/*--------------------------------*- C++ -*----------------------------------*\
| =========                 |                                                 |
| \\      /  F ield         | OpenFOAM: The Open Source CFD Toolbox           |
|  \\    /   O peration     | Version:  2406                                  |
|   \\  /    A nd           | Website:  www.openfoam.com                      |
|    \\/     M anipulation  |                                                 |
\*---------------------------------------------------------------------------*/
FoamFile
{
    version     2.0;
    format      ascii;
    arch        "LSB;label=32;scalar=64";
    class       volVectorField;
    location    "934";
    object      U;
}
// * * * * * * * * * * * * * * * * * * * * * * * * * * * * * * * * * * * * * //

dimensions      [0 1 -1 0 0 0 0];

internalField   nonuniform List<vector> 
16000
(
(0.00026763543 5.0588207e-05 0)
(0.0002200211 3.3756704e-05 0)
(0.00014889768 1.4609905e-05 0)
(0.00010659028 7.2843809e-06 0)
(8.1946771e-05 3.9683178e-06 0)
(6.6172401e-05 2.2710586e-06 0)
(5.545786e-05 1.3959034e-06 0)
(4.7815939e-05 9.2489165e-07 0)
(4.2117814e-05 6.5299471e-07 0)
(3.7714764e-05 4.847526e-07 0)
(3.4217611e-05 3.7385773e-07 0)
(3.1380373e-05 2.9666435e-07 0)
(2.9040166e-05 2.4048626e-07 0)
(2.708463e-05 1.9813538e-07 0)
(2.5433479e-05 1.6530762e-07 0)
(2.4027604e-05 1.3929159e-07 0)
(2.2822381e-05 1.183017e-07 0)
(2.1783394e-05 1.0111672e-07 0)
(2.0883609e-05 8.6874576e-08 0)
(2.0101454e-05 7.4950201e-08 0)
(1.9419471e-05 6.4880024e-08 0)
(1.8823363e-05 5.6313438e-08 0)
(1.8301289e-05 4.8980697e-08 0)
(1.7843353e-05 4.2671079e-08 0)
(1.7441209e-05 3.7217712e-08 0)
(1.7087769e-05 3.2486798e-08 0)
(1.677697e-05 2.8369843e-08 0)
(1.6503594e-05 2.4777961e-08 0)
(1.6263129e-05 2.1637637e-08 0)
(1.6051655e-05 1.888754e-08 0)
(1.5865751e-05 1.6476096e-08 0)
(1.5702422e-05 1.4359621e-08 0)
(1.5559037e-05 1.2500871e-08 0)
(1.5433281e-05 1.0867901e-08 0)
(1.532311e-05 9.4331611e-09 0)
(1.5226717e-05 8.1727822e-09 0)
(1.5142503e-05 7.0659912e-09 0)
(1.5069051e-05 6.0946431e-09 0)
(1.5005102e-05 5.2428352e-09 0)
(1.494954e-05 4.4965907e-09 0)
(1.4901374e-05 3.8435946e-09 0)
(1.4859721e-05 3.2729751e-09 0)
(1.4823801e-05 2.7751167e-09 0)
(1.4792917e-05 2.3415047e-09 0)
(1.4766452e-05 1.9645902e-09 0)
(1.474386e-05 1.6376763e-09 0)
(1.4724653e-05 1.3548177e-09 0)
(1.4708403e-05 1.1107362e-09 0)
(1.4694727e-05 9.0074414e-10 0)
(1.4683288e-05 7.2068044e-10 0)
(1.467379e-05 5.6685102e-10 0)
(1.4665968e-05 4.3597956e-10 0)
(1.4659593e-05 3.2516075e-10 0)
(1.465446e-05 2.3182179e-10 0)
(1.465039e-05 1.536851e-10 0)
(1.4647226e-05 8.8738043e-11 0)
(1.4644832e-05 3.5202985e-11 0)
(1.4643088e-05 -8.4867146e-12 0)
(1.464189e-05 -4.3710904e-11 0)
(1.4641146e-05 -7.1681695e-11 0)
(1.4640778e-05 -9.346313e-11 0)
(1.4640719e-05 -1.099863e-10 0)
(1.4640911e-05 -1.2206538e-10 0)
(1.4641302e-05 -1.3040957e-10 0)
(1.464185e-05 -1.356362e-10 0)
(1.4642518e-05 -1.3828013e-10 0)
(1.4643277e-05 -1.3880445e-10 0)
(1.4644099e-05 -1.3760781e-10 0)
(1.4644962e-05 -1.3503318e-10 0)
(1.464585e-05 -1.3137354e-10 0)
(1.4646746e-05 -1.26879e-10 0)
(1.4647639e-05 -1.2176116e-10 0)
(1.4648518e-05 -1.1619891e-10 0)
(1.4649377e-05 -1.1034173e-10 0)
(1.4650209e-05 -1.0431446e-10 0)
(1.4651009e-05 -9.8219636e-11 0)
(1.4651774e-05 -9.2141472e-11 0)
(1.4652502e-05 -8.6147484e-11 0)
(1.4653191e-05 -8.0291757e-11 0)
(1.4653841e-05 -7.4616026e-11 0)
(1.4654452e-05 -6.9152397e-11 0)
(1.4655023e-05 -6.3923952e-11 0)
(1.4655557e-05 -5.8947064e-11 0)
(1.4656053e-05 -5.4231619e-11 0)
(1.4656513e-05 -4.9783005e-11 0)
(1.4656939e-05 -4.5602035e-11 0)
(1.4657332e-05 -4.1686689e-11 0)
(1.4657694e-05 -3.8031788e-11 0)
(1.4658026e-05 -3.4630556e-11 0)
(1.4658331e-05 -3.1474089e-11 0)
(1.465861e-05 -2.8552795e-11 0)
(1.4658864e-05 -2.5855689e-11 0)
(1.4659096e-05 -2.3371752e-11 0)
(1.4659307e-05 -2.1089081e-11 0)
(1.4659498e-05 -1.8996199e-11 0)
(1.4659672e-05 -1.7081089e-11 0)
(1.4659828e-05 -1.5332468e-11 0)
(1.465997e-05 -1.3738736e-11 0)
(1.4660098e-05 -1.2289229e-11 0)
(1.4660212e-05 -1.0973088e-11 0)
(1.4660316e-05 -9.7805212e-12 0)
(1.4660408e-05 -8.7015993e-12 0)
(1.4660491e-05 -7.7275244e-12 0)
(1.4660565e-05 -6.8493814e-12 0)
(1.4660631e-05 -6.0594092e-12 0)
(1.4660689e-05 -5.3497177e-12 0)
(1.4660742e-05 -4.7135661e-12 0)
(1.4660788e-05 -4.1440549e-12 0)
(1.4660829e-05 -3.6354086e-12 0)
(1.4660865e-05 -3.1816546e-12 0)
(1.4660897e-05 -2.7779063e-12 0)
(1.4660925e-05 -2.4190377e-12 0)
(1.466095e-05 -2.1009623e-12 0)
(1.4660971e-05 -1.8193136e-12 0)
(1.466099e-05 -1.5707126e-12 0)
(1.4661007e-05 -1.3514637e-12 0)
(1.4661021e-05 -1.1588046e-12 0)
(1.4661033e-05 -9.8962456e-13 0)
(1.4661044e-05 -8.416915e-13 0)
(1.4661054e-05 -7.1239945e-13 0)
(1.4661061e-05 -5.9996705e-13 0)
(1.4661068e-05 -5.0221955e-13 0)
(1.4661074e-05 -4.1775445e-13 0)
(1.4661079e-05 -3.4476231e-13 0)
(1.4661083e-05 -2.8215587e-13 0)
(1.4661087e-05 -2.2843277e-13 0)
(1.466109e-05 -1.8276548e-13 0)
(1.4661092e-05 -1.4390767e-13 0)
(1.4661094e-05 -1.1124353e-13 0)
(1.4661096e-05 -8.3738934e-14 0)
(1.4661097e-05 -6.0949034e-14 0)
(1.4661098e-05 -4.2013992e-14 0)
(1.4661099e-05 -2.6625627e-14 0)
(1.46611e-05 -1.4066164e-14 0)
(1.46611e-05 -4.1356294e-15 0)
(1.4661101e-05 3.7689152e-15 0)
(1.4661101e-05 9.7629106e-15 0)
(1.4661101e-05 1.4357283e-14 0)
(1.4661101e-05 1.7602174e-14 0)
(1.4661102e-05 1.9935734e-14 0)
(1.4661102e-05 2.1357919e-14 0)
(1.4661101e-05 2.2250585e-14 0)
(1.4661101e-05 2.2575397e-14 0)
(1.4661101e-05 2.2671676e-14 0)
(1.4661101e-05 2.2471976e-14 0)
(1.4661101e-05 2.2284349e-14 0)
(1.4661101e-05 2.2019393e-14 0)
(1.4661101e-05 2.1963803e-14 0)
(1.4661101e-05 2.2010643e-14 0)
(1.46611e-05 2.2433907e-14 0)
(1.46611e-05 2.3111973e-14 0)
(1.46611e-05 2.4313308e-14 0)
(1.46611e-05 2.5903369e-14 0)
(1.4661099e-05 2.8151106e-14 0)
(1.4661099e-05 3.0909186e-14 0)
(1.4661098e-05 3.4452388e-14 0)
(1.4661098e-05 3.8619937e-14 0)
(1.4661097e-05 4.369682e-14 0)
(1.4661097e-05 4.9507427e-14 0)
(1.4661096e-05 5.6350208e-14 0)
(1.4661095e-05 6.4033156e-14 0)
(1.4661095e-05 7.2870793e-14 0)
(1.4661094e-05 8.2652922e-14 0)
(1.4661092e-05 9.3711378e-14 0)
(1.4661091e-05 1.0581643e-13 0)
(1.466109e-05 1.1931733e-13 0)
(1.4661088e-05 1.3396375e-13 0)
(1.4661087e-05 1.5012128e-13 0)
(1.4661085e-05 1.675183e-13 0)
(1.4661083e-05 1.865345e-13 0)
(1.466108e-05 2.0687659e-13 0)
(1.4661078e-05 2.289355e-13 0)
(1.4661075e-05 2.5239614e-13 0)
(1.4661072e-05 2.7765691e-13 0)
(1.4661069e-05 3.0438134e-13 0)
(1.4661065e-05 3.3297193e-13 0)
(1.4661062e-05 3.6307298e-13 0)
(1.4661057e-05 3.9508784e-13 0)
(1.4661053e-05 4.2864617e-13 0)
(1.4661048e-05 4.6415243e-13 0)
(1.4661043e-05 5.0123148e-13 0)
(1.4661037e-05 5.4029495e-13 0)
(1.4661031e-05 5.8098018e-13 0)
(1.4661025e-05 6.2372303e-13 0)
(1.4661018e-05 6.6820793e-13 0)
(1.4661011e-05 7.1493798e-13 0)
(1.4661003e-05 7.6372572e-13 0)
(1.4660995e-05 8.1526712e-13 0)
(1.4660986e-05 8.6972836e-13 0)
(1.4660977e-05 9.2839167e-13 0)
(1.4660967e-05 9.9247224e-13 0)
(1.4660956e-05 1.0651215e-12 0)
(1.4660945e-05 1.1510461e-12 0)
(1.4660933e-05 1.2600953e-12 0)
(1.466092e-05 1.4109527e-12 0)
(1.4660906e-05 1.6481653e-12 0)
(1.4660891e-05 2.0560649e-12 0)
(1.4660873e-05 2.6718008e-12 0)
(1.4660849e-05 3.8411422e-12 0)
(1.4660811e-05 1.0983258e-11 0)
(0.00038554034 0.00011388892 0)
(0.00036583577 0.00010969042 0)
(0.00030246462 7.3450352e-05 0)
(0.0002477749 4.7375706e-05 0)
(0.00020640671 3.1020642e-05 0)
(0.00017523763 2.1041774e-05 0)
(0.0001515883 1.4900444e-05 0)
(0.00013337735 1.0994054e-05 0)
(0.00011908237 8.4021381e-06 0)
(0.00010764795 6.6077576e-06 0)
(9.8346935e-05 5.3163091e-06 0)
(9.0671486e-05 4.3550145e-06 0)
(8.4260155e-05 3.6189266e-06 0)
(7.8850205e-05 3.0418695e-06 0)
(7.4246577e-05 2.5805642e-06 0)
(7.030153e-05 2.2057373e-06 0)
(6.6901084e-05 1.8969844e-06 0)
(6.3955827e-05 1.6397023e-06 0)
(6.1394566e-05 1.4231946e-06 0)
(5.9159839e-05 1.2394665e-06 0)
(5.7204711e-05 1.0824341e-06 0)
(5.5490422e-05 9.4739293e-07 0)
(5.3984655e-05 8.306528e-07 0)
(5.2660226e-05 7.2928094e-07 0)
(5.1494091e-05 6.4091876e-07 0)
(5.0466577e-05 5.6364864e-07 0)
(4.9560786e-05 4.9589578e-07 0)
(4.876212e-05 4.3635488e-07 0)
(4.8057909e-05 3.8393482e-07 0)
(4.7437106e-05 3.3771628e-07 0)
(4.6890044e-05 2.9691912e-07 0)
(4.6408234e-05 2.608769e-07 0)
(4.5984204e-05 2.2901689e-07 0)
(4.5611356e-05 2.0084414e-07 0)
(4.5283854e-05 1.7592885e-07 0)
(4.4996529e-05 1.5389608e-07 0)
(4.4744793e-05 1.344175e-07 0)
(4.4524572e-05 1.1720454e-07 0)
(4.4332243e-05 1.0200282e-07 0)
(4.4164585e-05 8.8587471e-08 0)
(4.4018728e-05 7.6759298e-08 0)
(4.3892122e-05 6.6341473e-08 0)
(4.3782494e-05 5.717678e-08 0)
(4.3687823e-05 4.912526e-08 0)
(4.3606309e-05 4.2062186e-08 0)
(4.3536355e-05 3.587632e-08 0)
(4.3476538e-05 3.0468401e-08 0)
(4.3425597e-05 2.574983e-08 0)
(4.3382411e-05 2.164151e-08 0)
(4.3345989e-05 1.8072837e-08 0)
(4.3315452e-05 1.4980798e-08 0)
(4.3290022e-05 1.2309179e-08 0)
(4.3269013e-05 1.0007859e-08 0)
(4.325182e-05 8.0321748e-09 0)
(4.323791e-05 6.3423608e-09 0)
(4.3226815e-05 4.9030439e-09 0)
(4.3218123e-05 3.6827891e-09 0)
(4.3211475e-05 2.6536934e-09 0)
(4.3206556e-05 1.7910183e-09 0)
(4.3203091e-05 1.0728612e-09 0)
(4.3200843e-05 4.7985738e-10 0)
(4.3199605e-05 -5.08716e-12 0)
(4.3199196e-05 -3.9703729e-10 0)
(4.3199464e-05 -7.0924573e-10 0)
(4.3200274e-05 -9.533494e-10 0)
(4.3201515e-05 -1.1395453e-09 0)
(4.3203088e-05 -1.2767497e-09 0)
(4.3204912e-05 -1.3727403e-09 0)
(4.3206917e-05 -1.4342854e-09 0)
(4.3209045e-05 -1.4672581e-09 0)
(4.3211248e-05 -1.4767406e-09 0)
(4.3213485e-05 -1.4671162e-09 0)
(4.3215724e-05 -1.4421522e-09 0)
(4.3217938e-05 -1.4050745e-09 0)
(4.3220106e-05 -1.3586333e-09 0)
(4.3222211e-05 -1.3051621e-09 0)
(4.3224241e-05 -1.2466304e-09 0)
(4.3226187e-05 -1.1846905e-09 0)
(4.3228041e-05 -1.1207186e-09 0)
(4.3229799e-05 -1.0558515e-09 0)
(4.323146e-05 -9.9101957e-10 0)
(4.3233022e-05 -9.2697475e-10 0)
(4.3234486e-05 -8.6431633e-10 0)
(4.3235853e-05 -8.0351279e-10 0)
(4.3237126e-05 -7.449216e-10 0)
(4.3238308e-05 -6.8880594e-10 0)
(4.3239403e-05 -6.3534996e-10 0)
(4.3240415e-05 -5.8467137e-10 0)
(4.3241346e-05 -5.3683313e-10 0)
(4.3242203e-05 -4.9185274e-10 0)
(4.3242989e-05 -4.4971115e-10 0)
(4.3243708e-05 -4.1035952e-10 0)
(4.3244366e-05 -3.7372593e-10 0)
(4.3244965e-05 -3.3972011e-10 0)
(4.324551e-05 -3.082386e-10 0)
(4.3246005e-05 -2.7916777e-10 0)
(4.3246454e-05 -2.5238788e-10 0)
(4.3246861e-05 -2.2777479e-10 0)
(4.3247228e-05 -2.0520314e-10 0)
(4.3247559e-05 -1.8454714e-10 0)
(4.3247857e-05 -1.6568306e-10 0)
(4.3248124e-05 -1.484893e-10 0)
(4.3248365e-05 -1.3284844e-10 0)
(4.324858e-05 -1.1864675e-10 0)
(4.3248772e-05 -1.0577589e-10 0)
(4.3248944e-05 -9.413209e-11 0)
(4.3249097e-05 -8.3617542e-11 0)
(4.3249233e-05 -7.4139348e-11 0)
(4.3249354e-05 -6.5610759e-11 0)
(4.324946e-05 -5.7949908e-11 0)
(4.3249555e-05 -5.1080957e-11 0)
(4.3249639e-05 -4.4932714e-11 0)
(4.3249712e-05 -3.9439699e-11 0)
(4.3249777e-05 -3.4540711e-11 0)
(4.3249833e-05 -3.0179824e-11 0)
(4.3249883e-05 -2.6304963e-11 0)
(4.3249926e-05 -2.2868826e-11 0)
(4.3249964e-05 -1.9827504e-11 0)
(4.3249997e-05 -1.7141345e-11 0)
(4.3250025e-05 -1.477364e-11 0)
(4.325005e-05 -1.2691418e-11 0)
(4.3250071e-05 -1.0864228e-11 0)
(4.3250089e-05 -9.264865e-12 0)
(4.3250104e-05 -7.8682557e-12 0)
(4.3250118e-05 -6.6521095e-12 0)
(4.3250129e-05 -5.595927e-12 0)
(4.3250138e-05 -4.6815655e-12 0)
(4.3250146e-05 -3.8923757e-12 0)
(4.3250153e-05 -3.2136813e-12 0)
(4.3250158e-05 -2.6320447e-12 0)
(4.3250163e-05 -2.1356595e-12 0)
(4.3250167e-05 -1.7137431e-12 0)
(4.325017e-05 -1.3568427e-12 0)
(4.3250172e-05 -1.0563508e-12 0)
(4.3250174e-05 -8.047266e-13 0)
(4.3250176e-05 -5.9512831e-13 0)
(4.3250177e-05 -4.2155312e-13 0)
(4.3250178e-05 -2.7857777e-13 0)
(4.3250178e-05 -1.6142376e-13 0)
(4.3250179e-05 -6.5795402e-14 0)
(4.3250179e-05 1.2121827e-14 0)
(4.3250179e-05 7.5739433e-14 0)
(4.3250179e-05 1.2812205e-13 0)
(4.3250179e-05 1.7199799e-13 0)
(4.3250178e-05 2.0985606e-13 0)
(4.3250178e-05 2.4390589e-13 0)
(4.3250178e-05 2.7620074e-13 0)
(4.3250177e-05 3.0856589e-13 0)
(4.3250177e-05 3.4272869e-13 0)
(4.3250176e-05 3.8023847e-13 0)
(4.3250175e-05 4.2258148e-13 0)
(4.3250175e-05 4.7111694e-13 0)
(4.3250174e-05 5.2715396e-13 0)
(4.3250173e-05 5.9192826e-13 0)
(4.3250172e-05 6.6661704e-13 0)
(4.325017e-05 7.5238321e-13 0)
(4.3250169e-05 8.5030183e-13 0)
(4.3250167e-05 9.6149926e-13 0)
(4.3250165e-05 1.0869649e-12 0)
(4.3250163e-05 1.2278112e-12 0)
(4.3250161e-05 1.3849474e-12 0)
(4.3250158e-05 1.5594827e-12 0)
(4.3250155e-05 1.752242e-12 0)
(4.3250152e-05 1.9643307e-12 0)
(4.3250148e-05 2.1964773e-12 0)
(4.3250144e-05 2.4497721e-12 0)
(4.325014e-05 2.7248298e-12 0)
(4.3250135e-05 3.0227051e-12 0)
(4.3250129e-05 3.3438771e-12 0)
(4.3250123e-05 3.6893378e-12 0)
(4.3250116e-05 4.0594064e-12 0)
(4.3250108e-05 4.4549819e-12 0)
(4.32501e-05 4.8761995e-12 0)
(4.3250091e-05 5.323834e-12 0)
(4.3250082e-05 5.7978176e-12 0)
(4.3250071e-05 6.2987767e-12 0)
(4.325006e-05 6.8264351e-12 0)
(4.3250047e-05 7.3812625e-12 0)
(4.3250034e-05 7.9627967e-12 0)
(4.325002e-05 8.5713821e-12 0)
(4.3250004e-05 9.2064512e-12 0)
(4.3249988e-05 9.8683337e-12 0)
(4.324997e-05 1.0556552e-11 0)
(4.3249952e-05 1.1271698e-11 0)
(4.3249932e-05 1.2013827e-11 0)
(4.324991e-05 1.2784436e-11 0)
(4.3249888e-05 1.3585116e-11 0)
(4.3249864e-05 1.4419794e-11 0)
(4.3249838e-05 1.529399e-11 0)
(4.3249812e-05 1.6217852e-11 0)
(4.3249783e-05 1.720699e-11 0)
(4.3249753e-05 1.8288097e-11 0)
(4.3249721e-05 1.9504612e-11 0)
(4.3249687e-05 2.0930947e-11 0)
(4.3249651e-05 2.269553e-11 0)
(4.3249612e-05 2.5028293e-11 0)
(4.3249569e-05 2.8318157e-11 0)
(4.3249523e-05 3.3205573e-11 0)
(4.324947e-05 4.0993465e-11 0)
(4.3249394e-05 5.500439e-11 0)
(0.00039971198 0.00010478558 0)
(0.0004076158 0.00013428157 0)
(0.0003751059 0.00011243259 0)
(0.0003335934 8.5332841e-05 0)
(0.0002937762 6.3153953e-05 0)
(0.00025911658 4.6956647e-05 0)
(0.00023016263 3.5534579e-05 0)
(0.00020630879 2.7475807e-05 0)
(0.00018666644 2.1697874e-05 0)
(0.00017040566 1.7462857e-05 0)
(0.00015684191 1.4285217e-05 0)
(0.00014543601 1.1846905e-05 0)
(0.00013577014 9.93742e-06 0)
(0.00012752106 8.414927e-06 0)
(0.00012043731 7.1818228e-06 0)
(0.00011432146 6.1694622e-06 0)
(0.00010901688 5.3285358e-06 0)
(0.00010439791 4.6229135e-06 0)
(0.00010036266 4.0256333e-06 0)
(9.6827632e-05 3.5162352e-06 0)
(9.3723782e-05 3.0789536e-06 0)
(9.0993464e-05 2.7014691e-06 0)
(8.8588174e-05 2.3740307e-06 0)
(8.6466789e-05 2.0888283e-06 0)
(8.4594204e-05 1.8395379e-06 0)
(8.2940267e-05 1.6209869e-06 0)
(8.1478939e-05 1.4289043e-06 0)
(8.0187617e-05 1.259733e-06 0)
(7.9046597e-05 1.1104867e-06 0)
(7.8038633e-05 9.7863912e-07 0)
(7.714858e-05 8.6203903e-07 0)
(7.6363098e-05 7.5884254e-07 0)
(7.5670405e-05 6.6746026e-07 0)
(7.5060073e-05 5.8651492e-07 0)
(7.4522856e-05 5.1480739e-07 0)
(7.4050541e-05 4.512892e-07 0)
(7.3635825e-05 3.9504006e-07 0)
(7.3272208e-05 3.4524954e-07 0)
(7.29539e-05 3.0120176e-07 0)
(7.267574e-05 2.622628e-07 0)
(7.2433126e-05 2.2787005e-07 0)
(7.2221957e-05 1.9752326e-07 0)
(7.2038573e-05 1.7077693e-07 0)
(7.1879714e-05 1.4723385e-07 0)
(7.1742473e-05 1.2653949e-07 0)
(7.1624263e-05 1.083772e-07 0)
(7.1522779e-05 9.2463986e-08 0)
(7.1435972e-05 7.8546908e-08 0)
(7.1362019e-05 6.6399825e-08 0)
(7.1299304e-05 5.5820582e-08 0)
(7.1246392e-05 4.6628509e-08 0)
(7.1202012e-05 3.8662195e-08 0)
(7.1165039e-05 3.1777512e-08 0)
(7.1134481e-05 2.5845844e-08 0)
(7.110946e-05 2.0752509e-08 0)
(7.1089204e-05 1.6395335e-08 0)
(7.1073036e-05 1.2683386e-08 0)
(7.1060358e-05 9.5358148e-09 0)
(7.1050648e-05 6.8808282e-09 0)
(7.1043451e-05 4.6547537e-09 0)
(7.1038369e-05 2.8012001e-09 0)
(7.1035055e-05 1.2702979e-09 0)
(7.103321e-05 1.8014945e-11 0)
(7.1032572e-05 -9.9446119e-10 0)
(7.1032918e-05 -1.8012807e-09 0)
(7.1034056e-05 -2.4324341e-09 0)
(7.103582e-05 -2.9142047e-09 0)
(7.103807e-05 -3.2695769e-09 0)
(7.1040686e-05 -3.518603e-09 0)
(7.1043568e-05 -3.6787333e-09 0)
(7.1046631e-05 -3.7651126e-09 0)
(7.1049803e-05 -3.7908464e-09 0)
(7.1053028e-05 -3.7672389e-09 0)
(7.1056257e-05 -3.7040071e-09 0)
(7.1059452e-05 -3.6094713e-09 0)
(7.1062581e-05 -3.4907258e-09 0)
(7.1065621e-05 -3.3537908e-09 0)
(7.1068553e-05 -3.2037478e-09 0)
(7.1071363e-05 -3.0448597e-09 0)
(7.1074042e-05 -2.8806782e-09 0)
(7.1076583e-05 -2.7141376e-09 0)
(7.1078983e-05 -2.5476392e-09 0)
(7.1081241e-05 -2.3831249e-09 0)
(7.1083357e-05 -2.2221423e-09 0)
(7.1085334e-05 -2.0659019e-09 0)
(7.1087175e-05 -1.9153277e-09 0)
(7.1088885e-05 -1.7711008e-09 0)
(7.1090468e-05 -1.6336978e-09 0)
(7.1091931e-05 -1.5034247e-09 0)
(7.1093279e-05 -1.3804453e-09 0)
(7.1094518e-05 -1.2648071e-09 0)
(7.1095655e-05 -1.1564623e-09 0)
(7.1096696e-05 -1.055287e-09 0)
(7.1097647e-05 -9.61097e-10 0)
(7.1098513e-05 -8.7366149e-10 0)
(7.1099302e-05 -7.9271465e-10 0)
(7.1100019e-05 -7.1796537e-10 0)
(7.1100669e-05 -6.491056e-10 0)
(7.1101257e-05 -5.8581708e-10 0)
(7.1101788e-05 -5.277771e-10 0)
(7.1102267e-05 -4.7466301e-10 0)
(7.1102698e-05 -4.2615614e-10 0)
(7.1103086e-05 -3.8194461e-10 0)
(7.1103434e-05 -3.4172581e-10 0)
(7.1103745e-05 -3.0520808e-10 0)
(7.1104024e-05 -2.7211213e-10 0)
(7.1104272e-05 -2.4217186e-10 0)
(7.1104494e-05 -2.1513504e-10 0)
(7.1104691e-05 -1.9076352e-10 0)
(7.1104866e-05 -1.6883348e-10 0)
(7.1105021e-05 -1.4913516e-10 0)
(7.1105158e-05 -1.3147276e-10 0)
(7.1105279e-05 -1.1566397e-10 0)
(7.1105385e-05 -1.0153965e-10 0)
(7.1105479e-05 -8.8943155e-11 0)
(7.1105561e-05 -7.7729938e-11 0)
(7.1105633e-05 -6.7766786e-11 0)
(7.1105696e-05 -5.8931365e-11 0)
(7.1105751e-05 -5.1111427e-11 0)
(7.1105798e-05 -4.4204345e-11 0)
(7.1105839e-05 -3.8116333e-11 0)
(7.1105875e-05 -3.2761991e-11 0)
(7.1105906e-05 -2.806357e-11 0)
(7.1105932e-05 -2.395054e-11 0)
(7.1105955e-05 -2.0358917e-11 0)
(7.1105974e-05 -1.723086e-11 0)
(7.110599e-05 -1.451407e-11 0)
(7.1106004e-05 -1.2161422e-11 0)
(7.1106016e-05 -1.0130441e-11 0)
(7.1106026e-05 -8.3829661e-12 0)
(7.1106034e-05 -6.8846981e-12 0)
(7.110604e-05 -5.6049013e-12 0)
(7.1106046e-05 -4.5160225e-12 0)
(7.110605e-05 -3.5934201e-12 0)
(7.1106054e-05 -2.815052e-12 0)
(7.1106057e-05 -2.1612314e-12 0)
(7.1106059e-05 -1.6143753e-12 0)
(7.1106061e-05 -1.1587847e-12 0)
(7.1106062e-05 -7.8044726e-13 0)
(7.1106063e-05 -4.6683992e-13 0)
(7.1106064e-05 -2.0677778e-13 0)
(7.1106064e-05 9.7636019e-15 0)
(7.1106064e-05 1.9175815e-13 0)
(7.1106064e-05 3.4728995e-13 0)
(7.1106064e-05 4.8362871e-13 0)
(7.1106063e-05 6.073736e-13 0)
(7.1106063e-05 7.2450287e-13 0)
(7.1106062e-05 8.4049866e-13 0)
(7.1106061e-05 9.6037786e-13 0)
(7.110606e-05 1.0887984e-12 0)
(7.1106059e-05 1.2300766e-12 0)
(7.1106058e-05 1.3882737e-12 0)
(7.1106056e-05 1.5672069e-12 0)
(7.1106055e-05 1.7705128e-12 0)
(7.1106053e-05 2.0016594e-12 0)
(7.1106051e-05 2.2639829e-12 0)
(7.1106048e-05 2.5607077e-12 0)
(7.1106045e-05 2.8949533e-12 0)
(7.1106042e-05 3.2697673e-12 0)
(7.1106039e-05 3.6880993e-12 0)
(7.1106035e-05 4.1528534e-12 0)
(7.110603e-05 4.6668257e-12 0)
(7.1106026e-05 5.2327795e-12 0)
(7.110602e-05 5.8533458e-12 0)
(7.1106014e-05 6.5311236e-12 0)
(7.1106007e-05 7.2685428e-12 0)
(7.1105999e-05 8.067992e-12 0)
(7.1105991e-05 8.9316437e-12 0)
(7.1105982e-05 9.8616109e-12 0)
(7.1105971e-05 1.0859737e-11 0)
(7.110596e-05 1.1927781e-11 0)
(7.1105948e-05 1.3067179e-11 0)
(7.1105934e-05 1.4279252e-11 0)
(7.110592e-05 1.5564947e-11 0)
(7.1105904e-05 1.6925076e-11 0)
(7.1105886e-05 1.836004e-11 0)
(7.1105868e-05 1.9870099e-11 0)
(7.1105848e-05 2.1455096e-11 0)
(7.1105826e-05 2.311477e-11 0)
(7.1105803e-05 2.4848506e-11 0)
(7.1105778e-05 2.6655702e-11 0)
(7.1105751e-05 2.8535591e-11 0)
(7.1105722e-05 3.048771e-11 0)
(7.1105692e-05 3.2511872e-11 0)
(7.1105659e-05 3.4608847e-11 0)
(7.1105625e-05 3.6780662e-11 0)
(7.1105588e-05 3.9031747e-11 0)
(7.110555e-05 4.1369975e-11 0)
(7.1105509e-05 4.3808917e-11 0)
(7.1105466e-05 4.6370633e-11 0)
(7.110542e-05 4.9090675e-11 0)
(7.1105372e-05 5.202534e-11 0)
(7.1105321e-05 5.5263796e-11 0)
(7.1105267e-05 5.8946522e-11 0)
(7.110521e-05 6.3295653e-11 0)
(7.110515e-05 6.8660324e-11 0)
(7.1105085e-05 7.5545002e-11 0)
(7.1105017e-05 8.4588333e-11 0)
(7.1104944e-05 9.6695662e-11 0)
(7.1104845e-05 1.1378891e-10 0)
(0.0003992054 8.5378728e-05 0)
(0.00041685718 0.0001366322 0)
(0.00040629468 0.00013426841 0)
(0.00038128597 0.00011459339 0)
(0.00035046024 9.2718042e-05 0)
(0.0003194407 7.3775148e-05 0)
(0.00029087219 5.8732764e-05 0)
(0.00026563061 4.7146759e-05 0)
(0.00024375093 3.8275529e-05 0)
(0.00022493129 3.1443264e-05 0)
(0.0002087713 2.6121496e-05 0)
(0.00019487569 2.1920223e-05 0)
(0.00018289276 1.8557602e-05 0)
(0.00017252345 1.5830611e-05 0)
(0.00016351862 1.359215e-05 0)
(0.00015567227 1.1734509e-05 0)
(0.00014881427 1.0177816e-05 0)
(0.00014280371 8.8620391e-06 0)
(0.00013752335 7.7414463e-06 0)
(0.0001328751 6.7807402e-06 0)
(0.00012877637 5.9523347e-06 0)
(0.0001251572 5.2344146e-06 0)
(0.00012195798 4.6095353e-06 0)
(0.00011912759 4.0636005e-06 0)
(0.00011662203 3.5851078e-06 0)
(0.00011440317 3.1645843e-06 0)
(0.00011243784 2.7941618e-06 0)
(0.00011069707 2.4672515e-06 0)
(0.00010915548 2.1782951e-06 0)
(0.00010779072 1.9225706e-06 0)
(0.0001065831 1.6960408e-06 0)
(0.00010551517 1.4952331e-06 0)
(0.0001045715 1.3171446e-06 0)
(0.00010373836 1.1591652e-06 0)
(0.00010300356 1.0190167e-06 0)
(0.00010235622 8.9470166e-07 0)
(0.00010178666 7.8446322e-07 0)
(0.00010128623 6.8675073e-07 0)
(0.00010084721 6.0019187e-07 0)
(0.0001004627 5.2356914e-07 0)
(0.00010012655 4.5580016e-07 0)
(9.9833257e-05 3.9592094e-07 0)
(9.9577896e-05 3.4307171e-07 0)
(9.9356081e-05 2.9648476e-07 0)
(9.9163893e-05 2.554739e-07 0)
(9.8997833e-05 2.1942546e-07 0)
(9.8854784e-05 1.8779031e-07 0)
(9.8731967e-05 1.6007696e-07 0)
(9.8626908e-05 1.3584551e-07 0)
(9.8537408e-05 1.1470222e-07 0)
(9.8461511e-05 9.62948e-08 0)
(9.8397483e-05 8.0308132e-08 0)
(9.8343787e-05 6.6460518e-08 0)
(9.8299062e-05 5.4500288e-08 0)
(9.8262105e-05 4.4202771e-08 0)
(9.8231854e-05 3.5367575e-08 0)
(9.8207375e-05 2.7816132e-08 0)
(9.8187845e-05 2.1389492e-08 0)
(9.8172543e-05 1.5946334e-08 0)
(9.8160835e-05 1.1361164e-08 0)
(9.8152169e-05 7.5226961e-09 0)
(9.8146062e-05 4.3323837e-09 0)
(9.8142096e-05 1.7030952e-09 0)
(9.8139906e-05 -4.4208207e-10 0)
(9.8139177e-05 -2.1709229e-09 0)
(9.8139637e-05 -3.5430394e-09 0)
(9.8141054e-05 -4.6107613e-09 0)
(9.8143228e-05 -5.4199292e-09 0)
(9.8145987e-05 -6.0106098e-09 0)
(9.8149188e-05 -6.4177392e-09 0)
(9.8152707e-05 -6.6717013e-09 0)
(9.8156444e-05 -6.7988484e-09 0)
(9.8160312e-05 -6.8219668e-09 0)
(9.8164241e-05 -6.7606958e-09 0)
(9.8168174e-05 -6.6319011e-09 0)
(9.8172062e-05 -6.4500104e-09 0)
(9.817587e-05 -6.2273112e-09 0)
(9.8179568e-05 -5.9742175e-09 0)
(9.8183134e-05 -5.6995072e-09 0)
(9.8186551e-05 -5.4105321e-09 0)
(9.8189807e-05 -5.1134051e-09 0)
(9.8192895e-05 -4.8131661e-09 0)
(9.8195811e-05 -4.5139276e-09 0)
(9.8198554e-05 -4.2190047e-09 0)
(9.8201125e-05 -3.9310282e-09 0)
(9.8203526e-05 -3.652045e-09 0)
(9.8205762e-05 -3.3836057e-09 0)
(9.8207838e-05 -3.126841e-09 0)
(9.820976e-05 -2.8825291e-09 0)
(9.8211536e-05 -2.6511536e-09 0)
(9.8213172e-05 -2.4329544e-09 0)
(9.8214676e-05 -2.2279712e-09 0)
(9.8216056e-05 -2.0360813e-09 0)
(9.8217319e-05 -1.857032e-09 0)
(9.8218472e-05 -1.6904688e-09 0)
(9.8219524e-05 -1.5359583e-09 0)
(9.8220481e-05 -1.3930087e-09 0)
(9.822135e-05 -1.2610868e-09 0)
(9.8222138e-05 -1.139632e-09 0)
(9.8222851e-05 -1.0280679e-09 0)
(9.8223495e-05 -9.2581246e-10 0)
(9.8224076e-05 -8.322856e-10 0)
(9.8224599e-05 -7.4691575e-10 0)
(9.8225069e-05 -6.6914484e-10 0)
(9.8225491e-05 -5.9843233e-10 0)
(9.8225869e-05 -5.3425813e-10 0)
(9.8226206e-05 -4.7612487e-10 0)
(9.8226507e-05 -4.2355932e-10 0)
(9.8226776e-05 -3.7611339e-10 0)
(9.8227015e-05 -3.3336451e-10 0)
(9.8227227e-05 -2.9491582e-10 0)
(9.8227414e-05 -2.6039579e-10 0)
(9.822758e-05 -2.2945788e-10 0)
(9.8227727e-05 -2.0177968e-10 0)
(9.8227856e-05 -1.7706225e-10 0)
(9.822797e-05 -1.5502898e-10 0)
(9.8228069e-05 -1.3542471e-10 0)
(9.8228157e-05 -1.1801451e-10 0)
(9.8228233e-05 -1.0258269e-10 0)
(9.8228299e-05 -8.8931493e-11 0)
(9.8228357e-05 -7.6880164e-11 0)
(9.8228407e-05 -6.6263655e-11 0)
(9.822845e-05 -5.6931677e-11 0)
(9.8228487e-05 -4.8747524e-11 0)
(9.8228519e-05 -4.1587174e-11 0)
(9.8228547e-05 -3.5338203e-11 0)
(9.822857e-05 -2.9898966e-11 0)
(9.822859e-05 -2.5177621e-11 0)
(9.8228607e-05 -2.1091391e-11 0)
(9.8228621e-05 -1.7565702e-11 0)
(9.8228633e-05 -1.4533535e-11 0)
(9.8228643e-05 -1.1934666e-11 0)
(9.8228651e-05 -9.7151087e-12 0)
(9.8228658e-05 -7.8264508e-12 0)
(9.8228663e-05 -6.2253829e-12 0)
(9.8228668e-05 -4.873125e-12 0)
(9.8228671e-05 -3.7350288e-12 0)
(9.8228674e-05 -2.7800889e-12 0)
(9.8228676e-05 -1.9806117e-12 0)
(9.8228678e-05 -1.3118018e-12 0)
(9.8228679e-05 -7.5148792e-13 0)
(9.822868e-05 -2.7977628e-13 0)
(9.822868e-05 1.2117204e-13 0)
(9.822868e-05 4.6743181e-13 0)
(9.822868e-05 7.7348983e-13 0)
(9.822868e-05 1.0524875e-12 0)
(9.8228679e-05 1.3163585e-12 0)
(9.8228678e-05 1.5760283e-12 0)
(9.8228677e-05 1.8415178e-12 0)
(9.8228676e-05 2.1221092e-12 0)
(9.8228674e-05 2.4264166e-12 0)
(9.8228672e-05 2.7625254e-12 0)
(9.822867e-05 3.1380337e-12 0)
(9.8228668e-05 3.5601694e-12 0)
(9.8228665e-05 4.0358045e-12 0)
(9.8228662e-05 4.5715557e-12 0)
(9.8228659e-05 5.1737731e-12 0)
(9.8228655e-05 5.8486283e-12 0)
(9.8228651e-05 6.6020777e-12 0)
(9.8228646e-05 7.4399426e-12 0)
(9.822864e-05 8.3678482e-12 0)
(9.8228634e-05 9.3912993e-12 0)
(9.8228627e-05 1.0515594e-11 0)
(9.8228619e-05 1.1745899e-11 0)
(9.8228611e-05 1.3087137e-11 0)
(9.8228601e-05 1.4544068e-11 0)
(9.8228591e-05 1.612115e-11 0)
(9.8228579e-05 1.7822623e-11 0)
(9.8228566e-05 1.9652352e-11 0)
(9.8228552e-05 2.1613918e-11 0)
(9.8228537e-05 2.371044e-11 0)
(9.822852e-05 2.5944679e-11 0)
(9.8228501e-05 2.8318848e-11 0)
(9.8228481e-05 3.0834723e-11 0)
(9.8228459e-05 3.3493463e-11 0)
(9.8228436e-05 3.6295738e-11 0)
(9.822841e-05 3.9241557e-11 0)
(9.8228382e-05 4.2330442e-11 0)
(9.8228353e-05 4.5561289e-11 0)
(9.8228321e-05 4.8932616e-11 0)
(9.8228287e-05 5.2442503e-11 0)
(9.8228251e-05 5.6088967e-11 0)
(9.8228212e-05 5.987008e-11 0)
(9.822817e-05 6.3784583e-11 0)
(9.8228126e-05 6.783236e-11 0)
(9.822808e-05 7.2015554e-11 0)
(9.8228031e-05 7.6339768e-11 0)
(9.8227978e-05 8.0816233e-11 0)
(9.8227923e-05 8.5464569e-11 0)
(9.8227865e-05 9.0317205e-11 0)
(9.8227804e-05 9.5425455e-11 0)
(9.822774e-05 1.0086872e-10 0)
(9.8227672e-05 1.0676711e-10 0)
(9.8227601e-05 1.1329875e-10 0)
(9.8227527e-05 1.2072124e-10 0)
(9.8227448e-05 1.293924e-10 0)
(9.8227366e-05 1.3974071e-10 0)
(9.8227281e-05 1.5211659e-10 0)
(9.8227193e-05 1.6664914e-10 0)
(9.8227078e-05 1.8390043e-10 0)
(0.00039712473 7.0132528e-05 0)
(0.00041560428 0.0001299669 0)
(0.00041740266 0.00014262532 0)
(0.00040566284 0.00013285808 0)
(0.00038509238 0.00011531485 0)
(0.00036072125 9.7015344e-05 0)
(0.00033581969 8.0675228e-05 0)
(0.00031213863 6.6983365e-05 0)
(0.00029046249 5.5813798e-05 0)
(0.00027103063 4.6782902e-05 0)
(0.00025380318 3.9478542e-05 0)
(0.00023861407 3.3539969e-05 0)
(0.00022525258 2.867546e-05 0)
(0.0002135038 2.4657135e-05 0)
(0.00020316701 2.1309453e-05 0)
(0.00019406246 1.8497614e-05 0)
(0.00018603269 1.6117814e-05 0)
(0.00017894128 1.4089628e-05 0)
(0.00017267056 1.2350249e-05 0)
(0.0001671192 1.0850197e-05 0)
(0.00016219986 9.5501296e-06 0)
(0.00015783705 8.4184804e-06 0)
(0.00015396539 7.4296899e-06 0)
(0.00015052803 6.5628811e-06 0)
(0.00014747539 5.800858e-06 0)
(0.00014476409 5.1293415e-06 0)
(0.00014235605 4.5363843e-06 0)
(0.00014021773 4.011917e-06 0)
(0.00013831951 3.5473959e-06 0)
(0.00013663521 3.1355248e-06 0)
(0.00013514156 2.7700362e-06 0)
(0.00013381791 2.4455168e-06 0)
(0.00013264585 2.1572669e-06 0)
(0.00013160899 1.9011882e-06 0)
(0.00013069267 1.6736912e-06 0)
(0.00012988382 1.4716206e-06 0)
(0.00012917072 1.2921931e-06 0)
(0.0001285429 1.1329464e-06 0)
(0.000127991 9.9169658e-07 0)
(0.0001275066 8.6650189e-07 0)
(0.0001270822 7.5563286e-07 0)
(0.00012671106 6.5754644e-07 0)
(0.00012638716 5.708641e-07 0)
(0.00012610511 4.9435293e-07 0)
(0.00012586009 4.2690939e-07 0)
(0.00012564778 3.675451e-07 0)
(0.00012546434 3.1537447e-07 0)
(0.00012530632 2.696039e-07 0)
(0.00012517067 2.2952212e-07 0)
(0.00012505466 1.9449181e-07 0)
(0.00012495584 1.6394204e-07 0)
(0.00012487208 1.3736154e-07 0)
(0.00012480143 1.1429276e-07 0)
(0.00012474222 9.4326476e-08 0)
(0.00012469292 7.7096947e-08 0)
(0.00012465222 6.2277607e-08 0)
(0.00012461893 4.9577133e-08 0)
(0.00012459202 3.8735921e-08 0)
(0.00012457058 2.9522898e-08 0)
(0.00012455381 2.1732639e-08 0)
(0.00012454101 1.5182765e-08 0)
(0.00012453156 9.7115789e-09 0)
(0.00012452495 5.1759427e-09 0)
(0.00012452069 1.4493442e-09 0)
(0.00012451839 -1.5798438e-09 0)
(0.0001245177 -4.0099385e-09 0)
(0.00012451832 -5.9273694e-09 0)
(0.00012451999 -7.4079623e-09 0)
(0.00012452248 -8.5180972e-09 0)
(0.00012452562 -9.315751e-09 0)
(0.00012452925 -9.8514372e-09 0)
(0.00012453321 -1.016905e-08 0)
(0.00012453742 -1.0306624e-08 0)
(0.00012454176 -1.0297012e-08 0)
(0.00012454616 -1.0168499e-08 0)
(0.00012455057 -9.9453445e-09 0)
(0.00012455492 -9.6482726e-09 0)
(0.00012455917 -9.294906e-09 0)
(0.0001245633 -8.9001545e-09 0)
(0.00012456728 -8.4765601e-09 0)
(0.0001245711 -8.0346036e-09 0)
(0.00012457473 -7.5829763e-09 0)
(0.00012457817 -7.1288211e-09 0)
(0.00012458142 -6.6779448e-09 0)
(0.00012458448 -6.2350057e-09 0)
(0.00012458734 -5.8036789e-09 0)
(0.00012459001 -5.3868011e-09 0)
(0.0001245925 -4.9864976e-09 0)
(0.00012459481 -4.6042936e-09 0)
(0.00012459695 -4.2412109e-09 0)
(0.00012459892 -3.8978519e-09 0)
(0.00012460074 -3.5744729e-09 0)
(0.00012460241 -3.2710473e-09 0)
(0.00012460395 -2.9873197e-09 0)
(0.00012460535 -2.7228525e-09 0)
(0.00012460663 -2.4770663e-09 0)
(0.0001246078 -2.2492731e-09 0)
(0.00012460886 -2.0387056e-09 0)
(0.00012460983 -1.8445411e-09 0)
(0.0001246107 -1.6659218e-09 0)
(0.00012461149 -1.5019713e-09 0)
(0.00012461221 -1.3518088e-09 0)
(0.00012461285 -1.2145601e-09 0)
(0.00012461343 -1.0893663e-09 0)
(0.00012461395 -9.7539144e-10 0)
(0.00012461442 -8.7182753e-10 0)
(0.00012461484 -7.7789886e-10 0)
(0.00012461521 -6.9286492e-10 0)
(0.00012461555 -6.1602231e-10 0)
(0.00012461585 -5.4670596e-10 0)
(0.00012461611 -4.8428956e-10 0)
(0.00012461634 -4.2818558e-10 0)
(0.00012461655 -3.7784465e-10 0)
(0.00012461674 -3.3275485e-10 0)
(0.0001246169 -2.9244044e-10 0)
(0.00012461704 -2.5646063e-10 0)
(0.00012461717 -2.24408e-10 0)
(0.00012461728 -1.9590696e-10 0)
(0.00012461738 -1.7061202e-10 0)
(0.00012461746 -1.4820615e-10 0)
(0.00012461753 -1.2839897e-10 0)
(0.0001246176 -1.1092515e-10 0)
(0.00012461765 -9.5542635e-11 0)
(0.0001246177 -8.2031084e-11 0)
(0.00012461774 -7.0190233e-11 0)
(0.00012461778 -5.983844e-11 0)
(0.00012461781 -5.0811166e-11 0)
(0.00012461783 -4.2959667e-11 0)
(0.00012461786 -3.614962e-11 0)
(0.00012461787 -3.0259967e-11 0)
(0.00012461789 -2.5181689e-11 0)
(0.0001246179 -2.0816793e-11 0)
(0.00012461791 -1.7077246e-11 0)
(0.00012461792 -1.3884091e-11 0)
(0.00012461793 -1.1166531e-11 0)
(0.00012461794 -8.8611684e-12 0)
(0.00012461794 -6.911223e-12 0)
(0.00012461795 -5.2658884e-12 0)
(0.00012461795 -3.8796687e-12 0)
(0.00012461795 -2.7118387e-12 0)
(0.00012461795 -1.725887e-12 0)
(0.00012461795 -8.8906723e-13 0)
(0.00012461796 -1.7193614e-13 0)
(0.00012461796 4.520168e-13 0)
(0.00012461796 1.0067483e-12 0)
(0.00012461796 1.5139628e-12 0)
(0.00012461795 1.9934222e-12 0)
(0.00012461795 2.4631841e-12 0)
(0.00012461795 2.9398537e-12 0)
(0.00012461795 3.4387679e-12 0)
(0.00012461795 3.9741972e-12 0)
(0.00012461795 4.5594821e-12 0)
(0.00012461794 5.2071934e-12 0)
(0.00012461794 5.9292245e-12 0)
(0.00012461794 6.7369207e-12 0)
(0.00012461793 7.6411279e-12 0)
(0.00012461793 8.6522982e-12 0)
(0.00012461792 9.7804994e-12 0)
(0.00012461792 1.1035501e-11 0)
(0.00012461791 1.2426746e-11 0)
(0.00012461791 1.3963425e-11 0)
(0.0001246179 1.5654408e-11 0)
(0.00012461789 1.7508313e-11 0)
(0.00012461788 1.9533403e-11 0)
(0.00012461787 2.1737648e-11 0)
(0.00012461786 2.4128586e-11 0)
(0.00012461784 2.6713389e-11 0)
(0.00012461783 2.9498695e-11 0)
(0.00012461781 3.2490665e-11 0)
(0.00012461779 3.5694801e-11 0)
(0.00012461777 3.9116006e-11 0)
(0.00012461775 4.2758382e-11 0)
(0.00012461773 4.6625299e-11 0)
(0.00012461771 5.0719188e-11 0)
(0.00012461768 5.5041636e-11 0)
(0.00012461765 5.9593178e-11 0)
(0.00012461762 6.4373437e-11 0)
(0.00012461758 6.9380953e-11 0)
(0.00012461754 7.4613384e-11 0)
(0.00012461751 8.0067426e-11 0)
(0.00012461746 8.573914e-11 0)
(0.00012461742 9.1624037e-11 0)
(0.00012461737 9.7717639e-11 0)
(0.00012461732 1.0401589e-10 0)
(0.00012461726 1.1051616e-10 0)
(0.00012461721 1.172183e-10 0)
(0.00012461715 1.2412647e-10 0)
(0.00012461708 1.3125143e-10 0)
(0.00012461701 1.3861398e-10 0)
(0.00012461694 1.4624945e-10 0)
(0.00012461687 1.54214e-10 0)
(0.00012461679 1.6259259e-10 0)
(0.00012461671 1.7150868e-10 0)
(0.00012461662 1.8113357e-10 0)
(0.00012461653 1.9169167e-10 0)
(0.00012461644 2.0344939e-10 0)
(0.00012461634 2.1663646e-10 0)
(0.00012461624 2.3122788e-10 0)
(0.00012461615 2.4671619e-10 0)
(0.00012461602 2.6300251e-10 0)
(0.00039521155 5.8405272e-05 0)
(0.00041158924 0.00011997751 0)
(0.00041943675 0.00014264386 0)
(0.00041677073 0.00014217863 0)
(0.00040506509 0.0001306225 0)
(0.00038781023 0.0001151711 0)
(0.00036795863 9.9492121e-05 0)
(0.00034751637 8.5175253e-05 0)
(0.00032768704 7.2730534e-05 0)
(0.00030910914 6.2165471e-05 0)
(0.00029206296 5.3286906e-05 0)
(0.00027661884 4.584589e-05 0)
(0.00026273268 3.9600574e-05 0)
(0.00025030364 3.433922e-05 0)
(0.0002392074 2.9885158e-05 0)
(0.00022931456 2.6094383e-05 0)
(0.00022050015 2.2850753e-05 0)
(0.00021264815 2.0060901e-05 0)
(0.00020565321 1.7649698e-05 0)
(0.00019942089 1.5556474e-05 0)
(0.0001938671 1.3731983e-05 0)
(0.00018891726 1.2136014e-05 0)
(0.00018450536 1.0735518e-05 0)
(0.00018057293 9.5031485e-06 0)
(0.00017706821 8.4161277e-06 0)
(0.00017394528 7.4553531e-06 0)
(0.00017116337 6.6047022e-06 0)
(0.00016868623 5.850482e-06 0)
(0.00016648157 5.1809935e-06 0)
(0.00016452059 4.5861849e-06 0)
(0.00016277759 4.0573735e-06 0)
(0.00016122954 3.5870226e-06 0)
(0.00015985588 3.16856e-06 0)
(0.00015863815 2.7962307e-06 0)
(0.00015755981 2.4649759e-06 0)
(0.00015660604 2.1703337e-06 0)
(0.00015576351 1.9083563e-06 0)
(0.00015502026 1.6755415e-06 0)
(0.00015436557 1.4687749e-06 0)
(0.0001537898 1.2852811e-06 0)
(0.00015328428 1.122583e-06 0)
(0.00015284127 9.7846558e-07 0)
(0.00015245378 8.5094678e-07 0)
(0.00015211558 7.3825066e-07 0)
(0.00015182106 6.3878507e-07 0)
(0.00015156521 5.5112186e-07 0)
(0.00015134354 4.7397959e-07 0)
(0.00015115203 4.0620832e-07 0)
(0.0001509871 3.4677615e-07 0)
(0.00015084556 2.9475725e-07 0)
(0.00015072454 2.4932125e-07 0)
(0.00015062151 2.0972372e-07 0)
(0.00015053421 1.7529768e-07 0)
(0.00015046064 1.4544591e-07 0)
(0.00015039901 1.1963412e-07 0)
(0.00015034775 9.738469e-08 0)
(0.00015030546 7.8271115e-08 0)
(0.00015027093 6.1912912e-08 0)
(0.00015024305 4.7971051e-08 0)
(0.00015022089 3.614381e-08 0)
(0.0001502036 2.6163018e-08 0)
(0.00015019045 1.7790654e-08 0)
(0.0001501808 1.0815774e-08 0)
(0.0001501741 5.0517174e-09 0)
(0.00015016985 3.3358728e-10 0)
(0.00015016763 -3.484034e-09 0)
(0.00015016709 -6.529148e-09 0)
(0.0001501679 -8.9142052e-09 0)
(0.0001501698 -1.0737789e-08 0)
(0.00015017256 -1.2086132e-08 0)
(0.00015017598 -1.3034489e-08 0)
(0.00015017989 -1.3648364e-08 0)
(0.00015018415 -1.398462e-08 0)
(0.00015018865 -1.4092473e-08 0)
(0.00015019329 -1.4014385e-08 0)
(0.00015019798 -1.3786863e-08 0)
(0.00015020267 -1.3441172e-08 0)
(0.00015020729 -1.3003977e-08 0)
(0.0001502118 -1.2497911e-08 0)
(0.00015021618 -1.1942083e-08 0)
(0.0001502204 -1.1352528e-08 0)
(0.00015022444 -1.074261e-08 0)
(0.00015022828 -1.0123375e-08 0)
(0.00015023192 -9.503865e-09 0)
(0.00015023535 -8.891398e-09 0)
(0.00015023858 -8.2918093e-09 0)
(0.0001502416 -7.7096681e-09 0)
(0.00015024442 -7.148466e-09 0)
(0.00015024704 -6.6107818e-09 0)
(0.00015024948 -6.0984257e-09 0)
(0.00015025173 -5.6125654e-09 0)
(0.00015025381 -5.1538349e-09 0)
(0.00015025573 -4.722429e-09 0)
(0.00015025749 -4.3181851e-09 0)
(0.0001502591 -3.9406532e-09 0)
(0.00015026058 -3.5891561e-09 0)
(0.00015026193 -3.2628407e-09 0)
(0.00015026316 -2.9607218e-09 0)
(0.00015026428 -2.6817184e-09 0)
(0.00015026529 -2.4246852e-09 0)
(0.00015026621 -2.1884378e-09 0)
(0.00015026704 -1.9717744e-09 0)
(0.00015026779 -1.7734931e-09 0)
(0.00015026847 -1.5924059e-09 0)
(0.00015026908 -1.42735e-09 0)
(0.00015026963 -1.2771968e-09 0)
(0.00015027012 -1.1408585e-09 0)
(0.00015027056 -1.0172929e-09 0)
(0.00015027095 -9.0550726e-10 0)
(0.0001502713 -8.0456013e-10 0)
(0.00015027161 -7.1356291e-10 0)
(0.00015027189 -6.3168001e-10 0)
(0.00015027214 -5.581286e-10 0)
(0.00015027235 -4.9217768e-10 0)
(0.00015027255 -4.3314682e-10 0)
(0.00015027272 -3.8040442e-10 0)
(0.00015027287 -3.3336583e-10 0)
(0.000150273 -2.9149121e-10 0)
(0.00015027312 -2.5428335e-10 0)
(0.00015027322 -2.2128526e-10 0)
(0.00015027331 -1.9207795e-10 0)
(0.00015027338 -1.6627796e-10 0)
(0.00015027345 -1.4353512e-10 0)
(0.00015027351 -1.2353023e-10 0)
(0.00015027356 -1.0597291e-10 0)
(0.0001502736 -9.0599378e-11 0)
(0.00015027364 -7.7170509e-11 0)
(0.00015027367 -6.5469819e-11 0)
(0.0001502737 -5.5301655e-11 0)
(0.00015027372 -4.6489432e-11 0)
(0.00015027374 -3.8874004e-11 0)
(0.00015027376 -3.2312115e-11 0)
(0.00015027377 -2.6674969e-11 0)
(0.00015027378 -2.1846883e-11 0)
(0.00015027379 -1.7724049e-11 0)
(0.0001502738 -1.4213373e-11 0)
(0.00015027381 -1.1231414e-11 0)
(0.00015027381 -8.7034028e-12 0)
(0.00015027382 -6.562334e-12 0)
(0.00015027382 -4.7481409e-12 0)
(0.00015027382 -3.2069374e-12 0)
(0.00015027382 -1.8903249e-12 0)
(0.00015027382 -7.5476324e-13 0)
(0.00015027383 2.3900168e-13 0)
(0.00015027383 1.1264549e-12 0)
(0.00015027383 1.9397808e-12 0)
(0.00015027382 2.7082833e-12 0)
(0.00015027382 3.4587622e-12 0)
(0.00015027382 4.2158499e-12 0)
(0.00015027382 5.0023098e-12 0)
(0.00015027382 5.8392988e-12 0)
(0.00015027382 6.7466005e-12 0)
(0.00015027381 7.7428217e-12 0)
(0.00015027381 8.8455687e-12 0)
(0.0001502738 1.0071589e-11 0)
(0.0001502738 1.1436896e-11 0)
(0.00015027379 1.2956864e-11 0)
(0.00015027379 1.4646308e-11 0)
(0.00015027378 1.6519534e-11 0)
(0.00015027377 1.8590385e-11 0)
(0.00015027377 2.0872249e-11 0)
(0.00015027376 2.3378073e-11 0)
(0.00015027375 2.6120337e-11 0)
(0.00015027373 2.9111041e-11 0)
(0.00015027372 3.2361641e-11 0)
(0.00015027371 3.5883021e-11 0)
(0.00015027369 3.9685394e-11 0)
(0.00015027367 4.3778261e-11 0)
(0.00015027365 4.8170283e-11 0)
(0.00015027363 5.2869232e-11 0)
(0.00015027361 5.7881846e-11 0)
(0.00015027358 6.3213768e-11 0)
(0.00015027356 6.8869402e-11 0)
(0.00015027353 7.4851856e-11 0)
(0.00015027349 8.1162805e-11 0)
(0.00015027346 8.7802458e-11 0)
(0.00015027342 9.4769459e-11 0)
(0.00015027338 1.020609e-10 0)
(0.00015027334 1.0967231e-10 0)
(0.00015027329 1.1759775e-10 0)
(0.00015027324 1.2582999e-10 0)
(0.00015027319 1.3436076e-10 0)
(0.00015027313 1.4318122e-10 0)
(0.00015027307 1.5228257e-10 0)
(0.00015027301 1.6165698e-10 0)
(0.00015027294 1.7129893e-10 0)
(0.00015027287 1.8120687e-10 0)
(0.0001502728 1.9138573e-10 0)
(0.00015027272 2.0184996e-10 0)
(0.00015027263 2.1262754e-10 0)
(0.00015027255 2.2376476e-10 0)
(0.00015027246 2.3533133e-10 0)
(0.00015027236 2.4742433e-10 0)
(0.00015027227 2.6016763e-10 0)
(0.00015027216 2.7370015e-10 0)
(0.00015027206 2.8814016e-10 0)
(0.00015027195 3.0348046e-10 0)
(0.00015027184 3.1936113e-10 0)
(0.00015027174 3.3487931e-10 0)
(0.00015027159 3.4970993e-10 0)
(0.00039384055 4.9371482e-05 0)
(0.00040753608 0.00010938339 0)
(0.0004178023 0.00013811133 0)
(0.00042073892 0.00014518765 0)
(0.00041577726 0.00013972648 0)
(0.00040486764 0.00012818021 0)
(0.00039024167 0.00011447673 0)
(0.00037374314 0.00010074616 0)
(0.00035669168 8.800371e-05 0)
(0.00033994139 7.6635837e-05 0)
(0.00032399657 6.6703633e-05 0)
(0.00030912209 5.8116601e-05 0)
(0.00029542883 5.0725678e-05 0)
(0.00028293359 4.4369802e-05 0)
(0.00027159872 3.8897189e-05 0)
(0.00026135742 3.417353e-05 0)
(0.00025212928 3.0083785e-05 0)
(0.00024382963 2.6531089e-05 0)
(0.00023637486 2.3434576e-05 0)
(0.00022968539 2.0726956e-05 0)
(0.00022368706 1.8352237e-05 0)
(0.00021831173 1.6263734e-05 0)
(0.00021349729 1.4422386e-05 0)
(0.00020918743 1.2795377e-05 0)
(0.00020533132 1.1355006e-05 0)
(0.00020188309 1.0077772e-05 0)
(0.00019880146 8.9436353e-06 0)
(0.00019604924 7.9354239e-06 0)
(0.00019359298 7.0383468e-06 0)
(0.00019140257 6.2396044e-06 0)
(0.00018945088 5.5280697e-06 0)
(0.00018771349 4.8940284e-06 0)
(0.0001861684 4.3289655e-06 0)
(0.00018479579 3.8253897e-06 0)
(0.00018357779 3.3766885e-06 0)
(0.00018249832 2.9770067e-06 0)
(0.00018154285 2.6211462e-06 0)
(0.00018069831 2.3044809e-06 0)
(0.00017995293 2.0228849e-06 0)
(0.0001792961 1.772672e-06 0)
(0.00017871826 1.5505439e-06 0)
(0.00017821083 1.3535453e-06 0)
(0.00017776606 1.1790256e-06 0)
(0.00017737701 1.0246058e-06 0)
(0.00017703744 8.8814919e-07 0)
(0.00017674175 7.6773612e-07 0)
(0.00017648491 6.616414e-07 0)
(0.00017626243 5.6831464e-07 0)
(0.00017607027 4.8636272e-07 0)
(0.00017590484 4.1453407e-07 0)
(0.00017576292 3.517048e-07 0)
(0.00017564164 2.9686612e-07 0)
(0.00017553845 2.4911313e-07 0)
(0.00017545108 2.0763472e-07 0)
(0.0001753775 1.7170439e-07 0)
(0.00017531593 1.4067206e-07 0)
(0.00017526477 1.1395656e-07 0)
(0.00017522263 9.103893e-08 0)
(0.00017518828 7.1456234e-08 0)
(0.0001751606 5.4796063e-08 0)
(0.00017513866 4.0691477e-08 0)
(0.0001751216 2.8816447e-08 0)
(0.00017510869 1.8881715e-08 0)
(0.00017509928 1.0631042e-08 0)
(0.00017509282 3.8378049e-09 0)
(0.00017508881 -1.6980793e-09 0)
(0.00017508683 -6.152946e-09 0)
(0.00017508651 -9.6819025e-09 0)
(0.00017508754 -1.2421108e-08 0)
(0.00017508965 -1.4489831e-08 0)
(0.00017509261 -1.5992306e-08 0)
(0.00017509621 -1.7019404e-08 0)
(0.0001751003 -1.7650142e-08 0)
(0.00017510473 -1.7953033e-08 0)
(0.00017510939 -1.79873e-08 0)
(0.00017511417 -1.7803968e-08 0)
(0.000175119 -1.744684e-08 0)
(0.00017512381 -1.6953367e-08 0)
(0.00017512855 -1.6355428e-08 0)
(0.00017513318 -1.5680024e-08 0)
(0.00017513766 -1.4949897e-08 0)
(0.00017514196 -1.418408e-08 0)
(0.00017514608 -1.3398383e-08 0)
(0.00017515 -1.2605823e-08 0)
(0.00017515371 -1.1817011e-08 0)
(0.00017515721 -1.1040482e-08 0)
(0.00017516049 -1.0282998e-08 0)
(0.00017516357 -9.549803e-09 0)
(0.00017516643 -8.8448547e-09 0)
(0.0001751691 -8.171023e-09 0)
(0.00017517158 -7.5302644e-09 0)
(0.00017517386 -6.9237738e-09 0)
(0.00017517598 -6.3521159e-09 0)
(0.00017517792 -5.8153392e-09 0)
(0.0001751797 -5.3130736e-09 0)
(0.00017518134 -4.8446153e-09 0)
(0.00017518284 -4.4089982e-09 0)
(0.0001751842 -4.0050559e-09 0)
(0.00017518545 -3.631473e-09 0)
(0.00017518658 -3.2868295e-09 0)
(0.00017518761 -2.9696371e-09 0)
(0.00017518854 -2.6783697e-09 0)
(0.00017518938 -2.4114889e-09 0)
(0.00017519014 -2.1674638e-09 0)
(0.00017519082 -1.9447878e-09 0)
(0.00017519144 -1.7419919e-09 0)
(0.00017519199 -1.5576542e-09 0)
(0.00017519249 -1.390408e-09 0)
(0.00017519293 -1.2389473e-09 0)
(0.00017519333 -1.1020302e-09 0)
(0.00017519368 -9.7848146e-10 0)
(0.000175194 -8.6719372e-10 0)
(0.00017519428 -7.6712721e-10 0)
(0.00017519453 -6.7730924e-10 0)
(0.00017519475 -5.9683275e-10 0)
(0.00017519494 -5.2485444e-10 0)
(0.00017519511 -4.6059245e-10 0)
(0.00017519526 -4.0332383e-10 0)
(0.0001751954 -3.5238172e-10 0)
(0.00017519551 -3.071525e-10 0)
(0.00017519562 -2.6707273e-10 0)
(0.00017519571 -2.3162623e-10 0)
(0.00017519578 -2.0034099e-10 0)
(0.00017519585 -1.7278632e-10 0)
(0.00017519591 -1.485699e-10 0)
(0.00017519596 -1.2733503e-10 0)
(0.000175196 -1.0875793e-10 0)
(0.00017519604 -9.2545229e-11 0)
(0.00017519607 -7.8431453e-11 0)
(0.0001751961 -6.6176782e-11 0)
(0.00017519612 -5.5564834e-11 0)
(0.00017519614 -4.6400646e-11 0)
(0.00017519616 -3.8508738e-11 0)
(0.00017519617 -3.1731343e-11 0)
(0.00017519619 -2.5926732e-11 0)
(0.0001751962 -2.0967681e-11 0)
(0.0001751962 -1.6740033e-11 0)
(0.00017519621 -1.3141392e-11 0)
(0.00017519622 -1.0079901e-11 0)
(0.00017519622 -7.4731324e-12 0)
(0.00017519622 -5.2470663e-12 0)
(0.00017519623 -3.3351612e-12 0)
(0.00017519623 -1.6774988e-12 0)
(0.00017519623 -2.2001889e-13 0)
(0.00017519623 1.0861866e-12 0)
(0.00017519623 2.2855004e-12 0)
(0.00017519623 3.4183544e-12 0)
(0.00017519623 4.5217341e-12 0)
(0.00017519623 5.6296404e-12 0)
(0.00017519622 6.7734884e-12 0)
(0.00017519622 7.9824707e-12 0)
(0.00017519622 9.2838652e-12 0)
(0.00017519621 1.0703313e-11 0)
(0.00017519621 1.2265047e-11 0)
(0.00017519621 1.3992094e-11 0)
(0.0001751962 1.5906437e-11 0)
(0.00017519619 1.802915e-11 0)
(0.00017519619 2.0380501e-11 0)
(0.00017519618 2.298003e-11 0)
(0.00017519617 2.5846596e-11 0)
(0.00017519616 2.8998407e-11 0)
(0.00017519615 3.2453018e-11 0)
(0.00017519614 3.6227319e-11 0)
(0.00017519612 4.0337486e-11 0)
(0.00017519611 4.4798934e-11 0)
(0.00017519609 4.9626229e-11 0)
(0.00017519607 5.4833008e-11 0)
(0.00017519605 6.0431857e-11 0)
(0.00017519603 6.643421e-11 0)
(0.00017519601 7.2850196e-11 0)
(0.00017519598 7.9688525e-11 0)
(0.00017519595 8.6956314e-11 0)
(0.00017519592 9.4658973e-11 0)
(0.00017519589 1.0280002e-10 0)
(0.00017519585 1.11381e-10 0)
(0.00017519581 1.2040129e-10 0)
(0.00017519577 1.2985807e-10 0)
(0.00017519572 1.3974619e-10 0)
(0.00017519567 1.5005823e-10 0)
(0.00017519562 1.6078447e-10 0)
(0.00017519557 1.7191307e-10 0)
(0.00017519551 1.8343031e-10 0)
(0.00017519544 1.9532102e-10 0)
(0.00017519537 2.0756912e-10 0)
(0.0001751953 2.2015859e-10 0)
(0.00017519523 2.3307454e-10 0)
(0.00017519515 2.4630481e-10 0)
(0.00017519506 2.5984195e-10 0)
(0.00017519498 2.7368558e-10 0)
(0.00017519488 2.8784497e-10 0)
(0.00017519479 3.0234157e-10 0)
(0.00017519469 3.1721012e-10 0)
(0.00017519458 3.3249649e-10 0)
(0.00017519448 3.4824776e-10 0)
(0.00017519437 3.6448801e-10 0)
(0.00017519425 3.8116912e-10 0)
(0.00017519414 3.9806301e-10 0)
(0.00017519402 4.1456097e-10 0)
(0.00017519391 4.295513e-10 0)
(0.00017519375 4.4267689e-10 0)
(0.00039294476 4.2439311e-05 0)
(0.00040418625 9.9394142e-05 0)
(0.00041497481 0.00013137069 0)
(0.00042107851 0.00014405478 0)
(0.00042086852 0.00014401992 0)
(0.00041510221 0.00013662671 0)
(0.00040523465 0.00012560952 0)
(0.0003927434 0.0001133097 0)
(0.0003788559 0.00010106628 0)
(0.00036448194 8.9568508e-05 0)
(0.00035024379 7.9115268e-05 0)
(0.0003365379 6.9786143e-05 0)
(0.00032359684 6.1546504e-05 0)
(0.00031154029 5.430868e-05 0)
(0.00030041333 4.7965844e-05 0)
(0.00029021359 4.240972e-05 0)
(0.00028090984 3.7539089e-05 0)
(0.00027245441 3.326324e-05 0)
(0.00026479123 2.9502771e-05 0)
(0.00025786101 2.6189095e-05 0)
(0.00025160443 2.3263385e-05 0)
(0.00024596403 2.067534e-05 0)
(0.00024088535 1.8381976e-05 0)
(0.00023631742 1.6346522e-05 0)
(0.00023221302 1.4537449e-05 0)
(0.00022852866 1.2927647e-05 0)
(0.00022522448 1.1493723e-05 0)
(0.00022226404 1.0215418e-05 0)
(0.00021961412 9.0751229e-06 0)
(0.00021724451 8.0574714e-06 0)
(0.00021512772 7.1490079e-06 0)
(0.00021323879 6.3379074e-06 0)
(0.00021155507 5.6137435e-06 0)
(0.00021005601 4.9672944e-06 0)
(0.00020872299 4.3903811e-06 0)
(0.00020753914 3.8757302e-06 0)
(0.00020648919 3.4168591e-06 0)
(0.00020555931 3.0079781e-06 0)
(0.000204737 2.6439069e-06 0)
(0.00020401096 2.3200039e-06 0)
(0.00020337099 2.0321045e-06 0)
(0.00020280787 1.7764683e-06 0)
(0.00020231329 1.5497329e-06 0)
(0.00020187978 1.3488744e-06 0)
(0.00020150058 1.1711714e-06 0)
(0.00020116964 1.0141748e-06 0)
(0.00020088151 8.7567996e-07 0)
(0.00020063129 7.5370252e-07 0)
(0.00020041461 6.4645685e-07 0)
(0.00020022754 5.5233657e-07 0)
(0.00020006656 4.6989728e-07 0)
(0.00019992853 3.9784094e-07 0)
(0.00019981065 3.3500178e-07 0)
(0.00019971043 2.8033366e-07 0)
(0.00019962565 2.3289856e-07 0)
(0.00019955432 1.9185621e-07 0)
(0.0001994947 1.5645461e-07 0)
(0.00019944524 1.2602157e-07 0)
(0.00019940457 9.9956849e-08 0)
(0.00019937148 7.7725165e-08 0)
(0.00019934489 5.884977e-08 0)
(0.00019932388 4.2906632e-08 0)
(0.00019930762 2.951915e-08 0)
(0.00019929538 1.8353361e-08 0)
(0.00019928655 9.1135828e-09 0)
(0.00019928056 1.5384701e-09 0)
(0.00019927695 -4.6025659e-09 0)
(0.00019927531 -9.5125948e-09 0)
(0.00019927527 -1.3370099e-08 0)
(0.00019927652 -1.6331621e-08 0)
(0.00019927881 -1.8534157e-08 0)
(0.00019928191 -2.0097313e-08 0)
(0.00019928563 -2.1125249e-08 0)
(0.0001992898 -2.1708427e-08 0)
(0.00019929429 -2.1925181e-08 0)
(0.00019929899 -2.1843132e-08 0)
(0.0001993038 -2.1520447e-08 0)
(0.00019930864 -2.1006977e-08 0)
(0.00019931345 -2.0345259e-08 0)
(0.00019931818 -1.9571429e-08 0)
(0.00019932279 -1.8716018e-08 0)
(0.00019932725 -1.7804672e-08 0)
(0.00019933153 -1.6858785e-08 0)
(0.00019933562 -1.5896064e-08 0)
(0.00019933951 -1.4931024e-08 0)
(0.00019934318 -1.3975434e-08 0)
(0.00019934665 -1.30387e-08 0)
(0.0001993499 -1.2128208e-08 0)
(0.00019935294 -1.1249624e-08 0)
(0.00019935578 -1.0407159e-08 0)
(0.00019935841 -9.6037916e-09 0)
(0.00019936085 -8.8414756e-09 0)
(0.00019936311 -8.1213084e-09 0)
(0.0001993652 -7.4436834e-09 0)
(0.00019936711 -6.8084199e-09 0)
(0.00019936887 -6.2148749e-09 0)
(0.00019937049 -5.6620385e-09 0)
(0.00019937196 -5.1486165e-09 0)
(0.00019937331 -4.6730993e-09 0)
(0.00019937453 -4.2338211e-09 0)
(0.00019937564 -3.829009e-09 0)
(0.00019937665 -3.4568246e-09 0)
(0.00019937757 -3.1153977e-09 0)
(0.0001993784 -2.8028545e-09 0)
(0.00019937914 -2.5173402e-09 0)
(0.00019937982 -2.2570372e-09 0)
(0.00019938042 -2.0201794e-09 0)
(0.00019938096 -1.8050629e-09 0)
(0.00019938145 -1.6100541e-09 0)
(0.00019938189 -1.4335957e-09 0)
(0.00019938228 -1.2742103e-09 0)
(0.00019938262 -1.1305022e-09 0)
(0.00019938293 -1.0011588e-09 0)
(0.00019938321 -8.8494945e-10 0)
(0.00019938345 -7.8072471e-10 0)
(0.00019938367 -6.8741413e-10 0)
(0.00019938386 -6.0402378e-10 0)
(0.00019938402 -5.2963328e-10 0)
(0.00019938417 -4.6339251e-10 0)
(0.0001993843 -4.0451818e-10 0)
(0.00019938442 -3.5229022e-10 0)
(0.00019938452 -3.0604811e-10 0)
(0.0001993846 -2.6518722e-10 0)
(0.00019938468 -2.2915519e-10 0)
(0.00019938475 -1.9744832e-10 0)
(0.0001993848 -1.696082e-10 0)
(0.00019938485 -1.4521828e-10 0)
(0.0001993849 -1.239007e-10 0)
(0.00019938493 -1.0531325e-10 0)
(0.00019938496 -8.9146446e-11 0)
(0.00019938499 -7.5120783e-11 0)
(0.00019938501 -6.2984166e-11 0)
(0.00019938503 -5.2509479e-11 0)
(0.00019938505 -4.3492323e-11 0)
(0.00019938506 -3.5748901e-11 0)
(0.00019938507 -2.9114062e-11 0)
(0.00019938508 -2.3439477e-11 0)
(0.00019938509 -1.8591963e-11 0)
(0.0001993851 -1.4451937e-11 0)
(0.0001993851 -1.0911986e-11 0)
(0.00019938511 -7.8755687e-12 0)
(0.00019938511 -5.2558166e-12 0)
(0.00019938511 -2.9744486e-12 0)
(0.00019938511 -9.6077861e-13 0)
(0.00019938511 8.4918208e-13 0)
(0.00019938511 2.5135377e-12 0)
(0.00019938511 4.0852401e-12 0)
(0.00019938511 5.6127451e-12 0)
(0.00019938511 7.1405993e-12 0)
(0.00019938511 8.709963e-12 0)
(0.00019938511 1.0359069e-11 0)
(0.0001993851 1.2123631e-11 0)
(0.0001993851 1.403719e-11 0)
(0.0001993851 1.6131419e-11 0)
(0.00019938509 1.8436381e-11 0)
(0.00019938508 2.0980737e-11 0)
(0.00019938508 2.3791923e-11 0)
(0.00019938507 2.6896282e-11 0)
(0.00019938506 3.0319163e-11 0)
(0.00019938505 3.4084986e-11 0)
(0.00019938504 3.8217274e-11 0)
(0.00019938503 4.2738659e-11 0)
(0.00019938501 4.7670854e-11 0)
(0.000199385 5.3034604e-11 0)
(0.00019938498 5.8849606e-11 0)
(0.00019938496 6.5134413e-11 0)
(0.00019938494 7.1906311e-11 0)
(0.00019938492 7.9181179e-11 0)
(0.0001993849 8.6973328e-11 0)
(0.00019938487 9.5295335e-11 0)
(0.00019938484 1.0415785e-10 0)
(0.00019938481 1.135694e-10 0)
(0.00019938477 1.2353621e-10 0)
(0.00019938474 1.3406197e-10 0)
(0.0001993847 1.4514767e-10 0)
(0.00019938465 1.567914e-10 0)
(0.00019938461 1.689882e-10 0)
(0.00019938456 1.8172993e-10 0)
(0.0001993845 1.9500519e-10 0)
(0.00019938444 2.0879928e-10 0)
(0.00019938438 2.2309429e-10 0)
(0.00019938432 2.3786926e-10 0)
(0.00019938425 2.5310045e-10 0)
(0.00019938417 2.6876187e-10 0)
(0.0001993841 2.8482588e-10 0)
(0.00019938401 3.0126407e-10 0)
(0.00019938393 3.180484e-10 0)
(0.00019938384 3.3515235e-10 0)
(0.00019938374 3.5255223e-10 0)
(0.00019938364 3.7022799e-10 0)
(0.00019938354 3.8816299e-10 0)
(0.00019938343 4.0634133e-10 0)
(0.00019938332 4.2474018e-10 0)
(0.0001993832 4.4331327e-10 0)
(0.00019938309 4.6195982e-10 0)
(0.00019938297 4.8047223e-10 0)
(0.00019938284 4.9844003e-10 0)
(0.00019938272 5.1509e-10 0)
(0.0001993826 5.2922704e-10 0)
(0.00019938244 5.4051302e-10 0)
(0.0003923693 3.7058215e-05 0)
(0.00040159565 9.041241e-05 0)
(0.00041200844 0.00012376493 0)
(0.00041971631 0.0001403612 0)
(0.00042267275 0.00014479882 0)
(0.00042083529 0.00014132458 0)
(0.00041499378 0.00013324419 0)
(0.00040620735 0.00012287143 0)
(0.00039549994 0.00011169888 0)
(0.00038372476 0.00010061991 0)
(0.00037153194 9.0124879e-05 0)
(0.00035938567 8.0449162e-05 0)
(0.00034759882 7.1675141e-05 0)
(0.00033636935 6.3798546e-05 0)
(0.0003258118 5.6769678e-05 0)
(0.00031598229 5.0518047e-05 0)
(0.00030689725 4.4966516e-05 0)
(0.00029854699 4.0039e-05 0)
(0.00029090526 3.5664346e-05 0)
(0.00028393593 3.177799e-05 0)
(0.0002775975 2.8322386e-05 0)
(0.00027184617 2.5246781e-05 0)
(0.0002666378 2.2506682e-05 0)
(0.00026192921 2.00632e-05 0)
(0.00025767898 1.7882374e-05 0)
(0.0002538479 1.5934534e-05 0)
(0.00025039921 1.4193728e-05 0)
(0.00024729868 1.2637207e-05 0)
(0.00024451461 1.1244987e-05 0)
(0.00024201776 9.9994648e-06 0)
(0.00023978124 8.8850977e-06 0)
(0.00023778038 7.8881239e-06 0)
(0.00023599261 6.9963282e-06 0)
(0.00023439727 6.1988425e-06 0)
(0.00023297555 5.4859757e-06 0)
(0.00023171026 4.8490681e-06 0)
(0.0002305858 4.280368e-06 0)
(0.00022958794 3.7729249e-06 0)
(0.00022870379 3.320498e-06 0)
(0.00022792164 2.9174772e-06 0)
(0.00022723087 2.5588142e-06 0)
(0.00022662187 2.2399628e-06 0)
(0.00022608595 1.9568265e-06 0)
(0.00022561524 1.7057124e-06 0)
(0.00022520267 1.4832907e-06 0)
(0.00022484184 1.2865589e-06 0)
(0.00022452698 1.1128093e-06 0)
(0.00022425292 9.5960104e-07 0)
(0.00022401501 8.2473411e-07 0)
(0.00022380906 7.0622663e-07 0)
(0.00022363134 6.0229412e-07 0)
(0.0002234785 5.1133087e-07 0)
(0.00022334753 4.3189304e-07 0)
(0.00022323577 3.6268345e-07 0)
(0.00022314084 3.0253765e-07 0)
(0.00022306061 2.5041143e-07 0)
(0.00022299319 2.0536928e-07 0)
(0.00022293692 1.6657409e-07 0)
(0.00022289032 1.3327762e-07 0)
(0.00022285208 1.0481191e-07 0)
(0.00022282103 8.0581467e-08 0)
(0.00022279617 6.0056094e-08 0)
(0.0002227766 4.2764441e-08 0)
(0.00022276153 2.828809e-08 0)
(0.00022275028 1.6256204e-08 0)
(0.00022274224 6.3406651e-09 0)
(0.0002227369 -1.7483452e-09 0)
(0.0002227338 -8.2663421e-09 0)
(0.00022273254 -1.3438163e-08 0)
(0.00022273279 -1.7461249e-08 0)
(0.00022273426 -2.0508602e-08 0)
(0.00022273669 -2.273147e-08 0)
(0.00022273988 -2.426175e-08 0)
(0.00022274363 -2.5214168e-08 0)
(0.0002227478 -2.5688233e-08 0)
(0.00022275226 -2.5769991e-08 0)
(0.0002227569 -2.55336e-08 0)
(0.00022276164 -2.5042745e-08 0)
(0.00022276639 -2.4351897e-08 0)
(0.0002227711 -2.3507444e-08 0)
(0.00022277572 -2.2548693e-08 0)
(0.00022278021 -2.1508769e-08 0)
(0.00022278455 -2.0415409e-08 0)
(0.00022278871 -1.929167e-08 0)
(0.00022279269 -1.8156553e-08 0)
(0.00022279646 -1.7025559e-08 0)
(0.00022280002 -1.5911176e-08 0)
(0.00022280338 -1.4823306e-08 0)
(0.00022280653 -1.3769649e-08 0)
(0.00022280947 -1.275603e-08 0)
(0.00022281221 -1.1786692e-08 0)
(0.00022281475 -1.0864546e-08 0)
(0.00022281711 -9.9913932e-09 0)
(0.00022281929 -9.1681153e-09 0)
(0.0002228213 -8.3948404e-09 0)
(0.00022282315 -7.6710855e-09 0)
(0.00022282484 -6.9958785e-09 0)
(0.0002228264 -6.3678635e-09 0)
(0.00022282782 -5.7853896e-09 0)
(0.00022282911 -5.246587e-09 0)
(0.00022283029 -4.7494306e-09 0)
(0.00022283136 -4.2917934e-09 0)
(0.00022283233 -3.8714909e-09 0)
(0.00022283321 -3.4863179e-09 0)
(0.000222834 -3.134078e-09 0)
(0.00022283472 -2.8126081e-09 0)
(0.00022283536 -2.519797e-09 0)
(0.00022283594 -2.2536006e-09 0)
(0.00022283647 -2.012053e-09 0)
(0.00022283693 -1.7932747e-09 0)
(0.00022283735 -1.5954778e-09 0)
(0.00022283772 -1.4169701e-09 0)
(0.00022283806 -1.2561562e-09 0)
(0.00022283835 -1.1115379e-09 0)
(0.00022283861 -9.8171338e-10 0)
(0.00022283885 -8.6537498e-10 0)
(0.00022283905 -7.613067e-10 0)
(0.00022283924 -6.6838095e-10 0)
(0.0002228394 -5.8555483e-10 0)
(0.00022283954 -5.118662e-10 0)
(0.00022283966 -4.4642951e-10 0)
(0.00022283977 -3.8843149e-10 0)
(0.00022283987 -3.3712688e-10 0)
(0.00022283995 -2.9183409e-10 0)
(0.00022284002 -2.5193095e-10 0)
(0.00022284009 -2.1685062e-10 0)
(0.00022284014 -1.8607752e-10 0)
(0.00022284019 -1.5914351e-10 0)
(0.00022284023 -1.3562419e-10 0)
(0.00022284026 -1.1513539e-10 0)
(0.0002228403 -9.7329822e-11 0)
(0.00022284032 -8.1893949e-11 0)
(0.00022284034 -6.854505e-11 0)
(0.00022284036 -5.7028437e-11 0)
(0.00022284038 -4.7114884e-11 0)
(0.00022284039 -3.8598223e-11 0)
(0.0002228404 -3.129312e-11 0)
(0.00022284041 -2.5033012e-11 0)
(0.00022284042 -1.9668205e-11 0)
(0.00022284042 -1.5064128e-11 0)
(0.00022284043 -1.1099719e-11 0)
(0.00022284043 -7.6659605e-12 0)
(0.00022284043 -4.6645343e-12 0)
(0.00022284044 -2.0065976e-12 0)
(0.00022284044 3.8832558e-13 0)
(0.00022284044 2.5933493e-12 0)
(0.00022284044 4.6751322e-12 0)
(0.00022284044 6.6946893e-12 0)
(0.00022284044 8.708121e-12 0)
(0.00022284043 1.0767259e-11 0)
(0.00022284043 1.2920237e-11 0)
(0.00022284043 1.5211997e-11 0)
(0.00022284042 1.7684719e-11 0)
(0.00022284042 2.0378204e-11 0)
(0.00022284041 2.3330185e-11 0)
(0.00022284041 2.6576595e-11 0)
(0.0002228404 3.0151784e-11 0)
(0.00022284039 3.4088678e-11 0)
(0.00022284038 3.8418911e-11 0)
(0.00022284037 4.3172898e-11 0)
(0.00022284036 4.8379879e-11 0)
(0.00022284034 5.4067922e-11 0)
(0.00022284033 6.0263891e-11 0)
(0.00022284031 6.6993381e-11 0)
(0.0002228403 7.4280621e-11 0)
(0.00022284027 8.2148347e-11 0)
(0.00022284025 9.0617654e-11 0)
(0.00022284023 9.9707809e-11 0)
(0.0002228402 1.0943606e-10 0)
(0.00022284017 1.198174e-10 0)
(0.00022284014 1.3086436e-10 0)
(0.00022284011 1.4258673e-10 0)
(0.00022284007 1.5499129e-10 0)
(0.00022284003 1.6808158e-10 0)
(0.00022283999 1.8185762e-10 0)
(0.00022283994 1.9631566e-10 0)
(0.00022283989 2.1144791e-10 0)
(0.00022283984 2.2724239e-10 0)
(0.00022283978 2.4368269e-10 0)
(0.00022283972 2.6074788e-10 0)
(0.00022283965 2.7841247e-10 0)
(0.00022283958 2.9664639e-10 0)
(0.00022283951 3.1541514e-10 0)
(0.00022283943 3.3468003e-10 0)
(0.00022283934 3.5439848e-10 0)
(0.00022283926 3.7452446e-10 0)
(0.00022283916 3.9500895e-10 0)
(0.00022283907 4.1580021e-10 0)
(0.00022283897 4.3684376e-10 0)
(0.00022283886 4.580813e-10 0)
(0.00022283875 4.7944802e-10 0)
(0.00022283864 5.0086659e-10 0)
(0.00022283852 5.2223574e-10 0)
(0.0002228384 5.4341e-10 0)
(0.00022283828 5.6416699e-10 0)
(0.00022283816 5.8415892e-10 0)
(0.00022283803 6.0283595e-10 0)
(0.00022283791 6.1932773e-10 0)
(0.00022283779 6.3242361e-10 0)
(0.00022283762 6.4179916e-10 0)
(0.00039199587 3.2795903e-05 0)
(0.00039963538 8.2484395e-05 0)
(0.00040930497 0.00011602387 0)
(0.00041767081 0.00013518616 0)
(0.00042263417 0.00014312108 0)
(0.0004236756 0.00014309134 0)
(0.00042108228 0.00013789166 0)
(0.00041552761 0.00012966275 0)
(0.0004077936 0.00011991834 0)
(0.00039861252 0.00010966139 0)
(0.0003885978 9.9516477e-05 0)
(0.00037822776 8.9845433e-05 0)
(0.00036785566 8.0836439e-05 0)
(0.00035773011 7.2567814e-05 0)
(0.00034801725 6.5051416e-05 0)
(0.00033882096 5.8261089e-05 0)
(0.00033019942 5.2150707e-05 0)
(0.00032217826 4.6665273e-05 0)
(0.00031476041 4.1747515e-05 0)
(0.00030793345 3.7341617e-05 0)
(0.00030167497 3.3395179e-05 0)
(0.00029595632 2.9860114e-05 0)
(0.0002907454 2.6692898e-05 0)
(0.00028600847 2.3854484e-05 0)
(0.00028171152 2.1310024e-05 0)
(0.00027782107 1.90285e-05 0)
(0.00027430481 1.6982343e-05 0)
(0.00027113192 1.5147053e-05 0)
(0.0002682733 1.3500842e-05 0)
(0.00026570163 1.2024316e-05 0)
(0.00026339147 1.0700185e-05 0)
(0.00026131919 9.5130144e-06 0)
(0.00025946294 8.4490005e-06 0)
(0.00025780256 7.4957805e-06 0)
(0.00025631952 6.6422647e-06 0)
(0.00025499682 5.8784909e-06 0)
(0.00025381887 5.1954981e-06 0)
(0.00025277145 4.5852172e-06 0)
(0.00025184155 4.0403748e-06 0)
(0.00025101732 3.5544091e-06 0)
(0.00025028799 3.1213968e-06 0)
(0.00024964375 2.7359884e-06 0)
(0.00024907573 2.3933506e-06 0)
(0.00024857586 2.0891158e-06 0)
(0.00024813685 1.8193375e-06 0)
(0.00024775211 1.5804492e-06 0)
(0.00024741568 1.3692293e-06 0)
(0.0002471222 1.1827683e-06 0)
(0.00024686684 1.0184395e-06 0)
(0.00024664525 8.7387328e-07 0)
(0.00024645352 7.4693296e-07 0)
(0.00024628817 6.3569334e-07 0)
(0.00024614606 5.3842117e-07 0)
(0.00024602439 4.5355735e-07 0)
(0.00024592065 3.7970077e-07 0)
(0.00024583261 3.1559354e-07 0)
(0.0002457583 2.6010759e-07 0)
(0.00024569595 2.122324e-07 0)
(0.00024564399 1.7106386e-07 0)
(0.00024560104 1.3579405e-07 0)
(0.00024556588 1.0570197e-07 0)
(0.00024553741 8.0145075e-08 0)
(0.0002455147 5.8551565e-08 0)
(0.00024549689 4.0413359e-08 0)
(0.00024548327 2.5279703e-08 0)
(0.00024547319 1.2751364e-08 0)
(0.00024546608 2.4753473e-09 0)
(0.00024546147 -5.8598925e-09 0)
(0.00024545892 -1.2528797e-08 0)
(0.00024545807 -1.7772637e-08 0)
(0.00024545861 -2.1803078e-08 0)
(0.00024546026 -2.4805393e-08 0)
(0.00024546279 -2.6941367e-08 0)
(0.00024546601 -2.8351921e-08 0)
(0.00024546973 -2.9159463e-08 0)
(0.00024547383 -2.9470011e-08 0)
(0.00024547818 -2.9375097e-08 0)
(0.00024548268 -2.8953472e-08 0)
(0.00024548725 -2.8272636e-08 0)
(0.00024549183 -2.7390202e-08 0)
(0.00024549635 -2.6355117e-08 0)
(0.00024550078 -2.5208749e-08 0)
(0.00024550508 -2.3985852e-08 0)
(0.00024550923 -2.2715428e-08 0)
(0.0002455132 -2.1421486e-08 0)
(0.00024551699 -2.0123718e-08 0)
(0.00024552058 -1.8838094e-08 0)
(0.00024552397 -1.7577385e-08 0)
(0.00024552715 -1.6351629e-08 0)
(0.00024553014 -1.5168534e-08 0)
(0.00024553293 -1.4033831e-08 0)
(0.00024553553 -1.2951589e-08 0)
(0.00024553794 -1.1924483e-08 0)
(0.00024554017 -1.095403e-08 0)
(0.00024554224 -1.0040791e-08 0)
(0.00024554414 -9.1845484e-09 0)
(0.00024554588 -8.384457e-09 0)
(0.00024554748 -7.6391741e-09 0)
(0.00024554895 -6.9469703e-09 0)
(0.00024555029 -6.3058232e-09 0)
(0.00024555151 -5.7134976e-09 0)
(0.00024555262 -5.1676124e-09 0)
(0.00024555363 -4.6656959e-09 0)
(0.00024555454 -4.2052328e-09 0)
(0.00024555537 -3.7837017e-09 0)
(0.00024555612 -3.3986057e-09 0)
(0.00024555679 -3.0474974e-09 0)
(0.0002455574 -2.727998e-09 0)
(0.00024555795 -2.4378123e-09 0)
(0.00024555844 -2.1747392e-09 0)
(0.00024555888 -1.9366803e-09 0)
(0.00024555927 -1.7216443e-09 0)
(0.00024555962 -1.5277503e-09 0)
(0.00024555993 -1.3532286e-09 0)
(0.00024556021 -1.1964204e-09 0)
(0.00024556046 -1.0557759e-09 0)
(0.00024556067 -9.2985188e-10 0)
(0.00024556087 -8.17308e-10 0)
(0.00024556104 -7.1690311e-10 0)
(0.00024556119 -6.2749069e-10 0)
(0.00024556132 -5.4801426e-10 0)
(0.00024556144 -4.7750248e-10 0)
(0.00024556154 -4.1506424e-10 0)
(0.00024556163 -3.5988373e-10 0)
(0.00024556171 -3.1121551e-10 0)
(0.00024556178 -2.6837973e-10 0)
(0.00024556184 -2.3075747e-10 0)
(0.00024556189 -1.9778618e-10 0)
(0.00024556193 -1.6895542e-10 0)
(0.00024556197 -1.4380271e-10 0)
(0.000245562 -1.2190956e-10 0)
(0.00024556203 -1.0289787e-10 0)
(0.00024556206 -8.6426339e-11 0)
(0.00024556208 -7.218726e-11 0)
(0.00024556209 -5.9903438e-11 0)
(0.00024556211 -4.9325339e-11 0)
(0.00024556212 -4.0228453e-11 0)
(0.00024556213 -3.2410828e-11 0)
(0.00024556214 -2.5690815e-11 0)
(0.00024556215 -1.9904975e-11 0)
(0.00024556215 -1.490616e-11 0)
(0.00024556216 -1.0561758e-11 0)
(0.00024556216 -6.752083e-12 0)
(0.00024556216 -3.3689116e-12 0)
(0.00024556216 -3.1415405e-13 0)
(0.00024556216 2.5013516e-12 0)
(0.00024556216 5.1589264e-12 0)
(0.00024556216 7.7330272e-12 0)
(0.00024556216 1.029212e-11 0)
(0.00024556216 1.289946e-11 0)
(0.00024556216 1.5613777e-11 0)
(0.00024556215 1.8489882e-11 0)
(0.00024556215 2.1579188e-11 0)
(0.00024556214 2.493017e-11 0)
(0.00024556214 2.8588742e-11 0)
(0.00024556213 3.2598577e-11 0)
(0.00024556212 3.7001367e-11 0)
(0.00024556211 4.1837022e-11 0)
(0.0002455621 4.714382e-11 0)
(0.00024556209 5.2958501e-11 0)
(0.00024556208 5.9316315e-11 0)
(0.00024556206 6.625103e-11 0)
(0.00024556205 7.3794887e-11 0)
(0.00024556203 8.1978522e-11 0)
(0.00024556201 9.0830849e-11 0)
(0.00024556199 1.003789e-10 0)
(0.00024556197 1.1064766e-10 0)
(0.00024556194 1.2165979e-10 0)
(0.00024556191 1.3343546e-10 0)
(0.00024556188 1.4599202e-10 0)
(0.00024556185 1.5934372e-10 0)
(0.00024556181 1.7350139e-10 0)
(0.00024556177 1.8847211e-10 0)
(0.00024556173 2.0425892e-10 0)
(0.00024556169 2.2086037e-10 0)
(0.00024556164 2.3827031e-10 0)
(0.00024556158 2.5647743e-10 0)
(0.00024556153 2.7546503e-10 0)
(0.00024556147 2.9521071e-10 0)
(0.0002455614 3.1568606e-10 0)
(0.00024556133 3.3685652e-10 0)
(0.00024556126 3.5868116e-10 0)
(0.00024556118 3.8111256e-10 0)
(0.0002455611 4.0409676e-10 0)
(0.00024556101 4.2757313e-10 0)
(0.00024556092 4.5147433e-10 0)
(0.00024556083 4.7572592e-10 0)
(0.00024556073 5.0024575e-10 0)
(0.00024556062 5.2494257e-10 0)
(0.00024556052 5.4971333e-10 0)
(0.0002455604 5.7443834e-10 0)
(0.00024556029 5.9897302e-10 0)
(0.00024556017 6.2313431e-10 0)
(0.00024556004 6.466795e-10 0)
(0.00024555992 6.692754e-10 0)
(0.00024555979 6.904577e-10 0)
(0.00024555966 7.0957482e-10 0)
(0.00024555954 7.2570549e-10 0)
(0.00024555941 7.3766101e-10 0)
(0.00024555925 7.4509043e-10 0)
(0.00039174881 2.934526e-05 0)
(0.00039815531 7.5521523e-05 0)
(0.00040697942 0.00010851834 0)
(0.00041545779 0.00012923236 0)
(0.00042162203 0.00013978879 0)
(0.00042470503 0.00014264412 0)
(0.00042464657 0.00014008964 0)
(0.00042180325 0.00013402114 0)
(0.00041672199 0.00012588393 0)
(0.00040998736 0.00011671331 0)
(0.00040213693 0.00010721251 0)
(0.00039362406 9.7834771e-05 0)
(0.00038480906 8.8854847e-05 0)
(0.00037596533 8.0425122e-05 0)
(0.00036729186 7.2617084e-05 0)
(0.00035892732 6.5450633e-05 0)
(0.00035096327 5.8914138e-05 0)
(0.0003434555 5.2977794e-05 0)
(0.00033643328 4.7602292e-05 0)
(0.00032990661 4.2744311e-05 0)
(0.00032387183 3.8359882e-05 0)
(0.00031831584 3.4406367e-05 0)
(0.00031321924 3.0843538e-05 0)
(0.00030855867 2.7634106e-05 0)
(0.00030430849 2.4743889e-05 0)
(0.00030044198 2.2141786e-05 0)
(0.00029693226 1.9799629e-05 0)
(0.00029375283 1.769198e-05 0)
(0.00029087802 1.5795904e-05 0)
(0.00028828327 1.4090735e-05 0)
(0.00028594528 1.2557854e-05 0)
(0.0002838421 1.1180482e-05 0)
(0.00028195318 9.9434891e-06 0)
(0.00028025939 8.8332256e-06 0)
(0.00027874295 7.8373653e-06 0)
(0.00027738742 6.9447707e-06 0)
(0.00027617766 6.1453711e-06 0)
(0.00027509972 5.4300552e-06 0)
(0.0002741408 4.7905752e-06 0)
(0.00027328919 4.2194621e-06 0)
(0.00027253417 3.7099503e-06 0)
(0.00027186597 3.2559104e-06 0)
(0.00027127569 2.8517889e-06 0)
(0.00027075523 2.4925546e-06 0)
(0.00027029725 2.1736501e-06 0)
(0.00026989509 1.8909488e-06 0)
(0.00026954271 1.6407151e-06 0)
(0.00026923466 1.4195694e-06 0)
(0.00026896604 1.2244556e-06 0)
(0.00026873239 1.0526121e-06 0)
(0.00026852975 9.0154542e-07 0)
(0.00026835453 7.6900553e-07 0)
(0.0002682035 6.5296429e-07 0)
(0.0002680738 5.5159505e-07 0)
(0.00026796285 4.6325436e-07 0)
(0.00026786835 3.8646513e-07 0)
(0.00026778825 3.199013e-07 0)
(0.00026772072 2.6237374e-07 0)
(0.00026766415 2.1281748e-07 0)
(0.00026761709 1.702799e-07 0)
(0.00026757827 1.3391008e-07 0)
(0.00026754657 1.0294894e-07 0)
(0.00026752099 7.6720331e-08 0)
(0.00026750066 5.4622882e-08 0)
(0.00026748481 3.6122564e-08 0)
(0.00026747277 2.0745925e-08 0)
(0.00026746395 8.073937e-09 0)
(0.00026745783 -2.2636017e-09 0)
(0.00026745397 -1.0593141e-08 0)
(0.00026745198 -1.7201984e-08 0)
(0.00026745153 -2.234246e-08 0)
(0.00026745232 -2.6235694e-08 0)
(0.00026745411 -2.9075018e-08 0)
(0.00026745669 -3.1029046e-08 0)
(0.00026745987 -3.2244446e-08 0)
(0.0002674635 -3.2848439e-08 0)
(0.00026746746 -3.2951033e-08 0)
(0.00026747163 -3.2647043e-08 0)
(0.00026747592 -3.2017891e-08 0)
(0.00026748027 -3.1133217e-08 0)
(0.0002674846 -3.0052326e-08 0)
(0.00026748887 -2.8825469e-08 0)
(0.00026749305 -2.7494991e-08 0)
(0.00026749709 -2.6096348e-08 0)
(0.00026750099 -2.4659008e-08 0)
(0.00026750471 -2.3207258e-08 0)
(0.00026750826 -2.1760904e-08 0)
(0.00026751162 -2.0335901e-08 0)
(0.00026751479 -1.89449e-08 0)
(0.00026751776 -1.7597734e-08 0)
(0.00026752055 -1.630184e-08 0)
(0.00026752315 -1.5062632e-08 0)
(0.00026752557 -1.3883822e-08 0)
(0.00026752782 -1.2767703e-08 0)
(0.00026752989 -1.1715394e-08 0)
(0.00026753181 -1.0727051e-08 0)
(0.00026753358 -9.8020474e-09 0)
(0.0002675352 -8.9391347e-09 0)
(0.00026753669 -8.1365725e-09 0)
(0.00026753805 -7.3922447e-09 0)
(0.00026753929 -6.7037558e-09 0)
(0.00026754042 -6.0685122e-09 0)
(0.00026754145 -5.4837908e-09 0)
(0.00026754238 -4.9467956e-09 0)
(0.00026754323 -4.4547042e-09 0)
(0.000267544 -4.0047065e-09 0)
(0.00026754469 -3.594035e-09 0)
(0.00026754531 -3.2199893e-09 0)
(0.00026754587 -2.8799548e-09 0)
(0.00026754638 -2.5714175e-09 0)
(0.00026754683 -2.2919736e-09 0)
(0.00026754724 -2.0393374e-09 0)
(0.0002675476 -1.8113452e-09 0)
(0.00026754792 -1.6059574e-09 0)
(0.00026754821 -1.4212588e-09 0)
(0.00026754847 -1.2554576e-09 0)
(0.00026754869 -1.1068823e-09 0)
(0.0002675489 -9.7397871e-10 0)
(0.00026754907 -8.5530571e-10 0)
(0.00026754923 -7.4953047e-10 0)
(0.00026754937 -6.5542334e-10 0)
(0.00026754949 -5.7185259e-10 0)
(0.0002675496 -4.9777882e-10 0)
(0.00026754969 -4.322495e-10 0)
(0.00026754978 -3.7439343e-10 0)
(0.00026754985 -3.2341528e-10 0)
(0.00026754991 -2.7859031e-10 0)
(0.00026754997 -2.3925923e-10 0)
(0.00026755001 -2.0482324e-10 0)
(0.00026755005 -1.7473934e-10 0)
(0.00026755009 -1.4851577e-10 0)
(0.00026755012 -1.2570779e-10 0)
(0.00026755014 -1.0591366e-10 0)
(0.00026755017 -8.8770856e-11 0)
(0.00026755019 -7.3952506e-11 0)
(0.0002675502 -6.1164129e-11 0)
(0.00026755021 -5.0140545e-11 0)
(0.00026755023 -4.0643028e-11 0)
(0.00026755024 -3.2456674e-11 0)
(0.00026755024 -2.5387969e-11 0)
(0.00026755025 -1.9262556e-11 0)
(0.00026755025 -1.3923184e-11 0)
(0.00026755026 -9.227832e-12 0)
(0.00026755026 -5.0479997e-12 0)
(0.00026755026 -1.2671527e-12 0)
(0.00026755026 2.2206876e-12 0)
(0.00026755026 5.5122163e-12 0)
(0.00026755026 8.6959893e-12 0)
(0.00026755026 1.1853447e-11 0)
(0.00026755026 1.5059829e-11 0)
(0.00026755026 1.8384978e-11 0)
(0.00026755025 2.1894051e-11 0)
(0.00026755025 2.5648137e-11 0)
(0.00026755024 2.9704787e-11 0)
(0.00026755024 3.4118466e-11 0)
(0.00026755023 3.8940923e-11 0)
(0.00026755022 4.4221503e-11 0)
(0.00026755021 5.0007375e-11 0)
(0.0002675502 5.6343709e-11 0)
(0.00026755019 6.3273786e-11 0)
(0.00026755018 7.0839061e-11 0)
(0.00026755016 7.9079156e-11 0)
(0.00026755014 8.8031822e-11 0)
(0.00026755013 9.7732834e-11 0)
(0.00026755011 1.0821586e-10 0)
(0.00026755008 1.1951226e-10 0)
(0.00026755006 1.3165087e-10 0)
(0.00026755003 1.4465776e-10 0)
(0.00026755 1.585559e-10 0)
(0.00026754997 1.7336484e-10 0)
(0.00026754994 1.8910039e-10 0)
(0.0002675499 2.0577417e-10 0)
(0.00026754986 2.2339326e-10 0)
(0.00026754982 2.4195976e-10 0)
(0.00026754977 2.6147034e-10 0)
(0.00026754972 2.8191585e-10 0)
(0.00026754966 3.032808e-10 0)
(0.00026754961 3.2554296e-10 0)
(0.00026754954 3.4867296e-10 0)
(0.00026754948 3.7263379e-10 0)
(0.00026754941 3.9738044e-10 0)
(0.00026754933 4.2285952e-10 0)
(0.00026754925 4.4900878e-10 0)
(0.00026754917 4.7575674e-10 0)
(0.00026754908 5.0302209e-10 0)
(0.00026754899 5.3071307e-10 0)
(0.00026754889 5.5872632e-10 0)
(0.00026754879 5.8694538e-10 0)
(0.00026754868 6.1523807e-10 0)
(0.00026754857 6.4345249e-10 0)
(0.00026754846 6.7141073e-10 0)
(0.00026754834 6.9889925e-10 0)
(0.00026754822 7.2565477e-10 0)
(0.0002675481 7.5134407e-10 0)
(0.00026754797 7.7553728e-10 0)
(0.00026754784 7.9767627e-10 0)
(0.00026754771 8.1703785e-10 0)
(0.00026754759 8.3268035e-10 0)
(0.00026754747 8.4344751e-10 0)
(0.0002675473 8.4892266e-10 0)
(0.00039158124 2.6492386e-05 0)
(0.00039702929 6.9395301e-05 0)
(0.00040502914 0.00010141665 0)
(0.00041332264 0.00012294105 0)
(0.0004201468 0.00013538338 0)
(0.00042463525 0.00014056826 0)
(0.00042650632 0.00014033545 0)
(0.00042587583 0.00013631405 0)
(0.00042308564 0.00012982846 0)
(0.0004185711 0.00012189014 0)
(0.00041277541 0.00011323382 0)
(0.00040610213 0.00010436987 0)
(0.00039889388 9.5637254e-05 0)
(0.00039142733 8.7249393e-05 0)
(0.00038391706 7.9330986e-05 0)
(0.00037652351 7.1945849e-05 0)
(0.00036936219 6.5117265e-05 0)
(0.00036251259 5.8842415e-05 0)
(0.00035602603 5.3102375e-05 0)
(0.00034993229 4.7868905e-05 0)
(0.000344245 4.3108962e-05 0)
(0.00033896592 3.8787635e-05 0)
(0.00033408823 3.4869997e-05 0)
(0.00032959915 3.1322238e-05 0)
(0.00032548185 2.8112305e-05 0)
(0.00032171693 2.5210234e-05 0)
(0.00031828354 2.2588272e-05 0)
(0.00031516015 2.0220884e-05 0)
(0.00031232518 1.8084673e-05 0)
(0.00030975738 1.6158265e-05 0)
(0.00030743617 1.4422173e-05 0)
(0.00030534183 1.285865e-05 0)
(0.0003034556 1.1451546e-05 0)
(0.00030175979 1.0186169e-05 0)
(0.00030023781 9.0491604e-06 0)
(0.00029887416 8.0283687e-06 0)
(0.00029765444 7.112745e-06 0)
(0.00029656531 6.2922414e-06 0)
(0.00029559444 5.5577208e-06 0)
(0.0002947305 4.9008748e-06 0)
(0.00029396304 4.3141494e-06 0)
(0.00029328253 3.7906782e-06 0)
(0.00029268022 3.3242212e-06 0)
(0.00029214815 2.9091096e-06 0)
(0.00029167904 2.5401961e-06 0)
(0.00029126631 2.2128087e-06 0)
(0.00029090394 1.9227099e-06 0)
(0.00029058652 1.6660582e-06 0)
(0.00029030913 1.439374e-06 0)
(0.00029006734 1.2395079e-06 0)
(0.00028985713 1.0636118e-06 0)
(0.00028967492 9.0911213e-07 0)
(0.00028951746 7.7368607e-07 0)
(0.00028938185 6.552389e-07 0)
(0.00028926548 5.5188378e-07 0)
(0.00028916603 4.6192296e-07 0)
(0.00028908141 3.8383062e-07 0)
(0.00028900978 3.1623711e-07 0)
(0.00028894947 2.5791454e-07 0)
(0.00028889904 2.0776349e-07 0)
(0.00028885717 1.6480096e-07 0)
(0.00028882271 1.2814923e-07 0)
(0.00028879465 9.7025757e-08 0)
(0.00028877208 7.0733879e-08 0)
(0.00028875423 4.865438e-08 0)
(0.00028874039 3.0237769e-08 0)
(0.00028872996 1.4997255e-08 0)
(0.00028872241 2.502358e-09 0)
(0.00028871727 -7.6269026e-09 0)
(0.00028871414 -1.5725284e-08 0)
(0.00028871268 -2.20871e-08 0)
(0.00028871257 -2.6970556e-08 0)
(0.00028871357 -3.0601661e-08 0)
(0.00028871545 -3.3177768e-08 0)
(0.00028871802 -3.4870768e-08 0)
(0.00028872111 -3.5829959e-08 0)
(0.00028872459 -3.6184636e-08 0)
(0.00028872835 -3.6046412e-08 0)
(0.00028873228 -3.55113e-08 0)
(0.00028873631 -3.466158e-08 0)
(0.00028874037 -3.3567467e-08 0)
(0.00028874441 -3.2288597e-08 0)
(0.00028874838 -3.0875359e-08 0)
(0.00028875225 -2.9370071e-08 0)
(0.00028875599 -2.7808033e-08 0)
(0.00028875959 -2.6218455e-08 0)
(0.00028876303 -2.4625279e-08 0)
(0.0002887663 -2.3047911e-08 0)
(0.00028876939 -2.1501855e-08 0)
(0.0002887723 -1.9999283e-08 0)
(0.00028877504 -1.8549529e-08 0)
(0.0002887776 -1.715952e-08 0)
(0.00028877998 -1.5834156e-08 0)
(0.0002887822 -1.4576642e-08 0)
(0.00028878426 -1.3388773e-08 0)
(0.00028878616 -1.2271182e-08 0)
(0.00028878791 -1.1223555e-08 0)
(0.00028878953 -1.0244817e-08 0)
(0.00028879101 -9.33329e-09 0)
(0.00028879237 -8.4868258e-09 0)
(0.00028879361 -7.7029231e-09 0)
(0.00028879474 -6.9788239e-09 0)
(0.00028879577 -6.3115947e-09 0)
(0.00028879671 -5.6981947e-09 0)
(0.00028879756 -5.1355319e-09 0)
(0.00028879834 -4.6205094e-09 0)
(0.00028879903 -4.1500624e-09 0)
(0.00028879966 -3.7211884e-09 0)
(0.00028880023 -3.3309704e-09 0)
(0.00028880074 -2.9765949e-09 0)
(0.0002888012 -2.6553652e-09 0)
(0.00028880161 -2.3647107e-09 0)
(0.00028880198 -2.1021931e-09 0)
(0.00028880231 -1.8655096e-09 0)
(0.0002888026 -1.6524943e-09 0)
(0.00028880286 -1.4611173e-09 0)
(0.00028880309 -1.2894826e-09 0)
(0.0002888033 -1.1358247e-09 0)
(0.00028880348 -9.985046e-10 0)
(0.00028880365 -8.7600443e-10 0)
(0.00028880379 -7.6692238e-10 0)
(0.00028880391 -6.6996684e-10 0)
(0.00028880403 -5.8395038e-10 0)
(0.00028880412 -5.0778368e-10 0)
(0.00028880421 -4.4046951e-10 0)
(0.00028880428 -3.8109663e-10 0)
(0.00028880435 -3.2883393e-10 0)
(0.0002888044 -2.8292467e-10 0)
(0.00028880445 -2.4268098e-10 0)
(0.0002888045 -2.0747853e-10 0)
(0.00028880453 -1.7675143e-10 0)
(0.00028880457 -1.4998751e-10 0)
(0.00028880459 -1.2672369e-10 0)
(0.00028880462 -1.0654177e-10 0)
(0.00028880464 -8.9064398e-11 0)
(0.00028880465 -7.3951307e-11 0)
(0.00028880467 -6.0895862e-11 0)
(0.00028880468 -4.9621796e-11 0)
(0.00028880469 -3.9880221e-11 0)
(0.0002888047 -3.1446851e-11 0)
(0.0002888047 -2.4119456e-11 0)
(0.00028880471 -1.7715518e-11 0)
(0.00028880471 -1.2070092e-11 0)
(0.00028880472 -7.0338417e-12 0)
(0.00028880472 -2.4712675e-12 0)
(0.00028880472 1.740914e-12 0)
(0.00028880472 5.715227e-12 0)
(0.00028880472 9.5547492e-12 0)
(0.00028880472 1.3354288e-11 0)
(0.00028880472 1.7201427e-11 0)
(0.00028880471 2.1177458e-11 0)
(0.00028880471 2.5358191e-11 0)
(0.00028880471 2.9814666e-11 0)
(0.0002888047 3.4613765e-11 0)
(0.00028880469 3.9818731e-11 0)
(0.00028880469 4.5489595e-11 0)
(0.00028880468 5.1683529e-11 0)
(0.00028880467 5.8455119e-11 0)
(0.00028880466 6.5856556e-11 0)
(0.00028880465 7.3937775e-11 0)
(0.00028880463 8.2746513e-11 0)
(0.00028880462 9.2328311e-11 0)
(0.0002888046 1.0272646e-10 0)
(0.00028880458 1.1398189e-10 0)
(0.00028880456 1.2613298e-10 0)
(0.00028880454 1.392154e-10 0)
(0.00028880451 1.5326178e-10 0)
(0.00028880449 1.6830142e-10 0)
(0.00028880446 1.8435999e-10 0)
(0.00028880442 2.0145908e-10 0)
(0.00028880439 2.1961578e-10 0)
(0.00028880435 2.3884226e-10 0)
(0.00028880431 2.5914526e-10 0)
(0.00028880427 2.8052558e-10 0)
(0.00028880422 3.0297754e-10 0)
(0.00028880417 3.2648844e-10 0)
(0.00028880411 3.51038e-10 0)
(0.00028880405 3.7659775e-10 0)
(0.00028880399 4.0313047e-10 0)
(0.00028880392 4.3058955e-10 0)
(0.00028880385 4.5891841e-10 0)
(0.00028880378 4.8804979e-10 0)
(0.0002888037 5.1790508e-10 0)
(0.00028880361 5.4839346e-10 0)
(0.00028880352 5.794109e-10 0)
(0.00028880343 6.1083892e-10 0)
(0.00028880333 6.4254281e-10 0)
(0.00028880323 6.7436926e-10 0)
(0.00028880312 7.0614283e-10 0)
(0.00028880301 7.3766104e-10 0)
(0.0002888029 7.6868717e-10 0)
(0.00028880278 7.9894032e-10 0)
(0.00028880266 8.2808172e-10 0)
(0.00028880254 8.5569691e-10 0)
(0.00028880242 8.8127413e-10 0)
(0.00028880229 9.0418135e-10 0)
(0.00028880217 9.236457e-10 0)
(0.00028880204 9.3872205e-10 0)
(0.00028880192 9.4829026e-10 0)
(0.00028880176 9.5182261e-10 0)
(0.00039146438 2.4087641e-05 0)
(0.00039616198 6.3976512e-05 0)
(0.00040340975 9.4777213e-05 0)
(0.0004113694 0.00011658025 0)
(0.00041850043 0.00013031402 0)
(0.00042392624 0.00013732117 0)
(0.00042723674 0.00013905803 0)
(0.00042837577 0.0001368953 0)
(0.00042751855 0.00013201187 0)
(0.00042496421 0.0001253587 0)
(0.00042105776 0.00011766584 0)
(0.00041614005 0.00010947092 0)
(0.00041051968 0.00010115504 0)
(0.00040446037 9.2977866e-05 0)
(0.00039817791 8.510825e-05 0)
(0.0003918427 7.7649069e-05 0)
(0.00038558498 7.0656517e-05 0)
(0.000379501 6.415456e-05 0)
(0.00037365916 5.8145518e-05 0)
(0.00036810554 5.2617641e-05 0)
(0.00036286878 4.7550448e-05 0)
(0.00035796404 4.2918418e-05 0)
(0.00035339628 3.8693504e-05 0)
(0.00034916294 3.4846813e-05 0)
(0.00034525595 3.1349697e-05 0)
(0.00034166336 2.8174432e-05 0)
(0.00033837065 2.5294634e-05 0)
(0.0003353616 2.2685476e-05 0)
(0.00033261911 2.0323781e-05 0)
(0.0003301257 1.818804e-05 0)
(0.00032786392 1.6258374e-05 0)
(0.00032581666 1.4516466e-05 0)
(0.00032396736 1.2945477e-05 0)
(0.00032230015 1.1529949e-05 0)
(0.00032079994 1.0255717e-05 0)
(0.00031945252 9.1098046e-06 0)
(0.00031824451 8.0803409e-06 0)
(0.00031716344 7.1564702e-06 0)
(0.00031619771 6.3282723e-06 0)
(0.00031533656 5.5866872e-06 0)
(0.00031457006 4.9234448e-06 0)
(0.00031388906 4.3310011e-06 0)
(0.00031328515 3.8024785e-06 0)
(0.00031275064 3.3316107e-06 0)
(0.00031227848 2.912693e-06 0)
(0.00031186225 2.5405352e-06 0)
(0.0003114961 2.2104194e-06 0)
(0.00031117472 1.91806e-06 0)
(0.00031089329 1.6595684e-06 0)
(0.00031064744 1.4314188e-06 0)
(0.00031043324 1.2304175e-06 0)
(0.00031024712 1.0536749e-06 0)
(0.00031008588 8.9857912e-07 0)
(0.00030994664 7.6277192e-07 0)
(0.00030982681 6.4412644e-07 0)
(0.00030972408 5.4072682e-07 0)
(0.00030963636 4.5084935e-07 0)
(0.00030956182 3.7294514e-07 0)
(0.0003094988 3.0562422e-07 0)
(0.00030944582 2.4764086e-07 0)
(0.00030940159 1.9788015e-07 0)
(0.00030936495 1.5534573e-07 0)
(0.00030933487 1.191484e-07 0)
(0.00030931044 8.8495885e-08 0)
(0.00030929088 6.2683331e-08 0)
(0.00030927547 4.1084688e-08 0)
(0.0003092636 2.3144838e-08 0)
(0.00030925474 8.3724212e-09 0)
(0.0003092484 -3.6666878e-09 0)
(0.00030924419 -1.3355318e-08 0)
(0.00030924174 -2.1030385e-08 0)
(0.00030924074 -2.6987774e-08 0)
(0.00030924093 -3.1486756e-08 0)
(0.00030924207 -3.475399e-08 0)
(0.00030924398 -3.6987123e-08 0)
(0.00030924648 -3.835805e-08 0)
(0.00030924943 -3.9015834e-08 0)
(0.0003092527 -3.9089345e-08 0)
(0.0003092562 -3.8689617e-08 0)
(0.00030925985 -3.7911971e-08 0)
(0.00030926357 -3.6837905e-08 0)
(0.0003092673 -3.553679e-08 0)
(0.000309271 -3.4067379e-08 0)
(0.00030927463 -3.2479152e-08 0)
(0.00030927816 -3.0813512e-08 0)
(0.00030928157 -2.9104847e-08 0)
(0.00030928485 -2.7381467e-08 0)
(0.00030928797 -2.5666438e-08 0)
(0.00030929093 -2.3978314e-08 0)
(0.00030929373 -2.2331783e-08 0)
(0.00030929637 -2.0738234e-08 0)
(0.00030929884 -1.9206255e-08 0)
(0.00030930116 -1.7742069e-08 0)
(0.00030930331 -1.634991e-08 0)
(0.00030930531 -1.5032357e-08 0)
(0.00030930716 -1.3790621e-08 0)
(0.00030930888 -1.2624788e-08 0)
(0.00030931046 -1.1534037e-08 0)
(0.00030931191 -1.0516821e-08 0)
(0.00030931324 -9.5710249e-09 0)
(0.00030931446 -8.6940997e-09 0)
(0.00030931558 -7.8831733e-09 0)
(0.0003093166 -7.1351478e-09 0)
(0.00030931752 -6.4467779e-09 0)
(0.00030931836 -5.8147381e-09 0)
(0.00030931913 -5.2356766e-09 0)
(0.00030931982 -4.7062597e-09 0)
(0.00030932044 -4.2232079e-09 0)
(0.00030932101 -3.7833236e-09 0)
(0.00030932152 -3.3835134e-09 0)
(0.00030932197 -3.0208044e-09 0)
(0.00030932238 -2.6923562e-09 0)
(0.00030932275 -2.3954687e-09 0)
(0.00030932308 -2.1275875e-09 0)
(0.00030932338 -1.8863056e-09 0)
(0.00030932364 -1.6693636e-09 0)
(0.00030932387 -1.4746484e-09 0)
(0.00030932408 -1.3001895e-09 0)
(0.00030932426 -1.1441551e-09 0)
(0.00030932443 -1.0048472e-09 0)
(0.00030932457 -8.8069568e-10 0)
(0.0003093247 -7.702523e-10 0)
(0.00030932481 -6.7218434e-10 0)
(0.00030932491 -5.8526805e-10 0)
(0.000309325 -5.0838201e-10 0)
(0.00030932507 -4.4050063e-10 0)
(0.00030932514 -3.8068767e-10 0)
(0.0003093252 -3.2808996e-10 0)
(0.00030932525 -2.819313e-10 0)
(0.00030932529 -2.4150661e-10 0)
(0.00030932533 -2.0617632e-10 0)
(0.00030932536 -1.7536109e-10 0)
(0.00030932539 -1.485367e-10 0)
(0.00030932542 -1.2522938e-10 0)
(0.00030932544 -1.0501128e-10 0)
(0.00030932545 -8.7496333e-11 0)
(0.00030932547 -7.2336337e-11 0)
(0.00030932548 -5.9217362e-11 0)
(0.00030932549 -4.7856369e-11 0)
(0.0003093255 -3.7998123e-11 0)
(0.00030932551 -2.9412325e-11 0)
(0.00030932552 -2.1890988e-11 0)
(0.00030932552 -1.5246031e-11 0)
(0.00030932552 -9.3070768e-12 0)
(0.00030932553 -3.9194536e-12 0)
(0.00030932553 1.0576257e-12 0)
(0.00030932553 5.7527054e-12 0)
(0.00030932553 1.0283566e-11 0)
(0.00030932553 1.4758551e-11 0)
(0.00030932552 1.9277749e-11 0)
(0.00030932552 2.393404e-11 0)
(0.00030932552 2.8814016e-11 0)
(0.00030932551 3.3998784e-11 0)
(0.00030932551 3.9564655e-11 0)
(0.0003093255 4.558373e-11 0)
(0.00030932549 5.212439e-11 0)
(0.00030932549 5.9251684e-11 0)
(0.00030932548 6.7027643e-11 0)
(0.00030932547 7.5511499e-11 0)
(0.00030932545 8.4759834e-11 0)
(0.00030932544 9.4826647e-11 0)
(0.00030932542 1.0576336e-10 0)
(0.00030932541 1.1761875e-10 0)
(0.00030932539 1.304388e-10 0)
(0.00030932537 1.4426656e-10 0)
(0.00030932535 1.5914183e-10 0)
(0.00030932532 1.751009e-10 0)
(0.00030932529 1.9217618e-10 0)
(0.00030932526 2.1039581e-10 0)
(0.00030932523 2.2978318e-10 0)
(0.0003093252 2.5035646e-10 0)
(0.00030932516 2.7212807e-10 0)
(0.00030932512 2.9510407e-10 0)
(0.00030932507 3.1928361e-10 0)
(0.00030932503 3.4465823e-10 0)
(0.00030932497 3.7121123e-10 0)
(0.00030932492 3.9891699e-10 0)
(0.00030932486 4.2774016e-10 0)
(0.0003093248 4.57635e-10 0)
(0.00030932473 4.8854451e-10 0)
(0.00030932466 5.2039959e-10 0)
(0.00030932459 5.5311813e-10 0)
(0.00030932451 5.8660397e-10 0)
(0.00030932442 6.2074569e-10 0)
(0.00030932434 6.5541516e-10 0)
(0.00030932424 6.9046579e-10 0)
(0.00030932415 7.2573015e-10 0)
(0.00030932405 7.6101694e-10 0)
(0.00030932394 7.9610685e-10 0)
(0.00030932384 8.3074704e-10 0)
(0.00030932373 8.6464371e-10 0)
(0.00030932361 8.9745237e-10 0)
(0.00030932349 9.2876551e-10 0)
(0.00030932338 9.5809772e-10 0)
(0.00030932325 9.8486909e-10 0)
(0.00030932313 1.00839e-09 0)
(0.00030932301 1.0278535e-09 0)
(0.00030932289 1.0423209e-09 0)
(0.00030932277 1.0507005e-09 0)
(0.00030932261 1.0523221e-09 0)
(0.00039138054 2.2025211e-05 0)
(0.0003954844 5.9149846e-05 0)
(0.00040206774 8.8601557e-05 0)
(0.00040963071 0.00011030652 0)
(0.00041684423 0.00012486233 0)
(0.00042287059 0.00013325017 0)
(0.00042723577 0.00013661171 0)
(0.00042976774 0.0001360832 0)
(0.00043051331 0.00013269228 0)
(0.00042965524 0.0001273086 0)
(0.00042744572 0.00012063211 0)
(0.0004241588 0.00011320381 0)
(0.00042005996 0.0001054273 0)
(0.00041538891 9.7593843e-05 0)
(0.00041035165 8.9906298e-05 0)
(0.00040511868 8.250016e-05 0)
(0.00039982668 7.5460835e-05 0)
(0.00039458201 6.883732e-05 0)
(0.000389465 6.2652707e-05 0)
(0.00038453421 5.6912074e-05 0)
(0.00037983047 5.1608294e-05 0)
(0.00037538042 4.6726265e-05 0)
(0.0003711995 4.2245927e-05 0)
(0.00036729452 3.8144398e-05 0)
(0.00036366573 3.4397463e-05 0)
(0.00036030844 3.0980582e-05 0)
(0.00035721442 2.7869574e-05 0)
(0.00035437289 2.5041055e-05 0)
(0.00035177141 2.2472707e-05 0)
(0.00034939651 2.0143435e-05 0)
(0.00034723414 1.8033439e-05 0)
(0.0003452701 1.612423e-05 0)
(0.00034349031 1.4398621e-05 0)
(0.00034188101 1.2840678e-05 0)
(0.00034042891 1.1435668e-05 0)
(0.00033912129 1.0169998e-05 0)
(0.00033794608 9.031148e-06 0)
(0.00033689192 8.0075993e-06 0)
(0.00033594812 7.0887717e-06 0)
(0.00033510472 6.2649566e-06 0)
(0.00033435246 5.5272552e-06 0)
(0.00033368276 4.8675192e-06 0)
(0.00033308769 4.2782949e-06 0)
(0.00033255997 3.7527707e-06 0)
(0.0003320929 3.284728e-06 0)
(0.00033168035 2.8684954e-06 0)
(0.00033131673 2.4989055e-06 0)
(0.00033099692 2.1712551e-06 0)
(0.0003307163 1.8812681e-06 0)
(0.00033047064 1.6250609e-06 0)
(0.00033025613 1.3991101e-06 0)
(0.00033006931 1.2002228e-06 0)
(0.00032990708 1.0255092e-06 0)
(0.00032976662 8.7235661e-07 0)
(0.0003296454 7.3840585e-07 0)
(0.00032954117 6.2152938e-07 0)
(0.00032945189 5.1981093e-07 0)
(0.00032937574 4.315268e-07 0)
(0.00032931109 3.551286e-07 0)
(0.00032925651 2.8922729e-07 0)
(0.0003292107 2.3257855e-07 0)
(0.00032917252 1.8406933e-07 0)
(0.00032914096 1.4270545e-07 0)
(0.00032911511 1.0760028e-07 0)
(0.00032909419 7.7964333e-08 0)
(0.0003290775 5.30958e-08 0)
(0.00032906442 3.2371826e-08 0)
(0.00032905441 1.5240607e-08 0)
(0.000329047 1.2141749e-09 0)
(0.00032904179 -1.0138176e-08 0)
(0.0003290384 -1.9195855e-08 0)
(0.00032903654 -2.6292394e-08 0)
(0.00032903593 -3.1720351e-08 0)
(0.00032903634 -3.5735755e-08 0)
(0.00032903756 -3.8562119e-08 0)
(0.00032903943 -4.0394061e-08 0)
(0.00032904181 -4.1400569e-08 0)
(0.00032904456 -4.1727933e-08 0)
(0.00032904758 -4.1502386e-08 0)
(0.00032905079 -4.083247e-08 0)
(0.00032905411 -3.981115e-08 0)
(0.00032905748 -3.8517714e-08 0)
(0.00032906085 -3.7019461e-08 0)
(0.00032906418 -3.5373209e-08 0)
(0.00032906745 -3.3626635e-08 0)
(0.00032907062 -3.1819469e-08 0)
(0.00032907367 -2.9984546e-08 0)
(0.0003290766 -2.8148745e-08 0)
(0.00032907939 -2.6333807e-08 0)
(0.00032908203 -2.4557072e-08 0)
(0.00032908453 -2.2832111e-08 0)
(0.00032908688 -2.116929e-08 0)
(0.00032908908 -1.9576261e-08 0)
(0.00032909113 -1.8058395e-08 0)
(0.00032909304 -1.6619149e-08 0)
(0.00032909482 -1.5260396e-08 0)
(0.00032909646 -1.3982705e-08 0)
(0.00032909798 -1.2785583e-08 0)
(0.00032909938 -1.1667685e-08 0)
(0.00032910067 -1.0626991e-08 0)
(0.00032910185 -9.6609609e-09 0)
(0.00032910293 -8.766662e-09 0)
(0.00032910392 -7.9408796e-09 0)
(0.00032910481 -7.1802079e-09 0)
(0.00032910563 -6.4811275e-09 0)
(0.00032910638 -5.8400675e-09 0)
(0.00032910705 -5.2534582e-09 0)
(0.00032910766 -4.7177721e-09 0)
(0.00032910821 -4.2295578e-09 0)
(0.00032910871 -3.7854659e-09 0)
(0.00032910916 -3.3822688e-09 0)
(0.00032910956 -3.0168753e-09 0)
(0.00032910992 -2.6863413e-09 0)
(0.00032911025 -2.3878756e-09 0)
(0.00032911054 -2.1188442e-09 0)
(0.0003291108 -1.8767705e-09 0)
(0.00032911103 -1.6593349e-09 0)
(0.00032911123 -1.4643718e-09 0)
(0.00032911141 -1.2898652e-09 0)
(0.00032911158 -1.1339445e-09 0)
(0.00032911172 -9.9487787e-10 0)
(0.00032911185 -8.7106637e-10 0)
(0.00032911196 -7.6103716e-10 0)
(0.00032911206 -6.6343651e-10 0)
(0.00032911215 -5.7702281e-10 0)
(0.00032911222 -5.0065955e-10 0)
(0.00032911229 -4.3330834e-10 0)
(0.00032911235 -3.7402215e-10 0)
(0.0003291124 -3.2193869e-10 0)
(0.00032911244 -2.7627406e-10 0)
(0.00032911248 -2.3631667e-10 0)
(0.00032911252 -2.014214e-10 0)
(0.00032911254 -1.710041e-10 0)
(0.00032911257 -1.4453643e-10 0)
(0.00032911259 -1.215409e-10 0)
(0.00032911261 -1.0158636e-10 0)
(0.00032911262 -8.4283649e-11 0)
(0.00032911264 -6.928166e-11 0)
(0.00032911265 -5.6263619e-11 0)
(0.00032911266 -4.4943671e-11 0)
(0.00032911267 -3.5063722e-11 0)
(0.00032911267 -2.6390536e-11 0)
(0.00032911268 -1.8713074e-11 0)
(0.00032911268 -1.184006e-11 0)
(0.00032911268 -5.5977654e-12 0)
(0.00032911269 1.7200978e-13 0)
(0.00032911269 5.6137536e-12 0)
(0.00032911269 1.0859886e-11 0)
(0.00032911268 1.6032232e-11 0)
(0.00032911268 2.1243332e-11 0)
(0.00032911268 2.6597606e-11 0)
(0.00032911268 3.219238e-11 0)
(0.00032911267 3.8118773e-11 0)
(0.00032911267 4.4462467e-11 0)
(0.00032911266 5.130436e-11 0)
(0.00032911265 5.8721105e-11 0)
(0.00032911265 6.6785553e-11 0)
(0.00032911264 7.5567089e-11 0)
(0.00032911262 8.5131883e-11 0)
(0.00032911261 9.5543055e-11 0)
(0.0003291126 1.0686074e-10 0)
(0.00032911258 1.1914211e-10 0)
(0.00032911257 1.3244128e-10 0)
(0.00032911255 1.4680914e-10 0)
(0.00032911253 1.622932e-10 0)
(0.00032911251 1.7893724e-10 0)
(0.00032911248 1.9678101e-10 0)
(0.00032911246 2.1585979e-10 0)
(0.00032911243 2.3620398e-10 0)
(0.0003291124 2.5783854e-10 0)
(0.00032911236 2.8078243e-10 0)
(0.00032911232 3.0504804e-10 0)
(0.00032911228 3.3064045e-10 0)
(0.00032911224 3.5755683e-10 0)
(0.00032911219 3.8578558e-10 0)
(0.00032911214 4.1530562e-10 0)
(0.00032911209 4.4608553e-10 0)
(0.00032911203 4.7808266e-10 0)
(0.00032911197 5.1124221e-10 0)
(0.00032911191 5.4549621e-10 0)
(0.00032911184 5.8076245e-10 0)
(0.00032911177 6.1694332e-10 0)
(0.00032911169 6.5392441e-10 0)
(0.00032911161 6.91573e-10 0)
(0.00032911152 7.2973621e-10 0)
(0.00032911143 7.6823881e-10 0)
(0.00032911134 8.0688033e-10 0)
(0.00032911124 8.4543166e-10 0)
(0.00032911114 8.8363044e-10 0)
(0.00032911104 9.2117535e-10 0)
(0.00032911093 9.5771887e-10 0)
(0.00032911082 9.9285824e-10 0)
(0.00032911071 1.0261249e-09 0)
(0.0003291106 1.0569727e-09 0)
(0.00032911048 1.084766e-09 0)
(0.00032911036 1.1087704e-09 0)
(0.00032911025 1.1281555e-09 0)
(0.00032911013 1.1419922e-09 0)
(0.00032911002 1.1492125e-09 0)
(0.00032910987 1.1489721e-09 0)
(0.00039131875 2.0229119e-05 0)
(0.00039494734 5.4817603e-05 0)
(0.00040095299 8.2863712e-05 0)
(0.00040810491 0.00010420615 0)
(0.00041526268 0.00011921858 0)
(0.00042165142 0.00012861384 0)
(0.00042677553 0.00013328103 0)
(0.00043039008 0.00013415221 0)
(0.00043244727 0.00013210968 0)
(0.00043303511 0.00012793264 0)
(0.00043232332 0.0001222748 0)
(0.00043052105 0.00011566272 0)
(0.00042784706 0.00010850637 0)
(0.00042451046 0.00010111528 0)
(0.00042069981 9.3716269e-05 0)
(0.00041657805 8.6470342e-05 0)
(0.00041228135 7.9487414e-05 0)
(0.00040792025 7.2838669e-05 0)
(0.00040358212 6.656648e-05 0)
(0.00039933415 6.0692183e-05 0)
(0.00039522638 5.5222057e-05 0)
(0.00039129468 5.0151835e-05 0)
(0.00038756338 4.547008e-05 0)
(0.00038404752 4.1160653e-05 0)
(0.00038075487 3.7204528e-05 0)
(0.00037768755 3.3581087e-05 0)
(0.00037484332 3.0269044e-05 0)
(0.00037221677 2.7247089e-05 0)
(0.00036980011 2.4494331e-05 0)
(0.00036758393 2.1990591e-05 0)
(0.00036555775 1.9716587e-05 0)
(0.00036371046 1.7654047e-05 0)
(0.00036203064 1.5785765e-05 0)
(0.00036050683 1.4095617e-05 0)
(0.00035912774 1.2568556e-05 0)
(0.00035788239 1.1190581e-05 0)
(0.00035676019 9.948704e-06 0)
(0.00035575107 8.8309021e-06 0)
(0.00035484544 7.8260684e-06 0)
(0.00035403432 6.9239607e-06 0)
(0.00035330926 6.1151493e-06 0)
(0.0003526624 5.3909659e-06 0)
(0.00035208645 4.7434529e-06 0)
(0.00035157464 4.165315e-06 0)
(0.00035112074 3.6498732e-06 0)
(0.00035071902 3.19102e-06 0)
(0.00035036423 2.7831778e-06 0)
(0.00035005156 2.4212593e-06 0)
(0.00034977663 2.1006298e-06 0)
(0.00034953544 1.8170727e-06 0)
(0.00034932438 1.5667561e-06 0)
(0.00034914015 1.3462025e-06 0)
(0.00034897977 1.1522596e-06 0)
(0.00034884057 9.820741e-07 0)
(0.00034872012 8.3306612e-07 0)
(0.00034861624 7.029065e-07 0)
(0.00034852699 5.8949507e-07 0)
(0.0003484506 4.9094073e-07 0)
(0.00034838551 4.0554304e-07 0)
(0.00034833031 3.317751e-07 0)
(0.00034828377 2.6826785e-07 0)
(0.00034824476 2.1379554e-07 0)
(0.00034821231 1.6726241e-07 0)
(0.00034818553 1.2769035e-07 0)
(0.00034816366 9.4207718e-08 0)
(0.000348146 6.6038993e-08 0)
(0.00034813197 4.2495329e-08 0)
(0.00034812103 2.296594e-08 0)
(0.00034811272 6.9102299e-09 0)
(0.00034810662 -6.1493769e-09 0)
(0.0003481024 -1.6633957e-08 0)
(0.00034809973 -2.4914012e-08 0)
(0.00034809835 -3.1314845e-08 0)
(0.00034809804 -3.6121426e-08 0)
(0.00034809858 -3.9582793e-08 0)
(0.00034809982 -4.1916036e-08 0)
(0.00034810159 -4.3309873e-08 0)
(0.00034810379 -4.3927887e-08 0)
(0.00034810629 -4.3911422e-08 0)
(0.00034810902 -4.3382192e-08 0)
(0.0003481119 -4.2444619e-08 0)
(0.00034811486 -4.1187917e-08 0)
(0.00034811786 -3.9687962e-08 0)
(0.00034812085 -3.8008959e-08 0)
(0.0003481238 -3.6204921e-08 0)
(0.00034812668 -3.432099e-08 0)
(0.00034812947 -3.2394603e-08 0)
(0.00034813216 -3.0456531e-08 0)
(0.00034813473 -2.8531792e-08 0)
(0.00034813718 -2.664046e-08 0)
(0.0003481395 -2.4798374e-08 0)
(0.00034814168 -2.3017764e-08 0)
(0.00034814374 -2.1307796e-08 0)
(0.00034814566 -1.9675053e-08 0)
(0.00034814746 -1.8123951e-08 0)
(0.00034814913 -1.6657102e-08 0)
(0.00034815068 -1.5275625e-08 0)
(0.00034815211 -1.3979426e-08 0)
(0.00034815343 -1.2767422e-08 0)
(0.00034815465 -1.1637749e-08 0)
(0.00034815577 -1.0587933e-08 0)
(0.0003481568 -9.6150319e-09 0)
(0.00034815774 -8.7157634e-09 0)
(0.0003481586 -7.8866067e-09 0)
(0.00034815938 -7.1238901e-09 0)
(0.00034816009 -6.4238629e-09 0)
(0.00034816074 -5.7827546e-09 0)
(0.00034816132 -5.196823e-09 0)
(0.00034816185 -4.6623929e-09 0)
(0.00034816233 -4.1758865e-09 0)
(0.00034816276 -3.7338467e-09 0)
(0.00034816315 -3.3329548e-09 0)
(0.0003481635 -2.9700431e-09 0)
(0.00034816381 -2.6421032e-09 0)
(0.0003481641 -2.3462909e-09 0)
(0.00034816435 -2.0799283e-09 0)
(0.00034816457 -1.8405035e-09 0)
(0.00034816477 -1.6256682e-09 0)
(0.00034816495 -1.433234e-09 0)
(0.00034816511 -1.2611676e-09 0)
(0.00034816525 -1.107585e-09 0)
(0.00034816537 -9.7074481e-10 0)
(0.00034816548 -8.4904134e-10 0)
(0.00034816558 -7.4099756e-10 0)
(0.00034816567 -6.4525752e-10 0)
(0.00034816574 -5.6057899e-10 0)
(0.00034816581 -4.8582609e-10 0)
(0.00034816587 -4.1996203e-10 0)
(0.00034816592 -3.6204206e-10 0)
(0.00034816596 -3.1120668e-10 0)
(0.000348166 -2.6667506e-10 0)
(0.00034816603 -2.2773881e-10 0)
(0.00034816606 -1.9375603e-10 0)
(0.00034816609 -1.6414571e-10 0)
(0.00034816611 -1.383824e-10 0)
(0.00034816613 -1.1599131e-10 0)
(0.00034816614 -9.6543611e-11 0)
(0.00034816616 -7.9652115e-11 0)
(0.00034816617 -6.4967283e-11 0)
(0.00034816618 -5.2173485e-11 0)
(0.00034816619 -4.0985562e-11 0)
(0.00034816619 -3.1145672e-11 0)
(0.0003481662 -2.2420375e-11 0)
(0.0003481662 -1.4597988e-11 0)
(0.0003481662 -7.486155e-12 0)
(0.00034816621 -9.0964854e-13 0)
(0.00034816621 5.2916229e-12 0)
(0.00034816621 1.1264411e-11 0)
(0.00034816621 1.7143741e-11 0)
(0.0003481662 2.3054348e-11 0)
(0.0003481662 2.9111951e-11 0)
(0.0003481662 3.542438e-11 0)
(0.00034816619 4.2092548e-11 0)
(0.00034816619 4.9211295e-11 0)
(0.00034816618 5.6870106e-11 0)
(0.00034816618 6.5153702e-11 0)
(0.00034816617 7.4142521e-11 0)
(0.00034816616 8.3913095e-11 0)
(0.00034816615 9.4538322e-11 0)
(0.00034816614 1.0608764e-10 0)
(0.00034816612 1.186271e-10 0)
(0.00034816611 1.322194e-10 0)
(0.00034816609 1.4692374e-10 0)
(0.00034816608 1.6279572e-10 0)
(0.00034816606 1.7988704e-10 0)
(0.00034816603 1.9824523e-10 0)
(0.00034816601 2.1791323e-10 0)
(0.00034816598 2.3892897e-10 0)
(0.00034816596 2.6132483e-10 0)
(0.00034816593 2.8512707e-10 0)
(0.00034816589 3.1035519e-10 0)
(0.00034816586 3.3702126e-10 0)
(0.00034816582 3.6512914e-10 0)
(0.00034816578 3.946737e-10 0)
(0.00034816573 4.2563995e-10 0)
(0.00034816568 4.5800212e-10 0)
(0.00034816563 4.9172271e-10 0)
(0.00034816558 5.2675146e-10 0)
(0.00034816552 5.630242e-10 0)
(0.00034816546 6.0046171e-10 0)
(0.00034816539 6.3896838e-10 0)
(0.00034816532 6.7843081e-10 0)
(0.00034816525 7.1871615e-10 0)
(0.00034816517 7.5967028e-10 0)
(0.00034816509 8.0111563e-10 0)
(0.00034816501 8.4284858e-10 0)
(0.00034816492 8.8463639e-10 0)
(0.00034816483 9.2621333e-10 0)
(0.00034816473 9.6727605e-10 0)
(0.00034816463 1.0074779e-09 0)
(0.00034816453 1.0464222e-09 0)
(0.00034816443 1.0836541e-09 0)
(0.00034816432 1.118652e-09 0)
(0.00034816422 1.1508187e-09 0)
(0.00034816411 1.1794733e-09 0)
(0.000348164 1.203847e-09 0)
(0.00034816389 1.2230932e-09 0)
(0.00034816378 1.2362935e-09 0)
(0.00034816368 1.2423936e-09 0)
(0.00034816353 1.2403586e-09 0)
(0.00039127206 1.8643819e-05 0)
(0.00039451577 5.0898933e-05 0)
(0.00040002282 7.7526153e-05 0)
(0.00040677539 9.8321958e-05 0)
(0.00041379584 0.00011350892 0)
(0.00042038103 0.00012360187 0)
(0.00042604021 0.00012929002 0)
(0.00043048684 0.00013133239 0)
(0.00043360639 0.00013047813 0)
(0.00043541266 0.00012741487 0)
(0.0004360053 0.00012274116 0)
(0.00043553402 0.00011695695 0)
(0.00043417114 0.00011046599 0)
(0.00043209218 0.00010358483 0)
(0.00042946346 9.6555045e-05 0)
(0.0004264349 8.9556046e-05 0)
(0.0004231367 8.2717142e-05 0)
(0.0004196786 7.6128214e-05 0)
(0.00041615069 6.9848701e-05 0)
(0.00041262512 6.3914944e-05 0)
(0.00040915824 5.834605e-05 0)
(0.00040579282 5.3148484e-05 0)
(0.00040256027 4.8319618e-05 0)
(0.00039948254 4.3850439e-05 0)
(0.00039657397 3.9727588e-05 0)
(0.00039384275 3.593489e-05 0)
(0.00039129223 3.245448e-05 0)
(0.000388922 2.9267631e-05 0)
(0.00038672881 2.6355355e-05 0)
(0.00038470727 2.3698825e-05 0)
(0.00038285046 2.1279674e-05 0)
(0.00038115041 1.9080199e-05 0)
(0.00037959847 1.7083489e-05 0)
(0.00037818563 1.5273508e-05 0)
(0.00037690274 1.3635132e-05 0)
(0.00037574067 1.2154168e-05 0)
(0.00037469049 1.0817345e-05 0)
(0.00037374356 9.6122953e-06 0)
(0.00037289155 8.5275264e-06 0)
(0.00037212658 7.5523842e-06 0)
(0.00037144116 6.6770141e-06 0)
(0.00037082829 5.8923198e-06 0)
(0.00037028138 5.1899198e-06 0)
(0.00036979434 4.562105e-06 0)
(0.00036936149 4.0017961e-06 0)
(0.00036897759 3.5025024e-06 0)
(0.00036863783 3.0582821e-06 0)
(0.00036833778 2.6637034e-06 0)
(0.00036807338 2.3138083e-06 0)
(0.00036784093 2.0040773e-06 0)
(0.00036763706 1.7303968e-06 0)
(0.00036745869 1.4890274e-06 0)
(0.00036730305 1.276575e-06 0)
(0.00036716761 1.0899629e-06 0)
(0.00036705011 9.2640626e-07 0)
(0.00036694848 7.8338755e-07 0)
(0.00036686089 6.5863445e-07 0)
(0.00036678567 5.5009873e-07 0)
(0.00036672134 4.559368e-07 0)
(0.00036666657 3.7449169e-07 0)
(0.00036662018 3.0427636e-07 0)
(0.0003665811 2.4395824e-07 0)
(0.00036654838 1.9234507e-07 0)
(0.00036652121 1.4837174e-07 0)
(0.00036649883 1.1108826e-07 0)
(0.00036648058 7.9648723e-08 0)
(0.0003664659 5.3301141e-08 0)
(0.00036645427 3.1378207e-08 0)
(0.00036644524 1.328881e-08 0)
(0.00036643841 -1.4896924e-09 0)
(0.00036643346 -1.3418505e-08 0)
(0.00036643007 -2.2903796e-08 0)
(0.00036642799 -3.0302506e-08 0)
(0.00036642699 -3.5927617e-08 0)
(0.00036642688 -4.0052921e-08 0)
(0.00036642748 -4.2917328e-08 0)
(0.00036642865 -4.4728761e-08 0)
(0.00036643028 -4.5667658e-08 0)
(0.00036643224 -4.5890125e-08 0)
(0.00036643447 -4.5530775e-08 0)
(0.00036643687 -4.4705264e-08 0)
(0.00036643939 -4.351257e-08 0)
(0.00036644197 -4.2037028e-08 0)
(0.00036644458 -4.0350142e-08 0)
(0.00036644717 -3.851221e-08 0)
(0.00036644973 -3.6573755e-08 0)
(0.00036645222 -3.4576813e-08 0)
(0.00036645463 -3.2556056e-08 0)
(0.00036645694 -3.05398e-08 0)
(0.00036645916 -2.855089e-08 0)
(0.00036646126 -2.6607474e-08 0)
(0.00036646326 -2.4723695e-08 0)
(0.00036646513 -2.2910286e-08 0)
(0.0003664669 -2.11751e-08 0)
(0.00036646855 -1.9523568e-08 0)
(0.00036647009 -1.7959098e-08 0)
(0.00036647152 -1.6483422e-08 0)
(0.00036647285 -1.5096897e-08 0)
(0.00036647407 -1.3798764e-08 0)
(0.00036647521 -1.2587367e-08 0)
(0.00036647625 -1.146035e-08 0)
(0.00036647721 -1.0414814e-08 0)
(0.00036647808 -9.4474569e-09 0)
(0.00036647889 -8.5546874e-09 0)
(0.00036647962 -7.7327252e-09 0)
(0.00036648029 -6.97768e-09 0)
(0.0003664809 -6.2856188e-09 0)
(0.00036648145 -5.6526198e-09 0)
(0.00036648195 -5.074817e-09 0)
(0.0003664824 -4.5484348e-09 0)
(0.00036648281 -4.069815e-09 0)
(0.00036648318 -3.6354373e-09 0)
(0.00036648351 -3.2419348e-09 0)
(0.00036648381 -2.8861038e-09 0)
(0.00036648407 -2.5649105e-09 0)
(0.00036648431 -2.2754939e-09 0)
(0.00036648453 -2.0151669e-09 0)
(0.00036648472 -1.7814139e-09 0)
(0.00036648489 -1.5718882e-09 0)
(0.00036648504 -1.3844069e-09 0)
(0.00036648518 -1.2169448e-09 0)
(0.0003664853 -1.0676288e-09 0)
(0.0003664854 -9.3472993e-10 0)
(0.0003664855 -8.1665621e-10 0)
(0.00036648558 -7.1194507e-10 0)
(0.00036648565 -6.1925547e-10 0)
(0.00036648572 -5.3736017e-10 0)
(0.00036648577 -4.6513818e-10 0)
(0.00036648582 -4.0156723e-10 0)
(0.00036648587 -3.4571662e-10 0)
(0.0003664859 -2.9674022e-10 0)
(0.00036648594 -2.5386988e-10 0)
(0.00036648596 -2.1640905e-10 0)
(0.00036648599 -1.8372681e-10 0)
(0.00036648601 -1.5525223e-10 0)
(0.00036648603 -1.3046904e-10 0)
(0.00036648605 -1.0891064e-10 0)
(0.00036648606 -9.0155486e-11 0)
(0.00036648607 -7.3822783e-11 0)
(0.00036648608 -5.9568452e-11 0)
(0.00036648609 -4.7081457e-11 0)
(0.00036648609 -3.6080392e-11 0)
(0.0003664861 -2.6310353e-11 0)
(0.0003664861 -1.7540077e-11 0)
(0.00036648611 -9.5593253e-12 0)
(0.00036648611 -2.1765097e-12 0)
(0.00036648611 4.7834618e-12 0)
(0.00036648611 1.1481125e-11 0)
(0.00036648611 1.8064205e-11 0)
(0.00036648611 2.4669166e-11 0)
(0.00036648611 3.1422601e-11 0)
(0.0003664861 3.8442436e-11 0)
(0.0003664861 4.5838997e-11 0)
(0.00036648609 5.3715919e-11 0)
(0.00036648609 6.2170921e-11 0)
(0.00036648608 7.1296448e-11 0)
(0.00036648608 8.1180199e-11 0)
(0.00036648607 9.1905525e-11 0)
(0.00036648606 1.0355173e-10 0)
(0.00036648605 1.1619424e-10 0)
(0.00036648603 1.2990473e-10 0)
(0.00036648602 1.4475109e-10 0)
(0.000366486 1.6079732e-10 0)
(0.00036648599 1.7810339e-10 0)
(0.00036648597 1.9672492e-10 0)
(0.00036648595 2.1671287e-10 0)
(0.00036648593 2.381131e-10 0)
(0.0003664859 2.6096587e-10 0)
(0.00036648588 2.8530527e-10 0)
(0.00036648585 3.111586e-10 0)
(0.00036648582 3.3854565e-10 0)
(0.00036648578 3.6747792e-10 0)
(0.00036648574 3.9795779e-10 0)
(0.00036648571 4.2997766e-10 0)
(0.00036648566 4.635189e-10 0)
(0.00036648562 4.9855092e-10 0)
(0.00036648557 5.3502998e-10 0)
(0.00036648552 5.7289807e-10 0)
(0.00036648546 6.1208161e-10 0)
(0.00036648541 6.5249008e-10 0)
(0.00036648534 6.9401453e-10 0)
(0.00036648528 7.365259e-10 0)
(0.00036648521 7.798732e-10 0)
(0.00036648514 8.2388134e-10 0)
(0.00036648506 8.6834877e-10 0)
(0.00036648498 9.1304459e-10 0)
(0.0003664849 9.5770528e-10 0)
(0.00036648482 1.0020307e-09 0)
(0.00036648473 1.0456796e-09 0)
(0.00036648464 1.088264e-09 0)
(0.00036648454 1.1293432e-09 0)
(0.00036648445 1.1684171e-09 0)
(0.00036648435 1.204919e-09 0)
(0.00036648425 1.2382095e-09 0)
(0.00036648415 1.2675718e-09 0)
(0.00036648405 1.2922105e-09 0)
(0.00036648395 1.3112672e-09 0)
(0.00036648385 1.3238337e-09 0)
(0.00036648376 1.3288643e-09 0)
(0.00036648362 1.3251172e-09 0)
(0.000391236 1.7227927e-05 0)
(0.00039416454 4.7327559e-05 0)
(0.00039924234 7.2548157e-05 0)
(0.00040562029 9.2670353e-05 0)
(0.00041245864 0.00010781515 0)
(0.00041912645 0.00011835175 0)
(0.00042515318 0.00012481266 0)
(0.00043023266 0.00012781283 0)
(0.0004342056 0.00012798331 0)
(0.00043702956 0.000125924 0)
(0.00043874672 0.00012217475 0)
(0.00043945457 0.00011720132 0)
(0.00043928181 0.00011139208 0)
(0.00043837 0.00010506161 0)
(0.00043686077 9.8458246e-05 0)
(0.00043488747 9.1773218e-05 0)
(0.00043257036 8.5150127e-05 0)
(0.00043001443 7.8693783e-05 0)
(0.00042730882 7.2478055e-05 0)
(0.00042452743 6.6552549e-05 0)
(0.00042173016 6.0948148e-05 0)
(0.00041896447 5.5681504e-05 0)
(0.00041626699 5.0758613e-05 0)
(0.00041366518 4.617764e-05 0)
(0.00041117883 4.1931108e-05 0)
(0.00040882136 3.800759e-05 0)
(0.00040660112 3.4392999e-05 0)
(0.00040452229 3.1071567e-05 0)
(0.00040258585 2.8026582e-05 0)
(0.00040079026 2.5240928e-05 0)
(0.00039913207 2.269749e-05 0)
(0.00039760642 2.0379443e-05 0)
(0.00039620747 1.8270456e-05 0)
(0.00039492869 1.6354834e-05 0)
(0.00039376313 1.4617609e-05 0)
(0.00039270365 1.3044596e-05 0)
(0.00039174307 1.1622423e-05 0)
(0.00039087427 1.033854e-05 0)
(0.00039009032 9.1812087e-06 0)
(0.00038938453 8.139488e-06 0)
(0.00038875049 7.2032092e-06 0)
(0.00038818213 6.3629448e-06 0)
(0.00038767373 5.6099751e-06 0)
(0.00038721992 4.9362521e-06 0)
(0.00038681567 4.3343627e-06 0)
(0.00038645633 3.7974915e-06 0)
(0.00038613759 3.3193835e-06 0)
(0.00038585547 2.8943081e-06 0)
(0.00038560631 2.5170236e-06 0)
(0.00038538676 2.1827429e-06 0)
(0.00038519374 1.8871016e-06 0)
(0.00038502447 1.626126e-06 0)
(0.00038487639 1.396204e-06 0)
(0.00038474721 1.1940571e-06 0)
(0.00038463482 1.0167139e-06 0)
(0.00038453733 8.6148524e-07 0)
(0.00038445304 7.2594117e-07 0)
(0.00038438042 6.0788913e-07 0)
(0.00038431809 5.0535368e-07 0)
(0.00038426481 4.1655771e-07 0)
(0.00038421947 3.3990491e-07 0)
(0.00038418108 2.7396361e-07 0)
(0.00038414877 2.1745174e-07 0)
(0.00038412176 1.6922307e-07 0)
(0.00038409933 1.2825443e-07 0)
(0.00038408089 9.3634026e-08 0)
(0.00038406588 6.4550665e-08 0)
(0.00038405382 4.0283934e-08 0)
(0.00038404429 2.0195174e-08 0)
(0.00038403691 3.719254e-09 0)
(0.00038403136 -9.642933e-09 0)
(0.00038402736 -2.03313e-08 0)
(0.00038402466 -2.8732776e-08 0)
(0.00038402303 -3.518694e-08 0)
(0.00038402229 -3.9991127e-08 0)
(0.00038402228 -4.3405044e-08 0)
(0.00038402286 -4.5654947e-08 0)
(0.00038402392 -4.6937399e-08 0)
(0.00038402533 -4.7422657e-08 0)
(0.00038402703 -4.7257723e-08 0)
(0.00038402894 -4.6569071e-08 0)
(0.00038403099 -4.5465101e-08 0)
(0.00038403313 -4.403833e-08 0)
(0.00038403532 -4.2367346e-08 0)
(0.00038403753 -4.0518559e-08 0)
(0.00038403972 -3.8547751e-08 0)
(0.00038404188 -3.6501456e-08 0)
(0.00038404398 -3.4418188e-08 0)
(0.00038404601 -3.2329521e-08 0)
(0.00038404796 -3.0261048e-08 0)
(0.00038404983 -2.8233226e-08 0)
(0.0003840516 -2.6262119e-08 0)
(0.00038405327 -2.4360049e-08 0)
(0.00038405485 -2.2536169e-08 0)
(0.00038405633 -2.0796959e-08 0)
(0.00038405772 -1.9146666e-08 0)
(0.00038405901 -1.7587676e-08 0)
(0.00038406021 -1.6120846e-08 0)
(0.00038406132 -1.4745786e-08 0)
(0.00038406235 -1.34611e-08 0)
(0.0003840633 -1.2264595e-08 0)
(0.00038406417 -1.1153463e-08 0)
(0.00038406497 -1.0124427e-08 0)
(0.00038406571 -9.1738726e-09 0)
(0.00038406638 -8.2979521e-09 0)
(0.000384067 -7.492677e-09 0)
(0.00038406756 -6.7539907e-09 0)
(0.00038406806 -6.0778292e-09 0)
(0.00038406853 -5.4601705e-09 0)
(0.00038406894 -4.897074e-09 0)
(0.00038406932 -4.3847109e-09 0)
(0.00038406966 -3.9193884e-09 0)
(0.00038406997 -3.4975668e-09 0)
(0.00038407025 -3.1158718e-09 0)
(0.0003840705 -2.7711029e-09 0)
(0.00038407072 -2.4602372e-09 0)
(0.00038407092 -2.1804317e-09 0)
(0.0003840711 -1.9290217e-09 0)
(0.00038407126 -1.7035182e-09 0)
(0.00038407141 -1.5016034e-09 0)
(0.00038407153 -1.3211254e-09 0)
(0.00038407165 -1.1600913e-09 0)
(0.00038407175 -1.01666e-09 0)
(0.00038407184 -8.891352e-10 0)
(0.00038407191 -7.7595685e-10 0)
(0.00038407198 -6.7569351e-10 0)
(0.00038407204 -5.8703423e-10 0)
(0.0003840721 -5.0878063e-10 0)
(0.00038407215 -4.3983909e-10 0)
(0.00038407219 -3.7921324e-10 0)
(0.00038407222 -3.2599666e-10 0)
(0.00038407226 -2.7936587e-10 0)
(0.00038407228 -2.3857365e-10 0)
(0.00038407231 -2.0294278e-10 0)
(0.00038407233 -1.7185999e-10 0)
(0.00038407235 -1.447704e-10 0)
(0.00038407236 -1.2117218e-10 0)
(0.00038407238 -1.0061172e-10 0)
(0.00038407239 -8.2678949e-11 0)
(0.0003840724 -6.7003168e-11 0)
(0.0003840724 -5.3249068e-11 0)
(0.00038407241 -4.1113122e-11 0)
(0.00038407242 -3.0320252e-11 0)
(0.00038407242 -2.0620774e-11 0)
(0.00038407242 -1.178761e-11 0)
(0.00038407243 -3.6137518e-12 0)
(0.00038407243 4.0900363e-12 0)
(0.00038407243 1.1497295e-11 0)
(0.00038407243 1.8767732e-11 0)
(0.00038407243 2.6048884e-11 0)
(0.00038407243 3.34776e-11 0)
(0.00038407242 4.1181334e-11 0)
(0.00038407242 4.9279282e-11 0)
(0.00038407241 5.7883361e-11 0)
(0.00038407241 6.7099038e-11 0)
(0.0003840724 7.7026016e-11 0)
(0.0003840724 8.7758798e-11 0)
(0.00038407239 9.9387118e-11 0)
(0.00038407238 1.1199626e-10 0)
(0.00038407237 1.2566723e-10 0)
(0.00038407236 1.4047692e-10 0)
(0.00038407235 1.5649802e-10 0)
(0.00038407233 1.7379896e-10 0)
(0.00038407232 1.9244369e-10 0)
(0.0003840723 2.124914e-10 0)
(0.00038407228 2.3399612e-10 0)
(0.00038407226 2.5700631e-10 0)
(0.00038407224 2.8156426e-10 0)
(0.00038407221 3.0770548e-10 0)
(0.00038407219 3.3545803e-10 0)
(0.00038407216 3.6484173e-10 0)
(0.00038407213 3.9586731e-10 0)
(0.00038407209 4.2853551e-10 0)
(0.00038407206 4.6283608e-10 0)
(0.00038407202 4.9874669e-10 0)
(0.00038407198 5.3623183e-10 0)
(0.00038407193 5.7524156e-10 0)
(0.00038407188 6.1571019e-10 0)
(0.00038407183 6.5755488e-10 0)
(0.00038407178 7.0067409e-10 0)
(0.00038407172 7.4494587e-10 0)
(0.00038407167 7.9022608e-10 0)
(0.0003840716 8.3634627e-10 0)
(0.00038407154 8.8311142e-10 0)
(0.00038407147 9.3029728e-10 0)
(0.0003840714 9.7764742e-10 0)
(0.00038407132 1.0248698e-09 0)
(0.00038407124 1.0716329e-09 0)
(0.00038407116 1.1175611e-09 0)
(0.00038407108 1.1622299e-09 0)
(0.000384071 1.2051606e-09 0)
(0.00038407091 1.2458142e-09 0)
(0.00038407082 1.2835868e-09 0)
(0.00038407073 1.317805e-09 0)
(0.00038407064 1.3477238e-09 0)
(0.00038407055 1.3725277e-09 0)
(0.00038407046 1.3913502e-09 0)
(0.00038407037 1.4032922e-09 0)
(0.00038407029 1.4073091e-09 0)
(0.00038407017 1.4019498e-09 0)
(0.00039120761 1.5950041e-05 0)
(0.00039387543 4.4049274e-05 0)
(0.00039858359 6.7889988e-05 0)
(0.00040461723 8.7252089e-05 0)
(0.00041125227 0.00010218872 0)
(0.00041792594 0.00011296212 0)
(0.00042419609 0.00011998263 0)
(0.0004297517 0.0001237468 0)
(0.0004344054 0.0001247831 0)
(0.00043807354 0.00012361043 0)
(0.00044075247 0.00012071012 0)
(0.00044249529 0.00011650968 0)
(0.00044339131 0.00011137595 0)
(0.00044354955 0.00010561468 0)
(0.00044308631 9.9474355e-05 0)
(0.00044211639 9.3152274e-05 0)
(0.0004407475 8.6801531e-05 0)
(0.00043907687 8.0538105e-05 0)
(0.0004371898 7.4447466e-05 0)
(0.00043515921 6.8590458e-05 0)
(0.00043304615 6.3008358e-05 0)
(0.00043090064 5.7727124e-05 0)
(0.00042876281 5.276088e-05 0)
(0.00042666418 4.8114747e-05 0)
(0.00042462883 4.37871e-05 0)
(0.00042267456 3.9771369e-05 0)
(0.00042081395 3.6057433e-05 0)
(0.0004190553 3.2632726e-05 0)
(0.00041740342 2.9483075e-05 0)
(0.00041586034 2.6593351e-05 0)
(0.00041442591 2.3947962e-05 0)
(0.00041309829 2.1531222e-05 0)
(0.00041187438 1.9327624e-05 0)
(0.00041075011 1.732204e-05 0)
(0.0004097208 1.5499867e-05 0)
(0.0004087813 1.3847119e-05 0)
(0.00040792623 1.2350496e-05 0)
(0.00040715011 1.0997417e-05 0)
(0.00040644745 9.7760389e-06 0)
(0.00040581284 8.6752587e-06 0)
(0.00040524105 7.6847042e-06 0)
(0.00040472702 6.7947161e-06 0)
(0.00040426596 5.9963249e-06 0)
(0.00040385331 5.2812228e-06 0)
(0.00040348479 4.6417331e-06 0)
(0.00040315637 4.070778e-06 0)
(0.00040286434 3.5618452e-06 0)
(0.00040260521 3.1089544e-06 0)
(0.00040237578 2.7066243e-06 0)
(0.00040217311 2.3498397e-06 0)
(0.00040199449 2.0340197e-06 0)
(0.00040183743 1.7549875e-06 0)
(0.00040169967 1.5089405e-06 0)
(0.00040157915 1.2924227e-06 0)
(0.00040147399 1.1022979e-06 0)
(0.0004013825 9.3572463e-07 0)
(0.00040130314 7.9013242e-07 0)
(0.00040123452 6.6319951e-07 0)
(0.00040117541 5.5283209e-07 0)
(0.00040112466 4.5714478e-07 0)
(0.00040108129 3.7444257e-07 0)
(0.00040104439 3.0320394e-07 0)
(0.00040101315 2.420653e-07 0)
(0.00040098686 1.8980652e-07 0)
(0.00040096488 1.4533764e-07 0)
(0.00040094664 1.0768661e-07 0)
(0.00040093164 7.5987947e-08 0)
(0.00040091944 4.9472474e-08 0)
(0.00040090964 2.745777e-08 0)
(0.0004009019 9.3395194e-09 0)
(0.00040089591 -5.4164009e-09 0)
(0.00040089142 -1.7281142e-08 0)
(0.00040088818 -2.6669445e-08 0)
(0.000400886 -3.3945602e-08 0)
(0.00040088469 -3.9428869e-08 0)
(0.00040088411 -4.3398353e-08 0)
(0.00040088412 -4.6097445e-08 0)
(0.00040088461 -4.7737813e-08 0)
(0.00040088548 -4.8502997e-08 0)
(0.00040088665 -4.8551654e-08 0)
(0.00040088805 -4.8020459e-08 0)
(0.00040088961 -4.702672e-08 0)
(0.00040089129 -4.5670708e-08 0)
(0.00040089305 -4.4037745e-08 0)
(0.00040089485 -4.2200069e-08 0)
(0.00040089665 -4.0218489e-08 0)
(0.00040089845 -3.8143862e-08 0)
(0.00040090021 -3.6018399e-08 0)
(0.00040090193 -3.3876829e-08 0)
(0.00040090359 -3.1747421e-08 0)
(0.00040090519 -2.9652889e-08 0)
(0.00040090671 -2.7611188e-08 0)
(0.00040090816 -2.5636217e-08 0)
(0.00040090953 -2.3738428e-08 0)
(0.00040091082 -2.1925366e-08 0)
(0.00040091203 -2.0202135e-08 0)
(0.00040091316 -1.8571805e-08 0)
(0.00040091422 -1.7035767e-08 0)
(0.0004009152 -1.5594036e-08 0)
(0.00040091611 -1.4245514e-08 0)
(0.00040091695 -1.2988218e-08 0)
(0.00040091772 -1.181947e-08 0)
(0.00040091844 -1.0736063e-08 0)
(0.00040091909 -9.7344006e-09 0)
(0.0004009197 -8.8106106e-09 0)
(0.00040092025 -7.9606471e-09 0)
(0.00040092075 -7.1803692e-09 0)
(0.0004009212 -6.4656086e-09 0)
(0.00040092162 -5.8122234e-09 0)
(0.000400922 -5.2161423e-09 0)
(0.00040092234 -4.6733988e-09 0)
(0.00040092265 -4.1801577e-09 0)
(0.00040092293 -3.7327354e-09 0)
(0.00040092318 -3.3276139e-09 0)
(0.00040092341 -2.9614509e-09 0)
(0.00040092361 -2.631085e-09 0)
(0.0004009238 -2.3335387e-09 0)
(0.00040092396 -2.0660181e-09 0)
(0.00040092411 -1.8259103e-09 0)
(0.00040092424 -1.6107799e-09 0)
(0.00040092436 -1.4183629e-09 0)
(0.00040092446 -1.2465614e-09 0)
(0.00040092456 -1.0934352e-09 0)
(0.00040092464 -9.571952e-10 0)
(0.00040092471 -8.3619485e-10 0)
(0.00040092478 -7.2892206e-10 0)
(0.00040092483 -6.3399102e-10 0)
(0.00040092488 -5.5013403e-10 0)
(0.00040092493 -4.7619341e-10 0)
(0.00040092497 -4.1111369e-10 0)
(0.000400925 -3.5393407e-10 0)
(0.00040092503 -3.0378108e-10 0)
(0.00040092506 -2.5986168e-10 0)
(0.00040092508 -2.214566e-10 0)
(0.0004009251 -1.8791416e-10 0)
(0.00040092512 -1.5864432e-10 0)
(0.00040092513 -1.3311316e-10 0)
(0.00040092515 -1.1083775e-10 0)
(0.00040092516 -9.1381306e-11 0)
(0.00040092517 -7.434873e-11 0)
(0.00040092517 -5.9382461e-11 0)
(0.00040092518 -4.6158666e-11 0)
(0.00040092519 -3.4383719e-11 0)
(0.00040092519 -2.3790986e-11 0)
(0.00040092519 -1.4137878e-11 0)
(0.0004009252 -5.2031722e-12 0)
(0.0004009252 3.2154161e-12 0)
(0.0004009252 1.130343e-11 0)
(0.0004009252 1.9231641e-11 0)
(0.0004009252 2.715781e-11 0)
(0.0004009252 3.5228253e-11 0)
(0.00040092519 4.3579216e-11 0)
(0.00040092519 5.2338077e-11 0)
(0.00040092519 6.1624384e-11 0)
(0.00040092518 7.1550731e-11 0)
(0.00040092518 8.2223492e-11 0)
(0.00040092517 9.374341e-11 0)
(0.00040092516 1.0620606e-10 0)
(0.00040092516 1.1970218e-10 0)
(0.00040092515 1.3431787e-10 0)
(0.00040092514 1.5013473e-10 0)
(0.00040092513 1.672298e-10 0)
(0.00040092511 1.8567548e-10 0)
(0.0004009251 2.0553927e-10 0)
(0.00040092508 2.2688353e-10 0)
(0.00040092507 2.4976501e-10 0)
(0.00040092505 2.7423435e-10 0)
(0.00040092503 3.0033556e-10 0)
(0.00040092501 3.2810528e-10 0)
(0.00040092498 3.5757207e-10 0)
(0.00040092496 3.8875556e-10 0)
(0.00040092493 4.2166553e-10 0)
(0.0004009249 4.5630095e-10 0)
(0.00040092487 4.9264885e-10 0)
(0.00040092483 5.306832e-10 0)
(0.00040092479 5.7036368e-10 0)
(0.00040092475 6.1163429e-10 0)
(0.00040092471 6.5442194e-10 0)
(0.00040092467 6.9863491e-10 0)
(0.00040092462 7.4416113e-10 0)
(0.00040092457 7.9086642e-10 0)
(0.00040092452 8.385924e-10 0)
(0.00040092446 8.8715438e-10 0)
(0.0004009244 9.3633881e-10 0)
(0.00040092434 9.8590063e-10 0)
(0.00040092428 1.0355602e-09 0)
(0.00040092421 1.0849997e-09 0)
(0.00040092415 1.1338599e-09 0)
(0.00040092408 1.181735e-09 0)
(0.000400924 1.2281693e-09 0)
(0.00040092393 1.2726517e-09 0)
(0.00040092385 1.3146114e-09 0)
(0.00040092378 1.3534144e-09 0)
(0.0004009237 1.3883608e-09 0)
(0.00040092362 1.4186844e-09 0)
(0.00040092354 1.4435548e-09 0)
(0.00040092346 1.4621002e-09 0)
(0.00040092339 1.4734291e-09 0)
(0.00040092331 1.4764959e-09 0)
(0.00040092321 1.4696381e-09 0)
(0.00039118488 1.4785919e-05 0)
(0.00039363504 4.1019643e-05 0)
(0.00039802435 6.35148e-05 0)
(0.00040374541 8.2058987e-05 0)
(0.00041017079 9.6660451e-05 0)
(0.00041679979 0.00010750292 0)
(0.00042322214 0.00011490186 0)
(0.00042913164 0.00011925725 0)
(0.00043432503 0.00012100985 0)
(0.00043868956 0.00012060566 0)
(0.00044218604 0.00011846998 0)
(0.00044483071 0.00011499072 0)
(0.00044667844 0.00011050937 0)
(0.00044780819 0.00010531795 0)
(0.00044831157 9.965995e-05 0)
(0.00044828416 9.3733817e-05 0)
(0.00044781949 8.7697874e-05 0)
(0.00044700509 8.1675717e-05 0)
(0.00044592015 7.5761592e-05 0)
(0.00044463444 7.0025422e-05 0)
(0.00044320808 6.4517298e-05 0)
(0.0004416918 5.9271371e-05 0)
(0.00044012766 5.4309156e-05 0)
(0.00043854983 4.9642283e-05 0)
(0.00043698556 4.5274752e-05 0)
(0.00043545609 4.120477e-05 0)
(0.00043397753 3.7426225e-05 0)
(0.00043256166 3.392986e-05 0)
(0.00043121669 3.0704204e-05 0)
(0.00042994791 2.7736302e-05 0)
(0.00042875821 2.5012286e-05 0)
(0.00042764859 2.2517813e-05 0)
(0.00042661856 2.0238403e-05 0)
(0.00042566651 1.815969e-05 0)
(0.00042478992 1.6267616e-05 0)
(0.00042398569 1.4548569e-05 0)
(0.00042325025 1.2989475e-05 0)
(0.00042257978 1.1577871e-05 0)
(0.00042197028 1.0301939e-05 0)
(0.0004214177 9.1505376e-06 0)
(0.00042091802 8.1131989e-06 0)
(0.00042046728 7.1801315e-06 0)
(0.00042006166 6.3422054e-06 0)
(0.00041969748 5.5909334e-06 0)
(0.00041937125 4.9184479e-06 0)
(0.00041907967 4.3174736e-06 0)
(0.00041881962 3.7812996e-06 0)
(0.00041858822 3.3037487e-06 0)
(0.00041838275 2.8791469e-06 0)
(0.00041820073 2.5022929e-06 0)
(0.00041803983 2.1684277e-06 0)
(0.00041789794 1.8732049e-06 0)
(0.00041777312 1.6126618e-06 0)
(0.00041766357 1.3831922e-06 0)
(0.00041756767 1.1815193e-06 0)
(0.00041748396 1.0046708e-06 0)
(0.00041741109 8.4995523e-07 0)
(0.00041734784 7.1493878e-07 0)
(0.00041729313 5.9742464e-07 0)
(0.00041724596 4.9543286e-07 0)
(0.00041720545 4.0718188e-07 0)
(0.0004171708 3.3107116e-07 0)
(0.00041714129 2.6566513e-07 0)
(0.0004171163 2.096783e-07 0)
(0.00041709524 1.6196144e-07 0)
(0.00041707762 1.2148885e-07 0)
(0.00041706298 8.7346671e-08 0)
(0.00041705093 5.8722108e-08 0)
(0.00041704111 3.4893527e-08 0)
(0.0004170332 1.5221425e-08 0)
(0.00041702695 -8.5984177e-10 0)
(0.00041702209 -1.38496e-08 0)
(0.00041701843 -2.4187733e-08 0)
(0.00041701577 -3.2260924e-08 0)
(0.00041701396 -3.8408325e-08 0)
(0.00041701285 -4.2926701e-08 0)
(0.00041701232 -4.6075067e-08 0)
(0.00041701227 -4.8078898e-08 0)
(0.00041701261 -4.9133903e-08 0)
(0.00041701325 -4.9409444e-08 0)
(0.00041701414 -4.9051589e-08 0)
(0.00041701521 -4.8185871e-08 0)
(0.00041701642 -4.6919739e-08 0)
(0.00041701772 -4.5344771e-08 0)
(0.00041701909 -4.3538633e-08 0)
(0.00041702049 -4.1566835e-08 0)
(0.00041702191 -3.9484288e-08 0)
(0.00041702331 -3.7336692e-08 0)
(0.0004170247 -3.5161759e-08 0)
(0.00041702605 -3.2990303e-08 0)
(0.00041702736 -3.0847199e-08 0)
(0.00041702861 -2.8752225e-08 0)
(0.00041702981 -2.6720806e-08 0)
(0.00041703095 -2.4764668e-08 0)
(0.00041703203 -2.2892406e-08 0)
(0.00041703305 -2.1109985e-08 0)
(0.00041703401 -1.942117e-08 0)
(0.0004170349 -1.7827904e-08 0)
(0.00041703574 -1.6330634e-08 0)
(0.00041703651 -1.4928593e-08 0)
(0.00041703723 -1.3620039e-08 0)
(0.0004170379 -1.2402464e-08 0)
(0.00041703852 -1.127277e-08 0)
(0.00041703908 -1.0227416e-08 0)
(0.0004170396 -9.2625479e-09 0)
(0.00041704008 -8.3741011e-09 0)
(0.00041704052 -7.5578898e-09 0)
(0.00041704091 -6.809679e-09 0)
(0.00041704128 -6.1252438e-09 0)
(0.00041704161 -5.5004176e-09 0)
(0.00041704191 -4.9311296e-09 0)
(0.00041704218 -4.4134344e-09 0)
(0.00041704243 -3.9435345e-09 0)
(0.00041704265 -3.5177969e-09 0)
(0.00041704285 -3.1327641e-09 0)
(0.00041704303 -2.7851612e-09 0)
(0.0004170432 -2.4718996e-09 0)
(0.00041704334 -2.1900776e-09 0)
(0.00041704348 -1.9369786e-09 0)
(0.00041704359 -1.7100678e-09 0)
(0.0004170437 -1.5069869e-09 0)
(0.00041704379 -1.325548e-09 0)
(0.00041704388 -1.1637266e-09 0)
(0.00041704395 -1.019654e-09 0)
(0.00041704402 -8.9160897e-10 0)
(0.00041704408 -7.7800999e-10 0)
(0.00041704413 -6.7740638e-10 0)
(0.00041704417 -5.8847024e-10 0)
(0.00041704422 -5.099881e-10 0)
(0.00041704425 -4.4085291e-10 0)
(0.00041704428 -3.8005628e-10 0)
(0.00041704431 -3.2668089e-10 0)
(0.00041704434 -2.798934e-10 0)
(0.00041704436 -2.3893753e-10 0)
(0.00041704438 -2.0312766e-10 0)
(0.00041704439 -1.7184265e-10 0)
(0.00041704441 -1.4452015e-10 0)
(0.00041704442 -1.2065121e-10 0)
(0.00041704443 -9.9775257e-11 0)
(0.00041704444 -8.1475465e-11 0)
(0.00041704445 -6.5374413e-11 0)
(0.00041704445 -5.1130117e-11 0)
(0.00041704446 -3.8432352e-11 0)
(0.00041704446 -2.6999295e-11 0)
(0.00041704446 -1.6574438e-11 0)
(0.00041704447 -6.9237961e-12 0)
(0.00041704447 2.1666449e-12 0)
(0.00041704447 1.0893221e-11 0)
(0.00041704447 1.9436656e-11 0)
(0.00041704447 2.7963908e-11 0)
(0.00041704447 3.6629811e-11 0)
(0.00041704447 4.5578514e-11 0)
(0.00041704446 5.4944747e-11 0)
(0.00041704446 6.4854907e-11 0)
(0.00041704446 7.5427975e-11 0)
(0.00041704445 8.6776293e-11 0)
(0.00041704445 9.9006178e-11 0)
(0.00041704444 1.1221841e-10 0)
(0.00041704443 1.2650856e-10 0)
(0.00041704443 1.4196725e-10 0)
(0.00041704442 1.5868022e-10 0)
(0.00041704441 1.7672833e-10 0)
(0.0004170444 1.9618742e-10 0)
(0.00041704438 2.1712812e-10 0)
(0.00041704437 2.3961546e-10 0)
(0.00041704436 2.6370848e-10 0)
(0.00041704434 2.8945968e-10 0)
(0.00041704432 3.169144e-10 0)
(0.0004170443 3.4611012e-10 0)
(0.00041704428 3.7707564e-10 0)
(0.00041704426 4.0983022e-10 0)
(0.00041704424 4.4438256e-10 0)
(0.00041704421 4.8072978e-10 0)
(0.00041704418 5.1885624e-10 0)
(0.00041704415 5.587323e-10 0)
(0.00041704412 6.0031302e-10 0)
(0.00041704409 6.4353667e-10 0)
(0.00041704405 6.8832321e-10 0)
(0.00041704401 7.3457265e-10 0)
(0.00041704397 7.8216321e-10 0)
(0.00041704393 8.3094941e-10 0)
(0.00041704388 8.8075993e-10 0)
(0.00041704384 9.3139531e-10 0)
(0.00041704379 9.8262542e-10 0)
(0.00041704374 1.0341866e-09 0)
(0.00041704368 1.0857788e-09 0)
(0.00041704363 1.137062e-09 0)
(0.00041704357 1.1876527e-09 0)
(0.00041704351 1.2371201e-09 0)
(0.00041704345 1.2849821e-09 0)
(0.00041704339 1.3307017e-09 0)
(0.00041704332 1.3736829e-09 0)
(0.00041704326 1.4132683e-09 0)
(0.00041704319 1.4487386e-09 0)
(0.00041704313 1.4793122e-09 0)
(0.00041704306 1.5041489e-09 0)
(0.000417043 1.5223741e-09 0)
(0.00041704293 1.5331035e-09 0)
(0.00041704287 1.5352868e-09 0)
(0.00041704278 1.5270592e-09 0)
(0.00039116643 1.3716545e-05 0)
(0.00039343336 3.8202082e-05 0)
(0.00039754696 5.9389355e-05 0)
(0.00040298641 7.7078069e-05 0)
(0.0004092049 9.1247265e-05 0)
(0.00041575712 0.0001020231 0)
(0.0004222653 0.00010964746 0)
(0.00042843394 0.00011444204 0)
(0.00043405268 0.00011677339 0)
(0.00043898914 0.00011702301 0)
(0.0004431772 0.00011556412 0)
(0.00044660326 0.00011274545 0)
(0.00044929272 0.00010888128 0)
(0.0004512976 0.0001042466 0)
(0.00045268628 9.9075989e-05 0)
(0.00045353535 9.3565117e-05 0)
(0.00045392352 8.7873855e-05 0)
(0.00045392732 8.2130199e-05 0)
(0.0004536183 7.6434487e-05 0)
(0.00045306141 7.0863563e-05 0)
(0.00045231414 6.5474655e-05 0)
(0.0004514264 6.0308857e-05 0)
(0.00045044069 5.5394172e-05 0)
(0.00044939263 5.074812e-05 0)
(0.00044831155 4.637993e-05 0)
(0.00044722121 4.2292362e-05 0)
(0.00044614049 3.8483212e-05 0)
(0.00044508408 3.4946528e-05 0)
(0.00044406309 3.1673601e-05 0)
(0.00044308567 2.8653752e-05 0)
(0.00044215746 2.587497e-05 0)
(0.0004412821 2.3324404e-05 0)
(0.00044046156 2.0988754e-05 0)
(0.00043969652 1.8854576e-05 0)
(0.00043898663 1.6908513e-05 0)
(0.00043833075 1.5137471e-05 0)
(0.00043772712 1.3528747e-05 0)
(0.00043717358 1.2070126e-05 0)
(0.00043666765 1.0749944e-05 0)
(0.00043620666 9.5571287e-06 0)
(0.00043578784 8.4812257e-06 0)
(0.00043540836 7.5124074e-06 0)
(0.00043506543 6.6414717e-06 0)
(0.0004347563 5.8598324e-06 0)
(0.00043447832 5.1595041e-06 0)
(0.00043422893 4.533081e-06 0)
(0.00043400571 3.9737134e-06 0)
(0.00043380636 3.4750817e-06 0)
(0.00043362873 3.0313688e-06 0)
(0.00043347082 2.637232e-06 0)
(0.00043333074 2.2877739e-06 0)
(0.00043320677 1.9785151e-06 0)
(0.00043309731 1.7053654e-06 0)
(0.00043300089 1.4645974e-06 0)
(0.00043291617 1.2528204e-06 0)
(0.00043284192 1.0669551e-06 0)
(0.00043277701 9.0420977e-07 0)
(0.00043272043 7.6205791e-07 0)
(0.00043267125 6.3821664e-07 0)
(0.00043262864 5.306267e-07 0)
(0.00043259186 4.3743355e-07 0)
(0.0004325602 3.5696975e-07 0)
(0.00043253308 2.8773859e-07 0)
(0.00043250994 2.2839879e-07 0)
(0.00043249029 1.7775038e-07 0)
(0.00043247369 1.3472165e-07 0)
(0.00043245976 9.8357027e-08 0)
(0.00043244815 6.7806041e-08 0)
(0.00043243855 4.2313091e-08 0)
(0.00043243069 2.1208106e-08 0)
(0.00043242433 3.8979866e-09 0)
(0.00043241925 -1.0141201e-08 0)
(0.00043241528 -2.1371354e-08 0)
(0.00043241224 -3.0198811e-08 0)
(0.00043240999 -3.6980238e-08 0)
(0.00043240841 -4.2027977e-08 0)
(0.00043240739 -4.561487e-08 0)
(0.00043240683 -4.7978637e-08 0)
(0.00043240665 -4.9325817e-08 0)
(0.00043240679 -4.9835317e-08 0)
(0.00043240717 -4.9661613e-08 0)
(0.00043240775 -4.8937616e-08 0)
(0.00043240848 -4.7777242e-08 0)
(0.00043240932 -4.6277717e-08 0)
(0.00043241025 -4.452163e-08 0)
(0.00043241123 -4.257877e-08 0)
(0.00043241225 -4.0507755e-08 0)
(0.00043241329 -3.8357484e-08 0)
(0.00043241432 -3.6168427e-08 0)
(0.00043241534 -3.3973756e-08 0)
(0.00043241634 -3.1800363e-08 0)
(0.00043241731 -2.9669737e-08 0)
(0.00043241825 -2.7598751e-08 0)
(0.00043241915 -2.5600347e-08 0)
(0.00043242 -2.3684135e-08 0)
(0.00043242082 -2.1856918e-08 0)
(0.00043242158 -2.012315e-08 0)
(0.0004324223 -1.8485333e-08 0)
(0.00043242298 -1.6944362e-08 0)
(0.00043242361 -1.5499818e-08 0)
(0.0004324242 -1.4150231e-08 0)
(0.00043242474 -1.2893293e-08 0)
(0.00043242525 -1.1726047e-08 0)
(0.00043242572 -1.0645048e-08 0)
(0.00043242615 -9.6464934e-09 0)
(0.00043242654 -8.7263394e-09 0)
(0.00043242691 -7.8803929e-09 0)
(0.00043242724 -7.1043898e-09 0)
(0.00043242755 -6.3940591e-09 0)
(0.00043242782 -5.7451742e-09 0)
(0.00043242808 -5.1535943e-09 0)
(0.00043242831 -4.6152968e-09 0)
(0.00043242852 -4.1264017e-09 0)
(0.00043242871 -3.6831905e-09 0)
(0.00043242888 -3.2821184e-09 0)
(0.00043242903 -2.9198233e-09 0)
(0.00043242917 -2.5931303e-09 0)
(0.0004324293 -2.299053e-09 0)
(0.00043242941 -2.0347924e-09 0)
(0.00043242952 -1.7977342e-09 0)
(0.00043242961 -1.585444e-09 0)
(0.00043242969 -1.3956612e-09 0)
(0.00043242976 -1.2262925e-09 0)
(0.00043242983 -1.0754039e-09 0)
(0.00043242989 -9.4121298e-10 0)
(0.00043242994 -8.2208057e-10 0)
(0.00043242999 -7.1650228e-10 0)
(0.00043243003 -6.2310004e-10 0)
(0.00043243006 -5.4061376e-10 0)
(0.0004324301 -4.6789314e-10 0)
(0.00043243012 -4.0388974e-10 0)
(0.00043243015 -3.4764926e-10 0)
(0.00043243017 -2.9830424e-10 0)
(0.00043243019 -2.5506703e-10 0)
(0.00043243021 -2.172231e-10 0)
(0.00043243022 -1.8412483e-10 0)
(0.00043243024 -1.5518554e-10 0)
(0.00043243025 -1.2987398e-10 0)
(0.00043243026 -1.0770917e-10 0)
(0.00043243027 -8.8255572e-11 0)
(0.00043243027 -7.1118645e-11 0)
(0.00043243028 -5.5940724e-11 0)
(0.00043243028 -4.2397225e-11 0)
(0.00043243029 -3.0193158e-11 0)
(0.00043243029 -1.9059941e-11 0)
(0.00043243029 -8.7524956e-12 0)
(0.0004324303 9.5338941e-13 0)
(0.0004324303 1.0263443e-11 0)
(0.0004324303 1.9367054e-11 0)
(0.0004324303 2.8439189e-11 0)
(0.0004324303 3.7642096e-11 0)
(0.0004324303 4.7126803e-11 0)
(0.00043243029 5.703443e-11 0)
(0.00043243029 6.7497319e-11 0)
(0.00043243029 7.8639992e-11 0)
(0.00043243028 9.0579951e-11 0)
(0.00043243028 1.0342832e-10 0)
(0.00043243027 1.1729036e-10 0)
(0.00043243027 1.3226579e-10 0)
(0.00043243026 1.4844908e-10 0)
(0.00043243025 1.6592951e-10 0)
(0.00043243025 1.8479114e-10 0)
(0.00043243024 2.0511273e-10 0)
(0.00043243023 2.2696746e-10 0)
(0.00043243022 2.5042259e-10 0)
(0.0004324302 2.7553899e-10 0)
(0.00043243019 3.023706e-10 0)
(0.00043243018 3.3096378e-10 0)
(0.00043243016 3.6135654e-10 0)
(0.00043243014 3.9357769e-10 0)
(0.00043243013 4.2764595e-10 0)
(0.00043243011 4.6356885e-10 0)
(0.00043243008 5.0134167e-10 0)
(0.00043243006 5.409462e-10 0)
(0.00043243004 5.8234939e-10 0)
(0.00043243001 6.2550201e-10 0)
(0.00043242998 6.7033707e-10 0)
(0.00043242995 7.1676823e-10 0)
(0.00043242992 7.6468801e-10 0)
(0.00043242989 8.1396596e-10 0)
(0.00043242985 8.6444656e-10 0)
(0.00043242982 9.1594707e-10 0)
(0.00043242978 9.6825517e-10 0)
(0.00043242974 1.0211263e-09 0)
(0.0004324297 1.074281e-09 0)
(0.00043242965 1.1274018e-09 0)
(0.00043242961 1.18013e-09 0)
(0.00043242956 1.2320625e-09 0)
(0.00043242952 1.282748e-09 0)
(0.00043242947 1.331684e-09 0)
(0.00043242942 1.3783131e-09 0)
(0.00043242937 1.4220206e-09 0)
(0.00043242932 1.4621327e-09 0)
(0.00043242927 1.4979164e-09 0)
(0.00043242921 1.5285811e-09 0)
(0.00043242916 1.5532809e-09 0)
(0.00043242911 1.5711408e-09 0)
(0.00043242906 1.5812836e-09 0)
(0.00043242902 1.5826549e-09 0)
(0.00043242895 1.5731981e-09 0)
(0.00039115128 1.2726787e-05 0)
(0.00039326286 3.5566298e-05 0)
(0.00039713736 5.5484112e-05 0)
(0.00040232427 7.2294099e-05 0)
(0.00040834413 8.5956839e-05 0)
(0.00041480033 9.6556342e-05 0)
(0.00042134654 0.00010427746 0)
(0.00042770132 0.00010937863 0)
(0.00043365331 0.00011216412 0)
(0.00043905772 0.00011295911 0)
(0.00044382858 0.00011208933 0)
(0.00044792861 0.00010986602 0)
(0.00045135848 0.00010657572 0)
(0.00045414661 0.0001024744 0)
(0.00045634015 9.7784994e-05 0)
(0.00045799755 9.2697305e-05 0)
(0.00045918268 8.7369709e-05 0)
(0.00045996048 8.1931788e-05 0)
(0.00046039389 7.6487515e-05 0)
(0.00046054179 7.1118591e-05 0)
(0.00046045777 6.5887706e-05 0)
(0.00046018962 6.0841577e-05 0)
(0.00045977909 5.6013695e-05 0)
(0.00045926212 5.1426728e-05 0)
(0.00045866915 4.7094613e-05 0)
(0.0004580256 4.3024317e-05 0)
(0.0004573524 3.9217329e-05 0)
(0.00045666652 3.5670895e-05 0)
(0.0004559815 3.2379034e-05 0)
(0.00045530791 2.9333373e-05 0)
(0.00045465386 2.6523821e-05 0)
(0.00045402533 2.3939111e-05 0)
(0.00045342659 2.1567234e-05 0)
(0.00045286047 1.9395786e-05 0)
(0.00045232866 1.7412235e-05 0)
(0.00045183192 1.5604131e-05 0)
(0.00045137026 1.3959262e-05 0)
(0.00045094315 1.2465782e-05 0)
(0.00045054964 1.1112287e-05 0)
(0.00045018842 9.8878849e-06 0)
(0.00044985799 8.7822327e-06 0)
(0.0004495567 7.7855585e-06 0)
(0.00044928279 6.8886734e-06 0)
(0.00044903449 6.0829716e-06 0)
(0.00044881 5.3604222e-06 0)
(0.00044860756 4.7135553e-06 0)
(0.00044842545 4.1354436e-06 0)
(0.00044826203 3.6196807e-06 0)
(0.00044811572 3.1603569e-06 0)
(0.00044798504 2.7520339e-06 0)
(0.00044786857 2.3897182e-06 0)
(0.00044776501 2.0688349e-06 0)
(0.00044767315 1.7852009e-06 0)
(0.00044759183 1.5349989e-06 0)
(0.00044752004 1.3147519e-06 0)
(0.00044745679 1.1212989e-06 0)
(0.00044740121 9.5177099e-07 0)
(0.0004473525 8.0356935e-07 0)
(0.00044730992 6.7434349e-07 0)
(0.00044727281 5.6197135e-07 0)
(0.00044724055 4.6454022e-07 0)
(0.0004472126 3.8032906e-07 0)
(0.00044718847 3.0779185e-07 0)
(0.00044716771 2.4554212e-07 0)
(0.00044714992 1.9233861e-07 0)
(0.00044713475 1.4707194e-07 0)
(0.00044712186 1.0875231e-07 0)
(0.00044711098 7.6498204e-08 0)
(0.00044710185 4.9525903e-08 0)
(0.00044709424 2.713995e-08 0)
(0.00044708794 8.7243666e-09 0)
(0.00044708279 -6.2653618e-09 0)
(0.00044707863 -1.8309603e-08 0)
(0.00044707531 -2.7831244e-08 0)
(0.0004470727 -3.5201748e-08 0)
(0.00044707072 -4.0746655e-08 0)
(0.00044706925 -4.4750568e-08 0)
(0.00044706822 -4.7461655e-08 0)
(0.00044706755 -4.9095724e-08 0)
(0.00044706719 -4.9839889e-08 0)
(0.00044706708 -4.9855873e-08 0)
(0.00044706717 -4.9282975e-08 0)
(0.00044706743 -4.824073e-08 0)
(0.00044706781 -4.6831294e-08 0)
(0.00044706829 -4.514157e-08 0)
(0.00044706885 -4.3245115e-08 0)
(0.00044706947 -4.1203826e-08 0)
(0.00044707012 -3.906945e-08 0)
(0.00044707079 -3.6884918e-08 0)
(0.00044707147 -3.4685532e-08 0)
(0.00044707215 -3.2500007e-08 0)
(0.00044707283 -3.0351398e-08 0)
(0.00044707349 -2.8257909e-08 0)
(0.00044707413 -2.6233614e-08 0)
(0.00044707475 -2.4289075e-08 0)
(0.00044707534 -2.2431894e-08 0)
(0.0004470759 -2.0667193e-08 0)
(0.00044707644 -1.899802e-08 0)
(0.00044707694 -1.7425719e-08 0)
(0.00044707742 -1.5950236e-08 0)
(0.00044707787 -1.4570387e-08 0)
(0.00044707828 -1.328409e-08 0)
(0.00044707867 -1.2088558e-08 0)
(0.00044707903 -1.0980474e-08 0)
(0.00044707937 -9.9561207e-09 0)
(0.00044707968 -9.0115111e-09 0)
(0.00044707996 -8.1424808e-09 0)
(0.00044708022 -7.3447733e-09 0)
(0.00044708046 -6.6141073e-09 0)
(0.00044708069 -5.9462317e-09 0)
(0.00044708089 -5.3369703e-09 0)
(0.00044708107 -4.7822561e-09 0)
(0.00044708124 -4.2781589e-09 0)
(0.00044708139 -3.8209047e-09 0)
(0.00044708153 -3.4068908e-09 0)
(0.00044708166 -3.032695e-09 0)
(0.00044708177 -2.6950815e-09 0)
(0.00044708188 -2.3910034e-09 0)
(0.00044708197 -2.1176019e-09 0)
(0.00044708206 -1.8722042e-09 0)
(0.00044708213 -1.6523192e-09 0)
(0.0004470822 -1.4556316e-09 0)
(0.00044708226 -1.2799959e-09 0)
(0.00044708232 -1.1234283e-09 0)
(0.00044708237 -9.8409913e-10 0)
(0.00044708241 -8.6032475e-10 0)
(0.00044708245 -7.5055882e-10 0)
(0.00044708248 -6.5338399e-10 0)
(0.00044708252 -5.6750344e-10 0)
(0.00044708254 -4.9173266e-10 0)
(0.00044708257 -4.2499137e-10 0)
(0.00044708259 -3.6629578e-10 0)
(0.00044708261 -3.1475108e-10 0)
(0.00044708263 -2.6954436e-10 0)
(0.00044708264 -2.2993779e-10 0)
(0.00044708266 -1.9526226e-10 0)
(0.00044708267 -1.6491133e-10 0)
(0.00044708268 -1.3833556e-10 0)
(0.00044708269 -1.1503728e-10 0)
(0.00044708269 -9.4565617e-11 0)
(0.0004470827 -7.6511941e-11 0)
(0.00044708271 -6.0505665e-11 0)
(0.00044708271 -4.6210334e-11 0)
(0.00044708271 -3.332006e-11 0)
(0.00044708272 -2.1556244e-11 0)
(0.00044708272 -1.0664594e-11 0)
(0.00044708272 -4.1241529e-13 0)
(0.00044708272 9.4138411e-12 0)
(0.00044708273 1.9010783e-11 0)
(0.00044708273 2.8560048e-11 0)
(0.00044708273 3.823006e-11 0)
(0.00044708272 4.8177574e-11 0)
(0.00044708272 5.8549023e-11 0)
(0.00044708272 6.9481684e-11 0)
(0.00044708272 8.1104669e-11 0)
(0.00044708272 9.3539742e-11 0)
(0.00044708271 1.0690199e-10 0)
(0.00044708271 1.2130034e-10 0)
(0.00044708271 1.3683791e-10 0)
(0.0004470827 1.5361228e-10 0)
(0.00044708269 1.7171559e-10 0)
(0.00044708269 1.9123447e-10 0)
(0.00044708268 2.1224998e-10 0)
(0.00044708267 2.3483731e-10 0)
(0.00044708267 2.5906542e-10 0)
(0.00044708266 2.8499655e-10 0)
(0.00044708265 3.1268568e-10 0)
(0.00044708263 3.4217981e-10 0)
(0.00044708262 3.7351721e-10 0)
(0.00044708261 4.067265e-10 0)
(0.0004470826 4.4182572e-10 0)
(0.00044708258 4.788212e-10 0)
(0.00044708256 5.1770644e-10 0)
(0.00044708255 5.5846081e-10 0)
(0.00044708253 6.010482e-10 0)
(0.00044708251 6.454155e-10 0)
(0.00044708249 6.914911e-10 0)
(0.00044708247 7.3918311e-10 0)
(0.00044708244 7.8837761e-10 0)
(0.00044708242 8.3893664e-10 0)
(0.00044708239 8.906962e-10 0)
(0.00044708236 9.434639e-10 0)
(0.00044708234 9.9701665e-10 0)
(0.00044708231 1.051098e-09 0)
(0.00044708227 1.1054157e-09 0)
(0.00044708224 1.1596381e-09 0)
(0.00044708221 1.213392e-09 0)
(0.00044708218 1.266259e-09 0)
(0.00044708214 1.3177724e-09 0)
(0.00044708211 1.3674145e-09 0)
(0.00044708207 1.4146139e-09 0)
(0.00044708203 1.4587432e-09 0)
(0.000447082 1.4991183e-09 0)
(0.00044708196 1.534999e-09 0)
(0.00044708192 1.5655905e-09 0)
(0.00044708189 1.5900458e-09 0)
(0.00044708185 1.6074925e-09 0)
(0.00044708182 1.6170614e-09 0)
(0.00044708179 1.6176941e-09 0)
(0.00044708174 1.6071604e-09 0)
(0.00039113869 1.1804443e-05 0)
(0.00039311773 3.3087042e-05 0)
(0.00039678433 5.1773015e-05 0)
(0.00040174543 6.769108e-05 0)
(0.00040757796 8.079073e-05 0)
(0.00041392783 9.1125188e-05 0)
(0.00042047816 9.8835129e-05 0)
(0.00042696317 0.00010412801 0)
(0.00043317457 0.00010725605 0)
(0.00043896059 0.00010849569 0)
(0.0004442211 0.00010813005 0)
(0.00044890034 0.00010643526 0)
(0.00045297865 0.00010367057 0)
(0.00045646411 0.00010007201 0)
(0.00045938486 9.5848998e-05 0)
(0.00046178249 9.1183208e-05 0)
(0.00046370653 8.6229062e-05 0)
(0.00046521025 8.1115356e-05 0)
(0.00046634741 7.5947519e-05 0)
(0.00046717003 7.0810198e-05 0)
(0.00046772689 6.5769935e-05 0)
(0.00046806262 6.0877752e-05 0)
(0.00046821724 5.6171572e-05 0)
(0.00046822605 5.1678406e-05 0)
(0.00046811973 4.7416283e-05 0)
(0.0004679246 4.3395938e-05 0)
(0.00046766296 3.9622251e-05 0)
(0.00046735348 3.6095468e-05 0)
(0.00046701161 3.281223e-05 0)
(0.00046664998 2.9766421e-05 0)
(0.00046627876 2.6949876e-05 0)
(0.00046590606 2.435295e-05 0)
(0.0004655382 2.1964993e-05 0)
(0.00046518 1.9774722e-05 0)
(0.00046483504 1.7770521e-05 0)
(0.0004645059 1.5940684e-05 0)
(0.0004641943 1.4273593e-05 0)
(0.0004639013 1.2757867e-05 0)
(0.0004636274 1.1382468e-05 0)
(0.00046337269 1.0136776e-05 0)
(0.00046313692 9.0106509e-06 0)
(0.00046291961 7.9944626e-06 0)
(0.00046272007 7.0791175e-06 0)
(0.00046253749 6.2560657e-06 0)
(0.00046237097 5.5173019e-06 0)
(0.00046221956 4.8553573e-06 0)
(0.00046208228 4.2632877e-06 0)
(0.00046195815 3.7346554e-06 0)
(0.0004618462 3.2635092e-06 0)
(0.00046174548 2.8443622e-06 0)
(0.00046165508 2.4721675e-06 0)
(0.00046157415 2.1422939e-06 0)
(0.00046150184 1.8505007e-06 0)
(0.0004614374 1.5929128e-06 0)
(0.00046138009 1.3659967e-06 0)
(0.00046132925 1.1665359e-06 0)
(0.00046128424 9.9160851e-07 0)
(0.00046124449 8.3856495e-07 0)
(0.00046120947 7.0500671e-07 0)
(0.00046117869 5.8876652e-07 0)
(0.0004611517 4.8788936e-07 0)
(0.00046112811 4.0061479e-07 0)
(0.00046110754 3.2536019e-07 0)
(0.00046108966 2.6070534e-07 0)
(0.00046107416 2.0537785e-07 0)
(0.00046106078 1.5823978e-07 0)
(0.00046104926 1.1827523e-07 0)
(0.00046103938 8.45788e-08 0)
(0.00046103095 5.6345073e-08 0)
(0.00046102379 3.2858874e-08 0)
(0.00046101774 1.3486364e-08 0)
(0.00046101266 -2.3331212e-09 0)
(0.00046100842 -1.5094514e-08 0)
(0.00046100491 -2.5233813e-08 0)
(0.00046100204 -3.313426e-08 0)
(0.00046099971 -3.9131956e-08 0)
(0.00046099785 -4.3520954e-08 0)
(0.00046099639 -4.655786e-08 0)
(0.00046099527 -4.8466004e-08 0)
(0.00046099444 -4.9439189e-08 0)
(0.00046099385 -4.9645079e-08 0)
(0.00046099347 -4.9228233e-08 0)
(0.00046099326 -4.8312841e-08 0)
(0.00046099318 -4.7005161e-08 0)
(0.00046099322 -4.539571e-08 0)
(0.00046099336 -4.3561218e-08 0)
(0.00046099356 -4.1566362e-08 0)
(0.00046099382 -3.9465319e-08 0)
(0.00046099412 -3.730314e-08 0)
(0.00046099446 -3.5116966e-08 0)
(0.00046099481 -3.2937108e-08 0)
(0.00046099518 -3.0788e-08 0)
(0.00046099555 -2.8689034e-08 0)
(0.00046099593 -2.6655298e-08 0)
(0.0004609963 -2.4698227e-08 0)
(0.00046099666 -2.2826161e-08 0)
(0.00046099702 -2.1044845e-08 0)
(0.00046099736 -1.9357854e-08 0)
(0.00046099769 -1.776697e-08 0)
(0.000460998 -1.6272503e-08 0)
(0.0004609983 -1.4873567e-08 0)
(0.00046099858 -1.3568323e-08 0)
(0.00046099884 -1.2354179e-08 0)
(0.00046099909 -1.122797e-08 0)
(0.00046099932 -1.0186098e-08 0)
(0.00046099954 -9.2246638e-09 0)
(0.00046099974 -8.3395662e-09 0)
(0.00046099993 -7.5265909e-09 0)
(0.0004610001 -6.7814815e-09 0)
(0.00046100026 -6.0999973e-09 0)
(0.00046100041 -5.4779605e-09 0)
(0.00046100054 -4.9112934e-09 0)
(0.00046100067 -4.3960471e-09 0)
(0.00046100078 -3.9284233e-09 0)
(0.00046100088 -3.5047904e-09 0)
(0.00046100098 -3.1216942e-09 0)
(0.00046100107 -2.7758646e-09 0)
(0.00046100114 -2.4642186e-09 0)
(0.00046100122 -2.183861e-09 0)
(0.00046100128 -1.9320823e-09 0)
(0.00046100134 -1.7063548e-09 0)
(0.00046100139 -1.5043278e-09 0)
(0.00046100144 -1.3238205e-09 0)
(0.00046100149 -1.1628158e-09 0)
(0.00046100152 -1.0194515e-09 0)
(0.00046100156 -8.9201322e-10 0)
(0.00046100159 -7.7892519e-10 0)
(0.00046100162 -6.787423e-10 0)
(0.00046100165 -5.9014157e-10 0)
(0.00046100167 -5.1191386e-10 0)
(0.00046100169 -4.4295585e-10 0)
(0.00046100171 -3.8226221e-10 0)
(0.00046100172 -3.2891805e-10 0)
(0.00046100174 -2.8209179e-10 0)
(0.00046100175 -2.4102828e-10 0)
(0.00046100176 -2.0504235e-10 0)
(0.00046100177 -1.735127e-10 0)
(0.00046100178 -1.4587618e-10 0)
(0.00046100179 -1.2162244e-10 0)
(0.0004610018 -1.0028889e-10 0)
(0.0004610018 -8.1456167e-11 0)
(0.00046100181 -6.4743733e-11 0)
(0.00046100181 -4.9805991e-11 0)
(0.00046100182 -3.6328623e-11 0)
(0.00046100182 -2.4025267e-11 0)
(0.00046100182 -1.263447e-11 0)
(0.00046100182 -1.916933e-12 0)
(0.00046100183 8.3469879e-12 0)
(0.00046100183 1.8359532e-11 0)
(0.00046100183 2.8307545e-11 0)
(0.00046100183 3.836427e-11 0)
(0.00046100183 4.8690922e-11 0)
(0.00046100183 5.9438069e-11 0)
(0.00046100183 7.0746821e-11 0)
(0.00046100182 8.2749838e-11 0)
(0.00046100182 9.5572172e-11 0)
(0.00046100182 1.0933195e-10 0)
(0.00046100182 1.2414088e-10 0)
(0.00046100182 1.4010468e-10 0)
(0.00046100181 1.5732325e-10 0)
(0.00046100181 1.7589085e-10 0)
(0.0004610018 1.95896e-10 0)
(0.0004610018 2.1742143e-10 0)
(0.00046100179 2.4054373e-10 0)
(0.00046100179 2.6533303e-10 0)
(0.00046100178 2.9185248e-10 0)
(0.00046100178 3.2015766e-10 0)
(0.00046100177 3.5029589e-10 0)
(0.00046100176 3.823054e-10 0)
(0.00046100175 4.1621444e-10 0)
(0.00046100174 4.5204027e-10 0)
(0.00046100173 4.8978804e-10 0)
(0.00046100172 5.2944958e-10 0)
(0.00046100171 5.7100211e-10 0)
(0.0004610017 6.1440681e-10 0)
(0.00046100169 6.5960731e-10 0)
(0.00046100167 7.0652805e-10 0)
(0.00046100166 7.5507257e-10 0)
(0.00046100164 8.0512163e-10 0)
(0.00046100163 8.5653121e-10 0)
(0.00046100161 9.0913045e-10 0)
(0.00046100159 9.6271937e-10 0)
(0.00046100157 1.0170664e-09 0)
(0.00046100156 1.0719062e-09 0)
(0.00046100154 1.1269363e-09 0)
(0.00046100152 1.1818151e-09 0)
(0.0004610015 1.2361587e-09 0)
(0.00046100147 1.2895379e-09 0)
(0.00046100145 1.3414758e-09 0)
(0.00046100143 1.391445e-09 0)
(0.00046100141 1.4388658e-09 0)
(0.00046100139 1.4831041e-09 0)
(0.00046100137 1.5234717e-09 0)
(0.00046100135 1.5592267e-09 0)
(0.00046100133 1.5895753e-09 0)
(0.00046100131 1.6136741e-09 0)
(0.00046100129 1.6306563e-09 0)
(0.00046100127 1.639662e-09 0)
(0.00046100125 1.6396325e-09 0)
(0.00046100123 1.6281835e-09 0)
(0.00039112815 1.0939556e-05 0)
(0.0003929935 3.074312e-05 0)
(0.00039647882 4.8233166e-05 0)
(0.00040123839 6.3253142e-05 0)
(0.00040689647 7.5746527e-05 0)
(0.00041313585 8.5744161e-05 0)
(0.0004196667 9.3352512e-05 0)
(0.00042623936 9.8737973e-05 0)
(0.00043265126 0.00010210945 0)
(0.00043874755 0.00010370148 0)
(0.00044441841 0.00010375936 0)
(0.000449594 0.00010252686 0)
(0.00045423814 0.00010023706 0)
(0.00045834169 9.7105856e-05 0)
(0.00046191607 9.332811e-05 0)
(0.00046498749 8.907571e-05 0)
(0.000467592 8.4497243e-05 0)
(0.00046977143 7.9718759e-05 0)
(0.00047157022 7.4845263e-05 0)
(0.00047303312 6.9962641e-05 0)
(0.00047420342 6.5139781e-05 0)
(0.00047512186 6.0430738e-05 0)
(0.00047582595 5.5876815e-05 0)
(0.00047634957 5.1508515e-05 0)
(0.00047672291 4.73473e-05 0)
(0.00047697249 4.3407163e-05 0)
(0.00047712137 3.9696001e-05 0)
(0.00047718936 3.6216799e-05 0)
(0.00047719338 3.2968642e-05 0)
(0.00047714767 2.9947568e-05 0)
(0.0004770642 2.7147284e-05 0)
(0.00047695285 2.4559765e-05 0)
(0.00047682179 2.2175737e-05 0)
(0.00047667763 1.9985086e-05 0)
(0.00047652574 1.7977176e-05 0)
(0.00047637036 1.6141116e-05 0)
(0.00047621483 1.4465964e-05 0)
(0.00047606172 1.2940889e-05 0)
(0.00047591298 1.15553e-05 0)
(0.00047577003 1.0298936e-05 0)
(0.00047563387 9.1619417e-06 0)
(0.00047550516 8.1349093e-06 0)
(0.00047538428 7.2089155e-06 0)
(0.0004752714 6.3755388e-06 0)
(0.00047516653 5.6268667e-06 0)
(0.00047506951 4.9554956e-06 0)
(0.00047498014 4.354523e-06 0)
(0.00047489811 3.8175352e-06 0)
(0.00047482306 3.3385904e-06 0)
(0.00047475462 2.9121998e-06 0)
(0.00047469238 2.5333063e-06 0)
(0.00047463595 2.1972619e-06 0)
(0.0004745849 1.8998045e-06 0)
(0.00047453884 1.6370345e-06 0)
(0.00047449738 1.4053915e-06 0)
(0.00047446015 1.2016315e-06 0)
(0.00047442678 1.0228042e-06 0)
(0.00047439696 8.6623182e-07 0)
(0.00047437034 7.2948829e-07 0)
(0.00047434665 6.1037953e-07 0)
(0.00047432561 5.0692484e-07 0)
(0.00047430696 4.1733931e-07 0)
(0.00047429046 3.4001723e-07 0)
(0.00047427591 2.7351662e-07 0)
(0.00047426309 2.1654481e-07 0)
(0.00047425184 1.6794498e-07 0)
(0.00047424198 1.2668371e-07 0)
(0.00047423337 9.1839458e-08 0)
(0.00047422586 6.2591935e-08 0)
(0.00047421934 3.8212337e-08 0)
(0.00047421369 1.8054355e-08 0)
(0.00047420882 1.5459532e-09 0)
(0.00047420462 -1.181815e-08 0)
(0.00047420103 -2.2483347e-08 0)
(0.00047419797 -3.0841387e-08 0)
(0.00047419537 -3.7236061e-08 0)
(0.00047419317 -4.1968354e-08 0)
(0.00047419133 -4.5301116e-08 0)
(0.00047418979 -4.7463281e-08 0)
(0.00047418853 -4.865368e-08 0)
(0.00047418749 -4.9044472e-08 0)
(0.00047418665 -4.8784235e-08 0)
(0.00047418598 -4.8000736e-08 0)
(0.00047418546 -4.680342e-08 0)
(0.00047418506 -4.5285632e-08 0)
(0.00047418477 -4.3526606e-08 0)
(0.00047418456 -4.1593236e-08 0)
(0.00047418443 -3.9541655e-08 0)
(0.00047418437 -3.7418634e-08 0)
(0.00047418435 -3.526283e-08 0)
(0.00047418437 -3.3105878e-08 0)
(0.00047418443 -3.0973372e-08 0)
(0.00047418451 -2.8885715e-08 0)
(0.00047418461 -2.6858876e-08 0)
(0.00047418473 -2.4905051e-08 0)
(0.00047418486 -2.303324e-08 0)
(0.000474185 -2.1249756e-08 0)
(0.00047418514 -1.9558664e-08 0)
(0.00047418528 -1.796216e-08 0)
(0.00047418542 -1.646091e-08 0)
(0.00047418556 -1.5054328e-08 0)
(0.0004741857 -1.3740829e-08 0)
(0.00047418584 -1.2518033e-08 0)
(0.00047418597 -1.1382949e-08 0)
(0.00047418609 -1.0332125e-08 0)
(0.00047418621 -9.3617801e-09 0)
(0.00047418633 -8.4679075e-09 0)
(0.00047418643 -7.6463682e-09 0)
(0.00047418654 -6.8929641e-09 0)
(0.00047418663 -6.2034985e-09 0)
(0.00047418672 -5.5738258e-09 0)
(0.0004741868 -4.9998898e-09 0)
(0.00047418688 -4.4777552e-09 0)
(0.00047418695 -4.0036301e-09 0)
(0.00047418702 -3.5738836e-09 0)
(0.00047418708 -3.1850574e-09 0)
(0.00047418714 -2.8338738e-09 0)
(0.00047418719 -2.5172393e-09 0)
(0.00047418724 -2.2322459e-09 0)
(0.00047418728 -1.9761695e-09 0)
(0.00047418732 -1.7464671e-09 0)
(0.00047418736 -1.5407713e-09 0)
(0.0004741874 -1.3568847e-09 0)
(0.00047418743 -1.1927731e-09 0)
(0.00047418746 -1.0465576e-09 0)
(0.00047418748 -9.165069e-10 0)
(0.0004741875 -8.010292e-10 0)
(0.00047418753 -6.9866357e-10 0)
(0.00047418755 -6.0807185e-10 0)
(0.00047418756 -5.2803038e-10 0)
(0.00047418758 -4.5742199e-10 0)
(0.00047418759 -3.9522819e-10 0)
(0.00047418761 -3.4052169e-10 0)
(0.00047418762 -2.9245918e-10 0)
(0.00047418763 -2.5027452e-10 0)
(0.00047418764 -2.1327221e-10 0)
(0.00047418765 -1.8082131e-10 0)
(0.00047418765 -1.5234967e-10 0)
(0.00047418766 -1.2733855e-10 0)
(0.00047418766 -1.0531757e-10 0)
(0.00047418767 -8.5860097e-11 0)
(0.00047418767 -6.8578885e-11 0)
(0.00047418768 -5.3122096e-11 0)
(0.00047418768 -3.9169632e-11 0)
(0.00047418769 -2.6429777e-11 0)
(0.00047418769 -1.4636123e-11 0)
(0.00047418769 -3.5447864e-12 0)
(0.00047418769 7.0681221e-12 0)
(0.00047418769 1.7408768e-11 0)
(0.00047418769 2.7667629e-11 0)
(0.0004741877 3.8021307e-11 0)
(0.0004741877 4.8634123e-11 0)
(0.0004741877 5.9659512e-11 0)
(0.0004741877 7.1241232e-11 0)
(0.0004741877 8.3514381e-11 0)
(0.0004741877 9.6606253e-11 0)
(0.00047418769 1.1063702e-10 0)
(0.00047418769 1.2572028e-10 0)
(0.00047418769 1.4196342e-10 0)
(0.00047418769 1.5946788e-10 0)
(0.00047418769 1.7832925e-10 0)
(0.00047418769 1.9863723e-10 0)
(0.00047418769 2.2047554e-10 0)
(0.00047418768 2.4392157e-10 0)
(0.00047418768 2.6904607e-10 0)
(0.00047418768 2.9591259e-10 0)
(0.00047418767 3.2457692e-10 0)
(0.00047418767 3.5508633e-10 0)
(0.00047418767 3.8747879e-10 0)
(0.00047418766 4.2178198e-10 0)
(0.00047418766 4.5801234e-10 0)
(0.00047418765 4.9617387e-10 0)
(0.00047418765 5.3625693e-10 0)
(0.00047418764 5.782369e-10 0)
(0.00047418764 6.2207274e-10 0)
(0.00047418763 6.6770542e-10 0)
(0.00047418763 7.1505633e-10 0)
(0.00047418762 7.6402545e-10 0)
(0.00047418761 8.1448953e-10 0)
(0.00047418761 8.6630004e-10 0)
(0.0004741876 9.1928113e-10 0)
(0.00047418759 9.7322733e-10 0)
(0.00047418759 1.0279013e-09 0)
(0.00047418758 1.0830311e-09 0)
(0.00047418757 1.1383083e-09 0)
(0.00047418756 1.1933843e-09 0)
(0.00047418756 1.247869e-09 0)
(0.00047418755 1.3013271e-09 0)
(0.00047418754 1.3532762e-09 0)
(0.00047418754 1.403185e-09 0)
(0.00047418753 1.4504708e-09 0)
(0.00047418752 1.4944989e-09 0)
(0.00047418752 1.5345825e-09 0)
(0.00047418751 1.5699836e-09 0)
(0.00047418751 1.5999148e-09 0)
(0.00047418751 1.6235405e-09 0)
(0.0004741875 1.6400033e-09 0)
(0.0004741875 1.6484553e-09 0)
(0.0004741875 1.6478402e-09 0)
(0.0004741875 1.635646e-09 0)
(0.00039111926 1.0123911e-05 0)
(0.00039288663 2.8516628e-05 0)
(0.00039621354 4.4844461e-05 0)
(0.00040079348 5.8965046e-05 0)
(0.00040629055 7.0819323e-05 0)
(0.00041241951 8.042199e-05 0)
(0.00041891496 8.7853043e-05 0)
(0.00042554311 9.3245819e-05 0)
(0.00043210863 9.6773241e-05 0)
(0.00043845646 9.863403e-05 0)
(0.00044447051 9.9040097e-05 0)
(0.00045007042 9.820583e-05 0)
(0.00045520682 9.633961e-05 0)
(0.00045985616 9.3637595e-05 0)
(0.00046401537 9.0279574e-05 0)
(0.00046769689 8.6426592e-05 0)
(0.00047092429 8.2219989e-05 0)
(0.0004737285 7.7781504e-05 0)
(0.00047614483 7.3214143e-05 0)
(0.00047821053 6.8603529e-05 0)
(0.00047996306 6.4019536e-05 0)
(0.00048143877 5.9518052e-05 0)
(0.00048267204 5.5142743e-05 0)
(0.00048369476 5.0926751e-05 0)
(0.00048453598 4.6894283e-05 0)
(0.00048522186 4.3062045e-05 0)
(0.00048577566 3.944053e-05 0)
(0.00048621787 3.6035144e-05 0)
(0.0004865664 3.2847189e-05 0)
(0.00048683677 2.9874699e-05 0)
(0.00048704235 2.7113162e-05 0)
(0.00048719459 2.4556114e-05 0)
(0.00048730323 2.219565e-05 0)
(0.0004873765 2.0022833e-05 0)
(0.00048742134 1.8028043e-05 0)
(0.00048744358 1.6201254e-05 0)
(0.00048744805 1.4532256e-05 0)
(0.00048743877 1.3010838e-05 0)
(0.00048741905 1.1626925e-05 0)
(0.00048739161 1.0370688e-05 0)
(0.00048735865 9.2326285e-06 0)
(0.00048732196 8.2036329e-06 0)
(0.00048728297 7.2750184e-06 0)
(0.00048724282 6.4385586e-06 0)
(0.0004872024 5.6864984e-06 0)
(0.0004871624 5.0115597e-06 0)
(0.00048712335 4.4069392e-06 0)
(0.00048708563 3.8663003e-06 0)
(0.00048704952 3.3837606e-06 0)
(0.00048701522 2.9538759e-06 0)
(0.00048698284 2.5716217e-06 0)
(0.00048695243 2.2323726e-06 0)
(0.00048692403 1.9318816e-06 0)
(0.00048689761 1.666258e-06 0)
(0.00048687313 1.4319453e-06 0)
(0.00048685052 1.2256994e-06 0)
(0.00048682971 1.0445673e-06 0)
(0.00048681062 8.8586619e-07 0)
(0.00048679314 7.4716323e-07 0)
(0.00048677718 6.2625662e-07 0)
(0.00048676265 5.2115717e-07 0)
(0.00048674944 4.3007099e-07 0)
(0.00048673747 3.5138322e-07 0)
(0.00048672663 2.8364275e-07 0)
(0.00048671685 2.2554787e-07 0)
(0.00048670803 1.7593298e-07 0)
(0.0004867001 1.3375621e-07 0)
(0.00048669298 9.8087933e-08 0)
(0.0004866866 6.8100218e-08 0)
(0.0004866809 4.305703e-08 0)
(0.0004866758 2.2305291e-08 0)
(0.00048667126 5.2666412e-09 0)
(0.00048666723 -8.5700775e-09 0)
(0.00048666365 -1.9655701e-08 0)
(0.00048666048 -2.8387007e-08 0)
(0.00048665767 -3.5112413e-08 0)
(0.0004866552 -4.013715e-08 0)
(0.00048665302 -4.3727956e-08 0)
(0.00048665111 -4.6117316e-08 0)
(0.00048664944 -4.7507297e-08 0)
(0.00048664798 -4.8073e-08 0)
(0.0004866467 -4.7965672e-08 0)
(0.0004866456 -4.7315498e-08 0)
(0.00048664464 -4.6234106e-08 0)
(0.00048664382 -4.4816812e-08 0)
(0.0004866431 -4.3144625e-08 0)
(0.0004866425 -4.1286034e-08 0)
(0.00048664198 -3.9298601e-08 0)
(0.00048664154 -3.723038e-08 0)
(0.00048664117 -3.5121172e-08 0)
(0.00048664086 -3.3003637e-08 0)
(0.0004866406 -3.0904276e-08 0)
(0.00048664039 -2.8844304e-08 0)
(0.00048664022 -2.6840408e-08 0)
(0.00048664008 -2.490542e-08 0)
(0.00048663997 -2.3048903e-08 0)
(0.00048663989 -2.1277667e-08 0)
(0.00048663982 -1.9596212e-08 0)
(0.00048663978 -1.8007121e-08 0)
(0.00048663975 -1.6511394e-08 0)
(0.00048663973 -1.5108741e-08 0)
(0.00048663973 -1.3797832e-08 0)
(0.00048663973 -1.2576511e-08 0)
(0.00048663974 -1.1441981e-08 0)
(0.00048663975 -1.0390958e-08 0)
(0.00048663977 -9.4198032e-09 0)
(0.00048663979 -8.5246354e-09 0)
(0.00048663982 -7.701421e-09 0)
(0.00048663984 -6.9460521e-09 0)
(0.00048663987 -6.2544084e-09 0)
(0.0004866399 -5.6224084e-09 0)
(0.00048663993 -5.04605e-09 0)
(0.00048663996 -4.5214425e-09 0)
(0.00048663999 -4.0448308e-09 0)
(0.00048664002 -3.612614e-09 0)
(0.00048664004 -3.2213582e-09 0)
(0.00048664007 -2.8678045e-09 0)
(0.00048664009 -2.5488744e-09 0)
(0.00048664012 -2.261671e-09 0)
(0.00048664014 -2.0034785e-09 0)
(0.00048664016 -1.7717593e-09 0)
(0.00048664018 -1.5641493e-09 0)
(0.0004866402 -1.3784528e-09 0)
(0.00048664022 -1.2126356e-09 0)
(0.00048664024 -1.0648177e-09 0)
(0.00048664025 -9.3326592e-10 0)
(0.00048664027 -8.163855e-10 0)
(0.00048664028 -7.127122e-10 0)
(0.00048664029 -6.2090403e-10 0)
(0.0004866403 -5.3973324e-10 0)
(0.00048664031 -4.6807832e-10 0)
(0.00048664032 -4.0491635e-10 0)
(0.00048664033 -3.4931554e-10 0)
(0.00048664034 -3.0042811e-10 0)
(0.00048664035 -2.574835e-10 0)
(0.00048664036 -2.1978188e-10 0)
(0.00048664036 -1.8668811e-10 0)
(0.00048664037 -1.5762598e-10 0)
(0.00048664037 -1.3207284e-10 0)
(0.00048664038 -1.0955459e-10 0)
(0.00048664038 -8.9641064e-11 0)
(0.00048664039 -7.1941639e-11 0)
(0.00048664039 -5.6101307e-11 0)
(0.00048664039 -4.1796978e-11 0)
(0.0004866404 -2.8734127e-11 0)
(0.0004866404 -1.6643718e-11 0)
(0.0004866404 -5.2794094e-12 0)
(0.0004866404 5.5849757e-12 0)
(0.0004866404 1.6157728e-11 0)
(0.00048664041 2.6631293e-11 0)
(0.00048664041 3.7184089e-11 0)
(0.00048664041 4.7982111e-11 0)
(0.00048664041 5.9180326e-11 0)
(0.00048664041 7.0923888e-11 0)
(0.00048664041 8.3349165e-11 0)
(0.00048664041 9.6584589e-11 0)
(0.00048664041 1.1075136e-10 0)
(0.00048664041 1.2596396e-10 0)
(0.00048664041 1.4233056e-10 0)
(0.00048664041 1.5995326e-10 0)
(0.00048664041 1.789282e-10 0)
(0.00048664042 1.9934551e-10 0)
(0.00048664042 2.2128919e-10 0)
(0.00048664042 2.4483683e-10 0)
(0.00048664042 2.7005923e-10 0)
(0.00048664042 2.9701986e-10 0)
(0.00048664042 3.2577428e-10 0)
(0.00048664042 3.563694e-10 0)
(0.00048664042 3.8884266e-10 0)
(0.00048664042 4.2322106e-10 0)
(0.00048664042 4.5952018e-10 0)
(0.00048664042 4.9774296e-10 0)
(0.00048664042 5.3787852e-10 0)
(0.00048664042 5.7990077e-10 0)
(0.00048664043 6.2376699e-10 0)
(0.00048664043 6.6941626e-10 0)
(0.00048664043 7.167678e-10 0)
(0.00048664043 7.6571921e-10 0)
(0.00048664043 8.1614461e-10 0)
(0.00048664044 8.6789264e-10 0)
(0.00048664044 9.2078441e-10 0)
(0.00048664044 9.7461128e-10 0)
(0.00048664045 1.0291326e-09 0)
(0.00048664045 1.0840734e-09 0)
(0.00048664046 1.1391217e-09 0)
(0.00048664046 1.1939267e-09 0)
(0.00048664047 1.2480955e-09 0)
(0.00048664048 1.3011917e-09 0)
(0.00048664049 1.3527326e-09 0)
(0.00048664049 1.4021876e-09 0)
(0.0004866405 1.4489769e-09 0)
(0.00048664051 1.4924709e-09 0)
(0.00048664052 1.5319896e-09 0)
(0.00048664054 1.5668044e-09 0)
(0.00048664055 1.5961394e-09 0)
(0.00048664056 1.6191715e-09 0)
(0.00048664058 1.6350567e-09 0)
(0.00048664059 1.642962e-09 0)
(0.00048664061 1.6418392e-09 0)
(0.00048664063 1.6290757e-09 0)
(0.00039111172 9.3506617e-06 0)
(0.00039279434 2.639233e-05 0)
(0.00039598258 4.1589228e-05 0)
(0.00040040257 5.4812424e-05 0)
(0.00040575208 6.6002694e-05 0)
(0.00041177349 7.5163245e-05 0)
(0.00041822332 8.2353601e-05 0)
(0.00042488287 8.7680504e-05 0)
(0.00043156491 9.1287023e-05 0)
(0.00043811606 9.334133e-05 0)
(0.00044441661 9.4026096e-05 0)
(0.00045037852 9.3529195e-05 0)
(0.00045594206 9.2036064e-05 0)
(0.00046107175 8.9723839e-05 0)
(0.00046575212 8.6757199e-05 0)
(0.00046998344 8.3285717e-05 0)
(0.00047377794 7.9442485e-05 0)
(0.00047715638 7.5343721e-05 0)
(0.00048014523 7.1089138e-05 0)
(0.00048277437 6.6762809e-05 0)
(0.00048507524 6.2434388e-05 0)
(0.0004870795 5.8160497e-05 0)
(0.00048881803 5.39862e-05 0)
(0.0004903202 4.9946458e-05 0)
(0.00049161348 4.6067528e-05 0)
(0.00049272318 4.2368266e-05 0)
(0.00049367229 3.8861306e-05 0)
(0.00049448157 3.5554127e-05 0)
(0.00049516952 3.2449977e-05 0)
(0.00049575257 2.9548697e-05 0)
(0.00049624522 2.6847413e-05 0)
(0.00049666017 2.4341142e-05 0)
(0.00049700852 2.2023295e-05 0)
(0.00049729993 1.98861e-05 0)
(0.00049754276 1.7920959e-05 0)
(0.00049774424 1.6118736e-05 0)
(0.00049791062 1.4469995e-05 0)
(0.00049804726 1.2965191e-05 0)
(0.00049815876 1.1594824e-05 0)
(0.00049824906 1.0349558e-05 0)
(0.00049832154 9.2203122e-06 0)
(0.00049837906 8.1983321e-06 0)
(0.0004984241 7.275238e-06 0)
(0.00049845872 6.4430604e-06 0)
(0.00049848471 5.6942611e-06 0)
(0.00049850357 5.0217448e-06 0)
(0.00049851656 4.4188618e-06 0)
(0.00049852477 3.8794043e-06 0)
(0.0004985291 3.3975977e-06 0)
(0.00049853031 2.9680873e-06 0)
(0.00049852905 2.5859234e-06 0)
(0.00049852585 2.2465424e-06 0)
(0.00049852116 1.9457486e-06 0)
(0.00049851535 1.6796933e-06 0)
(0.00049850873 1.4448543e-06 0)
(0.00049850154 1.2380159e-06 0)
(0.00049849401 1.0562477e-06 0)
(0.0004984863 8.9688519e-07 0)
(0.00049847853 7.5751033e-07 0)
(0.00049847083 6.359328e-07 0)
(0.00049846328 5.301724e-07 0)
(0.00049845594 4.3844215e-07 0)
(0.00049844886 3.5913237e-07 0)
(0.00049844208 2.9079565e-07 0)
(0.00049843562 2.321329e-07 0)
(0.0004984295 1.8198014e-07 0)
(0.00049842373 1.392964e-07 0)
(0.00049841831 1.0315233e-07 0)
(0.00049841323 7.2719809e-08 0)
(0.0004984085 4.7262231e-08 0)
(0.0004984041 2.6125669e-08 0)
(0.00049840002 8.7307064e-09 0)
(0.00049839624 -5.4350314e-09 0)
(0.00049839276 -1.6823698e-08 0)
(0.00049838956 -2.5833453e-08 0)
(0.00049838662 -3.2814129e-08 0)
(0.00049838393 -3.8072384e-08 0)
(0.00049838147 -4.1876366e-08 0)
(0.00049837922 -4.4459945e-08 0)
(0.00049837718 -4.6026531e-08 0)
(0.00049837532 -4.6752521e-08 0)
(0.00049837364 -4.6790402e-08 0)
(0.00049837212 -4.6271539e-08 0)
(0.00049837074 -4.5308678e-08 0)
(0.0004983695 -4.399819e-08 0)
(0.00049836839 -4.2422072e-08 0)
(0.00049836738 -4.064974e-08 0)
(0.00049836648 -3.873962e-08 0)
(0.00049836568 -3.6740569e-08 0)
(0.00049836496 -3.4693133e-08 0)
(0.00049836432 -3.2630659e-08 0)
(0.00049836375 -3.0580287e-08 0)
(0.00049836325 -2.8563814e-08 0)
(0.0004983628 -2.6598465e-08 0)
(0.0004983624 -2.4697565e-08 0)
(0.00049836205 -2.2871127e-08 0)
(0.00049836175 -2.1126371e-08 0)
(0.00049836148 -1.9468173e-08 0)
(0.00049836124 -1.7899456e-08 0)
(0.00049836104 -1.642153e-08 0)
(0.00049836086 -1.5034386e-08 0)
(0.00049836071 -1.3736945e-08 0)
(0.00049836057 -1.2527283e-08 0)
(0.00049836046 -1.1402807e-08 0)
(0.00049836036 -1.0360421e-08 0)
(0.00049836028 -9.396652e-09 0)
(0.00049836021 -8.507769e-09 0)
(0.00049836015 -7.6898727e-09 0)
(0.0004983601 -6.9389751e-09 0)
(0.00049836006 -6.251063e-09 0)
(0.00049836003 -5.6221502e-09 0)
(0.00049836 -5.0483194e-09 0)
(0.00049835998 -4.5257551e-09 0)
(0.00049835996 -4.0507688e-09 0)
(0.00049835995 -3.6198186e-09 0)
(0.00049835994 -3.2295223e-09 0)
(0.00049835994 -2.8766669e-09 0)
(0.00049835993 -2.5582139e-09 0)
(0.00049835993 -2.2713017e-09 0)
(0.00049835993 -2.013245e-09 0)
(0.00049835993 -1.7815329e-09 0)
(0.00049835993 -1.5738247e-09 0)
(0.00049835994 -1.3879447e-09 0)
(0.00049835994 -1.221876e-09 0)
(0.00049835995 -1.0737536e-09 0)
(0.00049835995 -9.4185706e-10 0)
(0.00049835996 -8.2460242e-10 0)
(0.00049835996 -7.2053469e-10 0)
(0.00049835997 -6.2831966e-10 0)
(0.00049835997 -5.4673607e-10 0)
(0.00049835998 -4.7466784e-10 0)
(0.00049835998 -4.1109652e-10 0)
(0.00049835999 -3.5509396e-10 0)
(0.00049835999 -3.0581532e-10 0)
(0.00049836 -2.6249238e-10 0)
(0.00049836 -2.2442715e-10 0)
(0.00049836001 -1.9098588e-10 0)
(0.00049836001 -1.6159338e-10 0)
(0.00049836002 -1.3572776e-10 0)
(0.00049836002 -1.1291541e-10 0)
(0.00049836002 -9.2726424e-11 0)
(0.00049836003 -7.4770317e-11 0)
(0.00049836003 -5.8692074e-11 0)
(0.00049836003 -4.4168509e-11 0)
(0.00049836003 -3.0904929e-11 0)
(0.00049836004 -1.8632083e-11 0)
(0.00049836004 -7.1033885e-12 0)
(0.00049836004 3.9075849e-12 0)
(0.00049836004 1.4609379e-11 0)
(0.00049836005 2.5194676e-11 0)
(0.00049836005 3.5842109e-11 0)
(0.00049836005 4.6717852e-11 0)
(0.00049836005 5.7977017e-11 0)
(0.00049836005 6.9764859e-11 0)
(0.00049836005 8.2217796e-11 0)
(0.00049836006 9.5464264e-11 0)
(0.00049836006 1.0962541e-10 0)
(0.00049836006 1.248156e-10 0)
(0.00049836006 1.4114287e-10 0)
(0.00049836007 1.5870907e-10 0)
(0.00049836007 1.7761006e-10 0)
(0.00049836007 1.9793565e-10 0)
(0.00049836007 2.1976944e-10 0)
(0.00049836008 2.4318857e-10 0)
(0.00049836008 2.6826331e-10 0)
(0.00049836008 2.9505657e-10 0)
(0.00049836009 3.2362329e-10 0)
(0.00049836009 3.5400968e-10 0)
(0.0004983601 3.8625243e-10 0)
(0.00049836011 4.2037775e-10 0)
(0.00049836011 4.5640034e-10 0)
(0.00049836012 4.9432222e-10 0)
(0.00049836013 5.3413155e-10 0)
(0.00049836013 5.7580119e-10 0)
(0.00049836014 6.1928736e-10 0)
(0.00049836015 6.6452799e-10 0)
(0.00049836016 7.1144118e-10 0)
(0.00049836017 7.5992337e-10 0)
(0.00049836018 8.0984751e-10 0)
(0.0004983602 8.6106118e-10 0)
(0.00049836021 9.1338448e-10 0)
(0.00049836023 9.6660795e-10 0)
(0.00049836024 1.0204904e-09 0)
(0.00049836026 1.0747566e-09 0)
(0.00049836028 1.129095e-09 0)
(0.0004983603 1.1831557e-09 0)
(0.00049836032 1.2365479e-09 0)
(0.00049836034 1.2888381e-09 0)
(0.00049836036 1.3395481e-09 0)
(0.00049836038 1.3881536e-09 0)
(0.00049836041 1.4340829e-09 0)
(0.00049836044 1.4767164e-09 0)
(0.00049836046 1.5153867e-09 0)
(0.00049836049 1.5493801e-09 0)
(0.00049836052 1.5779369e-09 0)
(0.00049836055 1.6002515e-09 0)
(0.00049836059 1.6154979e-09 0)
(0.00049836062 1.6228617e-09 0)
(0.00049836065 1.6213085e-09 0)
(0.00049836069 1.608156e-09 0)
(0.00039110528 8.6140474e-06 0)
(0.0003927144 2.4357171e-05 0)
(0.00039578107 3.8451899e-05 0)
(0.0004000588 5.0781884e-05 0)
(0.00040527387 6.128936e-05 0)
(0.00041119248 6.996951e-05 0)
(0.00041759067 7.686607e-05 0)
(0.00042426382 8.2064371e-05 0)
(0.00043103311 8.5682732e-05 0)
(0.00043774811 8.786332e-05 0)
(0.00044428743 8.8763284e-05 0)
(0.00045055762 8.8546748e-05 0)
(0.0004564909 8.737802e-05 0)
(0.00046204208 8.5416184e-05 0)
(0.00046718513 8.2811073e-05 0)
(0.00047190974 7.9700513e-05 0)
(0.00047621794 7.6208683e-05 0)
(0.00048012114 7.2445378e-05 0)
(0.00048363749 6.8505975e-05 0)
(0.0004867897 6.4471927e-05 0)
(0.00048960325 6.0411611e-05 0)
(0.00049210495 5.6381403e-05 0)
(0.00049432191 5.242687e-05 0)
(0.00049628072 4.8584009e-05 0)
(0.00049800687 4.4880456e-05 0)
(0.00049952442 4.1336649e-05 0)
(0.00050085576 3.7966903e-05 0)
(0.00050202149 3.4780389e-05 0)
(0.00050304041 3.1782014e-05 0)
(0.00050392953 2.8973195e-05 0)
(0.00050470419 2.6352537e-05 0)
(0.00050537809 2.3916419e-05 0)
(0.00050596347 2.1659493e-05 0)
(0.00050647121 1.957511e-05 0)
(0.00050691093 1.7655678e-05 0)
(0.00050729115 1.5892958e-05 0)
(0.00050761938 1.4278307e-05 0)
(0.00050790222 1.2802883e-05 0)
(0.00050814549 1.1457801e-05 0)
(0.00050835429 1.0234267e-05 0)
(0.00050853309 9.1236731e-06 0)
(0.00050868582 8.1176763e-06 0)
(0.00050881592 7.208257e-06 0)
(0.00050892639 6.3877585e-06 0)
(0.00050901985 5.6489146e-06 0)
(0.00050909862 4.9848661e-06 0)
(0.00050916468 4.3891682e-06 0)
(0.0005092198 3.8557907e-06 0)
(0.00050926551 3.3791129e-06 0)
(0.00050930313 2.9539138e-06 0)
(0.00050933383 2.5753589e-06 0)
(0.00050935862 2.2389849e-06 0)
(0.00050937836 1.9406826e-06 0)
(0.00050939384 1.676678e-06 0)
(0.0005094057 1.4435139e-06 0)
(0.00050941451 1.2380304e-06 0)
(0.00050942078 1.0573455e-06 0)
(0.00050942492 8.988364e-07 0)
(0.00050942732 7.6012095e-07 0)
(0.00050942827 6.3903983e-07 0)
(0.00050942806 5.3363949e-07 0)
(0.0005094269 4.4215585e-07 0)
(0.00050942501 3.6299886e-07 0)
(0.00050942255 2.9473793e-07 0)
(0.00050941965 2.3608831e-07 0)
(0.00050941644 1.858983e-07 0)
(0.00050941302 1.4313729e-07 0)
(0.00050940947 1.0688477e-07 0)
(0.00050940585 7.6320039e-08 0)
(0.00050940222 5.0712738e-08 0)
(0.00050939863 2.9414163e-08 0)
(0.00050939511 1.1849236e-08 0)
(0.00050939169 -2.4908353e-09 0)
(0.00050938839 -1.4055275e-08 0)
(0.00050938523 -2.3239869e-08 0)
(0.00050938222 -3.0392551e-08 0)
(0.00050937936 -3.5818483e-08 0)
(0.00050937667 -3.9784659e-08 0)
(0.00050937413 -4.2524087e-08 0)
(0.00050937176 -4.4239554e-08 0)
(0.00050936954 -4.5107039e-08 0)
(0.00050936747 -4.5278778e-08 0)
(0.00050936555 -4.4886022e-08 0)
(0.00050936378 -4.4041519e-08 0)
(0.00050936214 -4.2841731e-08 0)
(0.00050936063 -4.1368818e-08 0)
(0.00050935925 -3.9692418e-08 0)
(0.00050935798 -3.7871219e-08 0)
(0.00050935682 -3.5954374e-08 0)
(0.00050935576 -3.3982745e-08 0)
(0.00050935479 -3.1990012e-08 0)
(0.00050935392 -3.0003652e-08 0)
(0.00050935312 -2.8045804e-08 0)
(0.0005093524 -2.6134033e-08 0)
(0.00050935175 -2.4281995e-08 0)
(0.00050935117 -2.250003e-08 0)
(0.00050935064 -2.0795671e-08 0)
(0.00050935017 -1.9174095e-08 0)
(0.00050934974 -1.7638515e-08 0)
(0.00050934936 -1.6190514e-08 0)
(0.00050934902 -1.4830342e-08 0)
(0.00050934872 -1.3557166e-08 0)
(0.00050934845 -1.236929e-08 0)
(0.00050934821 -1.1264337e-08 0)
(0.000509348 -1.0239411e-08 0)
(0.00050934782 -9.2912254e-09 0)
(0.00050934765 -8.4162221e-09 0)
(0.00050934751 -7.6106618e-09 0)
(0.00050934738 -6.870704e-09 0)
(0.00050934727 -6.1924713e-09 0)
(0.00050934718 -5.5721026e-09 0)
(0.00050934709 -5.0057947e-09 0)
(0.00050934702 -4.4898368e-09 0)
(0.00050934696 -4.0206361e-09 0)
(0.00050934691 -3.5947374e-09 0)
(0.00050934686 -3.2088378e-09 0)
(0.00050934682 -2.8597961e-09 0)
(0.00050934679 -2.5446387e-09 0)
(0.00050934676 -2.2605628e-09 0)
(0.00050934674 -2.0049362e-09 0)
(0.00050934672 -1.7752958e-09 0)
(0.0005093467 -1.5693438e-09 0)
(0.00050934669 -1.3849431e-09 0)
(0.00050934668 -1.2201113e-09 0)
(0.00050934667 -1.0730145e-09 0)
(0.00050934667 -9.4195955e-10 0)
(0.00050934666 -8.2538731e-10 0)
(0.00050934666 -7.2186458e-10 0)
(0.00050934666 -6.300766e-10 0)
(0.00050934666 -5.4881931e-10 0)
(0.00050934666 -4.7699189e-10 0)
(0.00050934666 -4.1358933e-10 0)
(0.00050934666 -3.5769537e-10 0)
(0.00050934666 -3.0847563e-10 0)
(0.00050934666 -2.651711e-10 0)
(0.00050934666 -2.2709186e-10 0)
(0.00050934667 -1.9361127e-10 0)
(0.00050934667 -1.6416035e-10 0)
(0.00050934667 -1.3822267e-10 0)
(0.00050934667 -1.1532939e-10 0)
(0.00050934668 -9.5054807e-11 0)
(0.00050934668 -7.7012117e-11 0)
(0.00050934668 -6.0849549e-11 0)
(0.00050934668 -4.6246778e-11 0)
(0.00050934668 -3.2911649e-11 0)
(0.00050934669 -2.0577172e-11 0)
(0.00050934669 -8.9987915e-12 0)
(0.00050934669 2.0480886e-12 0)
(0.00050934669 1.2770338e-11 0)
(0.0005093467 2.3359102e-11 0)
(0.0005093467 3.3991579e-11 0)
(0.0005093467 4.4832598e-11 0)
(0.0005093467 5.603599e-11 0)
(0.00050934671 6.7745779e-11 0)
(0.00050934671 8.0097193e-11 0)
(0.00050934671 9.3217504e-11 0)
(0.00050934672 1.0722671e-10 0)
(0.00050934672 1.2223806e-10 0)
(0.00050934672 1.3835844e-10 0)
(0.00050934673 1.5568861e-10 0)
(0.00050934673 1.7432331e-10 0)
(0.00050934674 1.9435124e-10 0)
(0.00050934674 2.1585489e-10 0)
(0.00050934675 2.3891032e-10 0)
(0.00050934676 2.6358673e-10 0)
(0.00050934677 2.8994598e-10 0)
(0.00050934677 3.1804196e-10 0)
(0.00050934678 3.479199e-10 0)
(0.00050934679 3.7961554e-10 0)
(0.0005093468 4.1315418e-10 0)
(0.00050934682 4.4854969e-10 0)
(0.00050934683 4.8580333e-10 0)
(0.00050934684 5.2490257e-10 0)
(0.00050934686 5.6581974e-10 0)
(0.00050934687 6.085106e-10 0)
(0.00050934689 6.5291282e-10 0)
(0.00050934691 6.9894438e-10 0)
(0.00050934693 7.4650185e-10 0)
(0.00050934695 7.9545858e-10 0)
(0.00050934697 8.4566283e-10 0)
(0.000509347 8.9693582e-10 0)
(0.00050934702 9.4906967e-10 0)
(0.00050934705 1.0018253e-09 0)
(0.00050934708 1.0549304e-09 0)
(0.00050934711 1.1080772e-09 0)
(0.00050934714 1.1609205e-09 0)
(0.00050934718 1.2130755e-09 0)
(0.00050934721 1.2641162e-09 0)
(0.00050934725 1.3135737e-09 0)
(0.00050934729 1.3609346e-09 0)
(0.00050934733 1.4056406e-09 0)
(0.00050934737 1.4470875e-09 0)
(0.00050934742 1.4846257e-09 0)
(0.00050934746 1.5175612e-09 0)
(0.00050934751 1.545156e-09 0)
(0.00050934756 1.566627e-09 0)
(0.00050934761 1.5811711e-09 0)
(0.00050934766 1.5879966e-09 0)
(0.00050934771 1.5860896e-09 0)
(0.00050934777 1.5727306e-09 0)
(0.00039109977 7.909176e-06 0)
(0.000392645 2.2399883e-05 0)
(0.00039560505 3.5418706e-05 0)
(0.00039975643 4.6861027e-05 0)
(0.00040484961 5.6671623e-05 0)
(0.00041067138 6.4840257e-05 0)
(0.00041701501 7.1398524e-05 0)
(0.00042368888 7.6414525e-05 0)
(0.00043052244 7.9986054e-05 0)
(0.00043736905 8.2233164e-05 0)
(0.00044410702 8.3290775e-05 0)
(0.00045063927 8.330183e-05 0)
(0.00045689188 8.2411324e-05 0)
(0.00046281179 8.0761385e-05 0)
(0.00046836414 7.848748e-05 0)
(0.00047352944 7.5715673e-05 0)
(0.0004783007 7.2560842e-05 0)
(0.00048268083 6.9125702e-05 0)
(0.00048668025 6.5500492e-05 0)
(0.00049031488 6.1763157e-05 0)
(0.00049360438 5.7979899e-05 0)
(0.00049657073 5.4205978e-05 0)
(0.00049923717 5.048666e-05 0)
(0.00050162726 4.6858245e-05 0)
(0.0005037643 4.3349108e-05 0)
(0.00050567082 3.9980719e-05 0)
(0.00050736827 3.6768607e-05 0)
(0.00050887683 3.3723255e-05 0)
(0.00051021527 3.0850917e-05 0)
(0.00051140094 2.8154344e-05 0)
(0.00051244974 2.5633431e-05 0)
(0.00051337616 2.3285779e-05 0)
(0.00051419337 2.1107187e-05 0)
(0.00051491326 1.9092064e-05 0)
(0.00051554659 1.7233789e-05 0)
(0.00051610298 1.5525007e-05 0)
(0.0005165911 1.3957875e-05 0)
(0.0005170187 1.252427e-05 0)
(0.00051739271 1.1215957e-05 0)
(0.00051771931 1.0024717e-05 0)
(0.00051800401 8.9424582e-06 0)
(0.00051825174 7.9612987e-06 0)
(0.00051846685 7.0736268e-06 0)
(0.00051865325 6.2721486e-06 0)
(0.00051881439 5.5499195e-06 0)
(0.00051895332 4.9003658e-06 0)
(0.00051907278 4.317295e-06 0)
(0.00051917518 3.7949008e-06 0)
(0.00051926264 3.3277603e-06 0)
(0.00051933706 2.9108276e-06 0)
(0.00051940012 2.539423e-06 0)
(0.00051945328 2.2092201e-06 0)
(0.00051949785 1.9162305e-06 0)
(0.00051953497 1.6567872e-06 0)
(0.00051956567 1.4275274e-06 0)
(0.00051959082 1.2253743e-06 0)
(0.0005196112 1.0475195e-06 0)
(0.00051962751 8.9140503e-07 0)
(0.00051964034 7.5470569e-07 0)
(0.00051965021 6.3531247e-07 0)
(0.00051965758 5.3131603e-07 0)
(0.00051966284 4.4099112e-07 0)
(0.00051966634 3.6278176e-07 0)
(0.00051966839 2.952873e-07 0)
(0.00051966923 2.3724913e-07 0)
(0.00051966909 1.8753843e-07 0)
(0.00051966816 1.4514457e-07 0)
(0.0005196666 1.0916443e-07 0)
(0.00051966456 7.8792438e-08 0)
(0.00051966215 5.3311363e-08 0)
(0.00051965947 3.2083861e-08 0)
(0.0005196566 1.454466e-08 0)
(0.00051965362 1.9340943e-10 0)
(0.00051965058 -1.1411869e-08 0)
(0.00051964752 -2.066077e-08 0)
(0.0005196445 -2.7895951e-08 0)
(0.00051964153 -3.3418105e-08 0)
(0.00051963864 -3.7490454e-08 0)
(0.00051963585 -4.0342842e-08 0)
(0.00051963318 -4.2175425e-08 0)
(0.00051963063 -4.3162002e-08 0)
(0.00051962821 -4.3453029e-08 0)
(0.00051962593 -4.3178314e-08 0)
(0.00051962378 -4.2449454e-08 0)
(0.00051962176 -4.1362007e-08 0)
(0.00051961988 -3.9997445e-08 0)
(0.00051961813 -3.842489e-08 0)
(0.0005196165 -3.6702673e-08 0)
(0.000519615 -3.4879708e-08 0)
(0.00051961361 -3.2996729e-08 0)
(0.00051961232 -3.1087371e-08 0)
(0.00051961115 -2.9179137e-08 0)
(0.00051961007 -2.7294249e-08 0)
(0.00051960908 -2.5450398e-08 0)
(0.00051960818 -2.3661404e-08 0)
(0.00051960736 -2.1937794e-08 0)
(0.00051960662 -2.0287308e-08 0)
(0.00051960594 -1.8715344e-08 0)
(0.00051960533 -1.7225342e-08 0)
(0.00051960478 -1.5819119e-08 0)
(0.00051960428 -1.4497155e-08 0)
(0.00051960383 -1.3258849e-08 0)
(0.00051960343 -1.2102729e-08 0)
(0.00051960307 -1.1026637e-08 0)
(0.00051960274 -1.0027887e-08 0)
(0.00051960246 -9.1033967e-09 0)
(0.0005196022 -8.2498e-09 0)
(0.00051960197 -7.4635407e-09 0)
(0.00051960177 -6.7409512e-09 0)
(0.00051960159 -6.078317e-09 0)
(0.00051960143 -5.4719292e-09 0)
(0.00051960129 -4.9181274e-09 0)
(0.00051960117 -4.4133335e-09 0)
(0.00051960106 -3.9540778e-09 0)
(0.00051960096 -3.5370193e-09 0)
(0.00051960088 -3.1589605e-09 0)
(0.00051960081 -2.8168574e-09 0)
(0.00051960075 -2.5078257e-09 0)
(0.00051960069 -2.2291445e-09 0)
(0.00051960065 -1.9782566e-09 0)
(0.00051960061 -1.7527673e-09 0)
(0.00051960057 -1.5504412e-09 0)
(0.00051960055 -1.3691981e-09 0)
(0.00051960052 -1.2071072e-09 0)
(0.0005196005 -1.0623811e-09 0)
(0.00051960048 -9.333692e-10 0)
(0.00051960047 -8.1855043e-10 0)
(0.00051960046 -7.1652609e-10 0)
(0.00051960045 -6.2601243e-10 0)
(0.00051960044 -5.4583331e-10 0)
(0.00051960044 -4.7491292e-10 0)
(0.00051960043 -4.1226874e-10 0)
(0.00051960043 -3.570046e-10 0)
(0.00051960043 -3.0830413e-10 0)
(0.00051960043 -2.6542436e-10 0)
(0.00051960042 -2.2768977e-10 0)
(0.00051960042 -1.9448649e-10 0)
(0.00051960042 -1.6525701e-10 0)
(0.00051960042 -1.3949508e-10 0)
(0.00051960043 -1.1674098e-10 0)
(0.00051960043 -9.6577122e-11 0)
(0.00051960043 -7.8623993e-11 0)
(0.00051960043 -6.2536334e-11 0)
(0.00051960043 -4.7999674e-11 0)
(0.00051960043 -3.4727127e-11 0)
(0.00051960044 -2.2456469e-11 0)
(0.00051960044 -1.0947469e-11 0)
(0.00051960044 2.0523838e-14 0)
(0.00051960044 1.0650763e-11 0)
(0.00051960045 2.1131055e-11 0)
(0.00051960045 3.1635501e-11 0)
(0.00051960045 4.2326035e-11 0)
(0.00051960046 5.3353767e-11 0)
(0.00051960046 6.4860149e-11 0)
(0.00051960046 7.6977959e-11 0)
(0.00051960047 8.9832128e-11 0)
(0.00051960047 1.0354041e-10 0)
(0.00051960048 1.1821388e-10 0)
(0.00051960048 1.3395735e-10 0)
(0.00051960049 1.5086956e-10 0)
(0.0005196005 1.6904329e-10 0)
(0.00051960051 1.8856538e-10 0)
(0.00051960051 2.0951652e-10 0)
(0.00051960052 2.3197104e-10 0)
(0.00051960053 2.5599652e-10 0)
(0.00051960055 2.8165328e-10 0)
(0.00051960056 3.0899381e-10 0)
(0.00051960057 3.3806204e-10 0)
(0.00051960059 3.6889258e-10 0)
(0.0005196006 4.0150975e-10 0)
(0.00051960062 4.3592663e-10 0)
(0.00051960064 4.7214391e-10 0)
(0.00051960066 5.1014872e-10 0)
(0.00051960068 5.4991332e-10 0)
(0.0005196007 5.9139372e-10 0)
(0.00051960073 6.3452818e-10 0)
(0.00051960075 6.7923566e-10 0)
(0.00051960078 7.2541416e-10 0)
(0.00051960081 7.7293897e-10 0)
(0.00051960085 8.2166089e-10 0)
(0.00051960088 8.7140431e-10 0)
(0.00051960092 9.2196534e-10 0)
(0.00051960096 9.7310978e-10 0)
(0.000519601 1.0245712e-09 0)
(0.00051960104 1.0760489e-09 0)
(0.00051960109 1.1272061e-09 0)
(0.00051960114 1.1776681e-09 0)
(0.00051960119 1.2270205e-09 0)
(0.00051960124 1.2748083e-09 0)
(0.00051960129 1.3205338e-09 0)
(0.00051960135 1.3636569e-09 0)
(0.00051960141 1.4035939e-09 0)
(0.00051960147 1.4397181e-09 0)
(0.00051960153 1.4713603e-09 0)
(0.0005196016 1.4978093e-09 0)
(0.00051960166 1.5183097e-09 0)
(0.00051960173 1.5320861e-09 0)
(0.0005196018 1.5383745e-09 0)
(0.00051960186 1.5361888e-09 0)
(0.00051960195 1.5228058e-09 0)
(0.00039109504 7.2318566e-06 0)
(0.0003925847 2.0510674e-05 0)
(0.00039545125 3.2477428e-05 0)
(0.00039949059 4.3038408e-05 0)
(0.00040447382 5.2141651e-05 0)
(0.00041020543 5.9773459e-05 0)
(0.00041649389 6.5956139e-05 0)
(0.00042315936 7.0743927e-05 0)
(0.0004300393 7.4217583e-05 0)
(0.00043699124 7.6478351e-05 0)
(0.00044389418 7.764182e-05 0)
(0.0004506488 7.7832096e-05 0)
(0.00045717653 7.7176594e-05 0)
(0.00046341805 7.5801644e-05 0)
(0.00046933114 7.3828966e-05 0)
(0.00047488843 7.1373032e-05 0)
(0.00048007503 6.8539237e-05 0)
(0.00048488622 6.5422781e-05 0)
(0.00048932536 6.2108153e-05 0)
(0.000493402 5.8669074e-05 0)
(0.00049713024 5.5168817e-05 0)
(0.00050052737 5.1660771e-05 0)
(0.00050361273 4.8189181e-05 0)
(0.0005064068 4.4789985e-05 0)
(0.0005089305 4.1491696e-05 0)
(0.00051120464 3.831629e-05 0)
(0.00051324952 3.5280056e-05 0)
(0.00051508465 3.2394411e-05 0)
(0.00051672855 2.9666636e-05 0)
(0.00051819864 2.7100563e-05 0)
(0.00051951119 2.4697174e-05 0)
(0.00052068126 2.245514e-05 0)
(0.00052172276 2.0371291e-05 0)
(0.00052264845 1.8441015e-05 0)
(0.00052347001 1.6658611e-05 0)
(0.00052419809 1.5017578e-05 0)
(0.00052484236 1.3510866e-05 0)
(0.00052541161 1.2131078e-05 0)
(0.00052591379 1.0870644e-05 0)
(0.00052635608 9.7219506e-06 0)
(0.00052674498 8.6774569e-06 0)
(0.00052708632 7.7297786e-06 0)
(0.00052738536 6.8717549e-06 0)
(0.00052764682 6.0964985e-06 0)
(0.00052787495 5.3974317e-06 0)
(0.00052807355 4.7683101e-06 0)
(0.00052824602 4.2032382e-06 0)
(0.00052839542 3.6966759e-06 0)
(0.00052852445 3.2434395e-06 0)
(0.00052863557 2.8386974e-06 0)
(0.00052873093 2.4779621e-06 0)
(0.00052881246 2.1570793e-06 0)
(0.00052888188 1.8722144e-06 0)
(0.00052894073 1.6198383e-06 0)
(0.00052899034 1.396711e-06 0)
(0.00052903192 1.1998657e-06 0)
(0.00052906654 1.0265918e-06 0)
(0.00052909513 8.744187e-07 0)
(0.00052911851 7.4109902e-07 0)
(0.00052913742 6.2459288e-07 0)
(0.00052915249 5.2305238e-07 0)
(0.00052916429 4.3480684e-07 0)
(0.00052917331 3.5834865e-07 0)
(0.00052917997 2.9231997e-07 0)
(0.00052918466 2.3550006e-07 0)
(0.0005291877 1.8679353e-07 0)
(0.00052918936 1.4521923e-07 0)
(0.0005291899 1.0989996e-07 0)
(0.00052918952 8.0052951e-08 0)
(0.0005291884 5.4980951e-08 0)
(0.00052918671 3.4064106e-08 0)
(0.00052918456 1.6752415e-08 0)
(0.00052918208 2.5588366e-09 0)
(0.00052917936 -8.9470452e-09 0)
(0.00052917646 -1.8144799e-08 0)
(0.00052917348 -2.5368421e-08 0)
(0.00052917044 -3.0911139e-08 0)
(0.00052916741 -3.5029771e-08 0)
(0.00052916441 -3.7948681e-08 0)
(0.00052916148 -3.9863359e-08 0)
(0.00052915863 -4.0943653e-08 0)
(0.00052915589 -4.1336685e-08 0)
(0.00052915326 -4.1169475e-08 0)
(0.00052915076 -4.0551297e-08 0)
(0.00052914839 -3.9575798e-08 0)
(0.00052914616 -3.8322886e-08 0)
(0.00052914406 -3.6860426e-08 0)
(0.00052914209 -3.5245745e-08 0)
(0.00052914025 -3.3526983e-08 0)
(0.00052913854 -3.174428e-08 0)
(0.00052913696 -2.9930839e-08 0)
(0.00052913549 -2.8113866e-08 0)
(0.00052913414 -2.6315398e-08 0)
(0.0005291329 -2.455303e-08 0)
(0.00052913175 -2.2840565e-08 0)
(0.00052913071 -2.1188572e-08 0)
(0.00052912975 -1.9604886e-08 0)
(0.00052912888 -1.8095037e-08 0)
(0.00052912808 -1.6662626e-08 0)
(0.00052912736 -1.5309653e-08 0)
(0.0005291267 -1.40368e-08 0)
(0.00052912611 -1.2843675e-08 0)
(0.00052912558 -1.1729022e-08 0)
(0.0005291251 -1.0690904e-08 0)
(0.00052912466 -9.7268516e-09 0)
(0.00052912427 -8.833998e-09 0)
(0.00052912392 -8.0091869e-09 0)
(0.00052912361 -7.249066e-09 0)
(0.00052912333 -6.5501637e-09 0)
(0.00052912309 -5.9089527e-09 0)
(0.00052912287 -5.3219026e-09 0)
(0.00052912267 -4.785522e-09 0)
(0.0005291225 -4.2963918e-09 0)
(0.00052912234 -3.8511921e-09 0)
(0.00052912221 -3.4467221e-09 0)
(0.00052912209 -3.079915e-09 0)
(0.00052912198 -2.7478481e-09 0)
(0.00052912189 -2.4477502e-09 0)
(0.00052912181 -2.1770044e-09 0)
(0.00052912174 -1.93315e-09 0)
(0.00052912168 -1.7138807e-09 0)
(0.00052912163 -1.5170427e-09 0)
(0.00052912159 -1.3406301e-09 0)
(0.00052912155 -1.1827805e-09 0)
(0.00052912152 -1.0417687e-09 0)
(0.00052912149 -9.1600076e-10 0)
(0.00052912146 -8.0400725e-10 0)
(0.00052912144 -7.0443628e-10 0)
(0.00052912143 -6.1604655e-10 0)
(0.00052912141 -5.3770031e-10 0)
(0.0005291214 -4.683565e-10 0)
(0.00052912139 -4.0706391e-10 0)
(0.00052912138 -3.5295464e-10 0)
(0.00052912138 -3.0523772e-10 0)
(0.00052912137 -2.631931e-10 0)
(0.00052912137 -2.2616581e-10 0)
(0.00052912137 -1.9356049e-10 0)
(0.00052912137 -1.6483623e-10 0)
(0.00052912137 -1.395017e-10 0)
(0.00052912136 -1.1711058e-10 0)
(0.00052912136 -9.7257351e-11 0)
(0.00052912137 -7.9573345e-11 0)
(0.00052912137 -6.3723084e-11 0)
(0.00052912137 -4.9400935e-11 0)
(0.00052912137 -3.632801e-11 0)
(0.00052912137 -2.424935e-11 0)
(0.00052912137 -1.2931342e-11 0)
(0.00052912138 -2.159389e-12 0)
(0.00052912138 8.2641983e-12 0)
(0.00052912138 1.8522092e-11 0)
(0.00052912139 2.8783631e-11 0)
(0.00052912139 3.9206309e-11 0)
(0.00052912139 4.9937076e-11 0)
(0.0005291214 6.1113467e-11 0)
(0.0005291214 7.2864557e-11 0)
(0.00052912141 8.5311765e-11 0)
(0.00052912142 9.8569495e-11 0)
(0.00052912142 1.1274564e-10 0)
(0.00052912143 1.2794196e-10 0)
(0.00052912144 1.4425428e-10 0)
(0.00052912145 1.6177263e-10 0)
(0.00052912146 1.8058118e-10 0)
(0.00052912147 2.0075816e-10 0)
(0.00052912148 2.2237555e-10 0)
(0.0005291215 2.4549876e-10 0)
(0.00052912151 2.7018613e-10 0)
(0.00052912153 2.9648835e-10 0)
(0.00052912154 3.2444781e-10 0)
(0.00052912156 3.5409778e-10 0)
(0.00052912158 3.8546157e-10 0)
(0.00052912161 4.1855153e-10 0)
(0.00052912163 4.5336798e-10 0)
(0.00052912166 4.8989807e-10 0)
(0.00052912169 5.2811451e-10 0)
(0.00052912172 5.6797424e-10 0)
(0.00052912175 6.09417e-10 0)
(0.00052912178 6.5236383e-10 0)
(0.00052912182 6.9671547e-10 0)
(0.00052912186 7.4235071e-10 0)
(0.0005291219 7.8912468e-10 0)
(0.00052912195 8.3686706e-10 0)
(0.000529122 8.8538028e-10 0)
(0.00052912205 9.3443767e-10 0)
(0.0005291221 9.8378162e-10 0)
(0.00052912216 1.0331218e-09 0)
(0.00052912222 1.0821334e-09 0)
(0.00052912228 1.1304556e-09 0)
(0.00052912234 1.1776898e-09 0)
(0.00052912241 1.223399e-09 0)
(0.00052912248 1.267106e-09 0)
(0.00052912255 1.3082936e-09 0)
(0.00052912263 1.3464032e-09 0)
(0.00052912271 1.3808359e-09 0)
(0.00052912278 1.4109525e-09 0)
(0.00052912287 1.4360734e-09 0)
(0.00052912295 1.4554763e-09 0)
(0.00052912303 1.4684189e-09 0)
(0.00052912312 1.4741698e-09 0)
(0.0005291232 1.4717779e-09 0)
(0.00052912331 1.4585521e-09 0)
(0.00039109098 6.5784679e-06 0)
(0.00039253229 1.8680971e-05 0)
(0.00039531693 2.9617163e-05 0)
(0.00039925721 3.9303474e-05 0)
(0.00040414176 4.7691666e-05 0)
(0.00040979031 5.476605e-05 0)
(0.00041602465 6.0541887e-05 0)
(0.00042267559 6.5062255e-05 0)
(0.00042958806 6.8393762e-05 0)
(0.00043662395 7.0621644e-05 0)
(0.00044366362 7.1844673e-05 0)
(0.00045060649 7.217022e-05 0)
(0.00045737063 7.1709759e-05 0)
(0.00046389171 7.0574962e-05 0)
(0.00047012146 6.8874501e-05 0)
(0.00047602583 6.6711556e-05 0)
(0.00048158303 6.418202e-05 0)
(0.00048678157 6.1373308e-05 0)
(0.00049161843 5.8363706e-05 0)
(0.00049609728 5.5222154e-05 0)
(0.00050022702 5.2008369e-05 0)
(0.00050402044 4.8773224e-05 0)
(0.00050749309 4.5559308e-05 0)
(0.00051066234 4.2401598e-05 0)
(0.00051354669 3.9328198e-05 0)
(0.0005161651 3.6361092e-05 0)
(0.00051853655 3.35169e-05 0)
(0.00052067972 3.0807595e-05 0)
(0.00052261269 2.8241178e-05 0)
(0.00052435278 2.5822301e-05 0)
(0.00052591641 2.3552825e-05 0)
(0.00052731906 2.1432327e-05 0)
(0.0005285752 1.9458541e-05 0)
(0.00052969829 1.7627741e-05 0)
(0.00053070081 1.5935082e-05 0)
(0.00053159426 1.4374881e-05 0)
(0.00053238925 1.2940856e-05 0)
(0.00053309548 1.1626334e-05 0)
(0.00053372181 1.0424417e-05 0)
(0.00053427637 9.3281158e-06 0)
(0.00053476652 8.3304661e-06 0)
(0.00053519898 7.4246133e-06 0)
(0.00053557981 6.6038827e-06 0)
(0.00053591454 5.8618319e-06 0)
(0.00053620815 5.192289e-06 0)
(0.00053646514 4.58938e-06 0)
(0.00053668956 4.0475458e-06 0)
(0.00053688507 3.5615521e-06 0)
(0.00053705495 3.1264925e-06 0)
(0.00053720216 2.7377865e-06 0)
(0.00053732933 2.3911738e-06 0)
(0.00053743884 2.0827056e-06 0)
(0.00053753281 1.8087326e-06 0)
(0.00053761312 1.5658925e-06 0)
(0.00053768146 1.351096e-06 0)
(0.00053773934 1.1615115e-06 0)
(0.00053778809 9.9455007e-07 0)
(0.00053782888 8.4785002e-07 0)
(0.00053786278 7.1926181e-07 0)
(0.00053789071 6.0683308e-07 0)
(0.00053791349 5.0879415e-07 0)
(0.00053793184 4.235442e-07 0)
(0.0005379464 3.496379e-07 0)
(0.00053795772 2.8577285e-07 0)
(0.00053796629 2.3077764e-07 0)
(0.00053797255 1.8360062e-07 0)
(0.00053797686 1.4329945e-07 0)
(0.00053797954 1.0903126e-07 0)
(0.00053798088 8.0043576e-08 0)
(0.00053798111 5.5665903e-08 0)
(0.00053798046 3.5301908e-08 0)
(0.00053797908 1.8422256e-08 0)
(0.00053797715 4.5580153e-09 0)
(0.00053797479 -6.7053924e-09 0)
(0.00053797211 -1.5733721e-08 0)
(0.0005379692 -2.2848946e-08 0)
(0.00053796615 -2.8333865e-08 0)
(0.00053796301 -3.2436272e-08 0)
(0.00053795984 -3.5372752e-08 0)
(0.00053795668 -3.7332106e-08 0)
(0.00053795357 -3.8478461e-08 0)
(0.00053795053 -3.8954062e-08 0)
(0.00053794759 -3.8881791e-08 0)
(0.00053794477 -3.8367433e-08 0)
(0.00053794207 -3.7501709e-08 0)
(0.0005379395 -3.6362092e-08 0)
(0.00053793707 -3.5014435e-08 0)
(0.00053793478 -3.3514423e-08 0)
(0.00053793263 -3.1908866e-08 0)
(0.00053793062 -3.023685e-08 0)
(0.00053792874 -2.8530752e-08 0)
(0.000537927 -2.6817152e-08 0)
(0.00053792538 -2.5117624e-08 0)
(0.00053792389 -2.3449444e-08 0)
(0.00053792252 -2.1826211e-08 0)
(0.00053792125 -2.0258388e-08 0)
(0.00053792009 -1.8753784e-08 0)
(0.00053791903 -1.7317966e-08 0)
(0.00053791806 -1.5954627e-08 0)
(0.00053791717 -1.4665898e-08 0)
(0.00053791637 -1.3452625e-08 0)
(0.00053791563 -1.2314603e-08 0)
(0.00053791497 -1.1250781e-08 0)
(0.00053791437 -1.0259436e-08 0)
(0.00053791383 -9.3383212e-09 0)
(0.00053791335 -8.4847947e-09 0)
(0.00053791291 -7.6959249e-09 0)
(0.00053791251 -6.9685809e-09 0)
(0.00053791216 -6.2995077e-09 0)
(0.00053791185 -5.685388e-09 0)
(0.00053791156 -5.1228936e-09 0)
(0.00053791131 -4.6087265e-09 0)
(0.00053791109 -4.139652e-09 0)
(0.00053791089 -3.7125246e-09 0)
(0.00053791072 -3.3243083e-09 0)
(0.00053791056 -2.9720909e-09 0)
(0.00053791043 -2.6530946e-09 0)
(0.00053791031 -2.3646833e-09 0)
(0.0005379102 -2.104366e-09 0)
(0.00053791011 -1.8697986e-09 0)
(0.00053791003 -1.6587829e-09 0)
(0.00053790996 -1.4692646e-09 0)
(0.0005379099 -1.2993296e-09 0)
(0.00053790985 -1.1471998e-09 0)
(0.0005379098 -1.0112272e-09 0)
(0.00053790976 -8.8988866e-10 0)
(0.00053790973 -7.8177927e-10 0)
(0.0005379097 -6.8560599e-10 0)
(0.00053790968 -6.0018107e-10 0)
(0.00053790966 -5.2441545e-10 0)
(0.00053790964 -4.5731219e-10 0)
(0.00053790962 -3.9796009e-10 0)
(0.00053790961 -3.4552744e-10 0)
(0.0005379096 -2.9925601e-10 0)
(0.0005379096 -2.5845527e-10 0)
(0.00053790959 -2.2249693e-10 0)
(0.00053790958 -1.9080969e-10 0)
(0.00053790958 -1.6287432e-10 0)
(0.00053790958 -1.3821903e-10 0)
(0.00053790958 -1.1641515e-10 0)
(0.00053790957 -9.7073078e-11 0)
(0.00053790957 -7.9838498e-11 0)
(0.00053790957 -6.4388938e-11 0)
(0.00053790958 -5.0430534e-11 0)
(0.00053790958 -3.7695089e-11 0)
(0.00053790958 -2.593737e-11 0)
(0.00053790958 -1.4932647e-11 0)
(0.00053790958 -4.4744582e-12 0)
(0.00053790959 5.6274046e-12 0)
(0.00053790959 1.5548705e-11 0)
(0.00053790959 2.5452377e-11 0)
(0.0005379096 3.5489947e-11 0)
(0.0005379096 4.5802787e-11 0)
(0.00053790961 5.6523191e-11 0)
(0.00053790961 6.7775297e-11 0)
(0.00053790962 7.9675853e-11 0)
(0.00053790963 9.2334839e-11 0)
(0.00053790964 1.0585595e-10 0)
(0.00053790965 1.2033695e-10 0)
(0.00053790966 1.3586989e-10 0)
(0.00053790967 1.5254121e-10 0)
(0.00053790968 1.7043172e-10 0)
(0.0005379097 1.8961647e-10 0)
(0.00053790971 2.1016452e-10 0)
(0.00053790973 2.3213857e-10 0)
(0.00053790975 2.5559453e-10 0)
(0.00053790977 2.8058097e-10 0)
(0.00053790979 3.0713844e-10 0)
(0.00053790981 3.3529876e-10 0)
(0.00053790984 3.6508415e-10 0)
(0.00053790987 3.9650633e-10 0)
(0.0005379099 4.2956547e-10 0)
(0.00053790993 4.642491e-10 0)
(0.00053790996 5.0053091e-10 0)
(0.00053791 5.3836946e-10 0)
(0.00053791004 5.7770686e-10 0)
(0.00053791008 6.184673e-10 0)
(0.00053791013 6.6055557e-10 0)
(0.00053791018 7.0385549e-10 0)
(0.00053791023 7.4822831e-10 0)
(0.00053791029 7.9351101e-10 0)
(0.00053791034 8.3951464e-10 0)
(0.00053791041 8.8602263e-10 0)
(0.00053791047 9.3278906e-10 0)
(0.00053791054 9.7953706e-10 0)
(0.00053791061 1.0259572e-09 0)
(0.00053791069 1.0717061e-09 0)
(0.00053791077 1.1164051e-09 0)
(0.00053791085 1.1596391e-09 0)
(0.00053791093 1.2009558e-09 0)
(0.00053791102 1.2398651e-09 0)
(0.00053791111 1.2758385e-09 0)
(0.0005379112 1.3083095e-09 0)
(0.0005379113 1.3366734e-09 0)
(0.0005379114 1.3602876e-09 0)
(0.0005379115 1.3784679e-09 0)
(0.0005379116 1.3905105e-09 0)
(0.0005379117 1.3957217e-09 0)
(0.0005379118 1.3931941e-09 0)
(0.00053791193 1.3803021e-09 0)
(0.00039108748 5.9458531e-06 0)
(0.00039248681 1.6903212e-05 0)
(0.00039519987 2.6828133e-05 0)
(0.00039905285 3.5646487e-05 0)
(0.00040384931 4.3314047e-05 0)
(0.00040942211 4.9814247e-05 0)
(0.00041560464 5.515706e-05 0)
(0.00042223717 5.9376588e-05 0)
(0.00042917159 6.2527664e-05 0)
(0.00043627409 6.4681872e-05 0)
(0.0004434268 6.5923336e-05 0)
(0.00045052864 6.6344564e-05 0)
(0.00045749525 6.6042582e-05 0)
(0.0004642584 6.5115514e-05 0)
(0.00047076486 6.3659705e-05 0)
(0.00047697492 6.1767433e-05 0)
(0.00048286088 5.9525176e-05 0)
(0.00048840529 5.7012425e-05 0)
(0.00049359939 5.4300954e-05 0)
(0.00049844155 5.1454482e-05 0)
(0.00050293585 4.8528664e-05 0)
(0.00050709083 4.5571314e-05 0)
(0.00051091842 4.2622814e-05 0)
(0.00051443298 3.971665e-05 0)
(0.00051765056 3.6880013e-05 0)
(0.00052058824 3.4134445e-05 0)
(0.0005232636 3.1496489e-05 0)
(0.00052569436 2.8978321e-05 0)
(0.00052789803 2.6588356e-05 0)
(0.00052989165 2.4331812e-05 0)
(0.0005316917 2.2211219e-05 0)
(0.00053331386 2.022689e-05 0)
(0.00053477305 1.8377331e-05 0)
(0.00053608329 1.6659604e-05 0)
(0.00053725772 1.5069645e-05 0)
(0.00053830859 1.3602537e-05 0)
(0.00053924729 1.2252742e-05 0)
(0.00054008434 1.1014293e-05 0)
(0.00054082946 9.8809665e-06 0)
(0.00054149157 8.8464073e-06 0)
(0.00054207888 7.9042452e-06 0)
(0.00054259888 7.0481807e-06 0)
(0.00054305841 6.2720545e-06 0)
(0.00054346372 5.5699016e-06 0)
(0.00054382048 4.9359908e-06 0)
(0.00054413385 4.3648537e-06 0)
(0.00054440849 3.8513041e-06 0)
(0.00054464864 3.3904492e-06 0)
(0.00054485809 2.9776947e-06 0)
(0.00054504031 2.6087457e-06 0)
(0.00054519838 2.2796016e-06 0)
(0.00054533509 1.9865499e-06 0)
(0.00054545294 1.7261562e-06 0)
(0.00054555417 1.495253e-06 0)
(0.00054564079 1.2909274e-06 0)
(0.00054571458 1.1105072e-06 0)
(0.00054577715 9.5154756e-07 0)
(0.00054582991 8.1181661e-07 0)
(0.00054587412 6.8928174e-07 0)
(0.00054591091 5.8209564e-07 0)
(0.00054594127 4.8858302e-07 0)
(0.00054596608 4.0722758e-07 0)
(0.00054598612 3.3665971e-07 0)
(0.00054600205 2.7564465e-07 0)
(0.00054601449 2.2307132e-07 0)
(0.00054602395 1.7794186e-07 0)
(0.0005460309 1.3936173e-07 0)
(0.00054603574 1.0653053e-07 0)
(0.00054603881 7.8733418e-08 0)
(0.00054604042 5.5333189e-08 0)
(0.00054604083 3.5762914e-08 0)
(0.00054604026 1.9519172e-08 0)
(0.00054603892 6.1558247e-09 0)
(0.00054603695 -4.7217031e-09 0)
(0.00054603452 -1.3461648e-08 0)
(0.00054603173 -2.0370684e-08 0)
(0.00054602869 -2.5718275e-08 0)
(0.00054602547 -2.9740631e-08 0)
(0.00054602216 -3.2644297e-08 0)
(0.00054601881 -3.4609408e-08 0)
(0.00054601547 -3.5792628e-08 0)
(0.00054601217 -3.6329806e-08 0)
(0.00054600895 -3.6338361e-08 0)
(0.00054600582 -3.5919437e-08 0)
(0.00054600282 -3.5159829e-08 0)
(0.00054599994 -3.4133712e-08 0)
(0.0005459972 -3.2904184e-08 0)
(0.00054599461 -3.1524649e-08 0)
(0.00054599217 -3.0040045e-08 0)
(0.00054598987 -2.8487938e-08 0)
(0.00054598772 -2.6899489e-08 0)
(0.00054598572 -2.530032e-08 0)
(0.00054598386 -2.3711269e-08 0)
(0.00054598213 -2.2149064e-08 0)
(0.00054598053 -2.0626913e-08 0)
(0.00054597906 -1.915502e-08 0)
(0.0005459777 -1.7741046e-08 0)
(0.00054597646 -1.6390502e-08 0)
(0.00054597532 -1.5107096e-08 0)
(0.00054597428 -1.3893036e-08 0)
(0.00054597333 -1.2749291e-08 0)
(0.00054597247 -1.1675818e-08 0)
(0.00054597168 -1.0671754e-08 0)
(0.00054597097 -9.7355846e-09 0)
(0.00054597033 -8.8652878e-09 0)
(0.00054596974 -8.0584528e-09 0)
(0.00054596922 -7.3123845e-09 0)
(0.00054596875 -6.6241891e-09 0)
(0.00054596833 -5.9908463e-09 0)
(0.00054596795 -5.4092694e-09 0)
(0.00054596761 -4.8763541e-09 0)
(0.0005459673 -4.3890187e-09 0)
(0.00054596703 -3.9442357e-09 0)
(0.00054596679 -3.5390575e-09 0)
(0.00054596658 -3.1706357e-09 0)
(0.00054596639 -2.8362354e-09 0)
(0.00054596622 -2.5332458e-09 0)
(0.00054596608 -2.259187e-09 0)
(0.00054596595 -2.0117143e-09 0)
(0.00054596583 -1.7886196e-09 0)
(0.00054596573 -1.5878311e-09 0)
(0.00054596564 -1.4074117e-09 0)
(0.00054596557 -1.2455554e-09 0)
(0.0005459655 -1.1005836e-09 0)
(0.00054596544 -9.7094022e-10 0)
(0.00054596539 -8.5518609e-10 0)
(0.00054596535 -7.5199334e-10 0)
(0.00054596531 -6.6013934e-10 0)
(0.00054596528 -5.7850059e-10 0)
(0.00054596526 -5.0604655e-10 0)
(0.00054596523 -4.4183353e-10 0)
(0.00054596521 -3.8499868e-10 0)
(0.0005459652 -3.3475415e-10 0)
(0.00054596518 -2.9038147e-10 0)
(0.00054596517 -2.5122611e-10 0)
(0.00054596516 -2.1669234e-10 0)
(0.00054596516 -1.8623828e-10 0)
(0.00054596515 -1.5937132e-10 0)
(0.00054596515 -1.3564371e-10 0)
(0.00054596514 -1.1464852e-10 0)
(0.00054596514 -9.6015786e-11 0)
(0.00054596514 -7.9408999e-11 0)
(0.00054596514 -6.4521797e-11 0)
(0.00054596514 -5.1074947e-11 0)
(0.00054596514 -3.8813554e-11 0)
(0.00054596514 -2.7504511e-11 0)
(0.00054596514 -1.6934172e-11 0)
(0.00054596515 -6.9062375e-12 0)
(0.00054596515 2.76015e-12 0)
(0.00054596515 1.223212e-11 0)
(0.00054596516 2.1664598e-11 0)
(0.00054596516 3.1201663e-11 0)
(0.00054596517 4.0977723e-11 0)
(0.00054596518 5.1118545e-11 0)
(0.00054596518 6.1742126e-11 0)
(0.00054596519 7.2959421e-11 0)
(0.0005459652 8.4874935e-11 0)
(0.00054596521 9.7587187e-11 0)
(0.00054596522 1.1118904e-10 0)
(0.00054596523 1.257679e-10 0)
(0.00054596525 1.4140586e-10 0)
(0.00054596526 1.5817964e-10 0)
(0.00054596528 1.7616048e-10 0)
(0.0005459653 1.9541392e-10 0)
(0.00054596532 2.1599947e-10 0)
(0.00054596534 2.379702e-10 0)
(0.00054596536 2.6137218e-10 0)
(0.00054596539 2.8624392e-10 0)
(0.00054596542 3.1261562e-10 0)
(0.00054596545 3.4050842e-10 0)
(0.00054596548 3.6993348e-10 0)
(0.00054596552 4.0089104e-10 0)
(0.00054596555 4.3336939e-10 0)
(0.00054596559 4.673437e-10 0)
(0.00054596564 5.0277486e-10 0)
(0.00054596569 5.396082e-10 0)
(0.00054596574 5.7777213e-10 0)
(0.00054596579 6.1717676e-10 0)
(0.00054596585 6.5771243e-10 0)
(0.00054596591 6.9924819e-10 0)
(0.00054596598 7.4163031e-10 0)
(0.00054596604 7.8468066e-10 0)
(0.00054596612 8.2819521e-10 0)
(0.00054596619 8.7194244e-10 0)
(0.00054596627 9.1566192e-10 0)
(0.00054596636 9.5906282e-10 0)
(0.00054596644 1.0018227e-09 0)
(0.00054596654 1.0435862e-09 0)
(0.00054596663 1.0839645e-09 0)
(0.00054596673 1.1225338e-09 0)
(0.00054596683 1.1588356e-09 0)
(0.00054596694 1.1923757e-09 0)
(0.00054596705 1.2226243e-09 0)
(0.00054596716 1.2490164e-09 0)
(0.00054596727 1.2709507e-09 0)
(0.00054596739 1.2877865e-09 0)
(0.0005459675 1.2988639e-09 0)
(0.00054596762 1.3035323e-09 0)
(0.00054596773 1.3009351e-09 0)
(0.00054596789 1.2885484e-09 0)
(0.00039108449 5.3312359e-06 0)
(0.00039244745 1.5170675e-05 0)
(0.00039509818 2.4101514e-05 0)
(0.00039887461 3.2058437e-05 0)
(0.00040359298 3.9001393e-05 0)
(0.00040909737 4.4913781e-05 0)
(0.00041523128 4.9801669e-05 0)
(0.00042184332 5.3691943e-05 0)
(0.00042879173 5.6629615e-05 0)
(0.0004359468 5.8674592e-05 0)
(0.00044319267 5.9898212e-05 0)
(0.00045042826 6.0379758e-05 0)
(0.00045756756 6.0203161e-05 0)
(0.00046453932 5.9454033e-05 0)
(0.00047128623 5.8217116e-05 0)
(0.00047776391 5.6574208e-05 0)
(0.00048393955 5.4602549e-05 0)
(0.00048979055 5.2373663e-05 0)
(0.00049530307 4.9952602e-05 0)
(0.00050047069 4.7397543e-05 0)
(0.00050529311 4.4759666e-05 0)
(0.00050977495 4.2083273e-05 0)
(0.00051392474 3.9406072e-05 0)
(0.00051775396 3.6759588e-05 0)
(0.0005212763 3.4169658e-05 0)
(0.00052450694 3.1656967e-05 0)
(0.00052746206 2.9237604e-05 0)
(0.00053015833 2.6923618e-05 0)
(0.00053261259 2.472355e-05 0)
(0.00053484154 2.2642934e-05 0)
(0.00053686153 2.0684768e-05 0)
(0.00053868839 1.8849929e-05 0)
(0.00054033732 1.7137562e-05 0)
(0.00054182278 1.5545411e-05 0)
(0.00054315846 1.4070117e-05 0)
(0.00054435725 1.2707473e-05 0)
(0.00054543121 1.1452646e-05 0)
(0.00054639158 1.0300358e-05 0)
(0.00054724883 9.2450502e-06 0)
(0.00054801262 8.2810063e-06 0)
(0.00054869189 7.4024627e-06 0)
(0.00054929485 6.6036931e-06 0)
(0.00054982906 5.8790778e-06 0)
(0.00055030142 5.2231563e-06 0)
(0.00055071824 4.6306683e-06 0)
(0.00055108528 4.0965823e-06 0)
(0.00055140778 3.6161169e-06 0)
(0.00055169051 3.184753e-06 0)
(0.00055193775 2.7982408e-06 0)
(0.00055215343 2.4526014e-06 0)
(0.00055234107 2.1441243e-06 0)
(0.00055250383 1.8693622e-06 0)
(0.00055264458 1.6251228e-06 0)
(0.00055276589 1.4084593e-06 0)
(0.00055287007 1.2166592e-06 0)
(0.00055295917 1.0472328e-06 0)
(0.00055303504 8.979002e-07 0)
(0.00055309933 7.6657904e-07 0)
(0.0005531535 6.5137167e-07 0)
(0.00055319886 5.5055253e-07 0)
(0.00055323656 4.6255592e-07 0)
(0.00055326763 3.8596411e-07 0)
(0.00055329298 3.1949591e-07 0)
(0.00055331341 2.619958e-07 0)
(0.00055332961 2.1242361e-07 0)
(0.00055334221 1.6984477e-07 0)
(0.00055335176 1.334212e-07 0)
(0.00055335872 1.0240273e-07 0)
(0.0005533635 7.6119159e-08 0)
(0.00055336648 5.3972858e-08 0)
(0.00055336796 3.5431939e-08 0)
(0.00055336821 2.0023936e-08 0)
(0.00055336747 7.3300003e-09 0)
(0.00055336592 -3.0204285e-09 0)
(0.00055336376 -1.1354507e-08 0)
(0.00055336111 -1.7960447e-08 0)
(0.00055335811 -2.3091578e-08 0)
(0.00055335486 -2.6970053e-08 0)
(0.00055335144 -2.97902e-08 0)
(0.00055334793 -3.1721568e-08 0)
(0.00055334438 -3.2911677e-08 0)
(0.00055334085 -3.3488508e-08 0)
(0.00055333737 -3.3562733e-08 0)
(0.00055333397 -3.3229735e-08 0)
(0.00055333069 -3.2571413e-08 0)
(0.00055332753 -3.1657802e-08 0)
(0.00055332451 -3.0548524e-08 0)
(0.00055332164 -2.9294078e-08 0)
(0.00055331892 -2.7936998e-08 0)
(0.00055331636 -2.6512876e-08 0)
(0.00055331396 -2.5051273e-08 0)
(0.00055331171 -2.3576531e-08 0)
(0.00055330962 -2.2108479e-08 0)
(0.00055330767 -2.0663072e-08 0)
(0.00055330586 -1.9252941e-08 0)
(0.0005533042 -1.7887881e-08 0)
(0.00055330266 -1.6575282e-08 0)
(0.00055330124 -1.5320501e-08 0)
(0.00055329995 -1.4127187e-08 0)
(0.00055329876 -1.2997568e-08 0)
(0.00055329767 -1.1932696e-08 0)
(0.00055329668 -1.0932659e-08 0)
(0.00055329578 -9.9967662e-09 0)
(0.00055329496 -9.1237042e-09 0)
(0.00055329422 -8.311672e-09 0)
(0.00055329355 -7.5584961e-09 0)
(0.00055329295 -6.8617271e-09 0)
(0.0005532924 -6.2187214e-09 0)
(0.00055329191 -5.62671e-09 0)
(0.00055329147 -5.0828546e-09 0)
(0.00055329107 -4.5842946e-09 0)
(0.00055329072 -4.1281853e-09 0)
(0.00055329041 -3.7117278e-09 0)
(0.00055329012 -3.3321938e-09 0)
(0.00055328987 -2.9869438e-09 0)
(0.00055328965 -2.6734413e-09 0)
(0.00055328945 -2.3892628e-09 0)
(0.00055328928 -2.1321048e-09 0)
(0.00055328913 -1.8997877e-09 0)
(0.00055328899 -1.6902579e-09 0)
(0.00055328887 -1.5015872e-09 0)
(0.00055328877 -1.331972e-09 0)
(0.00055328868 -1.1797301e-09 0)
(0.0005532886 -1.043297e-09 0)
(0.00055328853 -9.2122185e-10 0)
(0.00055328847 -8.1216235e-10 0)
(0.00055328842 -7.1487946e-10 0)
(0.00055328837 -6.2823192e-10 0)
(0.00055328833 -5.5117062e-10 0)
(0.0005532883 -4.8273293e-10 0)
(0.00055328827 -4.2203705e-10 0)
(0.00055328825 -3.6827643e-10 0)
(0.00055328823 -3.2071442e-10 0)
(0.00055328821 -2.78679e-10 0)
(0.0005532882 -2.4155779e-10 0)
(0.00055328818 -2.0879322e-10 0)
(0.00055328818 -1.7987803e-10 0)
(0.00055328817 -1.543509e-10 0)
(0.00055328816 -1.3179243e-10 0)
(0.00055328816 -1.1182134e-10 0)
(0.00055328815 -9.4090906e-11 0)
(0.00055328815 -7.8285686e-11 0)
(0.00055328815 -6.4118433e-11 0)
(0.00055328815 -5.132728e-11 0)
(0.00055328815 -3.9673146e-11 0)
(0.00055328815 -2.893735e-11 0)
(0.00055328815 -1.8919445e-11 0)
(0.00055328816 -9.4352403e-12 0)
(0.00055328816 -3.1502431e-13 0)
(0.00055328816 8.5980375e-12 0)
(0.00055328817 1.744933e-11 0)
(0.00055328817 2.6374051e-11 0)
(0.00055328818 3.5498323e-11 0)
(0.00055328819 4.4940146e-11 0)
(0.0005532882 5.4810222e-11 0)
(0.00055328821 6.5212637e-11 0)
(0.00055328822 7.6245416e-11 0)
(0.00055328823 8.8000957e-11 0)
(0.00055328824 1.0056635e-10 0)
(0.00055328825 1.1402357e-10 0)
(0.00055328827 1.2844959e-10 0)
(0.00055328829 1.4391636e-10 0)
(0.00055328831 1.6049069e-10 0)
(0.00055328833 1.7823406e-10 0)
(0.00055328835 1.9720233e-10 0)
(0.00055328838 2.174453e-10 0)
(0.0005532884 2.3900627e-10 0)
(0.00055328843 2.6192145e-10 0)
(0.00055328846 2.8621934e-10 0)
(0.0005532885 3.1191993e-10 0)
(0.00055328854 3.3903395e-10 0)
(0.00055328858 3.6756193e-10 0)
(0.00055328862 3.9749326e-10 0)
(0.00055328867 4.2880513e-10 0)
(0.00055328872 4.614614e-10 0)
(0.00055328877 4.9541147e-10 0)
(0.00055328883 5.3058899e-10 0)
(0.00055328889 5.669106e-10 0)
(0.00055328896 6.0427456e-10 0)
(0.00055328903 6.4255939e-10 0)
(0.0005532891 6.8162247e-10 0)
(0.00055328918 7.2129858e-10 0)
(0.00055328926 7.6139855e-10 0)
(0.00055328935 8.0170783e-10 0)
(0.00055328944 8.4198516e-10 0)
(0.00055328954 8.8196135e-10 0)
(0.00055328964 9.2133807e-10 0)
(0.00055328974 9.5978691e-10 0)
(0.00055328985 9.9694847e-10 0)
(0.00055328996 1.0324317e-09 0)
(0.00055329008 1.0658134e-09 0)
(0.0005532902 1.0966377e-09 0)
(0.00055329032 1.124416e-09 0)
(0.00055329045 1.1486271e-09 0)
(0.00055329057 1.1687158e-09 0)
(0.0005532907 1.1840899e-09 0)
(0.00055329084 1.1941388e-09 0)
(0.00055329097 1.1982599e-09 0)
(0.0005532911 1.1956565e-09 0)
(0.00055329127 1.1839379e-09 0)
(0.00039108192 4.7321541e-06 0)
(0.00039241354 1.3477341e-05 0)
(0.00039501031 2.1429295e-05 0)
(0.00039872004 2.8530965e-05 0)
(0.00040336974 3.4746559e-05 0)
(0.00040881305 4.0060075e-05 0)
(0.00041490216 4.4474765e-05 0)
(0.00042149303 4.8011718e-05 0)
(0.00042844955 5.0707724e-05 0)
(0.00043564586 5.2612667e-05 0)
(0.00044296818 5.3786681e-05 0)
(0.00045031579 5.4297248e-05 0)
(0.00045760158 5.4216407e-05 0)
(0.00046475197 5.3618209e-05 0)
(0.00047170642 5.2576485e-05 0)
(0.00047841662 5.1162994e-05 0)
(0.00048484547 4.9445956e-05 0)
(0.00049096588 4.7488959e-05 0)
(0.0004967596 4.535021e-05 0)
(0.00050221597 4.3082101e-05 0)
(0.00050733074 4.073102e-05 0)
(0.00051210498 3.8337383e-05 0)
(0.00051654406 3.5935825e-05 0)
(0.0005206568 3.3555509e-05 0)
(0.00052445462 3.1220524e-05 0)
(0.0005279509 2.8950326e-05 0)
(0.00053116039 2.6760214e-05 0)
(0.00053409873 2.4661803e-05 0)
(0.00053678203 2.2663488e-05 0)
(0.00053922656 2.0770891e-05 0)
(0.00054144848 1.8987275e-05 0)
(0.00054346366 1.7313922e-05 0)
(0.00054528747 1.5750483e-05 0)
(0.00054693473 1.4295277e-05 0)
(0.00054841956 1.294557e-05 0)
(0.00054975537 1.1697807e-05 0)
(0.00055095482 1.0547817e-05 0)
(0.00055202977 9.4909886e-06 0)
(0.00055299132 8.5224135e-06 0)
(0.00055384982 7.6370129e-06 0)
(0.00055461484 6.8296365e-06 0)
(0.00055529526 6.0951455e-06 0)
(0.00055589926 5.4284781e-06 0)
(0.00055643434 4.8247015e-06 0)
(0.0005569074 4.279051e-06 0)
(0.00055732476 3.7869599e-06 0)
(0.00055769216 3.3440796e-06 0)
(0.00055801487 2.9462936e-06 0)
(0.00055829764 2.589725e-06 0)
(0.0005585448 2.2707391e-06 0)
(0.00055876027 1.9859428e-06 0)
(0.00055894758 1.7321802e-06 0)
(0.00055910993 1.5065262e-06 0)
(0.0005592502 1.3062784e-06 0)
(0.00055937097 1.1289475e-06 0)
(0.00055947455 9.7224689e-07 0)
(0.00055956302 8.3408147e-07 0)
(0.00055963824 7.1253651e-07 0)
(0.00055970186 6.0586617e-07 0)
(0.00055975536 5.1248219e-07 0)
(0.00055980004 4.3094276e-07 0)
(0.00055983708 3.5994177e-07 0)
(0.0005598675 2.9829843e-07 0)
(0.00055989222 2.4494736e-07 0)
(0.00055991203 1.989292e-07 0)
(0.00055992764 1.5938166e-07 0)
(0.00055993968 1.2553123e-07 0)
(0.00055994869 9.6685309e-08 0)
(0.00055995514 7.2224948e-08 0)
(0.00055995945 5.1598038e-08 0)
(0.00055996198 3.4313054e-08 0)
(0.00055996303 1.9933255e-08 0)
(0.00055996289 8.0713451e-09 0)
(0.00055996178 -1.6154273e-09 0)
(0.00055995989 -9.4297587e-09 0)
(0.00055995741 -1.5638396e-08 0)
(0.00055995447 -2.0475881e-08 0)
(0.0005599512 -2.4147956e-08 0)
(0.0005599477 -2.6834659e-08 0)
(0.00055994405 -2.8693128e-08 0)
(0.00055994033 -2.9860139e-08 0)
(0.00055993659 -3.0454399e-08 0)
(0.00055993289 -3.0578608e-08 0)
(0.00055992925 -3.032132e-08 0)
(0.00055992572 -2.9758609e-08 0)
(0.0005599223 -2.8955568e-08 0)
(0.00055991902 -2.7967646e-08 0)
(0.0005599159 -2.6841843e-08 0)
(0.00055991293 -2.5617776e-08 0)
(0.00055991013 -2.4328627e-08 0)
(0.00055990749 -2.3001989e-08 0)
(0.00055990502 -2.1660608e-08 0)
(0.00055990271 -2.0323045e-08 0)
(0.00055990056 -1.9004261e-08 0)
(0.00055989856 -1.771613e-08 0)
(0.00055989671 -1.6467891e-08 0)
(0.000559895 -1.5266543e-08 0)
(0.00055989343 -1.4117193e-08 0)
(0.00055989199 -1.3023358e-08 0)
(0.00055989066 -1.1987228e-08 0)
(0.00055988945 -1.1009896e-08 0)
(0.00055988834 -1.0091552e-08 0)
(0.00055988733 -9.2316585e-09 0)
(0.00055988642 -8.4290915e-09 0)
(0.00055988558 -7.6822693e-09 0)
(0.00055988483 -6.9892579e-09 0)
(0.00055988415 -6.3478612e-09 0)
(0.00055988353 -5.7556971e-09 0)
(0.00055988298 -5.2102614e-09 0)
(0.00055988248 -4.7089806e-09 0)
(0.00055988204 -4.2492556e-09 0)
(0.00055988163 -3.8284971e-09 0)
(0.00055988128 -3.4441543e-09 0)
(0.00055988096 -3.0937376e-09 0)
(0.00055988067 -2.7748361e-09 0)
(0.00055988042 -2.4851311e-09 0)
(0.0005598802 -2.2224052e-09 0)
(0.00055988 -1.9845497e-09 0)
(0.00055987982 -1.7695678e-09 0)
(0.00055987966 -1.575577e-09 0)
(0.00055987953 -1.4008094e-09 0)
(0.00055987941 -1.2436098e-09 0)
(0.0005598793 -1.1024342e-09 0)
(0.00055987921 -9.7584586e-10 0)
(0.00055987913 -8.6251197e-10 0)
(0.00055987906 -7.6119884e-10 0)
(0.000559879 -6.7076731e-10 0)
(0.00055987895 -5.9016778e-10 0)
(0.0005598789 -5.1843506e-10 0)
(0.00055987886 -4.546832e-10 0)
(0.00055987883 -3.981004e-10 0)
(0.0005598788 -3.4794391e-10 0)
(0.00055987878 -3.0353512e-10 0)
(0.00055987876 -2.6425479e-10 0)
(0.00055987874 -2.2953846e-10 0)
(0.00055987873 -1.9887205e-10 0)
(0.00055987871 -1.7178772e-10 0)
(0.0005598787 -1.478599e-10 0)
(0.0005598787 -1.2670159e-10 0)
(0.00055987869 -1.0796086e-10 0)
(0.00055987869 -9.1317623e-11 0)
(0.00055987868 -7.6480585e-11 0)
(0.00055987868 -6.3184441e-11 0)
(0.00055987868 -5.1187285e-11 0)
(0.00055987868 -4.0268222e-11 0)
(0.00055987868 -3.0225175e-11 0)
(0.00055987868 -2.0872895e-11 0)
(0.00055987869 -1.2041144e-11 0)
(0.00055987869 -3.5730537e-12 0)
(0.00055987869 4.6763442e-12 0)
(0.0005598787 1.2841437e-11 0)
(0.00055987871 2.1047196e-11 0)
(0.00055987871 2.9410196e-11 0)
(0.00055987872 3.8039503e-11 0)
(0.00055987873 4.7037434e-11 0)
(0.00055987874 5.6500184e-11 0)
(0.00055987875 6.6518347e-11 0)
(0.00055987876 7.7177318e-11 0)
(0.00055987878 8.8557586e-11 0)
(0.0005598788 1.0073493e-10 0)
(0.00055987881 1.137805e-10 0)
(0.00055987883 1.2776084e-10 0)
(0.00055987885 1.4273776e-10 0)
(0.00055987888 1.5876817e-10 0)
(0.0005598789 1.7590379e-10 0)
(0.00055987893 1.9419083e-10 0)
(0.00055987896 2.136695e-10 0)
(0.00055987899 2.3437355e-10 0)
(0.00055987903 2.563296e-10 0)
(0.00055987907 2.7955654e-10 0)
(0.00055987911 3.0406474e-10 0)
(0.00055987916 3.2985526e-10 0)
(0.00055987921 3.5691892e-10 0)
(0.00055987926 3.852354e-10 0)
(0.00055987932 4.147722e-10 0)
(0.00055987938 4.4548355e-10 0)
(0.00055987944 4.7730933e-10 0)
(0.00055987951 5.1017382e-10 0)
(0.00055987958 5.4398456e-10 0)
(0.00055987966 5.7863105e-10 0)
(0.00055987974 6.1398351e-10 0)
(0.00055987983 6.4989159e-10 0)
(0.00055987992 6.8618313e-10 0)
(0.00055988002 7.2266289e-10 0)
(0.00055988012 7.591114e-10 0)
(0.00055988023 7.9528383e-10 0)
(0.00055988034 8.30909e-10 0)
(0.00055988045 8.6568846e-10 0)
(0.00055988057 8.9929579e-10 0)
(0.0005598807 9.3137592e-10 0)
(0.00055988083 9.6154468e-10 0)
(0.00055988096 9.8938838e-10 0)
(0.0005598811 1.0144635e-09 0)
(0.00055988124 1.0362968e-09 0)
(0.00055988138 1.0543836e-09 0)
(0.00055988152 1.0681852e-09 0)
(0.00055988167 1.077145e-09 0)
(0.00055988181 1.0807142e-09 0)
(0.00055988195 1.078162e-09 0)
(0.00055988215 1.0672656e-09 0)
(0.00039107975 4.1464038e-06 0)
(0.00039238456 1.1817773e-05 0)
(0.00039493497 1.8804158e-05 0)
(0.00039858712 2.5056289e-05 0)
(0.00040317704 3.0542664e-05 0)
(0.0004085665 3.5248361e-05 0)
(0.00041461511 3.9174672e-05 0)
(0.00042118518 4.2338029e-05 0)
(0.0004281456 4.4768308e-05 0)
(0.00043537404 4.6506743e-05 0)
(0.00044275872 4.7603598e-05 0)
(0.00045019952 4.8115776e-05 0)
(0.00045760865 4.8104483e-05 0)
(0.00046491078 4.7633062e-05 0)
(0.00047204276 4.6765074e-05 0)
(0.00047895307 4.5562678e-05 0)
(0.00048560098 4.4085317e-05 0)
(0.00049195563 4.2388716e-05 0)
(0.00049799492 4.0524178e-05 0)
(0.00050370448 3.853814e-05 0)
(0.00050907659 3.6471946e-05 0)
(0.00051410911 3.4361828e-05 0)
(0.0005188046 3.2239012e-05 0)
(0.0005231694 3.0129957e-05 0)
(0.00052721285 2.8056663e-05 0)
(0.00053094664 2.6037033e-05 0)
(0.00053438414 2.4085269e-05 0)
(0.00053753998 2.2212273e-05 0)
(0.00054042952 2.0426053e-05 0)
(0.00054306859 1.8732101e-05 0)
(0.00054547309 1.7133762e-05 0)
(0.00054765884 1.5632567e-05 0)
(0.00054964134 1.4228543e-05 0)
(0.00055143564 1.2920487e-05 0)
(0.00055305622 1.1706205e-05 0)
(0.00055451692 1.0582737e-05 0)
(0.00055583089 9.5465317e-06 0)
(0.00055701054 8.5936119e-06 0)
(0.00055806752 7.7197082e-06 0)
(0.00055901275 6.9203719e-06 0)
(0.0005598564 6.191069e-06 0)
(0.00056060791 5.5272573e-06 0)
(0.00056127601 4.9244477e-06 0)
(0.00056186876 4.3782531e-06 0)
(0.00056239359 3.8844265e-06 0)
(0.00056285729 3.4388886e-06 0)
(0.00056326609 3.0377488e-06 0)
(0.00056362568 2.6773181e-06 0)
(0.00056394125 2.3541178e-06 0)
(0.0005642175 2.0648827e-06 0)
(0.0005644587 1.8065613e-06 0)
(0.00056466874 1.576313e-06 0)
(0.0005648511 1.3715025e-06 0)
(0.00056500894 1.1896934e-06 0)
(0.00056514509 1.0286401e-06 0)
(0.00056526212 8.8627805e-07 0)
(0.00056536229 7.6071502e-07 0)
(0.00056544768 6.5022057e-07 0)
(0.0005655201 5.5321615e-07 0)
(0.00056558118 4.6826507e-07 0)
(0.00056563238 3.9406258e-07 0)
(0.00056567499 3.2942624e-07 0)
(0.00056571016 2.7328673e-07 0)
(0.00056573889 2.2467886e-07 0)
(0.00056576209 1.8273323e-07 0)
(0.00056578054 1.4666818e-07 0)
(0.00056579493 1.1578228e-07 0)
(0.00056580587 8.944733e-08 0)
(0.0005658139 6.7101741e-08 0)
(0.00056581947 4.8244452e-08 0)
(0.000565823 3.2429256e-08 0)
(0.00056582483 1.9259573e-08 0)
(0.00056582527 8.3836262e-09 0)
(0.00056582458 -5.0998479e-10 0)
(0.00056582298 -7.6963467e-09 0)
(0.00056582067 -1.3417944e-08 0)
(0.00056581781 -1.7888045e-08 0)
(0.00056581454 -2.1293788e-08 0)
(0.00056581098 -2.3798983e-08 0)
(0.00056580722 -2.554665e-08 0)
(0.00056580335 -2.6661321e-08 0)
(0.00056579944 -2.7251113e-08 0)
(0.00056579553 -2.7409604e-08 0)
(0.00056579168 -2.7217516e-08 0)
(0.00056578792 -2.6744229e-08 0)
(0.00056578428 -2.6049137e-08 0)
(0.00056578077 -2.5182863e-08 0)
(0.00056577741 -2.4188345e-08 0)
(0.00056577422 -2.3101802e-08 0)
(0.0005657712 -2.1953596e-08 0)
(0.00056576835 -2.0768998e-08 0)
(0.00056576567 -1.9568865e-08 0)
(0.00056576317 -1.8370239e-08 0)
(0.00056576083 -1.7186882e-08 0)
(0.00056575866 -1.6029738e-08 0)
(0.00056575665 -1.4907348e-08 0)
(0.00056575479 -1.3826204e-08 0)
(0.00056575307 -1.2791075e-08 0)
(0.00056575149 -1.180527e-08 0)
(0.00056575004 -1.0870888e-08 0)
(0.00056574871 -9.9890191e-09 0)
(0.0005657475 -9.1599286e-09 0)
(0.00056574639 -8.3832099e-09 0)
(0.00056574538 -7.6579191e-09 0)
(0.00056574447 -6.982689e-09 0)
(0.00056574364 -6.355826e-09 0)
(0.00056574288 -5.7753928e-09 0)
(0.00056574221 -5.2392781e-09 0)
(0.00056574159 -4.7452545e-09 0)
(0.00056574104 -4.2910274e-09 0)
(0.00056574055 -3.8742745e-09 0)
(0.00056574011 -3.492679e-09 0)
(0.00056573971 -3.1439552e-09 0)
(0.00056573935 -2.82587e-09 0)
(0.00056573904 -2.5362588e-09 0)
(0.00056573876 -2.273038e-09 0)
(0.0005657385 -2.0342138e-09 0)
(0.00056573828 -1.8178888e-09 0)
(0.00056573809 -1.6222651e-09 0)
(0.00056573791 -1.4456472e-09 0)
(0.00056573776 -1.2864415e-09 0)
(0.00056573762 -1.1431559e-09 0)
(0.00056573751 -1.0143975e-09 0)
(0.0005657374 -8.9886996e-10 0)
(0.00056573731 -7.9536996e-10 0)
(0.00056573723 -7.0278346e-10 0)
(0.00056573716 -6.2008139e-10 0)
(0.00056573711 -5.4631525e-10 0)
(0.00056573705 -4.8061252e-10 0)
(0.00056573701 -4.2217209e-10 0)
(0.00056573697 -3.7025964e-10 0)
(0.00056573694 -3.2420312e-10 0)
(0.00056573691 -2.8338833e-10 0)
(0.00056573689 -2.4725464e-10 0)
(0.00056573687 -2.1529086e-10 0)
(0.00056573685 -1.8703133e-10 0)
(0.00056573684 -1.6205211e-10 0)
(0.00056573683 -1.3996749e-10 0)
(0.00056573682 -1.2042663e-10 0)
(0.00056573681 -1.031104e-10 0)
(0.0005657368 -8.7728474e-11 0)
(0.0005657368 -7.4016597e-11 0)
(0.0005657368 -6.1734034e-11 0)
(0.0005657368 -5.0661246e-11 0)
(0.0005657368 -4.0597728e-11 0)
(0.0005657368 -3.1360035e-11 0)
(0.0005657368 -2.2779981e-11 0)
(0.0005657368 -1.470299e-11 0)
(0.0005657368 -6.9866235e-12 0)
(0.00056573681 5.007614e-13 0)
(0.00056573681 7.8811996e-12 0)
(0.00056573682 1.5268175e-11 0)
(0.00056573683 2.276755e-11 0)
(0.00056573684 3.0478366e-11 0)
(0.00056573685 3.8493536e-11 0)
(0.00056573686 4.6900421e-11 0)
(0.00056573687 5.5781299e-11 0)
(0.00056573689 6.5213737e-11 0)
(0.0005657369 7.527086e-11 0)
(0.00056573692 8.6021535e-11 0)
(0.00056573694 9.7530454e-11 0)
(0.00056573696 1.0985814e-10 0)
(0.00056573698 1.2306087e-10 0)
(0.00056573701 1.3719051e-10 0)
(0.00056573704 1.5229426e-10 0)
(0.00056573707 1.6841437e-10 0)
(0.0005657371 1.8558772e-10 0)
(0.00056573714 2.0384536e-10 0)
(0.00056573718 2.23212e-10 0)
(0.00056573722 2.4370539e-10 0)
(0.00056573727 2.6533564e-10 0)
(0.00056573732 2.8810452e-10 0)
(0.00056573737 3.1200465e-10 0)
(0.00056573743 3.3701865e-10 0)
(0.00056573749 3.6311821e-10 0)
(0.00056573756 3.9026317e-10 0)
(0.00056573763 4.1840049e-10 0)
(0.0005657377 4.4746318e-10 0)
(0.00056573778 4.7736927e-10 0)
(0.00056573787 5.0802066e-10 0)
(0.00056573796 5.39302e-10 0)
(0.00056573805 5.7107958e-10 0)
(0.00056573816 6.0320022e-10 0)
(0.00056573826 6.3549015e-10 0)
(0.00056573837 6.6775403e-10 0)
(0.00056573849 6.9977393e-10 0)
(0.00056573861 7.313085e-10 0)
(0.00056573874 7.6209215e-10 0)
(0.00056573887 7.9183442e-10 0)
(0.000565739 8.202194e-10 0)
(0.00056573914 8.469053e-10 0)
(0.00056573929 8.7152403e-10 0)
(0.00056573944 8.9368083e-10 0)
(0.00056573959 9.1295411e-10 0)
(0.00056573974 9.2889417e-10 0)
(0.0005657399 9.410199e-10 0)
(0.00056574006 9.4883394e-10 0)
(0.00056574022 9.5184548e-10 0)
(0.00056574037 9.493988e-10 0)
(0.00056574058 9.394661e-10 0)
(0.00039107792 3.5719917e-06 0)
(0.00039236004 1.0187014e-05 0)
(0.0003948711 1.6219356e-05 0)
(0.00039847413 2.1627114e-05 0)
(0.00040301272 2.6383073e-05 0)
(0.00040835544 3.047375e-05 0)
(0.00041436817 3.3899155e-05 0)
(0.00042091865 3.6671971e-05 0)
(0.0004278801 3.8816226e-05 0)
(0.00043513334 4.036563e-05 0)
(0.00044256846 4.1361696e-05 0)
(0.00045008607 4.1851786e-05 0)
(0.00045759798 4.1887183e-05 0)
(0.00046502755 4.1521277e-05 0)
(0.00047230959 4.0807944e-05 0)
(0.00047938995 3.980015e-05 0)
(0.00048622492 3.854881e-05 0)
(0.00049278043 3.7101892e-05 0)
(0.00049903112 3.5503777e-05 0)
(0.00050495945 3.3794828e-05 0)
(0.00051055464 3.2011162e-05 0)
(0.00051581179 3.0184578e-05 0)
(0.00052073092 2.8342625e-05 0)
(0.00052531617 2.6508766e-05 0)
(0.00052957502 2.470262e-05 0)
(0.00053351755 2.2940253e-05 0)
(0.00053715593 2.1234505e-05 0)
(0.00054050377 1.9595322e-05 0)
(0.00054357575 1.8030099e-05 0)
(0.00054638721 1.6544005e-05 0)
(0.00054895379 1.5140298e-05 0)
(0.0005512912 1.3820615e-05 0)
(0.00055341501 1.2585243e-05 0)
(0.00055534042 1.1433353e-05 0)
(0.00055708222 1.0363223e-05 0)
(0.00055865458 9.3724222e-06 0)
(0.00056007105 8.4579795e-06 0)
(0.00056134451 7.6165231e-06 0)
(0.00056248709 6.8444029e-06 0)
(0.0005635102 6.1377925e-06 0)
(0.00056442451 5.4927738e-06 0)
(0.00056523996 4.905407e-06 0)
(0.00056596577 4.3717864e-06 0)
(0.00056661049 3.8880859e-06 0)
(0.00056718198 3.4505933e-06 0)
(0.00056768749 3.0557371e-06 0)
(0.00056813367 2.700105e-06 0)
(0.0005685266 2.3804579e-06 0)
(0.00056887182 2.0937372e-06 0)
(0.00056917439 1.8370691e-06 0)
(0.00056943891 1.6077656e-06 0)
(0.00056966953 1.403322e-06 0)
(0.00056987003 1.2214134e-06 0)
(0.00057004381 1.0598886e-06 0)
(0.00057019394 9.167635e-07 0)
(0.00057032318 7.9021346e-07 0)
(0.000570434 6.7856486e-07 0)
(0.00057052864 5.8028665e-07 0)
(0.00057060906 4.9398155e-07 0)
(0.00057067706 4.1837735e-07 0)
(0.00057073421 3.5231822e-07 0)
(0.00057078191 2.9475637e-07 0)
(0.00057082142 2.4474391e-07 0)
(0.00057085383 2.0142503e-07 0)
(0.00057088013 1.6402858e-07 0)
(0.00057090118 1.3186109e-07 0)
(0.00057091773 1.043001e-07 0)
(0.00057093046 8.0787969e-08 0)
(0.00057093994 6.0826083e-08 0)
(0.00057094669 4.3969451e-08 0)
(0.00057095115 2.9821709e-08 0)
(0.00057095371 1.8030488e-08 0)
(0.0005709547 8.2831572e-09 0)
(0.00057095441 3.0289916e-10 0)
(0.00057095308 -6.1548797e-09 0)
(0.00057095095 -1.1305838e-08 0)
(0.00057094817 -1.53397e-08 0)
(0.00057094492 -1.8422989e-08 0)
(0.00057094132 -2.0701506e-08 0)
(0.00057093747 -2.230259e-08 0)
(0.00057093348 -2.3337149e-08 0)
(0.00057092941 -2.3901506e-08 0)
(0.00057092534 -2.4079058e-08 0)
(0.0005709213 -2.3941775e-08 0)
(0.00057091734 -2.3551539e-08 0)
(0.0005709135 -2.2961347e-08 0)
(0.00057090979 -2.2216399e-08 0)
(0.00057090623 -2.1355048e-08 0)
(0.00057090284 -2.0409673e-08 0)
(0.00057089962 -1.9407433e-08 0)
(0.00057089658 -1.8370953e-08 0)
(0.00057089372 -1.7318928e-08 0)
(0.00057089105 -1.626665e-08 0)
(0.00057088854 -1.5226488e-08 0)
(0.00057088622 -1.4208296e-08 0)
(0.00057088406 -1.3219783e-08 0)
(0.00057088206 -1.2266833e-08 0)
(0.00057088021 -1.1353782e-08 0)
(0.00057087851 -1.048367e-08 0)
(0.00057087694 -9.6584476e-09 0)
(0.00057087551 -8.8791652e-09 0)
(0.0005708742 -8.1461323e-09 0)
(0.00057087301 -7.4590559e-09 0)
(0.00057087192 -6.8171594e-09 0)
(0.00057087093 -6.2192846e-09 0)
(0.00057087003 -5.6639784e-09 0)
(0.00057086921 -5.1495666e-09 0)
(0.00057086848 -4.674216e-09 0)
(0.00057086781 -4.2359862e-09 0)
(0.00057086721 -3.8328735e-09 0)
(0.00057086668 -3.4628463e-09 0)
(0.00057086619 -3.1238743e-09 0)
(0.00057086576 -2.8139527e-09 0)
(0.00057086537 -2.5311203e-09 0)
(0.00057086503 -2.2734746e-09 0)
(0.00057086472 -2.0391828e-09 0)
(0.00057086445 -1.8264899e-09 0)
(0.0005708642 -1.6337248e-09 0)
(0.00057086399 -1.4593033e-09 0)
(0.0005708638 -1.3017303e-09 0)
(0.00057086363 -1.1596003e-09 0)
(0.00057086348 -1.0315965e-09 0)
(0.00057086335 -9.1648919e-10 0)
(0.00057086324 -8.1313357e-10 0)
(0.00057086314 -7.2046655e-10 0)
(0.00057086305 -6.3750355e-10 0)
(0.00057086298 -5.6333478e-10 0)
(0.00057086291 -4.9712141e-10 0)
(0.00057086285 -4.3809155e-10 0)
(0.0005708628 -3.8553629e-10 0)
(0.00057086276 -3.3880559e-10 0)
(0.00057086272 -2.9730436e-10 0)
(0.00057086269 -2.604886e-10 0)
(0.00057086267 -2.2786159e-10 0)
(0.00057086264 -1.9897029e-10 0)
(0.00057086263 -1.7340189e-10 0)
(0.00057086261 -1.5078047e-10 0)
(0.0005708626 -1.3076393e-10 0)
(0.00057086259 -1.13041e-10 0)
(0.00057086258 -9.7328483e-11 0)
(0.00057086257 -8.3368691e-11 0)
(0.00057086257 -7.0927013e-11 0)
(0.00057086256 -5.9789691e-11 0)
(0.00057086256 -4.9761748e-11 0)
(0.00057086256 -4.0665087e-11 0)
(0.00057086256 -3.2336745e-11 0)
(0.00057086256 -2.4627294e-11 0)
(0.00057086257 -1.7399392e-11 0)
(0.00057086257 -1.0526472e-11 0)
(0.00057086257 -3.8915538e-12 0)
(0.00057086258 2.6138075e-12 0)
(0.00057086259 9.0904616e-12 0)
(0.0005708626 1.5632487e-11 0)
(0.0005708626 2.2327908e-11 0)
(0.00057086262 2.9259307e-11 0)
(0.00057086263 3.6504343e-11 0)
(0.00057086264 4.4136173e-11 0)
(0.00057086266 5.2223784e-11 0)
(0.00057086267 6.083224e-11 0)
(0.00057086269 7.0022849e-11 0)
(0.00057086271 7.9853247e-11 0)
(0.00057086274 9.0377409e-11 0)
(0.00057086276 1.0164558e-10 0)
(0.00057086279 1.1370415e-10 0)
(0.00057086282 1.2659543e-10 0)
(0.00057086285 1.4035741e-10 0)
(0.00057086289 1.5502337e-10 0)
(0.00057086293 1.7062155e-10 0)
(0.00057086297 1.8717461e-10 0)
(0.00057086302 2.0469917e-10 0)
(0.00057086307 2.2320518e-10 0)
(0.00057086312 2.4269533e-10 0)
(0.00057086318 2.631643e-10 0)
(0.00057086324 2.8459805e-10 0)
(0.00057086331 3.0697305e-10 0)
(0.00057086338 3.3025538e-10 0)
(0.00057086346 3.543999e-10 0)
(0.00057086354 3.7934931e-10 0)
(0.00057086362 4.0503324e-10 0)
(0.00057086372 4.3136724e-10 0)
(0.00057086381 4.5825184e-10 0)
(0.00057086392 4.8557157e-10 0)
(0.00057086402 5.1319399e-10 0)
(0.00057086414 5.4096876e-10 0)
(0.00057086426 5.6872674e-10 0)
(0.00057086438 5.9627919e-10 0)
(0.00057086451 6.2341697e-10 0)
(0.00057086465 6.4990991e-10 0)
(0.00057086479 6.7550622e-10 0)
(0.00057086494 6.99932e-10 0)
(0.00057086509 7.228908e-10 0)
(0.00057086524 7.4406324e-10 0)
(0.0005708654 7.631066e-10 0)
(0.00057086556 7.7965459e-10 0)
(0.00057086573 7.9331601e-10 0)
(0.0005708659 8.0367166e-10 0)
(0.00057086607 8.1028788e-10 0)
(0.00057086624 8.1273681e-10 0)
(0.0005708664 8.1044253e-10 0)
(0.00057086663 8.0160327e-10 0)
(0.0003910764 3.0070979e-06 0)
(0.00039233964 8.5805059e-06 0)
(0.00039481782 1.3668626e-05 0)
(0.00039837966 1.8236567e-05 0)
(0.00040287498 2.2261382e-05 0)
(0.00040817794 2.5731297e-05 0)
(0.00041415963 2.8645564e-05 0)
(0.00042069236 3.1013842e-05 0)
(0.00042765304 3.2855167e-05 0)
(0.00043492518 3.4196646e-05 0)
(0.00044240061 3.5071961e-05 0)
(0.00044998065 3.5519804e-05 0)
(0.00045757694 3.5582304e-05 0)
(0.00046511189 3.5303551e-05 0)
(0.00047251868 3.4728247e-05 0)
(0.00047974109 3.3900543e-05 0)
(0.00048673295 3.2863061e-05 0)
(0.00049345755 3.1656131e-05 0)
(0.00049988684 3.0317223e-05 0)
(0.00050600055 2.8880553e-05 0)
(0.00051178534 2.7376865e-05 0)
(0.00051723391 2.5833339e-05 0)
(0.00052234412 2.4273622e-05 0)
(0.00052711817 2.2717941e-05 0)
(0.00053156189 2.1183291e-05 0)
(0.00053568398 1.9683662e-05 0)
(0.00053949546 1.8230298e-05 0)
(0.00054300907 1.6831978e-05 0)
(0.00054623884 1.5495289e-05 0)
(0.00054919963 1.4224905e-05 0)
(0.00055190681 1.3023847e-05 0)
(0.00055437598 1.189373e-05 0)
(0.0005566227 1.0834989e-05 0)
(0.00055866232 9.8470868e-06 0)
(0.0005605098 8.9286968e-06 0)
(0.00056217962 8.0778668e-06 0)
(0.00056368567 7.2921616e-06 0)
(0.00056504118 6.5687865e-06 0)
(0.00056625869 5.9046925e-06 0)
(0.00056735003 5.2966655e-06 0)
(0.0005683263 4.7414007e-06 0)
(0.00056919786 4.2355637e-06 0)
(0.00056997435 3.7758406e-06 0)
(0.00057066473 3.3589775e-06 0)
(0.00057127726 2.9818117e-06 0)
(0.00057181956 2.6412953e-06 0)
(0.00057229865 2.3345129e-06 0)
(0.00057272095 2.0586931e-06 0)
(0.00057309231 1.8112165e-06 0)
(0.0005734181 1.58962e-06 0)
(0.00057370318 1.3915975e-06 0)
(0.00057395198 1.2149987e-06 0)
(0.00057416851 1.0578265e-06 0)
(0.00057435639 9.1823171e-07 0)
(0.00057451888 7.9450811e-07 0)
(0.00057465893 6.8508566e-07 0)
(0.00057477918 5.8852377e-07 0)
(0.00057488201 5.0350399e-07 0)
(0.00057496955 4.2882262e-07 0)
(0.00057504368 3.6338333e-07 0)
(0.00057510611 3.0618979e-07 0)
(0.00057515834 2.5633852e-07 0)
(0.00057520171 2.1301193e-07 0)
(0.0005752374 1.7547169e-07 0)
(0.00057526647 1.4305235e-07 0)
(0.00057528984 1.1515531e-07 0)
(0.00057530832 9.1243195e-08 0)
(0.00057532265 7.0834444e-08 0)
(0.00057533344 5.3498394e-08 0)
(0.00057534125 3.8850616e-08 0)
(0.00057534655 2.6548616e-08 0)
(0.00057534976 1.6287857e-08 0)
(0.00057535125 7.7980858e-09 0)
(0.00057535133 8.3996265e-10 0)
(0.00057535027 -4.7980377e-09 0)
(0.0005753483 -9.3024574e-09 0)
(0.00057534561 -1.2837442e-08 0)
(0.00057534238 -1.5547097e-08 0)
(0.00057533875 -1.7557627e-08 0)
(0.00057533484 -1.8979283e-08 0)
(0.00057533074 -1.9908115e-08 0)
(0.00057532655 -2.0427569e-08 0)
(0.00057532233 -2.0609914e-08 0)
(0.00057531814 -2.0517537e-08 0)
(0.00057531401 -2.0204101e-08 0)
(0.00057530999 -1.9715585e-08 0)
(0.0005753061 -1.9091216e-08 0)
(0.00057530237 -1.8364304e-08 0)
(0.00057529881 -1.7562979e-08 0)
(0.00057529542 -1.6710857e-08 0)
(0.00057529222 -1.5827627e-08 0)
(0.0005752892 -1.4929569e-08 0)
(0.00057528637 -1.4030019e-08 0)
(0.00057528373 -1.3139776e-08 0)
(0.00057528126 -1.226746e-08 0)
(0.00057527897 -1.1419828e-08 0)
(0.00057527685 -1.0602055e-08 0)
(0.00057527489 -9.81797e-09 0)
(0.00057527309 -9.0702766e-09 0)
(0.00057527143 -8.3607312e-09 0)
(0.0005752699 -7.6903066e-09 0)
(0.00057526851 -7.0593298e-09 0)
(0.00057526723 -6.4676026e-09 0)
(0.00057526607 -5.9145043e-09 0)
(0.00057526501 -5.39908e-09 0)
(0.00057526406 -4.9201162e-09 0)
(0.00057526319 -4.4762046e-09 0)
(0.0005752624 -4.0657959e-09 0)
(0.00057526169 -3.6872452e-09 0)
(0.00057526105 -3.3388498e-09 0)
(0.00057526047 -3.0188803e-09 0)
(0.00057525996 -2.7256061e-09 0)
(0.00057525949 -2.4573158e-09 0)
(0.00057525908 -2.2123341e-09 0)
(0.00057525871 -1.9890341e-09 0)
(0.00057525838 -1.7858476e-09 0)
(0.00057525808 -1.601272e-09 0)
(0.00057525782 -1.4338754e-09 0)
(0.00057525759 -1.2822999e-09 0)
(0.00057525738 -1.1452634e-09 0)
(0.0005752572 -1.02156e-09 0)
(0.00057525704 -9.1005925e-10 0)
(0.0005752569 -8.0970543e-10 0)
(0.00057525678 -7.1951504e-10 0)
(0.00057525667 -6.3857455e-10 0)
(0.00057525657 -5.6603759e-10 0)
(0.00057525649 -5.0112182e-10 0)
(0.00057525642 -4.4310568e-10 0)
(0.00057525636 -3.9132496e-10 0)
(0.0005752563 -3.4516946e-10 0)
(0.00057525626 -3.0407947e-10 0)
(0.00057525622 -2.6754244e-10 0)
(0.00057525618 -2.3508968e-10 0)
(0.00057525616 -2.0629309e-10 0)
(0.00057525613 -1.8076213e-10 0)
(0.00057525611 -1.581408e-10 0)
(0.00057525609 -1.3810485e-10 0)
(0.00057525608 -1.203591e-10 0)
(0.00057525607 -1.0463493e-10 0)
(0.00057525606 -9.0687847e-11 0)
(0.00057525605 -7.829536e-11 0)
(0.00057525604 -6.7254845e-11 0)
(0.00057525604 -5.7381655e-11 0)
(0.00057525604 -4.8507338e-11 0)
(0.00057525604 -4.0478001e-11 0)
(0.00057525604 -3.3152811e-11 0)
(0.00057525604 -2.6402621e-11 0)
(0.00057525604 -2.0108718e-11 0)
(0.00057525604 -1.4161697e-11 0)
(0.00057525605 -8.460434e-12 0)
(0.00057525606 -2.9111795e-12 0)
(0.00057525606 2.5732559e-12 0)
(0.00057525607 8.0742142e-12 0)
(0.00057525608 1.3667812e-11 0)
(0.00057525609 1.9425476e-11 0)
(0.00057525611 2.5414389e-11 0)
(0.00057525612 3.1697866e-11 0)
(0.00057525614 3.8335645e-11 0)
(0.00057525615 4.5384105e-11 0)
(0.00057525617 5.289642e-11 0)
(0.0005752562 6.092264e-11 0)
(0.00057525622 6.9509707e-11 0)
(0.00057525625 7.8701408e-11 0)
(0.00057525628 8.8538266e-11 0)
(0.00057525631 9.9057377e-11 0)
(0.00057525634 1.1029218e-10 0)
(0.00057525638 1.2227218e-10 0)
(0.00057525642 1.3502262e-10 0)
(0.00057525647 1.4856405e-10 0)
(0.00057525652 1.6291196e-10 0)
(0.00057525657 1.7807622e-10 0)
(0.00057525663 1.9406057e-10 0)
(0.00057525669 2.1086207e-10 0)
(0.00057525676 2.2847038e-10 0)
(0.00057525683 2.4686717e-10 0)
(0.00057525691 2.6602541e-10 0)
(0.00057525699 2.8590855e-10 0)
(0.00057525707 3.0646982e-10 0)
(0.00057525717 3.2765143e-10 0)
(0.00057525726 3.4938371e-10 0)
(0.00057525737 3.7158433e-10 0)
(0.00057525748 3.9415745e-10 0)
(0.00057525759 4.1699294e-10 0)
(0.00057525771 4.3996555e-10 0)
(0.00057525784 4.6293423e-10 0)
(0.00057525797 4.8574135e-10 0)
(0.00057525811 5.0821214e-10 0)
(0.00057525825 5.3015408e-10 0)
(0.0005752584 5.5135641e-10 0)
(0.00057525856 5.715897e-10 0)
(0.00057525872 5.906055e-10 0)
(0.00057525888 6.0813585e-10 0)
(0.00057525905 6.23893e-10 0)
(0.00057525922 6.3756906e-10 0)
(0.0005752594 6.4883472e-10 0)
(0.00057525958 6.5733651e-10 0)
(0.00057525976 6.627083e-10 0)
(0.00057525994 6.6458884e-10 0)
(0.00057526011 6.624903e-10 0)
(0.00057526035 6.5485817e-10 0)
(0.00039107517 2.4500426e-06 0)
(0.00039232304 6.9940152e-06 0)
(0.00039477442 1.1146099e-05 0)
(0.00039830258 1.4878131e-05 0)
(0.00040276234 1.8171396e-05 0)
(0.00040803238 2.1016033e-05 0)
(0.00041398805 2.3410939e-05 0)
(0.00042050536 2.5363318e-05 0)
(0.00042746427 2.6887893e-05 0)
(0.00043475059 2.8005907e-05 0)
(0.00044225761 2.8743957e-05 0)
(0.00044988734 2.9132772e-05 0)
(0.00045755139 2.9205973e-05 0)
(0.00046517147 2.8998896e-05 0)
(0.00047267954 2.8547511e-05 0)
(0.00048001771 2.7887474e-05 0)
(0.0004871379 2.7053339e-05 0)
(0.00049400125 2.6077913e-05 0)
(0.00050057749 2.499178e-05 0)
(0.00050684415 2.3822969e-05 0)
(0.00051278576 2.2596744e-05 0)
(0.00051839303 2.133552e-05 0)
(0.00052366198 2.0058865e-05 0)
(0.0005285932 1.8783579e-05 0)
(0.00053319111 1.7523827e-05 0)
(0.00053746322 1.6291323e-05 0)
(0.00054141957 1.5095525e-05 0)
(0.00054507213 1.3943862e-05 0)
(0.00054843434 1.284195e-05 0)
(0.00055152064 1.179382e-05 0)
(0.00055434616 1.0802123e-05 0)
(0.00055692635 9.8683414e-06 0)
(0.00055927675 8.9929652e-06 0)
(0.0005614128 8.1756677e-06 0)
(0.00056334962 7.4154556e-06 0)
(0.0005651019 6.7108049e-06 0)
(0.00056668378 6.0597799e-06 0)
(0.00056810882 5.4601354e-06 0)
(0.00056938988 4.9094053e-06 0)
(0.00057053913 4.4049778e-06 0)
(0.00057156802 3.9441571e-06 0)
(0.00057248725 3.5242159e-06 0)
(0.00057330684 3.1424375e-06 0)
(0.00057403607 2.7961491e-06 0)
(0.00057468353 2.482749e-06 0)
(0.00057525718 2.1997265e-06 0)
(0.00057576432 1.944677e-06 0)
(0.00057621165 1.7153128e-06 0)
(0.00057660531 1.5094696e-06 0)
(0.00057695092 1.3251104e-06 0)
(0.00057725357 1.1603272e-06 0)
(0.0005775179 1.0133396e-06 0)
(0.00057774813 8.8249302e-07 0)
(0.00057794805 7.6625495e-07 0)
(0.00057812112 6.6321051e-07 0)
(0.00057827043 5.7205732e-07 0)
(0.00057839876 4.9159993e-07 0)
(0.00057850862 4.2074386e-07 0)
(0.00057860224 3.5848961e-07 0)
(0.00057868164 3.0392655e-07 0)
(0.00057874861 2.562269e-07 0)
(0.00057880472 2.1463982e-07 0)
(0.00057885141 1.7848574e-07 0)
(0.00057888992 1.4715079e-07 0)
(0.00057892137 1.2008159e-07 0)
(0.00057894675 9.6780271e-08 0)
(0.00057896691 7.6799769e-08 0)
(0.00057898261 5.9739412e-08 0)
(0.00057899454 4.5240796e-08 0)
(0.00057900326 3.2983941e-08 0)
(0.0005790093 2.2683721e-08 0)
(0.00057901309 1.4086565e-08 0)
(0.00057901502 6.9674096e-09 0)
(0.00057901542 1.1269008e-09 0)
(0.00057901459 -3.6111803e-09 0)
(0.00057901277 -7.4022681e-09 0)
(0.00057901016 -1.0383162e-08 0)
(0.00057900696 -1.2673982e-08 0)
(0.00057900332 -1.4379953e-08 0)
(0.00057899935 -1.5593015e-08 0)
(0.00057899518 -1.6393287e-08 0)
(0.00057899088 -1.6850392e-08 0)
(0.00057898654 -1.7024644e-08 0)
(0.00057898221 -1.6968126e-08 0)
(0.00057897795 -1.6725653e-08 0)
(0.00057897379 -1.6335637e-08 0)
(0.00057896975 -1.5830865e-08 0)
(0.00057896587 -1.5239188e-08 0)
(0.00057896216 -1.4584141e-08 0)
(0.00057895863 -1.3885496e-08 0)
(0.00057895529 -1.3159746e-08 0)
(0.00057895214 -1.2420543e-08 0)
(0.00057894919 -1.167908e-08 0)
(0.00057894642 -1.0944435e-08 0)
(0.00057894384 -1.0223863e-08 0)
(0.00057894144 -9.5230661e-09 0)
(0.00057893922 -8.8464205e-09 0)
(0.00057893716 -8.1971813e-09 0)
(0.00057893527 -7.5776587e-09 0)
(0.00057893352 -6.9893714e-09 0)
(0.00057893192 -6.4331813e-09 0)
(0.00057893045 -5.909409e-09 0)
(0.00057892911 -5.417934e-09 0)
(0.00057892789 -4.9582804e-09 0)
(0.00057892678 -4.5296913e-09 0)
(0.00057892577 -4.131191e-09 0)
(0.00057892485 -3.761639e-09 0)
(0.00057892402 -3.4197746e-09 0)
(0.00057892327 -3.1042552e-09 0)
(0.00057892259 -2.8136876e-09 0)
(0.00057892199 -2.5466541e-09 0)
(0.00057892144 -2.3017343e-09 0)
(0.00057892095 -2.0775217e-09 0)
(0.00057892051 -1.8726381e-09 0)
(0.00057892012 -1.6857441e-09 0)
(0.00057891977 -1.5155476e-09 0)
(0.00057891946 -1.3608098e-09 0)
(0.00057891918 -1.2203494e-09 0)
(0.00057891893 -1.0930456e-09 0)
(0.00057891871 -9.7783983e-10 0)
(0.00057891852 -8.7373562e-10 0)
(0.00057891835 -7.7979883e-10 0)
(0.0005789182 -6.9515641e-10 0)
(0.00057891807 -6.1899483e-10 0)
(0.00057891796 -5.5055817e-10 0)
(0.00057891785 -4.8914577e-10 0)
(0.00057891777 -4.3410978e-10 0)
(0.00057891769 -3.8485243e-10 0)
(0.00057891762 -3.408233e-10 0)
(0.00057891757 -3.015165e-10 0)
(0.00057891752 -2.6646788e-10 0)
(0.00057891747 -2.3525225e-10 0)
(0.00057891744 -2.0748062e-10 0)
(0.0005789174 -1.8279762e-10 0)
(0.00057891738 -1.6087893e-10 0)
(0.00057891736 -1.4142882e-10 0)
(0.00057891734 -1.2417785e-10 0)
(0.00057891732 -1.0888064e-10 0)
(0.00057891731 -9.5313846e-11 0)
(0.0005789173 -8.3274131e-11 0)
(0.00057891729 -7.2576387e-11 0)
(0.00057891728 -6.3052011e-11 0)
(0.00057891728 -5.4547319e-11 0)
(0.00057891728 -4.6922083e-11 0)
(0.00057891727 -4.0048175e-11 0)
(0.00057891728 -3.3808324e-11 0)
(0.00057891728 -2.809498e-11 0)
(0.00057891728 -2.2809273e-11 0)
(0.00057891728 -1.7860078e-11 0)
(0.00057891729 -1.3163164e-11 0)
(0.00057891729 -8.6404357e-12 0)
(0.0005789173 -4.2192544e-12 0)
(0.00057891731 1.6815738e-13 0)
(0.00057891732 4.5852384e-12 0)
(0.00057891733 9.0915376e-12 0)
(0.00057891735 1.3743095e-11 0)
(0.00057891736 1.8592758e-11 0)
(0.00057891738 2.3690432e-11 0)
(0.0005789174 2.9083271e-11 0)
(0.00057891742 3.4815818e-11 0)
(0.00057891744 4.0930074e-11 0)
(0.00057891747 4.7465529e-11 0)
(0.00057891749 5.4459135e-11 0)
(0.00057891753 6.194522e-11 0)
(0.00057891756 6.9955371e-11 0)
(0.0005789176 7.8518252e-11 0)
(0.00057891764 8.7659385e-11 0)
(0.00057891768 9.7400888e-11 0)
(0.00057891773 1.0776116e-10 0)
(0.00057891778 1.1875452e-10 0)
(0.00057891784 1.3039084e-10 0)
(0.0005789179 1.4267509e-10 0)
(0.00057891796 1.5560686e-10 0)
(0.00057891803 1.6917987e-10 0)
(0.00057891811 1.8338142e-10 0)
(0.00057891819 1.9819181e-10 0)
(0.00057891827 2.1358373e-10 0)
(0.00057891836 2.2952167e-10 0)
(0.00057891846 2.4596123e-10 0)
(0.00057891856 2.6284849e-10 0)
(0.00057891867 2.8011931e-10 0)
(0.00057891878 2.9769871e-10 0)
(0.0005789189 3.1550017e-10 0)
(0.00057891903 3.33425e-10 0)
(0.00057891916 3.5136177e-10 0)
(0.0005789193 3.6918569e-10 0)
(0.00057891945 3.8675811e-10 0)
(0.0005789196 4.0392606e-10 0)
(0.00057891976 4.2052185e-10 0)
(0.00057891992 4.3636265e-10 0)
(0.00057892009 4.5125019e-10 0)
(0.00057892026 4.6497035e-10 0)
(0.00057892043 4.7729283e-10 0)
(0.00057892061 4.8797083e-10 0)
(0.0005789208 4.9673984e-10 0)
(0.00057892098 5.033153e-10 0)
(0.00057892117 5.074023e-10 0)
(0.00057892136 5.0871025e-10 0)
(0.00057892154 5.068423e-10 0)
(0.0005789218 5.0051667e-10 0)
(0.00039107422 1.8992585e-06 0)
(0.00039231003 5.4235689e-06 0)
(0.00039474034 8.646233e-06 0)
(0.00039824196 1.1545581e-05 0)
(0.0004026736 1.41071e-05 0)
(0.00040791747 1.6322985e-05 0)
(0.00041385222 1.8192089e-05 0)
(0.00042035681 1.9719593e-05 0)
(0.00042731361 2.0916436e-05 0)
(0.00043461027 2.179857e-05 0)
(0.00044214129 2.2386098e-05 0)
(0.00044980929 2.2702352e-05 0)
(0.00045752591 2.2772959e-05 0)
(0.00046521236 2.2624944e-05 0)
(0.00047279971 2.2285907e-05 0)
(0.00048022882 2.178329e-05 0)
(0.00048745008 2.114376e-05 0)
(0.000494423 2.039271e-05 0)
(0.00050111556 1.9553879e-05 0)
(0.00050750356 1.8649076e-05 0)
(0.00051356984 1.7698018e-05 0)
(0.00051930349 1.6718241e-05 0)
(0.00052469909 1.5725098e-05 0)
(0.00052975592 1.4731806e-05 0)
(0.00053447724 1.3749545e-05 0)
(0.00053886959 1.2787588e-05 0)
(0.00054294222 1.1853454e-05 0)
(0.00054670645 1.095307e-05 0)
(0.00055017522 1.0090949e-05 0)
(0.00055336262 9.2703524e-06 0)
(0.00055628355 8.4934584e-06 0)
(0.00055895335 7.7615177e-06 0)
(0.00056138751 7.0749978e-06 0)
(0.00056360153 6.4337159e-06 0)
(0.00056561064 5.8369579e-06 0)
(0.00056742968 5.2835856e-06 0)
(0.00056907303 4.7721292e-06 0)
(0.00057055445 4.3008697e-06 0)
(0.00057188707 3.8679076e-06 0)
(0.00057308333 3.4712232e-06 0)
(0.00057415496 3.1087259e-06 0)
(0.00057511295 2.7782954e-06 0)
(0.00057596758 2.4778158e-06 0)
(0.00057672841 2.2052023e-06 0)
(0.00057740432 1.9584229e-06 0)
(0.00057800348 1.7355145e-06 0)
(0.00057853347 1.5345952e-06 0)
(0.00057900121 1.3538731e-06 0)
(0.00057941305 1.1916519e-06 0)
(0.00057977482 1.0463341e-06 0)
(0.0005800918 9.164222e-07 0)
(0.00058036881 8.0051855e-07 0)
(0.00058061023 6.9732349e-07 0)
(0.00058082 6.0563284e-07 0)
(0.00058100171 5.2433443e-07 0)
(0.00058115859 4.5240421e-07 0)
(0.00058129353 3.889019e-07 0)
(0.00058140913 3.3296644e-07 0)
(0.00058150775 2.8381127e-07 0)
(0.00058159146 2.4071963e-07 0)
(0.00058166214 2.0303981e-07 0)
(0.00058172145 1.7018059e-07 0)
(0.00058177086 1.4160672e-07 0)
(0.00058181169 1.1683465e-07 0)
(0.0005818451 9.5428406e-08 0)
(0.00058187212 7.6995668e-08 0)
(0.00058189366 6.1184106e-08 0)
(0.0005819105 4.7677903e-08 0)
(0.00058192336 3.6194517e-08 0)
(0.00058193285 2.648166e-08 0)
(0.00058193949 1.8314493e-08 0)
(0.00058194376 1.1493031e-08 0)
(0.00058194605 5.8397486e-09 0)
(0.00058194673 1.1973721e-09 0)
(0.0005819461 -2.5731393e-09 0)
(0.0005819444 -5.594447e-09 0)
(0.00058194187 -7.9745245e-09 0)
(0.0005819387 -9.8081983e-09 0)
(0.00058193504 -1.117855e-08 0)
(0.00058193104 -1.2158188e-08 0)
(0.0005819268 -1.28104e-08 0)
(0.00058192243 -1.3190192e-08 0)
(0.00058191799 -1.3345233e-08 0)
(0.00058191356 -1.3316695e-08 0)
(0.00058190919 -1.3140017e-08 0)
(0.00058190491 -1.2845586e-08 0)
(0.00058190075 -1.2459349e-08 0)
(0.00058189676 -1.2003358e-08 0)
(0.00058189293 -1.1496257e-08 0)
(0.00058188929 -1.0953719e-08 0)
(0.00058188583 -1.0388828e-08 0)
(0.00058188258 -9.8124238e-09 0)
(0.00058187952 -9.2334026e-09 0)
(0.00058187665 -8.6589881e-09 0)
(0.00058187398 -8.0949653e-09 0)
(0.00058187149 -7.5458892e-09 0)
(0.00058186918 -7.0152667e-09 0)
(0.00058186705 -6.5057171e-09 0)
(0.00058186508 -6.019111e-09 0)
(0.00058186327 -5.556692e-09 0)
(0.0005818616 -5.1191829e-09 0)
(0.00058186008 -4.7068766e-09 0)
(0.00058185868 -4.3197155e-09 0)
(0.00058185741 -3.9573591e-09 0)
(0.00058185625 -3.6192429e-09 0)
(0.0005818552 -3.3046275e-09 0)
(0.00058185424 -3.0126412e-09 0)
(0.00058185338 -2.7423155e-09 0)
(0.0005818526 -2.4926153e-09 0)
(0.00058185189 -2.2624637e-09 0)
(0.00058185126 -2.0507627e-09 0)
(0.00058185069 -1.8564103e-09 0)
(0.00058185018 -1.6783141e-09 0)
(0.00058184972 -1.5154025e-09 0)
(0.00058184931 -1.3666332e-09 0)
(0.00058184894 -1.2309996e-09 0)
(0.00058184861 -1.1075362e-09 0)
(0.00058184832 -9.9532165e-10 0)
(0.00058184807 -8.9348134e-10 0)
(0.00058184784 -8.011885e-10 0)
(0.00058184764 -7.1766476e-10 0)
(0.00058184746 -6.4217993e-10 0)
(0.0005818473 -5.7405126e-10 0)
(0.00058184716 -5.1264226e-10 0)
(0.00058184704 -4.5736123e-10 0)
(0.00058184693 -4.076595e-10 0)
(0.00058184684 -3.6302951e-10 0)
(0.00058184676 -3.2300273e-10 0)
(0.00058184669 -2.8714755e-10 0)
(0.00058184663 -2.5506711e-10 0)
(0.00058184658 -2.2639714e-10 0)
(0.00058184653 -2.0080376e-10 0)
(0.00058184649 -1.7798145e-10 0)
(0.00058184646 -1.5765091e-10 0)
(0.00058184643 -1.3955716e-10 0)
(0.00058184641 -1.234676e-10 0)
(0.00058184639 -1.0917022e-10 0)
(0.00058184637 -9.647187e-11 0)
(0.00058184636 -8.5196661e-11 0)
(0.00058184635 -7.5184425e-11 0)
(0.00058184634 -6.6289292e-11 0)
(0.00058184633 -5.8378365e-11 0)
(0.00058184632 -5.1330474e-11 0)
(0.00058184632 -4.5035031e-11 0)
(0.00058184632 -3.9390975e-11 0)
(0.00058184632 -3.4305792e-11 0)
(0.00058184632 -2.9694627e-11 0)
(0.00058184632 -2.5479469e-11 0)
(0.00058184633 -2.1588409e-11 0)
(0.00058184633 -1.7954972e-11 0)
(0.00058184634 -1.4517518e-11 0)
(0.00058184635 -1.1218704e-11 0)
(0.00058184636 -8.0050092e-12 0)
(0.00058184637 -4.8263166e-12 0)
(0.00058184638 -1.6355551e-12 0)
(0.00058184639 1.6116112e-12 0)
(0.00058184641 4.9570392e-12 0)
(0.00058184643 8.4403156e-12 0)
(0.00058184644 1.2098919e-11 0)
(0.00058184647 1.5968339e-11 0)
(0.00058184649 2.0082146e-11 0)
(0.00058184652 2.447203e-11 0)
(0.00058184655 2.9167785e-11 0)
(0.00058184658 3.4197269e-11 0)
(0.00058184661 3.9586317e-11 0)
(0.00058184665 4.5358616e-11 0)
(0.00058184669 5.153555e-11 0)
(0.00058184674 5.8136007e-11 0)
(0.00058184679 6.5176148e-11 0)
(0.00058184684 7.2669153e-11 0)
(0.0005818469 8.0624921e-11 0)
(0.00058184696 8.9049752e-11 0)
(0.00058184703 9.7945986e-11 0)
(0.0005818471 1.0731163e-10 0)
(0.00058184718 1.1713993e-10 0)
(0.00058184726 1.2741896e-10 0)
(0.00058184735 1.3813115e-10 0)
(0.00058184745 1.4925281e-10 0)
(0.00058184755 1.6075365e-10 0)
(0.00058184765 1.7259624e-10 0)
(0.00058184777 1.8473555e-10 0)
(0.00058184788 1.971184e-10 0)
(0.00058184801 2.0968299e-10 0)
(0.00058184814 2.2235836e-10 0)
(0.00058184828 2.3506398e-10 0)
(0.00058184842 2.4770926e-10 0)
(0.00058184857 2.6019316e-10 0)
(0.00058184873 2.7240383e-10 0)
(0.00058184889 2.8421826e-10 0)
(0.00058184906 2.9550198e-10 0)
(0.00058184923 3.0610875e-10 0)
(0.00058184941 3.1588021e-10 0)
(0.00058184959 3.2464561e-10 0)
(0.00058184978 3.3222143e-10 0)
(0.00058184997 3.3841044e-10 0)
(0.00058185016 3.4299974e-10 0)
(0.00058185036 3.4576842e-10 0)
(0.00058185055 3.4649902e-10 0)
(0.00058185074 3.4489262e-10 0)
(0.00058185101 3.3995419e-10 0)
(0.00039107351 1.3532657e-06 0)
(0.00039230042 3.8653988e-06 0)
(0.00039471515 6.1637373e-06 0)
(0.0003981971 8.2329279e-06 0)
(0.00040260783 1.0062628e-05 0)
(0.00040783216 1.1647195e-05 0)
(0.00041375118 1.2985659e-05 0)
(0.00042024601 1.4081501e-05 0)
(0.00042720084 1.4942266e-05 0)
(0.00043450469 1.5579049e-05 0)
(0.000442053 1.6005903e-05 0)
(0.00044974885 1.6239191e-05 0)
(0.00045750395 1.6296941e-05 0)
(0.00046523919 1.6198213e-05 0)
(0.000472885 1.5962518e-05 0)
(0.00048038132 1.56093e-05 0)
(0.00048767747 1.5157494e-05 0)
(0.00049473174 1.4625169e-05 0)
(0.00050151082 1.402925e-05 0)
(0.00050798922 1.3385321e-05 0)
(0.00051414852 1.2707496e-05 0)
(0.00051997662 1.2008355e-05 0)
(0.000525467 1.1298932e-05 0)
(0.00053061794 1.0588748e-05 0)
(0.00053543184 9.8858751e-06 0)
(0.0005399145 9.1970226e-06 0)
(0.00054407455 8.5276464e-06 0)
(0.00054792281 7.8820634e-06 0)
(0.00055147185 7.2635713e-06 0)
(0.00055473548 6.6745694e-06 0)
(0.0005577284 6.1166753e-06 0)
(0.00056046585 5.5908361e-06 0)
(0.00056296331 5.0974321e-06 0)
(0.00056523629 4.6363714e-06 0)
(0.00056730008 4.2071759e-06 0)
(0.00056916968 3.8090582e-06 0)
(0.00057085957 3.4409885e-06 0)
(0.00057238372 3.1017534e-06 0)
(0.00057375544 2.790007e-06 0)
(0.00057498737 2.5043131e-06 0)
(0.00057609143 2.2431819e-06 0)
(0.00057707885 2.0050999e-06 0)
(0.00057796009 1.7885544e-06 0)
(0.00057874494 1.5920533e-06 0)
(0.00057944246 1.4141407e-06 0)
(0.00058006103 1.2534091e-06 0)
(0.0005806084 1.1085083e-06 0)
(0.00058109166 9.7815163e-07 0)
(0.00058151735 8.6112062e-07 0)
(0.00058189142 7.5626714e-07 0)
(0.00058221932 6.625146e-07 0)
(0.00058250599 5.7885769e-07 0)
(0.00058275593 5.0436136e-07 0)
(0.00058297321 4.3815896e-07 0)
(0.00058316151 3.7944987e-07 0)
(0.00058332416 3.2749671e-07 0)
(0.00058346414 2.8162228e-07 0)
(0.00058358414 2.4120631e-07 0)
(0.00058368656 2.056821e-07 0)
(0.00058377357 1.7453315e-07 0)
(0.00058384709 1.4728974e-07 0)
(0.00058390884 1.2352572e-07 0)
(0.00058396033 1.0285521e-07 0)
(0.00058400294 8.4929555e-08 0)
(0.00058403785 6.9434374e-08 0)
(0.00058406613 5.6086729e-08 0)
(0.00058408872 4.4632489e-08 0)
(0.00058410644 3.4843837e-08 0)
(0.00058412002 2.6516935e-08 0)
(0.00058413009 1.9469749e-08 0)
(0.0005841372 1.3540035e-08 0)
(0.00058414184 8.5834649e-09 0)
(0.00058414442 4.4719028e-09 0)
(0.00058414531 1.091818e-09 0)
(0.00058414483 -1.6571731e-09 0)
(0.00058414323 -3.8636414e-09 0)
(0.00058414077 -5.6055638e-09 0)
(0.00058413762 -6.9514344e-09 0)
(0.00058413396 -7.9612744e-09 0)
(0.00058412993 -8.6875497e-09 0)
(0.00058412565 -9.176001e-09 0)
(0.00058412121 -9.4663946e-09 0)
(0.00058411671 -9.5931999e-09 0)
(0.0005841122 -9.5861997e-09 0)
(0.00058410774 -9.4710378e-09 0)
(0.00058410337 -9.269712e-09 0)
(0.00058409913 -9.0010141e-09 0)
(0.00058409504 -8.6809237e-09 0)
(0.00058409113 -8.3229604e-09 0)
(0.0005840874 -7.938496e-09 0)
(0.00058408386 -7.5370337e-09 0)
(0.00058408052 -7.126454e-09 0)
(0.00058407738 -6.7132343e-09 0)
(0.00058407444 -6.3026414e-09 0)
(0.0005840717 -5.8989023e-09 0)
(0.00058406914 -5.505354e-09 0)
(0.00058406677 -5.1245752e-09 0)
(0.00058406458 -4.7585014e-09 0)
(0.00058406256 -4.4085259e-09 0)
(0.00058406069 -4.0755873e-09 0)
(0.00058405898 -3.7602461e-09 0)
(0.00058405741 -3.4627505e-09 0)
(0.00058405597 -3.1830937e-09 0)
(0.00058405466 -2.9210627e-09 0)
(0.00058405347 -2.6762807e-09 0)
(0.00058405239 -2.4482429e-09 0)
(0.0005840514 -2.2363472e-09 0)
(0.00058405051 -2.0399196e-09 0)
(0.0005840497 -1.8582366e-09 0)
(0.00058404898 -1.6905425e-09 0)
(0.00058404832 -1.5360651e-09 0)
(0.00058404773 -1.3940275e-09 0)
(0.0005840472 -1.2636584e-09 0)
(0.00058404673 -1.1442001e-09 0)
(0.0005840463 -1.0349146e-09 0)
(0.00058404593 -9.3508859e-10 0)
(0.00058404559 -8.4403705e-10 0)
(0.00058404529 -7.6110584e-10 0)
(0.00058404502 -6.8567344e-10 0)
(0.00058404478 -6.171519e-10 0)
(0.00058404458 -5.5498728e-10 0)
(0.00058404439 -4.9865955e-10 0)
(0.00058404423 -4.4768214e-10 0)
(0.00058404408 -4.0160117e-10 0)
(0.00058404396 -3.5999439e-10 0)
(0.00058404385 -3.2246999e-10 0)
(0.00058404375 -2.886653e-10 0)
(0.00058404367 -2.5824529e-10 0)
(0.0005840436 -2.3090115e-10 0)
(0.00058404353 -2.0634873e-10 0)
(0.00058404348 -1.8432701e-10 0)
(0.00058404343 -1.6459663e-10 0)
(0.00058404339 -1.4693838e-10 0)
(0.00058404335 -1.3115173e-10 0)
(0.00058404332 -1.170535e-10 0)
(0.0005840433 -1.0447648e-10 0)
(0.00058404328 -9.3268141e-11 0)
(0.00058404326 -8.3289463e-11 0)
(0.00058404325 -7.441376e-11 0)
(0.00058404323 -6.6525612e-11 0)
(0.00058404322 -5.9519851e-11 0)
(0.00058404322 -5.3300617e-11 0)
(0.00058404321 -4.7780473e-11 0)
(0.00058404321 -4.2879598e-11 0)
(0.00058404321 -3.852502e-11 0)
(0.00058404321 -3.4649931e-11 0)
(0.00058404321 -3.1193041e-11 0)
(0.00058404321 -2.8097995e-11 0)
(0.00058404321 -2.531284e-11 0)
(0.00058404322 -2.2789544e-11 0)
(0.00058404323 -2.0483554e-11 0)
(0.00058404323 -1.8353412e-11 0)
(0.00058404324 -1.6360399e-11 0)
(0.00058404325 -1.4468234e-11 0)
(0.00058404327 -1.2642796e-11 0)
(0.00058404328 -1.0851899e-11 0)
(0.0005840433 -9.0650885e-12 0)
(0.00058404331 -7.2534827e-12 0)
(0.00058404333 -5.3896382e-12 0)
(0.00058404336 -3.4474505e-12 0)
(0.00058404338 -1.4020847e-12 0)
(0.00058404341 7.7006597e-13 0)
(0.00058404344 3.0913924e-12 0)
(0.00058404347 5.5830547e-12 0)
(0.00058404351 8.264941e-12 0)
(0.00058404355 1.11556e-11 0)
(0.00058404359 1.4272147e-11 0)
(0.00058404364 1.7630148e-11 0)
(0.00058404369 2.1243478e-11 0)
(0.00058404374 2.5124151e-11 0)
(0.0005840438 2.9282138e-11 0)
(0.00058404386 3.3725151e-11 0)
(0.00058404393 3.8458411e-11 0)
(0.00058404401 4.3484397e-11 0)
(0.00058404409 4.880257e-11 0)
(0.00058404417 5.4409083e-11 0)
(0.00058404426 6.0296471e-11 0)
(0.00058404436 6.6453329e-11 0)
(0.00058404446 7.2863977e-11 0)
(0.00058404457 7.9508113e-11 0)
(0.00058404469 8.6360462e-11 0)
(0.00058404481 9.3390424e-11 0)
(0.00058404494 1.0056172e-10 0)
(0.00058404507 1.0783204e-10 0)
(0.00058404521 1.1515274e-10 0)
(0.00058404536 1.2246849e-10 0)
(0.00058404552 1.2971698e-10 0)
(0.00058404568 1.368287e-10 0)
(0.00058404584 1.4372659e-10 0)
(0.00058404601 1.5032588e-10 0)
(0.00058404619 1.5653378e-10 0)
(0.00058404638 1.6224924e-10 0)
(0.00058404656 1.6736262e-10 0)
(0.00058404675 1.7175548e-10 0)
(0.00058404695 1.7529972e-10 0)
(0.00058404715 1.7785619e-10 0)
(0.00058404735 1.7928046e-10 0)
(0.00058404755 1.7943108e-10 0)
(0.00058404774 1.7810796e-10 0)
(0.00058404801 1.7462111e-10 0)
(0.00039107304 8.106499e-07 0)
(0.00039229408 2.3158905e-06 0)
(0.00039469852 3.6935147e-06 0)
(0.00039816747 4.93436e-06 0)
(0.00040256436 6.0322311e-06 0)
(0.00040777571 6.9837163e-06 0)
(0.00041368422 7.7881741e-06 0)
(0.00042017245 8.4476078e-06 0)
(0.00042712578 8.9664385e-06 0)
(0.00043443417 9.3512056e-06 0)
(0.00044199365 9.6102178e-06 0)
(0.00044970768 9.7531746e-06 0)
(0.00045748799 9.7907816e-06 0)
(0.0004652553 9.7343776e-06 0)
(0.0004729396 9.5955877e-06 0)
(0.00048048027 9.3860147e-06 0)
(0.00048782592 9.1169742e-06 0)
(0.00049493402 8.7992791e-06 0)
(0.00050177043 8.4430717e-06 0)
(0.00050830882 8.0577025e-06 0)
(0.0005145299 7.6516518e-06 0)
(0.00052042081 7.2324882e-06 0)
(0.00052597426 6.8068597e-06 0)
(0.0005311879 6.38051e-06 0)
(0.00053606353 5.9583154e-06 0)
(0.00054060646 5.5443367e-06 0)
(0.00054482488 5.1418815e-06 0)
(0.0005487293 4.7535721e-06 0)
(0.00055233202 4.3814178e-06 0)
(0.00055564665 4.0268858e-06 0)
(0.00055868777 3.6909713e-06 0)
(0.00056147055 3.3742645e-06 0)
(0.00056401043 3.077012e-06 0)
(0.00056632294 2.7991744e-06 0)
(0.00056842342 2.540478e-06 0)
(0.00057032694 2.3004606e-06 0)
(0.0005720481 2.0785125e-06 0)
(0.00057360094 1.8739119e-06 0)
(0.00057499893 1.6858554e-06 0)
(0.00057625483 1.5134844e-06 0)
(0.0005773807 1.3559065e-06 0)
(0.0005783879 1.2122141e-06 0)
(0.00057928706 1.0814991e-06 0)
(0.00058008807 9.6286539e-07 0)
(0.00058080013 8.5543777e-07 0)
(0.00058143177 7.5836973e-07 0)
(0.00058199084 6.7084881e-07 0)
(0.00058248456 5.9210059e-07 0)
(0.00058291957 5.2139132e-07 0)
(0.00058330194 4.5802944e-07 0)
(0.0005836372 4.013663e-07 0)
(0.00058393038 3.5079607e-07 0)
(0.00058418607 3.0575512e-07 0)
(0.00058440842 2.6572097e-07 0)
(0.00058460117 2.3021086e-07 0)
(0.00058476771 1.987801e-07 0)
(0.00058491109 1.7102022e-07 0)
(0.00058503406 1.4655708e-07 0)
(0.00058513906 1.2504877e-07 0)
(0.00058522829 1.0618366e-07 0)
(0.00058530373 8.9678323e-08 0)
(0.00058536713 7.5275579e-08 0)
(0.00058542003 6.2742548e-08 0)
(0.00058546384 5.1868792e-08 0)
(0.00058549977 4.246454e-08 0)
(0.00058552891 3.4358993e-08 0)
(0.00058555222 2.7398728e-08 0)
(0.00058557053 2.1446196e-08 0)
(0.0005855846 1.6378316e-08 0)
(0.00058559506 1.2085163e-08 0)
(0.00058560249 8.4687518e-09 0)
(0.00058560738 5.4419082e-09 0)
(0.00058561016 2.9272295e-09 0)
(0.0005856112 8.5612632e-10 0)
(0.00058561082 -8.3205702e-10 0)
(0.00058560929 -2.1908471e-09 0)
(0.00058560687 -3.2673772e-09 0)
(0.00058560374 -4.1030571e-09 0)
(0.00058560008 -4.7341834e-09 0)
(0.00058559603 -5.192492e-09 0)
(0.00058559172 -5.5056601e-09 0)
(0.00058558725 -5.6977583e-09 0)
(0.00058558269 -5.7896601e-09 0)
(0.00058557813 -5.7994095e-09 0)
(0.00058557362 -5.7425519e-09 0)
(0.00058556919 -5.6324311e-09 0)
(0.00058556489 -5.4804549e-09 0)
(0.00058556075 -5.2963332e-09 0)
(0.00058555677 -5.0882893e-09 0)
(0.00058555298 -4.8632494e-09 0)
(0.00058554939 -4.6270101e-09 0)
(0.00058554599 -4.3843876e-09 0)
(0.0005855428 -4.1393491e-09 0)
(0.00058553981 -3.89513e-09 0)
(0.00058553702 -3.654336e-09 0)
(0.00058553442 -3.419034e-09 0)
(0.00058553201 -3.1908313e-09 0)
(0.00058552978 -2.9709451e-09 0)
(0.00058552771 -2.7602634e-09 0)
(0.00058552582 -2.5593979e-09 0)
(0.00058552407 -2.3687297e-09 0)
(0.00058552247 -2.1884498e-09 0)
(0.00058552101 -2.018593e-09 0)
(0.00058551967 -1.8590679e-09 0)
(0.00058551845 -1.7096819e-09 0)
(0.00058551735 -1.5701633e-09 0)
(0.00058551634 -1.4401799e-09 0)
(0.00058551543 -1.3193539e-09 0)
(0.00058551461 -1.2072758e-09 0)
(0.00058551387 -1.1035151e-09 0)
(0.0005855132 -1.0076292e-09 0)
(0.0005855126 -9.191711e-10 0)
(0.00058551206 -8.3769564e-10 0)
(0.00058551157 -7.6276406e-10 0)
(0.00058551114 -6.9394809e-10 0)
(0.00058551075 -6.3083289e-10 0)
(0.0005855104 -5.7301929e-10 0)
(0.0005855101 -5.2012545e-10 0)
(0.00058550982 -4.7178798e-10 0)
(0.00058550958 -4.2766259e-10 0)
(0.00058550937 -3.8742439e-10 0)
(0.00058550918 -3.50768e-10 0)
(0.00058550901 -3.1740723e-10 0)
(0.00058550887 -2.8707475e-10 0)
(0.00058550874 -2.5952153e-10 0)
(0.00058550862 -2.3451615e-10 0)
(0.00058550852 -2.1184411e-10 0)
(0.00058550844 -1.9130696e-10 0)
(0.00058550836 -1.7272152e-10 0)
(0.0005855083 -1.55919e-10 0)
(0.00058550824 -1.4074412e-10 0)
(0.00058550819 -1.2705427e-10 0)
(0.00058550815 -1.1471864e-10 0)
(0.00058550811 -1.0361741e-10 0)
(0.00058550808 -9.3640968e-11 0)
(0.00058550806 -8.4689093e-11 0)
(0.00058550804 -7.6670262e-11 0)
(0.00058550802 -6.9500931e-11 0)
(0.000585508 -6.310488e-11 0)
(0.00058550799 -5.7412581e-11 0)
(0.00058550798 -5.2360617e-11 0)
(0.00058550797 -4.7891129e-11 0)
(0.00058550797 -4.39513e-11 0)
(0.00058550796 -4.0492876e-11 0)
(0.00058550796 -3.7471727e-11 0)
(0.00058550796 -3.4847426e-11 0)
(0.00058550796 -3.2582878e-11 0)
(0.00058550796 -3.0643964e-11 0)
(0.00058550797 -2.8999222e-11 0)
(0.00058550797 -2.7619555e-11 0)
(0.00058550798 -2.6477959e-11 0)
(0.00058550799 -2.5549284e-11 0)
(0.000585508 -2.4810013e-11 0)
(0.00058550801 -2.4238065e-11 0)
(0.00058550802 -2.3812617e-11 0)
(0.00058550803 -2.3513954e-11 0)
(0.00058550805 -2.3323325e-11 0)
(0.00058550807 -2.3222833e-11 0)
(0.00058550809 -2.3195331e-11 0)
(0.00058550811 -2.3224341e-11 0)
(0.00058550814 -2.329399e-11 0)
(0.00058550816 -2.3388955e-11 0)
(0.00058550819 -2.3494439e-11 0)
(0.00058550823 -2.3596144e-11 0)
(0.00058550826 -2.3680273e-11 0)
(0.0005855083 -2.373354e-11 0)
(0.00058550835 -2.3743197e-11 0)
(0.00058550839 -2.3697073e-11 0)
(0.00058550845 -2.3583632e-11 0)
(0.0005855085 -2.3392036e-11 0)
(0.00058550856 -2.3112235e-11 0)
(0.00058550863 -2.2735053e-11 0)
(0.0005855087 -2.2252304e-11 0)
(0.00058550877 -2.1656911e-11 0)
(0.00058550885 -2.094304e-11 0)
(0.00058550894 -2.0106245e-11 0)
(0.00058550903 -1.9143628e-11 0)
(0.00058550913 -1.8054002e-11 0)
(0.00058550924 -1.6838071e-11 0)
(0.00058550935 -1.5498618e-11 0)
(0.00058550946 -1.4040687e-11 0)
(0.00058550959 -1.247179e-11 0)
(0.00058550972 -1.0802097e-11 0)
(0.00058550985 -9.0446403e-12 0)
(0.00058551 -7.2155054e-12 0)
(0.00058551015 -5.3340259e-12 0)
(0.0005855103 -3.4229676e-12 0)
(0.00058551047 -1.5087101e-12 0)
(0.00058551064 3.7857481e-13 0)
(0.00058551081 2.2047395e-12 0)
(0.00058551099 3.931464e-12 0)
(0.00058551118 5.5160297e-12 0)
(0.00058551137 6.9111016e-12 0)
(0.00058551156 8.0645114e-12 0)
(0.00058551176 8.9186845e-12 0)
(0.00058551196 9.4098092e-12 0)
(0.00058551216 9.4713924e-12 0)
(0.00058551237 9.0390958e-12 0)
(0.00058551256 8.016803e-12 0)
(0.00058551284 6.0254663e-12 0)
(0.00039107281 2.7004235e-07 0)
(0.00039229094 7.715369e-07 0)
(0.00039469026 1.2306024e-06 0)
(0.00039815275 1.6441928e-06 0)
(0.00040254274 2.0102449e-06 0)
(0.00040774761 2.3276168e-06 0)
(0.00041365086 2.5960851e-06 0)
(0.00042013577 2.816303e-06 0)
(0.0004270883 2.9897266e-06 0)
(0.00043439887 3.1185159e-06 0)
(0.00044196386 3.20542e-06 0)
(0.00044968685 3.2536521e-06 0)
(0.00045747964 3.2667618e-06 0)
(0.00046526284 3.2485125e-06 0)
(0.00047296625 3.2027652e-06 0)
(0.00048052897 3.1333765e-06 0)
(0.00048789923 3.0441104e-06 0)
(0.00049503413 2.9385662e-06 0)
(0.00050189912 2.8201219e-06 0)
(0.00050846741 2.6918944e-06 0)
(0.00051471932 2.5567119e-06 0)
(0.00052064158 2.4171006e-06 0)
(0.00052622655 2.2752807e-06 0)
(0.00053147153 2.1331718e-06 0)
(0.00053637803 1.9924048e-06 0)
(0.00054095111 1.8543389e-06 0)
(0.00054519876 1.7200821e-06 0)
(0.0005491313 1.590514e-06 0)
(0.00055276091 1.4663093e-06 0)
(0.0005561011 1.3479617e-06 0)
(0.00055916639 1.2358071e-06 0)
(0.0005619719 1.1300458e-06 0)
(0.00056453306 1.0307633e-06 0)
(0.00056686541 9.3794913e-07 0)
(0.00056898431 8.5151428e-07 0)
(0.00057090487 7.7130659e-07 0)
(0.00057264172 6.9712432e-07 0)
(0.00057420899 6.2872806e-07 0)
(0.00057562017 5.6585095e-07 0)
(0.00057688812 5.0820738e-07 0)
(0.00057802496 4.555004e-07 0)
(0.00057904211 4.0742776e-07 0)
(0.00057995027 3.6368697e-07 0)
(0.00058075941 3.2397932e-07 0)
(0.00058147879 2.8801308e-07 0)
(0.00058211701 2.5550598e-07 0)
(0.00058268197 2.2618708e-07 0)
(0.00058318096 1.9979804e-07 0)
(0.00058362066 1.7609411e-07 0)
(0.00058400721 1.5484457e-07 0)
(0.00058434617 1.3583298e-07 0)
(0.00058464264 1.1885722e-07 0)
(0.00058490123 1.037292e-07 0)
(0.00058512613 9.0274577e-08 0)
(0.00058532112 7.8332264e-08 0)
(0.00058548963 6.7753866e-08 0)
(0.00058563473 5.8403085e-08 0)
(0.00058575919 5.0155064e-08 0)
(0.00058586549 4.2895718e-08 0)
(0.00058595585 3.6521057e-08 0)
(0.00058603226 3.0936506e-08 0)
(0.00058609649 2.6056249e-08 0)
(0.00058615011 2.1802576e-08 0)
(0.00058619452 1.8105268e-08 0)
(0.00058623097 1.4900998e-08 0)
(0.00058626054 1.2132769e-08 0)
(0.00058628421 9.7493802e-09 0)
(0.00058630283 7.7049232e-09 0)
(0.00058631714 5.9583143e-09 0)
(0.00058632781 4.4728562e-09 0)
(0.0005863354 3.2158312e-09 0)
(0.00058634042 2.1581246e-09 0)
(0.00058634329 1.2738781e-09 0)
(0.00058634441 5.4016901e-10 0)
(0.00058634408 -6.3282145e-11 0)
(0.0005863426 -5.5438084e-10 0)
(0.00058634019 -9.4890359e-10 0)
(0.00058633707 -1.2607215e-09 0)
(0.00058633341 -1.5020034e-09 0)
(0.00058632936 -1.6834003e-09 0)
(0.00058632503 -1.8142123e-09 0)
(0.00058632054 -1.9025394e-09 0)
(0.00058631596 -1.9554174e-09 0)
(0.00058631138 -1.9789406e-09 0)
(0.00058630683 -1.9783716e-09 0)
(0.00058630238 -1.9582403e-09 0)
(0.00058629805 -1.9224318e-09 0)
(0.00058629387 -1.8742655e-09 0)
(0.00058628987 -1.8165655e-09 0)
(0.00058628605 -1.7517234e-09 0)
(0.00058628243 -1.6817537e-09 0)
(0.00058627901 -1.6083432e-09 0)
(0.00058627579 -1.5328949e-09 0)
(0.00058627277 -1.4565663e-09 0)
(0.00058626996 -1.3803038e-09 0)
(0.00058626733 -1.3048722e-09 0)
(0.0005862649 -1.2308812e-09 0)
(0.00058626265 -1.1588084e-09 0)
(0.00058626057 -1.0890194e-09 0)
(0.00058625865 -1.0217853e-09 0)
(0.00058625689 -9.5729767e-10 0)
(0.00058625527 -8.9568227e-10 0)
(0.00058625379 -8.3701002e-10 0)
(0.00058625244 -7.8130697e-10 0)
(0.00058625122 -7.2856277e-10 0)
(0.0005862501 -6.7873785e-10 0)
(0.00058624908 -6.3176957e-10 0)
(0.00058624816 -5.8757746e-10 0)
(0.00058624733 -5.4606763e-10 0)
(0.00058624658 -5.0713644e-10 0)
(0.0005862459 -4.7067363e-10 0)
(0.0005862453 -4.3656484e-10 0)
(0.00058624475 -4.0469376e-10 0)
(0.00058624426 -3.749438e-10 0)
(0.00058624382 -3.4719949e-10 0)
(0.00058624343 -3.2134759e-10 0)
(0.00058624308 -2.9727791e-10 0)
(0.00058624277 -2.7488397e-10 0)
(0.00058624249 -2.540635e-10 0)
(0.00058624225 -2.3471874e-10 0)
(0.00058624203 -2.1675667e-10 0)
(0.00058624184 -2.0008914e-10 0)
(0.00058624167 -1.8463289e-10 0)
(0.00058624152 -1.7030954e-10 0)
(0.00058624139 -1.5704548e-10 0)
(0.00058624127 -1.4477182e-10 0)
(0.00058624117 -1.3342417e-10 0)
(0.00058624109 -1.2294252e-10 0)
(0.00058624101 -1.1327103e-10 0)
(0.00058624094 -1.0435784e-10 0)
(0.00058624089 -9.615489e-11 0)
(0.00058624084 -8.8617667e-11 0)
(0.00058624079 -8.1705045e-11 0)
(0.00058624076 -7.5379056e-11 0)
(0.00058624073 -6.9604703e-11 0)
(0.0005862407 -6.4349759e-11 0)
(0.00058624068 -5.9584584e-11 0)
(0.00058624066 -5.5281943e-11 0)
(0.00058624064 -5.1416831e-11 0)
(0.00058624063 -4.7966307e-11 0)
(0.00058624062 -4.4909338e-11 0)
(0.00058624061 -4.2226645e-11 0)
(0.00058624061 -3.9900562e-11 0)
(0.0005862406 -3.7914897e-11 0)
(0.0005862406 -3.62548e-11 0)
(0.0005862406 -3.4906646e-11 0)
(0.0005862406 -3.3857911e-11 0)
(0.0005862406 -3.3097062e-11 0)
(0.00058624061 -3.2613452e-11 0)
(0.00058624061 -3.2397217e-11 0)
(0.00058624062 -3.2439179e-11 0)
(0.00058624063 -3.2730757e-11 0)
(0.00058624063 -3.3263872e-11 0)
(0.00058624065 -3.4030871e-11 0)
(0.00058624066 -3.5024438e-11 0)
(0.00058624067 -3.6237522e-11 0)
(0.00058624069 -3.7663263e-11 0)
(0.00058624071 -3.9294919e-11 0)
(0.00058624073 -4.11258e-11 0)
(0.00058624075 -4.3149206e-11 0)
(0.00058624077 -4.5358362e-11 0)
(0.0005862408 -4.7746363e-11 0)
(0.00058624083 -5.0306117e-11 0)
(0.00058624086 -5.30303e-11 0)
(0.0005862409 -5.5911299e-11 0)
(0.00058624094 -5.8941174e-11 0)
(0.00058624099 -6.2111613e-11 0)
(0.00058624103 -6.54139e-11 0)
(0.00058624109 -6.8838872e-11 0)
(0.00058624114 -7.2376899e-11 0)
(0.0005862412 -7.601785e-11 0)
(0.00058624127 -7.9751079e-11 0)
(0.00058624134 -8.3565402e-11 0)
(0.00058624141 -8.7449086e-11 0)
(0.00058624149 -9.1389847e-11 0)
(0.00058624158 -9.5374843e-11 0)
(0.00058624167 -9.939068e-11 0)
(0.00058624177 -1.0342342e-10 0)
(0.00058624188 -1.0745862e-10 0)
(0.00058624199 -1.114813e-10 0)
(0.00058624211 -1.1547605e-10 0)
(0.00058624223 -1.1942699e-10 0)
(0.00058624236 -1.2331789e-10 0)
(0.0005862425 -1.2713215e-10 0)
(0.00058624264 -1.3085292e-10 0)
(0.0005862428 -1.3446313e-10 0)
(0.00058624295 -1.3794557e-10 0)
(0.00058624312 -1.41283e-10 0)
(0.00058624329 -1.4445822e-10 0)
(0.00058624346 -1.4745422e-10 0)
(0.00058624364 -1.5025427e-10 0)
(0.00058624383 -1.5284215e-10 0)
(0.00058624402 -1.5520224e-10 0)
(0.00058624422 -1.573197e-10 0)
(0.00058624442 -1.5918083e-10 0)
(0.00058624462 -1.607733e-10 0)
(0.00058624482 -1.6208454e-10 0)
(0.00058624503 -1.6310023e-10 0)
(0.00058624522 -1.6381379e-10 0)
(0.0005862455 -1.6428322e-10 0)
(0.00039107281 -2.6989892e-07 0)
(0.00039229094 -7.71106e-07 0)
(0.00039469027 -1.2298829e-06 0)
(0.00039815275 -1.6431837e-06 0)
(0.00040254275 -2.008945e-06 0)
(0.00040774762 -2.3260258e-06 0)
(0.00041365088 -2.5942029e-06 0)
(0.00042013579 -2.8141303e-06 0)
(0.00042708833 -2.9872648e-06 0)
(0.0004343989 -3.1157675e-06 0)
(0.00044196389 -3.2023884e-06 0)
(0.00044968689 -3.2503413e-06 0)
(0.00045747969 -3.2631774e-06 0)
(0.0004652629 -3.2446607e-06 0)
(0.00047296632 -3.1986534e-06 0)
(0.00048052904 -3.1290131e-06 0)
(0.00048789931 -3.0395048e-06 0)
(0.00049503422 -2.9337286e-06 0)
(0.00050189922 -2.8150635e-06 0)
(0.00050846752 -2.6866271e-06 0)
(0.00051471944 -2.5512486e-06 0)
(0.00052064171 -2.4114547e-06 0)
(0.00052622669 -2.2694663e-06 0)
(0.00053147167 -2.1272036e-06 0)
(0.00053637818 -1.9862978e-06 0)
(0.00054095128 -1.8481086e-06 0)
(0.00054519894 -1.7137444e-06 0)
(0.00054913149 -1.5840849e-06 0)
(0.00055276111 -1.459805e-06 0)
(0.00055610132 -1.3413984e-06 0)
(0.00055916662 -1.2292011e-06 0)
(0.00056197214 -1.1234132e-06 0)
(0.00056453331 -1.02412e-06 0)
(0.00056686567 -9.3131095e-07 0)
(0.00056898459 -8.4489658e-07 0)
(0.00057090515 -7.6472438e-07 0)
(0.00057264201 -6.9059218e-07 0)
(0.00057420929 -6.2226006e-07 0)
(0.00057562049 -5.5946059e-07 0)
(0.00057688845 -5.0190757e-07 0)
(0.0005780253 -4.4930339e-07 0)
(0.00057904246 -4.0134511e-07 0)
(0.00057995063 -3.5772951e-07 0)
(0.00058075978 -3.1815714e-07 0)
(0.00058147918 -2.8233548e-07 0)
(0.0005821174 -2.4998147e-07 0)
(0.00058268237 -2.2082335e-07 0)
(0.00058318137 -1.9460198e-07 0)
(0.00058362109 -1.7107177e-07 0)
(0.00058400764 -1.5000119e-07 0)
(0.00058434661 -1.31173e-07 0)
(0.00058464308 -1.1438424e-07 0)
(0.00058490168 -9.9446067e-08 0)
(0.00058512659 -8.6183356e-08 0)
(0.00058532159 -7.4434266e-08 0)
(0.00058549011 -6.404968e-08 0)
(0.00058563521 -5.4892604e-08 0)
(0.00058575968 -4.6837516e-08 0)
(0.00058586598 -3.9769699e-08 0)
(0.00058595635 -3.3584564e-08 0)
(0.00058603277 -2.8186976e-08 0)
(0.000586097 -2.3490594e-08 0)
(0.00058615062 -1.9417226e-08 0)
(0.00058619504 -1.5896207e-08 0)
(0.00058623149 -1.2863806e-08 0)
(0.00058626107 -1.0262661e-08 0)
(0.00058628474 -8.0412472e-09 0)
(0.00058630336 -6.1533722e-09 0)
(0.00058631768 -4.5577071e-09 0)
(0.00058632835 -3.2173476e-09 0)
(0.00058633594 -2.0994067e-09 0)
(0.00058634096 -1.1746365e-09 0)
(0.00058634384 -4.1708013e-10 0)
(0.00058634495 1.9625009e-10 0)
(0.00058634463 6.8566719e-10 0)
(0.00058634315 1.0690801e-09 0)
(0.00058634074 1.3622406e-09 0)
(0.00058633762 1.5789687e-09 0)
(0.00058633396 1.7313581e-09 0)
(0.00058632991 1.8299618e-09 0)
(0.00058632559 1.8839618e-09 0)
(0.00058632109 1.9013211e-09 0)
(0.00058631652 1.8889223e-09 0)
(0.00058631193 1.8526918e-09 0)
(0.00058630739 1.7977115e-09 0)
(0.00058630294 1.7283195e-09 0)
(0.00058629861 1.6482001e-09 0)
(0.00058629443 1.5604645e-09 0)
(0.00058629042 1.4677227e-09 0)
(0.00058628661 1.3721478e-09 0)
(0.00058628298 1.2755332e-09 0)
(0.00058627956 1.1793428e-09 0)
(0.00058627634 1.0847568e-09 0)
(0.00058627333 9.9271071e-10 0)
(0.00058627051 9.0393102e-10 0)
(0.00058626789 8.1896572e-10 0)
(0.00058626545 7.3821159e-10 0)
(0.0005862632 6.6193802e-10 0)
(0.00058626112 5.9030778e-10 0)
(0.0005862592 5.2339513e-10 0)
(0.00058625744 4.6120159e-10 0)
(0.00058625582 4.0366955e-10 0)
(0.00058625434 3.5069404e-10 0)
(0.00058625299 3.0213287e-10 0)
(0.00058625176 2.5781524e-10 0)
(0.00058625064 2.1754911e-10 0)
(0.00058624963 1.8112746e-10 0)
(0.00058624871 1.4833351e-10 0)
(0.00058624787 1.1894511e-10 0)
(0.00058624712 9.2738369e-11 0)
(0.00058624645 6.9490613e-11 0)
(0.00058624584 4.8982797e-11 0)
(0.00058624529 3.1001419e-11 0)
(0.0005862448 1.5340005e-11 0)
(0.00058624436 1.8002522e-12 0)
(0.00058624397 -9.8071549e-12 0)
(0.00058624362 -1.9661972e-11 0)
(0.00058624331 -2.7934048e-11 0)
(0.00058624303 -3.4783161e-11 0)
(0.00058624278 -4.0359001e-11 0)
(0.00058624257 -4.4801277e-11 0)
(0.00058624237 -4.8239927e-11 0)
(0.0005862422 -5.0795402e-11 0)
(0.00058624205 -5.2579018e-11 0)
(0.00058624192 -5.3693345e-11 0)
(0.00058624181 -5.4232642e-11 0)
(0.00058624171 -5.42833e-11 0)
(0.00058624162 -5.3924313e-11 0)
(0.00058624154 -5.3227742e-11 0)
(0.00058624148 -5.2259189e-11 0)
(0.00058624142 -5.1078254e-11 0)
(0.00058624137 -4.9738992e-11 0)
(0.00058624133 -4.829035e-11 0)
(0.00058624129 -4.6776587e-11 0)
(0.00058624126 -4.5237681e-11 0)
(0.00058624123 -4.370971e-11 0)
(0.00058624121 -4.2225211e-11 0)
(0.00058624119 -4.0813527e-11 0)
(0.00058624117 -3.9501117e-11 0)
(0.00058624116 -3.8311853e-11 0)
(0.00058624115 -3.7267296e-11 0)
(0.00058624114 -3.638694e-11 0)
(0.00058624114 -3.5688444e-11 0)
(0.00058624113 -3.5187837e-11 0)
(0.00058624113 -3.4899703e-11 0)
(0.00058624113 -3.4837352e-11 0)
(0.00058624113 -3.5012957e-11 0)
(0.00058624113 -3.5437689e-11 0)
(0.00058624114 -3.6121823e-11 0)
(0.00058624114 -3.7074829e-11 0)
(0.00058624115 -3.8305449e-11 0)
(0.00058624115 -3.9821755e-11 0)
(0.00058624116 -4.1631191e-11 0)
(0.00058624117 -4.3740604e-11 0)
(0.00058624119 -4.6156261e-11 0)
(0.0005862412 -4.8883843e-11 0)
(0.00058624122 -5.1928444e-11 0)
(0.00058624123 -5.5294539e-11 0)
(0.00058624125 -5.8985955e-11 0)
(0.00058624128 -6.3005822e-11 0)
(0.0005862413 -6.735652e-11 0)
(0.00058624133 -7.2039611e-11 0)
(0.00058624136 -7.7055761e-11 0)
(0.00058624139 -8.240466e-11 0)
(0.00058624143 -8.8084928e-11 0)
(0.00058624147 -9.4094012e-11 0)
(0.00058624151 -1.0042808e-10 0)
(0.00058624156 -1.070819e-10 0)
(0.00058624161 -1.1404872e-10 0)
(0.00058624167 -1.2132014e-10 0)
(0.00058624173 -1.28886e-10 0)
(0.00058624179 -1.3673418e-10 0)
(0.00058624186 -1.4485054e-10 0)
(0.00058624194 -1.5321869e-10 0)
(0.00058624202 -1.6181991e-10 0)
(0.0005862421 -1.7063298e-10 0)
(0.0005862422 -1.7963399e-10 0)
(0.00058624229 -1.8879627e-10 0)
(0.0005862424 -1.9809017e-10 0)
(0.00058624251 -2.0748297e-10 0)
(0.00058624263 -2.1693874e-10 0)
(0.00058624275 -2.2641821e-10 0)
(0.00058624288 -2.3587867e-10 0)
(0.00058624302 -2.4527384e-10 0)
(0.00058624316 -2.5455386e-10 0)
(0.00058624331 -2.6366519e-10 0)
(0.00058624347 -2.7255056e-10 0)
(0.00058624363 -2.81149e-10 0)
(0.0005862438 -2.8939584e-10 0)
(0.00058624398 -2.9722278e-10 0)
(0.00058624416 -3.0455793e-10 0)
(0.00058624434 -3.1132596e-10 0)
(0.00058624453 -3.1744814e-10 0)
(0.00058624473 -3.2284247e-10 0)
(0.00058624493 -3.2742372e-10 0)
(0.00058624513 -3.3110314e-10 0)
(0.00058624533 -3.3378902e-10 0)
(0.00058624553 -3.3538877e-10 0)
(0.00058624573 -3.3579007e-10 0)
(0.000586246 -3.3473249e-10 0)
(0.00039107304 -8.1050713e-07 0)
(0.00039229409 -2.3154615e-06 0)
(0.00039469853 -3.6927982e-06 0)
(0.00039816749 -4.933355e-06 0)
(0.00040256438 -6.0309364e-06 0)
(0.00040777574 -6.9821313e-06 0)
(0.00041368426 -7.7862989e-06 0)
(0.00042017251 -8.445443e-06 0)
(0.00042712586 -8.9639854e-06 0)
(0.00043443425 -9.3484668e-06 0)
(0.00044199376 -9.6071965e-06 0)
(0.0004497078 -9.7498749e-06 0)
(0.00045748814 -9.787209e-06 0)
(0.00046525546 -9.7305383e-06 0)
(0.00047293979 -9.5914892e-06 0)
(0.00048048048 -9.3816651e-06 0)
(0.00048782616 -9.112383e-06 0)
(0.00049493428 -8.7944566e-06 0)
(0.00050177073 -8.4380289e-06 0)
(0.00050830914 -8.0524514e-06 0)
(0.00051453025 -7.6462051e-06 0)
(0.00052042119 -7.2268594e-06 0)
(0.00052597467 -6.8010628e-06 0)
(0.00053118834 -6.3745596e-06 0)
(0.000536064 -5.9522266e-06 0)
(0.00054060696 -5.538125e-06 0)
(0.00054482542 -5.1355626e-06 0)
(0.00054872988 -4.747162e-06 0)
(0.00055233263 -4.3749327e-06 0)
(0.00055564729 -4.0203418e-06 0)
(0.00055868845 -3.6843848e-06 0)
(0.00056147126 -3.3676514e-06 0)
(0.00056401118 -3.0703882e-06 0)
(0.00056632372 -2.7925557e-06 0)
(0.00056842424 -2.5338797e-06 0)
(0.00057032779 -2.2938977e-06 0)
(0.00057204898 -2.0719995e-06 0)
(0.00057360187 -1.8674629e-06 0)
(0.00057499989 -1.6794839e-06 0)
(0.00057625581 -1.5072031e-06 0)
(0.00057738172 -1.3497277e-06 0)
(0.00057838896 -1.2061493e-06 0)
(0.00057928814 -1.0755592e-06 0)
(0.00058008918 -9.5706042e-07 0)
(0.00058080128 -8.4977698e-07 0)
(0.00058143295 -7.528616e-07 0)
(0.00058199204 -6.6550102e-07 0)
(0.00058248579 -5.8692e-07 0)
(0.00058292083 -5.1638397e-07 0)
(0.00058330323 -4.5320056e-07 0)
(0.00058363851 -3.967203e-07 0)
(0.00058393172 -3.4633656e-07 0)
(0.00058418743 -3.0148493e-07 0)
(0.0005844098 -2.6164215e-07 0)
(0.00058460257 -2.2632472e-07 0)
(0.00058476914 -1.9508723e-07 0)
(0.00058491254 -1.6752052e-07 0)
(0.00058503552 -1.4324976e-07 0)
(0.00058514054 -1.2193244e-07 0)
(0.00058522979 -1.0325632e-07 0)
(0.00058530525 -8.6937417e-08 0)
(0.00058536866 -7.2718027e-08 0)
(0.00058542158 -6.0364786e-08 0)
(0.0005854654 -4.9666815e-08 0)
(0.00058550134 -4.0433939e-08 0)
(0.00058553049 -3.2494995e-08 0)
(0.00058555381 -2.5696237e-08 0)
(0.00058557213 -1.9899834e-08 0)
(0.00058558621 -1.4982459e-08 0)
(0.00058559668 -1.0833981e-08 0)
(0.00058560412 -7.3562457e-09 0)
(0.00058560901 -4.4619472e-09 0)
(0.00058561179 -2.073584e-09 0)
(0.00058561284 -1.2250196e-10 0)
(0.00058561246 1.4519879e-09 0)
(0.00058561094 2.7034156e-09 0)
(0.00058560852 3.6788894e-09 0)
(0.00058560539 4.4197686e-09 0)
(0.00058560174 4.9622742e-09 0)
(0.00058559769 5.3380447e-09 0)
(0.00058559338 5.5746391e-09 0)
(0.00058558891 5.6959918e-09 0)
(0.00058558436 5.7228232e-09 0)
(0.0005855798 5.6730096e-09 0)
(0.00058557528 5.5619162e-09 0)
(0.00058557086 5.4026957e-09 0)
(0.00058556656 5.2065556e-09 0)
(0.00058556241 4.9829979e-09 0)
(0.00058555843 4.7400325e-09 0)
(0.00058555464 4.4843677e-09 0)
(0.00058555105 4.2215794e-09 0)
(0.00058554765 3.9562615e-09 0)
(0.00058554446 3.6921592e-09 0)
(0.00058554147 3.4322864e-09 0)
(0.00058553868 3.1790294e-09 0)
(0.00058553607 2.934239e-09 0)
(0.00058553366 2.69931e-09 0)
(0.00058553142 2.4752521e-09 0)
(0.00058552936 2.2627509e-09 0)
(0.00058552746 2.0622219e-09 0)
(0.00058552571 1.8738567e-09 0)
(0.00058552411 1.6976633e-09 0)
(0.00058552264 1.5335013e-09 0)
(0.00058552131 1.3811113e-09 0)
(0.00058552009 1.2401408e-09 0)
(0.00058551898 1.1101663e-09 0)
(0.00058551797 9.9071125e-10 0)
(0.00058551706 8.8126221e-10 0)
(0.00058551623 7.8128173e-10 0)
(0.00058551549 6.9021929e-10 0)
(0.00058551482 6.0752031e-10 0)
(0.00058551421 5.3263347e-10 0)
(0.00058551367 4.6501661e-10 0)
(0.00058551319 4.041414e-10 0)
(0.00058551275 3.4949697e-10 0)
(0.00058551236 3.0059266e-10 0)
(0.00058551201 2.5695995e-10 0)
(0.00058551171 2.1815382e-10 0)
(0.00058551143 1.8375356e-10 0)
(0.00058551119 1.5336311e-10 0)
(0.00058551097 1.2661106e-10 0)
(0.00058551078 1.0315036e-10 0)
(0.00058551061 8.2657774e-11 0)
(0.00058551047 6.4833147e-11 0)
(0.00058551034 4.9398568e-11 0)
(0.00058551022 3.6097375e-11 0)
(0.00058551012 2.4693116e-11 0)
(0.00058551003 1.4968453e-11 0)
(0.00058550996 6.7240404e-12 0)
(0.00058550989 -2.2260959e-13 0)
(0.00058550983 -6.0382498e-12 0)
(0.00058550979 -1.0875007e-11 0)
(0.00058550974 -1.487146e-11 0)
(0.00058550971 -1.8153688e-11 0)
(0.00058550967 -2.083627e-11 0)
(0.00058550965 -2.3023242e-11 0)
(0.00058550963 -2.4809011e-11 0)
(0.00058550961 -2.6279208e-11 0)
(0.00058550959 -2.7511494e-11 0)
(0.00058550958 -2.8576317e-11 0)
(0.00058550957 -2.953761e-11 0)
(0.00058550956 -3.0453441e-11 0)
(0.00058550955 -3.1376613e-11 0)
(0.00058550955 -3.2355208e-11 0)
(0.00058550955 -3.3433093e-11 0)
(0.00058550955 -3.4650369e-11 0)
(0.00058550955 -3.6043781e-11 0)
(0.00058550955 -3.7647084e-11 0)
(0.00058550955 -3.9491366e-11 0)
(0.00058550956 -4.1605332e-11 0)
(0.00058550956 -4.401555e-11 0)
(0.00058550957 -4.6746661e-11 0)
(0.00058550958 -4.9821553e-11 0)
(0.00058550959 -5.3261504e-11 0)
(0.0005855096 -5.7086293e-11 0)
(0.00058550961 -6.1314275e-11 0)
(0.00058550963 -6.5962441e-11 0)
(0.00058550965 -7.1046434e-11 0)
(0.00058550967 -7.6580555e-11 0)
(0.00058550969 -8.2577726e-11 0)
(0.00058550971 -8.9049447e-11 0)
(0.00058550974 -9.6005719e-11 0)
(0.00058550977 -1.0345495e-10 0)
(0.0005855098 -1.1140382e-10 0)
(0.00058550984 -1.1985719e-10 0)
(0.00058550988 -1.2881788e-10 0)
(0.00058550992 -1.3828656e-10 0)
(0.00058550997 -1.4826149e-10 0)
(0.00058551002 -1.5873836e-10 0)
(0.00058551007 -1.6971006e-10 0)
(0.00058551013 -1.811664e-10 0)
(0.0005855102 -1.9309389e-10 0)
(0.00058551026 -2.0547548e-10 0)
(0.00058551034 -2.1829023e-10 0)
(0.00058551042 -2.3151308e-10 0)
(0.0005855105 -2.4511452e-10 0)
(0.00058551059 -2.5906029e-10 0)
(0.00058551069 -2.733111e-10 0)
(0.00058551079 -2.8782227e-10 0)
(0.0005855109 -3.0254352e-10 0)
(0.00058551102 -3.1741857e-10 0)
(0.00058551114 -3.3238497e-10 0)
(0.00058551127 -3.4737373e-10 0)
(0.0005855114 -3.6230916e-10 0)
(0.00058551154 -3.7710861e-10 0)
(0.00058551169 -3.9168232e-10 0)
(0.00058551185 -4.0593324e-10 0)
(0.00058551201 -4.1975694e-10 0)
(0.00058551218 -4.3304158e-10 0)
(0.00058551235 -4.4566784e-10 0)
(0.00058551253 -4.5750898e-10 0)
(0.00058551271 -4.6843089e-10 0)
(0.0005855129 -4.7829206e-10 0)
(0.00058551309 -4.8694365e-10 0)
(0.00058551329 -4.9422935e-10 0)
(0.00058551348 -4.9998445e-10 0)
(0.00058551369 -5.0403845e-10 0)
(0.00058551389 -5.062204e-10 0)
(0.00058551408 -5.0631561e-10 0)
(0.00058551435 -5.0374392e-10 0)
(0.00039107351 -1.3531242e-06 0)
(0.00039230042 -3.8649735e-06 0)
(0.00039471516 -6.1630269e-06 0)
(0.00039819712 -8.2319309e-06 0)
(0.00040260787 -1.0061343e-05 0)
(0.00040783221 -1.1645622e-05 0)
(0.00041375125 -1.2983797e-05 0)
(0.00042024611 -1.4079351e-05 0)
(0.00042720096 -1.493983e-05 0)
(0.00043450484 -1.557633e-05 0)
(0.00044205317 -1.6002902e-05 0)
(0.00044974906 -1.6235914e-05 0)
(0.00045750419 -1.6293392e-05 0)
(0.00046523947 -1.6194399e-05 0)
(0.00047288531 -1.5958446e-05 0)
(0.00048038167 -1.5604978e-05 0)
(0.00048767787 -1.5152931e-05 0)
(0.00049473218 -1.4620376e-05 0)
(0.00050151131 -1.4024238e-05 0)
(0.00050798976 -1.3380102e-05 0)
(0.0005141491 -1.2702083e-05 0)
(0.00051997725 -1.200276e-05 0)
(0.00052546768 -1.129317e-05 0)
(0.00053061867 -1.0582834e-05 0)
(0.00053543262 -9.8798227e-06 0)
(0.00053991535 -9.1908478e-06 0)
(0.00054407545 -8.521365e-06 0)
(0.00054792377 -7.8756913e-06 0)
(0.00055147286 -7.2571245e-06 0)
(0.00055473655 -6.668064e-06 0)
(0.00055772953 -6.1101275e-06 0)
(0.00056046704 -5.5842619e-06 0)
(0.00056296456 -5.0908473e-06 0)
(0.00056523759 -4.6297916e-06 0)
(0.00056730144 -4.2006164e-06 0)
(0.00056917109 -3.8025339e-06 0)
(0.00057086105 -3.4345138e-06 0)
(0.00057238525 -3.0953423e-06 0)
(0.00057375703 -2.7836729e-06 0)
(0.00057498901 -2.4980688e-06 0)
(0.00057609313 -2.2370395e-06 0)
(0.00057708059 -1.999071e-06 0)
(0.00057796189 -1.7826496e-06 0)
(0.00057874679 -1.5862827e-06 0)
(0.00057944436 -1.4085135e-06 0)
(0.00058006298 -1.2479337e-06 0)
(0.0005806104 -1.1031923e-06 0)
(0.00058109371 -9.730019e-07 0)
(0.00058151944 -8.5614316e-07 0)
(0.00058189356 -7.5146717e-07 0)
(0.00058222149 -6.5789649e-07 0)
(0.00058250821 -5.7442503e-07 0)
(0.00058275819 -5.0011697e-07 0)
(0.0005829755 -4.3410487e-07 0)
(0.00058316384 -3.7558738e-07 0)
(0.00058332652 -3.2382641e-07 0)
(0.00058346654 -2.7814405e-07 0)
(0.00058358657 -2.3791939e-07 0)
(0.00058368902 -2.025851e-07 0)
(0.00058377606 -1.7162406e-07 0)
(0.0005838496 -1.4456603e-07 0)
(0.00058391137 -1.2098432e-07 0)
(0.00058396289 -1.0049257e-07 0)
(0.00058400552 -8.2741699e-08 0)
(0.00058404045 -6.741691e-08 0)
(0.00058406875 -5.4234909e-08 0)
(0.00058409136 -4.2941245e-08 0)
(0.0005841091 -3.3307816e-08 0)
(0.00058412269 -2.5130543e-08 0)
(0.00058413277 -1.8227187e-08 0)
(0.0005841399 -1.2435337e-08 0)
(0.00058414454 -7.6105308e-09 0)
(0.00058414714 -3.624537e-09 0)
(0.00058414804 -3.6376005e-10 0)
(0.00058414756 2.2722167e-09 0)
(0.00058414597 4.3719673e-09 0)
(0.00058414351 6.013444e-09 0)
(0.00058414037 7.2650899e-09 0)
(0.00058413671 8.1868514e-09 0)
(0.00058413269 8.8310972e-09 0)
(0.00058412841 9.2434503e-09 0)
(0.00058412397 9.4635412e-09 0)
(0.00058411947 9.5256873e-09 0)
(0.00058411496 9.4595042e-09 0)
(0.0005841105 9.2904568e-09 0)
(0.00058410613 9.0403523e-09 0)
(0.00058410189 8.7277832e-09 0)
(0.0005840978 8.3685226e-09 0)
(0.00058409389 7.9758774e-09 0)
(0.00058409016 7.561003e-09 0)
(0.00058408662 7.1331827e-09 0)
(0.00058408328 6.7000763e-09 0)
(0.00058408013 6.2679399e-09 0)
(0.00058407719 5.8418202e-09 0)
(0.00058407444 5.425726e-09 0)
(0.00058407189 5.0227794e-09 0)
(0.00058406951 4.6353476e-09 0)
(0.00058406732 4.2651597e-09 0)
(0.00058406529 3.913408e-09 0)
(0.00058406342 3.5808358e-09 0)
(0.0005840617 3.267815e-09 0)
(0.00058406013 2.9744122e-09 0)
(0.00058405869 2.7004459e-09 0)
(0.00058405738 2.4455365e-09 0)
(0.00058405618 2.209148e-09 0)
(0.00058405509 1.9906245e-09 0)
(0.0005840541 1.7892208e-09 0)
(0.00058405321 1.6041277e-09 0)
(0.0005840524 1.4344945e-09 0)
(0.00058405167 1.2794465e-09 0)
(0.00058405101 1.1380998e-09 0)
(0.00058405042 1.009574e-09 0)
(0.00058404989 8.9300141e-10 0)
(0.00058404941 7.8753518e-10 0)
(0.00058404898 6.9235527e-10 0)
(0.0005840486 6.0667303e-10 0)
(0.00058404826 5.2973452e-10 0)
(0.00058404796 4.6082281e-10 0)
(0.00058404769 3.9925944e-10 0)
(0.00058404745 3.4440501e-10 0)
(0.00058404724 2.9565935e-10 0)
(0.00058404705 2.5246106e-10 0)
(0.00058404689 2.1428678e-10 0)
(0.00058404674 1.8065e-10 0)
(0.00058404661 1.5109982e-10 0)
(0.0005840465 1.2521936e-10 0)
(0.0005840464 1.0262416e-10 0)
(0.00058404632 8.2960443e-11 0)
(0.00058404624 6.5903358e-11 0)
(0.00058404618 5.1155172e-11 0)
(0.00058404612 3.84435e-11 0)
(0.00058404607 2.7519546e-11 0)
(0.00058404603 1.8156388e-11 0)
(0.000584046 1.0147318e-11 0)
(0.00058404596 3.3042461e-12 0)
(0.00058404594 -2.5438254e-12 0)
(0.00058404592 -7.5522506e-12 0)
(0.0005840459 -1.1862111e-11 0)
(0.00058404588 -1.5601503e-11 0)
(0.00058404587 -1.8886744e-11 0)
(0.00058404586 -2.1823499e-11 0)
(0.00058404585 -2.4507822e-11 0)
(0.00058404585 -2.7027117e-11 0)
(0.00058404584 -2.9461029e-11 0)
(0.00058404584 -3.1882252e-11 0)
(0.00058404584 -3.4357265e-11 0)
(0.00058404584 -3.6947003e-11 0)
(0.00058404584 -3.9707452e-11 0)
(0.00058404584 -4.2690191e-11 0)
(0.00058404585 -4.5942859e-11 0)
(0.00058404585 -4.9509574e-11 0)
(0.00058404586 -5.343129e-11 0)
(0.00058404587 -5.7746103e-11 0)
(0.00058404588 -6.2489499e-11 0)
(0.00058404589 -6.7694565e-11 0)
(0.0005840459 -7.3392145e-11 0)
(0.00058404592 -7.961095e-11 0)
(0.00058404593 -8.6377634e-11 0)
(0.00058404595 -9.3716819e-11 0)
(0.00058404597 -1.0165109e-10 0)
(0.000584046 -1.1020095e-10 0)
(0.00058404602 -1.1938473e-10 0)
(0.00058404605 -1.2921849e-10 0)
(0.00058404608 -1.3971584e-10 0)
(0.00058404612 -1.508878e-10 0)
(0.00058404616 -1.6274255e-10 0)
(0.0005840462 -1.752852e-10 0)
(0.00058404624 -1.8851754e-10 0)
(0.00058404629 -2.0243772e-10 0)
(0.00058404635 -2.1703993e-10 0)
(0.0005840464 -2.3231405e-10 0)
(0.00058404647 -2.4824532e-10 0)
(0.00058404653 -2.6481389e-10 0)
(0.00058404661 -2.8199442e-10 0)
(0.00058404668 -2.9975571e-10 0)
(0.00058404677 -3.1806019e-10 0)
(0.00058404685 -3.3686348e-10 0)
(0.00058404695 -3.5611397e-10 0)
(0.00058404705 -3.7575232e-10 0)
(0.00058404716 -3.9571099e-10 0)
(0.00058404727 -4.1591382e-10 0)
(0.00058404739 -4.3627557e-10 0)
(0.00058404751 -4.5670151e-10 0)
(0.00058404764 -4.7708702e-10 0)
(0.00058404778 -4.9731723e-10 0)
(0.00058404793 -5.1726674e-10 0)
(0.00058404808 -5.3679932e-10 0)
(0.00058404823 -5.5576776e-10 0)
(0.0005840484 -5.7401369e-10 0)
(0.00058404857 -5.9136752e-10 0)
(0.00058404874 -6.0764839e-10 0)
(0.00058404892 -6.2266417e-10 0)
(0.0005840491 -6.3621142e-10 0)
(0.00058404929 -6.4807535e-10 0)
(0.00058404948 -6.5802951e-10 0)
(0.00058404968 -6.6583422e-10 0)
(0.00058404987 -6.7124154e-10 0)
(0.00058405007 -6.7400401e-10 0)
(0.00058405026 -6.7380378e-10 0)
(0.00058405052 -6.6975201e-10 0)
(0.00039107422 -1.899119e-06 0)
(0.00039231004 -5.4231492e-06 0)
(0.00039474036 -8.6455315e-06 0)
(0.00039824199 -1.1544596e-05 0)
(0.00040267365 -1.410583e-05 0)
(0.00040791754 -1.632143e-05 0)
(0.00041385232 -1.8190249e-05 0)
(0.00042035694 -1.9717467e-05 0)
(0.00042731377 -2.0914026e-05 0)
(0.00043461047 -2.1795878e-05 0)
(0.00044214154 -2.2383128e-05 0)
(0.00044980958 -2.2699107e-05 0)
(0.00045752624 -2.2769444e-05 0)
(0.00046521275 -2.2621167e-05 0)
(0.00047280015 -2.2281874e-05 0)
(0.00048022931 -2.1779009e-05 0)
(0.00048745063 -2.1139241e-05 0)
(0.00049442361 -2.0387963e-05 0)
(0.00050111624 -1.9548914e-05 0)
(0.0005075043 -1.8643905e-05 0)
(0.00051357065 -1.7692654e-05 0)
(0.00051930437 -1.6712697e-05 0)
(0.00052470004 -1.5719388e-05 0)
(0.00052975694 -1.4725945e-05 0)
(0.00053447833 -1.3743547e-05 0)
(0.00053887077 -1.2781469e-05 0)
(0.00054294347 -1.1847228e-05 0)
(0.00054670778 -1.0946755e-05 0)
(0.00055017662 -1.008456e-05 0)
(0.00055336411 -9.2639047e-06 0)
(0.00055628512 -8.4869686e-06 0)
(0.00055895499 -7.7550016e-06 0)
(0.00056138924 -7.0684712e-06 0)
(0.00056360334 -6.4271941e-06 0)
(0.00056561252 -5.8304563e-06 0)
(0.00056743165 -5.2771188e-06 0)
(0.00056907507 -4.7657117e-06 0)
(0.00057055657 -4.2945151e-06 0)
(0.00057188927 -3.8616294e-06 0)
(0.00057308561 -3.4650341e-06 0)
(0.00057415732 -3.1026378e-06 0)
(0.00057511538 -2.7723198e-06 0)
(0.00057597009 -2.4719633e-06 0)
(0.00057673099 -2.1994829e-06 0)
(0.00057740696 -1.9528456e-06 0)
(0.0005780062 -1.7300878e-06 0)
(0.00057853625 -1.5293266e-06 0)
(0.00057900405 -1.3487694e-06 0)
(0.00057941597 -1.1867191e-06 0)
(0.00057977779 -1.0415773e-06 0)
(0.00058009483 -9.1184572e-07 0)
(0.0005803719 -7.9612597e-07 0)
(0.00058061337 -6.931176e-07 0)
(0.0005808232 -6.0161566e-07 0)
(0.00058100496 -5.2050724e-07 0)
(0.00058116188 -4.4876759e-07 0)
(0.00058129686 -3.8545573e-07 0)
(0.00058141251 -3.2970996e-07 0)
(0.00058151117 -2.8074309e-07 0)
(0.00058159492 -2.3783778e-07 0)
(0.00058166564 -2.0034175e-07 0)
(0.00058172498 -1.6766328e-07 0)
(0.00058177442 -1.3926665e-07 0)
(0.00058181528 -1.1466786e-07 0)
(0.00058184872 -9.3430538e-08 0)
(0.00058187577 -7.5162012e-08 0)
(0.00058189733 -5.9509632e-08 0)
(0.0005819142 -4.6157302e-08 0)
(0.00058192708 -3.4822238e-08 0)
(0.00058193658 -2.5251949e-08 0)
(0.00058194324 -1.7221432e-08 0)
(0.00058194752 -1.053057e-08 0)
(0.00058194983 -5.0017397e-09 0)
(0.00058195052 -4.7760618e-10 0)
(0.0005819499 3.1809046e-09 0)
(0.00058194821 6.096457e-09 0)
(0.00058194569 8.3769998e-09 0)
(0.00058194253 1.0117309e-08 0)
(0.00058193888 1.1400391e-08 0)
(0.00058193488 1.2298758e-08 0)
(0.00058193065 1.2875581e-08 0)
(0.00058192627 1.3185732e-08 0)
(0.00058192184 1.3276727e-08 0)
(0.00058191741 1.3189573e-08 0)
(0.00058191303 1.2959532e-08 0)
(0.00058190875 1.2616801e-08 0)
(0.0005819046 1.2187129e-08 0)
(0.0005819006 1.1692364e-08 0)
(0.00058189677 1.1150939e-08 0)
(0.00058189312 1.0578312e-08 0)
(0.00058188967 9.9873477e-09 0)
(0.00058188641 9.3886674e-09 0)
(0.00058188334 8.7909488e-09 0)
(0.00058188047 8.2011964e-09 0)
(0.0005818778 7.6249792e-09 0)
(0.0005818753 7.0666386e-09 0)
(0.00058187299 6.5294721e-09 0)
(0.00058187085 6.0158942e-09 0)
(0.00058186888 5.5275759e-09 0)
(0.00058186706 5.0655675e-09 0)
(0.00058186539 4.6304045e-09 0)
(0.00058186386 4.2221997e-09 0)
(0.00058186246 3.8407224e-09 0)
(0.00058186119 3.485467e-09 0)
(0.00058186002 3.1557111e-09 0)
(0.00058185897 2.8505653e-09 0)
(0.00058185801 2.5690162e-09 0)
(0.00058185714 2.3099612e-09 0)
(0.00058185635 2.0722393e-09 0)
(0.00058185564 1.8546553e-09 0)
(0.000581855 1.6560009e-09 0)
(0.00058185442 1.4750712e-09 0)
(0.00058185391 1.3106785e-09 0)
(0.00058185345 1.1616628e-09 0)
(0.00058185303 1.0269003e-09 0)
(0.00058185266 9.053101e-10 0)
(0.00058185233 7.9585817e-10 0)
(0.00058185204 6.975611e-10 0)
(0.00058185178 6.0948781e-10 0)
(0.00058185154 5.3076061e-10 0)
(0.00058185134 4.6055536e-10 0)
(0.00058185116 3.9810091e-10 0)
(0.000581851 3.4267806e-10 0)
(0.00058185086 2.9361808e-10 0)
(0.00058185073 2.5030088e-10 0)
(0.00058185062 2.1215301e-10 0)
(0.00058185053 1.7864537e-10 0)
(0.00058185045 1.4929087e-10 0)
(0.00058185037 1.2364207e-10 0)
(0.00058185031 1.012887e-10 0)
(0.00058185026 8.1855233e-11 0)
(0.00058185021 6.4998521e-11 0)
(0.00058185017 5.0405421e-11 0)
(0.00058185013 3.779055e-11 0)
(0.0005818501 2.6894102e-11 0)
(0.00058185008 1.7479768e-11 0)
(0.00058185006 9.3327557e-12 0)
(0.00058185004 2.2579161e-12 0)
(0.00058185002 -3.9220149e-12 0)
(0.00058185001 -9.3680673e-12 0)
(0.00058185 -1.4226575e-11 0)
(0.00058184999 -1.8630607e-11 0)
(0.00058184999 -2.2701283e-11 0)
(0.00058184998 -2.6548994e-11 0)
(0.00058184998 -3.0274514e-11 0)
(0.00058184998 -3.3970016e-11 0)
(0.00058184998 -3.7719991e-11 0)
(0.00058184998 -4.1602081e-11 0)
(0.00058184998 -4.5687815e-11 0)
(0.00058184999 -5.0043275e-11 0)
(0.00058184999 -5.472967e-11 0)
(0.00058185 -5.9803844e-11 0)
(0.00058185001 -6.5318704e-11 0)
(0.00058185002 -7.1323583e-11 0)
(0.00058185003 -7.7864539e-11 0)
(0.00058185004 -8.4984583e-11 0)
(0.00058185006 -9.2723862e-11 0)
(0.00058185007 -1.0111977e-10 0)
(0.00058185009 -1.1020699e-10 0)
(0.00058185011 -1.2001757e-10 0)
(0.00058185013 -1.3058079e-10 0)
(0.00058185016 -1.4192315e-10 0)
(0.00058185018 -1.5406818e-10 0)
(0.00058185022 -1.6703629e-10 0)
(0.00058185025 -1.8084457e-10 0)
(0.00058185028 -1.9550645e-10 0)
(0.00058185032 -2.1103147e-10 0)
(0.00058185037 -2.2742489e-10 0)
(0.00058185042 -2.4468733e-10 0)
(0.00058185047 -2.6281436e-10 0)
(0.00058185052 -2.8179603e-10 0)
(0.00058185058 -3.0161638e-10 0)
(0.00058185065 -3.2225298e-10 0)
(0.00058185072 -3.4367633e-10 0)
(0.00058185079 -3.6584932e-10 0)
(0.00058185087 -3.8872665e-10 0)
(0.00058185096 -4.1225424e-10 0)
(0.00058185105 -4.3636858e-10 0)
(0.00058185114 -4.6099615e-10 0)
(0.00058185125 -4.8605275e-10 0)
(0.00058185135 -5.1144293e-10 0)
(0.00058185147 -5.3705937e-10 0)
(0.00058185159 -5.6278232e-10 0)
(0.00058185172 -5.8847902e-10 0)
(0.00058185185 -6.1400327e-10 0)
(0.00058185199 -6.3919493e-10 0)
(0.00058185214 -6.6387959e-10 0)
(0.00058185229 -6.8786822e-10 0)
(0.00058185244 -7.1095704e-10 0)
(0.00058185261 -7.3292727e-10 0)
(0.00058185278 -7.5354511e-10 0)
(0.00058185295 -7.7256167e-10 0)
(0.00058185313 -7.8971285e-10 0)
(0.00058185331 -8.0471933e-10 0)
(0.00058185349 -8.1728604e-10 0)
(0.00058185368 -8.2710015e-10 0)
(0.00058185387 -8.3383799e-10 0)
(0.00058185406 -8.3717696e-10 0)
(0.00058185424 -8.3670137e-10 0)
(0.0005818545 -8.3122119e-10 0)
(0.00039107518 -2.4499056e-06 0)
(0.00039232305 -6.9936028e-06 0)
(0.00039477444 -1.114541e-05 0)
(0.00039830262 -1.4877162e-05 0)
(0.0004027624 -1.8170147e-05 0)
(0.00040803248 -2.1014501e-05 0)
(0.00041398818 -2.3409126e-05 0)
(0.00042050553 -2.5361223e-05 0)
(0.00042746448 -2.6885518e-05 0)
(0.00043475085 -2.8003253e-05 0)
(0.00044225792 -2.8741027e-05 0)
(0.00044988771 -2.9129571e-05 0)
(0.00045755182 -2.9202506e-05 0)
(0.00046517196 -2.8995168e-05 0)
(0.00047268009 -2.8543529e-05 0)
(0.00048001834 -2.7883248e-05 0)
(0.0004871386 -2.7048876e-05 0)
(0.00049400203 -2.6073224e-05 0)
(0.00050057835 -2.4986876e-05 0)
(0.00050684509 -2.3817861e-05 0)
(0.00051278679 -2.2591445e-05 0)
(0.00051839414 -2.1330044e-05 0)
(0.00052366318 -2.0053225e-05 0)
(0.0005285945 -1.8777788e-05 0)
(0.0005331925 -1.7517901e-05 0)
(0.00053746471 -1.6285276e-05 0)
(0.00054142116 -1.5089374e-05 0)
(0.00054507382 -1.3937621e-05 0)
(0.00054843613 -1.2835637e-05 0)
(0.00055152254 -1.1787448e-05 0)
(0.00055434815 -1.079571e-05 0)
(0.00055692845 -9.8619023e-06 0)
(0.00055927896 -8.9865156e-06 0)
(0.00056141511 -8.1692229e-06 0)
(0.00056335203 -7.4090305e-06 0)
(0.00056510441 -6.7044144e-06 0)
(0.00056668639 -6.053438e-06 0)
(0.00056811153 -5.4538557e-06 0)
(0.00056939269 -4.9032012e-06 0)
(0.00057054204 -4.3988617e-06 0)
(0.00057157102 -3.9381409e-06 0)
(0.00057249035 -3.518311e-06 0)
(0.00057331003 -3.1366543e-06 0)
(0.00057403935 -2.7904975e-06 0)
(0.00057468691 -2.477238e-06 0)
(0.00057526065 -2.1943644e-06 0)
(0.00057576787 -1.9394713e-06 0)
(0.00057621528 -1.7102701e-06 0)
(0.00057660903 -1.5045958e-06 0)
(0.00057695471 -1.3204107e-06 0)
(0.00057725743 -1.1558058e-06 0)
(0.00057752184 -1.0090001e-06 0)
(0.00057775213 -8.783381e-07 0)
(0.00057795213 -7.6228662e-07 0)
(0.00057812526 -6.5943004e-07 0)
(0.00057827462 -5.6846528e-07 0)
(0.00057840301 -4.881962e-07 0)
(0.00057851293 -4.1752768e-07 0)
(0.00057860661 -3.5545959e-07 0)
(0.00057868606 -3.0108074e-07 0)
(0.00057875306 -2.5356279e-07 0)
(0.00057880923 -2.1215441e-07 0)
(0.00057885595 -1.7617553e-07 0)
(0.00057889451 -1.4501187e-07 0)
(0.00057892599 -1.1810964e-07 0)
(0.0005789514 -9.497064e-08 0)
(0.00057897159 -7.5147474e-08 0)
(0.00057898733 -5.82392e-08 0)
(0.00057899927 -4.3887175e-08 0)
(0.00057900802 -3.1771218e-08 0)
(0.00057901408 -2.1606039e-08 0)
(0.00057901789 -1.3137939e-08 0)
(0.00057901984 -6.1417601e-09 0)
(0.00057902026 -4.1808421e-10 0)
(0.00057901944 4.2093387e-09 0)
(0.00057901763 7.8959455e-09 0)
(0.00057901504 1.0778511e-08 0)
(0.00057901184 1.2977105e-08 0)
(0.0005790082 1.4596877e-08 0)
(0.00057900425 1.5729673e-08 0)
(0.00057900008 1.6455496e-08 0)
(0.00057899578 1.6843833e-08 0)
(0.00057899144 1.6954851e-08 0)
(0.00057898712 1.6840468e-08 0)
(0.00057898285 1.6545323e-08 0)
(0.00057897869 1.610764e-08 0)
(0.00057897465 1.5560011e-08 0)
(0.00057897077 1.4930083e-08 0)
(0.00057896706 1.4241185e-08 0)
(0.00057896353 1.3512873e-08 0)
(0.00057896018 1.2761426e-08 0)
(0.00057895703 1.2000279e-08 0)
(0.00057895407 1.1240409e-08 0)
(0.0005789513 1.0490675e-08 0)
(0.00057894871 9.7581207e-09 0)
(0.00057894631 9.0482355e-09 0)
(0.00057894408 8.3651893e-09 0)
(0.00057894201 7.7120345e-09 0)
(0.00057894011 7.0908838e-09 0)
(0.00057893836 6.5030646e-09 0)
(0.00057893675 5.9492538e-09 0)
(0.00057893528 5.4295939e-09 0)
(0.00057893393 4.9437932e-09 0)
(0.0005789327 4.4912125e-09 0)
(0.00057893158 4.0709387e-09 0)
(0.00057893057 3.6818483e-09 0)
(0.00057892964 3.3226601e-09 0)
(0.00057892881 2.9919814e-09 0)
(0.00057892805 2.6883448e-09 0)
(0.00057892737 2.4102404e-09 0)
(0.00057892676 2.1561416e-09 0)
(0.0005789262 1.924526e-09 0)
(0.00057892571 1.7138931e-09 0)
(0.00057892526 1.5227773e-09 0)
(0.00057892487 1.3497591e-09 0)
(0.00057892451 1.1934724e-09 0)
(0.00057892419 1.0526112e-09 0)
(0.00057892391 9.2593268e-10 0)
(0.00057892366 8.122605e-10 0)
(0.00057892344 7.1048559e-10 0)
(0.00057892324 6.1956645e-10 0)
(0.00057892307 5.3852851e-10 0)
(0.00057892292 4.6646274e-10 0)
(0.00057892278 4.0252384e-10 0)
(0.00057892266 3.4592789e-10 0)
(0.00057892256 2.959498e-10 0)
(0.00057892247 2.5192051e-10 0)
(0.00057892239 2.1322396e-10 0)
(0.00057892232 1.7929416e-10 0)
(0.00057892226 1.4961203e-10 0)
(0.00057892221 1.2370236e-10 0)
(0.00057892216 1.0113082e-10 0)
(0.00057892212 8.1501006e-11 0)
(0.00057892209 6.4451547e-11 0)
(0.00057892206 4.965341e-11 0)
(0.00057892204 3.6807251e-11 0)
(0.00057892201 2.5640923e-11 0)
(0.000578922 1.5907124e-11 0)
(0.00057892198 7.3811721e-12 0)
(0.00057892197 -1.4107358e-13 0)
(0.00057892196 -6.8451519e-12 0)
(0.00057892195 -1.2899803e-11 0)
(0.00057892195 -1.8458636e-11 0)
(0.00057892194 -2.3661661e-11 0)
(0.00057892194 -2.8636703e-11 0)
(0.00057892194 -3.3500677e-11 0)
(0.00057892194 -3.8360764e-11 0)
(0.00057892194 -4.3315452e-11 0)
(0.00057892194 -4.8455486e-11 0)
(0.00057892195 -5.3864704e-11 0)
(0.00057892195 -5.9620775e-11 0)
(0.00057892196 -6.5795845e-11 0)
(0.00057892197 -7.2457088e-11 0)
(0.00057892198 -7.9667179e-11 0)
(0.00057892199 -8.7484672e-11 0)
(0.000578922 -9.5964316e-11 0)
(0.00057892201 -1.0515728e-10 0)
(0.00057892203 -1.1511133e-10 0)
(0.00057892204 -1.2587088e-10 0)
(0.00057892206 -1.3747709e-10 0)
(0.00057892208 -1.4996775e-10 0)
(0.00057892211 -1.6337726e-10 0)
(0.00057892213 -1.7773642e-10 0)
(0.00057892216 -1.9307225e-10 0)
(0.00057892219 -2.0940771e-10 0)
(0.00057892223 -2.267614e-10 0)
(0.00057892227 -2.4514717e-10 0)
(0.00057892231 -2.6457374e-10 0)
(0.00057892235 -2.8504421e-10 0)
(0.0005789224 -3.0655557e-10 0)
(0.00057892245 -3.2909811e-10 0)
(0.00057892251 -3.5265491e-10 0)
(0.00057892257 -3.7720113e-10 0)
(0.00057892264 -4.0270339e-10 0)
(0.00057892271 -4.2911907e-10 0)
(0.00057892278 -4.5639556e-10 0)
(0.00057892287 -4.8446955e-10 0)
(0.00057892295 -5.1326625e-10 0)
(0.00057892304 -5.426986e-10 0)
(0.00057892314 -5.726665e-10 0)
(0.00057892325 -6.0305603e-10 0)
(0.00057892335 -6.3373873e-10 0)
(0.00057892347 -6.645708e-10 0)
(0.00057892359 -6.9539246e-10 0)
(0.00057892372 -7.260273e-10 0)
(0.00057892385 -7.5628171e-10 0)
(0.00057892399 -7.8594436e-10 0)
(0.00057892414 -8.1478586e-10 0)
(0.00057892429 -8.425584e-10 0)
(0.00057892444 -8.6899557e-10 0)
(0.0005789246 -8.9381221e-10 0)
(0.00057892477 -9.1670434e-10 0)
(0.00057892494 -9.3734899e-10 0)
(0.00057892511 -9.5540422e-10 0)
(0.00057892529 -9.7050841e-10 0)
(0.00057892547 -9.8227779e-10 0)
(0.00057892565 -9.9031563e-10 0)
(0.00057892583 -9.9422739e-10 0)
(0.00057892601 -9.9350099e-10 0)
(0.00057892625 -9.8666411e-10 0)
(0.0003910764 -3.0069641e-06 0)
(0.00039233965 -8.5801025e-06 0)
(0.00039481784 -1.3667951e-05 0)
(0.00039837971 -1.8235618e-05 0)
(0.00040287506 -2.2260157e-05 0)
(0.00040817805 -2.5729796e-05 0)
(0.00041415978 -2.8643785e-05 0)
(0.00042069256 -3.1011785e-05 0)
(0.00042765329 -3.2852834e-05 0)
(0.00043492549 -3.4194038e-05 0)
(0.00044240098 -3.5069082e-05 0)
(0.00044998109 -3.5516656e-05 0)
(0.00045757745 -3.5578893e-05 0)
(0.00046511248 -3.5299883e-05 0)
(0.00047251935 -3.472433e-05 0)
(0.00047974184 -3.3896384e-05 0)
(0.00048673379 -3.2858669e-05 0)
(0.00049345849 -3.1651516e-05 0)
(0.00049988787 -3.0312395e-05 0)
(0.00050600168 -2.8875524e-05 0)
(0.00051178658 -2.7371647e-05 0)
(0.00051723526 -2.5827946e-05 0)
(0.00052234558 -2.4268066e-05 0)
(0.00052711975 -2.2712238e-05 0)
(0.00053156358 -2.1177454e-05 0)
(0.00053568579 -1.9677706e-05 0)
(0.00053949738 -1.8224239e-05 0)
(0.00054301112 -1.682583e-05 0)
(0.00054624101 -1.5489069e-05 0)
(0.00054920192 -1.4218628e-05 0)
(0.00055190922 -1.3017529e-05 0)
(0.00055437852 -1.1887386e-05 0)
(0.00055662536 -1.0828635e-05 0)
(0.00055866511 -9.8407373e-06 0)
(0.00056051271 -8.9223668e-06 0)
(0.00056218266 -8.0715706e-06 0)
(0.00056368883 -7.2859134e-06 0)
(0.00056504446 -6.5625997e-06 0)
(0.00056626209 -5.8985801e-06 0)
(0.00056735355 -5.29064e-06 0)
(0.00056832994 -4.7354737e-06 0)
(0.00056920161 -4.2297464e-06 0)
(0.00056997821 -3.7701433e-06 0)
(0.0005706687 -3.3534099e-06 0)
(0.00057128134 -2.9763828e-06 0)
(0.00057182375 -2.6360132e-06 0)
(0.00057230295 -2.329385e-06 0)
(0.00057272534 -2.053726e-06 0)
(0.0005730968 -1.806416e-06 0)
(0.00057342268 -1.5849911e-06 0)
(0.00057370786 -1.3871444e-06 0)
(0.00057395675 -1.210725e-06 0)
(0.00057417336 -1.0537347e-06 0)
(0.00057436131 -9.1432391e-07 0)
(0.00057452388 -7.9078551e-07 0)
(0.000574664 -6.8154883e-07 0)
(0.00057478433 -5.8517259e-07 0)
(0.00057488723 -5.0033769e-07 0)
(0.00057497483 -4.2583984e-07 0)
(0.00057504902 -3.6058214e-07 0)
(0.00057511151 -3.0356771e-07 0)
(0.00057516379 -2.5389256e-07 0)
(0.0005752072 -2.1073867e-07 0)
(0.00057524294 -1.7336725e-07 0)
(0.00057527205 -1.4111247e-07 0)
(0.00057529546 -1.1337541e-07 0)
(0.00057531399 -8.9618335e-08 0)
(0.00057532835 -6.9359448e-08 0)
(0.00057533917 -5.2167843e-08 0)
(0.000575347 -3.7658892e-08 0)
(0.00057535233 -2.5489941e-08 0)
(0.00057535557 -1.5356326e-08 0)
(0.00057535708 -6.9876998e-09 0)
(0.00057535718 -1.4466232e-10 0)
(0.00057535613 5.384343e-09 0)
(0.00057535418 9.7858605e-09 0)
(0.0005753515 1.3224011e-08 0)
(0.00057534828 1.5842849e-08 0)
(0.00057534466 1.7768508e-08 0)
(0.00057534076 1.9111141e-08 0)
(0.00057533667 1.9966686e-08 0)
(0.00057533248 2.0418456e-08 0)
(0.00057532826 2.0538572e-08 0)
(0.00057532407 2.0389259e-08 0)
(0.00057531994 2.0024005e-08 0)
(0.00057531592 1.9488605e-08 0)
(0.00057531203 1.8822094e-08 0)
(0.0005753083 1.805758e-08 0)
(0.00057530473 1.7222987e-08 0)
(0.00057530134 1.6341722e-08 0)
(0.00057529813 1.543326e-08 0)
(0.00057529511 1.4513668e-08 0)
(0.00057529228 1.3596067e-08 0)
(0.00057528962 1.2691043e-08 0)
(0.00057528715 1.1807006e-08 0)
(0.00057528486 1.0950503e-08 0)
(0.00057528273 1.0126505e-08 0)
(0.00057528076 9.3386432e-09 0)
(0.00057527895 8.5894245e-09 0)
(0.00057527728 7.8804173e-09 0)
(0.00057527574 7.2124118e-09 0)
(0.00057527434 6.5855595e-09 0)
(0.00057527306 5.9994936e-09 0)
(0.00057527189 5.4534321e-09 0)
(0.00057527083 4.9462664e-09 0)
(0.00057526986 4.4766371e-09 0)
(0.00057526898 4.0429976e-09 0)
(0.00057526819 3.643668e-09 0)
(0.00057526747 3.2768809e-09 0)
(0.00057526682 2.9408184e-09 0)
(0.00057526624 2.6336437e-09 0)
(0.00057526572 2.353526e-09 0)
(0.00057526525 2.0986611e-09 0)
(0.00057526482 1.8672879e-09 0)
(0.00057526445 1.6577003e-09 0)
(0.00057526411 1.4682576e-09 0)
(0.00057526381 1.2973907e-09 0)
(0.00057526354 1.1436074e-09 0)
(0.00057526331 1.0054949e-09 0)
(0.0005752631 8.8172179e-10 0)
(0.00057526291 7.7103751e-10 0)
(0.00057526275 6.7227214e-10 0)
(0.0005752626 5.8433444e-10 0)
(0.00057526247 5.062097e-10 0)
(0.00057526236 4.3695692e-10 0)
(0.00057526226 3.7570572e-10 0)
(0.00057526218 3.2165296e-10 0)
(0.0005752621 2.7405913e-10 0)
(0.00057526204 2.3224477e-10 0)
(0.00057526198 1.9558673e-10 0)
(0.00057526193 1.6351451e-10 0)
(0.00057526189 1.3550664e-10 0)
(0.00057526185 1.1108713e-10 0)
(0.00057526182 8.9822081e-11 0)
(0.00057526179 7.1316362e-11 0)
(0.00057526177 5.5210473e-11 0)
(0.00057526175 4.1177559e-11 0)
(0.00057526173 2.892058e-11 0)
(0.00057526172 1.8169651e-11 0)
(0.00057526171 8.6795456e-12 0)
(0.0005752617 2.2737413e-13 0)
(0.00057526169 -7.3895801e-12 0)
(0.00057526169 -1.435586e-11 0)
(0.00057526168 -2.0839674e-11 0)
(0.00057526168 -2.699459e-11 0)
(0.00057526168 -3.2961071e-11 0)
(0.00057526168 -3.8867881e-11 0)
(0.00057526168 -4.4833345e-11 0)
(0.00057526168 -5.0966486e-11 0)
(0.00057526168 -5.7368032e-11 0)
(0.00057526169 -6.4131312e-11 0)
(0.00057526169 -7.1343032e-11 0)
(0.0005752617 -7.9083945e-11 0)
(0.00057526171 -8.7429423e-11 0)
(0.00057526172 -9.6449928e-11 0)
(0.00057526173 -1.0621139e-10 0)
(0.00057526174 -1.1677548e-10 0)
(0.00057526176 -1.2819986e-10 0)
(0.00057526177 -1.4053825e-10 0)
(0.00057526179 -1.538405e-10 0)
(0.00057526181 -1.6815258e-10 0)
(0.00057526183 -1.8351642e-10 0)
(0.00057526186 -1.9996982e-10 0)
(0.00057526188 -2.1754613e-10 0)
(0.00057526191 -2.3627402e-10 0)
(0.00057526195 -2.5617707e-10 0)
(0.00057526198 -2.7727335e-10 0)
(0.00057526202 -2.9957495e-10 0)
(0.00057526206 -3.2308746e-10 0)
(0.00057526211 -3.4780934e-10 0)
(0.00057526216 -3.7373128e-10 0)
(0.00057526221 -4.0083553e-10 0)
(0.00057526227 -4.2909515e-10 0)
(0.00057526233 -4.5847323e-10 0)
(0.0005752624 -4.8892205e-10 0)
(0.00057526247 -5.2038224e-10 0)
(0.00057526254 -5.5278188e-10 0)
(0.00057526262 -5.860356e-10 0)
(0.00057526271 -6.2004364e-10 0)
(0.0005752628 -6.5469091e-10 0)
(0.0005752629 -6.898461e-10 0)
(0.000575263 -7.2536069e-10 0)
(0.00057526311 -7.6106812e-10 0)
(0.00057526323 -7.9678293e-10 0)
(0.00057526335 -8.3229997e-10 0)
(0.00057526347 -8.6739368e-10 0)
(0.0005752636 -9.0181751e-10 0)
(0.00057526374 -9.3530339e-10 0)
(0.00057526388 -9.6756134e-10 0)
(0.00057526403 -9.9827922e-10 0)
(0.00057526418 -1.0271225e-09 0)
(0.00057526434 -1.0537343e-09 0)
(0.0005752645 -1.0777349e-09 0)
(0.00057526466 -1.0987221e-09 0)
(0.00057526483 -1.1162704e-09 0)
(0.000575265 -1.129928e-09 0)
(0.00057526517 -1.1392282e-09 0)
(0.00057526534 -1.1437071e-09 0)
(0.00057526551 -1.1427633e-09 0)
(0.00057526574 -1.1346579e-09 0)
(0.00039107792 -3.5718616e-06 0)
(0.00039236005 -1.0186621e-05 0)
(0.00039487112 -1.6218699e-05 0)
(0.00039847418 -2.1626189e-05 0)
(0.00040301281 -2.6381878e-05 0)
(0.00040835557 -3.0472283e-05 0)
(0.00041436834 -3.3897416e-05 0)
(0.00042091888 -3.6669959e-05 0)
(0.00042788039 -3.8813943e-05 0)
(0.0004351337 -4.0363076e-05 0)
(0.00044256889 -4.1358875e-05 0)
(0.00045008658 -4.1848703e-05 0)
(0.00045759858 -4.1883841e-05 0)
(0.00046502824 -4.1517682e-05 0)
(0.00047231038 -4.0804103e-05 0)
(0.00047939083 -3.9796071e-05 0)
(0.00048622591 -3.8544501e-05 0)
(0.00049278152 -3.7097363e-05 0)
(0.00049903233 -3.5499039e-05 0)
(0.00050496078 -3.3789893e-05 0)
(0.00051055609 -3.2006041e-05 0)
(0.00051581336 -3.0179284e-05 0)
(0.00052073262 -2.8337171e-05 0)
(0.00052531801 -2.6503166e-05 0)
(0.00052957698 -2.4696888e-05 0)
(0.00053351966 -2.2934405e-05 0)
(0.00053715817 -2.1228555e-05 0)
(0.00054050615 -1.9589285e-05 0)
(0.00054357828 -1.8023991e-05 0)
(0.00054638988 -1.6537841e-05 0)
(0.0005489566 -1.5134093e-05 0)
(0.00055129416 -1.3814385e-05 0)
(0.00055341811 -1.2579002e-05 0)
(0.00055534368 -1.1427116e-05 0)
(0.00055708561 -1.0357005e-05 0)
(0.00055865812 -9.3662382e-06 0)
(0.00056007474 -8.4518426e-06 0)
(0.00056134834 -7.6104465e-06 0)
(0.00056249106 -6.8383995e-06 0)
(0.00056351431 -6.1318744e-06 0)
(0.00056442876 -5.4869527e-06 0)
(0.00056524434 -4.8996936e-06 0)
(0.00056597028 -4.366191e-06 0)
(0.00056661513 -3.8826181e-06 0)
(0.00056718675 -3.4452618e-06 0)
(0.00056769238 -3.0505499e-06 0)
(0.00056813868 -2.6950695e-06 0)
(0.00056853173 -2.3755805e-06 0)
(0.00056887706 -2.0890235e-06 0)
(0.00056917974 -1.8325242e-06 0)
(0.00056944436 -1.6033935e-06 0)
(0.00056967509 -1.3991262e-06 0)
(0.00056987569 -1.2173965e-06 0)
(0.00057004956 -1.0560526e-06 0)
(0.00057019978 -9.1310957e-07 0)
(0.0005703291 -7.8674213e-07 0)
(0.00057044001 -6.7527601e-07 0)
(0.00057053472 -5.7717953e-07 0)
(0.00057061523 -4.9105481e-07 0)
(0.00057068329 -4.1562907e-07 0)
(0.00057074051 -3.4974597e-07 0)
(0.00057078827 -2.9235722e-07 0)
(0.00057082784 -2.4251446e-07 0)
(0.0005708603 -1.9936146e-07 0)
(0.00057088665 -1.6212672e-07 0)
(0.00057090775 -1.301164e-07 0)
(0.00057092435 -1.0270774e-07 0)
(0.00057093711 -7.9342838e-08 0)
(0.00057094663 -5.9522847e-08 0)
(0.00057095341 -4.2802584e-08 0)
(0.0005709579 -2.8785524e-08 0)
(0.00057096049 -1.7119177e-08 0)
(0.0005709615 -7.4908175e-09 0)
(0.00057096123 3.7642919e-10 0)
(0.00057095993 6.7271873e-09 0)
(0.00057095781 1.1777117e-08 0)
(0.00057095505 1.5715919e-08 0)
(0.00057095181 1.8710064e-08 0)
(0.00057094822 2.0905284e-08 0)
(0.00057094438 2.2428821e-08 0)
(0.00057094039 2.3391471e-08 0)
(0.00057093633 2.3889428e-08 0)
(0.00057093226 2.4005943e-08 0)
(0.00057092822 2.3812825e-08 0)
(0.00057092427 2.3371784e-08 0)
(0.00057092042 2.2735638e-08 0)
(0.0005709167 2.1949393e-08 0)
(0.00057091314 2.1051208e-08 0)
(0.00057090975 2.0073256e-08 0)
(0.00057090653 1.9042491e-08 0)
(0.00057090348 1.798133e-08 0)
(0.00057090062 1.6908254e-08 0)
(0.00057089793 1.5838348e-08 0)
(0.00057089542 1.4783769e-08 0)
(0.00057089309 1.3754163e-08 0)
(0.00057089092 1.2757036e-08 0)
(0.00057088891 1.1798068e-08 0)
(0.00057088705 1.0881402e-08 0)
(0.00057088534 1.0009885e-08 0)
(0.00057088377 9.1852818e-09 0)
(0.00057088233 8.408464e-09 0)
(0.00057088101 7.6795682e-09 0)
(0.00057087981 6.9981357e-09 0)
(0.00057087871 6.3632315e-09 0)
(0.00057087771 5.7735463e-09 0)
(0.0005708768 5.2274835e-09 0)
(0.00057087598 4.7232332e-09 0)
(0.00057087523 4.2588338e-09 0)
(0.00057087456 3.8322245e-09 0)
(0.00057087395 3.4412885e-09 0)
(0.00057087341 3.0838887e-09 0)
(0.00057087291 2.7578966e-09 0)
(0.00057087247 2.4612161e-09 0)
(0.00057087208 2.1918018e-09 0)
(0.00057087173 1.9476734e-09 0)
(0.00057087141 1.7269271e-09 0)
(0.00057087113 1.5277427e-09 0)
(0.00057087088 1.3483897e-09 0)
(0.00057087066 1.1872302e-09 0)
(0.00057087047 1.0427208e-09 0)
(0.00057087029 9.134122e-10 0)
(0.00057087014 7.9794881e-10 0)
(0.00057087 6.9506632e-10 0)
(0.00057086988 6.0358926e-10 0)
(0.00057086978 5.2242767e-10 0)
(0.00057086969 4.5057349e-10 0)
(0.00057086961 3.8709657e-10 0)
(0.00057086954 3.3114059e-10 0)
(0.00057086948 2.8191874e-10 0)
(0.00057086942 2.3870949e-10 0)
(0.00057086938 2.0085227e-10 0)
(0.00057086934 1.6774334e-10 0)
(0.0005708693 1.3883161e-10 0)
(0.00057086927 1.1361471e-10 0)
(0.00057086925 9.1635207e-11 0)
(0.00057086923 7.247689e-11 0)
(0.00057086921 5.5761361e-11 0)
(0.00057086919 4.1144742e-11 0)
(0.00057086918 2.8314597e-11 0)
(0.00057086917 1.6987042e-11 0)
(0.00057086916 6.9040552e-12 0)
(0.00057086916 -2.1690244e-12 0)
(0.00057086915 -1.0445814e-11 0)
(0.00057086915 -1.8121017e-11 0)
(0.00057086914 -2.5372383e-11 0)
(0.00057086914 -3.2362487e-11 0)
(0.00057086914 -3.9240359e-11 0)
(0.00057086914 -4.6142946e-11 0)
(0.00057086915 -5.3196428e-11 0)
(0.00057086915 -6.0517389e-11 0)
(0.00057086915 -6.821386e-11 0)
(0.00057086916 -7.6386216e-11 0)
(0.00057086916 -8.5127966e-11 0)
(0.00057086917 -9.4526414e-11 0)
(0.00057086918 -1.0466321e-10 0)
(0.00057086919 -1.156148e-10 0)
(0.0005708692 -1.2745276e-10 0)
(0.00057086921 -1.4024405e-10 0)
(0.00057086923 -1.5405117e-10 0)
(0.00057086924 -1.689322e-10 0)
(0.00057086926 -1.849408e-10 0)
(0.00057086928 -2.021261e-10 0)
(0.0005708693 -2.2053248e-10 0)
(0.00057086933 -2.4019938e-10 0)
(0.00057086936 -2.6116088e-10 0)
(0.00057086939 -2.8344534e-10 0)
(0.00057086942 -3.0707492e-10 0)
(0.00057086945 -3.3206502e-10 0)
(0.00057086949 -3.5842367e-10 0)
(0.00057086953 -3.8615087e-10 0)
(0.00057086958 -4.1523783e-10 0)
(0.00057086963 -4.4566624e-10 0)
(0.00057086968 -4.7740734e-10 0)
(0.00057086974 -5.1042107e-10 0)
(0.0005708698 -5.4465516e-10 0)
(0.00057086987 -5.8004406e-10 0)
(0.00057086994 -6.1650799e-10 0)
(0.00057087001 -6.5395185e-10 0)
(0.00057087009 -6.9226414e-10 0)
(0.00057087018 -7.3131592e-10 0)
(0.00057087027 -7.7095964e-10 0)
(0.00057087036 -8.1102816e-10 0)
(0.00057087047 -8.5133361e-10 0)
(0.00057087057 -8.9166647e-10 0)
(0.00057087068 -9.3179459e-10 0)
(0.0005708708 -9.7146234e-10 0)
(0.00057087092 -1.0103899e-09 0)
(0.00057087105 -1.0482726e-09 0)
(0.00057087118 -1.0847805e-09 0)
(0.00057087132 -1.119558e-09 0)
(0.00057087146 -1.1522237e-09 0)
(0.00057087161 -1.18237e-09 0)
(0.00057087175 -1.2095635e-09 0)
(0.00057087191 -1.2333445e-09 0)
(0.00057087206 -1.2532264e-09 0)
(0.00057087222 -1.268693e-09 0)
(0.00057087238 -1.2792112e-09 0)
(0.00057087254 -1.2842523e-09 0)
(0.0005708727 -1.2831288e-09 0)
(0.00057087292 -1.273861e-09 0)
(0.00039107975 -4.146278e-06 0)
(0.00039238457 -1.1817392e-05 0)
(0.000394935 -1.880352e-05 0)
(0.00039858718 -2.5055391e-05 0)
(0.00040317714 -3.0541502e-05 0)
(0.00040856665 -3.5246933e-05 0)
(0.00041461531 -3.9172978e-05 0)
(0.00042118544 -4.2336069e-05 0)
(0.00042814593 -4.4766083e-05 0)
(0.00043537445 -4.6504253e-05 0)
(0.00044275921 -4.7600846e-05 0)
(0.0004502001 -4.8112766e-05 0)
(0.00045760933 -4.8101219e-05 0)
(0.00046491156 -4.7629549e-05 0)
(0.00047204365 -4.676132e-05 0)
(0.00047895407 -4.5558691e-05 0)
(0.0004856021 -4.4081104e-05 0)
(0.00049195687 -4.2384287e-05 0)
(0.00049799629 -4.0519545e-05 0)
(0.00050370599 -3.8533311e-05 0)
(0.00050907823 -3.6466936e-05 0)
(0.0005141109 -3.4356647e-05 0)
(0.00051880653 -3.2233675e-05 0)
(0.00052317148 -3.0124477e-05 0)
(0.00052721509 -2.8051053e-05 0)
(0.00053094903 -2.6031308e-05 0)
(0.00053438669 -2.4079444e-05 0)
(0.00053754269 -2.2206363e-05 0)
(0.0005404324 -2.0420073e-05 0)
(0.00054307162 -1.8726066e-05 0)
(0.00054547629 -1.7127686e-05 0)
(0.00054766221 -1.5626467e-05 0)
(0.00054964487 -1.4222433e-05 0)
(0.00055143934 -1.291438e-05 0)
(0.00055306008 -1.1700118e-05 0)
(0.00055452095 -1.0576682e-05 0)
(0.00055583508 -9.540523e-06 0)
(0.00055701489 -8.5876624e-06 0)
(0.00055807203 -7.7138303e-06 0)
(0.00055901742 -6.9145776e-06 0)
(0.00055986123 -6.1853698e-06 0)
(0.00056061289 -5.5216638e-06 0)
(0.00056128114 -4.9189698e-06 0)
(0.00056187404 -4.3729003e-06 0)
(0.00056239901 -3.8792073e-06 0)
(0.00056286285 -3.4338109e-06 0)
(0.00056327179 -3.0328197e-06 0)
(0.00056363151 -2.672544e-06 0)
(0.00056394721 -2.3495042e-06 0)
(0.00056422358 -2.0604345e-06 0)
(0.00056446491 -1.8022826e-06 0)
(0.00056467506 -1.572207e-06 0)
(0.00056485753 -1.3675719e-06 0)
(0.00056501548 -1.1859401e-06 0)
(0.00056515174 -1.0250652e-06 0)
(0.00056526886 -8.8288212e-07 0)
(0.00056536913 -7.5749792e-07 0)
(0.0005654546 -6.4718155e-07 0)
(0.0005655271 -5.5035389e-07 0)
(0.00056558827 -4.6557768e-07 0)
(0.00056563954 -3.9154765e-07 0)
(0.00056568223 -3.2708091e-07 0)
(0.00056571746 -2.7110765e-07 0)
(0.00056574625 -2.2266229e-07 0)
(0.00056576951 -1.8087506e-07 0)
(0.00056578801 -1.4496396e-07 0)
(0.00056580245 -1.1422726e-07 0)
(0.00056581344 -8.8036502e-08 0)
(0.0005658215 -6.5829871e-08 0)
(0.00056582712 -4.7106116e-08 0)
(0.00056583068 -3.1418876e-08 0)
(0.00056583254 -1.837145e-08 0)
(0.00056583301 -7.611972e-09 0)
(0.00056583234 1.1710167e-09 0)
(0.00056583076 8.2526316e-09 0)
(0.00056582847 1.3875358e-08 0)
(0.00056582563 1.825244e-08 0)
(0.00056582237 2.1570966e-08 0)
(0.00056581882 2.3994675e-08 0)
(0.00056581507 2.5666494e-08 0)
(0.00056581121 2.6710843e-08 0)
(0.0005658073 2.7235712e-08 0)
(0.0005658034 2.7334536e-08 0)
(0.00056579955 2.708788e-08 0)
(0.00056579579 2.6564953e-08 0)
(0.00056579215 2.5824973e-08 0)
(0.00056578864 2.4918375e-08 0)
(0.00056578528 2.3887904e-08 0)
(0.00056578208 2.2769578e-08 0)
(0.00056577905 2.1593559e-08 0)
(0.00056577619 2.038491e-08 0)
(0.00056577351 1.9164281e-08 0)
(0.000565771 1.794851e-08 0)
(0.00056576865 1.6751151e-08 0)
(0.00056576647 1.5582946e-08 0)
(0.00056576445 1.4452232e-08 0)
(0.00056576258 1.3365309e-08 0)
(0.00056576085 1.2326748e-08 0)
(0.00056575926 1.1339674e-08 0)
(0.0005657578 1.0406002e-08 0)
(0.00056575646 9.5266473e-09 0)
(0.00056575524 8.7017058e-09 0)
(0.00056575412 7.9306086e-09 0)
(0.0005657531 7.2122565e-09 0)
(0.00056575217 6.5451342e-09 0)
(0.00056575133 5.9274075e-09 0)
(0.00056575057 5.3570061e-09 0)
(0.00056574988 4.8316931e-09 0)
(0.00056574926 4.3491231e-09 0)
(0.0005657487 3.9068909e-09 0)
(0.0005657482 3.5025709e-09 0)
(0.00056574774 3.13375e-09 0)
(0.00056574734 2.7980533e-09 0)
(0.00056574697 2.4931651e-09 0)
(0.00056574665 2.2168451e-09 0)
(0.00056574636 1.9669399e-09 0)
(0.0005657461 1.741392e-09 0)
(0.00056574587 1.538246e-09 0)
(0.00056574567 1.3556517e-09 0)
(0.00056574549 1.191866e-09 0)
(0.00056574533 1.0452529e-09 0)
(0.00056574519 9.1428215e-10 0)
(0.00056574506 7.9752718e-10 0)
(0.00056574495 6.9366174e-10 0)
(0.00056574486 6.0145633e-10 0)
(0.00056574477 5.1977401e-10 0)
(0.0005657447 4.475659e-10 0)
(0.00056574464 3.8386646e-10 0)
(0.00056574458 3.2778867e-10 0)
(0.00056574453 2.7851917e-10 0)
(0.00056574449 2.3531345e-10 0)
(0.00056574445 1.9749104e-10 0)
(0.00056574442 1.6443093e-10 0)
(0.0005657444 1.3556705e-10 0)
(0.00056574437 1.1038397e-10 0)
(0.00056574435 8.8412782e-11 0)
(0.00056574434 6.9227198e-11 0)
(0.00056574432 5.2439847e-11 0)
(0.00056574431 3.7698802e-11 0)
(0.0005657443 2.4684321e-11 0)
(0.00056574429 1.3105813e-11 0)
(0.00056574429 2.6990122e-12 0)
(0.00056574428 -6.7766273e-12 0)
(0.00056574428 -1.5540341e-11 0)
(0.00056574428 -2.3792257e-11 0)
(0.00056574428 -3.1715413e-11 0)
(0.00056574428 -3.9477585e-11 0)
(0.00056574428 -4.7232941e-11 0)
(0.00056574428 -5.5123528e-11 0)
(0.00056574428 -6.3280596e-11 0)
(0.00056574428 -7.182577e-11 0)
(0.00056574429 -8.0872073e-11 0)
(0.00056574429 -9.0524816e-11 0)
(0.0005657443 -1.0088235e-10 0)
(0.00056574431 -1.1203669e-10 0)
(0.00056574432 -1.2407403e-10 0)
(0.00056574433 -1.3707514e-10 0)
(0.00056574434 -1.5111563e-10 0)
(0.00056574435 -1.6626615e-10 0)
(0.00056574437 -1.8259245e-10 0)
(0.00056574438 -2.0015538e-10 0)
(0.0005657444 -2.1901077e-10 0)
(0.00056574442 -2.3920924e-10 0)
(0.00056574444 -2.6079588e-10 0)
(0.00056574447 -2.8380994e-10 0)
(0.00056574449 -3.0828431e-10 0)
(0.00056574452 -3.3424506e-10 0)
(0.00056574455 -3.6171078e-10 0)
(0.00056574459 -3.9069195e-10 0)
(0.00056574463 -4.2119015e-10 0)
(0.00056574467 -4.5319727e-10 0)
(0.00056574471 -4.8669465e-10 0)
(0.00056574476 -5.2165206e-10 0)
(0.00056574481 -5.580268e-10 0)
(0.00056574487 -5.9576255e-10 0)
(0.00056574493 -6.3478832e-10 0)
(0.00056574499 -6.750173e-10 0)
(0.00056574506 -7.1634561e-10 0)
(0.00056574514 -7.5865115e-10 0)
(0.00056574521 -8.0179234e-10 0)
(0.0005657453 -8.4560688e-10 0)
(0.00056574538 -8.8991051e-10 0)
(0.00056574547 -9.344958e-10 0)
(0.00056574557 -9.7913103e-10 0)
(0.00056574567 -1.0235591e-09 0)
(0.00056574578 -1.0674964e-09 0)
(0.00056574589 -1.1106321e-09 0)
(0.00056574601 -1.1526275e-09 0)
(0.00056574613 -1.1931151e-09 0)
(0.00056574625 -1.2316986e-09 0)
(0.00056574638 -1.2679523e-09 0)
(0.00056574652 -1.3014211e-09 0)
(0.00056574666 -1.3316207e-09 0)
(0.0005657468 -1.3580371e-09 0)
(0.00056574694 -1.3801266e-09 0)
(0.00056574709 -1.3973119e-09 0)
(0.00056574723 -1.4089979e-09 0)
(0.00056574738 -1.4145948e-09 0)
(0.00056574752 -1.4133372e-09 0)
(0.00056574772 -1.4030279e-09 0)
(0.00039108192 -4.7320332e-06 0)
(0.00039241356 -1.3476974e-05 0)
(0.00039501034 -2.1428679e-05 0)
(0.00039872011 -2.8530097e-05 0)
(0.00040336985 -3.4745434e-05 0)
(0.00040881321 -4.0058693e-05 0)
(0.00041490238 -4.4473123e-05 0)
(0.00042149332 -4.8009816e-05 0)
(0.00042844991 -5.0705562e-05 0)
(0.00043564632 -5.2610247e-05 0)
(0.00044296872 -5.3784006e-05 0)
(0.00045031643 -5.429432e-05 0)
(0.00045760233 -5.4213231e-05 0)
(0.00046475283 -5.361479e-05 0)
(0.0004717074 -5.2572829e-05 0)
(0.00047841773 -5.1159109e-05 0)
(0.00048484671 -4.9441851e-05 0)
(0.00049096726 -4.7484643e-05 0)
(0.00049676113 -4.5345693e-05 0)
(0.00050221765 -4.3077394e-05 0)
(0.00050733257 -4.0726134e-05 0)
(0.00051210697 -3.8332331e-05 0)
(0.00051654621 -3.5930619e-05 0)
(0.00052065912 -3.3550163e-05 0)
(0.00052445711 -3.1215051e-05 0)
(0.00052795356 -2.8944741e-05 0)
(0.00053116323 -2.6754531e-05 0)
(0.00053410175 -2.4656036e-05 0)
(0.00053678523 -2.2657652e-05 0)
(0.00053922994 -2.0765001e-05 0)
(0.00054145204 -1.8981346e-05 0)
(0.00054346741 -1.7307969e-05 0)
(0.00054529141 -1.5744519e-05 0)
(0.00054693885 -1.4289318e-05 0)
(0.00054842386 -1.2939629e-05 0)
(0.00054975986 -1.1691898e-05 0)
(0.00055095948 -1.0541953e-05 0)
(0.00055203462 -9.485182e-06 0)
(0.00055299635 -8.516677e-06 0)
(0.00055385502 -7.6313581e-06 0)
(0.00055462022 -6.8240745e-06 0)
(0.00055530081 -6.0896868e-06 0)
(0.00055590497 -5.4231325e-06 0)
(0.00055644022 -4.8194781e-06 0)
(0.00055691344 -4.2739582e-06 0)
(0.00055733096 -3.7820054e-06 0)
(0.00055769852 -3.3392703e-06 0)
(0.00055802137 -2.9416358e-06 0)
(0.00055830428 -2.5852241e-06 0)
(0.00055855158 -2.2663998e-06 0)
(0.00055876718 -1.9817691e-06 0)
(0.00055895463 -1.7281753e-06 0)
(0.00055911711 -1.5026927e-06 0)
(0.00055925749 -1.3026181e-06 0)
(0.00055937837 -1.1254616e-06 0)
(0.00055948206 -9.6893578e-07 0)
(0.00055957064 -8.3094507e-07 0)
(0.00055964595 -7.0957409e-07 0)
(0.00055970967 -6.0307642e-07 0)
(0.00055976325 -5.0986325e-07 0)
(0.00055980803 -4.2849228e-07 0)
(0.00055984514 -3.5765693e-07 0)
(0.00055987564 -2.9617596e-07 0)
(0.00055990042 -2.429836e-07 0)
(0.0005599203 -1.9712011e-07 0)
(0.00055993597 -1.5772289e-07 0)
(0.00055994806 -1.2401813e-07 0)
(0.00055995712 -9.5312981e-08 0)
(0.00055996362 -7.0988268e-08 0)
(0.00055996797 -5.04917e-08 0)
(0.00055997053 -3.3331602e-08 0)
(0.00055997162 -1.9071113e-08 0)
(0.00055997151 -7.3228521e-09 0)
(0.00055997043 2.2559884e-09 0)
(0.00055996857 9.9681327e-09 0)
(0.00055996611 1.6080329e-08 0)
(0.00055996319 2.0827092e-08 0)
(0.00055995993 2.4414118e-08 0)
(0.00055995644 2.7021373e-08 0)
(0.0005599528 2.8805904e-08 0)
(0.00055994909 2.9904379e-08 0)
(0.00055994536 3.0435377e-08 0)
(0.00055994166 3.050146e-08 0)
(0.00055993802 3.0191025e-08 0)
(0.00055993448 2.9579984e-08 0)
(0.00055993107 2.8733254e-08 0)
(0.00055992779 2.7706099e-08 0)
(0.00055992466 2.6545331e-08 0)
(0.00055992168 2.5290372e-08 0)
(0.00055991887 2.3974207e-08 0)
(0.00055991623 2.2624224e-08 0)
(0.00055991375 2.1262969e-08 0)
(0.00055991143 1.9908802e-08 0)
(0.00055990927 1.8576481e-08 0)
(0.00055990726 1.7277681e-08 0)
(0.0005599054 1.6021444e-08 0)
(0.00055990368 1.4814578e-08 0)
(0.0005599021 1.3662001e-08 0)
(0.00055990064 1.2567045e-08 0)
(0.0005598993 1.1531725e-08 0)
(0.00055989808 1.055696e-08 0)
(0.00055989696 9.6427754e-09 0)
(0.00055989594 8.7884747e-09 0)
(0.00055989501 7.9927827e-09 0)
(0.00055989417 7.2539731e-09 0)
(0.0005598934 6.5699745e-09 0)
(0.00055989271 5.9384607e-09 0)
(0.00055989208 5.3569273e-09 0)
(0.00055989152 4.8227548e-09 0)
(0.00055989101 4.3332617e-09 0)
(0.00055989055 3.8857479e-09 0)
(0.00055989014 3.4775305e-09 0)
(0.00055988978 3.1059715e-09 0)
(0.00055988945 2.768501e-09 0)
(0.00055988915 2.462634e-09 0)
(0.00055988889 2.1859837e-09 0)
(0.00055988866 1.9362709e-09 0)
(0.00055988845 1.7113303e-09 0)
(0.00055988827 1.509114e-09 0)
(0.0005598881 1.3276935e-09 0)
(0.00055988796 1.1652591e-09 0)
(0.00055988783 1.0201191e-09 0)
(0.00055988772 8.9069635e-10 0)
(0.00055988762 7.7552525e-10 0)
(0.00055988754 6.7324741e-10 0)
(0.00055988746 5.8260696e-10 0)
(0.00055988739 5.0244556e-10 0)
(0.00055988734 4.3169708e-10 0)
(0.00055988729 3.6938229e-10 0)
(0.00055988724 3.1460343e-10 0)
(0.00055988721 2.6653883e-10 0)
(0.00055988717 2.2443765e-10 0)
(0.00055988714 1.8761474e-10 0)
(0.00055988712 1.5544563e-10 0)
(0.0005598871 1.2736183e-10 0)
(0.00055988708 1.0284619e-10 0)
(0.00055988707 8.1428644e-11 0)
(0.00055988706 6.2682081e-11 0)
(0.00055988704 4.6218517e-11 0)
(0.00055988704 3.1685494e-11 0)
(0.00055988703 1.8762719e-11 0)
(0.00055988702 7.1589533e-12 0)
(0.00055988702 -3.3908794e-12 0)
(0.00055988702 -1.3128344e-11 0)
(0.00055988701 -2.2273933e-11 0)
(0.00055988701 -3.1029293e-11 0)
(0.00055988701 -3.9579244e-11 0)
(0.00055988701 -4.8093611e-11 0)
(0.00055988701 -5.6728862e-11 0)
(0.00055988702 -6.5629576e-11 0)
(0.00055988702 -7.4929737e-11 0)
(0.00055988702 -8.4753868e-11 0)
(0.00055988703 -9.5218015e-11 0)
(0.00055988703 -1.0643059e-10 0)
(0.00055988704 -1.1849304e-10 0)
(0.00055988705 -1.3150046e-10 0)
(0.00055988706 -1.45542e-10 0)
(0.00055988707 -1.6070118e-10 0)
(0.00055988708 -1.7705612e-10 0)
(0.00055988709 -1.946796e-10 0)
(0.0005598871 -2.1363909e-10 0)
(0.00055988712 -2.3399661e-10 0)
(0.00055988714 -2.558085e-10 0)
(0.00055988716 -2.7912516e-10 0)
(0.00055988718 -3.0399062e-10 0)
(0.0005598872 -3.3044205e-10 0)
(0.00055988723 -3.5850922e-10 0)
(0.00055988726 -3.882138e-10 0)
(0.00055988729 -4.1956866e-10 0)
(0.00055988732 -4.5257704e-10 0)
(0.00055988736 -4.8723164e-10 0)
(0.0005598874 -5.2351371e-10 0)
(0.00055988744 -5.6139195e-10 0)
(0.00055988748 -6.0082147e-10 0)
(0.00055988753 -6.4174259e-10 0)
(0.00055988759 -6.8407963e-10 0)
(0.00055988765 -7.2773964e-10 0)
(0.00055988771 -7.7261108e-10 0)
(0.00055988777 -8.1856247e-10 0)
(0.00055988784 -8.6544101e-10 0)
(0.00055988791 -9.1307121e-10 0)
(0.00055988799 -9.6125346e-10 0)
(0.00055988807 -1.0097627e-09 0)
(0.00055988816 -1.0583472e-09 0)
(0.00055988825 -1.1067269e-09 0)
(0.00055988835 -1.154593e-09 0)
(0.00055988845 -1.2016063e-09 0)
(0.00055988855 -1.2473964e-09 0)
(0.00055988866 -1.2915614e-09 0)
(0.00055988878 -1.3336671e-09 0)
(0.00055988889 -1.3732469e-09 0)
(0.00055988901 -1.4098014e-09 0)
(0.00055988914 -1.4427986e-09 0)
(0.00055988927 -1.4716742e-09 0)
(0.00055988939 -1.4958308e-09 0)
(0.00055988953 -1.5146346e-09 0)
(0.00055988966 -1.5274332e-09 0)
(0.00055988979 -1.5335803e-09 0)
(0.00055988992 -1.5322385e-09 0)
(0.0005598901 -1.5210235e-09 0)
(0.00039108449 -5.3311202e-06 0)
(0.00039244746 -1.5170324e-05 0)
(0.00039509821 -2.4100922e-05 0)
(0.00039887468 -3.2057601e-05 0)
(0.0004035931 -3.900031e-05 0)
(0.00040909755 -4.4912448e-05 0)
(0.00041523152 -4.9800084e-05 0)
(0.00042184364 -5.3690106e-05 0)
(0.00042879213 -5.6627524e-05 0)
(0.0004359473 -5.867225e-05 0)
(0.00044319327 -5.989562e-05 0)
(0.00045042897 -6.037692e-05 0)
(0.00045756838 -6.0200081e-05 0)
(0.00046454026 -5.9450716e-05 0)
(0.00047128731 -5.8213569e-05 0)
(0.00047776513 -5.6570438e-05 0)
(0.00048394091 -5.4598564e-05 0)
(0.00048979206 -5.2369471e-05 0)
(0.00049530474 -4.9948214e-05 0)
(0.00050047253 -4.7392969e-05 0)
(0.00050529511 -4.4754917e-05 0)
(0.00050977713 -4.2078362e-05 0)
(0.00051392709 -3.9401011e-05 0)
(0.0005177565 -3.675439e-05 0)
(0.00052127902 -3.4164337e-05 0)
(0.00052450986 -3.1651536e-05 0)
(0.00052746517 -2.9232077e-05 0)
(0.00053016164 -2.691801e-05 0)
(0.00053261609 -2.4717874e-05 0)
(0.00053484524 -2.2637206e-05 0)
(0.00053686543 -2.0679001e-05 0)
(0.0005386925 -1.8844138e-05 0)
(0.00054034163 -1.7131761e-05 0)
(0.00054182729 -1.5539614e-05 0)
(0.00054316318 -1.4064337e-05 0)
(0.00054436216 -1.2701725e-05 0)
(0.00054543632 -1.1446941e-05 0)
(0.0005463969 -1.029471e-05 0)
(0.00054725434 -9.2394701e-06 0)
(0.00054801833 -8.2755058e-06 0)
(0.00054869779 -7.3970526e-06 0)
(0.00054930094 -6.5983836e-06 0)
(0.00054983533 -5.8738785e-06 0)
(0.00055030786 -5.2180761e-06 0)
(0.00055072486 -4.6257153e-06 0)
(0.00055109208 -4.091764e-06 0)
(0.00055141475 -3.6114401e-06 0)
(0.00055169763 -3.1802238e-06 0)
(0.00055194504 -2.7938645e-06 0)
(0.00055216087 -2.4483825e-06 0)
(0.00055234865 -2.1400668e-06 0)
(0.00055251156 -1.8654691e-06 0)
(0.00055265245 -1.6213966e-06 0)
(0.00055277389 -1.4049018e-06 0)
(0.00055287819 -1.2132716e-06 0)
(0.00055296741 -1.0440154e-06 0)
(0.00055304339 -8.9485297e-07 0)
(0.00055310779 -7.6370124e-07 0)
(0.00055316206 -6.48662e-07 0)
(0.00055320752 -5.4800919e-07 0)
(0.00055324532 -4.601766e-07 0)
(0.00055327647 -3.8374605e-07 0)
(0.0005533019 -3.1743592e-07 0)
(0.0005533224 -2.6009029e-07 0)
(0.00055333868 -2.1066866e-07 0)
(0.00055335134 -1.6823612e-07 0)
(0.00055336095 -1.3195432e-07 0)
(0.00055336796 -1.0107283e-07 0)
(0.0005533728 -7.4921243e-08 0)
(0.00055337582 -5.2901751e-08 0)
(0.00055337734 -3.4482319e-08 0)
(0.00055337763 -1.9190366e-08 0)
(0.00055337692 -6.606961e-09 0)
(0.00055337541 3.6385116e-09 0)
(0.00055337327 1.1873234e-08 0)
(0.00055337065 1.8385418e-08 0)
(0.00055336766 2.3428369e-08 0)
(0.00055336443 2.7224191e-08 0)
(0.00055336102 2.9967142e-08 0)
(0.00055335752 3.1826683e-08 0)
(0.00055335398 3.2950227e-08 0)
(0.00055335045 3.3465631e-08 0)
(0.00055334698 3.348343e-08 0)
(0.00055334359 3.3098856e-08 0)
(0.0005533403 3.2393648e-08 0)
(0.00055333714 3.1437669e-08 0)
(0.00055333412 3.0290362e-08 0)
(0.00055333124 2.9002042e-08 0)
(0.00055332852 2.7615051e-08 0)
(0.00055332595 2.6164788e-08 0)
(0.00055332354 2.4680618e-08 0)
(0.00055332128 2.3186685e-08 0)
(0.00055331918 2.1702623e-08 0)
(0.00055331722 2.0244188e-08 0)
(0.0005533154 1.8823817e-08 0)
(0.00055331372 1.7451115e-08 0)
(0.00055331217 1.6133284e-08 0)
(0.00055331074 1.4875496e-08 0)
(0.00055330943 1.3681222e-08 0)
(0.00055330823 1.2552518e-08 0)
(0.00055330713 1.1490267e-08 0)
(0.00055330613 1.0494397e-08 0)
(0.00055330522 9.5640619e-09 0)
(0.00055330438 8.6978007e-09 0)
(0.00055330363 7.893672e-09 0)
(0.00055330295 7.1493684e-09 0)
(0.00055330233 6.4623142e-09 0)
(0.00055330177 5.8297467e-09 0)
(0.00055330127 5.2487844e-09 0)
(0.00055330082 4.7164842e-09 0)
(0.00055330041 4.2298874e-09 0)
(0.00055330004 3.786058e-09 0)
(0.00055329972 3.3821125e-09 0)
(0.00055329943 3.0152444e-09 0)
(0.00055329917 2.6827423e-09 0)
(0.00055329893 2.3820037e-09 0)
(0.00055329873 2.1105448e-09 0)
(0.00055329855 1.8660074e-09 0)
(0.00055329838 1.6461622e-09 0)
(0.00055329824 1.4489108e-09 0)
(0.00055329811 1.2722849e-09 0)
(0.000553298 1.1144451e-09 0)
(0.0005532979 9.7367723e-10 0)
(0.00055329782 8.4838889e-10 0)
(0.00055329774 7.3710452e-10 0)
(0.00055329767 6.3846033e-10 0)
(0.00055329762 5.5119873e-10 0)
(0.00055329756 4.7416253e-10 0)
(0.00055329752 4.0628912e-10 0)
(0.00055329748 3.4660447e-10 0)
(0.00055329745 2.9421732e-10 0)
(0.00055329742 2.4831338e-10 0)
(0.0005532974 2.0814971e-10 0)
(0.00055329738 1.7304937e-10 0)
(0.00055329736 1.4239611e-10 0)
(0.00055329734 1.1562951e-10 0)
(0.00055329733 9.2240212e-11 0)
(0.00055329732 7.1765491e-11 0)
(0.00055329731 5.3785076e-11 0)
(0.0005532973 3.7917234e-11 0)
(0.0005532973 2.3815124e-11 0)
(0.00055329729 1.1163406e-11 0)
(0.00055329729 -3.248897e-13 0)
(0.00055329728 -1.0911248e-11 0)
(0.00055329728 -2.0834317e-11 0)
(0.00055329728 -3.0312324e-11 0)
(0.00055329728 -3.9545273e-11 0)
(0.00055329728 -4.8716928e-11 0)
(0.00055329728 -5.7996599e-11 0)
(0.00055329728 -6.754073e-11 0)
(0.00055329728 -7.749431e-11 0)
(0.00055329729 -8.7992109e-11 0)
(0.00055329729 -9.915974e-11 0)
(0.0005532973 -1.1111458e-10 0)
(0.0005532973 -1.2396652e-10 0)
(0.00055329731 -1.3781859e-10 0)
(0.00055329732 -1.5276745e-10 0)
(0.00055329732 -1.6890371e-10 0)
(0.00055329733 -1.8631221e-10 0)
(0.00055329734 -2.0507207e-10 0)
(0.00055329736 -2.2525673e-10 0)
(0.00055329737 -2.4693381e-10 0)
(0.00055329738 -2.7016489e-10 0)
(0.0005532974 -2.950052e-10 0)
(0.00055329742 -3.2150318e-10 0)
(0.00055329744 -3.4969998e-10 0)
(0.00055329746 -3.7962881e-10 0)
(0.00055329749 -4.113143e-10 0)
(0.00055329751 -4.4477166e-10 0)
(0.00055329754 -4.8000581e-10 0)
(0.00055329757 -5.1701044e-10 0)
(0.00055329761 -5.5576698e-10 0)
(0.00055329764 -5.9624346e-10 0)
(0.00055329768 -6.3839333e-10 0)
(0.00055329773 -6.8215422e-10 0)
(0.00055329777 -7.2744659e-10 0)
(0.00055329782 -7.7417237e-10 0)
(0.00055329788 -8.2221353e-10 0)
(0.00055329793 -8.7143055e-10 0)
(0.00055329799 -9.2166098e-10 0)
(0.00055329806 -9.7271785e-10 0)
(0.00055329812 -1.0243882e-09 0)
(0.0005532982 -1.0764314e-09 0)
(0.00055329827 -1.1285779e-09 0)
(0.00055329835 -1.1805276e-09 0)
(0.00055329844 -1.2319489e-09 0)
(0.00055329853 -1.282477e-09 0)
(0.00055329862 -1.3317132e-09 0)
(0.00055329871 -1.3792242e-09 0)
(0.00055329881 -1.4245413e-09 0)
(0.00055329892 -1.4671604e-09 0)
(0.00055329902 -1.5065413e-09 0)
(0.00055329913 -1.5421084e-09 0)
(0.00055329924 -1.5732508e-09 0)
(0.00055329936 -1.5993216e-09 0)
(0.00055329948 -1.6196353e-09 0)
(0.00055329959 -1.6334868e-09 0)
(0.00055329971 -1.6401784e-09 0)
(0.00055329983 -1.6388088e-09 0)
(0.00055329999 -1.626836e-09 0)
(0.00039108748 -5.9457438e-06 0)
(0.00039248682 -1.6902879e-05 0)
(0.00039519991 -2.6827571e-05 0)
(0.00039905293 -3.5645692e-05 0)
(0.00040384944 -4.3313013e-05 0)
(0.0004094223 -4.9812973e-05 0)
(0.0004156049 -5.5155543e-05 0)
(0.00042223751 -5.9374826e-05 0)
(0.00042917203 -6.2525658e-05 0)
(0.00043627462 -6.4679622e-05 0)
(0.00044342744 -6.5920844e-05 0)
(0.0004505294 -6.6341832e-05 0)
(0.00045749613 -6.6039615e-05 0)
(0.00046425942 -6.5112315e-05 0)
(0.00047076601 -6.3656283e-05 0)
(0.00047697623 -6.1763792e-05 0)
(0.00048286234 -5.9521326e-05 0)
(0.00048840692 -5.7008374e-05 0)
(0.00049360119 -5.4296711e-05 0)
(0.00049844353 -5.1450059e-05 0)
(0.00050293801 -4.852407e-05 0)
(0.00050709318 -4.5566561e-05 0)
(0.00051092096 -4.2617915e-05 0)
(0.00051443572 -3.9711617e-05 0)
(0.0005176535 -3.687486e-05 0)
(0.00052059138 -3.4129185e-05 0)
(0.00052326696 -3.1491135e-05 0)
(0.00052569793 -2.8972887e-05 0)
(0.00052790181 -2.6582857e-05 0)
(0.00052989565 -2.4326261e-05 0)
(0.00053169591 -2.2205631e-05 0)
(0.0005333183 -2.0221278e-05 0)
(0.00053477771 -1.8371709e-05 0)
(0.00053608816 -1.6653985e-05 0)
(0.00053726281 -1.5064043e-05 0)
(0.0005383139 -1.3596965e-05 0)
(0.00053925282 -1.2247212e-05 0)
(0.00054009008 -1.1008819e-05 0)
(0.00054083541 -9.8755577e-06 0)
(0.00054149774 -8.8410757e-06 0)
(0.00054208525 -7.8990013e-06 0)
(0.00054260545 -7.0430344e-06 0)
(0.00054306519 -6.2670152e-06 0)
(0.00054347069 -5.5649778e-06 0)
(0.00054382765 -4.9311905e-06 0)
(0.0005441412 -4.3601843e-06 0)
(0.00054441602 -3.8467721e-06 0)
(0.00054465634 -3.3860604e-06 0)
(0.00054486597 -2.9734544e-06 0)
(0.00054504835 -2.6046582e-06 0)
(0.00054520658 -2.2756707e-06 0)
(0.00054534344 -1.9827787e-06 0)
(0.00054546144 -1.722547e-06 0)
(0.00054556282 -1.4918077e-06 0)
(0.00054564957 -1.2876469e-06 0)
(0.00054572349 -1.107392e-06 0)
(0.00054578618 -9.4859748e-07 0)
(0.00054583906 -8.0903098e-07 0)
(0.00054588338 -6.8665929e-07 0)
(0.00054592028 -5.7963461e-07 0)
(0.00054595074 -4.8628115e-07 0)
(0.00054597564 -4.0508218e-07 0)
(0.00054599576 -3.3466768e-07 0)
(0.00054601177 -2.738025e-07 0)
(0.00054602429 -2.2137522e-07 0)
(0.00054603382 -1.7638768e-07 0)
(0.00054604083 -1.3794505e-07 0)
(0.00054604573 -1.0524669e-07 0)
(0.00054604886 -7.7577566e-08 0)
(0.00054605052 -5.4300291e-08 0)
(0.00054605097 -3.4847795e-08 0)
(0.00054605045 -1.8716548e-08 0)
(0.00054604914 -5.4603295e-09 0)
(0.00054604721 5.3154864e-09 0)
(0.0005460448 1.3959161e-08 0)
(0.00054604203 2.0777369e-08 0)
(0.00054603901 2.6039548e-08 0)
(0.00054603582 2.998186e-08 0)
(0.00054603252 3.2810784e-08 0)
(0.00054602918 3.4706366e-08 0)
(0.00054602585 3.5825167e-08 0)
(0.00054602255 3.6302913e-08 0)
(0.00054601933 3.6256893e-08 0)
(0.00054601621 3.5788102e-08 0)
(0.0005460132 3.4983177e-08 0)
(0.00054601033 3.3916128e-08 0)
(0.00054600758 3.2649878e-08 0)
(0.00054600499 3.1237651e-08 0)
(0.00054600254 2.97242e-08 0)
(0.00054600023 2.8146902e-08 0)
(0.00054599807 2.6536728e-08 0)
(0.00054599606 2.4919108e-08 0)
(0.00054599419 2.3314687e-08 0)
(0.00054599245 2.1740004e-08 0)
(0.00054599084 2.0208076e-08 0)
(0.00054598935 1.8728923e-08 0)
(0.00054598798 1.7310022e-08 0)
(0.00054598672 1.5956707e-08 0)
(0.00054598557 1.4672511e-08 0)
(0.00054598451 1.3459475e-08 0)
(0.00054598355 1.2318405e-08 0)
(0.00054598267 1.1249101e-08 0)
(0.00054598187 1.0250551e-08 0)
(0.00054598115 9.3210968e-09 0)
(0.00054598049 8.4585797e-09 0)
(0.00054597989 7.6604595e-09 0)
(0.00054597936 6.9239184e-09 0)
(0.00054597887 6.2459467e-09 0)
(0.00054597844 5.6234157e-09 0)
(0.00054597804 5.0531367e-09 0)
(0.00054597769 4.5319103e-09 0)
(0.00054597738 4.0565664e-09 0)
(0.00054597709 3.6239956e-09 0)
(0.00054597684 3.2311746e-09 0)
(0.00054597662 2.8751852e-09 0)
(0.00054597642 2.5532287e-09 0)
(0.00054597624 2.262636e-09 0)
(0.00054597608 2.0008742e-09 0)
(0.00054597594 1.7655506e-09 0)
(0.00054597582 1.5544139e-09 0)
(0.00054597571 1.3653534e-09 0)
(0.00054597562 1.1963974e-09 0)
(0.00054597553 1.0457093e-09 0)
(0.00054597546 9.1158343e-10 0)
(0.00054597539 7.9243987e-10 0)
(0.00054597534 6.8681882e-10 0)
(0.00054597529 5.9337456e-10 0)
(0.00054597524 5.1086918e-10 0)
(0.00054597521 4.3816621e-10 0)
(0.00054597517 3.7422419e-10 0)
(0.00054597515 3.1809041e-10 0)
(0.00054597512 2.6889463e-10 0)
(0.0005459751 2.2584304e-10 0)
(0.00054597508 1.882125e-10 0)
(0.00054597507 1.5534487e-10 0)
(0.00054597505 1.2664171e-10 0)
(0.00054597504 1.0155926e-10 0)
(0.00054597503 7.9603609e-11 0)
(0.00054597503 6.0326266e-11 0)
(0.00054597502 4.331993e-11 0)
(0.00054597501 2.8214596e-11 0)
(0.00054597501 1.4673923e-11 0)
(0.00054597501 2.3918784e-12 0)
(0.000545975 -8.9103526e-12 0)
(0.000545975 -1.9487199e-11 0)
(0.000545975 -2.9571293e-11 0)
(0.000545975 -3.9375818e-11 0)
(0.000545975 -4.9096639e-11 0)
(0.000545975 -5.8914205e-11 0)
(0.000545975 -6.8995258e-11 0)
(0.000545975 -7.9494339e-11 0)
(0.00054597501 -9.0555111e-11 0)
(0.00054597501 -1.023115e-10 0)
(0.00054597501 -1.1488869e-10 0)
(0.00054597502 -1.2840392e-10 0)
(0.00054597502 -1.4296714e-10 0)
(0.00054597503 -1.5868157e-10 0)
(0.00054597504 -1.7564405e-10 0)
(0.00054597504 -1.9394531e-10 0)
(0.00054597505 -2.1367005e-10 0)
(0.00054597506 -2.3489699e-10 0)
(0.00054597507 -2.5769874e-10 0)
(0.00054597508 -2.8214155e-10 0)
(0.0005459751 -3.0828498e-10 0)
(0.00054597511 -3.3618148e-10 0)
(0.00054597513 -3.6587581e-10 0)
(0.00054597515 -3.974044e-10 0)
(0.00054597517 -4.3079465e-10 0)
(0.00054597519 -4.6606403e-10 0)
(0.00054597521 -5.0321921e-10 0)
(0.00054597524 -5.42255e-10 0)
(0.00054597527 -5.831533e-10 0)
(0.0005459753 -6.2588187e-10 0)
(0.00054597533 -6.7039307e-10 0)
(0.00054597537 -7.1662256e-10 0)
(0.00054597541 -7.6448783e-10 0)
(0.00054597545 -8.1388676e-10 0)
(0.00054597549 -8.6469605e-10 0)
(0.00054597554 -9.1676963e-10 0)
(0.00054597559 -9.6993703e-10 0)
(0.00054597565 -1.0240017e-09 0)
(0.0005459757 -1.0787393e-09 0)
(0.00054597576 -1.1338962e-09 0)
(0.00054597583 -1.1891875e-09 0)
(0.0005459759 -1.2442957e-09 0)
(0.00054597597 -1.2988692e-09 0)
(0.00054597604 -1.352521e-09 0)
(0.00054597612 -1.4048274e-09 0)
(0.0005459762 -1.4553272e-09 0)
(0.00054597629 -1.5035209e-09 0)
(0.00054597638 -1.5488704e-09 0)
(0.00054597647 -1.590799e-09 0)
(0.00054597656 -1.6286913e-09 0)
(0.00054597666 -1.6618941e-09 0)
(0.00054597676 -1.6897156e-09 0)
(0.00054597686 -1.7114234e-09 0)
(0.00054597696 -1.7262648e-09 0)
(0.00054597706 -1.7334962e-09 0)
(0.00054597716 -1.7321592e-09 0)
(0.0005459773 -1.7195882e-09 0)
(0.00039109098 -6.5783663e-06 0)
(0.00039253231 -1.8680659e-05 0)
(0.00039531698 -2.9616636e-05 0)
(0.0003992573 -3.9302726e-05 0)
(0.00040414189 -4.7690691e-05 0)
(0.00040979051 -5.4764845e-05 0)
(0.00041602493 -6.0540449e-05 0)
(0.00042267595 -6.5060581e-05 0)
(0.00042958852 -6.8391852e-05 0)
(0.00043662451 -7.0619498e-05 0)
(0.0004436643 -7.1842292e-05 0)
(0.0004506073 -7.2167607e-05 0)
(0.00045737157 -7.1706917e-05 0)
(0.0004638928 -7.0571896e-05 0)
(0.0004701227 -6.8871216e-05 0)
(0.00047602722 -6.670806e-05 0)
(0.00048158459 -6.417832e-05 0)
(0.0004867833 -6.1369412e-05 0)
(0.00049162034 -5.8359624e-05 0)
(0.00049609938 -5.5217895e-05 0)
(0.00050022932 -5.2003944e-05 0)
(0.00050402294 -4.8768644e-05 0)
(0.00050749579 -4.5554586e-05 0)
(0.00051066526 -4.2396746e-05 0)
(0.00051354982 -3.9323227e-05 0)
(0.00051616844 -3.6356017e-05 0)
(0.00051854012 -3.3511733e-05 0)
(0.00052068352 -3.0802351e-05 0)
(0.00052261672 -2.823587e-05 0)
(0.00052435704 -2.5816942e-05 0)
(0.0005259209 -2.3547429e-05 0)
(0.00052732379 -2.1426908e-05 0)
(0.00052858016 -1.9453111e-05 0)
(0.00052970348 -1.7622315e-05 0)
(0.00053070623 -1.5929673e-05 0)
(0.00053159993 -1.4369499e-05 0)
(0.00053239514 -1.2935515e-05 0)
(0.0005331016 -1.1621046e-05 0)
(0.00053372816 -1.0419193e-05 0)
(0.00053428295 -9.3229664e-06 0)
(0.00053477332 -8.3254014e-06 0)
(0.00053520599 -7.419643e-06 0)
(0.00053558704 -6.5990158e-06 0)
(0.00053592198 -5.8570768e-06 0)
(0.00053621579 -5.1876534e-06 0)
(0.00053647298 -4.584871e-06 0)
(0.00053669759 -4.0431697e-06 0)
(0.00053689329 -3.5573146e-06 0)
(0.00053706336 -3.1223986e-06 0)
(0.00053721074 -2.7338404e-06 0)
(0.00053733809 -2.3873794e-06 0)
(0.00053744776 -2.0790656e-06 0)
(0.00053754188 -1.8052494e-06 0)
(0.00053762235 -1.5625678e-06 0)
(0.00053769084 -1.3479308e-06 0)
(0.00053774885 -1.1585062e-06 0)
(0.00053779773 -9.9170448e-07 0)
(0.00053783865 -8.4516348e-07 0)
(0.00053787267 -7.1673312e-07 0)
(0.00053790071 -6.0446049e-07 0)
(0.0005379236 -5.065755e-07 0)
(0.00053794204 -4.2147685e-07 0)
(0.00053795669 -3.4771885e-07 0)
(0.0005379681 -2.8399871e-07 0)
(0.00053797676 -2.291447e-07 0)
(0.00053798309 -1.8210486e-07 0)
(0.00053798746 -1.4193659e-07 0)
(0.00053799021 -1.0779679e-07 0)
(0.0005379916 -7.8932784e-08 0)
(0.00053799189 -5.467391e-08 0)
(0.00053799128 -3.4423699e-08 0)
(0.00053798996 -1.7652712e-08 0)
(0.00053798806 -3.8919368e-09 0)
(0.00053798574 7.2732527e-09 0)
(0.00053798309 1.6208634e-08 0)
(0.0005379802 2.3236181e-08 0)
(0.00053797717 2.8638667e-08 0)
(0.00053797405 3.2663839e-08 0)
(0.00053797089 3.5528214e-08 0)
(0.00053796775 3.7420511e-08 0)
(0.00053796464 3.8504753e-08 0)
(0.00053796161 3.8923068e-08 0)
(0.00053795868 3.8798209e-08 0)
(0.00053795585 3.8235818e-08 0)
(0.00053795315 3.7326462e-08 0)
(0.00053795058 3.6147453e-08 0)
(0.00053794815 3.4764475e-08 0)
(0.00053794585 3.3233039e-08 0)
(0.00053794369 3.1599774e-08 0)
(0.00053794167 2.9903584e-08 0)
(0.00053793979 2.8176661e-08 0)
(0.00053793803 2.6445399e-08 0)
(0.00053793641 2.4731185e-08 0)
(0.0005379349 2.3051111e-08 0)
(0.00053793351 2.1418593e-08 0)
(0.00053793223 1.9843914e-08 0)
(0.00053793106 1.8334706e-08 0)
(0.00053792998 1.6896364e-08 0)
(0.00053792899 1.5532412e-08 0)
(0.00053792809 1.4244819e-08 0)
(0.00053792727 1.3034272e-08 0)
(0.00053792652 1.1900416e-08 0)
(0.00053792585 1.0842055e-08 0)
(0.00053792523 9.857327e-09 0)
(0.00053792468 8.9438532e-09 0)
(0.00053792417 8.0988664e-09 0)
(0.00053792372 7.3193164e-09 0)
(0.00053792331 6.6019604e-09 0)
(0.00053792295 5.9434384e-09 0)
(0.00053792262 5.3403348e-09 0)
(0.00053792232 4.7892295e-09 0)
(0.00053792206 4.2867391e-09 0)
(0.00053792182 3.8295499e-09 0)
(0.00053792161 3.4144433e-09 0)
(0.00053792143 3.0383159e-09 0)
(0.00053792126 2.698194e-09 0)
(0.00053792111 2.3912438e-09 0)
(0.00053792098 2.1147779e-09 0)
(0.00053792087 1.8662592e-09 0)
(0.00053792077 1.6433018e-09 0)
(0.00053792068 1.4436702e-09 0)
(0.0005379206 1.265277e-09 0)
(0.00053792053 1.1061785e-09 0)
(0.00053792047 9.6457043e-10 0)
(0.00053792041 8.3878228e-10 0)
(0.00053792037 7.2727097e-10 0)
(0.00053792033 6.2861449e-10 0)
(0.00053792029 5.4150522e-10 0)
(0.00053792026 4.64743e-10 0)
(0.00053792024 3.972284e-10 0)
(0.00053792021 3.3795589e-10 0)
(0.00053792019 2.8600726e-10 0)
(0.00053792018 2.405452e-10 0)
(0.00053792016 2.0080707e-10 0)
(0.00053792015 1.6609897e-10 0)
(0.00053792014 1.3579014e-10 0)
(0.00053792013 1.0930752e-10 0)
(0.00053792012 8.6130765e-11 0)
(0.00053792012 6.5787436e-11 0)
(0.00053792011 4.78486e-11 0)
(0.00053792011 3.1924679e-11 0)
(0.0005379201 1.7661605e-11 0)
(0.0005379201 4.7372801e-12 0)
(0.0005379201 -7.1417003e-12 0)
(0.0005379201 -1.8243036e-11 0)
(0.0005379201 -2.8811462e-11 0)
(0.00053792009 -3.907123e-11 0)
(0.00053792009 -4.9228354e-11 0)
(0.00053792009 -5.9472632e-11 0)
(0.0005379201 -6.9979444e-11 0)
(0.0005379201 -8.0911345e-11 0)
(0.0005379201 -9.2419469e-11 0)
(0.0005379201 -1.0464473e-10 0)
(0.0005379201 -1.1771888e-10 0)
(0.00053792011 -1.3176534e-10 0)
(0.00053792011 -1.4689994e-10 0)
(0.00053792011 -1.6323145e-10 0)
(0.00053792012 -1.8086198e-10 0)
(0.00053792012 -1.998873e-10 0)
(0.00053792013 -2.203969e-10 0)
(0.00053792014 -2.4247405e-10 0)
(0.00053792015 -2.6619565e-10 0)
(0.00053792016 -2.9163204e-10 0)
(0.00053792017 -3.1884658e-10 0)
(0.00053792018 -3.4789527e-10 0)
(0.00053792019 -3.7882611e-10 0)
(0.0005379202 -4.1167848e-10 0)
(0.00053792022 -4.4648233e-10 0)
(0.00053792024 -4.8325735e-10 0)
(0.00053792026 -5.2201194e-10 0)
(0.00053792028 -5.6274221e-10 0)
(0.0005379203 -6.0543079e-10 0)
(0.00053792032 -6.5004559e-10 0)
(0.00053792035 -6.9653849e-10 0)
(0.00053792038 -7.4484388e-10 0)
(0.00053792041 -7.9487724e-10 0)
(0.00053792044 -8.4653348e-10 0)
(0.00053792048 -8.9968539e-10 0)
(0.00053792052 -9.5418185e-10 0)
(0.00053792056 -1.0098461e-09 0)
(0.0005379206 -1.0664741e-09 0)
(0.00053792065 -1.1238324e-09 0)
(0.0005379207 -1.1816566e-09 0)
(0.00053792075 -1.2396492e-09 0)
(0.00053792081 -1.2974785e-09 0)
(0.00053792086 -1.3547761e-09 0)
(0.00053792092 -1.411136e-09 0)
(0.00053792099 -1.4661131e-09 0)
(0.00053792106 -1.519222e-09 0)
(0.00053792113 -1.5699365e-09 0)
(0.0005379212 -1.6176889e-09 0)
(0.00053792127 -1.6618696e-09 0)
(0.00053792135 -1.7018282e-09 0)
(0.00053792143 -1.7368733e-09 0)
(0.00053792151 -1.7662733e-09 0)
(0.0005379216 -1.7892538e-09 0)
(0.00053792168 -1.8050197e-09 0)
(0.00053792177 -1.8127867e-09 0)
(0.00053792185 -1.8115479e-09 0)
(0.00053792197 -1.7985471e-09 0)
(0.00039109504 -7.2317631e-06 0)
(0.00039258471 -2.0510386e-05 0)
(0.00039545129 -3.2476938e-05 0)
(0.00039949068 -4.3037709e-05 0)
(0.00040447397 -5.2140738e-05 0)
(0.00041020564 -5.9772326e-05 0)
(0.00041649418 -6.5954783e-05 0)
(0.00042315975 -7.0742345e-05 0)
(0.00043003979 -7.4215774e-05 0)
(0.00043699183 -7.6476314e-05 0)
(0.0004438949 -7.7639557e-05 0)
(0.00045064964 -7.7829607e-05 0)
(0.00045717752 -7.7173884e-05 0)
(0.00046341918 -7.5798717e-05 0)
(0.00046933243 -7.3825827e-05 0)
(0.00047488989 -7.1369687e-05 0)
(0.00048007667 -6.8535693e-05 0)
(0.00048488804 -6.5419048e-05 0)
(0.00048932737 -6.2104238e-05 0)
(0.00049340421 -5.8664987e-05 0)
(0.00049713265 -5.516457e-05 0)
(0.00050052999 -5.1656374e-05 0)
(0.00050361557 -4.8184645e-05 0)
(0.00050640986 -4.4785322e-05 0)
(0.00050893379 -4.1486919e-05 0)
(0.00051120816 -3.8311411e-05 0)
(0.00051325328 -3.5275089e-05 0)
(0.00051508865 -3.2389367e-05 0)
(0.00051673279 -2.966153e-05 0)
(0.00051820313 -2.7095407e-05 0)
(0.00051951592 -2.4691982e-05 0)
(0.00052068624 -2.2449926e-05 0)
(0.00052172799 -2.0366067e-05 0)
(0.00052265393 -1.8435794e-05 0)
(0.00052347574 -1.6653405e-05 0)
(0.00052420406 -1.5012399e-05 0)
(0.00052484858 -1.3505726e-05 0)
(0.00052541807 -1.2125989e-05 0)
(0.00052592049 -1.0865616e-05 0)
(0.00052636302 -9.7169948e-06 0)
(0.00052675215 -8.6725828e-06 0)
(0.00052709372 -7.7249954e-06 0)
(0.00052739299 -6.8670714e-06 0)
(0.00052765468 -6.0919229e-06 0)
(0.00052788302 -5.3929712e-06 0)
(0.00052808183 -4.7639717e-06 0)
(0.00052825451 -4.1990279e-06 0)
(0.0005284041 -3.6925993e-06 0)
(0.00052853334 -3.2395014e-06 0)
(0.00052864464 -2.8349019e-06 0)
(0.00052874018 -2.4743127e-06 0)
(0.00052882188 -2.1535789e-06 0)
(0.00052889148 -1.8688652e-06 0)
(0.00052895048 -1.6166419e-06 0)
(0.00052900025 -1.3936684e-06 0)
(0.00052904198 -1.1969772e-06 0)
(0.00052907673 -1.0238573e-06 0)
(0.00052910545 -8.7183754e-07 0)
(0.00052912896 -7.3866999e-07 0)
(0.00052914799 -6.2231431e-07 0)
(0.00052916317 -5.2092216e-07 0)
(0.00052917508 -4.3282242e-07 0)
(0.00052918419 -3.5650712e-07 0)
(0.00052919095 -2.9061804e-07 0)
(0.00052919572 -2.3393415e-07 0)
(0.00052919883 -1.8535976e-07 0)
(0.00052920057 -1.4391345e-07 0)
(0.00052920118 -1.0871782e-07 0)
(0.00052920086 -7.8989891e-08 0)
(0.0005291998 -5.4032263e-08 0)
(0.00052919815 -3.3224944e-08 0)
(0.00052919605 -1.6017835e-08 0)
(0.00052919361 -1.9238188e-09 0)
(0.00052919092 9.4875668e-09 0)
(0.00052918806 1.8595912e-08 0)
(0.0005291851 2.5735212e-08 0)
(0.00052918209 3.1198668e-08 0)
(0.00052917908 3.5243053e-08 0)
(0.00052917609 3.8092667e-08 0)
(0.00052917317 3.9942917e-08 0)
(0.00052917034 4.0963551e-08 0)
(0.0005291676 4.1301578e-08 0)
(0.00052916498 4.1083891e-08 0)
(0.00052916248 4.0419628e-08 0)
(0.00052916011 3.9402286e-08 0)
(0.00052915787 3.8111617e-08 0)
(0.00052915576 3.6615322e-08 0)
(0.00052915379 3.4970561e-08 0)
(0.00052915194 3.3225297e-08 0)
(0.00052915022 3.1419496e-08 0)
(0.00052914863 2.9586181e-08 0)
(0.00052914715 2.7752379e-08 0)
(0.00052914578 2.5939946e-08 0)
(0.00052914452 2.41663e-08 0)
(0.00052914337 2.2445067e-08 0)
(0.0005291423 2.0786642e-08 0)
(0.00052914133 1.9198688e-08 0)
(0.00052914044 1.768657e-08 0)
(0.00052913963 1.6253727e-08 0)
(0.00052913889 1.4902e-08 0)
(0.00052913822 1.3631921e-08 0)
(0.00052913761 1.2442952e-08 0)
(0.00052913706 1.1333697e-08 0)
(0.00052913656 1.0302085e-08 0)
(0.00052913611 9.3455193e-09 0)
(0.00052913571 8.4610124e-09 0)
(0.00052913534 7.6452941e-09 0)
(0.00052913502 6.8949041e-09 0)
(0.00052913472 6.2062697e-09 0)
(0.00052913446 5.5757691e-09 0)
(0.00052913422 4.9997835e-09 0)
(0.00052913401 4.4747392e-09 0)
(0.00052913383 3.9971411e-09 0)
(0.00052913366 3.5635991e-09 0)
(0.00052913351 3.1708478e-09 0)
(0.00052913338 2.8157611e-09 0)
(0.00052913327 2.4953625e-09 0)
(0.00052913316 2.2068316e-09 0)
(0.00052913307 1.9475073e-09 0)
(0.00052913299 1.7148888e-09 0)
(0.00052913292 1.5066342e-09 0)
(0.00052913286 1.3205577e-09 0)
(0.00052913281 1.1546254e-09 0)
(0.00052913276 1.0069497e-09 0)
(0.00052913272 8.7578379e-10 0)
(0.00052913269 7.595149e-10 0)
(0.00052913265 6.5665724e-10 0)
(0.00052913263 5.6584502e-10 0)
(0.0005291326 4.8582517e-10 0)
(0.00052913258 4.1545013e-10 0)
(0.00052913257 3.5367071e-10 0)
(0.00052913255 2.9952909e-10 0)
(0.00052913254 2.5215211e-10 0)
(0.00052913253 2.1074471e-10 0)
(0.00052913252 1.7458372e-10 0)
(0.00052913251 1.4301188e-10 0)
(0.0005291325 1.154323e-10 0)
(0.0005291325 9.1303055e-11 0)
(0.00052913249 7.01323e-11 0)
(0.00052913249 5.1473561e-11 0)
(0.00052913248 3.4921429e-11 0)
(0.00052913248 2.010753e-11 0)
(0.00052913248 6.6968195e-12 0)
(0.00052913248 -5.6158368e-12 0)
(0.00052913248 -1.7108797e-11 0)
(0.00052913248 -2.8036499e-11 0)
(0.00052913247 -3.8632061e-11 0)
(0.00052913247 -4.9109624e-11 0)
(0.00052913247 -5.9666463e-11 0)
(0.00052913247 -7.048487e-11 0)
(0.00052913247 -8.1733819e-11 0)
(0.00052913248 -9.3570424e-11 0)
(0.00052913248 -1.0614122e-10 0)
(0.00052913248 -1.1958321e-10 0)
(0.00052913248 -1.3402484e-10 0)
(0.00052913248 -1.4958666e-10 0)
(0.00052913248 -1.6638196e-10 0)
(0.00052913249 -1.8451717e-10 0)
(0.00052913249 -2.0409215e-10 0)
(0.0005291325 -2.2520036e-10 0)
(0.0005291325 -2.4792884e-10 0)
(0.00052913251 -2.723581e-10 0)
(0.00052913251 -2.985619e-10 0)
(0.00052913252 -3.2660688e-10 0)
(0.00052913253 -3.5655206e-10 0)
(0.00052913254 -3.8844833e-10 0)
(0.00052913255 -4.2233766e-10 0)
(0.00052913256 -4.582524e-10 0)
(0.00052913257 -4.9621429e-10 0)
(0.00052913258 -5.3623352e-10 0)
(0.0005291326 -5.7830761e-10 0)
(0.00052913261 -6.224202e-10 0)
(0.00052913263 -6.6853979e-10 0)
(0.00052913265 -7.1661832e-10 0)
(0.00052913267 -7.6658972e-10 0)
(0.0005291327 -8.1836836e-10 0)
(0.00052913272 -8.7184737e-10 0)
(0.00052913275 -9.2689695e-10 0)
(0.00052913278 -9.8336257e-10 0)
(0.00052913281 -1.0410631e-09 0)
(0.00052913284 -1.0997888e-09 0)
(0.00052913287 -1.1592997e-09 0)
(0.00052913291 -1.2193232e-09 0)
(0.00052913295 -1.2795522e-09 0)
(0.00052913299 -1.3396436e-09 0)
(0.00052913304 -1.3992158e-09 0)
(0.00052913309 -1.4578475e-09 0)
(0.00052913314 -1.515076e-09 0)
(0.00052913319 -1.5703958e-09 0)
(0.00052913324 -1.6232582e-09 0)
(0.0005291333 -1.6730698e-09 0)
(0.00052913336 -1.7191934e-09 0)
(0.00052913342 -1.7609475e-09 0)
(0.00052913348 -1.7976078e-09 0)
(0.00052913355 -1.8284073e-09 0)
(0.00052913361 -1.8525348e-09 0)
(0.00052913368 -1.8691586e-09 0)
(0.00052913375 -1.8774585e-09 0)
(0.00052913381 -1.8763869e-09 0)
(0.0005291339 -1.8631324e-09 0)
(0.00039109977 -7.909091e-06 0)
(0.00039264502 -2.2399619e-05 0)
(0.0003956051 -3.5418254e-05 0)
(0.00039975652 -4.686038e-05 0)
(0.00040484977 -5.6670774e-05 0)
(0.0004106716 -6.48392e-05 0)
(0.00041701531 -7.1397254e-05 0)
(0.00042368928 -7.6413039e-05 0)
(0.00043052295 -7.998435e-05 0)
(0.00043736967 -8.223124e-05 0)
(0.00044410777 -8.3288632e-05 0)
(0.00045064016 -8.3299471e-05 0)
(0.00045689291 -8.240875e-05 0)
(0.00046281297 -8.0758601e-05 0)
(0.00046836549 -7.8484491e-05 0)
(0.00047353097 -7.5712485e-05 0)
(0.0004783024 -7.2557461e-05 0)
(0.00048268272 -6.9122137e-05 0)
(0.00048668235 -6.5496751e-05 0)
(0.00049031718 -6.175925e-05 0)
(0.00049360689 -5.7975837e-05 0)
(0.00049657347 -5.420177e-05 0)
(0.00049924013 -5.0482318e-05 0)
(0.00050163045 -4.685378e-05 0)
(0.00050376773 -4.3344533e-05 0)
(0.00050567449 -3.9976045e-05 0)
(0.00050737219 -3.6763847e-05 0)
(0.000508881 -3.3718422e-05 0)
(0.0005102197 -3.0846023e-05 0)
(0.00051140563 -2.8149403e-05 0)
(0.00051245468 -2.5628454e-05 0)
(0.00051338136 -2.328078e-05 0)
(0.00051419883 -2.1102178e-05 0)
(0.00051491899 -1.9087058e-05 0)
(0.00051555257 -1.7228797e-05 0)
(0.00051610922 -1.5520041e-05 0)
(0.0005165976 -1.3952946e-05 0)
(0.00051702546 -1.2519391e-05 0)
(0.00051739972 -1.1211136e-05 0)
(0.00051772657 -1.0019965e-05 0)
(0.00051801152 -8.9377848e-06 0)
(0.00051825948 -7.9567128e-06 0)
(0.00051847484 -7.0691367e-06 0)
(0.00051866147 -6.267762e-06 0)
(0.00051882283 -5.5456437e-06 0)
(0.00051896199 -4.8962072e-06 0)
(0.00051908167 -4.3132596e-06 0)
(0.00051918427 -3.7909939e-06 0)
(0.00051927194 -3.3239865e-06 0)
(0.00051934656 -2.9071908e-06 0)
(0.0005194098 -2.5359266e-06 0)
(0.00051946314 -2.2058669e-06 0)
(0.00051950789 -1.9130225e-06 0)
(0.00051954519 -1.653726e-06 0)
(0.00051957604 -1.4246139e-06 0)
(0.00051960134 -1.222609e-06 0)
(0.00051962188 -1.0449021e-06 0)
(0.00051963832 -8.8893485e-07 0)
(0.00051965128 -7.5238161e-07 0)
(0.00051966128 -6.3313288e-07 0)
(0.00051966876 -5.2927888e-07 0)
(0.00051967414 -4.3909394e-07 0)
(0.00051967774 -3.6102176e-07 0)
(0.00051967988 -2.936613e-07 0)
(0.00051968081 -2.3575368e-07 0)
(0.00051968076 -1.8616978e-07 0)
(0.0005196799 -1.4389874e-07 0)
(0.00051967842 -1.0803721e-07 0)
(0.00051967644 -7.7779447e-08 0)
(0.00051967408 -5.2408066e-08 0)
(0.00051967146 -3.1285594e-08 0)
(0.00051966864 -1.3846664e-08 0)
(0.00051966569 4.0914498e-10 0)
(0.00051966269 1.1923856e-08 0)
(0.00051965967 2.1087083e-08 0)
(0.00051965667 2.8241481e-08 0)
(0.00051965372 3.3687718e-08 0)
(0.00051965086 3.7688972e-08 0)
(0.00051964809 4.0475025e-08 0)
(0.00051964543 4.2245949e-08 0)
(0.00051964289 4.3175451e-08 0)
(0.00051964047 4.3413874e-08 0)
(0.00051963819 4.3090906e-08 0)
(0.00051963604 4.231801e-08 0)
(0.00051963403 4.1190602e-08 0)
(0.00051963214 3.9790001e-08 0)
(0.00051963038 3.8185173e-08 0)
(0.00051962875 3.6434284e-08 0)
(0.00051962723 3.4586084e-08 0)
(0.00051962583 3.2681134e-08 0)
(0.00051962454 3.0752898e-08 0)
(0.00051962335 2.8828705e-08 0)
(0.00051962226 2.6930605e-08 0)
(0.00051962125 2.5076117e-08 0)
(0.00051962034 2.3278891e-08 0)
(0.0005196195 2.1549286e-08 0)
(0.00051961874 1.9894879e-08 0)
(0.00051961805 1.8320907e-08 0)
(0.00051961742 1.6830655e-08 0)
(0.00051961685 1.5425787e-08 0)
(0.00051961633 1.410664e-08 0)
(0.00051961587 1.2872471e-08 0)
(0.00051961545 1.1721673e-08 0)
(0.00051961507 1.0651962e-08 0)
(0.00051961473 9.6605288e-09 0)
(0.00051961442 8.7441745e-09 0)
(0.00051961415 7.8994238e-09 0)
(0.0005196139 7.1226172e-09 0)
(0.00051961368 6.4099902e-09 0)
(0.00051961349 5.7577374e-09 0)
(0.00051961331 5.1620652e-09 0)
(0.00051961316 4.6192347e-09 0)
(0.00051961302 4.1255946e-09 0)
(0.0005196129 3.677608e-09 0)
(0.00051961279 3.2718723e-09 0)
(0.0005196127 2.9051332e-09 0)
(0.00051961261 2.574295e-09 0)
(0.00051961254 2.2764267e-09 0)
(0.00051961248 2.0087648e-09 0)
(0.00051961242 1.7687142e-09 0)
(0.00051961237 1.5538459e-09 0)
(0.00051961232 1.3618943e-09 0)
(0.00051961229 1.190752e-09 0)
(0.00051961225 1.0384648e-09 0)
(0.00051961222 9.0322453e-10 0)
(0.0005196122 7.8336258e-10 0)
(0.00051961218 6.7734249e-10 0)
(0.00051961216 5.8375238e-10 0)
(0.00051961214 5.0129738e-10 0)
(0.00051961213 4.2879208e-10 0)
(0.00051961212 3.6515305e-10 0)
(0.00051961211 3.0939159e-10 0)
(0.0005196121 2.6060663e-10 0)
(0.00051961209 2.1797799e-10 0)
(0.00051961208 1.8075986e-10 0)
(0.00051961208 1.4827465e-10 0)
(0.00051961207 1.1990714e-10 0)
(0.00051961207 9.5098952e-11 0)
(0.00051961207 7.3343444e-11 0)
(0.00051961206 5.4180834e-11 0)
(0.00051961206 3.7193737e-11 0)
(0.00051961206 2.2002993e-11 0)
(0.00051961206 8.2638258e-12 0)
(0.00051961206 -4.3376952e-12 0)
(0.00051961205 -1.6087897e-11 0)
(0.00051961205 -2.724846e-11 0)
(0.00051961205 -3.8059104e-11 0)
(0.00051961205 -4.8740019e-11 0)
(0.00051961205 -5.9494039e-11 0)
(0.00051961205 -7.0508595e-11 0)
(0.00051961205 -8.1957434e-11 0)
(0.00051961205 -9.4002134e-11 0)
(0.00051961205 -1.0679341e-10 0)
(0.00051961205 -1.2047225e-10 0)
(0.00051961205 -1.3517083e-10 0)
(0.00051961205 -1.5101329e-10 0)
(0.00051961205 -1.6811636e-10 0)
(0.00051961206 -1.8658977e-10 0)
(0.00051961206 -2.0653657e-10 0)
(0.00051961206 -2.280533e-10 0)
(0.00051961206 -2.5122997e-10 0)
(0.00051961206 -2.7614996e-10 0)
(0.00051961207 -3.0288981e-10 0)
(0.00051961207 -3.3151881e-10 0)
(0.00051961208 -3.6209855e-10 0)
(0.00051961208 -3.9468233e-10 0)
(0.00051961209 -4.2931443e-10 0)
(0.00051961209 -4.6602931e-10 0)
(0.0005196121 -5.0485068e-10 0)
(0.00051961211 -5.457905e-10 0)
(0.00051961212 -5.888478e-10 0)
(0.00051961213 -6.3400752e-10 0)
(0.00051961214 -6.8123913e-10 0)
(0.00051961215 -7.3049525e-10 0)
(0.00051961216 -7.8171007e-10 0)
(0.00051961218 -8.3479784e-10 0)
(0.00051961219 -8.8965105e-10 0)
(0.00051961221 -9.4613874e-10 0)
(0.00051961223 -1.0041046e-09 0)
(0.00051961225 -1.0633648e-09 0)
(0.00051961227 -1.1237065e-09 0)
(0.0005196123 -1.1848853e-09 0)
(0.00051961232 -1.2466231e-09 0)
(0.00051961235 -1.3086065e-09 0)
(0.00051961238 -1.370484e-09 0)
(0.00051961241 -1.4318645e-09 0)
(0.00051961244 -1.4923152e-09 0)
(0.00051961248 -1.5513599e-09 0)
(0.00051961251 -1.6084774e-09 0)
(0.00051961255 -1.6631007e-09 0)
(0.00051961259 -1.7146158e-09 0)
(0.00051961263 -1.7623621e-09 0)
(0.00051961268 -1.8056321e-09 0)
(0.00051961272 -1.8436734e-09 0)
(0.00051961277 -1.8756887e-09 0)
(0.00051961282 -1.9008351e-09 0)
(0.00051961287 -1.9182495e-09 0)
(0.00051961292 -1.927081e-09 0)
(0.00051961297 -1.9262491e-09 0)
(0.00051961303 -1.9129224e-09 0)
(0.00039110528 -8.6139713e-06 0)
(0.00039271442 -2.4356932e-05 0)
(0.00039578112 -3.8451487e-05 0)
(0.0004000589 -5.0781291e-05 0)
(0.00040527403 -6.1288578e-05 0)
(0.00041119271 -6.9968531e-05 0)
(0.00041759099 -7.6864889e-05 0)
(0.00042426424 -8.2062983e-05 0)
(0.00043103363 -8.5681136e-05 0)
(0.00043774875 -8.7861513e-05 0)
(0.0004442882 -8.8761267e-05 0)
(0.00045055854 -8.8544521e-05 0)
(0.00045649196 -8.7375586e-05 0)
(0.0004620433 -8.5413548e-05 0)
(0.00046718652 -8.2808238e-05 0)
(0.00047191131 -7.9697486e-05 0)
(0.0004762197 -7.6205471e-05 0)
(0.00048012309 -7.2441987e-05 0)
(0.00048363965 -6.8502415e-05 0)
(0.00048679208 -6.4468206e-05 0)
(0.00048960584 -6.040774e-05 0)
(0.00049210777 -5.6377391e-05 0)
(0.00049432497 -5.2422729e-05 0)
(0.00049628402 -4.857975e-05 0)
(0.00049801041 -4.487609e-05 0)
(0.00049952822 -4.1332188e-05 0)
(0.00050085982 -3.7962359e-05 0)
(0.00050202581 -3.4775774e-05 0)
(0.00050304499 -3.1777341e-05 0)
(0.00050393438 -2.8968476e-05 0)
(0.0005047093 -2.6347784e-05 0)
(0.00050538347 -2.3911645e-05 0)
(0.00050596913 -2.1654709e-05 0)
(0.00050647714 -1.9570328e-05 0)
(0.00050691713 -1.765091e-05 0)
(0.00050729762 -1.5888214e-05 0)
(0.00050762612 -1.4273599e-05 0)
(0.00050790922 -1.2798221e-05 0)
(0.00050815276 -1.1453197e-05 0)
(0.00050836182 -1.0229729e-05 0)
(0.00050854088 -9.1192096e-06 0)
(0.00050869386 -8.1132966e-06 0)
(0.00050882421 -7.203969e-06 0)
(0.00050893492 -6.3835697e-06 0)
(0.00050902862 -5.6448319e-06 0)
(0.00050910762 -4.9808957e-06 0)
(0.00050917391 -4.3853157e-06 0)
(0.00050922925 -3.8520612e-06 0)
(0.00050927517 -3.3755108e-06 0)
(0.000509313 -2.9504429e-06 0)
(0.00050934389 -2.5720225e-06 0)
(0.00050936887 -2.2357856e-06 0)
(0.0005093888 -1.9376222e-06 0)
(0.00050940445 -1.6737582e-06 0)
(0.00050941647 -1.4407355e-06 0)
(0.00050942545 -1.2353937e-06 0)
(0.00050943187 -1.0548503e-06 0)
(0.00050943616 -8.9648214e-07 0)
(0.00050943869 -7.5790646e-07 0)
(0.00050943977 -6.3696356e-07 0)
(0.00050943968 -5.3169947e-07 0)
(0.00050943864 -4.4034971e-07 0)
(0.00050943686 -3.6132388e-07 0)
(0.00050943449 -2.9319109e-07 0)
(0.00050943169 -2.3466628e-07 0)
(0.00050942857 -1.8459748e-07 0)
(0.00050942522 -1.4195386e-07 0)
(0.00050942174 -1.0581469e-07 0)
(0.00050941819 -7.5359102e-08 0)
(0.00050941462 -4.9856594e-08 0)
(0.00050941108 -2.865834e-08 0)
(0.00050940761 -1.118917e-08 0)
(0.00050940424 3.0597741e-09 0)
(0.00050940098 1.4537759e-08 0)
(0.00050939785 2.3640587e-08 0)
(0.00050939487 3.071619e-08 0)
(0.00050939203 3.6069704e-08 0)
(0.00050938936 3.9968081e-08 0)
(0.00050938684 4.2644267e-08 0)
(0.00050938447 4.4300971e-08 0)
(0.00050938226 4.5114079e-08 0)
(0.0005093802 4.5235722e-08 0)
(0.00050937829 4.4797034e-08 0)
(0.00050937652 4.3910633e-08 0)
(0.00050937488 4.2672844e-08 0)
(0.00050937336 4.1165683e-08 0)
(0.00050937197 3.9458634e-08 0)
(0.00050937069 3.7610232e-08 0)
(0.00050936952 3.5669466e-08 0)
(0.00050936845 3.3677037e-08 0)
(0.00050936747 3.1666457e-08 0)
(0.00050936658 2.966504e-08 0)
(0.00050936577 2.7694758e-08 0)
(0.00050936504 2.577301e-08 0)
(0.00050936437 2.3913292e-08 0)
(0.00050936377 2.212578e-08 0)
(0.00050936322 2.0417852e-08 0)
(0.00050936273 1.8794532e-08 0)
(0.00050936229 1.7258882e-08 0)
(0.00050936189 1.5812342e-08 0)
(0.00050936153 1.445502e-08 0)
(0.00050936121 1.3185953e-08 0)
(0.00050936092 1.2003312e-08 0)
(0.00050936067 1.0904601e-08 0)
(0.00050936044 9.8868038e-09 0)
(0.00050936023 8.9465254e-09 0)
(0.00050936005 8.0801018e-09 0)
(0.00050935989 7.2836953e-09 0)
(0.00050935975 6.5533727e-09 0)
(0.00050935962 5.8851699e-09 0)
(0.00050935951 5.2751448e-09 0)
(0.00050935941 4.7194194e-09 0)
(0.00050935932 4.214213e-09 0)
(0.00050935925 3.7558688e-09 0)
(0.00050935918 3.3408727e-09 0)
(0.00050935912 2.9658678e-09 0)
(0.00050935907 2.6276636e-09 0)
(0.00050935902 2.3232421e-09 0)
(0.00050935899 2.04976e-09 0)
(0.00050935895 1.804549e-09 0)
(0.00050935892 1.5851134e-09 0)
(0.0005093589 1.3891267e-09 0)
(0.00050935887 1.2144262e-09 0)
(0.00050935885 1.0590072e-09 0)
(0.00050935884 9.2101592e-10 0)
(0.00050935882 7.9874256e-10 0)
(0.00050935881 6.9061325e-10 0)
(0.0005093588 5.9518243e-10 0)
(0.00050935879 5.1112488e-10 0)
(0.00050935878 4.3722787e-10 0)
(0.00050935878 3.7238344e-10 0)
(0.00050935877 3.1558085e-10 0)
(0.00050935877 2.658993e-10 0)
(0.00050935876 2.2250094e-10 0)
(0.00050935876 1.8462414e-10 0)
(0.00050935876 1.5157718e-10 0)
(0.00050935875 1.227322e-10 0)
(0.00050935875 9.7519553e-11 0)
(0.00050935875 7.5422508e-11 0)
(0.00050935875 5.5972279e-11 0)
(0.00050935875 3.8743425e-11 0)
(0.00050935874 2.3349577e-11 0)
(0.00050935874 9.4394889e-12 0)
(0.00050935874 -3.3065847e-12 0)
(0.00050935874 -1.5180213e-11 0)
(0.00050935874 -2.6447821e-11 0)
(0.00050935874 -3.7353441e-11 0)
(0.00050935874 -4.8121196e-11 0)
(0.00050935874 -5.8957542e-11 0)
(0.00050935874 -7.0053249e-11 0)
(0.00050935874 -8.1585176e-11 0)
(0.00050935874 -9.3717817e-11 0)
(0.00050935873 -1.0660464e-10 0)
(0.00050935873 -1.2038924e-10 0)
(0.00050935873 -1.3520631e-10 0)
(0.00050935873 -1.511824e-10 0)
(0.00050935873 -1.6843657e-10 0)
(0.00050935873 -1.8708084e-10 0)
(0.00050935873 -2.072205e-10 0)
(0.00050935873 -2.2895425e-10 0)
(0.00050935873 -2.5237427e-10 0)
(0.00050935873 -2.7756606e-10 0)
(0.00050935873 -3.0460824e-10 0)
(0.00050935873 -3.3357218e-10 0)
(0.00050935873 -3.6452147e-10 0)
(0.00050935873 -3.975114e-10 0)
(0.00050935874 -4.3258819e-10 0)
(0.00050935874 -4.6978816e-10 0)
(0.00050935874 -5.0913685e-10 0)
(0.00050935874 -5.5064794e-10 0)
(0.00050935875 -5.943221e-10 0)
(0.00050935875 -6.4014578e-10 0)
(0.00050935875 -6.8808984e-10 0)
(0.00050935876 -7.3810811e-10 0)
(0.00050935876 -7.9013583e-10 0)
(0.00050935877 -8.4408804e-10 0)
(0.00050935878 -8.9985779e-10 0)
(0.00050935879 -9.5731431e-10 0)
(0.0005093588 -1.0163011e-09 0)
(0.00050935881 -1.0766339e-09 0)
(0.00050935882 -1.1380985e-09 0)
(0.00050935883 -1.2004487e-09 0)
(0.00050935884 -1.263404e-09 0)
(0.00050935886 -1.3266472e-09 0)
(0.00050935887 -1.3898223e-09 0)
(0.00050935889 -1.4525324e-09 0)
(0.00050935891 -1.5143372e-09 0)
(0.00050935893 -1.5747511e-09 0)
(0.00050935895 -1.6332419e-09 0)
(0.00050935897 -1.6892289e-09 0)
(0.00050935899 -1.7420825e-09 0)
(0.00050935902 -1.7911235e-09 0)
(0.00050935904 -1.8356237e-09 0)
(0.00050935907 -1.8748072e-09 0)
(0.0005093591 -1.9078517e-09 0)
(0.00050935913 -1.9338878e-09 0)
(0.00050935916 -1.9520261e-09 0)
(0.00050935919 -1.9613897e-09 0)
(0.00050935922 -1.960873e-09 0)
(0.00050935927 -1.9476587e-09 0)
(0.00039111172 -9.3505949e-06 0)
(0.00039279436 -2.6392118e-05 0)
(0.00039598263 -4.1588859e-05 0)
(0.00040040267 -5.4811887e-05 0)
(0.00040575225 -6.600198e-05 0)
(0.00041177373 -7.5162346e-05 0)
(0.00041822365 -8.2352511e-05 0)
(0.00042488329 -8.7679218e-05 0)
(0.00043156544 -9.1285537e-05 0)
(0.00043811671 -9.3339641e-05 0)
(0.0004444174 -9.4024205e-05 0)
(0.00045037946 -9.3527103e-05 0)
(0.00045594314 -9.2033773e-05 0)
(0.000461073 -8.9721353e-05 0)
(0.00046575354 -8.6754521e-05 0)
(0.00046998505 -8.3282854e-05 0)
(0.00047377974 -7.9439443e-05 0)
(0.00047715838 -7.5340508e-05 0)
(0.00048014744 -7.1085761e-05 0)
(0.0004827768 -6.6759278e-05 0)
(0.00048507789 -6.2430712e-05 0)
(0.00048708239 -5.8156687e-05 0)
(0.00048882116 -5.3982266e-05 0)
(0.00049032358 -4.994241e-05 0)
(0.00049161712 -4.6063378e-05 0)
(0.00049272707 -4.2364024e-05 0)
(0.00049367645 -3.8856985e-05 0)
(0.00049448599 -3.5549738e-05 0)
(0.00049517422 -3.2445532e-05 0)
(0.00049575755 -2.9544207e-05 0)
(0.00049625047 -2.6842891e-05 0)
(0.00049666571 -2.43366e-05 0)
(0.00049701434 -2.2018743e-05 0)
(0.00049730602 -1.988155e-05 0)
(0.00049754913 -1.7916422e-05 0)
(0.0004977509 -1.6114223e-05 0)
(0.00049791755 -1.4465516e-05 0)
(0.00049805447 -1.2960756e-05 0)
(0.00049816624 -1.1590443e-05 0)
(0.00049825681 -1.034524e-05 0)
(0.00049832955 -9.2160665e-06 0)
(0.00049838734 -8.1941663e-06 0)
(0.00049843263 -7.2711598e-06 0)
(0.00049846751 -6.4390768e-06 0)
(0.00049849374 -5.6903787e-06 0)
(0.00049851284 -5.0179695e-06 0)
(0.00049852607 -4.4151991e-06 0)
(0.0004985345 -3.8758589e-06 0)
(0.00049853905 -3.3941738e-06 0)
(0.00049854048 -2.9647887e-06 0)
(0.00049853942 -2.5827529e-06 0)
(0.00049853642 -2.2435027e-06 0)
(0.00049853192 -1.9428415e-06 0)
(0.00049852629 -1.67692e-06 0)
(0.00049851984 -1.4422159e-06 0)
(0.00049851282 -1.2355125e-06 0)
(0.00049850544 -1.0538792e-06 0)
(0.00049849788 -8.9465106e-07 0)
(0.00049849026 -7.5540939e-07 0)
(0.00049848269 -6.3396355e-07 0)
(0.00049847526 -5.2833295e-07 0)
(0.00049846804 -4.3673024e-07 0)
(0.00049846107 -3.5754538e-07 0)
(0.00049845439 -2.8933069e-07 0)
(0.00049844803 -2.3078677e-07 0)
(0.000498442 -1.8074941e-07 0)
(0.00049843631 -1.381774e-07 0)
(0.00049843096 -1.0214122e-07 0)
(0.00049842595 -7.1812549e-08 0)
(0.00049842128 -4.6454668e-08 0)
(0.00049841694 -2.5413531e-08 0)
(0.0004984129 -8.1096338e-09 0)
(0.00049840917 5.9694602e-09 0)
(0.00049840573 1.7275943e-08 0)
(0.00049840256 2.6207992e-08 0)
(0.00049839965 3.3115434e-08 0)
(0.00049839699 3.8304904e-08 0)
(0.00049839455 4.2044506e-08 0)
(0.00049839232 4.4568051e-08 0)
(0.00049839029 4.6078876e-08 0)
(0.00049838844 4.6753287e-08 0)
(0.00049838676 4.674367e-08 0)
(0.00049838524 4.6181277e-08 0)
(0.00049838387 4.5178731e-08 0)
(0.00049838262 4.383227e-08 0)
(0.0004983815 4.2223754e-08 0)
(0.00049838049 4.0422452e-08 0)
(0.00049837958 3.8486642e-08 0)
(0.00049837877 3.6465027e-08 0)
(0.00049837804 3.4397995e-08 0)
(0.00049837738 3.2318737e-08 0)
(0.0004983768 3.0254232e-08 0)
(0.00049837628 2.8226121e-08 0)
(0.00049837581 2.6251471e-08 0)
(0.0004983754 2.4343451e-08 0)
(0.00049837504 2.2511922e-08 0)
(0.00049837471 2.0763952e-08 0)
(0.00049837442 1.9104272e-08 0)
(0.00049837417 1.7535662e-08 0)
(0.00049837394 1.6059295e-08 0)
(0.00049837375 1.4675026e-08 0)
(0.00049837357 1.3381653e-08 0)
(0.00049837342 1.2177126e-08 0)
(0.00049837329 1.1058736e-08 0)
(0.00049837317 1.0023276e-08 0)
(0.00049837307 9.0671665e-09 0)
(0.00049837298 8.1865777e-09 0)
(0.0004983729 7.377516e-09 0)
(0.00049837284 6.6359053e-09 0)
(0.00049837278 5.9576498e-09 0)
(0.00049837273 5.3386866e-09 0)
(0.00049837269 4.7750269e-09 0)
(0.00049837265 4.2627891e-09 0)
(0.00049837262 3.7982239e-09 0)
(0.00049837259 3.3777334e-09 0)
(0.00049837257 2.9978841e-09 0)
(0.00049837255 2.6554166e-09 0)
(0.00049837253 2.3472499e-09 0)
(0.00049837252 2.0704842e-09 0)
(0.00049837251 1.8224001e-09 0)
(0.0004983725 1.6004559e-09 0)
(0.00049837249 1.4022836e-09 0)
(0.00049837248 1.2256834e-09 0)
(0.00049837248 1.0686175e-09 0)
(0.00049837247 9.2920216e-10 0)
(0.00049837247 8.0570107e-10 0)
(0.00049837246 6.9651667e-10 0)
(0.00049837246 6.0018231e-10 0)
(0.00049837246 5.1535402e-10 0)
(0.00049837246 4.4080245e-10 0)
(0.00049837246 3.7540492e-10 0)
(0.00049837246 3.1813767e-10 0)
(0.00049837245 2.6806839e-10 0)
(0.00049837245 2.2434907e-10 0)
(0.00049837245 1.8620918e-10 0)
(0.00049837245 1.5294911e-10 0)
(0.00049837245 1.239341e-10 0)
(0.00049837245 9.8588428e-11 0)
(0.00049837245 7.6390031e-11 0)
(0.00049837245 5.686544e-11 0)
(0.00049837245 3.9585096e-11 0)
(0.00049837245 2.4159006e-11 0)
(0.00049837245 1.0232729e-11 0)
(0.00049837245 -2.5163087e-12 0)
(0.00049837245 -1.4382187e-11 0)
(0.00049837245 -2.5633573e-11 0)
(0.00049837245 -3.6516516e-11 0)
(0.00049837244 -4.7256968e-11 0)
(0.00049837244 -5.8063053e-11 0)
(0.00049837244 -6.912709e-11 0)
(0.00049837244 -8.0627383e-11 0)
(0.00049837244 -9.2729794e-11 0)
(0.00049837244 -1.055891e-10 0)
(0.00049837244 -1.1935018e-10 0)
(0.00049837243 -1.3414895e-10 0)
(0.00049837243 -1.5011323e-10 0)
(0.00049837243 -1.6736329e-10 0)
(0.00049837243 -1.8601242e-10 0)
(0.00049837243 -2.0616716e-10 0)
(0.00049837242 -2.2792751e-10 0)
(0.00049837242 -2.5138696e-10 0)
(0.00049837242 -2.7663239e-10 0)
(0.00049837242 -3.0374379e-10 0)
(0.00049837241 -3.3279396e-10 0)
(0.00049837241 -3.63848e-10 0)
(0.00049837241 -3.9696269e-10 0)
(0.0004983724 -4.3218582e-10 0)
(0.0004983724 -4.6955531e-10 0)
(0.0004983724 -5.0909834e-10 0)
(0.0004983724 -5.5083025e-10 0)
(0.00049837239 -5.9475343e-10 0)
(0.00049837239 -6.4085607e-10 0)
(0.00049837239 -6.8911077e-10 0)
(0.00049837239 -7.3947313e-10 0)
(0.00049837239 -7.9188014e-10 0)
(0.00049837238 -8.4624855e-10 0)
(0.00049837238 -9.0247311e-10 0)
(0.00049837238 -9.6042464e-10 0)
(0.00049837238 -1.0199481e-09 0)
(0.00049837238 -1.0808606e-09 0)
(0.00049837238 -1.1429489e-09 0)
(0.00049837238 -1.2059675e-09 0)
(0.00049837238 -1.2696362e-09 0)
(0.00049837238 -1.3336374e-09 0)
(0.00049837238 -1.3976141e-09 0)
(0.00049837239 -1.4611672e-09 0)
(0.00049837239 -1.5238531e-09 0)
(0.0004983724 -1.5851816e-09 0)
(0.0004983724 -1.6446138e-09 0)
(0.00049837241 -1.7015607e-09 0)
(0.00049837241 -1.7553818e-09 0)
(0.00049837242 -1.8053848e-09 0)
(0.00049837243 -1.8508255e-09 0)
(0.00049837244 -1.8909102e-09 0)
(0.00049837245 -1.9247964e-09 0)
(0.00049837246 -1.9515933e-09 0)
(0.00049837248 -1.9703901e-09 0)
(0.00049837249 -1.9802885e-09 0)
(0.0004983725 -1.9801643e-09 0)
(0.00049837252 -1.9672489e-09 0)
(0.00039111926 -1.0123854e-05 0)
(0.00039288665 -2.8516442e-05 0)
(0.0003962136 -4.4844134e-05 0)
(0.00040079359 -5.8964566e-05 0)
(0.00040629072 -7.0818679e-05 0)
(0.00041241975 -8.0421173e-05 0)
(0.0004189153 -8.7852045e-05 0)
(0.00042554354 -9.3244635e-05 0)
(0.00043210918 -9.6771866e-05 0)
(0.00043845712 -9.8632461e-05 0)
(0.00044447132 -9.9038335e-05 0)
(0.00045007136 -9.8203875e-05 0)
(0.00045520792 -9.6337463e-05 0)
(0.00045985742 -9.363526e-05 0)
(0.00046401681 -9.0277055e-05 0)
(0.00046769851 -8.6423895e-05 0)
(0.00047092611 -8.221712e-05 0)
(0.00047373053 -7.7778471e-05 0)
(0.00047614707 -7.3210954e-05 0)
(0.00047821299 -6.8600191e-05 0)
(0.00047996575 -6.401606e-05 0)
(0.0004814417 -5.9514447e-05 0)
(0.00048267522 -5.5139019e-05 0)
(0.00048369819 -5.0922918e-05 0)
(0.00048453968 -4.6890353e-05 0)
(0.00048522582 -4.3058028e-05 0)
(0.00048577989 -3.9436437e-05 0)
(0.00048622237 -3.6030987e-05 0)
(0.00048657118 -3.2842978e-05 0)
(0.00048684184 -2.9870446e-05 0)
(0.00048704771 -2.7108878e-05 0)
(0.00048720023 -2.4551811e-05 0)
(0.00048730916 -2.2191337e-05 0)
(0.00048738271 -2.0018522e-05 0)
(0.00048742785 -1.8023745e-05 0)
(0.00048745037 -1.6196979e-05 0)
(0.00048745513 -1.4528014e-05 0)
(0.00048744613 -1.3006637e-05 0)
(0.00048742669 -1.1622775e-05 0)
(0.00048739953 -1.0366599e-05 0)
(0.00048736684 -9.2286071e-06 0)
(0.00048733042 -8.1996875e-06 0)
(0.00048729169 -7.2711563e-06 0)
(0.0004872518 -6.4347865e-06 0)
(0.00048721163 -5.6828225e-06 0)
(0.00048717188 -5.0079857e-06 0)
(0.00048713307 -4.4034721e-06 0)
(0.00048709558 -3.8629446e-06 0)
(0.0004870597 -3.3805205e-06 0)
(0.00048702562 -2.9507547e-06 0)
(0.00048699344 -2.5686222e-06 0)
(0.00048696325 -2.2294973e-06 0)
(0.00048693504 -1.9291322e-06 0)
(0.0004869088 -1.6636358e-06 0)
(0.0004868845 -1.429451e-06 0)
(0.00048686206 -1.2233334e-06 0)
(0.00048684142 -1.0423294e-06 0)
(0.00048682247 -8.8375566e-07 0)
(0.00048680514 -7.4517909e-07 0)
(0.00048678932 -6.2439744e-07 0)
(0.00048677491 -5.1942111e-07 0)
(0.00048676183 -4.284559e-07 0)
(0.00048674996 -3.4988661e-07 0)
(0.00048673923 -2.8226185e-07 0)
(0.00048672955 -2.2427963e-07 0)
(0.00048672082 -1.7477413e-07 0)
(0.00048671297 -1.3270325e-07 0)
(0.00048670593 -9.7137203e-08 0)
(0.00048669962 -6.7247883e-08 0)
(0.00048669398 -4.2299132e-08 0)
(0.00048668894 -2.1637763e-08 0)
(0.00048668445 -4.6853365e-09 0)
(0.00048668046 9.0693644e-09 0)
(0.00048667692 2.0077212e-08 0)
(0.00048667378 2.8734997e-08 0)
(0.00048667101 3.5391133e-08 0)
(0.00048666856 4.0350828e-08 0)
(0.00048666641 4.3880777e-08 0)
(0.00048666451 4.6213409e-08 0)
(0.00048666285 4.7550719e-08 0)
(0.0004866614 4.8067722e-08 0)
(0.00048666013 4.7915567e-08 0)
(0.00048665903 4.7224332e-08 0)
(0.00048665807 4.6105527e-08 0)
(0.00048665724 4.4654343e-08 0)
(0.00048665652 4.2951656e-08 0)
(0.00048665591 4.1065815e-08 0)
(0.00048665538 3.9054242e-08 0)
(0.00048665493 3.6964843e-08 0)
(0.00048665455 3.483727e-08 0)
(0.00048665422 3.2704032e-08 0)
(0.00048665395 3.0591482e-08 0)
(0.00048665372 2.8520681e-08 0)
(0.00048665353 2.6508168e-08 0)
(0.00048665337 2.4566626e-08 0)
(0.00048665325 2.2705474e-08 0)
(0.00048665314 2.0931377e-08 0)
(0.00048665306 1.9248698e-08 0)
(0.00048665299 1.7659884e-08 0)
(0.00048665294 1.6165805e-08 0)
(0.00048665291 1.4766043e-08 0)
(0.00048665288 1.3459148e-08 0)
(0.00048665286 1.2242847e-08 0)
(0.00048665285 1.1114232e-08 0)
(0.00048665285 1.0069914e-08 0)
(0.00048665284 9.1061537e-09 0)
(0.00048665285 8.2189754e-09 0)
(0.00048665285 7.4042567e-09 0)
(0.00048665286 6.657806e-09 0)
(0.00048665287 5.975425e-09 0)
(0.00048665289 5.3529595e-09 0)
(0.0004866529 4.7863398e-09 0)
(0.00048665291 4.2716126e-09 0)
(0.00048665292 3.8049654e-09 0)
(0.00048665294 3.3827443e-09 0)
(0.00048665295 3.0014671e-09 0)
(0.00048665296 2.6578308e-09 0)
(0.00048665297 2.3487172e-09 0)
(0.00048665298 2.0711934e-09 0)
(0.00048665299 1.8225111e-09 0)
(0.000486653 1.6001038e-09 0)
(0.00048665301 1.401582e-09 0)
(0.00048665302 1.2247273e-09 0)
(0.00048665303 1.0674856e-09 0)
(0.00048665304 9.2795974e-10 0)
(0.00048665304 8.044015e-10 0)
(0.00048665305 6.9520341e-10 0)
(0.00048665305 5.9889041e-10 0)
(0.00048665306 5.1411145e-10 0)
(0.00048665306 4.3963128e-10 0)
(0.00048665307 3.7432232e-10 0)
(0.00048665307 3.1715679e-10 0)
(0.00048665307 2.6719912e-10 0)
(0.00048665308 2.2359867e-10 0)
(0.00048665308 1.8558282e-10 0)
(0.00048665308 1.5245037e-10 0)
(0.00048665308 1.2356533e-10 0)
(0.00048665308 9.8351098e-11 0)
(0.00048665308 7.6284983e-11 0)
(0.00048665308 5.6893128e-11 0)
(0.00048665308 3.9745763e-11 0)
(0.00048665308 2.4452827e-11 0)
(0.00048665308 1.0659924e-11 0)
(0.00048665308 -1.9553889e-12 0)
(0.00048665308 -1.3687001e-11 0)
(0.00048665308 -2.480335e-11 0)
(0.00048665308 -3.5550233e-11 0)
(0.00048665308 -4.6153346e-11 0)
(0.00048665308 -5.6820564e-11 0)
(0.00048665308 -6.7743976e-11 0)
(0.00048665307 -7.9101688e-11 0)
(0.00048665307 -9.10594e-11 0)
(0.00048665307 -1.0377178e-10 0)
(0.00048665307 -1.1738364e-10 0)
(0.00048665306 -1.3203092e-10 0)
(0.00048665306 -1.4784149e-10 0)
(0.00048665306 -1.6493579e-10 0)
(0.00048665305 -1.834273e-10 0)
(0.00048665305 -2.0342289e-10 0)
(0.00048665305 -2.2502295e-10 0)
(0.00048665304 -2.4832147e-10 0)
(0.00048665304 -2.7340589e-10 0)
(0.00048665303 -3.0035692e-10 0)
(0.00048665302 -3.2924816e-10 0)
(0.00048665302 -3.6014561e-10 0)
(0.00048665301 -3.931071e-10 0)
(0.00048665301 -4.2818159e-10 0)
(0.000486653 -4.6540831e-10 0)
(0.00048665299 -5.0481586e-10 0)
(0.00048665298 -5.4642121e-10 0)
(0.00048665298 -5.9022848e-10 0)
(0.00048665297 -6.3622776e-10 0)
(0.00048665296 -6.8439376e-10 0)
(0.00048665295 -7.3468431e-10 0)
(0.00048665294 -7.8703886e-10 0)
(0.00048665293 -8.4137676e-10 0)
(0.00048665292 -8.9759552e-10 0)
(0.00048665291 -9.5556893e-10 0)
(0.0004866529 -1.015145e-09 0)
(0.00048665289 -1.076144e-09 0)
(0.00048665288 -1.138356e-09 0)
(0.00048665287 -1.2015386e-09 0)
(0.00048665285 -1.2654147e-09 0)
(0.00048665284 -1.3296697e-09 0)
(0.00048665283 -1.393949e-09 0)
(0.00048665282 -1.4578552e-09 0)
(0.00048665281 -1.5209459e-09 0)
(0.0004866528 -1.5827306e-09 0)
(0.00048665279 -1.642669e-09 0)
(0.00048665278 -1.7001686e-09 0)
(0.00048665277 -1.7545834e-09 0)
(0.00048665276 -1.8052134e-09 0)
(0.00048665275 -1.8513041e-09 0)
(0.00048665275 -1.8920487e-09 0)
(0.00048665274 -1.9265898e-09 0)
(0.00048665273 -1.9540202e-09 0)
(0.00048665273 -1.9734123e-09 0)
(0.00048665272 -1.9838502e-09 0)
(0.00048665272 -1.9841978e-09 0)
(0.00048665271 -1.9717667e-09 0)
(0.00039112815 -1.0939509e-05 0)
(0.00039299352 -3.0742962e-05 0)
(0.00039647887 -4.8232883e-05 0)
(0.00040123849 -6.3252721e-05 0)
(0.00040689664 -7.5745955e-05 0)
(0.0004131361 -8.5743426e-05 0)
(0.00041966704 -9.3351608e-05 0)
(0.0004262398 -9.8736892e-05 0)
(0.00043265181 -0.00010210818 0)
(0.00043874822 -0.00010370003 0)
(0.00044441922 -0.00010375772 0)
(0.00044959495 -0.00010252504 0)
(0.00045423925 -0.00010023505 0)
(0.00045834296 -9.7103671e-05 0)
(0.00046191751 -9.332575e-05 0)
(0.00046498913 -8.9073179e-05 0)
(0.00046759383 -8.4494548e-05 0)
(0.00046977346 -7.9715907e-05 0)
(0.00047157247 -7.4842261e-05 0)
(0.00047303559 -6.9959498e-05 0)
(0.00047420613 -6.5136507e-05 0)
(0.00047512481 -6.042734e-05 0)
(0.00047582915 -5.5873305e-05 0)
(0.00047635303 -5.1504901e-05 0)
(0.00047672663 -4.7343593e-05 0)
(0.00047697648 -4.3403374e-05 0)
(0.00047712564 -3.969214e-05 0)
(0.00047719391 -3.6212877e-05 0)
(0.00047719821 -3.296467e-05 0)
(0.0004771528 -2.9943555e-05 0)
(0.00047706961 -2.7143243e-05 0)
(0.00047695856 -2.4555705e-05 0)
(0.00047682779 -2.2171669e-05 0)
(0.00047668393 -1.9981019e-05 0)
(0.00047653233 -1.7973122e-05 0)
(0.00047637724 -1.6137083e-05 0)
(0.000476222 -1.4461962e-05 0)
(0.00047606918 -1.2936927e-05 0)
(0.00047592073 -1.1551386e-05 0)
(0.00047577806 -1.029508e-05 0)
(0.00047564218 -9.1581501e-06 0)
(0.00047551374 -8.1311896e-06 0)
(0.00047539314 -7.2052748e-06 0)
(0.00047528052 -6.3719833e-06 0)
(0.0004751759 -5.6234022e-06 0)
(0.00047507914 -4.9521275e-06 0)
(0.00047499002 -4.3512562e-06 0)
(0.00047490822 -3.8143739e-06 0)
(0.0004748334 -3.3355383e-06 0)
(0.00047476518 -2.9092602e-06 0)
(0.00047470316 -2.5304819e-06 0)
(0.00047464693 -2.1945549e-06 0)
(0.00047459608 -1.8972165e-06 0)
(0.00047455022 -1.6345667e-06 0)
(0.00047450894 -1.4030447e-06 0)
(0.00047447188 -1.1994059e-06 0)
(0.00047443868 -1.0206996e-06 0)
(0.00047440901 -8.6424763e-07 0)
(0.00047438254 -7.276235e-07 0)
(0.00047435899 -6.0863275e-07 0)
(0.00047433808 -5.0529435e-07 0)
(0.00047431955 -4.1582304e-07 0)
(0.00047430317 -3.3861281e-07 0)
(0.00047428872 -2.7222142e-07 0)
(0.000474276 -2.1535594e-07 0)
(0.00047426484 -1.6685933e-07 0)
(0.00047425507 -1.2569796e-07 0)
(0.00047424653 -9.0950129e-08 0)
(0.0004742391 -6.1795398e-08 0)
(0.00047423264 -3.7504839e-08 0)
(0.00047422705 -1.7432043e-08 0)
(0.00047422222 -1.0048996e-09 0)
(0.00047421808 1.2281928e-08 0)
(0.00047421452 2.2873864e-08 0)
(0.00047421149 3.1162672e-08 0)
(0.00047420892 3.7492137e-08 0)
(0.00047420675 4.2163219e-08 0)
(0.00047420493 4.543873e-08 0)
(0.00047420341 4.7547547e-08 0)
(0.00047420215 4.8688433e-08 0)
(0.00047420113 4.9033467e-08 0)
(0.00047420029 4.8731132e-08 0)
(0.00047419963 4.7909093e-08 0)
(0.0004741991 4.6676683e-08 0)
(0.0004741987 4.5127127e-08 0)
(0.0004741984 4.3339533e-08 0)
(0.00047419819 4.1380665e-08 0)
(0.00047419805 3.9306519e-08 0)
(0.00047419797 3.7163728e-08 0)
(0.00047419793 3.4990806e-08 0)
(0.00047419794 3.2819248e-08 0)
(0.00047419798 3.0674503e-08 0)
(0.00047419805 2.8576832e-08 0)
(0.00047419813 2.6542063e-08 0)
(0.00047419823 2.4582251e-08 0)
(0.00047419834 2.2706258e-08 0)
(0.00047419846 2.0920263e-08 0)
(0.00047419858 1.9228197e-08 0)
(0.0004741987 1.7632132e-08 0)
(0.00047419882 1.6132607e-08 0)
(0.00047419894 1.4728919e-08 0)
(0.00047419906 1.3419366e-08 0)
(0.00047419917 1.2201459e-08 0)
(0.00047419928 1.1072103e-08 0)
(0.00047419939 1.0027746e-08 0)
(0.00047419949 9.0645123e-09 0)
(0.00047419958 8.1783061e-09 0)
(0.00047419967 7.3649046e-09 0)
(0.00047419975 6.6200308e-09 0)
(0.00047419983 5.9394145e-09 0)
(0.0004741999 5.3188415e-09 0)
(0.00047419997 4.7541921e-09 0)
(0.00047420003 4.241472e-09 0)
(0.00047420008 3.7768352e-09 0)
(0.00047420014 3.3566012e-09 0)
(0.00047420018 2.9772662e-09 0)
(0.00047420022 2.6355111e-09 0)
(0.00047420026 2.328205e-09 0)
(0.0004742003 2.0524061e-09 0)
(0.00047420033 1.8053602e-09 0)
(0.00047420036 1.5844971e-09 0)
(0.00047420039 1.3874255e-09 0)
(0.00047420041 1.2119268e-09 0)
(0.00047420043 1.0559484e-09 0)
(0.00047420045 9.1759519e-10 0)
(0.00047420046 7.9512215e-10 0)
(0.00047420048 6.8692551e-10 0)
(0.00047420049 5.9153438e-10 0)
(0.0004742005 5.0760223e-10 0)
(0.00047420051 4.3389852e-10 0)
(0.00047420052 3.6930052e-10 0)
(0.00047420053 3.1278533e-10 0)
(0.00047420054 2.6342224e-10 0)
(0.00047420054 2.2036541e-10 0)
(0.00047420055 1.828469e-10 0)
(0.00047420055 1.5017006e-10 0)
(0.00047420055 1.2170326e-10 0)
(0.00047420056 9.6874116e-11 0)
(0.00047420056 7.5163945e-11 0)
(0.00047420056 5.6102702e-11 0)
(0.00047420056 3.9264229e-11 0)
(0.00047420056 2.426188e-11 0)
(0.00047420056 1.0744472e-11 0)
(0.00047420056 -1.6074182e-12 0)
(0.00047420056 -1.3084853e-11 0)
(0.00047420056 -2.3953627e-11 0)
(0.00047420056 -3.4457074e-11 0)
(0.00047420056 -4.4818601e-11 0)
(0.00047420056 -5.5243961e-11 0)
(0.00047420056 -6.5923285e-11 0)
(0.00047420055 -7.7032875e-11 0)
(0.00047420055 -8.8736783e-11 0)
(0.00047420055 -1.0118818e-10 0)
(0.00047420054 -1.1453051e-10 0)
(0.00047420054 -1.2889851e-10 0)
(0.00047420053 -1.4441898e-10 0)
(0.00047420053 -1.6121143e-10 0)
(0.00047420052 -1.7938857e-10 0)
(0.00047420052 -1.9905661e-10 0)
(0.00047420051 -2.2031547e-10 0)
(0.0004742005 -2.4325879e-10 0)
(0.0004742005 -2.6797386e-10 0)
(0.00047420049 -2.9454136e-10 0)
(0.00047420048 -3.2303507e-10 0)
(0.00047420047 -3.5352134e-10 0)
(0.00047420046 -3.8605856e-10 0)
(0.00047420045 -4.2069643e-10 0)
(0.00047420044 -4.5747519e-10 0)
(0.00047420043 -4.9642467e-10 0)
(0.00047420041 -5.3756329e-10 0)
(0.0004742004 -5.8089695e-10 0)
(0.00047420039 -6.2641781e-10 0)
(0.00047420037 -6.7410293e-10 0)
(0.00047420036 -7.2391284e-10 0)
(0.00047420034 -7.7579006e-10 0)
(0.00047420032 -8.2965737e-10 0)
(0.0004742003 -8.8541609e-10 0)
(0.00047420028 -9.4294422e-10 0)
(0.00047420026 -1.0020944e-09 0)
(0.00047420024 -1.0626918e-09 0)
(0.00047420022 -1.1245319e-09 0)
(0.0004742002 -1.1873781e-09 0)
(0.00047420018 -1.2509591e-09 0)
(0.00047420015 -1.3149662e-09 0)
(0.00047420013 -1.379051e-09 0)
(0.00047420011 -1.4428219e-09 0)
(0.00047420008 -1.5058417e-09 0)
(0.00047420006 -1.5676248e-09 0)
(0.00047420003 -1.6276341e-09 0)
(0.0004742 -1.6852793e-09 0)
(0.00047419998 -1.7399144e-09 0)
(0.00047419995 -1.790837e-09 0)
(0.00047419993 -1.837288e-09 0)
(0.0004741999 -1.8784531e-09 0)
(0.00047419988 -1.9134647e-09 0)
(0.00047419985 -1.9414042e-09 0)
(0.00047419983 -1.9613313e-09 0)
(0.00047419981 -1.9723159e-09 0)
(0.00047419979 -1.9732149e-09 0)
(0.00047419976 -1.9614512e-09 0)
(0.00039113869 -1.1804406e-05 0)
(0.00039311775 -3.3086913e-05 0)
(0.00039678438 -5.1772778e-05 0)
(0.00040174553 -6.7690718e-05 0)
(0.00040757814 -8.079023e-05 0)
(0.00041392808 -9.1124537e-05 0)
(0.0004204785 -9.8834317e-05 0)
(0.00042696361 -0.00010412703 0)
(0.00043317512 -0.0001072549 0)
(0.00043896126 -0.00010849436 0)
(0.0004442219 -0.00010812854 0)
(0.00044890129 -0.00010643358 0)
(0.00045297975 -0.00010366871 0)
(0.00045646537 -0.00010006997 0)
(0.0004593863 -9.5846795e-05 0)
(0.00046178411 -9.1180842e-05 0)
(0.00046370835 -8.622654e-05 0)
(0.00046521227 -8.1112685e-05 0)
(0.00046634965 -7.5944705e-05 0)
(0.00046717249 -7.0807251e-05 0)
(0.00046772959 -6.5766862e-05 0)
(0.00046806556 -6.0874563e-05 0)
(0.00046822043 -5.6168276e-05 0)
(0.0004682295 -5.1675013e-05 0)
(0.00046812345 -4.7412803e-05 0)
(0.0004679286 -4.339238e-05 0)
(0.00046766724 -3.9618625e-05 0)
(0.00046735804 -3.6091785e-05 0)
(0.00046701646 -3.2808499e-05 0)
(0.00046665512 -2.9762653e-05 0)
(0.0004662842 -2.694608e-05 0)
(0.0004659118 -2.4349137e-05 0)
(0.00046554423 -2.1961173e-05 0)
(0.00046518632 -1.9770904e-05 0)
(0.00046484167 -1.7766715e-05 0)
(0.00046451283 -1.5936898e-05 0)
(0.00046420152 -1.4269836e-05 0)
(0.00046390881 -1.2754149e-05 0)
(0.0004636352 -1.1378795e-05 0)
(0.00046338078 -1.0133158e-05 0)
(0.0004631453 -9.007093e-06 0)
(0.00046292827 -7.9909727e-06 0)
(0.000462729 -7.075702e-06 0)
(0.00046254669 -6.2527306e-06 0)
(0.00046238043 -5.5140526e-06 0)
(0.00046222928 -4.852199e-06 0)
(0.00046209225 -4.2602247e-06 0)
(0.00046196836 -3.7316917e-06 0)
(0.00046185664 -3.2606485e-06 0)
(0.00046175614 -2.8416074e-06 0)
(0.00046166597 -2.4695211e-06 0)
(0.00046158524 -2.139758e-06 0)
(0.00046151313 -1.8480768e-06 0)
(0.00046144888 -1.5906021e-06 0)
(0.00046139176 -1.3637997e-06 0)
(0.00046134109 -1.1644529e-06 0)
(0.00046129625 -9.8963938e-07 0)
(0.00046125666 -8.3670905e-07 0)
(0.00046122178 -7.0326307e-07 0)
(0.00046119115 -5.8713381e-07 0)
(0.0004611643 -4.8636594e-07 0)
(0.00046114083 -3.9919869e-07 0)
(0.00046112037 -3.2404919e-07 0)
(0.0004611026 -2.5949693e-07 0)
(0.0004610872 -2.042693e-07 0)
(0.00046107391 -1.5722816e-07 0)
(0.00046106247 -1.173574e-07 0)
(0.00046105267 -8.3751473e-08 0)
(0.00046104432 -5.5604823e-08 0)
(0.00046103722 -3.2202161e-08 0)
(0.00046103123 -1.2909553e-08 0)
(0.00046102619 2.8337328e-09 0)
(0.000461022 1.552268e-08 0)
(0.00046101853 2.5593317e-08 0)
(0.00046101569 3.3428897e-08 0)
(0.00046101339 3.9365516e-08 0)
(0.00046101156 4.36972e-08 0)
(0.00046101012 4.6680521e-08 0)
(0.00046100901 4.8538753e-08 0)
(0.0004610082 4.9465635e-08 0)
(0.00046100762 4.9628753e-08 0)
(0.00046100724 4.9172578e-08 0)
(0.00046100703 4.8221201e-08 0)
(0.00046100695 4.6880776e-08 0)
(0.00046100699 4.5241707e-08 0)
(0.00046100711 4.3380602e-08 0)
(0.00046100731 4.1362017e-08 0)
(0.00046100756 3.9239999e-08 0)
(0.00046100785 3.7059469e-08 0)
(0.00046100817 3.4857433e-08 0)
(0.00046100851 3.266407e-08 0)
(0.00046100886 3.0503677e-08 0)
(0.00046100921 2.8395512e-08 0)
(0.00046100957 2.6354531e-08 0)
(0.00046100992 2.4392033e-08 0)
(0.00046101026 2.2516232e-08 0)
(0.0004610106 2.0732744e-08 0)
(0.00046101092 1.9045021e-08 0)
(0.00046101122 1.7454725e-08 0)
(0.00046101151 1.5962048e-08 0)
(0.00046101179 1.4565993e-08 0)
(0.00046101205 1.3264613e-08 0)
(0.00046101229 1.2055213e-08 0)
(0.00046101252 1.0934527e-08 0)
(0.00046101273 9.8988672e-09 0)
(0.00046101293 8.9442433e-09 0)
(0.00046101311 8.0664712e-09 0)
(0.00046101327 7.2612578e-09 0)
(0.00046101343 6.5242726e-09 0)
(0.00046101357 5.8512061e-09 0)
(0.0004610137 5.2378161e-09 0)
(0.00046101382 4.6799654e-09 0)
(0.00046101392 4.17365e-09 0)
(0.00046101402 3.7150208e-09 0)
(0.00046101411 3.3003999e-09 0)
(0.00046101419 2.9262906e-09 0)
(0.00046101426 2.5893839e-09 0)
(0.00046101433 2.2865621e-09 0)
(0.00046101438 2.0148985e-09 0)
(0.00046101444 1.7716554e-09 0)
(0.00046101448 1.5542799e-09 0)
(0.00046101452 1.3603988e-09 0)
(0.00046101456 1.1878121e-09 0)
(0.00046101459 1.034485e-09 0)
(0.00046101462 8.9854096e-10 0)
(0.00046101465 7.7825239e-10 0)
(0.00046101467 6.7203276e-10 0)
(0.00046101469 5.7842773e-10 0)
(0.00046101471 4.9610665e-10 0)
(0.00046101473 4.2385413e-10 0)
(0.00046101474 3.6056178e-10 0)
(0.00046101475 3.0522029e-10 0)
(0.00046101476 2.5691175e-10 0)
(0.00046101477 2.1480235e-10 0)
(0.00046101478 1.781354e-10 0)
(0.00046101478 1.4622476e-10 0)
(0.00046101479 1.1844864e-10 0)
(0.00046101479 9.4243775e-11 0)
(0.0004610148 7.3099978e-11 0)
(0.0004610148 5.4555086e-11 0)
(0.0004610148 3.8190252e-11 0)
(0.0004610148 2.36256e-11 0)
(0.0004610148 1.0516218e-11 0)
(0.0004610148 -1.4515141e-12 0)
(0.0004610148 -1.2563292e-11 0)
(0.0004610148 -2.3079946e-11 0)
(0.0004610148 -3.3240221e-11 0)
(0.0004610148 -4.326328e-11 0)
(0.0004610148 -5.3350956e-11 0)
(0.00046101479 -6.3689756e-11 0)
(0.00046101479 -7.4452641e-11 0)
(0.00046101479 -8.5800578e-11 0)
(0.00046101478 -9.7883899e-11 0)
(0.00046101478 -1.1084345e-10 0)
(0.00046101477 -1.2481158e-10 0)
(0.00046101477 -1.3991291e-10 0)
(0.00046101476 -1.56265e-10 0)
(0.00046101475 -1.7397879e-10 0)
(0.00046101475 -1.9315895e-10 0)
(0.00046101474 -2.1390404e-10 0)
(0.00046101473 -2.3630656e-10 0)
(0.00046101472 -2.6045287e-10 0)
(0.00046101471 -2.8642298e-10 0)
(0.0004610147 -3.1429018e-10 0)
(0.00046101468 -3.4412063e-10 0)
(0.00046101467 -3.7597276e-10 0)
(0.00046101466 -4.0989663e-10 0)
(0.00046101464 -4.4593313e-10 0)
(0.00046101463 -4.8411305e-10 0)
(0.00046101461 -5.2445619e-10 0)
(0.00046101459 -5.6697017e-10 0)
(0.00046101457 -6.1164929e-10 0)
(0.00046101455 -6.584732e-10 0)
(0.00046101453 -7.0740556e-10 0)
(0.0004610145 -7.5839247e-10 0)
(0.00046101448 -8.113609e-10 0)
(0.00046101445 -8.6621694e-10 0)
(0.00046101442 -9.2284397e-10 0)
(0.0004610144 -9.8110068e-10 0)
(0.00046101437 -1.040819e-09 0)
(0.00046101433 -1.1018017e-09 0)
(0.0004610143 -1.1638202e-09 0)
(0.00046101427 -1.2266118e-09 0)
(0.00046101423 -1.2898772e-09 0)
(0.0004610142 -1.3532772e-09 0)
(0.00046101416 -1.4164303e-09 0)
(0.00046101412 -1.478909e-09 0)
(0.00046101408 -1.5402369e-09 0)
(0.00046101404 -1.5998858e-09 0)
(0.000461014 -1.6572727e-09 0)
(0.00046101396 -1.7117575e-09 0)
(0.00046101392 -1.7626415e-09 0)
(0.00046101387 -1.8091662e-09 0)
(0.00046101383 -1.8505155e-09 0)
(0.00046101379 -1.8858169e-09 0)
(0.00046101375 -1.9141449e-09 0)
(0.00046101371 -1.93455e-09 0)
(0.00046101367 -1.9460905e-09 0)
(0.00046101363 -1.9476215e-09 0)
(0.00046101358 -1.9367031e-09 0)
(0.00039115128 -1.272676e-05 0)
(0.00039326288 -3.5566199e-05 0)
(0.00039713742 -5.548392e-05 0)
(0.00040232438 -7.2293797e-05 0)
(0.0004083443 -8.5956411e-05 0)
(0.00041480058 -9.6555774e-05 0)
(0.00042134688 -0.00010427674 0)
(0.00042770176 -0.00010937775 0)
(0.00043365385 -0.00011216308 0)
(0.00043905838 -0.00011295789 0)
(0.00044382937 -0.00011208794 0)
(0.00044792954 -0.00010986446 0)
(0.00045135956 -0.00010657399 0)
(0.00045414785 -0.00010247252 0)
(0.00045634156 -9.7782945e-05 0)
(0.00045799914 -9.2695102e-05 0)
(0.00045918446 -8.7367357e-05 0)
(0.00045996247 -8.1929294e-05 0)
(0.0004603961 -7.6484887e-05 0)
(0.00046054422 -7.1115838e-05 0)
(0.00046046044 -6.5884835e-05 0)
(0.00046019253 -6.0838597e-05 0)
(0.00045978226 -5.6010614e-05 0)
(0.00045926555 -5.1423556e-05 0)
(0.00045867284 -4.7091359e-05 0)
(0.00045802956 -4.302099e-05 0)
(0.00045735664 -3.9213939e-05 0)
(0.00045667105 -3.5667451e-05 0)
(0.00045598632 -3.2375547e-05 0)
(0.00045531303 -2.9329851e-05 0)
(0.00045465927 -2.6520274e-05 0)
(0.00045403105 -2.3935548e-05 0)
(0.00045343261 -2.1563664e-05 0)
(0.00045286679 -1.9392219e-05 0)
(0.00045233528 -1.7408679e-05 0)
(0.00045183883 -1.5600594e-05 0)
(0.00045137748 -1.3955754e-05 0)
(0.00045095067 -1.2462309e-05 0)
(0.00045055744 -1.1108857e-05 0)
(0.00045019651 -9.8845061e-06 0)
(0.00044986637 -8.7789114e-06 0)
(0.00044956536 -7.782301e-06 0)
(0.00044929173 -6.8854858e-06 0)
(0.0004490437 -6.0798595e-06 0)
(0.00044881947 -5.3573907e-06 0)
(0.00044861729 -4.710609e-06 0)
(0.00044843544 -4.1325868e-06 0)
(0.00044827226 -3.6169171e-06 0)
(0.00044812619 -3.1576897e-06 0)
(0.00044799573 -2.7494659e-06 0)
(0.00044787948 -2.3872518e-06 0)
(0.00044777614 -2.066472e-06 0)
(0.00044768447 -1.7829429e-06 0)
(0.00044760335 -1.5328468e-06 0)
(0.00044753174 -1.3127063e-06 0)
(0.00044746867 -1.11936e-06 0)
(0.00044741326 -9.4993862e-07 0)
(0.00044736471 -8.018429e-07 0)
(0.00044732228 -6.7272205e-07 0)
(0.00044728531 -5.6045365e-07 0)
(0.00044725319 -4.6312472e-07 0)
(0.00044722536 -3.790139e-07 0)
(0.00044720135 -3.0657491e-07 0)
(0.0004471807 -2.4442106e-07 0)
(0.00044716301 -1.9131084e-07 0)
(0.00044714792 -1.461347e-07 0)
(0.00044713512 -1.0790267e-07 0)
(0.00044712432 -7.5733065e-08 0)
(0.00044711526 -4.8842049e-08 0)
(0.00044710771 -2.6534056e-08 0)
(0.00044710148 -8.1930223e-09 0)
(0.00044709638 6.7256307e-09 0)
(0.00044709225 1.8702317e-08 0)
(0.00044708897 2.8159951e-08 0)
(0.0004470864 3.5470004e-08 0)
(0.00044708444 4.0958011e-08 0)
(0.000447083 4.4908551e-08 0)
(0.00044708199 4.7569757e-08 0)
(0.00044708134 4.9157384e-08 0)
(0.00044708099 4.9858485e-08 0)
(0.00044708088 4.983471e-08 0)
(0.00044708098 4.9225274e-08 0)
(0.00044708124 4.814962e-08 0)
(0.00044708162 4.6709804e-08 0)
(0.0004470821 4.4992624e-08 0)
(0.00044708265 4.3071522e-08 0)
(0.00044708325 4.1008279e-08 0)
(0.00044708389 3.8854522e-08 0)
(0.00044708455 3.665306e-08 0)
(0.00044708521 3.4439068e-08 0)
(0.00044708588 3.2241135e-08 0)
(0.00044708654 3.008219e-08 0)
(0.00044708718 2.7980311e-08 0)
(0.0004470878 2.5949445e-08 0)
(0.0004470884 2.4000032e-08 0)
(0.00044708897 2.2139552e-08 0)
(0.00044708951 2.0373006e-08 0)
(0.00044709002 1.8703329e-08 0)
(0.00044709051 1.7131751e-08 0)
(0.00044709096 1.5658109e-08 0)
(0.00044709138 1.4281113e-08 0)
(0.00044709178 1.2998581e-08 0)
(0.00044709215 1.180763e-08 0)
(0.00044709249 1.0704849e-08 0)
(0.0004470928 9.6864359e-09 0)
(0.00044709309 8.7483191e-09 0)
(0.00044709335 7.8862565e-09 0)
(0.00044709359 7.0959179e-09 0)
(0.00044709382 6.3729532e-09 0)
(0.00044709402 5.713047e-09 0)
(0.0004470942 5.111963e-09 0)
(0.00044709437 4.565579e-09 0)
(0.00044709452 4.0699132e-09 0)
(0.00044709466 3.6211445e-09 0)
(0.00044709478 3.2156269e-09 0)
(0.00044709489 2.8498989e-09 0)
(0.00044709499 2.5206886e-09 0)
(0.00044709508 2.2249168e-09 0)
(0.00044709516 1.9596954e-09 0)
(0.00044709523 1.7223255e-09 0)
(0.00044709529 1.5102926e-09 0)
(0.00044709535 1.3212611e-09 0)
(0.0004470954 1.153067e-09 0)
(0.00044709545 1.0037109e-09 0)
(0.00044709548 8.7134941e-10 0)
(0.00044709552 7.5428706e-10 0)
(0.00044709555 6.5096753e-10 0)
(0.00044709558 5.5996508e-10 0)
(0.0004470956 4.7997592e-10 0)
(0.00044709562 4.0980988e-10 0)
(0.00044709564 3.4838212e-10 0)
(0.00044709565 2.9470531e-10 0)
(0.00044709567 2.4788197e-10 0)
(0.00044709568 2.0709725e-10 0)
(0.00044709569 1.7161204e-10 0)
(0.00044709569 1.4075646e-10 0)
(0.0004470957 1.1392373e-10 0)
(0.00044709571 9.0564443e-11 0)
(0.00044709571 7.0181173e-11 0)
(0.00044709571 5.2323523e-11 0)
(0.00044709572 3.6583476e-11 0)
(0.00044709572 2.2591123e-11 0)
(0.00044709572 1.0010726e-11 0)
(0.00044709572 -1.4628903e-12 0)
(0.00044709572 -1.2107646e-11 0)
(0.00044709572 -2.2177207e-11 0)
(0.00044709572 -3.1903714e-11 0)
(0.00044709572 -4.1500238e-11 0)
(0.00044709571 -5.1162988e-11 0)
(0.00044709571 -6.1073275e-11 0)
(0.00044709571 -7.1399257e-11 0)
(0.0004470957 -8.2297463e-11 0)
(0.0004470957 -9.3914119e-11 0)
(0.00044709569 -1.0638628e-10 0)
(0.00044709569 -1.198428e-10 0)
(0.00044709568 -1.3440507e-10 0)
(0.00044709567 -1.5018772e-10 0)
(0.00044709566 -1.6729898e-10 0)
(0.00044709565 -1.8584109e-10 0)
(0.00044709564 -2.0591044e-10 0)
(0.00044709563 -2.2759761e-10 0)
(0.00044709562 -2.5098733e-10 0)
(0.00044709561 -2.761582e-10 0)
(0.0004470956 -3.0318246e-10 0)
(0.00044709558 -3.321255e-10 0)
(0.00044709556 -3.6304531e-10 0)
(0.00044709555 -3.9599186e-10 0)
(0.00044709553 -4.3100635e-10 0)
(0.00044709551 -4.681203e-10 0)
(0.00044709548 -5.0735467e-10 0)
(0.00044709546 -5.4871874e-10 0)
(0.00044709544 -5.9220901e-10 0)
(0.00044709541 -6.3780791e-10 0)
(0.00044709538 -6.8548251e-10 0)
(0.00044709535 -7.3518298e-10 0)
(0.00044709532 -7.8684113e-10 0)
(0.00044709529 -8.4036866e-10 0)
(0.00044709525 -8.9565542e-10 0)
(0.00044709521 -9.5256744e-10 0)
(0.00044709517 -1.0109449e-09 0)
(0.00044709513 -1.0705999e-09 0)
(0.00044709509 -1.1313142e-09 0)
(0.00044709505 -1.1928361e-09 0)
(0.000447095 -1.2548786e-09 0)
(0.00044709495 -1.3171156e-09 0)
(0.0004470949 -1.379179e-09 0)
(0.00044709485 -1.4406555e-09 0)
(0.0004470948 -1.501083e-09 0)
(0.00044709474 -1.5599473e-09 0)
(0.00044709469 -1.6166784e-09 0)
(0.00044709463 -1.6706481e-09 0)
(0.00044709458 -1.7211669e-09 0)
(0.00044709452 -1.7674837e-09 0)
(0.00044709446 -1.8087858e-09 0)
(0.0004470944 -1.844201e-09 0)
(0.00044709435 -1.872801e-09 0)
(0.00044709429 -1.893631e-09 0)
(0.00044709423 -1.9057395e-09 0)
(0.00044709418 -1.9079814e-09 0)
(0.0004470941 -1.8980802e-09 0)
(0.00039116644 -1.3716527e-05 0)
(0.00039343338 -3.8202006e-05 0)
(0.00039754702 -5.9389201e-05 0)
(0.00040298652 -7.7077816e-05 0)
(0.00040920507 -9.1246896e-05 0)
(0.00041575737 -0.0001020226 0)
(0.00042226563 -0.00010964682 0)
(0.00042843437 -0.00011444124 0)
(0.00043405321 -0.00011677244 0)
(0.00043898979 -0.0001170219 0)
(0.00044317797 -0.00011556285 0)
(0.00044660417 -0.00011274401 0)
(0.00044929377 -0.00010887969 0)
(0.00045129881 -0.00010424485 0)
(0.00045268766 -9.9074087e-05 0)
(0.00045353691 -9.3563069e-05 0)
(0.00045392527 -8.7871669e-05 0)
(0.00045392927 -8.212788e-05 0)
(0.00045362047 -7.6432043e-05 0)
(0.0004530638 -7.0861002e-05 0)
(0.00045231677 -6.5471984e-05 0)
(0.00045142927 -6.0306084e-05 0)
(0.00045044381 -5.5391306e-05 0)
(0.00044939601 -5.074517e-05 0)
(0.0004483152 -4.6376903e-05 0)
(0.00044722514 -4.2289269e-05 0)
(0.0004461447 -3.8480061e-05 0)
(0.00044508858 -3.4943327e-05 0)
(0.00044406788 -3.1670359e-05 0)
(0.00044309076 -2.8650479e-05 0)
(0.00044216285 -2.5871674e-05 0)
(0.00044128778 -2.3321093e-05 0)
(0.00044046754 -2.0985438e-05 0)
(0.00043970281 -1.8851262e-05 0)
(0.00043899322 -1.690521e-05 0)
(0.00043833764 -1.5134187e-05 0)
(0.00043773432 -1.3525489e-05 0)
(0.00043718107 -1.2066902e-05 0)
(0.00043667544 -1.074676e-05 0)
(0.00043621474 -9.5539922e-06 0)
(0.0004357962 -8.478143e-06 0)
(0.00043541701 -7.5093844e-06 0)
(0.00043507436 -6.6385139e-06 0)
(0.0004347655 -5.8569452e-06 0)
(0.00043448779 -5.156692e-06 0)
(0.00043423866 -4.5303484e-06 0)
(0.00043401569 -3.9710642e-06 0)
(0.00043381658 -3.4725194e-06 0)
(0.00043363919 -3.0288965e-06 0)
(0.0004334815 -2.6348521e-06 0)
(0.00043334164 -2.2854887e-06 0)
(0.00043321788 -1.9763262e-06 0)
(0.00043310863 -1.7032742e-06 0)
(0.00043301241 -1.4626049e-06 0)
(0.00043292787 -1.250927e-06 0)
(0.00043285379 -1.065161e-06 0)
(0.00043278905 -9.0251473e-07 0)
(0.00043273263 -7.6046141e-07 0)
(0.00043268361 -6.3671781e-07 0)
(0.00043264114 -5.2922435e-07 0)
(0.00043260449 -4.361262e-07 0)
(0.00043257296 -3.5575567e-07 0)
(0.00043254595 -2.866158e-07 0)
(0.00043252292 -2.2736508e-07 0)
(0.00043250336 -1.7680336e-07 0)
(0.00043248686 -1.3385871e-07 0)
(0.00043247301 -9.7575422e-08 0)
(0.00043246148 -6.7102886e-08 0)
(0.00043245195 -4.1685379e-08 0)
(0.00043244415 -2.0652733e-08 0)
(0.00043243785 -3.4117704e-09 0)
(0.00043243282 1.0561503e-08 0)
(0.00043242889 2.1729025e-08 0)
(0.00043242589 3.0497158e-08 0)
(0.00043242368 3.7222579e-08 0)
(0.00043242213 4.2217619e-08 0)
(0.00043242113 4.57551e-08 0)
(0.00043242059 4.8072706e-08 0)
(0.00043242043 4.9376927e-08 0)
(0.00043242057 4.9846614e-08 0)
(0.00043242096 4.9636173e-08 0)
(0.00043242154 4.8878434e-08 0)
(0.00043242227 4.768723e-08 0)
(0.00043242311 4.6159691e-08 0)
(0.00043242403 4.4378307e-08 0)
(0.00043242501 4.2412762e-08 0)
(0.00043242602 4.0321565e-08 0)
(0.00043242704 3.8153502e-08 0)
(0.00043242806 3.5948926e-08 0)
(0.00043242906 3.3740895e-08 0)
(0.00043243005 3.1556181e-08 0)
(0.000432431 2.9416156e-08 0)
(0.00043243192 2.7337575e-08 0)
(0.00043243279 2.5333263e-08 0)
(0.00043243363 2.3412714e-08 0)
(0.00043243442 2.1582618e-08 0)
(0.00043243516 1.9847319e-08 0)
(0.00043243586 1.8209209e-08 0)
(0.00043243651 1.6669079e-08 0)
(0.00043243712 1.522641e-08 0)
(0.00043243769 1.3879632e-08 0)
(0.00043243821 1.2626344e-08 0)
(0.00043243869 1.1463499e-08 0)
(0.00043243914 1.0387567e-08 0)
(0.00043243955 9.3946641e-09 0)
(0.00043243993 8.480669e-09 0)
(0.00043244027 7.6413162e-09 0)
(0.00043244058 6.8722735e-09 0)
(0.00043244087 6.1692059e-09 0)
(0.00043244113 5.5278271e-09 0)
(0.00043244136 4.9439408e-09 0)
(0.00043244157 4.4134729e-09 0)
(0.00043244177 3.932496e-09 0)
(0.00043244194 3.4972478e-09 0)
(0.00043244209 3.1041437e-09 0)
(0.00043244223 2.749785e-09 0)
(0.00043244236 2.4309636e-09 0)
(0.00043244247 2.1446631e-09 0)
(0.00043244257 1.8880579e-09 0)
(0.00043244266 1.6585093e-09 0)
(0.00043244274 1.4535617e-09 0)
(0.00043244281 1.2709355e-09 0)
(0.00043244287 1.1085207e-09 0)
(0.00043244293 9.643688e-10 0)
(0.00043244297 8.3668497e-10 0)
(0.00043244302 7.2381928e-10 0)
(0.00043244305 6.2425824e-10 0)
(0.00043244309 5.3661616e-10 0)
(0.00043244311 4.5962668e-10 0)
(0.00043244314 3.921344e-10 0)
(0.00043244316 3.3308684e-10 0)
(0.00043244318 2.8152658e-10 0)
(0.00043244319 2.3658383e-10 0)
(0.00043244321 1.9746929e-10 0)
(0.00043244322 1.634674e-10 0)
(0.00043244323 1.3392993e-10 0)
(0.00043244324 1.0827002e-10 0)
(0.00043244324 8.5956552e-11 0)
(0.00043244325 6.6508903e-11 0)
(0.00043244325 4.949207e-11 0)
(0.00043244326 3.4512164e-11 0)
(0.00043244326 2.1212233e-11 0)
(0.00043244326 9.2684271e-12 0)
(0.00043244326 -1.6135196e-12 0)
(0.00043244326 -1.1701504e-11 0)
(0.00043244326 -2.1239978e-11 0)
(0.00043244326 -3.0452603e-11 0)
(0.00043244326 -3.9544638e-11 0)
(0.00043244325 -4.8705081e-11 0)
(0.00043244325 -5.8108586e-11 0)
(0.00043244325 -6.791715e-11 0)
(0.00043244324 -7.8281599e-11 0)
(0.00043244324 -8.9342873e-11 0)
(0.00043244323 -1.0123313e-10 0)
(0.00043244322 -1.1407669e-10 0)
(0.00043244322 -1.2799074e-10 0)
(0.00043244321 -1.4308603e-10 0)
(0.0004324432 -1.5946722e-10 0)
(0.00043244319 -1.7723331e-10 0)
(0.00043244318 -1.964777e-10 0)
(0.00043244316 -2.1728833e-10 0)
(0.00043244315 -2.3974757e-10 0)
(0.00043244313 -2.6393204e-10 0)
(0.00043244312 -2.8991227e-10 0)
(0.0004324431 -3.1775234e-10 0)
(0.00043244308 -3.4750932e-10 0)
(0.00043244306 -3.7923268e-10 0)
(0.00043244304 -4.1296354e-10 0)
(0.00043244301 -4.4873387e-10 0)
(0.00043244299 -4.8656559e-10 0)
(0.00043244296 -5.2646954e-10 0)
(0.00043244293 -5.6844441e-10 0)
(0.0004324429 -6.1247551e-10 0)
(0.00043244286 -6.5853354e-10 0)
(0.00043244283 -7.0657317e-10 0)
(0.00043244279 -7.5653155e-10 0)
(0.00043244275 -8.0832674e-10 0)
(0.00043244271 -8.6185595e-10 0)
(0.00043244266 -9.1699374e-10 0)
(0.00043244261 -9.7359002e-10 0)
(0.00043244256 -1.0314679e-09 0)
(0.00043244251 -1.0904212e-09 0)
(0.00043244246 -1.1502122e-09 0)
(0.0004324424 -1.2105686e-09 0)
(0.00043244234 -1.2711806e-09 0)
(0.00043244228 -1.3316976e-09 0)
(0.00043244222 -1.3917247e-09 0)
(0.00043244215 -1.4508187e-09 0)
(0.00043244209 -1.5084847e-09 0)
(0.00043244202 -1.5641717e-09 0)
(0.00043244195 -1.617269e-09 0)
(0.00043244188 -1.6671034e-09 0)
(0.0004324418 -1.7129366e-09 0)
(0.00043244173 -1.7539657e-09 0)
(0.00043244166 -1.7893238e-09 0)
(0.00043244159 -1.8180844e-09 0)
(0.00043244151 -1.8392898e-09 0)
(0.00043244144 -1.8519794e-09 0)
(0.00043244137 -1.8550116e-09 0)
(0.00043244128 -1.8462904e-09 0)
(0.00039118488 -1.4785907e-05 0)
(0.00039363506 -4.1019584e-05 0)
(0.00039802441 -6.3514673e-05 0)
(0.00040374552 -8.205877e-05 0)
(0.00041017096 -9.6660127e-05 0)
(0.00041680003 -0.00010750247 0)
(0.00042322246 -0.00011490128 0)
(0.00042913206 -0.00011925652 0)
(0.00043432555 -0.00012100898 0)
(0.00043869019 -0.00012060464 0)
(0.00044218678 -0.00011846881 0)
(0.0004448316 -0.00011498939 0)
(0.00044667947 -0.00011050789 0)
(0.00044780937 -0.00010531634 0)
(0.00044831292 -9.9658192e-05 0)
(0.00044828568 -9.3731924e-05 0)
(0.00044782121 -8.7695853e-05 0)
(0.00044700701 -8.1673573e-05 0)
(0.00044592228 -7.5759333e-05 0)
(0.0004446368 -7.0023055e-05 0)
(0.00044321067 -6.451483e-05 0)
(0.00044169464 -5.9268809e-05 0)
(0.00044013075 -5.4306509e-05 0)
(0.00043855318 -4.9639558e-05 0)
(0.00043698918 -4.5271957e-05 0)
(0.00043545999 -4.1201914e-05 0)
(0.00043398171 -3.7423315e-05 0)
(0.00043256612 -3.3926905e-05 0)
(0.00043122145 -3.0701211e-05 0)
(0.00042995296 -2.773328e-05 0)
(0.00042876356 -2.5009244e-05 0)
(0.00042765424 -2.2514758e-05 0)
(0.00042662452 -2.0235342e-05 0)
(0.00042567276 -1.8156632e-05 0)
(0.00042479648 -1.6264569e-05 0)
(0.00042399255 -1.4545539e-05 0)
(0.00042325742 -1.2986469e-05 0)
(0.00042258724 -1.1574896e-05 0)
(0.00042197804 -1.0299003e-05 0)
(0.00042142575 -9.147645e-06 0)
(0.00042092636 -8.1103562e-06 0)
(0.0004204759 -7.1773442e-06 0)
(0.00042007055 -6.3394787e-06 0)
(0.00041970665 -5.588272e-06 0)
(0.00041938068 -4.9158561e-06 0)
(0.00041908936 -4.3149556e-06 0)
(0.00041882956 -3.7788588e-06 0)
(0.0004185984 -3.3013884e-06 0)
(0.00041839317 -2.8768698e-06 0)
(0.00041821138 -2.5001014e-06 0)
(0.0004180507 -2.1663238e-06 0)
(0.00041790902 -1.8711902e-06 0)
(0.0004177844 -1.6107375e-06 0)
(0.00041767504 -1.3813591e-06 0)
(0.00041757933 -1.1797779e-06 0)
(0.0004174958 -1.0030213e-06 0)
(0.00041742309 -8.4839733e-07 0)
(0.00041736 -7.1347198e-07 0)
(0.00041730544 -5.960481e-07 0)
(0.00041725841 -4.9414549e-07 0)
(0.00041721803 -4.0598229e-07 0)
(0.0004171835 -3.2995773e-07 0)
(0.00041715411 -2.6463602e-07 0)
(0.00041712923 -2.0873146e-07 0)
(0.00041710827 -1.6109461e-07 0)
(0.00041709074 -1.2069963e-07 0)
(0.00041707619 -8.6632516e-08 0)
(0.00041706421 -5.8080329e-08 0)
(0.00041705446 -3.4321334e-08 0)
(0.00041704661 -1.4715937e-08 0)
(0.00041704041 1.3015775e-09 0)
(0.00041703561 1.423059e-08 0)
(0.00041703198 2.4511022e-08 0)
(0.00041702936 3.2529577e-08 0)
(0.00041702758 3.8625415e-08 0)
(0.0004170265 4.3095291e-08 0)
(0.000417026 4.6198202e-08 0)
(0.00041702597 4.8159586e-08 0)
(0.00041702632 4.917511e-08 0)
(0.00041702697 4.9414079e-08 0)
(0.00041702786 4.9022498e-08 0)
(0.00041702894 4.8125823e-08 0)
(0.00041703014 4.6831427e-08 0)
(0.00041703145 4.5230797e-08 0)
(0.00041703281 4.3401507e-08 0)
(0.0004170342 4.140897e-08 0)
(0.0004170356 3.9307995e-08 0)
(0.000417037 3.7144176e-08 0)
(0.00041703837 3.495512e-08 0)
(0.0004170397 3.2771531e-08 0)
(0.00041704099 3.0618175e-08 0)
(0.00041704223 2.851472e-08 0)
(0.00041704341 2.6476482e-08 0)
(0.00041704453 2.4515079e-08 0)
(0.00041704559 2.2638999e-08 0)
(0.00041704658 2.0854101e-08 0)
(0.00041704752 1.9164048e-08 0)
(0.00041704839 1.7570682e-08 0)
(0.0004170492 1.6074354e-08 0)
(0.00041704995 1.4674203e-08 0)
(0.00041705065 1.3368396e-08 0)
(0.00041705129 1.2154339e-08 0)
(0.00041705189 1.1028851e-08 0)
(0.00041705243 9.9883107e-09 0)
(0.00041705293 9.02879e-09 0)
(0.00041705338 8.146153e-09 0)
(0.0004170538 7.3361469e-09 0)
(0.00041705418 6.5944737e-09 0)
(0.00041705452 5.9168497e-09 0)
(0.00041705483 5.2990533e-09 0)
(0.00041705512 4.7369624e-09 0)
(0.00041705537 4.2265844e-09 0)
(0.0004170556 3.7640781e-09 0)
(0.0004170558 3.3457702e-09 0)
(0.00041705599 2.9681666e-09 0)
(0.00041705616 2.6279589e-09 0)
(0.0004170563 2.322028e-09 0)
(0.00041705644 2.0474447e-09 0)
(0.00041705655 1.8014681e-09 0)
(0.00041705666 1.581541e-09 0)
(0.00041705675 1.3852857e-09 0)
(0.00041705683 1.210497e-09 0)
(0.00041705691 1.0551353e-09 0)
(0.00041705697 9.1731862e-10 0)
(0.00041705703 7.9531454e-10 0)
(0.00041705708 6.8753169e-10 0)
(0.00041705712 5.9251127e-10 0)
(0.00041705716 5.0891851e-10 0)
(0.00041705719 4.3553434e-10 0)
(0.00041705722 3.7124718e-10 0)
(0.00041705724 3.1504507e-10 0)
(0.00041705726 2.6600799e-10 0)
(0.00041705728 2.2330057e-10 0)
(0.0004170573 1.861652e-10 0)
(0.00041705731 1.539154e-10 0)
(0.00041705732 1.2592963e-10 0)
(0.00041705733 1.0164549e-10 0)
(0.00041705734 8.0554253e-11 0)
(0.00041705734 6.2195791e-11 0)
(0.00041705735 4.615386e-11 0)
(0.00041705735 3.2051728e-11 0)
(0.00041705736 1.9548146e-11 0)
(0.00041705736 8.3336376e-12 0)
(0.00041705736 -1.8728924e-12 0)
(0.00041705736 -1.1327266e-11 0)
(0.00041705736 -2.026285e-11 0)
(0.00041705736 -2.8893114e-11 0)
(0.00041705735 -3.7413934e-11 0)
(0.00041705735 -4.6005655e-11 0)
(0.00041705735 -5.4834936e-11 0)
(0.00041705734 -6.4056378e-11 0)
(0.00041705734 -7.381395e-11 0)
(0.00041705733 -8.424223e-11 0)
(0.00041705732 -9.5467468e-11 0)
(0.00041705732 -1.0760848e-10 0)
(0.00041705731 -1.2077737e-10 0)
(0.0004170573 -1.3508014e-10 0)
(0.00041705729 -1.5061709e-10 0)
(0.00041705728 -1.6748316e-10 0)
(0.00041705726 -1.8576809e-10 0)
(0.00041705725 -2.0555646e-10 0)
(0.00041705723 -2.2692764e-10 0)
(0.00041705722 -2.4995562e-10 0)
(0.0004170572 -2.7470869e-10 0)
(0.00041705718 -3.0124907e-10 0)
(0.00041705716 -3.2963245e-10 0)
(0.00041705713 -3.5990734e-10 0)
(0.00041705711 -3.9211445e-10 0)
(0.00041705708 -4.2628587e-10 0)
(0.00041705705 -4.6244426e-10 0)
(0.00041705702 -5.0060186e-10 0)
(0.00041705699 -5.4075948e-10 0)
(0.00041705695 -5.8290537e-10 0)
(0.00041705691 -6.2701401e-10 0)
(0.00041705687 -6.7304481e-10 0)
(0.00041705683 -7.2094073e-10 0)
(0.00041705678 -7.7062673e-10 0)
(0.00041705673 -8.2200818e-10 0)
(0.00041705668 -8.7496915e-10 0)
(0.00041705662 -9.2937046e-10 0)
(0.00041705657 -9.8504764e-10 0)
(0.0004170565 -1.0418087e-09 0)
(0.00041705644 -1.0994317e-09 0)
(0.00041705637 -1.1576618e-09 0)
(0.00041705631 -1.2162085e-09 0)
(0.00041705623 -1.2747421e-09 0)
(0.00041705616 -1.3328903e-09 0)
(0.00041705608 -1.3902335e-09 0)
(0.000417056 -1.4463013e-09 0)
(0.00041705592 -1.5005674e-09 0)
(0.00041705584 -1.5524452e-09 0)
(0.00041705576 -1.6012839e-09 0)
(0.00041705567 -1.646365e-09 0)
(0.00041705558 -1.6869013e-09 0)
(0.0004170555 -1.7220369e-09 0)
(0.00041705541 -1.7508511e-09 0)
(0.00041705532 -1.772386e-09 0)
(0.00041705524 -1.7856725e-09 0)
(0.00041705516 -1.7895704e-09 0)
(0.00041705504 -1.7821829e-09 0)
(0.00039120761 -1.5950035e-05 0)
(0.00039387545 -4.4049231e-05 0)
(0.00039858365 -6.7889885e-05 0)
(0.00040461733 -8.7251906e-05 0)
(0.00041125244 -0.00010218844 0)
(0.00041792617 -0.00011296172 0)
(0.0004241964 -0.00011998211 0)
(0.0004297521 -0.00012374615 0)
(0.0004344059 -0.00012478231 0)
(0.00043807414 -0.0001236095 0)
(0.00044075319 -0.00012070904 0)
(0.00044249614 -0.00011650847 0)
(0.0004433923 -0.0001113746 0)
(0.0004435507 -0.00010561319 0)
(0.00044308761 -9.9472741e-05 0)
(0.00044211788 -9.3150537e-05 0)
(0.00044074917 -8.6799676e-05 0)
(0.00043907874 -8.0536138e-05 0)
(0.00043719188 -7.4445394e-05 0)
(0.00043516152 -6.8588286e-05 0)
(0.00043304869 -6.3006094e-05 0)
(0.00043090342 -5.7724775e-05 0)
(0.00042876585 -5.2758452e-05 0)
(0.00042666748 -4.8112247e-05 0)
(0.00042463239 -4.3784538e-05 0)
(0.00042267839 -3.9768749e-05 0)
(0.00042081807 -3.6054765e-05 0)
(0.0004190597 -3.2630016e-05 0)
(0.00041740811 -2.9480331e-05 0)
(0.00041586533 -2.6590581e-05 0)
(0.0004144312 -2.3945173e-05 0)
(0.00041310388 -2.1528421e-05 0)
(0.00041188027 -1.9324818e-05 0)
(0.0004107563 -1.7319238e-05 0)
(0.00040972729 -1.5497074e-05 0)
(0.00040878809 -1.3844343e-05 0)
(0.00040793332 -1.2347742e-05 0)
(0.0004071575 -1.0994692e-05 0)
(0.00040645512 -9.7733489e-06 0)
(0.00040582081 -8.6726093e-06 0)
(0.0004052493 -7.6821007e-06 0)
(0.00040473556 -6.7921637e-06 0)
(0.00040427477 -5.9938283e-06 0)
(0.00040386239 -5.2787864e-06 0)
(0.00040349413 -4.6393608e-06 0)
(0.00040316597 -4.0684735e-06 0)
(0.00040287418 -3.5596118e-06 0)
(0.0004026153 -3.106795e-06 0)
(0.00040238611 -2.7045415e-06 0)
(0.00040218366 -2.3478356e-06 0)
(0.00040200526 -2.0320961e-06 0)
(0.00040184841 -1.7531459e-06 0)
(0.00040171085 -1.507182e-06 0)
(0.00040159052 -1.290748e-06 0)
(0.00040148554 -1.1007075e-06 0)
(0.00040139423 -9.3421857e-07 0)
(0.00040131503 -7.8871051e-07 0)
(0.00040124657 -6.6186126e-07 0)
(0.0004011876 -5.5157671e-07 0)
(0.000401137 -4.5597125e-07 0)
(0.00040109375 -3.7334961e-07 0)
(0.00040105697 -3.0219004e-07 0)
(0.00040102585 -2.4112876e-07 0)
(0.00040099966 -1.8894543e-07 0)
(0.00040097778 -1.4454993e-07 0)
(0.00040095963 -1.0697005e-07 0)
(0.00040094471 -7.5340193e-08 0)
(0.00040093259 -4.8891044e-08 0)
(0.00040092285 -2.6940089e-08 0)
(0.00040091518 -8.8829316e-09 0)
(0.00040090924 5.8146166e-09 0)
(0.0004009048 1.7623756e-08 0)
(0.0004009016 2.6959261e-08 0)
(0.00040089945 3.4185443e-08 0)
(0.00040089818 3.9621562e-08 0)
(0.00040089762 4.3546718e-08 0)
(0.00040089765 4.6204283e-08 0)
(0.00040089816 4.780589e-08 0)
(0.00040089904 4.8535041e-08 0)
(0.00040090022 4.8550338e-08 0)
(0.00040090162 4.7988397e-08 0)
(0.00040090319 4.6966458e-08 0)
(0.00040090487 4.5584716e-08 0)
(0.00040090662 4.3928414e-08 0)
(0.00040090841 4.2069703e-08 0)
(0.00040091021 4.0069301e-08 0)
(0.00040091199 3.7977971e-08 0)
(0.00040091374 3.5837829e-08 0)
(0.00040091545 3.3683503e-08 0)
(0.00040091709 3.1543163e-08 0)
(0.00040091867 2.9439421e-08 0)
(0.00040092017 2.7390133e-08 0)
(0.0004009216 2.5409095e-08 0)
(0.00040092295 2.350666e-08 0)
(0.00040092422 2.1690275e-08 0)
(0.0004009254 1.9964946e-08 0)
(0.00040092651 1.833365e-08 0)
(0.00040092755 1.6797685e-08 0)
(0.0004009285 1.5356977e-08 0)
(0.00040092939 1.4010342e-08 0)
(0.00040093021 1.2755714e-08 0)
(0.00040093096 1.1590334e-08 0)
(0.00040093165 1.051092e-08 0)
(0.00040093229 9.5138027e-09 0)
(0.00040093287 8.5950412e-09 0)
(0.0004009334 7.7505244e-09 0)
(0.00040093388 6.97605e-09 0)
(0.00040093431 6.2673919e-09 0)
(0.00040093471 5.6203544e-09 0)
(0.00040093507 5.0308159e-09 0)
(0.00040093539 4.4947629e-09 0)
(0.00040093568 4.0083172e-09 0)
(0.00040093594 3.567755e-09 0)
(0.00040093618 3.1695218e-09 0)
(0.00040093639 2.8102416e-09 0)
(0.00040093658 2.4867226e-09 0)
(0.00040093675 2.1959597e-09 0)
(0.0004009369 1.9351339e-09 0)
(0.00040093703 1.7016099e-09 0)
(0.00040093715 1.4929322e-09 0)
(0.00040093726 1.3068194e-09 0)
(0.00040093735 1.1411575e-09 0)
(0.00040093743 9.93993e-10 0)
(0.0004009375 8.6352478e-10 0)
(0.00040093756 7.4809604e-10 0)
(0.00040093762 6.4618602e-10 0)
(0.00040093767 5.5640159e-10 0)
(0.00040093771 4.7746894e-10 0)
(0.00040093775 4.0822542e-10 0)
(0.00040093778 3.4761161e-10 0)
(0.00040093781 2.9466357e-10 0)
(0.00040093783 2.4850551e-10 0)
(0.00040093785 2.0834269e-10 0)
(0.00040093787 1.7345477e-10 0)
(0.00040093788 1.431894e-10 0)
(0.00040093789 1.1695629e-10 0)
(0.0004009379 9.4221615e-11 0)
(0.00040093791 7.4502751e-11 0)
(0.00040093792 5.7363417e-11 0)
(0.00040093792 4.2409142e-11 0)
(0.00040093793 2.9283081e-11 0)
(0.00040093793 1.7662147e-11 0)
(0.00040093793 7.2534714e-12 0)
(0.00040093793 -2.2088565e-12 0)
(0.00040093793 -1.0966748e-11 0)
(0.00040093793 -1.9240816e-11 0)
(0.00040093793 -2.7232813e-11 0)
(0.00040093793 -3.5127836e-11 0)
(0.00040093793 -4.309629e-11 0)
(0.00040093792 -5.1295654e-11 0)
(0.00040093792 -5.9872027e-11 0)
(0.00040093791 -6.8961496e-11 0)
(0.00040093791 -7.8691314e-11 0)
(0.0004009379 -8.9180916e-11 0)
(0.00040093789 -1.0054277e-10 0)
(0.00040093788 -1.1288307e-10 0)
(0.00040093787 -1.2630232e-10 0)
(0.00040093786 -1.4089571e-10 0)
(0.00040093785 -1.5675345e-10 0)
(0.00040093783 -1.7396091e-10 0)
(0.00040093782 -1.925987e-10 0)
(0.0004009378 -2.1274258e-10 0)
(0.00040093778 -2.3446334e-10 0)
(0.00040093776 -2.5782649e-10 0)
(0.00040093774 -2.828919e-10 0)
(0.00040093772 -3.0971339e-10 0)
(0.00040093769 -3.3833812e-10 0)
(0.00040093766 -3.6880599e-10 0)
(0.00040093763 -4.0114892e-10 0)
(0.0004009376 -4.3539003e-10 0)
(0.00040093756 -4.7154277e-10 0)
(0.00040093753 -5.0960997e-10 0)
(0.00040093749 -5.4958276e-10 0)
(0.00040093744 -5.9143947e-10 0)
(0.0004009374 -6.3514444e-10 0)
(0.00040093735 -6.8064668e-10 0)
(0.0004009373 -7.2787852e-10 0)
(0.00040093724 -7.7675408e-10 0)
(0.00040093718 -8.2716766e-10 0)
(0.00040093712 -8.7899202e-10 0)
(0.00040093706 -9.3207637e-10 0)
(0.00040093699 -9.8624435e-10 0)
(0.00040093692 -1.0412916e-09 0)
(0.00040093684 -1.0969832e-09 0)
(0.00040093676 -1.1530505e-09 0)
(0.00040093668 -1.2091881e-09 0)
(0.0004009366 -1.2650498e-09 0)
(0.00040093651 -1.3202444e-09 0)
(0.00040093642 -1.3743309e-09 0)
(0.00040093633 -1.4268135e-09 0)
(0.00040093623 -1.4771362e-09 0)
(0.00040093614 -1.5246773e-09 0)
(0.00040093604 -1.5687452e-09 0)
(0.00040093594 -1.6085748e-09 0)
(0.00040093584 -1.6433274e-09 0)
(0.00040093574 -1.6720925e-09 0)
(0.00040093564 -1.6939141e-09 0)
(0.00040093554 -1.707813e-09 0)
(0.00040093545 -1.7126514e-09 0)
(0.00040093531 -1.7067386e-09 0)
(0.000391236 -1.7227926e-05 0)
(0.00039416456 -4.7327531e-05 0)
(0.00039924239 -7.2548078e-05 0)
(0.00040562038 -9.2670201e-05 0)
(0.00041245879 -0.00010781491 0)
(0.00041912666 -0.0001183514 0)
(0.00042515348 -0.00012481219 0)
(0.00043023304 -0.00012781224 0)
(0.00043420607 -0.0001279826 0)
(0.00043703013 -0.00012592315 0)
(0.0004387474 -0.00012217377 0)
(0.00043945538 -0.00011720022 0)
(0.00043928275 -0.00011139085 0)
(0.0004383711 -0.00010506026 0)
(0.00043686203 -9.8456777e-05 0)
(0.0004348889 -9.1771636e-05 0)
(0.00043257198 -8.5148438e-05 0)
(0.00043001625 -7.8691992e-05 0)
(0.00042731084 -7.2476168e-05 0)
(0.00042452967 -6.6550572e-05 0)
(0.00042173264 -6.0946088e-05 0)
(0.00041896718 -5.5679365e-05 0)
(0.00041626995 -5.0756404e-05 0)
(0.00041366841 -4.6175366e-05 0)
(0.00041118231 -4.1928777e-05 0)
(0.00040882512 -3.8005207e-05 0)
(0.00040660515 -3.4390571e-05 0)
(0.00040452661 -3.1069102e-05 0)
(0.00040259046 -2.8024086e-05 0)
(0.00040079516 -2.5238408e-05 0)
(0.00039913726 -2.2694953e-05 0)
(0.00039761191 -2.0376896e-05 0)
(0.00039621326 -1.8267905e-05 0)
(0.00039493477 -1.6352285e-05 0)
(0.00039376951 -1.4615069e-05 0)
(0.00039271033 -1.3042071e-05 0)
(0.00039175005 -1.1619919e-05 0)
(0.00039088154 -1.0336063e-05 0)
(0.00039009788 -9.178763e-06 0)
(0.00038939237 -8.1370795e-06 0)
(0.00038875861 -7.2008428e-06 0)
(0.00038819053 -6.3606251e-06 0)
(0.00038768241 -5.6077063e-06 0)
(0.00038722886 -4.9340383e-06 0)
(0.00038682487 -4.3322075e-06 0)
(0.00038646578 -3.7953982e-06 0)
(0.00038614729 -3.3173552e-06 0)
(0.00038586541 -2.8923474e-06 0)
(0.00038561648 -2.5151327e-06 0)
(0.00038539714 -2.180924e-06 0)
(0.00038520434 -1.8853561e-06 0)
(0.00038503528 -1.6244553e-06 0)
(0.0003848874 -1.3946092e-06 0)
(0.0003847584 -1.1925387e-06 0)
(0.00038464619 -1.0152724e-06 0)
(0.00038454887 -8.6012061e-07 0)
(0.00038446475 -7.2465326e-07 0)
(0.00038439228 -6.0667748e-07 0)
(0.00038433009 -5.0421756e-07 0)
(0.00038427695 -4.1549617e-07 0)
(0.00038423174 -3.3891678e-07 0)
(0.00038419347 -2.7304749e-07 0)
(0.00038416127 -2.1660607e-07 0)
(0.00038413436 -1.684461e-07 0)
(0.00038411203 -1.2754426e-07 0)
(0.00038409367 -9.2988605e-08 0)
(0.00038407874 -6.3967838e-08 0)
(0.00038406675 -3.9761434e-08 0)
(0.00038405729 -1.9730644e-08 0)
(0.00038404997 -3.3102614e-09 0)
(0.00038404448 9.9988776e-09 0)
(0.00038404052 2.0636731e-08 0)
(0.00038403786 2.8990257e-08 0)
(0.00038403626 3.5399051e-08 0)
(0.00038403556 4.0160452e-08 0)
(0.00038403557 4.353416e-08 0)
(0.00038403618 4.5746411e-08 0)
(0.00038403724 4.6993737e-08 0)
(0.00038403867 4.7446358e-08 0)
(0.00038404038 4.7251226e-08 0)
(0.00038404229 4.6534761e-08 0)
(0.00038404434 4.54053e-08 0)
(0.00038404648 4.395529e-08 0)
(0.00038404867 4.2263246e-08 0)
(0.00038405087 4.0395497e-08 0)
(0.00038405305 3.8407744e-08 0)
(0.00038405519 3.6346433e-08 0)
(0.00038405728 3.424999e-08 0)
(0.00038405929 3.2149898e-08 0)
(0.00038406123 3.0071659e-08 0)
(0.00038406307 2.8035637e-08 0)
(0.00038406482 2.6057804e-08 0)
(0.00038406648 2.4150389e-08 0)
(0.00038406803 2.2322454e-08 0)
(0.00038406949 2.0580389e-08 0)
(0.00038407086 1.8928353e-08 0)
(0.00038407212 1.7368645e-08 0)
(0.0003840733 1.5902039e-08 0)
(0.00038407439 1.4528062e-08 0)
(0.0003840754 1.3245239e-08 0)
(0.00038407632 1.2051304e-08 0)
(0.00038407717 1.0943374e-08 0)
(0.00038407795 9.9181029e-09 0)
(0.00038407867 8.97181e-09 0)
(0.00038407932 8.1005857e-09 0)
(0.00038407991 7.3003819e-09 0)
(0.00038408045 6.5670861e-09 0)
(0.00038408094 5.8965818e-09 0)
(0.00038408138 5.2847981e-09 0)
(0.00038408178 4.7277484e-09 0)
(0.00038408214 4.2215617e-09 0)
(0.00038408246 3.7625058e-09 0)
(0.00038408275 3.3470048e-09 0)
(0.00038408301 2.9716513e-09 0)
(0.00038408325 2.6332142e-09 0)
(0.00038408345 2.3286432e-09 0)
(0.00038408364 2.0550702e-09 0)
(0.0003840838 1.8098079e-09 0)
(0.00038408395 1.5903471e-09 0)
(0.00038408408 1.3943522e-09 0)
(0.0003840842 1.219655e-09 0)
(0.0003840843 1.0642487e-09 0)
(0.00038408439 9.2628017e-10 0)
(0.00038408447 8.0404218e-10 0)
(0.00038408453 6.9596569e-10 0)
(0.00038408459 6.0061152e-10 0)
(0.00038408465 5.1666222e-10 0)
(0.00038408469 4.4291402e-10 0)
(0.00038408473 3.7826898e-10 0)
(0.00038408477 3.2172726e-10 0)
(0.0003840848 2.7237977e-10 0)
(0.00038408482 2.2940103e-10 0)
(0.00038408484 1.9204248e-10 0)
(0.00038408486 1.5962599e-10 0)
(0.00038408488 1.3153785e-10 0)
(0.00038408489 1.0722306e-10 0)
(0.0003840849 8.6179997e-11 0)
(0.00038408491 6.7955414e-11 0)
(0.00038408492 5.2139816e-11 0)
(0.00038408492 3.8363154e-11 0)
(0.00038408493 2.6290848e-11 0)
(0.00038408493 1.5620127e-11 0)
(0.00038408493 6.0766608e-12 0)
(0.00038408493 -2.5885189e-12 0)
(0.00038408493 -1.0601826e-11 0)
(0.00038408493 -1.8169674e-11 0)
(0.00038408493 -2.5480783e-11 0)
(0.00038408493 -3.2708262e-11 0)
(0.00038408492 -4.001147e-11 0)
(0.00038408492 -4.7537679e-11 0)
(0.00038408492 -5.5423537e-11 0)
(0.00038408491 -6.3796359e-11 0)
(0.0003840849 -7.2775241e-11 0)
(0.0003840849 -8.247202e-11 0)
(0.00038408489 -9.2992072e-11 0)
(0.00038408488 -1.0443498e-10 0)
(0.00038408487 -1.1689506e-10 0)
(0.00038408485 -1.3046175e-10 0)
(0.00038408484 -1.4521991e-10 0)
(0.00038408483 -1.6124996e-10 0)
(0.00038408481 -1.7862795e-10 0)
(0.00038408479 -1.9742551e-10 0)
(0.00038408477 -2.1770968e-10 0)
(0.00038408475 -2.395427e-10 0)
(0.00038408473 -2.6298163e-10 0)
(0.0003840847 -2.8807796e-10 0)
(0.00038408467 -3.1487712e-10 0)
(0.00038408464 -3.4341782e-10 0)
(0.00038408461 -3.7373146e-10 0)
(0.00038408458 -4.0584137e-10 0)
(0.00038408454 -4.3976198e-10 0)
(0.0003840845 -4.7549793e-10 0)
(0.00038408445 -5.1304315e-10 0)
(0.00038408441 -5.5237979e-10 0)
(0.00038408436 -5.9347715e-10 0)
(0.0003840843 -6.3629047e-10 0)
(0.00038408425 -6.8075969e-10 0)
(0.00038408419 -7.2680806e-10 0)
(0.00038408412 -7.7434071e-10 0)
(0.00038408406 -8.2324299e-10 0)
(0.00038408398 -8.7337878e-10 0)
(0.00038408391 -9.2458851e-10 0)
(0.00038408383 -9.7668697e-10 0)
(0.00038408375 -1.0294608e-09 0)
(0.00038408366 -1.0826659e-09 0)
(0.00038408357 -1.1360236e-09 0)
(0.00038408348 -1.1892175e-09 0)
(0.00038408338 -1.2418886e-09 0)
(0.00038408329 -1.2936304e-09 0)
(0.00038408318 -1.3439835e-09 0)
(0.00038408308 -1.3924285e-09 0)
(0.00038408297 -1.4383802e-09 0)
(0.00038408286 -1.4811809e-09 0)
(0.00038408275 -1.5200955e-09 0)
(0.00038408264 -1.5543083e-09 0)
(0.00038408253 -1.5829241e-09 0)
(0.00038408242 -1.6049911e-09 0)
(0.00038408231 -1.6195193e-09 0)
(0.0003840822 -1.625367e-09 0)
(0.00038408205 -1.6210582e-09 0)
(0.00039127206 -1.8643822e-05 0)
(0.00039451578 -5.0898917e-05 0)
(0.00040002287 -7.7526094e-05 0)
(0.00040677548 -9.8321834e-05 0)
(0.00041379598 -0.00011350871 0)
(0.00042038124 -0.00012360156 0)
(0.00042604049 -0.00012928961 0)
(0.00043048719 -0.00013133186 0)
(0.00043360683 -0.00013047749 0)
(0.0004354132 -0.00012741411 0)
(0.00043600594 -0.00012274028 0)
(0.00043553478 -0.00011695596 0)
(0.00043417203 -0.00011046488 0)
(0.00043209322 -0.00010358361 0)
(0.00042946466 -9.6553719e-05 0)
(0.00042643627 -8.9554619e-05 0)
(0.00042313825 -8.2715618e-05 0)
(0.00041968035 -7.6126599e-05 0)
(0.00041615265 -6.9846999e-05 0)
(0.00041262729 -6.3913162e-05 0)
(0.00040916063 -5.8344192e-05 0)
(0.00040579545 -5.3146556e-05 0)
(0.00040256314 -4.8317626e-05 0)
(0.00039948567 -4.3848389e-05 0)
(0.00039657737 -3.9725486e-05 0)
(0.00039384641 -3.5932741e-05 0)
(0.00039129616 -3.245229e-05 0)
(0.00038892621 -2.9265408e-05 0)
(0.0003867333 -2.6353104e-05 0)
(0.00038471205 -2.3696553e-05 0)
(0.00038285553 -2.1277386e-05 0)
(0.00038115577 -1.9077902e-05 0)
(0.00037960412 -1.7081189e-05 0)
(0.00037819158 -1.5271209e-05 0)
(0.00037690897 -1.3632841e-05 0)
(0.0003757472 -1.2151891e-05 0)
(0.00037469731 -1.0815087e-05 0)
(0.00037375066 -9.6100615e-06 0)
(0.00037289894 -8.5253216e-06 0)
(0.00037213425 -7.550213e-06 0)
(0.00037144911 -6.6748811e-06 0)
(0.00037083651 -5.8902291e-06 0)
(0.00037028987 -5.1878753e-06 0)
(0.00036980308 -4.5601103e-06 0)
(0.00036937048 -3.9998544e-06 0)
(0.00036898684 -3.5006169e-06 0)
(0.00036864732 -3.0564554e-06 0)
(0.0003683475 -2.6619379e-06 0)
(0.00036808333 -2.312106e-06 0)
(0.0003678511 -2.0024401e-06 0)
(0.00036764743 -1.7288261e-06 0)
(0.00036746927 -1.4875244e-06 0)
(0.00036731382 -1.2751406e-06 0)
(0.00036717856 -1.0885978e-06 0)
(0.00036706123 -9.251106e-07 0)
(0.00036695978 -7.8216146e-07 0)
(0.00036687234 -6.5747774e-07 0)
(0.00036679727 -5.4901097e-07 0)
(0.00036673309 -4.5491732e-07 0)
(0.00036667845 -3.7353962e-07 0)
(0.00036663218 -3.0339061e-07 0)
(0.00036659321 -2.4313755e-07 0)
(0.00036656061 -1.9158801e-07 0)
(0.00036653353 -1.4767672e-07 0)
(0.00036651124 -1.1045355e-07 0)
(0.00036649309 -7.9072455e-08 0)
(0.00036647848 -5.2781357e-08 0)
(0.00036646692 -3.0912846e-08 0)
(0.00036645795 -1.2875729e-08 0)
(0.00036645118 1.8527005e-09 0)
(0.00036644628 1.3733701e-08 0)
(0.00036644294 2.3173479e-08 0)
(0.0003664409 3.0529002e-08 0)
(0.00036643993 3.6113267e-08 0)
(0.00036643984 4.0200066e-08 0)
(0.00036644047 4.3028303e-08 0)
(0.00036644166 4.4805883e-08 0)
(0.0003664433 4.5713214e-08 0)
(0.00036644528 4.5906369e-08 0)
(0.0003664475 4.5519916e-08 0)
(0.00036644991 4.4669459e-08 0)
(0.00036645243 4.345392e-08 0)
(0.00036645501 4.1957568e-08 0)
(0.00036645761 4.0251843e-08 0)
(0.0003664602 3.8396967e-08 0)
(0.00036646274 3.6443391e-08 0)
(0.00036646522 3.4433069e-08 0)
(0.00036646761 3.2400594e-08 0)
(0.00036646991 3.0374201e-08 0)
(0.00036647211 2.8376648e-08 0)
(0.0003664742 2.6426002e-08 0)
(0.00036647617 2.4536321e-08 0)
(0.00036647803 2.2718254e-08 0)
(0.00036647977 2.0979571e-08 0)
(0.0003664814 1.9325623e-08 0)
(0.00036648291 1.7759736e-08 0)
(0.00036648432 1.6283564e-08 0)
(0.00036648563 1.4897389e-08 0)
(0.00036648683 1.3600376e-08 0)
(0.00036648794 1.2390801e-08 0)
(0.00036648896 1.1266237e-08 0)
(0.0003664899 1.022372e-08 0)
(0.00036649075 9.2598842e-09 0)
(0.00036649153 8.37108e-09 0)
(0.00036649224 7.55347e-09 0)
(0.00036649289 6.8031103e-09 0)
(0.00036649348 6.1160173e-09 0)
(0.00036649401 5.4882222e-09 0)
(0.00036649449 4.9158148e-09 0)
(0.00036649492 4.394978e-09 0)
(0.00036649531 3.9220156e-09 0)
(0.00036649566 3.4933719e-09 0)
(0.00036649598 3.1056475e-09 0)
(0.00036649626 2.7556088e-09 0)
(0.00036649651 2.4401947e-09 0)
(0.00036649673 2.1565196e-09 0)
(0.00036649693 1.9018738e-09 0)
(0.00036649711 1.6737216e-09 0)
(0.00036649727 1.4696983e-09 0)
(0.00036649741 1.2876046e-09 0)
(0.00036649753 1.1254016e-09 0)
(0.00036649764 9.8120333e-10 0)
(0.00036649773 8.5326999e-10 0)
(0.00036649782 7.4000027e-10 0)
(0.00036649789 6.3992352e-10 0)
(0.00036649795 5.5169188e-10 0)
(0.00036649801 4.7407243e-10 0)
(0.00036649806 4.0593949e-10 0)
(0.0003664981 3.4626704e-10 0)
(0.00036649814 2.9412138e-10 0)
(0.00036649817 2.4865416e-10 0)
(0.00036649819 2.0909555e-10 0)
(0.00036649822 1.747479e-10 0)
(0.00036649824 1.4497964e-10 0)
(0.00036649825 1.1921954e-10 0)
(0.00036649827 9.6951344e-11 0)
(0.00036649828 7.770873e-11 0)
(0.00036649829 6.107061e-11 0)
(0.00036649829 4.6656769e-11 0)
(0.0003664983 3.4123814e-11 0)
(0.0003664983 2.316144e-11 0)
(0.00036649831 1.3488989e-11 0)
(0.00036649831 4.8522948e-12 0)
(0.00036649831 -2.9792089e-12 0)
(0.00036649831 -1.0215116e-11 0)
(0.00036649831 -1.7046441e-11 0)
(0.00036649831 -2.3647779e-11 0)
(0.00036649831 -3.0179256e-11 0)
(0.0003664983 -3.6788264e-11 0)
(0.0003664983 -4.3611021e-11 0)
(0.00036649829 -5.0773937e-11 0)
(0.00036649829 -5.8394821e-11 0)
(0.00036649828 -6.6583918e-11 0)
(0.00036649827 -7.5444809e-11 0)
(0.00036649826 -8.5075161e-11 0)
(0.00036649825 -9.5567343e-11 0)
(0.00036649824 -1.0700892e-10 0)
(0.00036649823 -1.1948304e-10 0)
(0.00036649821 -1.3306866e-10 0)
(0.0003664982 -1.4784074e-10 0)
(0.00036649818 -1.6387029e-10 0)
(0.00036649816 -1.8122429e-10 0)
(0.00036649814 -1.9996561e-10 0)
(0.00036649812 -2.2015274e-10 0)
(0.00036649809 -2.4183951e-10 0)
(0.00036649807 -2.6507469e-10 0)
(0.00036649804 -2.8990155e-10 0)
(0.00036649801 -3.1635729e-10 0)
(0.00036649797 -3.4447245e-10 0)
(0.00036649794 -3.7427025e-10 0)
(0.0003664979 -4.0576582e-10 0)
(0.00036649785 -4.3896544e-10 0)
(0.00036649781 -4.7386562e-10 0)
(0.00036649776 -5.1045222e-10 0)
(0.0003664977 -5.4869943e-10 0)
(0.00036649765 -5.8856874e-10 0)
(0.00036649759 -6.3000778e-10 0)
(0.00036649752 -6.7294912e-10 0)
(0.00036649745 -7.1730899e-10 0)
(0.00036649738 -7.6298583e-10 0)
(0.00036649731 -8.0985875e-10 0)
(0.00036649723 -8.577858e-10 0)
(0.00036649714 -9.06602e-10 0)
(0.00036649705 -9.5611709e-10 0)
(0.00036649696 -1.0061129e-09 0)
(0.00036649686 -1.0563403e-09 0)
(0.00036649676 -1.1065153e-09 0)
(0.00036649666 -1.1563149e-09 0)
(0.00036649655 -1.2053717e-09 0)
(0.00036649644 -1.2532677e-09 0)
(0.00036649633 -1.2995269e-09 0)
(0.00036649621 -1.3436076e-09 0)
(0.00036649609 -1.3848942e-09 0)
(0.00036649597 -1.4226891e-09 0)
(0.00036649585 -1.4562074e-09 0)
(0.00036649573 -1.4845747e-09 0)
(0.00036649561 -1.5068458e-09 0)
(0.00036649549 -1.5220173e-09 0)
(0.00036649537 -1.528941e-09 0)
(0.00036649521 -1.5263497e-09 0)
(0.00039131875 -2.0229126e-05 0)
(0.00039494736 -5.4817598e-05 0)
(0.00040095304 -8.286367e-05 0)
(0.00040810499 -0.00010420605 0)
(0.00041526282 -0.0001192184 0)
(0.00042165161 -0.00012861358 0)
(0.00042677578 -0.00013328066 0)
(0.00043039041 -0.00013415174 0)
(0.00043244767 -0.0001321091 0)
(0.00043303561 -0.00012793196 0)
(0.00043232392 -0.00012227401 0)
(0.00043052177 -0.00011566184 0)
(0.0004278479 -0.00010850538 0)
(0.00042451145 -0.00010111419 0)
(0.00042070095 -9.3715086e-05 0)
(0.00041657935 -8.6469068e-05 0)
(0.00041228283 -7.9486054e-05 0)
(0.00040792192 -7.2837228e-05 0)
(0.000403584 -6.6564962e-05 0)
(0.00039933623 -6.0690592e-05 0)
(0.00039522869 -5.5220398e-05 0)
(0.00039129722 -5.0150114e-05 0)
(0.00038756615 -4.5468301e-05 0)
(0.00038405054 -4.1158822e-05 0)
(0.00038075815 -3.720265e-05 0)
(0.00037769109 -3.3579168e-05 0)
(0.00037484713 -3.0267089e-05 0)
(0.00037222085 -2.7245104e-05 0)
(0.00036980446 -2.4492321e-05 0)
(0.00036758856 -2.1988561e-05 0)
(0.00036556267 -1.9714543e-05 0)
(0.00036371566 -1.7651995e-05 0)
(0.00036203613 -1.5783709e-05 0)
(0.0003605126 -1.4093564e-05 0)
(0.0003591338 -1.256651e-05 0)
(0.00035788873 -1.1188547e-05 0)
(0.00035676682 -9.9466872e-06 0)
(0.00035575797 -8.8289069e-06 0)
(0.00035485262 -7.8240992e-06 0)
(0.00035404177 -6.9220217e-06 0)
(0.00035331698 -6.1132446e-06 0)
(0.00035267039 -5.3890991e-06 0)
(0.00035209469 -4.7416275e-06 0)
(0.00035158314 -4.1635343e-06 0)
(0.00035112948 -3.6481402e-06 0)
(0.00035072801 -3.1893373e-06 0)
(0.00035037345 -2.7815479e-06 0)
(0.00035006101 -2.4196843e-06 0)
(0.0003497863 -2.0991116e-06 0)
(0.00034954532 -1.8156128e-06 0)
(0.00034933446 -1.5653559e-06 0)
(0.00034915043 -1.344863e-06 0)
(0.00034899024 -1.1509816e-06 0)
(0.00034885122 -9.8085813e-07 0)
(0.00034873094 -8.3191247e-07 0)
(0.00034862722 -7.018152e-07 0)
(0.00034853812 -5.8846593e-07 0)
(0.00034846187 -4.8997337e-07 0)
(0.00034839692 -4.0463684e-07 0)
(0.00034834185 -3.3092926e-07 0)
(0.00034829543 -2.674814e-07 0)
(0.00034825653 -2.1306735e-07 0)
(0.00034822418 -1.6659115e-07 0)
(0.0003481975 -1.2707461e-07 0)
(0.00034817572 -9.3645925e-08 0)
(0.00034815815 -6.5529475e-08 0)
(0.00034814419 -4.2036313e-08 0)
(0.00034813332 -2.255557e-08 0)
(0.00034812507 -6.5465775e-09 0)
(0.00034811903 6.4682992e-09 0)
(0.00034811485 1.6910183e-08 0)
(0.00034811222 2.5149609e-08 0)
(0.00034811088 3.1511904e-08 0)
(0.0003481106 3.628205e-08 0)
(0.00034811117 3.9709087e-08 0)
(0.00034811243 4.2010096e-08 0)
(0.00034811422 4.337378e-08 0)
(0.00034811643 4.3963694e-08 0)
(0.00034811894 4.392115e-08 0)
(0.00034812168 4.3367823e-08 0)
(0.00034812456 4.2408087e-08 0)
(0.00034812752 4.1131104e-08 0)
(0.00034813051 3.9612695e-08 0)
(0.00034813349 3.7917001e-08 0)
(0.00034813643 3.609797e-08 0)
(0.0003481393 3.4200676e-08 0)
(0.00034814208 3.2262486e-08 0)
(0.00034814475 3.0314097e-08 0)
(0.00034814731 2.8380454e-08 0)
(0.00034814974 2.6481554e-08 0)
(0.00034815204 2.4633162e-08 0)
(0.00034815421 2.284743e-08 0)
(0.00034815624 2.1133452e-08 0)
(0.00034815814 1.9497735e-08 0)
(0.00034815991 1.7944622e-08 0)
(0.00034816156 1.6476651e-08 0)
(0.00034816309 1.5094874e-08 0)
(0.0003481645 1.3799125e-08 0)
(0.0003481658 1.2588258e-08 0)
(0.000348167 1.1460344e-08 0)
(0.0003481681 1.0412846e-08 0)
(0.0003481691 9.4427653e-09 0)
(0.00034817002 8.5467622e-09 0)
(0.00034817085 7.7212626e-09 0)
(0.00034817161 6.9625441e-09 0)
(0.00034817231 6.2668082e-09 0)
(0.00034817293 5.6302393e-09 0)
(0.0003481735 5.049053e-09 0)
(0.00034817401 4.5195345e-09 0)
(0.00034817447 4.0380693e-09 0)
(0.00034817488 3.6011662e-09 0)
(0.00034817525 3.205475e-09 0)
(0.00034817558 2.847799e-09 0)
(0.00034817588 2.5251032e-09 0)
(0.00034817615 2.2345193e-09 0)
(0.00034817638 1.9733473e-09 0)
(0.00034817659 1.7390553e-09 0)
(0.00034817678 1.5292772e-09 0)
(0.00034817694 1.3418088e-09 0)
(0.00034817709 1.1746023e-09 0)
(0.00034817722 1.0257613e-09 0)
(0.00034817733 8.9353335e-10 0)
(0.00034817743 7.7630323e-10 0)
(0.00034817752 6.7258565e-10 0)
(0.0003481776 5.8101763e-10 0)
(0.00034817766 5.0035101e-10 0)
(0.00034817772 4.2944498e-10 0)
(0.00034817777 3.6725873e-10 0)
(0.00034817781 3.1284427e-10 0)
(0.00034817785 2.6533961e-10 0)
(0.00034817788 2.2396203e-10 0)
(0.00034817791 1.8800179e-10 0)
(0.00034817793 1.5681614e-10 0)
(0.00034817795 1.2982359e-10 0)
(0.00034817797 1.0649856e-10 0)
(0.00034817798 8.6366377e-11 0)
(0.000348178 6.8998537e-11 0)
(0.00034817801 5.4008366e-11 0)
(0.00034817801 4.1046933e-11 0)
(0.00034817802 2.9799296e-11 0)
(0.00034817802 1.9981021e-11 0)
(0.00034817803 1.1334998e-11 0)
(0.00034817803 3.6285023e-12 0)
(0.00034817803 -3.3494748e-12 0)
(0.00034817803 -9.7906728e-12 0)
(0.00034817803 -1.5869769e-11 0)
(0.00034817803 -2.1746385e-11 0)
(0.00034817802 -2.7566882e-11 0)
(0.00034817802 -3.3465977e-11 0)
(0.00034817802 -3.9568172e-11 0)
(0.00034817801 -4.5989026e-11 0)
(0.000348178 -5.2836266e-11 0)
(0.000348178 -6.0210746e-11 0)
(0.00034817799 -6.8207279e-11 0)
(0.00034817798 -7.6915324e-11 0)
(0.00034817797 -8.6419566e-11 0)
(0.00034817796 -9.6800364e-11 0)
(0.00034817794 -1.0813411e-10 0)
(0.00034817793 -1.2049344e-10 0)
(0.00034817791 -1.3394744e-10 0)
(0.0003481779 -1.4856163e-10 0)
(0.00034817788 -1.6439797e-10 0)
(0.00034817786 -1.8151473e-10 0)
(0.00034817783 -1.9996627e-10 0)
(0.00034817781 -2.198028e-10 0)
(0.00034817778 -2.4107001e-10 0)
(0.00034817775 -2.6380863e-10 0)
(0.00034817772 -2.8805402e-10 0)
(0.00034817768 -3.1383552e-10 0)
(0.00034817764 -3.4117592e-10 0)
(0.0003481776 -3.700908e-10 0)
(0.00034817756 -4.0058774e-10 0)
(0.00034817751 -4.3266564e-10 0)
(0.00034817746 -4.6631384e-10 0)
(0.0003481774 -5.0151126e-10 0)
(0.00034817734 -5.3822548e-10 0)
(0.00034817728 -5.7641174e-10 0)
(0.00034817721 -6.1601192e-10 0)
(0.00034817714 -6.5695339e-10 0)
(0.00034817706 -6.991478e-10 0)
(0.00034817698 -7.4248977e-10 0)
(0.0003481769 -7.8685538e-10 0)
(0.00034817681 -8.3210049e-10 0)
(0.00034817672 -8.7805877e-10 0)
(0.00034817662 -9.2453938e-10 0)
(0.00034817652 -9.7132413e-10 0)
(0.00034817641 -1.018164e-09 0)
(0.0003481763 -1.0647749e-09 0)
(0.00034817619 -1.1108323e-09 0)
(0.00034817607 -1.1559647e-09 0)
(0.00034817595 -1.1997457e-09 0)
(0.00034817583 -1.2416843e-09 0)
(0.0003481757 -1.2812153e-09 0)
(0.00034817557 -1.3176879e-09 0)
(0.00034817544 -1.350356e-09 0)
(0.00034817531 -1.3783731e-09 0)
(0.00034817518 -1.400804e-09 0)
(0.00034817505 -1.4166306e-09 0)
(0.00034817493 -1.4246887e-09 0)
(0.00034817476 -1.4239151e-09 0)
(0.00039138054 -2.202522e-05 0)
(0.00039548441 -5.9149848e-05 0)
(0.00040206778 -8.8601529e-05 0)
(0.00040963078 -0.00011030644 0)
(0.00041684435 -0.00012486218 0)
(0.00042287076 -0.00013324994 0)
(0.00042723599 -0.00013661139 0)
(0.00042976803 -0.00013608279 0)
(0.00043051367 -0.00013269178 0)
(0.0004296557 -0.000127308 0)
(0.00042744628 -0.00012063142 0)
(0.00042415946 -0.00011320302 0)
(0.00042006075 -0.00010542643 0)
(0.00041538983 -9.7592884e-05 0)
(0.00041035272 -8.9905256e-05 0)
(0.00040511992 -8.2499039e-05 0)
(0.00039982809 -7.5459637e-05 0)
(0.0003945836 -6.883605e-05 0)
(0.00038946679 -6.2651369e-05 0)
(0.0003845362 -5.6910671e-05 0)
(0.00037983268 -5.1606832e-05 0)
(0.00037538285 -4.6724747e-05 0)
(0.00037120216 -4.2244357e-05 0)
(0.00036729743 -3.8142782e-05 0)
(0.00036366888 -3.4395805e-05 0)
(0.00036031185 -3.0978887e-05 0)
(0.00035721808 -2.7867847e-05 0)
(0.00035437681 -2.5039301e-05 0)
(0.00035177561 -2.2470931e-05 0)
(0.00034940097 -2.0141642e-05 0)
(0.00034723887 -1.8031633e-05 0)
(0.00034527511 -1.6122417e-05 0)
(0.0003434956 -1.4396805e-05 0)
(0.00034188658 -1.2838863e-05 0)
(0.00034043475 -1.143386e-05 0)
(0.0003391274 -1.0168201e-05 0)
(0.00033795247 -9.0293655e-06 0)
(0.00033689858 -8.0058359e-06 0)
(0.00033595505 -7.0870314e-06 0)
(0.00033511191 -6.2632431e-06 0)
(0.00033435991 -5.5255722e-06 0)
(0.00033369047 -4.8658699e-06 0)
(0.00033309565 -4.2766823e-06 0)
(0.00033256817 -3.7511978e-06 0)
(0.00033210134 -3.2831974e-06 0)
(0.00033168903 -2.8670095e-06 0)
(0.00033132563 -2.4974664e-06 0)
(0.00033100605 -2.1698648e-06 0)
(0.00033072563 -1.8799282e-06 0)
(0.00033048018 -1.6237728e-06 0)
(0.00033026586 -1.3978749e-06 0)
(0.00033007924 -1.1990415e-06 0)
(0.00032991718 -1.0243825e-06 0)
(0.0003297769 -8.7128494e-07 0)
(0.00032965585 -7.3738945e-07 0)
(0.00032955177 -6.2056829e-07 0)
(0.00032946263 -5.1890497e-07 0)
(0.00032938662 -4.3067562e-07 0)
(0.00032932211 -3.5433164e-07 0)
(0.00032926765 -2.8848384e-07 0)
(0.00032922196 -2.3188773e-07 0)
(0.00032918389 -1.8343011e-07 0)
(0.00032915242 -1.4211667e-07 0)
(0.00032912667 -1.0706066e-07 0)
(0.00032910583 -7.7472481e-08 0)
(0.00032908921 -5.2650217e-08 0)
(0.0003290762 -3.1970931e-08 0)
(0.00032906626 -1.4882746e-08 0)
(0.00032905891 -8.9762828e-10 0)
(0.00032905375 1.0415179e-08 0)
(0.00032905041 1.9435125e-08 0)
(0.00032904859 2.6495772e-08 0)
(0.00032904801 3.1889697e-08 0)
(0.00032904845 3.5872941e-08 0)
(0.0003290497 3.8669016e-08 0)
(0.00032905159 4.0472533e-08 0)
(0.00032905398 4.1452464e-08 0)
(0.00032905674 4.1755076e-08 0)
(0.00032905977 4.1506573e-08 0)
(0.00032906298 4.0815459e-08 0)
(0.0003290663 3.9774659e-08 0)
(0.00032906967 3.8463413e-08 0)
(0.00032907304 3.6948968e-08 0)
(0.00032907637 3.5288088e-08 0)
(0.00032907962 3.3528392e-08 0)
(0.00032908278 3.1709548e-08 0)
(0.00032908582 2.9864328e-08 0)
(0.00032908873 2.8019545e-08 0)
(0.0003290915 2.6196876e-08 0)
(0.00032909413 2.4413592e-08 0)
(0.00032909661 2.2683196e-08 0)
(0.00032909894 2.1015988e-08 0)
(0.00032910111 1.9419554e-08 0)
(0.00032910315 1.7899196e-08 0)
(0.00032910504 1.6458308e-08 0)
(0.00032910679 1.5098697e-08 0)
(0.00032910842 1.3820871e-08 0)
(0.00032910991 1.2624277e-08 0)
(0.00032911129 1.1507508e-08 0)
(0.00032911255 1.0468491e-08 0)
(0.00032911371 9.5046286e-09 0)
(0.00032911477 8.6129371e-09 0)
(0.00032911573 7.7901515e-09 0)
(0.00032911661 7.032819e-09 0)
(0.00032911741 6.337375e-09 0)
(0.00032911813 5.7002065e-09 0)
(0.00032911879 5.1177036e-09 0)
(0.00032911938 4.5863017e-09 0)
(0.00032911991 4.1025144e-09 0)
(0.00032912039 3.6629598e-09 0)
(0.00032912082 3.2643803e-09 0)
(0.0003291212 2.9036568e-09 0)
(0.00032912155 2.5778197e-09 0)
(0.00032912186 2.2840545e-09 0)
(0.00032912213 2.0197057e-09 0)
(0.00032912238 1.7822775e-09 0)
(0.00032912259 1.5694329e-09 0)
(0.00032912279 1.3789903e-09 0)
(0.00032912296 1.2089201e-09 0)
(0.00032912311 1.057339e-09 0)
(0.00032912324 9.2250429e-10 0)
(0.00032912335 8.028075e-10 0)
(0.00032912346 6.9676744e-10 0)
(0.00032912355 6.0302326e-10 0)
(0.00032912362 5.2032726e-10 0)
(0.00032912369 4.4753783e-10 0)
(0.00032912375 3.8361238e-10 0)
(0.0003291238 3.2760046e-10 0)
(0.00032912385 2.7863706e-10 0)
(0.00032912388 2.359362e-10 0)
(0.00032912392 1.9878474e-10 0)
(0.00032912394 1.6653651e-10 0)
(0.00032912397 1.3860672e-10 0)
(0.00032912399 1.144667e-10 0)
(0.000329124 9.3638971e-11 0)
(0.00032912402 7.5692567e-11 0)
(0.00032912403 6.023873e-11 0)
(0.00032912404 4.6926878e-11 0)
(0.00032912405 3.5440858e-11 0)
(0.00032912405 2.5495497e-11 0)
(0.00032912406 1.6833405e-11 0)
(0.00032912406 9.2220581e-12 0)
(0.00032912406 2.4510982e-12 0)
(0.00032912406 -3.6701057e-12 0)
(0.00032912406 -9.3147006e-12 0)
(0.00032912406 -1.4640365e-11 0)
(0.00032912406 -1.9791146e-11 0)
(0.00032912406 -2.4899098e-11 0)
(0.00032912405 -3.008576e-11 0)
(0.00032912405 -3.546346e-11 0)
(0.00032912404 -4.1136476e-11 0)
(0.00032912404 -4.7202045e-11 0)
(0.00032912403 -5.3751249e-11 0)
(0.00032912402 -6.0869759e-11 0)
(0.00032912401 -6.8638477e-11 0)
(0.000329124 -7.7134052e-11 0)
(0.00032912399 -8.6429299e-11 0)
(0.00032912398 -9.6593516e-11 0)
(0.00032912396 -1.0769271e-10 0)
(0.00032912395 -1.1978971e-10 0)
(0.00032912393 -1.3294426e-10 0)
(0.00032912391 -1.4721295e-10 0)
(0.00032912389 -1.6264913e-10 0)
(0.00032912386 -1.793027e-10 0)
(0.00032912384 -1.9721992e-10 0)
(0.00032912381 -2.1644306e-10 0)
(0.00032912378 -2.3701003e-10 0)
(0.00032912374 -2.5895395e-10 0)
(0.00032912371 -2.8230269e-10 0)
(0.00032912367 -3.0707831e-10 0)
(0.00032912363 -3.3329646e-10 0)
(0.00032912358 -3.6096578e-10 0)
(0.00032912353 -3.9008723e-10 0)
(0.00032912348 -4.2065333e-10 0)
(0.00032912342 -4.5264744e-10 0)
(0.00032912336 -4.8604298e-10 0)
(0.00032912329 -5.2080255e-10 0)
(0.00032912323 -5.5687707e-10 0)
(0.00032912315 -5.9420487e-10 0)
(0.00032912307 -6.3271065e-10 0)
(0.00032912299 -6.7230442e-10 0)
(0.0003291229 -7.1288028e-10 0)
(0.00032912281 -7.5431504e-10 0)
(0.00032912272 -7.964666e-10 0)
(0.00032912262 -8.3917199e-10 0)
(0.00032912251 -8.8224496e-10 0)
(0.0003291224 -9.2547286e-10 0)
(0.00032912229 -9.6861269e-10 0)
(0.00032912217 -1.0113859e-09 0)
(0.00032912204 -1.0534719e-09 0)
(0.00032912192 -1.0944992e-09 0)
(0.00032912179 -1.1340353e-09 0)
(0.00032912166 -1.1715737e-09 0)
(0.00032912152 -1.2065202e-09 0)
(0.00032912138 -1.2381779e-09 0)
(0.00032912125 -1.2657367e-09 0)
(0.00032912111 -1.2882763e-09 0)
(0.00032912097 -1.3047624e-09 0)
(0.00032912084 -1.3140082e-09 0)
(0.00032912066 -1.3151349e-09 0)
(0.00039146438 -2.4087652e-05 0)
(0.00039616199 -6.3976519e-05 0)
(0.00040340979 -9.4777194e-05 0)
(0.00041136947 -0.00011658019 0)
(0.00041850053 -0.0001303139 0)
(0.00042392638 -0.00013732097 0)
(0.00042723694 -0.00013905776 0)
(0.00042837603 -0.00013689495 0)
(0.00042751888 -0.00013201144 0)
(0.00042496463 -0.00012535819 0)
(0.00042105827 -0.00011766524 0)
(0.00041614066 -0.00010947024 0)
(0.00041052042 -0.00010115428 0)
(0.00040446124 -9.2977036e-05 0)
(0.00039817892 -8.5107347e-05 0)
(0.00039184387 -7.7648097e-05 0)
(0.00038558631 -7.0655478e-05 0)
(0.00037950251 -6.4153457e-05 0)
(0.00037366085 -5.8144355e-05 0)
(0.00036810744 -5.2616422e-05 0)
(0.00036287088 -4.7549176e-05 0)
(0.00035796635 -4.2917096e-05 0)
(0.00035339882 -3.8692137e-05 0)
(0.00034916572 -3.4845406e-05 0)
(0.00034525896 -3.1348252e-05 0)
(0.00034166662 -2.8172955e-05 0)
(0.00033837415 -2.5293129e-05 0)
(0.00033536536 -2.2683947e-05 0)
(0.00033262312 -2.0322232e-05 0)
(0.00033012997 -1.8186476e-05 0)
(0.00032786846 -1.6256798e-05 0)
(0.00032582146 -1.4514884e-05 0)
(0.00032397242 -1.2943891e-05 0)
(0.00032230548 -1.1528365e-05 0)
(0.00032080554 -1.0254138e-05 0)
(0.00031945838 -9.1082351e-06 0)
(0.00031825063 -8.0787845e-06 0)
(0.00031716982 -7.1549305e-06 0)
(0.00031620435 -6.3267529e-06 0)
(0.00031534345 -5.5851912e-06 0)
(0.0003145772 -4.9219754e-06 0)
(0.00031389644 -4.3295613e-06 0)
(0.00031329278 -3.8010709e-06 0)
(0.0003127585 -3.3302379e-06 0)
(0.00031228657 -2.9113573e-06 0)
(0.00031187056 -2.5392387e-06 0)
(0.00031150463 -2.2091639e-06 0)
(0.00031118346 -1.9168474e-06 0)
(0.00031090223 -1.6584e-06 0)
(0.00031065658 -1.4302957e-06 0)
(0.00031044257 -1.2293409e-06 0)
(0.00031025663 -1.0526456e-06 0)
(0.00031009556 -8.9759766e-07 0)
(0.00030995648 -7.6183871e-07 0)
(0.00030983681 -6.4324169e-07 0)
(0.00030973423 -5.3989055e-07 0)
(0.00030964666 -4.5006141e-07 0)
(0.00030957225 -3.722052e-07 0)
(0.00030950935 -3.0493178e-07 0)
(0.00030945649 -2.4699529e-07 0)
(0.00030941237 -1.9728068e-07 0)
(0.00030937583 -1.5479143e-07 0)
(0.00030934584 -1.1863827e-07 0)
(0.00030932151 -8.8028775e-08 0)
(0.00030930202 -6.2258013e-08 0)
(0.00030928669 -4.0699843e-08 0)
(0.00030927489 -2.2799072e-08 0)
(0.00030926608 -8.0642755e-09 0)
(0.0003092598 3.9387281e-09 0)
(0.00030925564 1.3592812e-08 0)
(0.00030925323 2.1234927e-08 0)
(0.00030925227 2.7160983e-08 0)
(0.00030925249 3.163027e-08 0)
(0.00030925366 3.4869453e-08 0)
(0.00030925559 3.7076181e-08 0)
(0.00030925811 3.842234e-08 0)
(0.00030926107 3.905698e-08 0)
(0.00030926435 3.9108949e-08 0)
(0.00030926786 3.8689256e-08 0)
(0.00030927151 3.7893188e-08 0)
(0.00030927523 3.6802206e-08 0)
(0.00030927896 3.548564e-08 0)
(0.00030928266 3.4002196e-08 0)
(0.00030928628 3.2401307e-08 0)
(0.0003092898 3.0724324e-08 0)
(0.0003092932 2.900558e-08 0)
(0.00030929646 2.727333e-08 0)
(0.00030929956 2.5550582e-08 0)
(0.00030930251 2.3855831e-08 0)
(0.0003093053 2.2203708e-08 0)
(0.00030930791 2.060554e-08 0)
(0.00030931037 1.9069858e-08 0)
(0.00030931266 1.7602823e-08 0)
(0.00030931479 1.6208614e-08 0)
(0.00030931677 1.4889751e-08 0)
(0.0003093186 1.3647388e-08 0)
(0.00030932029 1.2481557e-08 0)
(0.00030932185 1.1391383e-08 0)
(0.00030932328 1.0375268e-08 0)
(0.00030932459 9.4310478e-09 0)
(0.00030932579 8.5561241e-09 0)
(0.00030932689 7.7475796e-09 0)
(0.00030932788 7.0022727e-09 0)
(0.00030932879 6.3169167e-09 0)
(0.00030932961 5.6881467e-09 0)
(0.00030933035 5.1125737e-09 0)
(0.00030933103 4.5868295e-09 0)
(0.00030933163 4.1076015e-09 0)
(0.00030933218 3.671662e-09 0)
(0.00030933267 3.2758891e-09 0)
(0.00030933311 2.9172837e-09 0)
(0.0003093335 2.592981e-09 0)
(0.00030933385 2.300259e-09 0)
(0.00030933417 2.0365427e-09 0)
(0.00030933445 1.7994066e-09 0)
(0.0003093347 1.5865746e-09 0)
(0.00030933492 1.3959184e-09 0)
(0.00030933511 1.2254538e-09 0)
(0.00030933528 1.0733372e-09 0)
(0.00030933543 9.3785961e-10 0)
(0.00030933557 8.1744155e-10 0)
(0.00030933569 7.1062658e-10 0)
(0.00030933579 6.1607483e-10 0)
(0.00030933588 5.3255644e-10 0)
(0.00030933596 4.5894484e-10 0)
(0.00030933602 3.9421012e-10 0)
(0.00030933608 3.3741247e-10 0)
(0.00030933613 2.8769588e-10 0)
(0.00030933618 2.4428189e-10 0)
(0.00030933621 2.0646373e-10 0)
(0.00030933625 1.7360061e-10 0)
(0.00030933627 1.4511236e-10 0)
(0.0003093363 1.2047433e-10 0)
(0.00030933632 9.9212553e-11 0)
(0.00030933633 8.0899273e-11 0)
(0.00030933635 6.5148685e-11 0)
(0.00030933636 5.1613035e-11 0)
(0.00030933637 3.9978915e-11 0)
(0.00030933637 2.9963915e-11 0)
(0.00030933638 2.1313449e-11 0)
(0.00030933638 1.3797909e-11 0)
(0.00030933639 7.2099687e-12 0)
(0.00030933639 1.3622044e-12 0)
(0.00030933639 -3.9151677e-12 0)
(0.00030933639 -8.7762623e-12 0)
(0.00030933639 -1.3361395e-11 0)
(0.00030933639 -1.7798687e-11 0)
(0.00030933638 -2.2205595e-11 0)
(0.00030933638 -2.6690189e-11 0)
(0.00030933638 -3.1352375e-11 0)
(0.00030933637 -3.6284897e-11 0)
(0.00030933636 -4.1574287e-11 0)
(0.00030933636 -4.7301619e-11 0)
(0.00030933635 -5.3543219e-11 0)
(0.00030933634 -6.0371205e-11 0)
(0.00030933633 -6.7853988e-11 0)
(0.00030933632 -7.605661e-11 0)
(0.0003093363 -8.5041073e-11 0)
(0.00030933629 -9.4866495e-11 0)
(0.00030933627 -1.0558927e-10 0)
(0.00030933626 -1.172631e-10 0)
(0.00030933624 -1.2993896e-10 0)
(0.00030933622 -1.4366502e-10 0)
(0.00030933619 -1.5848648e-10 0)
(0.00030933617 -1.7444538e-10 0)
(0.00030933614 -1.9158029e-10 0)
(0.00030933611 -2.0992599e-10 0)
(0.00030933607 -2.2951314e-10 0)
(0.00030933604 -2.5036776e-10 0)
(0.000309336 -2.7251087e-10 0)
(0.00030933595 -2.9595791e-10 0)
(0.00030933591 -3.2071823e-10 0)
(0.00030933586 -3.4679448e-10 0)
(0.0003093358 -3.7418201e-10 0)
(0.00030933575 -4.0286826e-10 0)
(0.00030933569 -4.3283207e-10 0)
(0.00030933562 -4.6404299e-10 0)
(0.00030933555 -4.9646056e-10 0)
(0.00030933548 -5.300336e-10 0)
(0.0003093354 -5.646994e-10 0)
(0.00030933531 -6.0038288e-10 0)
(0.00030933522 -6.3699572e-10 0)
(0.00030933513 -6.7443525e-10 0)
(0.00030933503 -7.1258327e-10 0)
(0.00030933493 -7.5130453e-10 0)
(0.00030933482 -7.9044481e-10 0)
(0.00030933471 -8.2982832e-10 0)
(0.00030933459 -8.6925432e-10 0)
(0.00030933447 -9.0849235e-10 0)
(0.00030933434 -9.4727583e-10 0)
(0.00030933421 -9.8529334e-10 0)
(0.00030933408 -1.0221772e-09 0)
(0.00030933394 -1.0574889e-09 0)
(0.0003093338 -1.0907013e-09 0)
(0.00030933366 -1.1211787e-09 0)
(0.00030933352 -1.1481587e-09 0)
(0.00030933338 -1.1707437e-09 0)
(0.00030933324 -1.1878843e-09 0)
(0.0003093331 -1.1983593e-09 0)
(0.00030933292 -1.2014537e-09 0)
(0.00039158124 -2.6492397e-05 0)
(0.0003970293 -6.9395309e-05 0)
(0.00040502917 -0.00010141663 0)
(0.00041332269 -0.000122941 0)
(0.00042014688 -0.00013538328 0)
(0.00042463538 -0.0001405681 0)
(0.0004265065 -0.00014033522 0)
(0.00042587607 -0.00013631375 0)
(0.00042308594 -0.00012982809 0)
(0.00041857148 -0.00012188971 0)
(0.00041277588 -0.00011323331 0)
(0.0004061027 -0.0001043693 0)
(0.00039889456 -9.5636614e-05 0)
(0.00039142814 -8.7248689e-05 0)
(0.000383918 -7.9330219e-05 0)
(0.0003765246 -7.1945022e-05 0)
(0.00036936344 -6.511638e-05 0)
(0.00036251401 -5.8841475e-05 0)
(0.00035602763 -5.3101382e-05 0)
(0.00034993408 -4.7867863e-05 0)
(0.00034424699 -4.3107874e-05 0)
(0.00033896811 -3.8786504e-05 0)
(0.00033409064 -3.4868826e-05 0)
(0.00032960178 -3.1321031e-05 0)
(0.0003254847 -2.8111066e-05 0)
(0.00032172002 -2.5208966e-05 0)
(0.00031828687 -2.2586979e-05 0)
(0.00031516372 -2.021957e-05 0)
(0.00031232899 -1.8083341e-05 0)
(0.00030976144 -1.6156919e-05 0)
(0.00030744048 -1.4420817e-05 0)
(0.00030534639 -1.2857288e-05 0)
(0.00030346041 -1.1450181e-05 0)
(0.00030176485 -1.0184806e-05 0)
(0.00030024312 -9.0478014e-06 0)
(0.00029887973 -8.0270176e-06 0)
(0.00029766026 -7.111405e-06 0)
(0.00029657138 -6.2909158e-06 0)
(0.00029560075 -5.5564126e-06 0)
(0.00029473705 -4.8995867e-06 0)
(0.00029396983 -4.3128843e-06 0)
(0.00029328955 -3.7894386e-06 0)
(0.00029268747 -3.3230095e-06 0)
(0.00029215562 -2.907928e-06 0)
(0.00029168674 -2.5390465e-06 0)
(0.00029127421 -2.211693e-06 0)
(0.00029091205 -1.9216297e-06 0)
(0.00029059483 -1.665015e-06 0)
(0.00029031764 -1.4383691e-06 0)
(0.00029007603 -1.2385423e-06 0)
(0.000289866 -1.0626863e-06 0)
(0.00028968396 -9.0822757e-07 0)
(0.00028952666 -7.728429e-07 0)
(0.00028939121 -6.5443747e-07 0)
(0.00028927499 -5.5112426e-07 0)
(0.00028917568 -4.6120536e-07 0)
(0.00028909119 -3.831548e-07 0)
(0.00028901968 -3.1560278e-07 0)
(0.0002889595 -2.5732126e-07 0)
(0.00028890918 -2.0721071e-07 0)
(0.00028886741 -1.64288e-07 0)
(0.00028883304 -1.276753e-07 0)
(0.00028880507 -9.6589962e-08 0)
(0.00028878259 -7.0335228e-08 0)
(0.00028876481 -4.8291799e-08 0)
(0.00028875104 -2.991011e-08 0)
(0.00028874067 -1.4703305e-08 0)
(0.00028873318 -2.2408491e-09 0)
(0.00028872809 7.8572873e-09 0)
(0.00028872501 1.5925899e-08 0)
(0.00028872359 2.225933e-08 0)
(0.00028872352 2.7115807e-08 0)
(0.00028872455 3.0721353e-08 0)
(0.00028872645 3.327333e-08 0)
(0.00028872904 3.4943625e-08 0)
(0.00028873215 3.5881532e-08 0)
(0.00028873564 3.6216332e-08 0)
(0.0002887394 3.6059618e-08 0)
(0.00028874334 3.5507382e-08 0)
(0.00028874737 3.4641874e-08 0)
(0.00028875143 3.3533276e-08 0)
(0.00028875546 3.2241189e-08 0)
(0.00028875943 3.0815961e-08 0)
(0.00028876329 2.9299868e-08 0)
(0.00028876703 2.7728163e-08 0)
(0.00028877061 2.6130011e-08 0)
(0.00028877404 2.4529305e-08 0)
(0.00028877729 2.2945399e-08 0)
(0.00028878037 2.1393748e-08 0)
(0.00028878326 1.9886474e-08 0)
(0.00028878598 1.8432856e-08 0)
(0.00028878852 1.703977e-08 0)
(0.00028879088 1.5712067e-08 0)
(0.00028879308 1.44529e-08 0)
(0.00028879512 1.3264013e-08 0)
(0.000288797 1.2145991e-08 0)
(0.00028879873 1.1098474e-08 0)
(0.00028880032 1.0120339e-08 0)
(0.00028880178 9.2098639e-09 0)
(0.00028880312 8.3648569e-09 0)
(0.00028880434 7.5827757e-09 0)
(0.00028880545 6.8608227e-09 0)
(0.00028880646 6.1960265e-09 0)
(0.00028880738 5.5853105e-09 0)
(0.00028880821 5.0255488e-09 0)
(0.00028880897 4.5136124e-09 0)
(0.00028880965 4.0464066e-09 0)
(0.00028881026 3.6209007e-09 0)
(0.00028881081 3.2341513e-09 0)
(0.0002888113 2.8833207e-09 0)
(0.00028881174 2.5656896e-09 0)
(0.00028881214 2.2786664e-09 0)
(0.00028881249 2.0197939e-09 0)
(0.0002888128 1.7867518e-09 0)
(0.00028881308 1.5773583e-09 0)
(0.00028881333 1.3895691e-09 0)
(0.00028881355 1.2214753e-09 0)
(0.00028881375 1.0712999e-09 0)
(0.00028881392 9.3739332e-10 0)
(0.00028881407 8.1822878e-10 0)
(0.0002888142 7.1239644e-10 0)
(0.00028881432 6.1859766e-10 0)
(0.00028881442 5.3563903e-10 0)
(0.00028881451 4.6242608e-10 0)
(0.00028881458 3.9795726e-10 0)
(0.00028881465 3.4131771e-10 0)
(0.00028881471 2.9167339e-10 0)
(0.00028881476 2.4826522e-10 0)
(0.0002888148 2.1040351e-10 0)
(0.00028881484 1.7746255e-10 0)
(0.00028881487 1.4887553e-10 0)
(0.0002888149 1.2412966e-10 0)
(0.00028881492 1.0276159e-10 0)
(0.00028881494 8.4353036e-11 0)
(0.00028881495 6.8526817e-11 0)
(0.00028881497 5.4942987e-11 0)
(0.00028881498 4.3295357e-11 0)
(0.00028881499 3.330819e-11 0)
(0.00028881499 2.4733202e-11 0)
(0.000288815 1.7346729e-11 0)
(0.000288815 1.094719e-11 0)
(0.000288815 5.3526883e-12 0)
(0.00028881501 3.9888476e-13 0)
(0.00028881501 -4.0630047e-12 0)
(0.00028881501 -8.167969e-12 0)
(0.000288815 -1.2038856e-11 0)
(0.000288815 -1.5787808e-11 0)
(0.000288815 -1.9517603e-11 0)
(0.000288815 -2.3322803e-11 0)
(0.00028881499 -2.7290831e-11 0)
(0.00028881499 -3.1502859e-11 0)
(0.00028881498 -3.6034651e-11 0)
(0.00028881497 -4.0957226e-11 0)
(0.00028881497 -4.6337497e-11 0)
(0.00028881496 -5.2238736e-11 0)
(0.00028881495 -5.8721027e-11 0)
(0.00028881494 -6.5841566e-11 0)
(0.00028881492 -7.3654944e-11 0)
(0.00028881491 -8.2213295e-11 0)
(0.00028881489 -9.1566438e-11 0)
(0.00028881488 -1.0176189e-10 0)
(0.00028881486 -1.1284487e-10 0)
(0.00028881484 -1.2485821e-10 0)
(0.00028881481 -1.3784223e-10 0)
(0.00028881479 -1.5183451e-10 0)
(0.00028881476 -1.6686973e-10 0)
(0.00028881473 -1.8297932e-10 0)
(0.00028881469 -2.0019116e-10 0)
(0.00028881466 -2.1852923e-10 0)
(0.00028881462 -2.3801317e-10 0)
(0.00028881458 -2.5865789e-10 0)
(0.00028881453 -2.8047308e-10 0)
(0.00028881448 -3.0346272e-10 0)
(0.00028881443 -3.2762457e-10 0)
(0.00028881437 -3.5294968e-10 0)
(0.00028881431 -3.7942181e-10 0)
(0.00028881424 -4.0701689e-10 0)
(0.00028881417 -4.3570249e-10 0)
(0.0002888141 -4.6543723e-10 0)
(0.00028881402 -4.9617023e-10 0)
(0.00028881394 -5.2784054e-10 0)
(0.00028881385 -5.6037647e-10 0)
(0.00028881376 -5.9369495e-10 0)
(0.00028881366 -6.2770072e-10 0)
(0.00028881355 -6.622853e-10 0)
(0.00028881344 -6.9732566e-10 0)
(0.00028881333 -7.3268235e-10 0)
(0.00028881321 -7.6819676e-10 0)
(0.00028881309 -8.036872e-10 0)
(0.00028881296 -8.3894305e-10 0)
(0.00028881283 -8.7371644e-10 0)
(0.0002888127 -9.0771044e-10 0)
(0.00028881256 -9.405629e-10 0)
(0.00028881241 -9.7182542e-10 0)
(0.00028881227 -1.0009373e-09 0)
(0.00028881213 -1.0271982e-09 0)
(0.00028881198 -1.0497455e-09 0)
(0.00028881184 -1.0675177e-09 0)
(0.0002888117 -1.0792533e-09 0)
(0.00028881151 -1.0843642e-09 0)
(0.00039174881 -2.9345268e-05 0)
(0.00039815532 -7.5521527e-05 0)
(0.00040697944 -0.00010851833 0)
(0.00041545783 -0.00012923231 0)
(0.0004216221 -0.0001397887 0)
(0.00042470513 -0.00014264398 0)
(0.00042464672 -0.00014008945 0)
(0.00042180346 -0.00013402089 0)
(0.00041672226 -0.00012588363 0)
(0.0004099877 -0.00011671296 0)
(0.00040213736 -0.0001072121 0)
(0.00039362459 -9.7834301e-05 0)
(0.0003848097 -8.8854321e-05 0)
(0.00037596609 -8.0424542e-05 0)
(0.00036729275 -7.261645e-05 0)
(0.00035892835 -6.5449947e-05 0)
(0.00035096445 -5.8913402e-05 0)
(0.00034345684 -5.297701e-05 0)
(0.00033643479 -4.7601463e-05 0)
(0.00032990829 -4.2743439e-05 0)
(0.0003238737 -3.835897e-05 0)
(0.0003183179 -3.4405417e-05 0)
(0.00031322151 -3.0842554e-05 0)
(0.00030856115 -2.763309e-05 0)
(0.00030431118 -2.4742845e-05 0)
(0.00030044489 -2.2140717e-05 0)
(0.00029693539 -1.9798538e-05 0)
(0.00029375619 -1.769087e-05 0)
(0.00029088161 -1.5794779e-05 0)
(0.0002882871 -1.4089598e-05 0)
(0.00028594934 -1.2556707e-05 0)
(0.0002838464 -1.1179329e-05 0)
(0.00028195772 -9.9423343e-06 0)
(0.00028026416 -8.8320714e-06 0)
(0.00027874796 -7.8362146e-06 0)
(0.00027739267 -6.9436265e-06 0)
(0.00027618314 -6.1442363e-06 0)
(0.00027510544 -5.4289324e-06 0)
(0.00027414675 -4.789467e-06 0)
(0.00027329536 -4.218371e-06 0)
(0.00027254057 -3.7088787e-06 0)
(0.00027187259 -3.2548605e-06 0)
(0.00027128252 -2.8507626e-06 0)
(0.00027076228 -2.4915538e-06 0)
(0.0002703045 -2.1726766e-06 0)
(0.00026990254 -1.8900042e-06 0)
(0.00026955035 -1.6398007e-06 0)
(0.00026924249 -1.4186865e-06 0)
(0.00026897405 -1.2236052e-06 0)
(0.00026874058 -1.0517952e-06 0)
(0.00026853811 -9.0076269e-07 0)
(0.00026836304 -7.682576e-07 0)
(0.00026821217 -6.5225159e-07 0)
(0.00026808262 -5.5091787e-07 0)
(0.00026797181 -4.6261284e-07 0)
(0.00026787744 -3.8585929e-07 0)
(0.00026779746 -3.19331e-07 0)
(0.00026773005 -2.6183873e-07 0)
(0.00026767359 -2.1231739e-07 0)
(0.00026762663 -1.6981426e-07 0)
(0.00026758791 -1.334783e-07 0)
(0.0002675563 -1.0255033e-07 0)
(0.00026753081 -7.6354129e-08 0)
(0.00026751055 -5.4288237e-08 0)
(0.00026749478 -3.5818557e-08 0)
(0.0002674828 -2.0471573e-08 0)
(0.00026747403 -7.8282011e-09 0)
(0.00026746797 2.481808e-09 0)
(0.00026746415 1.0784944e-08 0)
(0.00026746221 1.7368542e-08 0)
(0.00026746179 2.2484957e-08 0)
(0.00026746261 2.6355331e-08 0)
(0.00026746443 2.9173009e-08 0)
(0.00026746703 3.1106609e-08 0)
(0.00026747023 3.2302801e-08 0)
(0.00026747388 3.2888796e-08 0)
(0.00026747784 3.2974592e-08 0)
(0.00026748202 3.2654989e-08 0)
(0.00026748632 3.2011386e-08 0)
(0.00026749066 3.1113401e-08 0)
(0.00026749499 3.0020309e-08 0)
(0.00026749926 2.878233e-08 0)
(0.00026750343 2.7441774e-08 0)
(0.00026750747 2.603406e-08 0)
(0.00026751135 2.458862e-08 0)
(0.00026751507 2.3129697e-08 0)
(0.0002675186 2.1677057e-08 0)
(0.00026752194 2.0246612e-08 0)
(0.00026752509 1.8850969e-08 0)
(0.00026752805 1.7499917e-08 0)
(0.00026753082 1.620085e-08 0)
(0.00026753341 1.4959135e-08 0)
(0.00026753581 1.3778443e-08 0)
(0.00026753803 1.2661022e-08 0)
(0.00026754009 1.1607949e-08 0)
(0.00026754199 1.0619339e-08 0)
(0.00026754373 9.6945235e-09 0)
(0.00026754533 8.8322153e-09 0)
(0.0002675468 8.0306358e-09 0)
(0.00026754814 7.2876321e-09 0)
(0.00026754936 6.6007734e-09 0)
(0.00026755047 5.9674325e-09 0)
(0.00026755148 5.3848541e-09 0)
(0.0002675524 4.8502117e-09 0)
(0.00026755323 4.3606542e-09 0)
(0.00026755397 3.9133442e-09 0)
(0.00026755465 3.5054887e-09 0)
(0.00026755525 3.1343635e-09 0)
(0.0002675558 2.7973316e-09 0)
(0.00026755629 2.4918584e-09 0)
(0.00026755672 2.2155211e-09 0)
(0.00026755711 1.9660163e-09 0)
(0.00026755746 1.7411642e-09 0)
(0.00026755777 1.5389104e-09 0)
(0.00026755805 1.3573265e-09 0)
(0.00026755829 1.1946084e-09 0)
(0.0002675585 1.0490737e-09 0)
(0.00026755869 9.1915872e-10 0)
(0.00026755886 8.0341348e-10 0)
(0.00026755901 7.0049758e-10 0)
(0.00026755914 6.0917469e-10 0)
(0.00026755925 5.2830727e-10 0)
(0.00026755935 4.5685093e-10 0)
(0.00026755944 3.9384891e-10 0)
(0.00026755951 3.3842642e-10 0)
(0.00026755957 2.897852e-10 0)
(0.00026755963 2.4719812e-10 0)
(0.00026755968 2.10004e-10 0)
(0.00026755972 1.7760261e-10 0)
(0.00026755976 1.4944988e-10 0)
(0.00026755978 1.2505335e-10 0)
(0.00026755981 1.0396787e-10 0)
(0.00026755983 8.5791522e-11 0)
(0.00026755985 7.0161825e-11 0)
(0.00026755986 5.6752113e-11 0)
(0.00026755988 4.5268263e-11 0)
(0.00026755989 3.5445522e-11 0)
(0.00026755989 2.7045701e-11 0)
(0.0002675599 1.9854442e-11 0)
(0.00026755991 1.3678838e-11 0)
(0.00026755991 8.3451053e-12 0)
(0.00026755991 3.6965867e-12 0)
(0.00026755991 -4.0820801e-13 0)
(0.00026755991 -4.0972553e-12 0)
(0.00026755991 -7.4866506e-12 0)
(0.00026755991 -1.0681956e-11 0)
(0.00026755991 -1.3779548e-11 0)
(0.00026755991 -1.6867689e-11 0)
(0.0002675599 -2.0027628e-11 0)
(0.0002675599 -2.3334437e-11 0)
(0.00026755989 -2.6857883e-11 0)
(0.00026755989 -3.0663063e-11 0)
(0.00026755988 -3.4811081e-11 0)
(0.00026755987 -3.9359503e-11 0)
(0.00026755987 -4.436286e-11 0)
(0.00026755986 -4.9872946e-11 0)
(0.00026755984 -5.593917e-11 0)
(0.00026755983 -6.2608716e-11 0)
(0.00026755982 -6.9926759e-11 0)
(0.0002675598 -7.7936502e-11 0)
(0.00026755979 -8.6679273e-11 0)
(0.00026755977 -9.6194453e-11 0)
(0.00026755975 -1.0651947e-10 0)
(0.00026755973 -1.1768962e-10 0)
(0.0002675597 -1.2973796e-10 0)
(0.00026755967 -1.426951e-10 0)
(0.00026755964 -1.5658893e-10 0)
(0.00026755961 -1.7144439e-10 0)
(0.00026755958 -1.8728311e-10 0)
(0.00026755954 -2.0412313e-10 0)
(0.0002675595 -2.219785e-10 0)
(0.00026755945 -2.4085888e-10 0)
(0.0002675594 -2.607692e-10 0)
(0.00026755935 -2.8170916e-10 0)
(0.0002675593 -3.0367291e-10 0)
(0.00026755924 -3.2664852e-10 0)
(0.00026755917 -3.5061766e-10 0)
(0.0002675591 -3.7555511e-10 0)
(0.00026755903 -4.0142845e-10 0)
(0.00026755895 -4.2819763e-10 0)
(0.00026755887 -4.5581465e-10 0)
(0.00026755878 -4.842232e-10 0)
(0.00026755869 -5.1335838e-10 0)
(0.00026755859 -5.4314622e-10 0)
(0.00026755849 -5.735033e-10 0)
(0.00026755838 -6.0433601e-10 0)
(0.00026755827 -6.3553947e-10 0)
(0.00026755815 -6.6699571e-10 0)
(0.00026755803 -6.9857085e-10 0)
(0.0002675579 -7.301103e-10 0)
(0.00026755777 -7.6143145e-10 0)
(0.00026755764 -7.9231226e-10 0)
(0.0002675575 -8.2247452e-10 0)
(0.00026755736 -8.5156007e-10 0)
(0.00026755721 -8.7909885e-10 0)
(0.00026755707 -9.0447144e-10 0)
(0.00026755692 -9.2686749e-10 0)
(0.00026755677 -9.452247e-10 0)
(0.00026755663 -9.5823207e-10 0)
(0.00026755644 -9.6539216e-10 0)
(0.00039199587 -3.2795909e-05 0)
(0.00039963539 -8.2484398e-05 0)
(0.00040930498 -0.00011602386 0)
(0.00041767084 -0.00013518612 0)
(0.00042263422 -0.00014312101 0)
(0.00042367569 -0.00014309123 0)
(0.00042108241 -0.00013789151 0)
(0.00041552779 -0.00012966256 0)
(0.00040779384 -0.00011991811 0)
(0.00039861283 -0.00010966111 0)
(0.00038859819 -9.9516149e-05 0)
(0.00037822824 -8.9845057e-05 0)
(0.00036785624 -8.0836016e-05 0)
(0.0003577308 -7.2567344e-05 0)
(0.00034801807 -6.5050901e-05 0)
(0.0003388219 -5.826053e-05 0)
(0.0003302005 -5.2150105e-05 0)
(0.00032217949 -4.6664631e-05 0)
(0.0003147618 -4.1746834e-05 0)
(0.00030793501 -3.7340899e-05 0)
(0.0003016767 -3.3394427e-05 0)
(0.00029595823 -2.9859329e-05 0)
(0.00029074749 -2.6692084e-05 0)
(0.00028601076 -2.3853644e-05 0)
(0.000281714 -2.1309159e-05 0)
(0.00027782376 -1.9027613e-05 0)
(0.00027430771 -1.6981438e-05 0)
(0.00027113504 -1.5146132e-05 0)
(0.00026827662 -1.3499908e-05 0)
(0.00026570517 -1.2023371e-05 0)
(0.00026339523 -1.0699233e-05 0)
(0.00026132318 -9.5120571e-06 0)
(0.00025946714 -8.4480408e-06 0)
(0.00025780699 -7.4948212e-06 0)
(0.00025632417 -6.6413082e-06 0)
(0.00025500169 -5.8775396e-06 0)
(0.00025382397 -5.1945546e-06 0)
(0.00025277676 -4.5842837e-06 0)
(0.00025184707 -4.0394534e-06 0)
(0.00025102305 -3.5535019e-06 0)
(0.00025029393 -3.1205059e-06 0)
(0.0002496499 -2.7351155e-06 0)
(0.00024908208 -2.3924974e-06 0)
(0.00024858241 -2.088284e-06 0)
(0.00024814359 -1.8185285e-06 0)
(0.00024775904 -1.5796643e-06 0)
(0.00024742279 -1.3684697e-06 0)
(0.00024712948 -1.182035e-06 0)
(0.00024687429 -1.0177334e-06 0)
(0.00024665286 -8.7319513e-07 0)
(0.00024646129 -7.4628339e-07 0)
(0.00024629609 -6.3507285e-07 0)
(0.00024615412 -5.3783012e-07 0)
(0.00024603258 -4.5299598e-07 0)
(0.00024592897 -3.7916919e-07 0)
(0.00024584106 -3.1509176e-07 0)
(0.00024576687 -2.5963549e-07 0)
(0.00024570462 -2.1178977e-07 0)
(0.00024565277 -1.7065039e-07 0)
(0.00024560991 -1.3540932e-07 0)
(0.00024557483 -1.0534549e-07 0)
(0.00024554645 -7.9816267e-08 0)
(0.00024552381 -5.8249783e-08 0)
(0.00024550608 -4.0137888e-08 0)
(0.00024549252 -2.5029768e-08 0)
(0.0002454825 -1.2526139e-08 0)
(0.00024547545 -2.2739577e-09 0)
(0.00024547088 6.038359e-09 0)
(0.00024546838 1.2685286e-08 0)
(0.00024546757 1.7908122e-08 0)
(0.00024546814 2.1918552e-08 0)
(0.00024546982 2.4901864e-08 0)
(0.00024547237 2.7019853e-08 0)
(0.0002454756 2.8413442e-08 0)
(0.00024547934 2.920504e-08 0)
(0.00024548345 2.950066e-08 0)
(0.00024548781 2.9391822e-08 0)
(0.00024549232 2.8957264e-08 0)
(0.00024549689 2.8264468e-08 0)
(0.00024550147 2.7371026e-08 0)
(0.00024550599 2.6325861e-08 0)
(0.00024551042 2.5170314e-08 0)
(0.00024551471 2.3939111e-08 0)
(0.00024551885 2.2661222e-08 0)
(0.00024552281 2.1360624e-08 0)
(0.00024552658 2.0056974e-08 0)
(0.00024553016 1.8766208e-08 0)
(0.00024553354 1.750106e-08 0)
(0.00024553671 1.6271531e-08 0)
(0.00024553968 1.5085292e-08 0)
(0.00024554245 1.3948038e-08 0)
(0.00024554503 1.28638e-08 0)
(0.00024554742 1.1835217e-08 0)
(0.00024554964 1.0863768e-08 0)
(0.00024555168 9.9499793e-09 0)
(0.00024555356 9.0935986e-09 0)
(0.00024555529 8.2937467e-09 0)
(0.00024555687 7.5490478e-09 0)
(0.00024555832 6.8577404e-09 0)
(0.00024555964 6.2177716e-09 0)
(0.00024556084 5.6268766e-09 0)
(0.00024556193 5.0826461e-09 0)
(0.00024556292 4.5825819e-09 0)
(0.00024556382 4.1241429e-09 0)
(0.00024556463 3.7047837e-09 0)
(0.00024556536 3.321985e-09 0)
(0.00024556602 2.973278e-09 0)
(0.00024556661 2.656264e-09 0)
(0.00024556714 2.3686293e-09 0)
(0.00024556761 2.1081558e-09 0)
(0.00024556804 1.872729e-09 0)
(0.00024556841 1.6603431e-09 0)
(0.00024556875 1.469104e-09 0)
(0.00024556905 1.2972295e-09 0)
(0.00024556932 1.14305e-09 0)
(0.00024556955 1.0050056e-09 0)
(0.00024556976 8.8164402e-10 0)
(0.00024556994 7.7161701e-10 0)
(0.0002455701 6.7367636e-10 0)
(0.00024557024 5.8666919e-10 0)
(0.00024557037 5.0953367e-10 0)
(0.00024557047 4.4129359e-10 0)
(0.00024557057 3.8105392e-10 0)
(0.00024557065 3.2799529e-10 0)
(0.00024557072 2.813695e-10 0)
(0.00024557078 2.4049425e-10 0)
(0.00024557083 2.0474882e-10 0)
(0.00024557088 1.7356908e-10 0)
(0.00024557092 1.4644359e-10 0)
(0.00024557095 1.2290895e-10 0)
(0.00024557098 1.0254631e-10 0)
(0.000245571 8.4977163e-11 0)
(0.00024557102 6.9860255e-11 0)
(0.00024557104 5.6887902e-11 0)
(0.00024557105 4.578322e-11 0)
(0.00024557106 3.6296963e-11 0)
(0.00024557107 2.8205108e-11 0)
(0.00024557108 2.1306138e-11 0)
(0.00024557109 1.5418973e-11 0)
(0.00024557109 1.0380666e-11 0)
(0.00024557109 6.044644e-12 0)
(0.0002455711 2.2787754e-12 0)
(0.0002455711 -1.0361031e-12 0)
(0.0002455711 -4.0077944e-12 0)
(0.0002455711 -6.7339561e-12 0)
(0.0002455711 -9.3034227e-12 0)
(0.00024557109 -1.1797195e-11 0)
(0.00024557109 -1.4289512e-11 0)
(0.00024557109 -1.6848637e-11 0)
(0.00024557108 -1.9537714e-11 0)
(0.00024557108 -2.2415377e-11 0)
(0.00024557107 -2.5536424e-11 0)
(0.00024557107 -2.8952257e-11 0)
(0.00024557106 -3.2711406e-11 0)
(0.00024557105 -3.685982e-11 0)
(0.00024557104 -4.1441266e-11 0)
(0.00024557103 -4.649747e-11 0)
(0.00024557102 -5.2068428e-11 0)
(0.00024557101 -5.8192397e-11 0)
(0.00024557099 -6.4906142e-11 0)
(0.00024557098 -7.2244784e-11 0)
(0.00024557096 -8.0241997e-11 0)
(0.00024557094 -8.892972e-11 0)
(0.00024557092 -9.8338324e-11 0)
(0.0002455709 -1.0849619e-10 0)
(0.00024557087 -1.1942986e-10 0)
(0.00024557084 -1.311635e-10 0)
(0.00024557081 -1.4371902e-10 0)
(0.00024557078 -1.5711545e-10 0)
(0.00024557074 -1.7136908e-10 0)
(0.0002455707 -1.8649267e-10 0)
(0.00024557066 -2.024957e-10 0)
(0.00024557061 -2.1938344e-10 0)
(0.00024557056 -2.3715725e-10 0)
(0.00024557051 -2.5581362e-10 0)
(0.00024557045 -2.7534448e-10 0)
(0.00024557039 -2.9573626e-10 0)
(0.00024557032 -3.1697029e-10 0)
(0.00024557025 -3.3902186e-10 0)
(0.00024557018 -3.6186073e-10 0)
(0.0002455701 -3.8545027e-10 0)
(0.00024557001 -4.097481e-10 0)
(0.00024556992 -4.3470537e-10 0)
(0.00024556983 -4.6026747e-10 0)
(0.00024556973 -4.8637337e-10 0)
(0.00024556962 -5.129563e-10 0)
(0.00024556951 -5.3994277e-10 0)
(0.0002455694 -5.6725267e-10 0)
(0.00024556928 -5.9479684e-10 0)
(0.00024556915 -6.2247478e-10 0)
(0.00024556903 -6.5016809e-10 0)
(0.00024556889 -6.7773146e-10 0)
(0.00024556876 -7.0497579e-10 0)
(0.00024556861 -7.3164388e-10 0)
(0.00024556847 -7.5737304e-10 0)
(0.00024556833 -7.8164773e-10 0)
(0.00024556818 -8.0373498e-10 0)
(0.00024556804 -8.2259111e-10 0)
(0.0002455679 -8.3685902e-10 0)
(0.00024556771 -8.460803e-10 0)
(0.0003923693 -3.7058223e-05 0)
(0.00040159565 -9.0412419e-05 0)
(0.00041200845 -0.00012376492 0)
(0.00041971633 -0.00014036118 0)
(0.00042267279 -0.00014479878 0)
(0.00042083535 -0.00014132451 0)
(0.00041499389 -0.00013324408 0)
(0.0004062075 -0.00012287129 0)
(0.00039550014 -0.0001116987 0)
(0.00038372502 -0.00010061969 0)
(0.00037153228 -9.0124619e-05 0)
(0.00035938608 -8.0448862e-05 0)
(0.00034759933 -7.1674802e-05 0)
(0.00033636996 -6.3798169e-05 0)
(0.00032581252 -5.6769263e-05 0)
(0.00031598312 -5.0517596e-05 0)
(0.00030689821 -4.4966029e-05 0)
(0.00029854808 -4.003848e-05 0)
(0.0002909065 -3.5663794e-05 0)
(0.00028393732 -3.1777408e-05 0)
(0.00027759905 -2.8321776e-05 0)
(0.00027184789 -2.5246144e-05 0)
(0.00026663969 -2.2506022e-05 0)
(0.00026193128 -2.0062517e-05 0)
(0.00025768123 -1.7881671e-05 0)
(0.00025385034 -1.5933814e-05 0)
(0.00025040184 -1.4192992e-05 0)
(0.0002473015 -1.2636458e-05 0)
(0.00024451763 -1.1244227e-05 0)
(0.00024202098 -9.9986965e-06 0)
(0.00023978466 -8.8843232e-06 0)
(0.00023778401 -7.8873452e-06 0)
(0.00023599644 -6.9955476e-06 0)
(0.00023440131 -6.1980622e-06 0)
(0.00023297978 -5.4851977e-06 0)
(0.0002317147 -4.8482944e-06 0)
(0.00023059044 -4.2796006e-06 0)
(0.00022959279 -3.7721657e-06 0)
(0.00022870884 -3.3197488e-06 0)
(0.00022792688 -2.9167397e-06 0)
(0.0002272363 -2.55809e-06 0)
(0.00022662749 -2.2392534e-06 0)
(0.00022609175 -1.9561332e-06 0)
(0.00022562123 -1.7050365e-06 0)
(0.00022520883 -1.4826336e-06 0)
(0.00022484817 -1.2859214e-06 0)
(0.00022453347 -1.1121925e-06 0)
(0.00022425958 -9.5900578e-07 0)
(0.00022402182 -8.2416109e-07 0)
(0.00022381602 -7.0567647e-07 0)
(0.00022363844 -6.0176733e-07 0)
(0.00022348574 -5.1082784e-07 0)
(0.0002233549 -4.3141408e-07 0)
(0.00022324327 -3.6222873e-07 0)
(0.00022314845 -3.0210727e-07 0)
(0.00022306833 -2.5000538e-07 0)
(0.00022300102 -2.0498747e-07 0)
(0.00022294485 -1.6621633e-07 0)
(0.00022289835 -1.3294365e-07 0)
(0.00022286019 -1.0450139e-07 0)
(0.00022282923 -8.0293983e-08 0)
(0.00022280444 -5.9791175e-08 0)
(0.00022278494 -4.252155e-08 0)
(0.00022276993 -2.8066638e-08 0)
(0.00022275874 -1.6055554e-08 0)
(0.00022275075 -6.1601356e-09 0)
(0.00022274546 1.9094723e-09 0)
(0.0002227424 8.4088171e-09 0)
(0.00022274118 1.3562763e-08 0)
(0.00022274147 1.7568772e-08 0)
(0.00022274296 2.0599863e-08 0)
(0.00022274542 2.2807295e-08 0)
(0.00022274863 2.4322974e-08 0)
(0.0002227524 2.5261628e-08 0)
(0.00022275659 2.5722765e-08 0)
(0.00022276106 2.5792425e-08 0)
(0.0002227657 2.5544758e-08 0)
(0.00022277044 2.5043438e-08 0)
(0.00022277519 2.434292e-08 0)
(0.0002227799 2.3489576e-08 0)
(0.00022278452 2.2522691e-08 0)
(0.00022278901 2.147537e-08 0)
(0.00022279334 2.0375325e-08 0)
(0.0002227975 1.9245587e-08 0)
(0.00022280146 1.8105131e-08 0)
(0.00022280522 1.6969429e-08 0)
(0.00022280877 1.5850939e-08 0)
(0.00022281211 1.4759536e-08 0)
(0.00022281524 1.3702888e-08 0)
(0.00022281817 1.268679e-08 0)
(0.00022282089 1.1715455e-08 0)
(0.00022282342 1.0791762e-08 0)
(0.00022282576 9.9174826e-09 0)
(0.00022282792 9.0934696e-09 0)
(0.00022282991 8.3198213e-09 0)
(0.00022283174 7.5960263e-09 0)
(0.00022283342 6.9210844e-09 0)
(0.00022283495 6.2936129e-09 0)
(0.00022283635 5.7119347e-09 0)
(0.00022283763 5.174155e-09 0)
(0.00022283879 4.6782246e-09 0)
(0.00022283984 4.2219935e-09 0)
(0.0002228408 3.8032554e-09 0)
(0.00022284166 3.4197843e-09 0)
(0.00022284244 3.0693641e-09 0)
(0.00022284314 2.7498135e-09 0)
(0.00022284377 2.4590038e-09 0)
(0.00022284433 2.194875e-09 0)
(0.00022284484 1.9554459e-09 0)
(0.00022284529 1.7388232e-09 0)
(0.0002228457 1.5432062e-09 0)
(0.00022284606 1.3668908e-09 0)
(0.00022284638 1.2082706e-09 0)
(0.00022284666 1.065838e-09 0)
(0.00022284691 9.381817e-10 0)
(0.00022284713 8.2398646e-10 0)
(0.00022284733 7.220287e-10 0)
(0.0002228475 6.3117469e-10 0)
(0.00022284765 5.5037555e-10 0)
(0.00022284778 4.7866441e-10 0)
(0.0002228479 4.1515108e-10 0)
(0.000222848 3.5901882e-10 0)
(0.00022284809 3.0951886e-10 0)
(0.00022284817 2.6596716e-10 0)
(0.00022284823 2.2773907e-10 0)
(0.00022284829 1.9426615e-10 0)
(0.00022284834 1.6503112e-10 0)
(0.00022284838 1.3956495e-10 0)
(0.00022284842 1.1744219e-10 0)
(0.00022284845 9.8278318e-11 0)
(0.00022284847 8.1725482e-11 0)
(0.00022284849 6.7470222e-11 0)
(0.00022284851 5.5229612e-11 0)
(0.00022284853 4.4749318e-11 0)
(0.00022284854 3.5800169e-11 0)
(0.00022284855 2.8176531e-11 0)
(0.00022284856 2.1693284e-11 0)
(0.00022284856 1.6184487e-11 0)
(0.00022284857 1.150074e-11 0)
(0.00022284857 7.5081159e-12 0)
(0.00022284857 4.0858587e-12 0)
(0.00022284858 1.1255663e-12 0)
(0.00022284858 -1.4708127e-12 0)
(0.00022284858 -3.7915748e-12 0)
(0.00022284858 -5.9169978e-12 0)
(0.00022284858 -7.9197425e-12 0)
(0.00022284857 -9.8663597e-12 0)
(0.00022284857 -1.1817513e-11 0)
(0.00022284857 -1.3829293e-11 0)
(0.00022284856 -1.5953278e-11 0)
(0.00022284856 -1.8237685e-11 0)
(0.00022284855 -2.0727286e-11 0)
(0.00022284855 -2.3464422e-11 0)
(0.00022284854 -2.6488781e-11 0)
(0.00022284853 -2.9838311e-11 0)
(0.00022284853 -3.3548857e-11 0)
(0.00022284852 -3.7655004e-11 0)
(0.00022284851 -4.2189569e-11 0)
(0.00022284849 -4.7184406e-11 0)
(0.00022284848 -5.2669753e-11 0)
(0.00022284847 -5.8675011e-11 0)
(0.00022284845 -6.5227957e-11 0)
(0.00022284843 -7.2355511e-11 0)
(0.00022284841 -8.008281e-11 0)
(0.00022284839 -8.8433993e-11 0)
(0.00022284836 -9.7431133e-11 0)
(0.00022284834 -1.0709504e-10 0)
(0.00022284831 -1.1744409e-10 0)
(0.00022284828 -1.2849503e-10 0)
(0.00022284824 -1.4026169e-10 0)
(0.00022284821 -1.5275587e-10 0)
(0.00022284817 -1.6598594e-10 0)
(0.00022284812 -1.7995775e-10 0)
(0.00022284807 -1.946732e-10 0)
(0.00022284802 -2.1013119e-10 0)
(0.00022284797 -2.2632618e-10 0)
(0.00022284791 -2.4324924e-10 0)
(0.00022284785 -2.6088654e-10 0)
(0.00022284778 -2.7922068e-10 0)
(0.00022284771 -2.9822913e-10 0)
(0.00022284763 -3.1788576e-10 0)
(0.00022284755 -3.3815949e-10 0)
(0.00022284747 -3.5901601e-10 0)
(0.00022284738 -3.8041667e-10 0)
(0.00022284728 -4.0232044e-10 0)
(0.00022284718 -4.2468306e-10 0)
(0.00022284708 -4.4745907e-10 0)
(0.00022284697 -4.7060081e-10 0)
(0.00022284685 -4.9405975e-10 0)
(0.00022284673 -5.1778392e-10 0)
(0.00022284661 -5.4171592e-10 0)
(0.00022284648 -5.6578439e-10 0)
(0.00022284635 -5.8989175e-10 0)
(0.00022284621 -6.1388886e-10 0)
(0.00022284607 -6.3753739e-10 0)
(0.00022284593 -6.6045121e-10 0)
(0.00022284578 -6.8201015e-10 0)
(0.00022284564 -7.0122324e-10 0)
(0.0002228455 -7.1669991e-10 0)
(0.00022284532 -7.2797512e-10 0)
(0.00039294476 -4.2439319e-05 0)
(0.00040418625 -9.9394154e-05 0)
(0.00041497482 -0.00013137069 0)
(0.00042107853 -0.00014405477 0)
(0.00042086855 -0.00014401989 0)
(0.00041510226 -0.00013662666 0)
(0.00040523472 -0.00012560945 0)
(0.00039274351 -0.00011330959 0)
(0.00037885606 -0.00010106614 0)
(0.00036448216 -8.9568339e-05 0)
(0.00035024407 -7.9115068e-05 0)
(0.00033653825 -6.9785911e-05 0)
(0.00032359727 -6.154624e-05 0)
(0.00031154081 -5.4308386e-05 0)
(0.00030041394 -4.796552e-05 0)
(0.00029021431 -4.2409366e-05 0)
(0.00028091067 -3.7538707e-05 0)
(0.00027245537 -3.3262831e-05 0)
(0.00026479232 -2.9502336e-05 0)
(0.00025786224 -2.6188637e-05 0)
(0.00025160579 -2.3262904e-05 0)
(0.00024596555 -2.0674838e-05 0)
(0.00024088702 -1.8381455e-05 0)
(0.00023631925 -1.6345983e-05 0)
(0.00023221502 -1.4536894e-05 0)
(0.00022853083 -1.2927078e-05 0)
(0.00022522682 -1.1493142e-05 0)
(0.00022226655 -1.0214827e-05 0)
(0.00021961682 -9.0745227e-06 0)
(0.00021724739 -8.0568643e-06 0)
(0.00021513078 -7.1483958e-06 0)
(0.00021324203 -6.337292e-06 0)
(0.0002115585 -5.6131266e-06 0)
(0.00021005962 -4.9666777e-06 0)
(0.00020872679 -4.3897663e-06 0)
(0.00020754313 -3.8751189e-06 0)
(0.00020649336 -3.4162528e-06 0)
(0.00020556366 -3.0073782e-06 0)
(0.00020474153 -2.643315e-06 0)
(0.00020401567 -2.3194213e-06 0)
(0.00020337587 -2.0315325e-06 0)
(0.00020281292 -1.775908e-06 0)
(0.00020231851 -1.5491855e-06 0)
(0.00020188515 -1.3483409e-06 0)
(0.00020150612 -1.1706527e-06 0)
(0.00020117533 -1.0136718e-06 0)
(0.00020088735 -8.7519341e-07 0)
(0.00020063728 -7.5323308e-07 0)
(0.00020042074 -6.4600508e-07 0)
(0.0002002338 -5.5190297e-07 0)
(0.00020007295 -4.6948225e-07 0)
(0.00019993504 -3.9744478e-07 0)
(0.00019981729 -3.3462473e-07 0)
(0.00019971718 -2.7997586e-07 0)
(0.0001996325 -2.3256008e-07 0)
(0.00019956127 -1.9153703e-07 0)
(0.00019950175 -1.5615467e-07 0)
(0.00019945238 -1.257407e-07 0)
(0.00019941179 -9.9694844e-08 0)
(0.00019937877 -7.748175e-08 0)
(0.00019935226 -5.8624614e-08 0)
(0.00019933132 -4.2699352e-08 0)
(0.00019931512 -2.9329317e-08 0)
(0.00019930294 -1.8180503e-08 0)
(0.00019929416 -8.957189e-09 0)
(0.00019928822 -1.3979955e-09 0)
(0.00019928465 4.727695e-09 0)
(0.00019928305 9.6229779e-09 0)
(0.00019928304 1.3466356e-08 0)
(0.00019928432 1.6414389e-08 0)
(0.00019928664 1.8604086e-08 0)
(0.00019928976 2.0155062e-08 0)
(0.00019929349 2.1171483e-08 0)
(0.00019929768 2.1743811e-08 0)
(0.00019930218 2.195038e-08 0)
(0.00019930689 2.1858808e-08 0)
(0.0001993117 2.1527254e-08 0)
(0.00019931655 2.1005558e-08 0)
(0.00019932136 2.0336247e-08 0)
(0.00019932609 1.9555442e-08 0)
(0.0001993307 1.8693658e-08 0)
(0.00019933515 1.7776523e-08 0)
(0.00019933942 1.6825411e-08 0)
(0.0001993435 1.5858009e-08 0)
(0.00019934738 1.4888812e-08 0)
(0.00019935105 1.3929564e-08 0)
(0.0001993545 1.2989648e-08 0)
(0.00019935774 1.2076428e-08 0)
(0.00019936076 1.1195545e-08 0)
(0.00019936358 1.0351184e-08 0)
(0.0001993662 9.5463024e-09 0)
(0.00019936863 8.7828274e-09 0)
(0.00019937087 8.0618327e-09 0)
(0.00019937294 7.3836887e-09 0)
(0.00019937484 6.7481907e-09 0)
(0.00019937658 6.1546734e-09 0)
(0.00019937818 5.6021045e-09 0)
(0.00019937964 5.0891687e-09 0)
(0.00019938097 4.614335e-09 0)
(0.00019938217 4.1759185e-09 0)
(0.00019938327 3.7721265e-09 0)
(0.00019938426 3.401103e-09 0)
(0.00019938516 3.0609597e-09 0)
(0.00019938598 2.7498072e-09 0)
(0.00019938671 2.4657746e-09 0)
(0.00019938736 2.2070302e-09 0)
(0.00019938795 1.9717936e-09 0)
(0.00019938848 1.7583489e-09 0)
(0.00019938896 1.5650499e-09 0)
(0.00019938938 1.3903291e-09 0)
(0.00019938976 1.232698e-09 0)
(0.00019939009 1.0907527e-09 0)
(0.00019939039 9.6317097e-10 0)
(0.00019939065 8.4871544e-10 0)
(0.00019939089 7.4622881e-10 0)
(0.00019939109 6.5463512e-10 0)
(0.00019939127 5.7293401e-10 0)
(0.00019939143 5.0020083e-10 0)
(0.00019939157 4.355803e-10 0)
(0.00019939169 3.7828596e-10 0)
(0.0001993918 3.2759365e-10 0)
(0.00019939189 2.8284065e-10 0)
(0.00019939197 2.4341918e-10 0)
(0.00019939204 2.0877545e-10 0)
(0.0001993921 1.7840345e-10 0)
(0.00019939215 1.5184397e-10 0)
(0.0001993922 1.2867879e-10 0)
(0.00019939224 1.0852981e-10 0)
(0.00019939227 9.1053674e-11 0)
(0.0001993923 7.5941029e-11 0)
(0.00019939232 6.2911667e-11 0)
(0.00019939234 5.1713902e-11 0)
(0.00019939235 4.2120234e-11 0)
(0.00019939237 3.3926854e-11 0)
(0.00019939238 2.6949818e-11 0)
(0.00019939239 2.1024661e-11 0)
(0.00019939239 1.600306e-11 0)
(0.0001993924 1.1752556e-11 0)
(0.0001993924 8.1536561e-12 0)
(0.00019939241 5.0996495e-12 0)
(0.00019939241 2.4941224e-12 0)
(0.00019939241 2.5084719e-13 0)
(0.00019939241 -1.7083368e-12 0)
(0.00019939241 -3.4535618e-12 0)
(0.00019939241 -5.0487346e-12 0)
(0.00019939241 -6.5515044e-12 0)
(0.00019939241 -8.0148018e-12 0)
(0.0001993924 -9.4867275e-12 0)
(0.0001993924 -1.101188e-11 0)
(0.0001993924 -1.2631154e-11 0)
(0.00019939239 -1.4382912e-11 0)
(0.00019939239 -1.630267e-11 0)
(0.00019939238 -1.8424171e-11 0)
(0.00019939238 -2.0778933e-11 0)
(0.00019939237 -2.3397282e-11 0)
(0.00019939236 -2.6307726e-11 0)
(0.00019939235 -2.9538012e-11 0)
(0.00019939234 -3.311429e-11 0)
(0.00019939233 -3.7062245e-11 0)
(0.00019939232 -4.1406015e-11 0)
(0.00019939231 -4.6169464e-11 0)
(0.00019939229 -5.1374806e-11 0)
(0.00019939228 -5.7044067e-11 0)
(0.00019939226 -6.3197398e-11 0)
(0.00019939224 -6.9854754e-11 0)
(0.00019939222 -7.7033878e-11 0)
(0.00019939219 -8.4752236e-11 0)
(0.00019939217 -9.302465e-11 0)
(0.00019939214 -1.0186552e-10 0)
(0.0001993921 -1.112861e-10 0)
(0.00019939207 -1.2129703e-10 0)
(0.00019939203 -1.3190527e-10 0)
(0.00019939199 -1.4311695e-10 0)
(0.00019939195 -1.5493397e-10 0)
(0.0001993919 -1.6735719e-10 0)
(0.00019939185 -1.8038279e-10 0)
(0.0001993918 -1.9400574e-10 0)
(0.00019939174 -2.0821602e-10 0)
(0.00019939168 -2.2300235e-10 0)
(0.00019939161 -2.3834844e-10 0)
(0.00019939154 -2.5423701e-10 0)
(0.00019939146 -2.7064612e-10 0)
(0.00019939138 -2.8755362e-10 0)
(0.0001993913 -3.0493372e-10 0)
(0.00019939121 -3.2276192e-10 0)
(0.00019939112 -3.4101205e-10 0)
(0.00019939102 -3.5966164e-10 0)
(0.00019939091 -3.786894e-10 0)
(0.00019939081 -3.9808062e-10 0)
(0.00019939069 -4.1782421e-10 0)
(0.00019939058 -4.379161e-10 0)
(0.00019939045 -4.5835211e-10 0)
(0.00019939033 -4.7912245e-10 0)
(0.0001993902 -5.0018829e-10 0)
(0.00019939006 -5.2144837e-10 0)
(0.00019938993 -5.4267343e-10 0)
(0.00019938979 -5.6339976e-10 0)
(0.00019938965 -5.8274222e-10 0)
(0.00019938952 -5.9931919e-10 0)
(0.00019938934 -6.1261328e-10 0)
(0.00039384055 -4.937149e-05 0)
(0.00040753608 -0.0001093834 0)
(0.0004178023 -0.00013811134 0)
(0.00042073892 -0.00014518765 0)
(0.00041577728 -0.00013972646 0)
(0.00040486767 -0.00012818018 0)
(0.00039024172 -0.00011447668 0)
(0.00037374322 -0.00010074608 0)
(0.0003566918 -8.8003611e-05 0)
(0.00033994156 -7.6635713e-05 0)
(0.00032399679 -6.6703485e-05 0)
(0.00030912237 -5.8116428e-05 0)
(0.00029542919 -5.0725481e-05 0)
(0.00028293402 -4.4369581e-05 0)
(0.00027159923 -3.8896944e-05 0)
(0.00026135803 -3.4173263e-05 0)
(0.00025212999 -3.0083496e-05 0)
(0.00024383044 -2.6530779e-05 0)
(0.00023637579 -2.3434246e-05 0)
(0.00022968644 -2.0726608e-05 0)
(0.00022368824 -1.8351872e-05 0)
(0.00021831304 -1.6263352e-05 0)
(0.00021349873 -1.442199e-05 0)
(0.00020918902 -1.2794967e-05 0)
(0.00020533305 -1.1354584e-05 0)
(0.00020188498 -1.0077339e-05 0)
(0.0001988035 -8.9431929e-06 0)
(0.00019605144 -7.9349735e-06 0)
(0.00019359534 -7.0378897e-06 0)
(0.00019140509 -6.239142e-06 0)
(0.00018945356 -5.5276035e-06 0)
(0.00018771633 -4.8935596e-06 0)
(0.00018617141 -4.3284956e-06 0)
(0.00018479896 -3.82492e-06 0)
(0.00018358113 -3.3762202e-06 0)
(0.00018250182 -2.9765411e-06 0)
(0.00018154651 -2.6206844e-06 0)
(0.00018070214 -2.3040241e-06 0)
(0.00017995692 -2.0224342e-06 0)
(0.00017930024 -1.7722285e-06 0)
(0.00017872256 -1.5501085e-06 0)
(0.00017821527 -1.3531189e-06 0)
(0.00017777066 -1.178609e-06 0)
(0.00017738175 -1.0241999e-06 0)
(0.00017704232 -8.877547e-07 0)
(0.00017674677 -7.6735365e-07 0)
(0.00017649006 -6.6127153e-07 0)
(0.00017626771 -5.6795788e-07 0)
(0.00017607567 -4.860195e-07 0)
(0.00017591036 -4.1420478e-07 0)
(0.00017576856 -3.5138972e-07 0)
(0.00017564739 -2.9656549e-07 0)
(0.0001755443 -2.4882713e-07 0)
(0.00017545703 -2.0736345e-07 0)
(0.00017538354 -1.714479e-07 0)
(0.00017532206 -1.4043034e-07 0)
(0.00017527099 -1.1372955e-07 0)
(0.00017522893 -9.08265e-08 0)
(0.00017519465 -7.1258222e-08 0)
(0.00017516704 -5.4612255e-08 0)
(0.00017514516 -4.0521615e-08 0)
(0.00017512816 -2.8660236e-08 0)
(0.00017511531 -1.8738822e-08 0)
(0.00017510595 -1.0501103e-08 0)
(0.00017509953 -3.7204246e-09 0)
(0.00017509556 1.8033204e-09 0)
(0.00017509362 6.2464908e-09 0)
(0.00017509333 9.7642121e-09 0)
(0.00017509439 1.249266e-08 0)
(0.00017509653 1.4551115e-08 0)
(0.00017509951 1.6043822e-08 0)
(0.00017510313 1.7061658e-08 0)
(0.00017510724 1.7683645e-08 0)
(0.00017511168 1.7978295e-08 0)
(0.00017511635 1.8004832e-08 0)
(0.00017512114 1.7814277e-08 0)
(0.00017512597 1.7450428e-08 0)
(0.00017513078 1.6950726e-08 0)
(0.00017513552 1.6347043e-08 0)
(0.00017514014 1.5666368e-08 0)
(0.00017514462 1.4931431e-08 0)
(0.00017514892 1.416125e-08 0)
(0.00017515303 1.3371621e-08 0)
(0.00017515694 1.2575545e-08 0)
(0.00017516064 1.1783615e-08 0)
(0.00017516413 1.1004351e-08 0)
(0.0001751674 1.0244495e-08 0)
(0.00017517046 9.5092727e-09 0)
(0.00017517332 8.8026247e-09 0)
(0.00017517597 8.1274006e-09 0)
(0.00017517843 7.4855395e-09 0)
(0.00017518071 6.8782164e-09 0)
(0.0001751828 6.3059787e-09 0)
(0.00017518473 5.7688554e-09 0)
(0.0001751865 5.26646e-09 0)
(0.00017518812 4.7980697e-09 0)
(0.0001751896 4.362703e-09 0)
(0.00017519095 3.9591754e-09 0)
(0.00017519218 3.5861572e-09 0)
(0.0001751933 3.2422117e-09 0)
(0.00017519431 2.9258375e-09 0)
(0.00017519523 2.6354931e-09 0)
(0.00017519605 2.3696282e-09 0)
(0.0001751968 2.1266979e-09 0)
(0.00017519747 1.9051855e-09 0)
(0.00017519807 1.7036091e-09 0)
(0.00017519861 1.5205381e-09 0)
(0.0001751991 1.3545945e-09 0)
(0.00017519953 1.2044648e-09 0)
(0.00017519991 1.0688971e-09 0)
(0.00017520026 9.4671032e-10 0)
(0.00017520056 8.3678823e-10 0)
(0.00017520083 7.3808626e-10 0)
(0.00017520107 6.4962431e-10 0)
(0.00017520128 5.7049159e-10 0)
(0.00017520147 4.9983848e-10 0)
(0.00017520163 4.3688043e-10 0)
(0.00017520177 3.8088919e-10 0)
(0.0001752019 3.3119608e-10 0)
(0.00017520201 2.8718309e-10 0)
(0.0001752021 2.4828573e-10 0)
(0.00017520219 2.1398423e-10 0)
(0.00017520226 1.8380615e-10 0)
(0.00017520232 1.5731793e-10 0)
(0.00017520237 1.3412731e-10 0)
(0.00017520242 1.1387533e-10 0)
(0.00017520246 9.6238668e-11 0)
(0.00017520249 8.0922173e-11 0)
(0.00017520252 6.7661144e-11 0)
(0.00017520254 5.6214384e-11 0)
(0.00017520256 4.6366491e-11 0)
(0.00017520258 3.7921443e-11 0)
(0.00017520259 3.070487e-11 0)
(0.0001752026 2.4558194e-11 0)
(0.00017520261 1.9340858e-11 0)
(0.00017520262 1.4925002e-11 0)
(0.00017520263 1.1197654e-11 0)
(0.00017520263 8.0559011e-12 0)
(0.00017520263 5.4090348e-12 0)
(0.00017520264 3.1741837e-12 0)
(0.00017520264 1.2784121e-12 0)
(0.00017520264 -3.4523878e-13 0)
(0.00017520264 -1.7556851e-12 0)
(0.00017520264 -3.0074101e-12 0)
(0.00017520264 -4.1484117e-12 0)
(0.00017520264 -5.2235264e-12 0)
(0.00017520263 -6.2723675e-12 0)
(0.00017520263 -7.3324255e-12 0)
(0.00017520263 -8.4369618e-12 0)
(0.00017520263 -9.6179606e-12 0)
(0.00017520262 -1.0903935e-11 0)
(0.00017520262 -1.2322805e-11 0)
(0.00017520261 -1.3899563e-11 0)
(0.00017520261 -1.565916e-11 0)
(0.0001752026 -1.762397e-11 0)
(0.0001752026 -1.9816771e-11 0)
(0.00017520259 -2.2257939e-11 0)
(0.00017520258 -2.4968607e-11 0)
(0.00017520257 -2.7967528e-11 0)
(0.00017520256 -3.1274489e-11 0)
(0.00017520255 -3.4906779e-11 0)
(0.00017520253 -3.8882929e-11 0)
(0.00017520252 -4.3218738e-11 0)
(0.0001752025 -4.7931391e-11 0)
(0.00017520249 -5.3035004e-11 0)
(0.00017520247 -5.8545167e-11 0)
(0.00017520244 -6.4473985e-11 0)
(0.00017520242 -7.0835072e-11 0)
(0.00017520239 -7.763808e-11 0)
(0.00017520237 -8.4894159e-11 0)
(0.00017520233 -9.2609991e-11 0)
(0.0001752023 -1.0079371e-10 0)
(0.00017520226 -1.0944849e-10 0)
(0.00017520222 -1.1857888e-10 0)
(0.00017520218 -1.2818401e-10 0)
(0.00017520214 -1.382644e-10 0)
(0.00017520209 -1.4881476e-10 0)
(0.00017520203 -1.5983127e-10 0)
(0.00017520198 -1.7130418e-10 0)
(0.00017520192 -1.8322547e-10 0)
(0.00017520185 -1.9558142e-10 0)
(0.00017520178 -2.083607e-10 0)
(0.00017520171 -2.2154714e-10 0)
(0.00017520163 -2.3512831e-10 0)
(0.00017520155 -2.4908879e-10 0)
(0.00017520147 -2.6341938e-10 0)
(0.00017520138 -2.7811124e-10 0)
(0.00017520128 -2.9316587e-10 0)
(0.00017520118 -3.0859031e-10 0)
(0.00017520108 -3.2440754e-10 0)
(0.00017520097 -3.4065187e-10 0)
(0.00017520086 -3.5737727e-10 0)
(0.00017520074 -3.7464734e-10 0)
(0.00017520062 -3.925303e-10 0)
(0.00017520049 -4.1106291e-10 0)
(0.00017520036 -4.301987e-10 0)
(0.00017520023 -4.4967741e-10 0)
(0.0001752001 -4.6879996e-10 0)
(0.00017519997 -4.8627013e-10 0)
(0.0001751998 -5.0151148e-10 0)
(0.00039521155 -5.8405279e-05 0)
(0.00041158924 -0.00011997752 0)
(0.00041943674 -0.00014264387 0)
(0.00041677073 -0.00014217863 0)
(0.0004050651 -0.0001306225 0)
(0.00038781025 -0.00011517109 0)
(0.00036795866 -9.9492087e-05 0)
(0.00034751642 -8.5175202e-05 0)
(0.00032768713 -7.2730466e-05 0)
(0.00030910927 -6.2165386e-05 0)
(0.00029206313 -5.3286802e-05 0)
(0.00027661906 -4.5845767e-05 0)
(0.00026273296 -3.9600434e-05 0)
(0.00025030398 -3.4339062e-05 0)
(0.00023920781 -2.9884982e-05 0)
(0.00022931505 -2.6094191e-05 0)
(0.00022050073 -2.2850545e-05 0)
(0.00021264882 -2.0060678e-05 0)
(0.00020565399 -1.7649461e-05 0)
(0.00019942177 -1.5556222e-05 0)
(0.00019386808 -1.3731719e-05 0)
(0.00018891836 -1.2135738e-05 0)
(0.00018450658 -1.0735231e-05 0)
(0.00018057427 -9.5028517e-06 0)
(0.00017706968 -8.4158219e-06 0)
(0.00017394687 -7.4550394e-06 0)
(0.0001711651 -6.6043816e-06 0)
(0.00016868809 -5.8501555e-06 0)
(0.00016648357 -5.1806622e-06 0)
(0.00016452274 -4.5858497e-06 0)
(0.00016277987 -4.0570355e-06 0)
(0.00016123197 -3.5866828e-06 0)
(0.00015985845 -3.1682193e-06 0)
(0.00015864086 -2.7958901e-06 0)
(0.00015756267 -2.4646364e-06 0)
(0.00015660904 -2.1699961e-06 0)
(0.00015576664 -1.9080215e-06 0)
(0.00015502354 -1.6752104e-06 0)
(0.00015436899 -1.4684482e-06 0)
(0.00015379335 -1.2849597e-06 0)
(0.00015328797 -1.1222675e-06 0)
(0.00015284509 -9.7815668e-07 0)
(0.00015245773 -8.506451e-07 0)
(0.00015211965 -7.3795676e-07 0)
(0.00015182526 -6.3849948e-07 0)
(0.00015156952 -5.5084504e-07 0)
(0.00015134796 -4.7371197e-07 0)
(0.00015115657 -4.0595027e-07 0)
(0.00015099175 -3.4652798e-07 0)
(0.0001508503 -2.9451923e-07 0)
(0.00015072938 -2.4909359e-07 0)
(0.00015062645 -2.095066e-07 0)
(0.00015053924 -1.7509122e-07 0)
(0.00015046575 -1.4525019e-07 0)
(0.0001504042 -1.1944916e-07 0)
(0.00015035302 -9.721049e-08 0)
(0.00015031081 -7.810762e-08 0)
(0.00015027634 -6.1760033e-08 0)
(0.00015024853 -4.7828663e-08 0)
(0.00015022643 -3.6011755e-08 0)
(0.00015020919 -2.6041104e-08 0)
(0.00015019609 -1.7678664e-08 0)
(0.00015018649 -1.0713462e-08 0)
(0.00015017983 -4.9588156e-09 0)
(0.00015017562 -2.498052e-10 0)
(0.00015017344 3.5590046e-09 0)
(0.00015017293 6.5956322e-09 0)
(0.00015017377 8.9725412e-09 0)
(0.00015017569 1.0788326e-08 0)
(0.00015017847 1.2129231e-08 0)
(0.00015018191 1.3070514e-08 0)
(0.00015018583 1.3677686e-08 0)
(0.00015019011 1.4007612e-08 0)
(0.00015019462 1.4109508e-08 0)
(0.00015019926 1.4025837e-08 0)
(0.00015020396 1.3793101e-08 0)
(0.00015020865 1.3442562e-08 0)
(0.00015021327 1.300088e-08 0)
(0.00015021779 1.249068e-08 0)
(0.00015022216 1.1931062e-08 0)
(0.00015022637 1.1338053e-08 0)
(0.0001502304 1.0725006e-08 0)
(0.00015023424 1.0102956e-08 0)
(0.00015023787 9.4809341e-09 0)
(0.0001502413 8.866245e-09 0)
(0.00015024451 8.2647113e-09 0)
(0.00015024752 7.6808894e-09 0)
(0.00015025033 7.1182569e-09 0)
(0.00015025295 6.5793794e-09 0)
(0.00015025537 6.066053e-09 0)
(0.00015025761 5.5794322e-09 0)
(0.00015025968 5.1201368e-09 0)
(0.00015026158 4.6883485e-09 0)
(0.00015026333 4.2838909e-09 0)
(0.00015026493 3.9063015e-09 0)
(0.00015026639 3.5548898e-09 0)
(0.00015026773 3.2287909e-09 0)
(0.00015026894 2.9270069e-09 0)
(0.00015027004 2.648446e-09 0)
(0.00015027105 2.3919509e-09 0)
(0.00015027195 2.1563276e-09 0)
(0.00015027277 1.9403632e-09 0)
(0.00015027351 1.7428469e-09 0)
(0.00015027417 1.5625809e-09 0)
(0.00015027477 1.3983947e-09 0)
(0.00015027531 1.2491507e-09 0)
(0.00015027579 1.1137544e-09 0)
(0.00015027622 9.9115577e-10 0)
(0.0001502766 8.8035633e-10 0)
(0.00015027694 7.8040773e-10 0)
(0.00015027724 6.9041679e-10 0)
(0.00015027751 6.0954182e-10 0)
(0.00015027775 5.3699636e-10 0)
(0.00015027796 4.7204421e-10 0)
(0.00015027814 4.1400213e-10 0)
(0.0001502783 3.6223411e-10 0)
(0.00015027845 3.1615345e-10 0)
(0.00015027857 2.7521666e-10 0)
(0.00015027868 2.3892509e-10 0)
(0.00015027877 2.0681878e-10 0)
(0.00015027886 1.7847785e-10 0)
(0.00015027893 1.5351645e-10 0)
(0.00015027899 1.3158398e-10 0)
(0.00015027904 1.1235938e-10 0)
(0.00015027909 9.5552157e-11 0)
(0.00015027913 8.0897131e-11 0)
(0.00015027916 6.8155362e-11 0)
(0.00015027919 5.7109307e-11 0)
(0.00015027921 4.7563715e-11 0)
(0.00015027923 3.9341242e-11 0)
(0.00015027925 3.2283281e-11 0)
(0.00015027926 2.6246057e-11 0)
(0.00015027927 2.1101392e-11 0)
(0.00015027928 1.6733271e-11 0)
(0.00015027929 1.3038534e-11 0)
(0.0001502793 9.9238929e-12 0)
(0.0001502793 7.3065455e-12 0)
(0.00015027931 5.111622e-12 0)
(0.00015027931 3.2727161e-12 0)
(0.00015027931 1.729721e-12 0)
(0.00015027931 4.2928613e-13 0)
(0.00015027931 -6.7699861e-13 0)
(0.00015027931 -1.6322135e-12 0)
(0.00015027931 -2.4756217e-12 0)
(0.00015027931 -3.242328e-12 0)
(0.00015027931 -3.9645434e-12 0)
(0.00015027931 -4.6712695e-12 0)
(0.00015027931 -5.3893669e-12 0)
(0.0001502793 -6.143232e-12 0)
(0.0001502793 -6.9557341e-12 0)
(0.0001502793 -7.8478446e-12 0)
(0.00015027929 -8.8395073e-12 0)
(0.00015027929 -9.9491689e-12 0)
(0.00015027929 -1.1194656e-11 0)
(0.00015027928 -1.2592552e-11 0)
(0.00015027927 -1.4159154e-11 0)
(0.00015027927 -1.5909636e-11 0)
(0.00015027926 -1.7859158e-11 0)
(0.00015027925 -2.0021757e-11 0)
(0.00015027924 -2.2411676e-11 0)
(0.00015027923 -2.5041928e-11 0)
(0.00015027922 -2.7925917e-11 0)
(0.00015027921 -3.1075608e-11 0)
(0.00015027919 -3.4503498e-11 0)
(0.00015027918 -3.8220367e-11 0)
(0.00015027916 -4.2237629e-11 0)
(0.00015027914 -4.6564636e-11 0)
(0.00015027912 -5.1211443e-11 0)
(0.0001502791 -5.6185657e-11 0)
(0.00015027907 -6.1495625e-11 0)
(0.00015027905 -6.7146838e-11 0)
(0.00015027902 -7.3145543e-11 0)
(0.00015027899 -7.9494729e-11 0)
(0.00015027895 -8.6198155e-11 0)
(0.00015027891 -9.3255964e-11 0)
(0.00015027887 -1.0066912e-10 0)
(0.00015027883 -1.084347e-10 0)
(0.00015027878 -1.1655076e-10 0)
(0.00015027873 -1.2501139e-10 0)
(0.00015027868 -1.3381197e-10 0)
(0.00015027862 -1.4294421e-10 0)
(0.00015027856 -1.5240181e-10 0)
(0.0001502785 -1.6217568e-10 0)
(0.00015027843 -1.7226009e-10 0)
(0.00015027836 -1.8264847e-10 0)
(0.00015027828 -1.933403e-10 0)
(0.0001502782 -2.0433788e-10 0)
(0.00015027812 -2.1565442e-10 0)
(0.00015027803 -2.2731247e-10 0)
(0.00015027794 -2.3935355e-10 0)
(0.00015027784 -2.5183856e-10 0)
(0.00015027774 -2.6485836e-10 0)
(0.00015027763 -2.7853328e-10 0)
(0.00015027752 -2.9301663e-10 0)
(0.0001502774 -3.0847531e-10 0)
(0.00015027729 -3.2505146e-10 0)
(0.00015027717 -3.4273624e-10 0)
(0.00015027704 -3.6111244e-10 0)
(0.00015027692 -3.7911416e-10 0)
(0.00015027676 -3.9616293e-10 0)
(0.00039712473 -7.0132534e-05 0)
(0.00041560427 -0.00012996691 0)
(0.00041740265 -0.00014262533 0)
(0.00040566283 -0.00013285809 0)
(0.00038509237 -0.00011531485 0)
(0.00036072126 -9.7015335e-05 0)
(0.0003358197 -8.0675209e-05 0)
(0.00031213867 -6.6983334e-05 0)
(0.00029046255 -5.5813755e-05 0)
(0.00027103072 -4.6782846e-05 0)
(0.0002538033 -3.9478474e-05 0)
(0.00023861424 -3.3539888e-05 0)
(0.00022525278 -2.8675367e-05 0)
(0.00021350406 -2.465703e-05 0)
(0.00020316733 -2.1309336e-05 0)
(0.00019406285 -1.8497485e-05 0)
(0.00018603315 -1.6117674e-05 0)
(0.00017894181 -1.4089478e-05 0)
(0.00017267117 -1.2350089e-05 0)
(0.0001671199 -1.0850027e-05 0)
(0.00016220065 -9.5499514e-06 0)
(0.00015783794 -8.4182941e-06 0)
(0.00015396637 -7.4294961e-06 0)
(0.00015052912 -6.5626806e-06 0)
(0.00014747659 -5.8006513e-06 0)
(0.0001447654 -5.1291294e-06 0)
(0.00014235747 -4.5361674e-06 0)
(0.00014021926 -4.0116962e-06 0)
(0.00013832116 -3.5471718e-06 0)
(0.00013663697 -3.135298e-06 0)
(0.00013514344 -2.7698075e-06 0)
(0.00013381991 -2.4452868e-06 0)
(0.00013264797 -2.1570364e-06 0)
(0.00013161123 -1.9009578e-06 0)
(0.00013069503 -1.6734615e-06 0)
(0.0001298863 -1.4713922e-06 0)
(0.00012917332 -1.2919666e-06 0)
(0.00012854562 -1.1327225e-06 0)
(0.00012799382 -9.9147569e-07 0)
(0.00012750954 -8.6628457e-07 0)
(0.00012708525 -7.5541958e-07 0)
(0.00012671422 -6.5733766e-07 0)
(0.00012639043 -5.7066024e-07 0)
(0.00012610848 -4.9415438e-07 0)
(0.00012586356 -4.267165e-07 0)
(0.00012565135 -3.6735819e-07 0)
(0.00012546801 -3.1519383e-07 0)
(0.00012531009 -2.6942977e-07 0)
(0.00012517453 -2.2935472e-07 0)
(0.0001250586 -1.9433132e-07 0)
(0.00012495987 -1.637886e-07 0)
(0.00012487618 -1.3721527e-07 0)
(0.00012480561 -1.1415375e-07 0)
(0.00012474646 -9.4194761e-08 0)
(0.00012469724 -7.6972554e-08 0)
(0.0001246566 -6.2160523e-08 0)
(0.00012462336 -4.9467323e-08 0)
(0.00012459651 -3.8633321e-08 0)
(0.00012457512 -2.9427422e-08 0)
(0.0001245584 -2.1644176e-08 0)
(0.00012454564 -1.5101184e-08 0)
(0.00012453624 -9.6367294e-09 0)
(0.00012452967 -5.1076565e-09 0)
(0.00012452544 -1.3874354e-09 0)
(0.00012452318 1.635573e-09 0)
(0.00012452251 4.0597007e-09 0)
(0.00012452316 5.9713861e-09 0)
(0.00012452485 7.4464663e-09 0)
(0.00012452737 8.5513268e-09 0)
(0.00012453052 9.3439526e-09 0)
(0.00012453416 9.8748598e-09 0)
(0.00012453814 1.0187948e-08 0)
(0.00012454235 1.032125e-08 0)
(0.0001245467 1.0307622e-08 0)
(0.00012455111 1.0175347e-08 0)
(0.00012455552 9.9486839e-09 0)
(0.00012455987 9.6483513e-09 0)
(0.00012456413 9.29197e-09 0)
(0.00012456826 8.8944433e-09 0)
(0.00012457224 8.4683089e-09 0)
(0.00012457604 8.0240397e-09 0)
(0.00012457967 7.5703216e-09 0)
(0.00012458311 7.114288e-09 0)
(0.00012458635 6.6617394e-09 0)
(0.0001245894 6.2173239e-09 0)
(0.00012459225 5.7847096e-09 0)
(0.00012459491 5.3667222e-09 0)
(0.00012459739 4.9654799e-09 0)
(0.00012459969 4.5824963e-09 0)
(0.00012460182 4.2187859e-09 0)
(0.00012460378 3.8749397e-09 0)
(0.00012460559 3.5512069e-09 0)
(0.00012460725 3.2475492e-09 0)
(0.00012460877 2.9637045e-09 0)
(0.00012461016 2.699224e-09 0)
(0.00012461143 2.453522e-09 0)
(0.00012461259 2.2258995e-09 0)
(0.00012461364 2.0155837e-09 0)
(0.00012461459 1.8217413e-09 0)
(0.00012461546 1.6435097e-09 0)
(0.00012461624 1.4800025e-09 0)
(0.00012461694 1.3303349e-09 0)
(0.00012461758 1.1936231e-09 0)
(0.00012461814 1.0690052e-09 0)
(0.00012461866 9.5563624e-10 0)
(0.00012461911 8.5270598e-10 0)
(0.00012461952 7.5943033e-10 0)
(0.00012461989 6.7506736e-10 0)
(0.00012462021 5.9890591e-10 0)
(0.0001246205 5.3028021e-10 0)
(0.00012462076 4.6855685e-10 0)
(0.00012462099 4.1314821e-10 0)
(0.00012462119 3.6349851e-10 0)
(0.00012462136 3.1909627e-10 0)
(0.00012462152 2.7945996e-10 0)
(0.00012462165 2.4414974e-10 0)
(0.00012462177 2.1275296e-10 0)
(0.00012462188 1.848954e-10 0)
(0.00012462197 1.602269e-10 0)
(0.00012462205 1.384321e-10 0)
(0.00012462212 1.1921648e-10 0)
(0.00012462218 1.0231662e-10 0)
(0.00012462223 8.7486791e-11 0)
(0.00012462227 7.4508725e-11 0)
(0.00012462231 6.3178947e-11 0)
(0.00012462234 5.3317956e-11 0)
(0.00012462237 4.4758409e-11 0)
(0.00012462239 3.7353728e-11 0)
(0.00012462241 3.0967149e-11 0)
(0.00012462243 2.5479757e-11 0)
(0.00012462244 2.0780405e-11 0)
(0.00012462245 1.6773182e-11 0)
(0.00012462246 1.3368199e-11 0)
(0.00012462247 1.0488485e-11 0)
(0.00012462247 8.0616213e-12 0)
(0.00012462248 6.0260767e-12 0)
(0.00012462248 4.323642e-12 0)
(0.00012462248 2.9052449e-12 0)
(0.00012462249 1.7241165e-12 0)
(0.00012462249 7.4112675e-13 0)
(0.00012462249 -8.1389643e-14 0)
(0.00012462249 -7.7471845e-13 0)
(0.00012462249 -1.369374e-12 0)
(0.00012462249 -1.8905294e-12 0)
(0.00012462249 -2.3631631e-12 0)
(0.00012462249 -2.8077448e-12 0)
(0.00012462248 -3.245045e-12 0)
(0.00012462248 -3.6919601e-12 0)
(0.00012462248 -4.1661256e-12 0)
(0.00012462248 -4.6817525e-12 0)
(0.00012462247 -5.2542002e-12 0)
(0.00012462247 -5.8956745e-12 0)
(0.00012462247 -6.6199293e-12 0)
(0.00012462246 -7.4376638e-12 0)
(0.00012462246 -8.3615356e-12 0)
(0.00012462246 -9.4010839e-12 0)
(0.00012462245 -1.0568236e-11 0)
(0.00012462244 -1.1871583e-11 0)
(0.00012462244 -1.3322563e-11 0)
(0.00012462243 -1.4928922e-11 0)
(0.00012462242 -1.6701731e-11 0)
(0.00012462241 -1.8647899e-11 0)
(0.0001246224 -2.0778156e-11 0)
(0.00012462239 -2.3098496e-11 0)
(0.00012462238 -2.5619238e-11 0)
(0.00012462236 -2.8345324e-11 0)
(0.00012462235 -3.1286511e-11 0)
(0.00012462233 -3.4446498e-11 0)
(0.00012462231 -3.7834266e-11 0)
(0.00012462229 -4.1452036e-11 0)
(0.00012462227 -4.5307758e-11 0)
(0.00012462224 -4.9401934e-11 0)
(0.00012462222 -5.3741202e-11 0)
(0.00012462219 -5.8324124e-11 0)
(0.00012462215 -6.3155779e-11 0)
(0.00012462212 -6.8232642e-11 0)
(0.00012462208 -7.3558079e-11 0)
(0.00012462204 -7.91265e-11 0)
(0.000124622 -8.4939624e-11 0)
(0.00012462196 -9.0990142e-11 0)
(0.00012462191 -9.7278616e-11 0)
(0.00012462186 -1.0379697e-10 0)
(0.0001246218 -1.1054594e-10 0)
(0.00012462174 -1.1751878e-10 0)
(0.00012462168 -1.2471926e-10 0)
(0.00012462162 -1.3214628e-10 0)
(0.00012462155 -1.3981252e-10 0)
(0.00012462148 -1.477308e-10 0)
(0.0001246214 -1.5593419e-10 0)
(0.00012462132 -1.6446525e-10 0)
(0.00012462124 -1.7339888e-10 0)
(0.00012462115 -1.8283593e-10 0)
(0.00012462106 -1.929294e-10 0)
(0.00012462096 -2.0388004e-10 0)
(0.00012462086 -2.1595597e-10 0)
(0.00012462075 -2.2946366e-10 0)
(0.00012462064 -2.4466931e-10 0)
(0.00012462053 -2.6153635e-10 0)
(0.00012462042 -2.794447e-10 0)
(0.00012462028 -2.9803287e-10 0)
(0.0003992054 -8.5378732e-05 0)
(0.00041685718 -0.00013663221 0)
(0.00040629467 -0.00013426842 0)
(0.00038128596 -0.0001145934 0)
(0.00035046023 -9.2718045e-05 0)
(0.00031944069 -7.3775145e-05 0)
(0.00029087219 -5.8732754e-05 0)
(0.00026563062 -4.7146743e-05 0)
(0.00024375096 -3.8275505e-05 0)
(0.00022493134 -3.1443232e-05 0)
(0.00020877137 -2.6121456e-05 0)
(0.0001948758 -2.1920175e-05 0)
(0.0001828929 -1.8557546e-05 0)
(0.00017252364 -1.5830548e-05 0)
(0.00016351886 -1.359208e-05 0)
(0.00015567256 -1.1734432e-05 0)
(0.00014881461 -1.0177732e-05 0)
(0.00014280411 -8.8619482e-06 0)
(0.00013752382 -7.7413493e-06 0)
(0.00013287564 -6.7806374e-06 0)
(0.00012877698 -5.9522265e-06 0)
(0.00012515788 -5.2343015e-06 0)
(0.00012195873 -4.6094175e-06 0)
(0.00011912843 -4.0634786e-06 0)
(0.00011662296 -3.5849821e-06 0)
(0.00011440418 -3.1644553e-06 0)
(0.00011243893 -2.7940299e-06 0)
(0.00011069826 -2.4671171e-06 0)
(0.00010915676 -2.1781586e-06 0)
(0.0001077921 -1.9224326e-06 0)
(0.00010658456 -1.6959016e-06 0)
(0.00010551673 -1.4950932e-06 0)
(0.00010457316 -1.3170043e-06 0)
(0.00010374011 -1.159025e-06 0)
(0.00010300541 -1.0188769e-06 0)
(0.00010235816 -8.9456267e-07 0)
(0.0001017887 -7.8432541e-07 0)
(0.00010128836 -6.8661447e-07 0)
(0.00010084943 -6.0005748e-07 0)
(0.00010046501 -5.2343694e-07 0)
(0.00010012895 -4.5567044e-07 0)
(9.9835743e-05 -3.9579399e-07 0)
(9.9580468e-05 -3.4294778e-07 0)
(9.9358736e-05 -2.9636409e-07 0)
(9.9166629e-05 -2.5535671e-07 0)
(9.9000647e-05 -2.1931193e-07 0)
(9.8857674e-05 -1.8768062e-07 0)
(9.8734931e-05 -1.5997127e-07 0)
(9.8629943e-05 -1.3574394e-07 0)
(9.854051e-05 -1.1460489e-07 0)
(9.8464678e-05 -9.6201788e-08 0)
(9.8400712e-05 -8.0219511e-08 0)
(9.8347075e-05 -6.6376335e-08 0)
(9.8302406e-05 -5.4420573e-08 0)
(9.8265502e-05 -4.4127535e-08 0)
(9.8235301e-05 -3.529681e-08 0)
(9.821087e-05 -2.7749814e-08 0)
(9.8191384e-05 -2.1327582e-08 0)
(9.8176122e-05 -1.5888777e-08 0)
(9.8164453e-05 -1.1307891e-08 0)
(9.8155822e-05 -7.4736258e-09 0)
(9.8149748e-05 -4.2874223e-09 0)
(9.8145812e-05 -1.6621378e-09 0)
(9.8143649e-05 4.7914944e-10 0)
(9.8142944e-05 2.2042235e-09 0)
(9.8143427e-05 3.5727036e-09 0)
(9.8144864e-05 4.6369266e-09 0)
(9.8147055e-05 5.4427383e-09 0)
(9.8149829e-05 6.0302104e-09 0)
(9.8153043e-05 6.434282e-09 0)
(9.8156573e-05 6.6853403e-09 0)
(9.8160319e-05 6.8097389e-09 0)
(9.8164195e-05 6.8302655e-09 0)
(9.8168129e-05 6.7665591e-09 0)
(9.8172065e-05 6.6354854e-09 0)
(9.8175957e-05 6.4514701e-09 0)
(9.8179766e-05 6.2267992e-09 0)
(9.8183463e-05 5.971884e-09 0)
(9.8187027e-05 5.6954994e-09 0)
(9.8190442e-05 5.4049934e-09 0)
(9.8193694e-05 5.1064753e-09 0)
(9.8196778e-05 4.8049799e-09 0)
(9.8199689e-05 4.5046158e-09 0)
(9.8202426e-05 4.2086923e-09 0)
(9.820499e-05 3.9198356e-09 0)
(9.8207384e-05 3.6400867e-09 0)
(9.8209612e-05 3.3709908e-09 0)
(9.821168e-05 3.1136727e-09 0)
(9.8213593e-05 2.8689052e-09 0)
(9.821536e-05 2.6371657e-09 0)
(9.8216987e-05 2.4186887e-09 0)
(9.8218482e-05 2.2135077e-09 0)
(9.8219852e-05 2.0214948e-09 0)
(9.8221105e-05 1.8423913e-09 0)
(9.8222249e-05 1.6758377e-09 0)
(9.8223291e-05 1.5213946e-09 0)
(9.8224239e-05 1.3785659e-09 0)
(9.8225098e-05 1.2468124e-09 0)
(9.8225877e-05 1.1255696e-09 0)
(9.8226581e-05 1.0142557e-09 0)
(9.8227216e-05 9.1228497e-10 0)
(9.8227788e-05 8.1907237e-10 0)
(9.8228302e-05 7.3404316e-10 0)
(9.8228764e-05 6.5663466e-10 0)
(9.8229177e-05 5.8630362e-10 0)
(9.8229547e-05 5.2252578e-10 0)
(9.8229877e-05 4.6480154e-10 0)
(9.8230171e-05 4.126539e-10 0)
(9.8230432e-05 3.6563296e-10 0)
(9.8230664e-05 3.2331284e-10 0)
(9.8230869e-05 2.8529525e-10 0)
(9.8231051e-05 2.5120577e-10 0)
(9.8231211e-05 2.2069679e-10 0)
(9.8231352e-05 1.9344338e-10 0)
(9.8231475e-05 1.6914589e-10 0)
(9.8231584e-05 1.4752553e-10 0)
(9.8231678e-05 1.2832673e-10 0)
(9.8231761e-05 1.113127e-10 0)
(9.8231833e-05 9.626757e-11 0)
(9.8231895e-05 8.2992057e-11 0)
(9.8231949e-05 7.1305414e-11 0)
(9.8231995e-05 6.1041318e-11 0)
(9.8232035e-05 5.2049666e-11 0)
(9.8232069e-05 4.4192708e-11 0)
(9.8232098e-05 3.7346734e-11 0)
(9.8232123e-05 3.1398474e-11 0)
(9.8232143e-05 2.6246691e-11 0)
(9.8232161e-05 2.1798862e-11 0)
(9.8232175e-05 1.7972683e-11 0)
(9.8232188e-05 1.4693041e-11 0)
(9.8232198e-05 1.1893423e-11 0)
(9.8232206e-05 9.5131802e-12 0)
(9.8232212e-05 7.4988449e-12 0)
(9.8232218e-05 5.8016703e-12 0)
(9.8232222e-05 4.3788599e-12 0)
(9.8232225e-05 3.1913655e-12 0)
(9.8232227e-05 2.205032e-12 0)
(9.8232229e-05 1.3886328e-12 0)
(9.823223e-05 7.1493833e-13 0)
(9.8232231e-05 1.5895992e-13 0)
(9.8232231e-05 -3.0104485e-13 0)
(9.8232231e-05 -6.8515017e-13 0)
(9.8232231e-05 -1.0108044e-12 0)
(9.823223e-05 -1.2942639e-12 0)
(9.823223e-05 -1.5496601e-12 0)
(9.8232229e-05 -1.7903303e-12 0)
(9.8232227e-05 -2.0278822e-12 0)
(9.8232226e-05 -2.2734632e-12 0)
(9.8232224e-05 -2.5367882e-12 0)
(9.8232223e-05 -2.8273952e-12 0)
(9.823222e-05 -3.1536009e-12 0)
(9.8232218e-05 -3.5237905e-12 0)
(9.8232216e-05 -3.9452564e-12 0)
(9.8232213e-05 -4.4255769e-12 0)
(9.8232209e-05 -4.9712939e-12 0)
(9.8232205e-05 -5.5894306e-12 0)
(9.8232201e-05 -6.2859647e-12 0)
(9.8232197e-05 -7.0675337e-12 0)
(9.8232191e-05 -7.9396619e-12 0)
(9.8232185e-05 -8.9086967e-12 0)
(9.8232179e-05 -9.9797557e-12 0)
(9.8232171e-05 -1.1158928e-11 0)
(9.8232163e-05 -1.2450917e-11 0)
(9.8232154e-05 -1.3861525e-11 0)
(9.8232144e-05 -1.5394984e-11 0)
(9.8232132e-05 -1.7056738e-11 0)
(9.823212e-05 -1.8850447e-11 0)
(9.8232106e-05 -2.0781082e-11 0)
(9.8232091e-05 -2.2851606e-11 0)
(9.8232075e-05 -2.5066367e-11 0)
(9.8232057e-05 -2.7427484e-11 0)
(9.8232037e-05 -2.9938526e-11 0)
(9.8232016e-05 -3.2600621e-11 0)
(9.8231993e-05 -3.5416403e-11 0)
(9.8231968e-05 -3.8385896e-11 0)
(9.823194e-05 -4.1510691e-11 0)
(9.8231911e-05 -4.4789671e-11 0)
(9.823188e-05 -4.8223389e-11 0)
(9.8231846e-05 -5.1809707e-11 0)
(9.823181e-05 -5.5548361e-11 0)
(9.8231771e-05 -5.9436634e-11 0)
(9.823173e-05 -6.3474099e-11 0)
(9.8231686e-05 -6.7658505e-11 0)
(9.8231639e-05 -7.1990779e-11 0)
(9.8231589e-05 -7.647139e-11 0)
(9.8231537e-05 -8.1105851e-11 0)
(9.8231481e-05 -8.5902035e-11 0)
(9.8231422e-05 -9.0876744e-11 0)
(9.823136e-05 -9.6054924e-11 0)
(9.8231295e-05 -1.0147864e-10 0)
(9.8231226e-05 -1.072102e-10 0)
(9.8231154e-05 -1.133464e-10 0)
(9.8231078e-05 -1.2002947e-10 0)
(9.8230998e-05 -1.2747047e-10 0)
(9.8230914e-05 -1.3596977e-10 0)
(9.8230826e-05 -1.4594217e-10 0)
(9.8230733e-05 -1.5788117e-10 0)
(9.8230636e-05 -1.7218308e-10 0)
(9.8230537e-05 -1.889485e-10 0)
(9.8230407e-05 -2.0854527e-10 0)
(0.00039971198 -0.00010478558 0)
(0.0004076158 -0.00013428158 0)
(0.00037510589 -0.00011243259 0)
(0.00033359339 -8.5332846e-05 0)
(0.00029377618 -6.3153956e-05 0)
(0.00025911657 -4.6956647e-05 0)
(0.00023016262 -3.5534575e-05 0)
(0.00020630878 -2.74758e-05 0)
(0.00018666645 -2.1697863e-05 0)
(0.00017040568 -1.7462842e-05 0)
(0.00015684195 -1.4285198e-05 0)
(0.00014543608 -1.1846881e-05 0)
(0.00013577023 -9.9373924e-06 0)
(0.00012752118 -8.4148955e-06 0)
(0.00012043746 -7.1817875e-06 0)
(0.00011432165 -6.1694232e-06 0)
(0.00010901711 -5.3284933e-06 0)
(0.00010439818 -4.6228676e-06 0)
(0.00010036297 -4.0255843e-06 0)
(9.6828e-05 -3.5161833e-06 0)
(9.3724202e-05 -3.0788989e-06 0)
(9.0993939e-05 -2.7014119e-06 0)
(8.8588706e-05 -2.3739711e-06 0)
(8.6467381e-05 -2.0887665e-06 0)
(8.4594856e-05 -1.8394742e-06 0)
(8.2940983e-05 -1.6209215e-06 0)
(8.1479719e-05 -1.4288374e-06 0)
(8.0188463e-05 -1.2596649e-06 0)
(7.9047509e-05 -1.1104175e-06 0)
(7.8039614e-05 -9.7856912e-07 0)
(7.7149629e-05 -8.6196843e-07 0)
(7.6364216e-05 -7.5877155e-07 0)
(7.5671593e-05 -6.673891e-07 0)
(7.506133e-05 -5.8644379e-07 0)
(7.4524182e-05 -5.1473649e-07 0)
(7.4051935e-05 -4.5121872e-07 0)
(7.3637288e-05 -3.949702e-07 0)
(7.3273739e-05 -3.4518046e-07 0)
(7.2955498e-05 -3.0113365e-07 0)
(7.2677404e-05 -2.6219581e-07 0)
(7.2434855e-05 -2.2780434e-07 0)
(7.2223749e-05 -1.9745896e-07 0)
(7.2040427e-05 -1.7071418e-07 0)
(7.1881628e-05 -1.4717277e-07 0)
(7.1744447e-05 -1.2648018e-07 0)
(7.1626294e-05 -1.0831976e-07 0)
(7.1524865e-05 -9.2408517e-08 0)
(7.1438111e-05 -7.8493482e-08 0)
(7.1364209e-05 -6.6348506e-08 0)
(7.1301543e-05 -5.5771426e-08 0)
(7.1248678e-05 -4.658156e-08 0)
(7.1204343e-05 -3.8617488e-08 0)
(7.1167413e-05 -3.1735069e-08 0)
(7.1136895e-05 -2.5805681e-08 0)
(7.1111913e-05 -2.0714629e-08 0)
(7.1091694e-05 -1.6359735e-08 0)
(7.1075559e-05 -1.2650053e-08 0)
(7.1062913e-05 -9.5047278e-09 0)
(7.1053233e-05 -6.8519575e-09 0)
(7.1046064e-05 -4.6280644e-09 0)
(7.1041007e-05 -2.7766488e-09 0)
(7.1037716e-05 -1.2478369e-09 0)
(7.1035892e-05 2.4106337e-12 0)
(7.1035274e-05 1.0129096e-09 0)
(7.1035638e-05 1.8178162e-09 0)
(7.1036791e-05 2.4471231e-09 0)
(7.1038569e-05 2.9271187e-09 0)
(7.1040831e-05 3.2807886e-09 0)
(7.1043458e-05 3.5281888e-09 0)
(7.1046349e-05 3.6867702e-09 0)
(7.1049419e-05 3.7716801e-09 0)
(7.1052598e-05 3.7960236e-09 0)
(7.1055828e-05 3.7711065e-09 0)
(7.105906e-05 3.7066448e-09 0)
(7.1062258e-05 3.6109595e-09 0)
(7.1065388e-05 3.4911431e-09 0)
(7.1068429e-05 3.3532158e-09 0)
(7.107136e-05 3.2022567e-09 0)
(7.1074169e-05 3.0425283e-09 0)
(7.1076845e-05 2.877579e-09 0)
(7.1079383e-05 2.7103424e-09 0)
(7.108178e-05 2.5432163e-09 0)
(7.1084033e-05 2.3781413e-09 0)
(7.1086145e-05 2.2166611e-09 0)
(7.1088116e-05 2.0599849e-09 0)
(7.1089952e-05 1.9090324e-09 0)
(7.1091656e-05 1.7644833e-09 0)
(7.1093233e-05 1.6268099e-09 0)
(7.1094689e-05 1.4963165e-09 0)
(7.109603e-05 1.3731627e-09 0)
(7.1097263e-05 1.2573942e-09 0)
(7.1098392e-05 1.1489591e-09 0)
(7.1099426e-05 1.0477318e-09 0)
(7.110037e-05 9.5352393e-10 0)
(7.1101229e-05 8.6610334e-10 0)
(7.1102011e-05 7.8519981e-10 0)
(7.1102721e-05 7.1052137e-10 0)
(7.1103363e-05 6.417556e-10 0)
(7.1103944e-05 5.7858364e-10 0)
(7.1104469e-05 5.206785e-10 0)
(7.1104941e-05 4.6771726e-10 0)
(7.1105366e-05 4.1937709e-10 0)
(7.1105747e-05 3.7534612e-10 0)
(7.1106089e-05 3.3531777e-10 0)
(7.1106394e-05 2.9900066e-10 0)
(7.1106667e-05 2.6611171e-10 0)
(7.110691e-05 2.3638538e-10 0)
(7.1107126e-05 2.0956581e-10 0)
(7.1107317e-05 1.854157e-10 0)
(7.1107487e-05 1.6370778e-10 0)
(7.1107637e-05 1.4423332e-10 0)
(7.110777e-05 1.2679333e-10 0)
(7.1107886e-05 1.1120671e-10 0)
(7.1107989e-05 9.7301302e-11 0)
(7.1108078e-05 8.4921842e-11 0)
(7.1108157e-05 7.3920981e-11 0)
(7.1108225e-05 6.4166993e-11 0)
(7.1108284e-05 5.5534952e-11 0)
(7.1108336e-05 4.7914172e-11 0)
(7.110838e-05 4.1199642e-11 0)
(7.1108419e-05 3.529918e-11 0)
(7.1108452e-05 3.0125205e-11 0)
(7.110848e-05 2.5601582e-11 0)
(7.1108504e-05 2.1655796e-11 0)
(7.1108524e-05 1.8225456e-11 0)
(7.1108542e-05 1.5250926e-11 0)
(7.1108556e-05 1.2681457e-11 0)
(7.1108568e-05 1.0468306e-11 0)
(7.1108578e-05 8.5704839e-12 0)
(7.1108587e-05 6.9483777e-12 0)
(7.1108593e-05 5.5690968e-12 0)
(7.1108599e-05 4.4006054e-12 0)
(7.1108603e-05 3.4166695e-12 0)
(7.1108607e-05 2.5914846e-12 0)
(7.1108609e-05 1.9042335e-12 0)
(7.1108611e-05 1.3341878e-12 0)
(7.1108613e-05 8.6489219e-13 0)
(7.1108614e-05 4.797118e-13 0)
(7.1108614e-05 1.6566733e-13 0)
(7.1108615e-05 -9.061273e-14 0)
(7.1108615e-05 -2.9936929e-13 0)
(7.1108614e-05 -4.714047e-13 0)
(7.1108614e-05 -6.1482862e-13 0)
(7.1108614e-05 -7.3845235e-13 0)
(7.1108613e-05 -8.4874595e-13 0)
(7.1108612e-05 -9.530056e-13 0)
(7.1108611e-05 -1.0564567e-12 0)
(7.110861e-05 -1.1652704e-12 0)
(7.1108609e-05 -1.2837347e-12 0)
(7.1108608e-05 -1.4172114e-12 0)
(7.1108606e-05 -1.5692858e-12 0)
(7.1108604e-05 -1.7447638e-12 0)
(7.1108603e-05 -1.9466989e-12 0)
(7.11086e-05 -2.1795389e-12 0)
(7.1108598e-05 -2.4459237e-12 0)
(7.1108595e-05 -2.7500935e-12 0)
(7.1108592e-05 -3.0943478e-12 0)
(7.1108589e-05 -3.4828273e-12 0)
(7.1108585e-05 -3.9175273e-12 0)
(7.1108581e-05 -4.4025577e-12 0)
(7.1108576e-05 -4.9396145e-12 0)
(7.1108571e-05 -5.5328112e-12 0)
(7.1108565e-05 -6.1835248e-12 0)
(7.1108559e-05 -6.8958726e-12 0)
(7.1108551e-05 -7.6708728e-12 0)
(7.1108543e-05 -8.512617e-12 0)
(7.1108534e-05 -9.4217095e-12 0)
(7.1108525e-05 -1.0402161e-11 0)
(7.1108514e-05 -1.1454095e-11 0)
(7.1108502e-05 -1.2581366e-11 0)
(7.1108489e-05 -1.3783547e-11 0)
(7.1108475e-05 -1.5064248e-11 0)
(7.1108459e-05 -1.6422425e-11 0)
(7.1108442e-05 -1.786136e-11 0)
(7.1108424e-05 -1.937935e-11 0)
(7.1108404e-05 -2.0979283e-11 0)
(7.1108383e-05 -2.2658803e-11 0)
(7.110836e-05 -2.4420399e-11 0)
(7.1108335e-05 -2.6261166e-11 0)
(7.1108309e-05 -2.8183306e-11 0)
(7.110828e-05 -3.0183651e-11 0)
(7.110825e-05 -3.226448e-11 0)
(7.1108217e-05 -3.4423009e-11 0)
(7.1108183e-05 -3.6662466e-11 0)
(7.1108146e-05 -3.8981843e-11 0)
(7.1108108e-05 -4.1387269e-11 0)
(7.1108067e-05 -4.3882454e-11 0)
(7.1108023e-05 -4.6480683e-11 0)
(7.1107977e-05 -4.9196783e-11 0)
(7.1107929e-05 -5.2060776e-11 0)
(7.1107877e-05 -5.5113309e-11 0)
(7.1107823e-05 -5.8424123e-11 0)
(7.1107766e-05 -6.2096239e-11 0)
(7.1107706e-05 -6.6297002e-11 0)
(7.1107642e-05 -7.1282785e-11 0)
(7.1107573e-05 -7.7459916e-11 0)
(7.1107501e-05 -8.5410565e-11 0)
(7.1107423e-05 -9.5865074e-11 0)
(7.110734e-05 -1.0982018e-10 0)
(7.1107229e-05 -1.2918176e-10 0)
(0.00038554034 -0.00011388892 0)
(0.00036583577 -0.00010969042 0)
(0.00030246462 -7.3450355e-05 0)
(0.00024777489 -4.7375709e-05 0)
(0.0002064067 -3.1020643e-05 0)
(0.00017523761 -2.1041775e-05 0)
(0.00015158829 -1.4900443e-05 0)
(0.00013337734 -1.0994052e-05 0)
(0.00011908237 -8.4021347e-06 0)
(0.00010764796 -6.6077527e-06 0)
(9.834695e-05 -5.3163028e-06 0)
(9.0671514e-05 -4.3550067e-06 0)
(8.4260198e-05 -3.6189173e-06 0)
(7.8850265e-05 -3.0418589e-06 0)
(7.4246658e-05 -2.5805522e-06 0)
(7.0301633e-05 -2.205724e-06 0)
(6.6901211e-05 -1.8969699e-06 0)
(6.3955981e-05 -1.6396865e-06 0)
(6.1394748e-05 -1.4231777e-06 0)
(5.9160051e-05 -1.2394486e-06 0)
(5.7204955e-05 -1.0824152e-06 0)
(5.54907e-05 -9.4737319e-07 0)
(5.3984967e-05 -8.3063224e-07 0)
(5.2660575e-05 -7.2925963e-07 0)
(5.1494477e-05 -6.4089677e-07 0)
(5.0467002e-05 -5.6362606e-07 0)
(4.956125e-05 -4.9587267e-07 0)
(4.8762624e-05 -4.3633134e-07 0)
(4.8058454e-05 -3.8391091e-07 0)
(4.7437692e-05 -3.3769209e-07 0)
(4.6890672e-05 -2.9689472e-07 0)
(4.6408905e-05 -2.6085237e-07 0)
(4.5984917e-05 -2.2899229e-07 0)
(4.5612111e-05 -2.0081956e-07 0)
(4.5284652e-05 -1.7590435e-07 0)
(4.4997369e-05 -1.5387173e-07 0)
(4.4745675e-05 -1.3439337e-07 0)
(4.4525496e-05 -1.1718069e-07 0)
(4.4333208e-05 -1.019793e-07 0)
(4.4165589e-05 -8.8564347e-08 0)
(4.4019773e-05 -7.6736621e-08 0)
(4.3893205e-05 -6.6319291e-08 0)
(4.3783615e-05 -5.715514e-08 0)
(4.3688981e-05 -4.9104203e-08 0)
(4.3607503e-05 -4.204175e-08 0)
(4.3537584e-05 -3.585654e-08 0)
(4.34778e-05 -3.0449308e-08 0)
(4.3426892e-05 -2.5731448e-08 0)
(4.3383737e-05 -2.1623864e-08 0)
(4.3347345e-05 -1.8055945e-08 0)
(4.3316837e-05 -1.4964676e-08 0)
(4.3291434e-05 -1.2293839e-08 0)
(4.3270451e-05 -9.9933085e-09 0)
(4.3253283e-05 -8.0184176e-09 0)
(4.3239396e-05 -6.3293991e-09 0)
(4.3228323e-05 -4.8908752e-09 0)
(4.3219651e-05 -3.6714091e-09 0)
(4.3213023e-05 -2.6430938e-09 0)
(4.3208121e-05 -1.7811893e-09 0)
(4.3204674e-05 -1.0637894e-09 0)
(4.3202441e-05 -4.7152808e-10 0)
(4.3201216e-05 1.2691684e-11 0)
(4.3200821e-05 4.0393572e-10 0)
(4.32011e-05 7.154594e-10 0)
(4.3201921e-05 9.589003e-10 0)
(4.3203171e-05 1.1444576e-09 0)
(4.3204752e-05 1.2810478e-09 0)
(4.3206583e-05 1.3764505e-09 0)
(4.3208594e-05 1.437434e-09 0)
(4.3210728e-05 1.4698726e-09 0)
(4.3212935e-05 1.4788485e-09 0)
(4.3215176e-05 1.4687455e-09 0)
(4.3217417e-05 1.4433309e-09 0)
(4.3219633e-05 1.405831e-09 0)
(4.3221803e-05 1.3589951e-09 0)
(4.3223909e-05 1.3051571e-09 0)
(4.3225939e-05 1.2462857e-09 0)
(4.3227883e-05 1.1840332e-09 0)
(4.3229736e-05 1.1197744e-09 0)
(4.3231493e-05 1.0546464e-09 0)
(4.3233151e-05 9.8957797e-10 0)
(4.3234711e-05 9.2532092e-10 0)
(4.3236172e-05 8.6247299e-10 0)
(4.3237536e-05 8.0150246e-10 0)
(4.3238806e-05 7.4276509e-10 0)
(4.3239985e-05 6.8652383e-10 0)
(4.3241076e-05 6.3296102e-10 0)
(4.3242083e-05 5.8219418e-10 0)
(4.3243011e-05 5.3428431e-10 0)
(4.3243863e-05 4.8924883e-10 0)
(4.3244645e-05 4.4706665e-10 0)
(4.324536e-05 4.0768893e-10 0)
(4.3246012e-05 3.7104164e-10 0)
(4.3246607e-05 3.3703467e-10 0)
(4.3247148e-05 3.0556234e-10 0)
(4.3247638e-05 2.7651137e-10 0)
(4.3248083e-05 2.4975974e-10 0)
(4.3248485e-05 2.2518382e-10 0)
(4.3248848e-05 2.0265596e-10 0)
(4.3249174e-05 1.8205102e-10 0)
(4.3249468e-05 1.6324297e-10 0)
(4.3249732e-05 1.4611103e-10 0)
(4.3249968e-05 1.3053548e-10 0)
(4.3250179e-05 1.1640354e-10 0)
(4.3250368e-05 1.0360462e-10 0)
(4.3250536e-05 9.2036008e-11 0)
(4.3250685e-05 8.1597691e-11 0)
(4.3250818e-05 7.2197949e-11 0)
(4.3250936e-05 6.3747874e-11 0)
(4.3251039e-05 5.6166864e-11 0)
(4.3251131e-05 4.9376997e-11 0)
(4.3251212e-05 4.3308407e-11 0)
(4.3251282e-05 3.7893619e-11 0)
(4.3251344e-05 3.3072794e-11 0)
(4.3251399e-05 2.8788114e-11 0)
(4.3251446e-05 2.4988874e-11 0)
(4.3251487e-05 2.1625995e-11 0)
(4.3251523e-05 1.8656926e-11 0)
(4.3251553e-05 1.6040362e-11 0)
(4.325158e-05 1.3740915e-11 0)
(4.3251603e-05 1.1724093e-11 0)
(4.3251622e-05 9.9607145e-12 0)
(4.3251639e-05 8.4221856e-12 0)
(4.3251653e-05 7.0846327e-12 0)
(4.3251665e-05 5.9245151e-12 0)
(4.3251675e-05 4.9224493e-12 0)
(4.3251683e-05 4.059179e-12 0)
(4.325169e-05 3.3190784e-12 0)
(4.3251696e-05 2.6864904e-12 0)
(4.32517e-05 2.148903e-12 0)
(4.3251704e-05 1.6936561e-12 0)
(4.3251707e-05 1.3107915e-12 0)
(4.3251709e-05 9.901229e-13 0)
(4.3251711e-05 7.2376588e-13 0)
(4.3251713e-05 5.0355705e-13 0)
(4.3251714e-05 3.232793e-13 0)
(4.3251714e-05 1.7640761e-13 0)
(4.3251715e-05 5.8051202e-14 0)
(4.3251715e-05 -3.7002884e-14 0)
(4.3251715e-05 -1.126015e-13 0)
(4.3251715e-05 -1.7292054e-13 0)
(4.3251715e-05 -2.2099389e-13 0)
(4.3251714e-05 -2.6019102e-13 0)
(4.3251714e-05 -2.9291876e-13 0)
(4.3251713e-05 -3.2193274e-13 0)
(4.3251713e-05 -3.4915922e-13 0)
(4.3251712e-05 -3.7690091e-13 0)
(4.3251712e-05 -4.0671675e-13 0)
(4.3251711e-05 -4.4058873e-13 0)
(4.325171e-05 -4.7979175e-13 0)
(4.3251709e-05 -5.2609763e-13 0)
(4.3251708e-05 -5.8055571e-13 0)
(4.3251707e-05 -6.4481711e-13 0)
(4.3251706e-05 -7.1974342e-13 0)
(4.3251705e-05 -8.0693731e-13 0)
(4.3251703e-05 -9.0709339e-13 0)
(4.3251701e-05 -1.021822e-12 0)
(4.3251699e-05 -1.1516584e-12 0)
(4.3251697e-05 -1.2982616e-12 0)
(4.3251695e-05 -1.4620061e-12 0)
(4.3251692e-05 -1.6446245e-12 0)
(4.3251689e-05 -1.846321e-12 0)
(4.3251685e-05 -2.0689149e-12 0)
(4.3251681e-05 -2.3124252e-12 0)
(4.3251677e-05 -2.5787552e-12 0)
(4.3251672e-05 -2.8677219e-12 0)
(4.3251667e-05 -3.1812971e-12 0)
(4.3251661e-05 -3.5190754e-12 0)
(4.3251654e-05 -3.883072e-12 0)
(4.3251647e-05 -4.2726376e-12 0)
(4.3251639e-05 -4.6897966e-12 0)
(4.325163e-05 -5.1336389e-12 0)
(4.3251621e-05 -5.6061593e-12 0)
(4.3251611e-05 -6.1061744e-12 0)
(4.32516e-05 -6.6356137e-12 0)
(4.3251588e-05 -7.1930253e-12 0)
(4.3251575e-05 -7.7802499e-12 0)
(4.3251561e-05 -8.3955985e-12 0)
(4.3251545e-05 -9.0408281e-12 0)
(4.3251529e-05 -9.714099e-12 0)
(4.3251512e-05 -1.0417152e-11 0)
(4.3251493e-05 -1.1148184e-11 0)
(4.3251473e-05 -1.1909128e-11 0)
(4.3251452e-05 -1.269861e-11 0)
(4.325143e-05 -1.3519271e-11 0)
(4.3251406e-05 -1.4371001e-11 0)
(4.325138e-05 -1.5258329e-11 0)
(4.3251353e-05 -1.6184229e-11 0)
(4.3251325e-05 -1.7157873e-11 0)
(4.3251295e-05 -1.8189652e-11 0)
(4.3251263e-05 -1.9300368e-11 0)
(4.3251229e-05 -2.0519676e-11 0)
(4.3251193e-05 -2.1900714e-11 0)
(4.3251155e-05 -2.3528707e-11 0)
(4.3251114e-05 -2.5554163e-11 0)
(4.325107e-05 -2.8242604e-11 0)
(4.3251022e-05 -3.2049024e-11 0)
(4.3250969e-05 -3.7706316e-11 0)
(4.3250909e-05 -4.6682687e-11 0)
(4.3250824e-05 -6.2534718e-11 0)
(0.00026763543 -5.0588207e-05 0)
(0.0002200211 -3.3756705e-05 0)
(0.00014889767 -1.4609906e-05 0)
(0.00010659028 -7.2843812e-06 0)
(8.1946765e-05 -3.9683181e-06 0)
(6.6172393e-05 -2.2710589e-06 0)
(5.5457853e-05 -1.3959035e-06 0)
(4.7815933e-05 -9.2489168e-07 0)
(4.2117808e-05 -6.5299464e-07 0)
(3.7714761e-05 -4.8475242e-07 0)
(3.4217611e-05 -3.7385746e-07 0)
(3.1380378e-05 -2.9666398e-07 0)
(2.9040175e-05 -2.404858e-07 0)
(2.7084645e-05 -1.9813483e-07 0)
(2.5433501e-05 -1.6530699e-07 0)
(2.4027633e-05 -1.3929089e-07 0)
(2.2822419e-05 -1.1830091e-07 0)
(2.178344e-05 -1.0111587e-07 0)
(2.0883665e-05 -8.6873655e-08 0)
(2.010152e-05 -7.4949217e-08 0)
(1.9419549e-05 -6.4878981e-08 0)
(1.8823451e-05 -5.6312342e-08 0)
(1.8301389e-05 -4.8979552e-08 0)
(1.7843465e-05 -4.266989e-08 0)
(1.7441335e-05 -3.7216483e-08 0)
(1.7087908e-05 -3.2485533e-08 0)
(1.6777122e-05 -2.8368548e-08 0)
(1.650376e-05 -2.477664e-08 0)
(1.6263309e-05 -2.1636295e-08 0)
(1.6051849e-05 -1.8886181e-08 0)
(1.586596e-05 -1.6474724e-08 0)
(1.5702645e-05 -1.4358242e-08 0)
(1.5559274e-05 -1.2499489e-08 0)
(1.5433533e-05 -1.0866519e-08 0)
(1.5323376e-05 -9.4317847e-09 0)
(1.5226998e-05 -8.1714147e-09 0)
(1.5142799e-05 -7.0646367e-09 0)
(1.506936e-05 -6.0933051e-09 0)
(1.5005426e-05 -5.2415173e-09 0)
(1.4949877e-05 -4.495296e-09 0)
(1.4901724e-05 -3.8423265e-09 0)
(1.4860085e-05 -3.2717361e-09 0)
(1.4824177e-05 -2.7739097e-09 0)
(1.4793306e-05 -2.3403319e-09 0)
(1.4766854e-05 -1.9634541e-09 0)
(1.4744273e-05 -1.6365785e-09 0)
(1.4725078e-05 -1.3537603e-09 0)
(1.4708838e-05 -1.1097204e-09 0)
(1.4695173e-05 -8.997715e-10 0)
(1.4683745e-05 -7.1975172e-10 0)
(1.4674256e-05 -5.6596733e-10 0)
(1.4666444e-05 -4.3514123e-10 0)
(1.4660077e-05 -3.2436847e-10 0)
(1.4654952e-05 -2.3107547e-10 0)
(1.465089e-05 -1.5298501e-10 0)
(1.4647734e-05 -8.8083737e-11 0)
(1.4645347e-05 -3.459437e-11 0)
(1.4643609e-05 9.0504322e-12 0)
(1.4642417e-05 4.4230139e-11 0)
(1.4641679e-05 7.2157534e-11 0)
(1.4641316e-05 9.3896273e-11 0)
(1.4641262e-05 1.1037808e-10 0)
(1.4641457e-05 1.2241673e-10 0)
(1.4641852e-05 1.3072203e-10 0)
(1.4642404e-05 1.3591089e-10 0)
(1.4643075e-05 1.3851874e-10 0)
(1.4643836e-05 1.3900824e-10 0)
(1.4644661e-05 1.3777858e-10 0)
(1.4645526e-05 1.3517231e-10 0)
(1.4646416e-05 1.3148289e-10 0)
(1.4647313e-05 1.2696e-10 0)
(1.4648207e-05 1.2181568e-10 0)
(1.4649087e-05 1.1622841e-10 0)
(1.4649947e-05 1.103481e-10 0)
(1.4650779e-05 1.0429912e-10 0)
(1.4651579e-05 9.8184439e-11 0)
(1.4652344e-05 9.2087807e-11 0)
(1.4653071e-05 8.6077124e-11 0)
(1.465376e-05 8.0206029e-11 0)
(1.4654409e-05 7.4516619e-11 0)
(1.4655019e-05 6.9040546e-11 0)
(1.465559e-05 6.3801247e-11 0)
(1.4656122e-05 5.8814633e-11 0)
(1.4656617e-05 5.4090939e-11 0)
(1.4657076e-05 4.9635087e-11 0)
(1.4657501e-05 4.5448236e-11 0)
(1.4657892e-05 4.1527896e-11 0)
(1.4658253e-05 3.7869233e-11 0)
(1.4658584e-05 3.4464996e-11 0)
(1.4658887e-05 3.1306635e-11 0)
(1.4659164e-05 2.8384074e-11 0)
(1.4659417e-05 2.568669e-11 0)
(1.4659647e-05 2.3202974e-11 0)
(1.4659856e-05 2.0921397e-11 0)
(1.4660046e-05 1.8829988e-11 0)
(1.4660218e-05 1.6917111e-11 0)
(1.4660373e-05 1.5170989e-11 0)
(1.4660513e-05 1.3580412e-11 0)
(1.4660639e-05 1.2134219e-11 0)
(1.4660753e-05 1.0821957e-11 0)
(1.4660854e-05 9.6333299e-12 0)
(1.4660945e-05 8.5588267e-12 0)
(1.4661027e-05 7.5891458e-12 0)
(1.4661099e-05 6.7157998e-12 0)
(1.4661164e-05 5.930524e-12 0)
(1.4661221e-05 5.2258658e-12 0)
(1.4661272e-05 4.5945813e-12 0)
(1.4661318e-05 4.0302166e-12 0)
(1.4661357e-05 3.5264956e-12 0)
(1.4661393e-05 3.0778973e-12 0)
(1.4661423e-05 2.6790383e-12 0)
(1.4661451e-05 2.3252484e-12 0)
(1.4661474e-05 2.0119491e-12 0)
(1.4661495e-05 1.7352318e-12 0)
(1.4661513e-05 1.4912324e-12 0)
(1.4661529e-05 1.2767126e-12 0)
(1.4661542e-05 1.0884327e-12 0)
(1.4661554e-05 9.2373767e-13 0)
(1.4661564e-05 7.7992638e-13 0)
(1.4661573e-05 6.5484506e-13 0)
(1.466158e-05 5.4625238e-13 0)
(1.4661587e-05 4.5242074e-13 0)
(1.4661592e-05 3.7149784e-13 0)
(1.4661596e-05 3.0211468e-13 0)
(1.46616e-05 2.4274461e-13 0)
(1.4661603e-05 1.9231814e-13 0)
(1.4661606e-05 1.4957889e-13 0)
(1.4661608e-05 1.1370522e-13 0)
(1.466161e-05 8.3662897e-14 0)
(1.4661611e-05 5.8833506e-14 0)
(1.4661612e-05 3.8364342e-14 0)
(1.4661613e-05 2.1802253e-14 0)
(1.4661614e-05 8.4408309e-15 0)
(1.4661614e-05 -2.0396e-15 0)
(1.4661614e-05 -1.0228159e-14 0)
(1.4661615e-05 -1.6338488e-14 0)
(1.4661615e-05 -2.0866422e-14 0)
(1.4661615e-05 -2.3941634e-14 0)
(1.4661615e-05 -2.5987304e-14 0)
(1.4661615e-05 -2.7067561e-14 0)
(1.4661615e-05 -2.7549206e-14 0)
(1.4661614e-05 -2.744629e-14 0)
(1.4661614e-05 -2.7082446e-14 0)
(1.4661614e-05 -2.6434171e-14 0)
(1.4661614e-05 -2.5792475e-14 0)
(1.4661614e-05 -2.510597e-14 0)
(1.4661614e-05 -2.4642226e-14 0)
(1.4661613e-05 -2.4329966e-14 0)
(1.4661613e-05 -2.4419361e-14 0)
(1.4661613e-05 -2.4825902e-14 0)
(1.4661612e-05 -2.5787269e-14 0)
(1.4661612e-05 -2.7210675e-14 0)
(1.4661612e-05 -2.9325137e-14 0)
(1.4661611e-05 -3.2033009e-14 0)
(1.4661611e-05 -3.5557494e-14 0)
(1.466161e-05 -3.9798973e-14 0)
(1.466161e-05 -4.4976349e-14 0)
(1.4661609e-05 -5.0989743e-14 0)
(1.4661609e-05 -5.8055407e-14 0)
(1.4661608e-05 -6.6074309e-14 0)
(1.4661607e-05 -7.5259842e-14 0)
(1.4661606e-05 -8.5514609e-14 0)
(1.4661605e-05 -9.7050056e-14 0)
(1.4661603e-05 -1.0976919e-13 0)
(1.4661602e-05 -1.2388114e-13 0)
(1.46616e-05 -1.3928934e-13 0)
(1.4661599e-05 -1.5619922e-13 0)
(1.4661597e-05 -1.7451323e-13 0)
(1.4661594e-05 -1.9443227e-13 0)
(1.4661592e-05 -2.1585559e-13 0)
(1.4661589e-05 -2.3897815e-13 0)
(1.4661587e-05 -2.636947e-13 0)
(1.4661583e-05 -2.901926e-13 0)
(1.466158e-05 -3.1835999e-13 0)
(1.4661576e-05 -3.4837584e-13 0)
(1.4661572e-05 -3.8012098e-13 0)
(1.4661568e-05 -4.1376662e-13 0)
(1.4661563e-05 -4.4918673e-13 0)
(1.4661558e-05 -4.8654687e-13 0)
(1.4661552e-05 -5.2571864e-13 0)
(1.4661547e-05 -5.6686947e-13 0)
(1.466154e-05 -6.0987832e-13 0)
(1.4661533e-05 -6.5493286e-13 0)
(1.4661526e-05 -7.0194677e-13 0)
(1.4661518e-05 -7.5116986e-13 0)
(1.466151e-05 -8.0261725e-13 0)
(1.4661501e-05 -8.5670086e-13 0)
(1.4661492e-05 -9.1369426e-13 0)
(1.4661482e-05 -9.744283e-13 0)
(1.4661472e-05 -1.0398622e-12 0)
(1.4661461e-05 -1.1119787e-12 0)
(1.4661449e-05 -1.1938513e-12 0)
(1.4661437e-05 -1.2916763e-12 0)
(1.4661423e-05 -1.4164771e-12 0)
(1.4661409e-05 -1.5895097e-12 0)
(1.4661393e-05 -1.8622882e-12 0)
(1.4661375e-05 -2.3362448e-12 0)
(1.4661355e-05 -3.0511193e-12 0)
(1.4661328e-05 -4.4173856e-12 0)
(1.4661284e-05 -1.2510846e-11 0)
)
;

boundaryField
{
    inlet_0
    {
        type            fixedValue;
        value           uniform (0.000391 0 0);
    }
    inlet_1
    {
        type            fixedValue;
        value           uniform (0.000391 0 0);
    }
    inlet_2
    {
        type            fixedValue;
        value           uniform (0.000391 0 0);
    }
    inlet_3
    {
        type            fixedValue;
        value           uniform (0.000391 0 0);
    }
    inlet_4
    {
        type            fixedValue;
        value           uniform (0.000391 0 0);
    }
    inlet_5
    {
        type            fixedValue;
        value           uniform (0.000391 0 0);
    }
    inlet_6
    {
        type            fixedValue;
        value           uniform (0.000391 0 0);
    }
    inlet_7
    {
        type            fixedValue;
        value           uniform (0.000391 0 0);
    }
    outlet
    {
        type            zeroGradient;
    }
    walls
    {
        type            noSlip;
    }
    floor
    {
        type            noSlip;
    }
    frontAndBack
    {
        type            empty;
    }
}


// ************************************************************************* //
