/*--------------------------------*- C++ -*----------------------------------*\
| =========                 |                                                 |
| \\      /  F ield         | OpenFOAM: The Open Source CFD Toolbox           |
|  \\    /   O peration     | Version:  2406                                  |
|   \\  /    A nd           | Website:  www.openfoam.com                      |
|    \\/     M anipulation  |                                                 |
\*---------------------------------------------------------------------------*/
FoamFile
{
    version     2.0;
    format      ascii;
    arch        "LSB;label=32;scalar=64";
    class       volScalarField;
    location    "409";
    object      p;
}
// * * * * * * * * * * * * * * * * * * * * * * * * * * * * * * * * * * * * * //

dimensions      [0 2 -2 0 0 0 0];

internalField   nonuniform List<scalar> 
9600
(
0.00055738112
0.00034938768
0.00027055254
0.00023831368
0.00021989011
0.00020892167
0.00020194735
0.00019708395
0.00019344436
0.00019057171
0.00018820712
0.00018619493
0.00018443609
0.00018286431
0.00018143344
0.00018011027
0.00017887034
0.00017769523
0.00017657087
0.00017548637
0.00017443321
0.00017340466
0.00017239541
0.00017140119
0.0001704186
0.00016944491
0.00016847794
0.00016751594
0.00016655751
0.00016560152
0.0001646471
0.00016369355
0.00016274033
0.00016178702
0.00016083329
0.00015987893
0.00015892376
0.00015796766
0.00015701057
0.00015605245
0.00015509328
0.00015413307
0.00015317186
0.00015220966
0.00015124653
0.00015028252
0.00014931767
0.00014835205
0.0001473857
0.00014641869
0.00014545106
0.00014448286
0.00014351415
0.00014254497
0.00014157536
0.00014060536
0.00013963502
0.00013866435
0.00013769341
0.0001367222
0.00013575077
0.00013477914
0.00013380732
0.00013283535
0.00013186322
0.00013089097
0.00012991861
0.00012894615
0.00012797359
0.00012700096
0.00012602826
0.0001250555
0.00012408268
0.00012310982
0.00012213691
0.00012116397
0.00012019099
0.00011921799
0.00011824496
0.00011727191
0.00011629884
0.00011532575
0.00011435265
0.00011337953
0.0001124064
0.00011143326
0.00011046012
0.00010948696
0.0001085138
0.00010754063
0.00010656745
0.00010559427
0.00010462108
0.00010364789
0.0001026747
0.0001017015
0.0001007283
9.97551e-05
9.8781894e-05
9.7808686e-05
9.6835477e-05
9.5862265e-05
9.4889052e-05
9.3915837e-05
9.294262e-05
9.1969403e-05
9.0996185e-05
9.0022965e-05
8.9049745e-05
8.8076524e-05
8.7103302e-05
8.613008e-05
8.5156857e-05
8.4183634e-05
8.3210411e-05
8.2237187e-05
8.1263964e-05
8.029074e-05
7.9317516e-05
7.8344292e-05
7.7371067e-05
7.6397843e-05
7.5424619e-05
7.4451395e-05
7.3478172e-05
7.2504948e-05
7.1531724e-05
7.0558501e-05
6.9585278e-05
6.8612055e-05
6.7638832e-05
6.6665609e-05
6.5692387e-05
6.4719165e-05
6.3745943e-05
6.2772721e-05
6.1799499e-05
6.0826277e-05
5.9853056e-05
5.8879835e-05
5.7906614e-05
5.6933393e-05
5.5960172e-05
5.4986951e-05
5.401373e-05
5.3040509e-05
5.2067289e-05
5.1094068e-05
5.0120848e-05
4.9147627e-05
4.8174407e-05
4.7201187e-05
4.6227966e-05
4.5254746e-05
4.4281526e-05
4.3308306e-05
4.2335086e-05
4.1361865e-05
4.0388645e-05
3.9415425e-05
3.8442205e-05
3.7468985e-05
3.6495765e-05
3.5522545e-05
3.4549325e-05
3.3576104e-05
3.2602884e-05
3.1629664e-05
3.0656444e-05
2.9683224e-05
2.8710004e-05
2.7736784e-05
2.6763564e-05
2.5790344e-05
2.4817124e-05
2.3843903e-05
2.2870683e-05
2.1897463e-05
2.0924243e-05
1.9951022e-05
1.8977802e-05
1.8004582e-05
1.7031361e-05
1.6058141e-05
1.508492e-05
1.41117e-05
1.3138479e-05
1.2165258e-05
1.1192038e-05
1.0218817e-05
9.2455956e-06
8.2723746e-06
7.2991537e-06
6.3259328e-06
5.3527121e-06
4.3794917e-06
3.4062715e-06
2.4330516e-06
1.4598323e-06
4.8660661e-07
0.00040223018
0.00031506633
0.00026785249
0.0002420174
0.00022487847
0.00021349744
0.00020572353
0.00020011511
0.00019587236
0.00019253022
0.00018980252
0.00018750749
0.00018552567
0.00018377576
0.00018220078
0.0001807597
0.00017942231
0.00017816599
0.00017697345
0.00017583137
0.00017472934
0.00017365914
0.00017261425
0.00017158946
0.0001705806
0.0001695843
0.00016859783
0.000167619
0.00016664603
0.00016567749
0.00016471223
0.00016374932
0.00016278802
0.00016182773
0.000160868
0.00015990846
0.00015894883
0.00015798891
0.00015702853
0.00015606759
0.00015510601
0.00015414374
0.00015318077
0.00015221708
0.00015125268
0.00015028759
0.00014932184
0.00014835545
0.00014738846
0.0001464209
0.00014545282
0.00014448425
0.00014351523
0.00014254579
0.00014157597
0.0001406058
0.00013963531
0.00013866454
0.0001376935
0.00013672223
0.00013575075
0.00013477907
0.00013380722
0.00013283522
0.00013186309
0.00013089083
0.00012991846
0.00012894599
0.00012797344
0.00012700081
0.00012602811
0.00012505536
0.00012408255
0.00012310969
0.00012213679
0.00012116385
0.00012019088
0.00011921789
0.00011824487
0.00011727182
0.00011629876
0.00011532567
0.00011435258
0.00011337947
0.00011240634
0.00011143321
0.00011046006
0.00010948691
0.00010851375
0.00010754059
0.00010656741
0.00010559424
0.00010462105
0.00010364786
0.00010267467
0.00010170148
0.00010072828
9.9755079e-05
9.8781875e-05
9.7808669e-05
9.6835461e-05
9.5862251e-05
9.4889039e-05
9.3915825e-05
9.294261e-05
9.1969394e-05
9.0996176e-05
9.0022958e-05
8.9049738e-05
8.8076518e-05
8.7103297e-05
8.6130075e-05
8.5156853e-05
8.4183631e-05
8.3210408e-05
8.2237185e-05
8.1263961e-05
8.0290738e-05
7.9317514e-05
7.834429e-05
7.7371067e-05
7.6397843e-05
7.5424619e-05
7.4451395e-05
7.3478172e-05
7.2504948e-05
7.1531725e-05
7.0558501e-05
6.9585278e-05
6.8612055e-05
6.7638833e-05
6.666561e-05
6.5692388e-05
6.4719165e-05
6.3745943e-05
6.2772721e-05
6.17995e-05
6.0826278e-05
5.9853057e-05
5.8879835e-05
5.7906614e-05
5.6933393e-05
5.5960172e-05
5.4986951e-05
5.401373e-05
5.304051e-05
5.2067289e-05
5.1094069e-05
5.0120848e-05
4.9147628e-05
4.8174407e-05
4.7201187e-05
4.6227967e-05
4.5254746e-05
4.4281526e-05
4.3308306e-05
4.2335086e-05
4.1361865e-05
4.0388645e-05
3.9415425e-05
3.8442205e-05
3.7468985e-05
3.6495765e-05
3.5522545e-05
3.4549324e-05
3.3576104e-05
3.2602884e-05
3.1629664e-05
3.0656444e-05
2.9683224e-05
2.8710004e-05
2.7736784e-05
2.6763564e-05
2.5790344e-05
2.4817123e-05
2.3843903e-05
2.2870683e-05
2.1897463e-05
2.0924243e-05
1.9951022e-05
1.8977802e-05
1.8004582e-05
1.7031361e-05
1.6058141e-05
1.5084921e-05
1.41117e-05
1.3138479e-05
1.2165259e-05
1.1192038e-05
1.0218817e-05
9.2455966e-06
8.2723759e-06
7.2991552e-06
6.3259346e-06
5.3527142e-06
4.3794941e-06
3.4062742e-06
2.4330548e-06
1.4598367e-06
4.866085e-07
0.00032165128
0.00028908613
0.00026253242
0.00024257218
0.00022749309
0.00021655509
0.0002085765
0.0002025898
0.00019796434
0.00019428469
0.00019127355
0.00018874455
0.00018657023
0.0001846615
0.00018295479
0.00018140377
0.00017997408
0.0001786398
0.00017738111
0.00017618264
0.00017503234
0.00017392072
0.00017284017
0.00017178464
0.00017074921
0.00016972991
0.00016872354
0.00016772746
0.00016673955
0.00016575805
0.00016478155
0.00016380891
0.00016283917
0.00016187158
0.00016090553
0.00015994053
0.00015897619
0.0001580122
0.00015704832
0.00015608436
0.00015512019
0.00015415571
0.00015319083
0.00015222552
0.00015125973
0.00015029346
0.00014932671
0.00014835947
0.00014739176
0.0001464236
0.00014545501
0.00014448601
0.00014351663
0.00014254689
0.00014157682
0.00014060645
0.0001396358
0.00013866489
0.00013769374
0.00013672238
0.00013575082
0.00013477909
0.0001338072
0.00013283517
0.000131863
0.00013089073
0.00012991834
0.00012894587
0.00012797331
0.00012700068
0.00012602799
0.00012505523
0.00012408242
0.00012310957
0.00012213668
0.00012116375
0.00012019078
0.00011921779
0.00011824477
0.00011727174
0.00011629868
0.0001153256
0.00011435251
0.0001133794
0.00011240628
0.00011143315
0.00011046001
0.00010948686
0.00010851371
0.00010754054
0.00010656738
0.0001055942
0.00010462102
0.00010364783
0.00010267465
0.00010170145
0.00010072826
9.9755058e-05
9.8781856e-05
9.7808651e-05
9.6835445e-05
9.5862236e-05
9.4889025e-05
9.3915813e-05
9.2942599e-05
9.1969384e-05
9.0996167e-05
9.002295e-05
8.9049731e-05
8.8076512e-05
8.7103292e-05
8.6130071e-05
8.5156849e-05
8.4183627e-05
8.3210405e-05
8.2237182e-05
8.1263959e-05
8.0290736e-05
7.9317513e-05
7.8344289e-05
7.7371066e-05
7.6397842e-05
7.5424619e-05
7.4451395e-05
7.3478172e-05
7.2504948e-05
7.1531725e-05
7.0558502e-05
6.9585279e-05
6.8612056e-05
6.7638833e-05
6.6665611e-05
6.5692388e-05
6.4719166e-05
6.3745944e-05
6.2772722e-05
6.17995e-05
6.0826279e-05
5.9853057e-05
5.8879836e-05
5.7906615e-05
5.6933394e-05
5.5960173e-05
5.4986952e-05
5.4013731e-05
5.304051e-05
5.206729e-05
5.1094069e-05
5.0120848e-05
4.9147628e-05
4.8174408e-05
4.7201187e-05
4.6227967e-05
4.5254747e-05
4.4281526e-05
4.3308306e-05
4.2335086e-05
4.1361866e-05
4.0388645e-05
3.9415425e-05
3.8442205e-05
3.7468985e-05
3.6495765e-05
3.5522545e-05
3.4549324e-05
3.3576104e-05
3.2602884e-05
3.1629664e-05
3.0656444e-05
2.9683224e-05
2.8710004e-05
2.7736784e-05
2.6763564e-05
2.5790344e-05
2.4817123e-05
2.3843903e-05
2.2870683e-05
2.1897463e-05
2.0924243e-05
1.9951022e-05
1.8977802e-05
1.8004582e-05
1.7031362e-05
1.6058141e-05
1.5084921e-05
1.41117e-05
1.313848e-05
1.2165259e-05
1.1192039e-05
1.0218818e-05
9.2455977e-06
8.2723772e-06
7.2991568e-06
6.3259365e-06
5.3527164e-06
4.3794966e-06
3.406277e-06
2.4330581e-06
1.4598415e-06
4.8660972e-07
0.0002825531
0.00026888381
0.00025330409
0.00023880586
0.00022670043
0.00021716848
0.00020974153
0.00020390488
0.00019924999
0.00019546752
0.00019233051
0.00018967535
0.00018738393
0.00018537034
0.00018357133
0.00018193976
0.00018044006
0.000179045
0.00017773356
0.00017648926
0.00017529913
0.00017415285
0.00017304212
0.00017196028
0.00017090191
0.00016986261
0.00016883878
0.00016782746
0.00016682625
0.00016583316
0.00016484655
0.00016386509
0.00016288767
0.0001619134
0.00016094154
0.00015997149
0.00015900276
0.00015803497
0.0001570678
0.000156101
0.00015513437
0.00015416776
0.00015320106
0.00015223417
0.00015126704
0.00015029961
0.00014933187
0.00014836378
0.00014739535
0.00014642658
0.00014545747
0.00014448803
0.00014351828
0.00014254823
0.0001415779
0.00014060731
0.00013963648
0.00013866541
0.00013769414
0.00013672268
0.00013575104
0.00013477924
0.00013380729
0.00013283521
0.00013186302
0.00013089071
0.00012991831
0.00012894582
0.00012797325
0.00012700061
0.00012602791
0.00012505515
0.00012408234
0.00012310949
0.0001221366
0.00012116367
0.00012019071
0.00011921772
0.0001182447
0.00011727167
0.00011629861
0.00011532554
0.00011435245
0.00011337935
0.00011240623
0.00011143311
0.00011045997
0.00010948682
0.00010851367
0.00010754051
0.00010656734
0.00010559417
0.00010462099
0.00010364781
0.00010267462
0.00010170143
0.00010072824
9.975504e-05
9.8781839e-05
9.7808636e-05
9.6835431e-05
9.5862223e-05
9.4889014e-05
9.3915802e-05
9.2942589e-05
9.1969375e-05
9.099616e-05
9.0022943e-05
8.9049725e-05
8.8076506e-05
8.7103287e-05
8.6130066e-05
8.5156846e-05
8.4183624e-05
8.3210402e-05
8.223718e-05
8.1263957e-05
8.0290734e-05
7.9317511e-05
7.8344288e-05
7.7371065e-05
7.6397841e-05
7.5424618e-05
7.4451395e-05
7.3478171e-05
7.2504948e-05
7.1531725e-05
7.0558502e-05
6.9585279e-05
6.8612056e-05
6.7638834e-05
6.6665611e-05
6.5692389e-05
6.4719166e-05
6.3745944e-05
6.2772722e-05
6.1799501e-05
6.0826279e-05
5.9853058e-05
5.8879836e-05
5.7906615e-05
5.6933394e-05
5.5960173e-05
5.4986952e-05
5.4013731e-05
5.3040511e-05
5.206729e-05
5.1094069e-05
5.0120849e-05
4.9147628e-05
4.8174408e-05
4.7201187e-05
4.6227967e-05
4.5254747e-05
4.4281526e-05
4.3308306e-05
4.2335086e-05
4.1361866e-05
4.0388645e-05
3.9415425e-05
3.8442205e-05
3.7468985e-05
3.6495765e-05
3.5522545e-05
3.4549324e-05
3.3576104e-05
3.2602884e-05
3.1629664e-05
3.0656444e-05
2.9683224e-05
2.8710004e-05
2.7736784e-05
2.6763564e-05
2.5790343e-05
2.4817123e-05
2.3843903e-05
2.2870683e-05
2.1897463e-05
2.0924243e-05
1.9951022e-05
1.8977802e-05
1.8004582e-05
1.7031362e-05
1.6058141e-05
1.5084921e-05
1.4111701e-05
1.313848e-05
1.216526e-05
1.1192039e-05
1.0218819e-05
9.2455987e-06
8.2723784e-06
7.2991581e-06
6.3259381e-06
5.3527182e-06
4.3794987e-06
3.4062794e-06
2.4330608e-06
1.4598454e-06
4.8661045e-07
0.00025789429
0.00025262867
0.00024370458
0.00023362788
0.00022433977
0.00021642009
0.00020984662
0.00020443168
0.00019995891
0.00019622939
0.00019307876
0.00019037783
0.00018802714
0.0001859506
0.00018409003
0.00018240072
0.00018084811
0.00017940525
0.00017805097
0.00017676853
0.00017554454
0.00017436827
0.00017323104
0.00017212581
0.00017104681
0.00016998933
0.00016894949
0.0001679241
0.00016691051
0.00016590654
0.0001649104
0.00016392057
0.00016293582
0.00016195514
0.00016097767
0.00016000272
0.00015902972
0.00015805821
0.00015708779
0.00015611817
0.0001551491
0.00015418037
0.00015321183
0.00015224336
0.00015127485
0.00015030624
0.00014933748
0.00014836852
0.00014739934
0.00014642993
0.00014546027
0.00014449037
0.00014352022
0.00014254983
0.00014157922
0.00014060839
0.00013963735
0.00013866611
0.0001376947
0.00013672312
0.00013575138
0.0001347795
0.00013380748
0.00013283535
0.00013186311
0.00013089077
0.00012991833
0.00012894582
0.00012797323
0.00012700058
0.00012602787
0.0001250551
0.00012408229
0.00012310943
0.00012213654
0.00012116361
0.00012019065
0.00011921766
0.00011824465
0.00011727161
0.00011629856
0.00011532549
0.0001143524
0.0001133793
0.00011240619
0.00011143307
0.00011045993
0.00010948679
0.00010851364
0.00010754048
0.00010656731
0.00010559414
0.00010462097
0.00010364779
0.0001026746
0.00010170141
0.00010072822
9.9755023e-05
9.8781824e-05
9.7808622e-05
9.6835418e-05
9.5862211e-05
9.4889003e-05
9.3915793e-05
9.2942581e-05
9.1969367e-05
9.0996152e-05
9.0022936e-05
8.9049719e-05
8.8076501e-05
8.7103282e-05
8.6130062e-05
8.5156842e-05
8.4183621e-05
8.3210399e-05
8.2237178e-05
8.1263955e-05
8.0290733e-05
7.931751e-05
7.8344287e-05
7.7371064e-05
7.6397841e-05
7.5424618e-05
7.4451394e-05
7.3478171e-05
7.2504948e-05
7.1531725e-05
7.0558502e-05
6.9585279e-05
6.8612056e-05
6.7638834e-05
6.6665611e-05
6.5692389e-05
6.4719167e-05
6.3745945e-05
6.2772723e-05
6.1799501e-05
6.082628e-05
5.9853058e-05
5.8879837e-05
5.7906615e-05
5.6933394e-05
5.5960173e-05
5.4986952e-05
5.4013732e-05
5.3040511e-05
5.206729e-05
5.1094069e-05
5.0120849e-05
4.9147628e-05
4.8174408e-05
4.7201188e-05
4.6227967e-05
4.5254747e-05
4.4281527e-05
4.3308306e-05
4.2335086e-05
4.1361866e-05
4.0388645e-05
3.9415425e-05
3.8442205e-05
3.7468985e-05
3.6495765e-05
3.5522545e-05
3.4549324e-05
3.3576104e-05
3.2602884e-05
3.1629664e-05
3.0656444e-05
2.9683224e-05
2.8710004e-05
2.7736784e-05
2.6763564e-05
2.5790343e-05
2.4817123e-05
2.3843903e-05
2.2870683e-05
2.1897463e-05
2.0924243e-05
1.9951022e-05
1.8977802e-05
1.8004582e-05
1.7031362e-05
1.6058141e-05
1.5084921e-05
1.4111701e-05
1.3138481e-05
1.216526e-05
1.119204e-05
1.021882e-05
9.2455995e-06
8.2723794e-06
7.2991593e-06
6.3259394e-06
5.3527198e-06
4.3795004e-06
3.4062813e-06
2.433063e-06
1.4598485e-06
4.8661095e-07
0.00024131702
0.00024006582
0.00023518354
0.00022833464
0.00022135355
0.00021493371
0.00020928013
0.00020440564
0.00020023387
0.00019665868
0.00019357489
0.00019088995
0.00018852658
0.00018642206
0.00018452616
0.00018279885
0.00018120825
0.00017972892
0.00017834048
0.00017702653
0.0001757738
0.00017457151
0.00017341085
0.0001722846
0.00017118681
0.00017011259
0.00016905786
0.00016801924
0.00016699394
0.0001659796
0.00016497428
0.00016397637
0.00016298449
0.00016199753
0.00016101455
0.00016003476
0.00015905751
0.00015808228
0.00015710861
0.00015613615
0.0001551646
0.00015419371
0.00015322329
0.00015225318
0.00015128326
0.00015031343
0.0001493436
0.00014837373
0.00014740376
0.00014643367
0.00014546343
0.00014449302
0.00014352245
0.0001425517
0.00014158077
0.00014060967
0.00013963841
0.00013866698
0.00013769541
0.00013672369
0.00013575184
0.00013477986
0.00013380777
0.00013283557
0.00013186327
0.00013089089
0.00012991842
0.00012894587
0.00012797326
0.00012700059
0.00012602786
0.00012505509
0.00012408226
0.0001231094
0.0001221365
0.00012116357
0.00012019061
0.00011921762
0.0001182446
0.00011727157
0.00011629852
0.00011532545
0.00011435236
0.00011337926
0.00011240615
0.00011143303
0.0001104599
0.00010948676
0.00010851361
0.00010754045
0.00010656729
0.00010559412
0.00010462094
0.00010364776
0.00010267458
0.00010170139
0.0001007282
9.9755007e-05
9.8781809e-05
9.7808609e-05
9.6835406e-05
9.58622e-05
9.4888993e-05
9.3915783e-05
9.2942572e-05
9.196936e-05
9.0996146e-05
9.002293e-05
8.9049714e-05
8.8076496e-05
8.7103278e-05
8.6130058e-05
8.5156839e-05
8.4183618e-05
8.3210397e-05
8.2237175e-05
8.1263953e-05
8.0290731e-05
7.9317509e-05
7.8344286e-05
7.7371063e-05
7.639784e-05
7.5424617e-05
7.4451394e-05
7.3478171e-05
7.2504948e-05
7.1531725e-05
7.0558502e-05
6.9585279e-05
6.8612056e-05
6.7638834e-05
6.6665612e-05
6.5692389e-05
6.4719167e-05
6.3745945e-05
6.2772723e-05
6.1799501e-05
6.082628e-05
5.9853058e-05
5.8879837e-05
5.7906616e-05
5.6933395e-05
5.5960174e-05
5.4986953e-05
5.4013732e-05
5.3040511e-05
5.206729e-05
5.109407e-05
5.0120849e-05
4.9147629e-05
4.8174408e-05
4.7201188e-05
4.6227967e-05
4.5254747e-05
4.4281527e-05
4.3308306e-05
4.2335086e-05
4.1361866e-05
4.0388646e-05
3.9415425e-05
3.8442205e-05
3.7468985e-05
3.6495765e-05
3.5522545e-05
3.4549324e-05
3.3576104e-05
3.2602884e-05
3.1629664e-05
3.0656444e-05
2.9683224e-05
2.8710004e-05
2.7736784e-05
2.6763564e-05
2.5790343e-05
2.4817123e-05
2.3843903e-05
2.2870683e-05
2.1897463e-05
2.0924243e-05
1.9951022e-05
1.8977802e-05
1.8004582e-05
1.7031362e-05
1.6058142e-05
1.5084921e-05
1.4111701e-05
1.3138481e-05
1.2165261e-05
1.1192041e-05
1.021882e-05
9.2456003e-06
8.2723802e-06
7.2991603e-06
6.3259405e-06
5.352721e-06
4.3795017e-06
3.4062827e-06
2.4330646e-06
1.4598507e-06
4.866113e-07
0.00023003384
0.00023052626
0.0002279778
0.00022337046
0.00021818245
0.00021305777
0.00020828613
0.00020398768
0.0002001779
0.00019682062
0.00019386042
0.00019123852
0.00018890008
0.00018679703
0.0001848886
0.00018314083
0.00018152572
0.00018002027
0.00017860561
0.00017726627
0.0001759895
0.0001747648
0.00017358348
0.00017243835
0.00017132343
0.0001702337
0.00016916502
0.00016811389
0.00016707739
0.00016605307
0.00016503886
0.00016403304
0.00016303416
0.000162041
0.00016105253
0.00016006789
0.00015908638
0.00015810739
0.00015713043
0.00015615508
0.00015518099
0.00015420788
0.00015323552
0.00015226373
0.00015129233
0.00015032122
0.00014935028
0.00014837944
0.00014740864
0.00014643782
0.00014546696
0.00014449602
0.00014352498
0.00014255383
0.00014158256
0.00014061117
0.00013963966
0.00013866802
0.00013769627
0.0001367244
0.00013575241
0.00013478033
0.00013380814
0.00013283587
0.00013186351
0.00013089107
0.00012991856
0.00012894598
0.00012797334
0.00012700064
0.00012602789
0.0001250551
0.00012408226
0.00012310939
0.00012213648
0.00012116354
0.00012019058
0.00011921759
0.00011824457
0.00011727154
0.00011629848
0.00011532541
0.00011435233
0.00011337923
0.00011240612
0.000111433
0.00011045987
0.00010948673
0.00010851358
0.00010754043
0.00010656726
0.0001055941
0.00010462092
0.00010364775
0.00010267456
0.00010170138
0.00010072819
9.9754992e-05
9.8781796e-05
9.7808596e-05
9.6835394e-05
9.586219e-05
9.4888983e-05
9.3915775e-05
9.2942564e-05
9.1969352e-05
9.0996139e-05
9.0022924e-05
8.9049708e-05
8.8076491e-05
8.7103273e-05
8.6130055e-05
8.5156835e-05
8.4183615e-05
8.3210394e-05
8.2237173e-05
8.1263951e-05
8.0290729e-05
7.9317507e-05
7.8344285e-05
7.7371062e-05
7.6397839e-05
7.5424616e-05
7.4451393e-05
7.347817e-05
7.2504948e-05
7.1531725e-05
7.0558502e-05
6.9585279e-05
6.8612056e-05
6.7638834e-05
6.6665612e-05
6.5692389e-05
6.4719167e-05
6.3745945e-05
6.2772723e-05
6.1799502e-05
6.082628e-05
5.9853059e-05
5.8879837e-05
5.7906616e-05
5.6933395e-05
5.5960174e-05
5.4986953e-05
5.4013732e-05
5.3040511e-05
5.2067291e-05
5.109407e-05
5.0120849e-05
4.9147629e-05
4.8174408e-05
4.7201188e-05
4.6227967e-05
4.5254747e-05
4.4281527e-05
4.3308306e-05
4.2335086e-05
4.1361866e-05
4.0388646e-05
3.9415425e-05
3.8442205e-05
3.7468985e-05
3.6495765e-05
3.5522545e-05
3.4549324e-05
3.3576104e-05
3.2602884e-05
3.1629664e-05
3.0656444e-05
2.9683224e-05
2.8710004e-05
2.7736784e-05
2.6763564e-05
2.5790343e-05
2.4817123e-05
2.3843903e-05
2.2870683e-05
2.1897463e-05
2.0924243e-05
1.9951022e-05
1.8977802e-05
1.8004582e-05
1.7031362e-05
1.6058142e-05
1.5084922e-05
1.4111701e-05
1.3138481e-05
1.2165261e-05
1.1192041e-05
1.0218821e-05
9.2456008e-06
8.2723809e-06
7.299161e-06
6.3259413e-06
5.3527218e-06
4.3795026e-06
3.4062836e-06
2.4330654e-06
1.4598518e-06
4.8661153e-07
0.00022207657
0.00022322975
0.00022200057
0.0002189186
0.00021508485
0.00021103034
0.00020705106
0.00020331295
0.00019988509
0.00019677948
0.00019397902
0.00019145351
0.00018916858
0.0001870905
0.0001851884
0.00018343509
0.00018180714
0.00018028465
0.0001788508
0.00017749146
0.0001761948
0.00017495086
0.00017375131
0.00017258912
0.00017145842
0.00017035421
0.00016927233
0.00016820922
0.00016716189
0.00016612783
0.00016510489
0.00016409125
0.00016308539
0.00016208601
0.00016109202
0.00016010248
0.00015911664
0.00015813382
0.00015715347
0.00015617513
0.00015519842
0.00015422301
0.00015324864
0.00015227507
0.00015130213
0.00015032967
0.00014935756
0.00014838569
0.000147414
0.00014644241
0.00014547088
0.00014449935
0.00014352782
0.00014255624
0.0001415846
0.00014061289
0.0001396411
0.00013866923
0.00013769728
0.00013672524
0.00013575311
0.0001347809
0.00013380861
0.00013283625
0.00013186381
0.00013089131
0.00012991875
0.00012894613
0.00012797345
0.00012700072
0.00012602795
0.00012505514
0.00012408229
0.0001231094
0.00012213648
0.00012116354
0.00012019056
0.00011921757
0.00011824455
0.00011727151
0.00011629846
0.00011532539
0.0001143523
0.0001133792
0.00011240609
0.00011143297
0.00011045984
0.0001094867
0.00010851356
0.0001075404
0.00010656724
0.00010559408
0.0001046209
0.00010364773
0.00010267455
0.00010170136
0.00010072817
9.9754979e-05
9.8781783e-05
9.7808584e-05
9.6835383e-05
9.586218e-05
9.4888974e-05
9.3915766e-05
9.2942556e-05
9.1969345e-05
9.0996132e-05
9.0022918e-05
8.9049703e-05
8.8076487e-05
8.7103269e-05
8.6130051e-05
8.5156832e-05
8.4183612e-05
8.3210392e-05
8.2237171e-05
8.1263949e-05
8.0290728e-05
7.9317506e-05
7.8344283e-05
7.7371061e-05
7.6397838e-05
7.5424615e-05
7.4451393e-05
7.347817e-05
7.2504947e-05
7.1531724e-05
7.0558502e-05
6.9585279e-05
6.8612056e-05
6.7638834e-05
6.6665612e-05
6.5692389e-05
6.4719167e-05
6.3745945e-05
6.2772723e-05
6.1799502e-05
6.082628e-05
5.9853059e-05
5.8879837e-05
5.7906616e-05
5.6933395e-05
5.5960174e-05
5.4986953e-05
5.4013732e-05
5.3040511e-05
5.2067291e-05
5.109407e-05
5.0120849e-05
4.9147629e-05
4.8174408e-05
4.7201188e-05
4.6227968e-05
4.5254747e-05
4.4281527e-05
4.3308306e-05
4.2335086e-05
4.1361866e-05
4.0388646e-05
3.9415425e-05
3.8442205e-05
3.7468985e-05
3.6495765e-05
3.5522545e-05
3.4549325e-05
3.3576104e-05
3.2602884e-05
3.1629664e-05
3.0656444e-05
2.9683224e-05
2.8710004e-05
2.7736784e-05
2.6763564e-05
2.5790343e-05
2.4817123e-05
2.3843903e-05
2.2870683e-05
2.1897463e-05
2.0924243e-05
1.9951023e-05
1.8977802e-05
1.8004582e-05
1.7031362e-05
1.6058142e-05
1.5084922e-05
1.4111702e-05
1.3138481e-05
1.2165261e-05
1.1192041e-05
1.0218821e-05
9.2456012e-06
8.2723812e-06
7.2991614e-06
6.3259417e-06
5.3527221e-06
4.3795029e-06
3.4062839e-06
2.4330656e-06
1.4598519e-06
4.8661167e-07
0.00021624529
0.00021757649
0.0002170866
0.00021503165
0.00021220122
0.00020900541
0.00020570925
0.00020248714
0.00019943407
0.00019659199
0.0001939711
0.00019156362
0.00018935264
0.00018731744
0.00018543671
0.00018369012
0.00018205916
0.00018052736
0.00017908036
0.00017770572
0.00017639275
0.0001751323
0.00017391655
0.00017273883
0.00017159345
0.00017047556
0.00016938102
0.00016830629
0.00016724837
0.00016620469
0.00016517305
0.00016415158
0.00016313868
0.000162133
0.00016113339
0.00016013884
0.00015914854
0.00015816176
0.00015717791
0.00015619648
0.00015521703
0.00015423922
0.00015326272
0.00015228729
0.00015131272
0.00015033883
0.00014936546
0.00014839251
0.00014741986
0.00014644745
0.00014547519
0.00014450305
0.00014353097
0.00014255892
0.00014158688
0.00014061482
0.00013964274
0.00013867061
0.00013769843
0.0001367262
0.00013575392
0.00013478157
0.00013380917
0.0001328367
0.00013186419
0.00013089161
0.00012991899
0.00012894632
0.0001279736
0.00012700084
0.00012602804
0.0001250552
0.00012408233
0.00012310943
0.0001221365
0.00012116354
0.00012019056
0.00011921756
0.00011824453
0.00011727149
0.00011629844
0.00011532536
0.00011435228
0.00011337918
0.00011240607
0.00011143295
0.00011045982
0.00010948668
0.00010851353
0.00010754038
0.00010656722
0.00010559406
0.00010462088
0.00010364771
0.00010267453
0.00010170134
0.00010072816
9.9754965e-05
9.878177e-05
9.7808573e-05
9.6835372e-05
9.586217e-05
9.4888965e-05
9.3915758e-05
9.2942549e-05
9.1969338e-05
9.0996126e-05
9.0022913e-05
8.9049698e-05
8.8076482e-05
8.7103265e-05
8.6130047e-05
8.5156828e-05
8.4183609e-05
8.3210389e-05
8.2237168e-05
8.1263947e-05
8.0290726e-05
7.9317504e-05
7.8344282e-05
7.7371059e-05
7.6397837e-05
7.5424614e-05
7.4451392e-05
7.3478169e-05
7.2504946e-05
7.1531724e-05
7.0558501e-05
6.9585279e-05
6.8612056e-05
6.7638834e-05
6.6665611e-05
6.5692389e-05
6.4719167e-05
6.3745945e-05
6.2772724e-05
6.1799502e-05
6.082628e-05
5.9853059e-05
5.8879837e-05
5.7906616e-05
5.6933395e-05
5.5960174e-05
5.4986953e-05
5.4013732e-05
5.3040512e-05
5.2067291e-05
5.109407e-05
5.012085e-05
4.9147629e-05
4.8174409e-05
4.7201188e-05
4.6227968e-05
4.5254747e-05
4.4281527e-05
4.3308307e-05
4.2335086e-05
4.1361866e-05
4.0388646e-05
3.9415425e-05
3.8442205e-05
3.7468985e-05
3.6495765e-05
3.5522545e-05
3.4549325e-05
3.3576104e-05
3.2602884e-05
3.1629664e-05
3.0656444e-05
2.9683224e-05
2.8710004e-05
2.7736784e-05
2.6763564e-05
2.5790343e-05
2.4817123e-05
2.3843903e-05
2.2870683e-05
2.1897463e-05
2.0924243e-05
1.9951023e-05
1.8977802e-05
1.8004582e-05
1.7031362e-05
1.6058142e-05
1.5084922e-05
1.4111702e-05
1.3138482e-05
1.2165261e-05
1.1192041e-05
1.0218821e-05
9.2456013e-06
8.2723814e-06
7.2991615e-06
6.3259417e-06
5.3527221e-06
4.3795027e-06
3.4062835e-06
2.433065e-06
1.4598508e-06
4.8661171e-07
0.00021183417
0.00021313784
0.00021305578
0.00021168821
0.00020959274
0.0002070734
0.00020435073
0.00020158738
0.00019888596
0.00019630439
0.00019387072
0.00019159368
0.00018947027
0.000187491
0.00018564324
0.00018391323
0.00018228737
0.00018075281
0.00017929784
0.00017791191
0.00017658573
0.0001753111
0.00017408089
0.00017288891
0.00017172976
0.0001705988
0.000169492
0.0001684059
0.00016733749
0.00016628421
0.00016524383
0.00016421444
0.00016319439
0.00016218228
0.00016117689
0.00016017717
0.00015918226
0.00015819137
0.00015720388
0.00015621921
0.0001552369
0.00015425655
0.00015327782
0.00015230043
0.00015132413
0.00015034872
0.00014937402
0.00014839991
0.00014742624
0.00014645294
0.00014547992
0.0001445071
0.00014353444
0.00014256188
0.0001415894
0.00014061697
0.00013964456
0.00013867215
0.00013769973
0.0001367273
0.00013575483
0.00013478234
0.0001338098
0.00013283723
0.00013186462
0.00013089197
0.00012991928
0.00012894655
0.00012797378
0.00012700098
0.00012602815
0.00012505529
0.00012408239
0.00012310947
0.00012213653
0.00012116356
0.00012019057
0.00011921756
0.00011824453
0.00011727148
0.00011629842
0.00011532535
0.00011435226
0.00011337916
0.00011240605
0.00011143293
0.0001104598
0.00010948666
0.00010851351
0.00010754036
0.0001065672
0.00010559404
0.00010462087
0.00010364769
0.00010267451
0.00010170133
0.00010072814
9.9754952e-05
9.8781758e-05
9.7808561e-05
9.6835362e-05
9.586216e-05
9.4888956e-05
9.3915749e-05
9.2942541e-05
9.1969331e-05
9.099612e-05
9.0022907e-05
8.9049692e-05
8.8076477e-05
8.710326e-05
8.6130043e-05
8.5156825e-05
8.4183605e-05
8.3210386e-05
8.2237165e-05
8.1263945e-05
8.0290723e-05
7.9317502e-05
7.834428e-05
7.7371058e-05
7.6397836e-05
7.5424613e-05
7.4451391e-05
7.3478168e-05
7.2504946e-05
7.1531723e-05
7.0558501e-05
6.9585278e-05
6.8612056e-05
6.7638833e-05
6.6665611e-05
6.5692389e-05
6.4719167e-05
6.3745945e-05
6.2772723e-05
6.1799502e-05
6.082628e-05
5.9853059e-05
5.8879838e-05
5.7906616e-05
5.6933395e-05
5.5960174e-05
5.4986953e-05
5.4013732e-05
5.3040512e-05
5.2067291e-05
5.109407e-05
5.012085e-05
4.9147629e-05
4.8174409e-05
4.7201188e-05
4.6227968e-05
4.5254747e-05
4.4281527e-05
4.3308307e-05
4.2335086e-05
4.1361866e-05
4.0388646e-05
3.9415426e-05
3.8442205e-05
3.7468985e-05
3.6495765e-05
3.5522545e-05
3.4549325e-05
3.3576104e-05
3.2602884e-05
3.1629664e-05
3.0656444e-05
2.9683224e-05
2.8710004e-05
2.7736784e-05
2.6763564e-05
2.5790343e-05
2.4817123e-05
2.3843903e-05
2.2870683e-05
2.1897463e-05
2.0924243e-05
1.9951023e-05
1.8977802e-05
1.8004582e-05
1.7031362e-05
1.6058142e-05
1.5084922e-05
1.4111702e-05
1.3138482e-05
1.2165261e-05
1.1192041e-05
1.0218821e-05
9.2456013e-06
8.2723812e-06
7.2991612e-06
6.3259413e-06
5.3527216e-06
4.379502e-06
3.4062825e-06
2.4330636e-06
1.4598486e-06
4.8661165e-07
0.0002084093
0.00020960685
0.00020974344
0.00020883524
0.00020727533
0.00020528296
0.00020303336
0.00020066827
0.00019828686
0.00019595323
0.00019370572
0.00019156432
0.00018953659
0.00018762219
0.00018581599
0.00018411026
0.00018249609
0.00018096423
0.00017950568
0.00017811195
0.00017677523
0.00017548847
0.00017424532
0.00017304015
0.000171868
0.00017072447
0.00016960572
0.0001685084
0.00016742957
0.00016636666
0.00016531745
0.00016428001
0.00016325266
0.00016223394
0.0001612226
0.00016021755
0.00015921785
0.00015822269
0.00015723139
0.00015624333
0.00015525802
0.00015427501
0.00015329394
0.00015231447
0.00015133634
0.00015035932
0.00014938322
0.00014840787
0.00014743312
0.00014645888
0.00014548503
0.00014451149
0.0001435382
0.00014256511
0.00014159216
0.00014061932
0.00013964656
0.00013867385
0.00013770117
0.00013672851
0.00013575585
0.00013478319
0.00013381051
0.00013283782
0.00013186511
0.00013089237
0.00012991961
0.00012894682
0.000127974
0.00012700116
0.00012602829
0.00012505539
0.00012408247
0.00012310953
0.00012213657
0.00012116359
0.00012019058
0.00011921756
0.00011824453
0.00011727148
0.00011629841
0.00011532533
0.00011435224
0.00011337914
0.00011240603
0.00011143291
0.00011045978
0.00010948664
0.00010851349
0.00010754034
0.00010656718
0.00010559402
0.00010462085
0.00010364768
0.0001026745
0.00010170132
0.00010072813
9.9754939e-05
9.8781746e-05
9.780855e-05
9.6835352e-05
9.586215e-05
9.4888947e-05
9.3915741e-05
9.2942534e-05
9.1969324e-05
9.0996113e-05
9.0022901e-05
8.9049687e-05
8.8076472e-05
8.7103256e-05
8.6130039e-05
8.5156821e-05
8.4183602e-05
8.3210383e-05
8.2237163e-05
8.1263942e-05
8.0290721e-05
7.93175e-05
7.8344278e-05
7.7371056e-05
7.6397834e-05
7.5424612e-05
7.445139e-05
7.3478167e-05
7.2504945e-05
7.1531722e-05
7.05585e-05
6.9585278e-05
6.8612055e-05
6.7638833e-05
6.6665611e-05
6.5692389e-05
6.4719167e-05
6.3745945e-05
6.2772723e-05
6.1799502e-05
6.082628e-05
5.9853059e-05
5.8879838e-05
5.7906616e-05
5.6933395e-05
5.5960174e-05
5.4986953e-05
5.4013732e-05
5.3040512e-05
5.2067291e-05
5.109407e-05
5.012085e-05
4.9147629e-05
4.8174409e-05
4.7201188e-05
4.6227968e-05
4.5254747e-05
4.4281527e-05
4.3308307e-05
4.2335086e-05
4.1361866e-05
4.0388646e-05
3.9415426e-05
3.8442205e-05
3.7468985e-05
3.6495765e-05
3.5522545e-05
3.4549325e-05
3.3576104e-05
3.2602884e-05
3.1629664e-05
3.0656444e-05
2.9683224e-05
2.8710004e-05
2.7736784e-05
2.6763564e-05
2.5790343e-05
2.4817123e-05
2.3843903e-05
2.2870683e-05
2.1897463e-05
2.0924243e-05
1.9951023e-05
1.8977802e-05
1.8004582e-05
1.7031362e-05
1.6058142e-05
1.5084922e-05
1.4111702e-05
1.3138482e-05
1.2165261e-05
1.1192041e-05
1.0218821e-05
9.245601e-06
8.2723808e-06
7.2991607e-06
6.3259406e-06
5.3527206e-06
4.3795007e-06
3.4062809e-06
2.4330615e-06
1.4598453e-06
4.8661151e-07
0.0002056937
0.0002067639
0.00020701185
0.00020641117
0.0002052411
0.0002036566
0.00020179259
0.0001997674
0.00019767086
0.00019556683
0.00019349836
0.0001914924
0.00018956399
0.0001877199
0.00018596126
0.00018428562
0.00018268836
0.00018116368
0.00017970527
0.00017830672
0.00017696184
0.00017566475
0.00017441001
0.00017319265
0.00017200818
0.00017085254
0.00016972212
0.00016861372
0.00016752448
0.00016645191
0.00016539378
0.00016434816
0.00016331336
0.00016228787
0.00016127041
0.00016025985
0.0001592552
0.00015825561
0.00015726035
0.00015626877
0.00015528032
0.00015429453
0.00015331099
0.00015232935
0.0001513493
0.00015037059
0.000149393
0.00014841635
0.00014744046
0.00014646521
0.00014549049
0.00014451619
0.00014354224
0.00014256857
0.00014159512
0.00014062185
0.00013964871
0.00013867568
0.00013770272
0.00013672982
0.00013575696
0.00013478412
0.00013381129
0.00013283847
0.00013186565
0.00013089282
0.00012991997
0.00012894712
0.00012797424
0.00012700135
0.00012602844
0.00012505551
0.00012408257
0.0001231096
0.00012213662
0.00012116362
0.00012019061
0.00011921758
0.00011824453
0.00011727148
0.0001162984
0.00011532532
0.00011435223
0.00011337912
0.00011240601
0.00011143289
0.00011045976
0.00010948662
0.00010851348
0.00010754032
0.00010656717
0.000105594
0.00010462083
0.00010364766
0.00010267448
0.0001017013
0.00010072812
9.9754927e-05
9.8781735e-05
9.7808539e-05
9.6835341e-05
9.5862141e-05
9.4888938e-05
9.3915733e-05
9.2942526e-05
9.1969317e-05
9.0996107e-05
9.0022895e-05
8.9049681e-05
8.8076467e-05
8.7103251e-05
8.6130034e-05
8.5156817e-05
8.4183598e-05
8.3210379e-05
8.223716e-05
8.1263939e-05
8.0290719e-05
7.9317498e-05
7.8344276e-05
7.7371054e-05
7.6397833e-05
7.5424611e-05
7.4451388e-05
7.3478166e-05
7.2504944e-05
7.1531721e-05
7.0558499e-05
6.9585277e-05
6.8612055e-05
6.7638833e-05
6.666561e-05
6.5692388e-05
6.4719167e-05
6.3745945e-05
6.2772723e-05
6.1799502e-05
6.082628e-05
5.9853059e-05
5.8879837e-05
5.7906616e-05
5.6933395e-05
5.5960174e-05
5.4986953e-05
5.4013733e-05
5.3040512e-05
5.2067291e-05
5.109407e-05
5.012085e-05
4.9147629e-05
4.8174409e-05
4.7201188e-05
4.6227968e-05
4.5254748e-05
4.4281527e-05
4.3308307e-05
4.2335087e-05
4.1361866e-05
4.0388646e-05
3.9415426e-05
3.8442205e-05
3.7468985e-05
3.6495765e-05
3.5522545e-05
3.4549325e-05
3.3576105e-05
3.2602884e-05
3.1629664e-05
3.0656444e-05
2.9683224e-05
2.8710004e-05
2.7736784e-05
2.6763564e-05
2.5790343e-05
2.4817123e-05
2.3843903e-05
2.2870683e-05
2.1897463e-05
2.0924243e-05
1.9951023e-05
1.8977802e-05
1.8004582e-05
1.7031362e-05
1.6058142e-05
1.5084922e-05
1.4111702e-05
1.3138481e-05
1.2165261e-05
1.1192041e-05
1.0218821e-05
9.2456004e-06
8.2723802e-06
7.2991599e-06
6.3259395e-06
5.3527192e-06
4.379499e-06
3.4062787e-06
2.4330587e-06
1.4598412e-06
4.8661128e-07
0.00020350544
0.00020445158
0.00020475056
0.00020435651
0.00020347062
0.0002022008
0.00020064856
0.00019890984
0.00019706267
0.00019516686
0.00019326629
0.00019139151
0.00018956251
0.00018779126
0.0001860839
0.00018444243
0.00018286605
0.00018135215
0.00017989698
0.0001784962
0.00017714524
0.00017583946
0.00017457439
0.00017334578
0.00017214965
0.00017098237
0.00016984057
0.00016872126
0.00016762169
0.00016653945
0.00016547235
0.00016441847
0.00016337609
0.0001623437
0.00016131999
0.00016030377
0.00015929404
0.00015828988
0.00015729054
0.00015629531
0.00015530362
0.00015431494
0.00015332884
0.00015234494
0.00015136289
0.00015038242
0.00014940328
0.00014842526
0.00014744818
0.00014647189
0.00014549625
0.00014452116
0.00014354651
0.00014257224
0.00014159826
0.00014062453
0.000139651
0.00013867762
0.00013770437
0.00013673122
0.00013575814
0.00013478511
0.00013381213
0.00013283917
0.00013186623
0.0001308933
0.00012992037
0.00012894744
0.00012797451
0.00012700157
0.00012602861
0.00012505565
0.00012408267
0.00012310968
0.00012213668
0.00012116367
0.00012019064
0.0001192176
0.00011824454
0.00011727148
0.0001162984
0.00011532532
0.00011435222
0.00011337911
0.000112406
0.00011143287
0.00011045974
0.0001094866
0.00010851346
0.00010754031
0.00010656715
0.00010559399
0.00010462082
0.00010364765
0.00010267447
0.00010170129
0.0001007281
9.9754915e-05
9.8781723e-05
9.7808528e-05
9.6835331e-05
9.5862131e-05
9.4888929e-05
9.3915724e-05
9.2942518e-05
9.196931e-05
9.09961e-05
9.0022888e-05
8.9049675e-05
8.8076461e-05
8.7103246e-05
8.613003e-05
8.5156812e-05
8.4183594e-05
8.3210376e-05
8.2237156e-05
8.1263936e-05
8.0290716e-05
7.9317495e-05
7.8344274e-05
7.7371052e-05
7.6397831e-05
7.5424609e-05
7.4451387e-05
7.3478165e-05
7.2504943e-05
7.153172e-05
7.0558498e-05
6.9585276e-05
6.8612054e-05
6.7638832e-05
6.666561e-05
6.5692388e-05
6.4719166e-05
6.3745944e-05
6.2772723e-05
6.1799501e-05
6.082628e-05
5.9853059e-05
5.8879837e-05
5.7906616e-05
5.6933395e-05
5.5960174e-05
5.4986953e-05
5.4013733e-05
5.3040512e-05
5.2067291e-05
5.1094071e-05
5.012085e-05
4.9147629e-05
4.8174409e-05
4.7201189e-05
4.6227968e-05
4.5254748e-05
4.4281527e-05
4.3308307e-05
4.2335087e-05
4.1361866e-05
4.0388646e-05
3.9415426e-05
3.8442206e-05
3.7468985e-05
3.6495765e-05
3.5522545e-05
3.4549325e-05
3.3576105e-05
3.2602884e-05
3.1629664e-05
3.0656444e-05
2.9683224e-05
2.8710004e-05
2.7736784e-05
2.6763564e-05
2.5790343e-05
2.4817123e-05
2.3843903e-05
2.2870683e-05
2.1897463e-05
2.0924243e-05
1.9951022e-05
1.8977802e-05
1.8004582e-05
1.7031362e-05
1.6058142e-05
1.5084922e-05
1.4111701e-05
1.3138481e-05
1.2165261e-05
1.119204e-05
1.021882e-05
9.2455997e-06
8.2723793e-06
7.2991588e-06
6.3259382e-06
5.3527175e-06
4.3794969e-06
3.4062761e-06
2.4330555e-06
1.4598362e-06
4.8661097e-07
0.00020172137
0.00020255607
0.00020287266
0.00020261806
0.00020194004
0.00020091273
0.00019961119
0.00019811161
0.00019647984
0.00019476967
0.00019302333
0.00019127258
0.00018954025
0.00018784194
0.00018618757
0.0001845828
0.00018303012
0.00018152974
0.00018008034
0.00017867954
0.00017732434
0.00017601138
0.00017473718
0.00017349825
0.00017229118
0.00017111276
0.00016995995
0.00016882997
0.00016772022
0.00016662839
0.00016555234
0.00016449017
0.00016344017
0.00016240083
0.00016137078
0.00016034883
0.00015933392
0.00015832512
0.0001573216
0.00015632264
0.00015532763
0.000154336
0.00015334727
0.00015236104
0.00015137694
0.00015039466
0.00014941392
0.0001484345
0.00014745619
0.00014647882
0.00014550223
0.00014452631
0.00014355095
0.00014257605
0.00014160153
0.00014062733
0.00013965339
0.00013867966
0.0001377061
0.00013673268
0.00013575937
0.00013478615
0.000133813
0.0001328399
0.00013186684
0.00013089381
0.00012992079
0.00012894779
0.00012797479
0.0001270018
0.0001260288
0.0001250558
0.00012408279
0.00012310977
0.00012213675
0.00012116372
0.00012019067
0.00011921762
0.00011824456
0.00011727149
0.0001162984
0.00011532531
0.00011435221
0.0001133791
0.00011240598
0.00011143286
0.00011045973
0.00010948659
0.00010851344
0.00010754029
0.00010656713
0.00010559397
0.0001046208
0.00010364763
0.00010267446
0.00010170127
0.00010072809
9.9754903e-05
9.8781712e-05
9.7808518e-05
9.6835321e-05
9.5862122e-05
9.488892e-05
9.3915716e-05
9.294251e-05
9.1969302e-05
9.0996093e-05
9.0022882e-05
8.904967e-05
8.8076456e-05
8.7103241e-05
8.6130025e-05
8.5156808e-05
8.418359e-05
8.3210372e-05
8.2237153e-05
8.1263933e-05
8.0290713e-05
7.9317492e-05
7.8344271e-05
7.737105e-05
7.6397829e-05
7.5424607e-05
7.4451385e-05
7.3478163e-05
7.2504941e-05
7.1531719e-05
7.0558497e-05
6.9585275e-05
6.8612053e-05
6.7638831e-05
6.6665609e-05
6.5692387e-05
6.4719166e-05
6.3745944e-05
6.2772722e-05
6.1799501e-05
6.082628e-05
5.9853058e-05
5.8879837e-05
5.7906616e-05
5.6933395e-05
5.5960174e-05
5.4986953e-05
5.4013733e-05
5.3040512e-05
5.2067291e-05
5.1094071e-05
5.012085e-05
4.914763e-05
4.8174409e-05
4.7201189e-05
4.6227968e-05
4.5254748e-05
4.4281527e-05
4.3308307e-05
4.2335087e-05
4.1361866e-05
4.0388646e-05
3.9415426e-05
3.8442206e-05
3.7468985e-05
3.6495765e-05
3.5522545e-05
3.4549325e-05
3.3576105e-05
3.2602885e-05
3.1629664e-05
3.0656444e-05
2.9683224e-05
2.8710004e-05
2.7736784e-05
2.6763564e-05
2.5790343e-05
2.4817123e-05
2.3843903e-05
2.2870683e-05
2.1897463e-05
2.0924243e-05
1.9951022e-05
1.8977802e-05
1.8004582e-05
1.7031362e-05
1.6058142e-05
1.5084921e-05
1.4111701e-05
1.3138481e-05
1.216526e-05
1.119204e-05
1.0218819e-05
9.2455989e-06
8.2723782e-06
7.2991574e-06
6.3259365e-06
5.3527155e-06
4.3794944e-06
3.4062731e-06
2.4330517e-06
1.4598306e-06
4.8661059e-07
0.00020025568
0.00020099413
0.00020131033
0.00020115027
0.00020062496
0.00019978459
0.00019868385
0.00019738233
0.00019593451
0.00019438745
0.00019278031
0.00019114439
0.00018950381
0.00018787648
0.00018627508
0.00018470813
0.00018318085
0.00018169596
0.00018025427
0.00017885525
0.00017749743
0.0001761787
0.00017489653
0.00017364822
0.00017243098
0.00017124202
0.00017007867
0.00016893837
0.00016781871
0.00016671747
0.0001656326
0.00016456223
0.00016350468
0.0001624584
0.00016142203
0.00016039434
0.00015937424
0.00015836077
0.00015735305
0.00015635034
0.00015535197
0.00015435736
0.00015336599
0.0001523774
0.00015139122
0.00015040711
0.00014942475
0.0001484439
0.00014746434
0.00014648587
0.00014550833
0.00014453157
0.00014355548
0.00014257994
0.00014160487
0.00014063018
0.00013965582
0.00013868174
0.00013770787
0.00013673418
0.00013576064
0.00013478723
0.0001338139
0.00013284066
0.00013186747
0.00013089433
0.00012992123
0.00012894815
0.00012797508
0.00012700203
0.00012602899
0.00012505595
0.00012408291
0.00012310987
0.00012213682
0.00012116377
0.00012019071
0.00011921765
0.00011824458
0.0001172715
0.00011629841
0.00011532531
0.00011435221
0.00011337909
0.00011240597
0.00011143285
0.00011045971
0.00010948657
0.00010851343
0.00010754028
0.00010656712
0.00010559396
0.00010462079
0.00010364762
0.00010267444
0.00010170126
0.00010072808
9.9754891e-05
9.8781701e-05
9.7808507e-05
9.6835311e-05
9.5862112e-05
9.4888911e-05
9.3915708e-05
9.2942502e-05
9.1969295e-05
9.0996086e-05
9.0022876e-05
8.9049663e-05
8.807645e-05
8.7103236e-05
8.613002e-05
8.5156803e-05
8.4183586e-05
8.3210368e-05
8.2237149e-05
8.126393e-05
8.029071e-05
7.9317489e-05
7.8344269e-05
7.7371048e-05
7.6397826e-05
7.5424605e-05
7.4451383e-05
7.3478161e-05
7.250494e-05
7.1531718e-05
7.0558496e-05
6.9585274e-05
6.8612052e-05
6.763883e-05
6.6665608e-05
6.5692387e-05
6.4719165e-05
6.3745944e-05
6.2772722e-05
6.1799501e-05
6.0826279e-05
5.9853058e-05
5.8879837e-05
5.7906616e-05
5.6933395e-05
5.5960174e-05
5.4986953e-05
5.4013733e-05
5.3040512e-05
5.2067291e-05
5.1094071e-05
5.012085e-05
4.914763e-05
4.8174409e-05
4.7201189e-05
4.6227968e-05
4.5254748e-05
4.4281528e-05
4.3308307e-05
4.2335087e-05
4.1361867e-05
4.0388646e-05
3.9415426e-05
3.8442206e-05
3.7468986e-05
3.6495765e-05
3.5522545e-05
3.4549325e-05
3.3576105e-05
3.2602885e-05
3.1629664e-05
3.0656444e-05
2.9683224e-05
2.8710004e-05
2.7736784e-05
2.6763564e-05
2.5790344e-05
2.4817123e-05
2.3843903e-05
2.2870683e-05
2.1897463e-05
2.0924243e-05
1.9951022e-05
1.8977802e-05
1.8004582e-05
1.7031362e-05
1.6058141e-05
1.5084921e-05
1.4111701e-05
1.313848e-05
1.216526e-05
1.1192039e-05
1.0218819e-05
9.2455979e-06
8.272377e-06
7.299156e-06
6.3259348e-06
5.3527133e-06
4.3794917e-06
3.4062699e-06
2.4330478e-06
1.4598246e-06
4.8661014e-07
0.00019904698
0.00019970409
0.00020001081
0.00019991512
0.00019950247
0.00019880628
0.00019786582
0.0001967272
0.00019543485
0.00019402918
0.0001925456
0.00019101397
0.00018945858
0.00018789859
0.0001863486
0.0001848193
0.00018331811
0.00018184985
0.00018041726
0.00017902146
0.00017766241
0.00017633915
0.00017505014
0.00017379344
0.00017256686
0.00017136808
0.00017019478
0.00016904464
0.00016791547
0.00016680516
0.00016571174
0.00016463339
0.00016356845
0.00016251538
0.00016147281
0.00016043947
0.00015941426
0.00015839617
0.00015738431
0.00015637789
0.0001553762
0.00015437863
0.00015338462
0.00015239371
0.00015140546
0.00015041951
0.00014943555
0.00014845329
0.00014747248
0.00014649292
0.00014551442
0.00014453683
0.00014356
0.00014258383
0.0001416082
0.00014063304
0.00013965827
0.00013868382
0.00013770964
0.00013673569
0.00013576192
0.0001347883
0.00013381481
0.00013284142
0.00013186811
0.00013089486
0.00012992166
0.00012894851
0.00012797538
0.00012700228
0.00012602919
0.00012505611
0.00012408304
0.00012310997
0.0001221369
0.00012116383
0.00012019076
0.00011921768
0.0001182446
0.00011727151
0.00011629841
0.00011532531
0.0001143522
0.00011337909
0.00011240596
0.00011143284
0.0001104597
0.00010948656
0.00010851342
0.00010754026
0.00010656711
0.00010559394
0.00010462078
0.00010364761
0.00010267443
0.00010170125
0.00010072807
9.975488e-05
9.878169e-05
9.7808498e-05
9.6835302e-05
9.5862104e-05
9.4888903e-05
9.39157e-05
9.2942495e-05
9.1969288e-05
9.0996079e-05
9.0022869e-05
8.9049657e-05
8.8076444e-05
8.710323e-05
8.6130015e-05
8.5156799e-05
8.4183582e-05
8.3210364e-05
8.2237145e-05
8.1263926e-05
8.0290706e-05
7.9317486e-05
7.8344266e-05
7.7371045e-05
7.6397824e-05
7.5424602e-05
7.4451381e-05
7.3478159e-05
7.2504938e-05
7.1531716e-05
7.0558494e-05
6.9585273e-05
6.8612051e-05
6.7638829e-05
6.6665607e-05
6.5692386e-05
6.4719164e-05
6.3745943e-05
6.2772722e-05
6.17995e-05
6.0826279e-05
5.9853058e-05
5.8879837e-05
5.7906616e-05
5.6933395e-05
5.5960174e-05
5.4986953e-05
5.4013733e-05
5.3040512e-05
5.2067291e-05
5.1094071e-05
5.012085e-05
4.914763e-05
4.8174409e-05
4.7201189e-05
4.6227969e-05
4.5254748e-05
4.4281528e-05
4.3308307e-05
4.2335087e-05
4.1361867e-05
4.0388647e-05
3.9415426e-05
3.8442206e-05
3.7468986e-05
3.6495766e-05
3.5522545e-05
3.4549325e-05
3.3576105e-05
3.2602885e-05
3.1629665e-05
3.0656444e-05
2.9683224e-05
2.8710004e-05
2.7736784e-05
2.6763564e-05
2.5790344e-05
2.4817123e-05
2.3843903e-05
2.2870683e-05
2.1897463e-05
2.0924243e-05
1.9951022e-05
1.8977802e-05
1.8004582e-05
1.7031362e-05
1.6058141e-05
1.5084921e-05
1.41117e-05
1.313848e-05
1.2165259e-05
1.1192039e-05
1.0218818e-05
9.2455969e-06
8.2723757e-06
7.2991544e-06
6.3259329e-06
5.352711e-06
4.3794889e-06
3.4062665e-06
2.4330436e-06
1.4598184e-06
4.8660966e-07
0.00019805042
0.00019863981
0.00019893305
0.00019888131
0.0001985521
0.0001979671
0.00019715408
0.00019614844
0.00019498609
0.00019370134
0.00019232568
0.00019088697
0.00018940897
0.00018791135
0.0001864099
0.0001849169
0.00018344151
0.00018199029
0.0001805676
0.00017917606
0.00017781689
0.00017649024
0.00017519547
0.00017393139
0.00017269637
0.00017148859
0.00017030605
0.00016914673
0.0001680086
0.00016688969
0.00016578815
0.00016470219
0.00016363018
0.00016257059
0.00016152204
0.00016048327
0.00015945313
0.00015843058
0.00015741471
0.00015640469
0.00015539978
0.00015439933
0.00015340277
0.00015240959
0.00015141933
0.00015043161
0.00014944608
0.00014846244
0.00014748042
0.0001464998
0.00014552037
0.00014454196
0.00014356442
0.00014258763
0.00014161147
0.00014063584
0.00013966066
0.00013868586
0.00013771137
0.00013673716
0.00013576316
0.00013478935
0.00013381569
0.00013284216
0.00013186873
0.00013089538
0.0001299221
0.00012894886
0.00012797567
0.00012700252
0.00012602938
0.00012505627
0.00012408316
0.00012311007
0.00012213698
0.00012116389
0.0001201908
0.00011921771
0.00011824462
0.00011727152
0.00011629842
0.00011532531
0.0001143522
0.00011337908
0.00011240596
0.00011143283
0.00011045969
0.00010948655
0.0001085134
0.00010754025
0.00010656709
0.00010559393
0.00010462077
0.00010364759
0.00010267442
0.00010170124
0.00010072806
9.975487e-05
9.8781681e-05
9.7808488e-05
9.6835293e-05
9.5862095e-05
9.4888895e-05
9.3915692e-05
9.2942488e-05
9.1969281e-05
9.0996073e-05
9.0022863e-05
8.9049651e-05
8.8076439e-05
8.7103225e-05
8.613001e-05
8.5156794e-05
8.4183577e-05
8.3210359e-05
8.2237141e-05
8.1263922e-05
8.0290703e-05
7.9317483e-05
7.8344263e-05
7.7371042e-05
7.6397821e-05
7.54246e-05
7.4451379e-05
7.3478157e-05
7.2504936e-05
7.1531714e-05
7.0558493e-05
6.9585271e-05
6.861205e-05
6.7638828e-05
6.6665606e-05
6.5692385e-05
6.4719164e-05
6.3745942e-05
6.2772721e-05
6.17995e-05
6.0826279e-05
5.9853058e-05
5.8879837e-05
5.7906616e-05
5.6933395e-05
5.5960174e-05
5.4986953e-05
5.4013733e-05
5.3040512e-05
5.2067291e-05
5.1094071e-05
5.012085e-05
4.914763e-05
4.8174409e-05
4.7201189e-05
4.6227969e-05
4.5254748e-05
4.4281528e-05
4.3308308e-05
4.2335087e-05
4.1361867e-05
4.0388647e-05
3.9415426e-05
3.8442206e-05
3.7468986e-05
3.6495766e-05
3.5522545e-05
3.4549325e-05
3.3576105e-05
3.2602885e-05
3.1629665e-05
3.0656445e-05
2.9683224e-05
2.8710004e-05
2.7736784e-05
2.6763564e-05
2.5790344e-05
2.4817123e-05
2.3843903e-05
2.2870683e-05
2.1897463e-05
2.0924243e-05
1.9951022e-05
1.8977802e-05
1.8004582e-05
1.7031361e-05
1.6058141e-05
1.5084921e-05
1.41117e-05
1.3138479e-05
1.2165259e-05
1.1192038e-05
1.0218817e-05
9.2455958e-06
8.2723745e-06
7.2991529e-06
6.325931e-06
5.3527087e-06
4.3794861e-06
3.4062631e-06
2.4330395e-06
1.4598122e-06
4.8660915e-07
0.0001972327
0.0001977664
0.00019804511
0.00019802343
0.00019775613
0.0001972567
0.00019654443
0.00019564637
0.00019459142
0.00019340852
0.00019212547
0.00019076789
0.00018935862
0.00018791731
0.00018646044
0.00018500137
0.0001835506
0.00018211608
0.00018070355
0.00017931688
0.00017795844
0.00017662938
0.00017532987
0.00017405941
0.00017281694
0.00017160107
0.00017041016
0.00016924242
0.00016809605
0.0001669692
0.0001658601
0.00016476705
0.00016368843
0.00016262274
0.00016156859
0.00016052471
0.00015948992
0.00015846317
0.00015744351
0.00015643009
0.00015542214
0.00015441898
0.00015342
0.00015242467
0.00015143251
0.00015044311
0.00014945609
0.00014847114
0.00014748797
0.00014650633
0.00014552602
0.00014454684
0.00014356863
0.00014259125
0.00014161457
0.0001406385
0.00013966293
0.0001386878
0.00013771303
0.00013673856
0.00013576435
0.00013479036
0.00013381654
0.00013284287
0.00013186932
0.00013089588
0.00012992251
0.00012894921
0.00012797596
0.00012700275
0.00012602957
0.00012505642
0.00012408329
0.00012311017
0.00012213705
0.00012116395
0.00012019085
0.00011921775
0.00011824464
0.00011727154
0.00011629843
0.00011532532
0.0001143522
0.00011337908
0.00011240595
0.00011143282
0.00011045968
0.00010948654
0.00010851339
0.00010754024
0.00010656708
0.00010559392
0.00010462076
0.00010364758
0.00010267441
0.00010170123
0.00010072805
9.9754861e-05
9.8781672e-05
9.780848e-05
9.6835285e-05
9.5862087e-05
9.4888887e-05
9.3915685e-05
9.2942481e-05
9.1969274e-05
9.0996066e-05
9.0022857e-05
8.9049646e-05
8.8076433e-05
8.710322e-05
8.6130005e-05
8.5156789e-05
8.4183572e-05
8.3210355e-05
8.2237137e-05
8.1263918e-05
8.0290699e-05
7.9317479e-05
7.8344259e-05
7.7371039e-05
7.6397818e-05
7.5424597e-05
7.4451376e-05
7.3478155e-05
7.2504934e-05
7.1531712e-05
7.0558491e-05
6.958527e-05
6.8612048e-05
6.7638827e-05
6.6665605e-05
6.5692384e-05
6.4719163e-05
6.3745941e-05
6.277272e-05
6.1799499e-05
6.0826278e-05
5.9853057e-05
5.8879836e-05
5.7906615e-05
5.6933395e-05
5.5960174e-05
5.4986953e-05
5.4013733e-05
5.3040512e-05
5.2067292e-05
5.1094071e-05
5.0120851e-05
4.914763e-05
4.817441e-05
4.7201189e-05
4.6227969e-05
4.5254748e-05
4.4281528e-05
4.3308308e-05
4.2335087e-05
4.1361867e-05
4.0388647e-05
3.9415427e-05
3.8442206e-05
3.7468986e-05
3.6495766e-05
3.5522546e-05
3.4549325e-05
3.3576105e-05
3.2602885e-05
3.1629665e-05
3.0656445e-05
2.9683224e-05
2.8710004e-05
2.7736784e-05
2.6763564e-05
2.5790344e-05
2.4817124e-05
2.3843903e-05
2.2870683e-05
2.1897463e-05
2.0924243e-05
1.9951022e-05
1.8977802e-05
1.8004582e-05
1.7031361e-05
1.6058141e-05
1.508492e-05
1.41117e-05
1.3138479e-05
1.2165258e-05
1.1192037e-05
1.0218816e-05
9.2455948e-06
8.2723732e-06
7.2991513e-06
6.3259291e-06
5.3527065e-06
4.3794834e-06
3.4062598e-06
2.4330355e-06
1.4598063e-06
4.8660864e-07
0.00019656878
0.00019705736
0.00019732219
0.00019732104
0.00019709959
0.00019666564
0.00019603228
0.00019522018
0.00019425258
0.00019315392
0.00019194867
0.0001906603
0.0001893105
0.00018791863
0.00018650145
0.00018507305
0.00018364492
0.00018222609
0.00018082341
0.00017944184
0.00017808472
0.00017675403
0.00017545072
0.00017417489
0.000172926
0.00017170305
0.00017050473
0.00016932951
0.00016817575
0.00016704176
0.00016592585
0.00016482637
0.00016374176
0.00016267052
0.00016161127
0.00016056272
0.00015952368
0.00015849309
0.00015746997
0.00015645343
0.00015544269
0.00015443704
0.00015343584
0.00015243854
0.00015144463
0.00015045368
0.0001494653
0.00014847915
0.00014749492
0.00014651236
0.00014553123
0.00014455134
0.00014357251
0.00014259458
0.00014161743
0.00014064095
0.00013966503
0.00013868959
0.00013771455
0.00013673986
0.00013576545
0.00013479129
0.00013381732
0.00013284353
0.00013186988
0.00013089634
0.00012992289
0.00012894952
0.00012797622
0.00012700296
0.00012602975
0.00012505656
0.0001240834
0.00012311026
0.00012213713
0.00012116401
0.00012019089
0.00011921778
0.00011824467
0.00011727155
0.00011629844
0.00011532532
0.0001143522
0.00011337908
0.00011240595
0.00011143282
0.00011045968
0.00010948654
0.00010851339
0.00010754023
0.00010656708
0.00010559391
0.00010462075
0.00010364758
0.0001026744
0.00010170122
0.00010072804
9.9754854e-05
9.8781665e-05
9.7808473e-05
9.6835278e-05
9.5862081e-05
9.4888881e-05
9.3915679e-05
9.2942475e-05
9.1969268e-05
9.0996061e-05
9.0022851e-05
8.904964e-05
8.8076428e-05
8.7103214e-05
8.613e-05
8.5156784e-05
8.4183568e-05
8.3210351e-05
8.2237133e-05
8.1263914e-05
8.0290695e-05
7.9317476e-05
7.8344256e-05
7.7371036e-05
7.6397815e-05
7.5424595e-05
7.4451374e-05
7.3478153e-05
7.2504932e-05
7.153171e-05
7.0558489e-05
6.9585268e-05
6.8612047e-05
6.7638825e-05
6.6665604e-05
6.5692383e-05
6.4719162e-05
6.3745941e-05
6.277272e-05
6.1799499e-05
6.0826278e-05
5.9853057e-05
5.8879836e-05
5.7906615e-05
5.6933395e-05
5.5960174e-05
5.4986953e-05
5.4013733e-05
5.3040512e-05
5.2067292e-05
5.1094071e-05
5.0120851e-05
4.914763e-05
4.817441e-05
4.7201189e-05
4.6227969e-05
4.5254749e-05
4.4281528e-05
4.3308308e-05
4.2335088e-05
4.1361867e-05
4.0388647e-05
3.9415427e-05
3.8442207e-05
3.7468986e-05
3.6495766e-05
3.5522546e-05
3.4549326e-05
3.3576105e-05
3.2602885e-05
3.1629665e-05
3.0656445e-05
2.9683225e-05
2.8710004e-05
2.7736784e-05
2.6763564e-05
2.5790344e-05
2.4817124e-05
2.3843903e-05
2.2870683e-05
2.1897463e-05
2.0924243e-05
1.9951022e-05
1.8977802e-05
1.8004582e-05
1.7031361e-05
1.6058141e-05
1.508492e-05
1.4111699e-05
1.3138479e-05
1.2165258e-05
1.1192037e-05
1.0218815e-05
9.2455939e-06
8.2723721e-06
7.29915e-06
6.3259275e-06
5.3527045e-06
4.3794809e-06
3.4062569e-06
2.4330319e-06
1.4598008e-06
4.8660817e-07
0.00019603981
0.00019649259
0.00019674512
0.00019675791
0.00019657014
0.00019618569
0.00019561318
0.00019486844
0.00019397035
0.00019293966
0.00019179803
0.00019056698
0.00018926703
0.00018791709
0.00018653398
0.00018513225
0.00018372406
0.0001823193
0.00018092569
0.00017954905
0.00017819353
0.00017686185
0.00017555558
0.00017427536
0.00017302109
0.00017179215
0.00017058751
0.00016940586
0.00016824572
0.00016710553
0.00016598368
0.00016487861
0.00016378875
0.00016271265
0.00016164892
0.00016059627
0.0001595535
0.00015851953
0.00015749335
0.00015647407
0.00015546087
0.00015445302
0.00015344986
0.00015245081
0.00015145536
0.00015046304
0.00014947346
0.00014848624
0.00014750107
0.00014651769
0.00014553584
0.00014455532
0.00014357594
0.00014259754
0.00014161997
0.00014064313
0.00013966689
0.00013869118
0.0001377159
0.00013674101
0.00013576643
0.00013479211
0.00013381802
0.00013284412
0.00013187037
0.00013089675
0.00012992323
0.00012894981
0.00012797645
0.00012700316
0.00012602991
0.00012505669
0.0001240835
0.00012311034
0.00012213719
0.00012116406
0.00012019093
0.00011921781
0.00011824469
0.00011727157
0.00011629845
0.00011532533
0.00011435221
0.00011337908
0.00011240595
0.00011143282
0.00011045968
0.00010948653
0.00010851338
0.00010754023
0.00010656707
0.00010559391
0.00010462074
0.00010364757
0.00010267439
0.00010170122
0.00010072803
9.9754848e-05
9.8781659e-05
9.7808467e-05
9.6835272e-05
9.5862075e-05
9.4888875e-05
9.3915673e-05
9.2942469e-05
9.1969263e-05
9.0996055e-05
9.0022846e-05
8.9049635e-05
8.8076423e-05
8.710321e-05
8.6129995e-05
8.515678e-05
8.4183564e-05
8.3210346e-05
8.2237129e-05
8.126391e-05
8.0290692e-05
7.9317472e-05
7.8344253e-05
7.7371033e-05
7.6397812e-05
7.5424592e-05
7.4451371e-05
7.347815e-05
7.2504929e-05
7.1531708e-05
7.0558487e-05
6.9585266e-05
6.8612045e-05
6.7638824e-05
6.6665603e-05
6.5692382e-05
6.4719161e-05
6.374594e-05
6.2772719e-05
6.1799498e-05
6.0826277e-05
5.9853056e-05
5.8879836e-05
5.7906615e-05
5.6933394e-05
5.5960174e-05
5.4986953e-05
5.4013733e-05
5.3040512e-05
5.2067292e-05
5.1094071e-05
5.0120851e-05
4.914763e-05
4.817441e-05
4.720119e-05
4.6227969e-05
4.5254749e-05
4.4281529e-05
4.3308308e-05
4.2335088e-05
4.1361868e-05
4.0388647e-05
3.9415427e-05
3.8442207e-05
3.7468986e-05
3.6495766e-05
3.5522546e-05
3.4549326e-05
3.3576106e-05
3.2602885e-05
3.1629665e-05
3.0656445e-05
2.9683225e-05
2.8710005e-05
2.7736784e-05
2.6763564e-05
2.5790344e-05
2.4817124e-05
2.3843904e-05
2.2870683e-05
2.1897463e-05
2.0924243e-05
1.9951022e-05
1.8977802e-05
1.8004582e-05
1.7031361e-05
1.6058141e-05
1.508492e-05
1.4111699e-05
1.3138478e-05
1.2165257e-05
1.1192036e-05
1.0218815e-05
9.2455931e-06
8.2723712e-06
7.2991488e-06
6.325926e-06
5.3527027e-06
4.3794788e-06
3.4062543e-06
2.4330287e-06
1.4597961e-06
4.8660776e-07
0.00019563164
0.00019605693
0.00019629926
0.00019632139
0.00019615788
0.00019580996
0.00019528307
0.00019458954
0.00019374493
0.00019276714
0.00019167555
0.00019049004
0.00018923011
0.00018791415
0.00018655893
0.00018517923
0.00018378772
0.00018239487
0.00018100908
0.00017963686
0.00017828297
0.00017695074
0.00017564226
0.0001743586
0.00017310004
0.00017186625
0.00017065644
0.00016946951
0.00016830412
0.0001671588
0.00016603205
0.00016492232
0.0001638281
0.00016274795
0.00016168048
0.0001606244
0.00015957852
0.00015854171
0.00015751298
0.0001564914
0.00015547614
0.00015446644
0.00015346164
0.00015246113
0.00015146438
0.00015047091
0.00014948031
0.0001484922
0.00014750625
0.00014652218
0.00014553972
0.00014455867
0.00014357883
0.00014260002
0.00014162211
0.00014064496
0.00013966846
0.00013869251
0.00013771704
0.00013674198
0.00013576725
0.00013479281
0.00013381861
0.00013284461
0.00013187078
0.00013089709
0.00012992352
0.00012895005
0.00012797665
0.00012700332
0.00012603004
0.0001250568
0.0001240836
0.00012311041
0.00012213725
0.0001211641
0.00012019097
0.00011921784
0.00011824471
0.00011727159
0.00011629847
0.00011532534
0.00011435221
0.00011337909
0.00011240595
0.00011143282
0.00011045968
0.00010948653
0.00010851338
0.00010754023
0.00010656707
0.0001055939
0.00010462074
0.00010364757
0.00010267439
0.00010170121
0.00010072803
9.9754844e-05
9.8781655e-05
9.7808463e-05
9.6835268e-05
9.586207e-05
9.4888871e-05
9.3915669e-05
9.2942464e-05
9.1969258e-05
9.0996051e-05
9.0022841e-05
8.9049631e-05
8.8076418e-05
8.7103205e-05
8.6129991e-05
8.5156776e-05
8.4183559e-05
8.3210342e-05
8.2237125e-05
8.1263907e-05
8.0290688e-05
7.9317469e-05
7.8344249e-05
7.7371029e-05
7.6397809e-05
7.5424589e-05
7.4451368e-05
7.3478148e-05
7.2504927e-05
7.1531706e-05
7.0558485e-05
6.9585264e-05
6.8612043e-05
6.7638822e-05
6.6665602e-05
6.5692381e-05
6.471916e-05
6.3745939e-05
6.2772718e-05
6.1799497e-05
6.0826277e-05
5.9853056e-05
5.8879835e-05
5.7906615e-05
5.6933394e-05
5.5960174e-05
5.4986953e-05
5.4013733e-05
5.3040512e-05
5.2067292e-05
5.1094071e-05
5.0120851e-05
4.9147631e-05
4.817441e-05
4.720119e-05
4.6227969e-05
4.5254749e-05
4.4281529e-05
4.3308308e-05
4.2335088e-05
4.1361868e-05
4.0388648e-05
3.9415427e-05
3.8442207e-05
3.7468987e-05
3.6495766e-05
3.5522546e-05
3.4549326e-05
3.3576106e-05
3.2602886e-05
3.1629665e-05
3.0656445e-05
2.9683225e-05
2.8710005e-05
2.7736785e-05
2.6763564e-05
2.5790344e-05
2.4817124e-05
2.3843904e-05
2.2870683e-05
2.1897463e-05
2.0924243e-05
1.9951022e-05
1.8977802e-05
1.8004582e-05
1.7031361e-05
1.6058141e-05
1.508492e-05
1.4111699e-05
1.3138478e-05
1.2165257e-05
1.1192036e-05
1.0218814e-05
9.2455926e-06
8.2723704e-06
7.2991479e-06
6.3259249e-06
5.3527013e-06
4.3794771e-06
3.4062523e-06
2.4330263e-06
1.4597924e-06
4.8660743e-07
0.00019533388
0.00019573919
0.00019597374
0.00019600191
0.00019585515
0.00019553294
0.00019503857
0.00019438192
0.0001935762
0.0001926372
0.00019158263
0.00019043107
0.00018920121
0.00018791097
0.00018657701
0.00018521424
0.00018383565
0.00018245212
0.00018107255
0.00017970391
0.00017835147
0.00017701899
0.00017570894
0.00017442274
0.00017316097
0.00017192351
0.00017070978
0.00016951881
0.00016834939
0.00016720014
0.00016606959
0.00016495627
0.00016385868
0.00016277539
0.00016170503
0.0001606463
0.00015959799
0.00015855899
0.00015752827
0.0001565049
0.00015548803
0.00015447689
0.00015347081
0.00015246917
0.00015147141
0.00015047705
0.00014948566
0.00014849685
0.00014751029
0.00014652567
0.00014554275
0.00014456129
0.00014358108
0.00014260196
0.00014162377
0.00014064638
0.00013966968
0.00013869356
0.00013771793
0.00013674273
0.00013576789
0.00013479335
0.00013381907
0.000132845
0.00013187111
0.00013089737
0.00012992375
0.00012895024
0.00012797681
0.00012700345
0.00012603015
0.00012505689
0.00012408367
0.00012311047
0.0001221373
0.00012116414
0.000120191
0.00011921786
0.00011824473
0.00011727161
0.00011629848
0.00011532535
0.00011435222
0.00011337909
0.00011240596
0.00011143282
0.00011045968
0.00010948653
0.00010851338
0.00010754023
0.00010656707
0.0001055939
0.00010462074
0.00010364757
0.00010267439
0.00010170121
0.00010072803
9.9754841e-05
9.8781652e-05
9.780846e-05
9.6835265e-05
9.5862067e-05
9.4888867e-05
9.3915665e-05
9.2942461e-05
9.1969255e-05
9.0996047e-05
9.0022838e-05
8.9049627e-05
8.8076415e-05
8.7103201e-05
8.6129987e-05
8.5156772e-05
8.4183555e-05
8.3210339e-05
8.2237121e-05
8.1263903e-05
8.0290684e-05
7.9317465e-05
7.8344246e-05
7.7371026e-05
7.6397806e-05
7.5424586e-05
7.4451366e-05
7.3478145e-05
7.2504925e-05
7.1531704e-05
7.0558483e-05
6.9585262e-05
6.8612042e-05
6.7638821e-05
6.66656e-05
6.5692379e-05
6.4719159e-05
6.3745938e-05
6.2772717e-05
6.1799497e-05
6.0826276e-05
5.9853055e-05
5.8879835e-05
5.7906614e-05
5.6933394e-05
5.5960173e-05
5.4986953e-05
5.4013733e-05
5.3040512e-05
5.2067292e-05
5.1094071e-05
5.0120851e-05
4.9147631e-05
4.817441e-05
4.720119e-05
4.622797e-05
4.5254749e-05
4.4281529e-05
4.3308309e-05
4.2335088e-05
4.1361868e-05
4.0388648e-05
3.9415427e-05
3.8442207e-05
3.7468987e-05
3.6495767e-05
3.5522546e-05
3.4549326e-05
3.3576106e-05
3.2602886e-05
3.1629666e-05
3.0656445e-05
2.9683225e-05
2.8710005e-05
2.7736785e-05
2.6763564e-05
2.5790344e-05
2.4817124e-05
2.3843904e-05
2.2870684e-05
2.1897463e-05
2.0924243e-05
1.9951023e-05
1.8977802e-05
1.8004582e-05
1.7031361e-05
1.6058141e-05
1.508492e-05
1.4111699e-05
1.3138478e-05
1.2165257e-05
1.1192036e-05
1.0218814e-05
9.2455922e-06
8.27237e-06
7.2991473e-06
6.3259242e-06
5.3527004e-06
4.379476e-06
3.4062509e-06
2.4330245e-06
1.4597897e-06
4.8660721e-07
0.00019513923
0.00019553153
0.00019576082
0.0001957926
0.00019565636
0.00019535053
0.00019487706
0.00019424429
0.00019346391
0.00019255036
0.0001915202
0.00019039118
0.00018918137
0.00018790838
0.00018658876
0.00018523748
0.00018386769
0.00018249057
0.0001811153
0.00017974919
0.00017839783
0.00017706525
0.00017575421
0.00017446634
0.00017320242
0.00017196251
0.00017074614
0.00016955244
0.00016838029
0.00016722836
0.00016609525
0.00016497947
0.00016387959
0.00016279416
0.00016172182
0.00016066128
0.00015961131
0.00015857081
0.00015753873
0.00015651414
0.00015549617
0.00015448406
0.0001534771
0.00015247467
0.00015147622
0.00015048125
0.00014948932
0.00014850003
0.00014751305
0.00014652807
0.00014554483
0.00014456308
0.00014358263
0.00014260329
0.00014162492
0.00014064736
0.00013967052
0.00013869428
0.00013771855
0.00013674325
0.00013576833
0.00013479373
0.00013381938
0.00013284527
0.00013187133
0.00013089756
0.00012992391
0.00012895037
0.00012797692
0.00012700355
0.00012603023
0.00012505696
0.00012408372
0.00012311052
0.00012213734
0.00012116418
0.00012019103
0.00011921789
0.00011824475
0.00011727162
0.00011629849
0.00011532536
0.00011435223
0.0001133791
0.00011240596
0.00011143283
0.00011045968
0.00010948654
0.00010851339
0.00010754023
0.00010656707
0.00010559391
0.00010462074
0.00010364757
0.00010267439
0.00010170121
0.00010072803
9.9754841e-05
9.8781652e-05
9.7808459e-05
9.6835264e-05
9.5862066e-05
9.4888865e-05
9.3915663e-05
9.2942458e-05
9.1969252e-05
9.0996044e-05
9.0022834e-05
8.9049623e-05
8.8076411e-05
8.7103198e-05
8.6129983e-05
8.5156768e-05
8.4183552e-05
8.3210335e-05
8.2237117e-05
8.1263899e-05
8.0290681e-05
7.9317462e-05
7.8344243e-05
7.7371023e-05
7.6397803e-05
7.5424583e-05
7.4451363e-05
7.3478143e-05
7.2504922e-05
7.1531702e-05
7.0558481e-05
6.9585261e-05
6.861204e-05
6.7638819e-05
6.6665599e-05
6.5692378e-05
6.4719157e-05
6.3745937e-05
6.2772716e-05
6.1799496e-05
6.0826275e-05
5.9853055e-05
5.8879834e-05
5.7906614e-05
5.6933394e-05
5.5960173e-05
5.4986953e-05
5.4013732e-05
5.3040512e-05
5.2067292e-05
5.1094071e-05
5.0120851e-05
4.9147631e-05
4.817441e-05
4.720119e-05
4.622797e-05
4.525475e-05
4.4281529e-05
4.3308309e-05
4.2335089e-05
4.1361868e-05
4.0388648e-05
3.9415428e-05
3.8442207e-05
3.7468987e-05
3.6495767e-05
3.5522547e-05
3.4549326e-05
3.3576106e-05
3.2602886e-05
3.1629666e-05
3.0656446e-05
2.9683225e-05
2.8710005e-05
2.7736785e-05
2.6763565e-05
2.5790344e-05
2.4817124e-05
2.3843904e-05
2.2870684e-05
2.1897463e-05
2.0924243e-05
1.9951023e-05
1.8977802e-05
1.8004582e-05
1.7031361e-05
1.6058141e-05
1.508492e-05
1.4111699e-05
1.3138478e-05
1.2165257e-05
1.1192036e-05
1.0218814e-05
9.2455921e-06
8.2723698e-06
7.2991471e-06
6.3259239e-06
5.3527e-06
4.3794754e-06
3.4062501e-06
2.4330236e-06
1.4597882e-06
4.8660712e-07
0.00019504304
0.00019542892
0.00019565557
0.00019568904
0.00019555787
0.00019526
0.00019479675
0.00019417571
0.00019340783
0.00019250689
0.00019148887
0.00019037108
0.0001891713
0.00018790697
0.00018659456
0.00018524907
0.00018388375
0.00018250988
0.00018113682
0.00017977202
0.00017842122
0.00017708862
0.00017577709
0.0001744884
0.00017322341
0.00017198226
0.00017076456
0.00016956949
0.00016839596
0.00016724268
0.00016610826
0.00016499125
0.0001638902
0.00016280369
0.00016173035
0.00016066889
0.00015961808
0.00015857682
0.00015754405
0.00015651883
0.00015550031
0.0001544877
0.00015348029
0.00015247747
0.00015147867
0.00015048339
0.00014949118
0.00014850165
0.00014751446
0.00014652929
0.00014554588
0.00014456399
0.00014358342
0.00014260397
0.0001416255
0.00014064787
0.00013967095
0.00013869464
0.00013771886
0.00013674352
0.00013576856
0.00013479392
0.00013381955
0.00013284541
0.00013187145
0.00013089766
0.000129924
0.00012895045
0.00012797699
0.0001270036
0.00012603027
0.000125057
0.00012408376
0.00012311055
0.00012213737
0.0001211642
0.00012019105
0.0001192179
0.00011824477
0.00011727164
0.00011629851
0.00011532538
0.00011435224
0.00011337911
0.00011240597
0.00011143284
0.00011045969
0.00010948654
0.00010851339
0.00010754024
0.00010656708
0.00010559391
0.00010462074
0.00010364757
0.00010267439
0.00010170121
0.00010072803
9.9754843e-05
9.8781653e-05
9.780846e-05
9.6835264e-05
9.5862066e-05
9.4888865e-05
9.3915662e-05
9.2942457e-05
9.196925e-05
9.0996042e-05
9.0022832e-05
8.9049621e-05
8.8076408e-05
8.7103195e-05
8.612998e-05
8.5156765e-05
8.4183549e-05
8.3210332e-05
8.2237114e-05
8.1263896e-05
8.0290678e-05
7.9317459e-05
7.834424e-05
7.737102e-05
7.63978e-05
7.542458e-05
7.445136e-05
7.347814e-05
7.250492e-05
7.1531699e-05
7.0558479e-05
6.9585259e-05
6.8612038e-05
6.7638818e-05
6.6665597e-05
6.5692377e-05
6.4719156e-05
6.3745936e-05
6.2772715e-05
6.1799495e-05
6.0826275e-05
5.9853054e-05
5.8879834e-05
5.7906614e-05
5.6933393e-05
5.5960173e-05
5.4986953e-05
5.4013732e-05
5.3040512e-05
5.2067292e-05
5.1094072e-05
5.0120851e-05
4.9147631e-05
4.8174411e-05
4.720119e-05
4.622797e-05
4.525475e-05
4.4281529e-05
4.3308309e-05
4.2335089e-05
4.1361869e-05
4.0388648e-05
3.9415428e-05
3.8442208e-05
3.7468987e-05
3.6495767e-05
3.5522547e-05
3.4549327e-05
3.3576106e-05
3.2602886e-05
3.1629666e-05
3.0656446e-05
2.9683225e-05
2.8710005e-05
2.7736785e-05
2.6763565e-05
2.5790345e-05
2.4817124e-05
2.3843904e-05
2.2870684e-05
2.1897464e-05
2.0924243e-05
1.9951023e-05
1.8977802e-05
1.8004582e-05
1.7031361e-05
1.6058141e-05
1.508492e-05
1.4111699e-05
1.3138478e-05
1.2165257e-05
1.1192036e-05
1.0218814e-05
9.2455923e-06
8.27237e-06
7.2991472e-06
6.325924e-06
5.3527001e-06
4.3794754e-06
3.4062501e-06
2.4330235e-06
1.4597879e-06
4.8660716e-07
0.00019504304
0.00019542892
0.00019565557
0.00019568904
0.00019555787
0.00019526
0.00019479675
0.00019417571
0.00019340783
0.00019250689
0.00019148887
0.00019037108
0.0001891713
0.00018790697
0.00018659456
0.00018524907
0.00018388375
0.00018250988
0.00018113682
0.00017977202
0.00017842122
0.00017708862
0.00017577709
0.0001744884
0.00017322341
0.00017198226
0.00017076456
0.00016956949
0.00016839596
0.00016724268
0.00016610826
0.00016499125
0.0001638902
0.00016280369
0.00016173035
0.00016066888
0.00015961808
0.00015857682
0.00015754405
0.00015651883
0.00015550031
0.0001544877
0.00015348029
0.00015247747
0.00015147867
0.00015048339
0.00014949118
0.00014850165
0.00014751446
0.00014652929
0.00014554588
0.00014456399
0.00014358342
0.00014260397
0.0001416255
0.00014064787
0.00013967095
0.00013869465
0.00013771887
0.00013674353
0.00013576857
0.00013479393
0.00013381956
0.00013284542
0.00013187146
0.00013089767
0.00012992401
0.00012895046
0.000127977
0.00012700361
0.00012603029
0.00012505701
0.00012408377
0.00012311056
0.00012213738
0.00012116421
0.00012019106
0.00011921792
0.00011824478
0.00011727165
0.00011629852
0.00011532539
0.00011435226
0.00011337912
0.00011240599
0.00011143285
0.0001104597
0.00010948656
0.0001085134
0.00010754025
0.00010656709
0.00010559392
0.00010462075
0.00010364758
0.0001026744
0.00010170122
0.00010072804
9.9754847e-05
9.8781657e-05
9.7808463e-05
9.6835266e-05
9.5862067e-05
9.4888866e-05
9.3915662e-05
9.2942457e-05
9.196925e-05
9.0996041e-05
9.0022831e-05
8.9049619e-05
8.8076406e-05
8.7103193e-05
8.6129978e-05
8.5156762e-05
8.4183546e-05
8.3210329e-05
8.2237111e-05
8.1263893e-05
8.0290675e-05
7.9317456e-05
7.8344237e-05
7.7371017e-05
7.6397797e-05
7.5424578e-05
7.4451358e-05
7.3478138e-05
7.2504917e-05
7.1531697e-05
7.0558477e-05
6.9585257e-05
6.8612036e-05
6.7638816e-05
6.6665596e-05
6.5692375e-05
6.4719155e-05
6.3745935e-05
6.2772715e-05
6.1799494e-05
6.0826274e-05
5.9853054e-05
5.8879834e-05
5.7906613e-05
5.6933393e-05
5.5960173e-05
5.4986953e-05
5.4013732e-05
5.3040512e-05
5.2067292e-05
5.1094072e-05
5.0120851e-05
4.9147631e-05
4.8174411e-05
4.7201191e-05
4.622797e-05
4.525475e-05
4.428153e-05
4.3308309e-05
4.2335089e-05
4.1361869e-05
4.0388648e-05
3.9415428e-05
3.8442208e-05
3.7468988e-05
3.6495767e-05
3.5522547e-05
3.4549327e-05
3.3576107e-05
3.2602886e-05
3.1629666e-05
3.0656446e-05
2.9683226e-05
2.8710005e-05
2.7736785e-05
2.6763565e-05
2.5790345e-05
2.4817125e-05
2.3843904e-05
2.2870684e-05
2.1897464e-05
2.0924243e-05
1.9951023e-05
1.8977803e-05
1.8004582e-05
1.7031362e-05
1.6058141e-05
1.508492e-05
1.41117e-05
1.3138479e-05
1.2165258e-05
1.1192036e-05
1.0218815e-05
9.2455927e-06
8.2723705e-06
7.2991478e-06
6.3259245e-06
5.3527007e-06
4.3794761e-06
3.4062509e-06
2.4330244e-06
1.459789e-06
4.8660735e-07
0.00019513923
0.00019553153
0.00019576082
0.0001957926
0.00019565636
0.00019535053
0.00019487706
0.00019424429
0.00019346391
0.00019255036
0.0001915202
0.00019039118
0.00018918137
0.00018790838
0.00018658876
0.00018523748
0.00018386769
0.00018249057
0.0001811153
0.00017974919
0.00017839783
0.00017706525
0.00017575421
0.00017446634
0.00017320242
0.00017196251
0.00017074613
0.00016955244
0.00016838029
0.00016722836
0.00016609524
0.00016497947
0.00016387959
0.00016279416
0.00016172182
0.00016066127
0.00015961131
0.00015857081
0.00015753873
0.00015651414
0.00015549617
0.00015448406
0.0001534771
0.00015247467
0.00015147622
0.00015048125
0.00014948932
0.00014850004
0.00014751306
0.00014652808
0.00014554483
0.00014456309
0.00014358264
0.0001426033
0.00014162493
0.00014064738
0.00013967053
0.00013869429
0.00013771856
0.00013674327
0.00013576835
0.00013479375
0.00013381941
0.00013284529
0.00013187136
0.00013089759
0.00012992394
0.00012895041
0.00012797696
0.00012700358
0.00012603026
0.00012505699
0.00012408376
0.00012311056
0.00012213738
0.00012116422
0.00012019107
0.00011921793
0.00011824479
0.00011727166
0.00011629853
0.0001153254
0.00011435227
0.00011337914
0.000112406
0.00011143286
0.00011045972
0.00010948657
0.00010851342
0.00010754026
0.0001065671
0.00010559393
0.00010462076
0.00010364759
0.00010267441
0.00010170123
0.00010072804
9.9754854e-05
9.8781662e-05
9.7808467e-05
9.683527e-05
9.586207e-05
9.4888868e-05
9.3915664e-05
9.2942458e-05
9.196925e-05
9.0996041e-05
9.002283e-05
8.9049618e-05
8.8076405e-05
8.7103191e-05
8.6129976e-05
8.515676e-05
8.4183543e-05
8.3210326e-05
8.2237109e-05
8.126389e-05
8.0290672e-05
7.9317453e-05
7.8344234e-05
7.7371014e-05
7.6397795e-05
7.5424575e-05
7.4451355e-05
7.3478135e-05
7.2504915e-05
7.1531695e-05
7.0558475e-05
6.9585255e-05
6.8612035e-05
6.7638815e-05
6.6665594e-05
6.5692374e-05
6.4719154e-05
6.3745934e-05
6.2772714e-05
6.1799494e-05
6.0826273e-05
5.9853053e-05
5.8879833e-05
5.7906613e-05
5.6933393e-05
5.5960173e-05
5.4986952e-05
5.4013732e-05
5.3040512e-05
5.2067292e-05
5.1094072e-05
5.0120851e-05
4.9147631e-05
4.8174411e-05
4.7201191e-05
4.622797e-05
4.525475e-05
4.428153e-05
4.330831e-05
4.2335089e-05
4.1361869e-05
4.0388649e-05
3.9415428e-05
3.8442208e-05
3.7468988e-05
3.6495768e-05
3.5522547e-05
3.4549327e-05
3.3576107e-05
3.2602887e-05
3.1629666e-05
3.0656446e-05
2.9683226e-05
2.8710006e-05
2.7736785e-05
2.6763565e-05
2.5790345e-05
2.4817125e-05
2.3843905e-05
2.2870684e-05
2.1897464e-05
2.0924244e-05
1.9951023e-05
1.8977803e-05
1.8004583e-05
1.7031362e-05
1.6058142e-05
1.5084921e-05
1.41117e-05
1.3138479e-05
1.2165258e-05
1.1192037e-05
1.0218815e-05
9.2455934e-06
8.2723713e-06
7.2991486e-06
6.3259255e-06
5.3527018e-06
4.3794774e-06
3.4062524e-06
2.4330261e-06
1.4597914e-06
4.8660767e-07
0.00019533388
0.00019573919
0.00019597373
0.00019600191
0.00019585515
0.00019553294
0.00019503857
0.00019438192
0.0001935762
0.0001926372
0.00019158263
0.00019043107
0.00018920121
0.00018791097
0.00018657701
0.00018521424
0.00018383565
0.00018245212
0.00018107255
0.00017970391
0.00017835147
0.00017701899
0.00017570894
0.00017442274
0.00017316096
0.00017192351
0.00017070978
0.00016951881
0.00016834939
0.00016720013
0.00016606959
0.00016495626
0.00016385868
0.00016277539
0.00016170502
0.00016064629
0.00015959798
0.00015855898
0.00015752826
0.00015650489
0.00015548802
0.00015447689
0.00015347081
0.00015246917
0.00015147141
0.00015047705
0.00014948566
0.00014849685
0.00014751029
0.00014652568
0.00014554276
0.0001445613
0.0001435811
0.00014260198
0.00014162379
0.0001406464
0.0001396697
0.00013869358
0.00013771796
0.00013674276
0.00013576792
0.00013479339
0.00013381911
0.00013284504
0.00013187115
0.00013089742
0.0001299238
0.00012895029
0.00012797687
0.00012700351
0.00012603021
0.00012505695
0.00012408373
0.00012311054
0.00012213737
0.00012116421
0.00012019107
0.00011921793
0.0001182448
0.00011727167
0.00011629854
0.00011532542
0.00011435229
0.00011337915
0.00011240602
0.00011143288
0.00011045973
0.00010948659
0.00010851343
0.00010754027
0.00010656711
0.00010559395
0.00010462077
0.0001036476
0.00010267442
0.00010170124
0.00010072805
9.9754862e-05
9.8781669e-05
9.7808474e-05
9.6835275e-05
9.5862075e-05
9.4888872e-05
9.3915667e-05
9.294246e-05
9.1969252e-05
9.0996042e-05
9.0022831e-05
8.9049618e-05
8.8076405e-05
8.710319e-05
8.6129975e-05
8.5156758e-05
8.4183542e-05
8.3210324e-05
8.2237106e-05
8.1263888e-05
8.0290669e-05
7.931745e-05
7.8344231e-05
7.7371012e-05
7.6397792e-05
7.5424573e-05
7.4451353e-05
7.3478133e-05
7.2504913e-05
7.1531693e-05
7.0558473e-05
6.9585253e-05
6.8612033e-05
6.7638813e-05
6.6665593e-05
6.5692373e-05
6.4719153e-05
6.3745933e-05
6.2772713e-05
6.1799493e-05
6.0826273e-05
5.9853053e-05
5.8879833e-05
5.7906613e-05
5.6933393e-05
5.5960172e-05
5.4986952e-05
5.4013732e-05
5.3040512e-05
5.2067292e-05
5.1094072e-05
5.0120852e-05
4.9147631e-05
4.8174411e-05
4.7201191e-05
4.6227971e-05
4.525475e-05
4.428153e-05
4.330831e-05
4.233509e-05
4.1361869e-05
4.0388649e-05
3.9415429e-05
3.8442208e-05
3.7468988e-05
3.6495768e-05
3.5522548e-05
3.4549327e-05
3.3576107e-05
3.2602887e-05
3.1629667e-05
3.0656446e-05
2.9683226e-05
2.8710006e-05
2.7736786e-05
2.6763565e-05
2.5790345e-05
2.4817125e-05
2.3843905e-05
2.2870685e-05
2.1897464e-05
2.0924244e-05
1.9951024e-05
1.8977803e-05
1.8004583e-05
1.7031362e-05
1.6058142e-05
1.5084921e-05
1.4111701e-05
1.313848e-05
1.2165259e-05
1.1192038e-05
1.0218816e-05
9.2455944e-06
8.2723723e-06
7.2991499e-06
6.325927e-06
5.3527035e-06
4.3794793e-06
3.4062546e-06
2.4330286e-06
1.459795e-06
4.8660812e-07
0.00019563164
0.00019605693
0.00019629926
0.00019632139
0.00019615788
0.00019580996
0.00019528307
0.00019458954
0.00019374493
0.00019276714
0.00019167555
0.00019049004
0.00018923011
0.00018791415
0.00018655893
0.00018517923
0.00018378772
0.00018239486
0.00018100908
0.00017963685
0.00017828297
0.00017695074
0.00017564226
0.00017435859
0.00017310003
0.00017186625
0.00017065644
0.00016946951
0.00016830411
0.0001671588
0.00016603205
0.00016492231
0.0001638281
0.00016274794
0.00016168048
0.0001606244
0.00015957851
0.00015854171
0.00015751298
0.0001564914
0.00015547613
0.00015446644
0.00015346164
0.00015246113
0.00015146438
0.00015047092
0.00014948032
0.00014849221
0.00014750626
0.00014652219
0.00014553974
0.00014455869
0.00014357885
0.00014260005
0.00014162213
0.00014064498
0.00013966849
0.00013869255
0.00013771708
0.00013674202
0.0001357673
0.00013479286
0.00013381866
0.00013284467
0.00013187085
0.00013089716
0.0001299236
0.00012895012
0.00012797673
0.0001270034
0.00012603012
0.00012505689
0.00012408368
0.0001231105
0.00012213734
0.0001211642
0.00012019106
0.00011921793
0.00011824481
0.00011727168
0.00011629856
0.00011532543
0.0001143523
0.00011337917
0.00011240604
0.0001114329
0.00011045975
0.0001094866
0.00010851345
0.00010754029
0.00010656713
0.00010559396
0.00010462079
0.00010364761
0.00010267443
0.00010170125
0.00010072806
9.9754872e-05
9.8781678e-05
9.7808481e-05
9.6835282e-05
9.5862081e-05
9.4888877e-05
9.3915671e-05
9.2942464e-05
9.1969255e-05
9.0996044e-05
9.0022832e-05
8.9049619e-05
8.8076405e-05
8.710319e-05
8.6129974e-05
8.5156757e-05
8.418354e-05
8.3210322e-05
8.2237104e-05
8.1263886e-05
8.0290667e-05
7.9317448e-05
7.8344229e-05
7.737101e-05
7.639779e-05
7.542457e-05
7.4451351e-05
7.3478131e-05
7.2504911e-05
7.1531691e-05
7.0558471e-05
6.9585251e-05
6.8612031e-05
6.7638812e-05
6.6665592e-05
6.5692372e-05
6.4719152e-05
6.3745932e-05
6.2772712e-05
6.1799492e-05
6.0826272e-05
5.9853052e-05
5.8879832e-05
5.7906612e-05
5.6933392e-05
5.5960172e-05
5.4986952e-05
5.4013732e-05
5.3040512e-05
5.2067292e-05
5.1094072e-05
5.0120852e-05
4.9147632e-05
4.8174411e-05
4.7201191e-05
4.6227971e-05
4.5254751e-05
4.428153e-05
4.330831e-05
4.233509e-05
4.1361869e-05
4.0388649e-05
3.9415429e-05
3.8442209e-05
3.7468988e-05
3.6495768e-05
3.5522548e-05
3.4549327e-05
3.3576107e-05
3.2602887e-05
3.1629667e-05
3.0656447e-05
2.9683226e-05
2.8710006e-05
2.7736786e-05
2.6763566e-05
2.5790345e-05
2.4817125e-05
2.3843905e-05
2.2870685e-05
2.1897464e-05
2.0924244e-05
1.9951024e-05
1.8977804e-05
1.8004583e-05
1.7031363e-05
1.6058142e-05
1.5084922e-05
1.4111701e-05
1.313848e-05
1.216526e-05
1.1192038e-05
1.0218817e-05
9.2455955e-06
8.2723737e-06
7.2991514e-06
6.3259287e-06
5.3527055e-06
4.3794817e-06
3.4062573e-06
2.4330319e-06
1.4597997e-06
4.8660868e-07
0.00019603981
0.00019649259
0.00019674512
0.00019675791
0.00019657014
0.00019618569
0.00019561318
0.00019486844
0.00019397035
0.00019293966
0.00019179803
0.00019056698
0.00018926703
0.00018791709
0.00018653398
0.00018513225
0.00018372406
0.0001823193
0.00018092569
0.00017954905
0.00017819352
0.00017686184
0.00017555557
0.00017427535
0.00017302109
0.00017179215
0.00017058751
0.00016940585
0.00016824571
0.00016710552
0.00016598368
0.0001648786
0.00016378875
0.00016271265
0.00016164891
0.00016059626
0.0001595535
0.00015851952
0.00015749335
0.00015647407
0.00015546087
0.00015445302
0.00015344986
0.00015245082
0.00015145537
0.00015046305
0.00014947346
0.00014848625
0.00014750109
0.00014651771
0.00014553586
0.00014455534
0.00014357597
0.00014259757
0.00014162001
0.00014064316
0.00013966693
0.00013869122
0.00013771596
0.00013674106
0.00013576649
0.00013479218
0.00013381809
0.00013284419
0.00013187045
0.00013089683
0.00012992333
0.0001289499
0.00012797655
0.00012700326
0.00012603001
0.0001250568
0.00012408362
0.00012311046
0.00012213731
0.00012116418
0.00012019105
0.00011921793
0.00011824481
0.00011727169
0.00011629857
0.00011532545
0.00011435232
0.00011337919
0.00011240606
0.00011143292
0.00011045977
0.00010948662
0.00010851347
0.00010754031
0.00010656715
0.00010559398
0.00010462081
0.00010364763
0.00010267445
0.00010170126
0.00010072807
9.9754883e-05
9.8781688e-05
9.7808491e-05
9.683529e-05
9.5862088e-05
9.4888883e-05
9.3915676e-05
9.2942468e-05
9.1969258e-05
9.0996046e-05
9.0022834e-05
8.904962e-05
8.8076405e-05
8.710319e-05
8.6129973e-05
8.5156757e-05
8.4183539e-05
8.3210321e-05
8.2237103e-05
8.1263884e-05
8.0290665e-05
7.9317446e-05
7.8344227e-05
7.7371007e-05
7.6397788e-05
7.5424568e-05
7.4451349e-05
7.3478129e-05
7.2504909e-05
7.1531689e-05
7.0558469e-05
6.958525e-05
6.861203e-05
6.763881e-05
6.666559e-05
6.5692371e-05
6.4719151e-05
6.3745931e-05
6.2772711e-05
6.1799491e-05
6.0826271e-05
5.9853052e-05
5.8879832e-05
5.7906612e-05
5.6933392e-05
5.5960172e-05
5.4986952e-05
5.4013732e-05
5.3040512e-05
5.2067292e-05
5.1094072e-05
5.0120852e-05
4.9147632e-05
4.8174411e-05
4.7201191e-05
4.6227971e-05
4.5254751e-05
4.4281531e-05
4.330831e-05
4.233509e-05
4.136187e-05
4.0388649e-05
3.9415429e-05
3.8442209e-05
3.7468989e-05
3.6495768e-05
3.5522548e-05
3.4549328e-05
3.3576107e-05
3.2602887e-05
3.1629667e-05
3.0656447e-05
2.9683226e-05
2.8710006e-05
2.7736786e-05
2.6763566e-05
2.5790346e-05
2.4817125e-05
2.3843905e-05
2.2870685e-05
2.1897465e-05
2.0924245e-05
1.9951024e-05
1.8977804e-05
1.8004584e-05
1.7031363e-05
1.6058143e-05
1.5084922e-05
1.4111702e-05
1.3138481e-05
1.216526e-05
1.1192039e-05
1.0218818e-05
9.2455969e-06
8.2723752e-06
7.2991532e-06
6.3259308e-06
5.352708e-06
4.3794846e-06
3.4062607e-06
2.4330358e-06
1.4598053e-06
4.8660932e-07
0.00019656878
0.00019705736
0.00019732219
0.00019732104
0.00019709959
0.00019666564
0.00019603228
0.00019522018
0.00019425258
0.00019315392
0.00019194867
0.0001906603
0.0001893105
0.00018791863
0.00018650145
0.00018507305
0.00018364492
0.00018222608
0.00018082341
0.00017944184
0.00017808471
0.00017675403
0.00017545072
0.00017417489
0.00017292599
0.00017170305
0.00017050473
0.00016932951
0.00016817575
0.00016704175
0.00016592584
0.00016482637
0.00016374175
0.00016267052
0.00016161126
0.00016056271
0.00015952368
0.00015849309
0.00015746997
0.00015645343
0.00015544269
0.00015443704
0.00015343584
0.00015243854
0.00015144464
0.00015045369
0.00014946531
0.00014847916
0.00014749494
0.00014651238
0.00014553125
0.00014455137
0.00014357254
0.00014259462
0.00014161748
0.000140641
0.00013966508
0.00013868965
0.00013771462
0.00013673993
0.00013576553
0.00013479137
0.00013381741
0.00013284362
0.00013186998
0.00013089644
0.000129923
0.00012894964
0.00012797634
0.00012700309
0.00012602988
0.0001250567
0.00012408354
0.0001231104
0.00012213727
0.00012116415
0.00012019103
0.00011921792
0.00011824481
0.0001172717
0.00011629858
0.00011532546
0.00011435234
0.00011337921
0.00011240608
0.00011143294
0.0001104598
0.00010948665
0.00010851349
0.00010754033
0.00010656717
0.000105594
0.00010462083
0.00010364765
0.00010267446
0.00010170128
0.00010072809
9.9754896e-05
9.87817e-05
9.7808501e-05
9.6835299e-05
9.5862096e-05
9.488889e-05
9.3915682e-05
9.2942473e-05
9.1969262e-05
9.099605e-05
9.0022836e-05
8.9049622e-05
8.8076406e-05
8.710319e-05
8.6129974e-05
8.5156756e-05
8.4183538e-05
8.321032e-05
8.2237102e-05
8.1263883e-05
8.0290664e-05
7.9317444e-05
7.8344225e-05
7.7371005e-05
7.6397786e-05
7.5424566e-05
7.4451347e-05
7.3478127e-05
7.2504907e-05
7.1531688e-05
7.0558468e-05
6.9585248e-05
6.8612028e-05
6.7638809e-05
6.6665589e-05
6.5692369e-05
6.471915e-05
6.374593e-05
6.277271e-05
6.1799491e-05
6.0826271e-05
5.9853051e-05
5.8879831e-05
5.7906612e-05
5.6933392e-05
5.5960172e-05
5.4986952e-05
5.4013732e-05
5.3040512e-05
5.2067292e-05
5.1094072e-05
5.0120852e-05
4.9147632e-05
4.8174412e-05
4.7201191e-05
4.6227971e-05
4.5254751e-05
4.4281531e-05
4.330831e-05
4.233509e-05
4.136187e-05
4.038865e-05
3.9415429e-05
3.8442209e-05
3.7468989e-05
3.6495768e-05
3.5522548e-05
3.4549328e-05
3.3576108e-05
3.2602887e-05
3.1629667e-05
3.0656447e-05
2.9683227e-05
2.8710006e-05
2.7736786e-05
2.6763566e-05
2.5790346e-05
2.4817126e-05
2.3843905e-05
2.2870685e-05
2.1897465e-05
2.0924245e-05
1.9951025e-05
1.8977804e-05
1.8004584e-05
1.7031364e-05
1.6058143e-05
1.5084923e-05
1.4111703e-05
1.3138482e-05
1.2165261e-05
1.119204e-05
1.021882e-05
9.2455983e-06
8.2723769e-06
7.2991552e-06
6.3259331e-06
5.3527107e-06
4.3794877e-06
3.4062644e-06
2.4330402e-06
1.4598117e-06
4.8661002e-07
0.0001972327
0.0001977664
0.00019804511
0.00019802343
0.00019775613
0.0001972567
0.00019654443
0.00019564637
0.00019459142
0.00019340852
0.00019212547
0.00019076789
0.00018935861
0.00018791731
0.00018646044
0.00018500137
0.0001835506
0.00018211608
0.00018070354
0.00017931688
0.00017795844
0.00017662937
0.00017532987
0.00017405941
0.00017281694
0.00017160107
0.00017041015
0.00016924242
0.00016809604
0.00016696919
0.0001658601
0.00016476704
0.00016368842
0.00016262274
0.00016156859
0.0001605247
0.00015948991
0.00015846316
0.00015744351
0.00015643009
0.00015542214
0.00015441898
0.00015342
0.00015242467
0.00015143252
0.00015044312
0.0001494561
0.00014847116
0.00014748799
0.00014650636
0.00014552605
0.00014454688
0.00014356867
0.00014259129
0.00014161462
0.00014063856
0.000139663
0.00013868787
0.0001377131
0.00013673865
0.00013576444
0.00013479046
0.00013381665
0.00013284298
0.00013186944
0.000130896
0.00012992264
0.00012894934
0.0001279761
0.0001270029
0.00012602972
0.00012505658
0.00012408345
0.00012311033
0.00012213722
0.00012116412
0.00012019101
0.00011921791
0.00011824481
0.0001172717
0.00011629859
0.00011532548
0.00011435236
0.00011337923
0.0001124061
0.00011143296
0.00011045982
0.00010948667
0.00010851352
0.00010754036
0.00010656719
0.00010559402
0.00010462085
0.00010364767
0.00010267448
0.00010170129
0.0001007281
9.9754909e-05
9.8781712e-05
9.7808512e-05
9.6835309e-05
9.5862104e-05
9.4888897e-05
9.3915689e-05
9.2942478e-05
9.1969266e-05
9.0996053e-05
9.0022839e-05
8.9049624e-05
8.8076408e-05
8.7103191e-05
8.6129974e-05
8.5156756e-05
8.4183538e-05
8.3210319e-05
8.2237101e-05
8.1263882e-05
8.0290662e-05
7.9317443e-05
7.8344223e-05
7.7371004e-05
7.6397784e-05
7.5424565e-05
7.4451345e-05
7.3478125e-05
7.2504906e-05
7.1531686e-05
7.0558466e-05
6.9585247e-05
6.8612027e-05
6.7638808e-05
6.6665588e-05
6.5692368e-05
6.4719149e-05
6.3745929e-05
6.277271e-05
6.179949e-05
6.082627e-05
5.9853051e-05
5.8879831e-05
5.7906611e-05
5.6933391e-05
5.5960172e-05
5.4986952e-05
5.4013732e-05
5.3040512e-05
5.2067292e-05
5.1094072e-05
5.0120852e-05
4.9147632e-05
4.8174412e-05
4.7201192e-05
4.6227971e-05
4.5254751e-05
4.4281531e-05
4.3308311e-05
4.233509e-05
4.136187e-05
4.038865e-05
3.941543e-05
3.8442209e-05
3.7468989e-05
3.6495769e-05
3.5522548e-05
3.4549328e-05
3.3576108e-05
3.2602888e-05
3.1629667e-05
3.0656447e-05
2.9683227e-05
2.8710007e-05
2.7736786e-05
2.6763566e-05
2.5790346e-05
2.4817126e-05
2.3843906e-05
2.2870685e-05
2.1897465e-05
2.0924245e-05
1.9951025e-05
1.8977805e-05
1.8004584e-05
1.7031364e-05
1.6058144e-05
1.5084924e-05
1.4111703e-05
1.3138483e-05
1.2165262e-05
1.1192042e-05
1.0218821e-05
9.2455998e-06
8.2723787e-06
7.2991573e-06
6.3259356e-06
5.3527135e-06
4.3794911e-06
3.4062684e-06
2.433045e-06
1.4598186e-06
4.8661075e-07
0.00019805043
0.00019863981
0.00019893305
0.00019888131
0.00019855211
0.0001979671
0.00019715408
0.00019614844
0.00019498609
0.00019370134
0.00019232568
0.00019088697
0.00018940896
0.00018791134
0.0001864099
0.0001849169
0.00018344151
0.00018199029
0.0001805676
0.00017917606
0.00017781688
0.00017649023
0.00017519547
0.00017393138
0.00017269637
0.00017148858
0.00017030605
0.00016914672
0.00016800859
0.00016688969
0.00016578814
0.00016470218
0.00016363017
0.00016257059
0.00016152204
0.00016048327
0.00015945312
0.00015843058
0.00015741471
0.00015640469
0.00015539978
0.00015439934
0.00015340278
0.0001524096
0.00015141935
0.00015043163
0.0001494461
0.00014846246
0.00014748045
0.00014649983
0.0001455204
0.000144542
0.00014356447
0.00014258769
0.00014161153
0.00014063591
0.00013966073
0.00013868594
0.00013771147
0.00013673726
0.00013576327
0.00013478947
0.00013381582
0.00013284229
0.00013186887
0.00013089552
0.00012992225
0.00012894902
0.00012797584
0.00012700269
0.00012602956
0.00012505645
0.00012408335
0.00012311025
0.00012213717
0.00012116408
0.00012019099
0.0001192179
0.00011824481
0.00011727171
0.00011629861
0.0001153255
0.00011435238
0.00011337925
0.00011240612
0.00011143299
0.00011045985
0.0001094867
0.00010851354
0.00010754038
0.00010656721
0.00010559404
0.00010462087
0.00010364769
0.0001026745
0.00010170131
0.00010072812
9.9754923e-05
9.8781725e-05
9.7808523e-05
9.6835319e-05
9.5862113e-05
9.4888905e-05
9.3915696e-05
9.2942484e-05
9.1969271e-05
9.0996058e-05
9.0022843e-05
8.9049627e-05
8.807641e-05
8.7103193e-05
8.6129975e-05
8.5156757e-05
8.4183538e-05
8.3210319e-05
8.22371e-05
8.1263881e-05
8.0290661e-05
7.9317442e-05
7.8344222e-05
7.7371002e-05
7.6397783e-05
7.5424563e-05
7.4451343e-05
7.3478124e-05
7.2504904e-05
7.1531685e-05
7.0558465e-05
6.9585245e-05
6.8612026e-05
6.7638806e-05
6.6665587e-05
6.5692367e-05
6.4719148e-05
6.3745928e-05
6.2772709e-05
6.1799489e-05
6.082627e-05
5.985305e-05
5.8879831e-05
5.7906611e-05
5.6933391e-05
5.5960171e-05
5.4986952e-05
5.4013732e-05
5.3040512e-05
5.2067292e-05
5.1094072e-05
5.0120852e-05
4.9147632e-05
4.8174412e-05
4.7201192e-05
4.6227972e-05
4.5254751e-05
4.4281531e-05
4.3308311e-05
4.2335091e-05
4.136187e-05
4.038865e-05
3.941543e-05
3.8442209e-05
3.7468989e-05
3.6495769e-05
3.5522549e-05
3.4549328e-05
3.3576108e-05
3.2602888e-05
3.1629667e-05
3.0656447e-05
2.9683227e-05
2.8710007e-05
2.7736787e-05
2.6763566e-05
2.5790346e-05
2.4817126e-05
2.3843906e-05
2.2870686e-05
2.1897465e-05
2.0924245e-05
1.9951025e-05
1.8977805e-05
1.8004585e-05
1.7031365e-05
1.6058144e-05
1.5084924e-05
1.4111704e-05
1.3138484e-05
1.2165263e-05
1.1192043e-05
1.0218822e-05
9.2456014e-06
8.2723805e-06
7.2991594e-06
6.3259381e-06
5.3527165e-06
4.3794946e-06
3.4062725e-06
2.4330499e-06
1.4598257e-06
4.8661147e-07
0.00019904699
0.0001997041
0.00020001082
0.00019991513
0.00019950248
0.00019880629
0.00019786583
0.0001967272
0.00019543485
0.00019402918
0.00019254561
0.00019101397
0.00018945858
0.00018789859
0.0001863486
0.00018481929
0.0001833181
0.00018184985
0.00018041725
0.00017902146
0.0001776624
0.00017633914
0.00017505014
0.00017379344
0.00017256685
0.00017136807
0.00017019477
0.00016904464
0.00016791546
0.00016680515
0.00016571173
0.00016463339
0.00016356845
0.00016251538
0.0001614728
0.00016043947
0.00015941426
0.00015839617
0.00015738431
0.00015637789
0.0001553762
0.00015437863
0.00015338463
0.00015239372
0.00015140548
0.00015041953
0.00014943557
0.00014845332
0.00014747251
0.00014649296
0.00014551447
0.00014453688
0.00014356006
0.00014258389
0.00014160828
0.00014063312
0.00013965836
0.00013868391
0.00013770974
0.0001367358
0.00013576204
0.00013478843
0.00013381495
0.00013284156
0.00013186826
0.00013089502
0.00012992183
0.00012894869
0.00012797557
0.00012700247
0.00012602938
0.00012505631
0.00012408324
0.00012311018
0.00012213711
0.00012116404
0.00012019097
0.00011921789
0.00011824481
0.00011727172
0.00011629862
0.00011532551
0.0001143524
0.00011337928
0.00011240615
0.00011143301
0.00011045987
0.00010948672
0.00010851357
0.0001075404
0.00010656724
0.00010559406
0.00010462089
0.00010364771
0.00010267452
0.00010170133
0.00010072813
9.9754938e-05
9.8781738e-05
9.7808535e-05
9.683533e-05
9.5862123e-05
9.4888914e-05
9.3915703e-05
9.294249e-05
9.1969277e-05
9.0996062e-05
9.0022846e-05
8.9049629e-05
8.8076412e-05
8.7103194e-05
8.6129976e-05
8.5156757e-05
8.4183538e-05
8.3210319e-05
8.2237099e-05
8.126388e-05
8.029066e-05
7.9317441e-05
7.8344221e-05
7.7371001e-05
7.6397781e-05
7.5424562e-05
7.4451342e-05
7.3478122e-05
7.2504903e-05
7.1531683e-05
7.0558464e-05
6.9585244e-05
6.8612025e-05
6.7638805e-05
6.6665586e-05
6.5692367e-05
6.4719147e-05
6.3745928e-05
6.2772708e-05
6.1799489e-05
6.0826269e-05
5.985305e-05
5.887983e-05
5.7906611e-05
5.6933391e-05
5.5960171e-05
5.4986952e-05
5.4013732e-05
5.3040512e-05
5.2067292e-05
5.1094072e-05
5.0120852e-05
4.9147632e-05
4.8174412e-05
4.7201192e-05
4.6227972e-05
4.5254751e-05
4.4281531e-05
4.3308311e-05
4.2335091e-05
4.136187e-05
4.038865e-05
3.941543e-05
3.844221e-05
3.7468989e-05
3.6495769e-05
3.5522549e-05
3.4549328e-05
3.3576108e-05
3.2602888e-05
3.1629668e-05
3.0656447e-05
2.9683227e-05
2.8710007e-05
2.7736787e-05
2.6763567e-05
2.5790346e-05
2.4817126e-05
2.3843906e-05
2.2870686e-05
2.1897466e-05
2.0924246e-05
1.9951025e-05
1.8977805e-05
1.8004585e-05
1.7031365e-05
1.6058145e-05
1.5084925e-05
1.4111705e-05
1.3138484e-05
1.2165264e-05
1.1192044e-05
1.0218823e-05
9.2456028e-06
8.2723822e-06
7.2991614e-06
6.3259405e-06
5.3527194e-06
4.3794981e-06
3.4062766e-06
2.4330548e-06
1.459833e-06
4.8661216e-07
0.00020025569
0.00020099415
0.00020131035
0.00020115029
0.00020062498
0.0001997846
0.00019868386
0.00019738234
0.00019593452
0.00019438746
0.00019278031
0.00019114439
0.00018950381
0.00018787648
0.00018627508
0.00018470813
0.00018318085
0.00018169595
0.00018025426
0.00017885525
0.00017749743
0.00017617869
0.00017489652
0.00017364821
0.00017243097
0.00017124202
0.00017007867
0.00016893836
0.0001678187
0.00016671746
0.00016563259
0.00016456223
0.00016350467
0.00016245839
0.00016142202
0.00016039434
0.00015937424
0.00015836077
0.00015735305
0.00015635035
0.00015535198
0.00015435737
0.000153366
0.00015237742
0.00015139125
0.00015040713
0.00014942478
0.00014844394
0.00014746438
0.00014648592
0.00014550838
0.00014453163
0.00014355555
0.00014258001
0.00014160495
0.00014063028
0.00013965593
0.00013868185
0.00013770799
0.00013673431
0.00013576078
0.00013478737
0.00013381406
0.00013284082
0.00013186764
0.00013089451
0.00012992142
0.00012894834
0.00012797529
0.00012700224
0.00012602921
0.00012505617
0.00012408314
0.0001231101
0.00012213706
0.000121164
0.00012019095
0.00011921788
0.00011824481
0.00011727172
0.00011629863
0.00011532553
0.00011435242
0.0001133793
0.00011240617
0.00011143304
0.0001104599
0.00010948675
0.00010851359
0.00010754043
0.00010656726
0.00010559409
0.00010462091
0.00010364773
0.00010267454
0.00010170135
0.00010072815
9.9754952e-05
9.8781751e-05
9.7808547e-05
9.6835341e-05
9.5862132e-05
9.4888922e-05
9.391571e-05
9.2942496e-05
9.1969282e-05
9.0996066e-05
9.002285e-05
8.9049632e-05
8.8076414e-05
8.7103196e-05
8.6129977e-05
8.5156758e-05
8.4183539e-05
8.3210319e-05
8.2237099e-05
8.1263879e-05
8.0290659e-05
7.931744e-05
7.834422e-05
7.7371e-05
7.639778e-05
7.542456e-05
7.4451341e-05
7.3478121e-05
7.2504902e-05
7.1531682e-05
7.0558463e-05
6.9585243e-05
6.8612024e-05
6.7638804e-05
6.6665585e-05
6.5692366e-05
6.4719146e-05
6.3745927e-05
6.2772708e-05
6.1799488e-05
6.0826269e-05
5.9853049e-05
5.887983e-05
5.790661e-05
5.6933391e-05
5.5960171e-05
5.4986951e-05
5.4013732e-05
5.3040512e-05
5.2067292e-05
5.1094072e-05
5.0120852e-05
4.9147632e-05
4.8174412e-05
4.7201192e-05
4.6227972e-05
4.5254752e-05
4.4281531e-05
4.3308311e-05
4.2335091e-05
4.1361871e-05
4.038865e-05
3.941543e-05
3.844221e-05
3.7468989e-05
3.6495769e-05
3.5522549e-05
3.4549329e-05
3.3576108e-05
3.2602888e-05
3.1629668e-05
3.0656448e-05
2.9683227e-05
2.8710007e-05
2.7736787e-05
2.6763567e-05
2.5790346e-05
2.4817126e-05
2.3843906e-05
2.2870686e-05
2.1897466e-05
2.0924246e-05
1.9951026e-05
1.8977806e-05
1.8004585e-05
1.7031365e-05
1.6058145e-05
1.5084925e-05
1.4111705e-05
1.3138485e-05
1.2165265e-05
1.1192045e-05
1.0218824e-05
9.2456042e-06
8.2723838e-06
7.2991634e-06
6.3259428e-06
5.3527221e-06
4.3795013e-06
3.4062804e-06
2.4330596e-06
1.4598399e-06
4.8661279e-07
0.0002017214
0.0002025561
0.00020287268
0.00020261809
0.00020194007
0.00020091275
0.00019961121
0.00019811163
0.00019647985
0.00019476967
0.00019302333
0.00019127258
0.00018954025
0.00018784193
0.00018618757
0.0001845828
0.00018303012
0.00018152974
0.00018008033
0.00017867953
0.00017732433
0.00017601138
0.00017473718
0.00017349824
0.00017229117
0.00017111275
0.00016995995
0.00016882996
0.00016772022
0.00016662838
0.00016555233
0.00016449016
0.00016344017
0.00016240082
0.00016137078
0.00016034883
0.00015933392
0.00015832512
0.0001573216
0.00015632265
0.00015532764
0.00015433601
0.00015334729
0.00015236107
0.00015137697
0.00015039469
0.00014941396
0.00014843454
0.00014745624
0.00014647887
0.0001455023
0.00014452639
0.00014355103
0.00014257614
0.00014160163
0.00014062743
0.0001396535
0.00013867978
0.00013770623
0.00013673283
0.00013575953
0.00013478632
0.00013381318
0.00013284009
0.00013186703
0.00013089401
0.000129921
0.000128948
0.00012797501
0.00012700203
0.00012602903
0.00012505604
0.00012408304
0.00012311002
0.000122137
0.00012116397
0.00012019093
0.00011921787
0.00011824481
0.00011727173
0.00011629864
0.00011532555
0.00011435244
0.00011337932
0.0001124062
0.00011143306
0.00011045992
0.00010948677
0.00010851362
0.00010754045
0.00010656728
0.00010559411
0.00010462093
0.00010364774
0.00010267456
0.00010170136
0.00010072817
9.9754966e-05
9.8781764e-05
9.7808558e-05
9.6835351e-05
9.5862141e-05
9.488893e-05
9.3915717e-05
9.2942503e-05
9.1969287e-05
9.0996071e-05
9.0022853e-05
8.9049635e-05
8.8076417e-05
8.7103198e-05
8.6129978e-05
8.5156759e-05
8.4183539e-05
8.3210319e-05
8.2237099e-05
8.1263879e-05
8.0290659e-05
7.9317439e-05
7.8344219e-05
7.7370999e-05
7.6397779e-05
7.5424559e-05
7.445134e-05
7.347812e-05
7.2504901e-05
7.1531681e-05
7.0558462e-05
6.9585242e-05
6.8612023e-05
6.7638804e-05
6.6665584e-05
6.5692365e-05
6.4719146e-05
6.3745927e-05
6.2772707e-05
6.1799488e-05
6.0826269e-05
5.9853049e-05
5.887983e-05
5.790661e-05
5.6933391e-05
5.5960171e-05
5.4986951e-05
5.4013732e-05
5.3040512e-05
5.2067292e-05
5.1094072e-05
5.0120852e-05
4.9147632e-05
4.8174412e-05
4.7201192e-05
4.6227972e-05
4.5254752e-05
4.4281532e-05
4.3308311e-05
4.2335091e-05
4.1361871e-05
4.038865e-05
3.941543e-05
3.844221e-05
3.746899e-05
3.6495769e-05
3.5522549e-05
3.4549329e-05
3.3576108e-05
3.2602888e-05
3.1629668e-05
3.0656448e-05
2.9683227e-05
2.8710007e-05
2.7736787e-05
2.6763567e-05
2.5790347e-05
2.4817126e-05
2.3843906e-05
2.2870686e-05
2.1897466e-05
2.0924246e-05
1.9951026e-05
1.8977806e-05
1.8004586e-05
1.7031366e-05
1.6058146e-05
1.5084926e-05
1.4111706e-05
1.3138486e-05
1.2165266e-05
1.1192046e-05
1.0218825e-05
9.2456054e-06
8.2723853e-06
7.2991651e-06
6.3259449e-06
5.3527246e-06
4.3795043e-06
3.406284e-06
2.4330639e-06
1.4598464e-06
4.8661334e-07
0.00020350548
0.00020445162
0.0002047506
0.00020435655
0.00020347066
0.00020220083
0.00020064858
0.00019890986
0.00019706268
0.00019516686
0.00019326629
0.00019139151
0.00018956251
0.00018779126
0.00018608389
0.00018444242
0.00018286605
0.00018135214
0.00017989697
0.0001784962
0.00017714523
0.00017583945
0.00017457438
0.00017334577
0.00017214965
0.00017098236
0.00016984057
0.00016872125
0.00016762169
0.00016653945
0.00016547235
0.00016441846
0.00016337608
0.0001623437
0.00016131999
0.00016030378
0.00015929404
0.00015828989
0.00015729055
0.00015629532
0.00015530363
0.00015431496
0.00015332887
0.00015234497
0.00015136293
0.00015038246
0.00014940333
0.00014842532
0.00014744824
0.00014647196
0.00014549633
0.00014452124
0.00014354661
0.00014257234
0.00014159837
0.00014062465
0.00013965113
0.00013867777
0.00013770452
0.00013673138
0.00013575831
0.00013478529
0.00013381232
0.00013283937
0.00013186644
0.00013089352
0.0001299206
0.00012894768
0.00012797475
0.00012700182
0.00012602887
0.00012505591
0.00012408294
0.00012310995
0.00012213695
0.00012116394
0.00012019091
0.00011921787
0.00011824481
0.00011727174
0.00011629866
0.00011532557
0.00011435246
0.00011337935
0.00011240622
0.00011143309
0.00011045995
0.0001094868
0.00010851364
0.00010754048
0.00010656731
0.00010559413
0.00010462095
0.00010364776
0.00010267457
0.00010170138
0.00010072818
9.975498e-05
9.8781776e-05
9.780857e-05
9.6835361e-05
9.586215e-05
9.4888938e-05
9.3915724e-05
9.2942508e-05
9.1969292e-05
9.0996075e-05
9.0022857e-05
8.9049638e-05
8.8076419e-05
8.7103199e-05
8.612998e-05
8.515676e-05
8.4183539e-05
8.3210319e-05
8.2237099e-05
8.1263879e-05
8.0290658e-05
7.9317438e-05
7.8344218e-05
7.7370998e-05
7.6397778e-05
7.5424558e-05
7.4451339e-05
7.3478119e-05
7.25049e-05
7.153168e-05
7.0558461e-05
6.9585241e-05
6.8612022e-05
6.7638803e-05
6.6665584e-05
6.5692365e-05
6.4719145e-05
6.3745926e-05
6.2772707e-05
6.1799488e-05
6.0826268e-05
5.9853049e-05
5.887983e-05
5.790661e-05
5.6933391e-05
5.5960171e-05
5.4986951e-05
5.4013732e-05
5.3040512e-05
5.2067292e-05
5.1094072e-05
5.0120852e-05
4.9147632e-05
4.8174412e-05
4.7201192e-05
4.6227972e-05
4.5254752e-05
4.4281532e-05
4.3308311e-05
4.2335091e-05
4.1361871e-05
4.0388651e-05
3.941543e-05
3.844221e-05
3.746899e-05
3.6495769e-05
3.5522549e-05
3.4549329e-05
3.3576108e-05
3.2602888e-05
3.1629668e-05
3.0656448e-05
2.9683227e-05
2.8710007e-05
2.7736787e-05
2.6763567e-05
2.5790347e-05
2.4817127e-05
2.3843906e-05
2.2870686e-05
2.1897466e-05
2.0924246e-05
1.9951026e-05
1.8977806e-05
1.8004586e-05
1.7031366e-05
1.6058146e-05
1.5084926e-05
1.4111706e-05
1.3138486e-05
1.2165266e-05
1.1192046e-05
1.0218826e-05
9.2456064e-06
8.2723864e-06
7.2991665e-06
6.3259466e-06
5.3527267e-06
4.3795069e-06
3.4062872e-06
2.4330678e-06
1.4598522e-06
4.8661379e-07
0.00020569375
0.00020676396
0.0002070119
0.00020641122
0.00020524114
0.00020365663
0.00020179261
0.00019976742
0.00019767087
0.00019556683
0.00019349837
0.0001914924
0.00018956399
0.0001877199
0.00018596126
0.00018428561
0.00018268835
0.00018116367
0.00017970526
0.00017830672
0.00017696183
0.00017566474
0.00017441
0.00017319264
0.00017200817
0.00017085253
0.00016972211
0.00016861371
0.00016752448
0.0001664519
0.00016539378
0.00016434816
0.00016331336
0.00016228787
0.00016127041
0.00016025985
0.00015925521
0.00015825562
0.00015726036
0.00015626879
0.00015528034
0.00015429456
0.00015331102
0.00015232939
0.00015134934
0.00015037064
0.00014939306
0.00014841641
0.00014744053
0.00014646529
0.00014549058
0.00014451629
0.00014354235
0.00014256869
0.00014159525
0.00014062199
0.00013964886
0.00013867583
0.00013770289
0.00013673
0.00013575715
0.00013478432
0.0001338115
0.00013283869
0.00013186588
0.00013089306
0.00012992022
0.00012894737
0.00012797451
0.00012700162
0.00012602872
0.00012505579
0.00012408285
0.00012310989
0.00012213691
0.00012116391
0.00012019089
0.00011921786
0.00011824481
0.00011727175
0.00011629868
0.00011532559
0.00011435248
0.00011337937
0.00011240625
0.00011143312
0.00011045997
0.00010948682
0.00010851367
0.0001075405
0.00010656733
0.00010559415
0.00010462097
0.00010364778
0.00010267459
0.00010170139
0.0001007282
9.9754993e-05
9.8781788e-05
9.780858e-05
9.683537e-05
9.5862158e-05
9.4888945e-05
9.391573e-05
9.2942514e-05
9.1969297e-05
9.0996079e-05
9.002286e-05
8.9049641e-05
8.8076421e-05
8.7103201e-05
8.6129981e-05
8.515676e-05
8.418354e-05
8.3210319e-05
8.2237099e-05
8.1263878e-05
8.0290658e-05
7.9317438e-05
7.8344218e-05
7.7370998e-05
7.6397778e-05
7.5424558e-05
7.4451338e-05
7.3478118e-05
7.2504899e-05
7.1531679e-05
7.055846e-05
6.9585241e-05
6.8612022e-05
6.7638802e-05
6.6665583e-05
6.5692364e-05
6.4719145e-05
6.3745926e-05
6.2772707e-05
6.1799487e-05
6.0826268e-05
5.9853049e-05
5.8879829e-05
5.790661e-05
5.693339e-05
5.5960171e-05
5.4986951e-05
5.4013732e-05
5.3040512e-05
5.2067292e-05
5.1094072e-05
5.0120852e-05
4.9147632e-05
4.8174412e-05
4.7201192e-05
4.6227972e-05
4.5254752e-05
4.4281532e-05
4.3308311e-05
4.2335091e-05
4.1361871e-05
4.0388651e-05
3.941543e-05
3.844221e-05
3.746899e-05
3.6495769e-05
3.5522549e-05
3.4549329e-05
3.3576109e-05
3.2602888e-05
3.1629668e-05
3.0656448e-05
2.9683228e-05
2.8710007e-05
2.7736787e-05
2.6763567e-05
2.5790347e-05
2.4817127e-05
2.3843906e-05
2.2870686e-05
2.1897466e-05
2.0924246e-05
1.9951026e-05
1.8977806e-05
1.8004586e-05
1.7031366e-05
1.6058146e-05
1.5084926e-05
1.4111706e-05
1.3138486e-05
1.2165266e-05
1.1192047e-05
1.0218827e-05
9.2456071e-06
8.2723873e-06
7.2991676e-06
6.325948e-06
5.3527284e-06
4.3795091e-06
3.4062898e-06
2.433071e-06
1.4598571e-06
4.8661413e-07
0.00020840935
0.00020960691
0.0002097435
0.00020883528
0.00020727537
0.00020528299
0.00020303338
0.00020066829
0.00019828687
0.00019595323
0.00019370572
0.00019156432
0.00018953659
0.00018762218
0.00018581598
0.00018411026
0.00018249608
0.00018096422
0.00017950567
0.00017811194
0.00017677522
0.00017548846
0.00017424531
0.00017304015
0.00017186799
0.00017072446
0.00016960572
0.0001685084
0.00016742956
0.00016636666
0.00016531745
0.00016428001
0.00016325266
0.00016223395
0.00016122261
0.00016021756
0.00015921786
0.00015822271
0.00015723141
0.00015624336
0.00015525805
0.00015427505
0.00015329397
0.00015231451
0.00015133639
0.00015035938
0.00014938329
0.00014840794
0.00014743321
0.00014645897
0.00014548513
0.0001445116
0.00014353832
0.00014256524
0.0001415923
0.00014061947
0.00013964672
0.00013867402
0.00013770135
0.0001367287
0.00013575606
0.00013478341
0.00013381074
0.00013283806
0.00013186536
0.00013089263
0.00012991987
0.00012894709
0.00012797428
0.00012700144
0.00012602858
0.00012505569
0.00012408277
0.00012310983
0.00012213687
0.00012116389
0.00012019089
0.00011921786
0.00011824482
0.00011727177
0.00011629869
0.00011532561
0.00011435251
0.0001133794
0.00011240627
0.00011143314
0.00011046
0.00010948685
0.00010851369
0.00010754052
0.00010656735
0.00010559417
0.00010462099
0.0001036478
0.00010267461
0.00010170141
0.00010072821
9.9755006e-05
9.8781799e-05
9.780859e-05
9.6835379e-05
9.5862166e-05
9.4888952e-05
9.3915736e-05
9.2942519e-05
9.1969301e-05
9.0996082e-05
9.0022863e-05
8.9049643e-05
8.8076423e-05
8.7103202e-05
8.6129982e-05
8.5156761e-05
8.418354e-05
8.321032e-05
8.2237099e-05
8.1263878e-05
8.0290658e-05
7.9317437e-05
7.8344217e-05
7.7370997e-05
7.6397777e-05
7.5424557e-05
7.4451337e-05
7.3478118e-05
7.2504898e-05
7.1531679e-05
7.055846e-05
6.958524e-05
6.8612021e-05
6.7638802e-05
6.6665583e-05
6.5692364e-05
6.4719145e-05
6.3745925e-05
6.2772706e-05
6.1799487e-05
6.0826268e-05
5.9853049e-05
5.8879829e-05
5.790661e-05
5.693339e-05
5.5960171e-05
5.4986951e-05
5.4013732e-05
5.3040512e-05
5.2067292e-05
5.1094072e-05
5.0120852e-05
4.9147632e-05
4.8174412e-05
4.7201192e-05
4.6227972e-05
4.5254752e-05
4.4281532e-05
4.3308312e-05
4.2335091e-05
4.1361871e-05
4.0388651e-05
3.941543e-05
3.844221e-05
3.746899e-05
3.6495769e-05
3.5522549e-05
3.4549329e-05
3.3576109e-05
3.2602888e-05
3.1629668e-05
3.0656448e-05
2.9683228e-05
2.8710007e-05
2.7736787e-05
2.6763567e-05
2.5790347e-05
2.4817127e-05
2.3843906e-05
2.2870686e-05
2.1897466e-05
2.0924246e-05
1.9951026e-05
1.8977806e-05
1.8004586e-05
1.7031366e-05
1.6058146e-05
1.5084926e-05
1.4111706e-05
1.3138486e-05
1.2165267e-05
1.1192047e-05
1.0218827e-05
9.2456075e-06
8.2723879e-06
7.2991684e-06
6.3259489e-06
5.3527297e-06
4.3795106e-06
3.4062917e-06
2.4330735e-06
1.459861e-06
4.8661436e-07
0.00021183422
0.0002131379
0.00021305583
0.00021168825
0.00020959277
0.00020707342
0.00020435075
0.0002015874
0.00019888597
0.0001963044
0.00019387072
0.00019159367
0.00018947026
0.000187491
0.00018564323
0.00018391322
0.00018228736
0.00018075281
0.00017929783
0.00017791191
0.00017658572
0.00017531109
0.00017408089
0.0001728889
0.00017172975
0.00017059879
0.000169492
0.00016840589
0.00016733749
0.00016628421
0.00016524384
0.00016421445
0.0001631944
0.00016218229
0.0001611769
0.00016017719
0.00015918228
0.0001581914
0.0001572039
0.00015621924
0.00015523693
0.00015425659
0.00015327787
0.00015230048
0.00015132419
0.00015034879
0.0001493741
0.00014839999
0.00014742634
0.00014645305
0.00014548003
0.00014450722
0.00014353457
0.00014256203
0.00014158956
0.00014061714
0.00013964474
0.00013867234
0.00013769994
0.00013672751
0.00013575506
0.00013478257
0.00013381005
0.00013283749
0.00013186489
0.00013089224
0.00012991956
0.00012894684
0.00012797408
0.00012700129
0.00012602846
0.0001250556
0.00012408271
0.00012310979
0.00012213685
0.00012116388
0.00012019088
0.00011921787
0.00011824484
0.00011727178
0.00011629872
0.00011532563
0.00011435253
0.00011337942
0.0001124063
0.00011143317
0.00011046003
0.00010948687
0.00010851371
0.00010754055
0.00010656737
0.00010559419
0.00010462101
0.00010364782
0.00010267462
0.00010170142
0.00010072822
9.9755017e-05
9.878181e-05
9.7808599e-05
9.6835387e-05
9.5862173e-05
9.4888958e-05
9.3915741e-05
9.2942523e-05
9.1969305e-05
9.0996085e-05
9.0022865e-05
8.9049645e-05
8.8076424e-05
8.7103204e-05
8.6129983e-05
8.5156762e-05
8.4183541e-05
8.321032e-05
8.2237099e-05
8.1263878e-05
8.0290657e-05
7.9317437e-05
7.8344217e-05
7.7370996e-05
7.6397776e-05
7.5424556e-05
7.4451337e-05
7.3478117e-05
7.2504898e-05
7.1531678e-05
7.0558459e-05
6.958524e-05
6.8612021e-05
6.7638802e-05
6.6665582e-05
6.5692363e-05
6.4719144e-05
6.3745925e-05
6.2772706e-05
6.1799487e-05
6.0826268e-05
5.9853048e-05
5.8879829e-05
5.790661e-05
5.693339e-05
5.5960171e-05
5.4986951e-05
5.4013732e-05
5.3040512e-05
5.2067292e-05
5.1094072e-05
5.0120852e-05
4.9147632e-05
4.8174412e-05
4.7201192e-05
4.6227972e-05
4.5254752e-05
4.4281532e-05
4.3308312e-05
4.2335091e-05
4.1361871e-05
4.0388651e-05
3.941543e-05
3.844221e-05
3.746899e-05
3.649577e-05
3.5522549e-05
3.4549329e-05
3.3576109e-05
3.2602888e-05
3.1629668e-05
3.0656448e-05
2.9683228e-05
2.8710007e-05
2.7736787e-05
2.6763567e-05
2.5790347e-05
2.4817127e-05
2.3843906e-05
2.2870686e-05
2.1897466e-05
2.0924246e-05
1.9951026e-05
1.8977806e-05
1.8004586e-05
1.7031366e-05
1.6058146e-05
1.5084926e-05
1.4111706e-05
1.3138486e-05
1.2165267e-05
1.1192047e-05
1.0218827e-05
9.2456076e-06
8.2723881e-06
7.2991687e-06
6.3259494e-06
5.3527303e-06
4.3795115e-06
3.4062929e-06
2.4330752e-06
1.4598636e-06
4.8661447e-07
0.00021624534
0.00021757654
0.00021708664
0.00021503168
0.00021220124
0.00020900543
0.00020570926
0.00020248714
0.00019943408
0.00019659199
0.00019397109
0.00019156362
0.00018935263
0.00018731744
0.0001854367
0.00018369012
0.00018205915
0.00018052736
0.00017908036
0.00017770572
0.00017639275
0.00017513229
0.00017391655
0.00017273883
0.00017159345
0.00017047556
0.00016938102
0.00016830629
0.00016724838
0.00016620469
0.00016517305
0.00016415158
0.00016313869
0.00016213302
0.0001611334
0.00016013886
0.00015914856
0.00015816179
0.00015717794
0.00015619652
0.00015521708
0.00015423927
0.00015326278
0.00015228736
0.00015131279
0.00015033891
0.00014936555
0.00014839261
0.00014741997
0.00014644757
0.00014547532
0.00014450319
0.00014353112
0.00014255908
0.00014158705
0.00014061501
0.00013964293
0.00013867082
0.00013769866
0.00013672644
0.00013575416
0.00013478183
0.00013380943
0.00013283698
0.00013186447
0.00013089191
0.0001299193
0.00012894663
0.00012797392
0.00012700116
0.00012602837
0.00012505553
0.00012408267
0.00012310976
0.00012213683
0.00012116388
0.00012019089
0.00011921788
0.00011824486
0.00011727181
0.00011629874
0.00011532566
0.00011435256
0.00011337945
0.00011240633
0.0001114332
0.00011046005
0.0001094869
0.00010851374
0.00010754057
0.00010656739
0.00010559421
0.00010462103
0.00010364783
0.00010267464
0.00010170144
0.00010072823
9.9755029e-05
9.878182e-05
9.7808608e-05
9.6835395e-05
9.586218e-05
9.4888964e-05
9.3915746e-05
9.2942528e-05
9.1969308e-05
9.0996088e-05
9.0022868e-05
8.9049647e-05
8.8076426e-05
8.7103205e-05
8.6129983e-05
8.5156762e-05
8.4183541e-05
8.321032e-05
8.2237099e-05
8.1263878e-05
8.0290657e-05
7.9317436e-05
7.8344216e-05
7.7370996e-05
7.6397776e-05
7.5424556e-05
7.4451336e-05
7.3478117e-05
7.2504897e-05
7.1531678e-05
7.0558459e-05
6.9585239e-05
6.861202e-05
6.7638801e-05
6.6665582e-05
6.5692363e-05
6.4719144e-05
6.3745925e-05
6.2772706e-05
6.1799487e-05
6.0826268e-05
5.9853048e-05
5.8879829e-05
5.790661e-05
5.693339e-05
5.5960171e-05
5.4986951e-05
5.4013732e-05
5.3040512e-05
5.2067292e-05
5.1094072e-05
5.0120853e-05
4.9147633e-05
4.8174413e-05
4.7201192e-05
4.6227972e-05
4.5254752e-05
4.4281532e-05
4.3308312e-05
4.2335091e-05
4.1361871e-05
4.0388651e-05
3.9415431e-05
3.844221e-05
3.746899e-05
3.649577e-05
3.5522549e-05
3.4549329e-05
3.3576109e-05
3.2602888e-05
3.1629668e-05
3.0656448e-05
2.9683228e-05
2.8710007e-05
2.7736787e-05
2.6763567e-05
2.5790347e-05
2.4817127e-05
2.3843906e-05
2.2870686e-05
2.1897466e-05
2.0924246e-05
1.9951026e-05
1.8977806e-05
1.8004586e-05
1.7031366e-05
1.6058146e-05
1.5084926e-05
1.4111706e-05
1.3138486e-05
1.2165266e-05
1.1192047e-05
1.0218827e-05
9.2456075e-06
8.272388e-06
7.2991686e-06
6.3259494e-06
5.3527305e-06
4.3795118e-06
3.4062934e-06
2.433076e-06
1.459865e-06
4.8661445e-07
0.00022207661
0.00022322979
0.0002220006
0.00021891863
0.00021508487
0.00021103035
0.00020705107
0.00020331296
0.00019988509
0.00019677948
0.00019397902
0.00019145351
0.00018916858
0.0001870905
0.0001851884
0.00018343509
0.00018180714
0.00018028464
0.00017885079
0.00017749146
0.0001761948
0.00017495086
0.00017375131
0.00017258912
0.00017145842
0.00017035421
0.00016927233
0.00016820922
0.0001671619
0.00016612784
0.0001651049
0.00016409126
0.0001630854
0.00016208603
0.00016109204
0.00016010251
0.00015911667
0.00015813385
0.00015715351
0.00015617518
0.00015519848
0.00015422307
0.00015324871
0.00015227515
0.00015130222
0.00015032976
0.00014935766
0.0001483858
0.00014741412
0.00014644254
0.00014547102
0.00014449951
0.00014352798
0.00014255641
0.00014158479
0.00014061309
0.00013964132
0.00013866946
0.00013769752
0.00013672549
0.00013575337
0.00013478118
0.0001338089
0.00013283655
0.00013186412
0.00013089163
0.00012991907
0.00012894646
0.00012797379
0.00012700107
0.0001260283
0.00012505549
0.00012408264
0.00012310975
0.00012213683
0.00012116388
0.00012019091
0.00011921791
0.00011824488
0.00011727184
0.00011629877
0.00011532569
0.00011435259
0.00011337948
0.00011240636
0.00011143323
0.00011046008
0.00010948693
0.00010851376
0.00010754059
0.00010656742
0.00010559423
0.00010462104
0.00010364785
0.00010267465
0.00010170145
0.00010072825
9.9755039e-05
9.8781829e-05
9.7808617e-05
9.6835402e-05
9.5862186e-05
9.4888969e-05
9.391575e-05
9.2942531e-05
9.1969311e-05
9.0996091e-05
9.002287e-05
8.9049648e-05
8.8076427e-05
8.7103205e-05
8.6129984e-05
8.5156762e-05
8.4183541e-05
8.321032e-05
8.2237098e-05
8.1263877e-05
8.0290657e-05
7.9317436e-05
7.8344216e-05
7.7370995e-05
7.6397775e-05
7.5424555e-05
7.4451336e-05
7.3478116e-05
7.2504897e-05
7.1531677e-05
7.0558458e-05
6.9585239e-05
6.861202e-05
6.7638801e-05
6.6665582e-05
6.5692363e-05
6.4719144e-05
6.3745925e-05
6.2772706e-05
6.1799487e-05
6.0826268e-05
5.9853048e-05
5.8879829e-05
5.790661e-05
5.693339e-05
5.5960171e-05
5.4986951e-05
5.4013732e-05
5.3040512e-05
5.2067292e-05
5.1094073e-05
5.0120853e-05
4.9147633e-05
4.8174413e-05
4.7201193e-05
4.6227972e-05
4.5254752e-05
4.4281532e-05
4.3308312e-05
4.2335092e-05
4.1361871e-05
4.0388651e-05
3.9415431e-05
3.844221e-05
3.746899e-05
3.649577e-05
3.5522549e-05
3.4549329e-05
3.3576109e-05
3.2602888e-05
3.1629668e-05
3.0656448e-05
2.9683228e-05
2.8710007e-05
2.7736787e-05
2.6763567e-05
2.5790347e-05
2.4817126e-05
2.3843906e-05
2.2870686e-05
2.1897466e-05
2.0924246e-05
1.9951026e-05
1.8977806e-05
1.8004586e-05
1.7031366e-05
1.6058146e-05
1.5084926e-05
1.4111706e-05
1.3138486e-05
1.2165266e-05
1.1192046e-05
1.0218827e-05
9.245607e-06
8.2723875e-06
7.2991681e-06
6.3259489e-06
5.35273e-06
4.3795115e-06
3.4062931e-06
2.4330759e-06
1.4598651e-06
4.8661432e-07
0.00023003386
0.00023052627
0.00022797781
0.00022337046
0.00021818246
0.00021305777
0.00020828614
0.00020398768
0.0002001779
0.00019682062
0.00019386042
0.00019123851
0.00018890008
0.00018679703
0.0001848886
0.00018314083
0.00018152572
0.00018002027
0.00017860561
0.00017726627
0.0001759895
0.0001747648
0.00017358348
0.00017243836
0.00017132343
0.00017023371
0.00016916503
0.0001681139
0.0001670774
0.00016605308
0.00016503888
0.00016403306
0.00016303418
0.00016204102
0.00016105255
0.00016006793
0.00015908642
0.00015810744
0.00015713048
0.00015615513
0.00015518105
0.00015420795
0.0001532356
0.00015226381
0.00015129243
0.00015032132
0.0001493504
0.00014837957
0.00014740878
0.00014643797
0.00014546712
0.00014449619
0.00014352516
0.00014255402
0.00014158277
0.00014061139
0.00013963989
0.00013866827
0.00013769653
0.00013672467
0.0001357527
0.00013478063
0.00013380845
0.00013283619
0.00013186384
0.00013089141
0.0001299189
0.00012894633
0.0001279737
0.000127001
0.00012602826
0.00012505547
0.00012408263
0.00012310976
0.00012213685
0.00012116391
0.00012019094
0.00011921794
0.00011824492
0.00011727187
0.00011629881
0.00011532573
0.00011435263
0.00011337952
0.00011240639
0.00011143326
0.00011046011
0.00010948696
0.00010851379
0.00010754062
0.00010656744
0.00010559425
0.00010462106
0.00010364787
0.00010267467
0.00010170147
0.00010072826
9.975505e-05
9.8781838e-05
9.7808624e-05
9.6835409e-05
9.5862192e-05
9.4888974e-05
9.3915755e-05
9.2942535e-05
9.1969314e-05
9.0996093e-05
9.0022871e-05
8.904965e-05
8.8076428e-05
8.7103206e-05
8.6129984e-05
8.5156762e-05
8.4183541e-05
8.3210319e-05
8.2237098e-05
8.1263877e-05
8.0290656e-05
7.9317435e-05
7.8344215e-05
7.7370995e-05
7.6397775e-05
7.5424555e-05
7.4451335e-05
7.3478116e-05
7.2504896e-05
7.1531677e-05
7.0558458e-05
6.9585239e-05
6.861202e-05
6.7638801e-05
6.6665582e-05
6.5692363e-05
6.4719144e-05
6.3745925e-05
6.2772706e-05
6.1799487e-05
6.0826268e-05
5.9853049e-05
5.8879829e-05
5.790661e-05
5.6933391e-05
5.5960171e-05
5.4986952e-05
5.4013732e-05
5.3040512e-05
5.2067292e-05
5.1094073e-05
5.0120853e-05
4.9147633e-05
4.8174413e-05
4.7201193e-05
4.6227973e-05
4.5254752e-05
4.4281532e-05
4.3308312e-05
4.2335092e-05
4.1361871e-05
4.0388651e-05
3.9415431e-05
3.844221e-05
3.746899e-05
3.649577e-05
3.5522549e-05
3.4549329e-05
3.3576109e-05
3.2602888e-05
3.1629668e-05
3.0656448e-05
2.9683228e-05
2.8710007e-05
2.7736787e-05
2.6763567e-05
2.5790347e-05
2.4817126e-05
2.3843906e-05
2.2870686e-05
2.1897466e-05
2.0924246e-05
1.9951026e-05
1.8977806e-05
1.8004585e-05
1.7031365e-05
1.6058145e-05
1.5084925e-05
1.4111705e-05
1.3138485e-05
1.2165266e-05
1.1192046e-05
1.0218826e-05
9.2456062e-06
8.2723867e-06
7.2991673e-06
6.325948e-06
5.3527291e-06
4.3795105e-06
3.4062921e-06
2.4330748e-06
1.4598639e-06
4.8661406e-07
0.00024131702
0.00024006582
0.00023518354
0.00022833464
0.00022135355
0.00021493371
0.00020928013
0.00020440564
0.00020023387
0.00019665867
0.00019357489
0.00019088995
0.00018852657
0.00018642206
0.00018452616
0.00018279885
0.00018120825
0.00017972892
0.00017834048
0.00017702653
0.0001757738
0.00017457151
0.00017341085
0.0001722846
0.00017118682
0.0001701126
0.00016905787
0.00016801925
0.00016699395
0.00016597961
0.0001649743
0.00016397639
0.00016298452
0.00016199756
0.00016101458
0.00016003479
0.00015905755
0.00015808233
0.00015710867
0.00015613621
0.00015516467
0.00015419379
0.00015322338
0.00015225328
0.00015128337
0.00015031355
0.00014934373
0.00014837387
0.00014740391
0.00014643383
0.0001454636
0.00014449321
0.00014352265
0.00014255191
0.000141581
0.00014060991
0.00013963866
0.00013866725
0.00013769569
0.00013672398
0.00013575214
0.00013478018
0.0001338081
0.00013283591
0.00013186362
0.00013089124
0.00012991878
0.00012894625
0.00012797364
0.00012700097
0.00012602825
0.00012505547
0.00012408265
0.00012310979
0.00012213688
0.00012116395
0.00012019098
0.00011921798
0.00011824496
0.00011727192
0.00011629885
0.00011532577
0.00011435267
0.00011337956
0.00011240643
0.00011143329
0.00011046014
0.00010948699
0.00010851382
0.00010754064
0.00010656746
0.00010559428
0.00010462108
0.00010364789
0.00010267468
0.00010170148
0.00010072827
9.975506e-05
9.8781847e-05
9.7808632e-05
9.6835416e-05
9.5862198e-05
9.4888978e-05
9.3915758e-05
9.2942538e-05
9.1969316e-05
9.0996095e-05
9.0022873e-05
8.904965e-05
8.8076428e-05
8.7103206e-05
8.6129984e-05
8.5156762e-05
8.418354e-05
8.3210319e-05
8.2237097e-05
8.1263876e-05
8.0290655e-05
7.9317435e-05
7.8344214e-05
7.7370994e-05
7.6397774e-05
7.5424554e-05
7.4451335e-05
7.3478115e-05
7.2504896e-05
7.1531677e-05
7.0558458e-05
6.9585239e-05
6.861202e-05
6.7638801e-05
6.6665582e-05
6.5692363e-05
6.4719144e-05
6.3745925e-05
6.2772706e-05
6.1799487e-05
6.0826268e-05
5.9853049e-05
5.8879829e-05
5.790661e-05
5.6933391e-05
5.5960171e-05
5.4986952e-05
5.4013732e-05
5.3040512e-05
5.2067293e-05
5.1094073e-05
5.0120853e-05
4.9147633e-05
4.8174413e-05
4.7201193e-05
4.6227973e-05
4.5254752e-05
4.4281532e-05
4.3308312e-05
4.2335092e-05
4.1361871e-05
4.0388651e-05
3.9415431e-05
3.844221e-05
3.746899e-05
3.649577e-05
3.5522549e-05
3.4549329e-05
3.3576109e-05
3.2602888e-05
3.1629668e-05
3.0656448e-05
2.9683228e-05
2.8710007e-05
2.7736787e-05
2.6763567e-05
2.5790347e-05
2.4817126e-05
2.3843906e-05
2.2870686e-05
2.1897466e-05
2.0924246e-05
1.9951025e-05
1.8977805e-05
1.8004585e-05
1.7031365e-05
1.6058145e-05
1.5084925e-05
1.4111705e-05
1.3138485e-05
1.2165265e-05
1.1192045e-05
1.0218825e-05
9.2456052e-06
8.2723856e-06
7.299166e-06
6.3259467e-06
5.3527276e-06
4.3795089e-06
3.4062905e-06
2.433073e-06
1.4598614e-06
4.8661367e-07
0.00025789428
0.00025262867
0.00024370458
0.00023362788
0.00022433977
0.00021642009
0.00020984662
0.00020443168
0.00019995891
0.00019622939
0.00019307876
0.00019037783
0.00018802714
0.0001859506
0.00018409003
0.00018240072
0.00018084811
0.00017940525
0.00017805097
0.00017676853
0.00017554454
0.00017436827
0.00017323105
0.00017212581
0.00017104681
0.00016998934
0.0001689495
0.00016792411
0.00016691052
0.00016590656
0.00016491042
0.00016392059
0.00016293585
0.00016195517
0.00016097771
0.00016000276
0.00015902977
0.00015805826
0.00015708786
0.00015611825
0.00015514918
0.00015418046
0.00015321193
0.00015224346
0.00015127497
0.00015030637
0.00014933762
0.00014836867
0.00014739951
0.00014643011
0.00014546046
0.00014449057
0.00014352044
0.00014255007
0.00014157947
0.00014060865
0.00013963762
0.0001386664
0.000137695
0.00013672343
0.00013575171
0.00013477984
0.00013380783
0.00013283571
0.00013186348
0.00013089115
0.00012991872
0.00012894621
0.00012797363
0.00012700098
0.00012602827
0.00012505551
0.00012408269
0.00012310983
0.00012213694
0.000121164
0.00012019103
0.00011921804
0.00011824502
0.00011727197
0.00011629891
0.00011532582
0.00011435272
0.0001133796
0.00011240647
0.00011143333
0.00011046018
0.00010948702
0.00010851385
0.00010754067
0.00010656749
0.0001055943
0.0001046211
0.0001036479
0.0001026747
0.00010170149
0.00010072828
9.9755071e-05
9.8781856e-05
9.780864e-05
9.6835422e-05
9.5862203e-05
9.4888983e-05
9.3915762e-05
9.294254e-05
9.1969318e-05
9.0996096e-05
9.0022874e-05
8.9049651e-05
8.8076429e-05
8.7103206e-05
8.6129984e-05
8.5156762e-05
8.418354e-05
8.3210318e-05
8.2237097e-05
8.1263876e-05
8.0290655e-05
7.9317434e-05
7.8344214e-05
7.7370994e-05
7.6397774e-05
7.5424554e-05
7.4451334e-05
7.3478115e-05
7.2504896e-05
7.1531677e-05
7.0558458e-05
6.9585239e-05
6.861202e-05
6.7638801e-05
6.6665582e-05
6.5692363e-05
6.4719144e-05
6.3745925e-05
6.2772706e-05
6.1799487e-05
6.0826268e-05
5.9853049e-05
5.887983e-05
5.790661e-05
5.6933391e-05
5.5960171e-05
5.4986952e-05
5.4013732e-05
5.3040513e-05
5.2067293e-05
5.1094073e-05
5.0120853e-05
4.9147633e-05
4.8174413e-05
4.7201193e-05
4.6227973e-05
4.5254753e-05
4.4281532e-05
4.3308312e-05
4.2335092e-05
4.1361871e-05
4.0388651e-05
3.9415431e-05
3.844221e-05
3.746899e-05
3.649577e-05
3.5522549e-05
3.4549329e-05
3.3576109e-05
3.2602888e-05
3.1629668e-05
3.0656448e-05
2.9683227e-05
2.8710007e-05
2.7736787e-05
2.6763567e-05
2.5790346e-05
2.4817126e-05
2.3843906e-05
2.2870686e-05
2.1897466e-05
2.0924245e-05
1.9951025e-05
1.8977805e-05
1.8004585e-05
1.7031365e-05
1.6058144e-05
1.5084924e-05
1.4111704e-05
1.3138484e-05
1.2165264e-05
1.1192044e-05
1.0218824e-05
9.245604e-06
8.2723842e-06
7.2991645e-06
6.325945e-06
5.3527258e-06
4.3795069e-06
3.4062882e-06
2.4330704e-06
1.4598577e-06
4.8661312e-07
0.0002825531
0.00026888381
0.00025330409
0.00023880585
0.00022670043
0.00021716847
0.00020974153
0.00020390488
0.00019924999
0.00019546752
0.00019233051
0.00018967534
0.00018738393
0.00018537034
0.00018357133
0.00018193976
0.00018044006
0.00017904501
0.00017773356
0.00017648926
0.00017529914
0.00017415285
0.00017304213
0.00017196029
0.00017090192
0.00016986262
0.00016883879
0.00016782748
0.00016682627
0.00016583318
0.00016484657
0.00016386511
0.0001628877
0.00016191344
0.00016094158
0.00015997154
0.00015900282
0.00015803503
0.00015706787
0.00015610108
0.00015513446
0.00015416786
0.00015320117
0.00015223429
0.00015126717
0.00015029976
0.00014933202
0.00014836395
0.00014739553
0.00014642678
0.00014545768
0.00014448826
0.00014351852
0.00014254849
0.00014157817
0.00014060759
0.00013963677
0.00013866572
0.00013769446
0.00013672301
0.00013575139
0.0001347796
0.00013380767
0.0001328356
0.00013186341
0.00013089111
0.00012991872
0.00012894623
0.00012797367
0.00012700103
0.00012602833
0.00012505557
0.00012408276
0.00012310991
0.00012213701
0.00012116407
0.00012019111
0.00011921811
0.00011824508
0.00011727204
0.00011629897
0.00011532588
0.00011435277
0.00011337965
0.00011240652
0.00011143338
0.00011046022
0.00010948706
0.00010851388
0.0001075407
0.00010656752
0.00010559432
0.00010462112
0.00010364792
0.00010267472
0.00010170151
0.0001007283
9.9755082e-05
9.8781866e-05
9.7808648e-05
9.6835429e-05
9.5862208e-05
9.4888987e-05
9.3915765e-05
9.2942543e-05
9.196932e-05
9.0996097e-05
9.0022874e-05
8.9049651e-05
8.8076429e-05
8.7103206e-05
8.6129983e-05
8.5156761e-05
8.4183539e-05
8.3210317e-05
8.2237096e-05
8.1263875e-05
8.0290654e-05
7.9317433e-05
7.8344213e-05
7.7370993e-05
7.6397773e-05
7.5424553e-05
7.4451334e-05
7.3478115e-05
7.2504895e-05
7.1531676e-05
7.0558457e-05
6.9585238e-05
6.861202e-05
6.7638801e-05
6.6665582e-05
6.5692363e-05
6.4719144e-05
6.3745925e-05
6.2772706e-05
6.1799487e-05
6.0826268e-05
5.9853049e-05
5.887983e-05
5.7906611e-05
5.6933391e-05
5.5960172e-05
5.4986952e-05
5.4013732e-05
5.3040513e-05
5.2067293e-05
5.1094073e-05
5.0120853e-05
4.9147633e-05
4.8174413e-05
4.7201193e-05
4.6227973e-05
4.5254753e-05
4.4281532e-05
4.3308312e-05
4.2335092e-05
4.1361871e-05
4.0388651e-05
3.9415431e-05
3.844221e-05
3.746899e-05
3.649577e-05
3.5522549e-05
3.4549329e-05
3.3576109e-05
3.2602888e-05
3.1629668e-05
3.0656448e-05
2.9683227e-05
2.8710007e-05
2.7736787e-05
2.6763567e-05
2.5790346e-05
2.4817126e-05
2.3843906e-05
2.2870686e-05
2.1897465e-05
2.0924245e-05
1.9951025e-05
1.8977805e-05
1.8004584e-05
1.7031364e-05
1.6058144e-05
1.5084924e-05
1.4111704e-05
1.3138483e-05
1.2165263e-05
1.1192043e-05
1.0218823e-05
9.2456026e-06
8.2723826e-06
7.2991627e-06
6.325943e-06
5.3527236e-06
4.3795044e-06
3.4062854e-06
2.4330671e-06
1.4598531e-06
4.8661238e-07
0.00032165127
0.00028908613
0.00026253242
0.00024257218
0.00022749309
0.00021655509
0.0002085765
0.0002025898
0.00019796434
0.00019428469
0.00019127355
0.00018874455
0.00018657023
0.0001846615
0.00018295479
0.00018140377
0.00017997408
0.00017863981
0.00017738111
0.00017618264
0.00017503235
0.00017392072
0.00017284018
0.00017178464
0.00017074922
0.00016972993
0.00016872355
0.00016772748
0.00016673957
0.00016575807
0.00016478158
0.00016380894
0.0001628392
0.00016187162
0.00016090558
0.00015994058
0.00015897625
0.00015801227
0.0001570484
0.00015608445
0.00015512029
0.00015415582
0.00015319095
0.00015222565
0.00015125987
0.00015029362
0.00014932687
0.00014835965
0.00014739195
0.00014642381
0.00014545523
0.00014448625
0.00014351688
0.00014254716
0.00014157711
0.00014060675
0.00013963611
0.00013866522
0.00013769409
0.00013672274
0.0001357512
0.00013477948
0.0001338076
0.00013283557
0.00013186342
0.00013089115
0.00012991878
0.00012894631
0.00012797375
0.00012700113
0.00012602843
0.00012505567
0.00012408286
0.00012311001
0.00012213711
0.00012116417
0.0001201912
0.0001192182
0.00011824517
0.00011727211
0.00011629904
0.00011532595
0.00011435284
0.00011337971
0.00011240658
0.00011143343
0.00011046027
0.0001094871
0.00010851392
0.00010754074
0.00010656755
0.00010559435
0.00010462115
0.00010364794
0.00010267474
0.00010170152
0.00010072831
9.9755094e-05
9.8781876e-05
9.7808656e-05
9.6835436e-05
9.5862214e-05
9.4888992e-05
9.3915769e-05
9.2942546e-05
9.1969322e-05
9.0996099e-05
9.0022875e-05
8.9049652e-05
8.8076428e-05
8.7103205e-05
8.6129983e-05
8.515676e-05
8.4183538e-05
8.3210316e-05
8.2237095e-05
8.1263874e-05
8.0290653e-05
7.9317432e-05
7.8344212e-05
7.7370992e-05
7.6397772e-05
7.5424553e-05
7.4451333e-05
7.3478114e-05
7.2504895e-05
7.1531676e-05
7.0558457e-05
6.9585238e-05
6.8612019e-05
6.7638801e-05
6.6665582e-05
6.5692363e-05
6.4719144e-05
6.3745925e-05
6.2772706e-05
6.1799487e-05
6.0826268e-05
5.9853049e-05
5.887983e-05
5.7906611e-05
5.6933391e-05
5.5960172e-05
5.4986952e-05
5.4013733e-05
5.3040513e-05
5.2067293e-05
5.1094073e-05
5.0120853e-05
4.9147633e-05
4.8174413e-05
4.7201193e-05
4.6227973e-05
4.5254753e-05
4.4281533e-05
4.3308312e-05
4.2335092e-05
4.1361872e-05
4.0388651e-05
3.9415431e-05
3.844221e-05
3.746899e-05
3.649577e-05
3.5522549e-05
3.4549329e-05
3.3576109e-05
3.2602888e-05
3.1629668e-05
3.0656448e-05
2.9683227e-05
2.8710007e-05
2.7736787e-05
2.6763566e-05
2.5790346e-05
2.4817126e-05
2.3843906e-05
2.2870685e-05
2.1897465e-05
2.0924245e-05
1.9951025e-05
1.8977804e-05
1.8004584e-05
1.7031364e-05
1.6058143e-05
1.5084923e-05
1.4111703e-05
1.3138482e-05
1.2165262e-05
1.1192042e-05
1.0218821e-05
9.2456011e-06
8.2723809e-06
7.2991608e-06
6.3259408e-06
5.3527211e-06
4.3795016e-06
3.4062822e-06
2.4330634e-06
1.4598476e-06
4.8661137e-07
0.00040223018
0.00031506632
0.00026785249
0.0002420174
0.00022487847
0.00021349744
0.00020572352
0.00020011511
0.00019587236
0.00019253022
0.00018980252
0.00018750749
0.00018552567
0.00018377576
0.00018220078
0.0001807597
0.00017942232
0.00017816599
0.00017697345
0.00017583138
0.00017472934
0.00017365914
0.00017261426
0.00017158947
0.00017058061
0.00016958431
0.00016859784
0.00016761902
0.00016664605
0.00016567752
0.00016471226
0.00016374936
0.00016278806
0.00016182778
0.00016086805
0.00015990852
0.0001589489
0.00015798898
0.00015702861
0.00015606768
0.00015510611
0.00015414386
0.0001531809
0.00015221722
0.00015125283
0.00015028776
0.00014932202
0.00014835564
0.00014738867
0.00014642113
0.00014545306
0.00014448451
0.0001435155
0.00014254608
0.00014157628
0.00014060612
0.00013963565
0.00013866489
0.00013769387
0.00013672262
0.00013575114
0.00013477948
0.00013380765
0.00013283566
0.00013186353
0.00013089128
0.00012991891
0.00012894645
0.0001279739
0.00012700128
0.00012602858
0.00012505582
0.00012408301
0.00012311014
0.00012213724
0.00012116429
0.00012019132
0.00011921831
0.00011824527
0.00011727221
0.00011629913
0.00011532603
0.00011435291
0.00011337978
0.00011240664
0.00011143349
0.00011046032
0.00010948715
0.00010851396
0.00010754078
0.00010656758
0.00010559438
0.00010462118
0.00010364797
0.00010267476
0.00010170154
0.00010072833
9.9755107e-05
9.8781887e-05
9.7808666e-05
9.6835443e-05
9.586222e-05
9.4888997e-05
9.3915772e-05
9.2942548e-05
9.1969324e-05
9.09961e-05
9.0022875e-05
8.9049652e-05
8.8076428e-05
8.7103205e-05
8.6129982e-05
8.5156759e-05
8.4183537e-05
8.3210315e-05
8.2237093e-05
8.1263872e-05
8.0290651e-05
7.9317431e-05
7.8344211e-05
7.7370991e-05
7.6397771e-05
7.5424552e-05
7.4451333e-05
7.3478113e-05
7.2504895e-05
7.1531676e-05
7.0558457e-05
6.9585238e-05
6.8612019e-05
6.7638801e-05
6.6665582e-05
6.5692363e-05
6.4719144e-05
6.3745926e-05
6.2772707e-05
6.1799488e-05
6.0826269e-05
5.985305e-05
5.887983e-05
5.7906611e-05
5.6933392e-05
5.5960172e-05
5.4986953e-05
5.4013733e-05
5.3040513e-05
5.2067294e-05
5.1094074e-05
5.0120854e-05
4.9147634e-05
4.8174414e-05
4.7201193e-05
4.6227973e-05
4.5254753e-05
4.4281533e-05
4.3308312e-05
4.2335092e-05
4.1361872e-05
4.0388651e-05
3.9415431e-05
3.844221e-05
3.746899e-05
3.649577e-05
3.5522549e-05
3.4549329e-05
3.3576109e-05
3.2602888e-05
3.1629668e-05
3.0656448e-05
2.9683227e-05
2.8710007e-05
2.7736787e-05
2.6763566e-05
2.5790346e-05
2.4817126e-05
2.3843905e-05
2.2870685e-05
2.1897465e-05
2.0924245e-05
1.9951024e-05
1.8977804e-05
1.8004584e-05
1.7031363e-05
1.6058143e-05
1.5084923e-05
1.4111702e-05
1.3138482e-05
1.2165261e-05
1.1192041e-05
1.021882e-05
9.2455995e-06
8.272379e-06
7.2991585e-06
6.3259383e-06
5.3527182e-06
4.3794983e-06
3.4062786e-06
2.4330592e-06
1.4598414e-06
4.8660978e-07
0.00055738112
0.00034938768
0.00027055254
0.00023831368
0.00021989011
0.00020892166
0.00020194735
0.00019708395
0.00019344436
0.00019057171
0.00018820712
0.00018619493
0.00018443609
0.00018286431
0.00018143344
0.00018011027
0.00017887034
0.00017769523
0.00017657087
0.00017548637
0.00017443321
0.00017340467
0.00017239542
0.0001714012
0.00017041861
0.00016944492
0.00016847796
0.00016751596
0.00016655753
0.00016560155
0.00016464714
0.00016369359
0.00016274037
0.00016178707
0.00016083335
0.000159879
0.00015892383
0.00015796775
0.00015701067
0.00015605255
0.00015509339
0.0001541332
0.00015317199
0.00015220981
0.00015124669
0.0001502827
0.00014931787
0.00014835226
0.00014738593
0.00014641893
0.00014545132
0.00014448314
0.00014351445
0.00014254528
0.00014157569
0.00014060571
0.00013963538
0.00013866473
0.0001376938
0.00013672261
0.0001357512
0.00013477957
0.00013380777
0.0001328358
0.00013186369
0.00013089145
0.00012991909
0.00012894663
0.00012797408
0.00012700145
0.00012602875
0.00012505598
0.00012408316
0.00012311029
0.00012213738
0.00012116443
0.00012019144
0.00011921842
0.00011824538
0.00011727231
0.00011629922
0.00011532612
0.00011435299
0.00011337986
0.00011240671
0.00011143355
0.00011046037
0.0001094872
0.00010851401
0.00010754082
0.00010656762
0.00010559441
0.0001046212
0.00010364799
0.00010267478
0.00010170156
0.00010072834
9.9755121e-05
9.8781898e-05
9.7808675e-05
9.6835451e-05
9.5862226e-05
9.4889001e-05
9.3915776e-05
9.2942551e-05
9.1969325e-05
9.09961e-05
9.0022876e-05
8.9049651e-05
8.8076427e-05
8.7103204e-05
8.612998e-05
8.5156758e-05
8.4183535e-05
8.3210313e-05
8.2237092e-05
8.1263871e-05
8.029065e-05
7.931743e-05
7.834421e-05
7.737099e-05
7.639777e-05
7.5424551e-05
7.4451332e-05
7.3478113e-05
7.2504894e-05
7.1531675e-05
7.0558457e-05
6.9585238e-05
6.8612019e-05
6.7638801e-05
6.6665582e-05
6.5692363e-05
6.4719145e-05
6.3745926e-05
6.2772707e-05
6.1799488e-05
6.0826269e-05
5.985305e-05
5.8879831e-05
5.7906612e-05
5.6933392e-05
5.5960173e-05
5.4986953e-05
5.4013733e-05
5.3040514e-05
5.2067294e-05
5.1094074e-05
5.0120854e-05
4.9147634e-05
4.8174414e-05
4.7201194e-05
4.6227973e-05
4.5254753e-05
4.4281533e-05
4.3308312e-05
4.2335092e-05
4.1361872e-05
4.0388651e-05
3.9415431e-05
3.8442211e-05
3.746899e-05
3.649577e-05
3.5522549e-05
3.4549329e-05
3.3576109e-05
3.2602888e-05
3.1629668e-05
3.0656448e-05
2.9683227e-05
2.8710007e-05
2.7736787e-05
2.6763566e-05
2.5790346e-05
2.4817126e-05
2.3843905e-05
2.2870685e-05
2.1897465e-05
2.0924244e-05
1.9951024e-05
1.8977804e-05
1.8004583e-05
1.7031363e-05
1.6058142e-05
1.5084922e-05
1.4111701e-05
1.3138481e-05
1.216526e-05
1.1192039e-05
1.0218819e-05
9.2455979e-06
8.2723771e-06
7.2991564e-06
6.3259358e-06
5.3527154e-06
4.3794952e-06
3.4062752e-06
2.4330554e-06
1.4598359e-06
4.8660748e-07
)
;

boundaryField
{
    inlet_0
    {
        type            zeroGradient;
    }
    inlet_1
    {
        type            zeroGradient;
    }
    inlet_2
    {
        type            zeroGradient;
    }
    inlet_3
    {
        type            zeroGradient;
    }
    inlet_4
    {
        type            zeroGradient;
    }
    inlet_5
    {
        type            zeroGradient;
    }
    inlet_6
    {
        type            zeroGradient;
    }
    inlet_7
    {
        type            zeroGradient;
    }
    outlet
    {
        type            fixedValue;
        value           uniform 0;
    }
    walls
    {
        type            zeroGradient;
    }
    floor
    {
        type            zeroGradient;
    }
    frontAndBack
    {
        type            empty;
    }
}


// ************************************************************************* //
