/*--------------------------------*- C++ -*----------------------------------*\
| =========                 |                                                 |
| \\      /  F ield         | OpenFOAM: The Open Source CFD Toolbox           |
|  \\    /   O peration     | Version:  2406                                  |
|   \\  /    A nd           | Website:  www.openfoam.com                      |
|    \\/     M anipulation  |                                                 |
\*---------------------------------------------------------------------------*/
FoamFile
{
    version     2.0;
    format      ascii;
    arch        "LSB;label=32;scalar=64";
    class       volVectorField;
    location    "1585";
    object      U;
}
// * * * * * * * * * * * * * * * * * * * * * * * * * * * * * * * * * * * * * //

dimensions      [0 1 -1 0 0 0 0];

internalField   nonuniform List<vector> 
17600
(
(0.0021796595 0.00040845939 0)
(0.0017740913 0.00026696605 0)
(0.0011885867 0.00010931623 0)
(0.00084840352 5.2741806e-05 0)
(0.00065593242 2.8386542e-05 0)
(0.00053349331 1.6101918e-05 0)
(0.00045060731 9.899357e-06 0)
(0.00039151103 6.6013281e-06 0)
(0.00034733849 4.7009657e-06 0)
(0.00031307259 3.522017e-06 0)
(0.00028572315 2.7417005e-06 0)
(0.00026340355 2.1963518e-06 0)
(0.00024486543 1.7983052e-06 0)
(0.0002292482 1.4976901e-06 0)
(0.00021593765 1.2644358e-06 0)
(0.00020448258 1.0794576e-06 0)
(0.00019454335 9.3010553e-07 0)
(0.0001858591 8.076856e-07 0)
(0.00017822585 7.0604129e-07 0)
(0.00017148168 6.2070246e-07 0)
(0.00016549631 5.4835399e-07 0)
(0.00016016366 4.8649214e-07 0)
(0.00015539637 4.3319568e-07 0)
(0.00015112189 3.869694e-07 0)
(0.00014727932 3.4663491e-07 0)
(0.00014381723 3.1125287e-07 0)
(0.0001406918 2.8006663e-07 0)
(0.00013786545 2.5246093e-07 0)
(0.00013530578 2.2793102e-07 0)
(0.00013298465 2.0605943e-07 0)
(0.00013087752 1.8649827e-07 0)
(0.00012896289 1.6895556e-07 0)
(0.00012722181 1.531846e-07 0)
(0.00012563751 1.3897566e-07 0)
(0.00012419514 1.2614936e-07 0)
(0.00012288144 1.1455146e-07 0)
(0.00012168456 1.0404862e-07 0)
(0.00012059388 9.4524993e-08 0)
(0.00011959986 8.5879471e-08 0)
(0.0001186939 7.8023413e-08 0)
(0.00011786822 7.0878785e-08 0)
(0.0001171158 6.4376626e-08 0)
(0.00011643025 5.8455764e-08 0)
(0.00011580579 5.3061753e-08 0)
(0.00011523713 4.8145978e-08 0)
(0.00011471949 4.3664898e-08 0)
(0.00011424848 3.9579408e-08 0)
(0.0001138201 3.58543e-08 0)
(0.00011343071 3.2457798e-08 0)
(0.00011307697 2.9361158e-08 0)
(0.0001127558 2.6538332e-08 0)
(0.00011246443 2.3965669e-08 0)
(0.00011220027 2.162166e-08 0)
(0.00011196099 1.9486717e-08 0)
(0.00011174443 1.7542977e-08 0)
(0.00011154861 1.5774129e-08 0)
(0.00011137172 1.4165268e-08 0)
(0.0001112121 1.2702759e-08 0)
(0.00011106822 1.137412e-08 0)
(0.0001109387 1.0167916e-08 0)
(0.00011082225 9.0736689e-09 0)
(0.00011071769 8.0817697e-09 0)
(0.00011062395 7.1834058e-09 0)
(0.00011054005 6.370491e-09 0)
(0.00011046507 5.6356073e-09 0)
(0.00011039821 4.9719456e-09 0)
(0.00011033869 4.3732596e-09 0)
(0.00011028583 3.8338158e-09 0)
(0.00011023899 3.3483559e-09 0)
(0.0001101976 2.9120544e-09 0)
(0.00011016113 2.5204879e-09 0)
(0.00011012909 2.1695993e-09 0)
(0.00011010105 1.8556722e-09 0)
(0.00011007661 1.5753003e-09 0)
(0.0001100554 1.3253658e-09 0)
(0.00011003709 1.1030139e-09 0)
(0.00011002138 9.0563442e-10 0)
(0.00011000799 7.3083985e-10 0)
(0.00010999668 5.7644974e-10 0)
(0.00010998721 4.4047229e-10 0)
(0.00010997939 3.2109079e-10 0)
(0.00010997302 2.1664814e-10 0)
(0.00010996795 1.2563504e-10 0)
(0.00010996401 4.6677126e-11 0)
(0.00010996108 -2.1475576e-11 0)
(0.00010995902 -7.9959056e-11 0)
(0.00010995774 -1.2980492e-10 0)
(0.00010995712 -1.7194861e-10 0)
(0.00010995709 -2.072383e-10 0)
(0.00010995755 -2.3644112e-10 0)
(0.00010995844 -2.6025159e-10 0)
(0.00010995969 -2.7929595e-10 0)
(0.00010996125 -2.9414033e-10 0)
(0.00010996306 -3.0529345e-10 0)
(0.00010996509 -3.1321454e-10 0)
(0.00010996729 -3.1831452e-10 0)
(0.00010996962 -3.2096394e-10 0)
(0.00010997205 -3.2149268e-10 0)
(0.00010997456 -3.2019797e-10 0)
(0.00010997712 -3.1734278e-10 0)
(0.00010997972 -3.13164e-10 0)
(0.00010998233 -3.0786956e-10 0)
(0.00010998493 -3.0164693e-10 0)
(0.00010998752 -2.94659e-10 0)
(0.00010999009 -2.870529e-10 0)
(0.00010999261 -2.7895487e-10 0)
(0.00010999509 -2.7047933e-10 0)
(0.00010999752 -2.617228e-10 0)
(0.00010999989 -2.5277332e-10 0)
(0.00011000219 -2.437035e-10 0)
(0.00011000443 -2.3458024e-10 0)
(0.00011000661 -2.25457e-10 0)
(0.00011000871 -2.1638386e-10 0)
(0.00011001073 -2.0739909e-10 0)
(0.00011001269 -1.9853948e-10 0)
(0.00011001457 -1.8983131e-10 0)
(0.00011001637 -1.8130098e-10 0)
(0.00011001811 -1.7296542e-10 0)
(0.00011001977 -1.6484296e-10 0)
(0.00011002136 -1.5694329e-10 0)
(0.00011002287 -1.4927857e-10 0)
(0.00011002432 -1.4185297e-10 0)
(0.00011002571 -1.3467396e-10 0)
(0.00011002702 -1.2774155e-10 0)
(0.00011002828 -1.2105973e-10 0)
(0.00011002947 -1.1462541e-10 0)
(0.0001100306 -1.0844005e-10 0)
(0.00011003167 -1.0249832e-10 0)
(0.00011003269 -9.679985e-11 0)
(0.00011003365 -9.1337727e-11 0)
(0.00011003456 -8.6110332e-11 0)
(0.00011003542 -8.1109675e-11 0)
(0.00011003623 -7.6333306e-11 0)
(0.000110037 -7.1772542e-11 0)
(0.00011003772 -6.7424425e-11 0)
(0.0001100384 -6.327987e-11 0)
(0.00011003903 -5.9335647e-11 0)
(0.00011003963 -5.5582478e-11 0)
(0.00011004019 -5.2017038e-11 0)
(0.00011004072 -4.8630012e-11 0)
(0.00011004121 -4.5418103e-11 0)
(0.00011004168 -4.2372065e-11 0)
(0.00011004211 -3.9488718e-11 0)
(0.00011004251 -3.6758964e-11 0)
(0.00011004289 -3.4179795e-11 0)
(0.00011004323 -3.1742314e-11 0)
(0.00011004356 -2.9443724e-11 0)
(0.00011004386 -2.7275363e-11 0)
(0.00011004414 -2.5234668e-11 0)
(0.0001100444 -2.331323e-11 0)
(0.00011004464 -2.1508738e-11 0)
(0.00011004486 -1.9813045e-11 0)
(0.00011004507 -1.8224096e-11 0)
(0.00011004525 -1.6734014e-11 0)
(0.00011004543 -1.5340997e-11 0)
(0.00011004559 -1.403744e-11 0)
(0.00011004573 -1.2821786e-11 0)
(0.00011004586 -1.1686699e-11 0)
(0.00011004599 -1.0630863e-11 0)
(0.0001100461 -9.6471992e-12 0)
(0.0001100462 -8.7346181e-12 0)
(0.00011004629 -7.8862956e-12 0)
(0.00011004637 -7.1013454e-12 0)
(0.00011004644 -6.3731877e-12 0)
(0.00011004651 -5.7011215e-12 0)
(0.00011004657 -5.0787949e-12 0)
(0.00011004663 -4.505665e-12 0)
(0.00011004667 -3.9755895e-12 0)
(0.00011004671 -3.4881588e-12 0)
(0.00011004675 -3.0374175e-12 0)
(0.00011004678 -2.6230558e-12 0)
(0.00011004681 -2.2392803e-12 0)
(0.00011004683 -1.885853e-12 0)
(0.00011004685 -1.5571157e-12 0)
(0.00011004687 -1.2528742e-12 0)
(0.00011004688 -9.6758685e-13 0)
(0.00011004689 -7.010849e-13 0)
(0.0001100469 -4.4793968e-13 0)
(0.0001100469 -2.0801322e-13 0)
(0.00011004691 2.3979715e-14 0)
(0.00011004691 2.4809864e-13 0)
(0.0001100469 4.6939269e-13 0)
(0.0001100469 6.8770331e-13 0)
(0.00011004689 9.0763117e-13 0)
(0.00011004688 1.1284825e-12 0)
(0.00011004686 1.3539826e-12 0)
(0.00011004685 1.5823171e-12 0)
(0.00011004683 1.8155712e-12 0)
(0.00011004681 2.0498106e-12 0)
(0.00011004679 2.284248e-12 0)
(0.00011004676 2.5113128e-12 0)
(0.00011004673 2.7255224e-12 0)
(0.0001100467 2.9134856e-12 0)
(0.00011004667 3.0636246e-12 0)
(0.00011004664 3.1570433e-12 0)
(0.0001100466 3.1885573e-12 0)
(0.00011004657 3.2283822e-12 0)
(0.00011004653 3.4872665e-12 0)
(0.0001100465 1.5799893e-12 0)
(0.00011004641 1.9652472e-11 0)
(0.0031782002 0.00091946588 0)
(0.003012799 0.0008759805 0)
(0.0024741323 0.00056941046 0)
(0.0020178236 0.00035902588 0)
(0.0016820837 0.00023152952 0)
(0.001432254 0.00015566124 0)
(0.0012443464 0.00010981911 0)
(0.0011004211 8.1009622e-05 0)
(0.00098767208 6.2035954e-05 0)
(0.00089744426 4.8962272e-05 0)
(0.00082387422 3.9584464e-05 0)
(0.00076291332 3.2623628e-05 0)
(0.00071170467 2.7307409e-05 0)
(0.00066818608 2.3149983e-05 0)
(0.00063083582 1.9833827e-05 0)
(0.00059850796 1.7144167e-05 0)
(0.00057032356 1.4931308e-05 0)
(0.00054559724 1.3088166e-05 0)
(0.00052378666 1.1536405e-05 0)
(0.00050445693 1.0217589e-05 0)
(0.0004872551 9.0873754e-06 0)
(0.00047189169 8.111603e-06 0)
(0.00045812686 7.2635975e-06 0)
(0.00044576017 6.5222749e-06 0)
(0.00043462267 5.8707856e-06 0)
(0.00042457094 5.2955275e-06 0)
(0.00041548232 4.7854177e-06 0)
(0.0004072513 4.3313486e-06 0)
(0.00039978651 3.9257759e-06 0)
(0.00039300845 3.5624038e-06 0)
(0.00038684757 3.2359421e-06 0)
(0.00038124273 2.9419161e-06 0)
(0.00037613999 2.6765182e-06 0)
(0.00037149151 2.436489e-06 0)
(0.00036725476 2.2190236e-06 0)
(0.00036339178 2.0216956e-06 0)
(0.00035986856 1.8423958e-06 0)
(0.0003566546 1.6792819e-06 0)
(0.0003537224 1.5307381e-06 0)
(0.00035104717 1.3953413e-06 0)
(0.00034860647 1.271833e-06 0)
(0.00034637998 1.1590964e-06 0)
(0.00034434923 1.0561369e-06 0)
(0.00034249745 9.6206595e-07 0)
(0.00034080936 8.7608719e-07 0)
(0.000339271 7.9748504e-07 0)
(0.00033786966 7.2561473e-07 0)
(0.00033659372 6.5989388e-07 0)
(0.00033543253 5.997953e-07 0)
(0.00033437635 5.4484076e-07 0)
(0.00033341628 4.9459566e-07 0)
(0.00033254413 4.4866434e-07 0)
(0.00033175242 4.0668604e-07 0)
(0.00033103427 3.6833137e-07 0)
(0.00033038337 3.332992e-07 0)
(0.00032979394 3.0131394e-07 0)
(0.00032926066 2.721231e-07 0)
(0.00032877867 2.4549519e-07 0)
(0.00032834348 2.2121779e-07 0)
(0.000327951 1.9909589e-07 0)
(0.00032759746 1.7895034e-07 0)
(0.00032727939 1.6061648e-07 0)
(0.00032699363 1.4394297e-07 0)
(0.00032673727 1.2879062e-07 0)
(0.00032650765 1.1503144e-07 0)
(0.00032630232 1.0254769e-07 0)
(0.00032611905 9.1231075e-08 0)
(0.00032595578 8.0981998e-08 0)
(0.00032581065 7.1708853e-08 0)
(0.00032568194 6.3327405e-08 0)
(0.00032556808 5.5760213e-08 0)
(0.00032546764 4.8936101e-08 0)
(0.00032537931 4.2789667e-08 0)
(0.0003253019 3.7260839e-08 0)
(0.00032523432 3.2294459e-08 0)
(0.00032517558 2.7839905e-08 0)
(0.00032512478 2.3850736e-08 0)
(0.00032508109 2.0284372e-08 0)
(0.00032504376 1.710179e-08 0)
(0.00032501213 1.4267248e-08 0)
(0.00032498558 1.1748029e-08 0)
(0.00032496354 9.5142037e-09 0)
(0.00032494551 7.5384108e-09 0)
(0.00032493103 5.795653e-09 0)
(0.00032491969 4.2631097e-09 0)
(0.00032491113 2.9199631e-09 0)
(0.00032490499 1.7472367e-09 0)
(0.00032490098 7.2764678e-10 0)
(0.00032489882 -1.5453597e-10 0)
(0.00032489828 -9.1361294e-10 0)
(0.00032489912 -1.5625768e-09 0)
(0.00032490116 -2.1132185e-09 0)
(0.00032490422 -2.5762302e-09 0)
(0.00032490813 -2.9612952e-09 0)
(0.00032491277 -3.2771768e-09 0)
(0.00032491801 -3.5317943e-09 0)
(0.00032492373 -3.7322988e-09 0)
(0.00032492984 -3.8851372e-09 0)
(0.00032493625 -3.9961176e-09 0)
(0.00032494289 -4.0704624e-09 0)
(0.00032494969 -4.1128645e-09 0)
(0.00032495659 -4.1275313e-09 0)
(0.00032496355 -4.1182334e-09 0)
(0.00032497051 -4.0883404e-09 0)
(0.00032497744 -4.0408629e-09 0)
(0.00032498431 -3.9784812e-09 0)
(0.00032499109 -3.9035827e-09 0)
(0.00032499775 -3.8182837e-09 0)
(0.00032500428 -3.7244621e-09 0)
(0.00032501067 -3.6237745e-09 0)
(0.00032501688 -3.517685e-09 0)
(0.00032502293 -3.4074775e-09 0)
(0.00032502879 -3.2942812e-09 0)
(0.00032503447 -3.1790794e-09 0)
(0.00032503995 -3.0627321e-09 0)
(0.00032504524 -2.9459816e-09 0)
(0.00032505033 -2.8294724e-09 0)
(0.00032505523 -2.7137548e-09 0)
(0.00032505992 -2.5993022e-09 0)
(0.00032506443 -2.4865127e-09 0)
(0.00032506874 -2.3757249e-09 0)
(0.00032507286 -2.2672172e-09 0)
(0.00032507679 -2.1612224e-09 0)
(0.00032508055 -2.0579257e-09 0)
(0.00032508412 -1.9574779e-09 0)
(0.00032508753 -1.8599919e-09 0)
(0.00032509076 -1.7655554e-09 0)
(0.00032509384 -1.674226e-09 0)
(0.00032509675 -1.5860435e-09 0)
(0.00032509951 -1.5010236e-09 0)
(0.00032510213 -1.4191698e-09 0)
(0.0003251046 -1.3404666e-09 0)
(0.00032510694 -1.2648907e-09 0)
(0.00032510914 -1.1924037e-09 0)
(0.00032511122 -1.1229628e-09 0)
(0.00032511318 -1.0565131e-09 0)
(0.00032511503 -9.9299781e-10 0)
(0.00032511676 -9.3235057e-10 0)
(0.00032511839 -8.7450521e-10 0)
(0.00032511991 -8.193875e-10 0)
(0.00032512134 -7.6692516e-10 0)
(0.00032512268 -7.1703913e-10 0)
(0.00032512394 -6.6965351e-10 0)
(0.00032512511 -6.2468659e-10 0)
(0.0003251262 -5.8206078e-10 0)
(0.00032512721 -5.4169337e-10 0)
(0.00032512816 -5.0350651e-10 0)
(0.00032512904 -4.6741773e-10 0)
(0.00032512985 -4.3334999e-10 0)
(0.00032513061 -4.0122198e-10 0)
(0.00032513131 -3.7095823e-10 0)
(0.00032513196 -3.4247929e-10 0)
(0.00032513256 -3.1571185e-10 0)
(0.00032513311 -2.9057878e-10 0)
(0.00032513362 -2.6700934e-10 0)
(0.00032513408 -2.4492907e-10 0)
(0.00032513451 -2.2427006e-10 0)
(0.0003251349 -2.0496072e-10 0)
(0.00032513526 -1.8693615e-10 0)
(0.00032513559 -1.7012777e-10 0)
(0.00032513588 -1.544737e-10 0)
(0.00032513615 -1.3990841e-10 0)
(0.0003251364 -1.2637303e-10 0)
(0.00032513662 -1.1380501e-10 0)
(0.00032513682 -1.0214836e-10 0)
(0.00032513699 -9.1343418e-11 0)
(0.00032513715 -8.1336861e-11 0)
(0.00032513729 -7.2071712e-11 0)
(0.00032513742 -6.3497092e-11 0)
(0.00032513753 -5.5558451e-11 0)
(0.00032513763 -4.8207076e-11 0)
(0.00032513771 -4.1390593e-11 0)
(0.00032513778 -3.5062183e-11 0)
(0.00032513784 -2.9171437e-11 0)
(0.00032513789 -2.3673265e-11 0)
(0.00032513793 -1.8519152e-11 0)
(0.00032513796 -1.3665783e-11 0)
(0.00032513798 -9.066789e-12 0)
(0.00032513799 -4.6810911e-12 0)
(0.000325138 -4.6526872e-13 0)
(0.000325138 3.6183382e-12 0)
(0.00032513799 7.6084734e-12 0)
(0.00032513797 1.1537029e-11 0)
(0.00032513795 1.5434924e-11 0)
(0.00032513792 1.9324177e-11 0)
(0.00032513788 2.3222651e-11 0)
(0.00032513784 2.7135949e-11 0)
(0.00032513778 3.1060991e-11 0)
(0.00032513772 3.4977691e-11 0)
(0.00032513766 3.8851702e-11 0)
(0.00032513759 4.2626413e-11 0)
(0.00032513751 4.6227222e-11 0)
(0.00032513742 4.9558481e-11 0)
(0.00032513733 5.2518384e-11 0)
(0.00032513723 5.502423e-11 0)
(0.00032513713 5.7130126e-11 0)
(0.00032513702 5.9220808e-11 0)
(0.00032513691 6.2201148e-11 0)
(0.00032513681 6.8222939e-11 0)
(0.00032513661 1.1052336e-10 0)
(0.0033057547 0.00084455456 0)
(0.0033829368 0.0010764429 0)
(0.0031068442 0.00088385729 0)
(0.0027543736 0.0006592011 0)
(0.002423979 0.00048094207 0)
(0.0021403162 0.00035395618 0)
(0.0019058989 0.00026619461 0)
(0.001714223 0.00020521394 0)
(0.0015570546 0.00016198954 0)
(0.0014271366 0.00013058314 0)
(0.0013186769 0.00010718027 0)
(0.0012272125 8.9324153e-05 0)
(0.0011493406 7.5407843e-05 0)
(0.0010824624 6.4357405e-05 0)
(0.0010245776 5.5438054e-05 0)
(0.00097413024 4.8135228e-05 0)
(0.00092989642 4.2080618e-05 0)
(0.00089090226 3.7005248e-05 0)
(0.0008563643 3.270908e-05 0)
(0.00082564567 2.9040883e-05 0)
(0.00079822358 2.5884623e-05 0)
(0.00077366496 2.3150069e-05 0)
(0.00075160802 2.0766195e-05 0)
(0.00073174813 1.8676474e-05 0)
(0.0007138269 1.6835451e-05 0)
(0.00069762371 1.5206237e-05 0)
(0.00068294893 1.3758627e-05 0)
(0.00066963868 1.2467695e-05 0)
(0.00065755049 1.1312711e-05 0)
(0.00064655992 1.0276314e-05 0)
(0.00063655775 9.3438704e-06 0)
(0.00062744769 8.502964e-06 0)
(0.00061914451 7.7430012e-06 0)
(0.00061157249 7.0548914e-06 0)
(0.00060466411 6.430793e-06 0)
(0.00059835898 5.8639077e-06 0)
(0.00059260293 5.3483139e-06 0)
(0.00058734721 4.8788304e-06 0)
(0.00058254787 4.4509046e-06 0)
(0.00057816519 4.0605198e-06 0)
(0.00057416317 3.7041191e-06 0)
(0.00057050916 3.3785414e-06 0)
(0.00056717347 3.0809675e-06 0)
(0.00056412907 2.8088756e-06 0)
(0.00056135132 2.5600032e-06 0)
(0.00055881771 2.3323146e-06 0)
(0.00055650768 2.1239738e-06 0)
(0.00055440244 1.9333205e-06 0)
(0.00055248475 1.7588508e-06 0)
(0.00055073885 1.5991987e-06 0)
(0.00054915027 1.4531221e-06 0)
(0.00054770575 1.319489e-06 0)
(0.0005463931 1.1972667e-06 0)
(0.00054520117 1.0855113e-06 0)
(0.00054411968 9.8335954e-07 0)
(0.00054313922 8.9002051e-07 0)
(0.00054225113 8.0476931e-07 0)
(0.00054144746 7.269408e-07 0)
(0.00054072091 6.5592427e-07 0)
(0.00054006478 5.9115866e-07 0)
(0.00053947292 5.3212823e-07 0)
(0.00053893966 4.7835871e-07 0)
(0.00053845982 4.2941387e-07 0)
(0.00053802864 3.8489229e-07 0)
(0.00053764175 3.4442459e-07 0)
(0.00053729514 3.0767082e-07 0)
(0.00053698515 2.7431807e-07 0)
(0.0005367084 2.4407841e-07 0)
(0.00053646182 2.1668682e-07 0)
(0.00053624259 1.9189951e-07 0)
(0.00053604812 1.6949217e-07 0)
(0.00053587605 1.4925851e-07 0)
(0.00053572424 1.310089e-07 0)
(0.0005355907 1.1456899e-07 0)
(0.00053547365 9.9778633e-08 0)
(0.00053537143 8.649074e-08 0)
(0.00053528257 7.4570282e-08 0)
(0.00053520569 6.3893366e-08 0)
(0.00053513956 5.4346373e-08 0)
(0.00053508305 4.5825163e-08 0)
(0.00053503515 3.8234339e-08 0)
(0.00053499491 3.1486564e-08 0)
(0.0005349615 2.5501935e-08 0)
(0.00053493417 2.0207393e-08 0)
(0.0005349122 1.5536188e-08 0)
(0.00053489499 1.1427374e-08 0)
(0.00053488197 7.8253495e-09 0)
(0.00053487263 4.6794243e-09 0)
(0.00053486652 1.9434261e-09 0)
(0.00053486321 -4.2466889e-10 0)
(0.00053486235 -2.4630748e-09 0)
(0.0005348636 -4.2065107e-09 0)
(0.00053486666 -5.686491e-09 0)
(0.00053487126 -6.9315935e-09 0)
(0.00053487717 -7.9677071e-09 0)
(0.00053488418 -8.8182608e-09 0)
(0.0005348921 -9.504434e-09 0)
(0.00053490076 -1.0045352e-08 0)
(0.00053491001 -1.0458264e-08 0)
(0.00053491972 -1.0758708e-08 0)
(0.00053492979 -1.0960666e-08 0)
(0.0005349401 -1.1076698e-08 0)
(0.00053495057 -1.1118076e-08 0)
(0.00053496112 -1.1094897e-08 0)
(0.00053497168 -1.1016195e-08 0)
(0.0005349822 -1.0890039e-08 0)
(0.00053499263 -1.0723622e-08 0)
(0.00053500293 -1.0523347e-08 0)
(0.00053501305 -1.0294901e-08 0)
(0.00053502297 -1.0043325e-08 0)
(0.00053503267 -9.7730781e-09 0)
(0.00053504212 -9.488096e-09 0)
(0.00053505131 -9.1918408e-09 0)
(0.00053506023 -8.8873518e-09 0)
(0.00053506886 -8.5772877e-09 0)
(0.00053507719 -8.2639669e-09 0)
(0.00053508524 -7.9494027e-09 0)
(0.00053509298 -7.6353364e-09 0)
(0.00053510042 -7.3232664e-09 0)
(0.00053510757 -7.0144751e-09 0)
(0.00053511442 -6.7100525e-09 0)
(0.00053512098 -6.4109183e-09 0)
(0.00053512725 -6.1178408e-09 0)
(0.00053513323 -5.831455e-09 0)
(0.00053513894 -5.5522777e-09 0)
(0.00053514438 -5.2807223e-09 0)
(0.00053514956 -5.0171105e-09 0)
(0.00053515448 -4.7616846e-09 0)
(0.00053515915 -4.5146164e-09 0)
(0.00053516358 -4.2760173e-09 0)
(0.00053516778 -4.0459451e-09 0)
(0.00053517176 -3.8244122e-09 0)
(0.00053517551 -3.6113907e-09 0)
(0.00053517906 -3.4068192e-09 0)
(0.00053518241 -3.2106065e-09 0)
(0.00053518557 -3.0226368e-09 0)
(0.00053518854 -2.842773e-09 0)
(0.00053519134 -2.6708605e-09 0)
(0.00053519397 -2.5067294e-09 0)
(0.00053519643 -2.3501981e-09 0)
(0.00053519875 -2.2010747e-09 0)
(0.00053520091 -2.0591594e-09 0)
(0.00053520294 -1.9242461e-09 0)
(0.00053520483 -1.7961242e-09 0)
(0.0005352066 -1.6745792e-09 0)
(0.00053520825 -1.5593951e-09 0)
(0.00053520979 -1.4503537e-09 0)
(0.00053521122 -1.3472372e-09 0)
(0.00053521254 -1.2498276e-09 0)
(0.00053521377 -1.1579085e-09 0)
(0.00053521491 -1.0712645e-09 0)
(0.00053521597 -9.8968271e-10 0)
(0.00053521694 -9.1295236e-10 0)
(0.00053521784 -8.4086596e-10 0)
(0.00053521867 -7.7321868e-10 0)
(0.00053521943 -7.0980957e-10 0)
(0.00053522013 -6.5044079e-10 0)
(0.00053522077 -5.9491874e-10 0)
(0.00053522136 -5.4305322e-10 0)
(0.00053522189 -4.9465846e-10 0)
(0.00053522238 -4.4955224e-10 0)
(0.00053522282 -4.0755683e-10 0)
(0.00053522322 -3.6849803e-10 0)
(0.00053522358 -3.3220612e-10 0)
(0.00053522391 -2.9851478e-10 0)
(0.0005352242 -2.6726198e-10 0)
(0.00053522447 -2.3828891e-10 0)
(0.0005352247 -2.1144077e-10 0)
(0.00053522491 -1.8656571e-10 0)
(0.00053522509 -1.635156e-10 0)
(0.00053522525 -1.4214492e-10 0)
(0.00053522539 -1.2231156e-10 0)
(0.00053522551 -1.0387582e-10 0)
(0.00053522561 -8.6701123e-11 0)
(0.00053522569 -7.0653266e-11 0)
(0.00053522576 -5.5601225e-11 0)
(0.00053522581 -4.141662e-11 0)
(0.00053522585 -2.7974803e-11 0)
(0.00053522587 -1.5154747e-11 0)
(0.00053522588 -2.840546e-12 0)
(0.00053522588 9.0780112e-12 0)
(0.00053522587 2.0703254e-11 0)
(0.00053522584 3.2128053e-11 0)
(0.0005352258 4.3432617e-11 0)
(0.00053522575 5.4681565e-11 0)
(0.00053522569 6.5919376e-11 0)
(0.00053522562 7.7165885e-11 0)
(0.00053522554 8.8410411e-11 0)
(0.00053522544 9.9606182e-11 0)
(0.00053522534 1.1066442e-10 0)
(0.00053522522 1.2145068e-10 0)
(0.00053522509 1.3178525e-10 0)
(0.00053522495 1.4145422e-10 0)
(0.00053522481 1.502404e-10 0)
(0.00053522465 1.5800196e-10 0)
(0.00053522448 1.6488175e-10 0)
(0.00053522431 1.7165395e-10 0)
(0.00053522413 1.8005331e-10 0)
(0.00053522397 1.9417774e-10 0)
(0.00053522367 2.5103606e-10 0)
(0.0033009693 0.00067773746 0)
(0.0034666958 0.0010885989 0)
(0.0033859403 0.0010583867 0)
(0.0031755677 0.00089238061 0)
(0.0029182698 0.00071364118 0)
(0.0026616686 0.00056249169 0)
(0.0024274985 0.00044484152 0)
(0.0022220922 0.00035569236 0)
(0.0020448797 0.00028833062 0)
(0.0018927942 0.00023700876 0)
(0.0017621999 0.00019738741 0)
(0.0016496706 0.00016633973 0)
(0.0015522442 0.00014164463 0)
(0.0014674533 0.00012172254 0)
(0.0013932749 0.00010543998 0)
(0.0013280591 9.1973402e-05 0)
(0.0012704587 8.0715987e-05 0)
(0.0012193702 7.121424e-05 0)
(0.0011738842 6.3124547e-05 0)
(0.001133247 5.6183124e-05 0)
(0.0010968299 5.0184978e-05 0)
(0.0010641046 4.4968976e-05 0)
(0.0010346246 4.0407112e-05 0)
(0.0010080102 3.639669e-05 0)
(0.00098393643 3.2854565e-05 0)
(0.00096212353 2.9712836e-05 0)
(0.00094232951 2.6915615e-05 0)
(0.0009243439 2.4416548e-05 0)
(0.00090798274 2.2176924e-05 0)
(0.00089308458 2.0164195e-05 0)
(0.00087950706 1.8350824e-05 0)
(0.00086712419 1.6713376e-05 0)
(0.00085582404 1.5231796e-05 0)
(0.00084550683 1.3888824e-05 0)
(0.00083608335 1.2669539e-05 0)
(0.00082747356 1.1560971e-05 0)
(0.00081960548 1.05518e-05 0)
(0.00081241422 9.6321032e-06 0)
(0.00080584111 8.7931426e-06 0)
(0.00079983304 8.0271976e-06 0)
(0.00079434178 7.3274197e-06 0)
(0.00078932353 6.687713e-06 0)
(0.00078473838 6.1026341e-06 0)
(0.00078054994 5.5673069e-06 0)
(0.000776725 5.0773513e-06 0)
(0.00077323319 4.628822e-06 0)
(0.00077004673 4.2181564e-06 0)
(0.00076714018 3.8421302e-06 0)
(0.00076449022 3.4978193e-06 0)
(0.00076207546 3.182566e-06 0)
(0.00075987627 2.8939509e-06 0)
(0.00075787463 2.6297681e-06 0)
(0.000756054 2.3880028e-06 0)
(0.00075439917 2.1668128e-06 0)
(0.00075289616 1.9645114e-06 0)
(0.00075153213 1.779553e-06 0)
(0.00075029528 1.6105195e-06 0)
(0.00074917475 1.4561092e-06 0)
(0.00074816058 1.3151262e-06 0)
(0.0007472436 1.1864711e-06 0)
(0.00074641537 1.0691327e-06 0)
(0.00074566817 9.621807e-07 0)
(0.00074499488 8.6475898e-07 0)
(0.00074438898 7.7607929e-07 0)
(0.00074384446 6.954159e-07 0)
(0.00074335584 6.2210058e-07 0)
(0.00074291805 5.55518e-07 0)
(0.00074252649 4.9510156e-07 0)
(0.00074217689 4.4032961e-07 0)
(0.00074186539 3.9072195e-07 0)
(0.00074158843 3.4583659e-07 0)
(0.00074134274 3.0526686e-07 0)
(0.00074112535 2.6863867e-07 0)
(0.00074093354 2.3560801e-07 0)
(0.00074076483 2.0585864e-07 0)
(0.00074061694 1.791e-07 0)
(0.00074048781 1.5506522e-07 0)
(0.00074037555 1.3350929e-07 0)
(0.00074027844 1.1420743e-07 0)
(0.00074019492 9.6953458e-08 0)
(0.00074012356 8.155843e-08 0)
(0.00074006308 6.7849259e-08 0)
(0.0007400123 5.5667492e-08 0)
(0.00073997016 4.4868172e-08 0)
(0.00073993569 3.5318771e-08 0)
(0.00073990803 2.6898213e-08 0)
(0.00073988637 1.9495965e-08 0)
(0.00073987002 1.3011194e-08 0)
(0.00073985833 7.3519878e-09 0)
(0.00073985071 2.4346335e-09 0)
(0.00073984666 -1.8170491e-09 0)
(0.00073984569 -5.4723253e-09 0)
(0.0007398474 -8.5941172e-09 0)
(0.0007398514 -1.1239531e-08 0)
(0.00073985736 -1.3460343e-08 0)
(0.00073986497 -1.5303455e-08 0)
(0.00073987398 -1.6811302e-08 0)
(0.00073988413 -1.8022242e-08 0)
(0.00073989522 -1.8970907e-08 0)
(0.00073990707 -1.9688529e-08 0)
(0.0007399195 -2.0203238e-08 0)
(0.00073993237 -2.0540341e-08 0)
(0.00073994555 -2.0722573e-08 0)
(0.00073995894 -2.0770331e-08 0)
(0.00073997242 -2.0701888e-08 0)
(0.00073998593 -2.0533589e-08 0)
(0.00073999937 -2.0280032e-08 0)
(0.0007400127 -1.9954231e-08 0)
(0.00074002586 -1.9567768e-08 0)
(0.00074003879 -1.913093e-08 0)
(0.00074005147 -1.8652837e-08 0)
(0.00074006386 -1.8141554e-08 0)
(0.00074007594 -1.7604197e-08 0)
(0.00074008768 -1.704703e-08 0)
(0.00074009907 -1.647555e-08 0)
(0.0007401101 -1.5894565e-08 0)
(0.00074012075 -1.5308267e-08 0)
(0.00074013103 -1.4720299e-08 0)
(0.00074014092 -1.413381e-08 0)
(0.00074015043 -1.3551508e-08 0)
(0.00074015956 -1.2975714e-08 0)
(0.00074016831 -1.2408397e-08 0)
(0.00074017669 -1.1851219e-08 0)
(0.00074018469 -1.1305569e-08 0)
(0.00074019234 -1.0772592e-08 0)
(0.00074019963 -1.0253221e-08 0)
(0.00074020657 -9.748201e-09 0)
(0.00074021318 -9.2581091e-09 0)
(0.00074021946 -8.7833791e-09 0)
(0.00074022542 -8.3243168e-09 0)
(0.00074023107 -7.8811173e-09 0)
(0.00074023642 -7.4538787e-09 0)
(0.00074024149 -7.0426158e-09 0)
(0.00074024628 -6.6472701e-09 0)
(0.0007402508 -6.2677211e-09 0)
(0.00074025507 -5.9037942e-09 0)
(0.00074025909 -5.5552696e-09 0)
(0.00074026287 -5.2218878e-09 0)
(0.00074026643 -4.9033572e-09 0)
(0.00074026977 -4.5993582e-09 0)
(0.00074027291 -4.3095491e-09 0)
(0.00074027585 -4.0335688e-09 0)
(0.0007402786 -3.7710421e-09 0)
(0.00074028117 -3.5215813e-09 0)
(0.00074028357 -3.2847905e-09 0)
(0.00074028582 -3.0602665e-09 0)
(0.00074028791 -2.8476024e-09 0)
(0.00074028985 -2.6463881e-09 0)
(0.00074029166 -2.4562135e-09 0)
(0.00074029334 -2.2766682e-09 0)
(0.00074029489 -2.1073441e-09 0)
(0.00074029633 -1.9478355e-09 0)
(0.00074029766 -1.7977411e-09 0)
(0.00074029889 -1.6566634e-09 0)
(0.00074030003 -1.5242108e-09 0)
(0.00074030107 -1.3999968e-09 0)
(0.00074030203 -1.283642e-09 0)
(0.0007403029 -1.1747728e-09 0)
(0.00074030371 -1.0730233e-09 0)
(0.00074030444 -9.7803401e-10 0)
(0.00074030511 -8.8945362e-10 0)
(0.00074030572 -8.069374e-10 0)
(0.00074030627 -7.3014881e-10 0)
(0.00074030677 -6.5875801e-10 0)
(0.00074030722 -5.9244315e-10 0)
(0.00074030763 -5.3088887e-10 0)
(0.00074030799 -4.737875e-10 0)
(0.00074030831 -4.2083743e-10 0)
(0.0007403086 -3.7174428e-10 0)
(0.00074030885 -3.2621925e-10 0)
(0.00074030908 -2.8398025e-10 0)
(0.00074030927 -2.4475028e-10 0)
(0.00074030943 -2.0825863e-10 0)
(0.00074030958 -1.7423946e-10 0)
(0.00074030969 -1.4243311e-10 0)
(0.00074030979 -1.1258504e-10 0)
(0.00074030986 -8.4447542e-11 0)
(0.00074030992 -5.7779226e-11 0)
(0.00074030995 -3.2347453e-11 0)
(0.00074030997 -7.9287186e-12 0)
(0.00074030997 1.5687807e-11 0)
(0.00074030995 3.8698485e-11 0)
(0.00074030992 6.1280048e-11 0)
(0.00074030987 8.3585858e-11 0)
(0.00074030981 1.0573861e-10 0)
(0.00074030973 1.2782418e-10 0)
(0.00074030963 1.4988204e-10 0)
(0.00074030952 1.7189708e-10 0)
(0.00074030939 1.9378892e-10 0)
(0.00074030925 2.1540474e-10 0)
(0.00074030909 2.3651352e-10 0)
(0.00074030892 2.5681146e-10 0)
(0.00074030873 2.7594284e-10 0)
(0.00074030853 2.9355661e-10 0)
(0.00074030832 3.0942864e-10 0)
(0.0007403081 3.2374272e-10 0)
(0.00074030786 3.3751365e-10 0)
(0.00074030762 3.5296051e-10 0)
(0.0007403074 3.747728e-10 0)
(0.00074030701 4.3786232e-10 0)
(0.0032819864 0.00054538741 0)
(0.0034554544 0.0010231211 0)
(0.0034864991 0.001119205 0)
(0.0033947359 0.0010354122 0)
(0.0032261068 0.00089138737 0)
(0.0030251303 0.00074436251 0)
(0.0028203283 0.00061543383 0)
(0.0026263449 0.00050907408 0)
(0.0024493462 0.00042346585 0)
(0.0022909268 0.00035504098 0)
(0.0021504502 0.00030023842 0)
(0.0020263423 0.00025605455 0)
(0.0019167503 0.00022011869 0)
(0.001819853 0.00019061128 0)
(0.0017339895 0.00016614944 0)
(0.0016577001 0.00014568268 0)
(0.0015897253 0.00012840932 0)
(0.0015289881 0.00011371314 0)
(0.0014745707 0.00010111642 0)
(0.0014256915 9.0245458e-05 0)
(0.001381683 8.0805209e-05 0)
(0.0013419743 7.2560659e-05 0)
(0.001306075 6.5322975e-05 0)
(0.001273562 5.893917e-05 0)
(0.0012440692 5.3284317e-05 0)
(0.0012172781 4.8255633e-05 0)
(0.0011929107 4.3767954e-05 0)
(0.0011707233 3.9750231e-05 0)
(0.0011505013 3.6142813e-05 0)
(0.0011320553 3.2895309e-05 0)
(0.0011152172 2.9964905e-05 0)
(0.0010998376 2.7315019e-05 0)
(0.001085783 2.4914235e-05 0)
(0.0010729341 2.273543e-05 0)
(0.0010611837 2.075508e-05 0)
(0.0010504353 1.8952688e-05 0)
(0.0010406019 1.7310315e-05 0)
(0.0010316047 1.5812198e-05 0)
(0.0010233725 1.4444429e-05 0)
(0.0010158404 1.3194693e-05 0)
(0.0010089496 1.2052044e-05 0)
(0.0010026465 1.1006724e-05 0)
(0.00099688204 1.0050005e-05 0)
(0.00099161158 9.1740542e-06 0)
(0.00098679422 8.3718286e-06 0)
(0.00098239253 7.6369742e-06 0)
(0.00097837221 6.9637468e-06 0)
(0.00097470182 6.3469413e-06 0)
(0.00097135249 5.7818319e-06 0)
(0.00096829772 5.2641193e-06 0)
(0.00096551316 4.7898859e-06 0)
(0.00096297643 4.3555559e-06 0)
(0.00096066695 3.9578614e-06 0)
(0.0009585658 3.5938113e-06 0)
(0.00095665558 3.2606655e-06 0)
(0.00095492028 2.9559105e-06 0)
(0.00095334516 2.6772394e-06 0)
(0.00095191668 2.4225326e-06 0)
(0.00095062237 2.1898418e-06 0)
(0.00094945077 1.9773748e-06 0)
(0.00094839132 1.7834824e-06 0)
(0.00094743434 1.6066463e-06 0)
(0.00094657091 1.4454683e-06 0)
(0.00094579283 1.2986608e-06 0)
(0.00094509259 1.1650373e-06 0)
(0.00094446327 1.0435052e-06 0)
(0.00094389853 9.330574e-07 0)
(0.00094339254 8.3276651e-07 0)
(0.00094293997 7.417781e-07 0)
(0.00094253592 6.5930529e-07 0)
(0.0009421759 5.846235e-07 0)
(0.0009418558 5.1706571e-07 0)
(0.00094157187 4.5601806e-07 0)
(0.00094132067 4.0091576e-07 0)
(0.00094109904 3.5123943e-07 0)
(0.00094090413 3.0651158e-07 0)
(0.0009407333 2.6629345e-07 0)
(0.00094058417 2.3018206e-07 0)
(0.00094045455 1.9780746e-07 0)
(0.00094034246 1.688302e-07 0)
(0.00094024609 1.4293903e-07 0)
(0.00094016379 1.1984867e-07 0)
(0.00094009407 9.9297817e-08 0)
(0.00094003558 8.1047317e-08 0)
(0.00093998709 6.4878386e-08 0)
(0.00093994747 5.0591038e-08 0)
(0.00093991572 3.8002592e-08 0)
(0.00093989093 2.6946302e-08 0)
(0.00093987228 1.7270081e-08 0)
(0.00093985901 8.8353212e-09 0)
(0.00093985047 1.5158051e-09 0)
(0.00093984604 -4.8033065e-09 0)
(0.00093984519 -1.0226408e-08 0)
(0.00093984743 -1.4848315e-08 0)
(0.00093985232 -1.8755059e-08 0)
(0.00093985948 -2.2024629e-08 0)
(0.00093986855 -2.4727651e-08 0)
(0.00093987923 -2.6928017e-08 0)
(0.00093989123 -2.8683465e-08 0)
(0.00093990432 -3.0046112e-08 0)
(0.00093991828 -3.1062948e-08 0)
(0.00093993291 -3.177629e-08 0)
(0.00093994805 -3.2224195e-08 0)
(0.00093996354 -3.2440848e-08 0)
(0.00093997926 -3.245691e-08 0)
(0.0009399951 -3.2299845e-08 0)
(0.00094001095 -3.1994214e-08 0)
(0.00094002673 -3.1561944e-08 0)
(0.00094004237 -3.1022582e-08 0)
(0.0009400578 -3.039352e-08 0)
(0.00094007297 -2.9690203e-08 0)
(0.00094008784 -2.8926316e-08 0)
(0.00094010237 -2.8113963e-08 0)
(0.00094011653 -2.726382e-08 0)
(0.00094013029 -2.638528e-08 0)
(0.00094014364 -2.5486585e-08 0)
(0.00094015656 -2.4574942e-08 0)
(0.00094016905 -2.3656633e-08 0)
(0.00094018109 -2.2737112e-08 0)
(0.00094019268 -2.1821093e-08 0)
(0.00094020382 -2.0912629e-08 0)
(0.00094021451 -2.0015188e-08 0)
(0.00094022476 -1.9131711e-08 0)
(0.00094023456 -1.8264679e-08 0)
(0.00094024394 -1.7416159e-08 0)
(0.00094025289 -1.6587855e-08 0)
(0.00094026142 -1.5781148e-08 0)
(0.00094026954 -1.4997139e-08 0)
(0.00094027727 -1.4236675e-08 0)
(0.00094028461 -1.3500389e-08 0)
(0.00094029158 -1.2788718e-08 0)
(0.00094029819 -1.2101935e-08 0)
(0.00094030444 -1.1440163e-08 0)
(0.00094031036 -1.0803404e-08 0)
(0.00094031595 -1.0191544e-08 0)
(0.00094032123 -9.6043781e-09 0)
(0.00094032621 -9.0416195e-09 0)
(0.0009403309 -8.5029113e-09 0)
(0.00094033531 -7.9878376e-09 0)
(0.00094033946 -7.4959326e-09 0)
(0.00094034335 -7.0266887e-09 0)
(0.000940347 -6.5795636e-09 0)
(0.00094035043 -6.1539866e-09 0)
(0.00094035363 -5.7493644e-09 0)
(0.00094035662 -5.3650852e-09 0)
(0.00094035941 -5.0005241e-09 0)
(0.00094036201 -4.6550457e-09 0)
(0.00094036444 -4.3280082e-09 0)
(0.0009403667 -4.0187657e-09 0)
(0.00094036879 -3.7266716e-09 0)
(0.00094037073 -3.4510793e-09 0)
(0.00094037254 -3.1913458e-09 0)
(0.0009403742 -2.9468321e-09 0)
(0.00094037574 -2.7169053e-09 0)
(0.00094037716 -2.5009395e-09 0)
(0.00094037847 -2.2983172e-09 0)
(0.00094037967 -2.1084296e-09 0)
(0.00094038077 -1.9306781e-09 0)
(0.00094038178 -1.764474e-09 0)
(0.0009403827 -1.60924e-09 0)
(0.00094038354 -1.4644093e-09 0)
(0.00094038431 -1.3294272e-09 0)
(0.00094038501 -1.2037497e-09 0)
(0.00094038564 -1.0868451e-09 0)
(0.00094038621 -9.7819244e-10 0)
(0.00094038672 -8.7728263e-10 0)
(0.00094038718 -7.8361708e-10 0)
(0.00094038759 -6.9670844e-10 0)
(0.00094038795 -6.1607934e-10 0)
(0.00094038828 -5.4126292e-10 0)
(0.00094038856 -4.7180165e-10 0)
(0.00094038881 -4.0724784e-10 0)
(0.00094038902 -3.4716266e-10 0)
(0.0009403892 -2.9111679e-10 0)
(0.00094038935 -2.3868982e-10 0)
(0.00094038947 -1.8947141e-10 0)
(0.00094038957 -1.4306129e-10 0)
(0.00094038964 -9.90713e-11 0)
(0.00094038969 -5.7126521e-11 0)
(0.00094038971 -1.6868679e-11 0)
(0.00094038972 2.204096e-11 0)
(0.0009403897 5.9916157e-11 0)
(0.00094038966 9.7040308e-11 0)
(0.0009403896 1.3365822e-10 0)
(0.00094038953 1.6996756e-10 0)
(0.00094038943 2.061074e-10 0)
(0.00094038931 2.4214644e-10 0)
(0.00094038917 2.7806916e-10 0)
(0.00094038902 3.1376319e-10 0)
(0.00094038884 3.4900779e-10 0)
(0.00094038865 3.834695e-10 0)
(0.00094038844 4.1670953e-10 0)
(0.00094038821 4.4821636e-10 0)
(0.00094038796 4.7747963e-10 0)
(0.0009403877 5.0414344e-10 0)
(0.00094038742 5.2831579e-10 0)
(0.00094038713 5.5099929e-10 0)
(0.00094038683 5.7440967e-10 0)
(0.00094038656 6.0284913e-10 0)
(0.00094038609 6.6775382e-10 0)
(0.0032647607 0.0004435645 0)
(0.0034183622 0.00092905649 0)
(0.0035038356 0.0011083337 0)
(0.0034945984 0.001102806 0)
(0.0034049701 0.001008893 0)
(0.0032660891 0.00088535531 0)
(0.0031043111 0.00076173645 0)
(0.0029371522 0.00065032557 0)
(0.0027748532 0.00055464774 0)
(0.0026226754 0.00047430412 0)
(0.0024828158 0.00040743808 0)
(0.0023557331 0.00035187344 0)
(0.0022409745 0.00030557966 0)
(0.0021376584 0.00026682281 0)
(0.0020447443 0.00023418192 0)
(0.0019611756 0.00020651489 0)
(0.0018859509 0.00018291122 0)
(0.001818154 0.00016264632 0)
(0.0017569642 0.00014514243 0)
(0.0017016541 0.00012993701 0)
(0.001651583 0.00011665779 0)
(0.0016061884 0.00010500338 0)
(0.0015649765 9.4728237e-05 0)
(0.0015275138 8.5631053e-05 0)
(0.001493419 7.7545722e-05 0)
(0.0014623562 7.0334342e-05 0)
(0.0014340285 6.3881731e-05 0)
(0.0014081732 5.8091116e-05 0)
(0.0013845567 5.288073e-05 0)
(0.0013629714 4.8181109e-05 0)
(0.0013432314 4.3932925e-05 0)
(0.0013251708 4.0085256e-05 0)
(0.0013086403 3.6594179e-05 0)
(0.0012935057 3.342163e-05 0)
(0.001279646 3.0534476e-05 0)
(0.0012669518 2.7903756e-05 0)
(0.0012553241 2.5504044e-05 0)
(0.0012446728 2.3312936e-05 0)
(0.0012349164 2.1310617e-05 0)
(0.0012259803 1.9479496e-05 0)
(0.0012177966 1.7803906e-05 0)
(0.0012103034 1.6269849e-05 0)
(0.001203444 1.486478e-05 0)
(0.0011971666 1.3577426e-05 0)
(0.0011914235 1.2397628e-05 0)
(0.0011861713 1.131621e-05 0)
(0.0011813698 1.0324862e-05 0)
(0.0011769823 9.4160457e-06 0)
(0.0011729751 8.5829084e-06 0)
(0.001169317 7.8192078e-06 0)
(0.0011659795 7.1192495e-06 0)
(0.0011629364 6.477831e-06 0)
(0.0011601633 5.8901926e-06 0)
(0.0011576381 5.3519743e-06 0)
(0.0011553402 4.859178e-06 0)
(0.0011532507 4.4081338e-06 0)
(0.0011513522 3.9954706e-06 0)
(0.0011496288 3.6180887e-06 0)
(0.0011480656 3.2731369e-06 0)
(0.001146649 2.957991e-06 0)
(0.0011453667 2.6702343e-06 0)
(0.001144207 2.4076407e-06 0)
(0.0011431594 2.1681593e-06 0)
(0.0011422142 1.9498999e-06 0)
(0.0011413624 1.7511202e-06 0)
(0.0011405958 1.5702144e-06 0)
(0.0011399068 1.4057023e-06 0)
(0.0011392886 1.2562196e-06 0)
(0.0011387347 1.120509e-06 0)
(0.0011382393 9.9741189e-07 0)
(0.001137797 8.8586103e-07 0)
(0.001137403 7.8487342e-07 0)
(0.0011370526 6.9354399e-07 0)
(0.001136742 6.1103965e-07 0)
(0.0011364671 5.3659392e-07 0)
(0.0011362247 4.6950181e-07 0)
(0.0011360115 4.0911522e-07 0)
(0.0011358248 3.5483862e-07 0)
(0.0011356618 3.0612504e-07 0)
(0.0011355201 2.6247238e-07 0)
(0.0011353977 2.2341998e-07 0)
(0.0011352925 1.8854545e-07 0)
(0.0011352028 1.5746172e-07 0)
(0.0011351268 1.2981431e-07 0)
(0.0011350631 1.0527879e-07 0)
(0.0011350104 8.3558447e-08 0)
(0.0011349674 6.4382088e-08 0)
(0.001134933 4.7502042e-08 0)
(0.0011349062 3.2692285e-08 0)
(0.0011348862 1.97467e-08 0)
(0.0011348721 8.4774845e-09 0)
(0.0011348631 -1.2863436e-09 0)
(0.0011348587 -9.700315e-09 0)
(0.0011348581 -1.6905782e-08 0)
(0.001134861 -2.3031096e-08 0)
(0.0011348667 -2.8192689e-08 0)
(0.0011348749 -3.2496083e-08 0)
(0.0011348852 -3.6036812e-08 0)
(0.0011348973 -3.8901278e-08 0)
(0.0011349108 -4.1167543e-08 0)
(0.0011349255 -4.2906049e-08 0)
(0.0011349412 -4.4180293e-08 0)
(0.0011349575 -4.5047438e-08 0)
(0.0011349745 -4.5558884e-08 0)
(0.0011349918 -4.5760786e-08 0)
(0.0011350093 -4.5694529e-08 0)
(0.001135027 -4.5397174e-08 0)
(0.0011350447 -4.4901851e-08 0)
(0.0011350622 -4.4238137e-08 0)
(0.0011350797 -4.3432383e-08 0)
(0.0011350968 -4.2508031e-08 0)
(0.0011351137 -4.148589e-08 0)
(0.0011351303 -4.0384396e-08 0)
(0.0011351464 -3.9219845e-08 0)
(0.0011351622 -3.8006607e-08 0)
(0.0011351775 -3.675732e-08 0)
(0.0011351924 -3.5483067e-08 0)
(0.0011352067 -3.4193536e-08 0)
(0.0011352206 -3.2897168e-08 0)
(0.001135234 -3.1601283e-08 0)
(0.0011352469 -3.0312204e-08 0)
(0.0011352592 -2.9035366e-08 0)
(0.0011352711 -2.7775408e-08 0)
(0.0011352825 -2.6536264e-08 0)
(0.0011352934 -2.5321244e-08 0)
(0.0011353038 -2.41331e-08 0)
(0.0011353137 -2.2974095e-08 0)
(0.0011353232 -2.1846056e-08 0)
(0.0011353322 -2.0750428e-08 0)
(0.0011353408 -1.9688319e-08 0)
(0.0011353489 -1.8660541e-08 0)
(0.0011353567 -1.7667648e-08 0)
(0.001135364 -1.6709966e-08 0)
(0.0011353709 -1.5787623e-08 0)
(0.0011353775 -1.4900576e-08 0)
(0.0011353836 -1.4048633e-08 0)
(0.0011353895 -1.3231474e-08 0)
(0.001135395 -1.2448668e-08 0)
(0.0011354002 -1.169969e-08 0)
(0.0011354051 -1.0983933e-08 0)
(0.0011354096 -1.0300724e-08 0)
(0.0011354139 -9.6493324e-09 0)
(0.001135418 -9.0289801e-09 0)
(0.0011354217 -8.4388507e-09 0)
(0.0011354253 -7.8780965e-09 0)
(0.0011354286 -7.3458455e-09 0)
(0.0011354316 -6.8412072e-09 0)
(0.0011354345 -6.3632773e-09 0)
(0.0011354372 -5.9111431e-09 0)
(0.0011354397 -5.4838863e-09 0)
(0.001135442 -5.0805878e-09 0)
(0.0011354441 -4.7003295e-09 0)
(0.0011354461 -4.3421978e-09 0)
(0.0011354479 -4.0052855e-09 0)
(0.0011354496 -3.688694e-09 0)
(0.0011354511 -3.3915348e-09 0)
(0.0011354526 -3.1129311e-09 0)
(0.0011354539 -2.852019e-09 0)
(0.0011354551 -2.6079484e-09 0)
(0.0011354562 -2.3798837e-09 0)
(0.0011354572 -2.167005e-09 0)
(0.0011354581 -1.9685075e-09 0)
(0.0011354589 -1.7836028e-09 0)
(0.0011354597 -1.6115185e-09 0)
(0.0011354604 -1.4514981e-09 0)
(0.001135461 -1.302801e-09 0)
(0.0011354615 -1.1647027e-09 0)
(0.001135462 -1.0364935e-09 0)
(0.0011354625 -9.1747905e-10 0)
(0.0011354629 -8.0697944e-10 0)
(0.0011354632 -7.0432897e-10 0)
(0.0011354635 -6.0887566e-10 0)
(0.0011354637 -5.199813e-10 0)
(0.001135464 -4.3702111e-10 0)
(0.0011354642 -3.5938429e-10 0)
(0.0011354643 -2.8647445e-10 0)
(0.0011354644 -2.1771101e-10 0)
(0.0011354645 -1.5253088e-10 0)
(0.0011354646 -9.0391403e-11 0)
(0.0011354646 -3.0773943e-11 0)
(0.0011354646 2.6810778e-11 0)
(0.0011354646 8.2816291e-11 0)
(0.0011354646 1.3765174e-10 0)
(0.0011354645 1.9167173e-10 0)
(0.0011354644 2.4516366e-10 0)
(0.0011354643 2.9833335e-10 0)
(0.0011354642 3.5128844e-10 0)
(0.001135464 4.0402128e-10 0)
(0.0011354638 4.563917e-10 0)
(0.0011354636 5.0811354e-10 0)
(0.0011354634 5.5874864e-10 0)
(0.0011354631 6.07717e-10 0)
(0.0011354629 6.5433458e-10 0)
(0.0011354626 6.9789802e-10 0)
(0.0011354623 7.3784791e-10 0)
(0.001135462 7.7407605e-10 0)
(0.0011354616 8.0731753e-10 0)
(0.0011354613 8.3938444e-10 0)
(0.0011354609 8.7369766e-10 0)
(0.0011354604 9.3792833e-10 0)
(0.0032524622 0.00036526762 0)
(0.0033804506 0.00083049584 0)
(0.0034866275 0.0010583569 0)
(0.003528354 0.0011160883 0)
(0.003499664 0.0010738756 0)
(0.003417422 0.00098352772 0)
(0.0033015544 0.00087679971 0)
(0.003168427 0.00077071195 0)
(0.003029618 0.00067313956 0)
(0.0028925093 0.00058687236 0)
(0.0027613888 0.00051213919 0)
(0.0026384726 0.00044802844 0)
(0.0025246737 0.00039322812 0)
(0.0024201275 0.00034638272 0)
(0.0023245312 0.0003062473 0)
(0.002237355 0.00027174019 0)
(0.0021579689 0.00024194813 0)
(0.0020857169 0.00021611149 0)
(0.0020199584 0.00019360298 0)
(0.0019600892 0.00017390589 0)
(0.0019055518 0.00015659447 0)
(0.0018558382 0.00014131715 0)
(0.0018104891 0.00012778271 0)
(0.0017690912 0.00011574889 0)
(0.0017312733 0.00010501336 0)
(0.0016967029 9.5406279e-05 0)
(0.0016650815 8.678444e-05 0)
(0.0016361413 7.9026509e-05 0)
(0.001609642 7.2029191e-05 0)
(0.0015853673 6.5704139e-05 0)
(0.0015631222 5.9975442e-05 0)
(0.001542731 5.4777583e-05 0)
(0.0015240348 5.0053769e-05 0)
(0.0015068897 4.575456e-05 0)
(0.0014911651 4.1836741e-05 0)
(0.0014767424 3.8262389e-05 0)
(0.0014635138 3.49981e-05 0)
(0.001451381 3.2014341e-05 0)
(0.0014402541 2.9284912e-05 0)
(0.0014300512 2.6786493e-05 0)
(0.0014206972 2.4498259e-05 0)
(0.0014121235 2.240156e-05 0)
(0.0014042671 2.0479644e-05 0)
(0.0013970702 1.8717427e-05 0)
(0.0013904796 1.7101289e-05 0)
(0.0013844467 1.5618907e-05 0)
(0.0013789264 1.4259103e-05 0)
(0.0013738776 1.3011721e-05 0)
(0.0013692622 1.1867513e-05 0)
(0.0013650452 1.0818047e-05 0)
(0.0013611944 9.8556205e-06 0)
(0.00135768 8.9731863e-06 0)
(0.0013544747 8.1642917e-06 0)
(0.0013515532 7.4230193e-06 0)
(0.0013488922 6.7439379e-06 0)
(0.0013464703 6.1220574e-06 0)
(0.0013442678 5.5527898e-06 0)
(0.0013422663 5.0319139e-06 0)
(0.0013404491 4.5555432e-06 0)
(0.0013388008 4.1200981e-06 0)
(0.0013373069 3.7222804e-06 0)
(0.0013359546 3.3590496e-06 0)
(0.0013347315 3.0276026e-06 0)
(0.0013336266 2.7253547e-06 0)
(0.0013326297 2.4499221e-06 0)
(0.0013317313 2.1991063e-06 0)
(0.0013309228 1.9708797e-06 0)
(0.0013301963 1.7633728e-06 0)
(0.0013295443 1.5748616e-06 0)
(0.0013289602 1.4037566e-06 0)
(0.0013284378 1.2485932e-06 0)
(0.0013279716 1.1080214e-06 0)
(0.0013275562 9.8079791e-07 0)
(0.001327187 8.6577772e-07 0)
(0.0013268596 7.6190685e-07 0)
(0.0013265701 6.6821546e-07 0)
(0.0013263147 5.8381156e-07 0)
(0.0013260903 5.0787511e-07 0)
(0.0013258937 4.3965263e-07 0)
(0.0013257222 3.7845209e-07 0)
(0.0013255733 3.2363831e-07 0)
(0.0013254446 2.7462859e-07 0)
(0.0013253342 2.308887e-07 0)
(0.00132524 1.9192915e-07 0)
(0.0013251603 1.5730172e-07 0)
(0.0013250937 1.2659628e-07 0)
(0.0013250386 9.943779e-08 0)
(0.0013249937 7.5483548e-08 0)
(0.001324958 5.4420634e-08 0)
(0.0013249303 3.5963537e-08 0)
(0.0013249097 1.9851959e-08 0)
(0.0013248953 5.8487811e-09 0)
(0.0013248864 -6.2618213e-09 0)
(0.0013248822 -1.6676122e-08 0)
(0.0013248821 -2.5572455e-08 0)
(0.0013248856 -3.3112707e-08 0)
(0.0013248922 -3.9443696e-08 0)
(0.0013249013 -4.4698442e-08 0)
(0.0013249127 -4.899734e-08 0)
(0.0013249259 -5.2449251e-08 0)
(0.0013249406 -5.5152491e-08 0)
(0.0013249566 -5.7195761e-08 0)
(0.0013249735 -5.8658987e-08 0)
(0.0013249912 -5.9614105e-08 0)
(0.0013250095 -6.0125776e-08 0)
(0.0013250282 -6.0252044e-08 0)
(0.0013250471 -6.0044942e-08 0)
(0.0013250661 -5.9551046e-08 0)
(0.0013250851 -5.8811984e-08 0)
(0.001325104 -5.7864901e-08 0)
(0.0013251228 -5.6742884e-08 0)
(0.0013251412 -5.5475353e-08 0)
(0.0013251594 -5.4088416e-08 0)
(0.0013251771 -5.2605194e-08 0)
(0.0013251945 -5.1046113e-08 0)
(0.0013252114 -4.9429179e-08 0)
(0.0013252278 -4.777022e-08 0)
(0.0013252438 -4.6083107e-08 0)
(0.0013252592 -4.4379957e-08 0)
(0.0013252741 -4.267132e-08 0)
(0.0013252884 -4.0966339e-08 0)
(0.0013253022 -3.9272901e-08 0)
(0.0013253155 -3.7597778e-08 0)
(0.0013253282 -3.5946743e-08 0)
(0.0013253404 -3.4324682e-08 0)
(0.001325352 -3.2735695e-08 0)
(0.0013253632 -3.1183185e-08 0)
(0.0013253738 -2.9669935e-08 0)
(0.0013253839 -2.8198184e-08 0)
(0.0013253936 -2.6769689e-08 0)
(0.0013254028 -2.5385782e-08 0)
(0.0013254115 -2.4047424e-08 0)
(0.0013254197 -2.275525e-08 0)
(0.0013254275 -2.1509607e-08 0)
(0.0013254349 -2.0310595e-08 0)
(0.0013254419 -1.9158098e-08 0)
(0.0013254485 -1.805181e-08 0)
(0.0013254548 -1.6991265e-08 0)
(0.0013254606 -1.5975855e-08 0)
(0.0013254662 -1.5004856e-08 0)
(0.0013254714 -1.407744e-08 0)
(0.0013254762 -1.3192693e-08 0)
(0.0013254808 -1.234963e-08 0)
(0.0013254851 -1.1547208e-08 0)
(0.0013254891 -1.0784331e-08 0)
(0.0013254929 -1.0059869e-08 0)
(0.0013254964 -9.3726576e-09 0)
(0.0013254996 -8.7215107e-09 0)
(0.0013255027 -8.1052255e-09 0)
(0.0013255055 -7.5225884e-09 0)
(0.0013255081 -6.9723798e-09 0)
(0.0013255106 -6.4533792e-09 0)
(0.0013255128 -5.9643686e-09 0)
(0.0013255149 -5.5041361e-09 0)
(0.0013255168 -5.0714787e-09 0)
(0.0013255186 -4.6652053e-09 0)
(0.0013255202 -4.2841382e-09 0)
(0.0013255218 -3.9271155e-09 0)
(0.0013255231 -3.5929925e-09 0)
(0.0013255244 -3.2806427e-09 0)
(0.0013255256 -2.9889592e-09 0)
(0.0013255266 -2.716855e-09 0)
(0.0013255276 -2.4632639e-09 0)
(0.0013255284 -2.2271405e-09 0)
(0.0013255292 -2.0074605e-09 0)
(0.0013255299 -1.8032205e-09 0)
(0.0013255306 -1.6134378e-09 0)
(0.0013255311 -1.4371505e-09 0)
(0.0013255317 -1.2734162e-09 0)
(0.0013255321 -1.1213126e-09 0)
(0.0013255325 -9.799362e-10 0)
(0.0013255329 -8.4840253e-10 0)
(0.0013255332 -7.2584565e-10 0)
(0.0013255334 -6.1141845e-10 0)
(0.0013255336 -5.0429291e-10 0)
(0.0013255338 -4.0366124e-10 0)
(0.0013255339 -3.0873738e-10 0)
(0.0013255341 -2.1875977e-10 0)
(0.0013255341 -1.3299478e-10 0)
(0.0013255342 -5.0742006e-11 0)
(0.0013255342 2.8659281e-11 0)
(0.0013255342 1.058213e-10 0)
(0.0013255341 1.8129714e-10 0)
(0.0013255341 2.5556728e-10 0)
(0.001325534 3.2902394e-10 0)
(0.0013255338 4.0195256e-10 0)
(0.0013255337 4.745115e-10 0)
(0.0013255335 5.4671029e-10 0)
(0.0013255333 6.1838882e-10 0)
(0.0013255331 6.8920012e-10 0)
(0.0013255328 7.5860242e-10 0)
(0.0013255326 8.2586818e-10 0)
(0.0013255323 8.9012289e-10 0)
(0.0013255319 9.5042973e-10 0)
(0.0013255316 1.0059482e-09 0)
(0.0013255312 1.0562158e-09 0)
(0.0013255308 1.1014869e-09 0)
(0.0013255304 1.1428966e-09 0)
(0.0013255301 1.1827326e-09 0)
(0.0013255295 1.2448041e-09 0)
(0.003244464 0.00030546829 0)
(0.003348841 0.00073833527 0)
(0.0034578961 0.00098999345 0)
(0.0035277561 0.0010939231 0)
(0.0035419585 0.0010977205 0)
(0.003506063 0.0010430395 0)
(0.0034327026 0.0009596533 0)
(0.0033349513 0.00086633797 0)
(0.0032236936 0.0007737515 0)
(0.0031069576 0.00068726869 0)
(0.0029901969 0.00060911874 0)
(0.0028768688 0.00053979588 0)
(0.0027690019 0.00047891647 0)
(0.0026676554 0.00042570909 0)
(0.0025732573 0.00037927949 0)
(0.0024858402 0.00033874467 0)
(0.002405199 0.00030329396 0)
(0.0023309955 0.00027221126 0)
(0.0022628246 0.00024487758 0)
(0.0022002556 0.00022076431 0)
(0.002142858 0.00019942302 0)
(0.0020902161 0.00018047436 0)
(0.002041937 0.00016359765 0)
(0.0019976546 0.00014852153 0)
(0.0019570309 0.00013501595 0)
(0.0019197556 0.0001228853 0)
(0.0018855448 0.0001119628 0)
(0.0018541394 0.00010210571 0)
(0.0018253036 9.3191443e-05 0)
(0.0017988224 8.5114324e-05 0)
(0.0017744998 7.7782904e-05 0)
(0.0017521575 7.1117747e-05 0)
(0.0017316328 6.5049596e-05 0)
(0.0017127773 5.951784e-05 0)
(0.0016954553 5.4469246e-05 0)
(0.0016795431 4.9856891e-05 0)
(0.0016649271 4.5639275e-05 0)
(0.0016515035 4.1779572e-05 0)
(0.0016391771 3.8244998e-05 0)
(0.0016278605 3.5006277e-05 0)
(0.0016174736 3.2037193e-05 0)
(0.0016079426 2.9314201e-05 0)
(0.0015991996 2.6816101e-05 0)
(0.0015911823 2.4523755e-05 0)
(0.0015838332 2.2419849e-05 0)
(0.0015770994 2.0488684e-05 0)
(0.001570932 1.8715993e-05 0)
(0.0015652861 1.7088792e-05 0)
(0.0015601202 1.5595237e-05 0)
(0.001555396 1.4224514e-05 0)
(0.0015510781 1.2966729e-05 0)
(0.0015471339 1.1812821e-05 0)
(0.0015435334 1.0754479e-05 0)
(0.0015402488 9.7840769e-06 0)
(0.0015372544 8.8946047e-06 0)
(0.0015345265 8.0796168e-06 0)
(0.0015320434 7.3331809e-06 0)
(0.0015297848 6.6498341e-06 0)
(0.0015277322 6.0245428e-06 0)
(0.0015258685 5.4526671e-06 0)
(0.0015241778 4.9299285e-06 0)
(0.0015226455 4.4523803e-06 0)
(0.0015212583 4.0163815e-06 0)
(0.0015200037 3.6185723e-06 0)
(0.0015188703 3.2558525e-06 0)
(0.0015178477 2.9253612e-06 0)
(0.0015169263 2.6244585e-06 0)
(0.001516097 2.3507086e-06 0)
(0.0015153518 2.1018643e-06 0)
(0.0015146832 1.8758531e-06 0)
(0.0015140843 1.6707637e-06 0)
(0.0015135488 1.484834e-06 0)
(0.0015130708 1.3164402e-06 0)
(0.0015126451 1.1640862e-06 0)
(0.0015122668 1.0263941e-06 0)
(0.0015119314 9.0209566e-07 0)
(0.0015116349 7.9002369e-07 0)
(0.0015113735 6.8910476e-07 0)
(0.0015111438 5.9835206e-07 0)
(0.0015109427 5.1685891e-07 0)
(0.0015107674 4.4379268e-07 0)
(0.0015106152 3.7838922e-07 0)
(0.0015104838 3.1994757e-07 0)
(0.0015103712 2.6782522e-07 0)
(0.0015102752 2.2143351e-07 0)
(0.0015101941 1.8023358e-07 0)
(0.0015101264 1.4373238e-07 0)
(0.0015100705 1.114792e-07 0)
(0.0015100251 8.3062244e-08 0)
(0.0015099891 5.8105602e-08 0)
(0.0015099613 3.6266374e-08 0)
(0.0015099408 1.7232017e-08 0)
(0.0015099267 7.1788987e-10 0)
(0.0015099182 -1.3535014e-08 0)
(0.0015099145 -2.5762176e-08 0)
(0.001509915 -3.6177495e-08 0)
(0.0015099192 -4.4975086e-08 0)
(0.0015099266 -5.2330945e-08 0)
(0.0015099365 -5.8404477e-08 0)
(0.0015099488 -6.3339921e-08 0)
(0.0015099629 -6.7267649e-08 0)
(0.0015099785 -7.0305375e-08 0)
(0.0015099954 -7.2559262e-08 0)
(0.0015100133 -7.4124943e-08 0)
(0.001510032 -7.5088461e-08 0)
(0.0015100512 -7.5527131e-08 0)
(0.0015100708 -7.5510335e-08 0)
(0.0015100907 -7.5100245e-08 0)
(0.0015101106 -7.4352495e-08 0)
(0.0015101306 -7.3316789e-08 0)
(0.0015101504 -7.2037462e-08 0)
(0.00151017 -7.0553991e-08 0)
(0.0015101893 -6.8901461e-08 0)
(0.0015102083 -6.7110996e-08 0)
(0.0015102269 -6.5210143e-08 0)
(0.0015102451 -6.322323e-08 0)
(0.0015102627 -6.1171688e-08 0)
(0.0015102799 -5.9074343e-08 0)
(0.0015102965 -5.6947684e-08 0)
(0.0015103126 -5.4806106e-08 0)
(0.0015103281 -5.2662126e-08 0)
(0.0015103431 -5.0526584e-08 0)
(0.0015103575 -4.840882e-08 0)
(0.0015103714 -4.6316838e-08 0)
(0.0015103846 -4.4257453e-08 0)
(0.0015103973 -4.2236418e-08 0)
(0.0015104095 -4.0258548e-08 0)
(0.0015104211 -3.8327824e-08 0)
(0.0015104322 -3.6447488e-08 0)
(0.0015104427 -3.4620131e-08 0)
(0.0015104527 -3.2847767e-08 0)
(0.0015104623 -3.1131903e-08 0)
(0.0015104713 -2.9473603e-08 0)
(0.0015104799 -2.7873537e-08 0)
(0.001510488 -2.6332036e-08 0)
(0.0015104957 -2.4849131e-08 0)
(0.001510503 -2.3424596e-08 0)
(0.0015105099 -2.2057978e-08 0)
(0.0015105163 -2.074863e-08 0)
(0.0015105224 -1.9495739e-08 0)
(0.0015105282 -1.8298348e-08 0)
(0.0015105335 -1.7155378e-08 0)
(0.0015105386 -1.6065647e-08 0)
(0.0015105433 -1.502789e-08 0)
(0.0015105478 -1.4040767e-08 0)
(0.0015105519 -1.3102882e-08 0)
(0.0015105558 -1.2212793e-08 0)
(0.0015105594 -1.1369019e-08 0)
(0.0015105628 -1.0570056e-08 0)
(0.0015105659 -9.8143768e-09 0)
(0.0015105688 -9.1004452e-09 0)
(0.0015105715 -8.4267177e-09 0)
(0.0015105741 -7.7916505e-09 0)
(0.0015105764 -7.193704e-09 0)
(0.0015105785 -6.6313473e-09 0)
(0.0015105805 -6.1030614e-09 0)
(0.0015105823 -5.6073427e-09 0)
(0.001510584 -5.1427049e-09 0)
(0.0015105855 -4.7076823e-09 0)
(0.001510587 -4.3008305e-09 0)
(0.0015105883 -3.9207288e-09 0)
(0.0015105894 -3.5659808e-09 0)
(0.0015105905 -3.2352155e-09 0)
(0.0015105915 -2.9270874e-09 0)
(0.0015105924 -2.6402777e-09 0)
(0.0015105932 -2.3734934e-09 0)
(0.0015105939 -2.1254678e-09 0)
(0.0015105945 -1.8949599e-09 0)
(0.0015105951 -1.6807544e-09 0)
(0.0015105956 -1.481661e-09 0)
(0.0015105961 -1.2965138e-09 0)
(0.0015105965 -1.1241715e-09 0)
(0.0015105968 -9.63517e-10 0)
(0.0015105971 -8.1345748e-10 0)
(0.0015105973 -6.729254e-10 0)
(0.0015105976 -5.408796e-10 0)
(0.0015105977 -4.1630764e-10 0)
(0.0015105978 -2.9822896e-10 0)
(0.0015105979 -1.8569966e-10 0)
(0.001510598 -7.7818689e-11 0)
(0.001510598 2.6263738e-11 0)
(0.001510598 1.2733558e-10 0)
(0.001510598 2.2610962e-10 0)
(0.0015105979 3.2320737e-10 0)
(0.0015105978 4.1913979e-10 0)
(0.0015105977 5.1428518e-10 0)
(0.0015105975 6.0886454e-10 0)
(0.0015105973 7.0291562e-10 0)
(0.0015105971 7.9626749e-10 0)
(0.0015105968 8.8851914e-10 0)
(0.0015105966 9.7902729e-10 0)
(0.0015105963 1.0669116e-09 0)
(0.0015105959 1.1510882e-09 0)
(0.0015105956 1.2303464e-09 0)
(0.0015105952 1.3034908e-09 0)
(0.0015105948 1.3695864e-09 0)
(0.0015105944 1.42824e-09 0)
(0.0015105939 1.4797197e-09 0)
(0.0015105936 1.525068e-09 0)
(0.0015105929 1.5840897e-09 0)
(0.003239365 0.00025941803 0)
(0.0033242349 0.00065622501 0)
(0.0034277295 0.00091531951 0)
(0.0035108123 0.0010503288 0)
(0.0035530563 0.0010916177 0)
(0.0035524454 0.0010705894 0)
(0.0035152449 0.0010128682 0)
(0.00345058 0.00093677839 0)
(0.0033674775 0.00085421843 0)
(0.0032735068 0.00077228494 0)
(0.0031744414 0.00069482631 0)
(0.0030744061 0.00062364419 0)
(0.0029761904 0.00055932642 0)
(0.0028815781 0.00050178575 0)
(0.0027916296 0.00045059109 0)
(0.0027069027 0.00040516238 0)
(0.0026276163 0.00036488019 0)
(0.0025537674 0.00032914376 0)
(0.0024852128 0.00029739896 0)
(0.0024217247 0.00026914914 0)
(0.0023630286 0.0002439568 0)
(0.0023088284 0.00022144042 0)
(0.0022588221 0.00020126936 0)
(0.0022127128 0.00018315791 0)
(0.0021702144 0.00016685947 0)
(0.0021310555 0.00015216117 0)
(0.0020949811 0.00013887904 0)
(0.0020617532 0.00012685379 0)
(0.0020311508 0.0001159472 0)
(0.0020029693 0.00010603899 0)
(0.0019770198 9.7024258e-05 0)
(0.0019531281 8.8811165e-05 0)
(0.0019311334 8.1319118e-05 0)
(0.001910888 7.4477152e-05 0)
(0.0018922556 6.8222591e-05 0)
(0.0018751107 6.2499911e-05 0)
(0.0018593378 5.7259775e-05 0)
(0.0018448305 5.2458213e-05 0)
(0.0018314906 4.8055929e-05 0)
(0.0018192276 4.4017706e-05 0)
(0.0018079581 4.0311899e-05 0)
(0.001797605 3.6909999e-05 0)
(0.0017880974 3.3786265e-05 0)
(0.0017793695 3.0917398e-05 0)
(0.0017713607 2.8282266e-05 0)
(0.0017640151 2.5861664e-05 0)
(0.0017572808 2.3638106e-05 0)
(0.0017511101 2.1595642e-05 0)
(0.0017454587 1.97197e-05 0)
(0.0017402858 1.799695e-05 0)
(0.0017355535 1.6415179e-05 0)
(0.001731227 1.4963183e-05 0)
(0.0017272739 1.3630677e-05 0)
(0.0017236644 1.2408205e-05 0)
(0.0017203708 1.1287068e-05 0)
(0.0017173678 1.0259259e-05 0)
(0.0017146317 9.3174004e-06 0)
(0.0017121407 8.454691e-06 0)
(0.0017098748 7.6648594e-06 0)
(0.0017078153 6.9421194e-06 0)
(0.0017059452 6.2811313e-06 0)
(0.0017042487 5.6769658e-06 0)
(0.0017027111 5.125072e-06 0)
(0.0017013191 4.621248e-06 0)
(0.0017000601 4.1616135e-06 0)
(0.0016989229 3.742586e-06 0)
(0.0016978968 3.3608575e-06 0)
(0.0016969723 3.0133741e-06 0)
(0.0016961404 2.697317e-06 0)
(0.0016953929 2.4100848e-06 0)
(0.0016947223 2.1492775e-06 0)
(0.0016941217 1.9126813e-06 0)
(0.0016935847 1.698255e-06 0)
(0.0016931055 1.5041173e-06 0)
(0.0016926789 1.3285345e-06 0)
(0.0016922998 1.1699102e-06 0)
(0.0016919639 1.0267745e-06 0)
(0.001691667 8.9777503e-07 0)
(0.0016914053 7.8166796e-07 0)
(0.0016911755 6.7730993e-07 0)
(0.0016909744 5.8365051e-07 0)
(0.0016907992 4.9972518e-07 0)
(0.0016906473 4.2464884e-07 0)
(0.0016905162 3.5760974e-07 0)
(0.0016904039 2.9786392e-07 0)
(0.0016903083 2.4472994e-07 0)
(0.0016902277 1.9758405e-07 0)
(0.0016901605 1.5585576e-07 0)
(0.0016901052 1.1902359e-07 0)
(0.0016900605 8.6611256e-08 0)
(0.0016900251 5.8184067e-08 0)
(0.0016899979 3.3345608e-08 0)
(0.0016899781 1.1734656e-08 0)
(0.0016899647 -6.9776708e-09 0)
(0.0016899568 -2.3090556e-08 0)
(0.0016899538 -3.6875926e-08 0)
(0.0016899551 -4.8580712e-08 0)
(0.00168996 -5.8428939e-08 0)
(0.001689968 -6.6623654e-08 0)
(0.0016899786 -7.3348711e-08 0)
(0.0016899915 -7.8770413e-08 0)
(0.0016900063 -8.3039028e-08 0)
(0.0016900226 -8.629019e-08 0)
(0.0016900402 -8.864618e-08 0)
(0.0016900587 -9.0217114e-08 0)
(0.001690078 -9.1102029e-08 0)
(0.0016900978 -9.1389886e-08 0)
(0.001690118 -9.1160487e-08 0)
(0.0016901385 -9.0485315e-08 0)
(0.001690159 -8.9428312e-08 0)
(0.0016901794 -8.804658e-08 0)
(0.0016901998 -8.6391031e-08 0)
(0.0016902199 -8.4506979e-08 0)
(0.0016902397 -8.2434681e-08 0)
(0.0016902592 -8.0209825e-08 0)
(0.0016902782 -7.7863986e-08 0)
(0.0016902968 -7.5425031e-08 0)
(0.0016903148 -7.2917493e-08 0)
(0.0016903324 -7.0362908e-08 0)
(0.0016903494 -6.7780125e-08 0)
(0.0016903659 -6.5185581e-08 0)
(0.0016903817 -6.2593556e-08 0)
(0.001690397 -6.00164e-08 0)
(0.0016904117 -5.7464741e-08 0)
(0.0016904259 -5.4947669e-08 0)
(0.0016904394 -5.2472906e-08 0)
(0.0016904524 -5.0046957e-08 0)
(0.0016904648 -4.7675245e-08 0)
(0.0016904766 -4.5362234e-08 0)
(0.0016904879 -4.3111542e-08 0)
(0.0016904986 -4.0926034e-08 0)
(0.0016905088 -3.8807913e-08 0)
(0.0016905186 -3.6758801e-08 0)
(0.0016905278 -3.4779805e-08 0)
(0.0016905365 -3.2871585e-08 0)
(0.0016905448 -3.1034405e-08 0)
(0.0016905526 -2.9268188e-08 0)
(0.00169056 -2.7572557e-08 0)
(0.001690567 -2.5946876e-08 0)
(0.0016905735 -2.4390286e-08 0)
(0.0016905797 -2.2901735e-08 0)
(0.0016905855 -2.1480006e-08 0)
(0.001690591 -2.0123743e-08 0)
(0.0016905961 -1.8831473e-08 0)
(0.0016906009 -1.760162e-08 0)
(0.0016906054 -1.6432531e-08 0)
(0.0016906096 -1.5322486e-08 0)
(0.0016906135 -1.426971e-08 0)
(0.0016906172 -1.327239e-08 0)
(0.0016906206 -1.2328681e-08 0)
(0.0016906237 -1.1436718e-08 0)
(0.0016906267 -1.0594622e-08 0)
(0.0016906294 -9.8005117e-09 0)
(0.0016906319 -9.0525037e-09 0)
(0.0016906343 -8.3487225e-09 0)
(0.0016906364 -7.687304e-09 0)
(0.0016906384 -7.0663993e-09 0)
(0.0016906403 -6.4841792e-09 0)
(0.001690642 -5.9388362e-09 0)
(0.0016906435 -5.4285881e-09 0)
(0.0016906449 -4.9516793e-09 0)
(0.0016906462 -4.5063827e-09 0)
(0.0016906474 -4.0910012e-09 0)
(0.0016906485 -3.7038682e-09 0)
(0.0016906494 -3.3433485e-09 0)
(0.0016906503 -3.0078383e-09 0)
(0.0016906511 -2.6957657e-09 0)
(0.0016906518 -2.4055898e-09 0)
(0.0016906524 -2.1358013e-09 0)
(0.001690653 -1.8849215e-09 0)
(0.0016906535 -1.6515021e-09 0)
(0.0016906539 -1.434125e-09 0)
(0.0016906543 -1.2314026e-09 0)
(0.0016906547 -1.0419775e-09 0)
(0.0016906549 -8.6452426e-10 0)
(0.0016906552 -6.9775052e-10 0)
(0.0016906554 -5.404e-10 0)
(0.0016906555 -3.9125655e-10 0)
(0.0016906556 -2.4914967e-10 0)
(0.0016906557 -1.1296221e-10 0)
(0.0016906557 1.8359762e-11 0)
(0.0016906557 1.4579432e-10 0)
(0.0016906557 2.7022799e-10 0)
(0.0016906556 3.924367e-10 0)
(0.0016906555 5.130633e-10 0)
(0.0016906554 6.3259156e-10 0)
(0.0016906552 7.5131738e-10 0)
(0.001690655 8.6931811e-10 0)
(0.0016906548 9.8642223e-10 0)
(0.0016906545 1.1021824e-09 0)
(0.0016906542 1.2158572e-09 0)
(0.0016906539 1.326409e-09 0)
(0.0016906535 1.4325278e-09 0)
(0.0016906532 1.5326926e-09 0)
(0.0016906528 1.62529e-09 0)
(0.0016906523 1.7088159e-09 0)
(0.0016906519 1.7821056e-09 0)
(0.0016906514 1.8444342e-09 0)
(0.001690651 1.8955085e-09 0)
(0.0016906503 1.9509744e-09 0)
(0.0032360875 0.00022333328 0)
(0.0033055179 0.00058455215 0)
(0.0034000855 0.00084094346 0)
(0.0034872979 0.00099504826 0)
(0.0035465022 0.0010649944 0)
(0.0035712803 0.0010732895 0)
(0.003563084 0.0010407052 0)
(0.0035273321 0.0009837721 0)
(0.003470746 0.00091440654 0)
(0.0033997666 0.00084056695 0)
(0.0033198472 0.0007672129 0)
(0.0032352684 0.00069720404 0)
(0.0031492134 0.00063201256 0)
(0.0030639452 0.0005722382 0)
(0.0029810043 0.00051795872 0)
(0.0029013868 0.0004689583 0)
(0.0028256915 0.00042487104 0)
(0.0027542342 0.0003852682 0)
(0.0026871331 0.00034970904 0)
(0.0026243726 0.00031776905 0)
(0.0025658482 0.00028905413 0)
(0.002511399 0.00026320661 0)
(0.0024608305 0.00023990644 0)
(0.0024139302 0.00021886975 0)
(0.0023704786 0.00019984613 0)
(0.0023302564 0.00018261539 0)
(0.002293049 0.00016698417 0)
(0.0022586501 0.00015278273 0)
(0.0022268627 0.00013986198 0)
(0.0021975009 0.0001280908 0)
(0.0021703898 0.00011735367 0)
(0.0021453653 0.00010754864 0)
(0.0021222746 9.858555e-05 0)
(0.002100975 9.0384425e-05 0)
(0.0020813338 8.28742e-05 0)
(0.0020632277 7.5991548e-05 0)
(0.0020465423 6.9679899e-05 0)
(0.0020311715 6.3888596e-05 0)
(0.0020170166 5.8572161e-05 0)
(0.0020039862 5.3689669e-05 0)
(0.0019919958 4.9204208e-05 0)
(0.0019809668 4.5082408e-05 0)
(0.0019708263 4.1294042e-05 0)
(0.001961507 3.7811667e-05 0)
(0.0019529463 3.4610326e-05 0)
(0.0019450861 3.1667279e-05 0)
(0.0019378729 2.8961773e-05 0)
(0.0019312569 2.6474837e-05 0)
(0.0019251919 2.4189103e-05 0)
(0.0019196351 2.2088653e-05 0)
(0.0019145471 2.0158879e-05 0)
(0.001909891 1.8386359e-05 0)
(0.001905633 1.6758749e-05 0)
(0.0019017416 1.526469e-05 0)
(0.0018981878 1.3893716e-05 0)
(0.0018949444 1.2636181e-05 0)
(0.0018919867 1.1483189e-05 0)
(0.0018892916 1.0426528e-05 0)
(0.0018868376 9.4586226e-06 0)
(0.0018846052 8.5724729e-06 0)
(0.0018825762 7.7616153e-06 0)
(0.0018807336 7.0200781e-06 0)
(0.001879062 6.3423436e-06 0)
(0.001877547 5.7233135e-06 0)
(0.0018761754 5.158277e-06 0)
(0.001874935 4.6428812e-06 0)
(0.0018738146 4.1731048e-06 0)
(0.0018728039 3.7452332e-06 0)
(0.0018718932 3.3558354e-06 0)
(0.0018710738 3.0017437e-06 0)
(0.0018703377 2.6800339e-06 0)
(0.0018696774 2.3880073e-06 0)
(0.0018690861 2.1231745e-06 0)
(0.0018685576 1.8832396e-06 0)
(0.0018680861 1.6660865e-06 0)
(0.0018676664 1.4697651e-06 0)
(0.0018672936 1.2924795e-06 0)
(0.0018669633 1.1325764e-06 0)
(0.0018666715 9.8853443e-07 0)
(0.0018664145 8.5895469e-07 0)
(0.0018661889 7.425513e-07 0)
(0.0018659916 6.3814304e-07 0)
(0.0018658198 5.4464546e-07 0)
(0.0018656709 4.6106357e-07 0)
(0.0018655427 3.8648499e-07 0)
(0.0018654329 3.2007367e-07 0)
(0.0018653396 2.61064e-07 0)
(0.001865261 2.0875537e-07 0)
(0.0018651957 1.6250707e-07 0)
(0.001865142 1.2173365e-07 0)
(0.0018650988 8.5900482e-08 0)
(0.0018650647 5.4519793e-08 0)
(0.0018650388 2.7146862e-08 0)
(0.0018650201 3.3765724e-09 0)
(0.0018650077 -1.7159818e-08 0)
(0.0018650007 -3.479765e-08 0)
(0.0018649985 -4.984162e-08 0)
(0.0018650005 -6.2568331e-08 0)
(0.0018650061 -7.3228645e-08 0)
(0.0018650147 -8.2049861e-08 0)
(0.0018650259 -8.9237721e-08 0)
(0.0018650393 -9.4978266e-08 0)
(0.0018650545 -9.9439541e-08 0)
(0.0018650712 -1.0277317e-07 0)
(0.0018650891 -1.051158e-07 0)
(0.001865108 -1.0659044e-07 0)
(0.0018651276 -1.0730768e-07 0)
(0.0018651477 -1.0736683e-07 0)
(0.0018651682 -1.0685693e-07 0)
(0.0018651888 -1.0585771e-07 0)
(0.0018652096 -1.0444045e-07 0)
(0.0018652302 -1.0266879e-07 0)
(0.0018652508 -1.0059944e-07 0)
(0.001865271 -9.8282844e-08 0)
(0.001865291 -9.5763807e-08 0)
(0.0018653106 -9.3082017e-08 0)
(0.0018653297 -9.0272568e-08 0)
(0.0018653484 -8.7366414e-08 0)
(0.0018653666 -8.4390785e-08 0)
(0.0018653842 -8.1369566e-08 0)
(0.0018654013 -7.8323643e-08 0)
(0.0018654178 -7.5271208e-08 0)
(0.0018654338 -7.2228049e-08 0)
(0.0018654491 -6.9207799e-08 0)
(0.0018654639 -6.622217e-08 0)
(0.001865478 -6.328116e-08 0)
(0.0018654916 -6.0393238e-08 0)
(0.0018655046 -5.7565519e-08 0)
(0.001865517 -5.4803909e-08 0)
(0.0018655289 -5.2113247e-08 0)
(0.0018655402 -4.9497422e-08 0)
(0.0018655509 -4.6959489e-08 0)
(0.0018655611 -4.4501763e-08 0)
(0.0018655709 -4.2125908e-08 0)
(0.0018655801 -3.9833016e-08 0)
(0.0018655888 -3.7623678e-08 0)
(0.0018655971 -3.5498045e-08 0)
(0.0018656049 -3.3455886e-08 0)
(0.0018656122 -3.1496635e-08 0)
(0.0018656192 -2.9619437e-08 0)
(0.0018656257 -2.7823189e-08 0)
(0.0018656319 -2.6106572e-08 0)
(0.0018656377 -2.4468083e-08 0)
(0.0018656431 -2.2906065e-08 0)
(0.0018656482 -2.1418727e-08 0)
(0.001865653 -2.0004173e-08 0)
(0.0018656575 -1.8660412e-08 0)
(0.0018656617 -1.7385384e-08 0)
(0.0018656655 -1.617697e-08 0)
(0.0018656692 -1.5033006e-08 0)
(0.0018656726 -1.3951298e-08 0)
(0.0018656757 -1.2929628e-08 0)
(0.0018656786 -1.1965768e-08 0)
(0.0018656813 -1.1057484e-08 0)
(0.0018656838 -1.0202547e-08 0)
(0.0018656861 -9.3987367e-09 0)
(0.0018656883 -8.6438473e-09 0)
(0.0018656902 -7.9356931e-09 0)
(0.001865692 -7.2721122e-09 0)
(0.0018656937 -6.6509695e-09 0)
(0.0018656952 -6.0701601e-09 0)
(0.0018656966 -5.527611e-09 0)
(0.0018656979 -5.0212834e-09 0)
(0.001865699 -4.5491736e-09 0)
(0.0018657001 -4.1093143e-09 0)
(0.001865701 -3.6997748e-09 0)
(0.0018657019 -3.3186618e-09 0)
(0.0018657027 -2.9641187e-09 0)
(0.0018657033 -2.6343262e-09 0)
(0.001865704 -2.3275014e-09 0)
(0.0018657045 -2.0418982e-09 0)
(0.001865705 -1.7758065e-09 0)
(0.0018657054 -1.527553e-09 0)
(0.0018657058 -1.2955014e-09 0)
(0.0018657061 -1.0780537e-09 0)
(0.0018657063 -8.7365247e-10 0)
(0.0018657065 -6.8078422e-10 0)
(0.0018657067 -4.9798388e-10 0)
(0.0018657068 -3.2384163e-10 0)
(0.0018657069 -1.570117e-10 0)
(0.0018657069 3.7761727e-12 0)
(0.001865707 1.5970217e-10 0)
(0.0018657069 3.1183836e-10 0)
(0.0018657069 4.6112695e-10 0)
(0.0018657068 6.0835445e-10 0)
(0.0018657066 7.54122e-10 0)
(0.0018657064 8.9881221e-10 0)
(0.0018657062 1.0425536e-09 0)
(0.001865706 1.1851846e-09 0)
(0.0018657057 1.32622e-09 0)
(0.0018657054 1.4648247e-09 0)
(0.0018657051 1.5998015e-09 0)
(0.0018657047 1.7296002e-09 0)
(0.0018657043 1.8523605e-09 0)
(0.0018657039 1.9660004e-09 0)
(0.0018657035 2.0683743e-09 0)
(0.001865703 2.1574534e-09 0)
(0.0018657025 2.2314203e-09 0)
(0.0018657021 2.2885967e-09 0)
(0.0018657013 2.3402459e-09 0)
(0.0032339418 0.00019450566 0)
(0.0032913216 0.00052245064 0)
(0.0033761506 0.00077020158 0)
(0.003462272 0.00093447981 0)
(0.0035306572 0.0010251362 0)
(0.0035727688 0.0010575805 0)
(0.0035867925 0.0010478958 0)
(0.0035751001 0.0010101866 0)
(0.0035421367 0.00095556261 0)
(0.0034929173 0.00089213062 0)
(0.003432169 0.00082545254 0)
(0.0033639385 0.00075913083 0)
(0.0032914797 0.0006953536 0)
(0.0032172918 0.00063533643 0)
(0.0031432238 0.00057965313 0)
(0.0030705955 0.00052847057 0)
(0.0030003135 0.00048170918 0)
(0.0029329698 0.00043914928 0)
(0.0028689229 0.0004004997 0)
(0.0028083604 0.00036544068 0)
(0.0027513479 0.00033364983 0)
(0.0026978648 0.00030481715 0)
(0.0026478315 0.00027865288 0)
(0.0026011292 0.00025489115 0)
(0.0025576144 0.00023329088 0)
(0.002517129 0.00021363516 0)
(0.0024795081 0.00019572979 0)
(0.0024445849 0.00017940145 0)
(0.0024121943 0.00016449569 0)
(0.0023821757 0.00015087493 0)
(0.0023543741 0.00013841666 0)
(0.0023286416 0.00012701163 0)
(0.0023048375 0.00011656235 0)
(0.002282829 0.00010698168 0)
(0.0022624909 9.8191619e-05 0)
(0.0022437054 9.0122184e-05 0)
(0.0022263622 8.2710493e-05 0)
(0.0022103581 7.589992e-05 0)
(0.0021955967 6.9639377e-05 0)
(0.0021819878 6.3882676e-05 0)
(0.0021694474 5.8587981e-05 0)
(0.0021578972 5.3717324e-05 0)
(0.0021472643 4.9236185e-05 0)
(0.0021374808 4.5113125e-05 0)
(0.0021284834 4.131946e-05 0)
(0.0021202133 3.7828984e-05 0)
(0.0021126159 3.4617715e-05 0)
(0.0021056405 3.1663679e-05 0)
(0.0020992396 2.8946716e-05 0)
(0.0020933696 2.6448307e-05 0)
(0.0020879896 2.4151426e-05 0)
(0.0020830619 2.2040402e-05 0)
(0.0020785514 2.01008e-05 0)
(0.0020744255 1.8319314e-05 0)
(0.0020706541 1.6683669e-05 0)
(0.0020672092 1.5182536e-05 0)
(0.0020640648 1.3805453e-05 0)
(0.002061197 1.2542756e-05 0)
(0.0020585835 1.1385514e-05 0)
(0.0020562038 1.0325471e-05 0)
(0.0020540388 9.354995e-06 0)
(0.0020520709 8.4670293e-06 0)
(0.0020502838 7.6550478e-06 0)
(0.0020486626 6.9130161e-06 0)
(0.0020471933 6.2353541e-06 0)
(0.0020458631 5.6169026e-06 0)
(0.0020446603 5.0528919e-06 0)
(0.0020435738 4.5389134e-06 0)
(0.0020425938 4.070893e-06 0)
(0.0020417109 3.6450668e-06 0)
(0.0020409167 3.2579583e-06 0)
(0.0020402032 2.9063577e-06 0)
(0.0020395634 2.5873023e-06 0)
(0.0020389906 2.2980588e-06 0)
(0.0020384787 2.0361061e-06 0)
(0.0020380222 1.7991203e-06 0)
(0.0020376159 1.58496e-06 0)
(0.0020372551 1.3916531e-06 0)
(0.0020369356 1.217384e-06 0)
(0.0020366535 1.0604824e-06 0)
(0.0020364052 9.194125e-07 0)
(0.0020361873 7.9276265e-07 0)
(0.0020359968 6.7923639e-07 0)
(0.0020358311 5.7764365e-07 0)
(0.0020356877 4.868927e-07 0)
(0.0020355642 4.059827e-07 0)
(0.0020354587 3.3399671e-07 0)
(0.0020353691 2.7009523e-07 0)
(0.0020352939 2.1351023e-07 0)
(0.0020352314 1.6353953e-07 0)
(0.0020351803 1.1954164e-07 0)
(0.0020351393 8.0930974e-08 0)
(0.0020351072 4.7173377e-08 0)
(0.0020350829 1.7782e-08 0)
(0.0020350656 -7.6865218e-09 0)
(0.0020350544 -2.9635618e-08 0)
(0.0020350485 -4.843206e-08 0)
(0.0020350472 -6.4408993e-08 0)
(0.0020350499 -7.7868747e-08 0)
(0.0020350561 -8.9085424e-08 0)
(0.0020350652 -9.8307293e-08 0)
(0.0020350768 -1.05759e-07 0)
(0.0020350905 -1.1164361e-07 0)
(0.0020351059 -1.1614448e-07 0)
(0.0020351228 -1.1942697e-07 0)
(0.0020351408 -1.2164007e-07 0)
(0.0020351598 -1.2291785e-07 0)
(0.0020351794 -1.2338078e-07 0)
(0.0020351995 -1.2313701e-07 0)
(0.0020352199 -1.2228345e-07 0)
(0.0020352405 -1.2090686e-07 0)
(0.0020352611 -1.1908477e-07 0)
(0.0020352816 -1.1688635e-07 0)
(0.002035302 -1.143732e-07 0)
(0.0020353221 -1.1160013e-07 0)
(0.0020353419 -1.0861574e-07 0)
(0.0020353614 -1.0546308e-07 0)
(0.0020353803 -1.0218019e-07 0)
(0.0020353988 -9.8800611e-08 0)
(0.0020354168 -9.5353796e-08 0)
(0.0020354343 -9.1865574e-08 0)
(0.0020354512 -8.8358503e-08 0)
(0.0020354675 -8.485221e-08 0)
(0.0020354833 -8.1363701e-08 0)
(0.0020354984 -7.7907638e-08 0)
(0.002035513 -7.4496592e-08 0)
(0.002035527 -7.1141267e-08 0)
(0.0020355404 -6.7850706e-08 0)
(0.0020355532 -6.4632474e-08 0)
(0.0020355655 -6.1492825e-08 0)
(0.0020355772 -5.8436846e-08 0)
(0.0020355883 -5.5468597e-08 0)
(0.0020355989 -5.2591225e-08 0)
(0.002035609 -4.9807073e-08 0)
(0.0020356185 -4.7117775e-08 0)
(0.0020356276 -4.4524344e-08 0)
(0.0020356362 -4.2027244e-08 0)
(0.0020356443 -3.9626465e-08 0)
(0.002035652 -3.7321575e-08 0)
(0.0020356592 -3.5111783e-08 0)
(0.0020356661 -3.2995982e-08 0)
(0.0020356725 -3.0972793e-08 0)
(0.0020356785 -2.9040606e-08 0)
(0.0020356842 -2.7197608e-08 0)
(0.0020356896 -2.5441821e-08 0)
(0.0020356945 -2.3771123e-08 0)
(0.0020356992 -2.2183276e-08 0)
(0.0020357036 -2.0675944e-08 0)
(0.0020357077 -1.9246713e-08 0)
(0.0020357115 -1.789311e-08 0)
(0.002035715 -1.6612614e-08 0)
(0.0020357183 -1.5402673e-08 0)
(0.0020357214 -1.4260712e-08 0)
(0.0020357242 -1.3184147e-08 0)
(0.0020357269 -1.2170391e-08 0)
(0.0020357293 -1.1216863e-08 0)
(0.0020357316 -1.0320996e-08 0)
(0.0020357336 -9.4802414e-09 0)
(0.0020357356 -8.6920753e-09 0)
(0.0020357373 -7.9540019e-09 0)
(0.0020357389 -7.2635577e-09 0)
(0.0020357404 -6.6183148e-09 0)
(0.0020357417 -6.0158826e-09 0)
(0.002035743 -5.4539102e-09 0)
(0.0020357441 -4.9300877e-09 0)
(0.0020357451 -4.4421468e-09 0)
(0.002035746 -3.9878618e-09 0)
(0.0020357468 -3.5650496e-09 0)
(0.0020357476 -3.1715697e-09 0)
(0.0020357482 -2.8053244e-09 0)
(0.0020357488 -2.4642586e-09 0)
(0.0020357493 -2.1463596e-09 0)
(0.0020357498 -1.8496577e-09 0)
(0.0020357502 -1.5722273e-09 0)
(0.0020357505 -1.3121879e-09 0)
(0.0020357508 -1.0677069e-09 0)
(0.002035751 -8.3700376e-10 0)
(0.0020357512 -6.1835491e-10 0)
(0.0020357513 -4.101018e-10 0)
(0.0020357514 -2.1066069e-10 0)
(0.0020357515 -1.8535687e-11 0)
(0.0020357515 1.676649e-10 0)
(0.0020357515 3.4920834e-10 0)
(0.0020357514 5.2721296e-10 0)
(0.0020357513 7.0261928e-10 0)
(0.0020357512 8.7615655e-10 0)
(0.002035751 1.0483052e-09 0)
(0.0020357508 1.219256e-09 0)
(0.0020357506 1.3888681e-09 0)
(0.0020357503 1.5566273e-09 0)
(0.00203575 1.7216107e-09 0)
(0.0020357496 1.8824611e-09 0)
(0.0020357492 2.0373798e-09 0)
(0.0020357488 2.1841454e-09 0)
(0.0020357484 2.3201708e-09 0)
(0.0020357479 2.4426146e-09 0)
(0.0020357475 2.5485177e-09 0)
(0.0020357469 2.6349007e-09 0)
(0.0020357465 2.6986279e-09 0)
(0.0020357457 2.7463803e-09 0)
(0.0032325026 0.00017104144 0)
(0.003280475 0.0004686771 0)
(0.0033559419 0.00070455658 0)
(0.0034381858 0.00087263548 0)
(0.0035105285 0.00097737639 0)
(0.0035637867 0.0010288223 0)
(0.0035941553 0.0010389538 0)
(0.0036017241 0.0010193042 0)
(0.0035889521 0.0009797112 0)
(0.0035593954 0.00092791368 0)
(0.0035168559 0.0008696399 0)
(0.0034648899 0.000808919 0)
(0.003406574 0.00074845081 0)
(0.0033444329 0.00068994981 0)
(0.0032804584 0.00063442946 0)
(0.0032161722 0.00058242158 0)
(0.0031527022 0.00053413774 0)
(0.0030908588 0.00048958409 0)
(0.0030312032 0.00044864081 0)
(0.0029741044 0.00041111582 0)
(0.002919786 0.00037678037 0)
(0.0028683631 0.00034539185 0)
(0.0028198707 0.00031670816 0)
(0.0027742867 0.00029049625 0)
(0.0027315477 0.00026653684 0)
(0.0026915626 0.00024462675 0)
(0.0026542215 0.00022457963 0)
(0.0026194031 0.0002062257 0)
(0.0025869797 0.00018941105 0)
(0.0025568213 0.0001739965 0)
(0.0025287981 0.00015985647 0)
(0.0025027824 0.00014687766 0)
(0.0024786504 0.00013495793 0)
(0.0024562826 0.00012400513 0)
(0.0024355645 0.00011393607 0)
(0.0024163873 0.00010467558 0)
(0.0023986475 9.6155635e-05 0)
(0.0023822475 8.8314598e-05 0)
(0.002367095 8.1096546e-05 0)
(0.0023531034 7.445066e-05 0)
(0.002340191 6.8330687e-05 0)
(0.0023282815 6.2694469e-05 0)
(0.0023173032 5.7503521e-05 0)
(0.0023071891 5.2722664e-05 0)
(0.0022978766 4.8319695e-05 0)
(0.0022893072 4.4265098e-05 0)
(0.0022814261 4.0531786e-05 0)
(0.0022741825 3.7094873e-05 0)
(0.0022675289 3.393147e-05 0)
(0.002261421 3.1020508e-05 0)
(0.0022558177 2.8342571e-05 0)
(0.0022506805 2.5879758e-05 0)
(0.002245974 2.3615547e-05 0)
(0.0022416648 2.1534684e-05 0)
(0.0022377224 1.9623077e-05 0)
(0.0022341179 1.7867699e-05 0)
(0.0022308251 1.6256507e-05 0)
(0.0022278191 1.4778361e-05 0)
(0.0022250773 1.3422954e-05 0)
(0.0022225784 1.218075e-05 0)
(0.002220303 1.1042924e-05 0)
(0.0022182327 1.0001307e-05 0)
(0.0022163509 9.0483395e-06 0)
(0.002214642 8.1770259e-06 0)
(0.0022130918 7.3808919e-06 0)
(0.0022116869 6.6539471e-06 0)
(0.0022104151 5.9906498e-06 0)
(0.0022092651 5.3858743e-06 0)
(0.0022082265 4.8348813e-06 0)
(0.0022072898 4.3332893e-06 0)
(0.002206446 3.8770495e-06 0)
(0.002205687 3.4624214e-06 0)
(0.0022050054 3.0859509e-06 0)
(0.0022043943 2.7444494e-06 0)
(0.0022038472 2.4349747e-06 0)
(0.0022033585 2.1548135e-06 0)
(0.0022029228 1.9014641e-06 0)
(0.0022025351 1.6726217e-06 0)
(0.0022021911 1.4661635e-06 0)
(0.0022018865 1.2801359e-06 0)
(0.0022016176 1.1127412e-06 0)
(0.0022013811 9.62327e-07 0)
(0.0022011737 8.2737471e-07 0)
(0.0022009926 7.0648981e-07 0)
(0.0022008352 5.9839249e-07 0)
(0.002200699 5.0190894e-07 0)
(0.0022005819 4.159633e-07 0)
(0.002200482 3.3957013e-07 0)
(0.0022003973 2.7182746e-07 0)
(0.0022003264 2.119103e-07 0)
(0.0022002676 1.5906459e-07 0)
(0.0022002196 1.1260168e-07 0)
(0.0022001813 7.1893073e-08 0)
(0.0022001515 3.6365664e-08 0)
(0.0022001293 5.4972639e-09 0)
(0.0022001136 -2.1187529e-08 0)
(0.0022001037 -4.412115e-08 0)
(0.0022000989 -6.3696612e-08 0)
(0.0022000985 -8.0270777e-08 0)
(0.0022001019 -9.416738e-08 0)
(0.0022001086 -1.0567983e-07 0)
(0.002200118 -1.1507379e-07 0)
(0.0022001299 -1.2258954e-07 0)
(0.0022001437 -1.2844423e-07 0)
(0.0022001592 -1.3283381e-07 0)
(0.002200176 -1.3593498e-07 0)
(0.0022001939 -1.3790685e-07 0)
(0.0022002126 -1.3889255e-07 0)
(0.002200232 -1.3902064e-07 0)
(0.0022002518 -1.3840647e-07 0)
(0.0022002719 -1.3715337e-07 0)
(0.0022002921 -1.3535379e-07 0)
(0.0022003123 -1.3309031e-07 0)
(0.0022003325 -1.3043656e-07 0)
(0.0022003524 -1.2745812e-07 0)
(0.0022003721 -1.2421324e-07 0)
(0.0022003915 -1.2075358e-07 0)
(0.0022004105 -1.1712486e-07 0)
(0.002200429 -1.1336746e-07 0)
(0.0022004471 -1.0951692e-07 0)
(0.0022004647 -1.0560445e-07 0)
(0.0022004817 -1.016574e-07 0)
(0.0022004982 -9.7699601e-08 0)
(0.0022005141 -9.375177e-08 0)
(0.0022005295 -8.9831828e-08 0)
(0.0022005442 -8.5955197e-08 0)
(0.0022005584 -8.2135067e-08 0)
(0.002200572 -7.838264e-08 0)
(0.0022005851 -7.4707346e-08 0)
(0.0022005976 -7.1117038e-08 0)
(0.0022006095 -6.7618171e-08 0)
(0.0022006208 -6.4215959e-08 0)
(0.0022006317 -6.0914517e-08 0)
(0.002200642 -5.771699e-08 0)
(0.0022006517 -5.4625663e-08 0)
(0.002200661 -5.1642067e-08 0)
(0.0022006698 -4.876707e-08 0)
(0.0022006781 -4.6000958e-08 0)
(0.002200686 -4.3343504e-08 0)
(0.0022006935 -4.0794041e-08 0)
(0.0022007005 -3.8351513e-08 0)
(0.0022007071 -3.6014529e-08 0)
(0.0022007133 -3.3781411e-08 0)
(0.0022007192 -3.1650233e-08 0)
(0.0022007247 -2.9618856e-08 0)
(0.0022007298 -2.7684965e-08 0)
(0.0022007347 -2.5846094e-08 0)
(0.0022007392 -2.4099652e-08 0)
(0.0022007434 -2.2442951e-08 0)
(0.0022007473 -2.0873218e-08 0)
(0.002200751 -1.9387622e-08 0)
(0.0022007544 -1.798328e-08 0)
(0.0022007576 -1.6657283e-08 0)
(0.0022007605 -1.5406699e-08 0)
(0.0022007633 -1.4228587e-08 0)
(0.0022007658 -1.3120009e-08 0)
(0.0022007682 -1.2078037e-08 0)
(0.0022007703 -1.109976e-08 0)
(0.0022007723 -1.0182289e-08 0)
(0.0022007741 -9.3227669e-09 0)
(0.0022007758 -8.5183681e-09 0)
(0.0022007774 -7.7663059e-09 0)
(0.0022007788 -7.0638342e-09 0)
(0.00220078 -6.4082499e-09 0)
(0.0022007812 -5.7968953e-09 0)
(0.0022007823 -5.2271592e-09 0)
(0.0022007832 -4.6964778e-09 0)
(0.0022007841 -4.2023352e-09 0)
(0.0022007849 -3.7422641e-09 0)
(0.0022007856 -3.3138456e-09 0)
(0.0022007862 -2.9147092e-09 0)
(0.0022007867 -2.5425336e-09 0)
(0.0022007872 -2.1950467e-09 0)
(0.0022007876 -1.870027e-09 0)
(0.002200788 -1.5653056e-09 0)
(0.0022007883 -1.2787688e-09 0)
(0.0022007885 -1.0083627e-09 0)
(0.0022007887 -7.5209956e-10 0)
(0.0022007889 -5.0806598e-10 0)
(0.002200789 -2.7443408e-10 0)
(0.0022007891 -4.9475935e-11 0)
(0.0022007891 1.684184e-10 0)
(0.0022007891 3.8071856e-10 0)
(0.002200789 5.8872688e-10 0)
(0.0022007889 7.9354641e-10 0)
(0.0022007888 9.9604381e-10 0)
(0.0022007886 1.1968074e-09 0)
(0.0022007884 1.3961007e-09 0)
(0.0022007882 1.5938138e-09 0)
(0.0022007879 1.7894133e-09 0)
(0.0022007876 1.9818954e-09 0)
(0.0022007873 2.1697458e-09 0)
(0.0022007869 2.3509132e-09 0)
(0.0022007865 2.5228026e-09 0)
(0.002200786 2.6822972e-09 0)
(0.0022007856 2.8258243e-09 0)
(0.0022007851 2.9494465e-09 0)
(0.0022007845 3.0489599e-09 0)
(0.0022007841 3.1197305e-09 0)
(0.0022007833 3.1636277e-09 0)
(0.0032315096 0.0001516125 0)
(0.0032720845 0.00042197909 0)
(0.0033390474 0.00064444675 0)
(0.0034160948 0.00081191849 0)
(0.0034890206 0.000925473 0)
(0.0035488612 0.0009912473 0)
(0.0035907647 0.0010178462 0)
(0.003613245 0.0010143778 0)
(0.0036171676 0.00098921586 0)
(0.0036047591 0.0009494053 0)
(0.0035788508 0.0009005087 0)
(0.0035423728 0.00084670468 0)
(0.0034980568 0.00079100022 0)
(0.0034482894 0.00073547156 0)
(0.0033950635 0.0006814886 0)
(0.0033399871 0.00062990382 0)
(0.0032843211 0.00058120181 0)
(0.0032290294 0.00053561274 0)
(0.0031748295 0.0004931958 0)
(0.0031222401 0.00045389913 0)
(0.0030716223 0.00041760195 0)
(0.0030232139 0.00038414368 0)
(0.0029771583 0.00035334365 0)
(0.0029335265 0.00032501411 0)
(0.0028923356 0.00029896865 0)
(0.0028535625 0.0002750274 0)
(0.0028171552 0.00025302003 0)
(0.0027830412 0.00023278735 0)
(0.0027511339 0.00021418183 0)
(0.0027213373 0.00019706766 0)
(0.0026935505 0.00018132029 0)
(0.0026676699 0.00016682588 0)
(0.0026435914 0.00015348048 0)
(0.0026212122 0.00014118936 0)
(0.0026004316 0.00012986615 0)
(0.0025811521 0.00011943212 0)
(0.0025632797 0.00010981549 0)
(0.0025467245 0.00010095076 0)
(0.0025314005 9.2778131e-05 0)
(0.0025172264 8.5242926e-05 0)
(0.0025041246 7.8295126e-05 0)
(0.0024920223 7.1888919e-05 0)
(0.0024808506 6.5982299e-05 0)
(0.0024705446 6.0536709e-05 0)
(0.0024610434 5.5516724e-05 0)
(0.0024522897 5.0889761e-05 0)
(0.00244423 4.6625826e-05 0)
(0.0024368141 4.2697279e-05 0)
(0.0024299949 3.9078634e-05 0)
(0.0024237286 3.574637e-05 0)
(0.0024179743 3.2678764e-05 0)
(0.0024126936 2.9855744e-05 0)
(0.002407851 2.7258753e-05 0)
(0.0024034132 2.4870622e-05 0)
(0.0023993492 2.2675466e-05 0)
(0.0023956304 2.0658581e-05 0)
(0.00239223 1.8806349e-05 0)
(0.0023891231 1.710616e-05 0)
(0.0023862866 1.5546333e-05 0)
(0.0023836991 1.4116047e-05 0)
(0.0023813408 1.2805278e-05 0)
(0.0023791932 1.1604738e-05 0)
(0.0023772393 1.0505825e-05 0)
(0.0023754632 9.5005697e-06 0)
(0.0023738504 8.5815925e-06 0)
(0.0023723873 7.7420597e-06 0)
(0.0023710615 6.975645e-06 0)
(0.0023698614 6.2764932e-06 0)
(0.0023687764 5.6391865e-06 0)
(0.0023677965 5.0587137e-06 0)
(0.0023669129 4.5304412e-06 0)
(0.002366117 4.0500856e-06 0)
(0.0023654013 3.6136898e-06 0)
(0.0023647587 3.2175987e-06 0)
(0.0023641826 2.8584381e-06 0)
(0.0023636671 2.5330947e-06 0)
(0.0023632066 2.2386968e-06 0)
(0.0023627963 1.9725973e-06 0)
(0.0023624313 1.7323574e-06 0)
(0.0023621075 1.5157312e-06 0)
(0.002361821 1.3206516e-06 0)
(0.0023615682 1.1452174e-06 0)
(0.0023613459 9.8768072e-07 0)
(0.0023611512 8.4643592e-07 0)
(0.0023609813 7.2000867e-07 0)
(0.0023608337 6.0704622e-07 0)
(0.0023607061 5.0630816e-07 0)
(0.0023605966 4.1665783e-07 0)
(0.0023605033 3.3705441e-07 0)
(0.0023604244 2.6654546e-07 0)
(0.0023603584 2.0426007e-07 0)
(0.0023603038 1.4940247e-07 0)
(0.0023602595 1.0124611e-07 0)
(0.0023602243 5.9128105e-08 0)
(0.0023601971 2.2444203e-08 0)
(0.002360177 -9.3559967e-09 0)
(0.002360163 -3.6773411e-08 0)
(0.0023601546 -6.026353e-08 0)
(0.0023601509 -8.0240172e-08 0)
(0.0023601513 -9.7078958e-08 0)
(0.0023601553 -1.1112052e-07 0)
(0.0023601623 -1.2267346e-07 0)
(0.002360172 -1.3201709e-07 0)
(0.0023601839 -1.3940396e-07 0)
(0.0023601977 -1.4506218e-07 0)
(0.0023602129 -1.4919755e-07 0)
(0.0023602295 -1.5199555e-07 0)
(0.002360247 -1.5362313e-07 0)
(0.0023602653 -1.5423041e-07 0)
(0.0023602841 -1.5395216e-07 0)
(0.0023603034 -1.5290926e-07 0)
(0.0023603229 -1.5120993e-07 0)
(0.0023603425 -1.4895096e-07 0)
(0.0023603621 -1.4621874e-07 0)
(0.0023603816 -1.4309029e-07 0)
(0.0023604009 -1.3963412e-07 0)
(0.00236042 -1.3591107e-07 0)
(0.0023604387 -1.3197508e-07 0)
(0.002360457 -1.2787381e-07 0)
(0.0023604749 -1.2364935e-07 0)
(0.0023604923 -1.193387e-07 0)
(0.0023605092 -1.1497433e-07 0)
(0.0023605256 -1.1058462e-07 0)
(0.0023605415 -1.061943e-07 0)
(0.0023605568 -1.0182485e-07 0)
(0.0023605716 -9.7494769e-08 0)
(0.0023605858 -9.3219978e-08 0)
(0.0023605994 -8.9014044e-08 0)
(0.0023606125 -8.4888451e-08 0)
(0.002360625 -8.0852828e-08 0)
(0.002360637 -7.6915154e-08 0)
(0.0023606484 -7.3081941e-08 0)
(0.0023606593 -6.9358403e-08 0)
(0.0023606697 -6.5748602e-08 0)
(0.0023606796 -6.2255582e-08 0)
(0.002360689 -5.888149e-08 0)
(0.0023606979 -5.5627682e-08 0)
(0.0023607063 -5.249482e-08 0)
(0.0023607143 -4.9482953e-08 0)
(0.0023607218 -4.6591602e-08 0)
(0.0023607289 -4.3819819e-08 0)
(0.0023607356 -4.1166253e-08 0)
(0.002360742 -3.8629205e-08 0)
(0.0023607479 -3.6206673e-08 0)
(0.0023607535 -3.3896398e-08 0)
(0.0023607587 -3.1695903e-08 0)
(0.0023607636 -2.9602523e-08 0)
(0.0023607683 -2.7613441e-08 0)
(0.0023607726 -2.5725713e-08 0)
(0.0023607766 -2.3936289e-08 0)
(0.0023607803 -2.2242042e-08 0)
(0.0023607838 -2.063978e-08 0)
(0.0023607871 -1.9126267e-08 0)
(0.0023607901 -1.7698236e-08 0)
(0.0023607929 -1.6352403e-08 0)
(0.0023607955 -1.5085482e-08 0)
(0.0023607979 -1.3894188e-08 0)
(0.0023608001 -1.2775254e-08 0)
(0.0023608022 -1.1725432e-08 0)
(0.0023608041 -1.0741505e-08 0)
(0.0023608058 -9.8202901e-09 0)
(0.0023608074 -8.9586428e-09 0)
(0.0023608088 -8.1534627e-09 0)
(0.0023608102 -7.4016953e-09 0)
(0.0023608114 -6.7003353e-09 0)
(0.0023608125 -6.0464281e-09 0)
(0.0023608135 -5.4370711e-09 0)
(0.0023608144 -4.869415e-09 0)
(0.0023608152 -4.340664e-09 0)
(0.0023608159 -3.8480766e-09 0)
(0.0023608165 -3.3889656e-09 0)
(0.0023608171 -2.960699e-09 0)
(0.0023608176 -2.5607004e-09 0)
(0.0023608181 -2.1864508e-09 0)
(0.0023608184 -1.8354906e-09 0)
(0.0023608188 -1.5054229e-09 0)
(0.002360819 -1.1939185e-09 0)
(0.0023608192 -8.9872283e-10 0)
(0.0023608194 -6.1766503e-10 0)
(0.0023608195 -3.4867019e-10 0)
(0.0023608196 -8.9774936e-11 0)
(0.0023608196 1.6085289e-10 0)
(0.0023608196 4.0489e-10 0)
(0.0023608196 6.4382827e-10 0)
(0.0023608195 8.7893986e-10 0)
(0.0023608194 1.1112365e-09 0)
(0.0023608192 1.3414229e-09 0)
(0.002360819 1.5698452e-09 0)
(0.0023608188 1.7964344e-09 0)
(0.0023608185 2.0206475e-09 0)
(0.0023608182 2.2414081e-09 0)
(0.0023608179 2.457051e-09 0)
(0.0023608175 2.6652736e-09 0)
(0.0023608171 2.863102e-09 0)
(0.0023608167 3.0468776e-09 0)
(0.0023608162 3.2122739e-09 0)
(0.0023608157 3.3543445e-09 0)
(0.0023608152 3.4676206e-09 0)
(0.0023608147 3.545906e-09 0)
(0.0023608139 3.5860917e-09 0)
(0.0032308042 0.00013527815 0)
(0.0032654994 0.00038123536 0)
(0.0033249499 0.0005897799 0)
(0.003396335 0.00075368572 0)
(0.0034677516 0.00087199216 0)
(0.0035309103 0.00094807808 0)
(0.0035805599 0.00098788487 0)
(0.0036142168 0.00099838658 0)
(0.003631553 0.00098648582 0)
(0.0036336735 0.00095836439 0)
(0.0036224953 0.00091919307 0)
(0.0036002802 0.00087308062 0)
(0.0035693209 0.00082315862 0)
(0.003531753 0.00077172798 0)
(0.0034894593 0.00072042012 0)
(0.0034440358 0.00067034768 0)
(0.0033967947 0.00062223353 0)
(0.003348788 0.00057651513 0)
(0.0033008401 0.00053342586 0)
(0.0032535825 0.00049305663 0)
(0.0032074876 0.00045540146 0)
(0.0031628978 0.00042039067 0)
(0.0031200522 0.00038791462 0)
(0.0030791079 0.00035784042 0)
(0.0030401577 0.00033002348 0)
(0.0030032449 0.00030431544 0)
(0.0029683753 0.00028056928 0)
(0.0029355256 0.00025864275 0)
(0.002904652 0.00023840031 0)
(0.0028756951 0.00021971426 0)
(0.0028485846 0.00020246523 0)
(0.0028232436 0.00018654227 0)
(0.0027995902 0.00017184265 0)
(0.0027775407 0.00015827152 0)
(0.0027570105 0.00014574148 0)
(0.0027379155 0.00013417204 0)
(0.0027201734 0.00012348919 0)
(0.0027037037 0.00011362484 0)
(0.0026884289 0.00010451637 0)
(0.0026742741 9.6106179e-05 0)
(0.0026611679 8.8341237e-05 0)
(0.002649042 8.1172719e-05 0)
(0.0026378317 7.4555635e-05 0)
(0.0026274754 6.8448504e-05 0)
(0.002617915 6.2813056e-05 0)
(0.0026090956 5.7613961e-05 0)
(0.0026009656 5.2818581e-05 0)
(0.0025934763 4.8396746e-05 0)
(0.0025865821 4.4320556e-05 0)
(0.0025802401 4.0564191e-05 0)
(0.0025744102 3.710375e-05 0)
(0.0025690548 3.3917096e-05 0)
(0.0025641389 3.0983717e-05 0)
(0.0025596297 2.8284607e-05 0)
(0.0025554965 2.5802143e-05 0)
(0.0025517108 2.3519987e-05 0)
(0.0025482461 2.1422988e-05 0)
(0.0025450775 1.9497094e-05 0)
(0.0025421822 1.7729273e-05 0)
(0.0025395386 1.6107435e-05 0)
(0.002537127 1.4620371e-05 0)
(0.0025349288 1.3257685e-05 0)
(0.002532927 1.2009736e-05 0)
(0.0025311058 1.0867587e-05 0)
(0.0025294503 9.8229547e-06 0)
(0.002527947 8.8681612e-06 0)
(0.0025265834 7.9960948e-06 0)
(0.0025253478 7.2001683e-06 0)
(0.0025242294 6.4742827e-06 0)
(0.0025232184 5.812793e-06 0)
(0.0025223055 5.2104763e-06 0)
(0.0025214823 4.6625024e-06 0)
(0.002520741 4.1644057e-06 0)
(0.0025200745 3.7120599e-06 0)
(0.0025194762 3.3016537e-06 0)
(0.0025189399 2.9296687e-06 0)
(0.0025184602 2.592858e-06 0)
(0.0025180318 2.2882276e-06 0)
(0.0025176501 2.0130174e-06 0)
(0.0025173108 1.7646846e-06 0)
(0.0025170099 1.5408882e-06 0)
(0.0025167438 1.3394737e-06 0)
(0.0025165091 1.1584598e-06 0)
(0.0025163029 9.9602546e-07 0)
(0.0025161223 8.5049801e-07 0)
(0.0025159649 7.2034202e-07 0)
(0.0025158282 6.0414897e-07 0)
(0.0025157103 5.0062766e-07 0)
(0.0025156092 4.0859517e-07 0)
(0.0025155231 3.2696864e-07 0)
(0.0025154505 2.5475743e-07 0)
(0.0025153899 1.9105597e-07 0)
(0.00251534 1.350371e-07 0)
(0.0025152996 8.5945807e-08 0)
(0.0025152677 4.30935e-08 0)
(0.0025152432 5.852679e-09 0)
(0.0025152252 -2.6348027e-08 0)
(0.0025152131 -5.4028437e-08 0)
(0.002515206 -7.7661062e-08 0)
(0.0025152033 -9.7675027e-08 0)
(0.0025152045 -1.144597e-07 0)
(0.002515209 -1.2836805e-07 0)
(0.0025152163 -1.3971972e-07 0)
(0.002515226 -1.4880392e-07 0)
(0.0025152378 -1.5588204e-07 0)
(0.0025152512 -1.6119005e-07 0)
(0.0025152661 -1.6494078e-07 0)
(0.0025152822 -1.6732596e-07 0)
(0.0025152991 -1.6851808e-07 0)
(0.0025153167 -1.6867217e-07 0)
(0.0025153349 -1.6792736e-07 0)
(0.0025153533 -1.6640835e-07 0)
(0.002515372 -1.6422675e-07 0)
(0.0025153908 -1.6148231e-07 0)
(0.0025154095 -1.5826403e-07 0)
(0.0025154282 -1.5465118e-07 0)
(0.0025154466 -1.5071425e-07 0)
(0.0025154648 -1.4651579e-07 0)
(0.0025154826 -1.421112e-07 0)
(0.0025155 -1.3754942e-07 0)
(0.0025155171 -1.3287359e-07 0)
(0.0025155336 -1.2812162e-07 0)
(0.0025155497 -1.2332673e-07 0)
(0.0025155653 -1.1851793e-07 0)
(0.0025155804 -1.1372045e-07 0)
(0.002515595 -1.0895615e-07 0)
(0.002515609 -1.0424384e-07 0)
(0.0025156225 -9.9599658e-08 0)
(0.0025156354 -9.5037307e-08 0)
(0.0025156478 -9.0568348e-08 0)
(0.0025156597 -8.6202428e-08 0)
(0.0025156711 -8.1947489e-08 0)
(0.0025156819 -7.7809964e-08 0)
(0.0025156922 -7.3794941e-08 0)
(0.0025157021 -6.9906326e-08 0)
(0.0025157114 -6.6146973e-08 0)
(0.0025157203 -6.2518811e-08 0)
(0.0025157287 -5.9022954e-08 0)
(0.0025157367 -5.5659798e-08 0)
(0.0025157442 -5.2429114e-08 0)
(0.0025157513 -4.9330123e-08 0)
(0.002515758 -4.6361566e-08 0)
(0.0025157644 -4.3521772e-08 0)
(0.0025157703 -4.0808708e-08 0)
(0.0025157759 -3.8220036e-08 0)
(0.0025157812 -3.575315e-08 0)
(0.0025157862 -3.3405224e-08 0)
(0.0025157908 -3.1173242e-08 0)
(0.0025157951 -2.9054033e-08 0)
(0.0025157992 -2.7044296e-08 0)
(0.002515803 -2.514063e-08 0)
(0.0025158065 -2.3339553e-08 0)
(0.0025158098 -2.1637521e-08 0)
(0.0025158128 -2.0030952e-08 0)
(0.0025158157 -1.8516232e-08 0)
(0.0025158183 -1.7089739e-08 0)
(0.0025158207 -1.5747847e-08 0)
(0.002515823 -1.4486941e-08 0)
(0.0025158251 -1.3303426e-08 0)
(0.002515827 -1.2193735e-08 0)
(0.0025158288 -1.1154333e-08 0)
(0.0025158304 -1.0181728e-08 0)
(0.0025158319 -9.2724691e-09 0)
(0.0025158332 -8.423158e-09 0)
(0.0025158344 -7.6304467e-09 0)
(0.0025158356 -6.8910417e-09 0)
(0.0025158366 -6.2017062e-09 0)
(0.0025158375 -5.559261e-09 0)
(0.0025158384 -4.9605855e-09 0)
(0.0025158391 -4.4026186e-09 0)
(0.0025158398 -3.8823595e-09 0)
(0.0025158404 -3.3968679e-09 0)
(0.0025158409 -2.9432658e-09 0)
(0.0025158413 -2.5187388e-09 0)
(0.0025158417 -2.1205384e-09 0)
(0.0025158421 -1.7459864e-09 0)
(0.0025158424 -1.3924799e-09 0)
(0.0025158426 -1.0574985e-09 0)
(0.0025158428 -7.3861481e-10 0)
(0.0025158429 -4.3350707e-10 0)
(0.002515843 -1.3997614e-10 0)
(0.002515843 1.4403346e-10 0)
(0.0025158431 4.2040758e-10 0)
(0.002515843 6.9083079e-10 0)
(0.0025158429 9.5674874e-10 0)
(0.0025158428 1.219324e-09 0)
(0.0025158427 1.4793849e-09 0)
(0.0025158425 1.7373683e-09 0)
(0.0025158423 1.9932556e-09 0)
(0.002515842 2.2465043e-09 0)
(0.0025158417 2.4959753e-09 0)
(0.0025158414 2.7398608e-09 0)
(0.002515841 2.9756131e-09 0)
(0.0025158406 3.1998823e-09 0)
(0.0025158402 3.4084653e-09 0)
(0.0025158397 3.596274e-09 0)
(0.0025158392 3.7573351e-09 0)
(0.0025158387 3.8848792e-09 0)
(0.0025158383 3.9711215e-09 0)
(0.0025158374 4.0078063e-09 0)
(0.0032302886 0.00012136222 0)
(0.003260254 0.00034549257 0)
(0.0033131579 0.00054021105 0)
(0.0033788904 0.00069863172 0)
(0.0034475683 0.00081863411 0)
(0.0035117735 0.00090170109 0)
(0.0035662686 0.00095173739 0)
(0.0036080133 0.00097392457 0)
(0.0036358414 0.00097379732 0)
(0.0036499679 0.00095662075 0)
(0.0036515085 0.00092704017 0)
(0.0036420797 0.00088893659 0)
(0.0036234999 0.00084541752 0)
(0.0035975873 0.00079888467 0)
(0.0035660366 0.0007511363 0)
(0.0035303544 0.00070347781 0)
(0.0034918342 0.00065682549 0)
(0.0034515569 0.00061179674 0)
(0.0034104053 0.00056878443 0)
(0.0033690857 0.00052801623 0)
(0.0033281524 0.00048960073 0)
(0.0032880307 0.00045356245 0)
(0.0032490397 0.00041986808 0)
(0.003211411 0.00038844581 0)
(0.0031753061 0.00035919943 0)
(0.0031408297 0.00033201845 0)
(0.0031080421 0.00030678521 0)
(0.0030769688 0.00028337989 0)
(0.0030476078 0.00026168385 0)
(0.0030199369 0.00024158191 0)
(0.0029939178 0.00022296373 0)
(0.002969501 0.00020572462 0)
(0.0029466289 0.00018976594 0)
(0.0029252382 0.00017499527 0)
(0.002905262 0.0001613263 0)
(0.0028866317 0.00014867867 0)
(0.0028692778 0.00013697771 0)
(0.0028531312 0.00012615411 0)
(0.002838124 0.00011614359 0)
(0.0028241895 0.0001068866 0)
(0.0028112635 9.832796e-05 0)
(0.0027992837 9.0416548e-05 0)
(0.0027881905 8.3105007e-05 0)
(0.0027779268 7.6349456e-05 0)
(0.0027684384 7.0109229e-05 0)
(0.0027596736 6.4346626e-05 0)
(0.0027515836 5.902669e-05 0)
(0.002744122 5.4116997e-05 0)
(0.0027372453 4.9587467e-05 0)
(0.0027309123 4.5410182e-05 0)
(0.0027250845 4.155923e-05 0)
(0.0027197254 3.8010553e-05 0)
(0.0027148011 3.4741811e-05 0)
(0.0027102798 3.1732257e-05 0)
(0.0027061315 2.8962624e-05 0)
(0.0027023284 2.6415014e-05 0)
(0.0026988444 2.4072803e-05 0)
(0.0026956554 2.1920552e-05 0)
(0.0026927387 1.9943919e-05 0)
(0.0026900732 1.812959e-05 0)
(0.0026876393 1.6465197e-05 0)
(0.0026854188 1.4939262e-05 0)
(0.0026833948 1.354113e-05 0)
(0.0026815516 1.2260912e-05 0)
(0.0026798746 1.1089436e-05 0)
(0.0026783503 1.0018195e-05 0)
(0.0026769661 9.0392996e-06 0)
(0.0026757107 8.1454391e-06 0)
(0.0026745731 7.3298399e-06 0)
(0.0026735435 6.5862281e-06 0)
(0.0026726129 5.9087958e-06 0)
(0.0026717727 5.2921683e-06 0)
(0.0026710152 4.731374e-06 0)
(0.0026703331 4.2218166e-06 0)
(0.00266972 3.7592485e-06 0)
(0.0026691697 3.3397465e-06 0)
(0.0026686765 2.9596888e-06 0)
(0.0026682355 2.6157335e-06 0)
(0.0026678418 2.3047991e-06 0)
(0.0026674911 2.0240451e-06 0)
(0.0026671795 1.7708551e-06 0)
(0.0026669032 1.5428205e-06 0)
(0.002666659 1.3377252e-06 0)
(0.0026664438 1.1535316e-06 0)
(0.0026662548 9.8836733e-07 0)
(0.0026660894 8.4051285e-07 0)
(0.0026659453 7.0839018e-07 0)
(0.0026658204 5.9055212e-07 0)
(0.0026657127 4.8567237e-07 0)
(0.0026656204 3.9253623e-07 0)
(0.002665542 3.1003201e-07 0)
(0.002665476 2.3714307e-07 0)
(0.002665421 1.7294035e-07 0)
(0.0026653759 1.1657547e-07 0)
(0.0026653395 6.7274359e-08 0)
(0.0026653109 2.4331261e-08 0)
(0.0026652891 -1.2896738e-08 0)
(0.0026652734 -4.4994831e-08 0)
(0.0026652629 -7.2495218e-08 0)
(0.0026652571 -9.5881484e-08 0)
(0.0026652554 -1.1559264e-07 0)
(0.0026652572 -1.3202688e-07 0)
(0.002665262 -1.45545e-07 0)
(0.0026652694 -1.5647365e-07 0)
(0.002665279 -1.6510821e-07 0)
(0.0026652904 -1.7171555e-07 0)
(0.0026653034 -1.7653649e-07 0)
(0.0026653177 -1.7978814e-07 0)
(0.002665333 -1.8166597e-07 0)
(0.0026653492 -1.823458e-07 0)
(0.0026653659 -1.8198552e-07 0)
(0.0026653831 -1.8072679e-07 0)
(0.0026654006 -1.7869651e-07 0)
(0.0026654183 -1.760082e-07 0)
(0.002665436 -1.7276323e-07 0)
(0.0026654537 -1.6905201e-07 0)
(0.0026654713 -1.6495502e-07 0)
(0.0026654886 -1.6054376e-07 0)
(0.0026655057 -1.5588165e-07 0)
(0.0026655225 -1.5102478e-07 0)
(0.0026655389 -1.4602268e-07 0)
(0.0026655549 -1.4091895e-07 0)
(0.0026655705 -1.3575187e-07 0)
(0.0026655856 -1.3055493e-07 0)
(0.0026656003 -1.2535734e-07 0)
(0.0026656144 -1.2018446e-07 0)
(0.0026656281 -1.150582e-07 0)
(0.0026656412 -1.0999739e-07 0)
(0.0026656538 -1.0501812e-07 0)
(0.002665666 -1.0013401e-07 0)
(0.0026656776 -9.53565e-08 0)
(0.0026656887 -9.069508e-08 0)
(0.0026656993 -8.6157506e-08 0)
(0.0026657095 -8.1749995e-08 0)
(0.0026657191 -7.7477404e-08 0)
(0.0026657283 -7.3343378e-08 0)
(0.0026657371 -6.93505e-08 0)
(0.0026657453 -6.5500408e-08 0)
(0.0026657532 -6.1793913e-08 0)
(0.0026657606 -5.82311e-08 0)
(0.0026657677 -5.4811413e-08 0)
(0.0026657743 -5.1533743e-08 0)
(0.0026657806 -4.8396494e-08 0)
(0.0026657865 -4.5397649e-08 0)
(0.0026657921 -4.2534831e-08 0)
(0.0026657973 -3.980535e-08 0)
(0.0026658022 -3.720625e-08 0)
(0.0026658068 -3.4734354e-08 0)
(0.0026658111 -3.2386293e-08 0)
(0.0026658151 -3.0158545e-08 0)
(0.0026658189 -2.8047463e-08 0)
(0.0026658224 -2.6049299e-08 0)
(0.0026658257 -2.4160228e-08 0)
(0.0026658288 -2.2376369e-08 0)
(0.0026658316 -2.0693802e-08 0)
(0.0026658342 -1.9108587e-08 0)
(0.0026658367 -1.7616774e-08 0)
(0.0026658389 -1.6214419e-08 0)
(0.002665841 -1.4897592e-08 0)
(0.0026658429 -1.3662391e-08 0)
(0.0026658447 -1.2504943e-08 0)
(0.0026658463 -1.1421419e-08 0)
(0.0026658478 -1.0408033e-08 0)
(0.0026658492 -9.4610499e-09 0)
(0.0026658505 -8.5767909e-09 0)
(0.0026658516 -7.7516332e-09 0)
(0.0026658526 -6.9820145e-09 0)
(0.0026658536 -6.2644343e-09 0)
(0.0026658544 -5.5954554e-09 0)
(0.0026658552 -4.9717047e-09 0)
(0.0026658559 -4.3898748e-09 0)
(0.0026658565 -3.8467246e-09 0)
(0.002665857 -3.3390806e-09 0)
(0.0026658575 -2.8638392e-09 0)
(0.0026658579 -2.4179695e-09 0)
(0.0026658582 -1.9985172e-09 0)
(0.0026658585 -1.6026108e-09 0)
(0.0026658588 -1.2274689e-09 0)
(0.002665859 -8.7041177e-10 0)
(0.0026658591 -5.2887426e-10 0)
(0.0026658592 -2.0042423e-10 0)
(0.0026658593 1.1721539e-10 0)
(0.0026658593 4.2613888e-10 0)
(0.0026658593 7.2822414e-10 0)
(0.0026658592 1.0250924e-09 0)
(0.0026658591 1.3180606e-09 0)
(0.002665859 1.6080863e-09 0)
(0.0026658588 1.895704e-09 0)
(0.0026658586 2.1809543e-09 0)
(0.0026658584 2.4633047e-09 0)
(0.0026658581 2.7415647e-09 0)
(0.0026658578 3.0137946e-09 0)
(0.0026658574 3.2772128e-09 0)
(0.002665857 3.5281023e-09 0)
(0.0026658566 3.7617227e-09 0)
(0.0026658562 3.9722268e-09 0)
(0.0026658557 4.152611e-09 0)
(0.0026658552 4.2947916e-09 0)
(0.0026658547 4.3893529e-09 0)
(0.0026658539 4.4228082e-09 0)
(0.0032299017 0.00010936985 0)
(0.0032560161 0.00031395893 0)
(0.0033032482 0.00049529381 0)
(0.0033635879 0.00064704219 0)
(0.0034288655 0.00076648678 0)
(0.0034925791 0.00085384274 0)
(0.0035497506 0.00091149604 0)
(0.0035970981 0.00094317252 0)
(0.0036329097 0.00095319816 0)
(0.003656731 0.00094594501 0)
(0.0036690136 0.00092547196 0)
(0.0036707918 0.00089533061 0)
(0.0036634173 0.00085849284 0)
(0.0036483624 0.00081735791 0)
(0.0036270862 0.00077380464 0)
(0.0036009505 0.00072926407 0)
(0.0035711751 0.00068479698 0)
(0.0035388194 0.00064116689 0)
(0.0035047807 0.00059890448 0)
(0.0034698035 0.00055836155 0)
(0.0034344943 0.00051975506 0)
(0.0033993382 0.00048320197 0)
(0.003364716 0.00044874648 0)
(0.0033309209 0.00041638083 0)
(0.0032981724 0.00038606115 0)
(0.00326663 0.00035771921 0)
(0.0032364036 0.0003312712 0)
(0.0032075639 0.00030662413 0)
(0.0031801493 0.0002836804 0)
(0.0031541734 0.00026234114 0)
(0.0031296297 0.00024250843 0)
(0.0031064969 0.00022408692 0)
(0.0030847416 0.00020698481 0)
(0.0030643221 0.00019111449 0)
(0.0030451904 0.00017639286 0)
(0.0030272941 0.0001627415 0)
(0.003010578 0.00015008668 0)
(0.0029949854 0.00013835924 0)
(0.0029804592 0.00012749448 0)
(0.0029669423 0.00011743191 0)
(0.0029543783 0.0001081151 0)
(0.0029427124 9.9491409e-05 0)
(0.0029318909 9.1511786e-05 0)
(0.0029218624 8.4130526e-05 0)
(0.0029125771 7.7305063e-05 0)
(0.0029039875 7.0995759e-05 0)
(0.0028960482 6.5165712e-05 0)
(0.0028887163 5.9780562e-05 0)
(0.0028819506 5.4808326e-05 0)
(0.0028757126 5.0219228e-05 0)
(0.0028699655 4.5985551e-05 0)
(0.002864675 4.2081495e-05 0)
(0.0028598086 3.8483046e-05 0)
(0.0028553357 3.5167854e-05 0)
(0.0028512279 3.2115116e-05 0)
(0.0028474581 2.9305479e-05 0)
(0.0028440015 2.6720932e-05 0)
(0.0028408344 2.4344723e-05 0)
(0.002837935 2.216127e-05 0)
(0.0028352829 2.0156083e-05 0)
(0.002832859 1.8315693e-05 0)
(0.0028306455 1.6627578e-05 0)
(0.002828626 1.5080105e-05 0)
(0.0028267851 1.366247e-05 0)
(0.0028251087 1.2364637e-05 0)
(0.0028235833 1.1177292e-05 0)
(0.0028221969 1.0091792e-05 0)
(0.0028209381 9.1001217e-06 0)
(0.0028197962 8.1948469e-06 0)
(0.0028187617 7.3690797e-06 0)
(0.0028178255 6.6164386e-06 0)
(0.0028169793 5.9310151e-06 0)
(0.0028162154 5.3073405e-06 0)
(0.0028155267 4.7403563e-06 0)
(0.0028149068 4.2253854e-06 0)
(0.0028143496 3.7581056e-06 0)
(0.0028138495 3.3345249e-06 0)
(0.0028134016 2.9509583e-06 0)
(0.002813001 2.6040059e-06 0)
(0.0028126435 2.2905329e-06 0)
(0.0028123252 2.0076504e-06 0)
(0.0028120424 1.7526976e-06 0)
(0.0028117918 1.5232257e-06 0)
(0.0028115704 1.3169818e-06 0)
(0.0028113754 1.1318953e-06 0)
(0.0028112042 9.6606351e-07 0)
(0.0028110544 8.1773985e-07 0)
(0.0028109241 6.8532182e-07 0)
(0.0028108112 5.6734015e-07 0)
(0.002810714 4.6244869e-07 0)
(0.0028106308 3.6941496e-07 0)
(0.0028105602 2.8711135e-07 0)
(0.0028105009 2.14507e-07 0)
(0.0028104516 1.5066014e-07 0)
(0.0028104113 9.4711126e-08 0)
(0.0028103789 4.5875839e-08 0)
(0.0028103535 3.439649e-09 0)
(0.0028103344 -3.3248212e-08 0)
(0.0028103207 -6.4779865e-08 0)
(0.0028103119 -9.16936e-08 0)
(0.0028103072 -1.1447835e-07 0)
(0.0028103062 -1.3357779e-07 0)
(0.0028103085 -1.493942e-07 0)
(0.0028103134 -1.6229192e-07 0)
(0.0028103207 -1.7260065e-07 0)
(0.00281033 -1.8061844e-07 0)
(0.0028103409 -1.866144e-07 0)
(0.0028103533 -1.9083131e-07 0)
(0.0028103668 -1.9348792e-07 0)
(0.0028103812 -1.9478108e-07 0)
(0.0028103963 -1.9488777e-07 0)
(0.002810412 -1.9396685e-07 0)
(0.0028104281 -1.9216076e-07 0)
(0.0028104445 -1.8959702e-07 0)
(0.0028104609 -1.8638964e-07 0)
(0.0028104775 -1.826404e-07 0)
(0.0028104939 -1.7843997e-07 0)
(0.0028105103 -1.7386902e-07 0)
(0.0028105264 -1.6899917e-07 0)
(0.0028105423 -1.6389387e-07 0)
(0.0028105578 -1.5860921e-07 0)
(0.002810573 -1.5319467e-07 0)
(0.0028105879 -1.4769373e-07 0)
(0.0028106023 -1.4214453e-07 0)
(0.0028106163 -1.3658039e-07 0)
(0.0028106299 -1.3103032e-07 0)
(0.002810643 -1.2551945e-07 0)
(0.0028106556 -1.2006945e-07 0)
(0.0028106678 -1.1469887e-07 0)
(0.0028106795 -1.0942354e-07 0)
(0.0028106907 -1.0425676e-07 0)
(0.0028107014 -9.920969e-08 0)
(0.0028107117 -9.4291487e-08 0)
(0.0028107215 -8.9509585e-08 0)
(0.0028107309 -8.4869871e-08 0)
(0.0028107398 -8.0376861e-08 0)
(0.0028107483 -7.6033857e-08 0)
(0.0028107563 -7.1843093e-08 0)
(0.002810764 -6.7805855e-08 0)
(0.0028107712 -6.3922599e-08 0)
(0.0028107781 -6.0193053e-08 0)
(0.0028107846 -5.6616305e-08 0)
(0.0028107907 -5.3190885e-08 0)
(0.0028107965 -4.991484e-08 0)
(0.0028108019 -4.6785796e-08 0)
(0.002810807 -4.380102e-08 0)
(0.0028108118 -4.0957467e-08 0)
(0.0028108163 -3.8251831e-08 0)
(0.0028108206 -3.5680584e-08 0)
(0.0028108245 -3.3240016e-08 0)
(0.0028108282 -3.0926261e-08 0)
(0.0028108317 -2.8735337e-08 0)
(0.0028108349 -2.6663164e-08 0)
(0.002810838 -2.470559e-08 0)
(0.0028108408 -2.2858412e-08 0)
(0.0028108434 -2.1117396e-08 0)
(0.0028108458 -1.9478291e-08 0)
(0.002810848 -1.7936844e-08 0)
(0.0028108501 -1.6488812e-08 0)
(0.002810852 -1.5129973e-08 0)
(0.0028108537 -1.3856139e-08 0)
(0.0028108554 -1.2663158e-08 0)
(0.0028108569 -1.1546925e-08 0)
(0.0028108582 -1.0503386e-08 0)
(0.0028108595 -9.5285449e-09 0)
(0.0028108606 -8.6184637e-09 0)
(0.0028108617 -7.7692686e-09 0)
(0.0028108626 -6.9771506e-09 0)
(0.0028108634 -6.2383684e-09 0)
(0.0028108642 -5.5492493e-09 0)
(0.0028108649 -4.9061905e-09 0)
(0.0028108655 -4.3056609e-09 0)
(0.0028108661 -3.7442026e-09 0)
(0.0028108665 -3.218433e-09 0)
(0.002810867 -2.7250483e-09 0)
(0.0028108673 -2.2608275e-09 0)
(0.0028108676 -1.8226392e-09 0)
(0.0028108679 -1.4074494e-09 0)
(0.0028108681 -1.0123332e-09 0)
(0.0028108683 -6.3448907e-10 0)
(0.0028108684 -2.7125748e-10 0)
(0.0028108685 7.9855439e-11 0)
(0.0028108685 4.2114897e-10 0)
(0.0028108685 7.5469233e-10 0)
(0.0028108684 1.082282e-09 0)
(0.0028108684 1.4053908e-09 0)
(0.0028108682 1.7251087e-09 0)
(0.0028108681 2.0420737e-09 0)
(0.0028108679 2.356393e-09 0)
(0.0028108677 2.6675542e-09 0)
(0.0028108674 2.9743265e-09 0)
(0.0028108671 3.2746523e-09 0)
(0.0028108668 3.5655299e-09 0)
(0.0028108664 3.842891e-09 0)
(0.002810866 4.1014732e-09 0)
(0.0028108656 4.3346842e-09 0)
(0.0028108651 4.5344989e-09 0)
(0.0028108646 4.6915116e-09 0)
(0.0028108642 4.7946769e-09 0)
(0.0028108634 4.8252089e-09 0)
(0.0032296043 9.8931919e-05 0)
(0.0032525469 0.0002859831 0)
(0.0032948725 0.00045455996 0)
(0.0033501978 0.00059895739 0)
(0.003411779 0.00071621377 0)
(0.0034739937 0.0008057243 0)
(0.0035322528 0.00086876724 0)
(0.0035832469 0.00090791656 0)
(0.0036249457 0.00092646832 0)
(0.0036564185 0.00092797139 0)
(0.003677592 0.00091588987 0)
(0.0036890013 0.00089339078 0)
(0.0036915669 0.00086323399 0)
(0.0036864165 0.00082773634 0)
(0.0036747508 0.00078878391 0)
(0.0036577524 0.00074787188 0)
(0.0036365275 0.00070615686 0)
(0.0036120737 0.00066451222 0)
(0.0035852656 0.00062358061 0)
(0.0035568531 0.00058382067 0)
(0.0035274672 0.00054554694 0)
(0.0034976293 0.00050896292 0)
(0.0034677636 0.00047418784 0)
(0.0034382096 0.00044127789 0)
(0.003409234 0.00041024295 0)
(0.0033810416 0.00038105947 0)
(0.0033537861 0.0003536804 0)
(0.0033275783 0.00032804269 0)
(0.0033024937 0.00030407294 0)
(0.0032785796 0.00028169163 0)
(0.0032558601 0.0002608162 0)
(0.0032343409 0.00024136328 0)
(0.0032140132 0.00022325032 0)
(0.0031948566 0.0002063967 0)
(0.0031768425 0.00019072452 0)
(0.0031599352 0.00017615903 0)
(0.0031440947 0.00016262898 0)
(0.0031292775 0.00015006672 0)
(0.003115438 0.0001384083 0)
(0.0031025294 0.00012759338 0)
(0.0030905045 0.00011756516 0)
(0.0030793162 0.00010827031 0)
(0.003068918 9.9658766e-05 0)
(0.0030592646 9.1683617e-05 0)
(0.0030503117 8.430093e-05 0)
(0.0030420166 7.74696e-05 0)
(0.0030343383 7.1151182e-05 0)
(0.0030272373 6.530974e-05 0)
(0.0030206761 5.9911697e-05 0)
(0.0030146189 5.492569e-05 0)
(0.0030090317 5.0322438e-05 0)
(0.0030038824 4.6074606e-05 0)
(0.0029991406 4.2156688e-05 0)
(0.0029947775 3.8544889e-05 0)
(0.0029907662 3.5217016e-05 0)
(0.0029870813 3.2152379e-05 0)
(0.0029836991 2.9331692e-05 0)
(0.0029805972 2.6736985e-05 0)
(0.0029777546 2.4351518e-05 0)
(0.002975152 2.2159704e-05 0)
(0.002972771 2.0147033e-05 0)
(0.0029705947 1.8300001e-05 0)
(0.0029686072 1.6606049e-05 0)
(0.0029667937 1.5053499e-05 0)
(0.0029651406 1.3631494e-05 0)
(0.002963635 1.2329952e-05 0)
(0.0029622651 1.1139504e-05 0)
(0.00296102 1.0051458e-05 0)
(0.0029598894 9.0577478e-06 0)
(0.002958864 8.1508913e-06 0)
(0.002957935 7.3239542e-06 0)
(0.0029570943 6.5705117e-06 0)
(0.0029563344 5.8846141e-06 0)
(0.0029556485 5.2607547e-06 0)
(0.0029550303 4.6938393e-06 0)
(0.0029544738 4.1791582e-06 0)
(0.0029539736 3.7123591e-06 0)
(0.0029535249 3.2894226e-06 0)
(0.0029531229 2.9066388e-06 0)
(0.0029527636 2.5605853e-06 0)
(0.0029524429 2.248107e-06 0)
(0.0029521575 1.9662967e-06 0)
(0.002951904 1.7124777e-06 0)
(0.0029516794 1.4841866e-06 0)
(0.002951481 1.279158e-06 0)
(0.0029513064 1.0953099e-06 0)
(0.0029511531 9.3073006e-07 0)
(0.0029510192 7.8366334e-07 0)
(0.0029509027 6.5249998e-07 0)
(0.0029508018 5.3576446e-07 0)
(0.0029507151 4.3210536e-07 0)
(0.0029506409 3.4028573e-07 0)
(0.0029505781 2.5917429e-07 0)
(0.0029505253 1.8773715e-07 0)
(0.0029504816 1.2503012e-07 0)
(0.0029504459 7.0191643e-08 0)
(0.0029504173 2.2436164e-08 0)
(0.0029503951 -1.8951995e-08 0)
(0.0029503784 -5.4624308e-08 0)
(0.0029503666 -8.51733e-08 0)
(0.0029503592 -1.1113742e-07 0)
(0.0029503555 -1.3300552e-07 0)
(0.0029503551 -1.5122107e-07 0)
(0.0029503576 -1.6618593e-07 0)
(0.0029503625 -1.7826395e-07 0)
(0.0029503695 -1.8778422e-07 0)
(0.0029503782 -1.9504409e-07 0)
(0.0029503885 -2.0031194e-07 0)
(0.0029504 -2.0382977e-07 0)
(0.0029504126 -2.058155e-07 0)
(0.0029504259 -2.0646517e-07 0)
(0.0029504399 -2.0595489e-07 0)
(0.0029504543 -2.044427e-07 0)
(0.0029504691 -2.0207019e-07 0)
(0.0029504841 -1.9896407e-07 0)
(0.0029504993 -1.9523754e-07 0)
(0.0029505144 -1.9099157e-07 0)
(0.0029505295 -1.8631608e-07 0)
(0.0029505445 -1.8129097e-07 0)
(0.0029505592 -1.7598716e-07 0)
(0.0029505738 -1.7046739e-07 0)
(0.002950588 -1.6478708e-07 0)
(0.0029506019 -1.5899504e-07 0)
(0.0029506155 -1.5313413e-07 0)
(0.0029506287 -1.4724189e-07 0)
(0.0029506415 -1.4135105e-07 0)
(0.0029506538 -1.3549004e-07 0)
(0.0029506658 -1.2968346e-07 0)
(0.0029506773 -1.2395243e-07 0)
(0.0029506884 -1.1831501e-07 0)
(0.0029506991 -1.1278651e-07 0)
(0.0029507093 -1.0737977e-07 0)
(0.0029507191 -1.0210545e-07 0)
(0.0029507284 -9.697226e-08 0)
(0.0029507374 -9.1987192e-08 0)
(0.0029507459 -8.715569e-08 0)
(0.002950754 -8.2481838e-08 0)
(0.0029507617 -7.7968522e-08 0)
(0.0029507691 -7.361756e-08 0)
(0.002950776 -6.9429836e-08 0)
(0.0029507826 -6.5405409e-08 0)
(0.0029507889 -6.1543614e-08 0)
(0.0029507948 -5.7843157e-08 0)
(0.0029508003 -5.4302191e-08 0)
(0.0029508056 -5.0918392e-08 0)
(0.0029508105 -4.7689022e-08 0)
(0.0029508152 -4.4610989e-08 0)
(0.0029508195 -4.1680897e-08 0)
(0.0029508236 -3.8895095e-08 0)
(0.0029508275 -3.6249717e-08 0)
(0.0029508311 -3.3740718e-08 0)
(0.0029508345 -3.136391e-08 0)
(0.0029508376 -2.911499e-08 0)
(0.0029508405 -2.6989565e-08 0)
(0.0029508433 -2.4983179e-08 0)
(0.0029508458 -2.309133e-08 0)
(0.0029508482 -2.1309493e-08 0)
(0.0029508503 -1.9633129e-08 0)
(0.0029508524 -1.8057709e-08 0)
(0.0029508542 -1.6578716e-08 0)
(0.002950856 -1.5191665e-08 0)
(0.0029508576 -1.3892106e-08 0)
(0.002950859 -1.2675635e-08 0)
(0.0029508604 -1.15379e-08 0)
(0.0029508616 -1.0474604e-08 0)
(0.0029508627 -9.4815156e-09 0)
(0.0029508638 -8.5544656e-09 0)
(0.0029508647 -7.6893547e-09 0)
(0.0029508655 -6.8821539e-09 0)
(0.0029508663 -6.1289067e-09 0)
(0.002950867 -5.425731e-09 0)
(0.0029508676 -4.7688208e-09 0)
(0.0029508682 -4.1544479e-09 0)
(0.0029508687 -3.578965e-09 0)
(0.0029508691 -3.0388087e-09 0)
(0.0029508694 -2.5305043e-09 0)
(0.0029508698 -2.0506726e-09 0)
(0.00295087 -1.5960387e-09 0)
(0.0029508702 -1.1634433e-09 0)
(0.0029508704 -7.498582e-10 0)
(0.0029508706 -3.5240547e-10 0)
(0.0029508706 3.1617956e-11 0)
(0.0029508707 4.0471013e-10 0)
(0.0029508707 7.691269e-10 0)
(0.0029508707 1.1268371e-09 0)
(0.0029508706 1.4794687e-09 0)
(0.0029508705 1.8282456e-09 0)
(0.0029508704 2.1739128e-09 0)
(0.0029508702 2.5166509e-09 0)
(0.00295087 2.8559766e-09 0)
(0.0029508697 3.1906313e-09 0)
(0.0029508695 3.518454e-09 0)
(0.0029508691 3.8362414e-09 0)
(0.0029508688 4.1395944e-09 0)
(0.0029508684 4.4227511e-09 0)
(0.002950868 4.6783978e-09 0)
(0.0029508676 4.89751e-09 0)
(0.0029508671 5.0693764e-09 0)
(0.0029508667 5.1813129e-09 0)
(0.002950866 5.2092603e-09 0)
(0.003229371 8.9767913e-05 0)
(0.0032496732 0.00026103037 0)
(0.0032877502 0.00041755904 0)
(0.003338483 0.0005542757 0)
(0.0033963022 0.00066818932 0)
(0.0034563877 0.00075818867 0)
(0.0035145949 0.00082476156 0)
(0.0035677245 0.0008695898 0)
(0.0036135952 0.00089511572 0)
(0.0036509599 0.00090415841 0)
(0.003679349 0.00089961371 0)
(0.0036988874 0.00088424454 0)
(0.0037101166 0.00086055267 0)
(0.0037138393 0.00083071516 0)
(0.0037109962 0.00079656717 0)
(0.0037025732 0.00075961496 0)
(0.0036895369 0.00072106617 0)
(0.003672794 0.00068186813 0)
(0.0036531669 0.00064274804 0)
(0.003631383 0.00060425136 0)
(0.0036080726 0.00056677632 0)
(0.003583772 0.00053060385 0)
(0.0035589305 0.00049592274 0)
(0.0035339189 0.00046285038 0)
(0.0035090387 0.00043144955 0)
(0.0034845308 0.00040174182 0)
(0.0034605845 0.00037371823 0)
(0.0034373452 0.00034734751 0)
(0.0034149212 0.00032258262 0)
(0.0033933902 0.00029936561 0)
(0.0033728044 0.00027763151 0)
(0.0033531952 0.00025731111 0)
(0.0033345771 0.00023833317 0)
(0.0033169509 0.00022062598 0)
(0.0033003068 0.00020411855 0)
(0.0032846263 0.00018874139 0)
(0.0032698845 0.00017442718 0)
(0.0032560515 0.00016111108 0)
(0.0032430939 0.00014873099 0)
(0.0032309757 0.00013722776 0)
(0.0032196594 0.00012654515 0)
(0.0032091064 0.0001166299 0)
(0.003199278 0.00010743167 0)
(0.0031901356 9.8902956e-05 0)
(0.003181641 9.0999025e-05 0)
(0.003173757 8.3677782e-05 0)
(0.0031664474 7.6899676e-05 0)
(0.0031596771 7.0627573e-05 0)
(0.0031534124 6.4826641e-05 0)
(0.003147621 5.9464226e-05 0)
(0.003142272 5.4509744e-05 0)
(0.003137336 4.993456e-05 0)
(0.003132785 4.5711879e-05 0)
(0.0031285928 4.1816646e-05 0)
(0.0031247343 3.8225439e-05 0)
(0.0031211858 3.4916376e-05 0)
(0.0031179253 3.1869022e-05 0)
(0.0031149319 2.9064304e-05 0)
(0.0031121861 2.6484426e-05 0)
(0.0031096694 2.4112793e-05 0)
(0.0031073647 2.1933936e-05 0)
(0.003105256 1.9933442e-05 0)
(0.0031033284 1.8097889e-05 0)
(0.0031015677 1.6414784e-05 0)
(0.0030999611 1.4872504e-05 0)
(0.0030984964 1.3460239e-05 0)
(0.0030971624 1.2167943e-05 0)
(0.0030959486 1.0986282e-05 0)
(0.0030948452 9.9065902e-06 0)
(0.0030938433 8.9208248e-06 0)
(0.0030929346 8.0215254e-06 0)
(0.0030921113 7.201776e-06 0)
(0.0030913663 6.4551681e-06 0)
(0.0030906929 5.7757671e-06 0)
(0.0030900851 5.1580803e-06 0)
(0.0030895373 4.5970267e-06 0)
(0.0030890441 4.0879089e-06 0)
(0.003088601 3.6263866e-06 0)
(0.0030882034 3.2084519e-06 0)
(0.0030878473 2.8304061e-06 0)
(0.003087529 2.4888376e-06 0)
(0.0030872451 2.180602e-06 0)
(0.0030869923 1.9028025e-06 0)
(0.0030867678 1.6527726e-06 0)
(0.003086569 1.4280588e-06 0)
(0.0030863935 1.2264055e-06 0)
(0.003086239 1.0457403e-06 0)
(0.0030861034 8.841602e-07 0)
(0.003085985 7.3991924e-07 0)
(0.0030858821 6.1141641e-07 0)
(0.003085793 4.9718478e-07 0)
(0.0030857164 3.9588121e-07 0)
(0.003085651 3.0627676e-07 0)
(0.0030855956 2.2724788e-07 0)
(0.0030855492 1.577681e-07 0)
(0.0030855108 9.6900371e-08 0)
(0.0030854795 4.3789962e-08 0)
(0.0030854545 -2.3421524e-09 0)
(0.0030854351 -4.220542e-08 0)
(0.0030854207 -7.6445383e-08 0)
(0.0030854106 -1.0564893e-07 0)
(0.0030854043 -1.3034917e-07 0)
(0.0030854014 -1.510299e-07 0)
(0.0030854014 -1.6812979e-07 0)
(0.0030854038 -1.8204622e-07 0)
(0.0030854085 -1.9313877e-07 0)
(0.003085415 -2.0173255e-07 0)
(0.0030854231 -2.0812116e-07 0)
(0.0030854325 -2.1256949e-07 0)
(0.003085443 -2.1531624e-07 0)
(0.0030854544 -2.1657625e-07 0)
(0.0030854665 -2.165427e-07 0)
(0.0030854791 -2.1538904e-07 0)
(0.0030854922 -2.1327081e-07 0)
(0.0030855055 -2.103273e-07 0)
(0.0030855191 -2.0668306e-07 0)
(0.0030855328 -2.0244928e-07 0)
(0.0030855464 -1.9772509e-07 0)
(0.00308556 -1.9259867e-07 0)
(0.0030855735 -1.8714836e-07 0)
(0.0030855868 -1.8144355e-07 0)
(0.0030855998 -1.7554563e-07 0)
(0.0030856126 -1.6950874e-07 0)
(0.0030856252 -1.633805e-07 0)
(0.0030856374 -1.5720267e-07 0)
(0.0030856492 -1.5101176e-07 0)
(0.0030856607 -1.4483954e-07 0)
(0.0030856718 -1.3871355e-07 0)
(0.0030856826 -1.3265756e-07 0)
(0.0030856929 -1.266919e-07 0)
(0.0030857029 -1.208339e-07 0)
(0.0030857124 -1.1509818e-07 0)
(0.0030857216 -1.0949693e-07 0)
(0.0030857304 -1.0404019e-07 0)
(0.0030857388 -9.8736088e-08 0)
(0.0030857468 -9.359106e-08 0)
(0.0030857545 -8.8610022e-08 0)
(0.0030857618 -8.3796555e-08 0)
(0.0030857687 -7.915306e-08 0)
(0.0030857753 -7.4680893e-08 0)
(0.0030857815 -7.038049e-08 0)
(0.0030857874 -6.6251483e-08 0)
(0.003085793 -6.2292792e-08 0)
(0.0030857983 -5.8502722e-08 0)
(0.0030858033 -5.4879039e-08 0)
(0.003085808 -5.1419045e-08 0)
(0.0030858124 -4.8119637e-08 0)
(0.0030858166 -4.4977371e-08 0)
(0.0030858205 -4.1988509e-08 0)
(0.0030858242 -3.9149068e-08 0)
(0.0030858276 -3.6454856e-08 0)
(0.0030858308 -3.3901518e-08 0)
(0.0030858339 -3.148456e-08 0)
(0.0030858367 -2.9199382e-08 0)
(0.0030858393 -2.7041304e-08 0)
(0.0030858417 -2.5005592e-08 0)
(0.003085844 -2.3087472e-08 0)
(0.0030858461 -2.1282154e-08 0)
(0.0030858481 -1.9584845e-08 0)
(0.0030858499 -1.7990765e-08 0)
(0.0030858516 -1.6495156e-08 0)
(0.0030858531 -1.5093297e-08 0)
(0.0030858545 -1.3780509e-08 0)
(0.0030858559 -1.2552166e-08 0)
(0.0030858571 -1.1403696e-08 0)
(0.0030858582 -1.0330594e-08 0)
(0.0030858592 -9.3284196e-09 0)
(0.0030858601 -8.3928029e-09 0)
(0.0030858609 -7.5194485e-09 0)
(0.0030858617 -6.7041363e-09 0)
(0.0030858624 -5.9427242e-09 0)
(0.003085863 -5.23115e-09 0)
(0.0030858635 -4.5654337e-09 0)
(0.003085864 -3.9416807e-09 0)
(0.0030858644 -3.3560849e-09 0)
(0.0030858648 -2.8049344e-09 0)
(0.0030858651 -2.2846179e-09 0)
(0.0030858654 -1.7916341e-09 0)
(0.0030858656 -1.3226034e-09 0)
(0.0030858658 -8.7428387e-10 0)
(0.0030858659 -4.4359103e-10 0)
(0.003085866 -2.7623101e-11 0)
(0.0030858661 3.7630766e-10 0)
(0.0030858661 7.7063643e-10 0)
(0.0030858661 1.157499e-09 0)
(0.0030858661 1.5386752e-09 0)
(0.003085866 1.9155221e-09 0)
(0.0030858659 2.2888941e-09 0)
(0.0030858657 2.65905e-09 0)
(0.0030858655 3.0255445e-09 0)
(0.0030858653 3.387103e-09 0)
(0.0030858651 3.7414778e-09 0)
(0.0030858648 4.0852849e-09 0)
(0.0030858645 4.4138192e-09 0)
(0.0030858641 4.7208493e-09 0)
(0.0030858638 4.9983734e-09 0)
(0.0030858634 5.2364021e-09 0)
(0.0030858629 5.4229421e-09 0)
(0.0030858626 5.5437081e-09 0)
(0.0030858619 5.5694207e-09 0)
(0.0032291846 8.1660833e-05 0)
(0.0032472678 0.00023866083 0)
(0.0032816571 0.00038387595 0)
(0.0033282219 0.00051281824 0)
(0.0033823542 0.00062259336 0)
(0.0034399446 0.00071179985 0)
(0.0034973024 0.00078037486 0)
(0.0035514195 0.00082932231 0)
(0.0036000833 0.00086039219 0)
(0.003641856 0.00087577528 0)
(0.0036759831 0.00087784653 0)
(0.003702266 0.00086897066 0)
(0.003720925 0.00085136959 0)
(0.0037324713 0.00082704339 0)
(0.0037375969 0.00079773305 0)
(0.0037370875 0.00076491292 0)
(0.0037317572 0.00072980259 0)
(0.003722402 0.00069339009 0)
(0.0037097705 0.00065646022 0)
(0.0036945451 0.00061962423 0)
(0.0036773344 0.00058334836 0)
(0.0036586705 0.00054797968 0)
(0.0036390107 0.00051376886 0)
(0.0036187428 0.00048088956 0)
(0.0035981907 0.00044945465 0)
(0.0035776215 0.00041952958 0)
(0.003557252 0.00039114328 0)
(0.0035372554 0.00036429692 0)
(0.0035177678 0.00033897083 0)
(0.0034988933 0.00031513009 0)
(0.0034807091 0.00029272886 0)
(0.0034632701 0.00027171371 0)
(0.0034466124 0.00025202632 0)
(0.0034307569 0.00023360545 0)
(0.0034157119 0.00021638851 0)
(0.0034014756 0.00020031267 0)
(0.0033880382 0.00018531577 0)
(0.0033753834 0.00017133696 0)
(0.0033634901 0.00015831709 0)
(0.0033523334 0.00014619911 0)
(0.0033418858 0.00013492822 0)
(0.0033321178 0.00012445202 0)
(0.0033229987 0.00011472058 0)
(0.0033144973 0.00010568644 0)
(0.0033065821 9.7304597e-05 0)
(0.0032992216 8.9532479e-05 0)
(0.003292385 8.2329867e-05 0)
(0.003286042 7.5658824e-05 0)
(0.0032801633 6.9483616e-05 0)
(0.0032747204 6.3770614e-05 0)
(0.0032696861 5.848821e-05 0)
(0.003265034 5.3606719e-05 0)
(0.0032607393 4.9098285e-05 0)
(0.003256778 4.493679e-05 0)
(0.0032531275 4.1097763e-05 0)
(0.0032497665 3.7558293e-05 0)
(0.0032466747 3.429694e-05 0)
(0.0032438329 3.1293656e-05 0)
(0.0032412232 2.8529708e-05 0)
(0.0032388288 2.5987597e-05 0)
(0.0032366337 2.3650989e-05 0)
(0.0032346231 2.1504648e-05 0)
(0.0032327832 1.9534368e-05 0)
(0.003231101 1.7726908e-05 0)
(0.0032295642 1.6069942e-05 0)
(0.0032281617 1.4551992e-05 0)
(0.0032268829 1.3162382e-05 0)
(0.0032257181 1.1891187e-05 0)
(0.0032246581 1.0729184e-05 0)
(0.0032236944 9.6678052e-06 0)
(0.0032228193 8.6991008e-06 0)
(0.0032220255 7.815695e-06 0)
(0.0032213063 7.0107496e-06 0)
(0.0032206554 6.2779285e-06 0)
(0.003220067 5.6113642e-06 0)
(0.003219536 5.0056263e-06 0)
(0.0032190573 4.4556918e-06 0)
(0.0032186263 3.9569178e-06 0)
(0.0032182391 3.5050146e-06 0)
(0.0032178916 3.0960218e-06 0)
(0.0032175804 2.7262853e-06 0)
(0.0032173022 2.3924353e-06 0)
(0.0032170541 2.0913665e-06 0)
(0.0032168332 1.820219e-06 0)
(0.003216637 1.5763607e-06 0)
(0.0032164633 1.3573707e-06 0)
(0.0032163099 1.161024e-06 0)
(0.0032161749 9.8527651e-07 0)
(0.0032160564 8.2825233e-07 0)
(0.003215953 6.8823059e-07 0)
(0.0032158631 5.6363395e-07 0)
(0.0032157853 4.5301763e-07 0)
(0.0032157184 3.5505924e-07 0)
(0.0032156613 2.6854928e-07 0)
(0.003215613 1.9238235e-07 0)
(0.0032155725 1.2554896e-07 0)
(0.0032155391 6.7127949e-08 0)
(0.0032155118 1.6279377e-08 0)
(0.0032154901 -2.7761978e-08 0)
(0.0032154732 -6.5692707e-08 0)
(0.0032154607 -9.8146387e-08 0)
(0.003215452 -1.2569878e-07 0)
(0.0032154467 -1.4887266e-07 0)
(0.0032154442 -1.6814224e-07 0)
(0.0032154443 -1.839373e-07 0)
(0.0032154467 -1.9664696e-07 0)
(0.0032154509 -2.0662322e-07 0)
(0.0032154567 -2.1418411e-07 0)
(0.0032154639 -2.1961676e-07 0)
(0.0032154722 -2.2318003e-07 0)
(0.0032154815 -2.2510709e-07 0)
(0.0032154916 -2.2560771e-07 0)
(0.0032155023 -2.2487036e-07 0)
(0.0032155135 -2.2306419e-07 0)
(0.0032155251 -2.2034078e-07 0)
(0.0032155369 -2.1683577e-07 0)
(0.0032155489 -2.1267038e-07 0)
(0.0032155609 -2.0795276e-07 0)
(0.003215573 -2.0277922e-07 0)
(0.003215585 -1.9723537e-07 0)
(0.0032155969 -1.9139721e-07 0)
(0.0032156086 -1.8533196e-07 0)
(0.0032156202 -1.7909906e-07 0)
(0.0032156315 -1.7275081e-07 0)
(0.0032156425 -1.6633319e-07 0)
(0.0032156533 -1.5988645e-07 0)
(0.0032156637 -1.5344569e-07 0)
(0.0032156739 -1.470414e-07 0)
(0.0032156837 -1.4069997e-07 0)
(0.0032156932 -1.3444404e-07 0)
(0.0032157023 -1.2829297e-07 0)
(0.0032157111 -1.2226317e-07 0)
(0.0032157195 -1.1636838e-07 0)
(0.0032157276 -1.1062002e-07 0)
(0.0032157354 -1.0502738e-07 0)
(0.0032157428 -9.9597904e-08 0)
(0.0032157499 -9.4337388e-08 0)
(0.0032157566 -8.9250143e-08 0)
(0.003215763 -8.4339187e-08 0)
(0.0032157692 -7.9606388e-08 0)
(0.003215775 -7.50526e-08 0)
(0.0032157805 -7.0677786e-08 0)
(0.0032157857 -6.6481125e-08 0)
(0.0032157906 -6.2461113e-08 0)
(0.0032157953 -5.8615644e-08 0)
(0.0032157997 -5.4942098e-08 0)
(0.0032158038 -5.1437405e-08 0)
(0.0032158077 -4.8098107e-08 0)
(0.0032158114 -4.4920419e-08 0)
(0.0032158149 -4.1900278e-08 0)
(0.0032158181 -3.9033387e-08 0)
(0.0032158212 -3.6315255e-08 0)
(0.003215824 -3.3741235e-08 0)
(0.0032158267 -3.1306555e-08 0)
(0.0032158291 -2.9006349e-08 0)
(0.0032158315 -2.683568e-08 0)
(0.0032158336 -2.4789562e-08 0)
(0.0032158356 -2.2862983e-08 0)
(0.0032158375 -2.1050922e-08 0)
(0.0032158392 -1.9348362e-08 0)
(0.0032158408 -1.7750307e-08 0)
(0.0032158423 -1.6251792e-08 0)
(0.0032158437 -1.4847893e-08 0)
(0.0032158449 -1.3533735e-08 0)
(0.0032158461 -1.2304502e-08 0)
(0.0032158471 -1.1155439e-08 0)
(0.0032158481 -1.0081861e-08 0)
(0.003215849 -9.0791531e-09 0)
(0.0032158498 -8.1427778e-09 0)
(0.0032158505 -7.2682749e-09 0)
(0.0032158512 -6.4512652e-09 0)
(0.0032158518 -5.6874529e-09 0)
(0.0032158523 -4.9726278e-09 0)
(0.0032158528 -4.3026689e-09 0)
(0.0032158532 -3.6735481e-09 0)
(0.0032158536 -3.0813355e-09 0)
(0.0032158539 -2.5222066e-09 0)
(0.0032158542 -1.9924516e-09 0)
(0.0032158545 -1.4884876e-09 0)
(0.0032158546 -1.0068749e-09 0)
(0.0032158548 -5.4433712e-10 0)
(0.0032158549 -9.7787096e-11 0)
(0.003215855 3.356408e-10 0)
(0.003215855 7.5855107e-10 0)
(0.003215855 1.1732385e-09 0)
(0.003215855 1.5816293e-09 0)
(0.0032158549 1.9852107e-09 0)
(0.0032158549 2.3849466e-09 0)
(0.0032158547 2.7811778e-09 0)
(0.0032158546 3.1735044e-09 0)
(0.0032158544 3.5606483e-09 0)
(0.0032158542 3.9402924e-09 0)
(0.0032158539 4.3088944e-09 0)
(0.0032158536 4.6614731e-09 0)
(0.0032158533 4.9913631e-09 0)
(0.003215853 5.2899161e-09 0)
(0.0032158526 5.5462246e-09 0)
(0.0032158523 5.7470627e-09 0)
(0.0032158519 5.8765758e-09 0)
(0.0032158513 5.9004132e-09 0)
(0.0032290334 7.4440064e-05 0)
(0.0032452356 0.00021851087 0)
(0.0032764145 0.00035313708 0)
(0.0033192164 0.00047436865 0)
(0.0033698197 0.00057947753 0)
(0.0034247323 0.00066691872 0)
(0.0034806994 0.00073625722 0)
(0.0035349474 0.00078799121 0)
(0.003585313 0.00082331967 0)
(0.0036302635 0.00084390464 0)
(0.0036688517 0.00085165813 0)
(0.0037006339 0.00084856934 0)
(0.0037255684 0.00083657684 0)
(0.0037439131 0.00081748336 0)
(0.0037561328 0.0007929061 0)
(0.0037628201 0.00076425459 0)
(0.0037646324 0.00073272821 0)
(0.0037622452 0.00069932642 0)
(0.0037563178 0.00066486652 0)
(0.0037474718 0.00063000499 0)
(0.003736277 0.00059525972 0)
(0.0037232447 0.00056103149 0)
(0.0037088256 0.00052762364 0)
(0.003693411 0.00049525957 0)
(0.0036773358 0.00046409788 0)
(0.0036608831 0.00043424518 0)
(0.003644289 0.00040576684 0)
(0.0036277478 0.00037869586 0)
(0.0036114176 0.00035304012 0)
(0.0035954242 0.00032878827 0)
(0.0035798666 0.00030591444 0)
(0.00356482 0.00028438206 0)
(0.0035503402 0.00026414688 0)
(0.0035364665 0.0002451593 0)
(0.0035232241 0.00022736629 0)
(0.0035106271 0.00021071282 0)
(0.0034986801 0.00019514301 0)
(0.0034873803 0.00018060096 0)
(0.0034767186 0.00016703145 0)
(0.0034666815 0.00015438041 0)
(0.0034572514 0.00014259526 0)
(0.0034484081 0.0001316252 0)
(0.0034401294 0.00012142135 0)
(0.0034323916 0.00011193691 0)
(0.0034251701 0.00010312715 0)
(0.0034184399 9.4949513e-05 0)
(0.0034121756 8.7363552e-05 0)
(0.0034063524 8.0330927e-05 0)
(0.0034009456 7.3815359e-05 0)
(0.0033959309 6.778257e-05 0)
(0.003391285 6.2200219e-05 0)
(0.0033869853 5.7037835e-05 0)
(0.0033830099 5.2266737e-05 0)
(0.003379338 4.785996e-05 0)
(0.0033759495 4.3792177e-05 0)
(0.0033728256 4.0039621e-05 0)
(0.0033699482 3.6580007e-05 0)
(0.0033673002 3.3392456e-05 0)
(0.0033648656 3.0457425e-05 0)
(0.003362629 2.775663e-05 0)
(0.0033605763 2.5272982e-05 0)
(0.0033586939 2.2990514e-05 0)
(0.0033569693 2.0894324e-05 0)
(0.0033553907 1.8970509e-05 0)
(0.0033539469 1.7206106e-05 0)
(0.0033526278 1.5589039e-05 0)
(0.0033514235 1.4108064e-05 0)
(0.0033503253 1.2752717e-05 0)
(0.0033493247 1.1513268e-05 0)
(0.003348414 1.0380673e-05 0)
(0.0033475859 9.3465337e-06 0)
(0.0033468337 8.4030522e-06 0)
(0.0033461513 7.5429961e-06 0)
(0.0033455329 6.7596595e-06 0)
(0.0033449731 6.0468293e-06 0)
(0.003344467 5.3987525e-06 0)
(0.0033440101 4.8101051e-06 0)
(0.0033435982 4.2759634e-06 0)
(0.0033432273 3.7917765e-06 0)
(0.003342894 3.3533411e-06 0)
(0.0033425948 2.9567772e-06 0)
(0.0033423268 2.5985053e-06 0)
(0.0033420872 2.2752255e-06 0)
(0.0033418734 1.9838978e-06 0)
(0.003341683 1.721723e-06 0)
(0.0033415139 1.4861256e-06 0)
(0.0033413641 1.2747376e-06 0)
(0.0033412318 1.0853831e-06 0)
(0.0033411154 9.1606409e-07 0)
(0.0033410132 7.6494721e-07 0)
(0.0033409239 6.3035141e-07 0)
(0.0033408463 5.1073635e-07 0)
(0.0033407791 4.0469163e-07 0)
(0.0033407213 3.1092683e-07 0)
(0.0033406719 2.2826215e-07 0)
(0.0033406301 1.5561973e-07 0)
(0.0033405951 9.2015652e-08 0)
(0.0033405661 3.6552423e-08 0)
(0.0033405425 -1.1587951e-08 0)
(0.0033405236 -5.3150393e-08 0)
(0.003340509 -8.8812722e-08 0)
(0.0033404981 -1.1919117e-07 0)
(0.0033404905 -1.4484549e-07 0)
(0.0033404857 -1.6628368e-07 0)
(0.0033404836 -1.8396634e-07 0)
(0.0033404836 -1.9831071e-07 0)
(0.0033404855 -2.0969439e-07 0)
(0.003340489 -2.1845876e-07 0)
(0.003340494 -2.2491213e-07 0)
(0.0033405001 -2.2933267e-07 0)
(0.0033405073 -2.3197106e-07 0)
(0.0033405152 -2.3305295e-07 0)
(0.0033405239 -2.3278125e-07 0)
(0.0033405331 -2.3133815e-07 0)
(0.0033405427 -2.2888703e-07 0)
(0.0033405526 -2.2557424e-07 0)
(0.0033405628 -2.2153063e-07 0)
(0.0033405731 -2.1687306e-07 0)
(0.0033405835 -2.1170569e-07 0)
(0.0033405939 -2.0612121e-07 0)
(0.0033406042 -2.0020193e-07 0)
(0.0033406145 -1.9402083e-07 0)
(0.0033406246 -1.8764243e-07 0)
(0.0033406345 -1.8112363e-07 0)
(0.0033406443 -1.7451451e-07 0)
(0.0033406538 -1.6785898e-07 0)
(0.0033406631 -1.611954e-07 0)
(0.0033406721 -1.5455718e-07 0)
(0.0033406809 -1.4797325e-07 0)
(0.0033406894 -1.4146857e-07 0)
(0.0033406975 -1.350645e-07 0)
(0.0033407054 -1.2877922e-07 0)
(0.003340713 -1.2262804e-07 0)
(0.0033407203 -1.1662374e-07 0)
(0.0033407273 -1.1077679e-07 0)
(0.003340734 -1.0509568e-07 0)
(0.0033407404 -9.9587077e-08 0)
(0.0033407466 -9.4256055e-08 0)
(0.0033407524 -8.9106276e-08 0)
(0.0033407579 -8.4140147e-08 0)
(0.0033407632 -7.9358971e-08 0)
(0.0033407683 -7.4763075e-08 0)
(0.003340773 -7.0351931e-08 0)
(0.0033407775 -6.6124259e-08 0)
(0.0033407818 -6.2078121e-08 0)
(0.0033407859 -5.8211011e-08 0)
(0.0033407897 -5.4519926e-08 0)
(0.0033407933 -5.1001435e-08 0)
(0.0033407967 -4.7651745e-08 0)
(0.0033407999 -4.4466749e-08 0)
(0.0033408029 -4.1442081e-08 0)
(0.0033408057 -3.8573155e-08 0)
(0.0033408083 -3.5855209e-08 0)
(0.0033408108 -3.3283336e-08 0)
(0.0033408131 -3.0852517e-08 0)
(0.0033408153 -2.8557651e-08 0)
(0.0033408173 -2.6393577e-08 0)
(0.0033408191 -2.4355095e-08 0)
(0.0033408209 -2.2436991e-08 0)
(0.0033408225 -2.0634045e-08 0)
(0.003340824 -1.8941057e-08 0)
(0.0033408254 -1.7352849e-08 0)
(0.0033408267 -1.5864284e-08 0)
(0.0033408279 -1.4470273e-08 0)
(0.003340829 -1.3165782e-08 0)
(0.00334083 -1.1945839e-08 0)
(0.0033408309 -1.0805542e-08 0)
(0.0033408318 -9.7400604e-09 0)
(0.0033408325 -8.744642e-09 0)
(0.0033408332 -7.8146137e-09 0)
(0.0033408339 -6.9453856e-09 0)
(0.0033408345 -6.1324537e-09 0)
(0.003340835 -5.3714029e-09 0)
(0.0033408355 -4.6579098e-09 0)
(0.0033408359 -3.9877476e-09 0)
(0.0033408362 -3.3567913e-09 0)
(0.0033408366 -2.7610248e-09 0)
(0.0033408368 -2.1965506e-09 0)
(0.0033408371 -1.6596027e-09 0)
(0.0033408373 -1.1465619e-09 0)
(0.0033408374 -6.5397761e-10 0)
(0.0033408376 -1.7859341e-10 0)
(0.0033408376 2.8261986e-10 0)
(0.0033408377 7.3242342e-10 0)
(0.0033408377 1.1732606e-09 0)
(0.0033408377 1.6071961e-09 0)
(0.0033408377 2.0358421e-09 0)
(0.0033408376 2.4602702e-09 0)
(0.0033408375 2.8809052e-09 0)
(0.0033408374 3.2973992e-09 0)
(0.0033408373 3.7084822e-09 0)
(0.0033408371 4.1117854e-09 0)
(0.0033408369 4.5036333e-09 0)
(0.0033408366 4.8788009e-09 0)
(0.0033408364 5.23023e-09 0)
(0.0033408361 5.5486767e-09 0)
(0.0033408357 5.822374e-09 0)
(0.0033408354 6.0369207e-09 0)
(0.0033408351 6.1749704e-09 0)
(0.0033408346 6.1972841e-09 0)
(0.0032289092 6.796946e-05 0)
(0.0032435045 0.00020027825 0)
(0.0032718794 0.00032501046 0)
(0.0033112947 0.00043869706 0)
(0.0033585716 0.00053881047 0)
(0.0034107484 0.00062375994 0)
(0.0034649741 0.00069286924 0)
(0.0035187263 0.00074626673 0)
(0.003569943 0.00078472008 0)
(0.0036170663 0.00080945481 0)
(0.0036590309 0.00082198126 0)
(0.0036952152 0.00082394572 0)
(0.0037253705 0.00081701293 0)
(0.0037495426 0.00080278097 0)
(0.0037679953 0.00078272541 0)
(0.0037811417 0.0007581676 0)
(0.003789487 0.00073026144 0)
(0.0037935821 0.00069999337 0)
(0.0037939897 0.00066819099 0)
(0.0037912584 0.00063553679 0)
(0.0037859069 0.00060258436 0)
(0.0037784128 0.00056977534 0)
(0.0037692075 0.00053745573 0)
(0.003758674 0.00050589113 0)
(0.0037471476 0.00047528033 0)
(0.0037349182 0.00044576722 0)
(0.0037222328 0.00041745106 0)
(0.0037093003 0.00039039514 0)
(0.0036962945 0.00036463411 0)
(0.0036833587 0.00034017996 0)
(0.003670609 0.00031702702 0)
(0.0036581384 0.00029515605 0)
(0.0036460195 0.0002745375 0)
(0.0036343078 0.00025513423 0)
(0.0036230442 0.00023690362 0)
(0.0036122573 0.00021979929 0)
(0.0036019654 0.0002037725 0)
(0.0035921785 0.00018877318 0)
(0.0035828992 0.00017475081 0)
(0.0035741249 0.00016165505 0)
(0.0035658481 0.00014943628 0)
(0.0035580579 0.00013804593 0)
(0.0035507404 0.00012743682 0)
(0.0035438798 0.00011756333 0)
(0.0035374586 0.00010838156 0)
(0.0035314584 9.9849406e-05 0)
(0.0035258598 9.192664e-05 0)
(0.0035206434 8.4574909e-05 0)
(0.0035157894 7.7757746e-05 0)
(0.0035112785 7.1440548e-05 0)
(0.0035070912 6.5590542e-05 0)
(0.0035032089 6.0176738e-05 0)
(0.0034996132 5.5169875e-05 0)
(0.0034962865 5.0542365e-05 0)
(0.0034932117 4.6268228e-05 0)
(0.0034903727 4.2323027e-05 0)
(0.0034877539 3.8683799e-05 0)
(0.0034853404 3.5328991e-05 0)
(0.0034831183 3.2238387e-05 0)
(0.0034810743 2.9393049e-05 0)
(0.0034791957 2.6775245e-05 0)
(0.0034774707 2.436839e-05 0)
(0.0034758883 2.2156982e-05 0)
(0.0034744379 2.0126542e-05 0)
(0.0034731097 1.8263556e-05 0)
(0.0034718946 1.6555424e-05 0)
(0.0034707839 1.49904e-05 0)
(0.0034697696 1.3557547e-05 0)
(0.0034688443 1.2246684e-05 0)
(0.0034680009 1.1048344e-05 0)
(0.0034672329 9.9537278e-06 0)
(0.0034665345 8.9546609e-06 0)
(0.0034658998 8.0435567e-06 0)
(0.0034653238 7.2133771e-06 0)
(0.0034648015 6.4575977e-06 0)
(0.0034643287 5.770174e-06 0)
(0.003463901 5.1455098e-06 0)
(0.0034635148 4.5784271e-06 0)
(0.0034631664 4.064138e-06 0)
(0.0034628526 3.5982183e-06 0)
(0.0034625704 3.1765823e-06 0)
(0.003462317 2.7954595e-06 0)
(0.0034620899 2.4513726e-06 0)
(0.0034618868 2.1411165e-06 0)
(0.0034617055 1.8617395e-06 0)
(0.0034615439 1.6105244e-06 0)
(0.0034614003 1.3849723e-06 0)
(0.003461273 1.1827859e-06 0)
(0.0034611605 1.0018552e-06 0)
(0.0034610614 8.4024343e-07 0)
(0.0034609744 6.9617396e-07 0)
(0.0034608982 5.6801839e-07 0)
(0.0034608319 4.5428516e-07 0)
(0.0034607745 3.5360912e-07 0)
(0.0034607251 2.6474166e-07 0)
(0.0034606828 1.8654171e-07 0)
(0.0034606469 1.1796723e-07 0)
(0.0034606167 5.8067378e-08 0)
(0.0034605917 5.9751985e-09 0)
(0.0034605712 -3.9099116e-08 0)
(0.0034605548 -7.787451e-08 0)
(0.003460542 -1.1100487e-07 0)
(0.0034605323 -1.3908438e-07 0)
(0.0034605255 -1.6265254e-07 0)
(0.0034605211 -1.8219873e-07 0)
(0.0034605189 -1.9816642e-07 0)
(0.0034605186 -2.1095719e-07 0)
(0.0034605198 -2.2093422e-07 0)
(0.0034605225 -2.2842573e-07 0)
(0.0034605264 -2.3372797e-07 0)
(0.0034605314 -2.3710806e-07 0)
(0.0034605372 -2.3880661e-07 0)
(0.0034605437 -2.3904009e-07 0)
(0.0034605508 -2.3800298e-07 0)
(0.0034605584 -2.3586983e-07 0)
(0.0034605663 -2.3279707e-07 0)
(0.0034605745 -2.2892468e-07 0)
(0.003460583 -2.2437778e-07 0)
(0.0034605915 -2.1926795e-07 0)
(0.0034606002 -2.1369462e-07 0)
(0.0034606089 -2.0774614e-07 0)
(0.0034606175 -2.0150092e-07 0)
(0.0034606261 -1.9502836e-07 0)
(0.0034606345 -1.8838978e-07 0)
(0.0034606428 -1.8163917e-07 0)
(0.003460651 -1.7482395e-07 0)
(0.003460659 -1.6798564e-07 0)
(0.0034606668 -1.6116043e-07 0)
(0.0034606744 -1.5437977e-07 0)
(0.0034606817 -1.4767081e-07 0)
(0.0034606889 -1.410569e-07 0)
(0.0034606957 -1.3455793e-07 0)
(0.0034607024 -1.2819075e-07 0)
(0.0034607088 -1.2196947e-07 0)
(0.0034607149 -1.1590577e-07 0)
(0.0034607208 -1.1000914e-07 0)
(0.0034607265 -1.0428713e-07 0)
(0.0034607319 -9.8745595e-08 0)
(0.0034607371 -9.3388849e-08 0)
(0.003460742 -8.8219859e-08 0)
(0.0034607467 -8.3240395e-08 0)
(0.0034607512 -7.8451176e-08 0)
(0.0034607554 -7.3851992e-08 0)
(0.0034607594 -6.9441817e-08 0)
(0.0034607633 -6.5218914e-08 0)
(0.0034607669 -6.1180923e-08 0)
(0.0034607703 -5.7324943e-08 0)
(0.0034607736 -5.3647609e-08 0)
(0.0034607766 -5.0145152e-08 0)
(0.0034607795 -4.6813462e-08 0)
(0.0034607822 -4.3648141e-08 0)
(0.0034607848 -4.0644546e-08 0)
(0.0034607872 -3.7797838e-08 0)
(0.0034607894 -3.5103013e-08 0)
(0.0034607915 -3.255494e-08 0)
(0.0034607935 -3.0148391e-08 0)
(0.0034607953 -2.7878066e-08 0)
(0.003460797 -2.5738617e-08 0)
(0.0034607987 -2.3724671e-08 0)
(0.0034608001 -2.1830846e-08 0)
(0.0034608015 -2.005177e-08 0)
(0.0034608028 -1.8382091e-08 0)
(0.003460804 -1.6816492e-08 0)
(0.0034608051 -1.5349705e-08 0)
(0.0034608061 -1.397651e-08 0)
(0.0034608071 -1.2691754e-08 0)
(0.003460808 -1.1490348e-08 0)
(0.0034608088 -1.0367278e-08 0)
(0.0034608095 -9.3176073e-09 0)
(0.0034608102 -8.3364807e-09 0)
(0.0034608108 -7.419127e-09 0)
(0.0034608113 -6.5608627e-09 0)
(0.0034608118 -5.7570951e-09 0)
(0.0034608123 -5.0033261e-09 0)
(0.0034608127 -4.2951563e-09 0)
(0.003460813 -3.6282909e-09 0)
(0.0034608133 -2.9985469e-09 0)
(0.0034608136 -2.4018628e-09 0)
(0.0034608139 -1.8343115e-09 0)
(0.0034608141 -1.2921164e-09 0)
(0.0034608142 -7.7167244e-10 0)
(0.0034608144 -2.6957252e-10 0)
(0.0034608145 2.1735899e-10 0)
(0.0034608145 6.92025e-10 0)
(0.0034608146 1.1570045e-09 0)
(0.0034608146 1.6144902e-09 0)
(0.0034608146 2.0662122e-09 0)
(0.0034608146 2.5133457e-09 0)
(0.0034608145 2.9563999e-09 0)
(0.0034608144 3.3950842e-09 0)
(0.0034608143 3.8281478e-09 0)
(0.0034608141 4.2531879e-09 0)
(0.003460814 4.6664218e-09 0)
(0.0034608138 5.0624162e-09 0)
(0.0034608135 5.4337661e-09 0)
(0.0034608133 5.7706898e-09 0)
(0.003460813 6.060631e-09 0)
(0.0034608128 6.2880949e-09 0)
(0.0034608125 6.4343196e-09 0)
(0.003460812 6.4554528e-09 0)
(0.0032288059 6.2138921e-05 0)
(0.0032420196 0.00018371006 0)
(0.003267937 0.00029920304 0)
(0.0033043093 0.00040557423 0)
(0.0033484837 0.00050050877 0)
(0.0033979502 0.00058243383 0)
(0.0034502236 0.000650527 0)
(0.0035030329 0.00070465225 0)
(0.0035544478 0.00074524524 0)
(0.0036029347 0.00077317697 0)
(0.0036473672 0.000789616 0)
(0.0036870023 0.00079590327 0)
(0.003721434 0.00079344762 0)
(0.0037505352 0.00078364504 0)
(0.0037743971 0.00076782114 0)
(0.0037932719 0.00074719395 0)
(0.0038075212 0.00072285338 0)
(0.0038175744 0.00069575334 0)
(0.0038238937 0.0006667129 0)
(0.0038269489 0.00063642345 0)
(0.0038271985 0.0006054594 0)
(0.0038250768 0.00057429069 0)
(0.0038209854 0.00054329577 0)
(0.0038152895 0.00051277432 0)
(0.0038083155 0.00048295905 0)
(0.0038003511 0.00045402645 0)
(0.0037916474 0.00042610623 0)
(0.0037824205 0.00039928963 0)
(0.0037728547 0.0003736365 0)
(0.0037631055 0.00034918127 0)
(0.0037533024 0.00032593807 0)
(0.0037435523 0.00030390489 0)
(0.0037339421 0.00028306713 0)
(0.0037245413 0.00026340047 0)
(0.0037154043 0.00024487321 0)
(0.0037065731 0.00022744822 0)
(0.0036980783 0.00021108452 0)
(0.0036899417 0.00019573852 0)
(0.0036821774 0.00018136503 0)
(0.003674793 0.0001679181 0)
(0.0036677908 0.00015535163 0)
(0.0036611689 0.00014361992 0)
(0.003654922 0.00013267798 0)
(0.0036490419 0.00012248192 0)
(0.0036435185 0.0001129891 0)
(0.0036383399 0.00010415836 0)
(0.003633493 9.5950077e-05 0)
(0.0036289639 8.8326259e-05 0)
(0.0036247382 8.1250606e-05 0)
(0.0036208012 7.4688509e-05 0)
(0.0036171381 6.8607054e-05 0)
(0.0036137341 6.2975004e-05 0)
(0.0036105749 5.7762768e-05 0)
(0.003607646 5.2942362e-05 0)
(0.0036049339 4.8487363e-05 0)
(0.003602425 4.4372854e-05 0)
(0.0036001066 4.0575372e-05 0)
(0.0035979664 3.7072849e-05 0)
(0.0035959926 3.3844549e-05 0)
(0.0035941739 3.0871013e-05 0)
(0.0035924999 2.8133995e-05 0)
(0.0035909603 2.5616402e-05 0)
(0.0035895458 2.3302241e-05 0)
(0.0035882473 2.1176553e-05 0)
(0.0035870565 1.9225365e-05 0)
(0.0035859653 1.7435632e-05 0)
(0.0035849664 1.5795184e-05 0)
(0.0035840529 1.4292679e-05 0)
(0.0035832181 1.2917552e-05 0)
(0.0035824561 1.165997e-05 0)
(0.0035817611 1.0510786e-05 0)
(0.003581128 9.4614997e-06 0)
(0.0035805517 8.5042169e-06 0)
(0.0035800278 7.6316091e-06 0)
(0.003579552 6.8368795e-06 0)
(0.0035791204 6.1137277e-06 0)
(0.0035787292 5.4563182e-06 0)
(0.0035783753 4.8592489e-06 0)
(0.0035780553 4.3175224e-06 0)
(0.0035777665 3.8265193e-06 0)
(0.0035775062 3.3819716e-06 0)
(0.0035772719 2.9799392e-06 0)
(0.0035770614 2.6167869e-06 0)
(0.0035768725 2.289163e-06 0)
(0.0035767034 1.9939795e-06 0)
(0.0035765522 1.7283928e-06 0)
(0.0035764174 1.4897868e-06 0)
(0.0035762974 1.2757558e-06 0)
(0.003576191 1.0840893e-06 0)
(0.0035760967 9.1275766e-07 0)
(0.0035760135 7.5989847e-07 0)
(0.0035759404 6.238041e-07 0)
(0.0035758762 5.0290991e-07 0)
(0.0035758203 3.9578337e-07 0)
(0.0035757717 3.0111382e-07 0)
(0.0035757297 2.1770305e-07 0)
(0.0035756937 1.4445646e-07 0)
(0.003575663 8.0374908e-08 0)
(0.0035756371 2.4547063e-08 0)
(0.0035756155 -2.3857608e-08 0)
(0.0035755977 -6.5595401e-08 0)
(0.0035755832 -1.0135444e-07 0)
(0.0035755718 -1.3176027e-07 0)
(0.0035755631 -1.5738108e-07 0)
(0.0035755567 -1.7873248e-07 0)
(0.0035755524 -1.9628197e-07 0)
(0.0035755499 -2.1045298e-07 0)
(0.0035755489 -2.2162871e-07 0)
(0.0035755494 -2.3015558e-07 0)
(0.0035755511 -2.3634645e-07 0)
(0.0035755538 -2.4048356e-07 0)
(0.0035755574 -2.4282127e-07 0)
(0.0035755617 -2.4358852e-07 0)
(0.0035755666 -2.4299117e-07 0)
(0.0035755721 -2.4121406e-07 0)
(0.0035755779 -2.3842294e-07 0)
(0.0035755842 -2.3476627e-07 0)
(0.0035755906 -2.3037679e-07 0)
(0.0035755973 -2.2537302e-07 0)
(0.0035756041 -2.1986063e-07 0)
(0.0035756109 -2.1393361e-07 0)
(0.0035756178 -2.0767544e-07 0)
(0.0035756247 -2.0116012e-07 0)
(0.0035756316 -1.9445305e-07 0)
(0.0035756384 -1.8761193e-07 0)
(0.0035756451 -1.8068749e-07 0)
(0.0035756517 -1.737242e-07 0)
(0.0035756581 -1.6676093e-07 0)
(0.0035756644 -1.5983147e-07 0)
(0.0035756706 -1.5296509e-07 0)
(0.0035756765 -1.46187e-07 0)
(0.0035756823 -1.3951878e-07 0)
(0.0035756879 -1.3297873e-07 0)
(0.0035756933 -1.2658226e-07 0)
(0.0035756985 -1.203422e-07 0)
(0.0035757035 -1.1426902e-07 0)
(0.0035757083 -1.0837118e-07 0)
(0.003575713 -1.0265527e-07 0)
(0.0035757174 -9.7126272e-08 0)
(0.0035757216 -9.1787708e-08 0)
(0.0035757257 -8.6641834e-08 0)
(0.0035757295 -8.1689774e-08 0)
(0.0035757332 -7.6931657e-08 0)
(0.0035757367 -7.2366736e-08 0)
(0.00357574 -6.79935e-08 0)
(0.0035757432 -6.3809766e-08 0)
(0.0035757462 -5.9812768e-08 0)
(0.003575749 -5.5999235e-08 0)
(0.0035757517 -5.2365462e-08 0)
(0.0035757542 -4.890737e-08 0)
(0.0035757566 -4.5620566e-08 0)
(0.0035757588 -4.250039e-08 0)
(0.003575761 -3.9541963e-08 0)
(0.0035757629 -3.6740223e-08 0)
(0.0035757648 -3.4089967e-08 0)
(0.0035757666 -3.1585879e-08 0)
(0.0035757682 -2.9222559e-08 0)
(0.0035757698 -2.6994552e-08 0)
(0.0035757712 -2.4896366e-08 0)
(0.0035757725 -2.2922492e-08 0)
(0.0035757738 -2.1067426e-08 0)
(0.003575775 -1.932568e-08 0)
(0.0035757761 -1.7691797e-08 0)
(0.0035757771 -1.6160362e-08 0)
(0.003575778 -1.472601e-08 0)
(0.0035757789 -1.3383438e-08 0)
(0.0035757797 -1.2127409e-08 0)
(0.0035757804 -1.0952759e-08 0)
(0.0035757811 -9.8543997e-09 0)
(0.0035757817 -8.8273264e-09 0)
(0.0035757823 -7.8666187e-09 0)
(0.0035757828 -6.9674452e-09 0)
(0.0035757832 -6.1250664e-09 0)
(0.0035757837 -5.3348388e-09 0)
(0.0035757841 -4.5922195e-09 0)
(0.0035757844 -3.8927718e-09 0)
(0.0035757847 -3.232173e-09 0)
(0.003575785 -2.6062237e-09 0)
(0.0035757852 -2.0108609e-09 0)
(0.0035757854 -1.4421739e-09 0)
(0.0035757856 -8.9642593e-10 0)
(0.0035757858 -3.7008034e-10 0)
(0.0035757859 1.4016571e-10 0)
(0.003575786 6.3733933e-10 0)
(0.003575786 1.1241401e-09 0)
(0.0035757861 1.602876e-09 0)
(0.0035757861 2.0753855e-09 0)
(0.0035757861 2.5429417e-09 0)
(0.003575786 3.0061368e-09 0)
(0.003575786 3.4647411e-09 0)
(0.0035757859 3.917533e-09 0)
(0.0035757858 4.3620938e-09 0)
(0.0035757857 4.7945602e-09 0)
(0.0035757855 5.2093282e-09 0)
(0.0035757853 5.5986963e-09 0)
(0.0035757852 5.9524105e-09 0)
(0.0035757849 6.2572058e-09 0)
(0.0035757847 6.4965847e-09 0)
(0.0035757845 6.6504872e-09 0)
(0.0035757841 6.6707596e-09 0)
(0.0032287192 5.6858323e-05 0)
(0.0032407377 0.00016859326 0)
(0.0032644949 0.00027545689 0)
(0.0032981347 0.0003747794 0)
(0.0033394363 0.00046445775 0)
(0.0033862731 0.00054297722 0)
(0.0034364855 0.00060943714 0)
(0.0034880437 0.00066351816 0)
(0.0035391645 0.00070540464 0)
(0.0035883721 0.00073568402 0)
(0.0036345219 0.00075523889 0)
(0.0036767952 0.00076514371 0)
(0.003714671 0.00076657431 0)
(0.0037478859 0.00076073398 0)
(0.003776387 0.0007487974 0)
(0.0038002855 0.00073187113 0)
(0.0038198128 0.00071096852 0)
(0.0038352823 0.00068699621 0)
(0.0038470576 0.00066074951 0)
(0.0038555268 0.00063291404 0)
(0.0038610831 0.00060407168 0)
(0.0038641104 0.00057470897 0)
(0.0038649734 0.00054522685 0)
(0.003864011 0.00051595086 0)
(0.003861533 0.00048714098 0)
(0.0038578179 0.00045900105 0)
(0.0038531134 0.00043168724 0)
(0.0038476371 0.00040531572 0)
(0.0038415782 0.00037996936 0)
(0.0038350996 0.00035570356 0)
(0.0038283402 0.00033255124 0)
(0.0038214172 0.00031052713 0)
(0.0038144287 0.00028963131 0)
(0.0038074558 0.00026985228 0)
(0.0038005645 0.00025116947 0)
(0.0037938081 0.00023355529 0)
(0.0037872287 0.0002169769 0)
(0.0037808588 0.00020139764 0)
(0.0037747227 0.00018677814 0)
(0.0037688378 0.00017307731 0)
(0.0037632158 0.00016025309 0)
(0.0037578635 0.00014826307 0)
(0.0037527838 0.00013706498 0)
(0.0037479762 0.00012661707 0)
(0.0037434377 0.00011687842 0)
(0.003739163 0.00010780917 0)
(0.0037351454 9.9370702e-05 0)
(0.0037313767 9.1525747e-05 0)
(0.0037278479 8.4238494e-05 0)
(0.0037245491 7.7474638e-05 0)
(0.0037214703 7.1201412e-05 0)
(0.0037186009 6.5387596e-05 0)
(0.0037159303 6.0003515e-05 0)
(0.0037134481 5.5021018e-05 0)
(0.0037111438 5.0413448e-05 0)
(0.0037090071 4.6155608e-05 0)
(0.0037070282 4.2223713e-05 0)
(0.0037051973 3.8595346e-05 0)
(0.0037035052 3.5249406e-05 0)
(0.0037019429 3.2166055e-05 0)
(0.003700502 2.9326664e-05 0)
(0.0036991742 2.6713759e-05 0)
(0.0036979519 2.4310962e-05 0)
(0.0036968277 2.2102942e-05 0)
(0.0036957947 2.0075361e-05 0)
(0.0036948465 1.8214817e-05 0)
(0.0036939767 1.6508801e-05 0)
(0.0036931798 1.4945638e-05 0)
(0.0036924502 1.351445e-05 0)
(0.0036917829 1.2205101e-05 0)
(0.0036911732 1.1008159e-05 0)
(0.0036906166 9.9148511e-06 0)
(0.003690109 8.9170255e-06 0)
(0.0036896465 8.0071104e-06 0)
(0.0036892256 7.1780794e-06 0)
(0.0036888429 6.4234164e-06 0)
(0.0036884954 5.7370826e-06 0)
(0.0036881801 5.1134857e-06 0)
(0.0036878944 4.5474502e-06 0)
(0.0036876358 4.0341894e-06 0)
(0.0036874022 3.5692796e-06 0)
(0.0036871912 3.1486352e-06 0)
(0.0036870011 2.7684854e-06 0)
(0.00368683 2.4253521e-06 0)
(0.0036866763 2.1160298e-06 0)
(0.0036865384 1.8375658e-06 0)
(0.0036864149 1.5872425e-06 0)
(0.0036863045 1.3625602e-06 0)
(0.0036862061 1.1612212e-06 0)
(0.0036861186 9.8111514e-07 0)
(0.0036860409 8.2030491e-07 0)
(0.0036859721 6.7701381e-07 0)
(0.0036859115 5.4961339e-07 0)
(0.0036858581 4.3661221e-07 0)
(0.0036858114 3.3664529e-07 0)
(0.0036857706 2.4846431e-07 0)
(0.0036857352 1.7092857e-07 0)
(0.0036857046 1.0299645e-07 0)
(0.0036856784 4.3717588e-08 0)
(0.0036856561 -7.7744448e-09 0)
(0.0036856373 -5.2268903e-08 0)
(0.0036856216 -9.0484154e-08 0)
(0.0036856088 -1.2307349e-07 0)
(0.0036855983 -1.5063051e-07 0)
(0.0036855901 -1.7369412e-07 0)
(0.0036855838 -1.927531e-07 0)
(0.0036855793 -2.0825037e-07 0)
(0.0036855763 -2.2058693e-07 0)
(0.0036855746 -2.3012544e-07 0)
(0.003685574 -2.371936e-07 0)
(0.0036855745 -2.4208717e-07 0)
(0.0036855759 -2.450728e-07 0)
(0.003685578 -2.4639067e-07 0)
(0.0036855807 -2.4625682e-07 0)
(0.003685584 -2.4486535e-07 0)
(0.0036855877 -2.4239043e-07 0)
(0.0036855918 -2.3898816e-07 0)
(0.0036855963 -2.3479818e-07 0)
(0.0036856009 -2.299453e-07 0)
(0.0036856058 -2.2454084e-07 0)
(0.0036856108 -2.1868393e-07 0)
(0.0036856159 -2.1246268e-07 0)
(0.003685621 -2.0595524e-07 0)
(0.0036856262 -1.992308e-07 0)
(0.0036856313 -1.9235042e-07 0)
(0.0036856365 -1.853679e-07 0)
(0.0036856415 -1.7833043e-07 0)
(0.0036856465 -1.7127932e-07 0)
(0.0036856515 -1.6425058e-07 0)
(0.0036856563 -1.5727542e-07 0)
(0.003685661 -1.503808e-07 0)
(0.0036856656 -1.4358986e-07 0)
(0.0036856701 -1.3692229e-07 0)
(0.0036856744 -1.3039473e-07 0)
(0.0036856786 -1.2402108e-07 0)
(0.0036856826 -1.1781278e-07 0)
(0.0036856865 -1.1177913e-07 0)
(0.0036856903 -1.0592745e-07 0)
(0.0036856939 -1.0026337e-07 0)
(0.0036856974 -9.4790973e-08 0)
(0.0036857007 -8.9512992e-08 0)
(0.0036857039 -8.4430967e-08 0)
(0.0036857069 -7.9545377e-08 0)
(0.0036857098 -7.4855772e-08 0)
(0.0036857126 -7.0360887e-08 0)
(0.0036857152 -6.6058739e-08 0)
(0.0036857178 -6.1946725e-08 0)
(0.0036857201 -5.8021701e-08 0)
(0.0036857224 -5.4280057e-08 0)
(0.0036857245 -5.0717779e-08 0)
(0.0036857266 -4.7330516e-08 0)
(0.0036857285 -4.4113627e-08 0)
(0.0036857303 -4.1062231e-08 0)
(0.003685732 -3.8171249e-08 0)
(0.0036857336 -3.5435445e-08 0)
(0.0036857351 -3.2849455e-08 0)
(0.0036857365 -3.0407822e-08 0)
(0.0036857379 -2.8105019e-08 0)
(0.0036857391 -2.5935478e-08 0)
(0.0036857403 -2.3893606e-08 0)
(0.0036857414 -2.1973806e-08 0)
(0.0036857424 -2.0170493e-08 0)
(0.0036857434 -1.8478109e-08 0)
(0.0036857443 -1.6891132e-08 0)
(0.0036857451 -1.540409e-08 0)
(0.0036857459 -1.401157e-08 0)
(0.0036857466 -1.2708221e-08 0)
(0.0036857473 -1.1488765e-08 0)
(0.0036857479 -1.0348002e-08 0)
(0.0036857485 -9.2808109e-09 0)
(0.003685749 -8.2821568e-09 0)
(0.0036857495 -7.3470939e-09 0)
(0.0036857499 -6.4707688e-09 0)
(0.0036857503 -5.6484247e-09 0)
(0.0036857507 -4.8754065e-09 0)
(0.003685751 -4.1471659e-09 0)
(0.0036857513 -3.4592696e-09 0)
(0.0036857516 -2.8074087e-09 0)
(0.0036857518 -2.1874114e-09 0)
(0.003685752 -1.5952594e-09 0)
(0.0036857522 -1.0271086e-09 0)
(0.0036857523 -4.7931611e-10 0)
(0.0036857525 5.1526619e-11 0)
(0.0036857526 5.6855125e-10 0)
(0.0036857527 1.0745604e-09 0)
(0.0036857527 1.571963e-09 0)
(0.0036857528 2.0626939e-09 0)
(0.0036857528 2.5481166e-09 0)
(0.0036857528 3.0289027e-09 0)
(0.0036857528 3.5048857e-09 0)
(0.0036857527 3.9748824e-09 0)
(0.0036857526 4.4364753e-09 0)
(0.0036857526 4.8857478e-09 0)
(0.0036857525 5.3169646e-09 0)
(0.0036857523 5.7221814e-09 0)
(0.0036857522 6.090743e-09 0)
(0.0036857521 6.4087668e-09 0)
(0.0036857519 6.6588647e-09 0)
(0.0036857517 6.8197981e-09 0)
(0.0036857515 6.8395063e-09 0)
(0.0032286458 5.2053102e-05 0)
(0.0032396252 0.00015474722 0)
(0.0032614778 0.00025354517 0)
(0.0032926645 0.00034610451 0)
(0.0033313201 0.00043052561 0)
(0.0033756423 0.00050537583 0)
(0.0034237584 0.0005697243 0)
(0.003473864 0.00062312981 0)
(0.0035243279 0.00066559025 0)
(0.003573753 0.00069746961 0)
(0.0036210081 0.00071941471 0)
(0.0036652341 0.00073227143 0)
(0.0037058311 0.00073700777 0)
(0.0037424314 0.00073464817 0)
(0.003774865 0.00072622081 0)
(0.0038031229 0.00071271816 0)
(0.0038273207 0.00069506954 0)
(0.0038476652 0.00067412396 0)
(0.0038644254 0.00065064119 0)
(0.0038779084 0.00062528906 0)
(0.0038884401 0.00059864537 0)
(0.00389635 0.00057120272 0)
(0.00390196 0.00054337524 0)
(0.0039055772 0.00051550629 0)
(0.0039074881 0.00048787647 0)
(0.003907956 0.00046071144 0)
(0.0039072193 0.00043418945 0)
(0.0039054915 0.00040844814 0)
(0.0039029615 0.00038359077 0)
(0.0038997952 0.00035969171 0)
(0.0038961368 0.00033680129 0)
(0.0038921106 0.00031494995 0)
(0.0038878228 0.00029415185 0)
(0.0038833634 0.00027440799 0)
(0.003878808 0.00025570876 0)
(0.0038742194 0.00023803615 0)
(0.0038696496 0.00022136564 0)
(0.0038651404 0.00020566771 0)
(0.0038607256 0.00019090913 0)
(0.0038564317 0.00017705399 0)
(0.0038522789 0.00016406465 0)
(0.0038482824 0.00015190238 0)
(0.0038444529 0.00014052798 0)
(0.0038407972 0.00012990223 0)
(0.0038373195 0.0001199863 0)
(0.003834021 0.00011074198 0)
(0.0038309012 0.000102132 0)
(0.0038279576 9.4120139e-05 0)
(0.0038251866 8.6671379e-05 0)
(0.0038225835 7.9752008e-05 0)
(0.0038201427 7.332968e-05 0)
(0.0038178584 6.7373449e-05 0)
(0.0038157238 6.1853797e-05 0)
(0.0038137323 5.6742628e-05 0)
(0.003811877 5.2013263e-05 0)
(0.0038101508 4.7640417e-05 0)
(0.003808547 4.3600167e-05 0)
(0.0038070585 3.9869917e-05 0)
(0.0038056788 3.6428359e-05 0)
(0.0038044013 3.3255422e-05 0)
(0.0038032198 3.0332231e-05 0)
(0.0038021281 2.7641053e-05 0)
(0.0038011204 2.5165249e-05 0)
(0.0038001912 2.2889221e-05 0)
(0.0037993352 2.0798366e-05 0)
(0.0037985474 1.8879024e-05 0)
(0.0037978231 1.7118427e-05 0)
(0.0037971576 1.5504653e-05 0)
(0.0037965469 1.4026583e-05 0)
(0.0037959869 1.2673848e-05 0)
(0.0037954739 1.1436794e-05 0)
(0.0037950043 1.0306436e-05 0)
(0.0037945749 9.2744186e-06 0)
(0.0037941827 8.3329767e-06 0)
(0.0037938247 7.4749017e-06 0)
(0.0037934983 6.6935046e-06 0)
(0.003793201 5.9825838e-06 0)
(0.0037929305 5.3363932e-06 0)
(0.0037926846 4.7496129e-06 0)
(0.0037924613 4.2173208e-06 0)
(0.0037922588 3.7349662e-06 0)
(0.0037920754 3.2983445e-06 0)
(0.0037919094 2.9035737e-06 0)
(0.0037917595 2.5470721e-06 0)
(0.0037916242 2.2255373e-06 0)
(0.0037915022 1.9359265e-06 0)
(0.0037913926 1.6754381e-06 0)
(0.003791294 1.4414946e-06 0)
(0.0037912057 1.2317257e-06 0)
(0.0037911266 1.043954e-06 0)
(0.003791056 8.7617987e-07 0)
(0.0037909931 7.2656904e-07 0)
(0.0037909371 5.9343961e-07 0)
(0.0037908875 4.7525073e-07 0)
(0.0037908436 3.7059175e-07 0)
(0.0037908049 2.7817222e-07 0)
(0.0037907709 1.9681253e-07 0)
(0.0037907412 1.2543521e-07 0)
(0.0037907153 6.305685e-08 0)
(0.0037906928 8.7806232e-09 0)
(0.0037906734 -3.8210709e-08 0)
(0.0037906569 -7.8661231e-08 0)
(0.0037906428 -1.1324786e-07 0)
(0.003790631 -1.425859e-07 0)
(0.0037906212 -1.6723412e-07 0)
(0.0037906131 -1.8769956e-07 0)
(0.0037906067 -2.0444183e-07 0)
(0.0037906017 -2.1787723e-07 0)
(0.0037905979 -2.283824e-07 0)
(0.0037905952 -2.3629782e-07 0)
(0.0037905935 -2.4193092e-07 0)
(0.0037905926 -2.4555902e-07 0)
(0.0037905925 -2.4743199e-07 0)
(0.0037905931 -2.4777474e-07 0)
(0.0037905941 -2.4678943e-07 0)
(0.0037905957 -2.4465756e-07 0)
(0.0037905977 -2.415419e-07 0)
(0.0037906 -2.3758815e-07 0)
(0.0037906026 -2.3292661e-07 0)
(0.0037906055 -2.2767359e-07 0)
(0.0037906085 -2.2193272e-07 0)
(0.0037906117 -2.1579622e-07 0)
(0.003790615 -2.0934593e-07 0)
(0.0037906184 -2.0265437e-07 0)
(0.0037906218 -1.9578562e-07 0)
(0.0037906253 -1.8879619e-07 0)
(0.0037906288 -1.8173574e-07 0)
(0.0037906323 -1.7464776e-07 0)
(0.0037906358 -1.6757022e-07 0)
(0.0037906392 -1.6053614e-07 0)
(0.0037906426 -1.5357405e-07 0)
(0.003790646 -1.4670851e-07 0)
(0.0037906492 -1.3996048e-07 0)
(0.0037906524 -1.3334773e-07 0)
(0.0037906555 -1.2688517e-07 0)
(0.0037906585 -1.2058514e-07 0)
(0.0037906615 -1.1445771e-07 0)
(0.0037906643 -1.0851092e-07 0)
(0.003790667 -1.0275099e-07 0)
(0.0037906697 -9.718257e-08 0)
(0.0037906722 -9.180885e-08 0)
(0.0037906747 -8.6631781e-08 0)
(0.0037906771 -8.1652199e-08 0)
(0.0037906793 -7.6869959e-08 0)
(0.0037906815 -7.2284057e-08 0)
(0.0037906836 -6.7892733e-08 0)
(0.0037906856 -6.3693567e-08 0)
(0.0037906874 -5.968357e-08 0)
(0.0037906892 -5.5859253e-08 0)
(0.003790691 -5.2216704e-08 0)
(0.0037906926 -4.8751646e-08 0)
(0.0037906942 -4.5459492e-08 0)
(0.0037906956 -4.2335399e-08 0)
(0.003790697 -3.9374309e-08 0)
(0.0037906983 -3.657099e-08 0)
(0.0037906996 -3.3920074e-08 0)
(0.0037907008 -3.1416085e-08 0)
(0.0037907019 -2.9053469e-08 0)
(0.0037907029 -2.6826622e-08 0)
(0.0037907039 -2.4729906e-08 0)
(0.0037907049 -2.2757674e-08 0)
(0.0037907057 -2.0904287e-08 0)
(0.0037907066 -1.9164125e-08 0)
(0.0037907073 -1.7531602e-08 0)
(0.003790708 -1.6001178e-08 0)
(0.0037907087 -1.4567368e-08 0)
(0.0037907093 -1.3224749e-08 0)
(0.0037907099 -1.1967969e-08 0)
(0.0037907105 -1.0791748e-08 0)
(0.003790711 -9.6908909e-09 0)
(0.0037907114 -8.6602829e-09 0)
(0.0037907119 -7.6948998e-09 0)
(0.0037907123 -6.7898091e-09 0)
(0.0037907126 -5.940175e-09 0)
(0.003790713 -5.1412629e-09 0)
(0.0037907133 -4.3884454e-09 0)
(0.0037907136 -3.6772101e-09 0)
(0.0037907138 -3.0031687e-09 0)
(0.003790714 -2.3620699e-09 0)
(0.0037907143 -1.7498155e-09 0)
(0.0037907144 -1.1624811e-09 0)
(0.0037907146 -5.9634237e-10 0)
(0.0037907147 -4.7908986e-11 0)
(0.0037907149 4.8603379e-10 0)
(0.003790715 1.0083724e-09 0)
(0.003790715 1.5215994e-09 0)
(0.0037907151 2.0277332e-09 0)
(0.0037907152 2.5282173e-09 0)
(0.0037907152 3.0237981e-09 0)
(0.0037907152 3.5143728e-09 0)
(0.0037907152 3.9988045e-09 0)
(0.0037907152 4.4746932e-09 0)
(0.0037907152 4.9380964e-09 0)
(0.0037907151 5.383188e-09 0)
(0.0037907151 5.801838e-09 0)
(0.003790715 6.1830663e-09 0)
(0.0037907149 6.5124735e-09 0)
(0.0037907148 6.7719007e-09 0)
(0.0037907147 6.9390858e-09 0)
(0.0037907145 6.9584926e-09 0)
(0.0032285833 4.7660946e-05 0)
(0.0032386552 0.00014201774 0)
(0.0032588242 0.00023326814 0)
(0.0032878086 0.00031935599 0)
(0.0033240367 0.00039857262 0)
(0.0033659802 0.00046958055 0)
(0.0034120173 0.00053145204 0)
(0.00346055 0.00058367023 0)
(0.0035100974 0.00062609793 0)
(0.0035593531 0.00065892584 0)
(0.0036072206 0.0006826091 0)
(0.0036528285 0.00069780038 0)
(0.0036955267 0.00070528559 0)
(0.0037348708 0.00070592663 0)
(0.0037705985 0.00070061335 0)
(0.0038026005 0.00069022574 0)
(0.003830892 0.00067560583 0)
(0.0038555836 0.00065753841 0)
(0.0038768567 0.00063673913 0)
(0.0038949402 0.0006138486 0)
(0.0039100928 0.00058943093 0)
(0.0039225879 0.0005639756 0)
(0.0039327015 0.00053790149 0)
(0.0039407044 0.00051156231 0)
(0.0039468553 0.00048525274 0)
(0.0039513969 0.00045921481 0)
(0.0039545536 0.00043364425 0)
(0.0039565298 0.00040869643 0)
(0.0039575099 0.00038449205 0)
(0.0039576587 0.0003611221 0)
(0.0039571217 0.00033865252 0)
(0.003956027 0.00031712814 0)
(0.003954486 0.00029657625 0)
(0.0039525952 0.00027700966 0)
(0.0039504375 0.00025842933 0)
(0.0039480834 0.00024082661 0)
(0.003945593 0.00022418522 0)
(0.0039430165 0.00020848282 0)
(0.0039403957 0.00019369244 0)
(0.0039377653 0.00017978358 0)
(0.0039351535 0.00016672321 0)
(0.0039325832 0.00015447658 0)
(0.0039300723 0.00014300783 0)
(0.0039276349 0.00013228059 0)
(0.0039252818 0.00012225838 0)
(0.0039230207 0.00011290501 0)
(0.003920857 0.00010418479 0)
(0.003918794 9.606286e-05 0)
(0.0039168336 8.8505274e-05 0)
(0.0039149759 8.147918e-05 0)
(0.0039132203 7.4952906e-05 0)
(0.0039115652 6.8896024e-05 0)
(0.0039100081 6.3279398e-05 0)
(0.0039085462 5.8075209e-05 0)
(0.0039071763 5.3256958e-05 0)
(0.0039058947 4.8799465e-05 0)
(0.0039046976 4.467885e-05 0)
(0.0039035811 4.0872509e-05 0)
(0.0039025413 3.7359081e-05 0)
(0.0039015741 3.4118415e-05 0)
(0.0039006756 3.1131526e-05 0)
(0.0038998418 2.8380554e-05 0)
(0.0038990691 2.5848716e-05 0)
(0.0038983537 2.3520264e-05 0)
(0.0038976921 2.1380434e-05 0)
(0.0038970807 1.9415401e-05 0)
(0.0038965164 1.7612235e-05 0)
(0.0038959961 1.5958848e-05 0)
(0.0038955167 1.4443959e-05 0)
(0.0038950754 1.305704e-05 0)
(0.0038946696 1.1788283e-05 0)
(0.0038942968 1.0628551e-05 0)
(0.0038939545 9.5693436e-06 0)
(0.0038936406 8.6027589e-06 0)
(0.003893353 7.7214546e-06 0)
(0.0038930896 6.9186152e-06 0)
(0.0038928488 6.1879189e-06 0)
(0.0038926286 5.5235055e-06 0)
(0.0038924277 4.9199474e-06 0)
(0.0038922444 4.3722206e-06 0)
(0.0038920773 3.8756787e-06 0)
(0.0038919253 3.4260267e-06 0)
(0.003891787 3.0192983e-06 0)
(0.0038916614 2.6518322e-06 0)
(0.0038915474 2.3202519e-06 0)
(0.0038914441 2.0214451e-06 0)
(0.0038913505 1.7525455e-06 0)
(0.003891266 1.5109149e-06 0)
(0.0038911896 1.2941269e-06 0)
(0.0038911207 1.0999515e-06 0)
(0.0038910587 9.2634047e-07 0)
(0.003891003 7.7141415e-07 0)
(0.003890953 6.3344865e-07 0)
(0.0038909082 5.1086413e-07 0)
(0.0038908681 4.0221384e-07 0)
(0.0038908323 3.0617392e-07 0)
(0.0038908005 2.2153384e-07 0)
(0.0038907722 1.4718754e-07 0)
(0.0038907472 8.2125247e-08 0)
(0.0038907251 2.5425754e-08 0)
(0.0038907056 -2.3750626e-08 0)
(0.0038906886 -6.6168673e-08 0)
(0.0038906737 -1.0252436e-07 0)
(0.0038906608 -1.3345052e-07 0)
(0.0038906496 -1.5952206e-07 0)
(0.00389064 -1.8126081e-07 0)
(0.0038906318 -1.9914001e-07 0)
(0.0038906249 -2.1358841e-07 0)
(0.0038906191 -2.2499412e-07 0)
(0.0038906144 -2.3370809e-07 0)
(0.0038906106 -2.4004735e-07 0)
(0.0038906075 -2.4429799e-07 0)
(0.0038906052 -2.4671794e-07 0)
(0.0038906036 -2.4753942e-07 0)
(0.0038906025 -2.4697128e-07 0)
(0.0038906018 -2.4520115e-07 0)
(0.0038906016 -2.4239735e-07 0)
(0.0038906018 -2.3871066e-07 0)
(0.0038906024 -2.34276e-07 0)
(0.0038906031 -2.2921385e-07 0)
(0.0038906042 -2.2363169e-07 0)
(0.0038906054 -2.1762518e-07 0)
(0.0038906069 -2.112793e-07 0)
(0.0038906084 -2.0466943e-07 0)
(0.0038906101 -1.9786223e-07 0)
(0.0038906119 -1.9091653e-07 0)
(0.0038906137 -1.838841e-07 0)
(0.0038906157 -1.7681033e-07 0)
(0.0038906176 -1.6973493e-07 0)
(0.0038906196 -1.6269244e-07 0)
(0.0038906216 -1.5571281e-07 0)
(0.0038906236 -1.4882183e-07 0)
(0.0038906256 -1.4204161e-07 0)
(0.0038906276 -1.353909e-07 0)
(0.0038906296 -1.2888553e-07 0)
(0.0038906315 -1.2253865e-07 0)
(0.0038906334 -1.1636105e-07 0)
(0.0038906353 -1.1036142e-07 0)
(0.0038906371 -1.0454654e-07 0)
(0.0038906389 -9.8921569e-08 0)
(0.0038906406 -9.3490155e-08 0)
(0.0038906423 -8.8254644e-08 0)
(0.0038906439 -8.3216224e-08 0)
(0.0038906455 -7.8375057e-08 0)
(0.003890647 -7.3730407e-08 0)
(0.0038906485 -6.928075e-08 0)
(0.0038906499 -6.5023872e-08 0)
(0.0038906513 -6.0956955e-08 0)
(0.0038906526 -5.7076664e-08 0)
(0.0038906539 -5.3379214e-08 0)
(0.0038906551 -4.9860435e-08 0)
(0.0038906563 -4.6515829e-08 0)
(0.0038906574 -4.3340627e-08 0)
(0.0038906584 -4.0329829e-08 0)
(0.0038906595 -3.7478248e-08 0)
(0.0038906604 -3.478055e-08 0)
(0.0038906613 -3.2231282e-08 0)
(0.0038906622 -2.9824904e-08 0)
(0.003890663 -2.7555818e-08 0)
(0.0038906638 -2.5418386e-08 0)
(0.0038906646 -2.3406953e-08 0)
(0.0038906653 -2.1515864e-08 0)
(0.003890666 -1.9739483e-08 0)
(0.0038906666 -1.8072201e-08 0)
(0.0038906672 -1.6508451e-08 0)
(0.0038906677 -1.5042719e-08 0)
(0.0038906683 -1.366955e-08 0)
(0.0038906688 -1.2383555e-08 0)
(0.0038906692 -1.1179419e-08 0)
(0.0038906697 -1.0051906e-08 0)
(0.0038906701 -8.9958638e-09 0)
(0.0038906704 -8.006225e-09 0)
(0.0038906708 -7.078015e-09 0)
(0.0038906711 -6.2063544e-09 0)
(0.0038906714 -5.3864643e-09 0)
(0.0038906717 -4.6136722e-09 0)
(0.003890672 -3.883419e-09 0)
(0.0038906722 -3.1912694e-09 0)
(0.0038906724 -2.5329232e-09 0)
(0.0038906726 -1.9042322e-09 0)
(0.0038906728 -1.3012198e-09 0)
(0.003890673 -7.2010758e-10 0)
(0.0038906731 -1.5734839e-10 0)
(0.0038906733 3.9033209e-10 0)
(0.0038906734 9.2588278e-10 0)
(0.0038906735 1.4518618e-09 0)
(0.0038906736 1.970355e-09 0)
(0.0038906737 2.482875e-09 0)
(0.0038906737 2.9902356e-09 0)
(0.0038906738 3.4923974e-09 0)
(0.0038906738 3.9882756e-09 0)
(0.0038906739 4.4755036e-09 0)
(0.0038906739 4.9501403e-09 0)
(0.0038906739 5.4063097e-09 0)
(0.0038906739 5.8357551e-09 0)
(0.0038906739 6.2272533e-09 0)
(0.0038906738 6.5659952e-09 0)
(0.0038906738 6.83319e-09 0)
(0.0038906738 7.0057107e-09 0)
(0.0038906737 7.025045e-09 0)
(0.0032285296 4.3629293e-05 0)
(0.0032378062 0.00013027232 0)
(0.0032564837 0.00021444952 0)
(0.0032834906 0.00029435514 0)
(0.0033174985 0.00036845711 0)
(0.0033572103 0.00043551896 0)
(0.0034012225 0.00049463867 0)
(0.0034481238 0.0005452581 0)
(0.0034965771 0.00058714542 0)
(0.0035453719 0.00062035921 0)
(0.0035934614 0.00064520099 0)
(0.0036399816 0.00066216232 0)
(0.0036842555 0.00067187194 0)
(0.0037257856 0.00067504663 0)
(0.0037642383 0.00067244851 0)
(0.0037994232 0.00066484974 0)
(0.0038312699 0.00065300506 0)
(0.0038598045 0.0006376316 0)
(0.0038851282 0.00061939523 0)
(0.003907397 0.00059890223 0)
(0.0039268044 0.00057669537 0)
(0.0039435676 0.00055325329 0)
(0.0039579155 0.00052899223 0)
(0.0039700798 0.00050426944 0)
(0.0039802879 0.00047938758 0)
(0.0039887584 0.00045459972 0)
(0.0039956975 0.00043011448 0)
(0.0040012967 0.00040610116 0)
(0.0040057318 0.00038269467 0)
(0.0040091628 0.0003600001 0)
(0.0040117334 0.00033809689 0)
(0.0040135722 0.00031704267 0)
(0.0040147932 0.0002968766 0)
(0.0040154968 0.0002776224 0)
(0.004015771 0.00025929093 0)
(0.0040156924 0.00024188244 0)
(0.0040153274 0.00022538861 0)
(0.004014733 0.00020979415 0)
(0.0040139582 0.0001950783 0)
(0.0040130448 0.00018121602 0)
(0.0040120282 0.00016817902 0)
(0.0040109381 0.00015593665 0)
(0.0040097994 0.00014445663 0)
(0.0040086328 0.00013370562 0)
(0.0040074555 0.00012364977 0)
(0.0040062813 0.00011425508 0)
(0.0040051214 0.00010548778 0)
(0.0040039849 9.731455e-05 0)
(0.0040028786 8.9702788e-05 0)
(0.004001808 8.2620738e-05 0)
(0.0040007771 7.6037634e-05 0)
(0.0039997885 6.9923791e-05 0)
(0.0039988442 6.4250674e-05 0)
(0.0039979451 5.8990943e-05 0)
(0.0039970917 5.4118479e-05 0)
(0.0039962838 4.9608393e-05 0)
(0.0039955208 4.5437024e-05 0)
(0.0039948019 4.1581925e-05 0)
(0.0039941257 3.8021845e-05 0)
(0.003993491 3.4736696e-05 0)
(0.0039928963 3.1707526e-05 0)
(0.0039923397 2.8916476e-05 0)
(0.0039918198 2.6346744e-05 0)
(0.0039913346 2.3982545e-05 0)
(0.0039908826 2.1809062e-05 0)
(0.0039904618 1.9812407e-05 0)
(0.0039900707 1.7979579e-05 0)
(0.0039897074 1.6298415e-05 0)
(0.0039893705 1.4757549e-05 0)
(0.0039890582 1.3346374e-05 0)
(0.003988769 1.2054994e-05 0)
(0.0039885016 1.087419e-05 0)
(0.0039882544 9.7953776e-06 0)
(0.0039880261 8.810572e-06 0)
(0.0039878155 7.9123511e-06 0)
(0.0039876214 7.0938218e-06 0)
(0.0039874425 6.3485869e-06 0)
(0.0039872779 5.6707144e-06 0)
(0.0039871266 5.0547075e-06 0)
(0.0039869875 4.4954763e-06 0)
(0.0039868598 3.9883117e-06 0)
(0.0039867427 3.5288594e-06 0)
(0.0039866353 3.1130964e-06 0)
(0.0039865369 2.7373084e-06 0)
(0.0039864469 2.3980686e-06 0)
(0.0039863646 2.0922175e-06 0)
(0.0039862894 1.8168444e-06 0)
(0.0039862208 1.5692694e-06 0)
(0.0039861582 1.3470271e-06 0)
(0.0039861011 1.1478508e-06 0)
(0.0039860492 9.6965834e-07 0)
(0.0039860019 8.1053801e-07 0)
(0.003985959 6.6873622e-07 0)
(0.00398592 5.4264543e-07 0)
(0.0039858847 4.307931e-07 0)
(0.0039858527 3.3183139e-07 0)
(0.0039858238 2.4452748e-07 0)
(0.0039857977 1.6775464e-07 0)
(0.0039857741 1.0048391e-07 0)
(0.0039857529 4.1776318e-08 0)
(0.0039857338 -9.2242778e-09 0)
(0.0039857166 -5.3297886e-08 0)
(0.0039857012 -9.1154556e-08 0)
(0.0039856875 -1.2344012e-07 0)
(0.0039856752 -1.5074148e-07 0)
(0.0039856643 -1.7359155e-07 0)
(0.0039856545 -1.9247377e-07 0)
(0.0039856459 -2.0782629e-07 0)
(0.0039856383 -2.2004587e-07 0)
(0.0039856316 -2.2949141e-07 0)
(0.0039856257 -2.3648726e-07 0)
(0.0039856206 -2.4132625e-07 0)
(0.0039856162 -2.4427243e-07 0)
(0.0039856123 -2.455637e-07 0)
(0.003985609 -2.454141e-07 0)
(0.0039856062 -2.4401599e-07 0)
(0.0039856039 -2.4154204e-07 0)
(0.0039856019 -2.38147e-07 0)
(0.0039856003 -2.3396942e-07 0)
(0.0039855991 -2.2913311e-07 0)
(0.0039855981 -2.2374855e-07 0)
(0.0039855974 -2.1791418e-07 0)
(0.0039855968 -2.1171749e-07 0)
(0.0039855965 -2.0523615e-07 0)
(0.0039855964 -1.985389e-07 0)
(0.0039855965 -1.9168648e-07 0)
(0.0039855966 -1.8473235e-07 0)
(0.0039855969 -1.7772351e-07 0)
(0.0039855973 -1.7070105e-07 0)
(0.0039855978 -1.6370081e-07 0)
(0.0039855984 -1.5675391e-07 0)
(0.003985599 -1.498872e-07 0)
(0.0039855997 -1.4312373e-07 0)
(0.0039856004 -1.3648313e-07 0)
(0.0039856012 -1.29982e-07 0)
(0.003985602 -1.236342e-07 0)
(0.0039856028 -1.1745116e-07 0)
(0.0039856037 -1.1144212e-07 0)
(0.0039856046 -1.0561441e-07 0)
(0.0039856054 -9.9973636e-08 0)
(0.0039856063 -9.4523866e-08 0)
(0.0039856072 -8.9267823e-08 0)
(0.0039856081 -8.420703e-08 0)
(0.0039856089 -7.9341954e-08 0)
(0.0039856098 -7.4672132e-08 0)
(0.0039856106 -7.0196279e-08 0)
(0.0039856115 -6.59124e-08 0)
(0.0039856123 -6.1817872e-08 0)
(0.0039856131 -5.7909531e-08 0)
(0.0039856139 -5.4183747e-08 0)
(0.0039856146 -5.0636487e-08 0)
(0.0039856154 -4.7263376e-08 0)
(0.0039856161 -4.405975e-08 0)
(0.0039856168 -4.1020704e-08 0)
(0.0039856175 -3.8141137e-08 0)
(0.0039856182 -3.5415785e-08 0)
(0.0039856188 -3.2839262e-08 0)
(0.0039856194 -3.0406082e-08 0)
(0.00398562 -2.8110695e-08 0)
(0.0039856206 -2.5947505e-08 0)
(0.0039856211 -2.3910891e-08 0)
(0.0039856217 -2.199523e-08 0)
(0.0039856222 -2.0194907e-08 0)
(0.0039856227 -1.8504336e-08 0)
(0.0039856231 -1.6917965e-08 0)
(0.0039856236 -1.5430293e-08 0)
(0.003985624 -1.4035873e-08 0)
(0.0039856244 -1.2729323e-08 0)
(0.0039856247 -1.1505332e-08 0)
(0.0039856251 -1.0358666e-08 0)
(0.0039856254 -9.2841691e-09 0)
(0.0039856258 -8.2767736e-09 0)
(0.0039856261 -7.3314994e-09 0)
(0.0039856264 -6.4434606e-09 0)
(0.0039856266 -5.6078701e-09 0)
(0.0039856269 -4.8200451e-09 0)
(0.0039856271 -4.0754149e-09 0)
(0.0039856273 -3.3695297e-09 0)
(0.0039856276 -2.6980733e-09 0)
(0.0039856278 -2.056878e-09 0)
(0.0039856279 -1.4419451e-09 0)
(0.0039856281 -8.4947033e-10 0)
(0.0039856283 -2.7587653e-10 0)
(0.0039856284 2.8214526e-10 0)
(0.0039856286 8.2758374e-10 0)
(0.0039856287 1.3630422e-09 0)
(0.0039856288 1.8906572e-09 0)
(0.0039856289 2.4119969e-09 0)
(0.003985629 2.9279346e-09 0)
(0.0039856291 3.4384911e-09 0)
(0.0039856292 3.9426393e-09 0)
(0.0039856293 4.4380604e-09 0)
(0.0039856293 4.9208408e-09 0)
(0.0039856294 5.3850967e-09 0)
(0.0039856294 5.8225053e-09 0)
(0.0039856295 6.2216851e-09 0)
(0.0039856295 6.5675324e-09 0)
(0.0039856295 6.8407699e-09 0)
(0.0039856296 7.0175914e-09 0)
(0.0039856296 7.0370421e-09 0)
(0.0032284834 3.9913437e-05 0)
(0.0032370606 0.00011939638 0)
(0.0032544145 0.00019693335 0)
(0.0032796458 0.00027093772 0)
(0.0033116283 0.00034003934 0)
(0.0033492601 0.00040310371 0)
(0.0033913269 0.00045926945 0)
(0.0034365846 0.00050796239 0)
(0.0034838307 0.00054888748 0)
(0.0035319516 0.00058200478 0)
(0.0035799588 0.00060749446 0)
(0.0036270103 0.00062571553 0)
(0.00367242 0.00063716285 0)
(0.0037156565 0.00064242565 0)
(0.0037563336 0.00064215014 0)
(0.0037941962 0.00063700742 0)
(0.0038291028 0.0006276674 0)
(0.0038610067 0.00061477873 0)
(0.0038899373 0.00059895416 0)
(0.0039159834 0.00058076075 0)
(0.0039392773 0.00056071407 0)
(0.0039599814 0.00053927565 0)
(0.0039782773 0.0005168528 0)
(0.0039943566 0.00049380031 0)
(0.0040084133 0.00047042325 0)
(0.0040206392 0.00044698072 0)
(0.0040312193 0.00042368981 0)
(0.0040403288 0.00040072994 0)
(0.004048132 0.00037824698 0)
(0.0040547807 0.00035635735 0)
(0.004060414 0.00033515181 0)
(0.0040651582 0.00031469892 0)
(0.0040691274 0.00029504829 0)
(0.0040724235 0.00027623339 0)
(0.0040751377 0.00025827409 0)
(0.0040773506 0.00024117892 0)
(0.0040791334 0.00022494703 0)
(0.0040805487 0.00020956989 0)
(0.0040816515 0.00019503276 0)
(0.0040824894 0.00018131594 0)
(0.0040831042 0.0001683959 0)
(0.0040835319 0.00015624616 0)
(0.0040838036 0.00014483809 0)
(0.0040839461 0.00013414153 0)
(0.0040839826 0.00012412542 0)
(0.0040839327 0.00011475815 0)
(0.0040838133 0.00010600802 0)
(0.0040836386 9.7843525e-05 0)
(0.0040834209 9.0233575e-05 0)
(0.0040831702 8.3147728e-05 0)
(0.0040828953 7.6556334e-05 0)
(0.0040826033 7.0430654e-05 0)
(0.0040823002 6.4742954e-05 0)
(0.0040819909 5.9466567e-05 0)
(0.0040816795 5.4575938e-05 0)
(0.0040813694 5.0046648e-05 0)
(0.0040810631 4.5855427e-05 0)
(0.0040807629 4.1980148e-05 0)
(0.0040804703 3.8399821e-05 0)
(0.0040801866 3.5094571e-05 0)
(0.0040799129 3.2045615e-05 0)
(0.0040796497 2.9235227e-05 0)
(0.0040793975 2.664671e-05 0)
(0.0040791566 2.4264353e-05 0)
(0.0040789272 2.2073399e-05 0)
(0.0040787091 2.0059999e-05 0)
(0.0040785022 1.8211175e-05 0)
(0.0040783064 1.6514776e-05 0)
(0.0040781214 1.495944e-05 0)
(0.0040779469 1.3534554e-05 0)
(0.0040777826 1.223021e-05 0)
(0.0040776279 1.1037173e-05 0)
(0.0040774827 9.9468388e-06 0)
(0.0040773464 8.9511981e-06 0)
(0.0040772187 8.0428037e-06 0)
(0.0040770991 7.2147356e-06 0)
(0.0040769872 6.4605687e-06 0)
(0.0040768827 5.7743426e-06 0)
(0.0040767851 5.1505319e-06 0)
(0.004076694 4.5840185e-06 0)
(0.0040766091 4.0700652e-06 0)
(0.0040765301 3.6042905e-06 0)
(0.0040764564 3.1826447e-06 0)
(0.004076388 2.8013878e-06 0)
(0.0040763243 2.457068e-06 0)
(0.0040762652 2.1465021e-06 0)
(0.0040762103 1.8667565e-06 0)
(0.0040761593 1.6151294e-06 0)
(0.0040761121 1.3891347e-06 0)
(0.0040760683 1.1864862e-06 0)
(0.0040760278 1.0050827e-06 0)
(0.0040759902 8.4299496e-07 0)
(0.0040759555 6.9845274e-07 0)
(0.0040759234 5.6983272e-07 0)
(0.0040758937 4.5564756e-07 0)
(0.0040758662 3.5453547e-07 0)
(0.0040758409 2.6525059e-07 0)
(0.0040758175 1.8665391e-07 0)
(0.004075796 1.17705e-07 0)
(0.0040757761 5.7454155e-08 0)
(0.0040757578 5.0351914e-09 0)
(0.0040757409 -4.0341263e-08 0)
(0.0040757254 -7.9393993e-08 0)
(0.0040757111 -1.1277697e-07 0)
(0.004075698 -1.4108467e-07 0)
(0.0040756859 -1.6485706e-07 0)
(0.0040756749 -1.8458412e-07 0)
(0.0040756647 -2.0071009e-07 0)
(0.0040756554 -2.1363736e-07 0)
(0.0040756469 -2.2373007e-07 0)
(0.0040756391 -2.3131741e-07 0)
(0.0040756319 -2.3669667e-07 0)
(0.0040756254 -2.4013607e-07 0)
(0.0040756194 -2.4187734e-07 0)
(0.004075614 -2.4213804e-07 0)
(0.0040756091 -2.4111381e-07 0)
(0.0040756046 -2.3898031e-07 0)
(0.0040756005 -2.3589509e-07 0)
(0.0040755968 -2.3199923e-07 0)
(0.0040755934 -2.2741891e-07 0)
(0.0040755904 -2.2226676e-07 0)
(0.0040755877 -2.166432e-07 0)
(0.0040755852 -2.1063757e-07 0)
(0.004075583 -2.0432918e-07 0)
(0.0040755811 -1.9778833e-07 0)
(0.0040755793 -1.9107715e-07 0)
(0.0040755778 -1.8425043e-07 0)
(0.0040755764 -1.7735631e-07 0)
(0.0040755752 -1.7043699e-07 0)
(0.0040755742 -1.635293e-07 0)
(0.0040755733 -1.5666526e-07 0)
(0.0040755725 -1.4987256e-07 0)
(0.0040755719 -1.43175e-07 0)
(0.0040755713 -1.3659293e-07 0)
(0.0040755709 -1.3014357e-07 0)
(0.0040755705 -1.2384136e-07 0)
(0.0040755703 -1.1769826e-07 0)
(0.0040755701 -1.1172402e-07 0)
(0.0040755699 -1.059264e-07 0)
(0.0040755699 -1.0031142e-07 0)
(0.0040755699 -9.4883525e-08 0)
(0.0040755699 -8.9645781e-08 0)
(0.00407557 -8.4600027e-08 0)
(0.0040755701 -7.974702e-08 0)
(0.0040755703 -7.5086562e-08 0)
(0.0040755705 -7.0617618e-08 0)
(0.0040755707 -6.6338413e-08 0)
(0.0040755709 -6.2246535e-08 0)
(0.0040755712 -5.8339012e-08 0)
(0.0040755715 -5.461239e-08 0)
(0.0040755718 -5.1062799e-08 0)
(0.0040755721 -4.7686016e-08 0)
(0.0040755724 -4.4477517e-08 0)
(0.0040755728 -4.1432528e-08 0)
(0.0040755731 -3.8546065e-08 0)
(0.0040755735 -3.581298e-08 0)
(0.0040755738 -3.3227987e-08 0)
(0.0040755741 -3.0785699e-08 0)
(0.0040755745 -2.8480656e-08 0)
(0.0040755748 -2.6307343e-08 0)
(0.0040755752 -2.426022e-08 0)
(0.0040755755 -2.2333735e-08 0)
(0.0040755758 -2.0522343e-08 0)
(0.0040755762 -1.8820518e-08 0)
(0.0040755765 -1.7222769e-08 0)
(0.0040755768 -1.5723649e-08 0)
(0.0040755771 -1.4317764e-08 0)
(0.0040755774 -1.299978e-08 0)
(0.0040755777 -1.1764431e-08 0)
(0.0040755779 -1.0606524e-08 0)
(0.0040755782 -9.5209443e-09 0)
(0.0040755785 -8.5026589e-09 0)
(0.0040755787 -7.5467223e-09 0)
(0.004075579 -6.6482803e-09 0)
(0.0040755792 -5.8025743e-09 0)
(0.0040755794 -5.0049477e-09 0)
(0.0040755796 -4.2508532e-09 0)
(0.0040755798 -3.5358611e-09 0)
(0.00407558 -2.8556721e-09 0)
(0.0040755802 -2.2061314e-09 0)
(0.0040755804 -1.5832491e-09 0)
(0.0040755806 -9.8322444e-10 0)
(0.0040755807 -4.0247829e-10 0)
(0.0040755809 1.6230677e-10 0)
(0.0040755811 7.1413509e-10 0)
(0.0040755812 1.2556337e-09 0)
(0.0040755814 1.7889711e-09 0)
(0.0040755815 2.3157566e-09 0)
(0.0040755816 2.8369126e-09 0)
(0.0040755818 3.3525167e-09 0)
(0.0040755819 3.8616029e-09 0)
(0.004075582 4.3619132e-09 0)
(0.0040755821 4.8495876e-09 0)
(0.0040755822 5.3187758e-09 0)
(0.0040755823 5.7611506e-09 0)
(0.0040755825 6.1652598e-09 0)
(0.0040755826 6.5158254e-09 0)
(0.0040755827 6.7932419e-09 0)
(0.0040755827 6.9732156e-09 0)
(0.0040755829 6.9929317e-09 0)
(0.0032284433 3.6475041e-05 0)
(0.0032364042 0.00010929022 0)
(0.0032525819 0.00018058109 0)
(0.0032762191 0.0002489532 0)
(0.0033063581 0.00031318385 0)
(0.0033420621 0.00037223851 0)
(0.00338228 0.00042530573 0)
(0.0034259164 0.00047181366 0)
(0.003471893 0.00051142832 0)
(0.0035191906 0.00054403834 0)
(0.0035668836 0.0005697296 0)
(0.0036141621 0.00058875349 0)
(0.0036603442 0.00060149229 0)
(0.0037048796 0.0006084246 0)
(0.0037473454 0.00061009307 0)
(0.0037874366 0.00060707576 0)
(0.0038249536 0.00059996203 0)
(0.0038597877 0.00058933313 0)
(0.0038919058 0.00057574741 0)
(0.0039213359 0.00055972963 0)
(0.0039481532 0.00054176396 0)
(0.0039724686 0.00052228991 0)
(0.0039944172 0.00050170071 0)
(0.0040141505 0.00048034351 0)
(0.0040318283 0.00045852089 0)
(0.0040476139 0.00043649334 0)
(0.0040616686 0.0004144823 0)
(0.0040741495 0.00039267358 0)
(0.0040852065 0.00037122081 0)
(0.0040949808 0.00035024899 0)
(0.0041036042 0.00032985779 0)
(0.0041111984 0.00031012481 0)
(0.0041178751 0.00029110845 0)
(0.004123736 0.00027285062 0)
(0.0041288732 0.0002553792 0)
(0.0041333699 0.00023871015 0)
(0.0041373005 0.00022284949 0)
(0.0041407318 0.00020779496 0)
(0.0041437234 0.00019353752 0)
(0.0041463281 0.00018006264 0)
(0.0041485929 0.00016735139 0)
(0.0041505593 0.00015538141 0)
(0.0041522641 0.00014412774 0)
(0.0041537398 0.00013356349 0)
(0.0041550147 0.00012366043 0)
(0.0041561141 0.00011438953 0)
(0.0041570602 0.00010572128 0)
(0.0041578722 9.7626128e-05 0)
(0.0041585673 9.0074694e-05 0)
(0.0041591603 8.3038023e-05 0)
(0.0041596645 7.6487761e-05 0)
(0.0041600912 7.0396299e-05 0)
(0.0041604507 6.4736884e-05 0)
(0.0041607516 5.94837e-05 0)
(0.0041610017 5.4611929e-05 0)
(0.0041612077 5.0097792e-05 0)
(0.0041613756 4.5918569e-05 0)
(0.0041615106 4.2052613e-05 0)
(0.0041616171 3.8479343e-05 0)
(0.0041616991 3.517924e-05 0)
(0.0041617601 3.2133823e-05 0)
(0.0041618031 2.9325632e-05 0)
(0.0041618308 2.6738193e-05 0)
(0.0041618454 2.4355989e-05 0)
(0.0041618489 2.2164428e-05 0)
(0.0041618432 2.0149802e-05 0)
(0.0041618297 1.8299252e-05 0)
(0.0041618098 1.6600733e-05 0)
(0.0041617846 1.5042969e-05 0)
(0.0041617551 1.361542e-05 0)
(0.0041617222 1.2308242e-05 0)
(0.0041616867 1.1112251e-05 0)
(0.0041616492 1.0018888e-05 0)
(0.0041616101 9.0201804e-06 0)
(0.0041615702 8.1087117e-06 0)
(0.0041615296 7.277587e-06 0)
(0.0041614888 6.5204019e-06 0)
(0.0041614482 5.8312129e-06 0)
(0.0041614078 5.2045078e-06 0)
(0.0041613679 4.6351791e-06 0)
(0.0041613288 4.1184976e-06 0)
(0.0041612904 3.6500878e-06 0)
(0.0041612531 3.2259043e-06 0)
(0.0041612167 2.8422098e-06 0)
(0.0041611815 2.495554e-06 0)
(0.0041611474 2.1827543e-06 0)
(0.0041611146 1.9008766e-06 0)
(0.0041610829 1.6472182e-06 0)
(0.0041610525 1.4192911e-06 0)
(0.0041610232 1.214807e-06 0)
(0.0041609953 1.0316623e-06 0)
(0.0041609685 8.6792493e-07 0)
(0.0041609429 7.2182157e-07 0)
(0.0041609185 5.9172573e-07 0)
(0.0041608952 4.7614679e-07 0)
(0.004160873 3.7371958e-07 0)
(0.0041608519 2.8319484e-07 0)
(0.0041608319 2.0343019e-07 0)
(0.0041608129 1.3338179e-07 0)
(0.0041607948 7.2096636e-08 0)
(0.0041607777 1.8705269e-08 0)
(0.0041607615 -2.7584865e-08 0)
(0.0041607462 -6.7495648e-08 0)
(0.0041607317 -1.0168405e-07 0)
(0.004160718 -1.3074744e-07 0)
(0.004160705 -1.5522858e-07 0)
(0.0041606928 -1.7562011e-07 0)
(0.0041606813 -1.9236883e-07 0)
(0.0041606704 -2.0587958e-07 0)
(0.0041606602 -2.1651882e-07 0)
(0.0041606506 -2.2461795e-07 0)
(0.0041606415 -2.3047638e-07 0)
(0.004160633 -2.3436431e-07 0)
(0.004160625 -2.3652535e-07 0)
(0.0041606175 -2.3717884e-07 0)
(0.0041606104 -2.365221e-07 0)
(0.0041606038 -2.3473238e-07 0)
(0.0041605977 -2.319687e-07 0)
(0.0041605919 -2.2837354e-07 0)
(0.0041605865 -2.2407439e-07 0)
(0.0041605814 -2.1918513e-07 0)
(0.0041605767 -2.138073e-07 0)
(0.0041605723 -2.0803133e-07 0)
(0.0041605682 -2.0193755e-07 0)
(0.0041605644 -1.9559719e-07 0)
(0.0041605609 -1.8907327e-07 0)
(0.0041605576 -1.8242139e-07 0)
(0.0041605546 -1.7569047e-07 0)
(0.0041605518 -1.6892342e-07 0)
(0.0041605492 -1.6215775e-07 0)
(0.0041605468 -1.5542609e-07 0)
(0.0041605446 -1.4875671e-07 0)
(0.0041605426 -1.4217398e-07 0)
(0.0041605407 -1.3569874e-07 0)
(0.0041605391 -1.2934868e-07 0)
(0.0041605375 -1.231387e-07 0)
(0.0041605361 -1.1708117e-07 0)
(0.0041605349 -1.1118623e-07 0)
(0.0041605337 -1.0546201e-07 0)
(0.0041605327 -9.9914864e-08 0)
(0.0041605318 -9.4549567e-08 0)
(0.004160531 -8.9369489e-08 0)
(0.0041605303 -8.4376755e-08 0)
(0.0041605296 -7.9572391e-08 0)
(0.0041605291 -7.4956457e-08 0)
(0.0041605286 -7.0528155e-08 0)
(0.0041605282 -6.6285944e-08 0)
(0.0041605278 -6.2227627e-08 0)
(0.0041605276 -5.8350438e-08 0)
(0.0041605273 -5.4651121e-08 0)
(0.0041605272 -5.1125992e-08 0)
(0.004160527 -4.7771006e-08 0)
(0.0041605269 -4.4581811e-08 0)
(0.0041605269 -4.1553794e-08 0)
(0.0041605269 -3.8682129e-08 0)
(0.0041605269 -3.5961813e-08 0)
(0.0041605269 -3.3387706e-08 0)
(0.004160527 -3.0954557e-08 0)
(0.0041605271 -2.8657035e-08 0)
(0.0041605272 -2.6489753e-08 0)
(0.0041605273 -2.444729e-08 0)
(0.0041605274 -2.2524209e-08 0)
(0.0041605276 -2.0715076e-08 0)
(0.0041605277 -1.9014473e-08 0)
(0.0041605279 -1.7417011e-08 0)
(0.0041605281 -1.591734e-08 0)
(0.0041605283 -1.451016e-08 0)
(0.0041605284 -1.3190227e-08 0)
(0.0041605286 -1.1952364e-08 0)
(0.0041605288 -1.079146e-08 0)
(0.004160529 -9.7024788e-09 0)
(0.0041605292 -8.6804661e-09 0)
(0.0041605294 -7.7205488e-09 0)
(0.0041605296 -6.8179424e-09 0)
(0.0041605298 -5.9679548e-09 0)
(0.00416053 -5.1659925e-09 0)
(0.0041605302 -4.4075671e-09 0)
(0.0041605303 -3.6883044e-09 0)
(0.0041605305 -3.0039556e-09 0)
(0.0041605307 -2.350412e-09 0)
(0.0041605309 -1.7237238e-09 0)
(0.004160531 -1.1201244e-09 0)
(0.0041605312 -5.3606144e-10 0)
(0.0041605314 3.1763697e-11 0)
(0.0041605316 5.8634597e-10 0)
(0.0041605317 1.1303133e-09 0)
(0.0041605319 1.6658468e-09 0)
(0.0041605321 2.1945804e-09 0)
(0.0041605322 2.7174748e-09 0)
(0.0041605324 3.2346587e-09 0)
(0.0041605326 3.7452294e-09 0)
(0.0041605327 4.2470021e-09 0)
(0.0041605329 4.7361947e-09 0)
(0.0041605331 5.2070317e-09 0)
(0.0041605332 5.6512431e-09 0)
(0.0041605334 6.0573961e-09 0)
(0.0041605336 6.4101627e-09 0)
(0.0041605338 6.6897731e-09 0)
(0.0041605339 6.8716539e-09 0)
(0.0041605341 6.8917431e-09 0)
(0.0032284086 3.3280983e-05 0)
(0.0032358253 9.9866562e-05 0)
(0.003250957 0.00016526932 0)
(0.0032731637 0.00022826367 0)
(0.0033016286 0.00028776078 0)
(0.0033355545 0.0003428222 0)
(0.0033740309 0.00039269181 0)
(0.0034160939 0.00043681313 0)
(0.0034607783 0.00047483185 0)
(0.0035071549 0.00050658682 0)
(0.0035543623 0.00053209216 0)
(0.0036016289 0.0005515131 0)
(0.0036482871 0.00056513842 0)
(0.0036937796 0.00057335194 0)
(0.0037376593 0.00057660502 0)
(0.0037795841 0.00057539137 0)
(0.0038193082 0.00057022521 0)
(0.003856671 0.00056162299 0)
(0.0038915854 0.00055008891 0)
(0.0039240255 0.00053610393 0)
(0.0039540148 0.00052011801 0)
(0.0039816156 0.00050254504 0)
(0.0040069191 0.00048376006 0)
(0.0040300373 0.00046409826 0)
(0.004051096 0.00044385545 0)
(0.0040702288 0.00042328943 0)
(0.0040875728 0.00040262216 0)
(0.0041032646 0.00038204234 0)
(0.0041174381 0.00036170826 0)
(0.0041302218 0.00034175073 0)
(0.0041417382 0.00032227601 0)
(0.0041521025 0.00030336867 0)
(0.0041614219 0.00028509419 0)
(0.0041697959 0.00026750154 0)
(0.0041773162 0.00025062537 0)
(0.0041840665 0.00023448817 0)
(0.0041901235 0.00021910206 0)
(0.0041955565 0.00020447048 0)
(0.0042004287 0.00019058965 0)
(0.0042047971 0.00017744985 0)
(0.004208713 0.00016503656 0)
(0.0042122228 0.00015333141 0)
(0.004215368 0.00014231302 0)
(0.0042181861 0.00013195775 0)
(0.0042207107 0.00012224029 0)
(0.0042229719 0.00011313417 0)
(0.0042249967 0.00010461223 0)
(0.0042268093 9.664698e-05 0)
(0.0042284314 8.9210873e-05 0)
(0.0042298826 8.227659e-05 0)
(0.0042311802 7.581723e-05 0)
(0.0042323399 6.9806469e-05 0)
(0.0042333757 6.4218697e-05 0)
(0.0042343003 5.9029111e-05 0)
(0.0042351249 5.421379e-05 0)
(0.0042358597 4.9749749e-05 0)
(0.0042365139 4.5614974e-05 0)
(0.0042370956 4.1788442e-05 0)
(0.0042376122 3.8250128e-05 0)
(0.0042380703 3.4981003e-05 0)
(0.004238476 3.1963025e-05 0)
(0.0042388345 2.9179119e-05 0)
(0.0042391508 2.6613158e-05 0)
(0.0042394291 2.4249931e-05 0)
(0.0042396735 2.2075118e-05 0)
(0.0042398874 2.0075255e-05 0)
(0.0042400741 1.82377e-05 0)
(0.0042402364 1.6550599e-05 0)
(0.0042403769 1.5002849e-05 0)
(0.004240498 1.3584063e-05 0)
(0.0042406017 1.2284536e-05 0)
(0.00424069 1.1095205e-05 0)
(0.0042407646 1.000762e-05 0)
(0.004240827 9.0139082e-06 0)
(0.0042408786 8.1067394e-06 0)
(0.0042409206 7.2792974e-06 0)
(0.0042409542 6.5252479e-06 0)
(0.0042409804 5.8387101e-06 0)
(0.004241 5.214228e-06 0)
(0.0042410139 4.6467443e-06 0)
(0.0042410229 4.1315747e-06 0)
(0.0042410275 3.6643838e-06 0)
(0.0042410284 3.2411621e-06 0)
(0.0042410261 2.8582044e-06 0)
(0.004241021 2.5120892e-06 0)
(0.0042410135 2.1996591e-06 0)
(0.0042410041 1.9180029e-06 0)
(0.004240993 1.6644381e-06 0)
(0.0042409805 1.4364948e-06 0)
(0.004240967 1.2319007e-06 0)
(0.0042409526 1.0485663e-06 0)
(0.0042409375 8.8457221e-07 0)
(0.0042409219 7.3815614e-07 0)
(0.0042409059 6.0770144e-07 0)
(0.0042408897 4.917261e-07 0)
(0.0042408735 3.8887255e-07 0)
(0.0042408572 2.9789814e-07 0)
(0.004240841 2.176663e-07 0)
(0.004240825 1.4713825e-07 0)
(0.0042408092 8.5365344e-08 0)
(0.0042407937 3.1481912e-08 0)
(0.0042407785 -1.5301353e-08 0)
(0.0042407637 -5.5703556e-08 0)
(0.0042407492 -9.0379302e-08 0)
(0.0042407352 -1.1992399e-07 0)
(0.0042407216 -1.4487868e-07 0)
(0.0042407084 -1.6573467e-07 0)
(0.0042406957 -1.8293762e-07 0)
(0.0042406835 -1.9689147e-07 0)
(0.0042406717 -2.0796197e-07 0)
(0.0042406604 -2.1647998e-07 0)
(0.0042406495 -2.227445e-07 0)
(0.0042406391 -2.2702548e-07 0)
(0.0042406291 -2.2956634e-07 0)
(0.0042406196 -2.3058637e-07 0)
(0.0042406105 -2.3028289e-07 0)
(0.0042406019 -2.2883322e-07 0)
(0.0042405937 -2.263965e-07 0)
(0.0042405858 -2.2311541e-07 0)
(0.0042405784 -2.1911762e-07 0)
(0.0042405714 -2.1451727e-07 0)
(0.0042405647 -2.0941616e-07 0)
(0.0042405584 -2.0390501e-07 0)
(0.0042405524 -1.9806444e-07 0)
(0.0042405468 -1.91966e-07 0)
(0.0042405415 -1.8567301e-07 0)
(0.0042405365 -1.792414e-07 0)
(0.0042405318 -1.7272042e-07 0)
(0.0042405274 -1.6615329e-07 0)
(0.0042405232 -1.5957785e-07 0)
(0.0042405193 -1.5302703e-07 0)
(0.0042405157 -1.4652944e-07 0)
(0.0042405123 -1.4010974e-07 0)
(0.0042405092 -1.3378907e-07 0)
(0.0042405062 -1.2758543e-07 0)
(0.0042405035 -1.2151401e-07 0)
(0.004240501 -1.1558747e-07 0)
(0.0042404986 -1.0981622e-07 0)
(0.0042404965 -1.0420866e-07 0)
(0.0042404945 -9.8771432e-08 0)
(0.0042404926 -9.3509557e-08 0)
(0.004240491 -8.8426662e-08 0)
(0.0042404894 -8.3525124e-08 0)
(0.004240488 -7.8806213e-08 0)
(0.0042404867 -7.4270225e-08 0)
(0.0042404856 -6.9916597e-08 0)
(0.0042404845 -6.5744016e-08 0)
(0.0042404836 -6.1750505e-08 0)
(0.0042404827 -5.7933519e-08 0)
(0.004240482 -5.429001e-08 0)
(0.0042404813 -5.0816505e-08 0)
(0.0042404807 -4.7509161e-08 0)
(0.0042404802 -4.4363824e-08 0)
(0.0042404798 -4.1376073e-08 0)
(0.0042404794 -3.8541273e-08 0)
(0.0042404791 -3.5854604e-08 0)
(0.0042404788 -3.3311106e-08 0)
(0.0042404786 -3.0905704e-08 0)
(0.0042404784 -2.8633237e-08 0)
(0.0042404783 -2.6488484e-08 0)
(0.0042404782 -2.4466188e-08 0)
(0.0042404781 -2.2561068e-08 0)
(0.004240478 -2.0767844e-08 0)
(0.004240478 -1.9081248e-08 0)
(0.004240478 -1.7496033e-08 0)
(0.0042404781 -1.6006993e-08 0)
(0.0042404781 -1.4608964e-08 0)
(0.0042404782 -1.3296834e-08 0)
(0.0042404783 -1.2065553e-08 0)
(0.0042404784 -1.0910136e-08 0)
(0.0042404785 -9.8256682e-09 0)
(0.0042404786 -8.8073101e-09 0)
(0.0042404788 -7.8503019e-09 0)
(0.0042404789 -6.9499673e-09 0)
(0.004240479 -6.1017189e-09 0)
(0.0042404792 -5.3010629e-09 0)
(0.0042404794 -4.5436063e-09 0)
(0.0042404795 -3.8250654e-09 0)
(0.0042404797 -3.1412765e-09 0)
(0.0042404798 -2.48821e-09 0)
(0.00424048 -1.8619886e-09 0)
(0.0042404802 -1.2589106e-09 0)
(0.0042404804 -6.754799e-10 0)
(0.0042404805 -1.0844447e-10 0)
(0.0042404807 4.4515533e-10 0)
(0.0042404809 9.8792482e-10 0)
(0.0042404811 1.5220369e-09 0)
(0.0042404813 2.0491335e-09 0)
(0.0042404815 2.5702006e-09 0)
(0.0042404817 3.0854115e-09 0)
(0.0042404819 3.593928e-09 0)
(0.0042404821 4.093649e-09 0)
(0.0042404824 4.5808939e-09 0)
(0.0042404826 5.0500018e-09 0)
(0.0042404828 5.4928222e-09 0)
(0.004240483 5.898032e-09 0)
(0.0042404833 6.2503799e-09 0)
(0.0042404835 6.5301031e-09 0)
(0.0042404837 6.7125642e-09 0)
(0.0042404841 6.7330927e-09 0)
(0.0032283783 3.0302435e-05 0)
(0.0032353141 9.1048505e-05 0)
(0.0032495153 0.00015088752 0)
(0.0032704396 0.00020874274 0)
(0.003297388 0.00026364655 0)
(0.0033296812 0.00031475173 0)
(0.0033665302 0.00036136007 0)
(0.0034070863 0.00040293964 0)
(0.0034504864 0.00043912986 0)
(0.0034958859 0.00046973704 0)
(0.0035424865 0.00049472206 0)
(0.0035895585 0.00051418228 0)
(0.0036364553 0.00052832982 0)
(0.0036826216 0.00053746824 0)
(0.0037275966 0.00054196938 0)
(0.0037710115 0.00054225152 0)
(0.0038125844 0.00053875981 0)
(0.0038521126 0.0005319495 0)
(0.0038894628 0.00052227211 0)
(0.0039245622 0.00051016456 0)
(0.0039573876 0.00049604101 0)
(0.003987957 0.00048028721 0)
(0.0040163202 0.00046325686 0)
(0.0040425516 0.00044526976 0)
(0.0040667434 0.00042661128 0)
(0.0040889999 0.00040753298 0)
(0.0041094331 0.00038825387 0)
(0.0041281584 0.00036896236 0)
(0.0041452922 0.00034981843 0)
(0.004160949 0.00033095609 0)
(0.0041752403 0.00031248584 0)
(0.0041882729 0.00029449715 0)
(0.0042001483 0.00027706087 0)
(0.0042109622 0.00026023147 0)
(0.0042208041 0.00024404918 0)
(0.0042297571 0.00022854193 0)
(0.0042378986 0.0002137271 0)
(0.0042452995 0.00019961315 0)
(0.0042520255 0.00018620101 0)
(0.0042581367 0.00017348538 0)
(0.0042636879 0.00016145582 0)
(0.0042687294 0.00015009772 0)
(0.0042733072 0.00013939317 0)
(0.0042774631 0.00012932167 0)
(0.004281235 0.0001198608 0)
(0.0042846577 0.00011098671 0)
(0.0042877628 0.00010267461 0)
(0.0042905788 9.4899128e-05 0)
(0.004293132 8.7634674e-05 0)
(0.004295446 8.0855675e-05 0)
(0.0042975425 7.4536803e-05 0)
(0.004299441 6.865316e-05 0)
(0.0043011595 6.3180416e-05 0)
(0.0043027142 5.8094922e-05 0)
(0.0043041199 5.33738e-05 0)
(0.00430539 4.8995004e-05 0)
(0.0043065369 4.4937367e-05 0)
(0.0043075717 4.1180628e-05 0)
(0.0043085047 3.7705453e-05 0)
(0.0043093449 3.4493437e-05 0)
(0.0043101011 3.15271e-05 0)
(0.0043107808 2.8789877e-05 0)
(0.004311391 2.62661e-05 0)
(0.0043119383 2.3940977e-05 0)
(0.0043124283 2.1800566e-05 0)
(0.0043128666 1.9831744e-05 0)
(0.0043132578 1.8022181e-05 0)
(0.0043136065 1.6360305e-05 0)
(0.0043139167 1.483527e-05 0)
(0.004314192 1.3436921e-05 0)
(0.0043144359 1.2155765e-05 0)
(0.0043146513 1.0982931e-05 0)
(0.004314841 9.9101441e-06 0)
(0.0043150077 8.9296903e-06 0)
(0.0043151535 8.0343848e-06 0)
(0.0043152806 7.2175429e-06 0)
(0.0043153909 6.4729504e-06 0)
(0.0043154861 5.7948353e-06 0)
(0.0043155678 5.1778411e-06 0)
(0.0043156374 4.6170008e-06 0)
(0.0043156963 4.1077123e-06 0)
(0.0043157455 3.645715e-06 0)
(0.0043157861 3.2270673e-06 0)
(0.0043158191 2.8481258e-06 0)
(0.0043158455 2.5055251e-06 0)
(0.0043158658 2.1961588e-06 0)
(0.0043158809 1.9171621e-06 0)
(0.0043158915 1.6658944e-06 0)
(0.004315898 1.4399239e-06 0)
(0.004315901 1.2370126e-06 0)
(0.0043159009 1.0551025e-06 0)
(0.0043158982 8.9230238e-07 0)
(0.0043158933 7.4687549e-07 0)
(0.0043158864 6.1722825e-07 0)
(0.004315878 5.018995e-07 0)
(0.0043158681 3.9955044e-07 0)
(0.0043158572 3.0895536e-07 0)
(0.0043158453 2.2899289e-07 0)
(0.0043158327 1.5863795e-07 0)
(0.0043158195 9.6954164e-08 0)
(0.0043158059 4.3086881e-08 0)
(0.0043157921 -3.7433468e-09 0)
(0.004315778 -4.4246805e-08 0)
(0.0043157639 -7.9070226e-08 0)
(0.0043157498 -1.0880198e-07 0)
(0.0043157357 -1.339769e-07 0)
(0.0043157218 -1.5508071e-07 0)
(0.0043157081 -1.7255415e-07 0)
(0.0043156946 -1.8679681e-07 0)
(0.0043156814 -1.9817058e-07 0)
(0.0043156686 -2.0700293e-07 0)
(0.004315656 -2.1358989e-07 0)
(0.0043156438 -2.1819877e-07 0)
(0.004315632 -2.2107072e-07 0)
(0.0043156206 -2.2242304e-07 0)
(0.0043156096 -2.2245131e-07 0)
(0.0043155989 -2.2133136e-07 0)
(0.0043155887 -2.1922106e-07 0)
(0.0043155789 -2.1626196e-07 0)
(0.0043155695 -2.1258083e-07 0)
(0.0043155605 -2.0829098e-07 0)
(0.0043155519 -2.0349358e-07 0)
(0.0043155437 -1.9827879e-07 0)
(0.0043155359 -1.927268e-07 0)
(0.0043155285 -1.8690879e-07 0)
(0.0043155214 -1.8088781e-07 0)
(0.0043155147 -1.7471957e-07 0)
(0.0043155083 -1.6845319e-07 0)
(0.0043155023 -1.6213178e-07 0)
(0.0043154967 -1.5579313e-07 0)
(0.0043154913 -1.4947018e-07 0)
(0.0043154863 -1.4319155e-07 0)
(0.0043154815 -1.3698195e-07 0)
(0.0043154771 -1.3086263e-07 0)
(0.0043154729 -1.2485168e-07 0)
(0.004315469 -1.1896442e-07 0)
(0.0043154653 -1.1321365e-07 0)
(0.0043154619 -1.0760995e-07 0)
(0.0043154587 -1.0216189e-07 0)
(0.0043154557 -9.6876284e-08 0)
(0.004315453 -9.1758354e-08 0)
(0.0043154504 -8.6811926e-08 0)
(0.0043154481 -8.2039581e-08 0)
(0.0043154459 -7.7442803e-08 0)
(0.0043154439 -7.3022102e-08 0)
(0.004315442 -6.8777135e-08 0)
(0.0043154403 -6.4706809e-08 0)
(0.0043154388 -6.0809372e-08 0)
(0.0043154374 -5.7082503e-08 0)
(0.0043154361 -5.3523379e-08 0)
(0.0043154349 -5.0128752e-08 0)
(0.0043154339 -4.6895002e-08 0)
(0.0043154329 -4.3818199e-08 0)
(0.0043154321 -4.0894146e-08 0)
(0.0043154313 -3.8118424e-08 0)
(0.0043154307 -3.5486434e-08 0)
(0.0043154301 -3.299343e-08 0)
(0.0043154296 -3.063455e-08 0)
(0.0043154291 -2.8404841e-08 0)
(0.0043154287 -2.6299291e-08 0)
(0.0043154284 -2.4312842e-08 0)
(0.0043154281 -2.2440415e-08 0)
(0.0043154279 -2.0676923e-08 0)
(0.0043154277 -1.9017289e-08 0)
(0.0043154276 -1.7456455e-08 0)
(0.0043154275 -1.5989395e-08 0)
(0.0043154274 -1.4611124e-08 0)
(0.0043154273 -1.3316706e-08 0)
(0.0043154273 -1.210126e-08 0)
(0.0043154273 -1.0959965e-08 0)
(0.0043154274 -9.8880681e-09 0)
(0.0043154274 -8.8808858e-09 0)
(0.0043154275 -7.9338099e-09 0)
(0.0043154276 -7.0423111e-09 0)
(0.0043154277 -6.2019438e-09 0)
(0.0043154278 -5.4083513e-09 0)
(0.0043154279 -4.657272e-09 0)
(0.004315428 -3.9445479e-09 0)
(0.0043154282 -3.2661347e-09 0)
(0.0043154283 -2.6181152e-09 0)
(0.0043154285 -1.9967168e-09 0)
(0.0043154287 -1.398334e-09 0)
(0.0043154288 -8.1955658e-10 0)
(0.004315429 -2.5720721e-10 0)
(0.0043154292 2.9161205e-10 0)
(0.0043154294 8.2945983e-10 0)
(0.0043154296 1.3584795e-09 0)
(0.0043154299 1.8803029e-09 0)
(0.0043154301 2.3959282e-09 0)
(0.0043154303 2.9055655e-09 0)
(0.0043154306 3.4084405e-09 0)
(0.0043154308 3.9025455e-09 0)
(0.0043154311 4.3843234e-09 0)
(0.0043154314 4.8482671e-09 0)
(0.0043154317 5.2864064e-09 0)
(0.004315432 5.687618e-09 0)
(0.0043154323 6.0368565e-09 0)
(0.0043154326 6.3145403e-09 0)
(0.0043154328 6.4961885e-09 0)
(0.0043154333 6.517184e-09 0)
(0.0032283518 2.7514126e-05 0)
(0.0032348626 8.2767911e-05 0)
(0.0032482365 0.00013733636 0)
(0.0032680126 0.00019027436 0)
(0.0032935909 0.00024072407 0)
(0.003324392 0.00028792408 0)
(0.0033597308 0.00033123484 0)
(0.0033988599 0.00037015517 0)
(0.0034410077 0.0004043288 0)
(0.0034854072 0.00043354305 0)
(0.0035313213 0.00045772076 0)
(0.0035780634 0.00047690685 0)
(0.0036250121 0.00049125141 0)
(0.0036716211 0.00050099086 0)
(0.0037174236 0.00050642853 0)
(0.003762033 0.00050791599 0)
(0.0038051403 0.00050583576 0)
(0.0038465083 0.00050058612 0)
(0.0038859658 0.00049256826 0)
(0.0039233989 0.00048217574 0)
(0.0039587434 0.00046978637 0)
(0.0039919771 0.00045575617 0)
(0.0040231117 0.00044041525 0)
(0.0040521862 0.00042406527 0)
(0.0040792605 0.00040697822 0)
(0.0041044103 0.00038939632 0)
(0.0041277224 0.00037153265 0)
(0.0041492908 0.00035357238 0)
(0.0041692135 0.0003356745 0)
(0.0041875902 0.00031797368 0)
(0.0042045201 0.00030058242 0)
(0.0042201006 0.0002835931 0)
(0.0042344261 0.00026708015 0)
(0.004247587 0.00025110205 0)
(0.0042596695 0.00023570328 0)
(0.0042707551 0.00022091611 0)
(0.0042809204 0.00020676226 0)
(0.0042902371 0.00019325444 0)
(0.0042987723 0.00018039768 0)
(0.0043065882 0.00016819061 0)
(0.0043137425 0.00015662648 0)
(0.0043202888 0.00014569416 0)
(0.0043262765 0.00013537901 0)
(0.0043317512 0.00012566354 0)
(0.004336755 0.00011652811 0)
(0.0043413266 0.00010795147 0)
(0.0043455018 9.9911183e-05 0)
(0.0043493132 9.2384082e-05 0)
(0.0043527911 8.5346564e-05 0)
(0.0043559632 7.8774887e-05 0)
(0.0043588551 7.2645401e-05 0)
(0.00436149 6.6934739e-05 0)
(0.0043638896 6.1619973e-05 0)
(0.0043660736 5.6678735e-05 0)
(0.0043680602 5.2089316e-05 0)
(0.004369866 4.7830738e-05 0)
(0.0043715064 4.3882811e-05 0)
(0.0043729954 4.0226168e-05 0)
(0.004374346 3.6842292e-05 0)
(0.00437557 3.3713522e-05 0)
(0.0043766783 3.0823063e-05 0)
(0.0043776809 2.8154974e-05 0)
(0.004378587 2.569416e-05 0)
(0.0043794051 2.3426353e-05 0)
(0.0043801428 2.133809e-05 0)
(0.0043808072 1.941669e-05 0)
(0.004381405 1.7650224e-05 0)
(0.0043819419 1.6027491e-05 0)
(0.0043824236 1.4537982e-05 0)
(0.004382855 1.3171855e-05 0)
(0.0043832406 1.1919899e-05 0)
(0.0043835849 1.0773508e-05 0)
(0.0043838914 9.7246441e-06 0)
(0.0043841639 8.7658141e-06 0)
(0.0043844054 7.8900348e-06 0)
(0.004384619 7.0908064e-06 0)
(0.0043848074 6.362084e-06 0)
(0.0043849729 5.6982512e-06 0)
(0.0043851179 5.0940938e-06 0)
(0.0043852443 4.5447752e-06 0)
(0.0043853541 4.045813e-06 0)
(0.0043854489 3.5930559e-06 0)
(0.0043855302 3.1826624e-06 0)
(0.0043855996 2.8110808e-06 0)
(0.0043856582 2.4750294e-06 0)
(0.0043857072 2.1714784e-06 0)
(0.0043857476 1.897633e-06 0)
(0.0043857805 1.6509163e-06 0)
(0.0043858066 1.4289549e-06 0)
(0.0043858267 1.2295639e-06 0)
(0.0043858417 1.0507338e-06 0)
(0.0043858519 8.9061728e-07 0)
(0.0043858582 7.4751789e-07 0)
(0.0043858609 6.1987851e-07 0)
(0.0043858606 5.0627114e-07 0)
(0.0043858576 4.0538709e-07 0)
(0.0043858523 3.1602798e-07 0)
(0.0043858451 2.370972e-07 0)
(0.0043858363 1.675921e-07 0)
(0.0043858261 1.065966e-07 0)
(0.0043858147 5.327441e-08 0)
(0.0043858024 6.8626504e-09 0)
(0.0043857894 -3.3334014e-08 0)
(0.0043857759 -6.7948836e-08 0)
(0.0043857619 -9.7558056e-08 0)
(0.0043857476 -1.2268558e-07 0)
(0.0043857331 -1.4380735e-07 0)
(0.0043857186 -1.6135531e-07 0)
(0.0043857041 -1.7572114e-07 0)
(0.0043856896 -1.8725971e-07 0)
(0.0043856753 -1.9629217e-07 0)
(0.0043856612 -2.0310893e-07 0)
(0.0043856474 -2.079723e-07 0)
(0.0043856338 -2.1111895e-07 0)
(0.0043856206 -2.1276225e-07 0)
(0.0043856077 -2.1309426e-07 0)
(0.0043855952 -2.122877e-07 0)
(0.0043855831 -2.1049772e-07 0)
(0.0043855713 -2.0786346e-07 0)
(0.00438556 -2.0450955e-07 0)
(0.0043855491 -2.0054749e-07 0)
(0.0043855387 -1.9607682e-07 0)
(0.0043855286 -1.9118629e-07 0)
(0.004385519 -1.8595488e-07 0)
(0.0043855098 -1.8045273e-07 0)
(0.0043855011 -1.74742e-07 0)
(0.0043854927 -1.6887765e-07 0)
(0.0043854847 -1.6290814e-07 0)
(0.0043854771 -1.5687609e-07 0)
(0.00438547 -1.5081882e-07 0)
(0.0043854632 -1.4476893e-07 0)
(0.0043854567 -1.3875478e-07 0)
(0.0043854506 -1.3280087e-07 0)
(0.0043854449 -1.2692829e-07 0)
(0.0043854395 -1.2115504e-07 0)
(0.0043854344 -1.1549641e-07 0)
(0.0043854296 -1.0996517e-07 0)
(0.0043854251 -1.0457195e-07 0)
(0.0043854209 -9.932537e-08 0)
(0.004385417 -9.423234e-08 0)
(0.0043854133 -8.9298198e-08 0)
(0.0043854099 -8.4526908e-08 0)
(0.0043854067 -7.9921208e-08 0)
(0.0043854038 -7.5482756e-08 0)
(0.004385401 -7.121225e-08 0)
(0.0043853985 -6.7109548e-08 0)
(0.0043853962 -6.3173768e-08 0)
(0.004385394 -5.9403379e-08 0)
(0.0043853921 -5.5796287e-08 0)
(0.0043853903 -5.2349904e-08 0)
(0.0043853886 -4.906122e-08 0)
(0.0043853871 -4.592686e-08 0)
(0.0043853857 -4.2943137e-08 0)
(0.0043853845 -4.0106103e-08 0)
(0.0043853833 -3.7411589e-08 0)
(0.0043853823 -3.4855245e-08 0)
(0.0043853814 -3.2432572e-08 0)
(0.0043853806 -3.0138956e-08 0)
(0.0043853799 -2.7969693e-08 0)
(0.0043853793 -2.5920011e-08 0)
(0.0043853787 -2.3985097e-08 0)
(0.0043853782 -2.2160109e-08 0)
(0.0043853778 -2.0440196e-08 0)
(0.0043853774 -1.8820513e-08 0)
(0.0043853771 -1.7296229e-08 0)
(0.0043853769 -1.5862542e-08 0)
(0.0043853767 -1.4514687e-08 0)
(0.0043853765 -1.3247941e-08 0)
(0.0043853764 -1.2057634e-08 0)
(0.0043853763 -1.0939152e-08 0)
(0.0043853762 -9.8879396e-09 0)
(0.0043853762 -8.8995107e-09 0)
(0.0043853762 -7.9694465e-09 0)
(0.0043853762 -7.0934025e-09 0)
(0.0043853763 -6.2671122e-09 0)
(0.0043853764 -5.4863923e-09 0)
(0.0043853765 -4.7471483e-09 0)
(0.0043853766 -4.0453827e-09 0)
(0.0043853767 -3.3772046e-09 0)
(0.0043853768 -2.7388424e-09 0)
(0.004385377 -2.1266602e-09 0)
(0.0043853771 -1.5371792e-09 0)
(0.0043853773 -9.671053e-10 0)
(0.0043853775 -4.133638e-10 0)
(0.0043853777 1.2685506e-10 0)
(0.0043853779 6.5603883e-10 0)
(0.0043853782 1.1762796e-09 0)
(0.0043853784 1.6891807e-09 0)
(0.0043853787 2.1957384e-09 0)
(0.004385379 2.6961908e-09 0)
(0.0043853792 3.1898262e-09 0)
(0.0043853796 3.6747385e-09 0)
(0.0043853799 4.1475148e-09 0)
(0.0043853802 4.6028391e-09 0)
(0.0043853805 5.0329812e-09 0)
(0.0043853809 5.4271074e-09 0)
(0.0043853813 5.7705061e-09 0)
(0.0043853816 6.0439524e-09 0)
(0.004385382 6.2233509e-09 0)
(0.0043853825 6.244802e-09 0)
(0.0032283288 2.4893744e-05 0)
(0.0032344639 7.4964014e-05 0)
(0.0032471033 0.00012452613 0)
(0.0032658537 0.00017275179 0)
(0.0032901981 0.00021888263 0)
(0.0033196418 0.00026223757 0)
(0.003353589 0.00030223518 0)
(0.0033913805 0.00033840904 0)
(0.003432326 0.00037041506 0)
(0.0034757294 0.00039803223 0)
(0.0035209114 0.0004211576 0)
(0.0035672282 0.0004397966 0)
(0.0036140862 0.00045404997 0)
(0.0036609525 0.00046409856 0)
(0.0037073607 0.00047018734 0)
(0.0037529132 0.00047260947 0)
(0.003797281 0.00047169129 0)
(0.0038402003 0.00046777874 0)
(0.003881468 0.00046122555 0)
(0.0039209356 0.00045238339 0)
(0.0039585031 0.00044159389 0)
(0.0039941122 0.00042918259 0)
(0.0040277399 0.00041545445 0)
(0.0040593924 0.00040069097 0)
(0.0040890993 0.00038514839 0)
(0.0041169087 0.00036905703 0)
(0.004142883 0.00035262139 0)
(0.0041670946 0.00033602086 0)
(0.0041896232 0.00031941093 0)
(0.004210553 0.00030292466 0)
(0.0042299703 0.00028667438 0)
(0.0042479621 0.00027075348 0)
(0.0042646147 0.00025523824 0)
(0.0042800124 0.00024018961 0)
(0.0042942371 0.00022565501 0)
(0.0043073674 0.00021166992 0)
(0.0043194785 0.00019825943 0)
(0.0043306418 0.00018543969 0)
(0.0043409249 0.00017321918 0)
(0.0043503914 0.00016159985 0)
(0.0043591011 0.00015057826 0)
(0.0043671102 0.00014014642 0)
(0.0043744708 0.00013029264 0)
(0.004381232 0.0001210023 0)
(0.0043874393 0.00011225843 0)
(0.004393135 0.00010404225 0)
(0.0043983585 9.6333694e-05 0)
(0.0044031464 8.911176e-05 0)
(0.0044075326 8.235488e-05 0)
(0.0044115486 7.6041198e-05 0)
(0.0044152234 7.0148813e-05 0)
(0.004418584 6.4655979e-05 0)
(0.0044216554 5.9541266e-05 0)
(0.0044244607 5.4783693e-05 0)
(0.0044270213 5.0362834e-05 0)
(0.0044293569 4.6258897e-05 0)
(0.0044314858 4.2452786e-05 0)
(0.0044334247 3.8926144e-05 0)
(0.0044351893 3.5661387e-05 0)
(0.0044367939 3.2641718e-05 0)
(0.0044382518 2.9851136e-05 0)
(0.0044395753 2.7274435e-05 0)
(0.0044407755 2.48972e-05 0)
(0.004441863 2.2705787e-05 0)
(0.0044428472 2.0687311e-05 0)
(0.004443737 1.8829625e-05 0)
(0.0044445406 1.7121293e-05 0)
(0.0044452653 1.5551566e-05 0)
(0.0044459182 1.4110356e-05 0)
(0.0044465054 1.2788206e-05 0)
(0.0044470329 1.1576264e-05 0)
(0.0044475059 1.0466249e-05 0)
(0.0044479294 9.4504304e-06 0)
(0.0044483078 8.5215919e-06 0)
(0.0044486453 7.6730084e-06 0)
(0.0044489457 6.8984171e-06 0)
(0.0044492124 6.1919917e-06 0)
(0.0044494486 5.5483167e-06 0)
(0.0044496572 4.962363e-06 0)
(0.0044498408 4.4294641e-06 0)
(0.0044500019 3.945294e-06 0)
(0.0044501427 3.505845e-06 0)
(0.0044502652 3.1074078e-06 0)
(0.0044503713 2.7465519e-06 0)
(0.0044504625 2.4201068e-06 0)
(0.0044505406 2.1251446e-06 0)
(0.0044506067 1.858964e-06 0)
(0.0044506623 1.6190737e-06 0)
(0.0044507084 1.4031787e-06 0)
(0.0044507461 1.209166e-06 0)
(0.0044507763 1.0350912e-06 0)
(0.0044507999 8.791673e-07 0)
(0.0044508177 7.3975232e-07 0)
(0.0044508303 6.1533908e-07 0)
(0.0044508384 5.0454506e-07 0)
(0.0044508426 4.0610302e-07 0)
(0.0044508433 3.1885229e-07 0)
(0.0044508411 2.417306e-07 0)
(0.0044508362 1.7376647e-07 0)
(0.0044508292 1.1407215e-07 0)
(0.0044508203 6.183706e-08 0)
(0.0044508099 1.6321612e-08 0)
(0.0044507982 -2.314842e-08 0)
(0.0044507854 -5.718719e-08 0)
(0.0044507717 -8.6353666e-08 0)
(0.0044507574 -1.1115616e-07 0)
(0.0044507425 -1.3205653e-07 0)
(0.0044507273 -1.4947404e-07 0)
(0.0044507119 -1.6378894e-07 0)
(0.0044506963 -1.7534582e-07 0)
(0.0044506808 -1.8445661e-07 0)
(0.0044506652 -1.9140342e-07 0)
(0.0044506499 -1.9644113e-07 0)
(0.0044506347 -1.9979979e-07 0)
(0.0044506197 -2.016868e-07 0)
(0.0044506051 -2.0228892e-07 0)
(0.0044505908 -2.0177416e-07 0)
(0.0044505769 -2.0029345e-07 0)
(0.0044505633 -1.979822e-07 0)
(0.0044505502 -1.9496175e-07 0)
(0.0044505375 -1.9134064e-07 0)
(0.0044505253 -1.8721585e-07 0)
(0.0044505135 -1.8267386e-07 0)
(0.0044505021 -1.7779165e-07 0)
(0.0044504912 -1.7263761e-07 0)
(0.0044504808 -1.672724e-07 0)
(0.0044504708 -1.6174965e-07 0)
(0.0044504612 -1.561167e-07 0)
(0.0044504522 -1.5041516e-07 0)
(0.0044504435 -1.4468157e-07 0)
(0.0044504353 -1.3894782e-07 0)
(0.0044504275 -1.3324166e-07 0)
(0.0044504201 -1.2758713e-07 0)
(0.0044504131 -1.2200494e-07 0)
(0.0044504065 -1.165128e-07 0)
(0.0044504002 -1.1112573e-07 0)
(0.0044503944 -1.0585638e-07 0)
(0.0044503888 -1.0071525e-07 0)
(0.0044503836 -9.5710913e-08 0)
(0.0044503788 -9.0850276e-08 0)
(0.0044503742 -8.6138711e-08 0)
(0.0044503699 -8.1580254e-08 0)
(0.004450366 -7.7177746e-08 0)
(0.0044503623 -7.2932975e-08 0)
(0.0044503588 -6.8846799e-08 0)
(0.0044503556 -6.4919253e-08 0)
(0.0044503527 -6.1149652e-08 0)
(0.0044503499 -5.753668e-08 0)
(0.0044503474 -5.4078469e-08 0)
(0.0044503451 -5.0772675e-08 0)
(0.0044503429 -4.7616535e-08 0)
(0.0044503409 -4.4606934e-08 0)
(0.0044503392 -4.1740452e-08 0)
(0.0044503375 -3.901341e-08 0)
(0.004450336 -3.6421915e-08 0)
(0.0044503347 -3.3961895e-08 0)
(0.0044503334 -3.1629132e-08 0)
(0.0044503323 -2.9419292e-08 0)
(0.0044503314 -2.7327952e-08 0)
(0.0044503305 -2.5350623e-08 0)
(0.0044503297 -2.3482768e-08 0)
(0.004450329 -2.1719822e-08 0)
(0.0044503284 -2.0057209e-08 0)
(0.0044503278 -1.8490354e-08 0)
(0.0044503274 -1.7014695e-08 0)
(0.004450327 -1.5625691e-08 0)
(0.0044503266 -1.4318837e-08 0)
(0.0044503264 -1.3089665e-08 0)
(0.0044503261 -1.1933753e-08 0)
(0.0044503259 -1.0846731e-08 0)
(0.0044503258 -9.8242846e-09 0)
(0.0044503257 -8.8621585e-09 0)
(0.0044503256 -7.9561625e-09 0)
(0.0044503256 -7.1021738e-09 0)
(0.0044503256 -6.2961412e-09 0)
(0.0044503256 -5.5340902e-09 0)
(0.0044503257 -4.8121285e-09 0)
(0.0044503258 -4.1264531e-09 0)
(0.0044503259 -3.4733598e-09 0)
(0.004450326 -2.8492548e-09 0)
(0.0044503261 -2.2506707e-09 0)
(0.0044503263 -1.6742861e-09 0)
(0.0044503265 -1.1169515e-09 0)
(0.0044503267 -5.7572331e-10 0)
(0.0044503269 -4.7906129e-11 0)
(0.0044503271 4.6889224e-10 0)
(0.0044503274 9.7669073e-10 0)
(0.0044503277 1.4770456e-09 0)
(0.0044503279 1.9709363e-09 0)
(0.0044503282 2.4586198e-09 0)
(0.0044503286 2.9394447e-09 0)
(0.0044503289 3.411613e-09 0)
(0.0044503293 3.8718757e-09 0)
(0.0044503297 4.3151433e-09 0)
(0.0044503301 4.7339836e-09 0)
(0.0044503305 5.1179398e-09 0)
(0.0044503309 5.4527613e-09 0)
(0.0044503313 5.7197566e-09 0)
(0.0044503317 5.8954379e-09 0)
(0.0044503324 5.9173014e-09 0)
(0.0032283086 2.2421455e-05 0)
(0.0032341125 6.7582296e-05 0)
(0.0032461011 0.00011237538 0)
(0.0032639377 0.00015607652 0)
(0.0032871753 0.00019801768 0)
(0.0033153907 0.0002375927 0)
(0.0033480646 0.00027427694 0)
(0.0033846142 0.00030764122 0)
(0.0034244214 0.00033735936 0)
(0.0034668542 0.00036321026 0)
(0.0035112865 0.00038507517 0)
(0.0035571161 0.00040293077 0)
(0.0036037783 0.0004168392 0)
(0.0036507566 0.00042693596 0)
(0.0036975892 0.00043341679 0)
(0.0037438734 0.00043652423 0)
(0.0037892661 0.00043653469 0)
(0.0038334829 0.00043374647 0)
(0.0038762947 0.00042846913 0)
(0.003917524 0.00042101434 0)
(0.00395704 0.00041168838 0)
(0.0039947525 0.00040078613 0)
(0.0040306074 0.00038858654 0)
(0.0040645807 0.00037534947 0)
(0.004096674 0.00036131356 0)
(0.0041269093 0.00034669515 0)
(0.0041553256 0.00033168795 0)
(0.0041819743 0.00031646331 0)
(0.0042069171 0.00030117103 0)
(0.0042302224 0.00028594042 0)
(0.0042519633 0.0002708817 0)
(0.0042722162 0.0002560874 0)
(0.0042910583 0.00024163402 0)
(0.0043085674 0.00022758353 0)
(0.00432482 0.00021398494 0)
(0.0043398914 0.00020087582 0)
(0.0043538544 0.00018828365 0)
(0.0043667793 0.00017622718 0)
(0.0043787336 0.00016471759 0)
(0.0043897815 0.00015375965 0)
(0.0043999843 0.00014335268 0)
(0.0044093998 0.00013349146 0)
(0.004418083 0.000124167 0)
(0.0044260853 0.00011536726 0)
(0.0044334553 0.00010707777 0)
(0.0044402385 9.9282164e-05 0)
(0.0044464776 9.196263e-05 0)
(0.0044522125 8.5100326e-05 0)
(0.0044574806 7.8675714e-05 0)
(0.0044623167 7.2668853e-05 0)
(0.0044667533 6.7059639e-05 0)
(0.0044708206 6.1828013e-05 0)
(0.0044745469 5.6954125e-05 0)
(0.0044779584 5.2418469e-05 0)
(0.0044810794 4.8202e-05 0)
(0.0044839327 4.428621e-05 0)
(0.0044865392 4.0653204e-05 0)
(0.0044889184 3.7285745e-05 0)
(0.0044910885 3.4167287e-05 0)
(0.0044930661 3.1282002e-05 0)
(0.0044948669 2.861479e-05 0)
(0.0044965051 2.6151284e-05 0)
(0.0044979941 2.3877844e-05 0)
(0.0044993463 2.1781549e-05 0)
(0.0045005728 1.9850187e-05 0)
(0.0045016843 1.8072231e-05 0)
(0.0045026904 1.6436823e-05 0)
(0.0045036001 1.493375e-05 0)
(0.0045044216 1.355342e-05 0)
(0.0045051625 1.2286835e-05 0)
(0.0045058299 1.1125569e-05 0)
(0.00450643 1.0061737e-05 0)
(0.004506969 9.0879696e-06 0)
(0.0045074522 8.1973901e-06 0)
(0.0045078846 7.3835844e-06 0)
(0.0045082708 6.6405779e-06 0)
(0.0045086152 5.9628103e-06 0)
(0.0045089214 5.3451116e-06 0)
(0.0045091931 4.7826793e-06 0)
(0.0045094335 4.2710558e-06 0)
(0.0045096457 3.8061074e-06 0)
(0.0045098322 3.3840042e-06 0)
(0.0045099957 3.0011999e-06 0)
(0.0045101383 2.6544142e-06 0)
(0.0045102622 2.3406147e-06 0)
(0.0045103692 2.0570008e-06 0)
(0.0045104611 1.8009872e-06 0)
(0.0045105394 1.5701902e-06 0)
(0.0045106056 1.3624126e-06 0)
(0.0045106609 1.1756314e-06 0)
(0.0045107066 1.0079848e-06 0)
(0.0045107437 8.5776109e-07 0)
(0.0045107731 7.2338739e-07 0)
(0.0045107958 6.0341962e-07 0)
(0.0045108125 4.9653289e-07 0)
(0.004510824 4.015126e-07 0)
(0.0045108309 3.1724608e-07 0)
(0.0045108337 2.427148e-07 0)
(0.0045108331 1.7698714e-07 0)
(0.0045108295 1.1921161e-07 0)
(0.0045108232 6.8610609e-08 0)
(0.0045108148 2.4474512e-08 0)
(0.0045108045 -1.3843703e-08 0)
(0.0045107926 -4.6933519e-08 0)
(0.0045107795 -7.5331542e-08 0)
(0.0045107652 -9.9525839e-08 0)
(0.0045107502 -1.1995995e-07 0)
(0.0045107345 -1.3703658e-07 0)
(0.0045107183 -1.5112104e-07 0)
(0.0045107018 -1.6254444e-07 0)
(0.0045106851 -1.7160655e-07 0)
(0.0045106683 -1.7857856e-07 0)
(0.0045106515 -1.8370551e-07 0)
(0.0045106348 -1.8720861e-07 0)
(0.0045106183 -1.8928736e-07 0)
(0.004510602 -1.9012142e-07 0)
(0.0045105861 -1.8987244e-07 0)
(0.0045105704 -1.886857e-07 0)
(0.0045105552 -1.8669154e-07 0)
(0.0045105403 -1.8400679e-07 0)
(0.0045105259 -1.80736e-07 0)
(0.0045105119 -1.769726e-07 0)
(0.0045104984 -1.7279991e-07 0)
(0.0045104854 -1.6829214e-07 0)
(0.0045104729 -1.6351526e-07 0)
(0.0045104609 -1.5852774e-07 0)
(0.0045104493 -1.5338137e-07 0)
(0.0045104383 -1.4812183e-07 0)
(0.0045104278 -1.4278932e-07 0)
(0.0045104177 -1.3741915e-07 0)
(0.0045104081 -1.3204215e-07 0)
(0.004510399 -1.266852e-07 0)
(0.0045103903 -1.2137157e-07 0)
(0.0045103821 -1.1612134e-07 0)
(0.0045103743 -1.109517e-07 0)
(0.004510367 -1.0587728e-07 0)
(0.0045103601 -1.0091039e-07 0)
(0.0045103535 -9.6061273e-08 0)
(0.0045103474 -9.1338362e-08 0)
(0.0045103416 -8.6748436e-08 0)
(0.0045103362 -8.2296825e-08 0)
(0.0045103311 -7.7987563e-08 0)
(0.0045103263 -7.382354e-08 0)
(0.0045103219 -6.980663e-08 0)
(0.0045103178 -6.5937812e-08 0)
(0.0045103139 -6.2217275e-08 0)
(0.0045103103 -5.8644515e-08 0)
(0.004510307 -5.521842e-08 0)
(0.0045103039 -5.1937348e-08 0)
(0.0045103011 -4.8799197e-08 0)
(0.0045102985 -4.5801464e-08 0)
(0.0045102961 -4.2941306e-08 0)
(0.0045102939 -4.0215585e-08 0)
(0.0045102918 -3.7620916e-08 0)
(0.00451029 -3.5153704e-08 0)
(0.0045102883 -3.2810181e-08 0)
(0.0045102868 -3.0586439e-08 0)
(0.0045102854 -2.8478458e-08 0)
(0.0045102841 -2.6482126e-08 0)
(0.004510283 -2.4593269e-08 0)
(0.004510282 -2.2807664e-08 0)
(0.0045102811 -2.1121061e-08 0)
(0.0045102803 -1.9529192e-08 0)
(0.0045102796 -1.8027792e-08 0)
(0.004510279 -1.6612602e-08 0)
(0.0045102784 -1.5279385e-08 0)
(0.0045102779 -1.4023931e-08 0)
(0.0045102775 -1.2842064e-08 0)
(0.0045102772 -1.1729648e-08 0)
(0.0045102769 -1.0682597e-08 0)
(0.0045102767 -9.6968699e-09 0)
(0.0045102765 -8.7684832e-09 0)
(0.0045102764 -7.8935097e-09 0)
(0.0045102763 -7.0680836e-09 0)
(0.0045102763 -6.2884044e-09 0)
(0.0045102762 -5.5507408e-09 0)
(0.0045102763 -4.8514361e-09 0)
(0.0045102763 -4.186915e-09 0)
(0.0045102764 -3.5536924e-09 0)
(0.0045102765 -2.9483838e-09 0)
(0.0045102766 -2.3677205e-09 0)
(0.0045102768 -1.8085681e-09 0)
(0.004510277 -1.2679509e-09 0)
(0.0045102772 -7.4308325e-10 0)
(0.0045102774 -2.3140993e-10 0)
(0.0045102776 2.6934193e-10 0)
(0.0045102779 7.6109645e-10 0)
(0.0045102782 1.245344e-09 0)
(0.0045102785 1.7230326e-09 0)
(0.0045102788 2.194428e-09 0)
(0.0045102792 2.6589361e-09 0)
(0.0045102796 3.1148728e-09 0)
(0.00451028 3.5591705e-09 0)
(0.0045102804 3.9870003e-09 0)
(0.0045102809 4.3912829e-09 0)
(0.0045102813 4.7620238e-09 0)
(0.0045102818 5.085557e-09 0)
(0.0045102823 5.3438961e-09 0)
(0.0045102828 5.5143912e-09 0)
(0.0045102835 5.5365906e-09 0)
(0.0032282911 2.0079499e-05 0)
(0.0032338036 6.0573531e-05 0)
(0.0032452175 0.00010080979 0)
(0.0032622433 0.00014015735 0)
(0.0032844929 0.0001780304 0)
(0.0033116034 0.00021389263 0)
(0.003343121 0.00024727432 0)
(0.0033785289 0.00027778488 0)
(0.0034172723 0.00030512017 0)
(0.0034587765 0.00032906541 0)
(0.0035024644 0.00034949399 0)
(0.0035477731 0.00036636272 0)
(0.0035941665 0.00037970428 0)
(0.0036411461 0.00038961771 0)
(0.0036882581 0.00039625762 0)
(0.0037350985 0.00039982305 0)
(0.0037813152 0.0004005464 0)
(0.0038266081 0.000398683 0)
(0.0038707275 0.00039450163 0)
(0.0039134719 0.00038827624 0)
(0.0039546838 0.00038027894 0)
(0.0039942456 0.0003707743 0)
(0.0040320753 0.00036001487 0)
(0.0040681219 0.0003482379 0)
(0.0041023611 0.00033566307 0)
(0.004134791 0.00032249106 0)
(0.0041654281 0.00030890294 0)
(0.0041943042 0.00029506012 0)
(0.0042214632 0.00028110476 0)
(0.0042469581 0.00026716052 0)
(0.0042708492 0.00025333368 0)
(0.0042932014 0.00023971427 0)
(0.0043140831 0.00022637742 0)
(0.0043335648 0.00021338469 0)
(0.0043517175 0.00020078546 0)
(0.0043686121 0.00018861824 0)
(0.0043843187 0.00017691193 0)
(0.0043989058 0.00016568702 0)
(0.0044124403 0.00015495671 0)
(0.0044249864 0.00014472795 0)
(0.0044366062 0.00013500234 0)
(0.0044473589 0.00012577699 0)
(0.0044573012 0.00011704528 0)
(0.0044664869 0.00010879752 0)
(0.0044749671 0.00010102155 0)
(0.0044827899 9.3703235e-05 0)
(0.004490001 8.682695e-05 0)
(0.0044966434 8.0375949e-05 0)
(0.0045027574 7.4332704e-05 0)
(0.0045083809 6.8679194e-05 0)
(0.0045135496 6.3397142e-05 0)
(0.0045182967 5.8468222e-05 0)
(0.0045226535 5.3874222e-05 0)
(0.004526649 4.9597189e-05 0)
(0.0045303104 4.5619536e-05 0)
(0.0045336631 4.1924133e-05 0)
(0.0045367308 3.8494377e-05 0)
(0.0045395354 3.5314242e-05 0)
(0.0045420975 3.2368322e-05 0)
(0.0045444359 2.9641856e-05 0)
(0.0045465685 2.7120738e-05 0)
(0.0045485116 2.4791535e-05 0)
(0.0045502805 2.2641477e-05 0)
(0.0045518892 2.0658457e-05 0)
(0.0045533509 1.8831019e-05 0)
(0.0045546775 1.7148345e-05 0)
(0.0045558804 1.5600233e-05 0)
(0.0045569698 1.4177082e-05 0)
(0.0045579552 1.2869871e-05 0)
(0.0045588456 1.1670132e-05 0)
(0.0045596491 1.0569928e-05 0)
(0.0045603731 9.561832e-06 0)
(0.0045610246 8.6388989e-06 0)
(0.0045616099 7.7946436e-06 0)
(0.0045621349 7.0230162e-06 0)
(0.004562605 6.3183791e-06 0)
(0.0045630251 5.6754839e-06 0)
(0.0045633998 5.0894492e-06 0)
(0.0045637332 4.5557389e-06 0)
(0.0045640293 4.070142e-06 0)
(0.0045642914 3.6287523e-06 0)
(0.0045645228 3.2279496e-06 0)
(0.0045647264 2.8643812e-06 0)
(0.004564905 2.5349451e-06 0)
(0.0045650609 2.2367732e-06 0)
(0.0045651965 1.9672159e-06 0)
(0.0045653137 1.7238273e-06 0)
(0.0045654145 1.504351e-06 0)
(0.0045655005 1.3067076e-06 0)
(0.0045655733 1.1289816e-06 0)
(0.0045656342 9.6941018e-07 0)
(0.0045656847 8.2637213e-07 0)
(0.0045657257 6.9837761e-07 0)
(0.0045657584 5.8405851e-07 0)
(0.0045657837 4.8215945e-07 0)
(0.0045658026 3.9152933e-07 0)
(0.0045658157 3.1111352e-07 0)
(0.0045658237 2.3994645e-07 0)
(0.0045658274 1.771448e-07 0)
(0.0045658272 1.2190112e-07 0)
(0.0045658238 7.347786e-08 0)
(0.0045658175 3.1201894e-08 0)
(0.0045658087 -5.5406438e-09 0)
(0.0045657979 -3.730911e-08 0)
(0.0045657854 -6.4612769e-08 0)
(0.0045657714 -8.7914889e-08 0)
(0.0045657563 -1.0763653e-07 0)
(0.0045657402 -1.2416008e-07 0)
(0.0045657234 -1.3783243e-07 0)
(0.0045657061 -1.4896807e-07 0)
(0.0045656884 -1.5785177e-07 0)
(0.0045656704 -1.6474117e-07 0)
(0.0045656524 -1.6986912e-07 0)
(0.0045656343 -1.7344588e-07 0)
(0.0045656164 -1.7566104e-07 0)
(0.0045655986 -1.7668544e-07 0)
(0.0045655811 -1.7667279e-07 0)
(0.0045655638 -1.7576122e-07 0)
(0.004565547 -1.7407474e-07 0)
(0.0045655305 -1.7172448e-07 0)
(0.0045655145 -1.6880995e-07 0)
(0.0045654989 -1.6542004e-07 0)
(0.0045654838 -1.6163409e-07 0)
(0.0045654692 -1.5752275e-07 0)
(0.0045654552 -1.5314884e-07 0)
(0.0045654417 -1.4856809e-07 0)
(0.0045654287 -1.4382982e-07 0)
(0.0045654162 -1.3897759e-07 0)
(0.0045654043 -1.3404975e-07 0)
(0.0045653928 -1.2907997e-07 0)
(0.004565382 -1.2409768e-07 0)
(0.0045653716 -1.1912855e-07 0)
(0.0045653617 -1.1419483e-07 0)
(0.0045653524 -1.0931573e-07 0)
(0.0045653435 -1.0450771e-07 0)
(0.0045653351 -9.97848e-08 0)
(0.0045653271 -9.5158819e-08 0)
(0.0045653196 -9.0639643e-08 0)
(0.0045653126 -8.62354e-08 0)
(0.0045653059 -8.1952664e-08 0)
(0.0045652996 -7.7796628e-08 0)
(0.0045652938 -7.3771257e-08 0)
(0.0045652883 -6.9879427e-08 0)
(0.0045652831 -6.6123052e-08 0)
(0.0045652783 -6.2503195e-08 0)
(0.0045652738 -5.9020172e-08 0)
(0.0045652697 -5.5673639e-08 0)
(0.0045652658 -5.2462677e-08 0)
(0.0045652622 -4.9385865e-08 0)
(0.0045652589 -4.6441344e-08 0)
(0.0045652558 -4.3626878e-08 0)
(0.004565253 -4.0939904e-08 0)
(0.0045652504 -3.8377583e-08 0)
(0.004565248 -3.593684e-08 0)
(0.0045652458 -3.3614401e-08 0)
(0.0045652437 -3.1406828e-08 0)
(0.0045652419 -2.9310548e-08 0)
(0.0045652403 -2.732188e-08 0)
(0.0045652387 -2.543706e-08 0)
(0.0045652374 -2.3652257e-08 0)
(0.0045652361 -2.1963596e-08 0)
(0.004565235 -2.0367173e-08 0)
(0.0045652341 -1.8859068e-08 0)
(0.0045652332 -1.7435356e-08 0)
(0.0045652324 -1.6092121e-08 0)
(0.0045652317 -1.4825462e-08 0)
(0.0045652311 -1.36315e-08 0)
(0.0045652306 -1.2506389e-08 0)
(0.0045652302 -1.1446315e-08 0)
(0.0045652298 -1.0447509e-08 0)
(0.0045652295 -9.5062413e-09 0)
(0.0045652293 -8.6188325e-09 0)
(0.0045652291 -7.781654e-09 0)
(0.0045652289 -6.9911309e-09 0)
(0.0045652288 -6.2437466e-09 0)
(0.0045652287 -5.5360458e-09 0)
(0.0045652287 -4.8646399e-09 0)
(0.0045652287 -4.2262128e-09 0)
(0.0045652288 -3.6175291e-09 0)
(0.0045652289 -3.035444e-09 0)
(0.004565229 -2.4769171e-09 0)
(0.0045652292 -1.9390294e-09 0)
(0.0045652293 -1.4190062e-09 0)
(0.0045652295 -9.142464e-10 0)
(0.0045652298 -4.2235989e-10 0)
(0.00456523 5.8783544e-11 0)
(0.0045652303 5.3099212e-10 0)
(0.0045652306 9.95672e-10 0)
(0.004565231 1.4537246e-09 0)
(0.0045652313 1.9054148e-09 0)
(0.0045652317 2.3502016e-09 0)
(0.0045652321 2.7865199e-09 0)
(0.0045652326 3.2114993e-09 0)
(0.004565233 3.6206032e-09 0)
(0.0045652335 4.0071581e-09 0)
(0.0045652341 4.3617126e-09 0)
(0.0045652346 4.6713053e-09 0)
(0.0045652352 4.9188255e-09 0)
(0.0045652357 5.0826733e-09 0)
(0.0045652365 5.1051097e-09 0)
(0.0032282759 1.7851858e-05 0)
(0.0032335332 5.3892973e-05 0)
(0.003244442 8.9761165e-05 0)
(0.0032607522 0.00012490951 0)
(0.0032821253 0.00015882727 0)
(0.003308249 0.00019104333 0)
(0.0033387252 0.0002211408 0)
(0.0033730942 0.00024876821 0)
(0.0034108563 0.00027364639 0)
(0.0034514874 0.00029557175 0)
(0.003494455 0.0003144162 0)
(0.0035392323 0.00033012395 0)
(0.003585311 0.00034270593 0)
(0.0036322112 0.00035223227 0)
(0.003679489 0.00035882365 0)
(0.0037267422 0.00036264203 0)
(0.0037736134 0.00036388126 0)
(0.003819791 0.00036275816 0)
(0.0038650093 0.00035950416 0)
(0.0039090467 0.00035435789 0)
(0.0039517236 0.00034755878 0)
(0.0039928985 0.00033934176 0)
(0.0040324651 0.00032993299 0)
(0.0040703484 0.00031954656 0)
(0.0041065006 0.00030838221 0)
(0.0041408976 0.00029662367 0)
(0.0041735356 0.00028443788 0)
(0.0042044277 0.00027197466 0)
(0.004233601 0.00025936684 0)
(0.0042610938 0.0002467308 0)
(0.0042869534 0.00023416723 0)
(0.004311234 0.0002217621 0)
(0.004333995 0.00020958774 0)
(0.0043552992 0.00019770399 0)
(0.0043752118 0.00018615938 0)
(0.0043937992 0.0001749923 0)
(0.0044111283 0.00016423209 0)
(0.0044272655 0.00015390018 0)
(0.0044422762 0.00014401107 0)
(0.0044562245 0.00013457326 0)
(0.0044691726 0.00012559013 0)
(0.0044811807 0.00011706071 0)
(0.0044923069 0.00010898039 0)
(0.0045026068 0.00010134154 0)
(0.0045121334 9.4134086e-05 0)
(0.0045209374 8.7345994e-05 0)
(0.0045290669 8.0963694e-05 0)
(0.0045365675 7.4972461e-05 0)
(0.0045434822 6.9356736e-05 0)
(0.0045498519 6.4100402e-05 0)
(0.0045557149 5.9187019e-05 0)
(0.0045611071 5.4600023e-05 0)
(0.0045660627 5.0322891e-05 0)
(0.0045706132 4.6339274e-05 0)
(0.0045747886 4.2633116e-05 0)
(0.0045786168 3.9188737e-05 0)
(0.0045821236 3.5990907e-05 0)
(0.0045853336 3.30249e-05 0)
(0.0045882694 3.0276533e-05 0)
(0.0045909521 2.7732197e-05 0)
(0.0045934014 2.5378874e-05 0)
(0.0045956357 2.3204148e-05 0)
(0.004597672 2.1196206e-05 0)
(0.004599526 1.9343838e-05 0)
(0.0046012125 1.7636427e-05 0)
(0.004602745 1.6063937e-05 0)
(0.0046041362 1.4616902e-05 0)
(0.0046053977 1.3286406e-05 0)
(0.0046065404 1.2064064e-05 0)
(0.0046075741 1.0942004e-05 0)
(0.0046085081 9.9128441e-06 0)
(0.0046093509 8.9696712e-06 0)
(0.0046101105 8.1060203e-06 0)
(0.0046107939 7.3158515e-06 0)
(0.0046114079 6.5935282e-06 0)
(0.0046119586 5.9337963e-06 0)
(0.0046124516 5.3317631e-06 0)
(0.0046128923 4.7828763e-06 0)
(0.0046132852 4.2829049e-06 0)
(0.0046136348 3.82792e-06 0)
(0.0046139451 3.4142761e-06 0)
(0.0046142198 3.0385939e-06 0)
(0.0046144623 2.6977433e-06 0)
(0.0046146756 2.3888275e-06 0)
(0.0046148626 2.1091676e-06 0)
(0.0046150258 1.8562883e-06 0)
(0.0046151676 1.6279042e-06 0)
(0.0046152901 1.4219068e-06 0)
(0.0046153954 1.2363524e-06 0)
(0.0046154852 1.0694503e-06 0)
(0.004615561 9.195522e-07 0)
(0.0046156245 7.8514217e-07 0)
(0.0046156769 6.6482675e-07 0)
(0.0046157194 5.5732616e-07 0)
(0.0046157533 4.614659e-07 0)
(0.0046157793 3.7616892e-07 0)
(0.0046157986 3.0044823e-07 0)
(0.0046158118 2.334001e-07 0)
(0.0046158197 1.7419766e-07 0)
(0.0046158231 1.2208493e-07 0)
(0.0046158224 7.6371314e-08 0)
(0.0046158183 3.6426438e-08 0)
(0.0046158112 1.6753444e-09 0)
(0.0046158016 -2.8405936e-08 0)
(0.0046157898 -5.4294516e-08 0)
(0.0046157762 -7.642447e-08 0)
(0.0046157611 -9.5190382e-08 0)
(0.0046157448 -1.1095062e-07 0)
(0.0046157275 -1.2403037e-07 0)
(0.0046157095 -1.3472443e-07 0)
(0.0046156909 -1.432998e-07 0)
(0.0046156719 -1.4999807e-07 0)
(0.0046156528 -1.5503763e-07 0)
(0.0046156335 -1.5861565e-07 0)
(0.0046156142 -1.6091001e-07 0)
(0.004615595 -1.6208096e-07 0)
(0.0046155761 -1.6227271e-07 0)
(0.0046155574 -1.6161491e-07 0)
(0.004615539 -1.6022391e-07 0)
(0.004615521 -1.5820404e-07 0)
(0.0046155035 -1.5564869e-07 0)
(0.0046154865 -1.5264132e-07 0)
(0.0046154699 -1.4925643e-07 0)
(0.0046154539 -1.4556037e-07 0)
(0.0046154384 -1.4161214e-07 0)
(0.0046154234 -1.3746409e-07 0)
(0.0046154091 -1.3316256e-07 0)
(0.0046153952 -1.2874849e-07 0)
(0.004615382 -1.2425793e-07 0)
(0.0046153693 -1.1972254e-07 0)
(0.0046153572 -1.1517001e-07 0)
(0.0046153457 -1.1062449e-07 0)
(0.0046153347 -1.0610695e-07 0)
(0.0046153243 -1.0163547e-07 0)
(0.0046153143 -9.7225592e-08 0)
(0.0046153049 -9.2890543e-08 0)
(0.004615296 -8.8641511e-08 0)
(0.0046152876 -8.4487846e-08 0)
(0.0046152797 -8.0437266e-08 0)
(0.0046152722 -7.6496035e-08 0)
(0.0046152651 -7.2669122e-08 0)
(0.0046152585 -6.8960349e-08 0)
(0.0046152523 -6.5372521e-08 0)
(0.0046152465 -6.190754e-08 0)
(0.0046152411 -5.8566519e-08 0)
(0.004615236 -5.5349867e-08 0)
(0.0046152312 -5.2257382e-08 0)
(0.0046152268 -4.9288325e-08 0)
(0.0046152228 -4.6441486e-08 0)
(0.004615219 -4.371525e-08 0)
(0.0046152154 -4.1107649e-08 0)
(0.0046152122 -3.8616412e-08 0)
(0.0046152092 -3.623901e-08 0)
(0.0046152065 -3.3972693e-08 0)
(0.0046152039 -3.1814528e-08 0)
(0.0046152016 -2.9761428e-08 0)
(0.0046151995 -2.7810179e-08 0)
(0.0046151976 -2.5957468e-08 0)
(0.0046151958 -2.4199902e-08 0)
(0.0046151942 -2.2534026e-08 0)
(0.0046151928 -2.0956342e-08 0)
(0.0046151915 -1.9463325e-08 0)
(0.0046151903 -1.8051431e-08 0)
(0.0046151893 -1.6717112e-08 0)
(0.0046151884 -1.5456826e-08 0)
(0.0046151875 -1.4267042e-08 0)
(0.0046151868 -1.3144247e-08 0)
(0.0046151862 -1.2084956e-08 0)
(0.0046151857 -1.1085713e-08 0)
(0.0046151852 -1.0143097e-08 0)
(0.0046151848 -9.2537234e-09 0)
(0.0046151845 -8.4142507e-09 0)
(0.0046151842 -7.6213803e-09 0)
(0.004615184 -6.8718607e-09 0)
(0.0046151839 -6.1624903e-09 0)
(0.0046151838 -5.4901212e-09 0)
(0.0046151837 -4.8516629e-09 0)
(0.0046151837 -4.2440886e-09 0)
(0.0046151837 -3.6644418e-09 0)
(0.0046151838 -3.109846e-09 0)
(0.0046151839 -2.5775168e-09 0)
(0.004615184 -2.0647778e-09 0)
(0.0046151842 -1.5690814e-09 0)
(0.0046151844 -1.0880362e-09 0)
(0.0046151847 -6.19441e-10 0)
(0.0046151849 -1.613306e-10 0)
(0.0046151852 2.8796695e-10 0)
(0.0046151856 7.297557e-10 0)
(0.0046151859 1.1648761e-09 0)
(0.0046151863 1.5935819e-09 0)
(0.0046151867 2.015381e-09 0)
(0.0046151872 2.428831e-09 0)
(0.0046151877 2.8312736e-09 0)
(0.0046151882 3.2184935e-09 0)
(0.0046151887 3.5842724e-09 0)
(0.0046151893 3.9197793e-09 0)
(0.0046151899 4.2128716e-09 0)
(0.0046151905 4.4474729e-09 0)
(0.004615191 4.6032543e-09 0)
(0.004615192 4.6258039e-09 0)
(0.0032282627 1.5723974e-05 0)
(0.0032332979 4.7499666e-05 0)
(0.0032437657 7.9166534e-05 0)
(0.0032594489 0.00011025377 0)
(0.0032800503 0.00014031957 0)
(0.0033053003 0.00016895367 0)
(0.003334848 0.00019578991 0)
(0.0033682824 0.00022051594 0)
(0.0034051514 0.00024287953 0)
(0.0034449756 0.00026269203 0)
(0.0034872619 0.00027982889 0)
(0.0035315167 0.00029422767 0)
(0.0035772576 0.00030588393 0)
(0.0036240233 0.00031484542 0)
(0.0036713807 0.00032120508 0)
(0.0037189315 0.00032509346 0)
(0.0037663158 0.00032667088 0)
(0.003813214 0.00032611981 0)
(0.0038593478 0.00032363761 0)
(0.0039044797 0.00031943002 0)
(0.0039484112 0.00031370547 0)
(0.0039909808 0.00030667016 0)
(0.0040320611 0.00029852411 0)
(0.0040715557 0.00028945807 0)
(0.0041093961 0.00027965113 0)
(0.0041455384 0.00026926914 0)
(0.00417996 0.0002584637 0)
(0.0042126568 0.00024737168 0)
(0.0042436402 0.00023611517 0)
(0.0042729347 0.00022480178 0)
(0.0043005755 0.00021352519 0)
(0.0043266063 0.00020236593 0)
(0.0043510773 0.00019139221 0)
(0.0043740443 0.00018066091 0)
(0.0043955663 0.0001702186 0)
(0.0044157053 0.00016010252 0)
(0.0044345245 0.00015034158 0)
(0.0044520878 0.00014095735 0)
(0.0044684592 0.0001319649 0)
(0.0044837019 0.00012337372 0)
(0.0044978782 0.00011518844 0)
(0.0045110488 0.00010740957 0)
(0.0045232726 0.00010003417 0)
(0.0045346066 9.3056398e-05 0)
(0.0045451057 8.6468035e-05 0)
(0.0045548225 8.0258954e-05 0)
(0.0045638072 7.4417521e-05 0)
(0.0045721077 6.893094e-05 0)
(0.0045797695 6.3785563e-05 0)
(0.0045868358 5.896715e-05 0)
(0.0045933474 5.4461092e-05 0)
(0.004599343 5.0252604e-05 0)
(0.0046048588 4.6326879e-05 0)
(0.0046099291 4.2669222e-05 0)
(0.0046145861 3.926516e-05 0)
(0.0046188599 3.6100527e-05 0)
(0.0046227787 3.3161536e-05 0)
(0.0046263691 3.0434832e-05 0)
(0.0046296558 2.7907535e-05 0)
(0.0046326619 2.5567267e-05 0)
(0.004635409 2.3402174e-05 0)
(0.0046379171 2.1400938e-05 0)
(0.0046402049 1.9552779e-05 0)
(0.0046422898 1.784746e-05 0)
(0.004644188 1.6275278e-05 0)
(0.0046459145 1.4827054e-05 0)
(0.0046474832 1.3494123e-05 0)
(0.004648907 1.2268322e-05 0)
(0.0046501978 1.1141968e-05 0)
(0.0046513668 1.0107844e-05 0)
(0.0046524241 9.1591813e-06 0)
(0.0046533792 8.2896368e-06 0)
(0.0046542408 7.4932769e-06 0)
(0.0046550169 6.7645561e-06 0)
(0.0046557151 6.0982977e-06 0)
(0.0046563421 5.4896748e-06 0)
(0.0046569042 4.9341908e-06 0)
(0.0046574072 4.4276614e-06 0)
(0.0046578565 3.9661965e-06 0)
(0.004658257 3.5461828e-06 0)
(0.004658613 3.1642671e-06 0)
(0.0046589288 2.8173401e-06 0)
(0.0046592082 2.5025216e-06 0)
(0.0046594545 2.2171453e-06 0)
(0.004659671 1.9587452e-06 0)
(0.0046598605 1.7250422e-06 0)
(0.0046600258 1.5139317e-06 0)
(0.0046601691 1.3234718e-06 0)
(0.0046602928 1.1518719e-06 0)
(0.0046603988 9.9748241e-07 0)
(0.0046604889 8.5878457e-07 0)
(0.0046605649 7.3438123e-07 0)
(0.0046606282 6.2298811e-07 0)
(0.0046606802 5.2342548e-07 0)
(0.0046607222 4.3461056e-07 0)
(0.0046607553 3.5555023e-07 0)
(0.0046607805 2.8533433e-07 0)
(0.0046607987 2.2312936e-07 0)
(0.0046608109 1.6817263e-07 0)
(0.0046608176 1.1976675e-07 0)
(0.0046608198 7.7274554e-08 0)
(0.0046608178 4.0114391e-08 0)
(0.0046608124 7.7556748e-09 0)
(0.004660804 -2.0285178e-08 0)
(0.004660793 -4.4448552e-08 0)
(0.0046607798 -6.5135152e-08 0)
(0.0046607648 -8.2709261e-08 0)
(0.0046607484 -9.7501763e-08 0)
(0.0046607308 -1.0981293e-07 0)
(0.0046607122 -1.19915e-07 0)
(0.0046606929 -1.2805456e-07 0)
(0.004660673 -1.3445476e-07 0)
(0.0046606528 -1.3931731e-07 0)
(0.0046606324 -1.4282436e-07 0)
(0.004660612 -1.4514024e-07 0)
(0.0046605916 -1.46413e-07 0)
(0.0046605713 -1.4677589e-07 0)
(0.0046605513 -1.463487e-07 0)
(0.0046605316 -1.4523895e-07 0)
(0.0046605122 -1.4354305e-07 0)
(0.0046604933 -1.4134728e-07 0)
(0.0046604749 -1.3872881e-07 0)
(0.004660457 -1.3575647e-07 0)
(0.0046604396 -1.3249159e-07 0)
(0.0046604228 -1.2898871e-07 0)
(0.0046604066 -1.2529621e-07 0)
(0.0046603909 -1.2145694e-07 0)
(0.0046603759 -1.1750874e-07 0)
(0.0046603614 -1.1348496e-07 0)
(0.0046603476 -1.0941485e-07 0)
(0.0046603344 -1.0532406e-07 0)
(0.0046603217 -1.0123492e-07 0)
(0.0046603097 -9.7166824e-08 0)
(0.0046602982 -9.3136536e-08 0)
(0.0046602873 -8.9158447e-08 0)
(0.004660277 -8.524483e-08 0)
(0.0046602672 -8.1406068e-08 0)
(0.0046602579 -7.7650858e-08 0)
(0.0046602492 -7.3986391e-08 0)
(0.0046602409 -7.0418519e-08 0)
(0.0046602331 -6.6951904e-08 0)
(0.0046602258 -6.3590153e-08 0)
(0.004660219 -6.033594e-08 0)
(0.0046602125 -5.719111e-08 0)
(0.0046602065 -5.4156782e-08 0)
(0.0046602009 -5.1233434e-08 0)
(0.0046601956 -4.842098e-08 0)
(0.0046601907 -4.5718846e-08 0)
(0.0046601861 -4.3126027e-08 0)
(0.0046601819 -4.0641147e-08 0)
(0.004660178 -3.8262509e-08 0)
(0.0046601744 -3.598814e-08 0)
(0.004660171 -3.3815829e-08 0)
(0.0046601679 -3.1743169e-08 0)
(0.0046601651 -2.9767581e-08 0)
(0.0046601625 -2.7886349e-08 0)
(0.0046601601 -2.6096642e-08 0)
(0.0046601579 -2.4395536e-08 0)
(0.0046601559 -2.2780034e-08 0)
(0.0046601541 -2.1247085e-08 0)
(0.0046601525 -1.9793596e-08 0)
(0.004660151 -1.8416447e-08 0)
(0.0046601497 -1.7112503e-08 0)
(0.0046601485 -1.5878623e-08 0)
(0.0046601474 -1.4711666e-08 0)
(0.0046601465 -1.3608503e-08 0)
(0.0046601456 -1.256602e-08 0)
(0.0046601449 -1.1581124e-08 0)
(0.0046601443 -1.0650744e-08 0)
(0.0046601437 -9.7718423e-09 0)
(0.0046601433 -8.9414087e-09 0)
(0.0046601429 -8.1564691e-09 0)
(0.0046601426 -7.4140857e-09 0)
(0.0046601423 -6.7113597e-09 0)
(0.0046601421 -6.0454342e-09 0)
(0.004660142 -5.4134969e-09 0)
(0.0046601419 -4.8127843e-09 0)
(0.0046601418 -4.2405865e-09 0)
(0.0046601418 -3.6942532e-09 0)
(0.0046601419 -3.1712028e-09 0)
(0.004660142 -2.6689329e-09 0)
(0.0046601421 -2.185035e-09 0)
(0.0046601423 -1.7172133e-09 0)
(0.0046601425 -1.2633094e-09 0)
(0.0046601427 -8.2133386e-10 0)
(0.004660143 -3.8950719e-10 0)
(0.0046601433 3.3686859e-11 0)
(0.0046601436 4.4943326e-10 0)
(0.004660144 8.5849754e-10 0)
(0.0046601444 1.2611122e-09 0)
(0.0046601449 1.6568299e-09 0)
(0.0046601454 2.0443336e-09 0)
(0.0046601459 2.4211903e-09 0)
(0.0046601464 2.783533e-09 0)
(0.004660147 3.1256442e-09 0)
(0.0046601476 3.4393852e-09 0)
(0.0046601483 3.7135395e-09 0)
(0.0046601489 3.9332215e-09 0)
(0.0046601495 4.079564e-09 0)
(0.0046601505 4.1020914e-09 0)
(0.0032282515 1.3682522e-05 0)
(0.003233095 4.1355875e-05 0)
(0.0032431811 6.8967431e-05 0)
(0.0032583201 9.6115836e-05 0)
(0.0032782491 0.00012242288 0)
(0.003302734 0.00014753537 0)
(0.0033314636 0.00017113573 0)
(0.0033640682 0.00019295041 0)
(0.0034001368 0.00021275548 0)
(0.0034392284 0.00023037997 0)
(0.0034808847 0.00024570686 0)
(0.0035246418 0.00025867186 0)
(0.0035700412 0.0002692605 0)
(0.0036166389 0.00027750355 0)
(0.0036640132 0.00028347158 0)
(0.0037117711 0.00028726872 0)
(0.0037595519 0.00028902621 0)
(0.0038070308 0.00028889593 0)
(0.00385392 0.0002870443 0)
(0.0038999691 0.00028364656 0)
(0.0039449644 0.00027888179 0)
(0.0039887271 0.00027292851 0)
(0.004031112 0.00026596114 0)
(0.0040720042 0.00025814701 0)
(0.004111317 0.00024964424 0)
(0.0041489887 0.00024060005 0)
(0.0041849802 0.00023114977 0)
(0.0042192716 0.00022141623 0)
(0.0042518602 0.00021150957 0)
(0.0042827577 0.00020152739 0)
(0.0043119878 0.00019155511 0)
(0.0043395844 0.00018166656 0)
(0.0043655894 0.00017192466 0)
(0.0043900513 0.00016238224 0)
(0.0044130235 0.00015308287 0)
(0.0044345632 0.00014406172 0)
(0.0044547301 0.00013534643 0)
(0.0044735855 0.00012695792 0)
(0.0044911916 0.00011891121 0)
(0.0045076107 0.00011121619 0)
(0.0045229046 0.00010387825 0)
(0.0045371343 9.6898981e-05 0)
(0.0045503594 9.0276752e-05 0)
(0.0045626379 8.400721e-05 0)
(0.0045740261 7.8083776e-05 0)
(0.0045845781 7.2498051e-05 0)
(0.004594346 6.7240193e-05 0)
(0.0046033798 6.2299237e-05 0)
(0.004611727 5.766338e-05 0)
(0.0046194328 5.3320217e-05 0)
(0.0046265405 4.9256956e-05 0)
(0.0046330906 4.5460591e-05 0)
(0.0046391218 4.1918055e-05 0)
(0.0046446705 3.8616336e-05 0)
(0.004649771 3.5542591e-05 0)
(0.0046544554 3.2684219e-05 0)
(0.004658754 3.0028935e-05 0)
(0.0046626953 2.756482e-05 0)
(0.0046663058 2.5280361e-05 0)
(0.0046696105 2.316448e-05 0)
(0.0046726325 2.1206559e-05 0)
(0.0046753936 1.9396447e-05 0)
(0.0046779139 1.7724469e-05 0)
(0.0046802123 1.6181427e-05 0)
(0.0046823064 1.47586e-05 0)
(0.0046842124 1.3447731e-05 0)
(0.0046859454 1.2241023e-05 0)
(0.0046875195 1.1131121e-05 0)
(0.0046889476 1.0111106e-05 0)
(0.0046902419 9.1744716e-06 0)
(0.0046914135 8.3151143e-06 0)
(0.0046924727 7.5273127e-06 0)
(0.004693429 6.8057121e-06 0)
(0.0046942913 6.1453068e-06 0)
(0.0046950676 5.5414227e-06 0)
(0.0046957655 4.9897e-06 0)
(0.0046963918 4.4860766e-06 0)
(0.0046969529 4.0267715e-06 0)
(0.0046974546 3.6082687e-06 0)
(0.0046979023 3.2273017e-06 0)
(0.004698301 2.8808385e-06 0)
(0.0046986551 2.5660672e-06 0)
(0.0046989688 2.2803826e-06 0)
(0.0046992459 2.0213726e-06 0)
(0.00469949 1.7868057e-06 0)
(0.0046997041 1.5746197e-06 0)
(0.0046998912 1.3829095e-06 0)
(0.004700054 1.2099174e-06 0)
(0.0047001949 1.0540222e-06 0)
(0.0047003161 9.1373019e-07 0)
(0.0047004197 7.8766608e-07 0)
(0.0047005074 6.7456444e-07 0)
(0.0047005809 5.7326194e-07 0)
(0.0047006419 4.8268987e-07 0)
(0.0047006916 4.0186719e-07 0)
(0.0047007313 3.2989401e-07 0)
(0.0047007622 2.6594553e-07 0)
(0.0047007852 2.0926634e-07 0)
(0.0047008013 1.5916512e-07 0)
(0.0047008114 1.1500968e-07 0)
(0.0047008162 7.6222396e-08 0)
(0.0047008164 4.2275888e-08 0)
(0.0047008126 1.2689054e-08 0)
(0.0047008054 -1.2976631e-08 0)
(0.0047007953 -3.5120548e-08 0)
(0.0047007826 -5.4106122e-08 0)
(0.0047007678 -7.0263766e-08 0)
(0.0047007514 -8.3893615e-08 0)
(0.0047007334 -9.5268055e-08 0)
(0.0047007144 -1.0463406e-07 0)
(0.0047006945 -1.1221533e-07 0)
(0.0047006739 -1.1821431e-07 0)
(0.0047006528 -1.2281401e-07 0)
(0.0047006314 -1.2617971e-07 0)
(0.0047006099 -1.2846048e-07 0)
(0.0047005884 -1.2979065e-07 0)
(0.004700567 -1.3029112e-07 0)
(0.0047005458 -1.3007057e-07 0)
(0.0047005249 -1.2922654e-07 0)
(0.0047005043 -1.2784649e-07 0)
(0.0047004842 -1.2600871e-07 0)
(0.0047004645 -1.2378318e-07 0)
(0.0047004453 -1.2123234e-07 0)
(0.0047004268 -1.1841181e-07 0)
(0.0047004087 -1.1537106e-07 0)
(0.0047003913 -1.1215395e-07 0)
(0.0047003745 -1.0879936e-07 0)
(0.0047003584 -1.0534159e-07 0)
(0.0047003428 -1.0181086e-07 0)
(0.0047003279 -9.8233719e-08 0)
(0.0047003137 -9.4633403e-08 0)
(0.0047003 -9.1030172e-08 0)
(0.004700287 -8.7441617e-08 0)
(0.0047002746 -8.3882939e-08 0)
(0.0047002629 -8.0367199e-08 0)
(0.0047002517 -7.6905542e-08 0)
(0.0047002411 -7.3507404e-08 0)
(0.004700231 -7.0180697e-08 0)
(0.0047002215 -6.6931974e-08 0)
(0.0047002126 -6.376658e-08 0)
(0.0047002041 -6.068879e-08 0)
(0.0047001961 -5.7701928e-08 0)
(0.0047001887 -5.4808477e-08 0)
(0.0047001817 -5.2010179e-08 0)
(0.0047001751 -4.9308122e-08 0)
(0.0047001689 -4.6702822e-08 0)
(0.0047001632 -4.4194289e-08 0)
(0.0047001578 -4.1782096e-08 0)
(0.0047001529 -3.9465435e-08 0)
(0.0047001482 -3.7243163e-08 0)
(0.0047001439 -3.5113857e-08 0)
(0.0047001399 -3.3075842e-08 0)
(0.0047001363 -3.112724e-08 0)
(0.0047001329 -2.9265993e-08 0)
(0.0047001297 -2.7489893e-08 0)
(0.0047001269 -2.5796611e-08 0)
(0.0047001242 -2.4183717e-08 0)
(0.0047001218 -2.2648697e-08 0)
(0.0047001196 -2.1188976e-08 0)
(0.0047001176 -1.9801926e-08 0)
(0.0047001158 -1.8484886e-08 0)
(0.0047001141 -1.7235169e-08 0)
(0.0047001127 -1.6050072e-08 0)
(0.0047001113 -1.4926888e-08 0)
(0.0047001101 -1.3862909e-08 0)
(0.0047001091 -1.2855434e-08 0)
(0.0047001081 -1.1901774e-08 0)
(0.0047001073 -1.0999256e-08 0)
(0.0047001066 -1.0145226e-08 0)
(0.0047001059 -9.3370545e-09 0)
(0.0047001054 -8.5721346e-09 0)
(0.0047001049 -7.8478877e-09 0)
(0.0047001046 -7.1617638e-09 0)
(0.0047001042 -6.5112441e-09 0)
(0.004700104 -5.8938429e-09 0)
(0.0047001038 -5.3071103e-09 0)
(0.0047001037 -4.7486354e-09 0)
(0.0047001036 -4.2160505e-09 0)
(0.0047001036 -3.707037e-09 0)
(0.0047001036 -3.2193322e-09 0)
(0.0047001037 -2.75074e-09 0)
(0.0047001038 -2.299143e-09 0)
(0.004700104 -1.8625197e-09 0)
(0.0047001042 -1.4389666e-09 0)
(0.0047001044 -1.0267264e-09 0)
(0.0047001047 -6.2422534e-10 0)
(0.004700105 -2.3012057e-10 0)
(0.0047001054 1.5663784e-10 0)
(0.0047001058 5.3672732e-10 0)
(0.0047001062 9.1034972e-10 0)
(0.0047001067 1.2770978e-09 0)
(0.0047001072 1.6357823e-09 0)
(0.0047001077 1.9842069e-09 0)
(0.0047001083 2.3188774e-09 0)
(0.0047001089 2.6346187e-09 0)
(0.0047001096 2.9240513e-09 0)
(0.0047001103 3.1769841e-09 0)
(0.004700111 3.3798611e-09 0)
(0.0047001116 3.5154762e-09 0)
(0.0047001127 3.5378305e-09 0)
(0.0032282419 1.1715201e-05 0)
(0.003232922 3.542657e-05 0)
(0.003242682 5.9109198e-05 0)
(0.0032573547 8.2425601e-05 0)
(0.0032767055 0.00010505662 0)
(0.0033005298 0.0001267028 0)
(0.0033285494 0.00014709317 0)
(0.0033604294 0.00016599243 0)
(0.0033957933 0.0001832058 0)
(0.003434233 0.00019858209 0)
(0.0034753204 0.00021201488 0)
(0.0035186176 0.00022344192 0)
(0.0035636875 0.000232843 0)
(0.0036101022 0.00024023651 0)
(0.003657451 0.00024567515 0)
(0.0037053464 0.00024924093 0)
(0.0037534289 0.00025103988 0)
(0.0038013701 0.00025119673 0)
(0.0038488752 0.00024984975 0)
(0.0038956837 0.00024714593 0)
(0.0039415693 0.00024323663 0)
(0.0039863394 0.00023827382 0)
(0.0040298333 0.00023240686 0)
(0.0040719205 0.0002257799 0)
(0.0041124986 0.00021852984 0)
(0.0041514905 0.00021078481 0)
(0.0041888424 0.00020266314 0)
(0.0042245205 0.00019427274 0)
(0.0042585096 0.00018571081 0)
(0.0042908096 0.00017706388 0)
(0.0043214341 0.00016840803 0)
(0.0043504078 0.00015980932 0)
(0.0043777649 0.00015132436 0)
(0.0044035473 0.00014300093 0)
(0.0044278028 0.00013487868 0)
(0.0044505843 0.00012698987 0)
(0.0044719479 0.00011936008 0)
(0.0044919525 0.00011200893 0)
(0.0045106583 0.00010495076 0)
(0.0045281265 9.819531e-05 0)
(0.0045444183 9.1748293e-05 0)
(0.0045595948 8.5611979e-05 0)
(0.0045737159 7.9785706e-05 0)
(0.0045868404 7.4266346e-05 0)
(0.0045990256 6.9048726e-05 0)
(0.0046103271 6.4125999e-05 0)
(0.0046207984 5.9489979e-05 0)
(0.0046304911 5.5131427e-05 0)
(0.0046394546 5.1040309e-05 0)
(0.004647736 4.7206012e-05 0)
(0.0046553803 4.3617535e-05 0)
(0.0046624302 4.0263649e-05 0)
(0.004668926 3.7133031e-05 0)
(0.0046749062 3.4214383e-05 0)
(0.0046804068 3.149652e-05 0)
(0.0046854619 2.8968452e-05 0)
(0.0046901036 2.6619443e-05 0)
(0.0046943619 2.4439065e-05 0)
(0.0046982652 2.2417228e-05 0)
(0.0047018399 2.0544217e-05 0)
(0.0047051106 1.8810707e-05 0)
(0.0047081006 1.7207777e-05 0)
(0.0047108315 1.5726919e-05 0)
(0.0047133233 1.4360037e-05 0)
(0.0047155948 1.3099449e-05 0)
(0.0047176634 1.193788e-05 0)
(0.0047195454 1.0868454e-05 0)
(0.0047212558 9.8846852e-06 0)
(0.0047228085 8.9804656e-06 0)
(0.0047242165 8.1500525e-06 0)
(0.0047254919 7.3880546e-06 0)
(0.0047266456 6.6894176e-06 0)
(0.004727688 6.0494095e-06 0)
(0.0047286285 5.4636052e-06 0)
(0.0047294758 4.9278718e-06 0)
(0.0047302381 4.4383535e-06 0)
(0.0047309228 3.9914568e-06 0)
(0.0047315367 3.5838361e-06 0)
(0.0047320862 3.2123799e-06 0)
(0.004732577 2.8741966e-06 0)
(0.0047330145 2.5666022e-06 0)
(0.0047334035 2.2871068e-06 0)
(0.0047337486 2.0334031e-06 0)
(0.0047340539 1.8033546e-06 0)
(0.004734323 1.5949848e-06 0)
(0.0047345596 1.4064662e-06 0)
(0.0047347668 1.236111e-06 0)
(0.0047349474 1.0823613e-06 0)
(0.004735104 9.4378027e-07 0)
(0.0047352392 8.1904393e-07 0)
(0.004735355 7.0693295e-07 0)
(0.0047354535 6.0632541e-07 0)
(0.0047355365 5.1618978e-07 0)
(0.0047356057 4.3557831e-07 0)
(0.0047356625 3.6362093e-07 0)
(0.0047357084 2.9951948e-07 0)
(0.0047357445 2.4254231e-07 0)
(0.0047357719 1.9201928e-07 0)
(0.0047357918 1.4733705e-07 0)
(0.004735805 1.0793472e-07 0)
(0.0047358123 7.3299744e-08 0)
(0.0047358145 4.2964136e-08 0)
(0.0047358123 1.6500953e-08 0)
(0.0047358063 -6.4789865e-09 0)
(0.0047357969 -2.6330141e-08 0)
(0.0047357848 -4.3375065e-08 0)
(0.0047357703 -5.7907025e-08 0)
(0.0047357538 -7.0192419e-08 0)
(0.0047357357 -8.0473016e-08 0)
(0.0047357163 -8.8968024e-08 0)
(0.0047356959 -9.5876005e-08 0)
(0.0047356747 -1.0137664e-07 0)
(0.0047356528 -1.0563235e-07 0)
(0.0047356306 -1.0878981e-07 0)
(0.0047356082 -1.1098132e-07 0)
(0.0047355857 -1.1232608e-07 0)
(0.0047355633 -1.1293134e-07 0)
(0.0047355411 -1.1289353e-07 0)
(0.0047355191 -1.1229916e-07 0)
(0.0047354974 -1.1122581e-07 0)
(0.0047354762 -1.097429e-07 0)
(0.0047354554 -1.0791245e-07 0)
(0.0047354352 -1.0578983e-07 0)
(0.0047354155 -1.0342432e-07 0)
(0.0047353964 -1.0085975e-07 0)
(0.004735378 -9.8134974e-08 0)
(0.0047353601 -9.5284408e-08 0)
(0.004735343 -9.2338426e-08 0)
(0.0047353264 -8.9323781e-08 0)
(0.0047353106 -8.6263959e-08 0)
(0.0047352954 -8.3179515e-08 0)
(0.0047352809 -8.008837e-08 0)
(0.004735267 -7.7006081e-08 0)
(0.0047352538 -7.3946093e-08 0)
(0.0047352412 -7.0919957e-08 0)
(0.0047352293 -6.7937532e-08 0)
(0.0047352179 -6.500717e-08 0)
(0.0047352072 -6.2135879e-08 0)
(0.004735197 -5.9329471e-08 0)
(0.0047351874 -5.6592695e-08 0)
(0.0047351784 -5.3929362e-08 0)
(0.0047351699 -5.1342446e-08 0)
(0.0047351618 -4.883419e-08 0)
(0.0047351543 -4.6406185e-08 0)
(0.0047351472 -4.4059453e-08 0)
(0.0047351406 -4.1794518e-08 0)
(0.0047351345 -3.9611467e-08 0)
(0.0047351287 -3.7510004e-08 0)
(0.0047351233 -3.5489506e-08 0)
(0.0047351183 -3.3549061e-08 0)
(0.0047351137 -3.1687514e-08 0)
(0.0047351094 -2.9903499e-08 0)
(0.0047351054 -2.8195469e-08 0)
(0.0047351017 -2.6561728e-08 0)
(0.0047350983 -2.5000453e-08 0)
(0.0047350952 -2.3509715e-08 0)
(0.0047350923 -2.20875e-08 0)
(0.0047350897 -2.0731726e-08 0)
(0.0047350873 -1.9440254e-08 0)
(0.0047350851 -1.8210905e-08 0)
(0.0047350831 -1.7041469e-08 0)
(0.0047350813 -1.5929715e-08 0)
(0.0047350797 -1.4873398e-08 0)
(0.0047350782 -1.3870267e-08 0)
(0.0047350769 -1.2918072e-08 0)
(0.0047350758 -1.2014564e-08 0)
(0.0047350747 -1.1157506e-08 0)
(0.0047350738 -1.0344669e-08 0)
(0.004735073 -9.5738423e-09 0)
(0.0047350723 -8.842828e-09 0)
(0.0047350717 -8.1494481e-09 0)
(0.0047350711 -7.4915442e-09 0)
(0.0047350707 -6.866979e-09 0)
(0.0047350704 -6.2736377e-09 0)
(0.0047350701 -5.70943e-09 0)
(0.0047350699 -5.1722919e-09 0)
(0.0047350697 -4.6601884e-09 0)
(0.0047350696 -4.1711171e-09 0)
(0.0047350696 -3.7031132e-09 0)
(0.0047350696 -3.2542556e-09 0)
(0.0047350696 -2.8226754e-09 0)
(0.0047350697 -2.4065676e-09 0)
(0.0047350699 -2.0042053e-09 0)
(0.0047350701 -1.6139597e-09 0)
(0.0047350703 -1.2343246e-09 0)
(0.0047350706 -8.6394934e-10 0)
(0.0047350709 -5.0168116e-10 0)
(0.0047350713 -1.466196e-10 0)
(0.0047350717 2.0181254e-10 0)
(0.0047350722 5.4377759e-10 0)
(0.0047350727 8.7890405e-10 0)
(0.0047350732 1.206132e-09 0)
(0.0047350738 1.5235122e-09 0)
(0.0047350744 1.8279445e-09 0)
(0.004735075 2.1148346e-09 0)
(0.0047350757 2.3776212e-09 0)
(0.0047350764 2.6072296e-09 0)
(0.0047350772 2.7915672e-09 0)
(0.0047350778 2.9152496e-09 0)
(0.004735079 2.9372794e-09 0)
(0.0032282339 9.8105672e-06 0)
(0.003232777 2.967898e-05 0)
(0.0032422632 4.9540386e-05 0)
(0.0032565433 6.9116543e-05 0)
(0.003275406 8.8143536e-05 0)
(0.0032986706 0.00010637274 0)
(0.0033260862 0.00012357806 0)
(0.0033573464 0.0001395618 0)
(0.0033921034 0.00015415881 0)
(0.0034299771 0.00016723923 0)
(0.0034705645 0.00017870963 0)
(0.0035134502 0.00018851285 0)
(0.0035582157 0.00019662645 0)
(0.0036044476 0.0002030602 0)
(0.0036517451 0.0002078527 0)
(0.0036997267 0.00021106745 0)
(0.0037480345 0.00021278864 0)
(0.0037963381 0.00021311678 0)
(0.0038443377 0.00021216453 0)
(0.0038917649 0.00021005261 0)
(0.0039383835 0.00020690625 0)
(0.0039839892 0.00020285191 0)
(0.004028409 0.00019801458 0)
(0.0040714992 0.00019251545 0)
(0.004113144 0.00018647018 0)
(0.0041532533 0.00017998747 0)
(0.0041917605 0.00017316811 0)
(0.0042286202 0.00016610441 0)
(0.0042638058 0.00015887982 0)
(0.0042973073 0.00015156892 0)
(0.004329129 0.00014423755 0)
(0.0043592877 0.00013694309 0)
(0.0043878106 0.00012973494 0)
(0.0044147335 0.00012265498 0)
(0.0044400994 0.00011573813 0)
(0.004463957 0.00010901299 0)
(0.0044863592 0.0001025024 0)
(0.0045073623 9.622405e-05 0)
(0.0045270249 9.019107e-05 0)
(0.0045454069 8.441256e-05 0)
(0.004562569 7.8894127e-05 0)
(0.0045785718 7.3638357e-05 0)
(0.0045934756 6.8645258e-05 0)
(0.0046073399 6.3912667e-05 0)
(0.0046202226 5.9436605e-05 0)
(0.0046321804 5.5211609e-05 0)
(0.0046432682 5.1231011e-05 0)
(0.0046535388 4.7487199e-05 0)
(0.0046630431 4.3971835e-05 0)
(0.0046718298 4.0676048e-05 0)
(0.0046799455 3.7590599e-05 0)
(0.0046874345 3.4706022e-05 0)
(0.0046943389 3.2012748e-05 0)
(0.0047006987 2.9501202e-05 0)
(0.0047065515 2.7161886e-05 0)
(0.004711933 2.4985453e-05 0)
(0.0047168768 2.2962759e-05 0)
(0.0047214145 2.1084907e-05 0)
(0.0047255758 1.9343283e-05 0)
(0.0047293885 1.7729583e-05 0)
(0.0047328787 1.6235829e-05 0)
(0.0047360707 1.4854384e-05 0)
(0.0047389873 1.3577957e-05 0)
(0.0047416498 1.2399609e-05 0)
(0.004744078 1.131275e-05 0)
(0.0047462903 1.0311137e-05 0)
(0.004748304 9.3888666e-06 0)
(0.0047501348 8.5403668e-06 0)
(0.0047517977 7.7603895e-06 0)
(0.0047533063 7.0439985e-06 0)
(0.0047546734 6.3865581e-06 0)
(0.0047559108 5.783721e-06 0)
(0.0047570293 5.2314161e-06 0)
(0.0047580391 4.7258355e-06 0)
(0.0047589494 4.2634217e-06 0)
(0.0047597688 3.8408552e-06 0)
(0.0047605052 3.4550417e-06 0)
(0.004761166 3.1030996e-06 0)
(0.0047617578 2.7823488e-06 0)
(0.0047622868 2.4902979e-06 0)
(0.0047627587 2.2246342e-06 0)
(0.0047631788 1.9832118e-06 0)
(0.0047635517 1.7640421e-06 0)
(0.0047638819 1.5652832e-06 0)
(0.0047641735 1.385231e-06 0)
(0.0047644301 1.22231e-06 0)
(0.0047646551 1.0750645e-06 0)
(0.0047648515 9.421509e-07 0)
(0.0047650222 8.2232998e-07 0)
(0.0047651698 7.1445954e-07 0)
(0.0047652966 6.174877e-07 0)
(0.0047654048 5.3044648e-07 0)
(0.0047654962 4.5244581e-07 0)
(0.0047655728 3.8266785e-07 0)
(0.004765636 3.2036174e-07 0)
(0.0047656873 2.6483862e-07 0)
(0.0047657281 2.1546698e-07 0)
(0.0047657596 1.716684e-07 0)
(0.0047657829 1.3291342e-07 0)
(0.0047657989 9.8717853e-08 0)
(0.0047658085 6.8639215e-08 0)
(0.0047658126 4.2273492e-08 0)
(0.0047658118 1.9252088e-08 0)
(0.0047658068 -7.6099234e-10 0)
(0.0047657983 -1.807177e-08 0)
(0.0047657867 -3.2958718e-08 0)
(0.0047657724 -4.5675019e-08 0)
(0.004765756 -5.6450647e-08 0)
(0.0047657378 -6.5494307e-08 0)
(0.0047657181 -7.2995214e-08 0)
(0.0047656973 -7.9124746e-08 0)
(0.0047656755 -8.4037967e-08 0)
(0.0047656531 -8.7875034e-08 0)
(0.0047656302 -9.0762487e-08 0)
(0.004765607 -9.281445e-08 0)
(0.0047655837 -9.4133722e-08 0)
(0.0047655604 -9.4812792e-08 0)
(0.0047655373 -9.4934764e-08 0)
(0.0047655143 -9.4574207e-08 0)
(0.0047654918 -9.3797942e-08 0)
(0.0047654696 -9.2665754e-08 0)
(0.0047654479 -9.123105e-08 0)
(0.0047654267 -8.9541457e-08 0)
(0.0047654061 -8.7639374e-08 0)
(0.0047653861 -8.5562472e-08 0)
(0.0047653667 -8.3344152e-08 0)
(0.004765348 -8.1013962e-08 0)
(0.0047653299 -7.8597977e-08 0)
(0.0047653126 -7.6119148e-08 0)
(0.0047652959 -7.3597612e-08 0)
(0.0047652799 -7.1050983e-08 0)
(0.0047652646 -6.849461e-08 0)
(0.00476525 -6.5941812e-08 0)
(0.0047652361 -6.3404091e-08 0)
(0.0047652228 -6.089133e-08 0)
(0.0047652102 -5.841196e-08 0)
(0.0047651982 -5.5973124e-08 0)
(0.0047651868 -5.3580818e-08 0)
(0.0047651761 -5.1240018e-08 0)
(0.0047651659 -4.8954799e-08 0)
(0.0047651563 -4.6728436e-08 0)
(0.0047651473 -4.4563496e-08 0)
(0.0047651388 -4.246193e-08 0)
(0.0047651308 -4.0425138e-08 0)
(0.0047651233 -3.8454043e-08 0)
(0.0047651163 -3.6549152e-08 0)
(0.0047651097 -3.4710604e-08 0)
(0.0047651036 -3.2938224e-08 0)
(0.0047650979 -3.1231561e-08 0)
(0.0047650926 -2.958993e-08 0)
(0.0047650876 -2.8012443e-08 0)
(0.004765083 -2.6498041e-08 0)
(0.0047650788 -2.5045518e-08 0)
(0.0047650749 -2.3653546e-08 0)
(0.0047650712 -2.2320693e-08 0)
(0.0047650679 -2.1045447e-08 0)
(0.0047650648 -1.9826223e-08 0)
(0.004765062 -1.8661383e-08 0)
(0.0047650594 -1.7549245e-08 0)
(0.0047650571 -1.6488095e-08 0)
(0.004765055 -1.5476195e-08 0)
(0.004765053 -1.4511787e-08 0)
(0.0047650513 -1.3593105e-08 0)
(0.0047650497 -1.2718376e-08 0)
(0.0047650483 -1.1885828e-08 0)
(0.004765047 -1.1093687e-08 0)
(0.0047650458 -1.0340188e-08 0)
(0.0047650448 -9.6235704e-09 0)
(0.004765044 -8.9420847e-09 0)
(0.0047650432 -8.2939904e-09 0)
(0.0047650425 -7.6775587e-09 0)
(0.0047650419 -7.0910731e-09 0)
(0.0047650415 -6.5328302e-09 0)
(0.0047650411 -6.001141e-09 0)
(0.0047650407 -5.4943311e-09 0)
(0.0047650405 -5.0107433e-09 0)
(0.0047650403 -4.548739e-09 0)
(0.0047650402 -4.1067012e-09 0)
(0.0047650401 -3.6830385e-09 0)
(0.0047650401 -3.2761906e-09 0)
(0.0047650401 -2.8846351e-09 0)
(0.0047650402 -2.5068976e-09 0)
(0.0047650404 -2.1415642e-09 0)
(0.0047650406 -1.7872978e-09 0)
(0.0047650408 -1.4428601e-09 0)
(0.0047650411 -1.1071394e-09 0)
(0.0047650414 -7.7918737e-10 0)
(0.0047650418 -4.5826608e-10 0)
(0.0047650422 -1.4390942e-10 0)
(0.0047650427 1.6399739e-10 0)
(0.0047650432 4.6511447e-10 0)
(0.0047650437 7.5851268e-10 0)
(0.0047650443 1.0424982e-09 0)
(0.004765045 1.3143844e-09 0)
(0.0047650457 1.5701903e-09 0)
(0.0047650464 1.8042271e-09 0)
(0.0047650471 2.0086165e-09 0)
(0.0047650479 2.1728416e-09 0)
(0.0047650486 2.2835072e-09 0)
(0.0047650498 2.3050559e-09 0)
(0.0032282274 7.9578764e-06 0)
(0.0032326585 2.4082202e-05 0)
(0.0032419203 4.0212218e-05 0)
(0.0032558782 5.612515e-05 0)
(0.0032743393 7.1609193e-05 0)
(0.0032971423 8.6464165e-05 0)
(0.0033240577 0.00010050725 0)
(0.0033548024 0.00011357774 0)
(0.0033890521 0.00012554041 0)
(0.0034264492 0.00013628778 0)
(0.0034666116 0.00014574129 0)
(0.0035091428 0.00015385123 0)
(0.0035536397 0.00016059574 0)
(0.0035997014 0.00016597898 0)
(0.003646936 0.00017002852 0)
(0.0036949674 0.00017279236 0)
(0.0037434396 0.00017433564 0)
(0.0037920217 0.00017473719 0)
(0.0038404098 0.00017408616 0)
(0.0038883298 0.00017247884 0)
(0.0039355376 0.00017001567 0)
(0.00398182 0.00016679862 0)
(0.0040269935 0.00016292891 0)
(0.004070904 0.00015850514 0)
(0.0041134247 0.00015362172 0)
(0.0041544547 0.00014836773 0)
(0.0041939169 0.00014282607 0)
(0.0042317557 0.00013707287 0)
(0.0042679352 0.0001311772 0)
(0.0043024369 0.00012520101 0)
(0.0043352574 0.00011919911 0)
(0.0043664064 0.00011321948 0)
(0.0043959053 0.00010730354 0)
(0.0044237845 0.00010148653 0)
(0.0044500829 9.5797989e-05 0)
(0.0044748452 9.0262193e-05 0)
(0.0044981218 8.4898656e-05 0)
(0.0045199665 7.972261e-05 0)
(0.0045404364 7.4745472e-05 0)
(0.0045595901 6.9975297e-05 0)
(0.0045774877 6.5417207e-05 0)
(0.0045941896 6.1073781e-05 0)
(0.0046097563 5.6945428e-05 0)
(0.0046242472 5.3030713e-05 0)
(0.0046377214 4.9326666e-05 0)
(0.0046502361 4.5829047e-05 0)
(0.0046618471 4.2532589e-05 0)
(0.0046726086 3.9431208e-05 0)
(0.0046825725 3.6518193e-05 0)
(0.0046917888 3.3786365e-05 0)
(0.0047003056 3.1228217e-05 0)
(0.0047081683 2.8836035e-05 0)
(0.0047154205 2.6601996e-05 0)
(0.0047221035 2.4518262e-05 0)
(0.0047282564 2.2577042e-05 0)
(0.0047339161 2.0770656e-05 0)
(0.0047391175 1.9091582e-05 0)
(0.0047438935 1.7532494e-05 0)
(0.0047482749 1.6086293e-05 0)
(0.0047522908 1.4746127e-05 0)
(0.0047559682 1.3505411e-05 0)
(0.0047593327 1.2357833e-05 0)
(0.0047624079 1.129737e-05 0)
(0.0047652163 1.031828e-05 0)
(0.0047677784 9.4151117e-06 0)
(0.0047701135 8.5826964e-06 0)
(0.0047722396 7.8161451e-06 0)
(0.0047741735 7.1108427e-06 0)
(0.0047759306 6.4624399e-06 0)
(0.0047775253 5.8668446e-06 0)
(0.0047789709 5.3202134e-06 0)
(0.0047802799 4.8189407e-06 0)
(0.0047814636 4.3596492e-06 0)
(0.0047825327 3.9391795e-06 0)
(0.0047834969 3.5545793e-06 0)
(0.0047843652 3.2030931e-06 0)
(0.004785146 2.8821521e-06 0)
(0.0047858469 2.5893638e-06 0)
(0.004786475 2.3225022e-06 0)
(0.0047870368 2.0794985e-06 0)
(0.0047875383 1.8584311e-06 0)
(0.004787985 1.6575176e-06 0)
(0.0047883818 1.4751055e-06 0)
(0.0047887335 1.3096644e-06 0)
(0.0047890443 1.159778e-06 0)
(0.0047893181 1.0241368e-06 0)
(0.0047895584 9.0153084e-07 0)
(0.0047897685 7.9084318e-07 0)
(0.0047899513 6.9104353e-07 0)
(0.0047901097 6.0118222e-07 0)
(0.0047902459 5.2038462e-07 0)
(0.0047903624 4.4784578e-07 0)
(0.0047904612 3.828255e-07 0)
(0.0047905441 3.2464362e-07 0)
(0.0047906128 2.7267562e-07 0)
(0.0047906689 2.2634853e-07 0)
(0.0047907138 1.8513711e-07 0)
(0.0047907488 1.4856018e-07 0)
(0.004790775 1.1617734e-07 0)
(0.0047907934 8.7585822e-08 0)
(0.0047908051 6.2417552e-08 0)
(0.0047908108 4.0336459e-08 0)
(0.0047908113 2.1035945e-08 0)
(0.0047908074 4.2365395e-09 0)
(0.0047907995 -1.031628e-08 0)
(0.0047907884 -2.2854108e-08 0)
(0.0047907745 -3.3587481e-08 0)
(0.0047907581 -4.2707619e-08 0)
(0.0047907399 -5.0388025e-08 0)
(0.00479072 -5.6785978e-08 0)
(0.0047906988 -6.2043897e-08 0)
(0.0047906766 -6.6290619e-08 0)
(0.0047906537 -6.9642558e-08 0)
(0.0047906302 -7.2204792e-08 0)
(0.0047906064 -7.4072052e-08 0)
(0.0047905824 -7.5329639e-08 0)
(0.0047905584 -7.6054265e-08 0)
(0.0047905345 -7.6314823e-08 0)
(0.0047905109 -7.6173103e-08 0)
(0.0047904875 -7.5684439e-08 0)
(0.0047904645 -7.489831e-08 0)
(0.004790442 -7.3858885e-08 0)
(0.00479042 -7.2605524e-08 0)
(0.0047903986 -7.1173241e-08 0)
(0.0047903779 -6.9593116e-08 0)
(0.0047903577 -6.7892682e-08 0)
(0.0047903382 -6.6096275e-08 0)
(0.0047903195 -6.4225347e-08 0)
(0.0047903014 -6.229876e-08 0)
(0.004790284 -6.0333047e-08 0)
(0.0047902673 -5.8342654e-08 0)
(0.0047902514 -5.6340152e-08 0)
(0.0047902361 -5.4336442e-08 0)
(0.0047902216 -5.2340927e-08 0)
(0.0047902077 -5.0361676e-08 0)
(0.0047901945 -4.840557e-08 0)
(0.004790182 -4.6478434e-08 0)
(0.0047901701 -4.4585158e-08 0)
(0.0047901589 -4.2729799e-08 0)
(0.0047901483 -4.0915684e-08 0)
(0.0047901382 -3.9145492e-08 0)
(0.0047901288 -3.7421334e-08 0)
(0.0047901199 -3.5744821e-08 0)
(0.0047901115 -3.4117128e-08 0)
(0.0047901036 -3.253905e-08 0)
(0.0047900963 -3.101105e-08 0)
(0.0047900894 -2.9533304e-08 0)
(0.0047900829 -2.810574e-08 0)
(0.0047900769 -2.6728074e-08 0)
(0.0047900713 -2.539984e-08 0)
(0.0047900661 -2.4120416e-08 0)
(0.0047900613 -2.288905e-08 0)
(0.0047900568 -2.1704881e-08 0)
(0.0047900527 -2.0566953e-08 0)
(0.0047900488 -1.9474239e-08 0)
(0.0047900453 -1.8425646e-08 0)
(0.0047900421 -1.7420033e-08 0)
(0.0047900391 -1.645622e-08 0)
(0.0047900364 -1.5532995e-08 0)
(0.0047900339 -1.4649123e-08 0)
(0.0047900316 -1.3803353e-08 0)
(0.0047900296 -1.2994419e-08 0)
(0.0047900277 -1.2221049e-08 0)
(0.004790026 -1.1481968e-08 0)
(0.0047900245 -1.0775897e-08 0)
(0.0047900231 -1.0101557e-08 0)
(0.0047900219 -9.4576724e-09 0)
(0.0047900208 -8.84297e-09 0)
(0.0047900199 -8.2561801e-09 0)
(0.004790019 -7.6960374e-09 0)
(0.0047900183 -7.1612809e-09 0)
(0.0047900177 -6.6506545e-09 0)
(0.0047900172 -6.162907e-09 0)
(0.0047900167 -5.6967927e-09 0)
(0.0047900164 -5.2510714e-09 0)
(0.0047900161 -4.82451e-09 0)
(0.0047900159 -4.4158836e-09 0)
(0.0047900157 -4.0239777e-09 0)
(0.0047900156 -3.6475911e-09 0)
(0.0047900156 -3.2855408e-09 0)
(0.0047900156 -2.9366671e-09 0)
(0.0047900157 -2.5998421e-09 0)
(0.0047900159 -2.2739799e-09 0)
(0.004790016 -1.9580503e-09 0)
(0.0047900163 -1.651097e-09 0)
(0.0047900166 -1.3522609e-09 0)
(0.0047900169 -1.0608105e-09 0)
(0.0047900173 -7.7618174e-10 0)
(0.0047900177 -4.9802894e-10 0)
(0.0047900182 -2.2629186e-10 0)
(0.0047900187 3.8717585e-11 0)
(0.0047900193 2.9620192e-10 0)
(0.0047900199 5.4473026e-10 0)
(0.0047900205 7.8204538e-10 0)
(0.0047900212 1.0048087e-09 0)
(0.004790022 1.2082491e-09 0)
(0.0047900228 1.3857547e-09 0)
(0.0047900236 1.5284899e-09 0)
(0.0047900243 1.6251695e-09 0)
(0.0047900256 1.6460901e-09 0)
(0.0032282223 6.1469533e-06 0)
(0.0032325651 1.8606853e-05 0)
(0.0032416499 3.1078095e-05 0)
(0.0032553533 4.3390395e-05 0)
(0.0032734966 5.5381547e-05 0)
(0.0032959331 6.6897858e-05 0)
(0.0033224506 7.7798508e-05 0)
(0.0033527838 8.7959177e-05 0)
(0.0033866267 9.7274665e-05 0)
(0.0034236394 0.00010566071 0)
(0.0034634568 0.00011305493 0)
(0.0035056968 0.00011941692 0)
(0.0035499694 0.00012472757 0)
(0.0035958834 0.00012898776 0)
(0.0036430547 0.0001322165 0)
(0.0036911117 0.00013444871 0)
(0.0037397005 0.00013573271 0)
(0.0037884899 0.00013612771 0)
(0.0038371735 0.00013570117 0)
(0.0038854728 0.0001345264 0)
(0.0039331379 0.00013268024 0)
(0.0039799484 0.00013024104 0)
(0.0040257132 0.00012728685 0)
(0.0040702696 0.00012389397 0)
(0.0041134823 0.00012013567 0)
(0.0041552417 0.0001160813 0)
(0.0041954623 0.00011179556 0)
(0.0042340805 0.00010733803 0)
(0.0042710529 0.00010276293 0)
(0.0043063539 9.8118961e-05 0)
(0.0043399738 9.3449374e-05 0)
(0.0043719169 8.8792099e-05 0)
(0.0044021992 8.4179971e-05 0)
(0.0044308473 7.9641022e-05 0)
(0.004457896 7.5198808e-05 0)
(0.0044833874 7.087277e-05 0)
(0.0045073691 6.6678604e-05 0)
(0.0045298933 6.262863e-05 0)
(0.0045510153 5.8732156e-05 0)
(0.0045707931 5.4995832e-05 0)
(0.004589286 5.1423979e-05 0)
(0.0046065541 4.8018898e-05 0)
(0.0046226577 4.4781161e-05 0)
(0.0046376569 4.1709868e-05 0)
(0.0046516109 3.8802889e-05 0)
(0.0046645776 3.6057076e-05 0)
(0.0046766136 3.346845e-05 0)
(0.0046877738 3.1032377e-05 0)
(0.0046981113 2.8743706e-05 0)
(0.004707677 2.6596907e-05 0)
(0.0047165199 2.4586176e-05 0)
(0.0047246868 2.2705532e-05 0)
(0.0047322222 2.0948901e-05 0)
(0.0047391684 1.9310182e-05 0)
(0.0047455657 1.7783304e-05 0)
(0.004751452 1.6362276e-05 0)
(0.0047568634 1.5041223e-05 0)
(0.0047618336 1.3814418e-05 0)
(0.0047663945 1.2676308e-05 0)
(0.004770576 1.1621528e-05 0)
(0.0047744062 1.0644919e-05 0)
(0.0047779114 9.7415371e-06 0)
(0.0047811161 8.9066559e-06 0)
(0.0047840435 8.1357734e-06 0)
(0.0047867149 7.4246102e-06 0)
(0.0047891503 6.7691089e-06 0)
(0.0047913684 6.1654303e-06 0)
(0.0047933864 5.609949e-06 0)
(0.0047952204 5.0992473e-06 0)
(0.0047968855 4.6301096e-06 0)
(0.0047983953 4.199514e-06 0)
(0.0047997628 3.8046259e-06 0)
(0.0048009999 3.4427893e-06 0)
(0.0048021175 3.1115189e-06 0)
(0.0048031258 2.8084923e-06 0)
(0.0048040342 2.5315414e-06 0)
(0.0048048513 2.2786448e-06 0)
(0.004805585 2.0479195e-06 0)
(0.0048062429 1.8376134e-06 0)
(0.0048068316 1.6460977e-06 0)
(0.0048073573 1.4718598e-06 0)
(0.0048078257 1.3134959e-06 0)
(0.0048082422 1.1697049e-06 0)
(0.0048086115 1.0392814e-06 0)
(0.0048089381 9.2111005e-07 0)
(0.004809226 8.1415918e-07 0)
(0.0048094789 7.1747573e-07 0)
(0.0048097002 6.3017975e-07 0)
(0.004809893 5.5145949e-07 0)
(0.0048100601 4.8056669e-07 0)
(0.0048102042 4.1681215e-07 0)
(0.0048103276 3.595616e-07 0)
(0.0048104323 3.0823171e-07 0)
(0.0048105205 2.6228647e-07 0)
(0.0048105938 2.2123372e-07 0)
(0.0048106538 1.8462191e-07 0)
(0.0048107022 1.5203707e-07 0)
(0.00481074 1.2310001e-07 0)
(0.0048107687 9.746368e-08 0)
(0.0048107892 7.4810666e-08 0)
(0.0048108025 5.4850941e-08 0)
(0.0048108096 3.7319712e-08 0)
(0.0048108112 2.1975429e-08 0)
(0.0048108081 8.5979465e-09 0)
(0.0048108009 -3.0131988e-09 0)
(0.0048107902 -1.3040376e-08 0)
(0.0048107765 -2.1649337e-08 0)
(0.0048107603 -2.8990583e-08 0)
(0.004810742 -3.5200636e-08 0)
(0.004810722 -4.0403201e-08 0)
(0.0048107006 -4.4710259e-08 0)
(0.0048106781 -4.8223059e-08 0)
(0.0048106548 -5.1033048e-08 0)
(0.0048106309 -5.3222716e-08 0)
(0.0048106066 -5.4866388e-08 0)
(0.0048105821 -5.6030939e-08 0)
(0.0048105575 -5.6776465e-08 0)
(0.004810533 -5.7156893e-08 0)
(0.0048105087 -5.7220542e-08 0)
(0.0048104847 -5.7010639e-08 0)
(0.0048104611 -5.6565792e-08 0)
(0.004810438 -5.5920426e-08 0)
(0.0048104154 -5.5105176e-08 0)
(0.0048103934 -5.4147255e-08 0)
(0.0048103719 -5.3070784e-08 0)
(0.0048103512 -5.1897095e-08 0)
(0.0048103311 -5.0645008e-08 0)
(0.0048103117 -4.9331086e-08 0)
(0.0048102931 -4.7969861e-08 0)
(0.0048102751 -4.6574048e-08 0)
(0.0048102579 -4.515473e-08 0)
(0.0048102415 -4.3721535e-08 0)
(0.0048102257 -4.228279e-08 0)
(0.0048102106 -4.0845664e-08 0)
(0.0048101963 -3.9416298e-08 0)
(0.0048101827 -3.7999916e-08 0)
(0.0048101697 -3.6600934e-08 0)
(0.0048101574 -3.5223054e-08 0)
(0.0048101458 -3.3869348e-08 0)
(0.0048101347 -3.2542333e-08 0)
(0.0048101243 -3.1244041e-08 0)
(0.0048101145 -2.997608e-08 0)
(0.0048101053 -2.8739687e-08 0)
(0.0048100966 -2.7535781e-08 0)
(0.0048100884 -2.6365001e-08 0)
(0.0048100808 -2.5227747e-08 0)
(0.0048100736 -2.4124216e-08 0)
(0.0048100669 -2.3054429e-08 0)
(0.0048100607 -2.2018259e-08 0)
(0.0048100548 -2.1015452e-08 0)
(0.0048100494 -2.0045652e-08 0)
(0.0048100444 -1.9108414e-08 0)
(0.0048100397 -1.8203222e-08 0)
(0.0048100354 -1.7329501e-08 0)
(0.0048100314 -1.6486628e-08 0)
(0.0048100277 -1.5673944e-08 0)
(0.0048100243 -1.4890757e-08 0)
(0.0048100212 -1.4136356e-08 0)
(0.0048100184 -1.3410009e-08 0)
(0.0048100158 -1.2710973e-08 0)
(0.0048100134 -1.2038495e-08 0)
(0.0048100112 -1.1391816e-08 0)
(0.0048100093 -1.0770172e-08 0)
(0.0048100075 -1.0172797e-08 0)
(0.0048100059 -9.5989224e-09 0)
(0.0048100045 -9.0477775e-09 0)
(0.0048100032 -8.5185917e-09 0)
(0.004810002 -8.0105924e-09 0)
(0.004810001 -7.5230061e-09 0)
(0.0048100001 -7.0550569e-09 0)
(0.0048099994 -6.6059667e-09 0)
(0.0048099987 -6.1749546e-09 0)
(0.0048099981 -5.7612361e-09 0)
(0.0048099977 -5.3640234e-09 0)
(0.0048099973 -4.9825249e-09 0)
(0.004809997 -4.615946e-09 0)
(0.0048099967 -4.2634894e-09 0)
(0.0048099965 -3.924357e-09 0)
(0.0048099964 -3.5977516e-09 0)
(0.0048099964 -3.2828807e-09 0)
(0.0048099964 -2.9789607e-09 0)
(0.0048099965 -2.6852229e-09 0)
(0.0048099966 -2.400922e-09 0)
(0.0048099968 -2.1253471e-09 0)
(0.004809997 -1.8578355e-09 0)
(0.0048099973 -1.5977917e-09 0)
(0.0048099977 -1.3447115e-09 0)
(0.004809998 -1.0982138e-09 0)
(0.0048099985 -8.5808121e-10 0)
(0.004809999 -6.2431389e-10 0)
(0.0048099995 -3.9719886e-10 0)
(0.0048100001 -1.7740116e-10 0)
(0.0048100007 3.3917248e-11 0)
(0.0048100014 2.3494205e-10 0)
(0.0048100021 4.230006e-10 0)
(0.0048100028 5.9427828e-10 0)
(0.0048100036 7.4348773e-10 0)
(0.0048100045 8.6355445e-10 0)
(0.0048100052 9.4543068e-10 0)
(0.0048100065 9.6557968e-10 0)
(0.0032282186 4.3680704e-06 0)
(0.0032324959 1.3224748e-05 0)
(0.0032414494 2.2093155e-05 0)
(0.0032549637 3.0853237e-05 0)
(0.0032728705 3.9390476e-05 0)
(0.0032950341 4.7596157e-05 0)
(0.0033212543 5.5370435e-05 0)
(0.0033512794 6.2624886e-05 0)
(0.0033848167 6.9284377e-05 0)
(0.0034215395 7.5288384e-05 0)
(0.0034610951 8.0591695e-05 0)
(0.0035031127 8.5164541e-05 0)
(0.0035472115 8.8992174e-05 0)
(0.0035930084 9.2073993e-05 0)
(0.0036401247 9.4422287e-05 0)
(0.0036881926 9.6060702e-05 0)
(0.0037368602 9.7022532e-05 0)
(0.0037857961 9.7348918e-05 0)
(0.0038346924 9.7087052e-05 0)
(0.0038832674 9.6288435e-05 0)
(0.0039312672 9.5007265e-05 0)
(0.0039784661 9.329897e-05 0)
(0.0040246674 9.1218939e-05 0)
(0.0040697021 8.8821432e-05 0)
(0.0041134286 8.6158701e-05 0)
(0.0041557307 8.3280294e-05 0)
(0.0041965168 8.023254e-05 0)
(0.0042357172 7.7058192e-05 0)
(0.0042732828 7.3796214e-05 0)
(0.0043091827 7.0481687e-05 0)
(0.0043434024 6.7145821e-05 0)
(0.0043759418 6.3816038e-05 0)
(0.0044068133 6.0516124e-05 0)
(0.00443604 5.7266431e-05 0)
(0.0044636541 5.40841e-05 0)
(0.0044896952 5.0983318e-05 0)
(0.0045142091 4.7975574e-05 0)
(0.0045372464 4.5069923e-05 0)
(0.0045588614 4.2273248e-05 0)
(0.0045791111 3.9590506e-05 0)
(0.0045980543 3.7024966e-05 0)
(0.004615751 3.4578433e-05 0)
(0.0046322615 3.2251453e-05 0)
(0.0046476458 3.0043502e-05 0)
(0.0046619635 2.7953157e-05 0)
(0.004675273 2.597825e-05 0)
(0.0046876314 2.4116006e-05 0)
(0.0046990944 2.2363167e-05 0)
(0.0047097155 2.0716093e-05 0)
(0.0047195466 1.9170864e-05 0)
(0.0047286373 1.7723352e-05 0)
(0.0047370353 1.6369299e-05 0)
(0.0047447859 1.5104369e-05 0)
(0.0047519322 1.3924205e-05 0)
(0.0047585154 1.2824464e-05 0)
(0.0047645742 1.1800857e-05 0)
(0.0047701452 1.0849176e-05 0)
(0.0047752632 9.9653139e-06 0)
(0.0047799607 9.1452872e-06 0)
(0.0047842683 8.3852456e-06 0)
(0.0047882148 7.6814846e-06 0)
(0.0047918272 7.0304515e-06 0)
(0.0047951306 6.4287506e-06 0)
(0.0047981487 5.873145e-06 0)
(0.0048009034 5.3605575e-06 0)
(0.0048034152 4.8880695e-06 0)
(0.0048057033 4.4529187e-06 0)
(0.0048077855 4.0524959e-06 0)
(0.0048096782 3.6843413e-06 0)
(0.0048113969 3.3461396e-06 0)
(0.0048129557 3.0357151e-06 0)
(0.0048143679 2.751026e-06 0)
(0.0048156457 2.4901593e-06 0)
(0.0048168003 2.2513246e-06 0)
(0.0048178422 2.0328485e-06 0)
(0.0048187812 1.8331688e-06 0)
(0.004819626 1.6508286e-06 0)
(0.0048203849 1.4844707e-06 0)
(0.0048210655 1.3328321e-06 0)
(0.0048216746 1.1947386e-06 0)
(0.0048222189 1.0690994e-06 0)
(0.004822704 9.5490262e-07 0)
(0.0048231355 8.5120974e-07 0)
(0.0048235183 7.5715156e-07 0)
(0.004823857 6.7192353e-07 0)
(0.0048241557 5.947816e-07 0)
(0.0048244182 5.2503827e-07 0)
(0.0048246481 4.6205874e-07 0)
(0.0048248486 4.052574e-07 0)
(0.0048250225 3.5409443e-07 0)
(0.0048251725 3.0807258e-07 0)
(0.0048253011 2.6673422e-07 0)
(0.0048254105 2.296585e-07 0)
(0.0048255027 1.9645867e-07 0)
(0.0048255796 1.6677967e-07 0)
(0.0048256427 1.4029572e-07 0)
(0.0048256936 1.1670819e-07 0)
(0.0048257338 9.5743562e-08 0)
(0.0048257643 7.7151509e-08 0)
(0.0048257864 6.0703141e-08 0)
(0.0048258011 4.6189341e-08 0)
(0.0048258093 3.3419227e-08 0)
(0.0048258117 2.2218723e-08 0)
(0.0048258093 1.2429221e-08 0)
(0.0048258026 3.9063507e-09 0)
(0.0048257922 -3.4811766e-09 0)
(0.0048257788 -9.8526281e-09 0)
(0.0048257627 -1.5316239e-08 0)
(0.0048257444 -1.9970126e-08 0)
(0.0048257243 -2.3903137e-08 0)
(0.0048257027 -2.719563e-08 0)
(0.00482568 -2.9920199e-08 0)
(0.0048256564 -3.2142343e-08 0)
(0.0048256322 -3.3921081e-08 0)
(0.0048256076 -3.5309518e-08 0)
(0.0048255826 -3.6355378e-08 0)
(0.0048255577 -3.7101475e-08 0)
(0.0048255327 -3.7586166e-08 0)
(0.004825508 -3.7843753e-08 0)
(0.0048254836 -3.7904865e-08 0)
(0.0048254595 -3.7796793e-08 0)
(0.0048254359 -3.7543814e-08 0)
(0.0048254128 -3.7167476e-08 0)
(0.0048253903 -3.6686866e-08 0)
(0.0048253684 -3.6118848e-08 0)
(0.0048253472 -3.5478289e-08 0)
(0.0048253267 -3.4778258e-08 0)
(0.0048253069 -3.4030215e-08 0)
(0.0048252878 -3.3244172e-08 0)
(0.0048252694 -3.2428854e-08 0)
(0.0048252518 -3.1591833e-08 0)
(0.0048252349 -3.0739654e-08 0)
(0.0048252188 -2.9877955e-08 0)
(0.0048252034 -2.9011564e-08 0)
(0.0048251887 -2.8144596e-08 0)
(0.0048251747 -2.728054e-08 0)
(0.0048251614 -2.6422328e-08 0)
(0.0048251488 -2.5572413e-08 0)
(0.0048251368 -2.4732823e-08 0)
(0.0048251255 -2.3905219e-08 0)
(0.0048251148 -2.3090946e-08 0)
(0.0048251047 -2.2291073e-08 0)
(0.0048250952 -2.1506435e-08 0)
(0.0048250863 -2.0737668e-08 0)
(0.0048250779 -1.9985235e-08 0)
(0.0048250701 -1.9249459e-08 0)
(0.0048250627 -1.8530543e-08 0)
(0.0048250558 -1.782859e-08 0)
(0.0048250494 -1.7143623e-08 0)
(0.0048250434 -1.6475599e-08 0)
(0.0048250378 -1.5824422e-08 0)
(0.0048250326 -1.5189956e-08 0)
(0.0048250278 -1.4572031e-08 0)
(0.0048250233 -1.3970453e-08 0)
(0.0048250192 -1.3385012e-08 0)
(0.0048250154 -1.2815484e-08 0)
(0.0048250119 -1.2261636e-08 0)
(0.0048250087 -1.1723229e-08 0)
(0.0048250057 -1.1200024e-08 0)
(0.004825003 -1.0691775e-08 0)
(0.0048250006 -1.019824e-08 0)
(0.0048249983 -9.7191745e-09 0)
(0.0048249963 -9.2543322e-09 0)
(0.0048249944 -8.8034673e-09 0)
(0.0048249928 -8.3663317e-09 0)
(0.0048249913 -7.9426746e-09 0)
(0.0048249899 -7.532241e-09 0)
(0.0048249887 -7.1347708e-09 0)
(0.0048249877 -6.7499969e-09 0)
(0.0048249868 -6.3776446e-09 0)
(0.0048249859 -6.0174297e-09 0)
(0.0048249852 -5.6690574e-09 0)
(0.0048249846 -5.3322213e-09 0)
(0.0048249841 -5.0066024e-09 0)
(0.0048249837 -4.6918686e-09 0)
(0.0048249834 -4.3876744e-09 0)
(0.0048249831 -4.093661e-09 0)
(0.0048249829 -3.809457e-09 0)
(0.0048249828 -3.5346798e-09 0)
(0.0048249828 -3.2689376e-09 0)
(0.0048249828 -3.0118327e-09 0)
(0.0048249828 -2.7629656e-09 0)
(0.0048249829 -2.5219416e-09 0)
(0.0048249831 -2.2883779e-09 0)
(0.0048249834 -2.0619146e-09 0)
(0.0048249836 -1.8422284e-09 0)
(0.004824984 -1.6290504e-09 0)
(0.0048249843 -1.4221896e-09 0)
(0.0048249848 -1.2215629e-09 0)
(0.0048249853 -1.0272354e-09 0)
(0.0048249858 -8.3947149e-10 0)
(0.0048249864 -6.5880331e-10 0)
(0.004824987 -4.8611908e-10 0)
(0.0048249877 -3.2277958e-10 0)
(0.0048249884 -1.7077279e-10 0)
(0.0048249892 -3.2926996e-11 0)
(0.00482499 8.6841231e-11 0)
(0.0048249909 1.8329054e-10 0)
(0.0048249916 2.4968576e-10 0)
(0.004824993 2.6893772e-10 0)
(0.0032282161 2.6118384e-06 0)
(0.0032324502 7.9086125e-06 0)
(0.0032413168 1.3213854e-05 0)
(0.0032547059 1.8456154e-05 0)
(0.003272456 2.3567336e-05 0)
(0.0032944384 2.8482598e-05 0)
(0.0033204611 3.3142328e-05 0)
(0.003350281 3.7493627e-05 0)
(0.0033836143 4.1491426e-05 0)
(0.0034201432 4.5099281e-05 0)
(0.003459523 4.8289815e-05 0)
(0.0035013902 5.104481e-05 0)
(0.0035453707 5.3354985e-05 0)
(0.0035910863 5.5219494e-05 0)
(0.0036381624 5.6645201e-05 0)
(0.0036862338 5.764578e-05 0)
(0.0037349498 5.8240718e-05 0)
(0.0037839792 5.8454244e-05 0)
(0.003833013 5.831427e-05 0)
(0.0038817677 5.7851355e-05 0)
(0.0039299866 5.7097734e-05 0)
(0.0039774408 5.6086451e-05 0)
(0.0040239297 5.4850586e-05 0)
(0.0040692804 5.3422599e-05 0)
(0.0041133468 5.1833802e-05 0)
(0.0041560088 5.0113928e-05 0)
(0.0041971702 4.8290814e-05 0)
(0.0042367576 4.6390187e-05 0)
(0.0042747179 4.4435522e-05 0)
(0.0043110167 4.2447981e-05 0)
(0.0043456363 4.0446415e-05 0)
(0.0043785737 3.8447409e-05 0)
(0.0044098386 3.6465368e-05 0)
(0.0044394521 3.4512632e-05 0)
(0.0044674443 3.2599615e-05 0)
(0.0044938532 3.0734947e-05 0)
(0.0045187234 2.8925635e-05 0)
(0.0045421045 2.7177214e-05 0)
(0.0045640498 2.5493909e-05 0)
(0.004584616 2.3878775e-05 0)
(0.0046038614 2.2333851e-05 0)
(0.0046218458 2.0860282e-05 0)
(0.0046386293 1.9458454e-05 0)
(0.0046542723 1.8128099e-05 0)
(0.0046688343 1.6868403e-05 0)
(0.0046823742 1.56781e-05 0)
(0.0046949494 1.4555551e-05 0)
(0.0047066158 1.3498821e-05 0)
(0.0047174277 1.2505745e-05 0)
(0.0047274373 1.157398e-05 0)
(0.0047366947 1.070106e-05 0)
(0.0047452482 9.8844336e-06 0)
(0.0047531437 9.1215019e-06 0)
(0.0047604248 8.4096494e-06 0)
(0.0047671331 7.7462692e-06 0)
(0.004773308 7.1287837e-06 0)
(0.0047789866 6.5546625e-06 0)
(0.0047842042 6.0214358e-06 0)
(0.0047889937 5.5267059e-06 0)
(0.0047933863 5.0681552e-06 0)
(0.0047974112 4.643553e-06 0)
(0.0048010958 4.2507592e-06 0)
(0.0048044657 3.8877279e-06 0)
(0.0048075449 3.5525083e-06 0)
(0.0048103558 3.2432455e-06 0)
(0.0048129192 2.9581798e-06 0)
(0.0048152545 2.6956453e-06 0)
(0.00481738 2.4540686e-06 0)
(0.0048193123 2.2319657e-06 0)
(0.0048210672 2.0279396e-06 0)
(0.0048226591 1.8406774e-06 0)
(0.0048241014 1.6689471e-06 0)
(0.0048254066 1.5115939e-06 0)
(0.0048265862 1.367537e-06 0)
(0.0048276509 1.2357661e-06 0)
(0.0048286105 1.1153379e-06 0)
(0.0048294741 1.0053725e-06 0)
(0.0048302499 9.050504e-07 0)
(0.0048309459 8.1360855e-07 0)
(0.0048315689 7.3033767e-07 0)
(0.0048321257 6.5457884e-07 0)
(0.0048326221 5.8572053e-07 0)
(0.0048330638 5.2319571e-07 0)
(0.0048334557 4.6647908e-07 0)
(0.0048338025 4.150844e-07 0)
(0.0048341086 3.6856196e-07 0)
(0.0048343777 3.264962e-07 0)
(0.0048346134 2.885034e-07 0)
(0.004834819 2.5422958e-07 0)
(0.0048349976 2.2334839e-07 0)
(0.0048351517 1.9555928e-07 0)
(0.0048352839 1.7058561e-07 0)
(0.0048353964 1.48173e-07 0)
(0.0048354914 1.2808772e-07 0)
(0.0048355706 1.101152e-07 0)
(0.0048356359 9.4058617e-08 0)
(0.0048356886 7.9737576e-08 0)
(0.0048357303 6.6986905e-08 0)
(0.0048357622 5.5655491e-08 0)
(0.0048357854 4.5605217e-08 0)
(0.004835801 3.6709959e-08 0)
(0.0048358099 2.8854662e-08 0)
(0.004835813 2.193447e-08 0)
(0.004835811 1.5853923e-08 0)
(0.0048358047 1.0526208e-08 0)
(0.0048357946 5.8724652e-09 0)
(0.0048357813 1.821141e-09 0)
(0.0048357653 -1.692609e-09 0)
(0.0048357471 -4.7274751e-09 0)
(0.004835727 -7.3365077e-09 0)
(0.0048357053 -9.5675925e-09 0)
(0.0048356825 -1.1463891e-08 0)
(0.0048356587 -1.3064248e-08 0)
(0.0048356343 -1.4403566e-08 0)
(0.0048356094 -1.5513153e-08 0)
(0.0048355843 -1.6421045e-08 0)
(0.004835559 -1.7152297e-08 0)
(0.0048355338 -1.772926e-08 0)
(0.0048355088 -1.8171827e-08 0)
(0.0048354841 -1.8497668e-08 0)
(0.0048354597 -1.8722439e-08 0)
(0.0048354358 -1.8859978e-08 0)
(0.0048354124 -1.8922482e-08 0)
(0.0048353896 -1.8920675e-08 0)
(0.0048353675 -1.8863955e-08 0)
(0.0048353459 -1.8760532e-08 0)
(0.0048353251 -1.8617553e-08 0)
(0.004835305 -1.844122e-08 0)
(0.0048352856 -1.823689e-08 0)
(0.004835267 -1.8009175e-08 0)
(0.0048352491 -1.7762026e-08 0)
(0.004835232 -1.749881e-08 0)
(0.0048352156 -1.7222387e-08 0)
(0.0048351999 -1.6935168e-08 0)
(0.004835185 -1.6639179e-08 0)
(0.0048351707 -1.6336108e-08 0)
(0.0048351572 -1.6027356e-08 0)
(0.0048351444 -1.5714078e-08 0)
(0.0048351322 -1.5397222e-08 0)
(0.0048351207 -1.5077557e-08 0)
(0.0048351099 -1.475571e-08 0)
(0.0048350996 -1.4432189e-08 0)
(0.0048350899 -1.4107403e-08 0)
(0.0048350808 -1.3781686e-08 0)
(0.0048350723 -1.3455314e-08 0)
(0.0048350643 -1.3128519e-08 0)
(0.0048350567 -1.2801499e-08 0)
(0.0048350497 -1.2474435e-08 0)
(0.0048350432 -1.2147492e-08 0)
(0.004835037 -1.1820835e-08 0)
(0.0048350313 -1.1494627e-08 0)
(0.004835026 -1.1169037e-08 0)
(0.0048350211 -1.0844244e-08 0)
(0.0048350166 -1.0520439e-08 0)
(0.0048350124 -1.0197823e-08 0)
(0.0048350085 -9.8766122e-09 0)
(0.0048350049 -9.5570359e-09 0)
(0.0048350016 -9.2393354e-09 0)
(0.0048349986 -8.9237638e-09 0)
(0.0048349958 -8.6105838e-09 0)
(0.0048349933 -8.300066e-09 0)
(0.004834991 -7.992487e-09 0)
(0.0048349889 -7.6881267e-09 0)
(0.004834987 -7.3872663e-09 0)
(0.0048349853 -7.0901849e-09 0)
(0.0048349837 -6.797158e-09 0)
(0.0048349824 -6.508454e-09 0)
(0.0048349811 -6.2243321e-09 0)
(0.00483498 -5.9450397e-09 0)
(0.0048349791 -5.6708102e-09 0)
(0.0048349782 -5.4018608e-09 0)
(0.0048349775 -5.1383901e-09 0)
(0.0048349769 -4.8805772e-09 0)
(0.0048349763 -4.6285792e-09 0)
(0.0048349759 -4.3825308e-09 0)
(0.0048349755 -4.1425427e-09 0)
(0.0048349752 -3.9087018e-09 0)
(0.004834975 -3.6810707e-09 0)
(0.0048349749 -3.4596879e-09 0)
(0.0048349748 -3.2445696e-09 0)
(0.0048349748 -3.0357107e-09 0)
(0.0048349749 -2.8330879e-09 0)
(0.004834975 -2.636663e-09 0)
(0.0048349752 -2.4463883e-09 0)
(0.0048349754 -2.2622127e-09 0)
(0.0048349757 -2.084091e-09 0)
(0.004834976 -1.9119951e-09 0)
(0.0048349764 -1.7459289e-09 0)
(0.0048349768 -1.585948e-09 0)
(0.0048349773 -1.4321853e-09 0)
(0.0048349778 -1.2848844e-09 0)
(0.0048349784 -1.1444438e-09 0)
(0.0048349791 -1.0114744e-09 0)
(0.0048349797 -8.8687593e-10 0)
(0.0048349805 -7.7193797e-10 0)
(0.0048349813 -6.6848002e-10 0)
(0.0048349821 -5.7901444e-10 0)
(0.004834983 -5.0690562e-10 0)
(0.0048349837 -4.5649567e-10 0)
(0.0048349851 -4.3825589e-10 0)
(0.0032282148 8.6910456e-07 0)
(0.0032324274 2.6318077e-06 0)
(0.0032412508 4.3975698e-06 0)
(0.0032545776 6.1426921e-06 0)
(0.0032722496 7.8445382e-06 0)
(0.0032941417 9.4815784e-06 0)
(0.0033200658 1.1033993e-05 0)
(0.0033497832 1.2484174e-05 0)
(0.0033830145 1.3817102e-05 0)
(0.0034194461 1.5020609e-05 0)
(0.0034587376 1.6085527e-05 0)
(0.0035005291 1.7005728e-05 0)
(0.0035444496 1.7778044e-05 0)
(0.0035901237 1.8402116e-05 0)
(0.0036371787 1.8880145e-05 0)
(0.0036852506 1.9216606e-05 0)
(0.0037339897 1.9417911e-05 0)
(0.0037830645 1.9492063e-05 0)
(0.0038321658 1.9448298e-05 0)
(0.0038810091 1.9296744e-05 0)
(0.0039293363 1.9048101e-05 0)
(0.0039769171 1.8713345e-05 0)
(0.0040235488 1.8303478e-05 0)
(0.0040690565 1.7829304e-05 0)
(0.0041132922 1.7301253e-05 0)
(0.0041561334 1.6729237e-05 0)
(0.0041974821 1.6122541e-05 0)
(0.0042372626 1.5489753e-05 0)
(0.00427542 1.4838714e-05 0)
(0.0043119181 1.4176497e-05 0)
(0.0043467377 1.3509406e-05 0)
(0.0043798741 1.2842992e-05 0)
(0.0044113361 1.2182079e-05 0)
(0.0044411432 1.1530802e-05 0)
(0.0044693248 1.0892653e-05 0)
(0.0044959181 1.027053e-05 0)
(0.0045209669 9.6667863e-06 0)
(0.0045445203 9.0832856e-06 0)
(0.0045666314 8.5214509e-06 0)
(0.0045873563 7.9823157e-06 0)
(0.0046067534 7.4665713e-06 0)
(0.0046248821 6.9746112e-06 0)
(0.0046418028 6.5065728e-06 0)
(0.0046575757 6.0623753e-06 0)
(0.0046722605 5.6417544e-06 0)
(0.0046859161 5.244293e-06 0)
(0.0046986002 4.8694499e-06 0)
(0.0047103689 4.5165837e-06 0)
(0.0047212767 4.1849749e-06 0)
(0.004731376 3.873845e-06 0)
(0.0047407173 3.5823728e-06 0)
(0.004749349 3.3097088e-06 0)
(0.0047573173 3.0549868e-06 0)
(0.0047646662 2.8173348e-06 0)
(0.0047714374 2.595883e-06 0)
(0.0047776707 2.3897715e-06 0)
(0.0047834035 2.1981555e-06 0)
(0.0047886712 2.0202103e-06 0)
(0.004793507 1.855135e-06 0)
(0.0047979424 1.7021556e-06 0)
(0.0048020068 1.5605263e-06 0)
(0.0048057277 1.429532e-06 0)
(0.0048091311 1.3084886e-06 0)
(0.0048122411 1.1967438e-06 0)
(0.0048150803 1.0936771e-06 0)
(0.0048176696 9.9869984e-07 0)
(0.0048200288 9.1125457e-07 0)
(0.0048221761 8.3081458e-07 0)
(0.0048241284 7.5688307e-07 0)
(0.0048259015 6.8899224e-07 0)
(0.00482751 6.2670233e-07 0)
(0.0048289676 5.696005e-07 0)
(0.0048302866 5.1729976e-07 0)
(0.0048314789 4.694378e-07 0)
(0.0048325551 4.2567584e-07 0)
(0.0048335251 3.8569748e-07 0)
(0.0048343981 3.4920753e-07 0)
(0.0048351825 3.1593088e-07 0)
(0.0048358862 2.8561142e-07 0)
(0.0048365163 2.5801096e-07 0)
(0.0048370794 2.3290815e-07 0)
(0.0048375816 2.1009752e-07 0)
(0.0048380284 1.8938851e-07 0)
(0.004838425 1.7060453e-07 0)
(0.004838776 1.5358209e-07 0)
(0.0048390857 1.3816996e-07 0)
(0.0048393581 1.2422837e-07 0)
(0.0048395968 1.1162827e-07 0)
(0.0048398051 1.0025059e-07 0)
(0.004839986 8.9985586e-08 0)
(0.0048401422 8.0732189e-08 0)
(0.0048402763 7.2397415e-08 0)
(0.0048403905 6.4895798e-08 0)
(0.0048404869 5.8148856e-08 0)
(0.0048405674 5.2084598e-08 0)
(0.0048406337 4.6637056e-08 0)
(0.0048406874 4.1745847e-08 0)
(0.0048407299 3.7355766e-08 0)
(0.0048407624 3.3416404e-08 0)
(0.0048407862 2.9881788e-08 0)
(0.0048408023 2.671005e-08 0)
(0.0048408117 2.3863114e-08 0)
(0.0048408151 2.1306408e-08 0)
(0.0048408135 1.9008589e-08 0)
(0.0048408073 1.6941294e-08 0)
(0.0048407974 1.5078902e-08 0)
(0.0048407843 1.3398319e-08 0)
(0.0048407683 1.1878769e-08 0)
(0.0048407501 1.0501609e-08 0)
(0.00484073 9.2501525e-09 0)
(0.0048407084 8.1094998e-09 0)
(0.0048406855 7.0663915e-09 0)
(0.0048406617 6.1090637e-09 0)
(0.0048406372 5.227117e-09 0)
(0.0048406122 4.4113935e-09 0)
(0.004840587 3.6538638e-09 0)
(0.0048405616 2.9475213e-09 0)
(0.0048405363 2.2862839e-09 0)
(0.0048405112 1.664904e-09 0)
(0.0048404863 1.0788839e-09 0)
(0.0048404618 5.2439818e-10 0)
(0.0048404378 -1.7781554e-12 0)
(0.0048404143 -5.0233652e-10 0)
(0.0048403913 -9.7949596e-10 0)
(0.004840369 -1.4350598e-09 0)
(0.0048403474 -1.8704677e-09 0)
(0.0048403264 -2.2868439e-09 0)
(0.0048403062 -2.6850406e-09 0)
(0.0048402867 -3.0656785e-09 0)
(0.0048402679 -3.4291836e-09 0)
(0.0048402499 -3.7758205e-09 0)
(0.0048402326 -4.1057225e-09 0)
(0.0048402161 -4.4189193e-09 0)
(0.0048402003 -4.7153617e-09 0)
(0.0048401852 -4.9949434e-09 0)
(0.0048401709 -5.257521e-09 0)
(0.0048401573 -5.5029311e-09 0)
(0.0048401443 -5.7310058e-09 0)
(0.0048401321 -5.9415862e-09 0)
(0.0048401205 -6.1345331e-09 0)
(0.0048401095 -6.3097375e-09 0)
(0.0048400992 -6.4671283e-09 0)
(0.0048400894 -6.6066788e-09 0)
(0.0048400802 -6.7284123e-09 0)
(0.0048400716 -6.8324054e-09 0)
(0.0048400635 -6.9187913e-09 0)
(0.0048400559 -6.9877611e-09 0)
(0.0048400488 -7.0395648e-09 0)
(0.0048400422 -7.0745107e-09 0)
(0.004840036 -7.0929647e-09 0)
(0.0048400302 -7.0953488e-09 0)
(0.0048400249 -7.0821382e-09 0)
(0.0048400199 -7.0538589e-09 0)
(0.0048400153 -7.0110845e-09 0)
(0.004840011 -6.9544319e-09 0)
(0.0048400071 -6.884558e-09 0)
(0.0048400034 -6.8021551e-09 0)
(0.0048400001 -6.7079461e-09 0)
(0.004839997 -6.6026806e-09 0)
(0.0048399942 -6.4871298e-09 0)
(0.0048399917 -6.3620817e-09 0)
(0.0048399893 -6.228337e-09 0)
(0.0048399872 -6.0867036e-09 0)
(0.0048399853 -5.9379931e-09 0)
(0.0048399835 -5.7830155e-09 0)
(0.0048399819 -5.6225755e-09 0)
(0.0048399805 -5.4574685e-09 0)
(0.0048399793 -5.2884764e-09 0)
(0.0048399782 -5.1163645e-09 0)
(0.0048399772 -4.9418779e-09 0)
(0.0048399763 -4.7657385e-09 0)
(0.0048399755 -4.5886424e-09 0)
(0.0048399749 -4.4112571e-09 0)
(0.0048399744 -4.2342197e-09 0)
(0.0048399739 -4.058135e-09 0)
(0.0048399735 -3.8835739e-09 0)
(0.0048399732 -3.7110722e-09 0)
(0.004839973 -3.5411299e-09 0)
(0.0048399729 -3.3742106e-09 0)
(0.0048399728 -3.2107417e-09 0)
(0.0048399728 -3.0511145e-09 0)
(0.0048399728 -2.8956848e-09 0)
(0.0048399729 -2.744775e-09 0)
(0.0048399731 -2.5986754e-09 0)
(0.0048399733 -2.4576473e-09 0)
(0.0048399736 -2.3219266e-09 0)
(0.0048399739 -2.1917288e-09 0)
(0.0048399743 -2.0672556e-09 0)
(0.0048399747 -1.9487034e-09 0)
(0.0048399752 -1.8362745e-09 0)
(0.0048399757 -1.7301925e-09 0)
(0.0048399763 -1.6307215e-09 0)
(0.0048399769 -1.5381932e-09 0)
(0.0048399776 -1.453041e-09 0)
(0.0048399783 -1.3758478e-09 0)
(0.0048399791 -1.3074111e-09 0)
(0.00483998 -1.2488184e-09 0)
(0.0048399808 -1.201522e-09 0)
(0.0048399816 -1.1674457e-09 0)
(0.0048399829 -1.1503095e-09 0)
(0.0032282148 -8.6914487e-07 0)
(0.0032324274 -2.6319279e-06 0)
(0.0032412508 -4.3977677e-06 0)
(0.0032545776 -6.1429642e-06 0)
(0.0032722496 -7.8448791e-06 0)
(0.0032941417 -9.4819815e-06 0)
(0.0033200658 -1.103445e-05 0)
(0.0033497832 -1.2484676e-05 0)
(0.0033830145 -1.3817638e-05 0)
(0.0034194461 -1.5021167e-05 0)
(0.0034587376 -1.6086095e-05 0)
(0.0035005291 -1.7006291e-05 0)
(0.0035444496 -1.777859e-05 0)
(0.0035901237 -1.8402628e-05 0)
(0.0036371787 -1.8880609e-05 0)
(0.0036852507 -1.9217005e-05 0)
(0.0037339897 -1.9418231e-05 0)
(0.0037830645 -1.9492287e-05 0)
(0.0038321658 -1.9448409e-05 0)
(0.0038810091 -1.9296726e-05 0)
(0.0039293363 -1.9047937e-05 0)
(0.0039769171 -1.8713019e-05 0)
(0.0040235488 -1.8302972e-05 0)
(0.0040690565 -1.7828602e-05 0)
(0.0041132922 -1.7300338e-05 0)
(0.0041561334 -1.672809e-05 0)
(0.0041974821 -1.6121145e-05 0)
(0.0042372626 -1.548809e-05 0)
(0.00427542 -1.4836765e-05 0)
(0.0043119181 -1.4174244e-05 0)
(0.0043467377 -1.350683e-05 0)
(0.0043798742 -1.2840072e-05 0)
(0.0044113361 -1.2178795e-05 0)
(0.0044411432 -1.1527134e-05 0)
(0.0044693248 -1.0888579e-05 0)
(0.0044959181 -1.0266029e-05 0)
(0.004520967 -9.6618355e-06 0)
(0.0045445204 -9.0778624e-06 0)
(0.0045666315 -8.515532e-06 0)
(0.0045873564 -7.9758774e-06 0)
(0.0046067535 -7.4595893e-06 0)
(0.0046248822 -6.9670611e-06 0)
(0.0046418029 -6.4984298e-06 0)
(0.0046575758 -6.0536143e-06 0)
(0.0046722606 -5.63235e-06 0)
(0.0046859162 -5.2342199e-06 0)
(0.0046986004 -4.8586826e-06 0)
(0.0047103691 -4.5050968e-06 0)
(0.0047212769 -4.1727433e-06 0)
(0.0047313762 -3.8608437e-06 0)
(0.0047407175 -3.5685774e-06 0)
(0.0047493493 -3.295095e-06 0)
(0.0047573176 -3.0395314e-06 0)
(0.0047646665 -2.8010151e-06 0)
(0.0047714378 -2.5786773e-06 0)
(0.0047776711 -2.3716591e-06 0)
(0.0047834039 -2.1791167e-06 0)
(0.0047886716 -2.0002271e-06 0)
(0.0047935075 -1.8341906e-06 0)
(0.0047979429 -1.6802348e-06 0)
(0.0048020073 -1.5376158e-06 0)
(0.0048057283 -1.4056202e-06 0)
(0.0048091317 -1.2835661e-06 0)
(0.0048122418 -1.1708033e-06 0)
(0.004815081 -1.0667137e-06 0)
(0.0048176704 -9.7071103e-07 0)
(0.0048200296 -8.8224035e-07 0)
(0.0048221769 -8.0077768e-07 0)
(0.0048241292 -7.2582898e-07 0)
(0.0048259024 -6.5692937e-07 0)
(0.004827511 -5.9364203e-07 0)
(0.0048289686 -5.3555721e-07 0)
(0.0048302877 -4.8229101e-07 0)
(0.00483148 -4.334843e-07 0)
(0.0048325562 -3.8880151e-07 0)
(0.0048335263 -3.4792948e-07 0)
(0.0048343994 -3.1057624e-07 0)
(0.0048351839 -2.7646995e-07 0)
(0.0048358876 -2.453577e-07 0)
(0.0048365178 -2.1700448e-07 0)
(0.004837081 -1.9119208e-07 0)
(0.0048375832 -1.6771806e-07 0)
(0.0048380301 -1.4639484e-07 0)
(0.0048384267 -1.2704868e-07 0)
(0.0048387778 -1.0951882e-07 0)
(0.0048390876 -9.365664e-08 0)
(0.0048393601 -7.9324804e-08 0)
(0.0048395989 -6.6396527e-08 0)
(0.0048398072 -5.4754827e-08 0)
(0.0048399882 -4.4291841e-08 0)
(0.0048401444 -3.4908173e-08 0)
(0.0048402786 -2.6512283e-08 0)
(0.0048403928 -1.9019908e-08 0)
(0.0048404893 -1.2353529e-08 0)
(0.0048405699 -6.4418552e-09 0)
(0.0048406362 -1.2193589e-09 0)
(0.00484069 3.3741729e-09 0)
(0.0048407326 7.3940499e-09 0)
(0.0048407652 1.0891064e-08 0)
(0.0048407891 1.3911848e-08 0)
(0.0048408053 1.6499211e-08 0)
(0.0048408147 1.8692443e-08 0)
(0.0048408182 2.0527608e-08 0)
(0.0048408166 2.2037806e-08 0)
(0.0048408105 2.3253419e-08 0)
(0.0048408007 2.4202338e-08 0)
(0.0048407876 2.4910173e-08 0)
(0.0048407717 2.5400447e-08 0)
(0.0048407536 2.5694767e-08 0)
(0.0048407335 2.5812995e-08 0)
(0.0048407119 2.5773392e-08 0)
(0.0048406891 2.5592754e-08 0)
(0.0048406654 2.5286536e-08 0)
(0.0048406409 2.4868971e-08 0)
(0.004840616 2.4353167e-08 0)
(0.0048405908 2.3751203e-08 0)
(0.0048405655 2.3074216e-08 0)
(0.0048405402 2.2332477e-08 0)
(0.0048405151 2.153546e-08 0)
(0.0048404903 2.0691909e-08 0)
(0.0048404658 1.9809889e-08 0)
(0.0048404418 1.8896845e-08 0)
(0.0048404183 1.795964e-08 0)
(0.0048403954 1.7004604e-08 0)
(0.0048403731 1.6037567e-08 0)
(0.0048403515 1.5063895e-08 0)
(0.0048403306 1.4088519e-08 0)
(0.0048403104 1.3115963e-08 0)
(0.0048402909 1.2150367e-08 0)
(0.0048402721 1.1195512e-08 0)
(0.0048402541 1.025484e-08 0)
(0.0048402369 9.3314685e-09 0)
(0.0048402204 8.4282111e-09 0)
(0.0048402046 7.5475917e-09 0)
(0.0048401895 6.6918585e-09 0)
(0.0048401752 5.8629976e-09 0)
(0.0048401616 5.062745e-09 0)
(0.0048401487 4.2925987e-09 0)
(0.0048401364 3.5538298e-09 0)
(0.0048401248 2.8474932e-09 0)
(0.0048401138 2.1744377e-09 0)
(0.0048401035 1.5353166e-09 0)
(0.0048400937 9.3059712e-10 0)
(0.0048400845 3.605703e-10 0)
(0.0048400759 -1.7463948e-10 0)
(0.0048400678 -6.7506501e-10 0)
(0.0048400602 -1.1408868e-09 0)
(0.0048400531 -1.5724239e-09 0)
(0.0048400464 -1.9701242e-09 0)
(0.0048400402 -2.3345556e-09 0)
(0.0048400345 -2.6663967e-09 0)
(0.0048400291 -2.9664274e-09 0)
(0.0048400241 -3.2355204e-09 0)
(0.0048400195 -3.4746317e-09 0)
(0.0048400152 -3.6847922e-09 0)
(0.0048400112 -3.8670989e-09 0)
(0.0048400076 -4.0227065e-09 0)
(0.0048400042 -4.152819e-09 0)
(0.0048400012 -4.2586818e-09 0)
(0.0048399983 -4.3415737e-09 0)
(0.0048399958 -4.4027998e-09 0)
(0.0048399934 -4.443684e-09 0)
(0.0048399913 -4.4655619e-09 0)
(0.0048399893 -4.4697746e-09 0)
(0.0048399875 -4.4576626e-09 0)
(0.004839986 -4.4305594e-09 0)
(0.0048399845 -4.3897867e-09 0)
(0.0048399833 -4.3366489e-09 0)
(0.0048399821 -4.2724284e-09 0)
(0.0048399811 -4.1983818e-09 0)
(0.0048399803 -4.1157354e-09 0)
(0.0048399795 -4.025682e-09 0)
(0.0048399788 -3.9293778e-09 0)
(0.0048399783 -3.8279394e-09 0)
(0.0048399778 -3.7224417e-09 0)
(0.0048399774 -3.6139152e-09 0)
(0.0048399771 -3.5033449e-09 0)
(0.0048399769 -3.3916682e-09 0)
(0.0048399767 -3.2797737e-09 0)
(0.0048399766 -3.1685e-09 0)
(0.0048399766 -3.0586349e-09 0)
(0.0048399766 -2.9509139e-09 0)
(0.0048399767 -2.8460199e-09 0)
(0.0048399769 -2.7445817e-09 0)
(0.0048399771 -2.6471732e-09 0)
(0.0048399774 -2.5543117e-09 0)
(0.0048399777 -2.4664568e-09 0)
(0.004839978 -2.3840083e-09 0)
(0.0048399785 -2.3073034e-09 0)
(0.0048399789 -2.2366142e-09 0)
(0.0048399795 -2.1721438e-09 0)
(0.00483998 -2.1140218e-09 0)
(0.0048399807 -2.062299e-09 0)
(0.0048399813 -2.0169409e-09 0)
(0.0048399821 -1.9778205e-09 0)
(0.0048399829 -1.9447078e-09 0)
(0.0048399837 -1.9172579e-09 0)
(0.0048399845 -1.8950055e-09 0)
(0.0048399853 -1.8774262e-09 0)
(0.0048399866 -1.8614707e-09 0)
(0.0032282161 -2.6118789e-06 0)
(0.0032324502 -7.9087334e-06 0)
(0.0032413168 -1.3214053e-05 0)
(0.0032547059 -1.8456427e-05 0)
(0.003272456 -2.3567679e-05 0)
(0.0032944384 -2.8483003e-05 0)
(0.0033204611 -3.3142788e-05 0)
(0.003350281 -3.7494131e-05 0)
(0.0033836144 -4.1491964e-05 0)
(0.0034201432 -4.5099842e-05 0)
(0.003459523 -4.8290385e-05 0)
(0.0035013903 -5.1045375e-05 0)
(0.0035453707 -5.3355532e-05 0)
(0.0035910864 -5.5220008e-05 0)
(0.0036381625 -5.6645666e-05 0)
(0.0036862338 -5.7646181e-05 0)
(0.0037349499 -5.8241038e-05 0)
(0.0037839792 -5.8454468e-05 0)
(0.0038330131 -5.8314382e-05 0)
(0.0038817678 -5.7851337e-05 0)
(0.0039299866 -5.7097571e-05 0)
(0.0039774409 -5.6086126e-05 0)
(0.0040239298 -5.4850081e-05 0)
(0.0040692804 -5.3421898e-05 0)
(0.0041133469 -5.1832888e-05 0)
(0.0041560088 -5.0112782e-05 0)
(0.0041971703 -4.8289421e-05 0)
(0.0042367577 -4.6388527e-05 0)
(0.004274718 -4.4433576e-05 0)
(0.0043110168 -4.2445732e-05 0)
(0.0043456364 -4.0443844e-05 0)
(0.0043785738 -3.8444495e-05 0)
(0.0044098388 -3.6462091e-05 0)
(0.0044394522 -3.4508972e-05 0)
(0.0044674444 -3.259555e-05 0)
(0.0044938534 -3.0730456e-05 0)
(0.0045187236 -2.8920695e-05 0)
(0.0045421047 -2.7171803e-05 0)
(0.0045640501 -2.5488003e-05 0)
(0.0045846162 -2.3872352e-05 0)
(0.0046038617 -2.2326885e-05 0)
(0.0046218461 -2.085275e-05 0)
(0.0046386297 -1.9450331e-05 0)
(0.0046542727 -1.8119359e-05 0)
(0.0046688347 -1.6859022e-05 0)
(0.0046823747 -1.5668051e-05 0)
(0.0046949499 -1.454481e-05 0)
(0.0047066164 -1.3487363e-05 0)
(0.0047174283 -1.2493543e-05 0)
(0.0047274379 -1.1561011e-05 0)
(0.0047366955 -1.0687299e-05 0)
(0.0047452491 -9.8698559e-06 0)
(0.0047531446 -9.1060846e-06 0)
(0.0047604257 -8.39337e-06 0)
(0.0047671341 -7.7291059e-06 0)
(0.0047733091 -7.1107159e-06 0)
(0.0047789878 -6.5356707e-06 0)
(0.0047842055 -6.0015018e-06 0)
(0.0047889951 -5.505813e-06 0)
(0.0047933878 -5.0462883e-06 0)
(0.0047974128 -4.6206987e-06 0)
(0.0048010975 -4.2269061e-06 0)
(0.0048044675 -3.8628665e-06 0)
(0.0048075469 -3.5266314e-06 0)
(0.0048103578 -3.2163481e-06 0)
(0.0048129213 -2.9302593e-06 0)
(0.0048152568 -2.6667019e-06 0)
(0.0048173824 -2.4241049e-06 0)
(0.0048193149 -2.2009872e-06 0)
(0.0048210699 -1.9959547e-06 0)
(0.0048226619 -1.8076976e-06 0)
(0.0048241044 -1.6349866e-06 0)
(0.0048254098 -1.4766702e-06 0)
(0.0048265896 -1.3316708e-06 0)
(0.0048276545 -1.1989813e-06 0)
(0.0048286142 -1.0776616e-06 0)
(0.0048294779 -9.6683502e-07 0)
(0.004830254 -8.6568524e-07 0)
(0.0048309501 -7.7345254e-07 0)
(0.0048315734 -6.8943075e-07 0)
(0.0048321303 -6.1296407e-07 0)
(0.0048326269 -5.4344402e-07 0)
(0.0048330688 -4.8030653e-07 0)
(0.0048334609 -4.2302915e-07 0)
(0.0048338079 -3.7112836e-07 0)
(0.0048341142 -3.2415705e-07 0)
(0.0048343835 -2.8170208e-07 0)
(0.0048346194 -2.4338202e-07 0)
(0.0048348253 -2.0884494e-07 0)
(0.004835004 -1.7776639e-07 0)
(0.0048351583 -1.4984748e-07 0)
(0.0048352907 -1.24813e-07 0)
(0.0048354035 -1.0240978e-07 0)
(0.0048354987 -8.2405057e-08 0)
(0.0048355781 -6.4584947e-08 0)
(0.0048356436 -4.8753065e-08 0)
(0.0048356965 -3.4729193e-08 0)
(0.0048357384 -2.234805e-08 0)
(0.0048357705 -1.1458141e-08 0)
(0.0048357939 -1.9206878e-09 0)
(0.0048358097 6.3913702e-09 0)
(0.0048358189 1.3594304e-08 0)
(0.0048358222 1.9794456e-08 0)
(0.0048358204 2.5089041e-08 0)
(0.0048358143 2.9566886e-08 0)
(0.0048358044 3.3309119e-08 0)
(0.0048357913 3.6389802e-08 0)
(0.0048357754 3.8876522e-08 0)
(0.0048357574 4.083093e-08 0)
(0.0048357374 4.2309242e-08 0)
(0.0048357159 4.3362699e-08 0)
(0.0048356933 4.403799e-08 0)
(0.0048356697 4.4377647e-08 0)
(0.0048356454 4.4420394e-08 0)
(0.0048356207 4.4201483e-08 0)
(0.0048355957 4.3752989e-08 0)
(0.0048355705 4.310409e-08 0)
(0.0048355455 4.2281314e-08 0)
(0.0048355206 4.1308775e-08 0)
(0.004835496 4.0208375e-08 0)
(0.0048354717 3.9000004e-08 0)
(0.0048354479 3.7701706e-08 0)
(0.0048354246 3.6329844e-08 0)
(0.0048354019 3.4899241e-08 0)
(0.0048353798 3.3423314e-08 0)
(0.0048353584 3.1914187e-08 0)
(0.0048353376 3.0382807e-08 0)
(0.0048353176 2.8839037e-08 0)
(0.0048352983 2.7291748e-08 0)
(0.0048352797 2.5748897e-08 0)
(0.0048352619 2.4217602e-08 0)
(0.0048352448 2.270421e-08 0)
(0.0048352284 2.1214357e-08 0)
(0.0048352128 1.9753019e-08 0)
(0.0048351978 1.8324571e-08 0)
(0.0048351836 1.6932826e-08 0)
(0.0048351701 1.5581078e-08 0)
(0.0048351573 1.4272143e-08 0)
(0.0048351452 1.3008394e-08 0)
(0.0048351336 1.1791793e-08 0)
(0.0048351228 1.062392e-08 0)
(0.0048351125 9.5060034e-09 0)
(0.0048351028 8.4389461e-09 0)
(0.0048350937 7.4233485e-09 0)
(0.0048350851 6.4595324e-09 0)
(0.0048350771 5.5475626e-09 0)
(0.0048350696 4.6872673e-09 0)
(0.0048350625 3.8782572e-09 0)
(0.0048350559 3.119944e-09 0)
(0.0048350498 2.4115581e-09 0)
(0.004835044 1.752165e-09 0)
(0.0048350387 1.1406809e-09 0)
(0.0048350337 5.7588845e-10 0)
(0.0048350291 5.6450974e-11 0)
(0.0048350249 -4.1907377e-10 0)
(0.004835021 -8.5222023e-10 0)
(0.0048350173 -1.2446024e-09 0)
(0.004835014 -1.5979019e-09 0)
(0.0048350109 -1.9138565e-09 0)
(0.0048350081 -2.194249e-09 0)
(0.0048350055 -2.4408973e-09 0)
(0.0048350032 -2.6556444e-09 0)
(0.0048350011 -2.8403496e-09 0)
(0.0048349991 -2.9968795e-09 0)
(0.0048349974 -3.1271001e-09 0)
(0.0048349958 -3.2328699e-09 0)
(0.0048349943 -3.3160322e-09 0)
(0.0048349931 -3.3784094e-09 0)
(0.0048349919 -3.421797e-09 0)
(0.0048349909 -3.4479585e-09 0)
(0.00483499 -3.4586203e-09 0)
(0.0048349893 -3.4554681e-09 0)
(0.0048349886 -3.4401421e-09 0)
(0.004834988 -3.4142347e-09 0)
(0.0048349876 -3.3792867e-09 0)
(0.0048349872 -3.3367848e-09 0)
(0.0048349869 -3.2881591e-09 0)
(0.0048349866 -3.2347809e-09 0)
(0.0048349865 -3.1779603e-09 0)
(0.0048349864 -3.1189439e-09 0)
(0.0048349863 -3.0589126e-09 0)
(0.0048349863 -2.9989786e-09 0)
(0.0048349864 -2.9401823e-09 0)
(0.0048349866 -2.8834882e-09 0)
(0.0048349868 -2.8297801e-09 0)
(0.004834987 -2.7798545e-09 0)
(0.0048349873 -2.7344128e-09 0)
(0.0048349877 -2.6940506e-09 0)
(0.0048349881 -2.6592444e-09 0)
(0.0048349886 -2.6303345e-09 0)
(0.0048349891 -2.6075025e-09 0)
(0.0048349897 -2.5907428e-09 0)
(0.0048349903 -2.5798256e-09 0)
(0.0048349909 -2.5742491e-09 0)
(0.0048349917 -2.5731785e-09 0)
(0.0048349924 -2.5753604e-09 0)
(0.0048349932 -2.5790232e-09 0)
(0.0048349941 -2.5817873e-09 0)
(0.0048349948 -2.5807062e-09 0)
(0.0048349962 -2.5659822e-09 0)
(0.0032282186 -4.3681114e-06 0)
(0.0032324959 -1.322487e-05 0)
(0.0032414494 -2.2093357e-05 0)
(0.0032549637 -3.0853514e-05 0)
(0.0032728705 -3.9390822e-05 0)
(0.0032950341 -4.7596566e-05 0)
(0.0033212543 -5.5370899e-05 0)
(0.0033512794 -6.2625395e-05 0)
(0.0033848167 -6.928492e-05 0)
(0.0034215396 -7.5288949e-05 0)
(0.0034610952 -8.059227e-05 0)
(0.0035031128 -8.516511e-05 0)
(0.0035472116 -8.8992725e-05 0)
(0.0035930084 -9.207451e-05 0)
(0.0036401247 -9.4422755e-05 0)
(0.0036881927 -9.6061106e-05 0)
(0.0037368603 -9.7022855e-05 0)
(0.0037857962 -9.7349144e-05 0)
(0.0038346925 -9.7087165e-05 0)
(0.0038832675 -9.6288419e-05 0)
(0.0039312673 -9.5007103e-05 0)
(0.0039784662 -9.3298646e-05 0)
(0.0040246675 -9.1218436e-05 0)
(0.0040697022 -8.8820733e-05 0)
(0.0041134287 -8.6157789e-05 0)
(0.0041557309 -8.3279153e-05 0)
(0.0041965169 -8.0231151e-05 0)
(0.0042357174 -7.7056537e-05 0)
(0.004273283 -7.3794275e-05 0)
(0.0043091828 -7.0479446e-05 0)
(0.0043434026 -6.7143259e-05 0)
(0.004375942 -6.3813135e-05 0)
(0.0044068135 -6.051286e-05 0)
(0.0044360403 -5.7262786e-05 0)
(0.0044636544 -5.4080052e-05 0)
(0.0044896955 -5.0978846e-05 0)
(0.0045142094 -4.7970656e-05 0)
(0.0045372467 -4.5064537e-05 0)
(0.0045588617 -4.226737e-05 0)
(0.0045791115 -3.9584113e-05 0)
(0.0045980548 -3.7018033e-05 0)
(0.0046157516 -3.4570937e-05 0)
(0.0046322621 -3.2243368e-05 0)
(0.0046476465 -3.0034804e-05 0)
(0.0046619642 -2.7943821e-05 0)
(0.0046752738 -2.596825e-05 0)
(0.0046876323 -2.4105318e-05 0)
(0.0046990953 -2.2351764e-05 0)
(0.0047097165 -2.0703952e-05 0)
(0.0047195477 -1.9157958e-05 0)
(0.0047286386 -1.7709658e-05 0)
(0.0047370366 -1.6354793e-05 0)
(0.0047447873 -1.5089028e-05 0)
(0.0047519338 -1.3908006e-05 0)
(0.0047585171 -1.2807385e-05 0)
(0.004764576 -1.1782878e-05 0)
(0.0047701472 -1.0830277e-05 0)
(0.0047752654 -9.9454781e-06 0)
(0.004779963 -9.124497e-06 0)
(0.0047842708 -8.3634861e-06 0)
(0.0047882175 -7.6587425e-06 0)
(0.00479183 -7.0067154e-06 0)
(0.0047951336 -6.404011e-06 0)
(0.0047981519 -5.8473947e-06 0)
(0.0048009068 -5.3337916e-06 0)
(0.0048034188 -4.8602854e-06 0)
(0.0048057072 -4.4241165e-06 0)
(0.0048077896 -4.0226783e-06 0)
(0.0048096825 -3.6535138e-06 0)
(0.0048114014 -3.3143105e-06 0)
(0.0048129605 -3.0028957e-06 0)
(0.004814373 -2.7172306e-06 0)
(0.004815651 -2.4554053e-06 0)
(0.0048168059 -2.2156327e-06 0)
(0.0048178481 -1.9962424e-06 0)
(0.0048187873 -1.7956755e-06 0)
(0.0048196324 -1.6124782e-06 0)
(0.0048203916 -1.4452967e-06 0)
(0.0048210725 -1.2928711e-06 0)
(0.004821682 -1.1540303e-06 0)
(0.0048222265 -1.0276868e-06 0)
(0.004822712 -9.1283154e-07 0)
(0.0048231438 -8.0852906e-07 0)
(0.004823527 -7.1391297e-07 0)
(0.0048238659 -6.2818144e-07 0)
(0.004824165 -5.5059299e-07 0)
(0.0048244279 -4.8046254e-07 0)
(0.0048246581 -4.1715756e-07 0)
(0.0048248589 -3.6009449e-07 0)
(0.0048250332 -3.0873539e-07 0)
(0.0048251836 -2.6258466e-07 0)
(0.0048253125 -2.2118611e-07 0)
(0.0048254223 -1.8412008e-07 0)
(0.0048255148 -1.5100078e-07 0)
(0.004825592 -1.2147384e-07 0)
(0.0048256555 -9.5213909e-08 0)
(0.0048257068 -7.1922533e-08 0)
(0.0048257473 -5.1326079e-08 0)
(0.0048257782 -3.3173846e-08 0)
(0.0048258006 -1.7236279e-08 0)
(0.0048258156 -3.3033287e-09 0)
(0.0048258241 8.8170981e-09 0)
(0.004825827 1.930056e-08 0)
(0.0048258248 2.8307413e-08 0)
(0.0048258185 3.5984035e-08 0)
(0.0048258084 4.2463972e-08 0)
(0.0048257953 4.7868992e-08 0)
(0.0048257795 5.231006e-08 0)
(0.0048257615 5.5888243e-08 0)
(0.0048257417 5.8695539e-08 0)
(0.0048257204 6.081565e-08 0)
(0.004825698 6.2324683e-08 0)
(0.0048256746 6.3291807e-08 0)
(0.0048256506 6.3779845e-08 0)
(0.0048256262 6.3845831e-08 0)
(0.0048256016 6.3541509e-08 0)
(0.0048255768 6.2913797e-08 0)
(0.0048255521 6.2005213e-08 0)
(0.0048255275 6.085426e-08 0)
(0.0048255033 5.9495778e-08 0)
(0.0048254794 5.7961274e-08 0)
(0.004825456 5.6279213e-08 0)
(0.0048254331 5.4475288e-08 0)
(0.0048254107 5.2572665e-08 0)
(0.004825389 5.059221e-08 0)
(0.0048253679 4.8552685e-08 0)
(0.0048253475 4.647094e-08 0)
(0.0048253278 4.4362078e-08 0)
(0.0048253088 4.2239609e-08 0)
(0.0048252905 4.0115585e-08 0)
(0.004825273 3.8000731e-08 0)
(0.0048252562 3.5904556e-08 0)
(0.0048252401 3.3835458e-08 0)
(0.0048252247 3.1800819e-08 0)
(0.0048252101 2.9807091e-08 0)
(0.0048251961 2.7859873e-08 0)
(0.0048251828 2.5963983e-08 0)
(0.0048251702 2.4123525e-08 0)
(0.0048251583 2.2341943e-08 0)
(0.004825147 2.0622083e-08 0)
(0.0048251363 1.8966236e-08 0)
(0.0048251262 1.737619e-08 0)
(0.0048251167 1.5853267e-08 0)
(0.0048251077 1.4398366e-08 0)
(0.0048250993 1.3011994e-08 0)
(0.0048250914 1.1694308e-08 0)
(0.004825084 1.0445138e-08 0)
(0.004825077 9.2640205e-09 0)
(0.0048250705 8.1502245e-09 0)
(0.0048250645 7.1027772e-09 0)
(0.0048250588 6.1204882e-09 0)
(0.0048250536 5.2019716e-09 0)
(0.0048250487 4.3456675e-09 0)
(0.0048250442 3.5498616e-09 0)
(0.00482504 2.8127046e-09 0)
(0.0048250361 2.1322294e-09 0)
(0.0048250326 1.506368e-09 0)
(0.0048250293 9.3296728e-10 0)
(0.0048250262 4.0980366e-10 0)
(0.0048250235 -6.5402842e-11 0)
(0.0048250209 -4.949757e-10 0)
(0.0048250186 -8.8126968e-10 0)
(0.0048250165 -1.2266595e-09 0)
(0.0048250146 -1.5335295e-09 0)
(0.0048250128 -1.8042634e-09 0)
(0.0048250113 -2.0412359e-09 0)
(0.0048250099 -2.2468041e-09 0)
(0.0048250086 -2.4233e-09 0)
(0.0048250075 -2.573024e-09 0)
(0.0048250065 -2.698238e-09 0)
(0.0048250056 -2.8011608e-09 0)
(0.0048250048 -2.8839624e-09 0)
(0.0048250042 -2.9487596e-09 0)
(0.0048250036 -2.9976124e-09 0)
(0.0048250031 -3.03252e-09 0)
(0.0048250027 -3.0554176e-09 0)
(0.0048250024 -3.0681734e-09 0)
(0.0048250022 -3.0725851e-09 0)
(0.004825002 -3.0703775e-09 0)
(0.0048250019 -3.0631984e-09 0)
(0.0048250018 -3.0526153e-09 0)
(0.0048250019 -3.0401107e-09 0)
(0.0048250019 -3.0270764e-09 0)
(0.0048250021 -3.0148068e-09 0)
(0.0048250022 -3.0044901e-09 0)
(0.0048250025 -2.9971967e-09 0)
(0.0048250028 -2.9938648e-09 0)
(0.0048250031 -2.9952817e-09 0)
(0.0048250035 -3.0020594e-09 0)
(0.004825004 -3.0146032e-09 0)
(0.0048250045 -3.0330714e-09 0)
(0.004825005 -3.0573225e-09 0)
(0.0048250056 -3.0868474e-09 0)
(0.0048250063 -3.120681e-09 0)
(0.004825007 -3.1572878e-09 0)
(0.0048250077 -3.1944028e-09 0)
(0.0048250085 -3.2288465e-09 0)
(0.0048250094 -3.2563581e-09 0)
(0.0048250101 -3.2715909e-09 0)
(0.0048250114 -3.2581341e-09 0)
(0.0032282223 -6.146995e-06 0)
(0.0032325651 -1.8606977e-05 0)
(0.0032416499 -3.1078299e-05 0)
(0.0032553533 -4.3390676e-05 0)
(0.0032734966 -5.5381899e-05 0)
(0.0032959332 -6.6898273e-05 0)
(0.0033224506 -7.7798979e-05 0)
(0.0033527838 -8.7959693e-05 0)
(0.0033866267 -9.7275215e-05 0)
(0.0034236395 -0.00010566128 0)
(0.0034634568 -0.00011305551 0)
(0.0035056969 -0.00011941749 0)
(0.0035499695 -0.00012472812 0)
(0.0035958835 -0.00012898828 0)
(0.0036430548 -0.00013221697 0)
(0.0036911118 -0.00013444912 0)
(0.0037397007 -0.00013573304 0)
(0.00378849 -0.00013612794 0)
(0.0038371737 -0.00013570129 0)
(0.0038854729 -0.00013452639 0)
(0.003933138 -0.00013268008 0)
(0.0039799486 -0.00013024071 0)
(0.0040257134 -0.00012728635 0)
(0.0040702698 -0.00012389327 0)
(0.0041134825 -0.00012013476 0)
(0.0041552419 -0.00011608016 0)
(0.0041954624 -0.00011179417 0)
(0.0042340807 -0.00010733639 0)
(0.0042710531 -0.000102761 0)
(0.0043063541 -9.8116732e-05 0)
(0.0043399741 -9.3446826e-05 0)
(0.0043719171 -8.8789212e-05 0)
(0.0044021995 -8.4176727e-05 0)
(0.0044308476 -7.9637399e-05 0)
(0.0044578963 -7.5194786e-05 0)
(0.0044833878 -7.0868328e-05 0)
(0.0045073695 -6.6673719e-05 0)
(0.0045298937 -6.262328e-05 0)
(0.0045510159 -5.8726319e-05 0)
(0.0045707937 -5.4989484e-05 0)
(0.0045892866 -5.1417095e-05 0)
(0.0046065548 -4.8011456e-05 0)
(0.0046226586 -4.4773135e-05 0)
(0.0046376578 -4.1701233e-05 0)
(0.0046516119 -3.8793621e-05 0)
(0.0046645787 -3.6047149e-05 0)
(0.0046766148 -3.345784e-05 0)
(0.0046877751 -3.1021058e-05 0)
(0.0046981127 -2.8731655e-05 0)
(0.0047076786 -2.6584097e-05 0)
(0.0047165217 -2.4572584e-05 0)
(0.0047246887 -2.2691134e-05 0)
(0.0047322242 -2.0933674e-05 0)
(0.0047391706 -1.9294103e-05 0)
(0.0047455681 -1.7766352e-05 0)
(0.0047514546 -1.634443e-05 0)
(0.0047568662 -1.5022464e-05 0)
(0.0047618366 -1.3794729e-05 0)
(0.0047663977 -1.2655671e-05 0)
(0.0047705794 -1.1599929e-05 0)
(0.0047744099 -1.0622345e-05 0)
(0.0047779153 -9.7179758e-06 0)
(0.0047811204 -8.8820984e-06 0)
(0.004784048 -8.1102124e-06 0)
(0.0047867197 -7.3980409e-06 0)
(0.0047891554 -6.7415287e-06 0)
(0.0047913737 -6.1368393e-06 0)
(0.0047933921 -5.5803498e-06 0)
(0.0047952264 -5.0686454e-06 0)
(0.0047968918 -4.5985132e-06 0)
(0.004798402 -4.1669344e-06 0)
(0.0047997699 -3.7710773e-06 0)
(0.0048010073 -3.408289e-06 0)
(0.0048021253 -3.0760874e-06 0)
(0.004803134 -2.7721531e-06 0)
(0.0048040427 -2.4943215e-06 0)
(0.0048048602 -2.240574e-06 0)
(0.0048055944 -2.0090311e-06 0)
(0.0048062527 -1.7979437e-06 0)
(0.0048068418 -1.6056863e-06 0)
(0.0048073679 -1.4307492e-06 0)
(0.0048078369 -1.2717318e-06 0)
(0.0048082538 -1.1273358e-06 0)
(0.0048086236 -9.9635866e-07 0)
(0.0048089506 -8.7768765e-07 0)
(0.004809239 -7.7029377e-07 0)
(0.0048094923 -6.7322631e-07 0)
(0.0048097141 -5.8560758e-07 0)
(0.0048099074 -5.0662786e-07 0)
(0.004810075 -4.3554076e-07 0)
(0.0048102196 -3.7165873e-07 0)
(0.0048103434 -3.143489e-07 0)
(0.0048104487 -2.6302915e-07 0)
(0.0048105373 -2.1716439e-07 0)
(0.0048106111 -1.7626316e-07 0)
(0.0048106717 -1.3987434e-07 0)
(0.0048107205 -1.0758412e-07 0)
(0.0048107589 -7.9013219e-08 0)
(0.004810788 -5.3814176e-08 0)
(0.004810809 -3.1668938e-08 0)
(0.0048108228 -1.2286543e-08 0)
(0.0048108303 4.5990073e-09 0)
(0.0048108324 1.9230736e-08 0)
(0.0048108298 3.183053e-08 0)
(0.004810823 4.2600845e-08 0)
(0.0048108127 5.1726298e-08 0)
(0.0048107995 5.9375124e-08 0)
(0.0048107837 6.5700542e-08 0)
(0.0048107658 7.0842e-08 0)
(0.0048107462 7.4926341e-08 0)
(0.0048107252 7.8068863e-08 0)
(0.0048107031 8.0374308e-08 0)
(0.0048106801 8.1937769e-08 0)
(0.0048106566 8.2845518e-08 0)
(0.0048106326 8.3175778e-08 0)
(0.0048106084 8.2999423e-08 0)
(0.0048105841 8.2380624e-08 0)
(0.0048105599 8.1377441e-08 0)
(0.0048105359 8.0042362e-08 0)
(0.0048105122 7.8422802e-08 0)
(0.0048104889 7.6561554e-08 0)
(0.004810466 7.44972e-08 0)
(0.0048104436 7.2264493e-08 0)
(0.0048104218 6.9894698e-08 0)
(0.0048104006 6.7415905e-08 0)
(0.00481038 6.4853317e-08 0)
(0.0048103601 6.2229507e-08 0)
(0.0048103409 5.9564655e-08 0)
(0.0048103223 5.6876763e-08 0)
(0.0048103045 5.418185e-08 0)
(0.0048102874 5.1494129e-08 0)
(0.004810271 4.8826167e-08 0)
(0.0048102554 4.6189033e-08 0)
(0.0048102404 4.3592429e-08 0)
(0.0048102261 4.1044811e-08 0)
(0.0048102125 3.85535e-08 0)
(0.0048101996 3.6124782e-08 0)
(0.0048101873 3.3763993e-08 0)
(0.0048101756 3.1475612e-08 0)
(0.0048101646 2.9263327e-08 0)
(0.0048101542 2.713011e-08 0)
(0.0048101444 2.5078276e-08 0)
(0.0048101351 2.3109547e-08 0)
(0.0048101264 2.1225098e-08 0)
(0.0048101182 1.942561e-08 0)
(0.0048101105 1.7711316e-08 0)
(0.0048101032 1.6082039e-08 0)
(0.0048100965 1.4537235e-08 0)
(0.0048100901 1.3076025e-08 0)
(0.0048100842 1.1697232e-08 0)
(0.0048100787 1.0399409e-08 0)
(0.0048100736 9.1808687e-09 0)
(0.0048100689 8.0397124e-09 0)
(0.0048100645 6.9738529e-09 0)
(0.0048100604 5.9810392e-09 0)
(0.0048100566 5.0588783e-09 0)
(0.0048100531 4.2048562e-09 0)
(0.0048100499 3.4163568e-09 0)
(0.0048100469 2.6906802e-09 0)
(0.0048100442 2.0250593e-09 0)
(0.0048100417 1.4166755e-09 0)
(0.0048100395 8.6267334e-10 0)
(0.0048100374 3.6017378e-10 0)
(0.0048100355 -9.3713295e-11 0)
(0.0048100338 -5.0187769e-10 0)
(0.0048100323 -8.671984e-10 0)
(0.0048100309 -1.1925341e-09 0)
(0.0048100297 -1.4807144e-09 0)
(0.0048100286 -1.7345322e-09 0)
(0.0048100276 -1.9567364e-09 0)
(0.0048100267 -2.1500255e-09 0)
(0.004810026 -2.3170424e-09 0)
(0.0048100253 -2.4603686e-09 0)
(0.0048100247 -2.5825203e-09 0)
(0.0048100243 -2.6859437e-09 0)
(0.0048100239 -2.7730115e-09 0)
(0.0048100236 -2.8460188e-09 0)
(0.0048100233 -2.9071795e-09 0)
(0.0048100231 -2.9586223e-09 0)
(0.004810023 -3.0023864e-09 0)
(0.004810023 -3.0404158e-09 0)
(0.004810023 -3.0745539e-09 0)
(0.0048100231 -3.1065347e-09 0)
(0.0048100232 -3.1379738e-09 0)
(0.0048100234 -3.1703551e-09 0)
(0.0048100236 -3.2050149e-09 0)
(0.0048100239 -3.2431212e-09 0)
(0.0048100242 -3.2856461e-09 0)
(0.0048100246 -3.3333314e-09 0)
(0.004810025 -3.3866432e-09 0)
(0.0048100255 -3.4457135e-09 0)
(0.004810026 -3.5102644e-09 0)
(0.0048100266 -3.57951e-09 0)
(0.0048100273 -3.6520285e-09 0)
(0.0048100279 -3.7255963e-09 0)
(0.0048100287 -3.7969577e-09 0)
(0.0048100294 -3.8615571e-09 0)
(0.0048100302 -3.9132939e-09 0)
(0.0048100309 -3.9444978e-09 0)
(0.0048100322 -3.9323187e-09 0)
(0.0032282274 -7.957919e-06 0)
(0.0032326585 -2.4082329e-05 0)
(0.0032419203 -4.0212427e-05 0)
(0.0032558782 -5.6125437e-05 0)
(0.0032743394 -7.1609552e-05 0)
(0.0032971423 -8.6464589e-05 0)
(0.0033240577 -0.00010050773 0)
(0.0033548025 -0.00011357827 0)
(0.0033890522 -0.00012554097 0)
(0.0034264492 -0.00013628836 0)
(0.0034666117 -0.00014574188 0)
(0.0035091429 -0.00015385181 0)
(0.0035536398 -0.00016059631 0)
(0.0035997015 -0.00016597951 0)
(0.0036469362 -0.00017002899 0)
(0.0036949675 -0.00017279277 0)
(0.0037434398 -0.00017433597 0)
(0.0037920218 -0.00017473742 0)
(0.00384041 -0.00017408628 0)
(0.00388833 -0.00017247883 0)
(0.0039355378 -0.00017001551 0)
(0.0039818202 -0.0001667983 0)
(0.0040269937 -0.00016292841 0)
(0.0040709042 -0.00015850445 0)
(0.0041134249 -0.00015362082 0)
(0.0041544549 -0.0001483666 0)
(0.0041939171 -0.00014282469 0)
(0.0042317559 -0.00013707123 0)
(0.0042679355 -0.00013117529 0)
(0.0043024372 -0.00012519879 0)
(0.0043352577 -0.00011919658 0)
(0.0043664067 -0.00011321662 0)
(0.0043959056 -0.00010730032 0)
(0.0044237849 -0.00010148294 0)
(0.0044500833 -9.5794001e-05 0)
(0.0044748457 -9.0257789e-05 0)
(0.0044981223 -8.4893815e-05 0)
(0.0045199671 -7.9717309e-05 0)
(0.004540437 -7.4739688e-05 0)
(0.0045595908 -6.9969008e-05 0)
(0.0045774885 -6.5410388e-05 0)
(0.0045941906 -6.1066409e-05 0)
(0.0046097573 -5.6937478e-05 0)
(0.0046242484 -5.3022162e-05 0)
(0.0046377227 -4.9317488e-05 0)
(0.0046502375 -4.5819218e-05 0)
(0.0046618487 -4.2522083e-05 0)
(0.0046726103 -3.9420001e-05 0)
(0.0046825743 -3.650626e-05 0)
(0.0046917909 -3.3773682e-05 0)
(0.0047003078 -3.121476e-05 0)
(0.0047081707 -2.8821779e-05 0)
(0.0047154232 -2.658692e-05 0)
(0.0047221064 -2.4502342e-05 0)
(0.0047282595 -2.2560258e-05 0)
(0.0047339194 -2.0752987e-05 0)
(0.0047391211 -1.9073009e-05 0)
(0.0047438974 -1.7513e-05 0)
(0.004748279 -1.6065861e-05 0)
(0.0047522952 -1.4724742e-05 0)
(0.0047559729 -1.3483059e-05 0)
(0.0047593377 -1.2334504e-05 0)
(0.0047624133 -1.1273053e-05 0)
(0.004765222 -1.029297e-05 0)
(0.0047677844 -9.3888031e-06 0)
(0.0047701199 -8.5553865e-06 0)
(0.0047722465 -7.7878341e-06 0)
(0.0047741807 -7.0815331e-06 0)
(0.0047759382 -6.4321371e-06 0)
(0.0047775334 -5.835557e-06 0)
(0.0047789794 -5.2879519e-06 0)
(0.0047802889 -4.7857194e-06 0)
(0.0047814731 -4.3254854e-06 0)
(0.0047825426 -3.9040934e-06 0)
(0.0047835073 -3.5185943e-06 0)
(0.0047843762 -3.1662357e-06 0)
(0.0047851575 -2.8444521e-06 0)
(0.0047858589 -2.5508541e-06 0)
(0.0047864876 -2.283219e-06 0)
(0.0047870499 -2.0394807e-06 0)
(0.004787552 -1.8177211e-06 0)
(0.0047879992 -1.6161606e-06 0)
(0.0047883966 -1.4331496e-06 0)
(0.0047887489 -1.2671604e-06 0)
(0.0047890603 -1.1167796e-06 0)
(0.0047893347 -9.8069998e-07 0)
(0.0047895756 -8.5771413e-07 0)
(0.0047897863 -7.4670728e-07 0)
(0.0047899698 -6.4665118e-07 0)
(0.0047901287 -5.56598e-07 0)
(0.0047902656 -4.7567471e-07 0)
(0.0047903827 -4.030778e-07 0)
(0.0047904821 -3.3806822e-07 0)
(0.0047905656 -2.7996675e-07 0)
(0.004790635 -2.2814955e-07 0)
(0.0047906917 -1.8204408e-07 0)
(0.0047907372 -1.4112524e-07 0)
(0.0047907728 -1.0491175e-07 0)
(0.0047907997 -7.2962837e-08 0)
(0.0047908187 -4.4875065e-08 0)
(0.004790831 -2.027944e-08 0)
(0.0047908373 1.1613058e-09 0)
(0.0047908384 1.9755235e-08 0)
(0.004790835 3.5783544e-08 0)
(0.0047908278 4.9502736e-08 0)
(0.0047908172 6.1146633e-08 0)
(0.0047908038 7.092824e-08 0)
(0.004790788 7.9041466e-08 0)
(0.0047907703 8.5662723e-08 0)
(0.0047907509 9.0952396e-08 0)
(0.0047907302 9.5056199e-08 0)
(0.0047907085 9.8106428e-08 0)
(0.0047906861 1.0022311e-07 0)
(0.004790663 1.0151508e-07 0)
(0.0047906396 1.0208093e-07 0)
(0.0047906161 1.0200993e-07 0)
(0.0047905925 1.0138281e-07 0)
(0.0047905689 1.0027258e-07 0)
(0.0047905456 9.8745153e-08 0)
(0.0047905226 9.6860016e-08 0)
(0.0047905 9.4670791e-08 0)
(0.0047904778 9.2225769e-08 0)
(0.0047904561 8.9568389e-08 0)
(0.0047904349 8.6737677e-08 0)
(0.0047904144 8.3768647e-08 0)
(0.0047903945 8.0692666e-08 0)
(0.0047903752 7.7537784e-08 0)
(0.0047903566 7.4329037e-08 0)
(0.0047903387 7.1088722e-08 0)
(0.0047903215 6.7836645e-08 0)
(0.004790305 6.4590347e-08 0)
(0.0047902892 6.1365313e-08 0)
(0.004790274 5.8175155e-08 0)
(0.0047902596 5.5031781e-08 0)
(0.0047902458 5.1945555e-08 0)
(0.0047902326 4.8925429e-08 0)
(0.0047902201 4.5979077e-08 0)
(0.0047902083 4.3113006e-08 0)
(0.0047901971 4.0332664e-08 0)
(0.0047901864 3.7642532e-08 0)
(0.0047901764 3.5046219e-08 0)
(0.0047901669 3.2546533e-08 0)
(0.0047901579 3.0145559e-08 0)
(0.0047901495 2.7844724e-08 0)
(0.0047901416 2.5644862e-08 0)
(0.0047901342 2.3546265e-08 0)
(0.0047901272 2.1548736e-08 0)
(0.0047901207 1.965164e-08 0)
(0.0047901146 1.7853947e-08 0)
(0.0047901089 1.615427e-08 0)
(0.0047901035 1.4550906e-08 0)
(0.0047900986 1.3041868e-08 0)
(0.004790094 1.1624922e-08 0)
(0.0047900898 1.0297614e-08 0)
(0.0047900858 9.0572981e-09 0)
(0.0047900822 7.9011656e-09 0)
(0.0047900788 6.8262659e-09 0)
(0.0047900757 5.8295315e-09 0)
(0.0047900728 4.9077982e-09 0)
(0.0047900702 4.057825e-09 0)
(0.0047900678 3.2763119e-09 0)
(0.0047900656 2.5599172e-09 0)
(0.0047900636 1.9052724e-09 0)
(0.0047900618 1.3089966e-09 0)
(0.0047900601 7.6770965e-10 0)
(0.0047900586 2.7804379e-10 0)
(0.0047900573 -1.6334541e-10 0)
(0.0047900561 -5.5976933e-10 0)
(0.004790055 -9.1449753e-10 0)
(0.0047900541 -1.2307498e-09 0)
(0.0047900532 -1.5116892e-09 0)
(0.0047900525 -1.7604156e-09 0)
(0.0047900518 -1.97996e-09 0)
(0.0047900513 -2.1732796e-09 0)
(0.0047900508 -2.3432528e-09 0)
(0.0047900504 -2.4926749e-09 0)
(0.0047900501 -2.6242539e-09 0)
(0.0047900499 -2.7406056e-09 0)
(0.0047900497 -2.8442492e-09 0)
(0.0047900496 -2.9376014e-09 0)
(0.0047900495 -3.0229704e-09 0)
(0.0047900495 -3.1025472e-09 0)
(0.0047900496 -3.1783962e-09 0)
(0.0047900497 -3.2524421e-09 0)
(0.0047900499 -3.3264537e-09 0)
(0.0047900501 -3.4020226e-09 0)
(0.0047900503 -3.4805364e-09 0)
(0.0047900507 -3.5631436e-09 0)
(0.004790051 -3.6507082e-09 0)
(0.0047900514 -3.7437511e-09 0)
(0.0047900519 -3.8423746e-09 0)
(0.0047900524 -3.946164e-09 0)
(0.004790053 -4.0540602e-09 0)
(0.0047900536 -4.1641943e-09 0)
(0.0047900542 -4.2736722e-09 0)
(0.0047900549 -4.3782761e-09 0)
(0.0047900557 -4.4721185e-09 0)
(0.0047900564 -4.547329e-09 0)
(0.0047900571 -4.5939863e-09 0)
(0.0047900583 -4.583082e-09 0)
(0.0032282339 -9.8106111e-06 0)
(0.003232777 -2.967911e-05 0)
(0.0032422632 -4.9540601e-05 0)
(0.0032565433 -6.9116838e-05 0)
(0.003275406 -8.8143905e-05 0)
(0.0032986707 -0.00010637318 0)
(0.0033260862 -0.00012357856 0)
(0.0033573464 -0.00013956234 0)
(0.0033921035 -0.00015415938 0)
(0.0034299772 -0.00016723982 0)
(0.0034705646 -0.00017871023 0)
(0.0035134504 -0.00018851344 0)
(0.0035582159 -0.00019662702 0)
(0.0036044477 -0.00020306074 0)
(0.0036517453 -0.00020785319 0)
(0.0036997269 -0.00021106787 0)
(0.0037480346 -0.00021278897 0)
(0.0037963383 -0.00021311702 0)
(0.0038443379 -0.00021216465 0)
(0.0038917651 -0.0002100526 0)
(0.0039383837 -0.00020690609 0)
(0.0039839894 -0.00020285159 0)
(0.0040284092 -0.00019801408 0)
(0.0040714994 -0.00019251476 0)
(0.0041131442 -0.00018646928 0)
(0.0041532535 -0.00017998634 0)
(0.0041917608 -0.00017316675 0)
(0.0042286205 -0.00016610279 0)
(0.0042638061 -0.00015887792 0)
(0.0042973076 -0.00015156673 0)
(0.0043291293 -0.00014423504 0)
(0.0043592881 -0.00013694026 0)
(0.004387811 -0.00012973176 0)
(0.0044147339 -0.00012265142 0)
(0.0044400999 -0.00011573418 0)
(0.0044639576 -0.00010900863 0)
(0.0044863598 -0.00010249761 0)
(0.004507363 -9.6218809e-05 0)
(0.0045270257 -9.0185353e-05 0)
(0.0045454078 -8.4406345e-05 0)
(0.00456257 -7.8887389e-05 0)
(0.0045785729 -7.3631073e-05 0)
(0.0045934769 -6.8637405e-05 0)
(0.0046073412 -6.390422e-05 0)
(0.0046202241 -5.942754e-05 0)
(0.0046321821 -5.52019e-05 0)
(0.00464327 -5.1220634e-05 0)
(0.0046535408 -4.747613e-05 0)
(0.0046630453 -4.396005e-05 0)
(0.0046718323 -4.0663522e-05 0)
(0.0046799482 -3.7577308e-05 0)
(0.0046874374 -3.4691944e-05 0)
(0.0046943421 -3.1997859e-05 0)
(0.0047007021 -2.9485479e-05 0)
(0.0047065552 -2.714531e-05 0)
(0.004711937 -2.4968004e-05 0)
(0.0047168811 -2.2944416e-05 0)
(0.0047214192 -2.1065654e-05 0)
(0.0047255808 -1.9323103e-05 0)
(0.0047293939 -1.7708462e-05 0)
(0.0047328844 -1.6213753e-05 0)
(0.0047360768 -1.4831342e-05 0)
(0.0047389938 -1.355394e-05 0)
(0.0047416568 -1.2374611e-05 0)
(0.0047440854 -1.1286765e-05 0)
(0.0047462982 -1.0284163e-05 0)
(0.0047483123 -9.3609032e-06 0)
(0.0047501436 -8.5114168e-06 0)
(0.004751807 -7.7304582e-06 0)
(0.0047533161 -7.013094e-06 0)
(0.0047546838 -6.3546914e-06 0)
(0.0047559217 -5.7509061e-06 0)
(0.0047570408 -5.19767e-06 0)
(0.0047580512 -4.6911781e-06 0)
(0.004758962 -4.2278763e-06 0)
(0.0047597821 -3.804448e-06 0)
(0.0047605191 -3.4178021e-06 0)
(0.0047611805 -3.0650602e-06 0)
(0.004761773 -2.7435452e-06 0)
(0.0047623027 -2.4507689e-06 0)
(0.0047627753 -2.1844215e-06 0)
(0.004763196 -1.9423601e-06 0)
(0.0047635696 -1.722599e-06 0)
(0.0047639006 -1.5232991e-06 0)
(0.0047641929 -1.3427588e-06 0)
(0.0047644502 -1.1794051e-06 0)
(0.0047646759 -1.0317848e-06 0)
(0.0047648731 -8.9855649e-07 0)
(0.0047650446 -7.7848284e-07 0)
(0.0047651929 -6.7042351e-07 0)
(0.0047653205 -5.7332822e-07 0)
(0.0047654294 -4.862304e-07 0)
(0.0047655216 -4.0824111e-07 0)
(0.0047655989 -3.3854346e-07 0)
(0.0047656628 -2.7638723e-07 0)
(0.0047657149 -2.2108398e-07 0)
(0.0047657565 -1.7200237e-07 0)
(0.0047657888 -1.2856385e-07 0)
(0.0047658128 -9.0238587e-08 0)
(0.0047658295 -5.654174e-08 0)
(0.0047658399 -2.7029908e-08 0)
(0.0047658447 -1.2978884e-09 0)
(0.0047658446 2.1024365e-08 0)
(0.0047658404 4.0274558e-08 0)
(0.0047658325 5.6760674e-08 0)
(0.0047658216 7.0763393e-08 0)
(0.004765808 8.2538336e-08 0)
(0.0047657922 9.2318147e-08 0)
(0.0047657747 1.0031441e-07 0)
(0.0047657556 1.067194e-07 0)
(0.0047657353 1.1170777e-07 0)
(0.0047657142 1.1543801e-07 0)
(0.0047656923 1.1805383e-07 0)
(0.0047656699 1.1968551e-07 0)
(0.0047656473 1.2045097e-07 0)
(0.0047656245 1.2045695e-07 0)
(0.0047656017 1.1979991e-07 0)
(0.004765579 1.1856702e-07 0)
(0.0047655565 1.1683694e-07 0)
(0.0047655343 1.1468057e-07 0)
(0.0047655125 1.1216182e-07 0)
(0.0047654912 1.0933814e-07 0)
(0.0047654704 1.0626122e-07 0)
(0.0047654501 1.029774e-07 0)
(0.0047654304 9.9528248e-08 0)
(0.0047654113 9.5950952e-08 0)
(0.0047653928 9.227873e-08 0)
(0.004765375 8.8541198e-08 0)
(0.0047653578 8.4764697e-08 0)
(0.0047653413 8.0972598e-08 0)
(0.0047653255 7.7185573e-08 0)
(0.0047653104 7.3421845e-08 0)
(0.0047652959 6.9697409e-08 0)
(0.004765282 6.6026243e-08 0)
(0.0047652689 6.242049e-08 0)
(0.0047652563 5.8890626e-08 0)
(0.0047652444 5.5445618e-08 0)
(0.004765233 5.2093055e-08 0)
(0.0047652223 4.8839283e-08 0)
(0.0047652121 4.5689515e-08 0)
(0.0047652025 4.2647938e-08 0)
(0.0047651935 3.9717808e-08 0)
(0.0047651849 3.6901535e-08 0)
(0.0047651769 3.4200767e-08 0)
(0.0047651693 3.1616461e-08 0)
(0.0047651622 2.9148948e-08 0)
(0.0047651555 2.6797998e-08 0)
(0.0047651493 2.4562873e-08 0)
(0.0047651435 2.2442382e-08 0)
(0.004765138 2.0434925e-08 0)
(0.004765133 1.8538542e-08 0)
(0.0047651282 1.6750951e-08 0)
(0.0047651239 1.5069587e-08 0)
(0.0047651198 1.3491635e-08 0)
(0.004765116 1.2014065e-08 0)
(0.0047651125 1.0633662e-08 0)
(0.0047651093 9.347053e-09 0)
(0.0047651063 8.1507317e-09 0)
(0.0047651036 7.0410854e-09 0)
(0.0047651011 6.0144153e-09 0)
(0.0047650988 5.066957e-09 0)
(0.0047650967 4.1949002e-09 0)
(0.0047650948 3.3944051e-09 0)
(0.004765093 2.6616189e-09 0)
(0.0047650914 1.9926899e-09 0)
(0.00476509 1.3837811e-09 0)
(0.0047650887 8.310817e-10 0)
(0.0047650875 3.3081798e-10 0)
(0.0047650865 -1.2073682e-10 0)
(0.0047650856 -5.2725404e-10 0)
(0.0047650848 -8.9234177e-10 0)
(0.0047650841 -1.2195379e-09 0)
(0.0047650834 -1.5123041e-09 0)
(0.0047650829 -1.7740198e-09 0)
(0.0047650825 -2.0079774e-09 0)
(0.0047650821 -2.2173768e-09 0)
(0.0047650818 -2.4053211e-09 0)
(0.0047650815 -2.5748108e-09 0)
(0.0047650814 -2.7287386e-09 0)
(0.0047650812 -2.8698825e-09 0)
(0.0047650812 -3.0008982e-09 0)
(0.0047650812 -3.1243094e-09 0)
(0.0047650812 -3.2424954e-09 0)
(0.0047650813 -3.3576757e-09 0)
(0.0047650815 -3.4718899e-09 0)
(0.0047650817 -3.586972e-09 0)
(0.0047650819 -3.7045174e-09 0)
(0.0047650822 -3.8258397e-09 0)
(0.0047650826 -3.951916e-09 0)
(0.004765083 -4.0833151e-09 0)
(0.0047650834 -4.2201052e-09 0)
(0.0047650839 -4.3617345e-09 0)
(0.0047650844 -4.5068758e-09 0)
(0.004765085 -4.6532255e-09 0)
(0.0047650856 -4.7972416e-09 0)
(0.0047650863 -4.9337815e-09 0)
(0.004765087 -5.0556823e-09 0)
(0.0047650877 -5.1533815e-09 0)
(0.0047650884 -5.2148293e-09 0)
(0.0047650895 -5.2051767e-09 0)
(0.0032282419 -1.1715247e-05 0)
(0.003232922 -3.5426705e-05 0)
(0.0032426821 -5.910942e-05 0)
(0.0032573547 -8.2425905e-05 0)
(0.0032767055 -0.000105057 0)
(0.0033005298 -0.00012670324 0)
(0.0033285494 -0.00014709367 0)
(0.0033604295 -0.00016599298 0)
(0.0033957934 -0.00018320638 0)
(0.0034342332 -0.0001985827 0)
(0.0034753206 -0.00021201549 0)
(0.0035186178 -0.00022344253 0)
(0.0035636877 -0.00023284358 0)
(0.0036101024 -0.00024023705 0)
(0.0036574512 -0.00024567564 0)
(0.0037053466 -0.00024924135 0)
(0.0037534291 -0.00025104022 0)
(0.0038013703 -0.00025119697 0)
(0.0038488754 -0.00024984988 0)
(0.0038956839 -0.00024714592 0)
(0.0039415695 -0.00024323648 0)
(0.0039863396 -0.0002382735 0)
(0.0040298335 -0.00023240637 0)
(0.0040719207 -0.00022577922 0)
(0.0041124988 -0.00021852895 0)
(0.0041514908 -0.0002107837 0)
(0.0041888426 -0.00020266179 0)
(0.0042245208 -0.00019427113 0)
(0.0042585099 -0.00018570893 0)
(0.00429081 -0.00017706171 0)
(0.0043214345 -0.00016840555 0)
(0.0043504082 -0.00015980652 0)
(0.0043777654 -0.00015132121 0)
(0.0044035478 -0.00014299741 0)
(0.0044278034 -0.00013487478 0)
(0.0044505849 -0.00012698557 0)
(0.0044719487 -0.00011935536 0)
(0.0044919533 -0.00011200376 0)
(0.0045106592 -0.00010494512 0)
(0.0045281275 -9.8189182e-05 0)
(0.0045444195 -9.1741651e-05 0)
(0.0045595961 -8.56048e-05 0)
(0.0045737173 -7.9777967e-05 0)
(0.004586842 -7.4258023e-05 0)
(0.0045990274 -6.9039794e-05 0)
(0.004610329 -6.4116434e-05 0)
(0.0046208006 -5.9479756e-05 0)
(0.0046304935 -5.5120523e-05 0)
(0.0046394572 -5.1028699e-05 0)
(0.0046477389 -4.7193673e-05 0)
(0.0046553834 -4.3604443e-05 0)
(0.0046624336 -4.024978e-05 0)
(0.0046689297 -3.7118365e-05 0)
(0.0046749102 -3.4198896e-05 0)
(0.0046804111 -3.1480192e-05 0)
(0.0046854666 -2.8951263e-05 0)
(0.0046901086 -2.6601375e-05 0)
(0.0046943674 -2.4420099e-05 0)
(0.0046982711 -2.2397349e-05 0)
(0.0047018461 -2.052341e-05 0)
(0.0047051173 -1.878896e-05 0)
(0.0047081078 -1.7185078e-05 0)
(0.0047108391 -1.5703259e-05 0)
(0.0047133314 -1.433541e-05 0)
(0.0047156034 -1.3073849e-05 0)
(0.0047176726 -1.1911305e-05 0)
(0.0047195551 -1.0840904e-05 0)
(0.004721266 -9.8561631e-06 0)
(0.0047228194 -8.9509763e-06 0)
(0.004724228 -8.1196041e-06 0)
(0.004725504 -7.3566579e-06 0)
(0.0047266584 -6.6570864e-06 0)
(0.0047277014 -6.0161604e-06 0)
(0.0047286426 -5.4294581e-06 0)
(0.0047294906 -4.8928495e-06 0)
(0.0047302537 -4.4024819e-06 0)
(0.0047309391 -3.954765e-06 0)
(0.0047315538 -3.5463562e-06 0)
(0.004732104 -3.1741471e-06 0)
(0.0047325956 -2.8352491e-06 0)
(0.0047330338 -2.5269812e-06 0)
(0.0047334237 -2.2468564e-06 0)
(0.0047337696 -1.9925702e-06 0)
(0.0047340757 -1.761989e-06 0)
(0.0047343457 -1.5531386e-06 0)
(0.0047345832 -1.3641942e-06 0)
(0.0047347912 -1.1934703e-06 0)
(0.0047349726 -1.039411e-06 0)
(0.0047351302 -9.005817e-07 0)
(0.0047352662 -7.7565999e-07 0)
(0.0047353829 -6.6342819e-07 0)
(0.0047354823 -5.6276577e-07 0)
(0.0047355662 -4.7264231e-07 0)
(0.0047356363 -3.9211098e-07 0)
(0.004735694 -3.2030235e-07 0)
(0.0047357407 -2.5641867e-07 0)
(0.0047357777 -1.9972845e-07 0)
(0.0047358061 -1.4956142e-07 0)
(0.0047358268 -1.0530387e-07 0)
(0.0047358409 -6.6394246e-08 0)
(0.004735849 -3.231909e-08 0)
(0.0047358521 -2.6092453e-09 0)
(0.0047358507 2.316367e-08 0)
(0.0047358455 4.5390526e-08 0)
(0.004735837 6.4427722e-08 0)
(0.0047358256 8.0599994e-08 0)
(0.0047358119 9.4203019e-08 0)
(0.0047357962 1.0550583e-07 0)
(0.0047357789 1.1475304e-07 0)
(0.0047357602 1.2216688e-07 0)
(0.0047357404 1.2794914e-07 0)
(0.0047357199 1.3228289e-07 0)
(0.0047356987 1.3533406e-07 0)
(0.0047356772 1.3725301e-07 0)
(0.0047356554 1.3817579e-07 0)
(0.0047356335 1.3822547e-07 0)
(0.0047356116 1.3751325e-07 0)
(0.0047355899 1.3613955e-07 0)
(0.0047355684 1.3419492e-07 0)
(0.0047355472 1.3176096e-07 0)
(0.0047355264 1.2891115e-07 0)
(0.0047355061 1.2571153e-07 0)
(0.0047354863 1.2222143e-07 0)
(0.004735467 1.1849406e-07 0)
(0.0047354482 1.1457705e-07 0)
(0.0047354301 1.1051302e-07 0)
(0.0047354126 1.0633998e-07 0)
(0.0047353957 1.0209181e-07 0)
(0.0047353794 9.7798591e-08 0)
(0.0047353638 9.3486997e-08 0)
(0.0047353488 8.9180596e-08 0)
(0.0047353344 8.4900138e-08 0)
(0.0047353207 8.0663818e-08 0)
(0.0047353076 7.6487514e-08 0)
(0.0047352951 7.2385004e-08 0)
(0.0047352833 6.8368158e-08 0)
(0.004735272 6.4447119e-08 0)
(0.0047352613 6.0630464e-08 0)
(0.0047352511 5.6925348e-08 0)
(0.0047352415 5.3337641e-08 0)
(0.0047352324 4.9872044e-08 0)
(0.0047352239 4.6532206e-08 0)
(0.0047352158 4.3320819e-08 0)
(0.0047352082 4.0239713e-08 0)
(0.004735201 3.7289936e-08 0)
(0.0047351943 3.4471838e-08 0)
(0.004735188 3.1785132e-08 0)
(0.0047351821 2.9228967e-08 0)
(0.0047351766 2.6801982e-08 0)
(0.0047351715 2.4502362e-08 0)
(0.0047351667 2.2327888e-08 0)
(0.0047351622 2.0275986e-08 0)
(0.0047351581 1.8343765e-08 0)
(0.0047351542 1.6528059e-08 0)
(0.0047351507 1.4825466e-08 0)
(0.0047351474 1.3232377e-08 0)
(0.0047351443 1.1745009e-08 0)
(0.0047351415 1.0359438e-08 0)
(0.0047351389 9.0716185e-09 0)
(0.0047351365 7.8774131e-09 0)
(0.0047351344 6.7726135e-09 0)
(0.0047351324 5.7529613e-09 0)
(0.0047351305 4.8141673e-09 0)
(0.0047351289 3.9519288e-09 0)
(0.0047351274 3.1619452e-09 0)
(0.004735126 2.4399327e-09 0)
(0.0047351248 1.781637e-09 0)
(0.0047351237 1.1828453e-09 0)
(0.0047351227 6.3939649e-10 0)
(0.0047351218 1.471906e-10 0)
(0.0047351211 -2.9780282e-10 0)
(0.0047351204 -6.9953726e-10 0)
(0.0047351198 -1.0618825e-09 0)
(0.0047351193 -1.3886186e-09 0)
(0.0047351188 -1.68343e-09 0)
(0.0047351185 -1.9499004e-09 0)
(0.0047351182 -2.1915068e-09 0)
(0.0047351179 -2.4116142e-09 0)
(0.0047351178 -2.6134688e-09 0)
(0.0047351177 -2.8001904e-09 0)
(0.0047351176 -2.9747634e-09 0)
(0.0047351176 -3.1400256e-09 0)
(0.0047351176 -3.2986536e-09 0)
(0.0047351177 -3.4531444e-09 0)
(0.0047351179 -3.6057922e-09 0)
(0.004735118 -3.758658e-09 0)
(0.0047351183 -3.9135305e-09 0)
(0.0047351185 -4.0718762e-09 0)
(0.0047351189 -4.2347742e-09 0)
(0.0047351192 -4.4028329e-09 0)
(0.0047351196 -4.5760819e-09 0)
(0.0047351201 -4.7538321e-09 0)
(0.0047351206 -4.9344946e-09 0)
(0.0047351211 -5.1153466e-09 0)
(0.0047351217 -5.2922255e-09 0)
(0.0047351223 -5.459108e-09 0)
(0.004735123 -5.6076241e-09 0)
(0.0047351237 -5.7266223e-09 0)
(0.0047351243 -5.8020436e-09 0)
(0.0047351254 -5.7936109e-09 0)
(0.0032282515 -1.3682569e-05 0)
(0.003233095 -4.1356015e-05 0)
(0.0032431811 -6.8967661e-05 0)
(0.0032583201 -9.6116151e-05 0)
(0.0032782491 -0.00012242327 0)
(0.003302734 -0.00014753583 0)
(0.0033314636 -0.00017113626 0)
(0.0033640683 -0.00019295098 0)
(0.003400137 -0.00021275608 0)
(0.0034392286 -0.00023038059 0)
(0.0034808849 -0.00024570748 0)
(0.003524642 -0.00025867248 0)
(0.0035700414 -0.00026926109 0)
(0.0036166391 -0.00027750411 0)
(0.0036640135 -0.00028347208 0)
(0.0037117713 -0.00028726915 0)
(0.0037595521 -0.00028902655 0)
(0.0038070311 -0.00028889617 0)
(0.0038539203 -0.00028704442 0)
(0.0038999694 -0.00028364656 0)
(0.0039449646 -0.00027888164 0)
(0.0039887274 -0.0002729282 0)
(0.0040311123 -0.00026596065 0)
(0.0040720045 -0.00025814634 0)
(0.0041113173 -0.00024964336 0)
(0.004148989 -0.00024059895 0)
(0.0041849805 -0.00023114843 0)
(0.0042192719 -0.00022141464 0)
(0.0042518606 -0.00021150771 0)
(0.0042827581 -0.00020152525 0)
(0.0043119883 -0.00019155267 0)
(0.0043395849 -0.00018166379 0)
(0.0043655899 -0.00017192156 0)
(0.0043900519 -0.00016237878 0)
(0.0044130242 -0.00015307904 0)
(0.0044345639 -0.00014405749 0)
(0.0044547309 -0.00013534178 0)
(0.0044735864 -0.00012695283 0)
(0.0044911926 -0.00011890567 0)
(0.0045076119 -0.00011121016 0)
(0.0045229059 -0.00010387172 0)
(0.0045371358 -9.6891924e-05 0)
(0.0045503611 -9.0269144e-05 0)
(0.0045626398 -8.399903e-05 0)
(0.0045740281 -7.8074998e-05 0)
(0.0045845803 -7.2488651e-05 0)
(0.0045943485 -6.7230148e-05 0)
(0.0046033825 -6.2288524e-05 0)
(0.0046117299 -5.7651973e-05 0)
(0.0046194361 -5.3308094e-05 0)
(0.004626544 -4.9244093e-05 0)
(0.0046330945 -4.5446967e-05 0)
(0.0046391261 -4.1903645e-05 0)
(0.0046446751 -3.8601121e-05 0)
(0.0046497759 -3.5526549e-05 0)
(0.0046544607 -3.2667331e-05 0)
(0.0046587598 -3.0011183e-05 0)
(0.0046627015 -2.7546186e-05 0)
(0.0046663125 -2.5260829e-05 0)
(0.0046696176 -2.3144037e-05 0)
(0.0046726401 -2.1185192e-05 0)
(0.0046754017 -1.9374144e-05 0)
(0.0046779226 -1.7701221e-05 0)
(0.0046802216 -1.6157228e-05 0)
(0.0046823162 -1.4733445e-05 0)
(0.0046842228 -1.3421618e-05 0)
(0.0046859564 -1.2213951e-05 0)
(0.0046875312 -1.1103093e-05 0)
(0.00468896 -1.0082127e-05 0)
(0.004690255 -9.14455e-06 0)
(0.0046914273 -8.2842604e-06 0)
(0.0046924872 -7.49554e-06 0)
(0.0046934443 -6.7730372e-06 0)
(0.0046943074 -6.1117491e-06 0)
(0.0046950845 -5.5070046e-06 0)
(0.0046957832 -4.9544472e-06 0)
(0.0046964103 -4.4500176e-06 0)
(0.0046969723 -3.9899379e-06 0)
(0.0046974749 -3.5706952e-06 0)
(0.0046979235 -3.1890258e-06 0)
(0.004698323 -2.8419008e-06 0)
(0.0046986781 -2.5265113e-06 0)
(0.0046989927 -2.2402545e-06 0)
(0.0046992708 -1.9807212e-06 0)
(0.0046995158 -1.7456826e-06 0)
(0.0046997309 -1.5330786e-06 0)
(0.004699919 -1.3410066e-06 0)
(0.0047000828 -1.167711e-06 0)
(0.0047002247 -1.0115725e-06 0)
(0.0047003469 -8.7109914e-07 0)
(0.0047004515 -7.4491722e-07 0)
(0.0047005402 -6.3176264e-07 0)
(0.0047006148 -5.3047318e-07 0)
(0.0047006768 -4.3998101e-07 0)
(0.0047007275 -3.5930574e-07 0)
(0.0047007682 -2.8754786e-07 0)
(0.0047008001 -2.2388273e-07 0)
(0.0047008241 -1.675548e-07 0)
(0.0047008413 -1.1787239e-07 0)
(0.0047008523 -7.4202655e-08 0)
(0.0047008581 -3.5967075e-08 0)
(0.0047008593 -2.6371082e-09 0)
(0.0047008565 2.6269765e-08 0)
(0.0047008502 5.119374e-08 0)
(0.0047008409 7.253611e-08 0)
(0.0047008292 9.0662451e-08 0)
(0.0047008153 1.0590555e-07 0)
(0.0047007997 1.1856815e-07 0)
(0.0047007826 1.2892542e-07 0)
(0.0047007644 1.3722734e-07 0)
(0.0047007453 1.4370077e-07 0)
(0.0047007254 1.485515e-07 0)
(0.0047007051 1.5196599e-07 0)
(0.0047006845 1.5411314e-07 0)
(0.0047006637 1.5514573e-07 0)
(0.0047006428 1.5520191e-07 0)
(0.004700622 1.5440644e-07 0)
(0.0047006014 1.5287193e-07 0)
(0.0047005811 1.506999e-07 0)
(0.0047005611 1.4798178e-07 0)
(0.0047005415 1.4479984e-07 0)
(0.0047005223 1.4122801e-07 0)
(0.0047005036 1.3733264e-07 0)
(0.0047004854 1.3317319e-07 0)
(0.0047004678 1.288029e-07 0)
(0.0047004508 1.2426931e-07 0)
(0.0047004343 1.1961483e-07 0)
(0.0047004184 1.1487721e-07 0)
(0.0047004032 1.1008995e-07 0)
(0.0047003885 1.0528273e-07 0)
(0.0047003745 1.0048173e-07 0)
(0.004700361 9.5710009e-08 0)
(0.0047003482 9.0987733e-08 0)
(0.004700336 8.6332498e-08 0)
(0.0047003243 8.1759548e-08 0)
(0.0047003132 7.7282002e-08 0)
(0.0047003026 7.2911052e-08 0)
(0.0047002926 6.8656147e-08 0)
(0.0047002831 6.4525156e-08 0)
(0.0047002742 6.0524519e-08 0)
(0.0047002657 5.6659383e-08 0)
(0.0047002577 5.2933728e-08 0)
(0.0047002501 4.9350474e-08 0)
(0.004700243 4.591159e-08 0)
(0.0047002364 4.2618188e-08 0)
(0.0047002301 3.9470602e-08 0)
(0.0047002242 3.6468474e-08 0)
(0.0047002187 3.3610822e-08 0)
(0.0047002136 3.0896109e-08 0)
(0.0047002088 2.8322298e-08 0)
(0.0047002043 2.5886914e-08 0)
(0.0047002002 2.3587092e-08 0)
(0.0047001963 2.1419624e-08 0)
(0.0047001927 1.9381005e-08 0)
(0.0047001894 1.7467471e-08 0)
(0.0047001863 1.5675036e-08 0)
(0.0047001834 1.3999527e-08 0)
(0.0047001808 1.2436617e-08 0)
(0.0047001784 1.0981851e-08 0)
(0.0047001762 9.6306744e-09 0)
(0.0047001741 8.3784583e-09 0)
(0.0047001723 7.2205207e-09 0)
(0.0047001706 6.1521474e-09 0)
(0.004700169 5.1686111e-09 0)
(0.0047001676 4.265188e-09 0)
(0.0047001663 3.4371738e-09 0)
(0.0047001652 2.679897e-09 0)
(0.0047001641 1.9887317e-09 0)
(0.0047001632 1.3591089e-09 0)
(0.0047001624 7.8652615e-10 0)
(0.0047001617 2.6655658e-10 0)
(0.004700161 -2.0514309e-10 0)
(0.0047001604 -6.3282548e-10 0)
(0.00470016 -1.020646e-09 0)
(0.0047001595 -1.3726567e-09 0)
(0.0047001592 -1.6928004e-09 0)
(0.0047001589 -1.9849048e-09 0)
(0.0047001587 -2.2526757e-09 0)
(0.0047001585 -2.4996899e-09 0)
(0.0047001584 -2.7293871e-09 0)
(0.0047001583 -2.9450587e-09 0)
(0.0047001583 -3.1498355e-09 0)
(0.0047001584 -3.346671e-09 0)
(0.0047001584 -3.5383203e-09 0)
(0.0047001586 -3.7273135e-09 0)
(0.0047001587 -3.9159211e-09 0)
(0.0047001589 -4.1061091e-09 0)
(0.0047001592 -4.2994822e-09 0)
(0.0047001595 -4.4972095e-09 0)
(0.0047001598 -4.6999299e-09 0)
(0.0047001602 -4.9076292e-09 0)
(0.0047001606 -5.1194813e-09 0)
(0.0047001611 -5.3336436e-09 0)
(0.0047001616 -5.5469917e-09 0)
(0.0047001621 -5.7547749e-09 0)
(0.0047001627 -5.9501416e-09 0)
(0.0047001633 -6.1235931e-09 0)
(0.004700164 -6.2624996e-09 0)
(0.0047001645 -6.3509545e-09 0)
(0.0047001655 -6.343697e-09 0)
(0.0032282627 -1.5724023e-05 0)
(0.003233298 -4.7499812e-05 0)
(0.0032437657 -7.9166774e-05 0)
(0.0032594489 -0.0001102541 0)
(0.0032800504 -0.00014031998 0)
(0.0033053004 -0.00016895415 0)
(0.0033348481 -0.00019579045 0)
(0.0033682825 -0.00022051652 0)
(0.0034051516 -0.00024288015 0)
(0.0034449758 -0.00026269267 0)
(0.0034872621 -0.00027982953 0)
(0.0035315169 -0.0002942283 0)
(0.0035772579 -0.00030588454 0)
(0.0036240235 -0.00031484598 0)
(0.0036713809 -0.00032120559 0)
(0.0037189318 -0.00032509389 0)
(0.003766316 -0.00032667123 0)
(0.0038132142 -0.00032612005 0)
(0.0038593481 -0.00032363773 0)
(0.00390448 -0.00031943002 0)
(0.0039484115 -0.00031370532 0)
(0.0039909811 -0.00030666984 0)
(0.0040320614 -0.00029852363 0)
(0.004071556 -0.0002894574 0)
(0.0041093964 -0.00027965025 0)
(0.0041455387 -0.00026926805 0)
(0.0041799603 -0.00025846237 0)
(0.0042126571 -0.0002473701 0)
(0.0042436406 -0.00023611333 0)
(0.0042729351 -0.00022479966 0)
(0.004300576 -0.00021352278 0)
(0.0043266068 -0.00020236321 0)
(0.0043510779 -0.00019138915 0)
(0.0043740449 -0.00018065751 0)
(0.004395567 -0.00017021483 0)
(0.0044157061 -0.00016009836 0)
(0.0044345254 -0.00015033702 0)
(0.0044520888 -0.00014095236 0)
(0.0044684603 -0.00013195946 0)
(0.0044837032 -0.00012336781 0)
(0.0044978797 -0.00011518203 0)
(0.0045110504 -0.00010740265 0)
(0.0045232744 -0.00010002671 0)
(0.0045346086 -9.3048379e-05 0)
(0.004545108 -8.6459431e-05 0)
(0.004554825 -8.0249743e-05 0)
(0.0045638099 -7.4407678e-05 0)
(0.0045721107 -6.8920441e-05 0)
(0.0045797728 -6.3774386e-05 0)
(0.0045868394 -5.8955271e-05 0)
(0.0045933514 -5.4448489e-05 0)
(0.0045993473 -5.0239254e-05 0)
(0.0046048635 -4.6312761e-05 0)
(0.0046099342 -4.2654314e-05 0)
(0.0046145916 -3.9249442e-05 0)
(0.0046188658 -3.608398e-05 0)
(0.0046227851 -3.3144142e-05 0)
(0.004626376 -3.0416574e-05 0)
(0.0046296632 -2.7888397e-05 0)
(0.0046326699 -2.5547235e-05 0)
(0.0046354175 -2.3381235e-05 0)
(0.0046379262 -2.1379082e-05 0)
(0.0046402146 -1.9529997e-05 0)
(0.0046423001 -1.7823746e-05 0)
(0.004644199 -1.6250626e-05 0)
(0.0046459262 -1.4801461e-05 0)
(0.0046474956 -1.3467591e-05 0)
(0.0046489201 -1.2240853e-05 0)
(0.0046502117 -1.1113566e-05 0)
(0.0046513814 -1.0078518e-05 0)
(0.0046524395 -9.1289406e-06 0)
(0.0046533954 -8.2584953e-06 0)
(0.0046542579 -7.4612507e-06 0)
(0.0046550349 -6.7316643e-06 0)
(0.004655734 -6.0645624e-06 0)
(0.0046563619 -5.455121e-06 0)
(0.0046569249 -4.8988466e-06 0)
(0.0046574289 -4.3915579e-06 0)
(0.0046578792 -3.9293677e-06 0)
(0.0046582806 -3.5086657e-06 0)
(0.0046586377 -3.1261014e-06 0)
(0.0046589546 -2.7785686e-06 0)
(0.004659235 -2.4631896e-06 0)
(0.0046594824 -2.1773007e-06 0)
(0.0046596999 -1.9184386e-06 0)
(0.0046598905 -1.6843264e-06 0)
(0.0046600569 -1.472862e-06 0)
(0.0046602013 -1.2821053e-06 0)
(0.0046603261 -1.1102678e-06 0)
(0.0046604332 -9.5570149e-07 0)
(0.0046605245 -8.1688918e-07 0)
(0.0046606016 -6.9243505e-07 0)
(0.0046606661 -5.8105588e-07 0)
(0.0046607192 -4.8157284e-07 0)
(0.0046607623 -3.9290375e-07 0)
(0.0046607965 -3.1405587e-07 0)
(0.0046608229 -2.4411919e-07 0)
(0.0046608423 -1.8226008e-07 0)
(0.0046608555 -1.2771546e-07 0)
(0.0046608634 -7.978731e-08 0)
(0.0046608666 -3.7837592e-08 0)
(0.0046608658 -1.2834894e-09 0)
(0.0046608614 3.0406974e-08 0)
(0.004660854 5.7719026e-08 0)
(0.004660844 8.1094935e-08 0)
(0.0046608319 1.0093752e-07 0)
(0.0046608179 1.1761341e-07 0)
(0.0046608025 1.3145603e-07 0)
(0.0046607858 1.4276842e-07 0)
(0.0046607681 1.5182575e-07 0)
(0.0046607497 1.5887772e-07 0)
(0.0046607307 1.6415076e-07 0)
(0.0046607113 1.6784998e-07 0)
(0.0046606918 1.7016109e-07 0)
(0.0046606721 1.7125205e-07 0)
(0.0046606524 1.7127466e-07 0)
(0.0046606329 1.7036597e-07 0)
(0.0046606135 1.6864963e-07 0)
(0.0046605945 1.6623705e-07 0)
(0.0046605757 1.6322856e-07 0)
(0.0046605574 1.5971434e-07 0)
(0.0046605395 1.5577542e-07 0)
(0.0046605221 1.5148447e-07 0)
(0.0046605052 1.469066e-07 0)
(0.0046604888 1.4210004e-07 0)
(0.004660473 1.3711677e-07 0)
(0.0046604577 1.3200313e-07 0)
(0.004660443 1.2680031e-07 0)
(0.0046604289 1.2154488e-07 0)
(0.0046604153 1.1626918e-07 0)
(0.0046604023 1.1100172e-07 0)
(0.0046603899 1.0576757e-07 0)
(0.0046603781 1.0058867e-07 0)
(0.0046603667 9.5484115e-08 0)
(0.004660356 9.0470427e-08 0)
(0.0046603457 8.5561814e-08 0)
(0.004660336 8.0770378e-08 0)
(0.0046603268 7.6106315e-08 0)
(0.004660318 7.1578103e-08 0)
(0.0046603098 6.7192659e-08 0)
(0.0046603019 6.2955498e-08 0)
(0.0046602946 5.887086e-08 0)
(0.0046602876 5.4941844e-08 0)
(0.0046602811 5.1170512e-08 0)
(0.004660275 4.7557996e-08 0)
(0.0046602692 4.4104593e-08 0)
(0.0046602638 4.0809849e-08 0)
(0.0046602587 3.7672639e-08 0)
(0.004660254 3.4691237e-08 0)
(0.0046602496 3.1863384e-08 0)
(0.0046602455 2.9186348e-08 0)
(0.0046602416 2.6656979e-08 0)
(0.0046602381 2.4271763e-08 0)
(0.0046602348 2.2026864e-08 0)
(0.0046602317 1.9918174e-08 0)
(0.0046602288 1.7941346e-08 0)
(0.0046602262 1.6091839e-08 0)
(0.0046602238 1.4364944e-08 0)
(0.0046602216 1.2755819e-08 0)
(0.0046602195 1.125952e-08 0)
(0.0046602176 9.8710205e-09 0)
(0.0046602159 8.5852433e-09 0)
(0.0046602143 7.3970769e-09 0)
(0.0046602129 6.3013978e-09 0)
(0.0046602116 5.2930882e-09 0)
(0.0046602104 4.367052e-09 0)
(0.0046602094 3.5182302e-09 0)
(0.0046602084 2.7416132e-09 0)
(0.0046602075 2.0322534e-09 0)
(0.0046602068 1.385275e-09 0)
(0.0046602061 7.958839e-10 0)
(0.0046602055 2.5937571e-10 0)
(0.004660205 -2.2885662e-10 0)
(0.0046602045 -6.7331591e-10 0)
(0.0046602041 -1.0783942e-09 0)
(0.0046602038 -1.4483667e-09 0)
(0.0046602035 -1.7873847e-09 0)
(0.0046602033 -2.0994691e-09 0)
(0.0046602031 -2.3885023e-09 0)
(0.004660203 -2.6582185e-09 0)
(0.004660203 -2.9121923e-09 0)
(0.0046602029 -3.153824e-09 0)
(0.004660203 -3.3863213e-09 0)
(0.004660203 -3.6126759e-09 0)
(0.0046602031 -3.8356331e-09 0)
(0.0046602033 -4.0576533e-09 0)
(0.0046602035 -4.2808619e-09 0)
(0.0046602037 -4.506986e-09 0)
(0.004660204 -4.7372714e-09 0)
(0.0046602043 -4.9723777e-09 0)
(0.0046602046 -5.2122411e-09 0)
(0.004660205 -5.4558998e-09 0)
(0.0046602054 -5.7012663e-09 0)
(0.0046602059 -5.944836e-09 0)
(0.0046602064 -6.1813065e-09 0)
(0.0046602069 -6.4030563e-09 0)
(0.0046602075 -6.5995468e-09 0)
(0.0046602081 -6.7568013e-09 0)
(0.0046602086 -6.8572255e-09 0)
(0.0046602095 -6.8510967e-09 0)
(0.0032282759 -1.7851909e-05 0)
(0.0032335332 -5.3893126e-05 0)
(0.003244442 -8.9761416e-05 0)
(0.0032607522 -0.00012490985 0)
(0.0032821254 -0.0001588277 0)
(0.0033082491 -0.00019104383 0)
(0.0033387253 -0.00022114136 0)
(0.0033730944 -0.00024876882 0)
(0.0034108565 -0.00027364703 0)
(0.0034514876 -0.00029557241 0)
(0.0034944552 -0.00031441686 0)
(0.0035392326 -0.0003301246 0)
(0.0035853113 -0.00034270655 0)
(0.0036322114 -0.00035223284 0)
(0.0036794892 -0.00035882417 0)
(0.0037267425 -0.00036264246 0)
(0.0037736137 -0.00036388161 0)
(0.0038197912 -0.00036275841 0)
(0.0038650095 -0.00035950429 0)
(0.003909047 -0.00035435788 0)
(0.0039517239 -0.00034755862 0)
(0.0039928988 -0.00033934145 0)
(0.0040324654 -0.0003299325 0)
(0.0040703487 -0.00031954589 0)
(0.0041065009 -0.00030838134 0)
(0.0041408979 -0.00029662258 0)
(0.0041735359 -0.00028443657 0)
(0.004204428 -0.00027197311 0)
(0.0042336013 -0.00025936503 0)
(0.0042610942 -0.00024672871 0)
(0.0042869538 -0.00023416485 0)
(0.0043112345 -0.00022175942 0)
(0.0043339956 -0.00020958474 0)
(0.0043552998 -0.00019770065 0)
(0.0043752125 -0.00018615569 0)
(0.0043938001 -0.00017498822 0)
(0.0044111293 -0.00016422761 0)
(0.0044272666 -0.00015389529 0)
(0.0044422774 -0.00014400574 0)
(0.0044562259 -0.00013456748 0)
(0.0044691742 -0.00012558387 0)
(0.0044811825 -0.00011705394 0)
(0.0044923089 -0.0001089731 0)
(0.004502609 -0.0001013337 0)
(0.0045121359 -9.4125676e-05 0)
(0.0045209401 -8.7336991e-05 0)
(0.0045290699 -8.0954074e-05 0)
(0.0045365708 -7.4962201e-05 0)
(0.0045434859 -6.9345813e-05 0)
(0.0045498559 -6.4088794e-05 0)
(0.0045557192 -5.9174704e-05 0)
(0.0045611119 -5.4586979e-05 0)
(0.0045660678 -5.0309095e-05 0)
(0.0045706188 -4.6324707e-05 0)
(0.0045747947 -4.2617758e-05 0)
(0.0045786233 -3.9172568e-05 0)
(0.0045821307 -3.597391e-05 0)
(0.0045853412 -3.3007058e-05 0)
(0.0045882775 -3.025783e-05 0)
(0.0045909608 -2.771262e-05 0)
(0.0045934108 -2.5358411e-05 0)
(0.0045956457 -2.3182788e-05 0)
(0.0045976826 -2.1173941e-05 0)
(0.0045995374 -1.9320661e-05 0)
(0.0046012246 -1.7612332e-05 0)
(0.0046027579 -1.6038924e-05 0)
(0.0046041498 -1.459097e-05 0)
(0.0046054121 -1.3259557e-05 0)
(0.0046065556 -1.2036303e-05 0)
(0.0046075902 -1.0913338e-05 0)
(0.0046085251 -9.8832843e-06 0)
(0.0046093688 -8.9392304e-06 0)
(0.0046101293 -8.0747143e-06 0)
(0.0046108137 -7.2836989e-06 0)
(0.0046114287 -6.5605507e-06 0)
(0.0046119804 -5.9000186e-06 0)
(0.0046124745 -5.2972125e-06 0)
(0.0046129161 -4.7475833e-06 0)
(0.0046133101 -4.2469029e-06 0)
(0.0046136609 -3.7912451e-06 0)
(0.0046139723 -3.3769673e-06 0)
(0.0046142482 -3.0006931e-06 0)
(0.0046144918 -2.6592948e-06 0)
(0.0046147063 -2.3498784e-06 0)
(0.0046148944 -2.0697673e-06 0)
(0.0046150588 -1.8164887e-06 0)
(0.0046152018 -1.5877592e-06 0)
(0.0046153256 -1.3814725e-06 0)
(0.0046154321 -1.1956867e-06 0)
(0.0046155231 -1.0286126e-06 0)
(0.0046156002 -8.7860378e-07 0)
(0.004615665 -7.4414528e-07 0)
(0.0046157186 -6.2384478e-07 0)
(0.0046157624 -5.1642335e-07 0)
(0.0046157975 -4.207071e-07 0)
(0.0046158248 -3.3561934e-07 0)
(0.0046158453 -2.601732e-07 0)
(0.0046158597 -1.9346484e-07 0)
(0.0046158689 -1.34667e-07 0)
(0.0046158735 -8.3023083e-08 0)
(0.004615874 -3.7841617e-08 0)
(0.0046158711 1.5089111e-09 0)
(0.0046158652 3.5604828e-08 0)
(0.0046158567 6.4971718e-08 0)
(0.004615846 9.0088543e-08 0)
(0.0046158335 1.1139146e-07 0)
(0.0046158195 1.2927734e-07 0)
(0.0046158043 1.4410707e-07 0)
(0.004615788 1.5620852e-07 0)
(0.004615771 1.6587938e-07 0)
(0.0046157534 1.7338971e-07 0)
(0.0046157354 1.789843e-07 0)
(0.0046157172 1.8288488e-07 0)
(0.0046156988 1.852921e-07 0)
(0.0046156803 1.8638741e-07 0)
(0.004615662 1.8633472e-07 0)
(0.0046156438 1.8528198e-07 0)
(0.0046156259 1.8336261e-07 0)
(0.0046156082 1.8069677e-07 0)
(0.0046155909 1.7739262e-07 0)
(0.004615574 1.7354736e-07 0)
(0.0046155576 1.6924827e-07 0)
(0.0046155416 1.6457356e-07 0)
(0.004615526 1.5959331e-07 0)
(0.004615511 1.5437011e-07 0)
(0.0046154965 1.4895983e-07 0)
(0.0046154826 1.4341224e-07 0)
(0.0046154691 1.3777154e-07 0)
(0.0046154562 1.3207695e-07 0)
(0.0046154439 1.263631e-07 0)
(0.004615432 1.2066054e-07 0)
(0.0046154207 1.1499607e-07 0)
(0.0046154099 1.0939312e-07 0)
(0.0046153996 1.0387207e-07 0)
(0.0046153898 9.8450535e-08 0)
(0.0046153805 9.3143637e-08 0)
(0.0046153717 8.7964232e-08 0)
(0.0046153633 8.2923134e-08 0)
(0.0046153554 7.8029312e-08 0)
(0.0046153479 7.3290067e-08 0)
(0.0046153408 6.8711192e-08 0)
(0.0046153341 6.4297125e-08 0)
(0.0046153278 6.0051077e-08 0)
(0.0046153219 5.5975158e-08 0)
(0.0046153163 5.2070485e-08 0)
(0.0046153111 4.8337285e-08 0)
(0.0046153062 4.4774987e-08 0)
(0.0046153016 4.1382306e-08 0)
(0.0046152973 3.8157323e-08 0)
(0.0046152933 3.5097551e-08 0)
(0.0046152896 3.2200004e-08 0)
(0.0046152861 2.9461255e-08 0)
(0.0046152829 2.6877491e-08 0)
(0.0046152799 2.4444564e-08 0)
(0.0046152771 2.2158036e-08 0)
(0.0046152746 2.0013223e-08 0)
(0.0046152722 1.8005233e-08 0)
(0.00461527 1.6129002e-08 0)
(0.004615268 1.4379329e-08 0)
(0.0046152661 1.2750904e-08 0)
(0.0046152644 1.1238337e-08 0)
(0.0046152628 9.8361824e-09 0)
(0.0046152614 8.5389626e-09 0)
(0.0046152601 7.3411897e-09 0)
(0.0046152589 6.2373832e-09 0)
(0.0046152578 5.2220879e-09 0)
(0.0046152568 4.2898889e-09 0)
(0.004615256 3.4354257e-09 0)
(0.0046152552 2.6534041e-09 0)
(0.0046152545 1.9386073e-09 0)
(0.0046152538 1.2859055e-09 0)
(0.0046152533 6.9026481e-10 0)
(0.0046152528 1.467548e-10 0)
(0.0046152524 -3.4944411e-10 0)
(0.004615252 -8.0303388e-10 0)
(0.0046152517 -1.2185921e-09 0)
(0.0046152515 -1.6005653e-09 0)
(0.0046152513 -1.9532607e-09 0)
(0.0046152511 -2.2808384e-09 0)
(0.004615251 -2.5873003e-09 0)
(0.0046152509 -2.8764775e-09 0)
(0.0046152509 -3.1520145e-09 0)
(0.0046152509 -3.4173488e-09 0)
(0.004615251 -3.6756845e-09 0)
(0.0046152511 -3.9299598e-09 0)
(0.0046152512 -4.1828038e-09 0)
(0.0046152514 -4.4364823e-09 0)
(0.0046152516 -4.6928272e-09 0)
(0.0046152518 -4.9531472e-09 0)
(0.0046152521 -5.2181115e-09 0)
(0.0046152524 -5.4876019e-09 0)
(0.0046152527 -5.760522e-09 0)
(0.0046152531 -6.0345505e-09 0)
(0.0046152535 -6.3058257e-09 0)
(0.004615254 -6.5685346e-09 0)
(0.0046152544 -6.814351e-09 0)
(0.0046152549 -7.0317946e-09 0)
(0.0046152555 -7.2056787e-09 0)
(0.0046152559 -7.3169146e-09 0)
(0.0046152568 -7.3118645e-09 0)
(0.0032282911 -2.0079553e-05 0)
(0.0032338036 -6.0573693e-05 0)
(0.0032452175 -0.00010081006 0)
(0.0032622433 -0.00014015771 0)
(0.003284493 -0.00017803084 0)
(0.0033116035 -0.00021389315 0)
(0.0033431211 -0.0002472749 0)
(0.0033785291 -0.00027778551 0)
(0.0034172725 -0.00030512083 0)
(0.0034587767 -0.00032906609 0)
(0.0035024647 -0.00034949467 0)
(0.0035477734 -0.00036636338 0)
(0.0035941668 -0.00037970492 0)
(0.0036411464 -0.00038961829 0)
(0.0036882584 -0.00039625814 0)
(0.0037350989 -0.00039982349 0)
(0.0037813155 -0.00040054675 0)
(0.0038266084 -0.00039868324 0)
(0.0038707278 -0.00039450175 0)
(0.0039134722 -0.00038827623 0)
(0.0039546841 -0.00038027879 0)
(0.0039942458 -0.00037077399 0)
(0.0040320756 -0.00036001439 0)
(0.0040681222 -0.00034823724 0)
(0.0041023614 -0.0003356622 0)
(0.0041347913 -0.00032248998 0)
(0.0041654284 -0.00030890165 0)
(0.0041943045 -0.00029505859 0)
(0.0042214636 -0.00028110297 0)
(0.0042469586 -0.00026715847 0)
(0.0042708496 -0.00025333135 0)
(0.0042932019 -0.00023971164 0)
(0.0043140837 -0.00022637448 0)
(0.0043335655 -0.00021338142 0)
(0.0043517182 -0.00020078185 0)
(0.004368613 -0.00018861426 0)
(0.0043843197 -0.00017690756 0)
(0.004398907 -0.00016568224 0)
(0.0044124416 -0.00015495151 0)
(0.0044249879 -0.0001447223 0)
(0.0044366079 -0.00013499623 0)
(0.0044473608 -0.00012577039 0)
(0.0044573034 -0.00011703817 0)
(0.0044664893 -0.00010878988 0)
(0.0044749697 -0.00010101335 0)
(0.0044827928 -9.3694459e-05 0)
(0.0044900043 -8.6817574e-05 0)
(0.004496647 -8.036595e-05 0)
(0.0045027613 -7.4322061e-05 0)
(0.0045083852 -6.8667883e-05 0)
(0.0045135543 -6.3385142e-05 0)
(0.0045183019 -5.8455511e-05 0)
(0.004522659 -5.386078e-05 0)
(0.004526655 -4.9582995e-05 0)
(0.0045303169 -4.5604571e-05 0)
(0.0045336702 -4.1908378e-05 0)
(0.0045367384 -3.8477814e-05 0)
(0.0045395436 -3.5296856e-05 0)
(0.0045421063 -3.2350097e-05 0)
(0.0045444454 -2.9622778e-05 0)
(0.0045465787 -2.7100797e-05 0)
(0.0045485225 -2.4770719e-05 0)
(0.0045502921 -2.2619777e-05 0)
(0.0045519016 -2.0635868e-05 0)
(0.004553364 -1.8807536e-05 0)
(0.0045546914 -1.7123965e-05 0)
(0.0045558951 -1.5574956e-05 0)
(0.0045569854 -1.4150912e-05 0)
(0.0045579718 -1.2842811e-05 0)
(0.0045588631 -1.1642189e-05 0)
(0.0045596675 -1.0541114e-05 0)
(0.0045603925 -9.5321582e-06 0)
(0.004561045 -8.6083812e-06 0)
(0.0045616314 -7.7633003e-06 0)
(0.0045621575 -6.9908684e-06 0)
(0.0045626286 -6.2854509e-06 0)
(0.0045630499 -5.6418021e-06 0)
(0.0045634257 -5.0550434e-06 0)
(0.0045637604 -4.5206418e-06 0)
(0.0045640576 -4.034389e-06 0)
(0.0045643209 -3.5923815e-06 0)
(0.0045645536 -3.1910017e-06 0)
(0.0045647585 -2.8268997e-06 0)
(0.0045649383 -2.496976e-06 0)
(0.0045650955 -2.1983648e-06 0)
(0.0045652324 -1.9284188e-06 0)
(0.004565351 -1.6846942e-06 0)
(0.0045654531 -1.4649367e-06 0)
(0.0045655404 -1.2670686e-06 0)
(0.0045656145 -1.089176e-06 0)
(0.0045656769 -9.2949772e-07 0)
(0.0045657286 -7.8641366e-07 0)
(0.004565771 -6.5843503e-07 0)
(0.0045658051 -5.4419455e-07 0)
(0.0045658318 -4.424374e-07 0)
(0.004565852 -3.5201288e-07 0)
(0.0045658664 -2.7186643e-07 0)
(0.0045658758 -2.0103238e-07 0)
(0.0045658809 -1.3862702e-07 0)
(0.004565882 -8.3842291e-08 0)
(0.0045658799 -3.5939779e-08 0)
(0.0045658748 5.7547563e-09 0)
(0.0045658674 4.1856527e-08 0)
(0.0045658578 7.292647e-08 0)
(0.0045658465 9.9475666e-08 0)
(0.0045658338 1.2196942e-07 0)
(0.0045658198 1.4083104e-07 0)
(0.0045658049 1.5644535e-07 0)
(0.0045657892 1.6916192e-07 0)
(0.004565773 1.7929802e-07 0)
(0.0045657563 1.8714143e-07 0)
(0.0045657394 1.9295292e-07 0)
(0.0045657224 1.9696863e-07 0)
(0.0045657053 1.9940217e-07 0)
(0.0045656882 2.0044667e-07 0)
(0.0045656714 2.0027652e-07 0)
(0.0045656547 1.9904907e-07 0)
(0.0045656382 1.9690616e-07 0)
(0.0045656221 1.9397551e-07 0)
(0.0045656064 1.90372e-07 0)
(0.0045655911 1.8619885e-07 0)
(0.0045655761 1.8154866e-07 0)
(0.0045655617 1.7650443e-07 0)
(0.0045655477 1.7114042e-07 0)
(0.0045655341 1.6552297e-07 0)
(0.0045655211 1.5971124e-07 0)
(0.0045655085 1.5375788e-07 0)
(0.0045654964 1.4770965e-07 0)
(0.0045654849 1.4160798e-07 0)
(0.0045654738 1.3548943e-07 0)
(0.0045654632 1.2938622e-07 0)
(0.004565453 1.233266e-07 0)
(0.0045654434 1.1733523e-07 0)
(0.0045654342 1.1143355e-07 0)
(0.0045654255 1.0564003e-07 0)
(0.0045654172 9.9970547e-08 0)
(0.0045654093 9.4438542e-08 0)
(0.0045654018 8.9055311e-08 0)
(0.0045653947 8.3830197e-08 0)
(0.0045653881 7.8770778e-08 0)
(0.0045653818 7.3883046e-08 0)
(0.0045653758 6.9171557e-08 0)
(0.0045653702 6.4639579e-08 0)
(0.004565365 6.0289217e-08 0)
(0.00456536 5.6121534e-08 0)
(0.0045653554 5.2136659e-08 0)
(0.004565351 4.8333881e-08 0)
(0.004565347 4.4711745e-08 0)
(0.0045653431 4.1268126e-08 0)
(0.0045653396 3.8000311e-08 0)
(0.0045653363 3.4905062e-08 0)
(0.0045653332 3.1978684e-08 0)
(0.0045653303 2.9217079e-08 0)
(0.0045653277 2.6615801e-08 0)
(0.0045653252 2.4170104e-08 0)
(0.0045653229 2.1874987e-08 0)
(0.0045653208 1.9725233e-08 0)
(0.0045653188 1.7715452e-08 0)
(0.004565317 1.584011e-08 0)
(0.0045653154 1.4093563e-08 0)
(0.0045653138 1.2470087e-08 0)
(0.0045653124 1.0963903e-08 0)
(0.0045653112 9.5691996e-09 0)
(0.00456531 8.2801588e-09 0)
(0.0045653089 7.0909722e-09 0)
(0.004565308 5.9958598e-09 0)
(0.0045653071 4.9890864e-09 0)
(0.0045653063 4.0649749e-09 0)
(0.0045653056 3.2179196e-09 0)
(0.0045653049 2.4423972e-09 0)
(0.0045653044 1.7329768e-09 0)
(0.0045653039 1.0843287e-09 0)
(0.0045653034 4.9123276e-10 0)
(0.0045653031 -5.1414346e-11 0)
(0.0045653027 -5.4859199e-10 0)
(0.0045653024 -1.0051485e-09 0)
(0.0045653022 -1.4257939e-09 0)
(0.004565302 -1.8150917e-09 0)
(0.0045653019 -2.1774495e-09 0)
(0.0045653018 -2.5171079e-09 0)
(0.0045653017 -2.8381263e-09 0)
(0.0045653017 -3.144366e-09 0)
(0.0045653017 -3.4394673e-09 0)
(0.0045653017 -3.726822e-09 0)
(0.0045653018 -4.0095369e-09 0)
(0.0045653019 -4.2903874e-09 0)
(0.004565302 -4.5717588e-09 0)
(0.0045653022 -4.8555701e-09 0)
(0.0045653024 -5.1431774e-09 0)
(0.0045653026 -5.4352492e-09 0)
(0.0045653029 -5.7316074e-09 0)
(0.0045653032 -6.0310232e-09 0)
(0.0045653036 -6.3309539e-09 0)
(0.0045653039 -6.6272069e-09 0)
(0.0045653043 -6.9135033e-09 0)
(0.0045653047 -7.1808831e-09 0)
(0.0045653052 -7.4170296e-09 0)
(0.0045653056 -7.6056998e-09 0)
(0.004565306 -7.7265017e-09 0)
(0.0045653068 -7.7224869e-09 0)
(0.0032283086 -2.2421509e-05 0)
(0.0032341125 -6.7582458e-05 0)
(0.0032461011 -0.00011237565 0)
(0.0032639377 -0.00015607688 0)
(0.0032871754 -0.00019801812 0)
(0.0033153908 -0.00023759322 0)
(0.0033480648 -0.00027427752 0)
(0.0033846144 -0.00030764185 0)
(0.0034244216 -0.00033736001 0)
(0.0034668544 -0.00036321093 0)
(0.0035112867 -0.00038507583 0)
(0.0035571164 -0.00040293141 0)
(0.0036037786 -0.0004168398 0)
(0.0036507569 -0.00042693651 0)
(0.0036975895 -0.00043341727 0)
(0.0037438737 -0.00043652463 0)
(0.0037892665 -0.000436535 0)
(0.0038334832 -0.00043374667 0)
(0.003876295 -0.00042846921 0)
(0.0039175243 -0.00042101429 0)
(0.0039570403 -0.00041168819 0)
(0.0039947528 -0.00040078578 0)
(0.0040306077 -0.00038858603 0)
(0.004064581 -0.00037534878 0)
(0.0040966743 -0.00036131268 0)
(0.0041269096 -0.00034669406 0)
(0.0041553259 -0.00033168664 0)
(0.0041819747 -0.00031646177 0)
(0.0042069175 -0.00030116925 0)
(0.0042302228 -0.00028593839 0)
(0.0042519638 -0.00027087939 0)
(0.0042722167 -0.00025608481 0)
(0.0042910589 -0.00024163113 0)
(0.0043085681 -0.00022758032 0)
(0.0043248209 -0.0002139814 0)
(0.0043398924 -0.00020087192 0)
(0.0043538555 -0.00018827938 0)
(0.0043667806 -0.00017622251 0)
(0.004378735 -0.00016471251 0)
(0.0043897831 -0.00015375414 0)
(0.0043999861 -0.00014334673 0)
(0.0044094019 -0.00013348503 0)
(0.0044180853 -0.00012416007 0)
(0.0044260879 -0.00011535982 0)
(0.0044334581 -0.00010706979 0)
(0.0044402416 -9.9273629e-05 0)
(0.0044464811 -9.1953513e-05 0)
(0.0044522164 -8.5090605e-05 0)
(0.0044574848 -7.8665367e-05 0)
(0.0044623213 -7.2657858e-05 0)
(0.0044667583 -6.7047976e-05 0)
(0.0044708261 -6.181566e-05 0)
(0.0044745529 -5.6941061e-05 0)
(0.0044779649 -5.2404676e-05 0)
(0.0044810865 -4.8187457e-05 0)
(0.0044839403 -4.42709e-05 0)
(0.0044865474 -4.0637109e-05 0)
(0.0044889273 -3.7268849e-05 0)
(0.004491098 -3.4149576e-05 0)
(0.0044930763 -3.1263463e-05 0)
(0.0044948778 -2.8595411e-05 0)
(0.0044965168 -2.6131054e-05 0)
(0.0044980066 -2.3856755e-05 0)
(0.0044993595 -2.1759595e-05 0)
(0.0045005869 -1.9827363e-05 0)
(0.0045016993 -1.8048535e-05 0)
(0.0045027063 -1.6412255e-05 0)
(0.004503617 -1.4908313e-05 0)
(0.0045044394 -1.3527117e-05 0)
(0.0045051814 -1.2259675e-05 0)
(0.0045058497 -1.1097561e-05 0)
(0.004506451 -1.0032892e-05 0)
(0.004506991 -9.0583044e-06 0)
(0.0045074753 -8.1669219e-06 0)
(0.0045079089 -7.3523339e-06 0)
(0.0045082964 -6.6085684e-06 0)
(0.0045086419 -5.930068e-06 0)
(0.0045089494 -5.3116654e-06 0)
(0.0045092223 -4.7485609e-06 0)
(0.0045094641 -4.2362998e-06 0)
(0.0045096775 -3.770751e-06 0)
(0.0045098654 -3.348087e-06 0)
(0.0045100302 -2.9647643e-06 0)
(0.0045101742 -2.6175049e-06 0)
(0.0045102995 -2.3032789e-06 0)
(0.0045104079 -2.0192877e-06 0)
(0.0045105012 -1.7629483e-06 0)
(0.004510581 -1.5318787e-06 0)
(0.0045106486 -1.3238836e-06 0)
(0.0045107054 -1.1369416e-06 0)
(0.0045107525 -9.6919231e-07 0)
(0.004510791 -8.1892516e-07 0)
(0.0045108219 -6.8456831e-07 0)
(0.0045108461 -5.6467847e-07 0)
(0.0045108643 -4.5793132e-07 0)
(0.0045108772 -3.6311259e-07 0)
(0.0045108855 -2.7910972e-07 0)
(0.0045108898 -2.0490404e-07 0)
(0.0045108906 -1.3956357e-07 0)
(0.0045108884 -8.2236225e-08 0)
(0.0045108836 -3.2143523e-08 0)
(0.0045108766 1.1425228e-08 0)
(0.0045108676 4.9118374e-08 0)
(0.0045108571 8.1526944e-08 0)
(0.0045108452 1.0918932e-07 0)
(0.0045108323 1.3259556e-07 0)
(0.0045108185 1.5219139e-07 0)
(0.0045108041 1.6838191e-07 0)
(0.0045107891 1.8153504e-07 0)
(0.0045107738 1.919846e-07 0)
(0.0045107582 2.000333e-07 0)
(0.0045107425 2.0595537e-07 0)
(0.0045107268 2.0999907e-07 0)
(0.0045107111 2.123889e-07 0)
(0.0045106956 2.1332775e-07 0)
(0.0045106803 2.1299878e-07 0)
(0.0045106652 2.1156721e-07 0)
(0.0045106504 2.0918188e-07 0)
(0.004510636 2.0597678e-07 0)
(0.0045106219 2.0207237e-07 0)
(0.0045106082 1.9757684e-07 0)
(0.004510595 1.9258721e-07 0)
(0.0045105821 1.8719037e-07 0)
(0.0045105697 1.8146405e-07 0)
(0.0045105578 1.7547762e-07 0)
(0.0045105462 1.6929293e-07 0)
(0.0045105352 1.6296497e-07 0)
(0.0045105246 1.5654254e-07 0)
(0.0045105144 1.5006884e-07 0)
(0.0045105047 1.4358199e-07 0)
(0.0045104954 1.3711554e-07 0)
(0.0045104865 1.3069884e-07 0)
(0.0045104781 1.2435754e-07 0)
(0.0045104701 1.1811385e-07 0)
(0.0045104624 1.1198695e-07 0)
(0.0045104552 1.0599323e-07 0)
(0.0045104483 1.0014657e-07 0)
(0.0045104418 9.4458617e-08 0)
(0.0045104357 8.8938953e-08 0)
(0.0045104299 8.3595335e-08 0)
(0.0045104244 7.8433859e-08 0)
(0.0045104192 7.3459131e-08 0)
(0.0045104144 6.8674411e-08 0)
(0.0045104098 6.4081753e-08 0)
(0.0045104055 5.9682128e-08 0)
(0.0045104015 5.5475536e-08 0)
(0.0045103977 5.1461108e-08 0)
(0.0045103942 4.76372e-08 0)
(0.0045103909 4.4001482e-08 0)
(0.0045103878 4.0551012e-08 0)
(0.0045103849 3.7282307e-08 0)
(0.0045103822 3.4191413e-08 0)
(0.0045103797 3.1273963e-08 0)
(0.0045103774 2.8525231e-08 0)
(0.0045103753 2.5940185e-08 0)
(0.0045103733 2.3513531e-08 0)
(0.0045103714 2.1239757e-08 0)
(0.0045103697 1.9113173e-08 0)
(0.0045103682 1.7127945e-08 0)
(0.0045103667 1.5278129e-08 0)
(0.0045103654 1.35577e-08 0)
(0.0045103642 1.196058e-08 0)
(0.004510363 1.0480661e-08 0)
(0.004510362 9.1118314e-09 0)
(0.0045103611 7.8479909e-09 0)
(0.0045103602 6.6830727e-09 0)
(0.0045103595 5.6110581e-09 0)
(0.0045103588 4.6259911e-09 0)
(0.0045103581 3.7219916e-09 0)
(0.0045103576 2.8932667e-09 0)
(0.0045103571 2.1341208e-09 0)
(0.0045103566 1.4389647e-09 0)
(0.0045103562 8.0232423e-10 0)
(0.0045103559 2.1884729e-10 0)
(0.0045103556 -3.1668833e-10 0)
(0.0045103553 -8.0936784e-10 0)
(0.0045103551 -1.2641317e-09 0)
(0.004510355 -1.685767e-09 0)
(0.0045103548 -2.0788974e-09 0)
(0.0045103547 -2.4479712e-09 0)
(0.0045103546 -2.7972464e-09 0)
(0.0045103546 -3.1307716e-09 0)
(0.0045103546 -3.4523627e-09 0)
(0.0045103546 -3.7655718e-09 0)
(0.0045103547 -4.0736491e-09 0)
(0.0045103548 -4.3794929e-09 0)
(0.0045103549 -4.6855863e-09 0)
(0.004510355 -4.9939167e-09 0)
(0.0045103552 -5.3058719e-09 0)
(0.0045103554 -5.6221089e-09 0)
(0.0045103556 -5.9423849e-09 0)
(0.0045103559 -6.2653417e-09 0)
(0.0045103562 -6.5882294e-09 0)
(0.0045103565 -6.9065527e-09 0)
(0.0045103568 -7.2136157e-09 0)
(0.0045103572 -7.4999001e-09 0)
(0.0045103576 -7.7523661e-09 0)
(0.004510358 -7.9538715e-09 0)
(0.0045103583 -8.0829352e-09 0)
(0.0045103589 -8.0799191e-09 0)
(0.0032283288 -2.4893797e-05 0)
(0.0032344639 -7.4964169e-05 0)
(0.0032471034 -0.00012452639 0)
(0.0032658537 -0.00017275213 0)
(0.0032901982 -0.00021888305 0)
(0.0033196419 -0.00026223806 0)
(0.0033535892 -0.00030223572 0)
(0.0033913806 -0.00033840962 0)
(0.0034323262 -0.00037041566 0)
(0.0034757297 -0.00039803283 0)
(0.0035209117 -0.00042115819 0)
(0.0035672285 -0.00043979717 0)
(0.0036140865 -0.0004540505 0)
(0.0036609528 -0.00046409903 0)
(0.003707361 -0.00047018774 0)
(0.0037529135 -0.00047260979 0)
(0.0037972813 -0.00047169152 0)
(0.0038402006 -0.00046777886 0)
(0.0038814683 -0.00046122555 0)
(0.0039209359 -0.00045238326 0)
(0.0039585033 -0.00044159362 0)
(0.0039941124 -0.00042918217 0)
(0.0040277402 -0.00041545387 0)
(0.0040593927 -0.00040069022 0)
(0.0040890996 -0.00038514746 0)
(0.004116909 -0.0003690559 0)
(0.0041428833 -0.00035262005 0)
(0.004167095 -0.00033601931 0)
(0.0041896237 -0.00031940915 0)
(0.0042105535 -0.00030292263 0)
(0.0042299708 -0.0002866721 0)
(0.0042479627 -0.00027075092 0)
(0.0042646154 -0.00025523539 0)
(0.0042800132 -0.00024018646 0)
(0.004294238 -0.00022565154 0)
(0.0043073684 -0.0002116661 0)
(0.0043194797 -0.00019825526 0)
(0.0043306432 -0.00018543515 0)
(0.0043409264 -0.00017321423 0)
(0.0043503931 -0.0001615945 0)
(0.0043591031 -0.00015057247 0)
(0.0043671124 -0.00014014017 0)
(0.0043744733 -0.00013028592 0)
(0.0043812348 -0.00012099508 0)
(0.0043874424 -0.00011225069 0)
(0.0043931384 -0.00010403397 0)
(0.0043983623 -9.6324852e-05 0)
(0.0044031506 -8.9102335e-05 0)
(0.0044075372 -8.234485e-05 0)
(0.0044115536 -7.6030542e-05 0)
(0.0044152288 -7.0137509e-05 0)
(0.0044185899 -6.4644008e-05 0)
(0.0044216619 -5.9528607e-05 0)
(0.0044244678 -5.4770327e-05 0)
(0.0044270289 -5.0348743e-05 0)
(0.0044293651 -4.6244063e-05 0)
(0.0044314946 -4.2437191e-05 0)
(0.0044334342 -3.8909773e-05 0)
(0.0044351995 -3.5644226e-05 0)
(0.0044368049 -3.2623754e-05 0)
(0.0044382636 -2.9832358e-05 0)
(0.0044395878 -2.7254833e-05 0)
(0.0044407889 -2.4876765e-05 0)
(0.0044418772 -2.2684513e-05 0)
(0.0044428624 -2.0665194e-05 0)
(0.0044437531 -1.8806663e-05 0)
(0.0044445576 -1.7097485e-05 0)
(0.0044452834 -1.5526914e-05 0)
(0.0044459373 -1.4084865e-05 0)
(0.0044465256 -1.2761883e-05 0)
(0.0044470542 -1.1549118e-05 0)
(0.0044475283 -1.0438293e-05 0)
(0.004447953 -9.4216782e-06 0)
(0.0044483326 -8.492061e-06 0)
(0.0044486713 -7.6427188e-06 0)
(0.004448973 -6.8673915e-06 0)
(0.004449241 -6.1602555e-06 0)
(0.0044494785 -5.5158981e-06 0)
(0.0044496884 -4.9292929e-06 0)
(0.0044498734 -4.3957759e-06 0)
(0.0044500359 -3.9110238e-06 0)
(0.0044501782 -3.4710315e-06 0)
(0.0044503021 -3.0720921e-06 0)
(0.0044504096 -2.7107775e-06 0)
(0.0044505024 -2.3839194e-06 0)
(0.0044505819 -2.0885922e-06 0)
(0.0044506496 -1.8220964e-06 0)
(0.0044507067 -1.5819428e-06 0)
(0.0044507543 -1.365838e-06 0)
(0.0044507936 -1.1716705e-06 0)
(0.0044508253 -9.9749738e-07 0)
(0.0044508505 -8.4153269e-07 0)
(0.0044508698 -7.0213548e-07 0)
(0.004450884 -5.7779933e-07 0)
(0.0044508937 -4.6714225e-07 0)
(0.0044508994 -3.6889734e-07 0)
(0.0044509017 -2.8190401e-07 0)
(0.0044509009 -2.0509986e-07 0)
(0.0044508977 -1.3751306e-07 0)
(0.0044508922 -7.8255243e-08 0)
(0.0044508848 -2.6514995e-08 0)
(0.0044508758 1.8448323e-08 0)
(0.0044508655 5.7310229e-08 0)
(0.0044508541 9.0686387e-08 0)
(0.0044508419 1.191375e-07 0)
(0.0044508289 1.4317381e-07 0)
(0.0044508154 1.6325931e-07 0)
(0.0044508016 1.7981561e-07 0)
(0.0044507874 1.9322547e-07 0)
(0.0044507731 2.0383615e-07 0)
(0.0044507587 2.1196242e-07 0)
(0.0044507444 2.1788937e-07 0)
(0.0044507302 2.2187497e-07 0)
(0.0044507161 2.241525e-07 0)
(0.0044507022 2.2493265e-07 0)
(0.0044506886 2.244056e-07 0)
(0.0044506752 2.2274279e-07 0)
(0.0044506622 2.2009864e-07 0)
(0.0044506495 2.166121e-07 0)
(0.0044506372 2.1240802e-07 0)
(0.0044506253 2.0759849e-07 0)
(0.0044506138 2.0228397e-07 0)
(0.0044506027 1.9655441e-07 0)
(0.0044505919 1.9049019e-07 0)
(0.0044505816 1.8416303e-07 0)
(0.0044505717 1.7763683e-07 0)
(0.0044505623 1.7096835e-07 0)
(0.0044505532 1.6420795e-07 0)
(0.0044505445 1.5740016e-07 0)
(0.0044505362 1.5058422e-07 0)
(0.0044505283 1.4379465e-07 0)
(0.0044505207 1.3706163e-07 0)
(0.0044505136 1.3041147e-07 0)
(0.0044505068 1.2386696e-07 0)
(0.0044505003 1.1744772e-07 0)
(0.0044504942 1.1117048e-07 0)
(0.0044504884 1.0504941e-07 0)
(0.0044504829 9.9096339e-08 0)
(0.0044504777 9.3320986e-08 0)
(0.0044504728 8.7731176e-08 0)
(0.0044504682 8.2333024e-08 0)
(0.0044504638 7.7131108e-08 0)
(0.0044504597 7.2128623e-08 0)
(0.0044504559 6.7327524e-08 0)
(0.0044504522 6.2728652e-08 0)
(0.0044504489 5.8331849e-08 0)
(0.0044504457 5.4136071e-08 0)
(0.0044504427 5.0139478e-08 0)
(0.0044504399 4.6339525e-08 0)
(0.0044504373 4.2733044e-08 0)
(0.0044504349 3.9316318e-08 0)
(0.0044504326 3.6085146e-08 0)
(0.0044504305 3.3034907e-08 0)
(0.0044504286 3.0160619e-08 0)
(0.0044504268 2.7456985e-08 0)
(0.0044504251 2.4918447e-08 0)
(0.0044504236 2.2539228e-08 0)
(0.0044504221 2.031337e-08 0)
(0.0044504208 1.8234772e-08 0)
(0.0044504196 1.6297225e-08 0)
(0.0044504184 1.4494439e-08 0)
(0.0044504174 1.2820076e-08 0)
(0.0044504164 1.1267769e-08 0)
(0.0044504156 9.8311495e-09 0)
(0.0044504148 8.5038675e-09 0)
(0.0044504141 7.2796074e-09 0)
(0.0044504134 6.1521066e-09 0)
(0.0044504128 5.1151696e-09 0)
(0.0044504123 4.1626809e-09 0)
(0.0044504118 3.2886168e-09 0)
(0.0044504113 2.4870556e-09 0)
(0.0044504109 1.7521868e-09 0)
(0.0044504106 1.0783192e-09 0)
(0.0044504103 4.5988919e-10 0)
(0.00445041 -1.0853216e-10 0)
(0.0044504098 -6.3223143e-10 0)
(0.0044504096 -1.1163448e-09 0)
(0.0044504094 -1.5658488e-09 0)
(0.0044504093 -1.9855502e-09 0)
(0.0044504092 -2.3800728e-09 0)
(0.0044504091 -2.7538415e-09 0)
(0.0044504091 -3.1110623e-09 0)
(0.0044504091 -3.4556971e-09 0)
(0.0044504091 -3.791431e-09 0)
(0.0044504091 -4.1216311e-09 0)
(0.0044504092 -4.4492939e-09 0)
(0.0044504093 -4.7769785e-09 0)
(0.0044504094 -5.1067209e-09 0)
(0.0044504095 -5.4399256e-09 0)
(0.0044504097 -5.7772271e-09 0)
(0.0044504099 -6.1183133e-09 0)
(0.0044504101 -6.4617012e-09 0)
(0.0044504103 -6.8044486e-09 0)
(0.0044504106 -7.1417892e-09 0)
(0.0044504109 -7.4666613e-09 0)
(0.0044504112 -7.7690689e-09 0)
(0.0044504115 -8.0353666e-09 0)
(0.0044504118 -8.2476816e-09 0)
(0.0044504121 -8.383656e-09 0)
(0.0044504126 -8.3816169e-09 0)
(0.0032283518 -2.7514176e-05 0)
(0.0032348626 -8.2768057e-05 0)
(0.0032482365 -0.0001373366 0)
(0.0032680127 -0.00019027468 0)
(0.003293591 -0.00024072446 0)
(0.0033243921 -0.00028792453 0)
(0.003359731 -0.00033123534 0)
(0.0033988601 -0.0003701557 0)
(0.0034410079 -0.00040432934 0)
(0.0034854074 -0.0004335436 0)
(0.0035313215 -0.00045772129 0)
(0.0035780636 -0.00047690734 0)
(0.0036250124 -0.00049125186 0)
(0.0036716214 -0.00050099125 0)
(0.0037174239 -0.00050642886 0)
(0.0037620333 -0.00050791623 0)
(0.0038051406 -0.0005058359 0)
(0.0038465086 -0.00050058616 0)
(0.0038859661 -0.00049256818 0)
(0.0039233991 -0.00048217554 0)
(0.0039587437 -0.00046978603 0)
(0.0039919774 -0.00045575569 0)
(0.004023112 -0.00044041462 0)
(0.0040521864 -0.00042406447 0)
(0.0040792608 -0.00040697725 0)
(0.0041044106 -0.00038939517 0)
(0.0041277227 -0.0003715313 0)
(0.0041492911 -0.00035357082 0)
(0.0041692139 -0.00033567272 0)
(0.0041875906 -0.00031797167 0)
(0.0042045207 -0.00030058016 0)
(0.0042201013 -0.00028359058 0)
(0.0042344268 -0.00026707736 0)
(0.0042475879 -0.00025109897 0)
(0.0042596705 -0.00023569989 0)
(0.0042707562 -0.00022091239 0)
(0.0042809217 -0.0002067582 0)
(0.0042902386 -0.00019325002 0)
(0.004298774 -0.00018039289 0)
(0.0043065901 -0.00016818541 0)
(0.0043137447 -0.00015662086 0)
(0.0043202912 -0.00014568811 0)
(0.0043262792 -0.0001353725 0)
(0.0043317542 -0.00012565655 0)
(0.0043367583 -0.00011652063 0)
(0.0043413303 -0.00010794346 0)
(0.0043455058 -9.9902638e-05 0)
(0.0043493177 -9.2374975e-05 0)
(0.004352796 -8.5336873e-05 0)
(0.0043559686 -7.8764592e-05 0)
(0.004358861 -7.2634482e-05 0)
(0.0043614964 -6.6923177e-05 0)
(0.0043638966 -6.1607747e-05 0)
(0.0043660812 -5.6665826e-05 0)
(0.0043680684 -5.2075706e-05 0)
(0.0043698748 -4.781641e-05 0)
(0.0043715159 -4.3867749e-05 0)
(0.0043730056 -4.0210357e-05 0)
(0.0043743569 -3.6825717e-05 0)
(0.0043755817 -3.3696171e-05 0)
(0.0043766908 -3.0804925e-05 0)
(0.0043776943 -2.8136039e-05 0)
(0.0043786013 -2.567442e-05 0)
(0.0043794202 -2.3405802e-05 0)
(0.0043801589 -2.1316724e-05 0)
(0.0043808243 -1.9394506e-05 0)
(0.0043814231 -1.7627223e-05 0)
(0.0043819611 -1.6003674e-05 0)
(0.0043824439 -1.4513354e-05 0)
(0.0043828764 -1.3146422e-05 0)
(0.0043832633 -1.189367e-05 0)
(0.0043836087 -1.0746495e-05 0)
(0.0043839165 -9.6968617e-06 0)
(0.0043841902 -8.7372788e-06 0)
(0.004384433 -7.8607659e-06 0)
(0.004384648 -7.0608258e-06 0)
(0.0043848377 -6.3314164e-06 0)
(0.0043850046 -5.6669239e-06 0)
(0.004385151 -5.0621367e-06 0)
(0.0043852789 -4.5122208e-06 0)
(0.0043853902 -4.0126962e-06 0)
(0.0043854865 -3.5594141e-06 0)
(0.0043855693 -3.1485355e-06 0)
(0.0043856402 -2.776511e-06 0)
(0.0043857004 -2.440061e-06 0)
(0.004385751 -2.1361578e-06 0)
(0.004385793 -1.8620085e-06 0)
(0.0043858275 -1.6150382e-06 0)
(0.0043858552 -1.392875e-06 0)
(0.004385877 -1.1933356e-06 0)
(0.0043858936 -1.0144116e-06 0)
(0.0043859055 -8.5425702e-07 0)
(0.0043859134 -7.1117626e-07 0)
(0.0043859178 -5.8361295e-07 0)
(0.0043859191 -4.7013959e-07 0)
(0.0043859177 -3.6944782e-07 0)
(0.0043859141 -2.8033933e-07 0)
(0.0043859085 -2.0171739e-07 0)
(0.0043859013 -1.3257898e-07 0)
(0.0043858927 -7.2007443e-08 0)
(0.0043858829 -1.9165662e-08 0)
(0.0043858722 2.6710272e-08 0)
(0.0043858607 6.6316948e-08 0)
(0.0043858487 1.0028909e-07 0)
(0.0043858362 1.2920462e-07 0)
(0.0043858233 1.5358934e-07 0)
(0.0043858103 1.7392124e-07 0)
(0.0043857971 1.9063456e-07 0)
(0.004385784 2.041234e-07 0)
(0.0043857708 2.1474524e-07 0)
(0.0043857578 2.2282398e-07 0)
(0.0043857449 2.2865291e-07 0)
(0.0043857323 2.3249735e-07 0)
(0.0043857199 2.3459711e-07 0)
(0.0043857078 2.3516873e-07 0)
(0.0043856959 2.3440758e-07 0)
(0.0043856844 2.3248973e-07 0)
(0.0043856733 2.295737e-07 0)
(0.0043856625 2.2580204e-07 0)
(0.004385652 2.2130282e-07 0)
(0.004385642 2.1619094e-07 0)
(0.0043856323 2.1056932e-07 0)
(0.0043856229 2.0453008e-07 0)
(0.004385614 1.9815548e-07 0)
(0.0043856054 1.9151888e-07 0)
(0.0043855972 1.8468557e-07 0)
(0.0043855893 1.7771356e-07 0)
(0.0043855818 1.7065421e-07 0)
(0.0043855747 1.6355293e-07 0)
(0.0043855679 1.5644973e-07 0)
(0.0043855614 1.4937969e-07 0)
(0.0043855552 1.4237352e-07 0)
(0.0043855494 1.3545793e-07 0)
(0.0043855438 1.28656e-07 0)
(0.0043855386 1.2198759e-07 0)
(0.0043855336 1.1546962e-07 0)
(0.0043855289 1.0911634e-07 0)
(0.0043855244 1.0293964e-07 0)
(0.0043855202 9.6949254e-08 0)
(0.0043855163 9.1152966e-08 0)
(0.0043855125 8.5556828e-08 0)
(0.004385509 8.0165321e-08 0)
(0.0043855057 7.4981515e-08 0)
(0.0043855026 7.000722e-08 0)
(0.0043854997 6.5243111e-08 0)
(0.0043854969 6.0688853e-08 0)
(0.0043854944 5.6343206e-08 0)
(0.004385492 5.2204124e-08 0)
(0.0043854897 4.826885e-08 0)
(0.0043854877 4.4533994e-08 0)
(0.0043854857 4.0995613e-08 0)
(0.0043854839 3.7649275e-08 0)
(0.0043854822 3.4490127e-08 0)
(0.0043854806 3.1512949e-08 0)
(0.0043854791 2.8712212e-08 0)
(0.0043854778 2.6082122e-08 0)
(0.0043854765 2.3616665e-08 0)
(0.0043854753 2.1309652e-08 0)
(0.0043854743 1.9154751e-08 0)
(0.0043854733 1.7145524e-08 0)
(0.0043854724 1.5275457e-08 0)
(0.0043854715 1.3537989e-08 0)
(0.0043854707 1.1926535e-08 0)
(0.00438547 1.0434512e-08 0)
(0.0043854694 9.0553587e-09 0)
(0.0043854688 7.7825531e-09 0)
(0.0043854682 6.6096298e-09 0)
(0.0043854677 5.5301947e-09 0)
(0.0043854673 4.5379379e-09 0)
(0.0043854668 3.6266455e-09 0)
(0.0043854665 2.7902096e-09 0)
(0.0043854661 2.0226377e-09 0)
(0.0043854659 1.318061e-09 0)
(0.0043854656 6.7074237e-10 0)
(0.0043854654 7.508375e-11 0)
(0.0043854652 -4.7436591e-10 0)
(0.004385465 -9.8290239e-10 0)
(0.0043854648 -1.4556568e-09 0)
(0.0043854647 -1.8975843e-09 0)
(0.0043854646 -2.3134508e-09 0)
(0.0043854646 -2.7078159e-09 0)
(0.0043854645 -3.085012e-09 0)
(0.0043854645 -3.4491167e-09 0)
(0.0043854645 -3.8039194e-09 0)
(0.0043854645 -4.1528773e-09 0)
(0.0043854645 -4.4990602e-09 0)
(0.0043854646 -4.8450805e-09 0)
(0.0043854647 -5.1930036e-09 0)
(0.0043854648 -5.5442348e-09 0)
(0.0043854649 -5.8993758e-09 0)
(0.004385465 -6.258042e-09 0)
(0.0043854652 -6.6186302e-09 0)
(0.0043854654 -6.9780237e-09 0)
(0.0043854656 -7.3312181e-09 0)
(0.0043854658 -7.6708406e-09 0)
(0.004385466 -7.9865013e-09 0)
(0.0043854663 -8.264072e-09 0)
(0.0043854665 -8.4851188e-09 0)
(0.0043854668 -8.6266316e-09 0)
(0.0043854672 -8.6255647e-09 0)
(0.0032283783 -3.0302482e-05 0)
(0.0032353141 -9.1048643e-05 0)
(0.0032495153 -0.00015088774 0)
(0.0032704396 -0.00020874303 0)
(0.003297388 -0.00026364691 0)
(0.0033296813 -0.00031475214 0)
(0.0033665303 -0.00036136052 0)
(0.0034070865 -0.00040294012 0)
(0.0034504866 -0.00043913035 0)
(0.0034958861 -0.00046973752 0)
(0.0035424868 -0.00049472252 0)
(0.0035895588 -0.00051418271 0)
(0.0036364555 -0.00052833019 0)
(0.0036826219 -0.00053746855 0)
(0.0037275969 -0.00054196962 0)
(0.0037710118 -0.00054225168 0)
(0.0038125847 -0.00053875987 0)
(0.0038521128 -0.00053194946 0)
(0.0038894631 -0.00052227196 0)
(0.0039245624 -0.00051016429 0)
(0.0039573879 -0.00049604061 0)
(0.0039879572 -0.00048028668 0)
(0.0040163204 -0.00046325618 0)
(0.0040425518 -0.00044526892 0)
(0.0040667437 -0.00042661028 0)
(0.0040890003 -0.0004075318 0)
(0.0041094335 -0.00038825251 0)
(0.0041281588 -0.0003689608 0)
(0.0041452926 -0.00034981666 0)
(0.0041609495 -0.0003309541 0)
(0.0041752409 -0.00031248362 0)
(0.0041882736 -0.00029449468 0)
(0.0042001491 -0.00027705814 0)
(0.0042109632 -0.00026022846 0)
(0.0042208052 -0.00024404588 0)
(0.0042297584 -0.00022853832 0)
(0.0042379 -0.00021372316 0)
(0.0042453012 -0.00019960887 0)
(0.0042520274 -0.00018619637 0)
(0.0042581387 -0.00017348037 0)
(0.0042636902 -0.0001614504 0)
(0.004268732 -0.00015009188 0)
(0.0042733101 -0.00013938689 0)
(0.0042774663 -0.00012931494 0)
(0.0042812386 -0.00011985359 0)
(0.0042846617 -0.000110979 0)
(0.0042877671 -0.00010266638 0)
(0.0042905836 -9.4890358e-05 0)
(0.0042931373 -8.7625345e-05 0)
(0.0042954518 -8.0845765e-05 0)
(0.0042975488 -7.4526293e-05 0)
(0.0042994479 -6.8642031e-05 0)
(0.0043011669 -6.3168648e-05 0)
(0.0043027222 -5.8082497e-05 0)
(0.0043041285 -5.3360701e-05 0)
(0.0043053994 -4.8981213e-05 0)
(0.004306547 -4.4922868e-05 0)
(0.0043075825 -4.1165408e-05 0)
(0.0043085162 -3.7689498e-05 0)
(0.0043093573 -3.4476734e-05 0)
(0.0043101143 -3.1509638e-05 0)
(0.0043107949 -2.8771647e-05 0)
(0.0043114061 -2.6247094e-05 0)
(0.0043119543 -2.3921189e-05 0)
(0.0043124454 -2.1779992e-05 0)
(0.0043128846 -1.9810382e-05 0)
(0.004313277 -1.8000031e-05 0)
(0.0043136268 -1.6337368e-05 0)
(0.0043139381 -1.4811551e-05 0)
(0.0043142146 -1.3412426e-05 0)
(0.0043144597 -1.2130502e-05 0)
(0.0043146764 -1.0956913e-05 0)
(0.0043148674 -9.8833839e-06 0)
(0.0043150354 -8.9022041e-06 0)
(0.0043151826 -8.0061914e-06 0)
(0.0043153111 -7.1886635e-06 0)
(0.0043154229 -6.4434088e-06 0)
(0.0043155195 -5.7646578e-06 0)
(0.0043156027 -5.1470567e-06 0)
(0.0043156739 -4.5856408e-06 0)
(0.0043157342 -4.0758105e-06 0)
(0.004315785 -3.6133075e-06 0)
(0.0043158273 -3.1941927e-06 0)
(0.0043158619 -2.8148247e-06 0)
(0.0043158899 -2.4718404e-06 0)
(0.0043159119 -2.1621355e-06 0)
(0.0043159287 -1.8828467e-06 0)
(0.0043159409 -1.6313354e-06 0)
(0.0043159491 -1.4051714e-06 0)
(0.0043159539 -1.2021182e-06 0)
(0.0043159555 -1.0201189e-06 0)
(0.0043159546 -8.572834e-07 0)
(0.0043159514 -7.1187588e-07 0)
(0.0043159462 -5.8230348e-07 0)
(0.0043159395 -4.6710551e-07 0)
(0.0043159314 -3.6494347e-07 0)
(0.0043159221 -2.7459172e-07 0)
(0.0043159119 -1.9492876e-07 0)
(0.004315901 -1.2492915e-07 0)
(0.0043158895 -6.3655938e-08 0)
(0.0043158776 -1.0253688e-08 0)
(0.0043158654 3.6058055e-08 0)
(0.0043158529 7.5990799e-08 0)
(0.0043158404 1.101927e-07 0)
(0.0043158278 1.3925377e-07 0)
(0.0043158153 1.6371065e-07 0)
(0.0043158029 1.8405109e-07 0)
(0.0043157906 2.0071804e-07 0)
(0.0043157786 2.1411341e-07 0)
(0.0043157667 2.2460164e-07 0)
(0.0043157552 2.3251285e-07 0)
(0.0043157439 2.3814586e-07 0)
(0.004315733 2.417709e-07 0)
(0.0043157224 2.4363212e-07 0)
(0.0043157121 2.4394994e-07 0)
(0.0043157022 2.429231e-07 0)
(0.0043156926 2.4073067e-07 0)
(0.0043156834 2.3753378e-07 0)
(0.0043156746 2.3347728e-07 0)
(0.0043156661 2.2869125e-07 0)
(0.0043156579 2.2329229e-07 0)
(0.0043156501 2.1738485e-07 0)
(0.0043156427 2.110623e-07 0)
(0.0043156355 2.0440802e-07 0)
(0.0043156287 1.974963e-07 0)
(0.0043156223 1.9039321e-07 0)
(0.0043156161 1.8315739e-07 0)
(0.0043156102 1.7584074e-07 0)
(0.0043156046 1.6848911e-07 0)
(0.0043155994 1.6114282e-07 0)
(0.0043155943 1.5383723e-07 0)
(0.0043155896 1.4660323e-07 0)
(0.0043155851 1.3946763e-07 0)
(0.0043155808 1.3245362e-07 0)
(0.0043155768 1.2558105e-07 0)
(0.004315573 1.1886683e-07 0)
(0.0043155694 1.1232517e-07 0)
(0.004315566 1.0596786e-07 0)
(0.0043155628 9.9804529e-08 0)
(0.0043155598 9.3842837e-08 0)
(0.0043155569 8.8088682e-08 0)
(0.0043155543 8.2546379e-08 0)
(0.0043155518 7.7218824e-08 0)
(0.0043155494 7.2107637e-08 0)
(0.0043155472 6.7213299e-08 0)
(0.0043155452 6.253527e-08 0)
(0.0043155432 5.8072104e-08 0)
(0.0043155414 5.3821547e-08 0)
(0.0043155397 4.9780627e-08 0)
(0.0043155381 4.5945742e-08 0)
(0.0043155367 4.2312735e-08 0)
(0.0043155353 3.8876962e-08 0)
(0.004315534 3.5633358e-08 0)
(0.0043155328 3.2576495e-08 0)
(0.0043155317 2.9700636e-08 0)
(0.0043155306 2.6999783e-08 0)
(0.0043155297 2.4467724e-08 0)
(0.0043155288 2.2098071e-08 0)
(0.004315528 1.98843e-08 0)
(0.0043155272 1.7819785e-08 0)
(0.0043155265 1.5897825e-08 0)
(0.0043155258 1.411168e-08 0)
(0.0043155252 1.2454587e-08 0)
(0.0043155247 1.0919792e-08 0)
(0.0043155241 9.5005653e-09 0)
(0.0043155237 8.1902201e-09 0)
(0.0043155232 6.9821314e-09 0)
(0.0043155228 5.8697487e-09 0)
(0.0043155225 4.8466101e-09 0)
(0.0043155221 3.906353e-09 0)
(0.0043155218 3.0427247e-09 0)
(0.0043155216 2.2495915e-09 0)
(0.0043155213 1.5209469e-09 0)
(0.0043155211 8.5091957e-10 0)
(0.0043155209 2.3378108e-10 0)
(0.0043155207 -3.3604633e-10 0)
(0.0043155206 -8.6398112e-10 0)
(0.0043155205 -1.3552727e-09 0)
(0.0043155203 -1.8149897e-09 0)
(0.0043155203 -2.248006e-09 0)
(0.0043155202 -2.6589829e-09 0)
(0.0043155201 -3.0523468e-09 0)
(0.0043155201 -3.4322611e-09 0)
(0.0043155201 -3.8025902e-09 0)
(0.0043155201 -4.166854e-09 0)
(0.0043155201 -4.5281707e-09 0)
(0.0043155201 -4.889183e-09 0)
(0.0043155202 -5.2519667e-09 0)
(0.0043155202 -5.6179127e-09 0)
(0.0043155203 -5.9875801e-09 0)
(0.0043155204 -6.3605088e-09 0)
(0.0043155205 -6.7349823e-09 0)
(0.0043155207 -7.1077281e-09 0)
(0.0043155208 -7.4735388e-09 0)
(0.004315521 -7.8247877e-09 0)
(0.0043155211 -8.1507775e-09 0)
(0.0043155213 -8.4370225e-09 0)
(0.0043155215 -8.6647022e-09 0)
(0.0043155216 -8.8103768e-09 0)
(0.0043155219 -8.8102998e-09 0)
(0.0032284086 -3.3281026e-05 0)
(0.0032358253 -9.9866689e-05 0)
(0.003250957 -0.00016526952 0)
(0.0032731638 -0.00022826395 0)
(0.0033016287 -0.00028776111 0)
(0.0033355546 -0.00034282257 0)
(0.003374031 -0.00039269221 0)
(0.0034160941 -0.00043681355 0)
(0.0034607784 -0.00047483227 0)
(0.0035071551 -0.00050658723 0)
(0.0035543626 -0.00053209255 0)
(0.0036016292 -0.00055151345 0)
(0.0036482874 -0.00056513871 0)
(0.0036937799 -0.00057335218 0)
(0.0037376596 -0.00057660518 0)
(0.0037795844 -0.00057539145 0)
(0.0038193084 -0.0005702252 0)
(0.0038566712 -0.00056162288 0)
(0.0038915856 -0.00055008869 0)
(0.0039240257 -0.0005361036 0)
(0.003954015 -0.00052011756 0)
(0.0039816158 -0.00050254446 0)
(0.0040069193 -0.00048375934 0)
(0.0040300376 -0.0004640974 0)
(0.0040510963 -0.00044385443 0)
(0.0040702291 -0.00042328825 0)
(0.0040875732 -0.0004026208 0)
(0.0041032651 -0.0003820408 0)
(0.0041174386 -0.00036170652 0)
(0.0041302224 -0.00034174878 0)
(0.0041417389 -0.00032227385 0)
(0.0041521032 -0.00030336627 0)
(0.0041614228 -0.00028509154 0)
(0.004169797 -0.00026749862 0)
(0.0041773174 -0.00025062218 0)
(0.0041840679 -0.00023448469 0)
(0.004190125 -0.00021909827 0)
(0.0041955583 -0.00020446636 0)
(0.0042004307 -0.00019058519 0)
(0.0042047993 -0.00017744503 0)
(0.0042087155 -0.00016503136 0)
(0.0042122256 -0.0001533258 0)
(0.0042153711 -0.000142307 0)
(0.0042181896 -0.00013195129 0)
(0.0042207146 -0.00012223337 0)
(0.0042229761 -0.00011312677 0)
(0.0042250013 -0.00010460434 0)
(0.0042268144 -9.6638568e-05 0)
(0.004228437 -8.9201924e-05 0)
(0.0042298887 -8.2267086e-05 0)
(0.0042311868 -7.5807149e-05 0)
(0.0042323471 -6.9795795e-05 0)
(0.0042333835 -6.420741e-05 0)
(0.0042343087 -5.9017194e-05 0)
(0.004235134 -5.4201225e-05 0)
(0.0042358695 -4.973652e-05 0)
(0.0042365245 -4.5601067e-05 0)
(0.0042371069 -4.1773841e-05 0)
(0.0042376243 -3.823482e-05 0)
(0.0042380833 -3.4964977e-05 0)
(0.0042384899 -3.194627e-05 0)
(0.0042388493 -2.9161627e-05 0)
(0.0042391666 -2.659492e-05 0)
(0.0042394459 -2.4230942e-05 0)
(0.0042396913 -2.2055374e-05 0)
(0.0042399063 -2.0054753e-05 0)
(0.0042400941 -1.821644e-05 0)
(0.0042402576 -1.6528583e-05 0)
(0.0042403993 -1.4980081e-05 0)
(0.0042405216 -1.356055e-05 0)
(0.0042406267 -1.2260285e-05 0)
(0.0042407163 -1.1070228e-05 0)
(0.0042407922 -9.9819297e-06 0)
(0.004240856 -8.9875199e-06 0)
(0.004240909 -8.0796713e-06 0)
(0.0042409525 -7.25157e-06 0)
(0.0042409876 -6.4968843e-06 0)
(0.0042410153 -5.8097355e-06 0)
(0.0042410365 -5.1846703e-06 0)
(0.004241052 -4.6166336e-06 0)
(0.0042410626 -4.1009437e-06 0)
(0.0042410689 -3.6332672e-06 0)
(0.0042410714 -3.2095971e-06 0)
(0.0042410708 -2.8262302e-06 0)
(0.0042410674 -2.479747e-06 0)
(0.0042410617 -2.1669921e-06 0)
(0.004241054 -1.8850561e-06 0)
(0.0042410447 -1.6312582e-06 0)
(0.004241034 -1.4031301e-06 0)
(0.0042410222 -1.1984006e-06 0)
(0.0042410096 -1.0149817e-06 0)
(0.0042409963 -8.5095496e-07 0)
(0.0042409825 -7.0455891e-07 0)
(0.0042409684 -5.741776e-07 0)
(0.004240954 -4.5832948e-07 0)
(0.0042409395 -3.5565727e-07 0)
(0.004240925 -2.6491839e-07 0)
(0.0042409106 -1.8497612e-07 0)
(0.0042408963 -1.1479133e-07 0)
(0.0042408823 -5.3414828e-08 0)
(0.0042408685 1.9835735e-11 0)
(0.004240855 4.6302941e-08 0)
(0.0042408418 8.6154775e-08 0)
(0.004240829 1.2023132e-07 0)
(0.0042408166 1.4912956e-07 0)
(0.0042408046 1.7339232e-07 0)
(0.004240793 1.9351283e-07 0)
(0.0042407818 2.0993888e-07 0)
(0.004240771 2.2307669e-07 0)
(0.0042407606 2.3329443e-07 0)
(0.0042407507 2.4092553e-07 0)
(0.0042407412 2.462717e-07 0)
(0.0042407321 2.4960566e-07 0)
(0.0042407234 2.5117377e-07 0)
(0.004240715 2.511983e-07 0)
(0.0042407071 2.4987961e-07 0)
(0.0042406996 2.4739815e-07 0)
(0.0042406924 2.4391622e-07 0)
(0.0042406855 2.3957965e-07 0)
(0.004240679 2.3451931e-07 0)
(0.0042406729 2.2885249e-07 0)
(0.004240667 2.2268416e-07 0)
(0.0042406615 2.1610813e-07 0)
(0.0042406562 2.0920808e-07 0)
(0.0042406512 2.0205856e-07 0)
(0.0042406465 1.9472578e-07 0)
(0.0042406421 1.8726849e-07 0)
(0.0042406379 1.7973863e-07 0)
(0.0042406339 1.7218202e-07 0)
(0.0042406302 1.6463894e-07 0)
(0.0042406266 1.5714467e-07 0)
(0.0042406233 1.4972996e-07 0)
(0.0042406202 1.424215e-07 0)
(0.0042406172 1.3524229e-07 0)
(0.0042406144 1.2821203e-07 0)
(0.0042406118 1.213474e-07 0)
(0.0042406093 1.1466243e-07 0)
(0.004240607 1.0816869e-07 0)
(0.0042406048 1.0187558e-07 0)
(0.0042406028 9.5790546e-08 0)
(0.0042406009 8.9919256e-08 0)
(0.0042405991 8.4265799e-08 0)
(0.0042405974 7.8832843e-08 0)
(0.0042405958 7.3621784e-08 0)
(0.0042405943 6.8632879e-08 0)
(0.0042405929 6.3865369e-08 0)
(0.0042405916 5.9317592e-08 0)
(0.0042405904 5.498708e-08 0)
(0.0042405892 5.0870655e-08 0)
(0.0042405882 4.6964513e-08 0)
(0.0042405872 4.3264297e-08 0)
(0.0042405862 3.9765173e-08 0)
(0.0042405853 3.646189e-08 0)
(0.0042405845 3.3348837e-08 0)
(0.0042405838 3.0420103e-08 0)
(0.004240583 2.7669521e-08 0)
(0.0042405824 2.5090714e-08 0)
(0.0042405818 2.2677135e-08 0)
(0.0042405812 2.0422107e-08 0)
(0.0042405807 1.8318854e-08 0)
(0.0042405802 1.6360536e-08 0)
(0.0042405797 1.4540271e-08 0)
(0.0042405793 1.2851166e-08 0)
(0.0042405789 1.1286337e-08 0)
(0.0042405785 9.8389288e-09 0)
(0.0042405781 8.5021355e-09 0)
(0.0042405778 7.2692153e-09 0)
(0.0042405775 6.1335053e-09 0)
(0.0042405772 5.0884343e-09 0)
(0.004240577 4.1275338e-09 0)
(0.0042405768 3.2444484e-09 0)
(0.0042405765 2.4329445e-09 0)
(0.0042405764 1.6869188e-09 0)
(0.0042405762 1.000406e-09 0)
(0.004240576 3.6758636e-10 0)
(0.0042405759 -2.1720606e-10 0)
(0.0042405757 -7.5947486e-10 0)
(0.0042405756 -1.2645511e-09 0)
(0.0042405755 -1.7375814e-09 0)
(0.0042405754 -2.183513e-09 0)
(0.0042405754 -2.6070753e-09 0)
(0.0042405753 -3.012757e-09 0)
(0.0042405752 -3.404776e-09 0)
(0.0042405752 -3.7870426e-09 0)
(0.0042405752 -4.1631125e-09 0)
(0.0042405752 -4.5361267e-09 0)
(0.0042405752 -4.9087364e-09 0)
(0.0042405752 -5.2830083e-09 0)
(0.0042405752 -5.6603048e-09 0)
(0.0042405753 -6.0411334e-09 0)
(0.0042405753 -6.4249566e-09 0)
(0.0042405754 -6.8099526e-09 0)
(0.0042405755 -7.1927137e-09 0)
(0.0042405755 -7.5678662e-09 0)
(0.0042405756 -7.9275888e-09 0)
(0.0042405757 -8.2609651e-09 0)
(0.0042405758 -8.553279e-09 0)
(0.004240576 -8.7854974e-09 0)
(0.0042405761 -8.9339736e-09 0)
(0.0042405762 -8.93493e-09 0)
(0.0032284433 -3.647508e-05 0)
(0.0032364043 -0.00010929034 0)
(0.0032525819 -0.00018058128 0)
(0.0032762192 -0.00024895344 0)
(0.0033063582 -0.00031318414 0)
(0.0033420622 -0.00037223884 0)
(0.0033822801 -0.00042530608 0)
(0.0034259166 -0.00047181403 0)
(0.0034718931 -0.00051142868 0)
(0.0035191908 -0.00054403868 0)
(0.0035668839 -0.00056972991 0)
(0.0036141623 -0.00058875376 0)
(0.0036603444 -0.0006014925 0)
(0.0037048798 -0.00060842476 0)
(0.0037473456 -0.00061009316 0)
(0.0037874368 -0.00060707577 0)
(0.0038249538 -0.00059996195 0)
(0.0038597879 -0.00058933296 0)
(0.003891906 -0.00057574714 0)
(0.0039213361 -0.00055972925 0)
(0.0039481535 -0.00054176346 0)
(0.0039724688 -0.00052228929 0)
(0.0039944175 -0.00050169996 0)
(0.0040141507 -0.00048034263 0)
(0.0040318286 -0.00045851986 0)
(0.0040476142 -0.00043649216 0)
(0.004061669 -0.00041448096 0)
(0.00407415 -0.00039267206 0)
(0.004085207 -0.00037121911 0)
(0.0040949814 -0.00035024709 0)
(0.0041036049 -0.00032985569 0)
(0.0041111992 -0.00031012249 0)
(0.0041178761 -0.00029110589 0)
(0.0041237371 -0.00027284782 0)
(0.0041288745 -0.00025537613 0)
(0.0041333713 -0.0002387068 0)
(0.0041373022 -0.00022284585 0)
(0.0041407337 -0.00020779101 0)
(0.0041437255 -0.00019353325 0)
(0.0041463305 -0.00018005803 0)
(0.0041485956 -0.00016734641 0)
(0.0041505623 -0.00015537605 0)
(0.0041522675 -0.00014412198 0)
(0.0041537434 -0.00013355731 0)
(0.0041550188 -0.00012365382 0)
(0.0041561186 -0.00011438246 0)
(0.0041570651 -0.00010571374 0)
(0.0041578776 -9.7618091e-05 0)
(0.0041585731 -9.0066145e-05 0)
(0.0041591667 -8.3028942e-05 0)
(0.0041596715 -7.647813e-05 0)
(0.0041600988 -7.03861e-05 0)
(0.0041604589 -6.4726099e-05 0)
(0.0041607604 -5.9472312e-05 0)
(0.0041610112 -5.4599922e-05 0)
(0.004161218 -5.008515e-05 0)
(0.0041613867 -4.5905277e-05 0)
(0.0041615224 -4.2038657e-05 0)
(0.0041616298 -3.8464711e-05 0)
(0.0041617127 -3.516392e-05 0)
(0.0041617746 -3.2117805e-05 0)
(0.0041618186 -2.9308907e-05 0)
(0.0041618473 -2.6720754e-05 0)
(0.0041618629 -2.4337831e-05 0)
(0.0041618676 -2.2145546e-05 0)
(0.004161863 -2.0130194e-05 0)
(0.0041618506 -1.8278919e-05 0)
(0.0041618319 -1.6579675e-05 0)
(0.004161808 -1.5021191e-05 0)
(0.0041617798 -1.3592927e-05 0)
(0.0041617482 -1.2285043e-05 0)
(0.004161714 -1.1088356e-05 0)
(0.0041616779 -9.9943093e-06 0)
(0.0041616403 -8.9949333e-06 0)
(0.0041616018 -8.0828134e-06 0)
(0.0041615628 -7.2510572e-06 0)
(0.0041615236 -6.4932628e-06 0)
(0.0041614845 -5.8034886e-06 0)
(0.0041614457 -5.1762251e-06 0)
(0.0041614075 -4.606367e-06 0)
(0.00416137 -4.0891874e-06 0)
(0.0041613334 -3.6203129e-06 0)
(0.0041612978 -3.1957002e-06 0)
(0.0041612632 -2.8116143e-06 0)
(0.0041612297 -2.4646067e-06 0)
(0.0041611975 -2.1514966e-06 0)
(0.0041611664 -1.8693517e-06 0)
(0.0041611366 -1.6154709e-06 0)
(0.004161108 -1.3873677e-06 0)
(0.0041610806 -1.182755e-06 0)
(0.0041610545 -9.9953053e-07 0)
(0.0041610295 -8.3576312e-07 0)
(0.0041610058 -6.8968026e-07 0)
(0.0041609833 -5.5965614e-07 0)
(0.0041609618 -4.4420055e-07 0)
(0.0041609415 -3.4194861e-07 0)
(0.0041609223 -2.5165109e-07 0)
(0.0041609041 -1.7216549e-07 0)
(0.0041608869 -1.0244762e-07 0)
(0.0041608706 -4.1543938e-08 0)
(0.0041608553 1.1415764e-08 0)
(0.0041608408 5.7224982e-08 0)
(0.0041608272 9.660674e-08 0)
(0.0041608144 1.3021934e-07 0)
(0.0041608024 1.5866167e-07 0)
(0.0041607911 1.8247819e-07 0)
(0.0041607805 2.0216342e-07 0)
(0.0041607705 2.181662e-07 0)
(0.0041607612 2.3089356e-07 0)
(0.0041607524 2.4071429e-07 0)
(0.0041607442 2.4796226e-07 0)
(0.0041607365 2.5293947e-07 0)
(0.0041607293 2.5591883e-07 0)
(0.0041607226 2.5714672e-07 0)
(0.0041607164 2.5684537e-07 0)
(0.0041607105 2.5521503e-07 0)
(0.004160705 2.5243593e-07 0)
(0.0041606999 2.4867013e-07 0)
(0.0041606951 2.4406315e-07 0)
(0.0041606907 2.3874553e-07 0)
(0.0041606865 2.3283418e-07 0)
(0.0041606827 2.2643368e-07 0)
(0.0041606791 2.1963743e-07 0)
(0.0041606757 2.125287e-07 0)
(0.0041606726 2.0518157e-07 0)
(0.0041606697 1.9766184e-07 0)
(0.004160667 1.9002781e-07 0)
(0.0041606644 1.8233099e-07 0)
(0.0041606621 1.7461676e-07 0)
(0.0041606599 1.6692499e-07 0)
(0.0041606579 1.5929052e-07 0)
(0.004160656 1.5174371e-07 0)
(0.0041606542 1.4431084e-07 0)
(0.0041606525 1.3701453e-07 0)
(0.004160651 1.298741e-07 0)
(0.0041606496 1.2290588e-07 0)
(0.0041606482 1.1612353e-07 0)
(0.004160647 1.095383e-07 0)
(0.0041606458 1.0315927e-07 0)
(0.0041606447 9.6993557e-08 0)
(0.0041606437 9.1046551e-08 0)
(0.0041606428 8.5322053e-08 0)
(0.0041606419 7.9822459e-08 0)
(0.0041606411 7.4548909e-08 0)
(0.0041606403 6.9501415e-08 0)
(0.0041606396 6.4678983e-08 0)
(0.0041606389 6.0079731e-08 0)
(0.0041606382 5.5700981e-08 0)
(0.0041606376 5.1539356e-08 0)
(0.0041606371 4.7590863e-08 0)
(0.0041606366 4.3850967e-08 0)
(0.0041606361 4.0314665e-08 0)
(0.0041606356 3.6976546e-08 0)
(0.0041606351 3.383085e-08 0)
(0.0041606347 3.0871524e-08 0)
(0.0041606343 2.8092266e-08 0)
(0.004160634 2.5486573e-08 0)
(0.0041606336 2.304778e-08 0)
(0.0041606333 2.0769097e-08 0)
(0.004160633 1.8643643e-08 0)
(0.0041606327 1.6664477e-08 0)
(0.0041606324 1.4824624e-08 0)
(0.0041606322 1.3117101e-08 0)
(0.0041606319 1.153494e-08 0)
(0.0041606317 1.0071207e-08 0)
(0.0041606315 8.7190191e-09 0)
(0.0041606313 7.4715633e-09 0)
(0.0041606311 6.3221078e-09 0)
(0.0041606309 5.2640159e-09 0)
(0.0041606307 4.2907564e-09 0)
(0.0041606305 3.3959136e-09 0)
(0.0041606304 2.5731962e-09 0)
(0.0041606302 1.8164452e-09 0)
(0.0041606301 1.1196415e-09 0)
(0.00416063 4.7691381e-10 0)
(0.0041606298 -1.1745336e-10 0)
(0.0041606297 -6.69011e-10 0)
(0.0041606296 -1.1831351e-09 0)
(0.0041606295 -1.6650144e-09 0)
(0.0041606295 -2.1196349e-09 0)
(0.0041606294 -2.551761e-09 0)
(0.0041606293 -2.9659109e-09 0)
(0.0041606293 -3.3663269e-09 0)
(0.0041606292 -3.7569363e-09 0)
(0.0041606292 -4.141303e-09 0)
(0.0041606291 -4.5225666e-09 0)
(0.0041606291 -4.9033649e-09 0)
(0.0041606291 -5.2857374e-09 0)
(0.0041606291 -5.6710042e-09 0)
(0.0041606291 -6.0596131e-09 0)
(0.0041606291 -6.450949e-09 0)
(0.0041606291 -6.8430942e-09 0)
(0.0041606291 -7.2325274e-09 0)
(0.0041606291 -7.6137474e-09 0)
(0.0041606292 -7.9787986e-09 0)
(0.0041606292 -8.3166352e-09 0)
(0.0041606292 -8.6124378e-09 0)
(0.0041606293 -8.8471325e-09 0)
(0.0041606293 -8.9970874e-09 0)
(0.0041606294 -8.9991482e-09 0)
(0.0032284834 -3.9913472e-05 0)
(0.0032370606 -0.00011939648 0)
(0.0032544145 -0.00019693351 0)
(0.0032796459 -0.00027093793 0)
(0.0033116283 -0.00034003959 0)
(0.0033492602 -0.00040310399 0)
(0.003391327 -0.00045926975 0)
(0.0034365847 -0.00050796269 0)
(0.0034838308 -0.00054888776 0)
(0.0035319517 -0.00058200505 0)
(0.003579959 -0.00060749469 0)
(0.0036270105 -0.00062571572 0)
(0.0036724202 -0.00063716299 0)
(0.0037156567 -0.00064242573 0)
(0.0037563338 -0.00064215016 0)
(0.0037941964 -0.00063700735 0)
(0.003829103 -0.00062766725 0)
(0.0038610069 -0.0006147785 0)
(0.0038899375 -0.00059895384 0)
(0.0039159837 -0.00058076032 0)
(0.0039392775 -0.00056071354 0)
(0.0039599817 -0.00053927501 0)
(0.0039782776 -0.00051685204 0)
(0.0039943568 -0.00049379942 0)
(0.0040084136 -0.00047042223 0)
(0.0040206396 -0.00044697955 0)
(0.0040312197 -0.00042368849 0)
(0.0040403293 -0.00040072846 0)
(0.0040481326 -0.00037824533 0)
(0.0040547814 -0.00035635552 0)
(0.0040604148 -0.00033514978 0)
(0.0040651592 -0.00031469669 0)
(0.0040691284 -0.00029504584 0)
(0.0040724248 -0.0002762307 0)
(0.0040751391 -0.00025827115 0)
(0.0040773521 -0.00024117572 0)
(0.0040791352 -0.00022494356 0)
(0.0040805507 -0.00020956613 0)
(0.0040816537 -0.00019502869 0)
(0.004082492 -0.00018131154 0)
(0.0040831071 -0.00016839116 0)
(0.004083535 -0.00015624106 0)
(0.0040838071 -0.00014483261 0)
(0.00408395 -0.00013413566 0)
(0.0040839869 -0.00012411912 0)
(0.0040839374 -0.00011475142 0)
(0.0040838185 -0.00010600085 0)
(0.0040836443 -9.7835879e-05 0)
(0.004083427 -9.0225441e-05 0)
(0.0040831769 -8.3139088e-05 0)
(0.0040829026 -7.654717e-05 0)
(0.0040826112 -7.0420948e-05 0)
(0.0040823087 -6.4732689e-05 0)
(0.0040820001 -5.9455728e-05 0)
(0.0040816895 -5.4564508e-05 0)
(0.0040813801 -5.0034613e-05 0)
(0.0040810746 -4.5842771e-05 0)
(0.0040807752 -4.1966859e-05 0)
(0.0040804835 -3.8385887e-05 0)
(0.0040802007 -3.5079981e-05 0)
(0.0040799279 -3.2030359e-05 0)
(0.0040796658 -2.9219296e-05 0)
(0.0040794146 -2.6630097e-05 0)
(0.0040791748 -2.4247054e-05 0)
(0.0040789465 -2.2055409e-05 0)
(0.0040787295 -2.0041316e-05 0)
(0.0040785239 -1.8191798e-05 0)
(0.0040783293 -1.6494708e-05 0)
(0.0040781456 -1.4938684e-05 0)
(0.0040779724 -1.3513116e-05 0)
(0.0040778094 -1.2208098e-05 0)
(0.0040776562 -1.1014396e-05 0)
(0.0040775124 -9.9234092e-06 0)
(0.0040773777 -8.9271303e-06 0)
(0.0040772514 -8.0181143e-06 0)
(0.0040771334 -7.1894433e-06 0)
(0.0040770231 -6.4346947e-06 0)
(0.0040769202 -5.74791e-06 0)
(0.0040768243 -5.1235664e-06 0)
(0.0040767349 -4.5565479e-06 0)
(0.0040766518 -4.0421193e-06 0)
(0.0040765744 -3.5759013e-06 0)
(0.0040765026 -3.1538463e-06 0)
(0.0040764359 -2.7722162e-06 0)
(0.0040763741 -2.4275611e-06 0)
(0.0040763168 -2.1166996e-06 0)
(0.0040762638 -1.8366997e-06 0)
(0.0040762147 -1.5848612e-06 0)
(0.0040761694 -1.3586993e-06 0)
(0.0040761275 -1.155929e-06 0)
(0.0040760889 -9.7445045e-07 0)
(0.0040760532 -8.1233525e-07 0)
(0.0040760204 -6.6781387e-07 0)
(0.0040759902 -5.3926365e-07 0)
(0.0040759624 -4.2519766e-07 0)
(0.0040759369 -3.2425436e-07 0)
(0.0040759135 -2.3518793e-07 0)
(0.004075892 -1.5685923e-07 0)
(0.0040758723 -8.8227489e-08 0)
(0.0040758543 -2.8342479e-08 0)
(0.0040758378 2.3662702e-08 0)
(0.0040758227 6.8578336e-08 0)
(0.004075809 1.0712431e-07 0)
(0.0040757964 1.3995586e-07 0)
(0.004075785 1.6766895e-07 0)
(0.0040757746 1.9080516e-07 0)
(0.0040757652 2.0985627e-07 0)
(0.0040757567 2.2526848e-07 0)
(0.0040757489 2.3744628e-07 0)
(0.0040757419 2.4675604e-07 0)
(0.0040757355 2.5352933e-07 0)
(0.0040757298 2.5806592e-07 0)
(0.0040757247 2.6063662e-07 0)
(0.00407572 2.6148581e-07 0)
(0.0040757159 2.6083383e-07 0)
(0.0040757121 2.588791e-07 0)
(0.0040757088 2.5580017e-07 0)
(0.0040757058 2.5175746e-07 0)
(0.0040757031 2.4689498e-07 0)
(0.0040757008 2.413418e-07 0)
(0.0040756987 2.352135e-07 0)
(0.0040756968 2.2861336e-07 0)
(0.0040756952 2.2163356e-07 0)
(0.0040756937 2.1435623e-07 0)
(0.0040756924 2.068544e-07 0)
(0.0040756913 1.9919286e-07 0)
(0.0040756903 1.9142894e-07 0)
(0.0040756895 1.836133e-07 0)
(0.0040756887 1.7579047e-07 0)
(0.0040756881 1.6799953e-07 0)
(0.0040756875 1.6027461e-07 0)
(0.0040756871 1.5264538e-07 0)
(0.0040756867 1.4513749e-07 0)
(0.0040756863 1.3777296e-07 0)
(0.004075686 1.3057056e-07 0)
(0.0040756858 1.235461e-07 0)
(0.0040756855 1.1671277e-07 0)
(0.0040756854 1.1008136e-07 0)
(0.0040756852 1.0366053e-07 0)
(0.0040756851 9.7457034e-08 0)
(0.0040756849 9.1475881e-08 0)
(0.0040756848 8.5720547e-08 0)
(0.0040756848 8.0193123e-08 0)
(0.0040756847 7.4894464e-08 0)
(0.0040756846 6.982432e-08 0)
(0.0040756845 6.4981458e-08 0)
(0.0040756845 6.0363772e-08 0)
(0.0040756844 5.5968381e-08 0)
(0.0040756843 5.1791721e-08 0)
(0.0040756843 4.7829627e-08 0)
(0.0040756842 4.407741e-08 0)
(0.0040756842 4.0529923e-08 0)
(0.0040756841 3.7181625e-08 0)
(0.004075684 3.4026639e-08 0)
(0.0040756839 3.1058806e-08 0)
(0.0040756839 2.8271727e-08 0)
(0.0040756838 2.5658812e-08 0)
(0.0040756837 2.3213319e-08 0)
(0.0040756836 2.0928388e-08 0)
(0.0040756835 1.8797075e-08 0)
(0.0040756835 1.6812383e-08 0)
(0.0040756834 1.4967288e-08 0)
(0.0040756833 1.3254764e-08 0)
(0.0040756832 1.1667802e-08 0)
(0.0040756831 1.0199433e-08 0)
(0.004075683 8.8427451e-09 0)
(0.0040756829 7.5908971e-09 0)
(0.0040756828 6.4371332e-09 0)
(0.0040756827 5.3747947e-09 0)
(0.0040756826 4.397331e-09 0)
(0.0040756825 3.498309e-09 0)
(0.0040756824 2.6714212e-09 0)
(0.0040756823 1.9104941e-09 0)
(0.0040756822 1.2094954e-09 0)
(0.0040756821 5.6254166e-10 0)
(0.004075682 -3.6093757e-11 0)
(0.0040756819 -5.9197155e-10 0)
(0.0040756818 -1.1104761e-09 0)
(0.0040756817 -1.5968026e-09 0)
(0.0040756816 -2.0559417e-09 0)
(0.0040756816 -2.4926592e-09 0)
(0.0040756815 -2.9114718e-09 0)
(0.0040756814 -3.3166155e-09 0)
(0.0040756814 -3.7120061e-09 0)
(0.0040756813 -4.1011897e-09 0)
(0.0040756812 -4.4872802e-09 0)
(0.0040756812 -4.872881e-09 0)
(0.0040756811 -5.2599876e-09 0)
(0.0040756811 -5.6498646e-09 0)
(0.004075681 -6.0428939e-09 0)
(0.004075681 -6.4383837e-09 0)
(0.0040756809 -6.8343307e-09 0)
(0.0040756809 -7.2271234e-09 0)
(0.0040756809 -7.6111735e-09 0)
(0.0040756808 -7.9784519e-09 0)
(0.0040756808 -8.3178732e-09 0)
(0.0040756808 -8.6146404e-09 0)
(0.0040756807 -8.849809e-09 0)
(0.0040756807 -8.9999711e-09 0)
(0.0040756807 -9.0032393e-09 0)
(0.0032285296 -4.3629323e-05 0)
(0.0032378062 -0.0001302724 0)
(0.0032564837 -0.00021444966 0)
(0.0032834907 -0.00029435531 0)
(0.0033174986 -0.00036845731 0)
(0.0033572104 -0.00043551918 0)
(0.0034012226 -0.0004946389 0)
(0.0034481239 -0.00054525833 0)
(0.0034965772 -0.00058714564 0)
(0.003545372 -0.0006203594 0)
(0.0035934616 -0.00064520114 0)
(0.0036399818 -0.00066216243 0)
(0.0036842556 -0.000671872 0)
(0.0037257857 -0.00067504664 0)
(0.0037642385 -0.00067244845 0)
(0.0037994234 -0.00066484961 0)
(0.00383127 -0.00065300485 0)
(0.0038598047 -0.00063763132 0)
(0.0038851284 -0.00061939486 0)
(0.0039073972 -0.00059890177 0)
(0.0039268046 -0.00057669481 0)
(0.0039435679 -0.00055325263 0)
(0.0039579158 -0.00052899147 0)
(0.0039700801 -0.00050426856 0)
(0.0039802882 -0.00047938658 0)
(0.0039887588 -0.00045459858 0)
(0.003995698 -0.0004301132 0)
(0.0040012972 -0.00040609973 0)
(0.0040057325 -0.00038269309 0)
(0.0040091635 -0.00035999834 0)
(0.0040117343 -0.00033809495 0)
(0.0040135732 -0.00031704054 0)
(0.0040147944 -0.00029687427 0)
(0.0040154981 -0.00027761985 0)
(0.0040157725 -0.00025928814 0)
(0.0040156941 -0.00024187941 0)
(0.0040153293 -0.00022538532 0)
(0.0040147351 -0.00020979058 0)
(0.0040139607 -0.00019507444 0)
(0.0040130476 -0.00018121185 0)
(0.0040120312 -0.00016817452 0)
(0.0040109414 -0.00015593182 0)
(0.0040098031 -0.00014445144 0)
(0.0040086369 -0.00013370006 0)
(0.00400746 -0.00012364381 0)
(0.0040062862 -0.00011424872 0)
(0.0040051268 -0.00010548098 0)
(0.0040039908 -9.7307308e-05 0)
(0.0040028851 -8.9695083e-05 0)
(0.0040018151 -8.2612552e-05 0)
(0.0040007847 -7.602895e-05 0)
(0.0039997967 -6.9914593e-05 0)
(0.0039988531 -6.4240946e-05 0)
(0.0039979547 -5.8980669e-05 0)
(0.003997102 -5.4107644e-05 0)
(0.0039962949 -4.9596982e-05 0)
(0.0039955328 -4.5425023e-05 0)
(0.0039948147 -4.1569323e-05 0)
(0.0039941394 -3.8008629e-05 0)
(0.0039935056 -3.4722856e-05 0)
(0.0039929118 -3.1693052e-05 0)
(0.0039923563 -2.8901361e-05 0)
(0.0039918374 -2.6330981e-05 0)
(0.0039913534 -2.3966128e-05 0)
(0.0039909025 -2.1791987e-05 0)
(0.0039904829 -1.9794674e-05 0)
(0.003990093 -1.7961187e-05 0)
(0.003989731 -1.6279364e-05 0)
(0.0039893954 -1.4737844e-05 0)
(0.0039890844 -1.332602e-05 0)
(0.0039887967 -1.2033998e-05 0)
(0.0039885307 -1.0852562e-05 0)
(0.003988285 -9.7731287e-06 0)
(0.0039880582 -8.787716e-06 0)
(0.0039878492 -7.8889036e-06 0)
(0.0039876566 -7.0698008e-06 0)
(0.0039874794 -6.3240125e-06 0)
(0.0039873165 -5.6456089e-06 0)
(0.0039871669 -5.0290951e-06 0)
(0.0039870295 -4.4693836e-06 0)
(0.0039869036 -3.9617671e-06 0)
(0.0039867883 -3.5018935e-06 0)
(0.0039866827 -3.0857416e-06 0)
(0.0039865862 -2.7095992e-06 0)
(0.0039864981 -2.3700409e-06 0)
(0.0039864177 -2.0639093e-06 0)
(0.0039863444 -1.788295e-06 0)
(0.0039862776 -1.5405196e-06 0)
(0.003986217 -1.3181191e-06 0)
(0.0039861619 -1.1188281e-06 0)
(0.0039861119 -9.4056519e-07 0)
(0.0039860666 -7.8141981e-07 0)
(0.0039860256 -6.3963903e-07 0)
(0.0039859886 -5.1361588e-07 0)
(0.0039859553 -4.0187823e-07 0)
(0.0039859253 -3.0307844e-07 0)
(0.0039858983 -2.1598376e-07 0)
(0.0039858741 -1.3946731e-07 0)
(0.0039858524 -7.2499798e-08 0)
(0.003985833 -1.4141759e-08 0)
(0.0039858158 3.6463651e-08 0)
(0.0039858005 8.0097308e-08 0)
(0.0039857869 1.1747032e-07 0)
(0.003985775 1.4922973e-07 0)
(0.0039857644 1.7596387e-07 0)
(0.0039857552 1.9820719e-07 0)
(0.0039857471 2.1644485e-07 0)
(0.0039857402 2.3111688e-07 0)
(0.0039857341 2.4262205e-07 0)
(0.003985729 2.5132139e-07 0)
(0.0039857246 2.5754152e-07 0)
(0.0039857209 2.6157763e-07 0)
(0.0039857179 2.6369624e-07 0)
(0.0039857154 2.641378e-07 0)
(0.0039857134 2.6311897e-07 0)
(0.0039857118 2.608348e-07 0)
(0.0039857106 2.5746067e-07 0)
(0.0039857098 2.5315412e-07 0)
(0.0039857093 2.4805644e-07 0)
(0.003985709 2.4229425e-07 0)
(0.0039857089 2.3598079e-07 0)
(0.0039857091 2.2921724e-07 0)
(0.0039857094 2.2209382e-07 0)
(0.0039857098 2.1469084e-07 0)
(0.0039857104 2.0707967e-07 0)
(0.0039857111 1.9932356e-07 0)
(0.0039857118 1.9147843e-07 0)
(0.0039857126 1.835936e-07 0)
(0.0039857135 1.7571245e-07 0)
(0.0039857144 1.6787292e-07 0)
(0.0039857153 1.6010814e-07 0)
(0.0039857162 1.5244685e-07 0)
(0.0039857171 1.4491383e-07 0)
(0.0039857181 1.3753034e-07 0)
(0.003985719 1.303144e-07 0)
(0.0039857199 1.232812e-07 0)
(0.0039857208 1.164433e-07 0)
(0.0039857216 1.0981097e-07 0)
(0.0039857224 1.0339235e-07 0)
(0.0039857232 9.7193752e-08 0)
(0.003985724 9.1219773e-08 0)
(0.0039857247 8.5473517e-08 0)
(0.0039857254 7.995674e-08 0)
(0.003985726 7.4669991e-08 0)
(0.0039857267 6.961275e-08 0)
(0.0039857272 6.478354e-08 0)
(0.0039857278 6.0180037e-08 0)
(0.0039857283 5.5799166e-08 0)
(0.0039857287 5.1637194e-08 0)
(0.0039857291 4.7689806e-08 0)
(0.0039857295 4.395218e-08 0)
(0.0039857299 4.0419056e-08 0)
(0.0039857302 3.7084796e-08 0)
(0.0039857305 3.3943442e-08 0)
(0.0039857308 3.0988761e-08 0)
(0.003985731 2.8214301e-08 0)
(0.0039857312 2.5613424e-08 0)
(0.0039857314 2.3179353e-08 0)
(0.0039857315 2.0905201e-08 0)
(0.0039857316 1.8784006e-08 0)
(0.0039857318 1.680876e-08 0)
(0.0039857318 1.4972433e-08 0)
(0.0039857319 1.3268001e-08 0)
(0.003985732 1.1688461e-08 0)
(0.003985732 1.0226855e-08 0)
(0.003985732 8.8762847e-09 0)
(0.003985732 7.6299261e-09 0)
(0.003985732 6.4810431e-09 0)
(0.003985732 5.4229991e-09 0)
(0.003985732 4.4492671e-09 0)
(0.0039857319 3.5534384e-09 0)
(0.0039857319 2.7292314e-09 0)
(0.0039857318 1.9704986e-09 0)
(0.0039857318 1.2712342e-09 0)
(0.0039857317 6.2558184e-10 0)
(0.0039857316 2.7841818e-11 0)
(0.0039857316 -5.2751926e-10 0)
(0.0039857315 -1.0458581e-09 0)
(0.0039857314 -1.5323416e-09 0)
(0.0039857313 -1.9919309e-09 0)
(0.0039857312 -2.4293613e-09 0)
(0.0039857312 -2.8491164e-09 0)
(0.0039857311 -3.2553968e-09 0)
(0.003985731 -3.6520792e-09 0)
(0.0039857309 -4.0426663e-09 0)
(0.0039857308 -4.4302234e-09 0)
(0.0039857307 -4.8172999e-09 0)
(0.0039857307 -5.2058306e-09 0)
(0.0039857306 -5.5970141e-09 0)
(0.0039857305 -5.9911605e-09 0)
(0.0039857304 -6.3875038e-09 0)
(0.0039857303 -6.7839674e-09 0)
(0.0039857302 -7.1768744e-09 0)
(0.0039857301 -7.5605897e-09 0)
(0.00398573 -7.9270726e-09 0)
(0.0039857299 -8.265287e-09 0)
(0.0039857298 -8.5605818e-09 0)
(0.0039857297 -8.7943029e-09 0)
(0.0039857296 -8.9434756e-09 0)
(0.0039857295 -8.9480842e-09 0)
(0.0032285833 -4.7660968e-05 0)
(0.0032386552 -0.0001420178 0)
(0.0032588242 -0.00023326824 0)
(0.0032878086 -0.00031935612 0)
(0.0033240368 -0.00039857277 0)
(0.0033659803 -0.00046958071 0)
(0.0034120173 -0.0005314522 0)
(0.0034605501 -0.00058367038 0)
(0.0035100975 -0.00062609807 0)
(0.0035593532 -0.00065892595 0)
(0.0036072208 -0.00068260918 0)
(0.0036528287 -0.00069780042 0)
(0.0036955268 -0.00070528558 0)
(0.003734871 -0.00070592656 0)
(0.0037705986 -0.00070061323 0)
(0.0038026007 -0.00069022556 0)
(0.0038308921 -0.00067560559 0)
(0.0038555838 -0.00065753809 0)
(0.0038768569 -0.00063673874 0)
(0.0038949404 -0.00061384812 0)
(0.0039100931 -0.00058943036 0)
(0.0039225881 -0.00056397494 0)
(0.0039327018 -0.00053790073 0)
(0.0039407047 -0.00051156145 0)
(0.0039468557 -0.00048525177 0)
(0.0039513974 -0.00045921372 0)
(0.0039545541 -0.00043364302 0)
(0.0039565304 -0.00040869507 0)
(0.0039575107 -0.00038449054 0)
(0.0039576595 -0.00036112044 0)
(0.0039571227 -0.00033865069 0)
(0.0039560281 -0.00031712613 0)
(0.0039544873 -0.00029657405 0)
(0.0039525967 -0.00027700725 0)
(0.0039504391 -0.0002584267 0)
(0.0039480853 -0.00024082375 0)
(0.0039455951 -0.00022418212 0)
(0.0039430188 -0.00020847946 0)
(0.0039403983 -0.0001936888 0)
(0.0039377682 -0.00017977965 0)
(0.0039351568 -0.00016671898 0)
(0.0039325867 -0.00015447203 0)
(0.0039300762 -0.00014300294 0)
(0.0039276393 -0.00013227535 0)
(0.0039252866 -0.00012225277 0)
(0.0039230259 -0.000112899 0)
(0.0039208627 -0.00010417839 0)
(0.0039188002 -9.6056032e-05 0)
(0.0039168403 -8.8498008e-05 0)
(0.0039149832 -8.1471461e-05 0)
(0.0039132282 -7.4944716e-05 0)
(0.0039115737 -6.8887347e-05 0)
(0.0039100173 -6.3270219e-05 0)
(0.0039085562 -5.8065513e-05 0)
(0.003907187 -5.3246731e-05 0)
(0.0039059061 -4.8788693e-05 0)
(0.0039047099 -4.466752e-05 0)
(0.0039035943 -4.0860608e-05 0)
(0.0039025553 -3.73466e-05 0)
(0.0039015891 -3.4105342e-05 0)
(0.0039006916 -3.1117853e-05 0)
(0.0038998589 -2.8366273e-05 0)
(0.0038990873 -2.5833821e-05 0)
(0.003898373 -2.3504749e-05 0)
(0.0038977125 -2.1364296e-05 0)
(0.0038971023 -1.9398639e-05 0)
(0.0038965393 -1.7594847e-05 0)
(0.0038960203 -1.5940838e-05 0)
(0.0038955422 -1.4425328e-05 0)
(0.0038951023 -1.3037794e-05 0)
(0.0038946979 -1.1768428e-05 0)
(0.0038943266 -1.0608096e-05 0)
(0.0038939858 -9.5483011e-06 0)
(0.0038936735 -8.5811409e-06 0)
(0.0038933874 -7.6992761e-06 0)
(0.0038931257 -6.8958933e-06 0)
(0.0038928865 -6.1646725e-06 0)
(0.0038926681 -5.4997558e-06 0)
(0.0038924689 -4.8957175e-06 0)
(0.0038922873 -4.3475357e-06 0)
(0.0038921221 -3.8505657e-06 0)
(0.0038919719 -3.4005149e-06 0)
(0.0038918354 -2.9934182e-06 0)
(0.0038917117 -2.6256166e-06 0)
(0.0038915996 -2.2937351e-06 0)
(0.0038914982 -1.9946629e-06 0)
(0.0038914066 -1.7255354e-06 0)
(0.003891324 -1.4837157e-06 0)
(0.0038912496 -1.2667786e-06 0)
(0.0038911828 -1.0724952e-06 0)
(0.0038911228 -8.9881844e-07 0)
(0.003891069 -7.4386939e-07 0)
(0.003891021 -6.0592487e-07 0)
(0.0038909782 -4.8340559e-07 0)
(0.0038909401 -3.7486518e-07 0)
(0.0038909063 -2.7897998e-07 0)
(0.0038908765 -1.9453948e-07 0)
(0.0038908502 -1.204375e-07 0)
(0.0038908271 -5.5663948e-08 0)
(0.0038908069 7.0286713e-10 0)
(0.0038907893 4.9503297e-08 0)
(0.0038907741 9.1502956e-08 0)
(0.0038907611 1.2739883e-07 0)
(0.00389075 1.5782491e-07 0)
(0.0038907406 1.8335744e-07 0)
(0.0038907327 2.0451974e-07 0)
(0.0038907262 2.217867e-07 0)
(0.003890721 2.3558884e-07 0)
(0.0038907169 2.4631618e-07 0)
(0.0038907137 2.5432171e-07 0)
(0.0038907114 2.599246e-07 0)
(0.0038907098 2.6341322e-07 0)
(0.0038907089 2.6504782e-07 0)
(0.0038907086 2.6506305e-07 0)
(0.0038907088 2.6367026e-07 0)
(0.0038907094 2.6105962e-07 0)
(0.0038907104 2.5740204e-07 0)
(0.0038907117 2.5285093e-07 0)
(0.0038907133 2.4754384e-07 0)
(0.0038907151 2.416039e-07 0)
(0.0038907171 2.351412e-07 0)
(0.0038907192 2.2825402e-07 0)
(0.0038907215 2.2102992e-07 0)
(0.0038907238 2.135468e-07 0)
(0.0038907262 2.0587378e-07 0)
(0.0038907286 1.980721e-07 0)
(0.003890731 1.9019583e-07 0)
(0.0038907335 1.8229261e-07 0)
(0.0038907359 1.7440426e-07 0)
(0.0038907383 1.6656734e-07 0)
(0.0038907406 1.588137e-07 0)
(0.0038907429 1.5117092e-07 0)
(0.0038907451 1.4366273e-07 0)
(0.0038907473 1.3630943e-07 0)
(0.0038907494 1.291282e-07 0)
(0.0038907514 1.2213342e-07 0)
(0.0038907534 1.1533698e-07 0)
(0.0038907552 1.0874848e-07 0)
(0.003890757 1.0237554e-07 0)
(0.0038907587 9.6223928e-08 0)
(0.0038907603 9.0297801e-08 0)
(0.0038907618 8.4599857e-08 0)
(0.0038907633 7.9131495e-08 0)
(0.0038907646 7.389295e-08 0)
(0.0038907659 6.8883425e-08 0)
(0.0038907671 6.4101202e-08 0)
(0.0038907682 5.9543749e-08 0)
(0.0038907692 5.5207815e-08 0)
(0.0038907702 5.1089514e-08 0)
(0.0038907711 4.7184405e-08 0)
(0.0038907719 4.3487564e-08 0)
(0.0038907726 3.999365e-08 0)
(0.0038907733 3.669696e-08 0)
(0.003890774 3.3591488e-08 0)
(0.0038907745 3.0670975e-08 0)
(0.0038907751 2.7928947e-08 0)
(0.0038907755 2.5358766e-08 0)
(0.003890776 2.295366e-08 0)
(0.0038907763 2.0706759e-08 0)
(0.0038907767 1.8611127e-08 0)
(0.003890777 1.6659789e-08 0)
(0.0038907772 1.4845757e-08 0)
(0.0038907774 1.3162051e-08 0)
(0.0038907776 1.1601721e-08 0)
(0.0038907778 1.0157863e-08 0)
(0.0038907779 8.8236372e-09 0)
(0.003890778 7.5922814e-09 0)
(0.0038907781 6.4571228e-09 0)
(0.0038907782 5.4115896e-09 0)
(0.0038907782 4.4492202e-09 0)
(0.0038907782 3.5636725e-09 0)
(0.0038907782 2.748731e-09 0)
(0.0038907782 1.9983145e-09 0)
(0.0038907782 1.306483e-09 0)
(0.0038907782 6.6744473e-10 0)
(0.0038907781 7.5564537e-11 0)
(0.0038907781 -4.7462753e-10 0)
(0.003890778 -9.8842533e-10 0)
(0.0038907779 -1.4709335e-09 0)
(0.0038907778 -1.9270511e-09 0)
(0.0038907778 -2.361451e-09 0)
(0.0038907777 -2.7785543e-09 0)
(0.0038907776 -3.1824973e-09 0)
(0.0038907775 -3.5770914e-09 0)
(0.0038907774 -3.9657714e-09 0)
(0.0038907773 -4.3515326e-09 0)
(0.0038907771 -4.7368517e-09 0)
(0.003890777 -5.1235884e-09 0)
(0.0038907769 -5.5128652e-09 0)
(0.0038907768 -5.9049171e-09 0)
(0.0038907766 -6.2989073e-09 0)
(0.0038907765 -6.6926995e-09 0)
(0.0038907764 -7.0825772e-09 0)
(0.0038907762 -7.4629001e-09 0)
(0.0038907761 -7.8256773e-09 0)
(0.0038907759 -8.1600089e-09 0)
(0.0038907757 -8.4515087e-09 0)
(0.0038907755 -8.6819702e-09 0)
(0.0038907754 -8.8290384e-09 0)
(0.0038907751 -8.835155e-09 0)
(0.0032286458 -5.2053117e-05 0)
(0.0032396252 -0.00015474726 0)
(0.0032614778 -0.00025354523 0)
(0.0032926645 -0.00034610458 0)
(0.0033313202 -0.0004305257 0)
(0.0033756424 -0.00050537592 0)
(0.0034237585 -0.00056972438 0)
(0.003473864 -0.00062312989 0)
(0.003524328 -0.0006655903 0)
(0.0035737531 -0.00069746964 0)
(0.0036210082 -0.00071941471 0)
(0.0036652342 -0.00073227139 0)
(0.0037058312 -0.00073700769 0)
(0.0037424315 -0.00073464805 0)
(0.0037748651 -0.00072622064 0)
(0.0038031231 -0.00071271793 0)
(0.0038273209 -0.00069506926 0)
(0.0038476654 -0.00067412362 0)
(0.0038644256 -0.00065064078 0)
(0.0038779087 -0.00062528858 0)
(0.0038884404 -0.00059864482 0)
(0.0038963503 -0.00057120208 0)
(0.0039019604 -0.00054337451 0)
(0.0039055776 -0.00051550547 0)
(0.0039074886 -0.00048787554 0)
(0.0039079566 -0.0004607104 0)
(0.0039072199 -0.00043418829 0)
(0.0039054922 -0.00040844686 0)
(0.0039029623 -0.00038358935 0)
(0.0038997962 -0.00035969015 0)
(0.0038961379 -0.00033679957 0)
(0.0038921119 -0.00031494806 0)
(0.0038878242 -0.00029414979 0)
(0.003883365 -0.00027440574 0)
(0.0038788098 -0.0002557063 0)
(0.0038742215 -0.00023803348 0)
(0.0038696518 -0.00022136274 0)
(0.0038651429 -0.00020566457 0)
(0.0038607284 -0.00019090572 0)
(0.0038564348 -0.00017705032 0)
(0.0038522823 -0.00016406069 0)
(0.0038482862 -0.00015189812 0)
(0.003844457 -0.0001405234 0)
(0.0038408018 -0.00012989732 0)
(0.0038373245 -0.00011998104 0)
(0.0038340265 -0.00011073636 0)
(0.0038309071 -0.000102126 0)
(0.003827964 -9.4113735e-05 0)
(0.0038251935 -8.6664562e-05 0)
(0.003822591 -7.9744764e-05 0)
(0.0038201509 -7.3321992e-05 0)
(0.0038178672 -6.7365303e-05 0)
(0.0038157333 -6.1845177e-05 0)
(0.0038137425 -5.6733521e-05 0)
(0.0038118879 -5.2003655e-05 0)
(0.0038101626 -4.7630295e-05 0)
(0.0038085596 -4.3589518e-05 0)
(0.003807072 -3.9858731e-05 0)
(0.0038056932 -3.6416624e-05 0)
(0.0038044167 -3.324313e-05 0)
(0.0038032361 -3.0319372e-05 0)
(0.0038021455 -2.762762e-05 0)
(0.0038011389 -2.5151236e-05 0)
(0.0038002109 -2.2874623e-05 0)
(0.0037993561 -2.0783181e-05 0)
(0.0037985695 -1.8863249e-05 0)
(0.0037978464 -1.7102061e-05 0)
(0.0037971823 -1.5487699e-05 0)
(0.0037965729 -1.4009043e-05 0)
(0.0037960143 -1.2655727e-05 0)
(0.0037955027 -1.14181e-05 0)
(0.0037950347 -1.0287176e-05 0)
(0.0037946068 -9.2546025e-06 0)
(0.0037942162 -8.3126173e-06 0)
(0.0037938598 -7.4540132e-06 0)
(0.003793535 -6.6721031e-06 0)
(0.0037932394 -5.9606872e-06 0)
(0.0037929706 -5.3140216e-06 0)
(0.0037927265 -4.7267882e-06 0)
(0.003792505 -4.1940667e-06 0)
(0.0037923043 -3.7113083e-06 0)
(0.0037921228 -3.2743103e-06 0)
(0.0037919587 -2.8791923e-06 0)
(0.0037918106 -2.5223744e-06 0)
(0.0037916773 -2.2005556e-06 0)
(0.0037915573 -1.9106949e-06 0)
(0.0037914496 -1.6499919e-06 0)
(0.0037913531 -1.4158705e-06 0)
(0.0037912667 -1.2059616e-06 0)
(0.0037911897 -1.0180887e-06 0)
(0.0037911211 -8.5025339e-07 0)
(0.0037910602 -7.0062201e-07 0)
(0.0037910062 -5.6751335e-07 0)
(0.0037909586 -4.4938707e-07 0)
(0.0037909167 -3.4483287e-07 0)
(0.0037908801 -2.525605e-07 0)
(0.0037908481 -1.7139037e-07 0)
(0.0037908203 -1.0024487e-07 0)
(0.0037907964 -3.8140301e-08 0)
(0.0037907758 1.582064e-08 0)
(0.0037907584 6.245582e-08 0)
(0.0037907437 1.0251012e-07 0)
(0.0037907315 1.3666142e-07 0)
(0.0037907215 1.6552611e-07 0)
(0.0037907135 1.8966427e-07 0)
(0.0037907072 2.0958431e-07 0)
(0.0037907025 2.2574743e-07 0)
(0.0037906992 2.3857159e-07 0)
(0.003790697 2.4843527e-07 0)
(0.0037906959 2.5568086e-07 0)
(0.0037906957 2.6061783e-07 0)
(0.0037906963 2.6352563e-07 0)
(0.0037906977 2.6465637e-07 0)
(0.0037906996 2.6423724e-07 0)
(0.0037907019 2.6247277e-07 0)
(0.0037907048 2.5954686e-07 0)
(0.0037907079 2.5562473e-07 0)
(0.0037907114 2.5085458e-07 0)
(0.0037907151 2.4536919e-07 0)
(0.0037907189 2.3928735e-07 0)
(0.0037907229 2.3271521e-07 0)
(0.003790727 2.2574743e-07 0)
(0.0037907311 2.1846829e-07 0)
(0.0037907353 2.1095269e-07 0)
(0.0037907394 2.0326706e-07 0)
(0.0037907435 1.9547016e-07 0)
(0.0037907476 1.8761382e-07 0)
(0.0037907516 1.7974365e-07 0)
(0.0037907556 1.7189963e-07 0)
(0.0037907594 1.6411667e-07 0)
(0.0037907631 1.564251e-07 0)
(0.0037907667 1.4885114e-07 0)
(0.0037907702 1.4141733e-07 0)
(0.0037907736 1.3414284e-07 0)
(0.0037907768 1.2704387e-07 0)
(0.0037907799 1.2013393e-07 0)
(0.0037907829 1.134241e-07 0)
(0.0037907857 1.0692331e-07 0)
(0.0037907884 1.0063853e-07 0)
(0.0037907909 9.4574976e-08 0)
(0.0037907934 8.8736332e-08 0)
(0.0037907956 8.3124867e-08 0)
(0.0037907978 7.7741609e-08 0)
(0.0037907998 7.2586474e-08 0)
(0.0037908017 6.7658392e-08 0)
(0.0037908035 6.2955413e-08 0)
(0.0037908051 5.8474811e-08 0)
(0.0037908067 5.4213177e-08 0)
(0.0037908081 5.0166498e-08 0)
(0.0037908095 4.6330235e-08 0)
(0.0037908107 4.2699391e-08 0)
(0.0037908118 3.9268577e-08 0)
(0.0037908129 3.6032062e-08 0)
(0.0037908138 3.2983834e-08 0)
(0.0037908147 3.011764e-08 0)
(0.0037908155 2.7427033e-08 0)
(0.0037908162 2.4905411e-08 0)
(0.0037908169 2.2546052e-08 0)
(0.0037908175 2.0342149e-08 0)
(0.003790818 1.8286834e-08 0)
(0.0037908185 1.6373211e-08 0)
(0.0037908189 1.4594376e-08 0)
(0.0037908192 1.294344e-08 0)
(0.0037908196 1.1413548e-08 0)
(0.0037908198 9.9978956e-09 0)
(0.0037908201 8.6897454e-09 0)
(0.0037908203 7.4824389e-09 0)
(0.0037908204 6.3694094e-09 0)
(0.0037908206 5.3441915e-09 0)
(0.0037908207 4.4004308e-09 0)
(0.0037908207 3.5318917e-09 0)
(0.0037908208 2.7324647e-09 0)
(0.0037908208 1.9961734e-09 0)
(0.0037908208 1.3171813e-09 0)
(0.0037908208 6.8979882e-10 0)
(0.0037908208 1.0849088e-10 0)
(0.0037908208 -4.3211398e-10 0)
(0.0037908207 -9.3721292e-10 0)
(0.0037908206 -1.4118155e-09 0)
(0.0037908206 -1.8607272e-09 0)
(0.0037908205 -2.2885284e-09 0)
(0.0037908204 -2.6995487e-09 0)
(0.0037908203 -3.0978337e-09 0)
(0.0037908201 -3.4871038e-09 0)
(0.00379082 -3.8707036e-09 0)
(0.0037908199 -4.2515381e-09 0)
(0.0037908197 -4.6319943e-09 0)
(0.0037908196 -5.0138439e-09 0)
(0.0037908194 -5.3981251e-09 0)
(0.0037908193 -5.7849956e-09 0)
(0.0037908191 -6.1735534e-09 0)
(0.0037908189 -6.5616171e-09 0)
(0.0037908187 -6.9454576e-09 0)
(0.0037908185 -7.3194707e-09 0)
(0.0037908183 -7.675776e-09 0)
(0.0037908181 -8.0036945e-09 0)
(0.0037908178 -8.2892183e-09 0)
(0.0037908176 -8.514732e-09 0)
(0.0037908174 -8.6586867e-09 0)
(0.003790817 -8.6665075e-09 0)
(0.0032287192 -5.6858328e-05 0)
(0.0032407377 -0.00016859327 0)
(0.0032644949 -0.00027545691 0)
(0.0032981347 -0.00037477941 0)
(0.0033394363 -0.00046445777 0)
(0.0033862731 -0.00054297723 0)
(0.0034364855 -0.00060943713 0)
(0.0034880437 -0.00066351814 0)
(0.0035391645 -0.0007054046 0)
(0.0035883721 -0.00073568397 0)
(0.003634522 -0.00075523881 0)
(0.0036767953 -0.00076514361 0)
(0.0037146711 -0.00076657417 0)
(0.003747886 -0.00076073381 0)
(0.0037763871 -0.00074879719 0)
(0.0038002857 -0.00073187087 0)
(0.003819813 -0.00071096821 0)
(0.0038352825 -0.00068699586 0)
(0.0038470578 -0.0006607491 0)
(0.003855527 -0.00063291357 0)
(0.0038610834 -0.00060407114 0)
(0.0038641107 -0.00057470836 0)
(0.0038649738 -0.00054522616 0)
(0.0038640115 -0.00051595009 0)
(0.0038615335 -0.00048714012 0)
(0.0038578185 -0.00045900009 0)
(0.0038531141 -0.00043168617 0)
(0.003847638 -0.00040531453 0)
(0.0038415792 -0.00037996805 0)
(0.0038351007 -0.00035570211 0)
(0.0038283414 -0.00033254965 0)
(0.0038214186 -0.00031052538 0)
(0.0038144303 -0.0002896294 0)
(0.0038074575 -0.0002698502 0)
(0.0038005665 -0.00025116719 0)
(0.0037938103 -0.00023355281 0)
(0.0037872312 -0.00021697421 0)
(0.0037808615 -0.00020139472 0)
(0.0037747256 -0.00018677498 0)
(0.003768841 -0.00017307389 0)
(0.0037632194 -0.00016024941 0)
(0.0037578674 -0.00014825911 0)
(0.0037527881 -0.00013706072 0)
(0.0037479809 -0.00012661249 0)
(0.0037434428 -0.00011687352 0)
(0.0037391687 -0.00010780393 0)
(0.0037351515 -9.93651e-05 0)
(0.0037313834 -9.1519773e-05 0)
(0.0037278551 -8.4232133e-05 0)
(0.0037245569 -7.7467876e-05 0)
(0.0037214787 -7.1194233e-05 0)
(0.0037186099 -6.5379986e-05 0)
(0.00371594 -5.9995461e-05 0)
(0.0037134586 -5.5012506e-05 0)
(0.003711155 -5.0404466e-05 0)
(0.0037090192 -4.6146143e-05 0)
(0.0037070411 -4.2213753e-05 0)
(0.0037052111 -3.8584881e-05 0)
(0.0037035199 -3.5238426e-05 0)
(0.0037019586 -3.2154551e-05 0)
(0.0037005187 -2.9314628e-05 0)
(0.0036991919 -2.6701183e-05 0)
(0.0036979707 -2.4297841e-05 0)
(0.0036968477 -2.2089272e-05 0)
(0.0036958159 -2.0061138e-05 0)
(0.0036948689 -1.820004e-05 0)
(0.0036940004 -1.6493469e-05 0)
(0.0036932048 -1.4929753e-05 0)
(0.0036924766 -1.3498014e-05 0)
(0.0036918108 -1.2188119e-05 0)
(0.0036912025 -1.0990637e-05 0)
(0.0036906474 -9.8967973e-06 0)
(0.0036901413 -8.8984495e-06 0)
(0.0036896804 -7.9880237e-06 0)
(0.0036892611 -7.1584953e-06 0)
(0.0036888801 -6.4033501e-06 0)
(0.0036885343 -5.7165511e-06 0)
(0.0036882207 -5.0925078e-06 0)
(0.0036879368 -4.5260463e-06 0)
(0.0036876801 -4.0123821e-06 0)
(0.0036874482 -3.547093e-06 0)
(0.0036872392 -3.1260951e-06 0)
(0.003687051 -2.7456191e-06 0)
(0.0036868818 -2.4021889e-06 0)
(0.00368673 -2.0926001e-06 0)
(0.0036865941 -1.8139016e-06 0)
(0.0036864726 -1.5633771e-06 0)
(0.0036863642 -1.3385281e-06 0)
(0.0036862678 -1.1370581e-06 0)
(0.0036861823 -9.5685771e-07 0)
(0.0036861067 -7.9599065e-07 0)
(0.0036860399 -6.5268101e-07 0)
(0.0036859813 -5.2530096e-07 0)
(0.00368593 -4.123595e-07 0)
(0.0036858853 -3.12492e-07 0)
(0.0036858465 -2.2445032e-07 0)
(0.0036858131 -1.4709377e-07 0)
(0.0036857846 -7.9380597e-08 0)
(0.0036857604 -2.0360155e-08 0)
(0.00368574 3.0834429e-08 0)
(0.0036857231 7.4993011e-08 0)
(0.0036857094 1.1283471e-07 0)
(0.0036856983 1.4501373e-07 0)
(0.0036856898 1.7212472e-07 0)
(0.0036856834 1.9470778e-07 0)
(0.0036856789 2.1325303e-07 0)
(0.003685676 2.2820486e-07 0)
(0.0036856747 2.3996586e-07 0)
(0.0036856746 2.4890041e-07 0)
(0.0036856757 2.5533802e-07 0)
(0.0036856777 2.5957637e-07 0)
(0.0036856805 2.6188415e-07 0)
(0.0036856841 2.625036e-07 0)
(0.0036856882 2.6165295e-07 0)
(0.0036856928 2.595285e-07 0)
(0.0036856978 2.5630673e-07 0)
(0.0036857031 2.52146e-07 0)
(0.0036857086 2.4718833e-07 0)
(0.0036857144 2.4156086e-07 0)
(0.0036857202 2.3537726e-07 0)
(0.0036857262 2.2873899e-07 0)
(0.0036857321 2.2173649e-07 0)
(0.0036857381 2.1445021e-07 0)
(0.003685744 2.0695157e-07 0)
(0.0036857499 1.9930383e-07 0)
(0.0036857556 1.915629e-07 0)
(0.0036857613 1.8377805e-07 0)
(0.0036857668 1.7599255e-07 0)
(0.0036857722 1.6824428e-07 0)
(0.0036857774 1.6056626e-07 0)
(0.0036857824 1.5298713e-07 0)
(0.0036857873 1.4553158e-07 0)
(0.003685792 1.3822078e-07 0)
(0.0036857965 1.3107268e-07 0)
(0.0036858008 1.241024e-07 0)
(0.0036858049 1.1732248e-07 0)
(0.0036858088 1.1074314e-07 0)
(0.0036858126 1.0437255e-07 0)
(0.0036858161 9.8217017e-08 0)
(0.0036858195 9.2281182e-08 0)
(0.0036858226 8.6568212e-08 0)
(0.0036858256 8.1079944e-08 0)
(0.0036858285 7.5817031e-08 0)
(0.0036858311 7.0779075e-08 0)
(0.0036858336 6.5964739e-08 0)
(0.0036858359 6.1371857e-08 0)
(0.0036858381 5.699753e-08 0)
(0.0036858401 5.2838213e-08 0)
(0.003685842 4.8889794e-08 0)
(0.0036858438 4.5147666e-08 0)
(0.0036858454 4.1606794e-08 0)
(0.0036858469 3.8261775e-08 0)
(0.0036858483 3.5106889e-08 0)
(0.0036858495 3.2136154e-08 0)
(0.0036858507 2.9343368e-08 0)
(0.0036858517 2.6722148e-08 0)
(0.0036858527 2.4265974e-08 0)
(0.0036858535 2.1968218e-08 0)
(0.0036858543 1.9822173e-08 0)
(0.003685855 1.7821089e-08 0)
(0.0036858557 1.5958189e-08 0)
(0.0036858562 1.4226699e-08 0)
(0.0036858567 1.2619863e-08 0)
(0.0036858572 1.1130965e-08 0)
(0.0036858575 9.7533427e-09 0)
(0.0036858579 8.4804022e-09 0)
(0.0036858582 7.3056315e-09 0)
(0.0036858584 6.2226107e-09 0)
(0.0036858586 5.2250213e-09 0)
(0.0036858588 4.3066557e-09 0)
(0.0036858589 3.4614235e-09 0)
(0.003685859 2.6833594e-09 0)
(0.003685859 1.966629e-09 0)
(0.0036858591 1.3055357e-09 0)
(0.0036858591 6.9452722e-10 0)
(0.0036858591 1.2820311e-10 0)
(0.0036858591 -3.9867621e-10 0)
(0.003685859 -8.9117889e-10 0)
(0.003685859 -1.3541883e-09 0)
(0.0036858589 -1.7923862e-09 0)
(0.0036858588 -2.2102323e-09 0)
(0.0036858587 -2.6119375e-09 0)
(0.0036858586 -3.001431e-09 0)
(0.0036858584 -3.3823195e-09 0)
(0.0036858583 -3.7578359e-09 0)
(0.0036858581 -4.1307766e-09 0)
(0.0036858579 -4.5034236e-09 0)
(0.0036858578 -4.8774497e-09 0)
(0.0036858576 -5.2538023e-09 0)
(0.0036858574 -5.6325611e-09 0)
(0.0036858571 -6.0127661e-09 0)
(0.0036858569 -6.3922069e-09 0)
(0.0036858567 -6.7671689e-09 0)
(0.0036858564 -7.1321258e-09 0)
(0.0036858561 -7.4793667e-09 0)
(0.0036858559 -7.7985138e-09 0)
(0.0036858556 -8.0760453e-09 0)
(0.0036858553 -8.2950736e-09 0)
(0.003685855 -8.4350099e-09 0)
(0.0036858545 -8.4447643e-09 0)
(0.0032288059 -6.2138919e-05 0)
(0.0032420196 -0.00018371005 0)
(0.003267937 -0.00029920303 0)
(0.0033043093 -0.00040557421 0)
(0.0033484837 -0.00050050874 0)
(0.0033979502 -0.0005824338 0)
(0.0034502236 -0.00065052695 0)
(0.0035030329 -0.00070465219 0)
(0.0035544478 -0.00074524517 0)
(0.0036029347 -0.00077317688 0)
(0.0036473673 -0.00078961589 0)
(0.0036870024 -0.00079590314 0)
(0.0037214341 -0.00079344746 0)
(0.0037505353 -0.00078364486 0)
(0.0037743972 -0.00076782092 0)
(0.003793272 -0.0007471937 0)
(0.0038075214 -0.00072285309 0)
(0.0038175746 -0.00069575301 0)
(0.0038238939 -0.00066671252 0)
(0.0038269492 -0.00063642302 0)
(0.0038271989 -0.00060545891 0)
(0.0038250772 -0.00057429013 0)
(0.0038209859 -0.00054329514 0)
(0.0038152901 -0.00051277361 0)
(0.0038083161 -0.00048295826 0)
(0.0038003519 -0.00045402556 0)
(0.0037916482 -0.00042610524 0)
(0.0037824214 -0.00039928854 0)
(0.0037728558 -0.00037363529 0)
(0.0037631066 -0.00034917994 0)
(0.0037533037 -0.0003259366 0)
(0.0037435538 -0.00030390328 0)
(0.0037339438 -0.00028306537 0)
(0.0037245431 -0.00026339855 0)
(0.0037154064 -0.00024487111 0)
(0.0037065753 -0.00022744594 0)
(0.0036980808 -0.00021108204 0)
(0.0036899445 -0.00019573582 0)
(0.0036821805 -0.00018136211 0)
(0.0036747963 -0.00016791494 0)
(0.0036677945 -0.00015534823 0)
(0.0036611729 -0.00014361624 0)
(0.0036549264 -0.00013267403 0)
(0.0036490468 -0.00012247768 0)
(0.0036435238 -0.00011298456 0)
(0.0036383456 -0.0001041535 0)
(0.0036334992 -9.594488e-05 0)
(0.0036289706 -8.8320715e-05 0)
(0.0036247455 -8.12447e-05 0)
(0.0036208091 -7.4682228e-05 0)
(0.0036171466 -6.8600384e-05 0)
(0.0036137433 -6.2967932e-05 0)
(0.0036105847 -5.7755281e-05 0)
(0.0036076566 -5.2934447e-05 0)
(0.0036049452 -4.8479008e-05 0)
(0.0036024371 -4.4364048e-05 0)
(0.0036001196 -4.0566104e-05 0)
(0.0035979803 -3.7063109e-05 0)
(0.0035960074 -3.3834327e-05 0)
(0.0035941897 -3.0860301e-05 0)
(0.0035925167 -2.8122784e-05 0)
(0.0035909782 -2.5604687e-05 0)
(0.0035895648 -2.3290016e-05 0)
(0.0035882674 -2.1163814e-05 0)
(0.0035870778 -1.9212109e-05 0)
(0.0035859879 -1.7421858e-05 0)
(0.0035849903 -1.5780891e-05 0)
(0.003584078 -1.4277868e-05 0)
(0.0035832446 -1.2902226e-05 0)
(0.003582484 -1.1644132e-05 0)
(0.0035817905 -1.0494443e-05 0)
(0.0035811589 -9.4446597e-06 0)
(0.0035805842 -8.4868882e-06 0)
(0.0035800619 -7.6138026e-06 0)
(0.0035795877 -6.8186075e-06 0)
(0.0035791577 -6.0950046e-06 0)
(0.0035787683 -5.4371598e-06 0)
(0.0035784161 -4.8396728e-06 0)
(0.0035780979 -4.297548e-06 0)
(0.0035778109 -3.8061675e-06 0)
(0.0035775525 -3.361265e-06 0)
(0.0035773201 -2.958902e-06 0)
(0.0035771114 -2.5954449e-06 0)
(0.0035769245 -2.2675434e-06 0)
(0.0035767573 -1.9721108e-06 0)
(0.0035766081 -1.7063051e-06 0)
(0.0035764753 -1.4675113e-06 0)
(0.0035763574 -1.2533248e-06 0)
(0.0035762529 -1.0615363e-06 0)
(0.0035761607 -8.9011688e-07 0)
(0.0035760796 -7.3720514e-07 0)
(0.0035760084 -6.0109409e-07 0)
(0.0035759464 -4.8021967e-07 0)
(0.0035758925 -3.7314977e-07 0)
(0.0035758459 -2.7857405e-07 0)
(0.003575806 -1.9529444e-07 0)
(0.003575772 -1.2221638e-07 0)
(0.0035757433 -5.834058e-08 0)
(0.0035757194 -2.7554504e-09 0)
(0.0035756997 4.5369969e-08 0)
(0.0035756838 8.6792541e-08 0)
(0.0035756713 1.222011e-07 0)
(0.0035756617 1.5222205e-07 0)
(0.0035756548 1.7742456e-07 0)
(0.0035756502 1.9832539e-07 0)
(0.0035756477 2.1539327e-07 0)
(0.0035756469 2.2905302e-07 0)
(0.0035756477 2.3968935e-07 0)
(0.0035756498 2.4765028e-07 0)
(0.0035756531 2.5325038e-07 0)
(0.0035756573 2.5677369e-07 0)
(0.0035756623 2.5847647e-07 0)
(0.0035756681 2.5858963e-07 0)
(0.0035756744 2.5732104e-07 0)
(0.0035756812 2.5485764e-07 0)
(0.0035756883 2.5136732e-07 0)
(0.0035756957 2.470007e-07 0)
(0.0035757033 2.418927e-07 0)
(0.003575711 2.3616406e-07 0)
(0.0035757188 2.2992263e-07 0)
(0.0035757266 2.2326461e-07 0)
(0.0035757344 2.1627565e-07 0)
(0.0035757421 2.0903189e-07 0)
(0.0035757497 2.0160083e-07 0)
(0.0035757572 1.9404223e-07 0)
(0.0035757645 1.8640879e-07 0)
(0.0035757717 1.7874694e-07 0)
(0.0035757786 1.7109735e-07 0)
(0.0035757853 1.6349561e-07 0)
(0.0035757919 1.5597264e-07 0)
(0.0035757981 1.4855523e-07 0)
(0.0035758042 1.4126641e-07 0)
(0.00357581 1.3412585e-07 0)
(0.0035758156 1.2715022e-07 0)
(0.0035758209 1.2035344e-07 0)
(0.0035758259 1.1374703e-07 0)
(0.0035758308 1.073403e-07 0)
(0.0035758354 1.0114062e-07 0)
(0.0035758397 9.5153613e-08 0)
(0.0035758438 8.9383317e-08 0)
(0.0035758477 8.3832382e-08 0)
(0.0035758514 7.8502206e-08 0)
(0.0035758548 7.3393075e-08 0)
(0.0035758581 6.8504282e-08 0)
(0.0035758611 6.3834244e-08 0)
(0.0035758639 5.9380597e-08 0)
(0.0035758666 5.5140294e-08 0)
(0.003575869 5.1109682e-08 0)
(0.0035758713 4.728458e-08 0)
(0.0035758735 4.3660346e-08 0)
(0.0035758754 4.0231943e-08 0)
(0.0035758773 3.699399e-08 0)
(0.0035758789 3.3940818e-08 0)
(0.0035758805 3.1066514e-08 0)
(0.0035758819 2.8364968e-08 0)
(0.0035758832 2.5829904e-08 0)
(0.0035758843 2.3454924e-08 0)
(0.0035758854 2.1233534e-08 0)
(0.0035758864 1.9159177e-08 0)
(0.0035758872 1.7225257e-08 0)
(0.003575888 1.5425163e-08 0)
(0.0035758887 1.3752289e-08 0)
(0.0035758893 1.2200057e-08 0)
(0.0035758899 1.0761931e-08 0)
(0.0035758904 9.4314297e-09 0)
(0.0035758908 8.202146e-09 0)
(0.0035758911 7.067753e-09 0)
(0.0035758914 6.0220169e-09 0)
(0.0035758917 5.0588048e-09 0)
(0.0035758919 4.1720931e-09 0)
(0.0035758921 3.3559741e-09 0)
(0.0035758922 2.6046625e-09 0)
(0.0035758923 1.9125012e-09 0)
(0.0035758924 1.2739679e-09 0)
(0.0035758924 6.8368095e-10 0)
(0.0035758924 1.3640722e-10 0)
(0.0035758924 -3.7292961e-10 0)
(0.0035758924 -8.4923822e-10 0)
(0.0035758923 -1.2972464e-09 0)
(0.0035758922 -1.7214846e-09 0)
(0.0035758921 -2.1262646e-09 0)
(0.003575892 -2.5156537e-09 0)
(0.0035758919 -2.8934415e-09 0)
(0.0035758917 -3.2630991e-09 0)
(0.0035758916 -3.6277289e-09 0)
(0.0035758914 -3.990002e-09 0)
(0.0035758912 -4.3520826e-09 0)
(0.003575891 -4.715535e-09 0)
(0.0035758907 -5.0812112e-09 0)
(0.0035758905 -5.4491146e-09 0)
(0.0035758902 -5.8182351e-09 0)
(0.00357589 -6.1863507e-09 0)
(0.0035758897 -6.5497889e-09 0)
(0.0035758894 -6.9031425e-09 0)
(0.0035758891 -7.2389266e-09 0)
(0.0035758887 -7.5471418e-09 0)
(0.0035758884 -7.8148511e-09 0)
(0.003575888 -8.0260133e-09 0)
(0.0035758877 -8.1611555e-09 0)
(0.0035758871 -8.1730957e-09 0)
(0.0032289092 -6.7969459e-05 0)
(0.0032435045 -0.00020027824 0)
(0.0032718794 -0.00032501045 0)
(0.0033112947 -0.00043869704 0)
(0.0033585716 -0.00053881045 0)
(0.0034107484 -0.00062375991 0)
(0.0034649741 -0.00069286921 0)
(0.0035187263 -0.00074626668 0)
(0.003569943 -0.00078472001 0)
(0.0036170664 -0.00080945473 0)
(0.003659031 -0.00082198117 0)
(0.0036952152 -0.0008239456 0)
(0.0037253705 -0.00081701279 0)
(0.0037495427 -0.0008027808 0)
(0.0037679954 -0.00078272522 0)
(0.0037811419 -0.00075816737 0)
(0.0037894871 -0.00073026117 0)
(0.0037935824 -0.00069999306 0)
(0.0037939899 -0.00066819064 0)
(0.0037912587 -0.00063553639 0)
(0.0037859072 -0.00060258391 0)
(0.0037784132 -0.00056977483 0)
(0.0037692079 -0.00053745516 0)
(0.0037586745 -0.00050589049 0)
(0.0037471483 -0.00047527961 0)
(0.0037349189 -0.00044576641 0)
(0.0037222336 -0.00041745016 0)
(0.0037093012 -0.00039039415 0)
(0.0036962956 -0.00036463301 0)
(0.0036833598 -0.00034017874 0)
(0.0036706103 -0.00031702568 0)
(0.0036581398 -0.00029515457 0)
(0.0036460211 -0.00027453589 0)
(0.0036343096 -0.00025513246 0)
(0.0036230462 -0.00023690169 0)
(0.0036122595 -0.00021979719 0)
(0.0036019679 -0.00020377022 0)
(0.0035921812 -0.0001887707 0)
(0.0035829023 -0.00017474812 0)
(0.0035741282 -0.00016165215 0)
(0.0035658518 -0.00014943314 0)
(0.0035580619 -0.00013804255 0)
(0.0035507448 -0.00012743318 0)
(0.0035438846 -0.00011755942 0)
(0.0035374638 -0.00010837737 0)
(0.003531464 -9.9844918e-05 0)
(0.003525866 -9.1921842e-05 0)
(0.0035206501 -8.4569789e-05 0)
(0.0035157967 -7.7752291e-05 0)
(0.0035112863 -7.1434745e-05 0)
(0.0035070996 -6.5584378e-05 0)
(0.0035032179 -6.01702e-05 0)
(0.0034996229 -5.5162951e-05 0)
(0.0034962969 -5.0535043e-05 0)
(0.003493223 -4.6260498e-05 0)
(0.0034903848 -4.2314877e-05 0)
(0.0034877668 -3.867522e-05 0)
(0.0034853542 -3.5319972e-05 0)
(0.003483133 -3.222892e-05 0)
(0.0034810899 -2.9383126e-05 0)
(0.0034792124 -2.6764859e-05 0)
(0.0034774885 -2.4357535e-05 0)
(0.0034759071 -2.2145652e-05 0)
(0.0034744579 -2.0114733e-05 0)
(0.0034731309 -1.8251267e-05 0)
(0.003471917 -1.6542652e-05 0)
(0.0034708076 -1.4977145e-05 0)
(0.0034697946 -1.354381e-05 0)
(0.0034688707 -1.2232467e-05 0)
(0.0034680287 -1.1033652e-05 0)
(0.0034672622 -9.9385654e-06 0)
(0.0034665652 -8.9390351e-06 0)
(0.0034659321 -8.027476e-06 0)
(0.0034653577 -7.1968515e-06 0)
(0.0034648371 -6.4406388e-06 0)
(0.0034643659 -5.7527952e-06 0)
(0.00346394 -5.1277257e-06 0)
(0.0034635554 -4.5602542e-06 0)
(0.0034632088 -4.0455943e-06 0)
(0.0034628968 -3.5793233e-06 0)
(0.0034626165 -3.1573571e-06 0)
(0.003462365 -2.7759267e-06 0)
(0.0034621398 -2.4315561e-06 0)
(0.0034619386 -2.1210418e-06 0)
(0.0034617592 -1.8414332e-06 0)
(0.0034615997 -1.5900145e-06 0)
(0.0034614581 -1.3642879e-06 0)
(0.0034613328 -1.1619571e-06 0)
(0.0034612223 -9.8091318e-07 0)
(0.0034611252 -8.1922019e-07 0)
(0.0034610402 -6.7510231e-07 0)
(0.0034609661 -5.4693176e-07 0)
(0.0034609019 -4.3321752e-07 0)
(0.0034608465 -3.3259484e-07 0)
(0.0034607991 -2.4381539e-07 0)
(0.0034607588 -1.6573826e-07 0)
(0.0034607249 -9.7321413e-08 0)
(0.0034606967 -3.7613878e-08 0)
(0.0034606737 1.4251553e-08 0)
(0.0034606552 5.9065085e-08 0)
(0.0034606407 9.7546195e-08 0)
(0.0034606298 1.3034943e-07 0)
(0.003460622 1.580698e-07 0)
(0.003460617 1.8124771e-07 0)
(0.0034606144 2.0037359e-07 0)
(0.0034606139 2.1589211e-07 0)
(0.0034606153 2.2820612e-07 0)
(0.0034606183 2.3768022e-07 0)
(0.0034606226 2.4464411e-07 0)
(0.0034606281 2.4939566e-07 0)
(0.0034606346 2.5220367e-07 0)
(0.0034606418 2.5331052e-07 0)
(0.0034606497 2.529345e-07 0)
(0.0034606582 2.5127201e-07 0)
(0.0034606671 2.4849953e-07 0)
(0.0034606763 2.4477549e-07 0)
(0.0034606857 2.402419e-07 0)
(0.0034606952 2.3502589e-07 0)
(0.0034607049 2.2924113e-07 0)
(0.0034607145 2.2298908e-07 0)
(0.0034607241 2.1636014e-07 0)
(0.0034607336 2.0943475e-07 0)
(0.003460743 2.0228432e-07 0)
(0.0034607522 1.949721e-07 0)
(0.0034607612 1.8755401e-07 0)
(0.0034607699 1.8007932e-07 0)
(0.0034607785 1.7259133e-07 0)
(0.0034607868 1.6512797e-07 0)
(0.0034607948 1.5772231e-07 0)
(0.0034608025 1.5040306e-07 0)
(0.0034608099 1.4319502e-07 0)
(0.0034608171 1.3611946e-07 0)
(0.0034608239 1.2919448e-07 0)
(0.0034608304 1.2243536e-07 0)
(0.0034608367 1.1585479e-07 0)
(0.0034608426 1.0946323e-07 0)
(0.0034608483 1.0326904e-07 0)
(0.0034608537 9.7278771e-08 0)
(0.0034608587 9.1497339e-08 0)
(0.0034608636 8.5928183e-08 0)
(0.0034608681 8.0573435e-08 0)
(0.0034608724 7.5434065e-08 0)
(0.0034608764 7.0509999e-08 0)
(0.0034608801 6.5800245e-08 0)
(0.0034608837 6.1302992e-08 0)
(0.003460887 5.7015708e-08 0)
(0.0034608901 5.2935221e-08 0)
(0.0034608929 4.9057804e-08 0)
(0.0034608956 4.537924e-08 0)
(0.0034608981 4.1894889e-08 0)
(0.0034609003 3.8599746e-08 0)
(0.0034609025 3.5488494e-08 0)
(0.0034609044 3.2555552e-08 0)
(0.0034609062 2.9795117e-08 0)
(0.0034609078 2.7201209e-08 0)
(0.0034609093 2.4767703e-08 0)
(0.0034609107 2.2488363e-08 0)
(0.0034609119 2.0356874e-08 0)
(0.0034609131 1.8366864e-08 0)
(0.0034609141 1.6511936e-08 0)
(0.003460915 1.4785683e-08 0)
(0.0034609158 1.3181711e-08 0)
(0.0034609165 1.1693658e-08 0)
(0.0034609172 1.0315207e-08 0)
(0.0034609178 9.0400991e-09 0)
(0.0034609182 7.8621499e-09 0)
(0.0034609187 6.7752562e-09 0)
(0.003460919 5.773407e-09 0)
(0.0034609194 4.8506912e-09 0)
(0.0034609196 4.0013047e-09 0)
(0.0034609198 3.2195569e-09 0)
(0.00346092 2.4998765e-09 0)
(0.0034609201 1.8368167e-09 0)
(0.0034609202 1.2250614e-09 0)
(0.0034609203 6.5943108e-10 0)
(0.0034609203 1.3488993e-10 0)
(0.0034609203 -3.534457e-10 0)
(0.0034609202 -8.1029681e-10 0)
(0.0034609202 -1.2402086e-09 0)
(0.0034609201 -1.647534e-09 0)
(0.00346092 -2.0364128e-09 0)
(0.0034609199 -2.4107453e-09 0)
(0.0034609197 -2.7741604e-09 0)
(0.0034609195 -3.1299743e-09 0)
(0.0034609194 -3.4811418e-09 0)
(0.0034609192 -3.8301944e-09 0)
(0.0034609189 -4.1791674e-09 0)
(0.0034609187 -4.5295094e-09 0)
(0.0034609184 -4.8819744e-09 0)
(0.0034609182 -5.2364921e-09 0)
(0.0034609179 -5.5920124e-09 0)
(0.0034609176 -5.9463194e-09 0)
(0.0034609172 -6.2958109e-09 0)
(0.0034609169 -6.6352386e-09 0)
(0.0034609165 -6.9573978e-09 0)
(0.0034609161 -7.2527383e-09 0)
(0.0034609157 -7.5089985e-09 0)
(0.0034609153 -7.7110947e-09 0)
(0.0034609149 -7.8407851e-09 0)
(0.0034609143 -7.8551907e-09 0)
(0.0032290334 -7.4440063e-05 0)
(0.0032452356 -0.00021851087 0)
(0.0032764145 -0.00035313708 0)
(0.0033192164 -0.00047436863 0)
(0.0033698197 -0.00057947751 0)
(0.0034247323 -0.0006669187 0)
(0.0034806994 -0.00073625718 0)
(0.0035349474 -0.00078799117 0)
(0.0035853131 -0.00082331961 0)
(0.0036302635 -0.00084390456 0)
(0.0036688518 -0.00085165805 0)
(0.003700634 -0.00084856923 0)
(0.0037255684 -0.00083657672 0)
(0.0037439132 -0.00081748321 0)
(0.0037561329 -0.00079290592 0)
(0.0037628202 -0.00076425438 0)
(0.0037646326 -0.00073272797 0)
(0.0037622454 -0.00069932614 0)
(0.0037563181 -0.0006648662 0)
(0.0037474721 -0.00063000462 0)
(0.0037362773 -0.00059525931 0)
(0.003723245 -0.00056103103 0)
(0.003708826 -0.00052762312 0)
(0.0036934115 -0.00049525899 0)
(0.0036773364 -0.00046409723 0)
(0.0036608838 -0.00043424445 0)
(0.0036442897 -0.00040576602 0)
(0.0036277487 -0.00037869495 0)
(0.0036114186 -0.00035303912 0)
(0.0035954254 -0.00032878716 0)
(0.0035798678 -0.00030591322 0)
(0.0035648214 -0.00028438072 0)
(0.0035503418 -0.00026414541 0)
(0.0035364683 -0.00024515769 0)
(0.0035232261 -0.00022736453 0)
(0.0035106293 -0.0002107109 0)
(0.0034986825 -0.00019514092 0)
(0.003487383 -0.00018059869 0)
(0.0034767216 -0.000167029 0)
(0.0034666848 -0.00015437775 0)
(0.003457255 -0.00014259239 0)
(0.0034484121 -0.0001316221 0)
(0.0034401337 -0.00012141802 0)
(0.0034323963 -0.00011193332 0)
(0.0034251753 -0.00010312331 0)
(0.0034184454 -9.4945396e-05 0)
(0.0034121817 -8.735915e-05 0)
(0.003406359 -8.0326228e-05 0)
(0.0034009527 -7.381035e-05 0)
(0.0033959386 -6.7777239e-05 0)
(0.0033912933 -6.2194555e-05 0)
(0.0033869943 -5.7031826e-05 0)
(0.0033830195 -5.2260372e-05 0)
(0.0033793483 -4.7853227e-05 0)
(0.0033759606 -4.3785067e-05 0)
(0.0033728375 -4.0032123e-05 0)
(0.0033699609 -3.6572111e-05 0)
(0.0033673138 -3.3384154e-05 0)
(0.0033648801 -3.0448709e-05 0)
(0.0033626445 -2.7747492e-05 0)
(0.0033605928 -2.5263415e-05 0)
(0.0033587115 -2.2980513e-05 0)
(0.003356988 -2.0883884e-05 0)
(0.0033554104 -1.8959626e-05 0)
(0.0033539679 -1.7194778e-05 0)
(0.0033526499 -1.5577264e-05 0)
(0.003351447 -1.4095842e-05 0)
(0.0033503501 -1.2740049e-05 0)
(0.0033493508 -1.1500156e-05 0)
(0.0033484415 -1.0367121e-05 0)
(0.0033476149 -9.3325461e-06 0)
(0.0033468642 -8.3886356e-06 0)
(0.0033461833 -7.5281582e-06 0)
(0.0033455665 -6.7444096e-06 0)
(0.0033450083 -6.0311783e-06 0)
(0.0033445039 -5.3827125e-06 0)
(0.0033440487 -4.7936899e-06 0)
(0.0033436385 -4.2591881e-06 0)
(0.0033432694 -3.7746579e-06 0)
(0.0033429378 -3.3358973e-06 0)
(0.0033426405 -2.9390276e-06 0)
(0.0033423744 -2.5804709e-06 0)
(0.0033421367 -2.2569286e-06 0)
(0.0033419248 -1.9653619e-06 0)
(0.0033417363 -1.7029728e-06 0)
(0.0033415692 -1.4671871e-06 0)
(0.0033414214 -1.2556377e-06 0)
(0.0033412911 -1.0661498e-06 0)
(0.0033411766 -8.9672624e-07 0)
(0.0033410765 -7.4553452e-07 0)
(0.0033409892 -6.1089427e-07 0)
(0.0033409136 -4.9126576e-07 0)
(0.0033408484 -3.8523908e-07 0)
(0.0033407927 -2.9152419e-07 0)
(0.0033407453 -2.0894153e-07 0)
(0.0033407056 -1.364134e-07 0)
(0.0033406725 -7.2955867e-08 0)
(0.0033406455 -1.7671333e-08 0)
(0.0033406238 3.0258442e-08 0)
(0.0033406069 7.1578752e-08 0)
(0.0033405942 1.0696791e-07 0)
(0.0033405852 1.3704278e-07 0)
(0.0033405794 1.6236386e-07 0)
(0.0033405765 1.8344e-07 0)
(0.0033405761 2.0073279e-07 0)
(0.0033405779 2.1466057e-07 0)
(0.0033405815 2.2560213e-07 0)
(0.0033405867 2.3390017e-07 0)
(0.0033405932 2.3986438e-07 0)
(0.0033406009 2.4377443e-07 0)
(0.0033406096 2.4588255e-07 0)
(0.003340619 2.4641606e-07 0)
(0.0033406291 2.4557955e-07 0)
(0.0033406396 2.4355697e-07 0)
(0.0033406505 2.4051354e-07 0)
(0.0033406617 2.3659742e-07 0)
(0.003340673 2.3194136e-07 0)
(0.0033406844 2.266641e-07 0)
(0.0033406958 2.2087172e-07 0)
(0.0033407072 2.146588e-07 0)
(0.0033407184 2.0810957e-07 0)
(0.0033407295 2.0129886e-07 0)
(0.0033407404 1.9429305e-07 0)
(0.0033407511 1.8715087e-07 0)
(0.0033407615 1.7992416e-07 0)
(0.0033407716 1.7265854e-07 0)
(0.0033407815 1.6539404e-07 0)
(0.003340791 1.5816565e-07 0)
(0.0033408001 1.5100383e-07 0)
(0.003340809 1.4393497e-07 0)
(0.0033408175 1.3698177e-07 0)
(0.0033408256 1.3016368e-07 0)
(0.0033408334 1.2349718e-07 0)
(0.0033408408 1.169961e-07 0)
(0.0033408479 1.106719e-07 0)
(0.0033408546 1.045339e-07 0)
(0.003340861 9.8589544e-08 0)
(0.0033408671 9.2844549e-08 0)
(0.0033408728 8.7303121e-08 0)
(0.0033408783 8.1968101e-08 0)
(0.0033408834 7.6841123e-08 0)
(0.0033408882 7.192274e-08 0)
(0.0033408927 6.7212546e-08 0)
(0.003340897 6.2709284e-08 0)
(0.0033409009 5.8410945e-08 0)
(0.0033409047 5.4314855e-08 0)
(0.0033409081 5.0417756e-08 0)
(0.0033409113 4.6715878e-08 0)
(0.0033409143 4.3205004e-08 0)
(0.0033409171 3.9880533e-08 0)
(0.0033409197 3.6737531e-08 0)
(0.0033409221 3.3770782e-08 0)
(0.0033409242 3.0974831e-08 0)
(0.0033409263 2.834403e-08 0)
(0.0033409281 2.5872566e-08 0)
(0.0033409298 2.3554504e-08 0)
(0.0033409313 2.1383812e-08 0)
(0.0033409327 1.9354389e-08 0)
(0.003340934 1.7460095e-08 0)
(0.0033409351 1.5694766e-08 0)
(0.0033409361 1.4052239e-08 0)
(0.0033409371 1.2526372e-08 0)
(0.0033409379 1.1111053e-08 0)
(0.0033409386 9.8002237e-09 0)
(0.0033409393 8.5878831e-09 0)
(0.0033409398 7.4681053e-09 0)
(0.0033409403 6.4350456e-09 0)
(0.0033409407 5.4829502e-09 0)
(0.0033409411 4.6061633e-09 0)
(0.0033409414 3.7991331e-09 0)
(0.0033409416 3.056418e-09 0)
(0.0033409418 2.3726917e-09 0)
(0.003340942 1.7427482e-09 0)
(0.0033409421 1.1615072e-09 0)
(0.0033409422 6.2401969e-10 0)
(0.0033409422 1.2547509e-10 0)
(0.0033409422 -3.3879084e-10 0)
(0.0033409422 -7.7328566e-10 0)
(0.0033409421 -1.1823473e-09 0)
(0.003340942 -1.5701276e-09 0)
(0.0033409419 -1.9405722e-09 0)
(0.0033409418 -2.2973941e-09 0)
(0.0033409416 -2.6440421e-09 0)
(0.0033409414 -2.9836608e-09 0)
(0.0033409412 -3.3190424e-09 0)
(0.003340941 -3.6525671e-09 0)
(0.0033409407 -3.986132e-09 0)
(0.0033409405 -4.3210648e-09 0)
(0.0033409402 -4.6580209e-09 0)
(0.0033409399 -4.9968611e-09 0)
(0.0033409396 -5.3365059e-09 0)
(0.0033409392 -5.6747642e-09 0)
(0.0033409388 -6.0081321e-09 0)
(0.0033409384 -6.3315579e-09 0)
(0.003340938 -6.6381684e-09 0)
(0.0033409376 -6.9189281e-09 0)
(0.0033409371 -7.162331e-09 0)
(0.0033409367 -7.3543399e-09 0)
(0.0033409363 -7.4780622e-09 0)
(0.0033409355 -7.495226e-09 0)
(0.0032291846 -8.1660832e-05 0)
(0.0032472678 -0.00023866082 0)
(0.0032816571 -0.00038387594 0)
(0.0033282219 -0.00051281823 0)
(0.0033823542 -0.00062259334 0)
(0.0034399446 -0.00071179982 0)
(0.0034973025 -0.00078037483 0)
(0.0035514195 -0.00082932227 0)
(0.0036000833 -0.00086039214 0)
(0.003641856 -0.00087577522 0)
(0.0036759831 -0.00087784646 0)
(0.003702266 -0.00086897057 0)
(0.0037209251 -0.00085136947 0)
(0.0037324714 -0.00082704326 0)
(0.003737597 -0.0007977329 0)
(0.0037370876 -0.00076491273 0)
(0.0037317573 -0.00072980238 0)
(0.0037224022 -0.00069338985 0)
(0.0037097707 -0.00065645993 0)
(0.0036945454 -0.00061962391 0)
(0.0036773348 -0.00058334799 0)
(0.0036586709 -0.00054797926 0)
(0.0036390111 -0.00051376839 0)
(0.0036187433 -0.00048088903 0)
(0.0035981913 -0.00044945405 0)
(0.0035776222 -0.00041952892 0)
(0.0035572527 -0.00039114255 0)
(0.0035372563 -0.0003642961 0)
(0.0035177688 -0.00033896992 0)
(0.0034988944 -0.00031512909 0)
(0.0034807104 -0.00029272775 0)
(0.0034632715 -0.00027171249 0)
(0.003446614 -0.00025202499 0)
(0.0034307586 -0.000233604 0)
(0.0034157139 -0.00021638692 0)
(0.0034014778 -0.00020031093 0)
(0.0033880406 -0.00018531388 0)
(0.003375386 -0.0001713349 0)
(0.003363493 -0.00015831486 0)
(0.0033523366 -0.00014619669 0)
(0.0033418893 -0.00013492561 0)
(0.0033321216 -0.00012444921 0)
(0.0033230029 -0.00011471755 0)
(0.0033145019 -0.00010568318 0)
(0.0033065871 -9.7301097e-05 0)
(0.003299227 -8.9528729e-05 0)
(0.0032923909 -8.2325855e-05 0)
(0.0032860484 -7.565454e-05 0)
(0.0032801702 -6.9479047e-05 0)
(0.003274728 -6.376575e-05 0)
(0.0032696942 -5.848304e-05 0)
(0.0032650428 -5.3601232e-05 0)
(0.0032607487 -4.9092471e-05 0)
(0.0032567881 -4.4930639e-05 0)
(0.0032531384 -4.1091265e-05 0)
(0.0032497782 -3.7551439e-05 0)
(0.0032466872 -3.428972e-05 0)
(0.0032438462 -3.1286063e-05 0)
(0.0032412375 -2.8521734e-05 0)
(0.003238844 -2.5979235e-05 0)
(0.0032366499 -2.3642233e-05 0)
(0.0032346404 -2.1495493e-05 0)
(0.0032328015 -1.9524809e-05 0)
(0.0032311204 -1.7716942e-05 0)
(0.0032295848 -1.6059566e-05 0)
(0.0032281835 -1.4541205e-05 0)
(0.003226906 -1.3151184e-05 0)
(0.0032257424 -1.1879578e-05 0)
(0.0032246838 -1.0717166e-05 0)
(0.0032237215 -9.6553821e-06 0)
(0.0032228479 -8.6862769e-06 0)
(0.0032220555 -7.8024761e-06 0)
(0.0032213378 -6.997143e-06 0)
(0.0032206885 -6.2639427e-06 0)
(0.0032201017 -5.597009e-06 0)
(0.0032195723 -4.990913e-06 0)
(0.0032190953 -4.4406331e-06 0)
(0.0032186661 -3.9415276e-06 0)
(0.0032182806 -3.4893083e-06 0)
(0.0032179349 -3.0800161e-06 0)
(0.0032176255 -2.7099982e-06 0)
(0.0032173492 -2.375886e-06 0)
(0.0032171029 -2.0745755e-06 0)
(0.0032168839 -1.8032081e-06 0)
(0.0032166896 -1.5591526e-06 0)
(0.0032165178 -1.3399894e-06 0)
(0.0032163664 -1.1434942e-06 0)
(0.0032162333 -9.6762409e-07 0)
(0.0032161169 -8.1050387e-07 0)
(0.0032160155 -6.7041346e-07 0)
(0.0032159275 -5.4577617e-07 0)
(0.0032158517 -4.3514777e-07 0)
(0.0032157869 -3.3720631e-07 0)
(0.0032157318 -2.5074264e-07 0)
(0.0032156854 -1.7465161e-07 0)
(0.003215647 -1.0792384e-07 0)
(0.0032156154 -4.9638173e-08 0)
(0.0032155901 1.0454357e-09 0)
(0.0032155703 4.4892438e-08 0)
(0.0032155554 8.2599769e-08 0)
(0.0032155448 1.1480147e-07 0)
(0.003215538 1.4207387e-07 0)
(0.0032155344 1.6494045e-07 0)
(0.0032155338 1.8387621e-07 0)
(0.0032155357 1.9931184e-07 0)
(0.0032155397 2.1163748e-07 0)
(0.0032155456 2.2120623e-07 0)
(0.003215553 2.2833735e-07 0)
(0.0032155618 2.3331923e-07 0)
(0.0032155717 2.3641212e-07 0)
(0.0032155825 2.3785063e-07 0)
(0.003215594 2.3784605e-07 0)
(0.0032156061 2.3658843e-07 0)
(0.0032156186 2.3424854e-07 0)
(0.0032156314 2.3097962e-07 0)
(0.0032156444 2.2691904e-07 0)
(0.0032156576 2.2218974e-07 0)
(0.0032156707 2.169016e-07 0)
(0.0032156838 2.1115271e-07 0)
(0.0032156967 2.0503044e-07 0)
(0.0032157095 1.9861252e-07 0)
(0.0032157221 1.9196792e-07 0)
(0.0032157344 1.8515776e-07 0)
(0.0032157464 1.7823604e-07 0)
(0.0032157581 1.7125036e-07 0)
(0.0032157694 1.6424255e-07 0)
(0.0032157804 1.5724924e-07 0)
(0.003215791 1.5030239e-07 0)
(0.0032158012 1.4342976e-07 0)
(0.003215811 1.3665534e-07 0)
(0.0032158205 1.2999973e-07 0)
(0.0032158295 1.2348047e-07 0)
(0.0032158381 1.171124e-07 0)
(0.0032158463 1.109079e-07 0)
(0.0032158541 1.0487716e-07 0)
(0.0032158616 9.9028407e-08 0)
(0.0032158686 9.3368124e-08 0)
(0.0032158753 8.7901222e-08 0)
(0.0032158817 8.2631211e-08 0)
(0.0032158876 7.7560358e-08 0)
(0.0032158932 7.2689814e-08 0)
(0.0032158985 6.8019745e-08 0)
(0.0032159035 6.354944e-08 0)
(0.0032159082 5.927741e-08 0)
(0.0032159125 5.5201478e-08 0)
(0.0032159166 5.1318865e-08 0)
(0.0032159204 4.762626e-08 0)
(0.0032159239 4.4119887e-08 0)
(0.0032159272 4.0795569e-08 0)
(0.0032159302 3.7648781e-08 0)
(0.003215933 3.4674697e-08 0)
(0.0032159356 3.1868243e-08 0)
(0.003215938 2.922413e-08 0)
(0.0032159402 2.6736898e-08 0)
(0.0032159422 2.4400945e-08 0)
(0.0032159441 2.2210563e-08 0)
(0.0032159458 2.0159961e-08 0)
(0.0032159473 1.8243294e-08 0)
(0.0032159487 1.6454684e-08 0)
(0.0032159499 1.4788242e-08 0)
(0.0032159511 1.3238086e-08 0)
(0.0032159521 1.1798355e-08 0)
(0.003215953 1.0463229e-08 0)
(0.0032159538 9.2269382e-09 0)
(0.0032159545 8.0837742e-09 0)
(0.0032159551 7.0281021e-09 0)
(0.0032159556 6.0543679e-09 0)
(0.0032159561 5.1571062e-09 0)
(0.0032159565 4.3309465e-09 0)
(0.0032159568 3.5706194e-09 0)
(0.0032159571 2.8709612e-09 0)
(0.0032159573 2.2269187e-09 0)
(0.0032159575 1.6335539e-09 0)
(0.0032159576 1.0860491e-09 0)
(0.0032159577 5.7971159e-10 0)
(0.0032159577 1.0998092e-10 0)
(0.0032159577 -3.2756375e-10 0)
(0.0032159577 -7.3719344e-10 0)
(0.0032159576 -1.1230167e-09 0)
(0.0032159575 -1.4889639e-09 0)
(0.0032159574 -1.8387664e-09 0)
(0.0032159573 -2.1759319e-09 0)
(0.0032159571 -2.5037129e-09 0)
(0.0032159569 -2.8250677e-09 0)
(0.0032159567 -3.1426136e-09 0)
(0.0032159564 -3.4585697e-09 0)
(0.0032159562 -3.7746884e-09 0)
(0.0032159559 -4.0921734e-09 0)
(0.0032159556 -4.4115823e-09 0)
(0.0032159552 -4.7327131e-09 0)
(0.0032159549 -5.0544691e-09 0)
(0.0032159545 -5.374703e-09 0)
(0.0032159541 -5.6900357e-09 0)
(0.0032159537 -5.9956494e-09 0)
(0.0032159532 -6.2850486e-09 0)
(0.0032159527 -6.5497708e-09 0)
(0.0032159522 -6.7791358e-09 0)
(0.0032159517 -6.960234e-09 0)
(0.0032159513 -7.0775943e-09 0)
(0.0032159505 -7.0978259e-09 0)
(0.003229371 -8.9767913e-05 0)
(0.0032496732 -0.00026103037 0)
(0.0032877502 -0.00041755903 0)
(0.003338483 -0.0005542757 0)
(0.0033963022 -0.0006681893 0)
(0.0034563877 -0.00075818865 0)
(0.003514595 -0.00082476153 0)
(0.0035677245 -0.00086958977 0)
(0.0036135952 -0.00089511567 0)
(0.00365096 -0.00090415835 0)
(0.0036793491 -0.00089961364 0)
(0.0036988875 -0.00088424446 0)
(0.0037101166 -0.00086055257 0)
(0.0037138394 -0.00083071504 0)
(0.0037109964 -0.00079656702 0)
(0.0037025733 -0.00075961479 0)
(0.0036895371 -0.00072106598 0)
(0.0036727942 -0.00068186791 0)
(0.0036531671 -0.00064274779 0)
(0.0036313833 -0.00060425107 0)
(0.0036080729 -0.00056677599 0)
(0.0035837724 -0.00053060348 0)
(0.0035589309 -0.00049592232 0)
(0.0035339194 -0.00046284991 0)
(0.0035090393 -0.00043144902 0)
(0.0034845315 -0.00040174123 0)
(0.0034605853 -0.00037371757 0)
(0.003437346 -0.00034734678 0)
(0.0034149222 -0.00032258181 0)
(0.0033933913 -0.00029936472 0)
(0.0033728056 -0.00027763052 0)
(0.0033531966 -0.00025731002 0)
(0.0033345786 -0.00023833197 0)
(0.0033169526 -0.00022062467 0)
(0.0033003086 -0.00020411711 0)
(0.0032846284 -0.00018873983 0)
(0.0032698868 -0.00017442548 0)
(0.0032560541 -0.00016110922 0)
(0.0032430967 -0.00014872898 0)
(0.0032309788 -0.00013722558 0)
(0.0032196628 -0.00012654279 0)
(0.0032091102 -0.00011662736 0)
(0.0031992821 -0.00010742893 0)
(0.00319014 -9.8900009e-05 0)
(0.0031816459 -9.099586e-05 0)
(0.0031737623 -8.367439e-05 0)
(0.0031664532 -7.6896046e-05 0)
(0.0031596834 -7.0623695e-05 0)
(0.0031534192 -6.4822503e-05 0)
(0.0031476283 -5.945982e-05 0)
(0.0031422799 -5.450506e-05 0)
(0.0031373445 -4.9929586e-05 0)
(0.0031327942 -4.5706607e-05 0)
(0.0031286027 -4.1811066e-05 0)
(0.0031247449 -3.8219542e-05 0)
(0.0031211972 -3.4910154e-05 0)
(0.0031179375 -3.1862467e-05 0)
(0.003114945 -2.9057408e-05 0)
(0.0031122 -2.6477182e-05 0)
(0.0031096842 -2.4105195e-05 0)
(0.0031073805 -2.1925978e-05 0)
(0.0031052729 -1.9925119e-05 0)
(0.0031033463 -1.8089197e-05 0)
(0.0031015867 -1.640572e-05 0)
(0.0030999813 -1.4863065e-05 0)
(0.0030985178 -1.3450424e-05 0)
(0.003097185 -1.2157752e-05 0)
(0.0030959724 -1.0975715e-05 0)
(0.0030948704 -9.8956502e-06 0)
(0.0030938699 -8.9095141e-06 0)
(0.0030929625 -8.0098482e-06 0)
(0.0030921407 -7.1897375e-06 0)
(0.0030913971 -6.4427749e-06 0)
(0.0030907253 -5.7630271e-06 0)
(0.0030901191 -5.1450024e-06 0)
(0.0030895728 -4.5836212e-06 0)
(0.0030890814 -4.0741874e-06 0)
(0.0030886399 -3.6123618e-06 0)
(0.0030882441 -3.194138e-06 0)
(0.0030878897 -2.8158182e-06 0)
(0.0030875732 -2.4739923e-06 0)
(0.0030872911 -2.1655169e-06 0)
(0.0030870401 -1.8874963e-06 0)
(0.0030868175 -1.6372652e-06 0)
(0.0030866206 -1.412371e-06 0)
(0.003086447 -1.2105593e-06 0)
(0.0030862944 -1.0297583e-06 0)
(0.0030861608 -8.6806615e-07 0)
(0.0030860443 -7.2373744e-07 0)
(0.0030859433 -5.9517192e-07 0)
(0.0030858562 -4.8090325e-07 0)
(0.0030857816 -3.7958879e-07 0)
(0.0030857182 -2.9000003e-07 0)
(0.0030856648 -2.1101372e-07 0)
(0.0030856203 -1.4160361e-07 0)
(0.0030855838 -8.0832754e-08 0)
(0.0030855545 -2.7846437e-08 0)
(0.0030855314 1.8134475e-08 0)
(0.0030855139 5.7819639e-08 0)
(0.0030855014 9.1854915e-08 0)
(0.0030854931 1.2082762e-07 0)
(0.0030854887 1.4527138e-07 0)
(0.0030854875 1.6567065e-07 0)
(0.0030854893 1.8246483e-07 0)
(0.0030854935 1.9605211e-07 0)
(0.0030854998 2.0679303e-07 0)
(0.003085508 2.1501372e-07 0)
(0.0030855176 2.2100887e-07 0)
(0.0030855286 2.2504455e-07 0)
(0.0030855406 2.2736073e-07 0)
(0.0030855534 2.281736e-07 0)
(0.0030855669 2.276777e-07 0)
(0.0030855809 2.2604794e-07 0)
(0.0030855953 2.2344135e-07 0)
(0.0030856099 2.1999874e-07 0)
(0.0030856246 2.1584623e-07 0)
(0.0030856394 2.1109662e-07 0)
(0.0030856541 2.058506e-07 0)
(0.0030856687 2.00198e-07 0)
(0.0030856831 1.9421875e-07 0)
(0.0030856972 1.8798385e-07 0)
(0.0030857111 1.8155626e-07 0)
(0.0030857247 1.749917e-07 0)
(0.0030857379 1.6833932e-07 0)
(0.0030857507 1.6164236e-07 0)
(0.0030857631 1.5493879e-07 0)
(0.0030857751 1.4826178e-07 0)
(0.0030857866 1.4164021e-07 0)
(0.0030857978 1.350991e-07 0)
(0.0030858084 1.2866001e-07 0)
(0.0030858187 1.2234141e-07 0)
(0.0030858285 1.1615896e-07 0)
(0.0030858378 1.1012583e-07 0)
(0.0030858467 1.0425296e-07 0)
(0.0030858552 9.854929e-08 0)
(0.0030858632 9.3021966e-08 0)
(0.0030858708 8.7676536e-08 0)
(0.003085878 8.2517122e-08 0)
(0.0030858849 7.7546572e-08 0)
(0.0030858913 7.2766601e-08 0)
(0.0030858973 6.8177917e-08 0)
(0.003085903 6.378033e-08 0)
(0.0030859084 5.9572857e-08 0)
(0.0030859134 5.5553813e-08 0)
(0.0030859181 5.1720895e-08 0)
(0.0030859224 4.8071252e-08 0)
(0.0030859265 4.460156e-08 0)
(0.0030859303 4.1308077e-08 0)
(0.0030859338 3.8186702e-08 0)
(0.0030859371 3.5233023e-08 0)
(0.0030859401 3.2442366e-08 0)
(0.0030859429 2.9809831e-08 0)
(0.0030859454 2.7330336e-08 0)
(0.0030859478 2.4998647e-08 0)
(0.0030859499 2.280941e-08 0)
(0.0030859519 2.0757177e-08 0)
(0.0030859537 1.8836437e-08 0)
(0.0030859553 1.7041634e-08 0)
(0.0030859568 1.5367188e-08 0)
(0.0030859582 1.3807519e-08 0)
(0.0030859594 1.2357054e-08 0)
(0.0030859604 1.1010254e-08 0)
(0.0030859614 9.7616152e-09 0)
(0.0030859623 8.6056902e-09 0)
(0.003085963 7.5370927e-09 0)
(0.0030859637 6.5505083e-09 0)
(0.0030859643 5.6407019e-09 0)
(0.0030859648 4.8025241e-09 0)
(0.0030859652 4.0309174e-09 0)
(0.0030859655 3.3209205e-09 0)
(0.0030859658 2.6676732e-09 0)
(0.0030859661 2.0664207e-09 0)
(0.0030859662 1.5125171e-09 0)
(0.0030859664 1.0014303e-09 0)
(0.0030859665 5.2874692e-10 0)
(0.0030859665 9.017834e-11 0)
(0.0030859665 -3.1843181e-10 0)
(0.0030859665 -7.0109791e-10 0)
(0.0030859664 -1.0616801e-09 0)
(0.0030859663 -1.4038689e-09 0)
(0.0030859662 -1.731165e-09 0)
(0.0030859661 -2.0468553e-09 0)
(0.0030859659 -2.353982e-09 0)
(0.0030859657 -2.6553053e-09 0)
(0.0030859654 -2.9532579e-09 0)
(0.0030859652 -3.2498903e-09 0)
(0.0030859649 -3.5468058e-09 0)
(0.0030859646 -3.8450827e-09 0)
(0.0030859642 -4.1451843e-09 0)
(0.0030859639 -4.4468528e-09 0)
(0.0030859635 -4.7489871e-09 0)
(0.0030859631 -5.0495027e-09 0)
(0.0030859627 -5.3451715e-09 0)
(0.0030859622 -5.6314429e-09 0)
(0.0030859617 -5.902242e-09 0)
(0.0030859612 -6.1497306e-09 0)
(0.0030859607 -6.3641134e-09 0)
(0.0030859601 -6.533664e-09 0)
(0.0030859596 -6.6444112e-09 0)
(0.0030859588 -6.6680197e-09 0)
(0.0032296043 -9.8931918e-05 0)
(0.0032525469 -0.0002859831 0)
(0.0032948725 -0.00045455996 0)
(0.0033501978 -0.00059895739 0)
(0.003411779 -0.00071621376 0)
(0.0034739937 -0.00080572428 0)
(0.0035322528 -0.00086876722 0)
(0.003583247 -0.00090791653 0)
(0.0036249457 -0.00092646828 0)
(0.0036564185 -0.00092797134 0)
(0.0036775921 -0.00091588981 0)
(0.0036890013 -0.00089339071 0)
(0.003691567 -0.0008632339 0)
(0.0036864166 -0.00082773623 0)
(0.0036747509 -0.00078878379 0)
(0.0036577525 -0.00074787173 0)
(0.0036365277 -0.00070615669 0)
(0.0036120739 -0.00066451203 0)
(0.0035852658 -0.00062358039 0)
(0.0035568534 -0.00058382042 0)
(0.0035274675 -0.00054554665 0)
(0.0034976296 -0.00050896259 0)
(0.003467764 -0.00047418747 0)
(0.0034382101 -0.00044127747 0)
(0.0034092345 -0.00041024248 0)
(0.0033810422 -0.00038105895 0)
(0.0033537868 -0.00035367982 0)
(0.0033275791 -0.00032804204 0)
(0.0033024946 -0.00030407222 0)
(0.0032785807 -0.00028169084 0)
(0.0032558613 -0.00026081532 0)
(0.0032343422 -0.00024136231 0)
(0.0032140146 -0.00022324925 0)
(0.0031948583 -0.00020639553 0)
(0.0031768443 -0.00019072324 0)
(0.0031599372 -0.00017615763 0)
(0.003144097 -0.00016262745 0)
(0.00312928 -0.00015006507 0)
(0.0031154408 -0.0001384065 0)
(0.0031025324 -0.00012759143 0)
(0.0030905078 -0.00011756305 0)
(0.0030793198 -0.00010826803 0)
(0.003068922 -9.9656312e-05 0)
(0.0030592689 -9.1680975e-05 0)
(0.0030503164 -8.4298093e-05 0)
(0.0030420217 -7.7466557e-05 0)
(0.0030343438 -7.1147924e-05 0)
(0.0030272433 -6.5306257e-05 0)
(0.0030206826 -5.990798e-05 0)
(0.003014626 -5.492173e-05 0)
(0.0030090394 -5.0318226e-05 0)
(0.0030038907 -4.6070132e-05 0)
(0.0029991494 -4.2151944e-05 0)
(0.002994787 -3.8539866e-05 0)
(0.0029907765 -3.5211706e-05 0)
(0.0029870923 -3.2146774e-05 0)
(0.0029837109 -2.9325786e-05 0)
(0.0029806098 -2.673077e-05 0)
(0.0029777681 -2.4344988e-05 0)
(0.0029751664 -2.2152852e-05 0)
(0.0029727864 -2.0139854e-05 0)
(0.002970611 -1.8292492e-05 0)
(0.0029686246 -1.6598205e-05 0)
(0.0029668122 -1.5045317e-05 0)
(0.0029651601 -1.3622973e-05 0)
(0.0029636557 -1.2321089e-05 0)
(0.0029622871 -1.11303e-05 0)
(0.0029610432 -1.0041913e-05 0)
(0.0029599139 -9.0478636e-06 0)
(0.0029588898 -8.1406704e-06 0)
(0.0029579622 -7.3134005e-06 0)
(0.0029571229 -6.55963e-06 0)
(0.0029563645 -5.8734103e-06 0)
(0.0029556801 -5.2492358e-06 0)
(0.0029550634 -4.6820135e-06 0)
(0.0029545085 -4.1670348e-06 0)
(0.0029540099 -3.6999486e-06 0)
(0.0029535628 -3.2767366e-06 0)
(0.0029531625 -2.8936901e-06 0)
(0.0029528049 -2.5473877e-06 0)
(0.002952486 -2.2346755e-06 0)
(0.0029522023 -1.9526473e-06 0)
(0.0029519506 -1.6986275e-06 0)
(0.0029517279 -1.4701536e-06 0)
(0.0029515313 -1.2649611e-06 0)
(0.0029513585 -1.080969e-06 0)
(0.0029512072 -9.1626584e-07 0)
(0.0029510751 -7.6909728e-07 0)
(0.0029509605 -6.3785421e-07 0)
(0.0029508616 -5.2106177e-07 0)
(0.0029507767 -4.1736906e-07 0)
(0.0029507045 -3.255396e-07 0)
(0.0029506436 -2.4444248e-07 0)
(0.0029505928 -1.7304409e-07 0)
(0.002950551 -1.1040045e-07 0)
(0.0029505172 -5.5650104e-08 0)
(0.0029504905 -8.007484e-09 0)
(0.0029504701 3.3243175e-08 0)
(0.0029504553 6.8753539e-08 0)
(0.0029504454 9.9116425e-08 0)
(0.0029504397 1.2487067e-07 0)
(0.0029504378 1.4650561e-07 0)
(0.0029504392 1.644653e-07 0)
(0.0029504434 1.7915226e-07 0)
(0.00295045 1.909311e-07 0)
(0.0029504586 2.0013178e-07 0)
(0.002950469 2.0705255e-07 0)
(0.0029504808 2.1196283e-07 0)
(0.0029504938 2.1510568e-07 0)
(0.0029505078 2.1670018e-07 0)
(0.0029505226 2.1694356e-07 0)
(0.0029505379 2.1601322e-07 0)
(0.0029505537 2.140685e-07 0)
(0.0029505697 2.1125236e-07 0)
(0.0029505859 2.076929e-07 0)
(0.0029506022 2.0350474e-07 0)
(0.0029506184 1.987903e-07 0)
(0.0029506346 1.9364095e-07 0)
(0.0029506505 1.8813808e-07 0)
(0.0029506661 1.8235404e-07 0)
(0.0029506815 1.7635305e-07 0)
(0.0029506965 1.7019197e-07 0)
(0.0029507112 1.6392103e-07 0)
(0.0029507254 1.5758448e-07 0)
(0.0029507392 1.5122122e-07 0)
(0.0029507525 1.4486529e-07 0)
(0.0029507653 1.385464e-07 0)
(0.0029507777 1.3229035e-07 0)
(0.0029507896 1.2611944e-07 0)
(0.002950801 1.2005281e-07 0)
(0.0029508119 1.1410679e-07 0)
(0.0029508224 1.0829521e-07 0)
(0.0029508323 1.0262959e-07 0)
(0.0029508418 9.7119467e-08 0)
(0.0029508507 9.1772551e-08 0)
(0.0029508593 8.6594941e-08 0)
(0.0029508674 8.1591291e-08 0)
(0.002950875 7.6764974e-08 0)
(0.0029508822 7.2118212e-08 0)
(0.002950889 6.7652213e-08 0)
(0.0029508954 6.3367274e-08 0)
(0.0029509014 5.9262896e-08 0)
(0.0029509071 5.5337863e-08 0)
(0.0029509124 5.1590336e-08 0)
(0.0029509173 4.8017921e-08 0)
(0.0029509219 4.4617743e-08 0)
(0.0029509262 4.1386499e-08 0)
(0.0029509302 3.8320522e-08 0)
(0.0029509339 3.5415826e-08 0)
(0.0029509373 3.2668152e-08 0)
(0.0029509405 3.0073012e-08 0)
(0.0029509434 2.762572e-08 0)
(0.0029509461 2.5321436e-08 0)
(0.0029509486 2.3155186e-08 0)
(0.0029509509 2.1121896e-08 0)
(0.0029509529 1.9216419e-08 0)
(0.0029509548 1.7433551e-08 0)
(0.0029509565 1.5768058e-08 0)
(0.0029509581 1.4214692e-08 0)
(0.0029509595 1.2768207e-08 0)
(0.0029509608 1.1423375e-08 0)
(0.0029509619 1.0175e-08 0)
(0.0029509629 9.0179283e-09 0)
(0.0029509638 7.94706e-09 0)
(0.0029509646 6.9573566e-09 0)
(0.0029509653 6.04385e-09 0)
(0.0029509659 5.2016487e-09 0)
(0.0029509664 4.4259438e-09 0)
(0.0029509669 3.7120133e-09 0)
(0.0029509672 3.0552273e-09 0)
(0.0029509676 2.451051e-09 0)
(0.0029509678 1.895049e-09 0)
(0.002950968 1.3828881e-09 0)
(0.0029509681 9.1034227e-10 0)
(0.0029509682 4.7329628e-10 0)
(0.0029509683 6.7752022e-11 0)
(0.0029509683 -3.1016458e-10 0)
(0.0029509683 -6.6419429e-10 0)
(0.0029509682 -9.9793279e-10 0)
(0.0029509681 -1.3148156e-09 0)
(0.002950968 -1.618099e-09 0)
(0.0029509678 -1.9108365e-09 0)
(0.0029509676 -2.195849e-09 0)
(0.0029509674 -2.4756891e-09 0)
(0.0029509671 -2.7525978e-09 0)
(0.0029509669 -3.0284521e-09 0)
(0.0029509666 -3.3047039e-09 0)
(0.0029509663 -3.5823072e-09 0)
(0.0029509659 -3.8616351e-09 0)
(0.0029509655 -4.1423827e-09 0)
(0.0029509651 -4.423458e-09 0)
(0.0029509647 -4.7028576e-09 0)
(0.0029509642 -4.9775289e-09 0)
(0.0029509637 -5.2432198e-09 0)
(0.0029509632 -5.4943125e-09 0)
(0.0029509627 -5.7236367e-09 0)
(0.0029509621 -5.9223292e-09 0)
(0.0029509615 -6.079896e-09 0)
(0.002950961 -6.1838945e-09 0)
(0.0029509601 -6.2111912e-09 0)
(0.0032299017 -0.00010936985 0)
(0.0032560161 -0.00031395893 0)
(0.0033032482 -0.0004952938 0)
(0.0033635879 -0.00064704218 0)
(0.0034288655 -0.00076648677 0)
(0.0034925792 -0.00085384273 0)
(0.0035497506 -0.00091149602 0)
(0.0035970981 -0.00094317249 0)
(0.0036329097 -0.00095319813 0)
(0.003656731 -0.00094594496 0)
(0.0036690137 -0.00092547191 0)
(0.0036707919 -0.00089533054 0)
(0.0036634173 -0.00085849276 0)
(0.0036483625 -0.00081735782 0)
(0.0036270863 -0.00077380453 0)
(0.0036009506 -0.00072926395 0)
(0.0035711753 -0.00068479683 0)
(0.0035388196 -0.00064116672 0)
(0.0035047809 -0.00059890429 0)
(0.0034698038 -0.00055836133 0)
(0.0034344946 -0.0005197548 0)
(0.0033993385 -0.00048320168 0)
(0.0033647164 -0.00044874615 0)
(0.0033309214 -0.00041638047 0)
(0.0032981729 -0.00038606074 0)
(0.0032666306 -0.00035771875 0)
(0.0032364043 -0.00033127069 0)
(0.0032075647 -0.00030662356 0)
(0.0031801502 -0.00028367977 0)
(0.0031541743 -0.00026234044 0)
(0.0031296308 -0.00024250765 0)
(0.0031064981 -0.00022408607 0)
(0.003084743 -0.00020698387 0)
(0.0030643237 -0.00019111346 0)
(0.0030451921 -0.00017639173 0)
(0.003027296 -0.00016274027 0)
(0.0030105801 -0.00015008533 0)
(0.0029949878 -0.00013835778 0)
(0.0029804618 -0.00012749289 0)
(0.0029669451 -0.00011743018 0)
(0.0029543815 -0.00010811323 0)
(0.0029427158 -9.9489389e-05 0)
(0.0029318947 -9.1509607e-05 0)
(0.0029218665 -8.412818e-05 0)
(0.0029125816 -7.730254e-05 0)
(0.0029039924 -7.0993053e-05 0)
(0.0028960536 -6.5162813e-05 0)
(0.0028887221 -5.9777462e-05 0)
(0.0028819569 -5.4805016e-05 0)
(0.0028757194 -5.02157e-05 0)
(0.0028699729 -4.5981796e-05 0)
(0.0028646829 -4.2077506e-05 0)
(0.0028598171 -3.8478814e-05 0)
(0.0028553449 -3.5163371e-05 0)
(0.0028512377 -3.2110376e-05 0)
(0.0028474687 -2.9300474e-05 0)
(0.0028440128 -2.6715656e-05 0)
(0.0028408466 -2.4339169e-05 0)
(0.002837948 -2.2155432e-05 0)
(0.0028352968 -2.0149957e-05 0)
(0.0028328738 -1.8309272e-05 0)
(0.0028306613 -1.662086e-05 0)
(0.0028286428 -1.5073086e-05 0)
(0.0028268029 -1.3655147e-05 0)
(0.0028251275 -1.2357008e-05 0)
(0.0028236033 -1.1169356e-05 0)
(0.0028222181 -1.0083549e-05 0)
(0.0028209604 -9.0915711e-06 0)
(0.0028198199 -8.1859908e-06 0)
(0.0028187866 -7.3599204e-06 0)
(0.0028178518 -6.6069795e-06 0)
(0.0028170069 -5.9212604e-06 0)
(0.0028162444 -5.2972955e-06 0)
(0.0028155573 -4.7300274e-06 0)
(0.0028149388 -4.2147799e-06 0)
(0.0028143831 -3.7472319e-06 0)
(0.0028138847 -3.3233924e-06 0)
(0.0028134383 -2.9395775e-06 0)
(0.0028130394 -2.5923882e-06 0)
(0.0028126836 -2.2786909e-06 0)
(0.0028123669 -1.9955974e-06 0)
(0.0028120859 -1.7404481e-06 0)
(0.002811837 -1.5107951e-06 0)
(0.0028116174 -1.3043864e-06 0)
(0.0028114241 -1.119152e-06 0)
(0.0028112547 -9.5319038e-07 0)
(0.0028111068 -8.047555e-07 0)
(0.0028109783 -6.7224558e-07 0)
(0.0028108673 -5.5419199e-07 0)
(0.0028107719 -4.4924915e-07 0)
(0.0028106906 -3.5618506e-07 0)
(0.0028106219 -2.7387254e-07 0)
(0.0028105645 -2.0128105e-07 0)
(0.002810517 -1.374691e-07 0)
(0.0028104786 -8.1577206e-08 0)
(0.002810448 -3.2821339e-08 0)
(0.0028104245 9.5131241e-09 0)
(0.0028104072 4.607704e-08 0)
(0.0028103953 7.7462703e-08 0)
(0.0028103882 1.0420867e-07 0)
(0.0028103854 1.2680421e-07 0)
(0.0028103861 1.4569347e-07 0)
(0.00281039 1.6127921e-07 0)
(0.0028103966 1.7392641e-07 0)
(0.0028104056 1.8396546e-07 0)
(0.0028104164 1.9169514e-07 0)
(0.0028104289 1.9738545e-07 0)
(0.0028104428 2.0128005e-07 0)
(0.0028104578 2.0359867e-07 0)
(0.0028104736 2.0453921e-07 0)
(0.0028104901 2.0427973e-07 0)
(0.0028105071 2.0298024e-07 0)
(0.0028105245 2.0078438e-07 0)
(0.002810542 1.9782088e-07 0)
(0.0028105597 1.9420503e-07 0)
(0.0028105773 1.9003987e-07 0)
(0.0028105948 1.8541739e-07 0)
(0.0028106121 1.8041958e-07 0)
(0.0028106292 1.7511938e-07 0)
(0.0028106459 1.6958156e-07 0)
(0.0028106623 1.6386353e-07 0)
(0.0028106783 1.5801606e-07 0)
(0.0028106938 1.5208393e-07 0)
(0.0028107089 1.4610653e-07 0)
(0.0028107234 1.401184e-07 0)
(0.0028107375 1.3414974e-07 0)
(0.0028107511 1.2822681e-07 0)
(0.0028107641 1.223724e-07 0)
(0.0028107766 1.1660609e-07 0)
(0.0028107886 1.109447e-07 0)
(0.0028108 1.0540246e-07 0)
(0.002810811 9.9991389e-08 0)
(0.0028108214 9.4721444e-08 0)
(0.0028108313 8.9600787e-08 0)
(0.0028108407 8.4635961e-08 0)
(0.0028108496 7.9832067e-08 0)
(0.002810858 7.5192919e-08 0)
(0.002810866 7.0721184e-08 0)
(0.0028108735 6.6418513e-08 0)
(0.0028108806 6.2285651e-08 0)
(0.0028108873 5.8322537e-08 0)
(0.0028108935 5.4528402e-08 0)
(0.0028108994 5.0901847e-08 0)
(0.0028109049 4.7440922e-08 0)
(0.00281091 4.4143188e-08 0)
(0.0028109148 4.1005781e-08 0)
(0.0028109192 3.8025465e-08 0)
(0.0028109234 3.5198686e-08 0)
(0.0028109272 3.2521611e-08 0)
(0.0028109308 2.9990171e-08 0)
(0.0028109341 2.7600098e-08 0)
(0.0028109371 2.5346958e-08 0)
(0.0028109399 2.3226183e-08 0)
(0.0028109424 2.1233095e-08 0)
(0.0028109448 1.9362932e-08 0)
(0.0028109469 1.7610873e-08 0)
(0.0028109489 1.5972055e-08 0)
(0.0028109507 1.4441593e-08 0)
(0.0028109523 1.3014596e-08 0)
(0.0028109537 1.1686183e-08 0)
(0.002810955 1.0451492e-08 0)
(0.0028109562 9.3056986e-09 0)
(0.0028109572 8.2440199e-09 0)
(0.0028109582 7.261727e-09 0)
(0.002810959 6.3541518e-09 0)
(0.0028109597 5.5166937e-09 0)
(0.0028109603 4.7448255e-09 0)
(0.0028109609 4.0340983e-09 0)
(0.0028109613 3.3801456e-09 0)
(0.0028109617 2.7786869e-09 0)
(0.002810962 2.2255313e-09 0)
(0.0028109623 1.7165799e-09 0)
(0.0028109625 1.2478296e-09 0)
(0.0028109626 8.1537608e-10 0)
(0.0028109627 4.1541837e-10 0)
(0.0028109628 4.4263872e-11 0)
(0.0028109628 -3.0166481e-10 0)
(0.0028109628 -6.2582118e-10 0)
(0.0028109627 -9.3152357e-10 0)
(0.0028109626 -1.2219407e-09 0)
(0.0028109624 -1.5000735e-09 0)
(0.0028109623 -1.7687323e-09 0)
(0.0028109621 -2.0305087e-09 0)
(0.0028109619 -2.2877412e-09 0)
(0.0028109616 -2.5424741e-09 0)
(0.0028109613 -2.7964086e-09 0)
(0.002810961 -3.050845e-09 0)
(0.0028109607 -3.306616e-09 0)
(0.0028109603 -3.5640101e-09 0)
(0.0028109599 -3.8226852e-09 0)
(0.0028109595 -4.0815714e-09 0)
(0.002810959 -4.3387643e-09 0)
(0.0028109585 -4.5914094e-09 0)
(0.002810958 -4.8355797e-09 0)
(0.0028109575 -5.066147e-09 0)
(0.0028109569 -5.2766438e-09 0)
(0.0028109564 -5.4591749e-09 0)
(0.0028109557 -5.6045018e-09 0)
(0.0028109552 -5.7017481e-09 0)
(0.0028109543 -5.7330266e-09 0)
(0.0032302886 -0.00012136222 0)
(0.003260254 -0.00034549257 0)
(0.003313158 -0.00054021105 0)
(0.0033788904 -0.00069863171 0)
(0.0034475683 -0.0008186341 0)
(0.0035117735 -0.00090170108 0)
(0.0035662686 -0.00095173738 0)
(0.0036080133 -0.00097392455 0)
(0.0036358414 -0.00097379729 0)
(0.0036499679 -0.00095662071 0)
(0.0036515085 -0.00092704013 0)
(0.0036420797 -0.00088893653 0)
(0.0036235 -0.00084541746 0)
(0.0035975874 -0.0007988846 0)
(0.0035660367 -0.00075113621 0)
(0.0035303545 -0.0007034777 0)
(0.0034918343 -0.00065682537 0)
(0.003451557 -0.0006117966 0)
(0.0034104054 -0.00056878426 0)
(0.003369086 -0.00052801604 0)
(0.0033281526 -0.00048960051 0)
(0.003288031 -0.00045356221 0)
(0.0032490401 -0.0004198678 0)
(0.0032114115 -0.00038844549 0)
(0.0031753065 -0.00035919908 0)
(0.0031408302 -0.00033201805 0)
(0.0031080428 -0.00030678477 0)
(0.0030769695 -0.00028337939 0)
(0.0030476087 -0.0002616833 0)
(0.0030199378 -0.0002415813 0)
(0.0029939188 -0.00022296306 0)
(0.0029695022 -0.00020572387 0)
(0.0029466302 -0.00018976512 0)
(0.0029252397 -0.00017499437 0)
(0.0029052637 -0.00016132531 0)
(0.0028866335 -0.00014867759 0)
(0.0028692798 -0.00013697653 0)
(0.0028531335 -0.00012615282 0)
(0.0028381264 -0.00011614219 0)
(0.0028241922 -0.00010688509 0)
(0.0028112664 -9.8326318e-05 0)
(0.0027992869 -9.0414773e-05 0)
(0.002788194 -8.3103091e-05 0)
(0.0027779307 -7.6347393e-05 0)
(0.0027684427 -7.0107009e-05 0)
(0.0027596783 -6.4344243e-05 0)
(0.0027515887 -5.9024135e-05 0)
(0.0027441275 -5.4114265e-05 0)
(0.0027372513 -4.9584548e-05 0)
(0.0027309188 -4.5407069e-05 0)
(0.0027250915 -4.1555916e-05 0)
(0.002719733 -3.800703e-05 0)
(0.0027148093 -3.4738072e-05 0)
(0.0027102885 -3.1728296e-05 0)
(0.0027061409 -2.8958433e-05 0)
(0.0027023385 -2.6410587e-05 0)
(0.0026988553 -2.4068135e-05 0)
(0.0026956671 -2.1915636e-05 0)
(0.0026927511 -1.9938751e-05 0)
(0.0026900865 -1.8124163e-05 0)
(0.0026876534 -1.6459509e-05 0)
(0.0026854339 -1.4933308e-05 0)
(0.0026834108 -1.3534908e-05 0)
(0.0026815686 -1.2254419e-05 0)
(0.0026798927 -1.108267e-05 0)
(0.0026783694 -1.0011155e-05 0)
(0.0026769864 -9.0319851e-06 0)
(0.0026757321 -8.1378508e-06 0)
(0.0026745958 -7.3219788e-06 0)
(0.0026735675 -6.5780964e-06 0)
(0.0026726381 -5.9003963e-06 0)
(0.0026717992 -5.2835048e-06 0)
(0.0026710431 -4.7224513e-06 0)
(0.0026703625 -4.2126402e-06 0)
(0.0026697508 -3.7498251e-06 0)
(0.0026692019 -3.3300834e-06 0)
(0.0026687103 -2.9497945e-06 0)
(0.0026682708 -2.6056173e-06 0)
(0.0026678787 -2.2944712e-06 0)
(0.0026675296 -2.0135166e-06 0)
(0.0026672196 -1.760138e-06 0)
(0.002666945 -1.5319278e-06 0)
(0.0026667025 -1.3266706e-06 0)
(0.002666489 -1.1423295e-06 0)
(0.0026663017 -9.7703306e-07 0)
(0.0026661381 -8.2906239e-07 0)
(0.0026659957 -6.9684018e-07 0)
(0.0026658726 -5.7891987e-07 0)
(0.0026657667 -4.7397571e-07 0)
(0.0026656762 -3.8079351e-07 0)
(0.0026655996 -2.9826202e-07 0)
(0.0026655354 -2.2536496e-07 0)
(0.0026654823 -1.6117359e-07 0)
(0.0026654389 -1.0483977e-07 0)
(0.0026654043 -5.5589558e-08 0)
(0.0026653775 -1.2717296e-08 0)
(0.0026653575 2.441993e-08 0)
(0.0026653435 5.6407393e-08 0)
(0.0026653348 8.3777448e-08 0)
(0.0026653308 1.0701391e-07 0)
(0.0026653307 1.2655612e-07 0)
(0.0026653341 1.4280265e-07 0)
(0.0026653406 1.5611478e-07 0)
(0.0026653496 1.6681968e-07 0)
(0.0026653608 1.7521337e-07 0)
(0.0026653737 1.815634e-07 0)
(0.0026653883 1.8611135e-07 0)
(0.002665404 1.8907512e-07 0)
(0.0026654207 1.9065109e-07 0)
(0.0026654382 1.9101598e-07 0)
(0.0026654563 1.9032868e-07 0)
(0.0026654748 1.8873188e-07 0)
(0.0026654935 1.8635353e-07 0)
(0.0026655123 1.8330824e-07 0)
(0.0026655312 1.7969852e-07 0)
(0.0026655499 1.7561594e-07 0)
(0.0026655685 1.7114213e-07 0)
(0.0026655868 1.6634979e-07 0)
(0.0026656048 1.613035e-07 0)
(0.0026656224 1.5606055e-07 0)
(0.0026656396 1.5067164e-07 0)
(0.0026656563 1.4518155e-07 0)
(0.0026656725 1.3962968e-07 0)
(0.0026656882 1.3405067e-07 0)
(0.0026657034 1.2847481e-07 0)
(0.0026657181 1.2292852e-07 0)
(0.0026657322 1.1743473e-07 0)
(0.0026657457 1.1201327e-07 0)
(0.0026657586 1.0668114e-07 0)
(0.002665771 1.0145285e-07 0)
(0.0026657829 9.6340672e-08 0)
(0.0026657942 9.1354861e-08 0)
(0.0026658049 8.6503887e-08 0)
(0.0026658151 8.1794616e-08 0)
(0.0026658248 7.7232489e-08 0)
(0.002665834 7.2821673e-08 0)
(0.0026658427 6.8565205e-08 0)
(0.0026658509 6.4465111e-08 0)
(0.0026658586 6.0522525e-08 0)
(0.0026658659 5.6737783e-08 0)
(0.0026658727 5.3110521e-08 0)
(0.0026658791 4.9639753e-08 0)
(0.0026658851 4.6323943e-08 0)
(0.0026658908 4.3161075e-08 0)
(0.002665896 4.0148709e-08 0)
(0.0026659009 3.7284038e-08 0)
(0.0026659055 3.4563931e-08 0)
(0.0026659097 3.1984985e-08 0)
(0.0026659136 2.9543556e-08 0)
(0.0026659172 2.7235802e-08 0)
(0.0026659206 2.5057708e-08 0)
(0.0026659237 2.3005125e-08 0)
(0.0026659265 2.1073785e-08 0)
(0.0026659292 1.9259335e-08 0)
(0.0026659315 1.7557355e-08 0)
(0.0026659337 1.5963376e-08 0)
(0.0026659357 1.44729e-08 0)
(0.0026659375 1.3081416e-08 0)
(0.0026659392 1.1784413e-08 0)
(0.0026659406 1.0577396e-08 0)
(0.002665942 9.455892e-09 0)
(0.0026659432 8.4154662e-09 0)
(0.0026659442 7.451727e-09 0)
(0.0026659452 6.5603349e-09 0)
(0.002665946 5.7370094e-09 0)
(0.0026659467 4.9775343e-09 0)
(0.0026659474 4.2777631e-09 0)
(0.0026659479 3.6336226e-09 0)
(0.0026659484 3.0411163e-09 0)
(0.0026659488 2.4963282e-09 0)
(0.0026659491 1.9954246e-09 0)
(0.0026659493 1.5346569e-09 0)
(0.0026659495 1.1103646e-09 0)
(0.0026659497 7.1897795e-10 0)
(0.0026659498 3.5702187e-10 0)
(0.0026659498 2.1120755e-11 0)
(0.0026659498 -2.9199531e-10 0)
(0.0026659498 -5.8548233e-10 0)
(0.0026659497 -8.6237178e-10 0)
(0.0026659496 -1.1255569e-09 0)
(0.0026659495 -1.3777756e-09 0)
(0.0026659493 -1.6215883e-09 0)
(0.0026659491 -1.8593519e-09 0)
(0.0026659489 -2.0931869e-09 0)
(0.0026659486 -2.3249392e-09 0)
(0.0026659483 -2.5561335e-09 0)
(0.002665948 -2.7879208e-09 0)
(0.0026659477 -3.0210168e-09 0)
(0.0026659473 -3.2556328e-09 0)
(0.0026659469 -3.4913993e-09 0)
(0.0026659464 -3.7272818e-09 0)
(0.002665946 -3.9614915e-09 0)
(0.0026659455 -4.1913917e-09 0)
(0.0026659449 -4.4134037e-09 0)
(0.0026659444 -4.6229139e-09 0)
(0.0026659438 -4.814184e-09 0)
(0.0026659432 -4.9803108e-09 0)
(0.0026659426 -5.1133287e-09 0)
(0.0026659421 -5.2039168e-09 0)
(0.0026659411 -5.2394542e-09 0)
(0.0032308042 -0.00013527815 0)
(0.0032654994 -0.00038123536 0)
(0.0033249499 -0.0005897799 0)
(0.003396335 -0.00075368572 0)
(0.0034677516 -0.00087199216 0)
(0.0035309103 -0.00094807807 0)
(0.0035805599 -0.00098788486 0)
(0.0036142168 -0.00099838656 0)
(0.003631553 -0.00098648579 0)
(0.0036336735 -0.00095836436 0)
(0.0036224953 -0.00091919304 0)
(0.0036002802 -0.00087308057 0)
(0.0035693209 -0.00082315857 0)
(0.0035317531 -0.00077172792 0)
(0.0034894594 -0.00072042004 0)
(0.0034440359 -0.00067034759 0)
(0.0033967948 -0.00062223343 0)
(0.0033487882 -0.00057651501 0)
(0.0033008403 -0.00053342572 0)
(0.0032535828 -0.00049305646 0)
(0.0032074878 -0.00045540127 0)
(0.0031628981 -0.00042039046 0)
(0.0031200526 -0.00038791438 0)
(0.0030791083 -0.00035784015 0)
(0.0030401581 -0.00033002318 0)
(0.0030032455 -0.0003043151 0)
(0.0029683758 -0.0002805689 0)
(0.0029355263 -0.00025864233 0)
(0.0029046528 -0.00023839984 0)
(0.0028756959 -0.00021971374 0)
(0.0028485856 -0.00020246465 0)
(0.0028232447 -0.00018654163 0)
(0.0027995915 -0.00017184194 0)
(0.0027775421 -0.00015827075 0)
(0.002757012 -0.00014574062 0)
(0.0027379172 -0.0001341711 0)
(0.0027201752 -0.00012348817 0)
(0.0027037058 -0.00011362373 0)
(0.0026884312 -0.00010451516 0)
(0.0026742766 -9.6104865e-05 0)
(0.0026611707 -8.8339813e-05 0)
(0.0026490451 -8.1171178e-05 0)
(0.0026378351 -7.455397e-05 0)
(0.0026274791 -6.8446709e-05 0)
(0.002617919 -6.2811124e-05 0)
(0.0026091 -5.7611886e-05 0)
(0.0026009704 -5.2816355e-05 0)
(0.0025934815 -4.8394364e-05 0)
(0.0025865877 -4.431801e-05 0)
(0.0025802462 -4.0561475e-05 0)
(0.0025744168 -3.7100857e-05 0)
(0.002569062 -3.3914019e-05 0)
(0.0025641466 -3.098045e-05 0)
(0.002559638 -2.8281143e-05 0)
(0.0025555054 -2.5798477e-05 0)
(0.0025517204 -2.3516114e-05 0)
(0.0025482563 -2.1418902e-05 0)
(0.0025450885 -1.949279e-05 0)
(0.002542194 -1.7724745e-05 0)
(0.0025395512 -1.6102681e-05 0)
(0.0025371404 -1.4615386e-05 0)
(0.0025349431 -1.3252465e-05 0)
(0.0025329423 -1.2004279e-05 0)
(0.002531122 -1.0861891e-05 0)
(0.0025294675 -9.8170175e-06 0)
(0.0025279653 -8.861982e-06 0)
(0.0025266027 -7.9896732e-06 0)
(0.0025253682 -7.1935047e-06 0)
(0.002524251 -6.4673781e-06 0)
(0.0025232412 -5.8056492e-06 0)
(0.0025223295 -5.2030959e-06 0)
(0.0025215076 -4.6548886e-06 0)
(0.0025207676 -4.1565627e-06 0)
(0.0025201025 -3.7039926e-06 0)
(0.0025195055 -3.2933678e-06 0)
(0.0025189707 -2.9211708e-06 0)
(0.0025184924 -2.5841556e-06 0)
(0.0025180655 -2.2793288e-06 0)
(0.0025176853 -2.0039312e-06 0)
(0.0025173476 -1.7554209e-06 0)
(0.0025170482 -1.5314576e-06 0)
(0.0025167837 -1.3298875e-06 0)
(0.0025165506 -1.1487302e-06 0)
(0.0025163461 -9.861652e-07 0)
(0.0025161672 -8.4052063e-07 0)
(0.0025160114 -7.1026165e-07 0)
(0.0025158765 -5.9398035e-07 0)
(0.0025157603 -4.9038605e-07 0)
(0.0025156609 -3.9829636e-07 0)
(0.0025155765 -3.1662885e-07 0)
(0.0025155056 -2.4439329e-07 0)
(0.0025154468 -1.8068443e-07 0)
(0.0025153986 -1.2467537e-07 0)
(0.0025153599 -7.5611317e-08 0)
(0.0025153297 -3.2803816e-08 0)
(0.0025153069 4.374562e-09 0)
(0.0025152907 3.6495186e-08 0)
(0.0025152802 6.4077944e-08 0)
(0.0025152748 8.7595484e-08 0)
(0.0025152738 1.0747714e-07 0)
(0.0025152766 1.2411256e-07 0)
(0.0025152826 1.3785505e-07 0)
(0.0025152915 1.490247e-07 0)
(0.0025153028 1.5791117e-07 0)
(0.0025153161 1.647764e-07 0)
(0.002515331 1.6985699e-07 0)
(0.0025153473 1.7336642e-07 0)
(0.0025153648 1.7549715e-07 0)
(0.002515383 1.7642244e-07 0)
(0.002515402 1.7629815e-07 0)
(0.0025154214 1.7526428e-07 0)
(0.0025154411 1.7344644e-07 0)
(0.0025154609 1.7095717e-07 0)
(0.0025154808 1.6789721e-07 0)
(0.0025155006 1.6435655e-07 0)
(0.0025155203 1.6041548e-07 0)
(0.0025155396 1.5614553e-07 0)
(0.0025155587 1.5161029e-07 0)
(0.0025155774 1.4686622e-07 0)
(0.0025155956 1.419633e-07 0)
(0.0025156134 1.369457e-07 0)
(0.0025156306 1.3185239e-07 0)
(0.0025156474 1.2671759e-07 0)
(0.0025156635 1.215713e-07 0)
(0.0025156791 1.1643972e-07 0)
(0.0025156941 1.1134566e-07 0)
(0.0025157086 1.0630883e-07 0)
(0.0025157224 1.0134622e-07 0)
(0.0025157357 9.6472385e-08 0)
(0.0025157483 9.169965e-08 0)
(0.0025157604 8.7038396e-08 0)
(0.0025157719 8.2497248e-08 0)
(0.0025157828 7.8083266e-08 0)
(0.0025157932 7.3802113e-08 0)
(0.0025158031 6.965821e-08 0)
(0.0025158124 6.565487e-08 0)
(0.0025158212 6.1794425e-08 0)
(0.0025158295 5.8078328e-08 0)
(0.0025158374 5.4507259e-08 0)
(0.0025158447 5.1081212e-08 0)
(0.0025158517 4.7799573e-08 0)
(0.0025158581 4.4661192e-08 0)
(0.0025158642 4.1664447e-08 0)
(0.0025158699 3.8807304e-08 0)
(0.0025158752 3.6087366e-08 0)
(0.0025158802 3.3501922e-08 0)
(0.0025158848 3.1047989e-08 0)
(0.002515889 2.8722349e-08 0)
(0.002515893 2.6521584e-08 0)
(0.0025158966 2.4442108e-08 0)
(0.0025159 2.2480192e-08 0)
(0.0025159031 2.0631996e-08 0)
(0.002515906 1.8893585e-08 0)
(0.0025159086 1.7260953e-08 0)
(0.002515911 1.5730043e-08 0)
(0.0025159132 1.4296764e-08 0)
(0.0025159152 1.2957001e-08 0)
(0.002515917 1.1706639e-08 0)
(0.0025159187 1.0541564e-08 0)
(0.0025159202 9.4576829e-09 0)
(0.0025159215 8.4509298e-09 0)
(0.0025159227 7.5172744e-09 0)
(0.0025159238 6.6527301e-09 0)
(0.0025159247 5.8533609e-09 0)
(0.0025159255 5.1152865e-09 0)
(0.0025159263 4.4346876e-09 0)
(0.0025159269 3.8078095e-09 0)
(0.0025159274 3.2309657e-09 0)
(0.0025159279 2.7005407e-09 0)
(0.0025159283 2.2129923e-09 0)
(0.0025159286 1.7648539e-09 0)
(0.0025159289 1.3527362e-09 0)
(0.0025159291 9.7333018e-10 0)
(0.0025159292 6.2340883e-10 0)
(0.0025159293 2.9983105e-10 0)
(0.0025159294 -4.5421766e-13 0)
(0.0025159294 -2.8040227e-10 0)
(0.0025159293 -5.4286497e-10 0)
(0.0025159292 -7.905809e-10 0)
(0.0025159291 -1.0261625e-09 0)
(0.002515929 -1.2520797e-09 0)
(0.0025159288 -1.4706399e-09 0)
(0.0025159286 -1.6839626e-09 0)
(0.0025159284 -1.8939493e-09 0)
(0.0025159281 -2.1022475e-09 0)
(0.0025159278 -2.3102079e-09 0)
(0.0025159275 -2.518836e-09 0)
(0.0025159271 -2.7287363e-09 0)
(0.0025159267 -2.9400514e-09 0)
(0.0025159263 -3.1523946e-09 0)
(0.0025159259 -3.3647796e-09 0)
(0.0025159254 -3.5755476e-09 0)
(0.0025159249 -3.7822964e-09 0)
(0.0025159244 -3.9818135e-09 0)
(0.0025159238 -4.1700185e-09 0)
(0.0025159232 -4.3419203e-09 0)
(0.0025159226 -4.4916198e-09 0)
(0.002515922 -4.6124177e-09 0)
(0.0025159214 -4.6965495e-09 0)
(0.0025159205 -4.7365842e-09 0)
(0.0032315096 -0.0001516125 0)
(0.0032720845 -0.00042197909 0)
(0.0033390474 -0.00064444675 0)
(0.0034160948 -0.00081191849 0)
(0.0034890206 -0.000925473 0)
(0.0035488612 -0.0009912473 0)
(0.0035907648 -0.0010178462 0)
(0.0036132451 -0.0010143778 0)
(0.0036171676 -0.00098921584 0)
(0.0036047592 -0.00094940527 0)
(0.0035788508 -0.00090050867 0)
(0.0035423728 -0.00084670464 0)
(0.0034980568 -0.00079100017 0)
(0.0034482894 -0.00073547151 0)
(0.0033950636 -0.00068148854 0)
(0.0033399871 -0.00062990375 0)
(0.0032843212 -0.00058120172 0)
(0.0032290296 -0.00053561264 0)
(0.0031748297 -0.00049319568 0)
(0.0031222403 -0.00045389899 0)
(0.0030716225 -0.00041760179 0)
(0.0030232142 -0.00038414351 0)
(0.0029771586 -0.00035334345 0)
(0.0029335269 -0.00032501388 0)
(0.002892336 -0.00029896839 0)
(0.002853563 -0.00027502711 0)
(0.0028171558 -0.00025301971 0)
(0.0027830419 -0.00023278699 0)
(0.0027511346 -0.00021418143 0)
(0.0027213381 -0.00019706721 0)
(0.0026935514 -0.0001813198 0)
(0.0026676709 -0.00016682533 0)
(0.0026435926 -0.00015347988 0)
(0.0026212135 -0.0001411887 0)
(0.002600433 -0.00012986542 0)
(0.0025811537 -0.00011943132 0)
(0.0025632815 -0.00010981462 0)
(0.0025467264 -0.00010094981 0)
(0.0025314027 -9.2777097e-05 0)
(0.0025172287 -8.5241801e-05 0)
(0.0025041272 -7.8293905e-05 0)
(0.0024920252 -7.1887597e-05 0)
(0.0024808537 -6.598087e-05 0)
(0.002470548 -6.0535168e-05 0)
(0.0024610471 -5.5515065e-05 0)
(0.0024522938 -5.0887977e-05 0)
(0.0024442345 -4.6623911e-05 0)
(0.0024368189 -4.2695228e-05 0)
(0.0024300002 -3.9076441e-05 0)
(0.0024237344 -3.5744029e-05 0)
(0.0024179805 -3.2676269e-05 0)
(0.0024127003 -2.985309e-05 0)
(0.0024078582 -2.7255933e-05 0)
(0.0024034209 -2.4867631e-05 0)
(0.0023993576 -2.26723e-05 0)
(0.0023956394 -2.0655233e-05 0)
(0.0023922396 -1.8802816e-05 0)
(0.0023891334 -1.7102437e-05 0)
(0.0023862977 -1.5542416e-05 0)
(0.002383711 -1.4111932e-05 0)
(0.0023813534 -1.2800961e-05 0)
(0.0023792067 -1.1600217e-05 0)
(0.0023772536 -1.0501097e-05 0)
(0.0023754785 -9.4956329e-06 0)
(0.0023738666 -8.5764454e-06 0)
(0.0023724046 -7.7367014e-06 0)
(0.0023710798 -6.9700751e-06 0)
(0.0023698807 -6.2707118e-06 0)
(0.0023687968 -5.6331947e-06 0)
(0.0023678181 -5.0525129e-06 0)
(0.0023669356 -4.5240335e-06 0)
(0.002366141 -4.0434741e-06 0)
(0.0023654265 -3.6068779e-06 0)
(0.0023647851 -3.2105906e-06 0)
(0.0023642104 -2.851239e-06 0)
(0.0023636962 -2.5257101e-06 0)
(0.0023632371 -2.2311333e-06 0)
(0.0023628282 -1.964862e-06 0)
(0.0023624646 -1.7244581e-06 0)
(0.0023621423 -1.5076765e-06 0)
(0.0023618573 -1.3124508e-06 0)
(0.002361606 -1.1368803e-06 0)
(0.0023613853 -9.7921803e-07 0)
(0.0023611921 -8.3785878e-07 0)
(0.0023610238 -7.1132887e-07 0)
(0.0023608778 -5.9827611e-07 0)
(0.0023607519 -4.974606e-07 0)
(0.002360644 -4.0774618e-07 0)
(0.0023605523 -3.2809245e-07 0)
(0.002360475 -2.5754737e-07 0)
(0.0023604107 -1.9524039e-07 0)
(0.0023603578 -1.4037602e-07 0)
(0.0023603151 -9.2227942e-08 0)
(0.0023602816 -5.0133465e-08 0)
(0.002360256 -1.348845e-08 0)
(0.0023602375 1.8257439e-08 0)
(0.0023602252 4.5605114e-08 0)
(0.0023602183 6.9010125e-08 0)
(0.0023602162 8.888641e-08 0)
(0.0023602182 1.0560977e-07 0)
(0.0023602237 1.1952109e-07 0)
(0.0023602323 1.3092926e-07 0)
(0.0023602435 1.4011398e-07 0)
(0.0023602569 1.473282e-07 0)
(0.0023602721 1.5280052e-07 0)
(0.0023602887 1.5673727e-07 0)
(0.0023603066 1.5932451e-07 0)
(0.0023603255 1.6072984e-07 0)
(0.0023603451 1.6110404e-07 0)
(0.0023603652 1.6058261e-07 0)
(0.0023603856 1.5928719e-07 0)
(0.0023604063 1.5732681e-07 0)
(0.002360427 1.5479906e-07 0)
(0.0023604477 1.5179121e-07 0)
(0.0023604682 1.4838113e-07 0)
(0.0023604884 1.4463825e-07 0)
(0.0023605084 1.406243e-07 0)
(0.0023605279 1.3639413e-07 0)
(0.002360547 1.3199634e-07 0)
(0.0023605657 1.2747392e-07 0)
(0.0023605838 1.2286479e-07 0)
(0.0023606013 1.1820231e-07 0)
(0.0023606183 1.1351578e-07 0)
(0.0023606347 1.0883078e-07 0)
(0.0023606505 1.0416963e-07 0)
(0.0023606657 9.9551672e-08 0)
(0.0023606803 9.4993607e-08 0)
(0.0023606943 9.0509763e-08 0)
(0.0023607077 8.6112345e-08 0)
(0.0023607204 8.1811666e-08 0)
(0.0023607326 7.7616343e-08 0)
(0.0023607441 7.3533486e-08 0)
(0.0023607551 6.9568855e-08 0)
(0.0023607656 6.5727016e-08 0)
(0.0023607754 6.2011462e-08 0)
(0.0023607848 5.8424742e-08 0)
(0.0023607936 5.4968562e-08 0)
(0.0023608019 5.1643879e-08 0)
(0.0023608098 4.845099e-08 0)
(0.0023608172 4.5389608e-08 0)
(0.0023608241 4.245893e-08 0)
(0.0023608306 3.9657696e-08 0)
(0.0023608366 3.698425e-08 0)
(0.0023608423 3.4436586e-08 0)
(0.0023608476 3.2012395e-08 0)
(0.0023608525 2.9709101e-08 0)
(0.0023608571 2.7523904e-08 0)
(0.0023608613 2.5453805e-08 0)
(0.0023608653 2.3495644e-08 0)
(0.0023608689 2.1646119e-08 0)
(0.0023608723 1.9901814e-08 0)
(0.0023608754 1.8259223e-08 0)
(0.0023608782 1.6714763e-08 0)
(0.0023608808 1.5264799e-08 0)
(0.0023608832 1.3905655e-08 0)
(0.0023608854 1.2633632e-08 0)
(0.0023608874 1.1445018e-08 0)
(0.0023608892 1.0336104e-08 0)
(0.0023608908 9.3031896e-09 0)
(0.0023608923 8.3425957e-09 0)
(0.0023608936 7.4506722e-09 0)
(0.0023608948 6.6238043e-09 0)
(0.0023608958 5.85842e-09 0)
(0.0023608967 5.1509949e-09 0)
(0.0023608976 4.498057e-09 0)
(0.0023608983 3.8961907e-09 0)
(0.0023608989 3.3420401e-09 0)
(0.0023608994 2.8323114e-09 0)
(0.0023608999 2.3637756e-09 0)
(0.0023609003 1.9332698e-09 0)
(0.0023609006 1.5376993e-09 0)
(0.0023609008 1.1740391e-09 0)
(0.002360901 8.3933583e-10 0)
(0.0023609012 5.3070944e-10 0)
(0.0023609013 2.4535678e-10 0)
(0.0023609013 -1.9445143e-11 0)
(0.0023609013 -2.6633353e-10 0)
(0.0023609013 -4.9785326e-10 0)
(0.0023609012 -7.1644732e-10 0)
(0.0023609011 -9.2444535e-10 0)
(0.0023609009 -1.1240482e-09 0)
(0.0023609007 -1.3173093e-09 0)
(0.0023609005 -1.5061113e-09 0)
(0.0023609003 -1.6921383e-09 0)
(0.0023609 -1.8768418e-09 0)
(0.0023608997 -2.0614031e-09 0)
(0.0023608994 -2.2466877e-09 0)
(0.002360899 -2.4331967e-09 0)
(0.0023608987 -2.6210124e-09 0)
(0.0023608982 -2.8097416e-09 0)
(0.0023608978 -2.9984574e-09 0)
(0.0023608973 -3.1856437e-09 0)
(0.0023608968 -3.3691452e-09 0)
(0.0023608963 -3.5461281e-09 0)
(0.0023608957 -3.7130562e-09 0)
(0.0023608951 -3.8656928e-09 0)
(0.0023608945 -3.9991442e-09 0)
(0.0023608939 -4.1079671e-09 0)
(0.0023608933 -4.185911e-09 0)
(0.0023608924 -4.2306413e-09 0)
(0.0032325026 -0.00017104144 0)
(0.003280475 -0.0004686771 0)
(0.0033559419 -0.00070455658 0)
(0.0034381858 -0.00087263547 0)
(0.0035105285 -0.00097737638 0)
(0.0035637867 -0.0010288223 0)
(0.0035941553 -0.0010389538 0)
(0.0036017241 -0.0010193041 0)
(0.0035889521 -0.00097971118 0)
(0.0035593954 -0.00092791366 0)
(0.0035168559 -0.00086963988 0)
(0.00346489 -0.00080891897 0)
(0.0034065741 -0.00074845077 0)
(0.0033444329 -0.00068994977 0)
(0.0032804585 -0.00063442941 0)
(0.0032161723 -0.00058242152 0)
(0.0031527023 -0.00053413767 0)
(0.0030908589 -0.00048958401 0)
(0.0030312033 -0.00044864071 0)
(0.0029741046 -0.00041111571 0)
(0.0029197863 -0.00037678024 0)
(0.0028683633 -0.0003453917 0)
(0.002819871 -0.000316708 0)
(0.002774287 -0.00029049606 0)
(0.0027315481 -0.00026653663 0)
(0.0026915631 -0.00024462652 0)
(0.002654222 -0.00022457936 0)
(0.0026194037 -0.0002062254 0)
(0.0025869804 -0.00018941071 0)
(0.002556822 -0.00017399613 0)
(0.0025287989 -0.00015985606 0)
(0.0025027834 -0.0001468772 0)
(0.0024786515 -0.00013495742 0)
(0.0024562837 -0.00012400457 0)
(0.0024355658 -0.00011393546 0)
(0.0024163887 -0.00010467491 0)
(0.0023986491 -9.6154903e-05 0)
(0.0023822493 -8.8313798e-05 0)
(0.002367097 -8.1095674e-05 0)
(0.0023531055 -7.4449712e-05 0)
(0.0023401934 -6.8329657e-05 0)
(0.0023282841 -6.2693352e-05 0)
(0.0023173061 -5.7502313e-05 0)
(0.0023071923 -5.272136e-05 0)
(0.0022978801 -4.831829e-05 0)
(0.002289311 -4.4263587e-05 0)
(0.0022814302 -4.0530163e-05 0)
(0.002274187 -3.7093133e-05 0)
(0.0022675338 -3.3929609e-05 0)
(0.0022614263 -3.101852e-05 0)
(0.0022558234 -2.8340451e-05 0)
(0.0022506867 -2.5877501e-05 0)
(0.0022459807 -2.3613148e-05 0)
(0.0022416721 -2.1532138e-05 0)
(0.0022377301 -1.962038e-05 0)
(0.0022341263 -1.7864847e-05 0)
(0.0022308341 -1.6253495e-05 0)
(0.0022278288 -1.4775186e-05 0)
(0.0022250876 -1.3419612e-05 0)
(0.0022225895 -1.2177238e-05 0)
(0.0022203147 -1.1039238e-05 0)
(0.0022182453 -9.9974455e-06 0)
(0.0022163643 -9.0443003e-06 0)
(0.0022146563 -8.172807e-06 0)
(0.0022131069 -7.3764919e-06 0)
(0.002211703 -6.6493651e-06 0)
(0.0022104321 -5.9858854e-06 0)
(0.0022092831 -5.3809279e-06 0)
(0.0022082456 -4.8297534e-06 0)
(0.0022073099 -4.3279813e-06 0)
(0.0022064673 -3.8715632e-06 0)
(0.0022057094 -3.4567592e-06 0)
(0.002205029 -3.0801158e-06 0)
(0.0022044191 -2.7384451e-06 0)
(0.0022038733 -2.4288055e-06 0)
(0.0022033858 -2.1484842e-06 0)
(0.0022029514 -1.8949803e-06 0)
(0.0022025651 -1.6659896e-06 0)
(0.0022022224 -1.4593898e-06 0)
(0.0022019192 -1.2732279e-06 0)
(0.0022016518 -1.1057069e-06 0)
(0.0022014167 -9.5517499e-07 0)
(0.0022012107 -8.2011403e-07 0)
(0.0022010311 -6.9913012e-07 0)
(0.0022008751 -5.9094393e-07 0)
(0.0022007405 -4.9438216e-07 0)
(0.0022006249 -4.0836938e-07 0)
(0.0022005265 -3.3192059e-07 0)
(0.0022004434 -2.6413418e-07 0)
(0.002200374 -2.0418551e-07 0)
(0.0022003168 -1.5132084e-07 0)
(0.0022002704 -1.0485173e-07 0)
(0.0022002337 -6.4149928e-08 0)
(0.0022002054 -2.8642469e-08 0)
(0.0022001847 2.1927266e-09 0)
(0.0022001706 2.8831003e-08 0)
(0.0022001622 5.1704793e-08 0)
(0.0022001589 7.1207158e-08 0)
(0.00220016 8.7695065e-08 0)
(0.0022001649 1.0149241e-07 0)
(0.0022001731 1.128928e-07 0)
(0.002200184 1.2216216e-07 0)
(0.0022001972 1.2954111e-07 0)
(0.0022002124 1.3524713e-07 0)
(0.0022002292 1.3947661e-07 0)
(0.0022002474 1.4240669e-07 0)
(0.0022002666 1.4419701e-07 0)
(0.0022002865 1.4499122e-07 0)
(0.0022003071 1.4491849e-07 0)
(0.0022003281 1.4409477e-07 0)
(0.0022003493 1.4262407e-07 0)
(0.0022003706 1.4059951e-07 0)
(0.0022003919 1.381044e-07 0)
(0.002200413 1.3521311e-07 0)
(0.0022004339 1.3199196e-07 0)
(0.0022004545 1.2849998e-07 0)
(0.0022004748 1.2478961e-07 0)
(0.0022004945 1.2090737e-07 0)
(0.0022005138 1.1689443e-07 0)
(0.0022005326 1.1278712e-07 0)
(0.0022005508 1.0861745e-07 0)
(0.0022005685 1.0441354e-07 0)
(0.0022005855 1.0019998e-07 0)
(0.0022006019 9.5998264e-08 0)
(0.0022006177 9.1827031e-08 0)
(0.0022006329 8.7702416e-08 0)
(0.0022006474 8.3638295e-08 0)
(0.0022006614 7.9646522e-08 0)
(0.0022006747 7.5737151e-08 0)
(0.0022006873 7.1918626e-08 0)
(0.0022006994 6.8197953e-08 0)
(0.0022007109 6.458086e-08 0)
(0.0022007218 6.1071937e-08 0)
(0.0022007321 5.7674759e-08 0)
(0.0022007419 5.4392001e-08 0)
(0.0022007512 5.122554e-08 0)
(0.0022007599 4.8176544e-08 0)
(0.0022007681 4.5245554e-08 0)
(0.0022007759 4.2432556e-08 0)
(0.0022007831 3.9737048e-08 0)
(0.00220079 3.7158097e-08 0)
(0.0022007964 3.469439e-08 0)
(0.0022008023 3.2344285e-08 0)
(0.0022008079 3.0105849e-08 0)
(0.0022008131 2.7976901e-08 0)
(0.002200818 2.5955038e-08 0)
(0.0022008225 2.4037675e-08 0)
(0.0022008267 2.2222066e-08 0)
(0.0022008305 2.050533e-08 0)
(0.0022008341 1.8884478e-08 0)
(0.0022008374 1.7356427e-08 0)
(0.0022008404 1.5918021e-08 0)
(0.0022008432 1.4566051e-08 0)
(0.0022008458 1.3297265e-08 0)
(0.0022008481 1.2108382e-08 0)
(0.0022008502 1.0996107e-08 0)
(0.0022008522 9.9571413e-09 0)
(0.0022008539 8.9881906e-09 0)
(0.0022008555 8.0859751e-09 0)
(0.0022008569 7.2472366e-09 0)
(0.0022008582 6.4687462e-09 0)
(0.0022008594 5.7473098e-09 0)
(0.0022008604 5.0797731e-09 0)
(0.0022008613 4.4630267e-09 0)
(0.0022008621 3.8940093e-09 0)
(0.0022008628 3.3697109e-09 0)
(0.0022008634 2.887176e-09 0)
(0.0022008639 2.4435045e-09 0)
(0.0022008644 2.0358547e-09 0)
(0.0022008647 1.6614435e-09 0)
(0.002200865 1.3175486e-09 0)
(0.0022008653 1.0015091e-09 0)
(0.0022008655 7.1072733e-10 0)
(0.0022008656 4.4267017e-10 0)
(0.0022008657 1.9487199e-10 0)
(0.0022008657 -3.5062375e-11 0)
(0.0022008657 -2.4945273e-10 0)
(0.0022008657 -4.5053756e-10 0)
(0.0022008656 -6.404654e-10 0)
(0.0022008655 -8.2128436e-10 0)
(0.0022008653 -9.9492802e-10 0)
(0.0022008651 -1.1631984e-09 0)
(0.0022008649 -1.3277443e-09 0)
(0.0022008647 -1.4900363e-09 0)
(0.0022008644 -1.6513356e-09 0)
(0.0022008641 -1.8126597e-09 0)
(0.0022008638 -1.9747418e-09 0)
(0.0022008634 -2.137988e-09 0)
(0.0022008631 -2.3024299e-09 0)
(0.0022008627 -2.4676776e-09 0)
(0.0022008622 -2.6328739e-09 0)
(0.0022008617 -2.7966546e-09 0)
(0.0022008612 -2.9571193e-09 0)
(0.0022008607 -3.1118187e-09 0)
(0.0022008602 -3.2577631e-09 0)
(0.0022008596 -3.3914684e-09 0)
(0.002200859 -3.5090356e-09 0)
(0.0022008583 -3.6062462e-09 0)
(0.0022008578 -3.678339e-09 0)
(0.0022008569 -3.7278979e-09 0)
(0.0032339418 -0.00019450566 0)
(0.0032913216 -0.00052245064 0)
(0.0033761506 -0.00077020158 0)
(0.003462272 -0.00093447981 0)
(0.0035306572 -0.0010251362 0)
(0.0035727688 -0.0010575805 0)
(0.0035867925 -0.0010478958 0)
(0.0035751001 -0.0010101866 0)
(0.0035421368 -0.0009555626 0)
(0.0034929173 -0.00089213061 0)
(0.003432169 -0.00082545252 0)
(0.0033639385 -0.00075913081 0)
(0.0032914797 -0.00069535357 0)
(0.0032172919 -0.00063533639 0)
(0.0031432239 -0.00057965309 0)
(0.0030705956 -0.00052847052 0)
(0.0030003136 -0.00048170912 0)
(0.0029329699 -0.00043914921 0)
(0.002868923 -0.00040049963 0)
(0.0028083606 -0.00036544059 0)
(0.0027513481 -0.00033364973 0)
(0.002697865 -0.00030481703 0)
(0.0026478317 -0.00027865274 0)
(0.0026011295 -0.000254891 0)
(0.0025576147 -0.00023329071 0)
(0.0025171294 -0.00021363497 0)
(0.0024795086 -0.00019572957 0)
(0.0024445854 -0.00017940121 0)
(0.0024121949 -0.00016449541 0)
(0.0023821763 -0.00015087463 0)
(0.0023543748 -0.00013841632 0)
(0.0023286424 -0.00012701125 0)
(0.0023048385 -0.00011656193 0)
(0.0022828301 -0.00010698123 0)
(0.002262492 -9.8191117e-05 0)
(0.0022437067 -9.0121633e-05 0)
(0.0022263636 -8.2709888e-05 0)
(0.0022103597 -7.5899259e-05 0)
(0.0021955984 -6.9638655e-05 0)
(0.0021819897 -6.388189e-05 0)
(0.0021694496 -5.8587127e-05 0)
(0.0021578996 -5.3716397e-05 0)
(0.002147267 -4.9235182e-05 0)
(0.0021374837 -4.511204e-05 0)
(0.0021284865 -4.1318291e-05 0)
(0.0021202168 -3.7827725e-05 0)
(0.0021126197 -3.4616362e-05 0)
(0.0021056445 -3.1662228e-05 0)
(0.0020992441 -2.8945162e-05 0)
(0.0020933744 -2.6446646e-05 0)
(0.0020879949 -2.4149654e-05 0)
(0.0020830676 -2.2038514e-05 0)
(0.0020785575 -2.0098793e-05 0)
(0.0020744322 -1.8317183e-05 0)
(0.0020706613 -1.6681411e-05 0)
(0.0020672169 -1.5180146e-05 0)
(0.0020640731 -1.3802929e-05 0)
(0.0020612059 -1.2540093e-05 0)
(0.002058593 -1.138271e-05 0)
(0.002056214 -1.0322522e-05 0)
(0.0020540497 -9.3519001e-06 0)
(0.0020520825 -8.4637855e-06 0)
(0.0020502962 -7.6516532e-06 0)
(0.0020486757 -6.9094692e-06 0)
(0.0020472073 -6.2316537e-06 0)
(0.002045878 -5.613048e-06 0)
(0.002044676 -5.0488827e-06 0)
(0.0020435905 -4.5347497e-06 0)
(0.0020426115 -4.0665754e-06 0)
(0.0020417296 -3.6405963e-06 0)
(0.0020409364 -3.2533364e-06 0)
(0.002040224 -2.9015865e-06 0)
(0.0020395853 -2.5823844e-06 0)
(0.0020390136 -2.2929971e-06 0)
(0.0020385029 -2.0309043e-06 0)
(0.0020380475 -1.7937825e-06 0)
(0.0020376424 -1.5794909e-06 0)
(0.0020372829 -1.3860578e-06 0)
(0.0020369647 -1.2116682e-06 0)
(0.0020366839 -1.0546525e-06 0)
(0.0020364369 -9.1347505e-07 0)
(0.0020362203 -7.8672493e-07 0)
(0.0020360313 -6.7310612e-07 0)
(0.002035867 -5.7142898e-07 0)
(0.0020357249 -4.8060225e-07 0)
(0.0020356029 -3.9962549e-07 0)
(0.0020354987 -3.2758214e-07 0)
(0.0020354106 -2.6363307e-07 0)
(0.0020353369 -2.0701056e-07 0)
(0.0020352758 -1.5701273e-07 0)
(0.0020352262 -1.1299835e-07 0)
(0.0020351866 -7.4382052e-08 0)
(0.002035156 -4.0629851e-08 0)
(0.0020351332 -1.1255038e-08 0)
(0.0020351173 1.4185662e-08 0)
(0.0020351075 3.6095628e-08 0)
(0.0020351031 5.4841627e-08 0)
(0.0020351032 7.0756846e-08 0)
(0.0020351073 8.4143702e-08 0)
(0.0020351148 9.5276429e-08 0)
(0.0020351253 1.0440347e-07 0)
(0.0020351383 1.1174971e-07 0)
(0.0020351533 1.1751846e-07 0)
(0.0020351701 1.2189338e-07 0)
(0.0020351882 1.2504021e-07 0)
(0.0020352075 1.2710832e-07 0)
(0.0020352276 1.2823219e-07 0)
(0.0020352484 1.2853279e-07 0)
(0.0020352696 1.2811873e-07 0)
(0.0020352911 1.2708749e-07 0)
(0.0020353128 1.2552636e-07 0)
(0.0020353344 1.2351347e-07 0)
(0.0020353559 1.2111858e-07 0)
(0.0020353772 1.1840395e-07 0)
(0.0020353982 1.1542499e-07 0)
(0.0020354189 1.12231e-07 0)
(0.0020354391 1.0886567e-07 0)
(0.0020354588 1.0536773e-07 0)
(0.002035478 1.0177138e-07 0)
(0.0020354966 9.810676e-08 0)
(0.0020355147 9.4400367e-08 0)
(0.0020355321 9.0675422e-08 0)
(0.002035549 8.6952207e-08 0)
(0.0020355652 8.3248369e-08 0)
(0.0020355808 7.9579192e-08 0)
(0.0020355957 7.5957853e-08 0)
(0.00203561 7.2395636e-08 0)
(0.0020356237 6.8902143e-08 0)
(0.0020356368 6.5485468e-08 0)
(0.0020356492 6.2152366e-08 0)
(0.002035661 5.8908395e-08 0)
(0.0020356723 5.575805e-08 0)
(0.0020356829 5.2704881e-08 0)
(0.002035693 4.9751599e-08 0)
(0.0020357026 4.6900167e-08 0)
(0.0020357116 4.4151891e-08 0)
(0.0020357201 4.1507493e-08 0)
(0.0020357282 3.8967176e-08 0)
(0.0020357357 3.6530689e-08 0)
(0.0020357428 3.4197382e-08 0)
(0.0020357494 3.1966249e-08 0)
(0.0020357556 2.9835979e-08 0)
(0.0020357615 2.780499e-08 0)
(0.0020357669 2.5871464e-08 0)
(0.0020357719 2.4033384e-08 0)
(0.0020357766 2.2288554e-08 0)
(0.002035781 2.0634632e-08 0)
(0.002035785 1.9069149e-08 0)
(0.0020357888 1.7589528e-08 0)
(0.0020357922 1.6193108e-08 0)
(0.0020357954 1.4877156e-08 0)
(0.0020357984 1.3638884e-08 0)
(0.0020358011 1.2475463e-08 0)
(0.0020358035 1.1384034e-08 0)
(0.0020358058 1.036172e-08 0)
(0.0020358078 9.4056365e-09 0)
(0.0020358097 8.5128998e-09 0)
(0.0020358114 7.6806351e-09 0)
(0.0020358129 6.9059837e-09 0)
(0.0020358143 6.1861096e-09 0)
(0.0020358155 5.5182048e-09 0)
(0.0020358166 4.8994942e-09 0)
(0.0020358176 4.32724e-09 0)
(0.0020358185 3.798745e-09 0)
(0.0020358193 3.3113556e-09 0)
(0.0020358199 2.8624642e-09 0)
(0.0020358205 2.4495113e-09 0)
(0.002035821 2.0699872e-09 0)
(0.0020358214 1.7214326e-09 0)
(0.0020358218 1.4014402e-09 0)
(0.002035822 1.1076552e-09 0)
(0.0020358223 8.3777651e-10 0)
(0.0020358224 5.8955742e-10 0)
(0.0020358226 3.6080731e-10 0)
(0.0020358226 1.4939345e-10 0)
(0.0020358227 -4.6755913e-11 0)
(0.0020358227 -2.2964777e-10 0)
(0.0020358226 -4.012186e-10 0)
(0.0020358225 -5.6332721e-10 0)
(0.0020358224 -7.1774478e-10 0)
(0.0020358223 -8.6614273e-10 0)
(0.0020358221 -1.0100768e-09 0)
(0.0020358219 -1.1509683e-09 0)
(0.0020358217 -1.2900804e-09 0)
(0.0020358214 -1.4284914e-09 0)
(0.0020358211 -1.567063e-09 0)
(0.0020358208 -1.7064051e-09 0)
(0.0020358204 -1.8468379e-09 0)
(0.0020358201 -1.9883522e-09 0)
(0.0020358197 -2.1305707e-09 0)
(0.0020358192 -2.2727141e-09 0)
(0.0020358188 -2.4135762e-09 0)
(0.0020358183 -2.5515145e-09 0)
(0.0020358178 -2.6844616e-09 0)
(0.0020358172 -2.8099675e-09 0)
(0.0020358167 -2.925286e-09 0)
(0.0020358161 -3.0274911e-09 0)
(0.0020358155 -3.113557e-09 0)
(0.0020358149 -3.1801523e-09 0)
(0.002035814 -3.2346003e-09 0)
(0.0032360875 -0.00022333328 0)
(0.0033055179 -0.00058455215 0)
(0.0034000855 -0.00084094346 0)
(0.0034872979 -0.00099504826 0)
(0.0035465022 -0.0010649944 0)
(0.0035712803 -0.0010732895 0)
(0.003563084 -0.0010407052 0)
(0.0035273321 -0.00098377209 0)
(0.003470746 -0.00091440653 0)
(0.0033997666 -0.00084056694 0)
(0.0033198472 -0.00076721289 0)
(0.0032352684 -0.00069720402 0)
(0.0031492134 -0.00063201254 0)
(0.0030639452 -0.00057223817 0)
(0.0029810043 -0.00051795869 0)
(0.0029013869 -0.00046895826 0)
(0.0028256916 -0.00042487099 0)
(0.0027542343 -0.00038526814 0)
(0.0026871332 -0.00034970898 0)
(0.0026243727 -0.00031776898 0)
(0.0025658484 -0.00028905405 0)
(0.0025113992 -0.00026320652 0)
(0.0024608307 -0.00023990634 0)
(0.0024139305 -0.00021886963 0)
(0.0023704789 -0.00019984599 0)
(0.0023302567 -0.00018261523 0)
(0.0022930494 -0.00016698399 0)
(0.0022586505 -0.00015278254 0)
(0.0022268632 -0.00013986177 0)
(0.0021975015 -0.00012809055 0)
(0.0021703904 -0.0001173534 0)
(0.0021453661 -0.00010754834 0)
(0.0021222754 -9.8585218e-05 0)
(0.0021009759 -9.0384058e-05 0)
(0.0020813348 -8.2873795e-05 0)
(0.0020632289 -7.5991102e-05 0)
(0.0020465436 -6.967941e-05 0)
(0.0020311729 -6.3888061e-05 0)
(0.0020170181 -5.8571576e-05 0)
(0.002003988 -5.3689031e-05 0)
(0.0019919978 -4.9203514e-05 0)
(0.0019809689 -4.5081655e-05 0)
(0.0019708287 -4.1293225e-05 0)
(0.0019615096 -3.7810783e-05 0)
(0.0019529491 -3.4609372e-05 0)
(0.0019450892 -3.1666252e-05 0)
(0.0019378763 -2.8960668e-05 0)
(0.0019312606 -2.647365e-05 0)
(0.0019251959 -2.4187832e-05 0)
(0.0019196395 -2.2087294e-05 0)
(0.0019145518 -2.0157427e-05 0)
(0.0019098962 -1.8384811e-05 0)
(0.0019056386 -1.6757103e-05 0)
(0.0019017477 -1.5262941e-05 0)
(0.0018981942 -1.3891862e-05 0)
(0.0018949514 -1.2634218e-05 0)
(0.0018919942 -1.1481113e-05 0)
(0.0018892996 -1.0424339e-05 0)
(0.0018868463 -9.4563155e-06 0)
(0.0018846145 -8.5700461e-06 0)
(0.0018825861 -7.7590667e-06 0)
(0.0018807442 -7.0174058e-06 0)
(0.0018790733 -6.3395459e-06 0)
(0.001877559 -5.7203892e-06 0)
(0.0018761882 -5.1552251e-06 0)
(0.0018749486 -4.639701e-06 0)
(0.0018738291 -4.169796e-06 0)
(0.0018728191 -3.7417957e-06 0)
(0.0018719093 -3.3522698e-06 0)
(0.0018710909 -2.9980508e-06 0)
(0.0018703557 -2.6762149e-06 0)
(0.0018696964 -2.3840639e-06 0)
(0.0018691061 -2.1191087e-06 0)
(0.0018685787 -1.8790541e-06 0)
(0.0018681083 -1.6617841e-06 0)
(0.0018676896 -1.4653493e-06 0)
(0.001867318 -1.2879541e-06 0)
(0.0018669889 -1.1279456e-06 0)
(0.0018666982 -9.8380307e-07 0)
(0.0018664424 -8.5412791e-07 0)
(0.001866218 -7.3763469e-07 0)
(0.001866022 -6.331426e-07 0)
(0.0018658515 -5.395676e-07 0)
(0.0018657039 -4.5591506e-07 0)
(0.0018655769 -3.8127299e-07 0)
(0.0018654684 -3.1480569e-07 0)
(0.0018653764 -2.5574786e-07 0)
(0.0018652992 -2.0339919e-07 0)
(0.0018652352 -1.5711927e-07 0)
(0.0018651829 -1.1632285e-07 0)
(0.001865141 -8.0475556e-08 0)
(0.0018651083 -4.908978e-08 0)
(0.0018650838 -2.1720954e-08 0)
(0.0018650664 2.0359246e-09 0)
(0.0018650553 2.2549519e-08 0)
(0.0018650497 4.0155126e-08 0)
(0.0018650489 5.5157441e-08 0)
(0.0018650522 6.7833097e-08 0)
(0.001865059 7.8433028e-08 0)
(0.0018650689 8.7184643e-08 0)
(0.0018650814 9.429383e-08 0)
(0.001865096 9.9946816e-08 0)
(0.0018651125 1.0431187e-07 0)
(0.0018651304 1.0754086e-07 0)
(0.0018651495 1.0977074e-07 0)
(0.0018651695 1.1112485e-07 0)
(0.0018651902 1.1171412e-07 0)
(0.0018652114 1.1163826e-07 0)
(0.0018652329 1.1098672e-07 0)
(0.0018652546 1.0983967e-07 0)
(0.0018652763 1.0826887e-07 0)
(0.0018652979 1.0633843e-07 0)
(0.0018653193 1.0410559e-07 0)
(0.0018653404 1.016213e-07 0)
(0.0018653612 9.8930914e-08 0)
(0.0018653816 9.6074658e-08 0)
(0.0018654014 9.3088188e-08 0)
(0.0018654208 9.0003019e-08 0)
(0.0018654396 8.6846947e-08 0)
(0.0018654579 8.364442e-08 0)
(0.0018654755 8.0416885e-08 0)
(0.0018654925 7.7183089e-08 0)
(0.0018655089 7.3959365e-08 0)
(0.0018655247 7.0759882e-08 0)
(0.0018655398 6.7596873e-08 0)
(0.0018655543 6.4480839e-08 0)
(0.0018655682 6.1420738e-08 0)
(0.0018655814 5.8424146e-08 0)
(0.0018655941 5.5497415e-08 0)
(0.0018656061 5.2645799e-08 0)
(0.0018656175 4.9873583e-08 0)
(0.0018656284 4.7184184e-08 0)
(0.0018656387 4.4580254e-08 0)
(0.0018656484 4.2063762e-08 0)
(0.0018656576 3.9636078e-08 0)
(0.0018656663 3.7298035e-08 0)
(0.0018656745 3.5049998e-08 0)
(0.0018656822 3.2891914e-08 0)
(0.0018656894 3.082337e-08 0)
(0.0018656962 2.8843625e-08 0)
(0.0018657026 2.6951662e-08 0)
(0.0018657085 2.5146216e-08 0)
(0.0018657141 2.342581e-08 0)
(0.0018657193 2.1788779e-08 0)
(0.0018657241 2.0233301e-08 0)
(0.0018657286 1.8757415e-08 0)
(0.0018657328 1.7359045e-08 0)
(0.0018657367 1.6036017e-08 0)
(0.0018657402 1.4786077e-08 0)
(0.0018657435 1.3606902e-08 0)
(0.0018657466 1.249612e-08 0)
(0.0018657494 1.1451317e-08 0)
(0.0018657519 1.047005e-08 0)
(0.0018657543 9.5498559e-09 0)
(0.0018657564 8.6882633e-09 0)
(0.0018657584 7.8827958e-09 0)
(0.0018657601 7.1309846e-09 0)
(0.0018657618 6.4303695e-09 0)
(0.0018657632 5.7785101e-09 0)
(0.0018657645 5.1729851e-09 0)
(0.0018657657 4.6114027e-09 0)
(0.0018657667 4.0913986e-09 0)
(0.0018657677 3.6106447e-09 0)
(0.0018657685 3.1668465e-09 0)
(0.0018657692 2.7577508e-09 0)
(0.0018657698 2.3811421e-09 0)
(0.0018657704 2.0348495e-09 0)
(0.0018657708 1.7167421e-09 0)
(0.0018657712 1.4247357e-09 0)
(0.0018657716 1.1567875e-09 0)
(0.0018657718 9.109025e-10 0)
(0.001865772 6.8512841e-10 0)
(0.0018657722 4.7756193e-10 0)
(0.0018657723 2.8634429e-10 0)
(0.0018657724 1.096684e-10 0)
(0.0018657724 -5.4224271e-11 0)
(0.0018657724 -2.0703481e-10 0)
(0.0018657723 -3.5040751e-10 0)
(0.0018657722 -4.8591808e-10 0)
(0.0018657721 -6.1507042e-10 0)
(0.001865772 -7.3928045e-10 0)
(0.0018657718 -8.5986744e-10 0)
(0.0018657716 -9.7803197e-10 0)
(0.0018657714 -1.0948404e-09 0)
(0.0018657711 -1.2111957e-09 0)
(0.0018657709 -1.327815e-09 0)
(0.0018657705 -1.4451936e-09 0)
(0.0018657702 -1.5635772e-09 0)
(0.0018657698 -1.6829242e-09 0)
(0.0018657695 -1.8028797e-09 0)
(0.001865769 -1.9227473e-09 0)
(0.0018657686 -2.0414823e-09 0)
(0.0018657681 -2.157695e-09 0)
(0.0018657676 -2.2696913e-09 0)
(0.0018657671 -2.3755402e-09 0)
(0.0018657666 -2.473208e-09 0)
(0.001865766 -2.5607051e-09 0)
(0.0018657654 -2.63615e-09 0)
(0.0018657649 -2.6976058e-09 0)
(0.001865764 -2.756898e-09 0)
(0.003239365 -0.00025941803 0)
(0.0033242349 -0.00065622501 0)
(0.0034277295 -0.00091531951 0)
(0.0035108123 -0.0010503288 0)
(0.0035530563 -0.0010916177 0)
(0.0035524454 -0.0010705894 0)
(0.0035152449 -0.0010128682 0)
(0.00345058 -0.00093677839 0)
(0.0033674775 -0.00085421843 0)
(0.0032735068 -0.00077228493 0)
(0.0031744414 -0.0006948263 0)
(0.0030744061 -0.00062364418 0)
(0.0029761904 -0.00055932641 0)
(0.0028815782 -0.00050178573 0)
(0.0027916297 -0.00045059107 0)
(0.0027069027 -0.00040516236 0)
(0.0026276163 -0.00036488015 0)
(0.0025537675 -0.00032914372 0)
(0.0024852129 -0.00029739891 0)
(0.0024217248 -0.00026914909 0)
(0.0023630288 -0.00024395674 0)
(0.0023088285 -0.00022144035 0)
(0.0022588223 -0.00020126928 0)
(0.002212713 -0.00018315782 0)
(0.0021702146 -0.00016685937 0)
(0.0021310558 -0.00015216106 0)
(0.0020949814 -0.00013887891 0)
(0.0020617536 -0.00012685364 0)
(0.0020311512 -0.00011594703 0)
(0.0020029698 -0.00010603881 0)
(0.0019770204 -9.7024047e-05 0)
(0.0019531287 -8.881093e-05 0)
(0.0019311341 -8.1318857e-05 0)
(0.0019108888 -7.4476863e-05 0)
(0.0018922565 -6.8222272e-05 0)
(0.0018751117 -6.249956e-05 0)
(0.001859339 -5.7259389e-05 0)
(0.0018448318 -5.245779e-05 0)
(0.001831492 -4.8055467e-05 0)
(0.0018192291 -4.4017201e-05 0)
(0.0018079598 -4.0311349e-05 0)
(0.0017976069 -3.6909401e-05 0)
(0.0017880994 -3.3785616e-05 0)
(0.0017793717 -3.0916695e-05 0)
(0.0017713632 -2.8281507e-05 0)
(0.0017640178 -2.5860846e-05 0)
(0.0017572838 -2.3637225e-05 0)
(0.0017511134 -2.1594695e-05 0)
(0.0017454623 -1.9718685e-05 0)
(0.0017402897 -1.7995864e-05 0)
(0.0017355577 -1.6414018e-05 0)
(0.0017312316 -1.4961945e-05 0)
(0.0017272788 -1.3629359e-05 0)
(0.0017236697 -1.2406804e-05 0)
(0.0017203766 -1.1285582e-05 0)
(0.001717374 -1.0257684e-05 0)
(0.0017146384 -9.3157349e-06 0)
(0.0017121479 -8.4529325e-06 0)
(0.0017098825 -7.6630058e-06 0)
(0.0017078236 -6.9401688e-06 0)
(0.0017059541 -6.2790819e-06 0)
(0.0017042582 -5.6748159e-06 0)
(0.0017027213 -5.1228204e-06 0)
(0.0017013299 -4.6188934e-06 0)
(0.0017000716 -4.1591553e-06 0)
(0.0016989351 -3.7400235e-06 0)
(0.0016979098 -3.3581903e-06 0)
(0.0016969861 -3.0106024e-06 0)
(0.001696155 -2.694441e-06 0)
(0.0016954083 -2.4071052e-06 0)
(0.0016947386 -2.1461952e-06 0)
(0.0016941389 -1.9094976e-06 0)
(0.0016936028 -1.6949717e-06 0)
(0.0016931246 -1.5007363e-06 0)
(0.0016926989 -1.3250583e-06 0)
(0.0016923209 -1.1663414e-06 0)
(0.001691986 -1.0231163e-06 0)
(0.0016916901 -8.9403086e-07 0)
(0.0016914295 -7.7784167e-07 0)
(0.0016912008 -6.734057e-07 0)
(0.0016910009 -5.7967286e-07 0)
(0.0016908268 -4.9567898e-07 0)
(0.001690676 -4.2053928e-07 0)
(0.0016905461 -3.5344234e-07 0)
(0.0016904349 -2.9364448e-07 0)
(0.0016903406 -2.4046456e-07 0)
(0.0016902612 -1.932791e-07 0)
(0.0016901952 -1.5151784e-07 0)
(0.0016901411 -1.1465953e-07 0)
(0.0016900976 -8.2228097e-08 0)
(0.0016900635 -5.3789018e-08 0)
(0.0016900376 -2.894603e-08 0)
(0.001690019 -7.3380344e-09 0)
(0.0016900068 1.1363757e-08 0)
(0.0016900002 2.745846e-08 0)
(0.0016899984 4.1217968e-08 0)
(0.0016900009 5.2889204e-08 0)
(0.0016900069 6.2696219e-08 0)
(0.0016900161 7.0842118e-08 0)
(0.001690028 7.7510843e-08 0)
(0.001690042 8.2868815e-08 0)
(0.001690058 8.7066453e-08 0)
(0.0016900754 9.0239568e-08 0)
(0.001690094 9.2510653e-08 0)
(0.0016901136 9.399006e-08 0)
(0.001690134 9.4777093e-08 0)
(0.0016901548 9.4961002e-08 0)
(0.001690176 9.4621907e-08 0)
(0.0016901974 9.3831629e-08 0)
(0.0016902189 9.2654471e-08 0)
(0.0016902402 9.1147916e-08 0)
(0.0016902614 8.9363274e-08 0)
(0.0016902823 8.7346273e-08 0)
(0.0016903029 8.5137597e-08 0)
(0.0016903231 8.2773372e-08 0)
(0.0016903429 8.0285623e-08 0)
(0.0016903621 7.7702669e-08 0)
(0.0016903808 7.5049503e-08 0)
(0.001690399 7.2348121e-08 0)
(0.0016904165 6.9617834e-08 0)
(0.0016904335 6.6875535e-08 0)
(0.0016904498 6.4135959e-08 0)
(0.0016904655 6.14119e-08 0)
(0.0016904806 5.8714424e-08 0)
(0.0016904951 5.6053045e-08 0)
(0.0016905089 5.3435898e-08 0)
(0.0016905221 5.0869883e-08 0)
(0.0016905348 4.8360806e-08 0)
(0.0016905468 4.591349e-08 0)
(0.0016905582 4.3531895e-08 0)
(0.0016905691 4.1219206e-08 0)
(0.0016905794 3.8977925e-08 0)
(0.0016905891 3.6809946e-08 0)
(0.0016905984 3.4716629e-08 0)
(0.0016906071 3.2698854e-08 0)
(0.0016906153 3.0757089e-08 0)
(0.0016906231 2.8891427e-08 0)
(0.0016906303 2.7101642e-08 0)
(0.0016906372 2.5387215e-08 0)
(0.0016906436 2.3747386e-08 0)
(0.0016906496 2.2181169e-08 0)
(0.0016906552 2.0687395e-08 0)
(0.0016906605 1.9264724e-08 0)
(0.0016906654 1.7911678e-08 0)
(0.0016906699 1.6626655e-08 0)
(0.0016906741 1.5407951e-08 0)
(0.0016906781 1.4253771e-08 0)
(0.0016906817 1.3162252e-08 0)
(0.0016906851 1.2131465e-08 0)
(0.0016906882 1.115944e-08 0)
(0.001690691 1.0244162e-08 0)
(0.0016906936 9.3835943e-09 0)
(0.001690696 8.5756768e-09 0)
(0.0016906982 7.8183415e-09 0)
(0.0016907002 7.1095116e-09 0)
(0.0016907021 6.4471169e-09 0)
(0.0016907037 5.8290898e-09 0)
(0.0016907052 5.2533797e-09 0)
(0.0016907066 4.7179483e-09 0)
(0.0016907078 4.2207827e-09 0)
(0.0016907089 3.7598892e-09 0)
(0.0016907099 3.3333061e-09 0)
(0.0016907107 2.9390963e-09 0)
(0.0016907115 2.5753592e-09 0)
(0.0016907121 2.2402223e-09 0)
(0.0016907127 1.9318528e-09 0)
(0.0016907132 1.6484483e-09 0)
(0.0016907137 1.3882476e-09 0)
(0.001690714 1.1495214e-09 0)
(0.0016907143 9.3058222e-10 0)
(0.0016907146 7.2977523e-10 0)
(0.0016907148 5.4548803e-10 0)
(0.0016907149 3.7614173e-10 0)
(0.001690715 2.2020099e-10 0)
(0.0016907151 7.6166091e-11 0)
(0.0016907151 -5.7416019e-11 0)
(0.0016907151 -1.81958e-10 0)
(0.001690715 -2.9881907e-10 0)
(0.0016907149 -4.0930851e-10 0)
(0.0016907148 -5.1466953e-10 0)
(0.0016907147 -6.1607858e-10 0)
(0.0016907145 -7.1462478e-10 0)
(0.0016907143 -8.1130372e-10 0)
(0.0016907141 -9.0699124e-10 0)
(0.0016907139 -1.0024308e-09 0)
(0.0016907136 -1.0982014e-09 0)
(0.0016907133 -1.1946992e-09 0)
(0.001690713 -1.2921017e-09 0)
(0.0016907126 -1.3903487e-09 0)
(0.0016907123 -1.4891111e-09 0)
(0.0016907119 -1.5877834e-09 0)
(0.0016907114 -1.6854763e-09 0)
(0.001690711 -1.7810476e-09 0)
(0.0016907105 -1.8731518e-09 0)
(0.00169071 -1.9603488e-09 0)
(0.0016907095 -2.0412695e-09 0)
(0.001690709 -2.1148139e-09 0)
(0.0016907084 -2.1801894e-09 0)
(0.0016907079 -2.2368013e-09 0)
(0.0016907071 -2.3007638e-09 0)
(0.003244464 -0.00030546829 0)
(0.003348841 -0.00073833527 0)
(0.0034578961 -0.00098999345 0)
(0.0035277561 -0.0010939231 0)
(0.0035419585 -0.0010977205 0)
(0.003506063 -0.0010430395 0)
(0.0034327026 -0.0009596533 0)
(0.0033349513 -0.00086633796 0)
(0.0032236936 -0.0007737515 0)
(0.0031069576 -0.00068726868 0)
(0.0029901969 -0.00060911874 0)
(0.0028768688 -0.00053979587 0)
(0.0027690019 -0.00047891646 0)
(0.0026676554 -0.00042570907 0)
(0.0025732574 -0.00037927948 0)
(0.0024858402 -0.00033874465 0)
(0.002405199 -0.00030329394 0)
(0.0023309956 -0.00027221123 0)
(0.0022628247 -0.00024487754 0)
(0.0022002557 -0.00022076427 0)
(0.0021428581 -0.00019942297 0)
(0.0020902162 -0.00018047431 0)
(0.0020419371 -0.00016359759 0)
(0.0019976548 -0.00014852146 0)
(0.0019570311 -0.00013501587 0)
(0.0019197558 -0.00012288521 0)
(0.001885545 -0.0001119627 0)
(0.0018541398 -0.00010210559 0)
(0.001825304 -9.3191315e-05 0)
(0.0017988228 -8.5114181e-05 0)
(0.0017745003 -7.7782744e-05 0)
(0.001752158 -7.1117569e-05 0)
(0.0017316334 -6.5049398e-05 0)
(0.001712778 -5.9517621e-05 0)
(0.0016954561 -5.4469003e-05 0)
(0.0016795439 -4.9856623e-05 0)
(0.001664928 -4.563898e-05 0)
(0.0016515045 -4.1779248e-05 0)
(0.0016391783 -3.8244643e-05 0)
(0.0016278619 -3.5005889e-05 0)
(0.0016174751 -3.203677e-05 0)
(0.0016079442 -2.9313741e-05 0)
(0.0015992014 -2.6815601e-05 0)
(0.0015911843 -2.4523214e-05 0)
(0.0015838354 -2.2419264e-05 0)
(0.0015771017 -2.0488052e-05 0)
(0.0015709346 -1.8715312e-05 0)
(0.001565289 -1.7088059e-05 0)
(0.0015601233 -1.5594451e-05 0)
(0.0015553993 -1.4223672e-05 0)
(0.0015510818 -1.2965829e-05 0)
(0.0015471379 -1.1811859e-05 0)
(0.0015435378 -1.0753455e-05 0)
(0.0015402535 -9.7829874e-06 0)
(0.0015372594 -8.8934478e-06 0)
(0.001534532 -8.0783905e-06 0)
(0.0015320493 -7.3318833e-06 0)
(0.0015297912 -6.6484632e-06 0)
(0.0015277391 -6.023097e-06 0)
(0.0015258758 -5.4511449e-06 0)
(0.0015241856 -4.9283283e-06 0)
(0.0015226539 -4.4507009e-06 0)
(0.0015212672 -4.0146218e-06 0)
(0.0015200132 -3.6167314e-06 0)
(0.0015188805 -3.2539297e-06 0)
(0.0015178586 -2.923356e-06 0)
(0.0015169378 -2.6223706e-06 0)
(0.0015161092 -2.348538e-06 0)
(0.0015153648 -2.0996113e-06 0)
(0.0015146969 -1.8735181e-06 0)
(0.0015140988 -1.6683474e-06 0)
(0.001513564 -1.4823375e-06 0)
(0.0015130869 -1.3138648e-06 0)
(0.0015126621 -1.1614334e-06 0)
(0.0015122846 -1.0236659e-06 0)
(0.0015119501 -8.9929407e-07 0)
(0.0015116545 -7.8715117e-07 0)
(0.0015113941 -6.8616404e-07 0)
(0.0015111654 -5.9534614e-07 0)
(0.0015109653 -5.1379108e-07 0)
(0.0015107909 -4.4066651e-07 0)
(0.0015106398 -3.7520853e-07 0)
(0.0015105095 -3.1671646e-07 0)
(0.0015103978 -2.6454803e-07 0)
(0.0015103029 -2.1811484e-07 0)
(0.0015102229 -1.7687822e-07 0)
(0.0015101563 -1.4034537e-07 0)
(0.0015101015 -1.0806575e-07 0)
(0.0015100573 -7.9627759e-08 0)
(0.0015100224 -5.4655643e-08 0)
(0.0015099957 -3.2806644e-08 0)
(0.0015099763 -1.3768338e-08 0)
(0.0015099633 2.7438141e-09 0)
(0.0015099559 1.6988744e-08 0)
(0.0015099533 2.9201878e-08 0)
(0.0015099549 3.9597087e-08 0)
(0.0015099602 4.8368479e-08 0)
(0.0015099686 5.569207e-08 0)
(0.0015099797 6.1727308e-08 0)
(0.001509993 6.6618501e-08 0)
(0.0015100081 7.0496112e-08 0)
(0.0015100248 7.3477977e-08 0)
(0.0015100427 7.5670397e-08 0)
(0.0015100616 7.7169172e-08 0)
(0.0015100812 7.806053e-08 0)
(0.0015101014 7.8421999e-08 0)
(0.0015101219 7.8323187e-08 0)
(0.0015101427 7.7826521e-08 0)
(0.0015101635 7.6987899e-08 0)
(0.0015101843 7.5857314e-08 0)
(0.0015102049 7.44794e-08 0)
(0.0015102253 7.2893952e-08 0)
(0.0015102453 7.1136381e-08 0)
(0.001510265 6.9238151e-08 0)
(0.0015102843 6.7227154e-08 0)
(0.0015103031 6.5128079e-08 0)
(0.0015103213 6.2962709e-08 0)
(0.0015103391 6.0750243e-08 0)
(0.0015103562 5.8507529e-08 0)
(0.0015103728 5.6249332e-08 0)
(0.0015103888 5.3988527e-08 0)
(0.0015104042 5.1736319e-08 0)
(0.0015104189 4.9502397e-08 0)
(0.0015104331 4.7295118e-08 0)
(0.0015104467 4.5121627e-08 0)
(0.0015104597 4.2988011e-08 0)
(0.0015104721 4.0899394e-08 0)
(0.0015104839 3.8860065e-08 0)
(0.0015104951 3.6873546e-08 0)
(0.0015105058 3.4942705e-08 0)
(0.0015105159 3.3069804e-08 0)
(0.0015105255 3.1256595e-08 0)
(0.0015105346 2.950435e-08 0)
(0.0015105432 2.7813946e-08 0)
(0.0015105513 2.6185885e-08 0)
(0.0015105589 2.4620364e-08 0)
(0.0015105661 2.3117286e-08 0)
(0.0015105729 2.1676322e-08 0)
(0.0015105792 2.0296916e-08 0)
(0.0015105852 1.8978336e-08 0)
(0.0015105908 1.7719673e-08 0)
(0.001510596 1.6519889e-08 0)
(0.0015106008 1.5377814e-08 0)
(0.0015106053 1.4292181e-08 0)
(0.0015106096 1.3261623e-08 0)
(0.0015106135 1.2284709e-08 0)
(0.0015106171 1.1359934e-08 0)
(0.0015106204 1.0485751e-08 0)
(0.0015106235 9.6605585e-09 0)
(0.0015106264 8.8827345e-09 0)
(0.001510629 8.1506188e-09 0)
(0.0015106314 7.4625466e-09 0)
(0.0015106336 6.8168278e-09 0)
(0.0015106357 6.2117807e-09 0)
(0.0015106375 5.6457092e-09 0)
(0.0015106392 5.1169357e-09 0)
(0.0015106407 4.6237773e-09 0)
(0.0015106421 4.1645772e-09 0)
(0.0015106433 3.7376808e-09 0)
(0.0015106444 3.3414657e-09 0)
(0.0015106454 2.9743169e-09 0)
(0.0015106463 2.6346564e-09 0)
(0.0015106471 2.3209177e-09 0)
(0.0015106478 2.0315743e-09 0)
(0.0015106484 1.7651141e-09 0)
(0.0015106489 1.5200668e-09 0)
(0.0015106494 1.2949782e-09 0)
(0.0015106498 1.088437e-09 0)
(0.0015106501 8.9904833e-10 0)
(0.0015106504 7.2546097e-10 0)
(0.0015106506 5.6634049e-10 0)
(0.0015106508 4.2039588e-10 0)
(0.0015106509 2.8635368e-10 0)
(0.001510651 1.6298441e-10 0)
(0.001510651 4.9077726e-11 0)
(0.001510651 -5.6530512e-11 0)
(0.001510651 -1.5498139e-10 0)
(0.001510651 -2.4736453e-10 0)
(0.0015106509 -3.3473852e-10 0)
(0.0015106508 -4.1810024e-10 0)
(0.0015106506 -4.9840132e-10 0)
(0.0015106505 -5.7651417e-10 0)
(0.0015106503 -6.5324315e-10 0)
(0.0015106501 -7.2928631e-10 0)
(0.0015106499 -8.0524049e-10 0)
(0.0015106496 -8.8155868e-10 0)
(0.0015106493 -9.585498e-10 0)
(0.001510649 -1.0363339e-09 0)
(0.0015106487 -1.1148417e-09 0)
(0.0015106484 -1.1937759e-09 0)
(0.001510648 -1.2726239e-09 0)
(0.0015106476 -1.350646e-09 0)
(0.0015106472 -1.4269314e-09 0)
(0.0015106468 -1.500452e-09 0)
(0.0015106463 -1.5702116e-09 0)
(0.0015106458 -1.635442e-09 0)
(0.0015106453 -1.695859e-09 0)
(0.0015106448 -1.7516852e-09 0)
(0.0015106443 -1.8036452e-09 0)
(0.0015106436 -1.8719184e-09 0)
(0.0032524622 -0.00036526762 0)
(0.0033804506 -0.00083049584 0)
(0.0034866275 -0.0010583569 0)
(0.003528354 -0.0011160883 0)
(0.003499664 -0.0010738756 0)
(0.003417422 -0.00098352772 0)
(0.0033015544 -0.00087679971 0)
(0.003168427 -0.00077071195 0)
(0.003029618 -0.00067313956 0)
(0.0028925093 -0.00058687235 0)
(0.0027613888 -0.00051213918 0)
(0.0026384726 -0.00044802844 0)
(0.0025246737 -0.00039322811 0)
(0.0024201275 -0.00034638271 0)
(0.0023245312 -0.00030624729 0)
(0.002237355 -0.00027174018 0)
(0.0021579689 -0.00024194811 0)
(0.002085717 -0.00021611147 0)
(0.0020199584 -0.00019360296 0)
(0.0019600892 -0.00017390586 0)
(0.0019055519 -0.00015659444 0)
(0.0018558383 -0.00014131712 0)
(0.0018104892 -0.00012778266 0)
(0.0017690913 -0.00011574884 0)
(0.0017312735 -0.0001050133 0)
(0.0016967031 -9.5406215e-05 0)
(0.0016650817 -8.6784368e-05 0)
(0.0016361416 -7.9026427e-05 0)
(0.0016096423 -7.2029099e-05 0)
(0.0015853676 -6.5704035e-05 0)
(0.0015631226 -5.9975325e-05 0)
(0.0015427315 -5.4777453e-05 0)
(0.0015240353 -5.0053625e-05 0)
(0.0015068903 -4.57544e-05 0)
(0.0014911657 -4.1836563e-05 0)
(0.0014767432 -3.8262192e-05 0)
(0.0014635146 -3.4997883e-05 0)
(0.0014513819 -3.2014103e-05 0)
(0.0014402551 -2.9284651e-05 0)
(0.0014300523 -2.6786207e-05 0)
(0.0014206984 -2.4497947e-05 0)
(0.0014121249 -2.2401219e-05 0)
(0.0014042686 -2.0479274e-05 0)
(0.0013970719 -1.8717025e-05 0)
(0.0013904815 -1.7100854e-05 0)
(0.0013844487 -1.5618437e-05 0)
(0.0013789286 -1.4258596e-05 0)
(0.00137388 -1.3011175e-05 0)
(0.0013692648 -1.1866927e-05 0)
(0.0013650481 -1.0817419e-05 0)
(0.0013611975 -9.8549478e-06 0)
(0.0013576834 -8.9724677e-06 0)
(0.0013544784 -8.1635254e-06 0)
(0.0013515572 -7.4222037e-06 0)
(0.0013488966 -6.7430712e-06 0)
(0.001346475 -6.1211381e-06 0)
(0.0013442728 -5.5518165e-06 0)
(0.0013422718 -5.0308849e-06 0)
(0.001340455 -4.5544574e-06 0)
(0.0013388071 -4.1189543e-06 0)
(0.0013373137 -3.7210773e-06 0)
(0.0013359618 -3.3577863e-06 0)
(0.0013347392 -3.0262782e-06 0)
(0.0013336349 -2.7239686e-06 0)
(0.0013326385 -2.4484736e-06 0)
(0.0013317407 -2.197595e-06 0)
(0.0013309328 -1.9693055e-06 0)
(0.0013302068 -1.7617356e-06 0)
(0.0013295555 -1.5731615e-06 0)
(0.0013289721 -1.4019941e-06 0)
(0.0013284504 -1.2467686e-06 0)
(0.0013279848 -1.1061356e-06 0)
(0.0013275702 -9.7885189e-07 0)
(0.0013272018 -8.6377262e-07 0)
(0.0013268751 -7.5984405e-07 0)
(0.0013265864 -6.6609658e-07 0)
(0.0013263319 -5.8163844e-07 0)
(0.0013261083 -5.056498e-07 0)
(0.0013259125 -4.373774e-07 0)
(0.0013257419 -3.7612943e-07 0)
(0.0013255939 -3.2127092e-07 0)
(0.0013254661 -2.7221938e-07 0)
(0.0013253566 -2.2844077e-07 0)
(0.0013252633 -1.8944581e-07 0)
(0.0013251846 -1.5478645e-07 0)
(0.0013251189 -1.2405274e-07 0)
(0.0013250648 -9.68698e-08 0)
(0.0013250209 -7.2895085e-08 0)
(0.0013249861 -5.1815809e-08 0)
(0.0013249594 -3.3346588e-08 0)
(0.0013249398 -1.7227232e-08 0)
(0.0013249264 -3.2207164e-09 0)
(0.0013249184 8.8887074e-09 0)
(0.0013249152 1.929725e-08 0)
(0.0013249162 2.8183208e-08 0)
(0.0013249206 3.570844e-08 0)
(0.0013249282 4.2019762e-08 0)
(0.0013249383 4.7250202e-08 0)
(0.0013249506 5.1520195e-08 0)
(0.0013249647 5.4938645e-08 0)
(0.0013249804 5.7603945e-08 0)
(0.0013249972 5.9604878e-08 0)
(0.0013250151 6.1021485e-08 0)
(0.0013250337 6.1925821e-08 0)
(0.0013250528 6.2382694e-08 0)
(0.0013250723 6.2450302e-08 0)
(0.001325092 6.2180861e-08 0)
(0.0013251118 6.1621129e-08 0)
(0.0013251316 6.0812948e-08 0)
(0.0013251512 5.9793671e-08 0)
(0.0013251707 5.8596624e-08 0)
(0.0013251898 5.7251461e-08 0)
(0.0013252086 5.5784548e-08 0)
(0.001325227 5.4219254e-08 0)
(0.001325245 5.2576284e-08 0)
(0.0013252624 5.0873904e-08 0)
(0.0013252794 4.9128225e-08 0)
(0.0013252958 4.735339e-08 0)
(0.0013253117 4.5561805e-08 0)
(0.001325327 4.3764289e-08 0)
(0.0013253417 4.1970272e-08 0)
(0.0013253559 4.0187908e-08 0)
(0.0013253695 3.8424249e-08 0)
(0.0013253825 3.6685323e-08 0)
(0.001325395 3.4976285e-08 0)
(0.0013254069 3.3301475e-08 0)
(0.0013254182 3.1664548e-08 0)
(0.001325429 3.0068507e-08 0)
(0.0013254393 2.8515822e-08 0)
(0.001325449 2.7008446e-08 0)
(0.0013254583 2.5547917e-08 0)
(0.001325467 2.4135366e-08 0)
(0.0013254753 2.2771605e-08 0)
(0.0013254831 2.1457124e-08 0)
(0.0013254905 2.0192169e-08 0)
(0.0013254975 1.8976734e-08 0)
(0.001325504 1.781063e-08 0)
(0.0013255102 1.669347e-08 0)
(0.0013255159 1.5624731e-08 0)
(0.0013255213 1.4603733e-08 0)
(0.0013255264 1.3629704e-08 0)
(0.0013255311 1.2701745e-08 0)
(0.0013255355 1.1818893e-08 0)
(0.0013255396 1.098009e-08 0)
(0.0013255434 1.0184236e-08 0)
(0.0013255469 9.4301567e-09 0)
(0.0013255502 8.7166557e-09 0)
(0.0013255532 8.0424797e-09 0)
(0.001325556 7.406368e-09 0)
(0.0013255586 6.8070176e-09 0)
(0.0013255609 6.2431304e-09 0)
(0.0013255631 5.713377e-09 0)
(0.0013255651 5.2164428e-09 0)
(0.0013255669 4.7509912e-09 0)
(0.0013255686 4.3157086e-09 0)
(0.0013255701 3.9092662e-09 0)
(0.0013255714 3.530365e-09 0)
(0.0013255727 3.1776965e-09 0)
(0.0013255738 2.849987e-09 0)
(0.0013255748 2.545958e-09 0)
(0.0013255757 2.2643692e-09 0)
(0.0013255764 2.0039791e-09 0)
(0.0013255771 1.7635872e-09 0)
(0.0013255778 1.5419939e-09 0)
(0.0013255783 1.3380422e-09 0)
(0.0013255788 1.1505779e-09 0)
(0.0013255792 9.7848971e-10 0)
(0.0013255795 8.2066992e-10 0)
(0.0013255798 6.7605426e-10 0)
(0.00132558 5.4358184e-10 0)
(0.0013255802 4.222352e-10 0)
(0.0013255804 3.1100037e-10 0)
(0.0013255805 2.0890665e-10 0)
(0.0013255806 1.1498749e-10 0)
(0.0013255806 2.8320287e-11 0)
(0.0013255806 -5.201143e-11 0)
(0.0013255806 -1.2687775e-10 0)
(0.0013255805 -1.9713802e-10 0)
(0.0013255805 -2.6359956e-10 0)
(0.0013255804 -3.2705022e-10 0)
(0.0013255802 -3.8821514e-10 0)
(0.0013255801 -4.4778514e-10 0)
(0.0013255799 -5.0637065e-10 0)
(0.0013255797 -5.6452489e-10 0)
(0.0013255795 -6.2269444e-10 0)
(0.0013255793 -6.8123704e-10 0)
(0.0013255791 -7.4036938e-10 0)
(0.0013255788 -8.001819e-10 0)
(0.0013255785 -8.6058804e-10 0)
(0.0013255782 -9.2134427e-10 0)
(0.0013255778 -9.820142e-10 0)
(0.0013255775 -1.0420152e-09 0)
(0.0013255771 -1.1006291e-09 0)
(0.0013255767 -1.157121e-09 0)
(0.0013255763 -1.2108579e-09 0)
(0.0013255758 -1.2615989e-09 0)
(0.0013255754 -1.3097538e-09 0)
(0.0013255749 -1.3564855e-09 0)
(0.0013255745 -1.4037855e-09 0)
(0.0013255738 -1.4757464e-09 0)
(0.0032647607 -0.0004435645 0)
(0.0034183622 -0.00092905649 0)
(0.0035038356 -0.0011083337 0)
(0.0034945984 -0.001102806 0)
(0.0034049701 -0.001008893 0)
(0.0032660891 -0.00088535531 0)
(0.0031043111 -0.00076173644 0)
(0.0029371522 -0.00065032557 0)
(0.0027748532 -0.00055464774 0)
(0.0026226754 -0.00047430412 0)
(0.0024828158 -0.00040743808 0)
(0.0023557331 -0.00035187344 0)
(0.0022409745 -0.00030557965 0)
(0.0021376584 -0.00026682281 0)
(0.0020447443 -0.00023418191 0)
(0.0019611757 -0.00020651488 0)
(0.0018859509 -0.00018291121 0)
(0.0018181541 -0.00016264631 0)
(0.0017569643 -0.00014514242 0)
(0.0017016541 -0.00012993699 0)
(0.0016515831 -0.00011665776 0)
(0.0016061885 -0.00010500335 0)
(0.0015649766 -9.4728209e-05 0)
(0.0015275139 -8.563102e-05 0)
(0.0014934191 -7.7545684e-05 0)
(0.0014623563 -7.0334299e-05 0)
(0.0014340287 -6.3881682e-05 0)
(0.0014081734 -5.809106e-05 0)
(0.001384557 -5.2880667e-05 0)
(0.0013629716 -4.8181038e-05 0)
(0.0013432317 -4.3932845e-05 0)
(0.0013251711 -4.0085167e-05 0)
(0.0013086407 -3.6594079e-05 0)
(0.0012935061 -3.3421518e-05 0)
(0.0012796465 -3.0534353e-05 0)
(0.0012669524 -2.7903619e-05 0)
(0.0012553247 -2.5503893e-05 0)
(0.0012446736 -2.331277e-05 0)
(0.0012349172 -2.1310435e-05 0)
(0.0012259812 -1.9479296e-05 0)
(0.0012177976 -1.7803686e-05 0)
(0.0012103045 -1.6269609e-05 0)
(0.0012034453 -1.486452e-05 0)
(0.001197168 -1.3577143e-05 0)
(0.001191425 -1.2397322e-05 0)
(0.0011861729 -1.1315878e-05 0)
(0.0011813716 -1.0324503e-05 0)
(0.0011769843 -9.4156596e-06 0)
(0.0011729773 -8.5824931e-06 0)
(0.0011693194 -7.818762e-06 0)
(0.0011659821 -7.118772e-06 0)
(0.0011629392 -6.4773205e-06 0)
(0.0011601664 -5.8896477e-06 0)
(0.0011576415 -5.3513939e-06 0)
(0.0011553438 -4.8585608e-06 0)
(0.0011532546 -4.4074787e-06 0)
(0.0011513565 -3.9947763e-06 0)
(0.0011496333 -3.6173544e-06 0)
(0.0011480705 -3.2723615e-06 0)
(0.0011466543 -2.9571736e-06 0)
(0.0011453723 -2.669374e-06 0)
(0.0011442131 -2.4067369e-06 0)
(0.0011431659 -2.1672113e-06 0)
(0.0011422211 -1.9489072e-06 0)
(0.0011413698 -1.7500823e-06 0)
(0.0011406037 -1.5691311e-06 0)
(0.0011399153 -1.4045733e-06 0)
(0.0011392975 -1.2550449e-06 0)
(0.0011387442 -1.1192886e-06 0)
(0.0011382493 -9.9614614e-07 0)
(0.0011378076 -8.8455027e-07 0)
(0.0011374142 -7.8351817e-07 0)
(0.0011370645 -6.9214492e-07 0)
(0.0011367545 -6.095976e-07 0)
(0.0011364803 -5.3510988e-07 0)
(0.0011362386 -4.6797694e-07 0)
(0.0011360261 -4.0755083e-07 0)
(0.00113584 -3.5323619e-07 0)
(0.0011356778 -3.044862e-07 0)
(0.0011355369 -2.6079892e-07 0)
(0.0011354153 -2.2171385e-07 0)
(0.0011353108 -1.8680874e-07 0)
(0.0011352219 -1.5569668e-07 0)
(0.0011351467 -1.2802333e-07 0)
(0.0011350838 -1.0346438e-07 0)
(0.0011350319 -8.1723259e-08 0)
(0.0011349897 -6.252889e-08 0)
(0.0011349562 -4.5633715e-08 0)
(0.0011349303 -3.0811808e-08 0)
(0.0011349111 -1.7857147e-08 0)
(0.0011348978 -6.5820081e-09 0)
(0.0011348897 3.1845201e-09 0)
(0.0011348861 1.1597912e-08 0)
(0.0011348864 1.8799475e-08 0)
(0.0011348901 2.4917529e-08 0)
(0.0011348967 3.0068486e-08 0)
(0.0011349057 3.4357865e-08 0)
(0.0011349169 3.7881206e-08 0)
(0.0011349297 4.0724937e-08 0)
(0.0011349441 4.2967152e-08 0)
(0.0011349596 4.4678347e-08 0)
(0.001134976 4.5922079e-08 0)
(0.0011349931 4.6755594e-08 0)
(0.0011350108 4.7230376e-08 0)
(0.0011350289 4.7392688e-08 0)
(0.0011350471 4.7284026e-08 0)
(0.0011350655 4.6941582e-08 0)
(0.0011350838 4.6398622e-08 0)
(0.0011351021 4.5684873e-08 0)
(0.0011351201 4.4826841e-08 0)
(0.0011351379 4.3848141e-08 0)
(0.0011351554 4.276975e-08 0)
(0.0011351725 4.1610293e-08 0)
(0.0011351892 4.0386248e-08 0)
(0.0011352055 3.9112184e-08 0)
(0.0011352213 3.7800932e-08 0)
(0.0011352366 3.646378e-08 0)
(0.0011352513 3.5110615e-08 0)
(0.0011352656 3.3750085e-08 0)
(0.0011352794 3.2389709e-08 0)
(0.0011352926 3.103602e-08 0)
(0.0011353053 2.9694644e-08 0)
(0.0011353174 2.8370427e-08 0)
(0.0011353291 2.7067489e-08 0)
(0.0011353402 2.5789334e-08 0)
(0.0011353508 2.4538891e-08 0)
(0.0011353609 2.3318606e-08 0)
(0.0011353705 2.2130467e-08 0)
(0.0011353796 2.0976087e-08 0)
(0.0011353883 1.9856718e-08 0)
(0.0011353965 1.8773322e-08 0)
(0.0011354043 1.7726576e-08 0)
(0.0011354116 1.6716936e-08 0)
(0.0011354186 1.5744634e-08 0)
(0.0011354251 1.4809734e-08 0)
(0.0011354312 1.3912126e-08 0)
(0.001135437 1.3051573e-08 0)
(0.0011354424 1.2227703e-08 0)
(0.0011354475 1.1440051e-08 0)
(0.0011354523 1.0688045e-08 0)
(0.0011354567 9.9710519e-09 0)
(0.0011354609 9.2883514e-09 0)
(0.0011354648 8.6391821e-09 0)
(0.0011354684 8.0227176e-09 0)
(0.0011354717 7.4381052e-09 0)
(0.0011354748 6.8844428e-09 0)
(0.0011354777 6.3608152e-09 0)
(0.0011354803 5.8662696e-09 0)
(0.0011354828 5.3998509e-09 0)
(0.001135485 4.9605759e-09 0)
(0.0011354871 4.5474678e-09 0)
(0.001135489 4.1595292e-09 0)
(0.0011354908 3.7957762e-09 0)
(0.0011354923 3.4552105e-09 0)
(0.0011354938 3.1368525e-09 0)
(0.0011354951 2.8397137e-09 0)
(0.0011354963 2.5628285e-09 0)
(0.0011354974 2.3052261e-09 0)
(0.0011354983 2.0659622e-09 0)
(0.0011354992 1.8440904e-09 0)
(0.0011355 1.6386934e-09 0)
(0.0011355007 1.4488537e-09 0)
(0.0011355013 1.273685e-09 0)
(0.0011355018 1.1123021e-09 0)
(0.0011355023 9.6385204e-10 0)
(0.0011355027 8.2748402e-10 0)
(0.001135503 7.0237969e-10 0)
(0.0011355033 5.8772321e-10 0)
(0.0011355036 4.8273119e-10 0)
(0.0011355038 3.866227e-10 0)
(0.0011355039 2.9864892e-10 0)
(0.001135504 2.1806343e-10 0)
(0.0011355041 1.4415165e-10 0)
(0.0011355042 7.6201704e-11 0)
(0.0011355042 1.353386e-11 0)
(0.0011355042 -4.4527529e-11 0)
(0.0011355042 -9.8624295e-11 0)
(0.0011355042 -1.4939083e-10 0)
(0.0011355041 -1.9742361e-10 0)
(0.001135504 -2.4330502e-10 0)
(0.0011355039 -2.8757155e-10 0)
(0.0011355038 -3.3073417e-10 0)
(0.0011355036 -3.7324436e-10 0)
(0.0011355034 -4.1551032e-10 0)
(0.0011355033 -4.5786032e-10 0)
(0.0011355031 -5.0055441e-10 0)
(0.0011355028 -5.437457e-10 0)
(0.0011355026 -5.8748938e-10 0)
(0.0011355023 -6.3170554e-10 0)
(0.0011355021 -6.7619279e-10 0)
(0.0011355018 -7.2060477e-10 0)
(0.0011355014 -7.644889e-10 0)
(0.0011355011 -8.0730899e-10 0)
(0.0011355007 -8.4855834e-10 0)
(0.0011355004 -8.8790139e-10 0)
(0.0011355 -9.2549046e-10 0)
(0.0011354996 -9.6229406e-10 0)
(0.0011354992 -1.0002587e-09 0)
(0.0011354988 -1.0425985e-09 0)
(0.0011354982 -1.1172109e-09 0)
(0.0032819864 -0.00054538741 0)
(0.0034554544 -0.0010231211 0)
(0.0034864991 -0.001119205 0)
(0.0033947359 -0.0010354122 0)
(0.0032261068 -0.00089138737 0)
(0.0030251303 -0.00074436251 0)
(0.0028203283 -0.00061543383 0)
(0.0026263449 -0.00050907408 0)
(0.0024493462 -0.00042346585 0)
(0.0022909268 -0.00035504098 0)
(0.0021504502 -0.00030023842 0)
(0.0020263423 -0.00025605455 0)
(0.0019167503 -0.00022011868 0)
(0.001819853 -0.00019061127 0)
(0.0017339895 -0.00016614944 0)
(0.0016577001 -0.00014568268 0)
(0.0015897253 -0.00012840931 0)
(0.0015289881 -0.00011371313 0)
(0.0014745708 -0.00010111641 0)
(0.0014256915 -9.0245448e-05 0)
(0.0013816831 -8.0805196e-05 0)
(0.0013419744 -7.2560644e-05 0)
(0.001306075 -6.5322958e-05 0)
(0.0012735621 -5.893915e-05 0)
(0.0012440693 -5.3284293e-05 0)
(0.0012172782 -4.8255606e-05 0)
(0.0011929108 -4.3767923e-05 0)
(0.0011707234 -3.9750196e-05 0)
(0.0011505015 -3.6142773e-05 0)
(0.0011320555 -3.2895264e-05 0)
(0.0011152174 -2.9964854e-05 0)
(0.0010998378 -2.7314962e-05 0)
(0.0010857833 -2.4914171e-05 0)
(0.0010729345 -2.2735358e-05 0)
(0.0010611841 -2.0755e-05 0)
(0.0010504358 -1.89526e-05 0)
(0.0010406024 -1.7310218e-05 0)
(0.0010316053 -1.5812091e-05 0)
(0.0010233731 -1.4444311e-05 0)
(0.0010158411 -1.3194562e-05 0)
(0.0010089504 -1.2051901e-05 0)
(0.0010026474 -1.1006568e-05 0)
(0.00099688302 -1.0049834e-05 0)
(0.00099161266 -9.1738688e-06 0)
(0.00098679541 -8.3716273e-06 0)
(0.00098239384 -7.6367561e-06 0)
(0.00097837366 -6.963511e-06 0)
(0.00097470342 -6.3466869e-06 0)
(0.00097135424 -5.781558e-06 0)
(0.00096829963 -5.263825e-06 0)
(0.00096551525 -4.7895703e-06 0)
(0.0009629787 -4.3552182e-06 0)
(0.00096066942 -3.9575006e-06 0)
(0.00095856849 -3.5934266e-06 0)
(0.0009566585 -3.260256e-06 0)
(0.00095492344 -2.9554755e-06 0)
(0.00095334858 -2.6767781e-06 0)
(0.00095192037 -2.4220443e-06 0)
(0.00095062635 -2.1893258e-06 0)
(0.00094945504 -1.9768305e-06 0)
(0.00094839592 -1.7829092e-06 0)
(0.00094743927 -1.6060437e-06 0)
(0.00094657619 -1.4448358e-06 0)
(0.00094579848 -1.2979981e-06 0)
(0.00094509862 -1.1643441e-06 0)
(0.0009444697 -1.0427812e-06 0)
(0.00094390538 -9.3230254e-07 0)
(0.00094339982 -8.3198071e-07 0)
(0.0009429477 -7.409614e-07 0)
(0.00094254412 -6.5845784e-07 0)
(0.00094218458 -5.8374553e-07 0)
(0.00094186499 -5.1615756e-07 0)
(0.00094158157 -4.5508017e-07 0)
(0.0009413309 -3.9994869e-07 0)
(0.00094110983 -3.5024383e-07 0)
(0.00094091548 -3.0548823e-07 0)
(0.00094074523 -2.6524322e-07 0)
(0.00094059669 -2.2910593e-07 0)
(0.00094046768 -1.9670652e-07 0)
(0.0009403562 -1.6770567e-07 0)
(0.00094026046 -1.4179221e-07 0)
(0.00094017881 -1.1868097e-07 0)
(0.00094010975 -9.8110748e-08 0)
(0.00094005192 -7.9842487e-08 0)
(0.0009400041 -6.3657494e-08 0)
(0.00093996516 -4.9355871e-08 0)
(0.0009399341 -3.675502e-08 0)
(0.00093991001 -2.5688271e-08 0)
(0.00093989205 -1.6003607e-08 0)
(0.00093987949 -7.5624815e-09 0)
(0.00093987165 -2.3873596e-10 0)
(0.00093986793 6.0824247e-09 0)
(0.00093986779 1.1505351e-08 0)
(0.00093987073 1.6124831e-08 0)
(0.00093987633 2.002687e-08 0)
(0.00093988418 2.3289449e-08 0)
(0.00093989395 2.5983183e-08 0)
(0.00093990532 2.8171976e-08 0)
(0.00093991801 2.9913572e-08 0)
(0.00093993177 3.1260121e-08 0)
(0.00093994639 3.2258638e-08 0)
(0.00093996168 3.2951491e-08 0)
(0.00093997746 3.337678e-08 0)
(0.00093999358 3.3568759e-08 0)
(0.00094000992 3.3558151e-08 0)
(0.00094002635 3.3372506e-08 0)
(0.00094004278 3.303646e-08 0)
(0.00094005913 3.2572046e-08 0)
(0.00094007531 3.1998899e-08 0)
(0.00094009127 3.1334531e-08 0)
(0.00094010695 3.0594486e-08 0)
(0.00094012231 2.9792584e-08 0)
(0.0009401373 2.8941035e-08 0)
(0.00094015191 2.805066e-08 0)
(0.00094016609 2.7130968e-08 0)
(0.00094017984 2.6190349e-08 0)
(0.00094019314 2.5236132e-08 0)
(0.00094020598 2.4274753e-08 0)
(0.00094021835 2.3311788e-08 0)
(0.00094023024 2.2352106e-08 0)
(0.00094024167 2.1399881e-08 0)
(0.00094025262 2.0458734e-08 0)
(0.0009402631 1.9531724e-08 0)
(0.00094027311 1.8621481e-08 0)
(0.00094028268 1.7730182e-08 0)
(0.00094029179 1.6859674e-08 0)
(0.00094030046 1.601144e-08 0)
(0.0009403087 1.5186713e-08 0)
(0.00094031653 1.4386432e-08 0)
(0.00094032394 1.3611351e-08 0)
(0.00094033097 1.2861986e-08 0)
(0.00094033761 1.2138718e-08 0)
(0.00094034388 1.1441736e-08 0)
(0.00094034979 1.0771133e-08 0)
(0.00094035536 1.0126848e-08 0)
(0.0009403606 9.5087538e-09 0)
(0.00094036552 8.9165969e-09 0)
(0.00094037014 8.3500848e-09 0)
(0.00094037447 7.8088186e-09 0)
(0.00094037851 7.2923812e-09 0)
(0.00094038229 6.8002663e-09 0)
(0.00094038582 6.3319647e-09 0)
(0.0009403891 5.8868921e-09 0)
(0.00094039216 5.4644731e-09 0)
(0.00094039499 5.0640681e-09 0)
(0.00094039762 4.6850561e-09 0)
(0.00094040005 4.3267607e-09 0)
(0.0009404023 3.9885315e-09 0)
(0.00094040437 3.6696693e-09 0)
(0.00094040628 3.3695078e-09 0)
(0.00094040803 3.0873367e-09 0)
(0.00094040963 2.8224836e-09 0)
(0.0009404111 2.5742369e-09 0)
(0.00094041243 2.3419265e-09 0)
(0.00094041365 2.1248466e-09 0)
(0.00094041476 1.9223362e-09 0)
(0.00094041576 1.7337014e-09 0)
(0.00094041666 1.5582955e-09 0)
(0.00094041747 1.395441e-09 0)
(0.00094041819 1.2445097e-09 0)
(0.00094041884 1.1048439e-09 0)
(0.00094041941 9.7583667e-10 0)
(0.00094041992 8.5685281e-10 0)
(0.00094042036 7.473084e-10 0)
(0.00094042075 6.4659224e-10 0)
(0.00094042109 5.5414448e-10 0)
(0.00094042138 4.6937847e-10 0)
(0.00094042162 3.917587e-10 0)
(0.00094042182 3.2072303e-10 0)
(0.00094042199 2.5575989e-10 0)
(0.00094042212 1.9633121e-10 0)
(0.00094042222 1.4194877e-10 0)
(0.00094042229 9.209813e-11 0)
(0.00094042233 4.6314112e-11 0)
(0.00094042235 4.1061428e-12 0)
(0.00094042235 -3.4967072e-11 0)
(0.00094042233 -7.1370269e-11 0)
(0.00094042228 -1.0551767e-10 0)
(0.00094042222 -1.3784304e-10 0)
(0.00094042214 -1.6872622e-10 0)
(0.00094042205 -1.9855972e-10 0)
(0.00094042194 -2.2767529e-10 0)
(0.00094042181 -2.5640628e-10 0)
(0.00094042167 -2.8501381e-10 0)
(0.00094042151 -3.1374425e-10 0)
(0.00094042133 -3.4275477e-10 0)
(0.00094042114 -3.7216641e-10 0)
(0.00094042094 -4.0198991e-10 0)
(0.00094042072 -4.3217748e-10 0)
(0.00094042048 -4.625542e-10 0)
(0.00094042022 -4.9287895e-10 0)
(0.00094041995 -5.227986e-10 0)
(0.00094041966 -5.5194897e-10 0)
(0.00094041936 -5.7998001e-10 0)
(0.00094041904 -6.0677878e-10 0)
(0.00094041871 -6.3272142e-10 0)
(0.00094041837 -6.5914472e-10 0)
(0.00094041801 -6.8853498e-10 0)
(0.00094041769 -7.2517014e-10 0)
(0.00094041714 -8.0072733e-10 0)
(0.0033009693 -0.00067773746 0)
(0.0034666958 -0.0010885989 0)
(0.0033859403 -0.0010583867 0)
(0.0031755677 -0.00089238061 0)
(0.0029182698 -0.00071364118 0)
(0.0026616686 -0.00056249169 0)
(0.0024274985 -0.00044484152 0)
(0.0022220922 -0.00035569236 0)
(0.0020448797 -0.00028833062 0)
(0.0018927942 -0.00023700876 0)
(0.0017621999 -0.00019738741 0)
(0.0016496706 -0.00016633972 0)
(0.0015522442 -0.00014164463 0)
(0.0014674533 -0.00012172253 0)
(0.0013932749 -0.00010543998 0)
(0.0013280591 -9.1973399e-05 0)
(0.0012704587 -8.0715983e-05 0)
(0.0012193702 -7.1214236e-05 0)
(0.0011738842 -6.3124542e-05 0)
(0.0011332471 -5.6183118e-05 0)
(0.0010968299 -5.0184971e-05 0)
(0.0010641046 -4.4968968e-05 0)
(0.0010346247 -4.0407102e-05 0)
(0.0010080103 -3.6396679e-05 0)
(0.0009839365 -3.2854552e-05 0)
(0.00096212361 -2.9712821e-05 0)
(0.0009423296 -2.6915597e-05 0)
(0.000924344 -2.4416528e-05 0)
(0.00090798287 -2.2176902e-05 0)
(0.00089308472 -2.0164169e-05 0)
(0.00087950722 -1.8350795e-05 0)
(0.00086712438 -1.6713344e-05 0)
(0.00085582425 -1.5231759e-05 0)
(0.00084550708 -1.3888783e-05 0)
(0.00083608363 -1.2669493e-05 0)
(0.00082747388 -1.156092e-05 0)
(0.00081960585 -1.0551744e-05 0)
(0.00081241463 -9.6320406e-06 0)
(0.00080584157 -8.7930735e-06 0)
(0.00079983355 -8.0271215e-06 0)
(0.00079434236 -7.3273361e-06 0)
(0.00078932418 -6.6876215e-06 0)
(0.0007847391 -6.1025341e-06 0)
(0.00078055074 -5.567198e-06 0)
(0.00077672588 -5.0772328e-06 0)
(0.00077323417 -4.6286934e-06 0)
(0.00077004781 -4.2180172e-06 0)
(0.00076714137 -3.8419799e-06 0)
(0.00076449153 -3.4976572e-06 0)
(0.00076207689 -3.1823916e-06 0)
(0.00075987784 -2.8937637e-06 0)
(0.00075787635 -2.6295675e-06 0)
(0.00075605587 -2.3877883e-06 0)
(0.0007544012 -2.1665838e-06 0)
(0.00075289837 -1.9642675e-06 0)
(0.00075153453 -1.7792936e-06 0)
(0.00075029788 -1.6102442e-06 0)
(0.00074917756 -1.4558176e-06 0)
(0.00074816362 -1.3148178e-06 0)
(0.00074724687 -1.1861455e-06 0)
(0.00074641889 -1.0687896e-06 0)
(0.00074567195 -9.6181974e-07 0)
(0.00074499893 -8.6437989e-07 0)
(0.00074439331 -7.7568182e-07 0)
(0.0007438491 -6.9499987e-07 0)
(0.00074336078 -6.2166584e-07 0)
(0.00074292332 -5.5506445e-07 0)
(0.0007425321 -4.9462916e-07 0)
(0.00074218286 -4.3983838e-07 0)
(0.00074187172 -3.9021196e-07 0)
(0.00074159513 -3.4530798e-07 0)
(0.00074134984 -3.0471983e-07 0)
(0.00074113285 -2.6807347e-07 0)
(0.00074094146 -2.3502497e-07 0)
(0.00074077318 -2.0525815e-07 0)
(0.00074062574 -1.7848252e-07 0)
(0.00074049706 -1.5443128e-07 0)
(0.00074038527 -1.3285948e-07 0)
(0.00074028863 -1.135424e-07 0)
(0.0007402056 -9.6273944e-08 0)
(0.00074013474 -8.0865217e-08 0)
(0.00074007477 -6.7143199e-08 0)
(0.00074002451 -5.49495e-08 0)
(0.00073998289 -4.4139221e-08 0)
(0.00073994895 -3.4579892e-08 0)
(0.00073992182 -2.6150491e-08 0)
(0.00073990071 -1.8740535e-08 0)
(0.00073988491 -1.2249239e-08 0)
(0.00073987377 -6.5847334e-09 0)
(0.00073986671 -1.6633452e-09 0)
(0.00073986321 2.5910719e-09 0)
(0.0007398628 6.2477523e-09 0)
(0.00073986507 9.3695945e-09 0)
(0.00073986963 1.2013683e-08 0)
(0.00073987614 1.4231783e-08 0)
(0.00073988431 1.6070783e-08 0)
(0.00073989386 1.7573119e-08 0)
(0.00073990456 1.8777148e-08 0)
(0.0007399162 1.9717514e-08 0)
(0.00073992858 2.0425459e-08 0)
(0.00073994153 2.0929136e-08 0)
(0.00073995492 2.1253874e-08 0)
(0.00073996861 2.1422443e-08 0)
(0.00073998249 2.1455274e-08 0)
(0.00073999646 2.1370684e-08 0)
(0.00074001044 2.1185064e-08 0)
(0.00074002435 2.0913065e-08 0)
(0.00074003812 2.0567755e-08 0)
(0.00074005171 2.0160781e-08 0)
(0.00074006507 1.9702493e-08 0)
(0.00074007815 1.9202082e-08 0)
(0.00074009093 1.8667681e-08 0)
(0.00074010337 1.8106488e-08 0)
(0.00074011547 1.752484e-08 0)
(0.00074012719 1.6928316e-08 0)
(0.00074013854 1.6321805e-08 0)
(0.00074014949 1.5709585e-08 0)
(0.00074016004 1.509538e-08 0)
(0.00074017019 1.4482427e-08 0)
(0.00074017995 1.3873516e-08 0)
(0.0007401893 1.3271054e-08 0)
(0.00074019825 1.2677092e-08 0)
(0.00074020681 1.2093379e-08 0)
(0.00074021498 1.1521378e-08 0)
(0.00074022277 1.0962319e-08 0)
(0.00074023019 1.0417206e-08 0)
(0.00074023725 9.8868618e-09 0)
(0.00074024394 9.3719304e-09 0)
(0.0007402503 8.8729165e-09 0)
(0.00074025632 8.3901852e-09 0)
(0.00074026201 7.9239954e-09 0)
(0.00074026739 7.4744963e-09 0)
(0.00074027246 7.0417577e-09 0)
(0.00074027725 6.6257637e-09 0)
(0.00074028175 6.2264399e-09 0)
(0.00074028598 5.8436446e-09 0)
(0.00074028995 5.4771946e-09 0)
(0.00074029368 5.1268537e-09 0)
(0.00074029717 4.7923572e-09 0)
(0.00074030043 4.4733991e-09 0)
(0.00074030347 4.169655e-09 0)
(0.00074030631 3.8807679e-09 0)
(0.00074030895 3.6063705e-09 0)
(0.0007403114 3.3460702e-09 0)
(0.00074031368 3.0994702e-09 0)
(0.00074031579 2.8661536e-09 0)
(0.00074031774 2.6457047e-09 0)
(0.00074031954 2.437692e-09 0)
(0.0007403212 2.2416889e-09 0)
(0.00074032272 2.0572568e-09 0)
(0.00074032412 1.8839649e-09 0)
(0.00074032541 1.7213732e-09 0)
(0.00074032658 1.5690522e-09 0)
(0.00074032764 1.4265653e-09 0)
(0.00074032862 1.2934882e-09 0)
(0.00074032949 1.1693916e-09 0)
(0.00074033029 1.0538601e-09 0)
(0.00074033101 9.4647444e-10 0)
(0.00074033165 8.4683039e-10 0)
(0.00074033223 7.5452117e-10 0)
(0.00074033274 6.6915582e-10 0)
(0.00074033319 5.903415e-10 0)
(0.00074033359 5.1770177e-10 0)
(0.00074033394 4.5085878e-10 0)
(0.00074033425 3.894513e-10 0)
(0.00074033451 3.3311692e-10 0)
(0.00074033474 2.8150986e-10 0)
(0.00074033493 2.3428313e-10 0)
(0.00074033508 1.9110613e-10 0)
(0.00074033521 1.5164697e-10 0)
(0.00074033531 1.1558975e-10 0)
(0.00074033539 8.261712e-11 0)
(0.00074033544 5.2427416e-11 0)
(0.00074033547 2.4717517e-11 0)
(0.00074033549 -8.0012134e-13 0)
(0.00074033548 -2.4413996e-11 0)
(0.00074033546 -4.639654e-11 0)
(0.00074033542 -6.7019746e-11 0)
(0.00074033537 -8.6537923e-11 0)
(0.00074033531 -1.0520203e-10 0)
(0.00074033523 -1.2324188e-10 0)
(0.00074033514 -1.408787e-10 0)
(0.00074033503 -1.5830637e-10 0)
(0.00074033492 -1.7570177e-10 0)
(0.00074033479 -1.932046e-10 0)
(0.00074033465 -2.1092539e-10 0)
(0.00074033449 -2.2892386e-10 0)
(0.00074033433 -2.4721526e-10 0)
(0.00074033415 -2.6574902e-10 0)
(0.00074033395 -2.8441717e-10 0)
(0.00074033375 -3.0304019e-10 0)
(0.00074033353 -3.2139099e-10 0)
(0.0007403333 -3.3921238e-10 0)
(0.00074033305 -3.562995e-10 0)
(0.00074033279 -3.726266e-10 0)
(0.00074033253 -3.8866126e-10 0)
(0.00074033225 -4.0580463e-10 0)
(0.00074033196 -4.2670897e-10 0)
(0.00074033169 -4.5628357e-10 0)
(0.00074033124 -5.2996074e-10 0)
(0.0033057547 -0.00084455456 0)
(0.0033829368 -0.0010764429 0)
(0.0031068442 -0.00088385729 0)
(0.0027543736 -0.0006592011 0)
(0.002423979 -0.00048094207 0)
(0.0021403162 -0.00035395617 0)
(0.0019058989 -0.00026619461 0)
(0.001714223 -0.00020521394 0)
(0.0015570546 -0.00016198954 0)
(0.0014271366 -0.00013058314 0)
(0.0013186769 -0.00010718027 0)
(0.0012272125 -8.9324153e-05 0)
(0.0011493406 -7.5407842e-05 0)
(0.0010824624 -6.4357404e-05 0)
(0.0010245776 -5.5438053e-05 0)
(0.00097413024 -4.8135227e-05 0)
(0.00092989642 -4.2080617e-05 0)
(0.00089090226 -3.7005246e-05 0)
(0.00085636431 -3.2709077e-05 0)
(0.00082564568 -2.904088e-05 0)
(0.0007982236 -2.588462e-05 0)
(0.00077366498 -2.3150065e-05 0)
(0.00075160804 -2.0766191e-05 0)
(0.00073174815 -1.8676469e-05 0)
(0.00071382694 -1.6835445e-05 0)
(0.00069762375 -1.520623e-05 0)
(0.00068294899 -1.3758619e-05 0)
(0.00066963874 -1.2467686e-05 0)
(0.00065755056 -1.13127e-05 0)
(0.00064656001 -1.0276302e-05 0)
(0.00063655785 -9.3438568e-06 0)
(0.00062744781 -8.5029486e-06 0)
(0.00061914465 -7.7429839e-06 0)
(0.00061157265 -7.0548719e-06 0)
(0.00060466429 -6.4307712e-06 0)
(0.00059835919 -5.8638833e-06 0)
(0.00059260316 -5.3482868e-06 0)
(0.00058734748 -4.8788004e-06 0)
(0.00058254817 -4.4508713e-06 0)
(0.00057816553 -4.0604831e-06 0)
(0.00057416355 -3.7040787e-06 0)
(0.00057050959 -3.378497e-06 0)
(0.00056717395 -3.0809189e-06 0)
(0.00056412961 -2.8088226e-06 0)
(0.00056135191 -2.5599454e-06 0)
(0.00055881837 -2.3322518e-06 0)
(0.00055650842 -2.1239056e-06 0)
(0.00055440325 -1.9332468e-06 0)
(0.00055248565 -1.7587712e-06 0)
(0.00055073983 -1.599113e-06 0)
(0.00054915135 -1.4530299e-06 0)
(0.00054770693 -1.3193901e-06 0)
(0.00054639439 -1.1971608e-06 0)
(0.00054520258 -1.0853982e-06 0)
(0.00054412121 -9.832389e-07 0)
(0.00054314088 -8.8989209e-07 0)
(0.00054225293 -8.0463287e-07 0)
(0.00054144941 -7.2679612e-07 0)
(0.00054072302 -6.5577112e-07 0)
(0.00054006706 -5.9099684e-07 0)
(0.00053947537 -5.3195755e-07 0)
(0.0005389423 -4.7817901e-07 0)
(0.00053846265 -4.2922499e-07 0)
(0.00053803168 -3.8469411e-07 0)
(0.000537645 -3.4421701e-07 0)
(0.00053729861 -3.0745374e-07 0)
(0.00053698885 -2.7409146e-07 0)
(0.00053671235 -2.4384222e-07 0)
(0.00053646602 -2.1644108e-07 0)
(0.00053624705 -1.9164423e-07 0)
(0.00053605286 -1.6922741e-07 0)
(0.00053588107 -1.4898438e-07 0)
(0.00053572955 -1.3072551e-07 0)
(0.00053559632 -1.1427651e-07 0)
(0.00053547957 -9.9477257e-08 0)
(0.00053537768 -8.618069e-08 0)
(0.00053528914 -7.425182e-08 0)
(0.0005352126 -6.3566787e-08 0)
(0.00053514681 -5.4012007e-08 0)
(0.00053509066 -4.5483372e-08 0)
(0.00053504311 -3.788552e-08 0)
(0.00053500324 -3.1131146e-08 0)
(0.00053497021 -2.5140378e-08 0)
(0.00053494325 -1.9840188e-08 0)
(0.00053492167 -1.5163855e-08 0)
(0.00053490485 -1.1050461e-08 0)
(0.00053489222 -7.4444305e-09 0)
(0.00053488328 -4.2950986e-09 0)
(0.00053487756 -1.556314e-09 0)
(0.00053487466 8.1392513e-10 0)
(0.0005348742 2.8538168e-09 0)
(0.00053487585 4.5980623e-09 0)
(0.00053487931 6.0781655e-09 0)
(0.00053488432 7.3226906e-09 0)
(0.00053489064 8.3575224e-09 0)
(0.00053489805 9.206081e-09 0)
(0.00053490637 9.8895481e-09 0)
(0.00053491542 1.0427045e-08 0)
(0.00053492507 1.083583e-08 0)
(0.00053493517 1.1131443e-08 0)
(0.00053494561 1.132788e-08 0)
(0.0005349563 1.1437709e-08 0)
(0.00053496714 1.1472223e-08 0)
(0.00053497805 1.1441532e-08 0)
(0.00053498897 1.1354698e-08 0)
(0.00053499983 1.1219804e-08 0)
(0.0005350106 1.104408e-08 0)
(0.00053502122 1.0833947e-08 0)
(0.00053503166 1.0595134e-08 0)
(0.00053504188 1.0332705e-08 0)
(0.00053505187 1.0051164e-08 0)
(0.00053506161 9.7544736e-09 0)
(0.00053507106 9.4461436e-09 0)
(0.00053508023 9.1292437e-09 0)
(0.00053508911 8.8064832e-09 0)
(0.00053509767 8.4802124e-09 0)
(0.00053510593 8.1524971e-09 0)
(0.00053511388 7.8251115e-09 0)
(0.00053512151 7.4996078e-09 0)
(0.00053512883 7.1773009e-09 0)
(0.00053513584 6.8593348e-09 0)
(0.00053514255 6.5466609e-09 0)
(0.00053514895 6.2401009e-09 0)
(0.00053515506 5.9403197e-09 0)
(0.00053516087 5.6478859e-09 0)
(0.00053516641 5.3632403e-09 0)
(0.00053517166 5.0867541e-09 0)
(0.00053517665 4.8186937e-09 0)
(0.00053518137 4.5592774e-09 0)
(0.00053518584 4.3086368e-09 0)
(0.00053519007 4.0668726e-09 0)
(0.00053519406 3.8340133e-09 0)
(0.00053519782 3.6100694e-09 0)
(0.00053520137 3.3949913e-09 0)
(0.0005352047 3.1887214e-09 0)
(0.00053520783 2.9911509e-09 0)
(0.00053521077 2.8021715e-09 0)
(0.00053521352 2.6216306e-09 0)
(0.0005352161 2.4493823e-09 0)
(0.0005352185 2.2852418e-09 0)
(0.00053522075 2.1290364e-09 0)
(0.00053522284 1.9805583e-09 0)
(0.00053522478 1.8396158e-09 0)
(0.00053522659 1.7059855e-09 0)
(0.00053522826 1.5794629e-09 0)
(0.00053522981 1.4598146e-09 0)
(0.00053523125 1.3468285e-09 0)
(0.00053523257 1.2402654e-09 0)
(0.00053523378 1.1399095e-09 0)
(0.0005352349 1.0455195e-09 0)
(0.00053523593 9.5687873e-10 0)
(0.00053523687 8.7374658e-10 0)
(0.00053523772 7.9590824e-10 0)
(0.0005352385 7.2312581e-10 0)
(0.00053523921 6.5518826e-10 0)
(0.00053523985 5.9186225e-10 0)
(0.00053524043 5.3294204e-10 0)
(0.00053524095 4.782002e-10 0)
(0.00053524142 4.2743745e-10 0)
(0.00053524184 3.8043331e-10 0)
(0.00053524221 3.369958e-10 0)
(0.00053524254 2.969121e-10 0)
(0.00053524283 2.5999805e-10 0)
(0.00053524308 2.2604894e-10 0)
(0.0005352433 1.9488871e-10 0)
(0.00053524349 1.6632088e-10 0)
(0.00053524365 1.4017746e-10 0)
(0.00053524379 1.1627017e-10 0)
(0.0005352439 9.4438866e-11 0)
(0.00053524399 7.4503156e-11 0)
(0.00053524406 5.6310391e-11 0)
(0.00053524411 3.9687734e-11 0)
(0.00053524415 2.4489625e-11 0)
(0.00053524417 1.0550529e-11 0)
(0.00053524418 -2.2682177e-12 0)
(0.00053524417 -1.4124746e-11 0)
(0.00053524415 -2.5150456e-11 0)
(0.00053524412 -3.5495186e-11 0)
(0.00053524408 -4.5281655e-11 0)
(0.00053524403 -5.4649096e-11 0)
(0.00053524397 -6.3708292e-11 0)
(0.00053524391 -7.2583302e-11 0)
(0.00053524383 -8.1366911e-11 0)
(0.00053524374 -9.016011e-11 0)
(0.00053524365 -9.9027737e-11 0)
(0.00053524354 -1.0803552e-10 0)
(0.00053524343 -1.1720577e-10 0)
(0.0005352433 -1.2655227e-10 0)
(0.00053524317 -1.3603667e-10 0)
(0.00053524303 -1.4560331e-10 0)
(0.00053524288 -1.5513978e-10 0)
(0.00053524271 -1.6451988e-10 0)
(0.00053524254 -1.7358403e-10 0)
(0.00053524236 -1.8222026e-10 0)
(0.00053524217 -1.9042307e-10 0)
(0.00053524197 -1.9857838e-10 0)
(0.00053524177 -2.0783614e-10 0)
(0.00053524155 -2.204566e-10 0)
(0.00053524135 -2.4106509e-10 0)
(0.000535241 -3.077727e-10 0)
(0.0031782002 -0.00091946587 0)
(0.003012799 -0.0008759805 0)
(0.0024741323 -0.00056941046 0)
(0.0020178236 -0.00035902588 0)
(0.0016820837 -0.00023152952 0)
(0.001432254 -0.00015566124 0)
(0.0012443464 -0.00010981911 0)
(0.0011004211 -8.1009622e-05 0)
(0.00098767208 -6.2035954e-05 0)
(0.00089744425 -4.8962272e-05 0)
(0.00082387421 -3.9584464e-05 0)
(0.00076291332 -3.2623628e-05 0)
(0.00071170467 -2.7307409e-05 0)
(0.00066818608 -2.3149983e-05 0)
(0.00063083582 -1.9833826e-05 0)
(0.00059850796 -1.7144167e-05 0)
(0.00057032356 -1.4931307e-05 0)
(0.00054559724 -1.3088165e-05 0)
(0.00052378667 -1.1536405e-05 0)
(0.00050445693 -1.0217589e-05 0)
(0.00048725511 -9.0873746e-06 0)
(0.0004718917 -8.1116021e-06 0)
(0.00045812687 -7.2635963e-06 0)
(0.00044576018 -6.5222734e-06 0)
(0.00043462269 -5.8707839e-06 0)
(0.00042457096 -5.2955255e-06 0)
(0.00041548235 -4.7854154e-06 0)
(0.00040725133 -4.3313459e-06 0)
(0.00039978655 -3.9257727e-06 0)
(0.0003930085 -3.5624002e-06 0)
(0.00038684762 -3.2359379e-06 0)
(0.0003812428 -2.9419114e-06 0)
(0.00037614006 -2.6765128e-06 0)
(0.00037149159 -2.4364829e-06 0)
(0.00036725486 -2.2190167e-06 0)
(0.00036339189 -2.0216879e-06 0)
(0.00035986869 -1.8423872e-06 0)
(0.00035665475 -1.6792723e-06 0)
(0.00035372257 -1.5307275e-06 0)
(0.00035104736 -1.3953295e-06 0)
(0.00034860668 -1.27182e-06 0)
(0.00034638022 -1.159082e-06 0)
(0.0003443495 -1.0561211e-06 0)
(0.00034249775 -9.6204864e-07 0)
(0.00034080969 -8.7606827e-07 0)
(0.00033927137 -7.9746443e-07 0)
(0.00033787008 -7.2559232e-07 0)
(0.00033659418 -6.5986958e-07 0)
(0.00033543303 -5.99769e-07 0)
(0.00033437691 -5.4481237e-07 0)
(0.00033341689 -4.9456508e-07 0)
(0.00033254481 -4.4863147e-07 0)
(0.00033175316 -4.0665078e-07 0)
(0.00033103507 -3.6829364e-07 0)
(0.00033038425 -3.332589e-07 0)
(0.0003297949 -3.0127097e-07 0)
(0.00032926171 -2.7207738e-07 0)
(0.0003287798 -2.4544664e-07 0)
(0.00032834471 -2.2116634e-07 0)
(0.00032795233 -1.9904146e-07 0)
(0.00032759889 -1.7889285e-07 0)
(0.00032728093 -1.6055588e-07 0)
(0.00032699529 -1.438792e-07 0)
(0.00032673905 -1.2872365e-07 0)
(0.00032650956 -1.1496122e-07 0)
(0.00032630436 -1.0247418e-07 0)
(0.00032612123 -9.115427e-08 0)
(0.00032595811 -8.090188e-08 0)
(0.00032581313 -7.1625418e-08 0)
(0.00032568458 -6.3240662e-08 0)
(0.00032557088 -5.567018e-08 0)
(0.00032547061 -4.8842807e-08 0)
(0.00032538246 -4.2693153e-08 0)
(0.00032530523 -3.7161158e-08 0)
(0.00032523784 -3.2191674e-08 0)
(0.00032517929 -2.7734092e-08 0)
(0.00032512868 -2.3741983e-08 0)
(0.0003250852 -2.0172779e-08 0)
(0.00032504808 -1.6987467e-08 0)
(0.00032501667 -1.415032e-08 0)
(0.00032499033 -1.1628631e-08 0)
(0.00032496851 -9.3924821e-09 0)
(0.0003249507 -7.4145232e-09 0)
(0.00032493646 -5.6697677e-09 0)
(0.00032492536 -4.1354056e-09 0)
(0.00032491702 -2.7906285e-09 0)
(0.00032491112 -1.6164699e-09 0)
(0.00032490735 -5.956537e-10 0)
(0.00032490544 2.875401e-10 0)
(0.00032490514 1.0474073e-09 0)
(0.00032490623 1.6969321e-09 0)
(0.00032490852 2.2479022e-09 0)
(0.00032491182 2.7110022e-09 0)
(0.00032491598 3.0959147e-09 0)
(0.00032492087 3.4113969e-09 0)
(0.00032492635 3.6653694e-09 0)
(0.00032493231 3.8649791e-09 0)
(0.00032493866 4.0166767e-09 0)
(0.00032494531 4.1262673e-09 0)
(0.00032495219 4.1989799e-09 0)
(0.00032495922 4.239506e-09 0)
(0.00032496636 4.2520622e-09 0)
(0.00032497354 4.2404192e-09 0)
(0.00032498072 4.2079581e-09 0)
(0.00032498787 4.1576912e-09 0)
(0.00032499495 4.0923131e-09 0)
(0.00032500193 4.0142137e-09 0)
(0.00032500879 3.9255258e-09 0)
(0.00032501552 3.8281313e-09 0)
(0.00032502208 3.7237053e-09 0)
(0.00032502848 3.6137168e-09 0)
(0.0003250347 3.4994698e-09 0)
(0.00032504072 3.3820994e-09 0)
(0.00032504656 3.2626103e-09 0)
(0.00032505219 3.1418689e-09 0)
(0.00032505762 3.0206401e-09 0)
(0.00032506284 2.8995751e-09 0)
(0.00032506786 2.7792473e-09 0)
(0.00032507267 2.660137e-09 0)
(0.00032507728 2.5426659e-09 0)
(0.00032508169 2.427179e-09 0)
(0.0003250859 2.3139784e-09 0)
(0.00032508992 2.2033029e-09 0)
(0.00032509374 2.0953608e-09 0)
(0.00032509738 1.9903083e-09 0)
(0.00032510084 1.8882809e-09 0)
(0.00032510413 1.7893704e-09 0)
(0.00032510724 1.6936564e-09 0)
(0.00032511019 1.6011812e-09 0)
(0.00032511297 1.5119815e-09 0)
(0.00032511561 1.426062e-09 0)
(0.00032511809 1.3434267e-09 0)
(0.00032512043 1.264052e-09 0)
(0.00032512263 1.1879174e-09 0)
(0.0003251247 1.1149783e-09 0)
(0.00032512664 1.0451958e-09 0)
(0.00032512846 9.7850971e-10 0)
(0.00032513017 9.1486811e-10 0)
(0.00032513176 8.5419944e-10 0)
(0.00032513325 7.9644233e-10 0)
(0.00032513464 7.4151731e-10 0)
(0.00032513593 6.8935652e-10 0)
(0.00032513713 6.3987516e-10 0)
(0.00032513824 5.9300111e-10 0)
(0.00032513928 5.4864625e-10 0)
(0.00032514023 5.0673598e-10 0)
(0.00032514111 4.6718039e-10 0)
(0.00032514193 4.2990378e-10 0)
(0.00032514267 3.9481564e-10 0)
(0.00032514336 3.6184028e-10 0)
(0.00032514399 3.3088754e-10 0)
(0.00032514457 3.0188254e-10 0)
(0.00032514509 2.7473628e-10 0)
(0.00032514557 2.4937536e-10 0)
(0.000325146 2.257125e-10 0)
(0.00032514639 2.0367633e-10 0)
(0.00032514675 1.8318176e-10 0)
(0.00032514707 1.6415982e-10 0)
(0.00032514735 1.4652798e-10 0)
(0.0003251476 1.3021996e-10 0)
(0.00032514783 1.1515605e-10 0)
(0.00032514803 1.0127284e-10 0)
(0.0003251482 8.8493575e-11 0)
(0.00032514836 7.6757805e-11 0)
(0.00032514849 6.5991835e-11 0)
(0.0003251486 5.6138144e-11 0)
(0.0003251487 4.7126061e-11 0)
(0.00032514878 3.8900916e-11 0)
(0.00032514885 3.1394965e-11 0)
(0.0003251489 2.4556225e-11 0)
(0.00032514894 1.8319727e-11 0)
(0.00032514897 1.2635974e-11 0)
(0.00032514899 7.442609e-12 0)
(0.000325149 2.6924305e-12 0)
(0.000325149 -1.6743922e-12 0)
(0.000325149 -5.7028404e-12 0)
(0.00032514899 -9.450111e-12 0)
(0.00032514897 -1.2958764e-11 0)
(0.00032514894 -1.6282876e-11 0)
(0.00032514891 -1.9461846e-11 0)
(0.00032514887 -2.2545483e-11 0)
(0.00032514883 -2.5568428e-11 0)
(0.00032514878 -2.8574006e-11 0)
(0.00032514873 -3.1589192e-11 0)
(0.00032514867 -3.4647102e-11 0)
(0.0003251486 -3.7762334e-11 0)
(0.00032514853 -4.0952069e-11 0)
(0.00032514846 -4.4211646e-11 0)
(0.00032514837 -4.7534581e-11 0)
(0.00032514828 -5.088865e-11 0)
(0.00032514819 -5.4236156e-11 0)
(0.00032514809 -5.7513416e-11 0)
(0.00032514798 -6.0658731e-11 0)
(0.00032514787 -6.3607177e-11 0)
(0.00032514775 -6.6354111e-11 0)
(0.00032514763 -6.908549e-11 0)
(0.0003251475 -7.2472936e-11 0)
(0.00032514737 -7.7867696e-11 0)
(0.00032514724 -8.8018723e-11 0)
(0.000325147 -1.3791937e-10 0)
(0.0021796595 -0.00040845939 0)
(0.0017740913 -0.00026696605 0)
(0.0011885867 -0.00010931623 0)
(0.00084840353 -5.2741807e-05 0)
(0.00065593242 -2.8386542e-05 0)
(0.00053349331 -1.6101918e-05 0)
(0.00045060731 -9.8993572e-06 0)
(0.00039151103 -6.6013282e-06 0)
(0.00034733849 -4.7009658e-06 0)
(0.0003130726 -3.5220171e-06 0)
(0.00028572315 -2.7417005e-06 0)
(0.00026340356 -2.1963519e-06 0)
(0.00024486543 -1.7983053e-06 0)
(0.0002292482 -1.4976901e-06 0)
(0.00021593766 -1.2644358e-06 0)
(0.00020448258 -1.0794577e-06 0)
(0.00019454335 -9.3010555e-07 0)
(0.0001858591 -8.0768562e-07 0)
(0.00017822585 -7.0604131e-07 0)
(0.00017148168 -6.2070248e-07 0)
(0.00016549632 -5.48354e-07 0)
(0.00016016366 -4.8649215e-07 0)
(0.00015539638 -4.3319568e-07 0)
(0.00015112189 -3.8696939e-07 0)
(0.00014727933 -3.466349e-07 0)
(0.00014381724 -3.1125285e-07 0)
(0.00014069181 -2.800666e-07 0)
(0.00013786546 -2.5246088e-07 0)
(0.00013530579 -2.2793095e-07 0)
(0.00013298466 -2.0605935e-07 0)
(0.00013087754 -1.8649817e-07 0)
(0.00012896291 -1.6895544e-07 0)
(0.00012722183 -1.5318445e-07 0)
(0.00012563754 -1.3897547e-07 0)
(0.00012419517 -1.2614914e-07 0)
(0.00012288147 -1.145512e-07 0)
(0.00012168459 -1.0404832e-07 0)
(0.00012059392 -9.4524648e-08 0)
(0.00011959991 -8.5879076e-08 0)
(0.00011869396 -7.8022963e-08 0)
(0.00011786829 -7.0878276e-08 0)
(0.00011711587 -6.4376052e-08 0)
(0.00011643033 -5.8455121e-08 0)
(0.00011580588 -5.3061035e-08 0)
(0.00011523723 -4.814518e-08 0)
(0.0001147196 -4.3664014e-08 0)
(0.0001142486 -3.9578433e-08 0)
(0.00011382025 -3.5853228e-08 0)
(0.00011343087 -3.2456622e-08 0)
(0.00011307714 -2.9359874e-08 0)
(0.00011275599 -2.6536933e-08 0)
(0.00011246464 -2.3964149e-08 0)
(0.00011220051 -2.1620013e-08 0)
(0.00011196125 -1.9484938e-08 0)
(0.00011174471 -1.754106e-08 0)
(0.00011154891 -1.5772068e-08 0)
(0.00011137205 -1.4163058e-08 0)
(0.00011121246 -1.2700395e-08 0)
(0.00011106861 -1.1371596e-08 0)
(0.00011093912 -1.0165228e-08 0)
(0.0001108227 -9.0708121e-09 0)
(0.00011071818 -8.0787402e-09 0)
(0.00011062448 -7.1801992e-09 0)
(0.00011054062 -6.3671044e-09 0)
(0.00011046569 -5.632037e-09 0)
(0.00011039887 -4.9681898e-09 0)
(0.0001103394 -4.3693155e-09 0)
(0.00011028658 -3.8296825e-09 0)
(0.0001102398 -3.3440316e-09 0)
(0.00011019846 -2.9075394e-09 0)
(0.00011016204 -2.5157817e-09 0)
(0.00011013006 -2.1647034e-09 0)
(0.00011010208 -1.8505873e-09 0)
(0.0001100777 -1.570029e-09 0)
(0.00011005655 -1.3199104e-09 0)
(0.00011003831 -1.0973783e-09 0)
(0.00011002266 -8.9982245e-10 0)
(0.00011000934 -7.2485668e-10 0)
(0.0001099981 -5.7030064e-10 0)
(0.0001099887 -4.3416381e-10 0)
(0.00010998095 -3.146297e-10 0)
(0.00010997466 -2.1004231e-10 0)
(0.00010996966 -1.1889272e-10 0)
(0.00010996581 -3.9807405e-11 0)
(0.00010996295 2.8463019e-11 0)
(0.00010996098 8.7053973e-11 0)
(0.00010995977 1.3699631e-10 0)
(0.00010995924 1.7922519e-10 0)
(0.00010995928 2.1458788e-10 0)
(0.00010995983 2.4385154e-10 0)
(0.0001099608 2.677096e-10 0)
(0.00010996214 2.8678869e-10 0)
(0.00010996378 3.0165371e-10 0)
(0.00010996568 3.1281409e-10 0)
(0.00010996779 3.207277e-10 0)
(0.00010997007 3.2580655e-10 0)
(0.00010997248 3.2841966e-10 0)
(0.000109975 3.2889839e-10 0)
(0.00010997759 3.2753832e-10 0)
(0.00010998023 3.2460425e-10 0)
(0.00010998291 3.203313e-10 0)
(0.00010998559 3.1492963e-10 0)
(0.00010998828 3.0858478e-10 0)
(0.00010999094 3.0146225e-10 0)
(0.00010999358 2.9370714e-10 0)
(0.00010999617 2.8544861e-10 0)
(0.00010999872 2.7679898e-10 0)
(0.00011000122 2.6785799e-10 0)
(0.00011000365 2.5871148e-10 0)
(0.00011000602 2.4943559e-10 0)
(0.00011000832 2.4009491e-10 0)
(0.00011001055 2.3074671e-10 0)
(0.00011001271 2.2143866e-10 0)
(0.00011001479 2.1221306e-10 0)
(0.00011001679 2.0310422e-10 0)
(0.00011001872 1.9414263e-10 0)
(0.00011002057 1.8535213e-10 0)
(0.00011002235 1.7675401e-10 0)
(0.00011002405 1.6836395e-10 0)
(0.00011002568 1.6019615e-10 0)
(0.00011002723 1.5225998e-10 0)
(0.00011002871 1.4456424e-10 0)
(0.00011003012 1.3711352e-10 0)
(0.00011003146 1.2991249e-10 0)
(0.00011003273 1.2296217e-10 0)
(0.00011003394 1.1626417e-10 0)
(0.00011003509 1.0981684e-10 0)
(0.00011003618 1.0361957e-10 0)
(0.0001100372 9.7668777e-11 0)
(0.00011003817 9.1962229e-11 0)
(0.00011003909 8.6494977e-11 0)
(0.00011003995 8.1263667e-11 0)
(0.00011004076 7.6262408e-11 0)
(0.00011004153 7.1487079e-11 0)
(0.00011004224 6.6931172e-11 0)
(0.00011004292 6.2590076e-11 0)
(0.00011004355 5.8456899e-11 0)
(0.00011004414 5.4526747e-11 0)
(0.00011004469 5.0792524e-11 0)
(0.0001100452 4.724919e-11 0)
(0.00011004568 4.3889572e-11 0)
(0.00011004612 4.0708605e-11 0)
(0.00011004654 3.7699129e-11 0)
(0.00011004692 3.4856119e-11 0)
(0.00011004727 3.2172497e-11 0)
(0.0001100476 2.964334e-11 0)
(0.00011004791 2.7261699e-11 0)
(0.00011004818 2.5022784e-11 0)
(0.00011004844 2.2919813e-11 0)
(0.00011004867 2.0948164e-11 0)
(0.00011004889 1.9101238e-11 0)
(0.00011004909 1.73746e-11 0)
(0.00011004926 1.5761857e-11 0)
(0.00011004943 1.4258771e-11 0)
(0.00011004957 1.2859168e-11 0)
(0.00011004971 1.1559023e-11 0)
(0.00011004983 1.0352383e-11 0)
(0.00011004994 9.2354378e-12 0)
(0.00011005003 8.2024653e-12 0)
(0.00011005012 7.2498742e-12 0)
(0.00011005019 6.3721735e-12 0)
(0.00011005026 5.5659861e-12 0)
(0.00011005032 4.826048e-12 0)
(0.00011005037 4.149198e-12 0)
(0.00011005041 3.5303904e-12 0)
(0.00011005045 2.9666668e-12 0)
(0.00011005048 2.4531903e-12 0)
(0.00011005051 1.9871901e-12 0)
(0.00011005053 1.5640206e-12 0)
(0.00011005055 1.1810786e-12 0)
(0.00011005056 8.338896e-13 0)
(0.00011005057 5.1999555e-13 0)
(0.00011005058 2.3506226e-13 0)
(0.00011005058 -2.3244714e-14 0)
(0.00011005058 -2.5914256e-13 0)
(0.00011005058 -4.7486491e-13 0)
(0.00011005057 -6.7452252e-13 0)
(0.00011005057 -8.6025489e-13 0)
(0.00011005056 -1.0360585e-12 0)
(0.00011005054 -1.2039436e-12 0)
(0.00011005053 -1.3677383e-12 0)
(0.00011005052 -1.5292317e-12 0)
(0.0001100505 -1.6919338e-12 0)
(0.00011005048 -1.8572076e-12 0)
(0.00011005046 -2.0279738e-12 0)
(0.00011005044 -2.2048027e-12 0)
(0.00011005041 -2.3895327e-12 0)
(0.00011005039 -2.5812792e-12 0)
(0.00011005036 -2.7799636e-12 0)
(0.00011005033 -2.9822212e-12 0)
(0.0001100503 -3.1847205e-12 0)
(0.00011005026 -3.3800496e-12 0)
(0.00011005022 -3.5610406e-12 0)
(0.00011005018 -3.7183083e-12 0)
(0.00011005014 -3.840941e-12 0)
(0.0001100501 -3.937986e-12 0)
(0.00011005006 -4.1561005e-12 0)
(0.00011005001 -4.7714822e-12 0)
(0.00011004997 -3.4762141e-12 0)
(0.00011004986 -2.520244e-11 0)
)
;

boundaryField
{
    inlet_0
    {
        type            fixedValue;
        value           uniform (0.003228 0 0);
    }
    inlet_1
    {
        type            fixedValue;
        value           uniform (0.003228 0 0);
    }
    inlet_2
    {
        type            fixedValue;
        value           uniform (0.003228 0 0);
    }
    inlet_3
    {
        type            fixedValue;
        value           uniform (0.003228 0 0);
    }
    inlet_4
    {
        type            fixedValue;
        value           uniform (0.003228 0 0);
    }
    inlet_5
    {
        type            fixedValue;
        value           uniform (0.003228 0 0);
    }
    inlet_6
    {
        type            fixedValue;
        value           uniform (0.003228 0 0);
    }
    inlet_7
    {
        type            fixedValue;
        value           uniform (0.003228 0 0);
    }
    outlet
    {
        type            zeroGradient;
    }
    walls
    {
        type            noSlip;
    }
    floor
    {
        type            noSlip;
    }
    frontAndBack
    {
        type            empty;
    }
}


// ************************************************************************* //
