/*--------------------------------*- C++ -*----------------------------------*\
| =========                 |                                                 |
| \\      /  F ield         | OpenFOAM: The Open Source CFD Toolbox           |
|  \\    /   O peration     | Version:  2406                                  |
|   \\  /    A nd           | Website:  www.openfoam.com                      |
|    \\/     M anipulation  |                                                 |
\*---------------------------------------------------------------------------*/
FoamFile
{
    version     2.0;
    format      ascii;
    arch        "LSB;label=32;scalar=64";
    class       volScalarField;
    location    "319";
    object      p;
}
// * * * * * * * * * * * * * * * * * * * * * * * * * * * * * * * * * * * * * //

dimensions      [0 2 -2 0 0 0 0];

internalField   nonuniform List<scalar> 
8000
(
0.00087707542
0.00058926625
0.00047534079
0.00042904281
0.00040210101
0.00038578716
0.00037532736
0.0003679508
0.00036234617
0.00035784421
0.00035406612
0.00035078506
0.00034785782
0.00034518928
0.0003427137
0.00034038419
0.0003381665
0.00033603509
0.0003339707
0.00033195856
0.00032998728
0.000328048
0.00032613381
0.00032423926
0.00032236007
0.00032049284
0.0003186349
0.00031678413
0.00031493885
0.00031309774
0.00031125974
0.00030942404
0.00030758999
0.00030575708
0.00030392493
0.00030209323
0.00030026175
0.00029843033
0.00029659884
0.00029476718
0.0002929353
0.00029110314
0.00028927069
0.00028743793
0.00028560487
0.00028377149
0.00028193783
0.00028010387
0.00027826966
0.00027643519
0.00027460049
0.00027276557
0.00027093046
0.00026909516
0.0002672597
0.00026542409
0.00026358835
0.00026175249
0.00025991651
0.00025808044
0.00025624428
0.00025440805
0.00025257174
0.00025073537
0.00024889895
0.00024706248
0.00024522596
0.00024338941
0.00024155282
0.0002397162
0.00023787956
0.00023604289
0.0002342062
0.00023236949
0.00023053276
0.00022869602
0.00022685926
0.00022502249
0.00022318571
0.00022134892
0.00021951212
0.00021767532
0.0002158385
0.00021400167
0.00021216484
0.000210328
0.00020849116
0.00020665431
0.00020481745
0.00020298059
0.00020114372
0.00019930685
0.00019746997
0.00019563309
0.00019379621
0.00019195932
0.00019012242
0.00018828552
0.00018644862
0.00018461171
0.0001827748
0.00018093789
0.00017910098
0.00017726406
0.00017542714
0.00017359022
0.00017175329
0.00016991636
0.00016807943
0.0001662425
0.00016440557
0.00016256864
0.0001607317
0.00015889477
0.00015705783
0.0001552209
0.00015338396
0.00015154702
0.00014971008
0.00014787314
0.00014603621
0.00014419927
0.00014236233
0.00014052539
0.00013868845
0.00013685151
0.00013501458
0.00013317764
0.0001313407
0.00012950377
0.00012766683
0.0001258299
0.00012399296
0.00012215602
0.00012031909
0.00011848216
0.00011664522
0.00011480829
0.00011297135
0.00011113442
0.00010929749
0.00010746056
0.00010562362
0.00010378669
0.00010194976
0.00010011283
9.8275894e-05
9.6438962e-05
9.460203e-05
9.2765099e-05
9.0928167e-05
8.9091235e-05
8.7254304e-05
8.5417372e-05
8.3580441e-05
8.1743509e-05
7.9906578e-05
7.8069646e-05
7.6232715e-05
7.4395783e-05
7.2558851e-05
7.072192e-05
6.8884988e-05
6.7048057e-05
6.5211125e-05
6.3374193e-05
6.1537261e-05
5.970033e-05
5.7863398e-05
5.6026466e-05
5.4189534e-05
5.2352602e-05
5.051567e-05
4.8678738e-05
4.6841806e-05
4.5004873e-05
4.3167941e-05
4.1331009e-05
3.9494076e-05
3.7657144e-05
3.5820211e-05
3.3983279e-05
3.2146346e-05
3.0309413e-05
2.847248e-05
2.6635547e-05
2.4798614e-05
2.296168e-05
2.1124747e-05
1.9287813e-05
1.7450879e-05
1.5613945e-05
1.3777011e-05
1.1940077e-05
1.0103143e-05
8.2662089e-06
6.4292751e-06
4.5923416e-06
2.7554087e-06
9.1846627e-07
0.00065238675
0.00053578402
0.00046981992
0.00043358143
0.00040896741
0.00039228715
0.00038075714
0.00037232847
0.00036585341
0.00036066668
0.00035635631
0.00035265993
0.00034940536
0.00034647581
0.0003437897
0.0003412886
0.00033892978
0.00033668141
0.00033451944
0.00033242546
0.00033038523
0.00032838765
0.00032642399
0.00032448738
0.00032257234
0.00032067452
0.00031879043
0.00031691729
0.00031505286
0.00031319534
0.00031134328
0.00030949552
0.00030765113
0.00030580936
0.00030396961
0.0003021314
0.00030029434
0.00029845814
0.00029662256
0.00029478739
0.00029295251
0.00029111779
0.00028928315
0.00028744852
0.00028561385
0.00028377912
0.00028194429
0.00028010935
0.00027827429
0.0002764391
0.00027460379
0.00027276836
0.0002709328
0.00026909714
0.00026726136
0.00026542549
0.00026358952
0.00026175346
0.00025991733
0.00025808112
0.00025624485
0.00025440852
0.00025257213
0.00025073569
0.00024889921
0.00024706269
0.00024522613
0.00024338955
0.00024155293
0.00023971629
0.00023787962
0.00023604293
0.00023420623
0.00023236951
0.00023053277
0.00022869602
0.00022685926
0.00022502249
0.0002231857
0.00022134891
0.00021951211
0.00021767529
0.00021583848
0.00021400165
0.00021216482
0.00021032798
0.00020849113
0.00020665428
0.00020481743
0.00020298056
0.0002011437
0.00019930682
0.00019746995
0.00019563307
0.00019379618
0.00019195929
0.0001901224
0.0001882855
0.0001864486
0.00018461169
0.00018277479
0.00018093787
0.00017910096
0.00017726404
0.00017542712
0.0001735902
0.00017175328
0.00016991635
0.00016807942
0.00016624249
0.00016440556
0.00016256863
0.0001607317
0.00015889476
0.00015705783
0.00015522089
0.00015338396
0.00015154702
0.00014971008
0.00014787314
0.0001460362
0.00014419927
0.00014236233
0.00014052539
0.00013868845
0.00013685152
0.00013501458
0.00013317764
0.0001313407
0.00012950377
0.00012766683
0.0001258299
0.00012399296
0.00012215603
0.00012031909
0.00011848216
0.00011664522
0.00011480829
0.00011297136
0.00011113442
0.00010929749
0.00010746056
0.00010562362
0.00010378669
0.00010194976
0.00010011283
9.8275894e-05
9.6438963e-05
9.4602031e-05
9.2765099e-05
9.0928167e-05
8.9091236e-05
8.7254304e-05
8.5417372e-05
8.3580441e-05
8.1743509e-05
7.9906578e-05
7.8069646e-05
7.6232715e-05
7.4395783e-05
7.2558851e-05
7.072192e-05
6.8884988e-05
6.7048056e-05
6.5211125e-05
6.3374193e-05
6.1537261e-05
5.9700329e-05
5.7863398e-05
5.6026466e-05
5.4189534e-05
5.2352602e-05
5.051567e-05
4.8678738e-05
4.6841805e-05
4.5004873e-05
4.3167941e-05
4.1331009e-05
3.9494076e-05
3.7657144e-05
3.5820211e-05
3.3983278e-05
3.2146346e-05
3.0309413e-05
2.847248e-05
2.6635547e-05
2.4798614e-05
2.296168e-05
2.1124747e-05
1.9287813e-05
1.745088e-05
1.5613946e-05
1.3777012e-05
1.1940079e-05
1.0103145e-05
8.2662115e-06
6.4292781e-06
4.5923452e-06
2.7554143e-06
9.1846861e-07
0.0005393623
0.00049793204
0.00046151104
0.00043376807
0.00041236205
0.0003965115
0.00038478031
0.00037584829
0.00036883866
0.00036317063
0.00035845164
0.00035441602
0.00035088165
0.00034772117
0.00034484373
0.00034218336
0.00033969129
0.00033733091
0.00033507438
0.00033290029
0.00033079197
0.00032873637
0.00032672317
0.00032474417
0.00032279281
0.00032086385
0.00031895302
0.00031705691
0.00031517273
0.00031329824
0.00031143158
0.00030957128
0.00030771609
0.00030586504
0.00030401731
0.00030217225
0.0003003293
0.00029848804
0.00029664811
0.00029480923
0.00029297115
0.00029113369
0.0002892967
0.00028746007
0.00028562368
0.00028378748
0.00028195139
0.00028011538
0.00027827941
0.00027644344
0.00027460747
0.00027277147
0.00027093543
0.00026909935
0.00026726323
0.00026542706
0.00026359084
0.00026175458
0.00025991826
0.0002580819
0.0002562455
0.00025440906
0.00025257258
0.00025073606
0.00024889952
0.00024706294
0.00024522634
0.00024338971
0.00024155306
0.00023971639
0.0002378797
0.000236043
0.00023420628
0.00023236954
0.0002305328
0.00022869604
0.00022685927
0.00022502248
0.00022318569
0.0002213489
0.00021951209
0.00021767528
0.00021583846
0.00021400163
0.00021216479
0.00021032795
0.00020849111
0.00020665426
0.0002048174
0.00020298054
0.00020114367
0.0001993068
0.00019746992
0.00019563304
0.00019379616
0.00019195927
0.00019012238
0.00018828548
0.00018644858
0.00018461167
0.00018277477
0.00018093786
0.00017910094
0.00017726403
0.00017542711
0.00017359019
0.00017175327
0.00016991634
0.00016807941
0.00016624249
0.00016440556
0.00016256862
0.00016073169
0.00015889476
0.00015705782
0.00015522089
0.00015338395
0.00015154702
0.00014971008
0.00014787314
0.0001460362
0.00014419927
0.00014236233
0.00014052539
0.00013868845
0.00013685152
0.00013501458
0.00013317764
0.00013134071
0.00012950377
0.00012766683
0.0001258299
0.00012399296
0.00012215603
0.00012031909
0.00011848216
0.00011664522
0.00011480829
0.00011297136
0.00011113442
0.00010929749
0.00010746056
0.00010562362
0.00010378669
0.00010194976
0.00010011283
9.8275895e-05
9.6438963e-05
9.4602031e-05
9.2765099e-05
9.0928167e-05
8.9091236e-05
8.7254304e-05
8.5417373e-05
8.3580441e-05
8.1743509e-05
7.9906578e-05
7.8069646e-05
7.6232715e-05
7.4395783e-05
7.2558851e-05
7.072192e-05
6.8884988e-05
6.7048056e-05
6.5211125e-05
6.3374193e-05
6.1537261e-05
5.9700329e-05
5.7863397e-05
5.6026465e-05
5.4189534e-05
5.2352602e-05
5.0515669e-05
4.8678737e-05
4.6841805e-05
4.5004873e-05
4.3167941e-05
4.1331008e-05
3.9494076e-05
3.7657144e-05
3.5820211e-05
3.3983278e-05
3.2146346e-05
3.0309413e-05
2.847248e-05
2.6635547e-05
2.4798614e-05
2.2961681e-05
2.1124747e-05
1.9287814e-05
1.7450881e-05
1.5613947e-05
1.3777014e-05
1.194008e-05
1.0103147e-05
8.266214e-06
6.4292811e-06
4.5923488e-06
2.75542e-06
9.1847019e-07
0.000485788
0.00046930271
0.00044808281
0.00042798568
0.00041091863
0.00039720926
0.00038635127
0.00037768285
0.00037065758
0.00036485454
0.00035995946
0.00035574315
0.00035203916
0.00034872587
0.00034571362
0.00034293559
0.00034034141
0.00033789265
0.00033555973
0.00033331962
0.00033115426
0.00032904936
0.00032699353
0.00032497768
0.00032299445
0.00032103791
0.00031910323
0.00031718649
0.00031528448
0.00031339456
0.00031151457
0.00030964273
0.00030777759
0.00030591794
0.00030406279
0.00030221132
0.00030036286
0.00029851684
0.00029667281
0.00029483039
0.00029298927
0.0002911492
0.00028930997
0.00028747141
0.00028563337
0.00028379574
0.00028195844
0.00028012139
0.00027828452
0.00027644779
0.00027461116
0.00027277461
0.00027093809
0.00026910161
0.00026726514
0.00026542868
0.00026359221
0.00026175573
0.00025991923
0.00025808272
0.00025624619
0.00025440963
0.00025257306
0.00025073647
0.00024889985
0.00024706322
0.00024522657
0.0002433899
0.00024155322
0.00023971652
0.0002378798
0.00023604308
0.00023420634
0.00023236959
0.00023053283
0.00022869606
0.00022685928
0.00022502249
0.0002231857
0.00022134889
0.00021951208
0.00021767527
0.00021583844
0.00021400161
0.00021216478
0.00021032793
0.00020849109
0.00020665424
0.00020481738
0.00020298052
0.00020114365
0.00019930678
0.0001974699
0.00019563302
0.00019379614
0.00019195925
0.00019012236
0.00018828546
0.00018644856
0.00018461166
0.00018277475
0.00018093784
0.00017910093
0.00017726402
0.0001754271
0.00017359018
0.00017175326
0.00016991633
0.00016807941
0.00016624248
0.00016440555
0.00016256862
0.00016073169
0.00015889475
0.00015705782
0.00015522089
0.00015338395
0.00015154701
0.00014971008
0.00014787314
0.0001460362
0.00014419927
0.00014236233
0.00014052539
0.00013868845
0.00013685152
0.00013501458
0.00013317764
0.00013134071
0.00012950377
0.00012766683
0.0001258299
0.00012399296
0.00012215603
0.00012031909
0.00011848216
0.00011664522
0.00011480829
0.00011297136
0.00011113442
0.00010929749
0.00010746056
0.00010562362
0.00010378669
0.00010194976
0.00010011283
9.8275895e-05
9.6438963e-05
9.4602031e-05
9.2765099e-05
9.0928168e-05
8.9091236e-05
8.7254304e-05
8.5417373e-05
8.3580441e-05
8.1743509e-05
7.9906578e-05
7.8069646e-05
7.6232715e-05
7.4395783e-05
7.2558851e-05
7.072192e-05
6.8884988e-05
6.7048056e-05
6.5211125e-05
6.3374193e-05
6.1537261e-05
5.9700329e-05
5.7863397e-05
5.6026465e-05
5.4189533e-05
5.2352601e-05
5.0515669e-05
4.8678737e-05
4.6841805e-05
4.5004873e-05
4.3167941e-05
4.1331008e-05
3.9494076e-05
3.7657143e-05
3.5820211e-05
3.3983278e-05
3.2146346e-05
3.0309413e-05
2.847248e-05
2.6635547e-05
2.4798614e-05
2.2961681e-05
2.1124748e-05
1.9287815e-05
1.7450881e-05
1.5613948e-05
1.3777015e-05
1.1940082e-05
1.0103149e-05
8.266216e-06
6.4292834e-06
4.5923516e-06
2.7554245e-06
9.1847108e-07
0.00045230218
0.00044644913
0.0004344038
0.00042048044
0.00040742732
0.0003960714
0.00038647748
0.00037844225
0.00037169494
0.00036597512
0.00036106143
0.00035677677
0.00035298318
0.00034957433
0.00034646851
0.00034360277
0.00034092838
0.00033840741
0.00033601009
0.00033371292
0.00033149723
0.00032934808
0.00032725345
0.00032520362
0.00032319068
0.00032120821
0.00031925091
0.00031731446
0.00031539529
0.00031349044
0.00031159748
0.00030971438
0.00030783946
0.00030597133
0.00030410883
0.000302251
0.00030039702
0.00029854624
0.0002966981
0.00029485212
0.00029300794
0.00029116522
0.00028932371
0.00028748318
0.00028564345
0.00028380437
0.00028196582
0.00028012769
0.0002782899
0.00027645238
0.00027461508
0.00027277794
0.00027094093
0.00026910403
0.00026726719
0.00026543042
0.00026359368
0.00026175698
0.00025992029
0.00025808361
0.00025624694
0.00025441027
0.00025257359
0.00025073691
0.00024890023
0.00024706353
0.00024522683
0.00024339012
0.00024155339
0.00023971666
0.00023787992
0.00023604317
0.00023420642
0.00023236965
0.00023053288
0.00022869609
0.00022685931
0.00022502251
0.00022318571
0.0002213489
0.00021951208
0.00021767526
0.00021583843
0.0002140016
0.00021216476
0.00021032792
0.00020849107
0.00020665422
0.00020481736
0.0002029805
0.00020114363
0.00019930676
0.00019746988
0.000195633
0.00019379612
0.00019195923
0.00019012234
0.00018828544
0.00018644855
0.00018461164
0.00018277474
0.00018093783
0.00017910092
0.000177264
0.00017542709
0.00017359017
0.00017175325
0.00016991632
0.0001680794
0.00016624247
0.00016440554
0.00016256861
0.00016073168
0.00015889475
0.00015705782
0.00015522088
0.00015338395
0.00015154701
0.00014971008
0.00014787314
0.0001460362
0.00014419927
0.00014236233
0.00014052539
0.00013868845
0.00013685152
0.00013501458
0.00013317764
0.00013134071
0.00012950377
0.00012766684
0.0001258299
0.00012399296
0.00012215603
0.00012031909
0.00011848216
0.00011664523
0.00011480829
0.00011297136
0.00011113442
0.00010929749
0.00010746056
0.00010562363
0.00010378669
0.00010194976
0.00010011283
9.8275896e-05
9.6438964e-05
9.4602032e-05
9.27651e-05
9.0928168e-05
8.9091236e-05
8.7254304e-05
8.5417373e-05
8.3580441e-05
8.1743509e-05
7.9906578e-05
7.8069646e-05
7.6232715e-05
7.4395783e-05
7.2558851e-05
7.072192e-05
6.8884988e-05
6.7048056e-05
6.5211124e-05
6.3374193e-05
6.1537261e-05
5.9700329e-05
5.7863397e-05
5.6026465e-05
5.4189533e-05
5.2352601e-05
5.0515669e-05
4.8678737e-05
4.6841805e-05
4.5004873e-05
4.3167941e-05
4.1331008e-05
3.9494076e-05
3.7657143e-05
3.5820211e-05
3.3983278e-05
3.2146346e-05
3.0309413e-05
2.847248e-05
2.6635547e-05
2.4798614e-05
2.2961681e-05
2.1124748e-05
1.9287815e-05
1.7450882e-05
1.5613949e-05
1.3777016e-05
1.1940083e-05
1.010315e-05
8.2662174e-06
6.429285e-06
4.5923535e-06
2.7554274e-06
9.1847154e-07
0.00043009158
0.0004290584
0.00042248286
0.00041301919
0.00040320357
0.00039399376
0.0003857309
0.00037848215
0.00037217275
0.00036667453
0.00036185235
0.00035758327
0.00035376262
0.00035030425
0.00034713853
0.00034420963
0.00034147293
0.00033889275
0.00033644047
0.00033409309
0.000331832
0.00032964213
0.00032751118
0.00032542911
0.00032338767
0.00032138004
0.00031940062
0.00031744475
0.00031550855
0.0003135888
0.00031168282
0.00030978835
0.00030790353
0.00030602678
0.00030415678
0.00030229242
0.00030043279
0.0002985771
0.00029672469
0.00029487503
0.00029302766
0.00029118219
0.00028933829
0.0002874957
0.0002856542
0.00028381359
0.00028197372
0.00028013446
0.00027829569
0.00027645733
0.00027461931
0.00027278155
0.00027094401
0.00026910665
0.00026726943
0.00026543232
0.0002635953
0.00026175835
0.00025992145
0.0002580846
0.00025624777
0.00025441097
0.00025257419
0.00025073741
0.00024890065
0.00024706389
0.00024522712
0.00024339036
0.0002415536
0.00023971683
0.00023788006
0.00023604329
0.00023420651
0.00023236972
0.00023053294
0.00022869614
0.00022685934
0.00022502254
0.00022318572
0.00022134891
0.00021951209
0.00021767526
0.00021583843
0.0002140016
0.00021216475
0.00021032791
0.00020849106
0.00020665421
0.00020481735
0.00020298048
0.00020114362
0.00019930674
0.00019746987
0.00019563299
0.0001937961
0.00019195922
0.00019012233
0.00018828543
0.00018644853
0.00018461163
0.00018277473
0.00018093782
0.00017910091
0.00017726399
0.00017542708
0.00017359016
0.00017175324
0.00016991632
0.00016807939
0.00016624247
0.00016440554
0.00016256861
0.00016073168
0.00015889475
0.00015705781
0.00015522088
0.00015338394
0.00015154701
0.00014971007
0.00014787314
0.0001460362
0.00014419926
0.00014236233
0.00014052539
0.00013868845
0.00013685152
0.00013501458
0.00013317764
0.00013134071
0.00012950377
0.00012766684
0.0001258299
0.00012399296
0.00012215603
0.00012031909
0.00011848216
0.00011664523
0.00011480829
0.00011297136
0.00011113442
0.00010929749
0.00010746056
0.00010562363
0.00010378669
0.00010194976
0.00010011283
9.8275896e-05
9.6438964e-05
9.4602032e-05
9.27651e-05
9.0928168e-05
8.9091236e-05
8.7254304e-05
8.5417373e-05
8.3580441e-05
8.1743509e-05
7.9906578e-05
7.8069646e-05
7.6232715e-05
7.4395783e-05
7.2558851e-05
7.072192e-05
6.8884988e-05
6.7048056e-05
6.5211124e-05
6.3374193e-05
6.1537261e-05
5.9700329e-05
5.7863397e-05
5.6026465e-05
5.4189533e-05
5.2352601e-05
5.0515669e-05
4.8678737e-05
4.6841805e-05
4.5004873e-05
4.3167941e-05
4.1331008e-05
3.9494076e-05
3.7657143e-05
3.5820211e-05
3.3983278e-05
3.2146346e-05
3.0309413e-05
2.847248e-05
2.6635547e-05
2.4798614e-05
2.2961681e-05
2.1124748e-05
1.9287815e-05
1.7450882e-05
1.5613949e-05
1.3777016e-05
1.1940083e-05
1.0103151e-05
8.2662181e-06
6.4292858e-06
4.5923543e-06
2.7554286e-06
9.1847165e-07
0.00041514875
0.00041605177
0.00041255669
0.00040615027
0.00039882529
0.00039144911
0.0003844493
0.00037802922
0.00037223921
0.00036704934
0.00036239613
0.00035820629
0.00035440855
0.00035093881
0.00034774176
0.00034477084
0.00034198728
0.00033935908
0.00033685986
0.00033446791
0.00033216536
0.00032993743
0.00032777193
0.00032565871
0.00032358936
0.00032155687
0.00031955537
0.00031757996
0.00031562652
0.00031369159
0.00031177228
0.00030986612
0.00030797107
0.00030608537
0.00030420756
0.0003023364
0.00030047083
0.00029860998
0.0002967531
0.00029489955
0.0002930488
0.00029120041
0.00028935398
0.0002875092
0.00028566581
0.00028382356
0.00028198228
0.0002801418
0.00027830199
0.00027646273
0.00027462392
0.0002727855
0.00027094739
0.00026910953
0.00026727189
0.00026543442
0.00026359709
0.00026175987
0.00025992274
0.00025808569
0.0002562487
0.00025441176
0.00025257485
0.00025073798
0.00024890112
0.00024706429
0.00024522746
0.00024339064
0.00024155383
0.00023971703
0.00023788023
0.00023604342
0.00023420662
0.00023236981
0.00023053301
0.0002286962
0.00022685939
0.00022502257
0.00022318575
0.00022134893
0.0002195121
0.00021767527
0.00021583843
0.00021400159
0.00021216475
0.0002103279
0.00020849105
0.0002066542
0.00020481734
0.00020298047
0.0002011436
0.00019930673
0.00019746985
0.00019563297
0.00019379609
0.0001919592
0.00019012231
0.00018828542
0.00018644852
0.00018461162
0.00018277471
0.00018093781
0.0001791009
0.00017726398
0.00017542707
0.00017359015
0.00017175323
0.00016991631
0.00016807939
0.00016624246
0.00016440553
0.0001625686
0.00016073167
0.00015889474
0.00015705781
0.00015522088
0.00015338394
0.00015154701
0.00014971007
0.00014787314
0.0001460362
0.00014419926
0.00014236233
0.00014052539
0.00013868845
0.00013685152
0.00013501458
0.00013317764
0.00013134071
0.00012950377
0.00012766684
0.0001258299
0.00012399296
0.00012215603
0.0001203191
0.00011848216
0.00011664523
0.00011480829
0.00011297136
0.00011113443
0.00010929749
0.00010746056
0.00010562363
0.00010378669
0.00010194976
0.00010011283
9.8275896e-05
9.6438964e-05
9.4602032e-05
9.27651e-05
9.0928168e-05
8.9091236e-05
8.7254305e-05
8.5417373e-05
8.3580441e-05
8.174351e-05
7.9906578e-05
7.8069646e-05
7.6232715e-05
7.4395783e-05
7.2558851e-05
7.072192e-05
6.8884988e-05
6.7048056e-05
6.5211124e-05
6.3374193e-05
6.1537261e-05
5.9700329e-05
5.7863397e-05
5.6026465e-05
5.4189533e-05
5.2352601e-05
5.0515669e-05
4.8678737e-05
4.6841805e-05
4.5004873e-05
4.316794e-05
4.1331008e-05
3.9494076e-05
3.7657143e-05
3.5820211e-05
3.3983278e-05
3.2146346e-05
3.0309413e-05
2.847248e-05
2.6635547e-05
2.4798614e-05
2.2961681e-05
2.1124748e-05
1.9287816e-05
1.7450882e-05
1.5613949e-05
1.3777016e-05
1.1940084e-05
1.0103151e-05
8.266218e-06
6.4292856e-06
4.5923539e-06
2.7554277e-06
9.1847142e-07
0.00040468811
0.00040622609
0.00040443462
0.00040008581
0.00039462658
0.00038875413
0.00038288226
0.00037726432
0.00037201992
0.00036718518
0.00036275115
0.0003586863
0.00035494984
0.00035149935
0.00034829466
0.00034529953
0.00034248226
0.00033981552
0.00033727607
0.00033484418
0.00033250323
0.00033023918
0.00032804021
0.00032589637
0.00032379924
0.00032174172
0.00031971779
0.00031772239
0.00031575119
0.00031380054
0.00031186735
0.00030994897
0.00030804317
0.00030614805
0.000304262
0.00030238362
0.00030051176
0.00029864543
0.00029678376
0.00029492605
0.00029307169
0.00029122016
0.00028937101
0.00028752388
0.00028567844
0.00028383443
0.00028199162
0.00028014983
0.00027830888
0.00027646863
0.00027462899
0.00027278984
0.0002709511
0.00026911271
0.0002672746
0.00026543673
0.00026359906
0.00026176155
0.00025992418
0.00025808691
0.00025624974
0.00025441264
0.0002525756
0.00025073861
0.00024890166
0.00024706474
0.00024522784
0.00024339096
0.0002415541
0.00023971725
0.00023788041
0.00023604358
0.00023420675
0.00023236992
0.00023053309
0.00022869627
0.00022685944
0.00022502261
0.00022318579
0.00022134895
0.00021951212
0.00021767528
0.00021583844
0.0002140016
0.00021216475
0.0002103279
0.00020849105
0.00020665419
0.00020481733
0.00020298046
0.00020114359
0.00019930672
0.00019746984
0.00019563296
0.00019379608
0.00019195919
0.0001901223
0.00018828541
0.00018644851
0.00018461161
0.0001827747
0.0001809378
0.00017910089
0.00017726398
0.00017542706
0.00017359014
0.00017175322
0.0001699163
0.00016807938
0.00016624245
0.00016440553
0.0001625686
0.00016073167
0.00015889474
0.00015705781
0.00015522087
0.00015338394
0.000151547
0.00014971007
0.00014787313
0.0001460362
0.00014419926
0.00014236233
0.00014052539
0.00013868845
0.00013685152
0.00013501458
0.00013317764
0.00013134071
0.00012950377
0.00012766684
0.0001258299
0.00012399297
0.00012215603
0.0001203191
0.00011848216
0.00011664523
0.00011480829
0.00011297136
0.00011113443
0.00010929749
0.00010746056
0.00010562363
0.00010378669
0.00010194976
0.00010011283
9.8275896e-05
9.6438964e-05
9.4602032e-05
9.27651e-05
9.0928168e-05
8.9091237e-05
8.7254305e-05
8.5417373e-05
8.3580441e-05
8.174351e-05
7.9906578e-05
7.8069646e-05
7.6232715e-05
7.4395783e-05
7.2558851e-05
7.072192e-05
6.8884988e-05
6.7048056e-05
6.5211124e-05
6.3374193e-05
6.1537261e-05
5.9700329e-05
5.7863397e-05
5.6026465e-05
5.4189533e-05
5.2352601e-05
5.0515669e-05
4.8678737e-05
4.6841805e-05
4.5004873e-05
4.316794e-05
4.1331008e-05
3.9494076e-05
3.7657143e-05
3.5820211e-05
3.3983278e-05
3.2146346e-05
3.0309413e-05
2.847248e-05
2.6635547e-05
2.4798614e-05
2.2961681e-05
2.1124748e-05
1.9287815e-05
1.7450882e-05
1.5613949e-05
1.3777016e-05
1.1940083e-05
1.010315e-05
8.2662171e-06
6.4292843e-06
4.592352e-06
2.7554249e-06
9.1847087e-07
0.00039706606
0.00039869987
0.00039784647
0.0003948698
0.00039078235
0.00038610848
0.00038120436
0.00037632296
0.00037161342
0.00036715103
0.00036296481
0.00035905573
0.00035540892
0.00035200177
0.00034880882
0.00034580452
0.00034296481
0.00034026777
0.00033769388
0.00033522598
0.00033284915
0.00033055046
0.00032831877
0.0003261445
0.0003240194
0.00032193643
0.0003198895
0.00031787344
0.00031588378
0.00031391671
0.00031196895
0.00031003769
0.00030812054
0.00030621543
0.0003043206
0.00030243453
0.00030055595
0.00029868373
0.00029681694
0.00029495477
0.00029309652
0.0002912416
0.00028938952
0.00028753984
0.0002856922
0.00028384628
0.00028200182
0.00028015859
0.00027831641
0.0002764751
0.00027463453
0.00027279459
0.00027095517
0.00026911619
0.00026727758
0.00026543928
0.00026360123
0.00026176341
0.00025992576
0.00025808826
0.00025625088
0.00025441361
0.00025257643
0.00025073931
0.00024890225
0.00024706524
0.00024522826
0.00024339132
0.0002415544
0.00023971751
0.00023788062
0.00023604376
0.0002342069
0.00023237004
0.0002305332
0.00022869635
0.00022685951
0.00022502267
0.00022318583
0.00022134899
0.00021951215
0.0002176753
0.00021583846
0.00021400161
0.00021216476
0.0002103279
0.00020849105
0.00020665419
0.00020481732
0.00020298046
0.00020114359
0.00019930671
0.00019746983
0.00019563295
0.00019379607
0.00019195918
0.00019012229
0.0001882854
0.0001864485
0.0001846116
0.00018277469
0.00018093779
0.00017910088
0.00017726397
0.00017542705
0.00017359014
0.00017175322
0.0001699163
0.00016807937
0.00016624245
0.00016440552
0.00016256859
0.00016073166
0.00015889473
0.0001570578
0.00015522087
0.00015338394
0.000151547
0.00014971007
0.00014787313
0.0001460362
0.00014419926
0.00014236232
0.00014052539
0.00013868845
0.00013685152
0.00013501458
0.00013317764
0.00013134071
0.00012950377
0.00012766684
0.0001258299
0.00012399297
0.00012215603
0.0001203191
0.00011848216
0.00011664523
0.00011480829
0.00011297136
0.00011113443
0.00010929749
0.00010746056
0.00010562363
0.00010378669
0.00010194976
0.00010011283
9.8275897e-05
9.6438965e-05
9.4602032e-05
9.27651e-05
9.0928169e-05
8.9091237e-05
8.7254305e-05
8.5417373e-05
8.3580442e-05
8.174351e-05
7.9906578e-05
7.8069646e-05
7.6232715e-05
7.4395783e-05
7.2558851e-05
7.072192e-05
6.8884988e-05
6.7048056e-05
6.5211124e-05
6.3374193e-05
6.1537261e-05
5.9700329e-05
5.7863397e-05
5.6026465e-05
5.4189533e-05
5.2352601e-05
5.0515669e-05
4.8678737e-05
4.6841805e-05
4.5004873e-05
4.316794e-05
4.1331008e-05
3.9494076e-05
3.7657143e-05
3.5820211e-05
3.3983278e-05
3.2146345e-05
3.0309413e-05
2.847248e-05
2.6635547e-05
2.4798614e-05
2.2961681e-05
2.1124748e-05
1.9287815e-05
1.7450882e-05
1.5613949e-05
1.3777015e-05
1.1940082e-05
1.0103149e-05
8.2662153e-06
6.4292819e-06
4.592349e-06
2.75542e-06
9.1847003e-07
0.00039133561
0.00039285953
0.00039251757
0.00039045219
0.0003873625
0.00038362655
0.00037953064
0.00037530188
0.00037109348
0.00036699963
0.00036307314
0.00035933835
0.00035580104
0.00035245563
0.00034929014
0.0003462894
0.00034343714
0.00034071717
0.00033811415
0.00033561389
0.00033320355
0.00033087161
0.00032860786
0.00032640331
0.00032425005
0.00032214118
0.00032007066
0.00031803327
0.00031602443
0.00031404021
0.00031207717
0.00031013236
0.00030820322
0.00030628753
0.0003043834
0.00030248916
0.00030060341
0.00029872492
0.00029685265
0.0002949857
0.00029312328
0.00029126474
0.00028940951
0.00028755709
0.00028570707
0.0002838591
0.00028201285
0.00028016809
0.00027832457
0.00027648211
0.00027464055
0.00027279975
0.00027095959
0.00026911998
0.00026728082
0.00026544205
0.0002636036
0.00026176543
0.00025992748
0.00025808973
0.00025625214
0.00025441468
0.00025257733
0.00025074008
0.0002489029
0.00024706579
0.00024522873
0.00024339172
0.00024155474
0.00023971779
0.00023788086
0.00023604395
0.00023420706
0.00023237018
0.00023053331
0.00022869645
0.00022685959
0.00022502273
0.00022318588
0.00022134903
0.00021951218
0.00021767533
0.00021583848
0.00021400162
0.00021216477
0.00021032791
0.00020849105
0.00020665419
0.00020481732
0.00020298045
0.00020114358
0.00019930671
0.00019746983
0.00019563295
0.00019379606
0.00019195917
0.00019012228
0.00018828539
0.00018644849
0.00018461159
0.00018277469
0.00018093778
0.00017910087
0.00017726396
0.00017542704
0.00017359013
0.00017175321
0.00016991629
0.00016807937
0.00016624244
0.00016440552
0.00016256859
0.00016073166
0.00015889473
0.0001570578
0.00015522087
0.00015338393
0.000151547
0.00014971006
0.00014787313
0.00014603619
0.00014419926
0.00014236232
0.00014052539
0.00013868845
0.00013685151
0.00013501458
0.00013317764
0.00013134071
0.00012950377
0.00012766684
0.0001258299
0.00012399296
0.00012215603
0.0001203191
0.00011848216
0.00011664523
0.00011480829
0.00011297136
0.00011113443
0.00010929749
0.00010746056
0.00010562363
0.00010378669
0.00010194976
0.00010011283
9.8275897e-05
9.6438965e-05
9.4602033e-05
9.2765101e-05
9.0928169e-05
8.9091237e-05
8.7254305e-05
8.5417373e-05
8.3580442e-05
8.174351e-05
7.9906578e-05
7.8069647e-05
7.6232715e-05
7.4395783e-05
7.2558852e-05
7.072192e-05
6.8884988e-05
6.7048056e-05
6.5211125e-05
6.3374193e-05
6.1537261e-05
5.9700329e-05
5.7863397e-05
5.6026465e-05
5.4189533e-05
5.2352601e-05
5.0515669e-05
4.8678737e-05
4.6841805e-05
4.5004873e-05
4.316794e-05
4.1331008e-05
3.9494076e-05
3.7657143e-05
3.5820211e-05
3.3983278e-05
3.2146345e-05
3.0309413e-05
2.847248e-05
2.6635547e-05
2.4798614e-05
2.2961681e-05
2.1124748e-05
1.9287814e-05
1.7450881e-05
1.5613948e-05
1.3777014e-05
1.194008e-05
1.0103147e-05
8.2662127e-06
6.4292786e-06
4.5923447e-06
2.7554135e-06
9.1846891e-07
0.00038692239
0.00038827376
0.00038820585
0.00038674663
0.00038437934
0.00038136875
0.00037793495
0.00037426955
0.00037051539
0.00036677167
0.00036310381
0.00035955157
0.00035613609
0.00035286563
0.00034973992
0.00034675337
0.00034389721
0.00034116108
0.000338534
0.00033600503
0.00033356366
0.00033120007
0.00032890517
0.00032667073
0.00032448933
0.00032235433
0.00032025982
0.00031820058
0.00031617201
0.00031417004
0.00031219115
0.00031023222
0.00030829056
0.0003063638
0.00030444989
0.00030254705
0.00030065375
0.00029876865
0.0002968906
0.00029501859
0.00029315176
0.00029128938
0.0002894308
0.00028757548
0.00028572294
0.00028387277
0.00028202463
0.00028017822
0.00027833329
0.0002764896
0.00027464698
0.00027280527
0.00027096433
0.00026912403
0.00026728429
0.00026544502
0.00026360614
0.0002617676
0.00025992933
0.00025809131
0.00025625348
0.00025441582
0.00025257831
0.00025074091
0.00024890361
0.00024706639
0.00024522924
0.00024339214
0.0002415551
0.00023971809
0.00023788112
0.00023604417
0.00023420724
0.00023237033
0.00023053344
0.00022869655
0.00022685968
0.00022502281
0.00022318594
0.00022134908
0.00021951222
0.00021767536
0.0002158385
0.00021400164
0.00021216478
0.00021032792
0.00020849106
0.00020665419
0.00020481732
0.00020298045
0.00020114358
0.0001993067
0.00019746982
0.00019563294
0.00019379606
0.00019195917
0.00019012227
0.00018828538
0.00018644848
0.00018461158
0.00018277468
0.00018093777
0.00017910086
0.00017726395
0.00017542704
0.00017359012
0.0001717532
0.00016991628
0.00016807936
0.00016624244
0.00016440551
0.00016256858
0.00016073165
0.00015889472
0.00015705779
0.00015522086
0.00015338393
0.00015154699
0.00014971006
0.00014787313
0.00014603619
0.00014419926
0.00014236232
0.00014052538
0.00013868845
0.00013685151
0.00013501458
0.00013317764
0.00013134071
0.00012950377
0.00012766683
0.0001258299
0.00012399296
0.00012215603
0.0001203191
0.00011848216
0.00011664523
0.00011480829
0.00011297136
0.00011113443
0.00010929749
0.00010746056
0.00010562363
0.00010378669
0.00010194976
0.00010011283
9.8275897e-05
9.6438965e-05
9.4602033e-05
9.2765101e-05
9.0928169e-05
8.9091237e-05
8.7254306e-05
8.5417374e-05
8.3580442e-05
8.174351e-05
7.9906579e-05
7.8069647e-05
7.6232715e-05
7.4395783e-05
7.2558852e-05
7.072192e-05
6.8884988e-05
6.7048056e-05
6.5211125e-05
6.3374193e-05
6.1537261e-05
5.9700329e-05
5.7863397e-05
5.6026465e-05
5.4189533e-05
5.2352601e-05
5.0515669e-05
4.8678737e-05
4.6841805e-05
4.5004873e-05
4.316794e-05
4.1331008e-05
3.9494076e-05
3.7657143e-05
3.5820211e-05
3.3983278e-05
3.2146345e-05
3.0309412e-05
2.847248e-05
2.6635547e-05
2.4798613e-05
2.296168e-05
2.1124747e-05
1.9287814e-05
1.745088e-05
1.5613946e-05
1.3777012e-05
1.1940078e-05
1.0103144e-05
8.2662094e-06
6.4292745e-06
4.5923395e-06
2.7554055e-06
9.1846755e-07
0.00038346409
0.0003846396
0.00038471447
0.00038366071
0.00038181611
0.00037936222
0.00037646306
0.00037327402
0.0003699208
0.00036649906
0.00036307881
0.00035970875
0.00035642064
0.00035323337
0.00035015639
0.00034719249
0.00034433986
0.00034159374
0.00033894751
0.0003363936
0.000333924
0.00033153072
0.00032920601
0.00032694252
0.00032473343
0.00032257248
0.00032045395
0.00031837271
0.00031632415
0.00031430415
0.00031230906
0.00031033568
0.00030838115
0.00030644298
0.000304519
0.00030260728
0.00030070617
0.00029881421
0.00029693015
0.00029505289
0.00029318148
0.0002913151
0.00028945304
0.00028759469
0.00028573952
0.00028388707
0.00028203696
0.00028018884
0.00027834242
0.00027649745
0.00027465373
0.00027281106
0.00027096929
0.00026912829
0.00026728794
0.00026544814
0.00026360881
0.00026176987
0.00025993128
0.00025809297
0.0002562549
0.00025441703
0.00025257933
0.00025074178
0.00024890435
0.00024706702
0.00024522977
0.0002433926
0.00024155548
0.00023971842
0.00023788139
0.0002360444
0.00023420744
0.0002323705
0.00023053357
0.00022869667
0.00022685977
0.00022502289
0.00022318601
0.00022134913
0.00021951226
0.0002176754
0.00021583853
0.00021400166
0.0002121648
0.00021032793
0.00020849107
0.0002066542
0.00020481733
0.00020298045
0.00020114358
0.0001993067
0.00019746982
0.00019563294
0.00019379605
0.00019195916
0.00019012227
0.00018828537
0.00018644847
0.00018461157
0.00018277467
0.00018093776
0.00017910085
0.00017726394
0.00017542703
0.00017359011
0.00017175319
0.00016991627
0.00016807935
0.00016624243
0.0001644055
0.00016256858
0.00016073165
0.00015889472
0.00015705779
0.00015522086
0.00015338392
0.00015154699
0.00014971006
0.00014787312
0.00014603619
0.00014419925
0.00014236232
0.00014052538
0.00013868845
0.00013685151
0.00013501457
0.00013317764
0.0001313407
0.00012950377
0.00012766683
0.0001258299
0.00012399296
0.00012215603
0.0001203191
0.00011848216
0.00011664523
0.00011480829
0.00011297136
0.00011113443
0.00010929749
0.00010746056
0.00010562363
0.00010378669
0.00010194976
0.00010011283
9.8275898e-05
9.6438966e-05
9.4602034e-05
9.2765102e-05
9.092817e-05
8.9091238e-05
8.7254306e-05
8.5417374e-05
8.3580442e-05
8.1743511e-05
7.9906579e-05
7.8069647e-05
7.6232715e-05
7.4395784e-05
7.2558852e-05
7.072192e-05
6.8884988e-05
6.7048057e-05
6.5211125e-05
6.3374193e-05
6.1537261e-05
5.9700329e-05
5.7863397e-05
5.6026465e-05
5.4189533e-05
5.2352601e-05
5.0515669e-05
4.8678737e-05
4.6841805e-05
4.5004873e-05
4.316794e-05
4.1331008e-05
3.9494076e-05
3.7657143e-05
3.5820211e-05
3.3983278e-05
3.2146345e-05
3.0309412e-05
2.8472479e-05
2.6635546e-05
2.4798613e-05
2.296168e-05
2.1124746e-05
1.9287813e-05
1.7450879e-05
1.5613945e-05
1.3777011e-05
1.1940076e-05
1.0103141e-05
8.2662056e-06
6.4292698e-06
4.5923335e-06
2.7553964e-06
9.1846602e-07
0.00038072513
0.00038174369
0.00038188929
0.00038110882
0.00037964295
0.00037761403
0.00037514155
0.00037234832
0.00036934103
0.00036620717
0.00036301615
0.0003598208
0.00035665954
0.00035355897
0.00035053621
0.00034760111
0.00034475802
0.00034200733
0.00033934663
0.00033677164
0.00033427693
0.00033185641
0.00032950375
0.00032721262
0.00032497687
0.00032279069
0.00032064865
0.00031854573
0.00031647737
0.00031443943
0.00031242819
0.00031044033
0.00030847289
0.00030652326
0.00030458912
0.00030266844
0.00030075943
0.00029886054
0.00029697039
0.0002950878
0.00029321174
0.0002913413
0.00028947571
0.00028761428
0.00028575643
0.00028390166
0.00028204953
0.00028019967
0.00027835174
0.00027650547
0.00027466061
0.00027281697
0.00027097436
0.00026913263
0.00026729166
0.00026545132
0.00026361153
0.0002617722
0.00025993327
0.00025809467
0.00025625634
0.00025441826
0.00025258038
0.00025074267
0.00024890511
0.00024706766
0.00024523032
0.00024339306
0.00024155588
0.00023971875
0.00023788167
0.00023604464
0.00023420764
0.00023237067
0.00023053372
0.00022869679
0.00022685987
0.00022502297
0.00022318608
0.00022134919
0.00021951231
0.00021767544
0.00021583856
0.00021400169
0.00021216482
0.00021032795
0.00020849108
0.00020665421
0.00020481733
0.00020298046
0.00020114358
0.0001993067
0.00019746982
0.00019563294
0.00019379605
0.00019195916
0.00019012226
0.00018828537
0.00018644847
0.00018461157
0.00018277466
0.00018093776
0.00017910085
0.00017726394
0.00017542702
0.00017359011
0.00017175319
0.00016991627
0.00016807934
0.00016624242
0.0001644055
0.00016256857
0.00016073164
0.00015889471
0.00015705778
0.00015522085
0.00015338392
0.00015154698
0.00014971005
0.00014787312
0.00014603618
0.00014419925
0.00014236231
0.00014052538
0.00013868844
0.00013685151
0.00013501457
0.00013317764
0.0001313407
0.00012950377
0.00012766683
0.0001258299
0.00012399296
0.00012215603
0.00012031909
0.00011848216
0.00011664523
0.00011480829
0.00011297136
0.00011113443
0.00010929749
0.00010746056
0.00010562363
0.0001037867
0.00010194976
0.00010011283
9.8275898e-05
9.6438966e-05
9.4602034e-05
9.2765102e-05
9.092817e-05
8.9091238e-05
8.7254306e-05
8.5417374e-05
8.3580443e-05
8.1743511e-05
7.9906579e-05
7.8069647e-05
7.6232716e-05
7.4395784e-05
7.2558852e-05
7.072192e-05
6.8884989e-05
6.7048057e-05
6.5211125e-05
6.3374193e-05
6.1537261e-05
5.9700329e-05
5.7863397e-05
5.6026465e-05
5.4189533e-05
5.2352601e-05
5.0515669e-05
4.8678737e-05
4.6841805e-05
4.5004873e-05
4.316794e-05
4.1331008e-05
3.9494076e-05
3.7657143e-05
3.582021e-05
3.3983278e-05
3.2146345e-05
3.0309412e-05
2.8472479e-05
2.6635546e-05
2.4798613e-05
2.2961679e-05
2.1124746e-05
1.9287812e-05
1.7450878e-05
1.5613943e-05
1.3777008e-05
1.1940073e-05
1.0103138e-05
8.2662015e-06
6.4292647e-06
4.5923271e-06
2.7553867e-06
9.1846436e-07
0.00037854763
0.00037943448
0.00037961178
0.000379017
0.00037782601
0.00037611991
0.00037398427
0.00037151457
0.00036879937
0.00036591623
0.00036293093
0.00035989712
0.00035685691
0.00035384211
0.00035087562
0.00034797299
0.00034514382
0.00034239306
0.00033972214
0.00033712993
0.00033461347
0.0003321686
0.00032979042
0.00032747365
0.00032521291
0.00032300287
0.00032083842
0.00031871473
0.0003166273
0.00031457202
0.0003125451
0.00031054316
0.00030856313
0.00030660229
0.00030465821
0.00030272873
0.00030081198
0.00029890626
0.00029701013
0.0002951223
0.00029324165
0.00029136721
0.00028949813
0.00028763366
0.00028577317
0.00028391611
0.00028206199
0.00028021039
0.00027836097
0.0002765134
0.00027466743
0.00027282283
0.00027097939
0.00026913694
0.00026729535
0.00026545449
0.00026361424
0.00026177452
0.00025993524
0.00025809635
0.00025625778
0.00025441949
0.00025258143
0.00025074356
0.00024890586
0.00024706831
0.00024523087
0.00024339353
0.00024155627
0.00023971908
0.00023788196
0.00023604488
0.00023420784
0.00023237084
0.00023053386
0.00022869691
0.00022685998
0.00022502306
0.00022318615
0.00022134925
0.00021951236
0.00021767548
0.0002158386
0.00021400172
0.00021216485
0.00021032797
0.0002084911
0.00020665422
0.00020481735
0.00020298047
0.00020114359
0.00019930671
0.00019746982
0.00019563294
0.00019379605
0.00019195915
0.00019012226
0.00018828536
0.00018644846
0.00018461156
0.00018277466
0.00018093775
0.00017910084
0.00017726393
0.00017542701
0.0001735901
0.00017175318
0.00016991626
0.00016807934
0.00016624241
0.00016440549
0.00016256856
0.00016073163
0.0001588947
0.00015705777
0.00015522084
0.00015338391
0.00015154698
0.00014971005
0.00014787311
0.00014603618
0.00014419924
0.00014236231
0.00014052537
0.00013868844
0.00013685151
0.00013501457
0.00013317764
0.0001313407
0.00012950377
0.00012766683
0.0001258299
0.00012399296
0.00012215603
0.00012031909
0.00011848216
0.00011664523
0.00011480829
0.00011297136
0.00011113443
0.00010929749
0.00010746056
0.00010562363
0.0001037867
0.00010194976
0.00010011283
9.8275899e-05
9.6438967e-05
9.4602035e-05
9.2765102e-05
9.0928171e-05
8.9091239e-05
8.7254307e-05
8.5417375e-05
8.3580443e-05
8.1743511e-05
7.9906579e-05
7.8069648e-05
7.6232716e-05
7.4395784e-05
7.2558852e-05
7.0721921e-05
6.8884989e-05
6.7048057e-05
6.5211125e-05
6.3374193e-05
6.1537261e-05
5.9700329e-05
5.7863398e-05
5.6026466e-05
5.4189534e-05
5.2352601e-05
5.0515669e-05
4.8678737e-05
4.6841805e-05
4.5004873e-05
4.316794e-05
4.1331008e-05
3.9494076e-05
3.7657143e-05
3.582021e-05
3.3983278e-05
3.2146345e-05
3.0309412e-05
2.8472479e-05
2.6635546e-05
2.4798612e-05
2.2961679e-05
2.1124745e-05
1.9287811e-05
1.7450876e-05
1.5613942e-05
1.3777006e-05
1.1940071e-05
1.0103134e-05
8.2661973e-06
6.4292596e-06
4.5923207e-06
2.755377e-06
9.1846268e-07
0.00037682304
0.00037760332
0.00037779179
0.00037732399
0.00037633242
0.0003748699
0.00037299685
0.00037078695
0.00036831289
0.00036564227
0.00036283583
0.00035994606
0.00035701667
0.0003540827
0.00035117123
0.00034830222
0.00034548954
0.00034274205
0.00034006458
0.00033745881
0.00033492411
0.00033245811
0.00033005733
0.00032771754
0.00032543409
0.0003232022
0.00032101709
0.00031887415
0.00031676898
0.00031469748
0.00031265587
0.00031064069
0.00030864881
0.00030667739
0.0003047239
0.00030278611
0.000300862
0.00029894982
0.000297048
0.00029515519
0.00029327018
0.00029139192
0.00028951952
0.00028765215
0.00028578915
0.0002839299
0.00028207388
0.00028022064
0.00027836979
0.00027652099
0.00027467395
0.00027282843
0.00027098419
0.00026914106
0.00026729888
0.00026545751
0.00026361682
0.00026177673
0.00025993713
0.00025809796
0.00025625916
0.00025442066
0.00025258243
0.00025074441
0.00024890659
0.00024706892
0.00024523139
0.00024339397
0.00024155665
0.00023971941
0.00023788223
0.00023604511
0.00023420804
0.00023237101
0.00023053401
0.00022869703
0.00022686008
0.00022502314
0.00022318622
0.00022134932
0.00021951242
0.00021767552
0.00021583864
0.00021400175
0.00021216487
0.00021032799
0.00020849112
0.00020665424
0.00020481736
0.00020298048
0.0002011436
0.00019930671
0.00019746983
0.00019563294
0.00019379605
0.00019195915
0.00019012226
0.00018828536
0.00018644846
0.00018461156
0.00018277465
0.00018093774
0.00017910083
0.00017726392
0.00017542701
0.00017359009
0.00017175317
0.00016991625
0.00016807933
0.00016624241
0.00016440548
0.00016256855
0.00016073163
0.0001588947
0.00015705777
0.00015522084
0.0001533839
0.00015154697
0.00014971004
0.00014787311
0.00014603617
0.00014419924
0.00014236231
0.00014052537
0.00013868844
0.0001368515
0.00013501457
0.00013317763
0.0001313407
0.00012950376
0.00012766683
0.0001258299
0.00012399296
0.00012215603
0.00012031909
0.00011848216
0.00011664523
0.00011480829
0.00011297136
0.00011113443
0.00010929749
0.00010746056
0.00010562363
0.0001037867
0.00010194976
0.00010011283
9.8275899e-05
9.6438967e-05
9.4602035e-05
9.2765103e-05
9.0928171e-05
8.9091239e-05
8.7254307e-05
8.5417375e-05
8.3580444e-05
8.1743512e-05
7.990658e-05
7.8069648e-05
7.6232716e-05
7.4395784e-05
7.2558853e-05
7.0721921e-05
6.8884989e-05
6.7048057e-05
6.5211125e-05
6.3374193e-05
6.1537262e-05
5.970033e-05
5.7863398e-05
5.6026466e-05
5.4189534e-05
5.2352602e-05
5.0515669e-05
4.8678737e-05
4.6841805e-05
4.5004873e-05
4.316794e-05
4.1331008e-05
3.9494076e-05
3.7657143e-05
3.582021e-05
3.3983278e-05
3.2146345e-05
3.0309412e-05
2.8472479e-05
2.6635545e-05
2.4798612e-05
2.2961678e-05
2.1124744e-05
1.928781e-05
1.7450875e-05
1.561394e-05
1.3777004e-05
1.1940068e-05
1.0103131e-05
8.2661934e-06
6.4292546e-06
4.5923146e-06
2.7553676e-06
9.1846107e-07
0.00037547524
0.00037617187
0.00037636134
0.00037598051
0.00037513281
0.0003738519
0.00037218005
0.00037017415
0.00036789384
0.00036539775
0.00036274136
0.00035997502
0.00035714262
0.00035428111
0.00035142037
0.00034858365
0.00034578821
0.00034304609
0.00034036495
0.00033774895
0.00033519948
0.00033271583
0.00033029578
0.00032793608
0.00032563282
0.0003233817
0.0003211783
0.00031901823
0.00031689721
0.00031481118
0.00031275637
0.00031072927
0.00030872668
0.00030674569
0.00030478369
0.00030283835
0.00030090758
0.00029898951
0.00029708253
0.00029518518
0.0002932962
0.00029141448
0.00028953904
0.00028766904
0.00028580374
0.00028394249
0.00028208474
0.00028023
0.00027837785
0.00027652792
0.00027467991
0.00027283354
0.00027098858
0.00026914483
0.00026730211
0.00026546027
0.00026361919
0.00026177875
0.00025993886
0.00025809944
0.00025626042
0.00025442174
0.00025258334
0.00025074519
0.00024890725
0.00024706949
0.00024523187
0.00024339438
0.000241557
0.0002397197
0.00023788248
0.00023604533
0.00023420822
0.00023237116
0.00023053414
0.00022869715
0.00022686018
0.00022502323
0.0002231863
0.00022134938
0.00021951247
0.00021767557
0.00021583868
0.00021400179
0.0002121649
0.00021032802
0.00020849114
0.00020665425
0.00020481737
0.00020298049
0.00020114361
0.00019930672
0.00019746983
0.00019563294
0.00019379605
0.00019195916
0.00019012226
0.00018828536
0.00018644846
0.00018461156
0.00018277465
0.00018093774
0.00017910083
0.00017726392
0.000175427
0.00017359008
0.00017175316
0.00016991624
0.00016807932
0.0001662424
0.00016440547
0.00016256855
0.00016073162
0.00015889469
0.00015705776
0.00015522083
0.0001533839
0.00015154697
0.00014971003
0.0001478731
0.00014603617
0.00014419923
0.0001423623
0.00014052537
0.00013868843
0.0001368515
0.00013501456
0.00013317763
0.0001313407
0.00012950376
0.00012766683
0.00012582989
0.00012399296
0.00012215603
0.00012031909
0.00011848216
0.00011664523
0.00011480829
0.00011297136
0.00011113443
0.00010929749
0.00010746056
0.00010562363
0.0001037867
0.00010194976
0.00010011283
9.82759e-05
9.6438968e-05
9.4602036e-05
9.2765104e-05
9.0928172e-05
8.909124e-05
8.7254308e-05
8.5417376e-05
8.3580444e-05
8.1743512e-05
7.990658e-05
7.8069648e-05
7.6232717e-05
7.4395785e-05
7.2558853e-05
7.0721921e-05
6.8884989e-05
6.7048057e-05
6.5211126e-05
6.3374194e-05
6.1537262e-05
5.970033e-05
5.7863398e-05
5.6026466e-05
5.4189534e-05
5.2352602e-05
5.051567e-05
4.8678737e-05
4.6841805e-05
4.5004873e-05
4.3167941e-05
4.1331008e-05
3.9494076e-05
3.7657143e-05
3.582021e-05
3.3983278e-05
3.2146345e-05
3.0309412e-05
2.8472478e-05
2.6635545e-05
2.4798611e-05
2.2961678e-05
2.1124743e-05
1.9287809e-05
1.7450874e-05
1.5613939e-05
1.3777003e-05
1.1940066e-05
1.0103128e-05
8.2661899e-06
6.4292503e-06
4.5923091e-06
2.7553593e-06
9.1845962e-07
0.00037445046
0.00037508373
0.00037526985
0.00037494807
0.00037420246
0.00037305391
0.00037153194
0.00036968106
0.00036755074
0.00036519217
0.00036265606
0.00035999032
0.00035723839
0.00035443808
0.00035162115
0.00034881319
0.00034603397
0.00034329802
0.00034061528
0.00033799193
0.00033543104
0.0003329333
0.0003304976
0.00032812153
0.00032580182
0.00032353465
0.0003213159
0.00031914139
0.00031700696
0.00031490861
0.00031284256
0.00031080529
0.00030879356
0.00030680439
0.00030483511
0.0003028833
0.0003009468
0.0002990237
0.00029711227
0.00029521102
0.00029331863
0.00029143392
0.00028955588
0.0002876836
0.00028581632
0.00028395335
0.00028209411
0.00028023807
0.0002783848
0.0002765339
0.00027468506
0.00027283796
0.00027099238
0.00026914808
0.0002673049
0.00026546266
0.00026362123
0.0002617805
0.00025994036
0.00025810072
0.00025626151
0.00025442267
0.00025258414
0.00025074587
0.00024890783
0.00024706998
0.00024523229
0.00024339474
0.0002415573
0.00023971996
0.00023788271
0.00023604552
0.00023420838
0.0002323713
0.00023053426
0.00022869725
0.00022686026
0.0002250233
0.00022318636
0.00022134943
0.00021951252
0.00021767561
0.00021583871
0.00021400182
0.00021216493
0.00021032804
0.00020849116
0.00020665427
0.00020481739
0.0002029805
0.00020114362
0.00019930673
0.00019746984
0.00019563295
0.00019379606
0.00019195916
0.00019012226
0.00018828536
0.00018644846
0.00018461155
0.00018277465
0.00018093774
0.00017910083
0.00017726391
0.000175427
0.00017359008
0.00017175316
0.00016991624
0.00016807931
0.00016624239
0.00016440546
0.00016256854
0.00016073161
0.00015889468
0.00015705775
0.00015522082
0.00015338389
0.00015154696
0.00014971003
0.00014787309
0.00014603616
0.00014419923
0.0001423623
0.00014052536
0.00013868843
0.00013685149
0.00013501456
0.00013317763
0.00013134069
0.00012950376
0.00012766683
0.00012582989
0.00012399296
0.00012215603
0.00012031909
0.00011848216
0.00011664523
0.00011480829
0.00011297136
0.00011113443
0.00010929749
0.00010746056
0.00010562363
0.0001037867
0.00010194977
0.00010011283
9.8275901e-05
9.6438968e-05
9.4602036e-05
9.2765104e-05
9.0928172e-05
8.909124e-05
8.7254308e-05
8.5417376e-05
8.3580445e-05
8.1743513e-05
7.9906581e-05
7.8069649e-05
7.6232717e-05
7.4395785e-05
7.2558853e-05
7.0721921e-05
6.888499e-05
6.7048058e-05
6.5211126e-05
6.3374194e-05
6.1537262e-05
5.970033e-05
5.7863398e-05
5.6026466e-05
5.4189534e-05
5.2352602e-05
5.051567e-05
4.8678738e-05
4.6841805e-05
4.5004873e-05
4.3167941e-05
4.1331008e-05
3.9494076e-05
3.7657143e-05
3.5820211e-05
3.3983278e-05
3.2146345e-05
3.0309412e-05
2.8472478e-05
2.6635545e-05
2.4798611e-05
2.2961677e-05
2.1124743e-05
1.9287808e-05
1.7450873e-05
1.5613938e-05
1.3777001e-05
1.1940064e-05
1.0103126e-05
8.266187e-06
6.4292467e-06
4.5923046e-06
2.7553524e-06
9.1845844e-07
0.00037371098
0.00037429881
0.00037448049
0.00037419761
0.00037352167
0.00037246534
0.00037104957
0.0003693102
0.00036728933
0.00036503248
0.00036258651
0.00035999717
0.00035730714
0.00035455461
0.00035177243
0.00034898777
0.00034622221
0.00034349205
0.00034080897
0.00033818064
0.00033561147
0.00033310322
0.00033065567
0.00032826709
0.00032593471
0.0003236551
0.00032142442
0.00031923863
0.00031709369
0.00031498567
0.00031291079
0.00031086552
0.00030884657
0.00030685095
0.00030487591
0.00030291898
0.00030097795
0.00029905084
0.0002971359
0.00029523156
0.00029333645
0.00029144937
0.00028956926
0.00028769518
0.00028582633
0.00028396199
0.00028210156
0.00028024449
0.00027839033
0.00027653866
0.00027468915
0.00027284148
0.00027099539
0.00026915067
0.00026730712
0.00026546456
0.00026362286
0.00026178189
0.00025994154
0.00025810173
0.00025626238
0.00025442341
0.00025258477
0.00025074641
0.00024890829
0.00024707037
0.00024523263
0.00024339503
0.00024155755
0.00023972017
0.00023788289
0.00023604567
0.00023420852
0.00023237142
0.00023053436
0.00022869733
0.00022686034
0.00022502337
0.00022318642
0.00022134949
0.00021951256
0.00021767565
0.00021583875
0.00021400185
0.00021216496
0.00021032807
0.00020849118
0.00020665429
0.00020481741
0.00020298052
0.00020114363
0.00019930674
0.00019746985
0.00019563296
0.00019379606
0.00019195917
0.00019012227
0.00018828536
0.00018644846
0.00018461155
0.00018277465
0.00018093774
0.00017910082
0.00017726391
0.00017542699
0.00017359007
0.00017175315
0.00016991623
0.00016807931
0.00016624238
0.00016440546
0.00016256853
0.0001607316
0.00015889467
0.00015705774
0.00015522081
0.00015338388
0.00015154695
0.00014971002
0.00014787309
0.00014603616
0.00014419922
0.00014236229
0.00014052536
0.00013868842
0.00013685149
0.00013501456
0.00013317762
0.00013134069
0.00012950376
0.00012766682
0.00012582989
0.00012399296
0.00012215602
0.00012031909
0.00011848216
0.00011664523
0.00011480829
0.00011297136
0.00011113443
0.0001092975
0.00010746056
0.00010562363
0.0001037867
0.00010194977
0.00010011283
9.8275901e-05
9.6438969e-05
9.4602037e-05
9.2765105e-05
9.0928173e-05
8.9091241e-05
8.7254309e-05
8.5417377e-05
8.3580445e-05
8.1743513e-05
7.9906581e-05
7.8069649e-05
7.6232718e-05
7.4395786e-05
7.2558854e-05
7.0721922e-05
6.888499e-05
6.7048058e-05
6.5211126e-05
6.3374194e-05
6.1537262e-05
5.970033e-05
5.7863398e-05
5.6026466e-05
5.4189534e-05
5.2352602e-05
5.051567e-05
4.8678738e-05
4.6841805e-05
4.5004873e-05
4.3167941e-05
4.1331008e-05
3.9494076e-05
3.7657143e-05
3.5820211e-05
3.3983278e-05
3.2146345e-05
3.0309412e-05
2.8472478e-05
2.6635545e-05
2.4798611e-05
2.2961677e-05
2.1124743e-05
1.9287808e-05
1.7450873e-05
1.5613937e-05
1.3777e-05
1.1940063e-05
1.0103125e-05
8.266185e-06
6.4292442e-06
4.5923015e-06
2.7553474e-06
9.1845761e-07
0.00037323115
0.00037378969
0.00037396765
0.00037370838
0.00037307581
0.00037207778
0.00037072994
0.00036906267
0.00036711328
0.00036492352
0.00036253756
0.00035999954
0.00035735148
0.00035463166
0.00035187355
0.00034910528
0.00034634954
0.00034362383
0.00034094094
0.00033830959
0.00033573505
0.00033321985
0.00033076435
0.00032836731
0.00032602634
0.00032373825
0.00032149939
0.00031930587
0.00031715371
0.00031503903
0.00031295806
0.00031090726
0.00030888334
0.00030688324
0.00030490421
0.00030294374
0.00030099957
0.00029906969
0.00029715231
0.00029524582
0.00029334884
0.00029146011
0.00028957856
0.00028770323
0.00028583328
0.000283968
0.00028210674
0.00028024896
0.00027839418
0.00027654197
0.00027469199
0.00027284392
0.00027099749
0.00026915247
0.00026730866
0.00026546588
0.00026362399
0.00026178286
0.00025994237
0.00025810244
0.00025626298
0.00025442393
0.00025258521
0.00025074679
0.00024890862
0.00024707065
0.00024523287
0.00024339523
0.00024155772
0.00023972033
0.00023788302
0.00023604578
0.00023420862
0.0002323715
0.00023053443
0.0002286974
0.0002268604
0.00022502342
0.00022318647
0.00022134953
0.0002195126
0.00021767569
0.00021583878
0.00021400188
0.00021216499
0.00021032809
0.0002084912
0.00020665432
0.00020481743
0.00020298054
0.00020114365
0.00019930676
0.00019746986
0.00019563297
0.00019379607
0.00019195917
0.00019012227
0.00018828537
0.00018644846
0.00018461156
0.00018277465
0.00018093773
0.00017910082
0.00017726391
0.00017542699
0.00017359007
0.00017175315
0.00016991622
0.0001680793
0.00016624238
0.00016440545
0.00016256852
0.0001607316
0.00015889467
0.00015705774
0.00015522081
0.00015338388
0.00015154695
0.00014971001
0.00014787308
0.00014603615
0.00014419922
0.00014236228
0.00014052535
0.00013868842
0.00013685149
0.00013501455
0.00013317762
0.00013134069
0.00012950375
0.00012766682
0.00012582989
0.00012399296
0.00012215602
0.00012031909
0.00011848216
0.00011664523
0.00011480829
0.00011297136
0.00011113443
0.0001092975
0.00010746056
0.00010562363
0.0001037867
0.00010194977
0.00010011283
9.8275902e-05
9.643897e-05
9.4602038e-05
9.2765106e-05
9.0928174e-05
8.9091242e-05
8.725431e-05
8.5417378e-05
8.3580446e-05
8.1743514e-05
7.9906582e-05
7.806965e-05
7.6232718e-05
7.4395786e-05
7.2558854e-05
7.0721922e-05
6.888499e-05
6.7048058e-05
6.5211126e-05
6.3374194e-05
6.1537262e-05
5.970033e-05
5.7863398e-05
5.6026466e-05
5.4189534e-05
5.2352602e-05
5.051567e-05
4.8678738e-05
4.6841806e-05
4.5004873e-05
4.3167941e-05
4.1331009e-05
3.9494076e-05
3.7657144e-05
3.5820211e-05
3.3983278e-05
3.2146345e-05
3.0309412e-05
2.8472479e-05
2.6635545e-05
2.4798611e-05
2.2961677e-05
2.1124743e-05
1.9287808e-05
1.7450873e-05
1.5613937e-05
1.3777e-05
1.1940063e-05
1.0103124e-05
8.2661841e-06
6.429243e-06
4.5922998e-06
2.7553447e-06
9.1845721e-07
0.00037299507
0.00037353925
0.00037371514
0.00037346702
0.00037285528
0.00037188546
0.00037057075
0.00036893887
0.00036702478
0.00036486834
0.00036251234
0.0003600001
0.00035737324
0.00035467003
0.00035192422
0.00034916439
0.00034641378
0.00034369047
0.00034100782
0.00033837504
0.00033579786
0.00033327919
0.00033081971
0.00032841841
0.00032607309
0.0003237807
0.00032153769
0.00031934023
0.00031718441
0.00031506633
0.00031298225
0.00031092863
0.00030890216
0.00030689978
0.00030491871
0.00030295643
0.00030101065
0.00029907935
0.00029716071
0.00029525313
0.00029335518
0.00029146561
0.00028958333
0.00028770735
0.00028583685
0.00028397108
0.0002821094
0.00028025125
0.00027839615
0.00027654367
0.00027469345
0.00027284517
0.00027099857
0.0002691534
0.00026730945
0.00026546656
0.00026362457
0.00026178336
0.0002599428
0.00025810281
0.0002562633
0.0002544242
0.00025258544
0.00025074699
0.00024890879
0.0002470708
0.00024523299
0.00024339534
0.00024155782
0.00023972041
0.00023788309
0.00023604585
0.00023420868
0.00023237156
0.00023053448
0.00022869745
0.00022686044
0.00022502346
0.0002231865
0.00022134956
0.00021951264
0.00021767572
0.00021583881
0.00021400191
0.00021216501
0.00021032812
0.00020849123
0.00020665434
0.00020481745
0.00020298056
0.00020114366
0.00019930677
0.00019746988
0.00019563298
0.00019379608
0.00019195918
0.00019012228
0.00018828538
0.00018644847
0.00018461156
0.00018277465
0.00018093774
0.00017910082
0.0001772639
0.00017542699
0.00017359006
0.00017175314
0.00016991622
0.0001680793
0.00016624237
0.00016440544
0.00016256852
0.00016073159
0.00015889466
0.00015705773
0.0001552208
0.00015338387
0.00015154694
0.00014971001
0.00014787308
0.00014603614
0.00014419921
0.00014236228
0.00014052535
0.00013868841
0.00013685148
0.00013501455
0.00013317762
0.00013134068
0.00012950375
0.00012766682
0.00012582989
0.00012399295
0.00012215602
0.00012031909
0.00011848216
0.00011664522
0.00011480829
0.00011297136
0.00011113443
0.0001092975
0.00010746056
0.00010562363
0.0001037867
0.00010194977
0.00010011283
9.8275903e-05
9.6438971e-05
9.4602039e-05
9.2765107e-05
9.0928174e-05
8.9091242e-05
8.725431e-05
8.5417378e-05
8.3580446e-05
8.1743514e-05
7.9906582e-05
7.806965e-05
7.6232718e-05
7.4395786e-05
7.2558855e-05
7.0721923e-05
6.8884991e-05
6.7048059e-05
6.5211127e-05
6.3374195e-05
6.1537263e-05
5.9700331e-05
5.7863399e-05
5.6026467e-05
5.4189534e-05
5.2352602e-05
5.051567e-05
4.8678738e-05
4.6841806e-05
4.5004874e-05
4.3167941e-05
4.1331009e-05
3.9494076e-05
3.7657144e-05
3.5820211e-05
3.3983278e-05
3.2146345e-05
3.0309412e-05
2.8472479e-05
2.6635545e-05
2.4798612e-05
2.2961678e-05
2.1124743e-05
1.9287808e-05
1.7450873e-05
1.5613937e-05
1.3777e-05
1.1940063e-05
1.0103124e-05
8.2661843e-06
6.4292431e-06
4.5922998e-06
2.7553443e-06
9.1845727e-07
0.00037299507
0.00037353925
0.00037371514
0.00037346702
0.00037285528
0.00037188546
0.00037057075
0.00036893887
0.00036702478
0.00036486834
0.00036251234
0.0003600001
0.00035737324
0.00035467003
0.00035192422
0.00034916439
0.00034641378
0.00034369047
0.00034100782
0.00033837504
0.00033579786
0.00033327919
0.00033081971
0.00032841841
0.00032607309
0.0003237807
0.00032153769
0.00031934023
0.00031718441
0.00031506633
0.00031298225
0.00031092863
0.00030890216
0.00030689978
0.00030491871
0.00030295643
0.00030101065
0.00029907935
0.00029716071
0.00029525313
0.00029335518
0.00029146561
0.00028958332
0.00028770735
0.00028583685
0.00028397108
0.0002821094
0.00028025125
0.00027839615
0.00027654367
0.00027469345
0.00027284517
0.00027099857
0.0002691534
0.00026730945
0.00026546656
0.00026362458
0.00026178336
0.00025994281
0.00025810281
0.0002562633
0.0002544242
0.00025258545
0.000250747
0.0002489088
0.00024707081
0.00024523301
0.00024339536
0.00024155784
0.00023972043
0.00023788311
0.00023604587
0.0002342087
0.00023237158
0.0002305345
0.00022869747
0.00022686046
0.00022502349
0.00022318653
0.00022134959
0.00021951266
0.00021767574
0.00021583884
0.00021400193
0.00021216504
0.00021032814
0.00020849125
0.00020665436
0.00020481747
0.00020298058
0.00020114368
0.00019930679
0.00019746989
0.000195633
0.0001937961
0.00019195919
0.00019012229
0.00018828538
0.00018644848
0.00018461157
0.00018277465
0.00018093774
0.00017910082
0.0001772639
0.00017542698
0.00017359006
0.00017175314
0.00016991622
0.00016807929
0.00016624237
0.00016440544
0.00016256851
0.00016073158
0.00015889465
0.00015705772
0.00015522079
0.00015338386
0.00015154693
0.00014971
0.00014787307
0.00014603614
0.00014419921
0.00014236227
0.00014052534
0.00013868841
0.00013685148
0.00013501455
0.00013317761
0.00013134068
0.00012950375
0.00012766682
0.00012582989
0.00012399295
0.00012215602
0.00012031909
0.00011848216
0.00011664522
0.00011480829
0.00011297136
0.00011113443
0.0001092975
0.00010746056
0.00010562363
0.0001037867
0.00010194977
0.00010011284
9.8275903e-05
9.6438971e-05
9.4602039e-05
9.2765107e-05
9.0928175e-05
8.9091243e-05
8.7254311e-05
8.5417379e-05
8.3580447e-05
8.1743515e-05
7.9906583e-05
7.8069651e-05
7.6232719e-05
7.4395787e-05
7.2558855e-05
7.0721923e-05
6.8884991e-05
6.7048059e-05
6.5211127e-05
6.3374195e-05
6.1537263e-05
5.9700331e-05
5.7863399e-05
5.6026467e-05
5.4189535e-05
5.2352603e-05
5.051567e-05
4.8678738e-05
4.6841806e-05
4.5004874e-05
4.3167941e-05
4.1331009e-05
3.9494077e-05
3.7657144e-05
3.5820211e-05
3.3983279e-05
3.2146346e-05
3.0309413e-05
2.8472479e-05
2.6635546e-05
2.4798612e-05
2.2961678e-05
2.1124744e-05
1.9287809e-05
1.7450874e-05
1.5613938e-05
1.3777001e-05
1.1940064e-05
1.0103125e-05
8.2661856e-06
6.4292446e-06
4.5923015e-06
2.7553466e-06
9.1845782e-07
0.00037323115
0.00037378969
0.00037396765
0.00037370838
0.00037307581
0.00037207778
0.00037072994
0.00036906267
0.00036711328
0.00036492352
0.00036253756
0.00035999954
0.00035735148
0.00035463166
0.00035187355
0.00034910528
0.00034634954
0.00034362383
0.00034094094
0.00033830959
0.00033573505
0.00033321985
0.00033076435
0.00032836731
0.00032602634
0.00032373825
0.00032149939
0.00031930586
0.00031715371
0.00031503903
0.00031295806
0.00031090726
0.00030888333
0.00030688324
0.00030490421
0.00030294374
0.00030099957
0.00029906969
0.0002971523
0.00029524582
0.00029334883
0.00029146011
0.00028957855
0.00028770322
0.00028583328
0.00028396799
0.00028210674
0.00028024896
0.00027839417
0.00027654197
0.00027469199
0.00027284392
0.00027099749
0.00026915247
0.00026730866
0.00026546589
0.000263624
0.00026178287
0.00025994239
0.00025810246
0.000256263
0.00025442395
0.00025258524
0.00025074682
0.00024890865
0.00024707069
0.0002452329
0.00024339527
0.00024155777
0.00023972037
0.00023788307
0.00023604584
0.00023420867
0.00023237156
0.0002305345
0.00022869747
0.00022686047
0.00022502349
0.00022318654
0.0002213496
0.00021951268
0.00021767576
0.00021583885
0.00021400195
0.00021216506
0.00021032816
0.00020849127
0.00020665438
0.00020481749
0.0002029806
0.0002011437
0.00019930681
0.00019746991
0.00019563301
0.00019379611
0.00019195921
0.0001901223
0.00018828539
0.00018644848
0.00018461157
0.00018277466
0.00018093774
0.00017910082
0.00017726391
0.00017542698
0.00017359006
0.00017175314
0.00016991621
0.00016807929
0.00016624236
0.00016440543
0.0001625685
0.00016073158
0.00015889465
0.00015705772
0.00015522079
0.00015338386
0.00015154692
0.00014970999
0.00014787306
0.00014603613
0.0001441992
0.00014236227
0.00014052534
0.00013868841
0.00013685147
0.00013501454
0.00013317761
0.00013134068
0.00012950375
0.00012766682
0.00012582988
0.00012399295
0.00012215602
0.00012031909
0.00011848216
0.00011664522
0.00011480829
0.00011297136
0.00011113443
0.0001092975
0.00010746056
0.00010562363
0.0001037867
0.00010194977
0.00010011284
9.8275904e-05
9.6438972e-05
9.460204e-05
9.2765108e-05
9.0928176e-05
8.9091244e-05
8.7254312e-05
8.541738e-05
8.3580448e-05
8.1743516e-05
7.9906584e-05
7.8069651e-05
7.6232719e-05
7.4395787e-05
7.2558855e-05
7.0721923e-05
6.8884991e-05
6.7048059e-05
6.5211127e-05
6.3374195e-05
6.1537263e-05
5.9700331e-05
5.7863399e-05
5.6026467e-05
5.4189535e-05
5.2352603e-05
5.0515671e-05
4.8678738e-05
4.6841806e-05
4.5004874e-05
4.3167942e-05
4.1331009e-05
3.9494077e-05
3.7657144e-05
3.5820212e-05
3.3983279e-05
3.2146346e-05
3.0309413e-05
2.847248e-05
2.6635547e-05
2.4798613e-05
2.2961679e-05
2.1124745e-05
1.928781e-05
1.7450875e-05
1.5613939e-05
1.3777003e-05
1.1940066e-05
1.0103128e-05
8.2661881e-06
6.4292474e-06
4.5923048e-06
2.7553512e-06
9.1845884e-07
0.00037371098
0.00037429881
0.00037448049
0.00037419761
0.00037352167
0.00037246534
0.00037104957
0.0003693102
0.00036728933
0.00036503248
0.00036258651
0.00035999717
0.00035730714
0.00035455461
0.00035177243
0.00034898777
0.0003462222
0.00034349205
0.00034080896
0.00033818064
0.00033561147
0.00033310322
0.00033065567
0.00032826708
0.00032593471
0.0003236551
0.00032142441
0.00031923862
0.00031709369
0.00031498566
0.00031291078
0.00031086551
0.00030884657
0.00030685094
0.0003048759
0.00030291897
0.00030097794
0.00029905083
0.00029713589
0.00029523155
0.00029333644
0.00029144936
0.00028956925
0.00028769517
0.00028582632
0.00028396199
0.00028210155
0.00028024449
0.00027839033
0.00027653866
0.00027468915
0.00027284148
0.0002709954
0.00026915068
0.00026730712
0.00026546457
0.00026362287
0.00026178191
0.00025994157
0.00025810176
0.00025626241
0.00025442344
0.00025258481
0.00025074646
0.00024890834
0.00024707043
0.00024523269
0.00024339509
0.00024155762
0.00023972025
0.00023788297
0.00023604576
0.00023420861
0.00023237152
0.00023053446
0.00022869744
0.00022686045
0.00022502348
0.00022318654
0.0002213496
0.00021951268
0.00021767577
0.00021583887
0.00021400197
0.00021216507
0.00021032818
0.00020849129
0.0002066544
0.00020481751
0.00020298061
0.00020114372
0.00019930683
0.00019746993
0.00019563303
0.00019379613
0.00019195922
0.00019012231
0.00018828541
0.00018644849
0.00018461158
0.00018277466
0.00018093775
0.00017910083
0.00017726391
0.00017542699
0.00017359006
0.00017175314
0.00016991621
0.00016807928
0.00016624236
0.00016440543
0.0001625685
0.00016073157
0.00015889464
0.00015705771
0.00015522078
0.00015338385
0.00015154692
0.00014970999
0.00014787306
0.00014603613
0.00014419919
0.00014236226
0.00014052533
0.0001386884
0.00013685147
0.00013501454
0.00013317761
0.00013134068
0.00012950374
0.00012766681
0.00012582988
0.00012399295
0.00012215602
0.00012031909
0.00011848216
0.00011664522
0.00011480829
0.00011297136
0.00011113443
0.0001092975
0.00010746056
0.00010562363
0.0001037867
0.00010194977
0.00010011284
9.8275905e-05
9.6438973e-05
9.4602041e-05
9.2765109e-05
9.0928177e-05
8.9091245e-05
8.7254312e-05
8.541738e-05
8.3580448e-05
8.1743516e-05
7.9906584e-05
7.8069652e-05
7.623272e-05
7.4395788e-05
7.2558856e-05
7.0721924e-05
6.8884992e-05
6.704806e-05
6.5211127e-05
6.3374195e-05
6.1537263e-05
5.9700331e-05
5.7863399e-05
5.6026467e-05
5.4189535e-05
5.2352603e-05
5.0515671e-05
4.8678739e-05
4.6841806e-05
4.5004874e-05
4.3167942e-05
4.133101e-05
3.9494077e-05
3.7657145e-05
3.5820212e-05
3.3983279e-05
3.2146347e-05
3.0309414e-05
2.8472481e-05
2.6635547e-05
2.4798614e-05
2.296168e-05
2.1124746e-05
1.9287811e-05
1.7450877e-05
1.5613941e-05
1.3777005e-05
1.1940068e-05
1.010313e-05
8.2661915e-06
6.4292515e-06
4.5923097e-06
2.7553581e-06
9.1846029e-07
0.00037445046
0.00037508373
0.00037526985
0.00037494807
0.00037420246
0.00037305391
0.00037153194
0.00036968106
0.00036755074
0.00036519217
0.00036265606
0.00035999032
0.00035723838
0.00035443808
0.00035162115
0.00034881319
0.00034603397
0.00034329802
0.00034061528
0.00033799193
0.00033543104
0.00033293329
0.00033049759
0.00032812153
0.00032580182
0.00032353464
0.0003213159
0.00031914138
0.00031700695
0.0003149086
0.00031284255
0.00031080529
0.00030879355
0.00030680438
0.0003048351
0.00030288329
0.00030094679
0.00029902368
0.00029711226
0.00029521101
0.00029331862
0.00029143391
0.00028955587
0.00028768359
0.00028581631
0.00028395334
0.0002820941
0.00028023806
0.00027838479
0.0002765339
0.00027468505
0.00027283796
0.00027099238
0.00026914809
0.00026730491
0.00026546268
0.00026362125
0.00026178052
0.00025994039
0.00025810075
0.00025626155
0.00025442272
0.00025258419
0.00025074594
0.0002489079
0.00024707006
0.00024523238
0.00024339483
0.0002415574
0.00023972007
0.00023788282
0.00023604564
0.00023420852
0.00023237144
0.0002305344
0.0002286974
0.00022686042
0.00022502346
0.00022318652
0.0002213496
0.00021951268
0.00021767578
0.00021583888
0.00021400198
0.00021216509
0.0002103282
0.00020849131
0.00020665442
0.00020481753
0.00020298063
0.00020114374
0.00019930684
0.00019746995
0.00019563304
0.00019379614
0.00019195924
0.00019012233
0.00018828542
0.0001864485
0.00018461159
0.00018277467
0.00018093775
0.00017910083
0.00017726391
0.00017542699
0.00017359006
0.00017175314
0.00016991621
0.00016807928
0.00016624235
0.00016440543
0.0001625685
0.00016073157
0.00015889464
0.00015705771
0.00015522077
0.00015338384
0.00015154691
0.00014970998
0.00014787305
0.00014603612
0.00014419919
0.00014236226
0.00014052533
0.0001386884
0.00013685147
0.00013501454
0.0001331776
0.00013134067
0.00012950374
0.00012766681
0.00012582988
0.00012399295
0.00012215602
0.00012031909
0.00011848215
0.00011664522
0.00011480829
0.00011297136
0.00011113443
0.0001092975
0.00010746057
0.00010562363
0.0001037867
0.00010194977
0.00010011284
9.8275906e-05
9.6438974e-05
9.4602042e-05
9.2765109e-05
9.0928177e-05
8.9091245e-05
8.7254313e-05
8.5417381e-05
8.3580449e-05
8.1743517e-05
7.9906585e-05
7.8069652e-05
7.623272e-05
7.4395788e-05
7.2558856e-05
7.0721924e-05
6.8884992e-05
6.704806e-05
6.5211128e-05
6.3374196e-05
6.1537264e-05
5.9700332e-05
5.7863399e-05
5.6026467e-05
5.4189535e-05
5.2352603e-05
5.0515671e-05
4.8678739e-05
4.6841807e-05
4.5004874e-05
4.3167942e-05
4.133101e-05
3.9494078e-05
3.7657145e-05
3.5820213e-05
3.398328e-05
3.2146347e-05
3.0309414e-05
2.8472481e-05
2.6635548e-05
2.4798615e-05
2.2961681e-05
2.1124747e-05
1.9287813e-05
1.7450878e-05
1.5613943e-05
1.3777008e-05
1.1940071e-05
1.0103134e-05
8.2661959e-06
6.4292566e-06
4.5923158e-06
2.755367e-06
9.1846209e-07
0.00037547524
0.00037617187
0.00037636134
0.00037598051
0.00037513281
0.0003738519
0.00037218004
0.00037017414
0.00036789384
0.00036539775
0.00036274136
0.00035997502
0.00035714262
0.00035428111
0.00035142036
0.00034858365
0.00034578821
0.00034304608
0.00034036495
0.00033774895
0.00033519948
0.00033271582
0.00033029578
0.00032793608
0.00032563281
0.00032338169
0.0003211783
0.00031901822
0.0003168972
0.00031481118
0.00031275636
0.00031072926
0.00030872666
0.00030674568
0.00030478368
0.00030283834
0.00030090756
0.0002989895
0.00029708252
0.00029518517
0.00029329619
0.00029141447
0.00028953903
0.00028766903
0.00028580373
0.00028394248
0.00028208473
0.00028022999
0.00027837784
0.00027652792
0.00027467991
0.00027283355
0.00027098859
0.00026914484
0.00026730213
0.0002654603
0.00026361922
0.00026177879
0.0002599389
0.00025809949
0.00025626048
0.0002544218
0.00025258342
0.00025074528
0.00024890735
0.00024706959
0.00024523198
0.0002433945
0.00024155713
0.00023971984
0.00023788263
0.00023604549
0.00023420839
0.00023237134
0.00023053432
0.00022869733
0.00022686037
0.00022502343
0.0002231865
0.00022134958
0.00021951268
0.00021767578
0.00021583888
0.00021400199
0.0002121651
0.00021032821
0.00020849132
0.00020665444
0.00020481755
0.00020298065
0.00020114376
0.00019930686
0.00019746996
0.00019563306
0.00019379616
0.00019195925
0.00019012234
0.00018828543
0.00018644852
0.0001846116
0.00018277468
0.00018093776
0.00017910084
0.00017726392
0.00017542699
0.00017359006
0.00017175314
0.00016991621
0.00016807928
0.00016624235
0.00016440542
0.00016256849
0.00016073156
0.00015889463
0.0001570577
0.00015522077
0.00015338384
0.00015154691
0.00014970998
0.00014787305
0.00014603612
0.00014419919
0.00014236225
0.00014052532
0.00013868839
0.00013685146
0.00013501453
0.0001331776
0.00013134067
0.00012950374
0.00012766681
0.00012582988
0.00012399295
0.00012215602
0.00012031909
0.00011848215
0.00011664522
0.00011480829
0.00011297136
0.00011113443
0.0001092975
0.00010746057
0.00010562363
0.0001037867
0.00010194977
0.00010011284
9.8275906e-05
9.6438974e-05
9.4602042e-05
9.276511e-05
9.0928178e-05
8.9091246e-05
8.7254314e-05
8.5417382e-05
8.3580449e-05
8.1743517e-05
7.9906585e-05
7.8069653e-05
7.6232721e-05
7.4395789e-05
7.2558856e-05
7.0721924e-05
6.8884992e-05
6.704806e-05
6.5211128e-05
6.3374196e-05
6.1537264e-05
5.9700332e-05
5.78634e-05
5.6026468e-05
5.4189535e-05
5.2352603e-05
5.0515671e-05
4.8678739e-05
4.6841807e-05
4.5004875e-05
4.3167942e-05
4.133101e-05
3.9494078e-05
3.7657145e-05
3.5820213e-05
3.398328e-05
3.2146348e-05
3.0309415e-05
2.8472482e-05
2.6635549e-05
2.4798616e-05
2.2961682e-05
2.1124749e-05
1.9287815e-05
1.745088e-05
1.5613946e-05
1.3777011e-05
1.1940075e-05
1.0103138e-05
8.2662008e-06
6.4292626e-06
4.5923229e-06
2.7553774e-06
9.1846416e-07
0.00037682303
0.00037760331
0.00037779179
0.00037732399
0.00037633242
0.0003748699
0.00037299685
0.00037078695
0.00036831289
0.00036564226
0.00036283582
0.00035994606
0.00035701666
0.0003540827
0.00035117123
0.00034830221
0.00034548953
0.00034274205
0.00034006457
0.00033745881
0.0003349241
0.00033245811
0.00033005733
0.00032771753
0.00032543409
0.00032320219
0.00032101709
0.00031887414
0.00031676897
0.00031469747
0.00031265586
0.00031064068
0.00030864879
0.00030667737
0.00030472389
0.00030278609
0.00030086198
0.0002989498
0.00029704799
0.00029515517
0.00029327016
0.00029139191
0.0002895195
0.00028765214
0.00028578914
0.00028392989
0.00028207387
0.00028022063
0.00027836978
0.00027652099
0.00027467396
0.00027282844
0.00027098421
0.00026914108
0.00026729891
0.00026545754
0.00026361686
0.00026177677
0.00025993719
0.00025809803
0.00025625923
0.00025442075
0.00025258252
0.00025074452
0.0002489067
0.00024706905
0.00024523153
0.00024339412
0.00024155681
0.00023971958
0.00023788241
0.0002360453
0.00023420824
0.00023237122
0.00023053423
0.00022869726
0.00022686031
0.00022502338
0.00022318647
0.00022134956
0.00021951266
0.00021767577
0.00021583888
0.000214002
0.00021216511
0.00021032823
0.00020849134
0.00020665445
0.00020481756
0.00020298067
0.00020114378
0.00019930688
0.00019746998
0.00019563308
0.00019379617
0.00019195927
0.00019012236
0.00018828544
0.00018644853
0.00018461161
0.00018277469
0.00018093777
0.00017910084
0.00017726392
0.00017542699
0.00017359007
0.00017175314
0.00016991621
0.00016807928
0.00016624235
0.00016440542
0.00016256849
0.00016073156
0.00015889463
0.0001570577
0.00015522077
0.00015338383
0.0001515469
0.00014970997
0.00014787304
0.00014603611
0.00014419918
0.00014236225
0.00014052532
0.00013868839
0.00013685146
0.00013501453
0.0001331776
0.00013134067
0.00012950374
0.00012766681
0.00012582988
0.00012399295
0.00012215602
0.00012031908
0.00011848215
0.00011664522
0.00011480829
0.00011297136
0.00011113443
0.0001092975
0.00010746057
0.00010562363
0.0001037867
0.00010194977
0.00010011284
9.8275907e-05
9.6438975e-05
9.4602043e-05
9.2765111e-05
9.0928179e-05
8.9091246e-05
8.7254314e-05
8.5417382e-05
8.358045e-05
8.1743518e-05
7.9906586e-05
7.8069653e-05
7.6232721e-05
7.4395789e-05
7.2558857e-05
7.0721925e-05
6.8884993e-05
6.704806e-05
6.5211128e-05
6.3374196e-05
6.1537264e-05
5.9700332e-05
5.78634e-05
5.6026468e-05
5.4189536e-05
5.2352604e-05
5.0515671e-05
4.8678739e-05
4.6841807e-05
4.5004875e-05
4.3167943e-05
4.133101e-05
3.9494078e-05
3.7657146e-05
3.5820213e-05
3.3983281e-05
3.2146348e-05
3.0309416e-05
2.8472483e-05
2.663555e-05
2.4798617e-05
2.2961684e-05
2.112475e-05
1.9287817e-05
1.7450883e-05
1.5613948e-05
1.3777014e-05
1.1940078e-05
1.0103143e-05
8.2662062e-06
6.4292689e-06
4.5923308e-06
2.7553887e-06
9.1846638e-07
0.00037854763
0.00037943448
0.00037961178
0.000379017
0.00037782601
0.00037611991
0.00037398427
0.00037151457
0.00036879936
0.00036591623
0.00036293093
0.00035989711
0.00035685691
0.0003538421
0.00035087562
0.00034797299
0.00034514381
0.00034239305
0.00033972214
0.00033712993
0.00033461347
0.0003321686
0.00032979041
0.00032747364
0.0003252129
0.00032300286
0.00032083841
0.00031871472
0.00031662729
0.00031457201
0.00031254509
0.00031054315
0.00030856312
0.00030660228
0.00030465819
0.00030272872
0.00030081196
0.00029890625
0.00029701012
0.00029512229
0.00029324164
0.0002913672
0.00028949811
0.00028763365
0.00028577316
0.0002839161
0.00028206198
0.00028021039
0.00027836097
0.00027651341
0.00027466744
0.00027282284
0.00027097941
0.00026913697
0.00026729539
0.00026545453
0.00026361429
0.00026177458
0.00025993531
0.00025809643
0.00025625787
0.00025441959
0.00025258154
0.00025074369
0.000248906
0.00024706846
0.00024523103
0.0002433937
0.00024155646
0.00023971929
0.00023788217
0.00023604511
0.00023420808
0.00023237109
0.00023053412
0.00022869718
0.00022686025
0.00022502334
0.00022318643
0.00022134954
0.00021951265
0.00021767576
0.00021583888
0.000214002
0.00021216512
0.00021032824
0.00020849135
0.00020665447
0.00020481758
0.00020298069
0.0002011438
0.0001993069
0.00019747
0.0001956331
0.00019379619
0.00019195928
0.00019012237
0.00018828545
0.00018644854
0.00018461162
0.0001827747
0.00018093777
0.00017910085
0.00017726392
0.000175427
0.00017359007
0.00017175314
0.00016991621
0.00016807928
0.00016624235
0.00016440542
0.00016256849
0.00016073156
0.00015889462
0.00015705769
0.00015522076
0.00015338383
0.0001515469
0.00014970997
0.00014787304
0.00014603611
0.00014419918
0.00014236225
0.00014052532
0.00013868839
0.00013685146
0.00013501453
0.0001331776
0.00013134067
0.00012950374
0.00012766681
0.00012582988
0.00012399295
0.00012215601
0.00012031908
0.00011848215
0.00011664522
0.00011480829
0.00011297136
0.00011113443
0.0001092975
0.00010746057
0.00010562363
0.0001037867
0.00010194977
0.00010011284
9.8275907e-05
9.6438975e-05
9.4602043e-05
9.2765111e-05
9.0928179e-05
8.9091247e-05
8.7254315e-05
8.5417383e-05
8.358045e-05
8.1743518e-05
7.9906586e-05
7.8069654e-05
7.6232721e-05
7.4395789e-05
7.2558857e-05
7.0721925e-05
6.8884993e-05
6.7048061e-05
6.5211128e-05
6.3374196e-05
6.1537264e-05
5.9700332e-05
5.78634e-05
5.6026468e-05
5.4189536e-05
5.2352604e-05
5.0515672e-05
4.8678739e-05
4.6841807e-05
4.5004875e-05
4.3167943e-05
4.1331011e-05
3.9494078e-05
3.7657146e-05
3.5820214e-05
3.3983281e-05
3.2146349e-05
3.0309416e-05
2.8472484e-05
2.6635551e-05
2.4798618e-05
2.2961685e-05
2.1124752e-05
1.9287818e-05
1.7450885e-05
1.5613951e-05
1.3777017e-05
1.1940082e-05
1.0103147e-05
8.2662117e-06
6.4292756e-06
4.5923387e-06
2.7554005e-06
9.1846865e-07
0.00038072512
0.00038174369
0.00038188929
0.00038110881
0.00037964295
0.00037761403
0.00037514155
0.00037234832
0.00036934102
0.00036620717
0.00036301615
0.00035982079
0.00035665954
0.00035355896
0.00035053621
0.0003476011
0.00034475802
0.00034200733
0.00033934662
0.00033677164
0.00033427692
0.00033185641
0.00032950374
0.00032721261
0.00032497686
0.00032279068
0.00032064864
0.00031854572
0.00031647736
0.00031443942
0.00031242818
0.00031044032
0.00030847288
0.00030652325
0.0003045891
0.00030266842
0.00030075942
0.00029886052
0.00029697038
0.00029508779
0.00029321173
0.00029134129
0.0002894757
0.00028761427
0.00028575643
0.00028390166
0.00028204953
0.00028019967
0.00027835174
0.00027650548
0.00027466063
0.00027281699
0.00027097439
0.00026913267
0.0002672917
0.00026545138
0.0002636116
0.00026177228
0.00025993335
0.00025809476
0.00025625645
0.00025441838
0.00025258052
0.00025074282
0.00024890527
0.00024706784
0.00024523051
0.00024339327
0.0002415561
0.00023971898
0.00023788192
0.0002360449
0.00023420791
0.00023237095
0.00023053401
0.00022869709
0.00022686018
0.00022502328
0.00022318639
0.00022134951
0.00021951263
0.00021767576
0.00021583888
0.000214002
0.00021216513
0.00021032825
0.00020849137
0.00020665448
0.0002048176
0.00020298071
0.00020114381
0.00019930692
0.00019747002
0.00019563311
0.00019379621
0.0001919593
0.00019012238
0.00018828547
0.00018644855
0.00018461163
0.00018277471
0.00018093778
0.00017910086
0.00017726393
0.000175427
0.00017359007
0.00017175314
0.00016991621
0.00016807928
0.00016624235
0.00016440542
0.00016256849
0.00016073155
0.00015889462
0.00015705769
0.00015522076
0.00015338383
0.0001515469
0.00014970997
0.00014787304
0.0001460361
0.00014419917
0.00014236224
0.00014052531
0.00013868838
0.00013685145
0.00013501452
0.00013317759
0.00013134066
0.00012950373
0.0001276668
0.00012582987
0.00012399294
0.00012215601
0.00012031908
0.00011848215
0.00011664522
0.00011480829
0.00011297136
0.00011113443
0.0001092975
0.00010746057
0.00010562363
0.0001037867
0.00010194977
0.00010011284
9.8275908e-05
9.6438976e-05
9.4602044e-05
9.2765112e-05
9.092818e-05
8.9091247e-05
8.7254315e-05
8.5417383e-05
8.3580451e-05
8.1743519e-05
7.9906586e-05
7.8069654e-05
7.6232722e-05
7.439579e-05
7.2558857e-05
7.0721925e-05
6.8884993e-05
6.7048061e-05
6.5211129e-05
6.3374197e-05
6.1537264e-05
5.9700332e-05
5.78634e-05
5.6026468e-05
5.4189536e-05
5.2352604e-05
5.0515672e-05
4.867874e-05
4.6841807e-05
4.5004875e-05
4.3167943e-05
4.1331011e-05
3.9494079e-05
3.7657146e-05
3.5820214e-05
3.3983282e-05
3.2146349e-05
3.0309417e-05
2.8472484e-05
2.6635552e-05
2.4798619e-05
2.2961686e-05
2.1124753e-05
1.928782e-05
1.7450887e-05
1.5613953e-05
1.377702e-05
1.1940086e-05
1.0103152e-05
8.266217e-06
6.429282e-06
4.5923467e-06
2.7554122e-06
9.1847085e-07
0.00038346409
0.0003846396
0.00038471447
0.0003836607
0.00038181611
0.00037936222
0.00037646305
0.00037327401
0.0003699208
0.00036649906
0.00036307881
0.00035970875
0.00035642064
0.00035323337
0.00035015639
0.00034719249
0.00034433986
0.00034159373
0.00033894751
0.00033639359
0.000333924
0.00033153072
0.000329206
0.00032694251
0.00032473342
0.00032257247
0.00032045394
0.0003183727
0.00031632414
0.00031430413
0.00031230905
0.00031033566
0.00030838113
0.00030644297
0.00030451898
0.00030260727
0.00030070616
0.0002988142
0.00029693014
0.00029505288
0.00029318147
0.00029131509
0.00028945304
0.00028759469
0.00028573952
0.00028388708
0.00028203696
0.00028018885
0.00027834243
0.00027649747
0.00027465375
0.00027281109
0.00027096933
0.00026912834
0.00026728799
0.0002654482
0.00026360889
0.00026176996
0.00025993138
0.00025809308
0.00025625502
0.00025441717
0.00025257949
0.00025074195
0.00024890453
0.00024706722
0.00024522999
0.00024339283
0.00024155573
0.00023971868
0.00023788167
0.00023604469
0.00023420774
0.00023237081
0.0002305339
0.000228697
0.00022686011
0.00022502323
0.00022318636
0.00022134949
0.00021951262
0.00021767575
0.00021583888
0.00021400201
0.00021216513
0.00021032826
0.00020849138
0.0002066545
0.00020481761
0.00020298072
0.00020114383
0.00019930693
0.00019747003
0.00019563313
0.00019379622
0.00019195931
0.00019012239
0.00018828548
0.00018644856
0.00018461164
0.00018277471
0.00018093779
0.00017910086
0.00017726393
0.000175427
0.00017359007
0.00017175314
0.00016991621
0.00016807928
0.00016624235
0.00016440542
0.00016256848
0.00016073155
0.00015889462
0.00015705769
0.00015522076
0.00015338382
0.00015154689
0.00014970996
0.00014787303
0.0001460361
0.00014419917
0.00014236224
0.00014052531
0.00013868838
0.00013685145
0.00013501452
0.00013317759
0.00013134066
0.00012950373
0.0001276668
0.00012582987
0.00012399294
0.00012215601
0.00012031908
0.00011848215
0.00011664522
0.00011480829
0.00011297136
0.00011113443
0.0001092975
0.00010746057
0.00010562364
0.0001037867
0.00010194977
0.00010011284
9.8275908e-05
9.6438976e-05
9.4602044e-05
9.2765112e-05
9.092818e-05
8.9091248e-05
8.7254316e-05
8.5417383e-05
8.3580451e-05
8.1743519e-05
7.9906587e-05
7.8069654e-05
7.6232722e-05
7.439579e-05
7.2558858e-05
7.0721925e-05
6.8884993e-05
6.7048061e-05
6.5211129e-05
6.3374197e-05
6.1537265e-05
5.9700332e-05
5.78634e-05
5.6026468e-05
5.4189536e-05
5.2352604e-05
5.0515672e-05
4.867874e-05
4.6841808e-05
4.5004875e-05
4.3167943e-05
4.1331011e-05
3.9494079e-05
3.7657147e-05
3.5820214e-05
3.3983282e-05
3.214635e-05
3.0309417e-05
2.8472485e-05
2.6635552e-05
2.479862e-05
2.2961687e-05
2.1124754e-05
1.9287822e-05
1.7450889e-05
1.5613956e-05
1.3777022e-05
1.1940089e-05
1.0103156e-05
8.2662219e-06
6.4292879e-06
4.592354e-06
2.7554231e-06
9.1847289e-07
0.00038692239
0.00038827376
0.00038820585
0.00038674663
0.00038437934
0.00038136875
0.00037793495
0.00037426955
0.00037051539
0.00036677167
0.00036310381
0.00035955157
0.00035613609
0.00035286562
0.00034973992
0.00034675336
0.0003438972
0.00034116107
0.00033853399
0.00033600502
0.00033356366
0.00033120006
0.00032890516
0.00032667072
0.00032448932
0.00032235432
0.00032025981
0.00031820057
0.00031617199
0.00031417003
0.00031219114
0.00031023221
0.00030829055
0.00030636378
0.00030444987
0.00030254704
0.00030065374
0.00029876864
0.00029689059
0.00029501858
0.00029315175
0.00029128937
0.0002894308
0.00028757548
0.00028572294
0.00028387278
0.00028202465
0.00028017824
0.00027833331
0.00027648963
0.00027464702
0.00027280532
0.00027096438
0.0002691241
0.00026728437
0.0002654451
0.00026360624
0.00026176771
0.00025992946
0.00025809144
0.00025625363
0.00025441599
0.00025257849
0.0002507411
0.00024890382
0.00024706662
0.00024522948
0.00024339241
0.00024155538
0.00023971839
0.00023788143
0.00023604449
0.00023420758
0.00023237068
0.00023053379
0.00022869692
0.00022686005
0.00022502318
0.00022318632
0.00022134946
0.0002195126
0.00021767574
0.00021583887
0.00021400201
0.00021216514
0.00021032827
0.00020849139
0.00020665451
0.00020481763
0.00020298074
0.00020114384
0.00019930695
0.00019747005
0.00019563314
0.00019379623
0.00019195932
0.00019012241
0.00018828549
0.00018644857
0.00018461165
0.00018277472
0.00018093779
0.00017910087
0.00017726394
0.00017542701
0.00017359008
0.00017175314
0.00016991621
0.00016807928
0.00016624235
0.00016440541
0.00016256848
0.00016073155
0.00015889462
0.00015705769
0.00015522075
0.00015338382
0.00015154689
0.00014970996
0.00014787303
0.0001460361
0.00014419917
0.00014236224
0.00014052531
0.00013868838
0.00013685145
0.00013501452
0.00013317759
0.00013134066
0.00012950373
0.0001276668
0.00012582987
0.00012399294
0.00012215601
0.00012031908
0.00011848215
0.00011664522
0.00011480829
0.00011297136
0.00011113443
0.0001092975
0.00010746057
0.00010562364
0.0001037867
0.00010194977
0.00010011284
9.8275909e-05
9.6438977e-05
9.4602045e-05
9.2765113e-05
9.092818e-05
8.9091248e-05
8.7254316e-05
8.5417384e-05
8.3580451e-05
8.1743519e-05
7.9906587e-05
7.8069655e-05
7.6232722e-05
7.439579e-05
7.2558858e-05
7.0721926e-05
6.8884993e-05
6.7048061e-05
6.5211129e-05
6.3374197e-05
6.1537265e-05
5.9700333e-05
5.78634e-05
5.6026468e-05
5.4189536e-05
5.2352604e-05
5.0515672e-05
4.867874e-05
4.6841808e-05
4.5004876e-05
4.3167943e-05
4.1331011e-05
3.9494079e-05
3.7657147e-05
3.5820215e-05
3.3983282e-05
3.214635e-05
3.0309418e-05
2.8472485e-05
2.6635553e-05
2.479862e-05
2.2961688e-05
2.1124755e-05
1.9287823e-05
1.745089e-05
1.5613958e-05
1.3777025e-05
1.1940092e-05
1.0103159e-05
8.2662261e-06
6.4292931e-06
4.5923604e-06
2.7554327e-06
9.1847467e-07
0.0003913356
0.00039285953
0.00039251757
0.00039045219
0.0003873625
0.00038362655
0.00037953063
0.00037530188
0.00037109348
0.00036699963
0.00036307313
0.00035933834
0.00035580103
0.00035245563
0.00034929014
0.0003462894
0.00034343713
0.00034071716
0.00033811414
0.00033561388
0.00033320354
0.0003308716
0.00032860785
0.0003264033
0.00032425004
0.00032214117
0.00032007065
0.00031803326
0.00031602442
0.0003140402
0.00031207716
0.00031013235
0.00030820321
0.00030628752
0.00030438339
0.00030248915
0.0003006034
0.00029872492
0.00029685265
0.0002949857
0.00029312328
0.00029126475
0.00028940951
0.0002875571
0.00028570709
0.00028385911
0.00028201288
0.00028016811
0.0002783246
0.00027648215
0.0002746406
0.00027279981
0.00027095966
0.00026912006
0.00026728091
0.00026544215
0.00026360372
0.00026176556
0.00025992763
0.00025808989
0.00025625231
0.00025441487
0.00025257754
0.0002507403
0.00024890314
0.00024706605
0.00024522901
0.00024339201
0.00024155505
0.00023971811
0.0002378812
0.00023604431
0.00023420743
0.00023237056
0.0002305337
0.00022869684
0.00022685999
0.00022502314
0.00022318629
0.00022134944
0.00021951259
0.00021767573
0.00021583887
0.00021400201
0.00021216515
0.00021032828
0.0002084914
0.00020665452
0.00020481764
0.00020298075
0.00020114386
0.00019930696
0.00019747006
0.00019563315
0.00019379624
0.00019195933
0.00019012242
0.0001882855
0.00018644858
0.00018461165
0.00018277473
0.0001809378
0.00017910087
0.00017726394
0.00017542701
0.00017359008
0.00017175315
0.00016991621
0.00016807928
0.00016624235
0.00016440541
0.00016256848
0.00016073155
0.00015889462
0.00015705768
0.00015522075
0.00015338382
0.00015154689
0.00014970996
0.00014787303
0.0001460361
0.00014419917
0.00014236224
0.00014052531
0.00013868838
0.00013685145
0.00013501452
0.00013317759
0.00013134066
0.00012950373
0.0001276668
0.00012582987
0.00012399294
0.00012215601
0.00012031908
0.00011848215
0.00011664522
0.00011480829
0.00011297136
0.00011113443
0.0001092975
0.00010746057
0.00010562364
0.0001037867
0.00010194977
0.00010011284
9.8275909e-05
9.6438977e-05
9.4602045e-05
9.2765113e-05
9.0928181e-05
8.9091248e-05
8.7254316e-05
8.5417384e-05
8.3580452e-05
8.1743519e-05
7.9906587e-05
7.8069655e-05
7.6232722e-05
7.439579e-05
7.2558858e-05
7.0721926e-05
6.8884993e-05
6.7048061e-05
6.5211129e-05
6.3374197e-05
6.1537265e-05
5.9700333e-05
5.78634e-05
5.6026468e-05
5.4189536e-05
5.2352604e-05
5.0515672e-05
4.867874e-05
4.6841808e-05
4.5004876e-05
4.3167944e-05
4.1331011e-05
3.9494079e-05
3.7657147e-05
3.5820215e-05
3.3983283e-05
3.214635e-05
3.0309418e-05
2.8472486e-05
2.6635553e-05
2.4798621e-05
2.2961689e-05
2.1124756e-05
1.9287824e-05
1.7450891e-05
1.5613959e-05
1.3777026e-05
1.1940094e-05
1.0103162e-05
8.2662294e-06
6.4292972e-06
4.5923656e-06
2.7554407e-06
9.1847615e-07
0.00039706605
0.00039869987
0.00039784647
0.0003948698
0.00039078235
0.00038610847
0.00038120436
0.00037632296
0.00037161342
0.00036715102
0.00036296481
0.00035905572
0.00035540891
0.00035200177
0.00034880881
0.00034580451
0.0003429648
0.00034026777
0.00033769387
0.00033522598
0.00033284914
0.00033055045
0.00032831876
0.00032614449
0.0003240194
0.00032193642
0.0003198895
0.00031787343
0.00031588377
0.0003139167
0.00031196894
0.00031003768
0.00030812053
0.00030621542
0.00030432059
0.00030243453
0.00030055595
0.00029868373
0.00029681694
0.00029495477
0.00029309652
0.00029124161
0.00028938953
0.00028753986
0.00028569222
0.0002838463
0.00028200185
0.00028015863
0.00027831645
0.00027647515
0.0002746346
0.00027279466
0.00027095525
0.00026911628
0.00026727769
0.0002654394
0.00026360137
0.00026176356
0.00025992592
0.00025808844
0.00025625108
0.00025441383
0.00025257666
0.00025073956
0.00024890252
0.00024706552
0.00024522857
0.00024339164
0.00024155474
0.00023971786
0.00023788099
0.00023604414
0.00023420729
0.00023237045
0.00023053361
0.00022869678
0.00022685994
0.0002250231
0.00022318626
0.00022134942
0.00021951258
0.00021767573
0.00021583888
0.00021400202
0.00021216516
0.00021032829
0.00020849141
0.00020665454
0.00020481765
0.00020298076
0.00020114387
0.00019930697
0.00019747007
0.00019563317
0.00019379626
0.00019195934
0.00019012243
0.00018828551
0.00018644858
0.00018461166
0.00018277473
0.0001809378
0.00017910088
0.00017726394
0.00017542701
0.00017359008
0.00017175315
0.00016991621
0.00016807928
0.00016624235
0.00016440541
0.00016256848
0.00016073155
0.00015889461
0.00015705768
0.00015522075
0.00015338382
0.00015154689
0.00014970996
0.00014787303
0.0001460361
0.00014419917
0.00014236224
0.00014052531
0.00013868838
0.00013685145
0.00013501452
0.00013317759
0.00013134066
0.00012950373
0.0001276668
0.00012582987
0.00012399294
0.00012215601
0.00012031908
0.00011848215
0.00011664522
0.00011480829
0.00011297136
0.00011113443
0.0001092975
0.00010746057
0.00010562364
0.0001037867
0.00010194977
0.00010011284
9.8275909e-05
9.6438977e-05
9.4602045e-05
9.2765113e-05
9.0928181e-05
8.9091249e-05
8.7254316e-05
8.5417384e-05
8.3580452e-05
8.174352e-05
7.9906587e-05
7.8069655e-05
7.6232723e-05
7.439579e-05
7.2558858e-05
7.0721926e-05
6.8884994e-05
6.7048061e-05
6.5211129e-05
6.3374197e-05
6.1537265e-05
5.9700333e-05
5.78634e-05
5.6026468e-05
5.4189536e-05
5.2352604e-05
5.0515672e-05
4.867874e-05
4.6841808e-05
4.5004876e-05
4.3167944e-05
4.1331011e-05
3.9494079e-05
3.7657147e-05
3.5820215e-05
3.3983283e-05
3.214635e-05
3.0309418e-05
2.8472486e-05
2.6635553e-05
2.4798621e-05
2.2961689e-05
2.1124757e-05
1.9287824e-05
1.7450892e-05
1.561396e-05
1.3777028e-05
1.1940096e-05
1.0103164e-05
8.2662318e-06
6.4293002e-06
4.5923695e-06
2.7554466e-06
9.1847727e-07
0.00040468811
0.00040622608
0.00040443462
0.00040008581
0.00039462657
0.00038875413
0.00038288225
0.00037726431
0.00037201991
0.00036718518
0.00036275115
0.00035868629
0.00035494983
0.00035149935
0.00034829465
0.00034529953
0.00034248225
0.00033981552
0.00033727606
0.00033484417
0.00033250322
0.00033023917
0.00032804021
0.00032589636
0.00032379923
0.00032174171
0.00031971779
0.00031772238
0.00031575118
0.00031380053
0.00031186734
0.00030994896
0.00030804317
0.00030614805
0.00030426199
0.00030238362
0.00030051177
0.00029864543
0.00029678377
0.00029492606
0.0002930717
0.00029122017
0.00028937103
0.0002875239
0.00028567847
0.00028383447
0.00028199167
0.00028014988
0.00027830894
0.0002764687
0.00027462907
0.00027278993
0.0002709512
0.00026911282
0.00026727473
0.00026543687
0.00026359922
0.00026176173
0.00025992437
0.00025808712
0.00025624996
0.00025441288
0.00025257586
0.00025073889
0.00024890195
0.00024706505
0.00024522817
0.00024339132
0.00024155447
0.00023971764
0.00023788081
0.00023604399
0.00023420717
0.00023237036
0.00023053354
0.00022869672
0.0002268599
0.00022502307
0.00022318625
0.00022134941
0.00021951257
0.00021767573
0.00021583888
0.00021400203
0.00021216517
0.0002103283
0.00020849143
0.00020665455
0.00020481767
0.00020298078
0.00020114388
0.00019930699
0.00019747008
0.00019563318
0.00019379627
0.00019195935
0.00019012243
0.00018828551
0.00018644859
0.00018461166
0.00018277474
0.00018093781
0.00017910088
0.00017726395
0.00017542701
0.00017359008
0.00017175315
0.00016991621
0.00016807928
0.00016624235
0.00016440541
0.00016256848
0.00016073155
0.00015889461
0.00015705768
0.00015522075
0.00015338382
0.00015154689
0.00014970996
0.00014787302
0.00014603609
0.00014419916
0.00014236224
0.00014052531
0.00013868838
0.00013685145
0.00013501452
0.00013317759
0.00013134066
0.00012950373
0.0001276668
0.00012582987
0.00012399294
0.00012215601
0.00012031908
0.00011848215
0.00011664522
0.00011480829
0.00011297136
0.00011113443
0.0001092975
0.00010746057
0.00010562364
0.0001037867
0.00010194977
0.00010011284
9.8275909e-05
9.6438978e-05
9.4602045e-05
9.2765113e-05
9.0928181e-05
8.9091249e-05
8.7254317e-05
8.5417384e-05
8.3580452e-05
8.174352e-05
7.9906587e-05
7.8069655e-05
7.6232723e-05
7.439579e-05
7.2558858e-05
7.0721926e-05
6.8884994e-05
6.7048061e-05
6.5211129e-05
6.3374197e-05
6.1537265e-05
5.9700333e-05
5.7863401e-05
5.6026468e-05
5.4189536e-05
5.2352604e-05
5.0515672e-05
4.867874e-05
4.6841808e-05
4.5004876e-05
4.3167944e-05
4.1331011e-05
3.9494079e-05
3.7657147e-05
3.5820215e-05
3.3983283e-05
3.214635e-05
3.0309418e-05
2.8472486e-05
2.6635553e-05
2.4798621e-05
2.2961689e-05
2.1124757e-05
1.9287824e-05
1.7450892e-05
1.561396e-05
1.3777028e-05
1.1940096e-05
1.0103164e-05
8.2662331e-06
6.4293018e-06
4.5923717e-06
2.7554501e-06
9.18478e-07
0.00041514874
0.00041605176
0.00041255668
0.00040615026
0.00039882528
0.00039144911
0.00038444929
0.00037802922
0.00037223921
0.00036704934
0.00036239612
0.00035820629
0.00035440855
0.0003509388
0.00034774176
0.00034477084
0.00034198728
0.00033935907
0.00033685985
0.00033446791
0.00033216535
0.00032993743
0.00032777192
0.0003256587
0.00032358936
0.00032155687
0.00031955537
0.00031757995
0.00031562651
0.00031369159
0.00031177227
0.00030986612
0.00030797107
0.00030608537
0.00030420756
0.0003023364
0.00030047084
0.00029860999
0.00029675311
0.00029489957
0.00029304882
0.00029120043
0.00028935401
0.00028750924
0.00028566585
0.00028382361
0.00028198234
0.00028014187
0.00027830206
0.00027646281
0.00027462402
0.00027278561
0.00027094751
0.00026910967
0.00026727204
0.00026543458
0.00026359727
0.00026176007
0.00025992296
0.00025808593
0.00025624896
0.00025441203
0.00025257515
0.00025073829
0.00024890145
0.00024706463
0.00024522783
0.00024339103
0.00024155424
0.00023971745
0.00023788066
0.00023604387
0.00023420707
0.00023237028
0.00023053348
0.00022869668
0.00022685987
0.00022502305
0.00022318623
0.00022134941
0.00021951257
0.00021767574
0.00021583889
0.00021400204
0.00021216518
0.00021032831
0.00020849144
0.00020665456
0.00020481768
0.00020298079
0.0002011439
0.000199307
0.0001974701
0.00019563319
0.00019379628
0.00019195936
0.00019012244
0.00018828552
0.0001864486
0.00018461167
0.00018277474
0.00018093781
0.00017910088
0.00017726395
0.00017542702
0.00017359008
0.00017175315
0.00016991621
0.00016807928
0.00016624235
0.00016440541
0.00016256848
0.00016073154
0.00015889461
0.00015705768
0.00015522075
0.00015338382
0.00015154688
0.00014970995
0.00014787302
0.00014603609
0.00014419916
0.00014236223
0.00014052531
0.00013868838
0.00013685145
0.00013501452
0.00013317759
0.00013134066
0.00012950373
0.0001276668
0.00012582987
0.00012399294
0.00012215601
0.00012031908
0.00011848215
0.00011664522
0.00011480829
0.00011297136
0.00011113443
0.0001092975
0.00010746057
0.00010562364
0.00010378671
0.00010194977
0.00010011284
9.827591e-05
9.6438978e-05
9.4602046e-05
9.2765114e-05
9.0928181e-05
8.9091249e-05
8.7254317e-05
8.5417384e-05
8.3580452e-05
8.174352e-05
7.9906587e-05
7.8069655e-05
7.6232723e-05
7.4395791e-05
7.2558858e-05
7.0721926e-05
6.8884994e-05
6.7048061e-05
6.5211129e-05
6.3374197e-05
6.1537265e-05
5.9700333e-05
5.78634e-05
5.6026468e-05
5.4189536e-05
5.2352604e-05
5.0515672e-05
4.867874e-05
4.6841808e-05
4.5004876e-05
4.3167943e-05
4.1331011e-05
3.9494079e-05
3.7657147e-05
3.5820215e-05
3.3983282e-05
3.214635e-05
3.0309418e-05
2.8472486e-05
2.6635553e-05
2.4798621e-05
2.2961689e-05
2.1124756e-05
1.9287824e-05
1.7450892e-05
1.561396e-05
1.3777028e-05
1.1940096e-05
1.0103164e-05
8.2662332e-06
6.4293021e-06
4.5923723e-06
2.7554512e-06
9.1847832e-07
0.00043009157
0.0004290584
0.00042248286
0.00041301919
0.00040320357
0.00039399375
0.0003857309
0.00037848214
0.00037217274
0.00036667453
0.00036185234
0.00035758327
0.00035376261
0.00035030425
0.00034713852
0.00034420962
0.00034147293
0.00033889274
0.00033644047
0.00033409308
0.00033183199
0.00032964212
0.00032751118
0.00032542911
0.00032338766
0.00032138004
0.00031940062
0.00031744475
0.00031550855
0.0003135888
0.00031168282
0.00030978836
0.00030790354
0.00030602679
0.00030415679
0.00030229243
0.0003004328
0.00029857711
0.00029672471
0.00029487506
0.00029302769
0.00029118222
0.00028933833
0.00028749575
0.00028565425
0.00028381365
0.00028197379
0.00028013454
0.00027829578
0.00027645744
0.00027461942
0.00027278168
0.00027094416
0.00026910681
0.0002672696
0.00026543251
0.00026359551
0.00026175858
0.0002599217
0.00025808486
0.00025624806
0.00025441127
0.00025257451
0.00025073776
0.00024890101
0.00024706426
0.00024522752
0.00024339078
0.00024155403
0.00023971728
0.00023788052
0.00023604376
0.00023420699
0.00023237022
0.00023053344
0.00022869665
0.00022685985
0.00022502304
0.00022318623
0.00022134941
0.00021951258
0.00021767575
0.0002158389
0.00021400205
0.00021216519
0.00021032833
0.00020849146
0.00020665458
0.0002048177
0.00020298081
0.00020114391
0.00019930701
0.00019747011
0.0001956332
0.00019379629
0.00019195937
0.00019012245
0.00018828553
0.0001864486
0.00018461167
0.00018277474
0.00018093781
0.00017910088
0.00017726395
0.00017542702
0.00017359008
0.00017175315
0.00016991621
0.00016807928
0.00016624234
0.00016440541
0.00016256848
0.00016073154
0.00015889461
0.00015705768
0.00015522075
0.00015338381
0.00015154688
0.00014970995
0.00014787302
0.00014603609
0.00014419916
0.00014236223
0.0001405253
0.00013868838
0.00013685145
0.00013501452
0.00013317759
0.00013134066
0.00012950373
0.0001276668
0.00012582987
0.00012399294
0.00012215601
0.00012031908
0.00011848215
0.00011664522
0.00011480829
0.00011297136
0.00011113443
0.0001092975
0.00010746057
0.00010562364
0.00010378671
0.00010194977
0.00010011284
9.827591e-05
9.6438978e-05
9.4602046e-05
9.2765114e-05
9.0928182e-05
8.9091249e-05
8.7254317e-05
8.5417385e-05
8.3580452e-05
8.174352e-05
7.9906588e-05
7.8069655e-05
7.6232723e-05
7.4395791e-05
7.2558858e-05
7.0721926e-05
6.8884994e-05
6.7048061e-05
6.5211129e-05
6.3374197e-05
6.1537265e-05
5.9700333e-05
5.78634e-05
5.6026468e-05
5.4189536e-05
5.2352604e-05
5.0515672e-05
4.867874e-05
4.6841808e-05
4.5004875e-05
4.3167943e-05
4.1331011e-05
3.9494079e-05
3.7657147e-05
3.5820215e-05
3.3983282e-05
3.214635e-05
3.0309418e-05
2.8472485e-05
2.6635553e-05
2.4798621e-05
2.2961688e-05
2.1124756e-05
1.9287824e-05
1.7450891e-05
1.5613959e-05
1.3777027e-05
1.1940095e-05
1.0103164e-05
8.2662323e-06
6.4293012e-06
4.5923713e-06
2.7554499e-06
9.1847822e-07
0.00045230217
0.00044644913
0.0004344038
0.00042048043
0.00040742732
0.0003960714
0.00038647748
0.00037844225
0.00037169494
0.00036597511
0.00036106142
0.00035677676
0.00035298317
0.00034957433
0.00034646851
0.00034360276
0.00034092838
0.0003384074
0.00033601008
0.00033371292
0.00033149723
0.00032934808
0.00032725345
0.00032520361
0.00032319068
0.0003212082
0.00031925091
0.00031731446
0.00031539529
0.00031349044
0.00031159748
0.00030971438
0.00030783947
0.00030597134
0.00030410885
0.00030225101
0.00030039704
0.00029854626
0.00029669812
0.00029485215
0.00029300797
0.00029116527
0.00028932376
0.00028748324
0.00028564352
0.00028380445
0.00028196591
0.00028012779
0.00027829001
0.0002764525
0.00027461521
0.00027277809
0.0002709411
0.00026910421
0.00026726739
0.00026543063
0.00026359392
0.00026175723
0.00025992056
0.0002580839
0.00025624725
0.0002544106
0.00025257394
0.00025073729
0.00024890062
0.00024706394
0.00024522726
0.00024339056
0.00024155386
0.00023971714
0.00023788042
0.00023604368
0.00023420693
0.00023237017
0.00023053341
0.00022869663
0.00022685984
0.00022502304
0.00022318624
0.00022134942
0.00021951259
0.00021767576
0.00021583892
0.00021400207
0.00021216521
0.00021032835
0.00020849148
0.0002066546
0.00020481771
0.00020298082
0.00020114393
0.00019930703
0.00019747012
0.00019563321
0.0001937963
0.00019195938
0.00019012246
0.00018828553
0.00018644861
0.00018461168
0.00018277475
0.00018093782
0.00017910088
0.00017726395
0.00017542702
0.00017359008
0.00017175315
0.00016991621
0.00016807928
0.00016624234
0.00016440541
0.00016256847
0.00016073154
0.00015889461
0.00015705768
0.00015522074
0.00015338381
0.00015154688
0.00014970995
0.00014787302
0.00014603609
0.00014419916
0.00014236223
0.0001405253
0.00013868838
0.00013685145
0.00013501452
0.00013317759
0.00013134066
0.00012950373
0.0001276668
0.00012582987
0.00012399294
0.00012215601
0.00012031908
0.00011848215
0.00011664522
0.00011480829
0.00011297136
0.00011113443
0.0001092975
0.00010746057
0.00010562364
0.00010378671
0.00010194977
0.00010011284
9.827591e-05
9.6438978e-05
9.4602046e-05
9.2765114e-05
9.0928182e-05
8.9091249e-05
8.7254317e-05
8.5417385e-05
8.3580452e-05
8.174352e-05
7.9906588e-05
7.8069655e-05
7.6232723e-05
7.4395791e-05
7.2558858e-05
7.0721926e-05
6.8884994e-05
6.7048061e-05
6.5211129e-05
6.3374197e-05
6.1537265e-05
5.9700333e-05
5.78634e-05
5.6026468e-05
5.4189536e-05
5.2352604e-05
5.0515672e-05
4.867874e-05
4.6841808e-05
4.5004875e-05
4.3167943e-05
4.1331011e-05
3.9494079e-05
3.7657147e-05
3.5820214e-05
3.3983282e-05
3.214635e-05
3.0309417e-05
2.8472485e-05
2.6635553e-05
2.479862e-05
2.2961688e-05
2.1124755e-05
1.9287823e-05
1.7450891e-05
1.5613958e-05
1.3777026e-05
1.1940094e-05
1.0103162e-05
8.2662305e-06
6.4292991e-06
4.5923688e-06
2.7554463e-06
9.1847769e-07
0.00048578799
0.00046930271
0.0004480828
0.00042798568
0.00041091863
0.00039720926
0.00038635126
0.00037768285
0.00037065757
0.00036485454
0.00035995946
0.00035574315
0.00035203915
0.00034872586
0.00034571362
0.00034293559
0.0003403414
0.00033789264
0.00033555972
0.00033331962
0.00033115426
0.00032904935
0.00032699353
0.00032497768
0.00032299445
0.00032103791
0.00031910323
0.0003171865
0.00031528448
0.00031339456
0.00031151457
0.00030964274
0.0003077776
0.00030591796
0.00030406281
0.00030221134
0.00030036288
0.00029851687
0.00029667284
0.00029483043
0.00029298932
0.00029114926
0.00028931003
0.00028747148
0.00028563345
0.00028379583
0.00028195854
0.0002801215
0.00027828464
0.00027644793
0.00027461132
0.00027277477
0.00027093828
0.00026910182
0.00026726536
0.00026542892
0.00026359247
0.00026175601
0.00025991953
0.00025808304
0.00025624653
0.00025441
0.00025257344
0.00025073687
0.00024890028
0.00024706366
0.00024522703
0.00024339038
0.00024155371
0.00023971703
0.00023788033
0.00023604362
0.00023420689
0.00023237014
0.00023053339
0.00022869662
0.00022685984
0.00022502305
0.00022318625
0.00022134944
0.00021951261
0.00021767578
0.00021583894
0.00021400209
0.00021216524
0.00021032837
0.0002084915
0.00020665462
0.00020481773
0.00020298084
0.00020114394
0.00019930704
0.00019747013
0.00019563322
0.00019379631
0.00019195939
0.00019012246
0.00018828554
0.00018644861
0.00018461168
0.00018277475
0.00018093782
0.00017910088
0.00017726395
0.00017542702
0.00017359008
0.00017175315
0.00016991621
0.00016807928
0.00016624234
0.00016440541
0.00016256847
0.00016073154
0.00015889461
0.00015705767
0.00015522074
0.00015338381
0.00015154688
0.00014970995
0.00014787302
0.00014603609
0.00014419916
0.00014236223
0.0001405253
0.00013868838
0.00013685145
0.00013501452
0.00013317759
0.00013134066
0.00012950373
0.0001276668
0.00012582987
0.00012399294
0.00012215601
0.00012031908
0.00011848215
0.00011664522
0.00011480829
0.00011297136
0.00011113443
0.0001092975
0.00010746057
0.00010562364
0.00010378671
0.00010194977
0.00010011284
9.8275911e-05
9.6438978e-05
9.4602046e-05
9.2765114e-05
9.0928182e-05
8.909125e-05
8.7254317e-05
8.5417385e-05
8.3580452e-05
8.174352e-05
7.9906588e-05
7.8069655e-05
7.6232723e-05
7.4395791e-05
7.2558858e-05
7.0721926e-05
6.8884994e-05
6.7048061e-05
6.5211129e-05
6.3374197e-05
6.1537265e-05
5.9700332e-05
5.78634e-05
5.6026468e-05
5.4189536e-05
5.2352604e-05
5.0515672e-05
4.867874e-05
4.6841807e-05
4.5004875e-05
4.3167943e-05
4.1331011e-05
3.9494079e-05
3.7657146e-05
3.5820214e-05
3.3983282e-05
3.2146349e-05
3.0309417e-05
2.8472484e-05
2.6635552e-05
2.4798619e-05
2.2961687e-05
2.1124754e-05
1.9287822e-05
1.7450889e-05
1.5613957e-05
1.3777024e-05
1.1940092e-05
1.010316e-05
8.2662279e-06
6.4292961e-06
4.5923651e-06
2.7554406e-06
9.1847669e-07
0.0005393623
0.00049793204
0.00046151104
0.00043376807
0.00041236205
0.00039651149
0.00038478031
0.00037584828
0.00036883865
0.00036317062
0.00035845163
0.00035441602
0.00035088165
0.00034772116
0.00034484373
0.00034218336
0.00033969128
0.0003373309
0.00033507438
0.00033290028
0.00033079197
0.00032873637
0.00032672317
0.00032474417
0.00032279281
0.00032086385
0.00031895302
0.00031705691
0.00031517274
0.00031329825
0.00031143159
0.00030957129
0.00030771611
0.00030586506
0.00030401734
0.00030217227
0.00030032933
0.00029848808
0.00029664816
0.00029480927
0.0002929712
0.00029113375
0.00028929677
0.00028746015
0.00028562377
0.00028378758
0.00028195151
0.00028011551
0.00027827955
0.0002764436
0.00027460764
0.00027277165
0.00027093564
0.00026909958
0.00026726348
0.00026542733
0.00026359113
0.00026175488
0.00025991859
0.00025808225
0.00025624587
0.00025440945
0.000252573
0.0002507365
0.00024889998
0.00024706342
0.00024522684
0.00024339023
0.0002415536
0.00023971694
0.00023788026
0.00023604357
0.00023420686
0.00023237013
0.00023053338
0.00022869662
0.00022685985
0.00022502307
0.00022318627
0.00022134946
0.00021951264
0.00021767581
0.00021583897
0.00021400212
0.00021216526
0.0002103284
0.00020849153
0.00020665464
0.00020481776
0.00020298086
0.00020114396
0.00019930706
0.00019747015
0.00019563324
0.00019379632
0.0001919594
0.00019012247
0.00018828555
0.00018644862
0.00018461169
0.00018277475
0.00018093782
0.00017910089
0.00017726395
0.00017542702
0.00017359008
0.00017175314
0.00016991621
0.00016807927
0.00016624234
0.0001644054
0.00016256847
0.00016073154
0.00015889461
0.00015705767
0.00015522074
0.00015338381
0.00015154688
0.00014970995
0.00014787302
0.00014603609
0.00014419916
0.00014236223
0.0001405253
0.00013868838
0.00013685145
0.00013501452
0.00013317759
0.00013134066
0.00012950373
0.0001276668
0.00012582987
0.00012399294
0.00012215601
0.00012031908
0.00011848215
0.00011664522
0.00011480829
0.00011297136
0.00011113443
0.0001092975
0.00010746057
0.00010562364
0.00010378671
0.00010194977
0.00010011284
9.8275911e-05
9.6438979e-05
9.4602047e-05
9.2765114e-05
9.0928182e-05
8.909125e-05
8.7254317e-05
8.5417385e-05
8.3580452e-05
8.174352e-05
7.9906588e-05
7.8069655e-05
7.6232723e-05
7.4395791e-05
7.2558858e-05
7.0721926e-05
6.8884994e-05
6.7048061e-05
6.5211129e-05
6.3374197e-05
6.1537265e-05
5.9700332e-05
5.78634e-05
5.6026468e-05
5.4189536e-05
5.2352604e-05
5.0515672e-05
4.8678739e-05
4.6841807e-05
4.5004875e-05
4.3167943e-05
4.1331011e-05
3.9494078e-05
3.7657146e-05
3.5820214e-05
3.3983281e-05
3.2146349e-05
3.0309416e-05
2.8472484e-05
2.6635551e-05
2.4798619e-05
2.2961686e-05
2.1124753e-05
1.9287821e-05
1.7450888e-05
1.5613955e-05
1.3777022e-05
1.194009e-05
1.0103157e-05
8.2662249e-06
6.4292924e-06
4.5923606e-06
2.7554334e-06
9.1847517e-07
0.00065238674
0.00053578402
0.00046981991
0.00043358142
0.00040896741
0.00039228715
0.00038075713
0.00037232846
0.0003658534
0.00036066668
0.00035635631
0.00035265993
0.00034940536
0.00034647581
0.00034378969
0.00034128859
0.00033892977
0.00033668141
0.00033451944
0.00033242546
0.00033038523
0.00032838765
0.00032642399
0.00032448738
0.00032257234
0.00032067452
0.00031879044
0.0003169173
0.00031505287
0.00031319535
0.00031134329
0.00030949554
0.00030765115
0.00030580938
0.00030396964
0.00030213143
0.00030029438
0.00029845819
0.0002966226
0.00029478745
0.00029295257
0.00029111786
0.00028928323
0.00028744861
0.00028561396
0.00028377924
0.00028194442
0.00028010949
0.00027827445
0.00027643928
0.00027460398
0.00027276857
0.00027093303
0.00026909739
0.00026726163
0.00026542578
0.00026358983
0.0002617538
0.00025991769
0.0002580815
0.00025624525
0.00025440894
0.00025257258
0.00025073617
0.00024889971
0.00024706321
0.00024522667
0.0002433901
0.0002415535
0.00023971687
0.00023788022
0.00023604354
0.00023420685
0.00023237013
0.00023053339
0.00022869664
0.00022685988
0.0002250231
0.0002231863
0.0002213495
0.00021951268
0.00021767585
0.00021583901
0.00021400216
0.0002121653
0.00021032843
0.00020849156
0.00020665468
0.00020481779
0.00020298089
0.00020114399
0.00019930708
0.00019747017
0.00019563325
0.00019379633
0.00019195941
0.00019012248
0.00018828555
0.00018644862
0.00018461169
0.00018277476
0.00018093782
0.00017910089
0.00017726395
0.00017542701
0.00017359008
0.00017175314
0.00016991621
0.00016807927
0.00016624234
0.0001644054
0.00016256847
0.00016073154
0.0001588946
0.00015705767
0.00015522074
0.00015338381
0.00015154688
0.00014970995
0.00014787302
0.00014603609
0.00014419916
0.00014236223
0.0001405253
0.00013868838
0.00013685145
0.00013501452
0.00013317759
0.00013134066
0.00012950373
0.0001276668
0.00012582987
0.00012399295
0.00012215602
0.00012031909
0.00011848216
0.00011664523
0.00011480829
0.00011297136
0.00011113443
0.0001092975
0.00010746057
0.00010562364
0.00010378671
0.00010194978
0.00010011284
9.8275911e-05
9.6438979e-05
9.4602047e-05
9.2765115e-05
9.0928182e-05
8.909125e-05
8.7254317e-05
8.5417385e-05
8.3580453e-05
8.174352e-05
7.9906588e-05
7.8069655e-05
7.6232723e-05
7.439579e-05
7.2558858e-05
7.0721926e-05
6.8884993e-05
6.7048061e-05
6.5211129e-05
6.3374197e-05
6.1537264e-05
5.9700332e-05
5.78634e-05
5.6026468e-05
5.4189536e-05
5.2352604e-05
5.0515671e-05
4.8678739e-05
4.6841807e-05
4.5004875e-05
4.3167943e-05
4.133101e-05
3.9494078e-05
3.7657146e-05
3.5820213e-05
3.3983281e-05
3.2146348e-05
3.0309416e-05
2.8472483e-05
2.6635551e-05
2.4798618e-05
2.2961685e-05
2.1124752e-05
1.9287819e-05
1.7450886e-05
1.5613953e-05
1.377702e-05
1.1940087e-05
1.0103154e-05
8.2662213e-06
6.4292883e-06
4.5923556e-06
2.7554252e-06
9.184729e-07
0.00087707541
0.00058926625
0.00047534079
0.00042904281
0.000402101
0.00038578715
0.00037532736
0.00036795079
0.00036234616
0.00035784421
0.00035406612
0.00035078506
0.00034785782
0.00034518928
0.0003427137
0.00034038419
0.00033816649
0.00033603509
0.0003339707
0.00033195855
0.00032998728
0.000328048
0.00032613382
0.00032423927
0.00032236007
0.00032049285
0.00031863491
0.00031678414
0.00031493886
0.00031309775
0.00031125976
0.00030942406
0.00030759001
0.00030575711
0.00030392496
0.00030209327
0.0003002618
0.00029843038
0.0002965989
0.00029476725
0.00029293537
0.00029110322
0.00028927078
0.00028743804
0.00028560498
0.00028377162
0.00028193797
0.00028010403
0.00027826983
0.00027643538
0.0002746007
0.0002727658
0.00027093071
0.00026909543
0.00026726
0.00026542441
0.00026358869
0.00026175285
0.0002599169
0.00025808086
0.00025624472
0.00025440851
0.00025257223
0.00025073588
0.00024889948
0.00024706303
0.00024522653
0.00024339
0.00024155343
0.00023971682
0.00023788019
0.00023604353
0.00023420684
0.00023237014
0.00023053341
0.00022869667
0.00022685991
0.00022502313
0.00022318634
0.00022134954
0.00021951272
0.00021767589
0.00021583905
0.0002140022
0.00021216534
0.00021032847
0.00020849159
0.00020665471
0.00020481782
0.00020298092
0.00020114401
0.0001993071
0.00019747019
0.00019563327
0.00019379635
0.00019195942
0.00019012249
0.00018828556
0.00018644863
0.0001846117
0.00018277476
0.00018093783
0.00017910089
0.00017726395
0.00017542701
0.00017359008
0.00017175314
0.0001699162
0.00016807927
0.00016624233
0.0001644054
0.00016256847
0.00016073153
0.0001588946
0.00015705767
0.00015522074
0.00015338381
0.00015154688
0.00014970995
0.00014787302
0.00014603609
0.00014419916
0.00014236223
0.0001405253
0.00013868838
0.00013685145
0.00013501452
0.00013317759
0.00013134066
0.00012950373
0.0001276668
0.00012582988
0.00012399295
0.00012215602
0.00012031909
0.00011848216
0.00011664523
0.0001148083
0.00011297136
0.00011113443
0.0001092975
0.00010746057
0.00010562364
0.00010378671
0.00010194978
0.00010011284
9.8275912e-05
9.6438979e-05
9.4602047e-05
9.2765115e-05
9.0928182e-05
8.909125e-05
8.7254318e-05
8.5417385e-05
8.3580453e-05
8.174352e-05
7.9906588e-05
7.8069655e-05
7.6232723e-05
7.439579e-05
7.2558858e-05
7.0721926e-05
6.8884993e-05
6.7048061e-05
6.5211129e-05
6.3374197e-05
6.1537264e-05
5.9700332e-05
5.78634e-05
5.6026468e-05
5.4189536e-05
5.2352603e-05
5.0515671e-05
4.8678739e-05
4.6841807e-05
4.5004875e-05
4.3167942e-05
4.133101e-05
3.9494078e-05
3.7657145e-05
3.5820213e-05
3.3983281e-05
3.2146348e-05
3.0309415e-05
2.8472483e-05
2.663555e-05
2.4798617e-05
2.2961684e-05
2.1124751e-05
1.9287818e-05
1.7450885e-05
1.5613951e-05
1.3777018e-05
1.1940085e-05
1.0103151e-05
8.2662179e-06
6.4292845e-06
4.592351e-06
2.7554179e-06
9.1846989e-07
)
;

boundaryField
{
    inlet_0
    {
        type            zeroGradient;
    }
    inlet_1
    {
        type            zeroGradient;
    }
    inlet_2
    {
        type            zeroGradient;
    }
    inlet_3
    {
        type            zeroGradient;
    }
    inlet_4
    {
        type            zeroGradient;
    }
    inlet_5
    {
        type            zeroGradient;
    }
    inlet_6
    {
        type            zeroGradient;
    }
    inlet_7
    {
        type            zeroGradient;
    }
    outlet
    {
        type            fixedValue;
        value           uniform 0;
    }
    walls
    {
        type            zeroGradient;
    }
    floor
    {
        type            zeroGradient;
    }
    frontAndBack
    {
        type            empty;
    }
}


// ************************************************************************* //
