/*--------------------------------*- C++ -*----------------------------------*\
| =========                 |                                                 |
| \\      /  F ield         | OpenFOAM: The Open Source CFD Toolbox           |
|  \\    /   O peration     | Version:  2406                                  |
|   \\  /    A nd           | Website:  www.openfoam.com                      |
|    \\/     M anipulation  |                                                 |
\*---------------------------------------------------------------------------*/
FoamFile
{
    version     2.0;
    format      ascii;
    arch        "LSB;label=32;scalar=64";
    class       volVectorField;
    location    "970";
    object      U;
}
// * * * * * * * * * * * * * * * * * * * * * * * * * * * * * * * * * * * * * //

dimensions      [0 1 -1 0 0 0 0];

internalField   nonuniform List<vector> 
11200
(
(0.0011726511 0.00023116463 0)
(0.00094628378 0.00013841705 0)
(0.00061936667 5.3382337e-05 0)
(0.00043978667 2.5412929e-05 0)
(0.00033924326 1.3471634e-05 0)
(0.0002759725 7.5810028e-06 0)
(0.0002336099 4.6478304e-06 0)
(0.00020373718 3.0839483e-06 0)
(0.00018172756 2.1735617e-06 0)
(0.00016497566 1.6012508e-06 0)
(0.00015192059 1.2174326e-06 0)
(0.00014156924 9.4637994e-07 0)
(0.00013325732 7.4726426e-07 0)
(0.00012652116 5.9658221e-07 0)
(0.00012102555 4.799638e-07 0)
(0.00011652095 3.8815608e-07 0)
(0.0001128171 3.1493529e-07 0)
(0.00010976604 2.559595e-07 0)
(0.00010725076 2.08105e-07 0)
(0.00010517746 1.6906485e-07 0)
(0.00010347011 1.3709646e-07 0)
(0.0001020665 1.1085757e-07 0)
(0.00010091536 8.9296705e-08 0)
(9.9974168e-05 7.157812e-08 0)
(9.9207546e-05 5.7029298e-08 0)
(9.8585927e-05 4.5103441e-08 0)
(9.8084566e-05 3.5352175e-08 0)
(9.768272e-05 2.7405327e-08 0)
(9.7363002e-05 2.0955663e-08 0)
(9.7110834e-05 1.5747193e-08 0)
(9.6914012e-05 1.1566049e-08 0)
(9.6762328e-05 8.2332637e-09 0)
(9.6647267e-05 5.5989749e-09 0)
(9.6561741e-05 3.5377189e-09 0)
(9.6499868e-05 1.9445457e-09 0)
(9.6456783e-05 7.3181366e-10 0)
(9.6428483e-05 -1.7351596e-10 0)
(9.6411682e-05 -8.3213284e-10 0)
(9.6403701e-05 -1.2943112e-09 0)
(9.640237e-05 -1.6015243e-09 0)
(9.6405937e-05 -1.7878471e-09 0)
(9.6413004e-05 -1.8811222e-09 0)
(9.6422462e-05 -1.9039837e-09 0)
(9.6433442e-05 -1.8746977e-09 0)
(9.644527e-05 -1.8079105e-09 0)
(9.6457433e-05 -1.7152497e-09 0)
(9.6469547e-05 -1.6058686e-09 0)
(9.6481331e-05 -1.4868707e-09 0)
(9.6492588e-05 -1.3637032e-09 0)
(9.6503186e-05 -1.2404511e-09 0)
(9.6513044e-05 -1.1201193e-09 0)
(9.6522122e-05 -1.0048318e-09 0)
(9.6530408e-05 -8.9603232e-10 0)
(9.6537913e-05 -7.9461397e-10 0)
(9.6544664e-05 -7.0106173e-10 0)
(9.6550699e-05 -6.155328e-10 0)
(9.6556063e-05 -5.3795689e-10 0)
(9.6560806e-05 -4.6808213e-10 0)
(9.6564978e-05 -4.0554602e-10 0)
(9.6568631e-05 -3.4989737e-10 0)
(9.6571815e-05 -3.0064711e-10 0)
(9.6574579e-05 -2.5727404e-10 0)
(9.6576967e-05 -2.1926209e-10 0)
(9.6579023e-05 -1.8609536e-10 0)
(9.6580785e-05 -1.5728655e-10 0)
(9.6582289e-05 -1.323651e-10 0)
(9.6583567e-05 -1.1090004e-10 0)
(9.6584649e-05 -9.2483914e-11 0)
(9.6585562e-05 -7.6752246e-11 0)
(9.6586328e-05 -6.3364964e-11 0)
(9.6586967e-05 -5.2024022e-11 0)
(9.6587499e-05 -4.2453438e-11 0)
(9.658794e-05 -3.4416062e-11 0)
(9.6588302e-05 -2.7692904e-11 0)
(9.6588598e-05 -2.209968e-11 0)
(9.6588839e-05 -1.7465841e-11 0)
(9.6589033e-05 -1.365127e-11 0)
(9.6589189e-05 -1.052524e-11 0)
(9.6589313e-05 -7.9834547e-12 0)
(9.658941e-05 -5.9270667e-12 0)
(9.6589485e-05 -4.2801431e-12 0)
(9.6589543e-05 -2.9687937e-12 0)
(9.6589586e-05 -1.939081e-12 0)
(9.6589617e-05 -1.1362767e-12 0)
(9.658964e-05 -5.2318211e-13 0)
(9.6589655e-05 -5.9522143e-14 0)
(9.6589664e-05 2.7938454e-13 0)
(9.6589669e-05 5.2309582e-13 0)
(9.6589671e-05 6.87093e-13 0)
(9.658967e-05 7.9311362e-13 0)
(9.6589667e-05 8.4999659e-13 0)
(9.6589663e-05 8.7386638e-13 0)
(9.6589658e-05 8.6885486e-13 0)
(9.6589653e-05 8.4712245e-13 0)
(9.6589648e-05 8.0953636e-13 0)
(9.6589642e-05 7.6550533e-13 0)
(9.6589636e-05 7.1368719e-13 0)
(9.6589631e-05 6.6161267e-13 0)
(9.6589626e-05 6.0649133e-13 0)
(9.6589621e-05 5.5459557e-13 0)
(9.6589617e-05 5.0222373e-13 0)
(9.6589613e-05 4.5482111e-13 0)
(9.6589609e-05 4.0814712e-13 0)
(9.6589606e-05 3.6711083e-13 0)
(9.6589603e-05 3.2718867e-13 0)
(9.65896e-05 2.9294478e-13 0)
(9.6589597e-05 2.5973917e-13 0)
(9.6589595e-05 2.3191613e-13 0)
(9.6589593e-05 2.0482688e-13 0)
(9.6589591e-05 1.8267135e-13 0)
(9.658959e-05 1.608564e-13 0)
(9.6589588e-05 1.4348293e-13 0)
(9.6589587e-05 1.2605182e-13 0)
(9.6589586e-05 1.1258895e-13 0)
(9.6589585e-05 9.8706315e-14 0)
(9.6589584e-05 8.8368529e-14 0)
(9.6589583e-05 7.7304351e-14 0)
(9.6589582e-05 6.9422995e-14 0)
(9.6589582e-05 6.0568211e-14 0)
(9.6589581e-05 5.4596003e-14 0)
(9.6589581e-05 4.7459219e-14 0)
(9.658958e-05 4.2961627e-14 0)
(9.658958e-05 3.7156157e-14 0)
(9.6589579e-05 3.3796408e-14 0)
(9.6589579e-05 2.9023824e-14 0)
(9.6589579e-05 2.6544305e-14 0)
(9.6589578e-05 2.2576747e-14 0)
(9.6589578e-05 2.0783355e-14 0)
(9.6589578e-05 1.7448679e-14 0)
(9.6589578e-05 1.6193935e-14 0)
(9.6589577e-05 1.3360207e-14 0)
(9.6589577e-05 1.2532802e-14 0)
(9.6589577e-05 1.0095992e-14 0)
(9.6589577e-05 9.6075972e-15 0)
(9.6589577e-05 7.4838163e-15 0)
(9.6589577e-05 7.260218e-15 0)
(9.6589577e-05 5.3743482e-15 0)
(9.6589576e-05 5.3476687e-15 0)
(9.6589576e-05 3.629099e-15 0)
(9.6589576e-05 3.7305273e-15 0)
(9.6589576e-05 2.1025564e-15 0)
(9.6589576e-05 2.2569305e-15 0)
(9.6589576e-05 6.3498075e-16 0)
(9.6589576e-05 7.5306302e-16 0)
(9.6589576e-05 -9.6360432e-16 0)
(9.6589576e-05 -9.8767206e-16 0)
(9.6589576e-05 -2.9193459e-15 0)
(9.6589576e-05 -3.212185e-15 0)
(9.6589576e-05 -5.4987477e-15 0)
(9.6589576e-05 -6.2081004e-15 0)
(9.6589576e-05 -9.0109056e-15 0)
(9.6589576e-05 -1.0300909e-14 0)
(9.6589576e-05 -1.3791836e-14 0)
(9.6589576e-05 -1.5835047e-14 0)
(9.6589576e-05 -2.0186742e-14 0)
(9.6589577e-05 -2.3145042e-14 0)
(9.6589577e-05 -2.8507844e-14 0)
(9.6589577e-05 -3.2505583e-14 0)
(9.6589578e-05 -3.897425e-14 0)
(9.6589578e-05 -4.4056813e-14 0)
(9.6589578e-05 -5.1620714e-14 0)
(9.6589579e-05 -5.7698285e-14 0)
(9.658958e-05 -6.6171125e-14 0)
(9.658958e-05 -7.2933404e-14 0)
(9.6589581e-05 -8.1861213e-14 0)
(9.6589582e-05 -8.8672389e-14 0)
(9.6589582e-05 -9.7206688e-14 0)
(9.6589583e-05 -1.0296384e-13 0)
(9.6589584e-05 -1.0971433e-13 0)
(9.6589585e-05 -1.126884e-13 0)
(9.6589586e-05 -1.1554458e-13 0)
(9.6589587e-05 -1.1319359e-13 0)
(9.6589587e-05 -1.0913859e-13 0)
(9.6589588e-05 -9.7917185e-14 0)
(9.6589588e-05 -8.2837681e-14 0)
(9.6589588e-05 -5.8017409e-14 0)
(9.6589587e-05 -2.6535363e-14 0)
(9.6589586e-05 1.7947988e-14 0)
(9.6589584e-05 7.2591007e-14 0)
(9.6589582e-05 1.4420185e-13 0)
(9.6589578e-05 2.3014763e-13 0)
(9.6589573e-05 3.3766716e-13 0)
(9.6589567e-05 4.6421286e-13 0)
(9.6589559e-05 6.1731671e-13 0)
(9.6589549e-05 7.9425141e-13 0)
(9.6589537e-05 1.0025166e-12 0)
(9.6589522e-05 1.2387732e-12 0)
(9.6589505e-05 1.5099854e-12 0)
(9.6589484e-05 1.8118096e-12 0)
(9.658946e-05 2.1503454e-12 0)
(9.6589433e-05 2.5203084e-12 0)
(9.6589401e-05 2.9272746e-12 0)
(9.6589365e-05 3.3666237e-12 0)
(9.6589325e-05 3.8493096e-12 0)
(9.658928e-05 4.3893036e-12 0)
(9.658923e-05 5.0557018e-12 0)
(9.6589174e-05 6.036689e-12 0)
(9.658911e-05 7.6061971e-12 0)
(9.6589038e-05 8.3559128e-12 0)
(9.6588898e-05 3.4178417e-11 0)
(0.0017562023 0.00052974015 0)
(0.0016432526 0.0004683718 0)
(0.0013207581 0.00029279874 0)
(0.0010653483 0.00018016523 0)
(0.00088211088 0.00011418586 0)
(0.00074868198 7.5773293e-05 0)
(0.0006502763 5.2812186e-05 0)
(0.00057628748 3.841444e-05 0)
(0.00051946848 2.8906014e-05 0)
(0.00047501849 2.2321833e-05 0)
(0.00043971161 1.7575184e-05 0)
(0.00041132525 1.4039022e-05 0)
(0.00038828694 1.133473e-05 0)
(0.00036945467 9.2233094e-06 0)
(0.00035397855 7.5476165e-06 0)
(0.00034121225 6.2005171e-06 0)
(0.00033065472 5.106618e-06 0)
(0.00032191108 4.2113709e-06 0)
(0.00031466577 3.474337e-06 0)
(0.00030866351 2.864887e-06 0)
(0.00030369581 2.3593784e-06 0)
(0.00029959094 1.9392542e-06 0)
(0.00029620653 1.5897347e-06 0)
(0.00029342397 1.298898e-06 0)
(0.00029114399 1.0570223e-06 0)
(0.00028928333 8.5610687e-07 0)
(0.00028777199 6.8951737e-07 0)
(0.00028655106 5.5171859e-07 0)
(0.00028557097 4.3807032e-07 0)
(0.00028478998 3.4466863e-07 0)
(0.00028417303 2.6822078e-07 0)
(0.00028369065 2.0594518e-07 0)
(0.00028331818 1.5549027e-07 0)
(0.00028303499 1.14868e-07 0)
(0.00028282389 8.2398714e-08 0)
(0.00028267059 5.6664968e-08 0)
(0.00028256326 3.6472627e-08 0)
(0.00028249216 2.0817854e-08 0)
(0.00028244927 8.8589404e-09 0)
(0.00028242807 -1.0776126e-10 0)
(0.00028242326 -6.6685136e-09 0)
(0.00028243056 -1.1309917e-08 0)
(0.00028244655 -1.443417e-08 0)
(0.0002824685 -1.6372142e-08 0)
(0.0002824943 -1.7394629e-08 0)
(0.00028252229 -1.7721962e-08 0)
(0.0002825512 -1.7532265e-08 0)
(0.00028258008 -1.6968459e-08 0)
(0.00028260825 -1.6144271e-08 0)
(0.0002826352 -1.5149287e-08 0)
(0.00028266062 -1.4053271e-08 0)
(0.0002826843 -1.2909767e-08 0)
(0.00028270612 -1.1759159e-08 0)
(0.00028272606 -1.0631199e-08 0)
(0.00028274413 -9.547149e-09 0)
(0.0002827604 -8.5215173e-09 0)
(0.00028277496 -7.5635307e-09 0)
(0.0002827879 -6.6783058e-09 0)
(0.00028279935 -5.8678407e-09 0)
(0.00028280943 -5.1317826e-09 0)
(0.00028281826 -4.4680813e-09 0)
(0.00028282596 -3.8734757e-09 0)
(0.00028283264 -3.343912e-09 0)
(0.00028283842 -2.8748375e-09 0)
(0.0002828434 -2.4614598e-09 0)
(0.00028284766 -2.0989105e-09 0)
(0.00028285131 -1.7823992e-09 0)
(0.00028285441 -1.5072925e-09 0)
(0.00028285703 -1.2691998e-09 0)
(0.00028285925 -1.0639991e-09 0)
(0.00028286111 -8.8787987e-10 0)
(0.00028286266 -7.3733749e-10 0)
(0.00028286395 -6.091909e-10 0)
(0.00028286502 -5.0055826e-10 0)
(0.00028286591 -4.088619e-10 0)
(0.00028286663 -3.3179434e-10 0)
(0.00028286721 -2.6731717e-10 0)
(0.00028286769 -2.1362344e-10 0)
(0.00028286807 -1.6913484e-10 0)
(0.00028286837 -1.3246366e-10 0)
(0.00028286861 -1.0241087e-10 0)
(0.00028286879 -7.7929494e-11 0)
(0.00028286893 -5.8124794e-11 0)
(0.00028286904 -4.2219932e-11 0)
(0.00028286912 -2.9558829e-11 0)
(0.00028286918 -1.9574359e-11 0)
(0.00028286921 -1.1793894e-11 0)
(0.00028286924 -5.8100531e-12 0)
(0.00028286925 -1.2886615e-12 0)
(0.00028286925 2.0581141e-12 0)
(0.00028286925 4.4617686e-12 0)
(0.00028286925 6.1221876e-12 0)
(0.00028286924 7.196022e-12 0)
(0.00028286923 7.8195467e-12 0)
(0.00028286922 8.0958191e-12 0)
(0.0002828692 8.1159038e-12 0)
(0.00028286919 7.9451969e-12 0)
(0.00028286918 7.6432166e-12 0)
(0.00028286916 7.2494344e-12 0)
(0.00028286915 6.8017978e-12 0)
(0.00028286914 6.3223476e-12 0)
(0.00028286913 5.8346127e-12 0)
(0.00028286912 5.3492402e-12 0)
(0.00028286911 4.8803701e-12 0)
(0.0002828691 4.4314649e-12 0)
(0.00028286909 4.0107452e-12 0)
(0.00028286909 3.6173531e-12 0)
(0.00028286908 3.2559286e-12 0)
(0.00028286908 2.9232002e-12 0)
(0.00028286907 2.6217594e-12 0)
(0.00028286907 2.3471471e-12 0)
(0.00028286906 2.1008839e-12 0)
(0.00028286906 1.8780785e-12 0)
(0.00028286906 1.679778e-12 0)
(0.00028286905 1.5010996e-12 0)
(0.00028286905 1.3429618e-12 0)
(0.00028286905 1.2007239e-12 0)
(0.00028286905 1.0753604e-12 0)
(0.00028286904 9.625759e-13 0)
(0.00028286904 8.6348215e-13 0)
(0.00028286904 7.7415363e-13 0)
(0.00028286904 6.9586933e-13 0)
(0.00028286904 6.2504826e-13 0)
(0.00028286904 5.6313344e-13 0)
(0.00028286904 5.0684198e-13 0)
(0.00028286904 4.5776467e-13 0)
(0.00028286904 4.1285775e-13 0)
(0.00028286903 3.7384034e-13 0)
(0.00028286903 3.3785349e-13 0)
(0.00028286903 3.0671384e-13 0)
(0.00028286903 2.7769691e-13 0)
(0.00028286903 2.5270041e-13 0)
(0.00028286903 2.2907965e-13 0)
(0.00028286903 2.0879838e-13 0)
(0.00028286903 1.8924644e-13 0)
(0.00028286903 1.7243674e-13 0)
(0.00028286903 1.5575577e-13 0)
(0.00028286903 1.4125385e-13 0)
(0.00028286903 1.2627989e-13 0)
(0.00028286903 1.1290768e-13 0)
(0.00028286903 9.8417211e-14 0)
(0.00028286903 8.4900682e-14 0)
(0.00028286903 6.954583e-14 0)
(0.00028286903 5.4453021e-14 0)
(0.00028286903 3.6702661e-14 0)
(0.00028286903 1.8403567e-14 0)
(0.00028286903 -3.4810716e-15 0)
(0.00028286903 -2.6821864e-14 0)
(0.00028286903 -5.4767204e-14 0)
(0.00028286903 -8.5146775e-14 0)
(0.00028286903 -1.2119518e-13 0)
(0.00028286903 -1.6065381e-13 0)
(0.00028286903 -2.0679355e-13 0)
(0.00028286903 -2.5719623e-13 0)
(0.00028286903 -3.1508281e-13 0)
(0.00028286903 -3.7776009e-13 0)
(0.00028286903 -4.4826688e-13 0)
(0.00028286903 -5.2346627e-13 0)
(0.00028286903 -6.0603441e-13 0)
(0.00028286903 -6.9215297e-13 0)
(0.00028286904 -7.8388119e-13 0)
(0.00028286904 -8.7640744e-13 0)
(0.00028286904 -9.708394e-13 0)
(0.00028286904 -1.0609751e-12 0)
(0.00028286904 -1.146558e-12 0)
(0.00028286904 -1.2195055e-12 0)
(0.00028286905 -1.2776932e-12 0)
(0.00028286905 -1.3105995e-12 0)
(0.00028286905 -1.3136649e-12 0)
(0.00028286905 -1.273318e-12 0)
(0.00028286905 -1.1819627e-12 0)
(0.00028286906 -1.0223698e-12 0)
(0.00028286906 -7.8335274e-13 0)
(0.00028286906 -4.4349539e-13 0)
(0.00028286906 1.2396771e-14 0)
(0.00028286906 6.1025278e-13 0)
(0.00028286905 1.3694099e-12 0)
(0.00028286905 2.3202766e-12 0)
(0.00028286904 3.4859945e-12 0)
(0.00028286903 4.9008429e-12 0)
(0.00028286902 6.5906865e-12 0)
(0.00028286901 8.5921761e-12 0)
(0.00028286899 1.0931675e-11 0)
(0.00028286896 1.3645367e-11 0)
(0.00028286893 1.6756274e-11 0)
(0.0002828689 2.0295436e-11 0)
(0.00028286885 2.4276645e-11 0)
(0.0002828688 2.8718838e-11 0)
(0.00028286874 3.3618718e-11 0)
(0.00028286867 3.897518e-11 0)
(0.00028286859 4.4762554e-11 0)
(0.0002828685 5.0960671e-11 0)
(0.0002828684 5.753707e-11 0)
(0.00028286829 6.4497589e-11 0)
(0.00028286816 7.1916124e-11 0)
(0.00028286802 8.0112662e-11 0)
(0.00028286787 8.9900225e-11 0)
(0.0002828677 1.0296654e-10 0)
(0.00028286752 1.2235529e-10 0)
(0.00028286723 1.7609735e-10 0)
(0.0018461493 0.0005038783 0)
(0.0018714351 0.0005978363 0)
(0.0016859609 0.00047102937 0)
(0.0014750023 0.00034109315 0)
(0.0012862614 0.00024326852 0)
(0.001129721 0.00017570532 0)
(0.0010039798 0.00012983571 0)
(0.00090373958 9.8256566e-05 0)
(0.00082358365 7.5958972e-05 0)
(0.00075905906 5.9771494e-05 0)
(0.0007067301 4.7705659e-05 0)
(0.00066399673 3.8499816e-05 0)
(0.00062889279 3.1335536e-05 0)
(0.00059991903 2.566766e-05 0)
(0.00057591838 2.1122994e-05 0)
(0.0005559859 1.7439228e-05 0)
(0.00053940459 1.4427379e-05 0)
(0.0005255995 1.1948166e-05 0)
(0.00051410456 9.8967836e-06 0)
(0.00050453838 8.1928779e-06 0)
(0.00049658638 6.7737868e-06 0)
(0.00048998735 5.5899008e-06 0)
(0.0004845232 4.6014144e-06 0)
(0.00048001107 3.7760133e-06 0)
(0.00047629716 3.0871989e-06 0)
(0.0004732518 2.5130559e-06 0)
(0.00047076551 2.0353316e-06 0)
(0.00046874578 1.6387372e-06 0)
(0.00046711445 1.3104096e-06 0)
(0.0004658055 1.0394901e-06 0)
(0.00046476325 8.1679136e-07 0)
(0.00046394077 6.3452893e-07 0)
(0.00046329861 4.8610255e-07 0)
(0.0004628037 3.6591644e-07 0)
(0.00046242834 2.6922938e-07 0)
(0.00046214946 1.9202898e-07 0)
(0.00046194786 1.3092519e-07 0)
(0.00046180767 8.3059763e-08 0)
(0.00046171579 4.6028738e-08 0)
(0.00046166148 1.7816017e-08 0)
(0.00046163598 -3.2638082e-09 0)
(0.00046163219 -1.8614664e-08 0)
(0.00046164437 -2.9401386e-08 0)
(0.00046166795 -3.6586224e-08 0)
(0.00046169931 -4.0960253e-08 0)
(0.00046173561 -4.3170357e-08 0)
(0.00046177463 -4.3742378e-08 0)
(0.0004618147 -4.3100911e-08 0)
(0.00046185458 -4.1586217e-08 0)
(0.00046189335 -3.9468604e-08 0)
(0.00046193035 -3.6960635e-08 0)
(0.00046196518 -3.4227453e-08 0)
(0.00046199756 -3.1395483e-08 0)
(0.00046202736 -2.8559732e-08 0)
(0.00046205456 -2.5789896e-08 0)
(0.00046207918 -2.3135444e-08 0)
(0.00046210133 -2.0629831e-08 0)
(0.00046212112 -1.829397e-08 0)
(0.00046213871 -1.6139073e-08 0)
(0.00046215425 -1.4168982e-08 0)
(0.00046216792 -1.2382037e-08 0)
(0.00046217989 -1.0772591e-08 0)
(0.00046219032 -9.3322078e-09 0)
(0.00046219937 -8.0506152e-09 0)
(0.00046220719 -6.9164405e-09 0)
(0.00046221391 -5.9177807e-09 0)
(0.00046221968 -5.0426311e-09 0)
(0.0004622246 -4.2792031e-09 0)
(0.00046222878 -3.6161511e-09 0)
(0.00046223232 -3.0427286e-09 0)
(0.00046223531 -2.5488882e-09 0)
(0.00046223781 -2.1253374e-09 0)
(0.0004622399 -1.7635622e-09 0)
(0.00046224164 -1.4558252e-09 0)
(0.00046224308 -1.1951451e-09 0)
(0.00046224426 -9.7526443e-10 0)
(0.00046224523 -7.9060721e-10 0)
(0.00046224602 -6.3623247e-10 0)
(0.00046224665 -5.0778428e-10 0)
(0.00046224716 -4.0144121e-10 0)
(0.00046224757 -3.1386625e-10 0)
(0.00046224788 -2.4215854e-10 0)
(0.00046224813 -1.8380719e-10 0)
(0.00046224832 -1.3664828e-10 0)
(0.00046224846 -9.8824647e-11 0)
(0.00046224856 -6.8749188e-11 0)
(0.00046224864 -4.5071266e-11 0)
(0.00046224869 -2.6646441e-11 0)
(0.00046224872 -1.2509181e-11 0)
(0.00046224873 -1.8485888e-12 0)
(0.00046224874 6.0132161e-12 0)
(0.00046224874 1.1640149e-11 0)
(0.00046224873 1.5498898e-11 0)
(0.00046224872 1.7973611e-11 0)
(0.0004622487 1.9378583e-11 0)
(0.00046224868 1.9969395e-11 0)
(0.00046224867 1.9952325e-11 0)
(0.00046224865 1.9492689e-11 0)
(0.00046224863 1.8721661e-11 0)
(0.00046224861 1.7742448e-11 0)
(0.00046224859 1.6635093e-11 0)
(0.00046224858 1.5461028e-11 0)
(0.00046224856 1.4266326e-11 0)
(0.00046224855 1.3085058e-11 0)
(0.00046224854 1.1941374e-11 0)
(0.00046224853 1.0852001e-11 0)
(0.00046224852 9.8274542e-12 0)
(0.00046224851 8.8739289e-12 0)
(0.0004622485 7.9938714e-12 0)
(0.00046224849 7.1874601e-12 0)
(0.00046224848 6.4527071e-12 0)
(0.00046224848 5.7866765e-12 0)
(0.00046224847 5.1852465e-12 0)
(0.00046224847 4.6441608e-12 0)
(0.00046224846 4.1585461e-12 0)
(0.00046224846 3.7238769e-12 0)
(0.00046224846 3.3353166e-12 0)
(0.00046224845 2.9886352e-12 0)
(0.00046224845 2.6794317e-12 0)
(0.00046224845 2.4040334e-12 0)
(0.00046224844 2.1586354e-12 0)
(0.00046224844 1.9402009e-12 0)
(0.00046224844 1.7455494e-12 0)
(0.00046224844 1.5722543e-12 0)
(0.00046224844 1.4177053e-12 0)
(0.00046224844 1.2800125e-12 0)
(0.00046224843 1.1570505e-12 0)
(0.00046224843 1.0473716e-12 0)
(0.00046224843 9.4923945e-13 0)
(0.00046224843 8.6154326e-13 0)
(0.00046224843 7.8284494e-13 0)
(0.00046224843 7.1227502e-13 0)
(0.00046224843 6.4860389e-13 0)
(0.00046224843 5.9112134e-13 0)
(0.00046224843 5.3872448e-13 0)
(0.00046224843 4.9078335e-13 0)
(0.00046224843 4.4625522e-13 0)
(0.00046224843 4.0452301e-13 0)
(0.00046224843 3.6454347e-13 0)
(0.00046224842 3.2565256e-13 0)
(0.00046224842 2.8675191e-13 0)
(0.00046224842 2.4708556e-13 0)
(0.00046224842 2.0546324e-13 0)
(0.00046224842 1.6100079e-13 0)
(0.00046224842 1.1238907e-13 0)
(0.00046224842 5.8604767e-14 0)
(0.00046224842 -1.7755515e-15 0)
(0.00046224842 -6.9897623e-14 0)
(0.00046224842 -1.4726186e-13 0)
(0.00046224842 -2.3507395e-13 0)
(0.00046224842 -3.3481988e-13 0)
(0.00046224842 -4.4763617e-13 0)
(0.00046224842 -5.7483035e-13 0)
(0.00046224843 -7.172606e-13 0)
(0.00046224843 -8.757913e-13 0)
(0.00046224843 -1.0506808e-12 0)
(0.00046224843 -1.2419535e-12 0)
(0.00046224843 -1.4488014e-12 0)
(0.00046224843 -1.6698645e-12 0)
(0.00046224843 -1.9026244e-12 0)
(0.00046224843 -2.1435939e-12 0)
(0.00046224844 -2.3876986e-12 0)
(0.00046224844 -2.6283593e-12 0)
(0.00046224844 -2.8568798e-12 0)
(0.00046224845 -3.0624067e-12 0)
(0.00046224845 -3.2313174e-12 0)
(0.00046224845 -3.34708e-12 0)
(0.00046224845 -3.3896622e-12 0)
(0.00046224846 -3.3352977e-12 0)
(0.00046224846 -3.1559501e-12 0)
(0.00046224846 -2.8190147e-12 0)
(0.00046224847 -2.2868943e-12 0)
(0.00046224847 -1.5166988e-12 0)
(0.00046224847 -4.5999527e-13 0)
(0.00046224847 9.3741366e-13 0)
(0.00046224846 2.7354556e-12 0)
(0.00046224846 4.999819e-12 0)
(0.00046224845 7.8014844e-12 0)
(0.00046224844 1.1216415e-11 0)
(0.00046224842 1.5324442e-11 0)
(0.0004622484 2.0208413e-11 0)
(0.00046224838 2.5952131e-11 0)
(0.00046224834 3.2638685e-11 0)
(0.0004622483 4.0347103e-11 0)
(0.00046224825 4.91496e-11 0)
(0.00046224819 5.9106658e-11 0)
(0.00046224812 7.0263088e-11 0)
(0.00046224804 8.2641712e-11 0)
(0.00046224795 9.623893e-11 0)
(0.00046224784 1.1101901e-10 0)
(0.00046224771 1.2691335e-10 0)
(0.00046224757 1.4382352e-10 0)
(0.0004622474 1.616392e-10 0)
(0.00046224723 1.8027776e-10 0)
(0.00046224703 1.9977388e-10 0)
(0.00046224681 2.2048472e-10 0)
(0.00046224657 2.4340953e-10 0)
(0.00046224632 2.7041264e-10 0)
(0.00046224606 3.0431226e-10 0)
(0.00046224567 3.7106469e-10 0)
(0.001849111 0.00041645271 0)
(0.0019336262 0.00062402453 0)
(0.0018599003 0.00058119537 0)
(0.0017216652 0.00047400098 0)
(0.0015663055 0.00036895646 0)
(0.0014191842 0.00028412714 0)
(0.0012900569 0.00021986037 0)
(0.0011804815 0.0001719587 0)
(0.0010888363 0.00013612247 0)
(0.0010125933 0.00010898296 0)
(0.00094921805 8.8114879e-05 0)
(0.00089647989 7.1820794e-05 0)
(0.00085251494 5.8916682e-05 0)
(0.00081579806 4.8569454e-05 0)
(0.00078508918 4.0184387e-05 0)
(0.00075937936 3.3329621e-05 0)
(0.00073784421 2.768592e-05 0)
(0.00071980636 2.3013096e-05 0)
(0.00070470583 1.9127355e-05 0)
(0.00069207708 1.5885806e-05 0)
(0.00068153097 1.3175715e-05 0)
(0.00067274082 1.0906951e-05 0)
(0.00066543135 9.0065823e-06 0)
(0.00065936992 7.4149791e-06 0)
(0.00065435948 6.0829369e-06 0)
(0.00065023294 4.9695428e-06 0)
(0.00064684844 4.0405599e-06 0)
(0.00064408558 3.2671913e-06 0)
(0.00064184217 2.6251186e-06 0)
(0.00064003154 2.0937449e-06 0)
(0.00063858033 1.6555899e-06 0)
(0.00063742649 1.295801e-06 0)
(0.00063651768 1.0017518e-06 0)
(0.00063580983 7.627108e-07 0)
(0.00063526596 5.6956354e-07 0)
(0.00063485512 4.1457844e-07 0)
(0.00063455149 2.9120807e-07 0)
(0.00063433363 1.9391923e-07 0)
(0.00063418378 1.1804727e-07 0)
(0.00063408731 5.967072e-08 0)
(0.00063403225 1.5503173e-08 0)
(0.00063400883 -1.7200026e-08 0)
(0.00063400913 -4.072237e-08 0)
(0.00063402679 -5.6955735e-08 0)
(0.00063405673 -6.7460359e-08 0)
(0.00063409493 -7.351648e-08 0)
(0.00063413826 -7.6168714e-08 0)
(0.00063418429 -7.6264117e-08 0)
(0.00063423118 -7.4484733e-08 0)
(0.00063427756 -7.1375362e-08 0)
(0.00063432244 -6.7367169e-08 0)
(0.00063436515 -6.2797699e-08 0)
(0.00063440521 -5.7927779e-08 0)
(0.00063444238 -5.2955744e-08 0)
(0.00063447651 -4.802936e-08 0)
(0.0006345076 -4.3255776e-08 0)
(0.00063453571 -3.8709801e-08 0)
(0.00063456095 -3.4440731e-08 0)
(0.00063458347 -3.0477988e-08 0)
(0.00063460346 -2.6835713e-08 0)
(0.00063462111 -2.3516512e-08 0)
(0.00063463661 -2.0514474e-08 0)
(0.00063465017 -1.7817591e-08 0)
(0.00063466198 -1.5409673e-08 0)
(0.00063467221 -1.3271863e-08 0)
(0.00063468104 -1.1383799e-08 0)
(0.00063468863 -9.724513e-09 0)
(0.00063469514 -8.2730956e-09 0)
(0.00063470068 -7.0091895e-09 0)
(0.00063470539 -5.9133314e-09 0)
(0.00063470937 -4.9671859e-09 0)
(0.00063471272 -4.1536861e-09 0)
(0.00063471553 -3.4571094e-09 0)
(0.00063471787 -2.8630972e-09 0)
(0.00063471982 -2.35864e-09 0)
(0.00063472143 -1.9320302e-09 0)
(0.00063472275 -1.5728002e-09 0)
(0.00063472384 -1.2716426e-09 0)
(0.00063472471 -1.0203284e-09 0)
(0.00063472542 -8.1161609e-10 0)
(0.00063472599 -6.3916616e-10 0)
(0.00063472643 -4.9745163e-10 0)
(0.00063472679 -3.8167765e-10 0)
(0.00063472706 -2.8770009e-10 0)
(0.00063472727 -2.1195482e-10 0)
(0.00063472742 -1.5138707e-10 0)
(0.00063472753 -1.0339203e-10 0)
(0.00063472761 -6.5755631e-11 0)
(0.00063472767 -3.6606389e-11 0)
(0.0006347277 -1.4367046e-11 0)
(0.00063472772 2.2833369e-12 0)
(0.00063472772 1.4448091e-11 0)
(0.00063472771 2.304194e-11 0)
(0.0006347277 2.8821531e-11 0)
(0.00063472769 3.2406999e-11 0)
(0.00063472767 3.4305762e-11 0)
(0.00063472765 3.4928063e-11 0)
(0.00063472763 3.4605364e-11 0)
(0.00063472761 3.3601147e-11 0)
(0.00063472759 3.2125053e-11 0)
(0.00063472757 3.0340019e-11 0)
(0.00063472755 2.8373158e-11 0)
(0.00063472753 2.6320111e-11 0)
(0.00063472751 2.4253465e-11 0)
(0.0006347275 2.2225036e-11 0)
(0.00063472748 2.0272462e-11 0)
(0.00063472747 1.8419975e-11 0)
(0.00063472746 1.6683658e-11 0)
(0.00063472745 1.5071147e-11 0)
(0.00063472744 1.358592e-11 0)
(0.00063472743 1.2226254e-11 0)
(0.00063472742 1.0988828e-11 0)
(0.00063472741 9.8671874e-12 0)
(0.00063472741 8.8548512e-12 0)
(0.0006347274 7.9434544e-12 0)
(0.00063472739 7.1255327e-12 0)
(0.00063472739 6.3924496e-12 0)
(0.00063472738 5.7369648e-12 0)
(0.00063472738 5.1510367e-12 0)
(0.00063472738 4.6282431e-12 0)
(0.00063472737 4.1615177e-12 0)
(0.00063472737 3.7454821e-12 0)
(0.00063472737 3.3741474e-12 0)
(0.00063472737 3.0431821e-12 0)
(0.00063472736 2.7476105e-12 0)
(0.00063472736 2.4840479e-12 0)
(0.00063472736 2.2483927e-12 0)
(0.00063472736 2.0380498e-12 0)
(0.00063472736 1.8496238e-12 0)
(0.00063472736 1.6811372e-12 0)
(0.00063472736 1.52973e-12 0)
(0.00063472735 1.393874e-12 0)
(0.00063472735 1.2710826e-12 0)
(0.00063472735 1.1601266e-12 0)
(0.00063472735 1.0587422e-12 0)
(0.00063472735 9.65858e-13 0)
(0.00063472735 8.7930568e-13 0)
(0.00063472735 7.9805146e-13 0)
(0.00063472735 7.1990601e-13 0)
(0.00063472735 6.4376769e-13 0)
(0.00063472735 5.673278e-13 0)
(0.00063472735 4.8933533e-13 0)
(0.00063472735 4.0729352e-13 0)
(0.00063472735 3.197424e-13 0)
(0.00063472735 2.2395653e-13 0)
(0.00063472735 1.1825207e-13 0)
(0.00063472735 -3.0939869e-16 0)
(0.00063472735 -1.3358959e-13 0)
(0.00063472735 -2.8465991e-13 0)
(0.00063472735 -4.5542823e-13 0)
(0.00063472735 -6.4890588e-13 0)
(0.00063472735 -8.6678858e-13 0)
(0.00063472735 -1.1116992e-12 0)
(0.00063472735 -1.3846986e-12 0)
(0.00063472735 -1.687497e-12 0)
(0.00063472735 -2.0198867e-12 0)
(0.00063472735 -2.3818892e-12 0)
(0.00063472735 -2.771111e-12 0)
(0.00063472736 -3.1848255e-12 0)
(0.00063472736 -3.6172065e-12 0)
(0.00063472736 -4.061343e-12 0)
(0.00063472736 -4.5063474e-12 0)
(0.00063472737 -4.9392922e-12 0)
(0.00063472737 -5.3421893e-12 0)
(0.00063472738 -5.6938503e-12 0)
(0.00063472738 -5.9667311e-12 0)
(0.00063472738 -6.1287538e-12 0)
(0.00063472739 -6.1400452e-12 0)
(0.00063472739 -5.954752e-12 0)
(0.00063472739 -5.5177284e-12 0)
(0.0006347274 -4.7664229e-12 0)
(0.0006347274 -3.6276058e-12 0)
(0.0006347274 -2.0194501e-12 0)
(0.0006347274 1.515724e-13 0)
(0.0006347274 2.9882405e-12 0)
(0.00063472739 6.6053346e-12 0)
(0.00063472738 1.112657e-11 0)
(0.00063472737 1.6686723e-11 0)
(0.00063472736 2.3427633e-11 0)
(0.00063472733 3.1499339e-11 0)
(0.00063472731 4.1054713e-11 0)
(0.00063472727 5.2249127e-11 0)
(0.00063472722 6.5233155e-11 0)
(0.00063472717 8.0150236e-11 0)
(0.0006347271 9.7126875e-11 0)
(0.00063472702 1.1626787e-10 0)
(0.00063472693 1.3764377e-10 0)
(0.00063472682 1.6128389e-10 0)
(0.00063472669 1.8716213e-10 0)
(0.00063472654 2.151906e-10 0)
(0.00063472638 2.4520972e-10 0)
(0.00063472619 2.7699322e-10 0)
(0.00063472598 3.1026094e-10 0)
(0.00063472574 3.4472535e-10 0)
(0.00063472549 3.8017798e-10 0)
(0.00063472521 4.1668087e-10 0)
(0.0006347249 4.5480179e-10 0)
(0.00063472458 4.9557578e-10 0)
(0.00063472427 5.3982129e-10 0)
(0.00063472381 6.0675208e-10 0)
(0.0018392558 0.0003425954 0)
(0.0019358337 0.00060184978 0)
(0.0019321155 0.00063051966 0)
(0.0018597607 0.00056293371 0)
(0.0017499624 0.00047018252 0)
(0.0016292744 0.00038221592 0)
(0.001512698 0.0003081087 0)
(0.0014068904 0.00024849247 0)
(0.0013139488 0.0002012995 0)
(0.001233741 0.00016401059 0)
(0.0011651822 0.00013440235 0)
(0.0011068818 0.00011070898 0)
(0.0010574423 9.158521e-05 0)
(0.001015583 7.6020779e-05 0)
(0.00098017822 6.3257718e-05 0)
(0.00095025877 5.2723829e-05 0)
(0.00092499829 4.3982854e-05 0)
(0.00090369488 3.6698259e-05 0)
(0.0008857529 3.06072e-05 0)
(0.00087066657 2.5501823e-05 0)
(0.00085800582 2.1215797e-05 0)
(0.00084740445 1.7614529e-05 0)
(0.0008385502 1.4588e-05 0)
(0.00083117654 1.2045464e-05 0)
(0.00082505582 9.9114824e-06 0)
(0.00081999354 8.1229227e-06 0)
(0.00081582358 6.6266599e-06 0)
(0.00081240411 5.3777918e-06 0)
(0.00080961417 4.3382375e-06 0)
(0.00080735071 3.475622e-06 0)
(0.00080552612 2.762376e-06 0)
(0.00080406604 2.175003e-06 0)
(0.00080290748 1.6934724e-06 0)
(0.00080199725 1.3007158e-06 0)
(0.00080129054 9.8220099e-07 0)
(0.00080074973 7.2557229e-07 0)
(0.00080034332 5.2034277e-07 0)
(0.00080004506 3.5763053e-07 0)
(0.00079983314 2.299315e-07 0)
(0.00079968953 1.3092333e-07 0)
(0.00079959937 5.5295661e-08 0)
(0.00079955053 -1.3966634e-09 0)
(0.00079953311 -4.2860806e-08 0)
(0.00079953911 -7.2175924e-08 0)
(0.00079956211 -9.1888255e-08 0)
(0.00079959699 -1.0409316e-07 0)
(0.00079963974 -1.1050577e-07 0)
(0.0007996872 -1.1252172e-07 0)
(0.00079973696 -1.1126918e-07 0)
(0.00079978721 -1.0765328e-07 0)
(0.00079983658 -1.0239407e-07 0)
(0.00079988412 -9.6058653e-08 0)
(0.00079992916 -8.9088455e-08 0)
(0.00079997128 -8.1822166e-08 0)
(0.00080001025 -7.4515057e-08 0)
(0.00080004595 -6.735512e-08 0)
(0.00080007839 -6.0476514e-08 0)
(0.00080010767 -5.3970719e-08 0)
(0.00080013391 -4.7895733e-08 0)
(0.00080015729 -4.2283621e-08 0)
(0.00080017801 -3.7146672e-08 0)
(0.00080019628 -3.2482384e-08 0)
(0.00080021231 -2.8277483e-08 0)
(0.00080022631 -2.4511114e-08 0)
(0.00080023849 -2.1157379e-08 0)
(0.00080024903 -1.8187305e-08 0)
(0.00080025812 -1.5570367e-08 0)
(0.00080026592 -1.3275642e-08 0)
(0.0008002726 -1.1272662e-08 0)
(0.00080027829 -9.5320291e-09 0)
(0.00080028311 -8.0258401e-09 0)
(0.00080028718 -6.7279641e-09 0)
(0.00080029061 -5.6141999e-09 0)
(0.00080029348 -4.6623471e-09 0)
(0.00080029587 -3.8522086e-09 0)
(0.00080029786 -3.1655454e-09 0)
(0.00080029949 -2.5859948e-09 0)
(0.00080030084 -2.0989668e-09 0)
(0.00080030194 -1.6915231e-09 0)
(0.00080030283 -1.3522514e-09 0)
(0.00080030354 -1.0711332e-09 0)
(0.00080030411 -8.3941612e-10 0)
(0.00080030456 -6.4948709e-10 0)
(0.00080030492 -4.9475412e-10 0)
(0.00080030519 -3.695328e-10 0)
(0.0008003054 -2.6894297e-10 0)
(0.00080030555 -1.8881167e-10 0)
(0.00080030566 -1.2558663e-10 0)
(0.00080030574 -7.6255938e-11 0)
(0.00080030579 -3.8277842e-11 0)
(0.00080030582 -9.5160558e-12 0)
(0.00080030584 1.1815762e-11 0)
(0.00080030584 2.7204996e-11 0)
(0.00080030583 3.7882984e-11 0)
(0.00080030582 4.4864447e-11 0)
(0.0008003058 4.8979957e-11 0)
(0.00080030578 5.0905924e-11 0)
(0.00080030576 5.1188664e-11 0)
(0.00080030574 5.0266852e-11 0)
(0.00080030571 4.8488992e-11 0)
(0.00080030569 4.6129994e-11 0)
(0.00080030567 4.3403573e-11 0)
(0.00080030565 4.0474315e-11 0)
(0.00080030563 3.7466258e-11 0)
(0.00080030561 3.4471582e-11 0)
(0.0008003056 3.1556343e-11 0)
(0.00080030558 2.8766673e-11 0)
(0.00080030557 2.6132461e-11 0)
(0.00080030556 2.367173e-11 0)
(0.00080030554 2.1392867e-11 0)
(0.00080030553 1.9297689e-11 0)
(0.00080030552 1.7382673e-11 0)
(0.00080030551 1.5641105e-11 0)
(0.00080030551 1.406362e-11 0)
(0.0008003055 1.2639722e-11 0)
(0.00080030549 1.1357881e-11 0)
(0.00080030549 1.0206625e-11 0)
(0.00080030548 9.1743476e-12 0)
(0.00080030548 8.2501258e-12 0)
(0.00080030547 7.4233516e-12 0)
(0.00080030547 6.6843699e-12 0)
(0.00080030547 6.0240198e-12 0)
(0.00080030546 5.4341579e-12 0)
(0.00080030546 4.9071444e-12 0)
(0.00080030546 4.4363095e-12 0)
(0.00080030546 4.015418e-12 0)
(0.00080030545 3.6390949e-12 0)
(0.00080030545 3.3022934e-12 0)
(0.00080030545 3.0007002e-12 0)
(0.00080030545 2.730203e-12 0)
(0.00080030545 2.4872988e-12 0)
(0.00080030545 2.2685583e-12 0)
(0.00080030544 2.0710483e-12 0)
(0.00080030544 1.8917905e-12 0)
(0.00080030544 1.7281932e-12 0)
(0.00080030544 1.5775146e-12 0)
(0.00080030544 1.43731e-12 0)
(0.00080030544 1.3048854e-12 0)
(0.00080030544 1.1777678e-12 0)
(0.00080030544 1.0531496e-12 0)
(0.00080030544 9.2838293e-13 0)
(0.00080030544 8.004218e-13 0)
(0.00080030544 6.6634169e-13 0)
(0.00080030544 5.2277487e-13 0)
(0.00080030544 3.664669e-13 0)
(0.00080030544 1.9371501e-13 0)
(0.00080030544 9.7214365e-16 0)
(0.00080030544 -2.157133e-13 0)
(0.00080030544 -4.6003606e-13 0)
(0.00080030544 -7.3596864e-13 0)
(0.00080030544 -1.0470294e-12 0)
(0.00080030544 -1.396785e-12 0)
(0.00080030544 -1.7880285e-12 0)
(0.00080030544 -2.2232261e-12 0)
(0.00080030544 -2.703589e-12 0)
(0.00080030544 -3.2294449e-12 0)
(0.00080030544 -3.7991696e-12 0)
(0.00080030545 -4.4094721e-12 0)
(0.00080030545 -5.0541724e-12 0)
(0.00080030545 -5.7243646e-12 0)
(0.00080030545 -6.4070182e-12 0)
(0.00080030546 -7.0850135e-12 0)
(0.00080030546 -7.7355585e-12 0)
(0.00080030547 -8.3300971e-12 0)
(0.00080030547 -8.8325294e-12 0)
(0.00080030547 -9.199019e-12 0)
(0.00080030548 -9.3760533e-12 0)
(0.00080030548 -9.300198e-12 0)
(0.00080030549 -8.8960661e-12 0)
(0.00080030549 -8.0761046e-12 0)
(0.00080030549 -6.7385915e-12 0)
(0.0008003055 -4.7676232e-12 0)
(0.0008003055 -2.0313102e-12 0)
(0.0008003055 1.6178027e-12 0)
(0.00080030549 6.3440681e-12 0)
(0.00080030548 1.2327576e-11 0)
(0.00080030547 1.9764632e-11 0)
(0.00080030546 2.8865399e-11 0)
(0.00080030544 3.9853038e-11 0)
(0.00080030541 5.2959565e-11 0)
(0.00080030537 6.8422985e-11 0)
(0.00080030533 8.6480593e-11 0)
(0.00080030527 1.073633e-10 0)
(0.0008003052 1.3128549e-10 0)
(0.00080030512 1.5843573e-10 0)
(0.00080030503 1.8896247e-10 0)
(0.00080030491 2.2296067e-10 0)
(0.00080030478 2.6045345e-10 0)
(0.00080030462 3.0137581e-10 0)
(0.00080030445 3.4555545e-10 0)
(0.00080030425 3.9269993e-10 0)
(0.00080030402 4.4238763e-10 0)
(0.00080030377 4.9407556e-10 0)
(0.00080030349 5.4712514e-10 0)
(0.00080030319 6.0086487e-10 0)
(0.00080030286 6.5471039e-10 0)
(0.00080030251 7.0827301e-10 0)
(0.00080030214 7.6110757e-10 0)
(0.00080030179 8.1155795e-10 0)
(0.00080030127 8.7241189e-10 0)
(0.001828964 0.00028373262 0)
(0.0019189441 0.00055861946 0)
(0.0019536329 0.00063837496 0)
(0.0019307119 0.00061210056 0)
(0.0018645231 0.00054193758 0)
(0.0017759955 0.00046158319 0)
(0.0016804675 0.00038600722 0)
(0.0015870644 0.00032037442 0)
(0.0015004918 0.00026539343 0)
(0.0014227109 0.00022004218 0)
(0.0013541387 0.00018281901 0)
(0.001294399 0.00015225334 0)
(0.0012427555 0.00012707701 0)
(0.0011983461 0.00010625357 0)
(0.0011603038 8.8955552e-05 0)
(0.0011278136 7.4527835e-05 0)
(0.0011001367 6.2451813e-05 0)
(0.0010766159 5.2315153e-05 0)
(0.0010566737 4.3787742e-05 0)
(0.001039806 3.6603137e-05 0)
(0.0010255747 3.054444e-05 0)
(0.0010135998 2.5433594e-05 0)
(0.0010035526 2.1123264e-05 0)
(0.00099514905 1.7490662e-05 0)
(0.000988144 1.4432803e-05 0)
(0.00098232619 1.1862847e-05 0)
(0.00097751378 9.7072405e-06 0)
(0.00097355051 7.9034648e-06 0)
(0.00097030238 6.398238e-06 0)
(0.00096765461 5.1460669e-06 0)
(0.00096550917 4.1080654e-06 0)
(0.00096378251 3.2509792e-06 0)
(0.0009624036 2.5463742e-06 0)
(0.00096131219 1.9699534e-06 0)
(0.00096045739 1.5009777e-06 0)
(0.0009597963 1.1217721e-06 0)
(0.00095929288 8.1730045e-07 0)
(0.00095891699 5.7480044e-07 0)
(0.00095864352 3.8346647e-07 0)
(0.00095845161 2.3417537e-07 0)
(0.00095832404 1.1924814e-07 0)
(0.00095824665 3.224307e-08 0)
(0.00095820786 -3.2223964e-08 0)
(0.00095819827 -7.8635276e-08 0)
(0.00095821029 -1.1070641e-07 0)
(0.00095823783 -1.3150289e-07 0)
(0.00095827608 -1.4354099e-07 0)
(0.00095832123 -1.4887451e-07 0)
(0.00095837034 -1.4916927e-07 0)
(0.00095842116 -1.4576691e-07 0)
(0.000958472 -1.3973936e-07 0)
(0.00095852162 -1.3193517e-07 0)
(0.00095856915 -1.2301882e-07 0)
(0.00095861398 -1.1350394e-07 0)
(0.00095865576 -1.0378124e-07 0)
(0.00095869428 -9.4141956e-08 0)
(0.00095872949 -8.4797425e-08 0)
(0.00095876141 -7.589533e-08 0)
(0.00095879015 -6.7533153e-08 0)
(0.00095881587 -5.9769243e-08 0)
(0.00095883875 -5.2631862e-08 0)
(0.00095885899 -4.6126547e-08 0)
(0.0009588768 -4.0242046e-08 0)
(0.00095889241 -3.4955081e-08 0)
(0.00095890603 -3.0234121e-08 0)
(0.00095891786 -2.604235e-08 0)
(0.00095892808 -2.2339971e-08 0)
(0.00095893689 -1.9085962e-08 0)
(0.00095894444 -1.6239399e-08 0)
(0.0009589509 -1.3760415e-08 0)
(0.00095895639 -1.1610887e-08 0)
(0.00095896104 -9.7548887e-09 0)
(0.00095896496 -8.158974e-09 0)
(0.00095896826 -6.7923256e-09 0)
(0.00095897102 -5.626798e-09 0)
(0.00095897331 -4.6368854e-09 0)
(0.00095897522 -3.7996356e-09 0)
(0.00095897678 -3.0945234e-09 0)
(0.00095897807 -2.5033007e-09 0)
(0.00095897911 -2.0098304e-09 0)
(0.00095897996 -1.5999151e-09 0)
(0.00095898064 -1.2611226e-09 0)
(0.00095898118 -9.826173e-10 0)
(0.00095898161 -7.5499642e-10 0)
(0.00095898195 -5.7013624e-10 0)
(0.0009589822 -4.2104744e-10 0)
(0.0009589824 -3.0174262e-10 0)
(0.00095898254 -2.0711366e-10 0)
(0.00095898264 -1.3282164e-10 0)
(0.00095898271 -7.5196326e-11 0)
(0.00095898276 -3.1147262e-11 0)
(0.00095898279 1.916528e-12 0)
(0.0009589828 2.615655e-11 0)
(0.0009589828 4.3367654e-11 0)
(0.00095898279 5.5031985e-11 0)
(0.00095898278 6.2367184e-11 0)
(0.00095898276 6.6367143e-11 0)
(0.00095898274 6.7838348e-11 0)
(0.00095898271 6.7430089e-11 0)
(0.00095898269 6.5661408e-11 0)
(0.00095898267 6.2943057e-11 0)
(0.00095898265 5.9597185e-11 0)
(0.00095898262 5.587295e-11 0)
(0.0009589826 5.1960697e-11 0)
(0.00095898259 4.8002805e-11 0)
(0.00095898257 4.4103742e-11 0)
(0.00095898255 4.0337405e-11 0)
(0.00095898254 3.6754143e-11 0)
(0.00095898252 3.3385565e-11 0)
(0.00095898251 3.0249378e-11 0)
(0.0009589825 2.7352388e-11 0)
(0.00095898249 2.469381e-11 0)
(0.00095898248 2.2267005e-11 0)
(0.00095898247 2.006172e-11 0)
(0.00095898246 1.8064981e-11 0)
(0.00095898245 1.6262607e-11 0)
(0.00095898245 1.4639534e-11 0)
(0.00095898244 1.3180865e-11 0)
(0.00095898244 1.187182e-11 0)
(0.00095898243 1.0698482e-11 0)
(0.00095898243 9.6475297e-12 0)
(0.00095898242 8.7067932e-12 0)
(0.00095898242 7.8648599e-12 0)
(0.00095898242 7.1115109e-12 0)
(0.00095898241 6.4372619e-12 0)
(0.00095898241 5.8337438e-12 0)
(0.00095898241 5.2932046e-12 0)
(0.0009589824 4.8088637e-12 0)
(0.0009589824 4.3744019e-12 0)
(0.0009589824 3.9843036e-12 0)
(0.0009589824 3.6333484e-12 0)
(0.0009589824 3.3169517e-12 0)
(0.0009589824 3.0306658e-12 0)
(0.00095898239 2.7705215e-12 0)
(0.00095898239 2.5325334e-12 0)
(0.00095898239 2.3130553e-12 0)
(0.00095898239 2.1082932e-12 0)
(0.00095898239 1.9146663e-12 0)
(0.00095898239 1.7283302e-12 0)
(0.00095898239 1.5455504e-12 0)
(0.00095898239 1.3622332e-12 0)
(0.00095898239 1.1743208e-12 0)
(0.00095898239 9.7733448e-13 0)
(0.00095898239 7.6678891e-13 0)
(0.00095898239 5.377574e-13 0)
(0.00095898239 2.8532388e-13 0)
(0.00095898239 4.181336e-15 0)
(0.00095898239 -3.1087733e-13 0)
(0.00095898239 -6.653109e-13 0)
(0.00095898239 -1.0642689e-12 0)
(0.00095898239 -1.5128799e-12 0)
(0.00095898239 -2.0156012e-12 0)
(0.00095898239 -2.5764199e-12 0)
(0.00095898239 -3.1980833e-12 0)
(0.00095898239 -3.882185e-12 0)
(0.00095898239 -4.6282501e-12 0)
(0.0009589824 -5.4336634e-12 0)
(0.0009589824 -6.2925889e-12 0)
(0.0009589824 -7.195723e-12 0)
(0.0009589824 -8.1289976e-12 0)
(0.00095898241 -9.0731357e-12 0)
(0.00095898241 -1.000213e-11 0)
(0.00095898241 -1.088259e-11 0)
(0.00095898242 -1.167199e-11 0)
(0.00095898242 -1.2317818e-11 0)
(0.00095898243 -1.2755622e-11 0)
(0.00095898243 -1.290801e-11 0)
(0.00095898244 -1.268257e-11 0)
(0.00095898244 -1.1970835e-11 0)
(0.00095898245 -1.0646192e-11 0)
(0.00095898245 -8.5629868e-12 0)
(0.00095898245 -5.5546685e-12 0)
(0.00095898245 -1.4332854e-12 0)
(0.00095898245 4.011807e-12 0)
(0.00095898244 1.1013654e-11 0)
(0.00095898243 1.9827993e-11 0)
(0.00095898242 3.0731607e-11 0)
(0.0009589824 4.4020987e-11 0)
(0.00095898238 6.0008616e-11 0)
(0.00095898234 7.9019177e-11 0)
(0.0009589823 1.0138284e-10 0)
(0.00095898225 1.2742793e-10 0)
(0.00095898219 1.5747012e-10 0)
(0.00095898211 1.9180035e-10 0)
(0.00095898201 2.3066871e-10 0)
(0.0009589819 2.7426664e-10 0)
(0.00095898177 3.227046e-10 0)
(0.00095898162 3.7598846e-10 0)
(0.00095898145 4.339919e-10 0)
(0.00095898125 4.9642959e-10 0)
(0.00095898102 5.6283008e-10 0)
(0.00095898077 6.32515e-10 0)
(0.00095898049 7.045852e-10 0)
(0.00095898018 7.7792102e-10 0)
(0.00095897985 8.5119743e-10 0)
(0.00095897949 9.2292588e-10 0)
(0.00095897911 9.9144089e-10 0)
(0.0009589787 1.0545425e-09 0)
(0.00095897833 1.1083435e-09 0)
(0.00095897777 1.1598045e-09 0)
(0.0018211358 0.00023717491 0)
(0.0018989949 0.00050866153 0)
(0.0019519318 0.00062126188 0)
(0.0019623196 0.00063075916 0)
(0.0019320948 0.00058625105 0)
(0.0018748108 0.00051985444 0)
(0.0018033255 0.00044925558 0)
(0.0017270154 0.0003828832 0)
(0.0016518592 0.00032399598 0)
(0.0015812439 0.00027325845 0)
(0.0015168207 0.00023018002 0)
(0.0014591707 0.00019385015 0)
(0.0014082572 0.00016328403 0)
(0.0013637118 0.00013756803 0)
(0.0013250075 0.00011590863 0)
(0.0012915595 9.7637947e-05 0)
(0.0012627818 8.2202015e-05 0)
(0.0012381168 6.9143815e-05 0)
(0.0012170501 5.8086394e-05 0)
(0.0011991158 4.8717964e-05 0)
(0.001183897 4.0779512e-05 0)
(0.0011710242 3.4054759e-05 0)
(0.0011601716 2.8362168e-05 0)
(0.0011510533 2.3548602e-05 0)
(0.0011434198 1.9484294e-05 0)
(0.0011370535 1.605886e-05 0)
(0.0011317656 1.3178104e-05 0)
(0.0011273926 1.0761442e-05 0)
(0.0011237934 8.7398178e-06 0)
(0.0011208462 7.0539837e-06 0)
(0.0011184468 5.6530844e-06 0)
(0.0011165057 4.4934687e-06 0)
(0.0011149467 3.5376895e-06 0)
(0.0011137046 2.7536534e-06 0)
(0.0011127245 2.1138929e-06 0)
(0.0011119597 1.59494e-06 0)
(0.0011113709 1.1767849e-06 0)
(0.0011109251 8.4240573e-07 0)
(0.0011105949 5.7736037e-07 0)
(0.0011103571 3.6943007e-07 0)
(0.0011101928 2.0830935e-07 0)
(0.0011100862 8.5335486e-08 0)
(0.0011100246 -6.7469791e-09 0)
(0.0011099972 -7.399122e-08 0)
(0.0011099956 -1.2142611e-07 0)
(0.001110013 -1.5321053e-07 0)
(0.0011100438 -1.7276686e-07 0)
(0.0011100837 -1.8289609e-07 0)
(0.0011101293 -1.8587694e-07 0)
(0.0011101779 -1.8355084e-07 0)
(0.0011102276 -1.7739463e-07 0)
(0.0011102768 -1.6858255e-07 0)
(0.0011103246 -1.5803886e-07 0)
(0.0011103701 -1.4648244e-07 0)
(0.0011104128 -1.3446435e-07 0)
(0.0011104525 -1.2239942e-07 0)
(0.0011104889 -1.1059266e-07 0)
(0.0011105222 -9.9261265e-08 0)
(0.0011105522 -8.8552823e-08 0)
(0.0011105792 -7.8560379e-08 0)
(0.0011106034 -6.933476e-08 0)
(0.0011106248 -6.0894632e-08 0)
(0.0011106437 -5.3234644e-08 0)
(0.0011106603 -4.6331977e-08 0)
(0.0011106748 -4.0151565e-08 0)
(0.0011106875 -3.4650216e-08 0)
(0.0011106985 -2.9779826e-08 0)
(0.001110708 -2.5489856e-08 0)
(0.0011107161 -2.1729204e-08 0)
(0.0011107231 -1.8447595e-08 0)
(0.0011107291 -1.5596571e-08 0)
(0.0011107342 -1.3130184e-08 0)
(0.0011107385 -1.1005431e-08 0)
(0.0011107421 -9.1825169e-09 0)
(0.0011107451 -7.6249535e-09 0)
(0.0011107476 -6.2995648e-09 0)
(0.0011107497 -5.1764047e-09 0)
(0.0011107515 -4.2286206e-09 0)
(0.0011107529 -3.4322781e-09 0)
(0.0011107541 -2.7661623e-09 0)
(0.001110755 -2.2115665e-09 0)
(0.0011107558 -1.7520763e-09 0)
(0.0011107564 -1.3733558e-09 0)
(0.0011107569 -1.0629411e-09 0)
(0.0011107573 -8.1004282e-10 0)
(0.0011107576 -6.0536148e-10 0)
(0.0011107578 -4.409152e-10 0)
(0.001110758 -3.0988219e-10 0)
(0.0011107581 -2.0645645e-10 0)
(0.0011107582 -1.2571781e-10 0)
(0.0011107583 -6.3514637e-11 0)
(0.0011107583 -1.6359654e-11 0)
(0.0011107584 1.8663175e-11 0)
(0.0011107584 4.3980232e-11 0)
(0.0011107584 6.1600564e-11 0)
(0.0011107584 7.3178501e-11 0)
(0.0011107583 8.0068761e-11 0)
(0.0011107583 8.3373597e-11 0)
(0.0011107583 8.398405e-11 0)
(0.0011107583 8.2614785e-11 0)
(0.0011107583 7.9834463e-11 0)
(0.0011107582 7.6091005e-11 0)
(0.0011107582 7.1733569e-11 0)
(0.0011107582 6.7030534e-11 0)
(0.0011107582 6.218513e-11 0)
(0.0011107582 5.7347968e-11 0)
(0.0011107581 5.2627965e-11 0)
(0.0011107581 4.8100872e-11 0)
(0.0011107581 4.381677e-11 0)
(0.0011107581 3.9805706e-11 0)
(0.0011107581 3.6082741e-11 0)
(0.0011107581 3.2651546e-11 0)
(0.0011107581 2.950773e-11 0)
(0.001110758 2.664102e-11 0)
(0.001110758 2.4037408e-11 0)
(0.001110758 2.168038e-11 0)
(0.001110758 1.9552264e-11 0)
(0.001110758 1.7634837e-11 0)
(0.001110758 1.5910153e-11 0)
(0.001110758 1.4360745e-11 0)
(0.001110758 1.2970135e-11 0)
(0.001110758 1.1722783e-11 0)
(0.001110758 1.0604409e-11 0)
(0.001110758 9.6017871e-12 0)
(0.001110758 8.7029629e-12 0)
(0.001110758 7.8969739e-12 0)
(0.001110758 7.1739985e-12 0)
(0.001110758 6.5250507e-12 0)
(0.001110758 5.9420977e-12 0)
(0.001110758 5.4177404e-12 0)
(0.001110758 4.9453286e-12 0)
(0.001110758 4.5186364e-12 0)
(0.001110758 4.1319881e-12 0)
(0.001110758 3.7799326e-12 0)
(0.001110758 3.457377e-12 0)
(0.001110758 3.1592725e-12 0)
(0.001110758 2.880762e-12 0)
(0.001110758 2.6168696e-12 0)
(0.001110758 2.3626675e-12 0)
(0.001110758 2.1129735e-12 0)
(0.001110758 1.8625376e-12 0)
(0.001110758 1.6057586e-12 0)
(0.001110758 1.336896e-12 0)
(0.001110758 1.0498071e-12 0)
(0.001110758 7.3819629e-13 0)
(0.001110758 3.9539094e-13 0)
(0.001110758 1.4647552e-14 0)
(0.001110758 -4.1102851e-13 0)
(0.001110758 -8.8850098e-13 0)
(0.001110758 -1.4245997e-12 0)
(0.001110758 -2.0256411e-12 0)
(0.001110758 -2.697421e-12 0)
(0.001110758 -3.4446011e-12 0)
(0.001110758 -4.2705599e-12 0)
(0.001110758 -5.1766107e-12 0)
(0.001110758 -6.1616745e-12 0)
(0.001110758 -7.2212807e-12 0)
(0.001110758 -8.3470269e-12 0)
(0.001110758 -9.525337e-12 0)
(0.001110758 -1.0736662e-11 0)
(0.001110758 -1.1953958e-11 0)
(0.001110758 -1.3141614e-11 0)
(0.001110758 -1.4253642e-11 0)
(0.001110758 -1.5232336e-11 0)
(0.001110758 -1.6006186e-11 0)
(0.001110758 -1.6488308e-11 0)
(0.001110758 -1.6574155e-11 0)
(0.001110758 -1.6139831e-11 0)
(0.001110758 -1.5039739e-11 0)
(0.001110758 -1.3104942e-11 0)
(0.001110758 -1.0140999e-11 0)
(0.001110758 -5.9266938e-12 0)
(0.001110758 -2.123926e-13 0)
(0.001110758 7.2804122e-12 0)
(0.001110758 1.6859683e-11 0)
(0.001110758 2.8861889e-11 0)
(0.001110758 4.3650794e-11 0)
(0.001110758 6.161426e-11 0)
(0.0011107579 8.3160313e-11 0)
(0.0011107579 1.0871061e-10 0)
(0.0011107579 1.3869254e-10 0)
(0.0011107578 1.7352803e-10 0)
(0.0011107577 2.1362017e-10 0)
(0.0011107576 2.5933578e-10 0)
(0.0011107575 3.1098507e-10 0)
(0.0011107574 3.6879644e-10 0)
(0.0011107573 4.3288793e-10 0)
(0.0011107571 5.0323364e-10 0)
(0.0011107569 5.7962724e-10 0)
(0.0011107567 6.6164179e-10 0)
(0.0011107565 7.4858935e-10 0)
(0.0011107562 8.3948046e-10 0)
(0.0011107559 9.3298723e-10 0)
(0.0011107556 1.0274085e-09 0)
(0.0011107552 1.1206375e-09 0)
(0.0011107549 1.2101297e-09 0)
(0.0011107545 1.2928114e-09 0)
(0.001110754 1.3647336e-09 0)
(0.0011107536 1.4200506e-09 0)
(0.0011107531 1.4602879e-09 0)
(0.0018158181 0.0002007297 0)
(0.001881328 0.00045913525 0)
(0.0019408852 0.00059043394 0)
(0.0019719695 0.00062780124 0)
(0.0019689712 0.00060768068 0)
(0.0019388401 0.00055792787 0)
(0.0018909005 0.00049646131 0)
(0.0018333788 0.00043350646 0)
(0.0017724077 0.00037424019 0)
(0.0017120744 0.00032086033 0)
(0.001654856 0.00027395113 0)
(0.0016020915 0.00023329751 0)
(0.0015543678 0.00019833777 0)
(0.001511801 0.00016840018 0)
(0.0014742268 0.00014281819 0)
(0.0014413267 0.0001209805 0)
(0.0014127063 0.00010234811 0)
(0.0013879446 8.6455217e-05 0)
(0.0013666234 7.2903389e-05 0)
(0.0013483436 6.135326e-05 0)
(0.0013327345 5.1516048e-05 0)
(0.0013194571 4.3145778e-05 0)
(0.0013082061 3.6032528e-05 0)
(0.0012987084 2.999673e-05 0)
(0.0012907217 2.4884426e-05 0)
(0.0012840325 2.0563339e-05 0)
(0.0012784533 1.6919634e-05 0)
(0.0012738204 1.3855222e-05 0)
(0.0012699913 1.1285524e-05 0)
(0.0012668425 9.1375873e-06 0)
(0.0012642674 7.3485045e-06 0)
(0.0012621741 5.8640605e-06 0)
(0.0012604839 4.6375806e-06 0)
(0.0012591296 3.6289368e-06 0)
(0.0012580537 2.8036874e-06 0)
(0.0012572076 2.1323297e-06 0)
(0.0012565501 1.5896481e-06 0)
(0.0012560466 1.1541451e-06 0)
(0.0012556681 8.0754201e-07 0)
(0.0012553901 5.3434318e-07 0)
(0.0012551925 3.2145316e-07 0)
(0.0012550585 1.5784244e-07 0)
(0.0012549743 3.4254958e-08 0)
(0.0012549286 -5.7047079e-08 0)
(0.0012549122 -1.2250547e-07 0)
(0.0012549177 -1.6745919e-07 0)
(0.0012549391 -1.9631187e-07 0)
(0.0012549715 -2.1267656e-07 0)
(0.0012550113 -2.1950059e-07 0)
(0.0012550555 -2.1917282e-07 0)
(0.0012551019 -2.1361561e-07 0)
(0.0012551487 -2.0436331e-07 0)
(0.0012551947 -1.9262905e-07 0)
(0.001255239 -1.7936143e-07 0)
(0.001255281 -1.6529236e-07 0)
(0.0012553202 -1.5097736e-07 0)
(0.0012553565 -1.3682928e-07 0)
(0.0012553898 -1.2314653e-07 0)
(0.00125542 -1.1013642e-07 0)
(0.0012554473 -9.7934545e-08 0)
(0.0012554718 -8.6620646e-08 0)
(0.0012554936 -7.6231644e-08 0)
(0.0012555129 -6.6772177e-08 0)
(0.00125553 -5.8223125e-08 0)
(0.0012555449 -5.0548417e-08 0)
(0.001255558 -4.3700437e-08 0)
(0.0012555693 -3.762426e-08 0)
(0.0012555792 -3.2260933e-08 0)
(0.0012555876 -2.7549979e-08 0)
(0.0012555949 -2.3431268e-08 0)
(0.0012556012 -1.9846377e-08 0)
(0.0012556065 -1.6739549e-08 0)
(0.001255611 -1.4058332e-08 0)
(0.0012556148 -1.1753964e-08 0)
(0.001255618 -9.7815719e-09 0)
(0.0012556207 -8.100215e-09 0)
(0.0012556229 -6.6728309e-09 0)
(0.0012556248 -5.4660964e-09 0)
(0.0012556263 -4.4502374e-09 0)
(0.0012556276 -3.5988029e-09 0)
(0.0012556286 -2.8884198e-09 0)
(0.0012556295 -2.2985381e-09 0)
(0.0012556302 -1.8111759e-09 0)
(0.0012556307 -1.4106702e-09 0)
(0.0012556311 -1.0834386e-09 0)
(0.0012556315 -8.1775298e-10 0)
(0.0012556317 -6.0353007e-10 0)
(0.0012556319 -4.3213663e-10 0)
(0.0012556321 -2.9621231e-10 0)
(0.0012556322 -1.8950839e-10 0)
(0.0012556323 -1.0674277e-10 0)
(0.0012556323 -4.3469946e-11 0)
(0.0012556323 4.0345109e-12 0)
(0.0012556324 3.8876354e-11 0)
(0.0012556324 6.3632625e-11 0)
(0.0012556324 8.0430697e-11 0)
(0.0012556324 9.1016944e-11 0)
(0.0012556323 9.6816598e-11 0)
(0.0012556323 9.8985212e-11 0)
(0.0012556323 9.845317e-11 0)
(0.0012556323 9.5963579e-11 0)
(0.0012556323 9.2104791e-11 0)
(0.0012556322 8.7337794e-11 0)
(0.0012556322 8.201957e-11 0)
(0.0012556322 7.6422521e-11 0)
(0.0012556322 7.0750943e-11 0)
(0.0012556322 6.5154524e-11 0)
(0.0012556322 5.9739744e-11 0)
(0.0012556321 5.4579051e-11 0)
(0.0012556321 4.9718569e-11 0)
(0.0012556321 4.5184182e-11 0)
(0.0012556321 4.0986626e-11 0)
(0.0012556321 3.7125397e-11 0)
(0.0012556321 3.3592017e-11 0)
(0.0012556321 3.0372441e-11 0)
(0.0012556321 2.7449087e-11 0)
(0.0012556321 2.480223e-11 0)
(0.001255632 2.2411216e-11 0)
(0.001255632 2.0255192e-11 0)
(0.001255632 1.8313785e-11 0)
(0.001255632 1.6567418e-11 0)
(0.001255632 1.4997662e-11 0)
(0.001255632 1.3587297e-11 0)
(0.001255632 1.2320462e-11 0)
(0.001255632 1.1182577e-11 0)
(0.001255632 1.0160383e-11 0)
(0.001255632 9.2417844e-12 0)
(0.001255632 8.415837e-12 0)
(0.001255632 7.6725565e-12 0)
(0.001255632 7.0028786e-12 0)
(0.001255632 6.3984604e-12 0)
(0.001255632 5.8516359e-12 0)
(0.001255632 5.3552199e-12 0)
(0.001255632 4.902469e-12 0)
(0.001255632 4.4868882e-12 0)
(0.001255632 4.1022071e-12 0)
(0.001255632 3.7422017e-12 0)
(0.001255632 3.4006763e-12 0)
(0.001255632 3.0713054e-12 0)
(0.001255632 2.7476335e-12 0)
(0.001255632 2.4229326e-12 0)
(0.001255632 2.0902337e-12 0)
(0.001255632 1.7422098e-12 0)
(0.001255632 1.3712414e-12 0)
(0.001255632 9.6934097e-13 0)
(0.001255632 5.2827345e-13 0)
(0.001255632 3.9545179e-14 0)
(0.001255632 -5.0540773e-13 0)
(0.001255632 -1.1151456e-12 0)
(0.001255632 -1.797921e-12 0)
(0.001255632 -2.5614903e-12 0)
(0.001255632 -3.4126713e-12 0)
(0.001255632 -4.3569899e-12 0)
(0.001255632 -5.3980529e-12 0)
(0.001255632 -6.5369905e-12 0)
(0.001255632 -7.7715959e-12 0)
(0.001255632 -9.095509e-12 0)
(0.001255632 -1.0497077e-11 0)
(0.001255632 -1.1958248e-11 0)
(0.001255632 -1.3453096e-11 0)
(0.001255632 -1.4946386e-11 0)
(0.001255632 -1.6391748e-11 0)
(0.001255632 -1.7729904e-11 0)
(0.001255632 -1.8886506e-11 0)
(0.001255632 -1.9770035e-11 0)
(0.001255632 -2.0269364e-11 0)
(0.001255632 -2.0251439e-11 0)
(0.001255632 -1.9558692e-11 0)
(0.001255632 -1.8006692e-11 0)
(0.001255632 -1.5381636e-11 0)
(0.001255632 -1.1438275e-11 0)
(0.001255632 -5.8978822e-12 0)
(0.001255632 1.5530933e-12 0)
(0.001255632 1.1264024e-11 0)
(0.001255632 2.3620061e-11 0)
(0.001255632 3.904133e-11 0)
(0.001255632 5.7980579e-11 0)
(0.001255632 8.0919537e-11 0)
(0.001255632 1.0836307e-10 0)
(0.0012556319 1.4083136e-10 0)
(0.0012556319 1.7884904e-10 0)
(0.0012556318 2.2293152e-10 0)
(0.0012556317 2.7356728e-10 0)
(0.0012556316 3.311964e-10 0)
(0.0012556315 3.9618404e-10 0)
(0.0012556314 4.6878921e-10 0)
(0.0012556313 5.4912775e-10 0)
(0.0012556311 6.3712998e-10 0)
(0.0012556309 7.3249263e-10 0)
(0.0012556307 8.3462598e-10 0)
(0.0012556304 9.4259665e-10 0)
(0.0012556302 1.0550674e-09 0)
(0.0012556299 1.170233e-09 0)
(0.0012556295 1.2857526e-09 0)
(0.0012556292 1.3986732e-09 0)
(0.0012556288 1.5053417e-09 0)
(0.0012556284 1.6012705e-09 0)
(0.001255628 1.6808506e-09 0)
(0.0012556276 1.7366302e-09 0)
(0.001255627 1.7646673e-09 0)
(0.0018123201 0.00017204698 0)
(0.0018670891 0.0004130311 0)
(0.0019270986 0.00055294618 0)
(0.0019700384 0.00061040017 0)
(0.0019864768 0.0006112789 0)
(0.0019783923 0.00057831756 0)
(0.0019516161 0.00052810406 0)
(0.0019125713 0.00047141022 0)
(0.0018667919 0.00041459082 0)
(0.0018184557 0.00036103422 0)
(0.0017704461 0.00031229598 0)
(0.0017246022 0.00026887307 0)
(0.0016819924 0.00023069166 0)
(0.0016431485 0.00019739762 0)
(0.0016082455 0.00016852122 0)
(0.0015772315 0.00014356617 0)
(0.0015499174 0.00012205455 0)
(0.0015260378 0.00010354719 0)
(0.001505291 8.7650771e-05 0)
(0.0014873648 7.4018079e-05 0)
(0.0014719526 6.2345091e-05 0)
(0.0014587627 5.2366753e-05 0)
(0.0014475243 4.3852488e-05 0)
(0.0014379894 3.6601895e-05 0)
(0.0014299339 3.0440852e-05 0)
(0.0014231572 2.521808e-05 0)
(0.0014174811 2.0802157e-05 0)
(0.001412748 1.707893e-05 0)
(0.0014088199 1.3949298e-05 0)
(0.0014055762 1.1327285e-05 0)
(0.0014029118 9.1383769e-06 0)
(0.0014007361 7.3180805e-06 0)
(0.0013989706 5.8106595e-06 0)
(0.0013975483 4.5680345e-06 0)
(0.0013964115 3.5488166e-06 0)
(0.0013955113 2.7174564e-06 0)
(0.0013948061 2.0434964e-06 0)
(0.0013942606 1.5009106e-06 0)
(0.0013938454 1.0675235e-06 0)
(0.0013935356 7.2449771e-07 0)
(0.0013933105 4.558828e-07 0)
(0.0013931528 2.4821906e-07 0)
(0.0013930483 9.0189623e-08 0)
(0.0013929852 -2.7684163e-08 0)
(0.0013929541 -1.1330878e-07 0)
(0.0013929471 -1.7325043e-07 0)
(0.0013929579 -2.1293648e-07 0)
(0.0013929815 -2.368301e-07 0)
(0.0013930139 -2.4858101e-07 0)
(0.0013930519 -2.511554e-07 0)
(0.0013930932 -2.469474e-07 0)
(0.0013931358 -2.3787442e-07 0)
(0.0013931784 -2.2545844e-07 0)
(0.0013932199 -2.108951e-07 0)
(0.0013932596 -1.9511208e-07 0)
(0.001393297 -1.7881843e-07 0)
(0.0013933319 -1.6254585e-07 0)
(0.0013933641 -1.4668331e-07 0)
(0.0013933934 -1.3150581e-07 0)
(0.00139342 -1.171982e-07 0)
(0.001393444 -1.0387481e-07 0)
(0.0013934654 -9.159558e-08 0)
(0.0013934845 -8.037909e-08 0)
(0.0013935014 -7.0213215e-08 0)
(0.0013935162 -6.1063606e-08 0)
(0.0013935292 -5.2880466e-08 0)
(0.0013935406 -4.5603883e-08 0)
(0.0013935504 -3.916798e-08 0)
(0.001393559 -3.3504109e-08 0)
(0.0013935663 -2.8543248e-08 0)
(0.0013935726 -2.4217773e-08 0)
(0.001393578 -2.0462722e-08 0)
(0.0013935826 -1.7216656e-08 0)
(0.0013935864 -1.4422209e-08 0)
(0.0013935897 -1.2026383e-08 0)
(0.0013935925 -9.9806733e-09 0)
(0.0013935948 -8.2410382e-09 0)
(0.0013935967 -6.7677773e-09 0)
(0.0013935983 -5.5253342e-09 0)
(0.0013935996 -4.4820524e-09 0)
(0.0013936007 -3.609902e-09 0)
(0.0013936016 -2.8841915e-09 0)
(0.0013936023 -2.2832756e-09 0)
(0.0013936029 -1.7882678e-09 0)
(0.0013936033 -1.3827621e-09 0)
(0.0013936037 -1.0525692e-09 0)
(0.001393604 -7.8546942e-10 0)
(0.0013936042 -5.7098348e-10 0)
(0.0013936044 -4.0016239e-10 0)
(0.0013936045 -2.6539613e-10 0)
(0.0013936046 -1.6024081e-10 0)
(0.0013936046 -7.9263645e-11 0)
(0.0013936047 -1.7904648e-11 0)
(0.0013936047 2.7645962e-11 0)
(0.0013936047 6.0556002e-11 0)
(0.0013936047 8.3446176e-11 0)
(0.0013936047 9.8473085e-11 0)
(0.0013936047 1.0740123e-10 0)
(0.0013936047 1.1166549e-10 0)
(0.0013936047 1.1242479e-10 0)
(0.0013936047 1.106083e-10 0)
(0.0013936046 1.0695472e-10 0)
(0.0013936046 1.0204582e-10 0)
(0.0013936046 9.6334737e-11 0)
(0.0013936046 9.0169889e-11 0)
(0.0013936046 8.3814907e-11 0)
(0.0013936046 7.7465415e-11 0)
(0.0013936045 7.12628e-11 0)
(0.0013936045 6.5305732e-11 0)
(0.0013936045 5.9659462e-11 0)
(0.0013936045 5.436355e-11 0)
(0.0013936045 4.9437992e-11 0)
(0.0013936045 4.4888268e-11 0)
(0.0013936045 4.0709245e-11 0)
(0.0013936045 3.6888377e-11 0)
(0.0013936045 3.3408088e-11 0)
(0.0013936044 3.0247724e-11 0)
(0.0013936044 2.7384922e-11 0)
(0.0013936044 2.4796741e-11 0)
(0.0013936044 2.246037e-11 0)
(0.0013936044 2.0353736e-11 0)
(0.0013936044 1.8455803e-11 0)
(0.0013936044 1.6746857e-11 0)
(0.0013936044 1.5208553e-11 0)
(0.0013936044 1.3824017e-11 0)
(0.0013936044 1.2577756e-11 0)
(0.0013936044 1.1455647e-11 0)
(0.0013936044 1.0444787e-11 0)
(0.0013936044 9.53343e-12 0)
(0.0013936044 8.7107965e-12 0)
(0.0013936044 7.9670029e-12 0)
(0.0013936044 7.2928597e-12 0)
(0.0013936044 6.6797981e-12 0)
(0.0013936044 6.1196719e-12 0)
(0.0013936044 5.6046933e-12 0)
(0.0013936044 5.1272447e-12 0)
(0.0013936044 4.6798282e-12 0)
(0.0013936044 4.2548941e-12 0)
(0.0013936044 3.8448071e-12 0)
(0.0013936044 3.4416933e-12 0)
(0.0013936044 3.0374356e-12 0)
(0.0013936044 2.6235494e-12 0)
(0.0013936044 2.1912127e-12 0)
(0.0013936044 1.7311843e-12 0)
(0.0013936044 1.2338848e-12 0)
(0.0013936044 6.8938015e-13 0)
(0.0013936044 8.754388e-14 0)
(0.0013936044 -5.8187968e-13 0)
(0.0013936044 -1.3290047e-12 0)
(0.0013936044 -2.1636055e-12 0)
(0.0013936044 -3.094703e-12 0)
(0.0013936044 -4.1301981e-12 0)
(0.0013936044 -5.2762608e-12 0)
(0.0013936044 -6.5367413e-12 0)
(0.0013936044 -7.9123072e-12 0)
(0.0013936044 -9.3995808e-12 0)
(0.0013936044 -1.098996e-11 0)
(0.0013936044 -1.266843e-11 0)
(0.0013936044 -1.4412024e-11 0)
(0.0013936044 -1.6188249e-11 0)
(0.0013936044 -1.795315e-11 0)
(0.0013936044 -1.9649324e-11 0)
(0.0013936044 -2.1203586e-11 0)
(0.0013936044 -2.252459e-11 0)
(0.0013936044 -2.3500117e-11 0)
(0.0013936044 -2.3994389e-11 0)
(0.0013936044 -2.3845107e-11 0)
(0.0013936044 -2.2860615e-11 0)
(0.0013936044 -2.0816923e-11 0)
(0.0013936044 -1.745501e-11 0)
(0.0013936044 -1.2478205e-11 0)
(0.0013936044 -5.5501024e-12 0)
(0.0013936044 3.7071408e-12 0)
(0.0013936044 1.571359e-11 0)
(0.0013936044 3.093153e-11 0)
(0.0013936044 4.9864018e-11 0)
(0.0013936044 7.3052077e-11 0)
(0.0013936044 1.0106977e-10 0)
(0.0013936043 1.3451716e-10 0)
(0.0013936043 1.7401032e-10 0)
(0.0013936042 2.2016826e-10 0)
(0.0013936042 2.7359586e-10 0)
(0.0013936041 3.3486259e-10 0)
(0.001393604 4.0447608e-10 0)
(0.0013936039 4.8285021e-10 0)
(0.0013936038 5.7026692e-10 0)
(0.0013936037 6.6683138e-10 0)
(0.0013936035 7.7241997e-10 0)
(0.0013936033 8.8662108e-10 0)
(0.0013936031 1.0086685e-09 0)
(0.0013936028 1.137368e-09 0)
(0.0013936026 1.271016e-09 0)
(0.0013936023 1.4073112e-09 0)
(0.0013936019 1.5432552e-09 0)
(0.0013936016 1.6750417e-09 0)
(0.0013936012 1.7979274e-09 0)
(0.0013936008 1.906082e-09 0)
(0.0013936004 1.9924006e-09 0)
(0.0013936 2.0479948e-09 0)
(0.0013935995 2.0635015e-09 0)
(0.0018100212 0.00014910548 0)
(0.0018560221 0.00037126159 0)
(0.0019135053 0.00051299786 0)
(0.0019624966 0.00058387039 0)
(0.001992166 0.0006016371 0)
(0.0020011647 0.00058408843 0)
(0.0019923884 0.00054569909 0)
(0.0019703275 0.00049689541 0)
(0.0019395151 0.00044454069 0)
(0.0019037897 0.00039281 0)
(0.0018660866 0.00034403057 0)
(0.00182849 0.00029934015 0)
(0.0017923821 0.00025915143 0)
(0.0017586095 0.00022345855 0)
(0.001727631 0.00019203021 0)
(0.0016996353 0.0001645266 0)
(0.0016746308 0.00014056777 0)
(0.0016525103 0.00011977191 0)
(0.001633097 0.00010177546 0)
(0.0016161766 8.6242765e-05 0)
(0.0016015181 7.2869569e-05 0)
(0.001588889 6.1383246e-05 0)
(0.0015780635 5.1541331e-05 0)
(0.0015688289 4.3129245e-05 0)
(0.0015609879 3.5957743e-05 0)
(0.0015543608 2.9860348e-05 0)
(0.0015487851 2.4690924e-05 0)
(0.0015441159 2.0321424e-05 0)
(0.0015402244 1.6639858e-05 0)
(0.0015369972 1.3548452e-05 0)
(0.001534335 1.0962013e-05 0)
(0.0015321513 8.806461e-06 0)
(0.0015303709 7.0175153e-06 0)
(0.0015289291 5.5395318e-06 0)
(0.0015277703 4.3244597e-06 0)
(0.0015268466 3.3309133e-06 0)
(0.0015261177 2.5233453e-06 0)
(0.001525549 1.8713111e-06 0)
(0.0015251113 1.3488147e-06 0)
(0.0015247803 9.3372938e-07 0)
(0.0015245354 6.0728347e-07 0)
(0.0015243594 3.5360738e-07 0)
(0.0015242382 1.5933363e-07 0)
(0.0015241601 1.3245746e-08 0)
(0.0015241153 -9.402962e-08 0)
(0.0015240961 -1.702916e-07 0)
(0.0015240961 -2.2199943e-07 0)
(0.0015241101 -2.5447591e-07 0)
(0.0015241341 -2.7208355e-07 0)
(0.0015241648 -2.7837647e-07 0)
(0.0015241996 -2.7623115e-07 0)
(0.0015242366 -2.679583e-07 0)
(0.0015242744 -2.5539853e-07 0)
(0.0015243117 -2.4000366e-07 0)
(0.0015243479 -2.2290568e-07 0)
(0.0015243823 -2.0497492e-07 0)
(0.0015244146 -1.8686904e-07 0)
(0.0015244446 -1.69074e-07 0)
(0.0015244721 -1.5193824e-07 0)
(0.0015244972 -1.3570101e-07 0)
(0.0015245198 -1.205158e-07 0)
(0.0015245402 -1.0646957e-07 0)
(0.0015245584 -9.3598403e-08 0)
(0.0015245745 -8.1900263e-08 0)
(0.0015245888 -7.1345222e-08 0)
(0.0015246013 -6.1883644e-08 0)
(0.0015246123 -5.3452651e-08 0)
(0.0015246218 -4.5981188e-08 0)
(0.0015246301 -3.9393926e-08 0)
(0.0015246372 -3.3614229e-08 0)
(0.0015246434 -2.8566357e-08 0)
(0.0015246487 -2.4177062e-08 0)
(0.0015246532 -2.0376697e-08 0)
(0.001524657 -1.7099937e-08 0)
(0.0015246602 -1.4286214e-08 0)
(0.001524663 -1.1879908e-08 0)
(0.0015246653 -9.8303768e-09 0)
(0.0015246672 -8.0918523e-09 0)
(0.0015246688 -6.6232511e-09 0)
(0.0015246701 -5.3879185e-09 0)
(0.0015246712 -4.3533355e-09 0)
(0.0015246721 -3.4908037e-09 0)
(0.0015246728 -2.7751218e-09 0)
(0.0015246734 -2.1842639e-09 0)
(0.0015246739 -1.6990658e-09 0)
(0.0015246743 -1.3029272e-09 0)
(0.0015246746 -9.8152961e-10 0)
(0.0015246748 -7.2257515e-10 0)
(0.001524675 -5.1554555e-10 0)
(0.0015246751 -3.5148232e-10 0)
(0.0015246752 -2.2278766e-10 0)
(0.0015246753 -1.2304538e-10 0)
(0.0015246754 -4.686089e-11 0)
(0.0015246754 1.0281035e-11 0)
(0.0015246754 5.2141867e-11 0)
(0.0015246754 8.1839836e-11 0)
(0.0015246754 1.0194655e-10 0)
(0.0015246754 1.1457118e-10 0)
(0.0015246754 1.2143339e-10 0)
(0.0015246754 1.2392628e-10 0)
(0.0015246754 1.2317049e-10 0)
(0.0015246754 1.2006041e-10 0)
(0.0015246754 1.1530356e-10 0)
(0.0015246753 1.0945401e-10 0)
(0.0015246753 1.0294048e-10 0)
(0.0015246753 9.609008e-11 0)
(0.0015246753 8.9147968e-11 0)
(0.0015246753 8.2293878e-11 0)
(0.0015246753 7.5655659e-11 0)
(0.0015246753 6.9320482e-11 0)
(0.0015246752 6.3343951e-11 0)
(0.0015246752 5.7757552e-11 0)
(0.0015246752 5.2574605e-11 0)
(0.0015246752 4.7795075e-11 0)
(0.0015246752 4.3409344e-11 0)
(0.0015246752 3.9401203e-11 0)
(0.0015246752 3.5750142e-11 0)
(0.0015246752 3.2433138e-11 0)
(0.0015246752 2.9425957e-11 0)
(0.0015246752 2.6704146e-11 0)
(0.0015246752 2.424371e-11 0)
(0.0015246752 2.2021609e-11 0)
(0.0015246752 2.0016038e-11 0)
(0.0015246751 1.820662e-11 0)
(0.0015246751 1.6574462e-11 0)
(0.0015246751 1.5102171e-11 0)
(0.0015246751 1.3773778e-11 0)
(0.0015246751 1.2574669e-11 0)
(0.0015246751 1.1491442e-11 0)
(0.0015246751 1.0511791e-11 0)
(0.0015246751 9.6243449e-12 0)
(0.0015246751 8.8185303e-12 0)
(0.0015246751 8.0844096e-12 0)
(0.0015246751 7.4125462e-12 0)
(0.0015246751 6.7938436e-12 0)
(0.0015246751 6.2194262e-12 0)
(0.0015246751 5.6804946e-12 0)
(0.0015246751 5.1682187e-12 0)
(0.0015246751 4.673614e-12 0)
(0.0015246751 4.1874598e-12 0)
(0.0015246751 3.7002039e-12 0)
(0.0015246751 3.2019188e-12 0)
(0.0015246751 2.6822438e-12 0)
(0.0015246751 2.1303937e-12 0)
(0.0015246751 1.535161e-12 0)
(0.0015246751 8.8500112e-13 0)
(0.0015246751 1.6812768e-13 0)
(0.0015246751 -6.2730402e-13 0)
(0.0015246751 -1.5129739e-12 0)
(0.0015246751 -2.5000589e-12 0)
(0.0015246751 -3.5988405e-12 0)
(0.0015246751 -4.8181675e-12 0)
(0.0015246751 -6.164836e-12 0)
(0.0015246751 -7.6427887e-12 0)
(0.0015246751 -9.252205e-12 0)
(0.0015246751 -1.0988379e-11 0)
(0.0015246751 -1.2840447e-11 0)
(0.0015246751 -1.4789881e-11 0)
(0.0015246751 -1.6808805e-11 0)
(0.0015246751 -1.8858048e-11 0)
(0.0015246751 -2.0884995e-11 0)
(0.0015246751 -2.2821177e-11 0)
(0.0015246751 -2.4579669e-11 0)
(0.0015246751 -2.6052226e-11 0)
(0.0015246751 -2.7106279e-11 0)
(0.0015246752 -2.7581709e-11 0)
(0.0015246752 -2.7287583e-11 0)
(0.0015246752 -2.5998792e-11 0)
(0.0015246752 -2.3452782e-11 0)
(0.0015246752 -1.9346392e-11 0)
(0.0015246752 -1.3333046e-11 0)
(0.0015246752 -5.0203405e-12 0)
(0.0015246752 6.0316571e-12 0)
(0.0015246752 2.0311266e-11 0)
(0.0015246752 3.8354844e-11 0)
(0.0015246751 6.0745022e-11 0)
(0.0015246751 8.8107027e-11 0)
(0.0015246751 1.2110284e-10 0)
(0.0015246751 1.6042256e-10 0)
(0.001524675 2.0677263e-10 0)
(0.001524675 2.608602e-10 0)
(0.0015246749 3.2337308e-10 0)
(0.0015246749 3.9495461e-10 0)
(0.0015246748 4.7617274e-10 0)
(0.0015246747 5.6748254e-10 0)
(0.0015246746 6.6918155e-10 0)
(0.0015246744 7.8135708e-10 0)
(0.0015246743 9.0382508e-10 0)
(0.0015246741 1.0360599e-09 0)
(0.0015246739 1.1771148e-09 0)
(0.0015246736 1.3255324e-09 0)
(0.0015246734 1.4792449e-09 0)
(0.0015246731 1.6354624e-09 0)
(0.0015246728 1.7905484e-09 0)
(0.0015246725 1.9398825e-09 0)
(0.0015246721 2.0777028e-09 0)
(0.0015246717 2.196951e-09 0)
(0.0015246714 2.2891645e-09 0)
(0.001524671 2.3442451e-09 0)
(0.0015246705 2.3473102e-09 0)
(0.0018084934 0.00013039209 0)
(0.0018475194 0.00033381361 0)
(0.0019012516 0.00047296086 0)
(0.0019526627 0.0005519324 0)
(0.0019909289 0.0005825294 0)
(0.0020127037 0.00057824669 0)
(0.0020186556 0.00055120357 0)
(0.0020115117 0.00051093763 0)
(0.0019946684 0.00046430126 0)
(0.0019713719 0.00041587611 0)
(0.0019443507 0.0003685262 0)
(0.0019157173 0.00032390689 0)
(0.0018870058 0.00028286717 0)
(0.0018592659 0.00024574168 0)
(0.0018331678 0.00021255131 0)
(0.0018090977 0.00018313558 0)
(0.0017872379 0.00015723733 0)
(0.0017676292 0.00013455549 0)
(0.0017502174 0.00011477677 0)
(0.0017348885 9.7594236e-05 0)
(0.0017214931 8.2717429e-05 0)
(0.0017098641 6.9877449e-05 0)
(0.0016998285 5.8828922e-05 0)
(0.0016912156 4.9350189e-05 0)
(0.001683862 4.1242465e-05 0)
(0.001677615 3.4328469e-05 0)
(0.0016723339 2.8450794e-05 0)
(0.001667891 2.3470207e-05 0)
(0.0016641717 1.9263956e-05 0)
(0.0016610737 1.5724151e-05 0)
(0.0016585068 1.2756244e-05 0)
(0.0016563915 1.0277612e-05 0)
(0.0016546588 8.2162631e-06 0)
(0.0016532484 6.5096456e-06 0)
(0.0016521085 5.1035703e-06 0)
(0.0016511944 3.9512309e-06 0)
(0.0016504679 3.0123214e-06 0)
(0.0016498964 2.2522411e-06 0)
(0.0016494524 1.6413826e-06 0)
(0.0016491124 1.1544947e-06 0)
(0.0016488569 7.7011521e-07 0)
(0.0016486695 4.7006713e-07 0)
(0.0016485365 2.3901248e-07 0)
(0.0016484465 6.4058989e-08 0)
(0.0016483903 -6.5585844e-08 0)
(0.0016483601 -1.5891796e-07 0)
(0.0016483497 -2.2340151e-07 0)
(0.0016483541 -2.6519928e-07 0)
(0.0016483692 -2.8937263e-07 0)
(0.0016483917 -3.0005426e-07 0)
(0.0016484192 -3.0059707e-07 0)
(0.0016484496 -2.937019e-07 0)
(0.0016484814 -2.8152681e-07 0)
(0.0016485135 -2.6578013e-07 0)
(0.001648545 -2.4779957e-07 0)
(0.0016485753 -2.2861896e-07 0)
(0.0016486041 -2.0902462e-07 0)
(0.0016486309 -1.8960249e-07 0)
(0.0016486557 -1.7077758e-07 0)
(0.0016486785 -1.5284675e-07 0)
(0.0016486991 -1.3600576e-07 0)
(0.0016487178 -1.2037162e-07 0)
(0.0016487345 -1.0600078e-07 0)
(0.0016487494 -9.2903948e-08 0)
(0.0016487626 -8.1058111e-08 0)
(0.0016487742 -7.0416064e-08 0)
(0.0016487844 -6.0914034e-08 0)
(0.0016487933 -5.2477654e-08 0)
(0.0016488011 -4.5026593e-08 0)
(0.0016488078 -3.8478098e-08 0)
(0.0016488137 -3.2749641e-08 0)
(0.0016488186 -2.776086e-08 0)
(0.0016488229 -2.3434931e-08 0)
(0.0016488266 -1.9699476e-08 0)
(0.0016488297 -1.6487137e-08 0)
(0.0016488323 -1.3735862e-08 0)
(0.0016488345 -1.1388996e-08 0)
(0.0016488364 -9.3952126e-09 0)
(0.0016488379 -7.7083325e-09 0)
(0.0016488392 -6.2870734e-09 0)
(0.0016488403 -5.0947415e-09 0)
(0.0016488411 -4.0988978e-09 0)
(0.0016488419 -3.2710088e-09 0)
(0.0016488425 -2.5860965e-09 0)
(0.0016488429 -2.0223958e-09 0)
(0.0016488433 -1.5610248e-09 0)
(0.0016488436 -1.1856737e-09 0)
(0.0016488439 -8.8231388e-10 0)
(0.0016488441 -6.389293e-10 0)
(0.0016488442 -4.4527094e-10 0)
(0.0016488443 -2.9263342e-10 0)
(0.0016488444 -1.7365395e-10 0)
(0.0016488445 -8.2132122e-11 0)
(0.0016488445 -1.2869579e-11 0)
(0.0016488445 3.8471945e-11 0)
(0.0016488445 7.5495633e-11 0)
(0.0016488446 1.0117913e-10 0)
(0.0016488446 1.1797005e-10 0)
(0.0016488445 1.2786892e-10 0)
(0.0016488445 1.3250079e-10 0)
(0.0016488445 1.3317691e-10 0)
(0.0016488445 1.309475e-10 0)
(0.0016488445 1.2664675e-10 0)
(0.0016488445 1.2093106e-10 0)
(0.0016488445 1.1431133e-10 0)
(0.0016488445 1.0718008e-10 0)
(0.0016488444 9.9834229e-11 0)
(0.0016488444 9.2493999e-11 0)
(0.0016488444 8.5318626e-11 0)
(0.0016488444 7.8419268e-11 0)
(0.0016488444 7.1869616e-11 0)
(0.0016488444 6.57145e-11 0)
(0.0016488444 5.9976871e-11 0)
(0.0016488444 5.4663381e-11 0)
(0.0016488444 4.9768848e-11 0)
(0.0016488444 4.527974e-11 0)
(0.0016488443 4.1176935e-11 0)
(0.0016488443 3.74378e-11 0)
(0.0016488443 3.4037799e-11 0)
(0.0016488443 3.0951662e-11 0)
(0.0016488443 2.8154254e-11 0)
(0.0016488443 2.5621158e-11 0)
(0.0016488443 2.3329086e-11 0)
(0.0016488443 2.1256098e-11 0)
(0.0016488443 1.9381744e-11 0)
(0.0016488443 1.7687075e-11 0)
(0.0016488443 1.6154625e-11 0)
(0.0016488443 1.4768315e-11 0)
(0.0016488443 1.3513349e-11 0)
(0.0016488443 1.2376065e-11 0)
(0.0016488443 1.1343798e-11 0)
(0.0016488443 1.040471e-11 0)
(0.0016488443 9.5476411e-12 0)
(0.0016488443 8.7619395e-12 0)
(0.0016488443 8.0373179e-12 0)
(0.0016488443 7.3636914e-12 0)
(0.0016488443 6.7310534e-12 0)
(0.0016488443 6.1293271e-12 0)
(0.0016488443 5.5482628e-12 0)
(0.0016488443 4.9773189e-12 0)
(0.0016488443 4.4055897e-12 0)
(0.0016488443 3.821728e-12 0)
(0.0016488443 3.2139203e-12 0)
(0.0016488443 2.5698644e-12 0)
(0.0016488443 1.8768169e-12 0)
(0.0016488443 1.1216571e-12 0)
(0.0016488443 2.9103896e-13 0)
(0.0016488443 -6.2842901e-13 0)
(0.0016488443 -1.6498885e-12 0)
(0.0016488443 -2.7858733e-12 0)
(0.0016488443 -4.0478216e-12 0)
(0.0016488443 -5.4454932e-12 0)
(0.0016488443 -6.9862193e-12 0)
(0.0016488443 -8.6740258e-12 0)
(0.0016488443 -1.0508552e-11 0)
(0.0016488443 -1.2483808e-11 0)
(0.0016488443 -1.458669e-11 0)
(0.0016488443 -1.6795301e-11 0)
(0.0016488443 -1.9077005e-11 0)
(0.0016488443 -2.1386251e-11 0)
(0.0016488443 -2.3662112e-11 0)
(0.0016488443 -2.5825595e-11 0)
(0.0016488443 -2.7776671e-11 0)
(0.0016488443 -2.9391092e-11 0)
(0.0016488443 -3.0516971e-11 0)
(0.0016488443 -3.0971229e-11 0)
(0.0016488443 -3.053589e-11 0)
(0.0016488443 -2.8954395e-11 0)
(0.0016488443 -2.5927935e-11 0)
(0.0016488443 -2.1112025e-11 0)
(0.0016488443 -1.4113387e-11 0)
(0.0016488443 -4.4874097e-12 0)
(0.0016488443 8.2636572e-12 0)
(0.0016488443 2.4691446e-11 0)
(0.0016488443 4.5400922e-11 0)
(0.0016488443 7.1048095e-11 0)
(0.0016488443 1.0233567e-10 0)
(0.0016488443 1.4000613e-10 0)
(0.0016488442 1.8483169e-10 0)
(0.0016488442 2.3760071e-10 0)
(0.0016488442 2.9909972e-10 0)
(0.0016488441 3.7009045e-10 0)
(0.001648844 4.5128121e-10 0)
(0.001648844 5.4329161e-10 0)
(0.0016488439 6.4661004e-10 0)
(0.0016488438 7.6154282e-10 0)
(0.0016488436 8.8815443e-10 0)
(0.0016488435 1.0261977e-09 0)
(0.0016488433 1.1750339e-09 0)
(0.0016488431 1.3335408e-09 0)
(0.0016488429 1.5000095e-09 0)
(0.0016488427 1.6720279e-09 0)
(0.0016488424 1.8463498e-09 0)
(0.0016488422 2.0187502e-09 0)
(0.0016488419 2.1838682e-09 0)
(0.0016488416 2.3350276e-09 0)
(0.0016488412 2.4640815e-09 0)
(0.0016488409 2.5613831e-09 0)
(0.0016488406 2.6157109e-09 0)
(0.0016488401 2.6068193e-09 0)
(0.0018074599 0.00011481909 0)
(0.0018409806 0.00030030159 0)
(0.0018906517 0.00043408773 0)
(0.0019423091 0.00051708859 0)
(0.0019858559 0.00055688095 0)
(0.0020169052 0.00056345229 0)
(0.0020345647 0.00054664724 0)
(0.0020401011 0.00051484764 0)
(0.0020358096 0.00047453924 0)
(0.0020242348 0.00043039718 0)
(0.0020077348 0.00038559499 0)
(0.0019882874 0.00034216156 0)
(0.0019674405 0.00030130237 0)
(0.0019463407 0.00026365633 0)
(0.0019257927 0.00022948692 0)
(0.0019063285 0.00019881818 0)
(0.0018882713 0.0001715281 0)
(0.0018717895 0.00014741118 0)
(0.0018569415 0.00012621931 0)
(0.0018437096 0.00010768794 0)
(0.0018320256 9.1552412e-05 0)
(0.0018217902 7.7557701e-05 0)
(0.001812887 6.5464002e-05 0)
(0.0018051918 5.5049551e-05 0)
(0.0017985798 4.6111724e-05 0)
(0.00179293 3.846707e-05 0)
(0.0017881278 3.195068e-05 0)
(0.0017840672 2.6415188e-05 0)
(0.0017806511 2.1729562e-05 0)
(0.0017777921 1.7777809e-05 0)
(0.0017754118 1.4457664e-05 0)
(0.0017734409 1.1679303e-05 0)
(0.0017718183 9.3641134e-06 0)
(0.0017704906 7.4435303e-06 0)
(0.0017694114 5.8579583e-06 0)
(0.0017685406 4.5557713e-06 0)
(0.0017678437 3.4923967e-06 0)
(0.0017672912 2.6294824e-06 0)
(0.0017668578 1.9341406e-06 0)
(0.0017665223 1.3782674e-06 0)
(0.0017662665 9.3793188e-07 0)
(0.0017660754 5.928305e-07 0)
(0.0017659363 3.2580209e-07 0)
(0.0017658387 1.2239794e-07 0)
(0.0017657738 -2.9497421e-08 0)
(0.0017657344 -1.3999954e-07 0)
(0.0017657147 -2.1751594e-07 0)
(0.0017657099 -2.6900074e-07 0)
(0.0017657161 -3.0017601e-07 0)
(0.0017657302 -3.1572348e-07 0)
(0.0017657498 -3.1944989e-07 0)
(0.0017657729 -3.1442928e-07 0)
(0.001765798 -3.031247e-07 0)
(0.001765824 -2.874922e-07 0)
(0.00176585 -2.6906922e-07 0)
(0.0017658753 -2.4904937e-07 0)
(0.0017658996 -2.2834554e-07 0)
(0.0017659226 -2.0764295e-07 0)
(0.0017659439 -1.8744346e-07 0)
(0.0017659636 -1.6810245e-07 0)
(0.0017659816 -1.4985943e-07 0)
(0.001765998 -1.3286322e-07 0)
(0.0017660127 -1.171926e-07 0)
(0.0017660259 -1.0287315e-07 0)
(0.0017660376 -8.9890825e-08 0)
(0.001766048 -7.8202925e-08 0)
(0.0017660571 -6.774677e-08 0)
(0.0017660651 -5.8446562e-08 0)
(0.0017660721 -5.0218735e-08 0)
(0.0017660782 -4.2976047e-08 0)
(0.0017660835 -3.6630684e-08 0)
(0.001766088 -3.1096533e-08 0)
(0.001766092 -2.629082e-08 0)
(0.0017660953 -2.2135222e-08 0)
(0.0017660982 -1.8556574e-08 0)
(0.0017661006 -1.548727e-08 0)
(0.0017661026 -1.2865412e-08 0)
(0.0017661044 -1.063479e-08 0)
(0.0017661058 -8.7447246e-09 0)
(0.001766107 -7.1498209e-09 0)
(0.001766108 -5.8096572e-09 0)
(0.0017661089 -4.688439e-09 0)
(0.0017661096 -3.754632e-09 0)
(0.0017661101 -2.98059e-09 0)
(0.0017661106 -2.3421878e-09 0)
(0.001766111 -1.8184669e-09 0)
(0.0017661113 -1.3912988e-09 0)
(0.0017661115 -1.0450691e-09 0)
(0.0017661117 -7.6638568e-10 0)
(0.0017661118 -5.4380968e-10 0)
(0.001766112 -3.6761163e-10 0)
(0.001766112 -2.2955065e-10 0)
(0.0017661121 -1.226765e-10 0)
(0.0017661122 -4.1153004e-11 0)
(0.0017661122 1.9898456e-11 0)
(0.0017661122 6.4537057e-11 0)
(0.0017661122 9.6123669e-11 0)
(0.0017661122 1.1742668e-10 0)
(0.0017661122 1.3071394e-10 0)
(0.0017661122 1.3783237e-10 0)
(0.0017661122 1.4027648e-10 0)
(0.0017661122 1.392472e-10 0)
(0.0017661122 1.3570201e-10 0)
(0.0017661122 1.3039764e-10 0)
(0.0017661122 1.2392618e-10 0)
(0.0017661122 1.1674547e-10 0)
(0.0017661122 1.0920461e-10 0)
(0.0017661122 1.015652e-10 0)
(0.0017661121 9.4019028e-11 0)
(0.0017661121 8.670262e-11 0)
(0.0017661121 7.9709206e-11 0)
(0.0017661121 7.3098488e-11 0)
(0.0017661121 6.6904538e-11 0)
(0.0017661121 6.1142177e-11 0)
(0.0017661121 5.5812045e-11 0)
(0.0017661121 5.0904626e-11 0)
(0.0017661121 4.6403393e-11 0)
(0.0017661121 4.2287249e-11 0)
(0.0017661121 3.8532374e-11 0)
(0.0017661121 3.5113629e-11 0)
(0.0017661121 3.2005562e-11 0)
(0.001766112 2.9183143e-11 0)
(0.001766112 2.6622252e-11 0)
(0.001766112 2.4299987e-11 0)
(0.001766112 2.2194844e-11 0)
(0.001766112 2.0286787e-11 0)
(0.001766112 1.8557231e-11 0)
(0.001766112 1.6988989e-11 0)
(0.001766112 1.5566155e-11 0)
(0.001766112 1.4273983e-11 0)
(0.001766112 1.3098727e-11 0)
(0.001766112 1.2027486e-11 0)
(0.001766112 1.1048036e-11 0)
(0.001766112 1.0148671e-11 0)
(0.001766112 9.3180312e-12 0)
(0.001766112 8.5449508e-12 0)
(0.001766112 7.818311e-12 0)
(0.001766112 7.1268991e-12 0)
(0.001766112 6.4592813e-12 0)
(0.001766112 5.8036975e-12 0)
(0.001766112 5.1479651e-12 0)
(0.001766112 4.4794199e-12 0)
(0.001766112 3.7848725e-12 0)
(0.001766112 3.050611e-12 0)
(0.001766112 2.2624362e-12 0)
(0.001766112 1.4057618e-12 0)
(0.001766112 4.6576657e-13 0)
(0.001766112 -5.72378e-13 0)
(0.001766112 -1.7231959e-12 0)
(0.001766112 -3.0004795e-12 0)
(0.001766112 -4.4167646e-12 0)
(0.001766112 -5.982655e-12 0)
(0.001766112 -7.7060061e-12 0)
(0.001766112 -9.5909235e-12 0)
(0.001766112 -1.1636581e-11 0)
(0.001766112 -1.3835818e-11 0)
(0.001766112 -1.6173509e-11 0)
(0.001766112 -1.8624683e-11 0)
(0.001766112 -2.1152388e-11 0)
(0.001766112 -2.3705264e-11 0)
(0.001766112 -2.6214851e-11 0)
(0.001766112 -2.8592593e-11 0)
(0.001766112 -3.07266e-11 0)
(0.001766112 -3.2478127e-11 0)
(0.001766112 -3.3677848e-11 0)
(0.001766112 -3.4121941e-11 0)
(0.001766112 -3.3568082e-11 0)
(0.001766112 -3.1731403e-11 0)
(0.001766112 -2.8280556e-11 0)
(0.001766112 -2.283399e-11 0)
(0.001766112 -1.4956667e-11 0)
(0.001766112 -4.1573527e-12 0)
(0.001766112 1.0113185e-11 0)
(0.001766112 2.8462849e-11 0)
(0.001766112 5.1557373e-11 0)
(0.001766112 8.0117609e-11 0)
(0.001766112 1.1491445e-10 0)
(0.001766112 1.5676096e-10 0)
(0.001766112 2.0650105e-10 0)
(0.0017661119 2.6499414e-10 0)
(0.0017661119 3.3309513e-10 0)
(0.0017661119 4.1162881e-10 0)
(0.0017661118 5.01358e-10 0)
(0.0017661117 6.0294455e-10 0)
(0.0017661117 7.1690214e-10 0)
(0.0017661116 8.4354019e-10 0)
(0.0017661115 9.8289759e-10 0)
(0.0017661113 1.1346657e-09 0)
(0.0017661112 1.2980994e-09 0)
(0.001766111 1.4719154e-09 0)
(0.0017661109 1.6541769e-09 0)
(0.0017661107 1.8421634e-09 0)
(0.0017661104 2.0322245e-09 0)
(0.0017661102 2.2196198e-09 0)
(0.0017661099 2.3983471e-09 0)
(0.0017661097 2.5609454e-09 0)
(0.0017661094 2.6983342e-09 0)
(0.0017661091 2.7998275e-09 0)
(0.0017661088 2.8532608e-09 0)
(0.0017661084 2.833174e-09 0)
(0.0018067448 0.00010160928 0)
(0.0018359142 0.00027022594 0)
(0.0018816603 0.00039697022 0)
(0.0019323312 0.0004809689 0)
(0.0019788594 0.00052687408 0)
(0.0020164535 0.00054192232 0)
(0.0020432085 0.00053392806 0)
(0.0020592619 0.00051004262 0)
(0.0020659373 0.00047617282 0)
(0.0020650681 0.00043685517 0)
(0.0020585596 0.00039537715 0)
(0.0020481464 0.0003539989 0)
(0.0020352842 0.00031418984 0)
(0.0020211247 0.0002768392 0)
(0.0020065359 0.00024242624 0)
(0.0019921419 0.00021115008 0)
(0.0019783686 0.00018302466 0)
(0.0019654873 0.00015794641 0)
(0.0019536526 0.0001357412 0)
(0.0019429335 0.00011619639 0)
(0.0019333387 9.9082277e-05 0)
(0.0019248354 8.4166132e-05 0)
(0.0019173641 7.1221113e-05 0)
(0.0019108492 6.0031737e-05 0)
(0.0019052072 5.0396978e-05 0)
(0.0019003518 4.2131799e-05 0)
(0.0018961978 3.5067634e-05 0)
(0.0018926638 2.9052198e-05 0)
(0.0018896735 2.3948861e-05 0)
(0.0018871568 1.9635766e-05 0)
(0.00188505 1.60048e-05 0)
(0.001883296 1.2960493e-05 0)
(0.0018818438 1.0418913e-05 0)
(0.0018806486 8.3065704e-06 0)
(0.0018796711 6.5593706e-06 0)
(0.0018788771 5.1216267e-06 0)
(0.0018782369 3.9451344e-06 0)
(0.0018777251 2.988319e-06 0)
(0.0018773199 2.2154542e-06 0)
(0.0018770025 1.5959511e-06 0)
(0.0018767573 1.1037158e-06 0)
(0.0018765708 7.1657191e-07 0)
(0.001876432 4.1574487e-07 0)
(0.0018763314 1.8540243e-07 0)
(0.0018762612 1.2248246e-08 0)
(0.001876215 -1.1483661e-07 0)
(0.0018761876 -2.0510842e-07 0)
(0.0018761745 -2.6623607e-07 0)
(0.0018761722 -3.0454077e-07 0)
(0.001876178 -3.2520406e-07 0)
(0.0018761894 -3.3244767e-07 0)
(0.0018762048 -3.2968828e-07 0)
(0.0018762227 -3.1967038e-07 0)
(0.0018762419 -3.0457976e-07 0)
(0.0018762617 -2.8614012e-07 0)
(0.0018762814 -2.6569503e-07 0)
(0.0018763006 -2.4427711e-07 0)
(0.001876319 -2.2266624e-07 0)
(0.0018763363 -2.0143829e-07 0)
(0.0018763524 -1.8100576e-07 0)
(0.0018763672 -1.6165151e-07 0)
(0.0018763807 -1.4355658e-07 0)
(0.001876393 -1.2682302e-07 0)
(0.001876404 -1.1149259e-07 0)
(0.0018764139 -9.7561831e-08 0)
(0.0018764227 -8.499427e-08 0)
(0.0018764304 -7.3730115e-08 0)
(0.0018764373 -6.3693949e-08 0)
(0.0018764433 -5.4800727e-08 0)
(0.0018764485 -4.6960417e-08 0)
(0.0018764531 -4.0081513e-08 0)
(0.0018764571 -3.4073645e-08 0)
(0.0018764605 -2.8849469e-08 0)
(0.0018764634 -2.4325973e-08 0)
(0.0018764659 -2.0425336e-08 0)
(0.0018764681 -1.7075424e-08 0)
(0.0018764699 -1.4210024e-08 0)
(0.0018764714 -1.1768865e-08 0)
(0.0018764727 -9.6974956e-09 0)
(0.0018764738 -7.9470509e-09 0)
(0.0018764747 -6.4739448e-09 0)
(0.0018764755 -5.2395188e-09 0)
(0.0018764761 -4.2096647e-09 0)
(0.0018764767 -3.3544372e-09 0)
(0.0018764771 -2.6476693e-09 0)
(0.0018764774 -2.0665985e-09 0)
(0.0018764777 -1.5915104e-09 0)
(0.001876478 -1.2054029e-09 0)
(0.0018764781 -8.9367487e-10 0)
(0.0018764783 -6.4383864e-10 0)
(0.0018764784 -4.4525869e-10 0)
(0.0018764785 -2.8891447e-10 0)
(0.0018764786 -1.6718748e-10 0)
(0.0018764786 -7.3670967e-11 0)
(0.0018764787 -3.0009673e-12 0)
(0.0018764787 4.9292934e-11 0)
(0.0018764787 8.6918756e-11 0)
(0.0018764787 1.129368e-10 0)
(0.0018764787 1.2985944e-10 0)
(0.0018764787 1.3973763e-10 0)
(0.0018764787 1.4423543e-10 0)
(0.0018764787 1.4469405e-10 0)
(0.0018764787 1.4218659e-10 0)
(0.0018764787 1.3756463e-10 0)
(0.0018764787 1.3149771e-10 0)
(0.0018764787 1.2450659e-10 0)
(0.0018764787 1.1699121e-10 0)
(0.0018764787 1.0925405e-10 0)
(0.0018764787 1.0151954e-10 0)
(0.0018764787 9.3950115e-11 0)
(0.0018764786 8.6659398e-11 0)
(0.0018764786 7.9723012e-11 0)
(0.0018764786 7.3187349e-11 0)
(0.0018764786 6.7076636e-11 0)
(0.0018764786 6.1398608e-11 0)
(0.0018764786 5.6148999e-11 0)
(0.0018764786 5.1315084e-11 0)
(0.0018764786 4.6878427e-11 0)
(0.0018764786 4.2816995e-11 0)
(0.0018764786 3.9106747e-11 0)
(0.0018764786 3.572282e-11 0)
(0.0018764786 3.2640378e-11 0)
(0.0018764786 2.9835206e-11 0)
(0.0018764786 2.728409e-11 0)
(0.0018764786 2.4965063e-11 0)
(0.0018764786 2.2857509e-11 0)
(0.0018764786 2.094219e-11 0)
(0.0018764785 1.9201204e-11 0)
(0.0018764785 1.7617897e-11 0)
(0.0018764785 1.6176738e-11 0)
(0.0018764785 1.4863176e-11 0)
(0.0018764785 1.3663483e-11 0)
(0.0018764785 1.2564589e-11 0)
(0.0018764785 1.1553912e-11 0)
(0.0018764785 1.0619194e-11 0)
(0.0018764785 9.7483379e-12 0)
(0.0018764785 8.9292594e-12 0)
(0.0018764785 8.1497367e-12 0)
(0.0018764785 7.3972858e-12 0)
(0.0018764785 6.6590432e-12 0)
(0.0018764785 5.9216793e-12 0)
(0.0018764785 5.1713271e-12 0)
(0.0018764785 4.3935495e-12 0)
(0.0018764785 3.5733406e-12 0)
(0.0018764785 2.695176e-12 0)
(0.0018764785 1.74312e-12 0)
(0.0018764785 7.010029e-13 0)
(0.0018764785 -4.4733401e-13 0)
(0.0018764785 -1.7176842e-12 0)
(0.0018764785 -3.1250189e-12 0)
(0.0018764785 -4.6829005e-12 0)
(0.0018764785 -6.4027511e-12 0)
(0.0018764785 -8.2929564e-12 0)
(0.0018764785 -1.035778e-11 0)
(0.0018764785 -1.2596071e-11 0)
(0.0018764785 -1.4999743e-11 0)
(0.0018764785 -1.7552004e-11 0)
(0.0018764785 -2.0225317e-11 0)
(0.0018764785 -2.2979087e-11 0)
(0.0018764785 -2.5757038e-11 0)
(0.0018764785 -2.8484299e-11 0)
(0.0018764785 -3.1064187e-11 0)
(0.0018764785 -3.33747e-11 0)
(0.0018764785 -3.5264747e-11 0)
(0.0018764785 -3.6550138e-11 0)
(0.0018764786 -3.7009401e-11 0)
(0.0018764786 -3.6379489e-11 0)
(0.0018764786 -3.4351485e-11 0)
(0.0018764786 -3.0566414e-11 0)
(0.0018764786 -2.4611327e-11 0)
(0.0018764786 -1.6015845e-11 0)
(0.0018764786 -4.2493813e-12 0)
(0.0018764786 1.128068e-11 0)
(0.0018764786 3.122952e-11 0)
(0.0018764786 5.6313808e-11 0)
(0.0018764786 8.7308554e-11 0)
(0.0018764785 1.2504142e-10 0)
(0.0018764785 1.7038395e-10 0)
(0.0018764785 2.2423916e-10 0)
(0.0018764785 2.8752473e-10 0)
(0.0018764785 3.611511e-10 0)
(0.0018764784 4.459937e-10 0)
(0.0018764784 5.4285842e-10 0)
(0.0018764783 6.5243929e-10 0)
(0.0018764783 7.7526761e-10 0)
(0.0018764782 9.1165125e-10 0)
(0.0018764781 1.0616033e-09 0)
(0.001876478 1.2247589e-09 0)
(0.0018764779 1.4002793e-09 0)
(0.0018764778 1.5867421e-09 0)
(0.0018764776 1.7820165e-09 0)
(0.0018764775 1.9831227e-09 0)
(0.0018764773 2.1860739e-09 0)
(0.0018764771 2.385705e-09 0)
(0.0018764769 2.5754891e-09 0)
(0.0018764767 2.747324e-09 0)
(0.0018764765 2.891363e-09 0)
(0.0018764762 2.9960639e-09 0)
(0.001876476 3.0484167e-09 0)
(0.0018764757 3.0181815e-09 0)
(0.0018062378 9.0205337e-05 0)
(0.0018319466 0.00024308915 0)
(0.0018740991 0.00036182299 0)
(0.001923139 0.00044460184 0)
(0.0019710973 0.00049409281 0)
(0.0020131707 0.00051543426 0)
(0.0020468557 0.00051471639 0)
(0.0020714658 0.00049790461 0)
(0.0020875201 0.00047022546 0)
(0.0020961932 0.00043592146 0)
(0.0020989157 0.0003982404 0)
(0.0020971183 0.00035954716 0)
(0.0020920906 0.00032148232 0)
(0.0020849184 0.00028512345 0)
(0.0020764708 0.00025112786 0)
(0.0020674141 0.00021984938 0)
(0.0020582394 0.00019142929 0)
(0.0020492929 0.00016586463 0)
(0.0020408061 0.00014305817 0)
(0.0020329222 0.00012285433 0)
(0.0020257185 0.00010506447 0)
(0.0020192242 8.9484336e-05 0)
(0.0020134349 7.5906016e-05 0)
(0.0020083234 6.4125756e-05 0)
(0.0020038483 5.3948999e-05 0)
(0.0019999594 4.5193396e-05 0)
(0.001996603 3.769044e-05 0)
(0.0019937244 3.1286131e-05 0)
(0.0019912702 2.5840989e-05 0)
(0.0019891897 2.1229643e-05 0)
(0.0019874358 1.7340134e-05 0)
(0.0019859655 1.4073058e-05 0)
(0.0019847397 1.1340615e-05 0)
(0.0019837237 9.0656224e-06 0)
(0.0019828865 7.1805366e-06 0)
(0.001982201 5.6264976e-06 0)
(0.0019816436 4.352421e-06 0)
(0.0019811937 3.314146e-06 0)
(0.0019808336 2.4736441e-06 0)
(0.0019805481 1.7982935e-06 0)
(0.0019803242 1.2602172e-06 0)
(0.0019801508 8.3568434e-07 0)
(0.0019800188 5.0457295e-07 0)
(0.0019799202 2.4988888e-07 0)
(0.0019798485 5.7338872e-08 0)
(0.0019797983 -8.5047338e-08 0)
(0.0019797649 -1.8724963e-07 0)
(0.0019797448 -2.575491e-07 0)
(0.0019797349 -3.0278256e-07 0)
(0.0019797326 -3.2856377e-07 0)
(0.001979736 -3.39475e-07 0)
(0.0019797436 -3.3923224e-07 0)
(0.0019797539 -3.308271e-07 0)
(0.001979766 -3.1664826e-07 0)
(0.0019797792 -2.9858502e-07 0)
(0.0019797928 -2.7811519e-07 0)
(0.0019798064 -2.563794e-07 0)
(0.0019798196 -2.3424372e-07 0)
(0.0019798323 -2.1235217e-07 0)
(0.0019798443 -1.9117048e-07 0)
(0.0019798555 -1.7102257e-07 0)
(0.0019798658 -1.521206e-07 0)
(0.0019798752 -1.3458976e-07 0)
(0.0019798837 -1.1848847e-07 0)
(0.0019798915 -1.0382485e-07 0)
(0.0019798984 -9.0569975e-08 0)
(0.0019799045 -7.8668472e-08 0)
(0.00197991 -6.804694e-08 0)
(0.0019799148 -5.8620555e-08 0)
(0.001979919 -5.0298174e-08 0)
(0.0019799227 -4.2986239e-08 0)
(0.0019799259 -3.6591688e-08 0)
(0.0019799287 -3.1024083e-08 0)
(0.0019799311 -2.6197097e-08 0)
(0.0019799332 -2.2029512e-08 0)
(0.001979935 -1.8445826e-08 0)
(0.0019799365 -1.5376554e-08 0)
(0.0019799378 -1.2758307e-08 0)
(0.0019799389 -1.0533703e-08 0)
(0.0019799399 -8.6511543e-09 0)
(0.0019799407 -7.0645727e-09 0)
(0.0019799413 -5.733018e-09 0)
(0.0019799419 -4.6203174e-09 0)
(0.0019799423 -3.6946708e-09 0)
(0.0019799427 -2.9282544e-09 0)
(0.001979943 -2.2968345e-09 0)
(0.0019799433 -1.7793966e-09 0)
(0.0019799435 -1.3577959e-09 0)
(0.0019799437 -1.0164307e-09 0)
(0.0019799438 -7.4194171e-10 0)
(0.001979944 -5.2293666e-10 0)
(0.001979944 -3.4974097e-10 0)
(0.0019799441 -2.1417286e-10 0)
(0.0019799442 -1.0934233e-10 0)
(0.0019799442 -2.9472318e-11 0)
(0.0019799442 3.0259473e-11 0)
(0.0019799443 7.3859725e-11 0)
(0.0019799443 1.0464136e-10 0)
(0.0019799443 1.2532968e-10 0)
(0.0019799443 1.3815449e-10 0)
(0.0019799443 1.4492955e-10 0)
(0.0019799443 1.4712094e-10 0)
(0.0019799443 1.4590556e-10 0)
(0.0019799443 1.4222095e-10 0)
(0.0019799443 1.3680755e-10 0)
(0.0019799443 1.3024443e-10 0)
(0.0019799443 1.2297927e-10 0)
(0.0019799443 1.153535e-10 0)
(0.0019799443 1.0762317e-10 0)
(0.0019799443 9.9976276e-11 0)
(0.0019799443 9.2547029e-11 0)
(0.0019799442 8.5427535e-11 0)
(0.0019799442 7.867731e-11 0)
(0.0019799442 7.2330974e-11 0)
(0.0019799442 6.6404431e-11 0)
(0.0019799442 6.089979e-11 0)
(0.0019799442 5.5809252e-11 0)
(0.0019799442 5.1118145e-11 0)
(0.0019799442 4.6807271e-11 0)
(0.0019799442 4.2854688e-11 0)
(0.0019799442 3.9237042e-11 0)
(0.0019799442 3.5930543e-11 0)
(0.0019799442 3.2911655e-11 0)
(0.0019799442 3.0157561e-11 0)
(0.0019799442 2.7646457e-11 0)
(0.0019799442 2.5357719e-11 0)
(0.0019799442 2.3271955e-11 0)
(0.0019799442 2.1371e-11 0)
(0.0019799442 1.9637843e-11 0)
(0.0019799442 1.8056522e-11 0)
(0.0019799442 1.6611994e-11 0)
(0.0019799442 1.528998e-11 0)
(0.0019799442 1.4076805e-11 0)
(0.0019799442 1.2959239e-11 0)
(0.0019799442 1.1924324e-11 0)
(0.0019799442 1.0959219e-11 0)
(0.0019799441 1.0051042e-11 0)
(0.0019799441 9.1867294e-12 0)
(0.0019799441 8.3528986e-12 0)
(0.0019799441 7.5357399e-12 0)
(0.0019799441 6.7209213e-12 0)
(0.0019799441 5.8935242e-12 0)
(0.0019799441 5.0380108e-12 0)
(0.0019799441 4.1382316e-12 0)
(0.0019799441 3.1774812e-12 0)
(0.0019799441 2.1386205e-12 0)
(0.0019799441 1.0042654e-12 0)
(0.0019799441 -2.4294313e-13 0)
(0.0019799441 -1.6199618e-12 0)
(0.0019799441 -3.1428508e-12 0)
(0.0019799441 -4.8261487e-12 0)
(0.0019799441 -6.6820888e-12 0)
(0.0019799441 -8.7196443e-12 0)
(0.0019799441 -1.0943367e-11 0)
(0.0019799441 -1.3352013e-11 0)
(0.0019799441 -1.5936925e-11 0)
(0.0019799441 -1.8680148e-11 0)
(0.0019799441 -2.155227e-11 0)
(0.0019799441 -2.4509958e-11 0)
(0.0019799441 -2.7493188e-11 0)
(0.0019799441 -3.0422155e-11 0)
(0.0019799442 -3.3193872e-11 0)
(0.0019799442 -3.567847e-11 0)
(0.0019799442 -3.7715218e-11 0)
(0.0019799442 -3.9108301e-11 0)
(0.0019799442 -3.9622423e-11 0)
(0.0019799442 -3.897831e-11 0)
(0.0019799442 -3.6848207e-11 0)
(0.0019799442 -3.2851522e-11 0)
(0.0019799442 -2.6550755e-11 0)
(0.0019799442 -1.744794e-11 0)
(0.0019799442 -4.9818199e-12 0)
(0.0019799442 1.1473943e-11 0)
(0.0019799442 3.2611196e-11 0)
(0.0019799442 5.9185977e-11 0)
(0.0019799442 9.2015003e-11 0)
(0.0019799442 1.3196946e-10 0)
(0.0019799442 1.7996551e-10 0)
(0.0019799442 2.3695097e-10 0)
(0.0019799441 3.0388728e-10 0)
(0.0019799441 3.8172624e-10 0)
(0.0019799441 4.7138039e-10 0)
(0.0019799441 5.736864e-10 0)
(0.001979944 6.8936031e-10 0)
(0.001979944 8.1894364e-10 0)
(0.0019799439 9.6273938e-10 0)
(0.0019799439 1.1207367e-09 0)
(0.0019799438 1.2925233e-09 0)
(0.0019799437 1.4771842e-09 0)
(0.0019799436 1.6731866e-09 0)
(0.0019799435 1.8782477e-09 0)
(0.0019799434 2.0891871e-09 0)
(0.0019799433 2.3017613e-09 0)
(0.0019799432 2.5104832e-09 0)
(0.001979943 2.7084302e-09 0)
(0.0019799429 2.8870159e-09 0)
(0.0019799427 3.0358054e-09 0)
(0.0019799426 3.1425698e-09 0)
(0.0019799424 3.1936515e-09 0)
(0.0019799422 3.1545142e-09 0)
(0.0018058692 8.0203493e-05 0)
(0.001828803 0.0002184416 0)
(0.0018677587 0.00032865325 0)
(0.0019148829 0.00040861133 0)
(0.0019632531 0.00045966151 0)
(0.0020082776 0.00048537458 0)
(0.0020471497 0.00049042498 0)
(0.0020786138 0.00047970186 0)
(0.0021025547 0.00045772793 0)
(0.0021195728 0.00042836061 0)
(0.0021306422 0.00039469677 0)
(0.0021368666 0.00035910211 0)
(0.0021393252 0.00032330372 0)
(0.0021389868 0.00028850478 0)
(0.0021366724 0.00025549756 0)
(0.0021330481 0.00022476335 0)
(0.0021286346 0.00019655509 0)
(0.0021238259 0.00017096281 0)
(0.00211891 0.00014796396 0)
(0.0021140896 0.00012746103 0)
(0.0021095004 0.00010930936 0)
(0.0021052272 9.3337121e-05 0)
(0.0021013167 7.9359598e-05 0)
(0.0020977879 6.718906e-05 0)
(0.0020946405 5.6641501e-05 0)
(0.0020918612 4.7541042e-05 0)
(0.0020894281 3.9722651e-05 0)
(0.0020873145 3.3033656e-05 0)
(0.0020854912 2.7334425e-05 0)
(0.0020839284 2.249843e-05 0)
(0.0020825971 1.8411928e-05 0)
(0.0020814697 1.4973368e-05 0)
(0.0020805202 1.2092628e-05 0)
(0.0020797252 9.6901706e-06 0)
(0.0020790633 7.6961507e-06 0)
(0.0020785154 6.0495221e-06 0)
(0.0020780647 4.6971654e-06 0)
(0.0020776963 3.5930546e-06 0)
(0.0020773973 2.6974741e-06 0)
(0.0020771565 1.9762912e-06 0)
(0.0020769643 1.400288e-06 0)
(0.0020768123 9.4455315e-07 0)
(0.0020766935 5.8793158e-07 0)
(0.002076602 3.1253129e-07 0)
(0.0020765326 1.0328276e-07 0)
(0.0020764811 -5.2451843e-08 0)
(0.0020764441 -1.6522363e-07 0)
(0.0020764184 -2.4380014e-07 0)
(0.0020764018 -2.9543053e-07 0)
(0.0020763922 -3.2607639e-07 0)
(0.0020763879 -3.4061208e-07 0)
(0.0020763876 -3.4299765e-07 0)
(0.0020763904 -3.3642766e-07 0)
(0.0020763952 -3.2345869e-07 0)
(0.0020764014 -3.0611815e-07 0)
(0.0020764086 -2.8599677e-07 0)
(0.0020764162 -2.6432696e-07 0)
(0.002076424 -2.4204885e-07 0)
(0.0020764318 -2.1986567e-07 0)
(0.0020764393 -1.9829017e-07 0)
(0.0020764464 -1.7768314e-07 0)
(0.0020764532 -1.5828532e-07 0)
(0.0020764595 -1.4024368e-07 0)
(0.0020764653 -1.2363298e-07 0)
(0.0020764705 -1.0847325e-07 0)
(0.0020764753 -9.4743951e-08 0)
(0.0020764796 -8.2395319e-08 0)
(0.0020764835 -7.1357407e-08 0)
(0.0020764869 -6.1547165e-08 0)
(0.00207649 -5.2873962e-08 0)
(0.0020764927 -4.5243812e-08 0)
(0.0020764951 -3.8562553e-08 0)
(0.0020764971 -3.2738175e-08 0)
(0.002076499 -2.7682478e-08 0)
(0.0020765005 -2.3312198e-08 0)
(0.0020765019 -1.95497e-08 0)
(0.0020765031 -1.6323366e-08 0)
(0.0020765041 -1.3567722e-08 0)
(0.002076505 -1.1223385e-08 0)
(0.0020765057 -9.2368767e-09 0)
(0.0020765063 -7.5603477e-09 0)
(0.0020765069 -6.151232e-09 0)
(0.0020765073 -4.9718703e-09 0)
(0.0020765077 -3.9891138e-09 0)
(0.0020765081 -3.1739235e-09 0)
(0.0020765083 -2.5009778e-09 0)
(0.0020765086 -1.9482935e-09 0)
(0.0020765088 -1.496868e-09 0)
(0.0020765089 -1.1303434e-09 0)
(0.002076509 -8.346967e-10 0)
(0.0020765091 -5.9795599e-10 0)
(0.0020765092 -4.0994194e-10 0)
(0.0020765093 -2.6203513e-10 0)
(0.0020765094 -1.4696746e-10 0)
(0.0020765094 -5.8636262e-11 0)
(0.0020765094 8.0601628e-12 0)
(0.0020765095 5.7367548e-11 0)
(0.0020765095 9.280268e-11 0)
(0.0020765095 1.1726422e-10 0)
(0.0020765095 1.3312895e-10 0)
(0.0020765095 1.4233487e-10 0)
(0.0020765095 1.4645285e-10 0)
(0.0020765095 1.4674786e-10 0)
(0.0020765095 1.442313e-10 0)
(0.0020765095 1.3970543e-10 0)
(0.0020765095 1.3380084e-10 0)
(0.0020765095 1.2700815e-10 0)
(0.0020765095 1.1970437e-10 0)
(0.0020765095 1.1217506e-10 0)
(0.0020765095 1.046326e-10 0)
(0.0020765095 9.7231258e-11 0)
(0.0020765095 9.0079662e-11 0)
(0.0020765095 8.3250864e-11 0)
(0.0020765095 7.6790553e-11 0)
(0.0020765095 7.0723662e-11 0)
(0.0020765095 6.5059637e-11 0)
(0.0020765095 5.9796627e-11 0)
(0.0020765095 5.4924758e-11 0)
(0.0020765095 5.0428684e-11 0)
(0.0020765095 4.6289537e-11 0)
(0.0020765095 4.24864e-11 0)
(0.0020765094 3.8997394e-11 0)
(0.0020765094 3.5800463e-11 0)
(0.0020765094 3.2873914e-11 0)
(0.0020765094 3.0196775e-11 0)
(0.0020765094 2.7749007e-11 0)
(0.0020765094 2.5511606e-11 0)
(0.0020765094 2.3466623e-11 0)
(0.0020765094 2.1597121e-11 0)
(0.0020765094 1.9887092e-11 0)
(0.0020765094 1.8321339e-11 0)
(0.0020765094 1.6885339e-11 0)
(0.0020765094 1.5565092e-11 0)
(0.0020765094 1.4346964e-11 0)
(0.0020765094 1.3217529e-11 0)
(0.0020765094 1.216341e-11 0)
(0.0020765094 1.1171128e-11 0)
(0.0020765094 1.0226961e-11 0)
(0.0020765094 9.316814e-12 0)
(0.0020765094 8.4261028e-12 0)
(0.0020765094 7.539668e-12 0)
(0.0020765094 6.6417102e-12 0)
(0.0020765094 5.7157615e-12 0)
(0.0020765094 4.7446956e-12 0)
(0.0020765094 3.7107932e-12 0)
(0.0020765094 2.5958697e-12 0)
(0.0020765094 1.3814776e-12 0)
(0.0020765094 4.9191041e-14 0)
(0.0020765094 -1.4189968e-12 0)
(0.0020765094 -3.0401553e-12 0)
(0.0020765094 -4.829763e-12 0)
(0.0020765094 -6.8008861e-12 0)
(0.0020765094 -8.9631787e-12 0)
(0.0020765094 -1.1321674e-11 0)
(0.0020765094 -1.3875344e-11 0)
(0.0020765094 -1.6615421e-11 0)
(0.0020765094 -1.9523425e-11 0)
(0.0020765094 -2.2568922e-11 0)
(0.0020765094 -2.5706956e-11 0)
(0.0020765094 -2.8875172e-11 0)
(0.0020765094 -3.1990604e-11 0)
(0.0020765094 -3.4946149e-11 0)
(0.0020765094 -3.7606724e-11 0)
(0.0020765094 -3.9805153e-11 0)
(0.0020765094 -4.1337793e-11 0)
(0.0020765094 -4.1960001e-11 0)
(0.0020765094 -4.1381487e-11 0)
(0.0020765094 -3.9261696e-11 0)
(0.0020765094 -3.5205327e-11 0)
(0.0020765094 -2.8758183e-11 0)
(0.0020765094 -1.9403556e-11 0)
(0.0020765094 -6.5593944e-12 0)
(0.0020765094 1.0423448e-11 0)
(0.0020765094 3.2261525e-11 0)
(0.0020765094 5.9737289e-11 0)
(0.0020765094 9.3695288e-11 0)
(0.0020765094 1.3503555e-10 0)
(0.0020765094 1.8470359e-10 0)
(0.0020765094 2.4367635e-10 0)
(0.0020765094 3.129434e-10 0)
(0.0020765094 3.9348258e-10 0)
(0.0020765094 4.8622926e-10 0)
(0.0020765094 5.9203816e-10 0)
(0.0020765094 7.1163703e-10 0)
(0.0020765094 8.4557079e-10 0)
(0.0020765093 9.9413531e-10 0)
(0.0020765093 1.1572996e-09 0)
(0.0020765093 1.3346155e-09 0)
(0.0020765092 1.5251133e-09 0)
(0.0020765092 1.7271826e-09 0)
(0.0020765091 1.9384373e-09 0)
(0.0020765091 2.1555625e-09 0)
(0.002076509 2.3741446e-09 0)
(0.0020765089 2.5884859e-09 0)
(0.0020765089 2.7914055e-09 0)
(0.0020765088 2.9739959e-09 0)
(0.0020765087 3.1254217e-09 0)
(0.0020765086 3.232976e-09 0)
(0.0020765086 3.2825095e-09 0)
(0.0020765085 3.2359111e-09 0)
(0.0018055949 7.1306846e-05 0)
(0.0018262842 0.0001958944 0)
(0.0018624418 0.00029736015 0)
(0.0019075798 0.00037335418 0)
(0.0019557163 0.000424362 0)
(0.0020025834 0.00045280263 0)
(0.0020452701 0.00046221603 0)
(0.0020821523 0.00045655275 0)
(0.0021126348 0.000439658 0)
(0.0021368397 0.00041496209 0)
(0.0021553267 0.00038533754 0)
(0.0021688763 0.00035307113 0)
(0.0021783369 0.00031990442 0)
(0.0021845277 0.00028710771 0)
(0.0021881861 0.00025556436 0)
(0.0021899432 0.0002258523 0)
(0.0021903196 0.00019831585 0)
(0.0021897319 0.00017312583 0)
(0.0021885047 0.00015032781 0)
(0.0021868851 0.00012987986 0)
(0.0021850562 0.00011168132 0)
(0.0021831502 9.559445e-05 0)
(0.0021812595 8.1460287e-05 0)
(0.0021794461 6.9110157e-05 0)
(0.0021777489 5.8373793e-05 0)
(0.00217619 4.9084927e-05 0)
(0.0021747793 4.1084992e-05 0)
(0.0021735184 3.4225433e-05 0)
(0.002172403 2.8368993e-05 0)
(0.0021714249 2.3390278e-05 0)
(0.0021705739 1.91758e-05 0)
(0.0021698388 1.5623663e-05 0)
(0.0021692079 1.2643017e-05 0)
(0.0021686696 1.0153359e-05 0)
(0.002168213 8.0837578e-06 0)
(0.0021678279 6.3720326e-06 0)
(0.0021675049 4.96394e-06 0)
(0.0021672354 3.8123742e-06 0)
(0.0021670118 2.8766063e-06 0)
(0.0021668274 2.1215698e-06 0)
(0.0021666763 1.5171982e-06 0)
(0.0021665533 1.0378175e-06 0)
(0.0021664539 6.6159406e-07 0)
(0.0021663742 3.7003692e-07 0)
(0.0021663109 1.4755156e-07 0)
(0.0021662611 -1.8957028e-08 0)
(0.0021662224 -1.4043576e-07 0)
(0.0021661929 -2.2599306e-07 0)
(0.0021661707 -2.8317009e-07 0)
(0.0021661545 -3.1817748e-07 0)
(0.0021661431 -3.361009e-07 0)
(0.0021661354 -3.410789e-07 0)
(0.0021661306 -3.3645611e-07 0)
(0.0021661281 -3.2491468e-07 0)
(0.0021661274 -3.0858658e-07 0)
(0.0021661279 -2.8914918e-07 0)
(0.0021661294 -2.6790628e-07 0)
(0.0021661315 -2.4585647e-07 0)
(0.0021661341 -2.2375063e-07 0)
(0.0021661369 -2.0214002e-07 0)
(0.0021661398 -1.8141634e-07 0)
(0.0021661428 -1.6184491e-07 0)
(0.0021661457 -1.4359209e-07 0)
(0.0021661485 -1.2674774e-07 0)
(0.0021661511 -1.1134345e-07 0)
(0.0021661536 -9.7367431e-08 0)
(0.0021661559 -8.4776373e-08 0)
(0.0021661581 -7.3504936e-08 0)
(0.00216616 -6.3473232e-08 0)
(0.0021661618 -5.4592653e-08 0)
(0.0021661634 -4.6770352e-08 0)
(0.0021661648 -3.9912635e-08 0)
(0.0021661661 -3.3927457e-08 0)
(0.0021661672 -2.8726218e-08 0)
(0.0021661682 -2.4224993e-08 0)
(0.0021661691 -2.0345316e-08 0)
(0.0021661699 -1.7014631e-08 0)
(0.0021661706 -1.4166472e-08 0)
(0.0021661712 -1.1740447e-08 0)
(0.0021661717 -9.6820861e-09 0)
(0.0021661722 -7.9425761e-09 0)
(0.0021661726 -6.4784386e-09 0)
(0.0021661729 -5.2511582e-09 0)
(0.0021661732 -4.2267923e-09 0)
(0.0021661734 -3.3755731e-09 0)
(0.0021661737 -2.6715147e-09 0)
(0.0021661738 -2.0920333e-09 0)
(0.002166174 -1.6175858e-09 0)
(0.0021661741 -1.2313316e-09 0)
(0.0021661743 -9.1881824e-10 0)
(0.0021661743 -6.6769325e-10 0)
(0.0021661744 -4.6744191e-10 0)
(0.0021661745 -3.0915013e-10 0)
(0.0021661746 -1.8529183e-10 0)
(0.0021661746 -8.9539302e-11 0)
(0.0021661746 -1.6595026e-11 0)
(0.0021661747 3.7956573e-11 0)
(0.0021661747 7.7779237e-11 0)
(0.0021661747 1.0589847e-10 0)
(0.0021661747 1.2480026e-10 0)
(0.0021661747 1.3651652e-10 0)
(0.0021661747 1.4269858e-10 0)
(0.0021661748 1.4468038e-10 0)
(0.0021661748 1.4353222e-10 0)
(0.0021661748 1.4010663e-10 0)
(0.0021661748 1.3507707e-10 0)
(0.0021661748 1.289706e-10 0)
(0.0021661748 1.2219525e-10 0)
(0.0021661748 1.1506289e-10 0)
(0.0021661747 1.0780821e-10 0)
(0.0021661747 1.006044e-10 0)
(0.0021661747 9.3576103e-11 0)
(0.0021661747 8.6809892e-11 0)
(0.0021661747 8.0362892e-11 0)
(0.0021661747 7.4269675e-11 0)
(0.0021661747 6.8547815e-11 0)
(0.0021661747 6.320229e-11 0)
(0.0021661747 5.8228965e-11 0)
(0.0021661747 5.3617296e-11 0)
(0.0021661747 4.9352431e-11 0)
(0.0021661747 4.5416792e-11 0)
(0.0021661747 4.1791269e-11 0)
(0.0021661747 3.8456082e-11 0)
(0.0021661747 3.5391404e-11 0)
(0.0021661747 3.2577771e-11 0)
(0.0021661747 2.9996348e-11 0)
(0.0021661747 2.7629074e-11 0)
(0.0021661747 2.5458719e-11 0)
(0.0021661747 2.3468873e-11 0)
(0.0021661747 2.1643884e-11 0)
(0.0021661747 1.9968767e-11 0)
(0.0021661747 1.8429083e-11 0)
(0.0021661747 1.7010802e-11 0)
(0.0021661747 1.570016e-11 0)
(0.0021661747 1.4483509e-11 0)
(0.0021661747 1.3347168e-11 0)
(0.0021661747 1.227728e-11 0)
(0.0021661747 1.1259672e-11 0)
(0.0021661747 1.0279733e-11 0)
(0.0021661747 9.3223027e-12 0)
(0.0021661747 8.3715846e-12 0)
(0.0021661747 7.4110886e-12 0)
(0.0021661747 6.4236026e-12 0)
(0.0021661747 5.391209e-12 0)
(0.0021661747 4.2953524e-12 0)
(0.0021661747 3.116974e-12 0)
(0.0021661747 1.8367212e-12 0)
(0.0021661747 4.3524009e-13 0)
(0.0021661747 -1.1064155e-12 0)
(0.0021661747 -2.8062525e-12 0)
(0.0021661747 -4.6806678e-12 0)
(0.0021661747 -6.743607e-12 0)
(0.0021661747 -9.0055397e-12 0)
(0.0021661747 -1.1472223e-11 0)
(0.0021661747 -1.4143231e-11 0)
(0.0021661747 -1.7010228e-11 0)
(0.0021661747 -2.0054966e-11 0)
(0.0021661747 -2.3246983e-11 0)
(0.0021661747 -2.654099e-11 0)
(0.0021661747 -2.9873924e-11 0)
(0.0021661747 -3.3161683e-11 0)
(0.0021661747 -3.6295523e-11 0)
(0.0021661747 -3.9138153e-11 0)
(0.0021661747 -4.1519536e-11 0)
(0.0021661747 -4.3232458e-11 0)
(0.0021661747 -4.4027914e-11 0)
(0.0021661747 -4.3610401e-11 0)
(0.0021661747 -4.1633238e-11 0)
(0.0021661747 -3.7694052e-11 0)
(0.0021661747 -3.1330587e-11 0)
(0.0021661747 -2.2017094e-11 0)
(0.0021661747 -9.1615099e-12 0)
(0.0021661747 7.8962269e-12 0)
(0.0021661747 2.9884407e-11 0)
(0.0021661747 5.7597892e-11 0)
(0.0021661747 9.1894122e-11 0)
(0.0021661747 1.3368625e-10 0)
(0.0021661747 1.8393281e-10 0)
(0.0021661747 2.4362331e-10 0)
(0.0021661747 3.1375892e-10 0)
(0.0021661747 3.9532759e-10 0)
(0.0021661747 4.8927265e-10 0)
(0.0021661747 5.96454e-10 0)
(0.0021661747 7.176009e-10 0)
(0.0021661747 8.5325532e-10 0)
(0.0021661747 1.0037048e-09 0)
(0.0021661748 1.1689035e-09 0)
(0.0021661748 1.3483809e-09 0)
(0.0021661748 1.5411366e-09 0)
(0.0021661748 1.7455197e-09 0)
(0.0021661748 1.9590926e-09 0)
(0.0021661748 2.1784764e-09 0)
(0.0021661748 2.3991794e-09 0)
(0.0021661748 2.6154089e-09 0)
(0.0021661748 2.8198676e-09 0)
(0.0021661748 3.0034971e-09 0)
(0.0021661748 3.1552588e-09 0)
(0.0021661748 3.2621741e-09 0)
(0.0021661748 3.3098336e-09 0)
(0.0021661748 3.2573458e-09 0)
(0.0018053864 6.329311e-05 0)
(0.0018242456 0.00017511765 0)
(0.0018579779 0.00026779141 0)
(0.0019011834 0.00033901315 0)
(0.0019486969 0.00038872557 0)
(0.0019966176 0.00041851409 0)
(0.0020420573 0.00043102609 0)
(0.0020831725 0.00042941632 0)
(0.0021190196 0.00041690735 0)
(0.0021493354 0.00039649514 0)
(0.0021743198 0.00037078525 0)
(0.0021944507 0.00034192843 0)
(0.0022103433 0.00031162284 0)
(0.0022226511 0.00028115467 0)
(0.0022320039 0.00025145685 0)
(0.0022389724 0.00022317233 0)
(0.0022440528 0.00019671418 0)
(0.0022476628 0.00017231868 0)
(0.002250146 0.00015008992 0)
(0.002251779 0.00013003607 0)
(0.002252781 0.00011209808 0)
(0.0022533234 9.6171862e-05 0)
(0.0022535379 8.2125175e-05 0)
(0.0022535248 6.9810165e-05 0)
(0.0022533595 5.9072532e-05 0)
(0.0022530978 4.9758068e-05 0)
(0.0022527803 4.1717168e-05 0)
(0.0022524361 3.480782e-05 0)
(0.0022520856 2.8897454e-05 0)
(0.0022517426 2.3863949e-05 0)
(0.0022514163 1.9596026e-05 0)
(0.002251112 1.5993217e-05 0)
(0.0022508328 1.2965525e-05 0)
(0.0022505797 1.0432888e-05 0)
(0.0022503527 8.3245285e-06 0)
(0.0022501509 6.5782222e-06 0)
(0.0022499728 5.1395519e-06 0)
(0.0022498166 3.9611578e-06 0)
(0.0022496804 3.0020123e-06 0)
(0.0022495624 2.2267307e-06 0)
(0.0022494606 1.6049258e-06 0)
(0.0022493733 1.1106124e-06 0)
(0.0022492986 7.2166255e-07 0)
(0.0022492351 4.1931186e-07 0)
(0.0022491813 1.877159e-07 0)
(0.0022491359 1.3553824e-08 0)
(0.0022490979 -1.1432341e-07 0)
(0.0022490661 -2.052036e-07 0)
(0.0022490396 -2.6678597e-07 0)
(0.0022490178 -3.0541954e-07 0)
(0.0022489998 -3.2631047e-07 0)
(0.0022489851 -3.3370164e-07 0)
(0.0022489731 -3.3102763e-07 0)
(0.0022489635 -3.2104772e-07 0)
(0.0022489558 -3.0595977e-07 0)
(0.0022489498 -2.8749719e-07 0)
(0.002248945 -2.6701121e-07 0)
(0.0022489414 -2.4554042e-07 0)
(0.0022489386 -2.2386927e-07 0)
(0.0022489366 -2.0257709e-07 0)
(0.0022489351 -1.8207891e-07 0)
(0.0022489341 -1.6265939e-07 0)
(0.0022489335 -1.445008e-07 0)
(0.0022489332 -1.2770603e-07 0)
(0.0022489331 -1.1231731e-07 0)
(0.0022489332 -9.8331436e-08 0)
(0.0022489334 -8.5711995e-08 0)
(0.0022489337 -7.4399152e-08 0)
(0.002248934 -6.4317359e-08 0)
(0.0022489344 -5.53814e-08 0)
(0.0022489348 -4.7501043e-08 0)
(0.0022489352 -4.0584573e-08 0)
(0.0022489356 -3.454142e-08 0)
(0.0022489361 -2.9284049e-08 0)
(0.0022489365 -2.4729276e-08 0)
(0.0022489368 -2.0799123e-08 0)
(0.0022489372 -1.7421324e-08 0)
(0.0022489375 -1.452955e-08 0)
(0.0022489378 -1.2063433e-08 0)
(0.0022489381 -9.9684429e-09 0)
(0.0022489383 -8.1956454e-09 0)
(0.0022489386 -6.7013999e-09 0)
(0.0022489388 -5.4470022e-09 0)
(0.002248939 -4.3983054e-09 0)
(0.0022489391 -3.5253311e-09 0)
(0.0022489393 -2.8018826e-09 0)
(0.0022489394 -2.2051703e-09 0)
(0.0022489396 -1.7154531e-09 0)
(0.0022489397 -1.3157028e-09 0)
(0.0022489398 -9.9129099e-10 0)
(0.0022489398 -7.2970171e-10 0)
(0.0022489399 -5.2026946e-10 0)
(0.00224894 -3.5394202e-10 0)
(0.00224894 -2.2306735e-10 0)
(0.0022489401 -1.212035e-10 0)
(0.0022489401 -4.2949737e-11 0)
(0.0022489401 1.6202445e-11 0)
(0.0022489402 6.0000186e-11 0)
(0.0022489402 9.1543631e-11 0)
(0.0022489402 1.1338541e-10 0)
(0.0022489402 1.2761679e-10 0)
(0.0022489402 1.3594189e-10 0)
(0.0022489402 1.3974149e-10 0)
(0.0022489403 1.4012739e-10 0)
(0.0022489403 1.3798883e-10 0)
(0.0022489403 1.3403173e-10 0)
(0.0022489403 1.2881174e-10 0)
(0.0022489403 1.2276212e-10 0)
(0.0022489403 1.1621693e-10 0)
(0.0022489403 1.0943035e-10 0)
(0.0022489403 1.025927e-10 0)
(0.0022489403 9.58436e-11 0)
(0.0022489403 8.9282761e-11 0)
(0.0022489403 8.2978773e-11 0)
(0.0022489403 7.6976215e-11 0)
(0.0022489403 7.1301369e-11 0)
(0.0022489403 6.5966781e-11 0)
(0.0022489402 6.0974876e-11 0)
(0.0022489402 5.6320783e-11 0)
(0.0022489402 5.1994536e-11 0)
(0.0022489402 4.798276e-11 0)
(0.0022489402 4.4269935e-11 0)
(0.0022489402 4.0839347e-11 0)
(0.0022489402 3.767376e-11 0)
(0.0022489402 3.4755891e-11 0)
(0.0022489402 3.2068728e-11 0)
(0.0022489402 2.9595717e-11 0)
(0.0022489402 2.7320858e-11 0)
(0.0022489402 2.5228726e-11 0)
(0.0022489402 2.3304446e-11 0)
(0.0022489402 2.1533621e-11 0)
(0.0022489402 1.9902234e-11 0)
(0.0022489402 1.8396538e-11 0)
(0.0022489402 1.7002923e-11 0)
(0.0022489402 1.5707782e-11 0)
(0.0022489402 1.4497375e-11 0)
(0.0022489402 1.3357699e-11 0)
(0.0022489402 1.2274353e-11 0)
(0.0022489402 1.1232423e-11 0)
(0.0022489402 1.0216381e-11 0)
(0.0022489402 9.2100014e-12 0)
(0.0022489402 8.1963027e-12 0)
(0.0022489402 7.1575291e-12 0)
(0.0022489402 6.0751666e-12 0)
(0.0022489402 4.9300127e-12 0)
(0.0022489402 3.7023133e-12 0)
(0.0022489402 2.3719723e-12 0)
(0.0022489402 9.1884853e-13 0)
(0.0022489402 -6.7683485e-13 0)
(0.0022489402 -2.4339584e-12 0)
(0.0022489402 -4.3698318e-12 0)
(0.0022489402 -6.4993501e-12 0)
(0.0022489402 -8.8339645e-12 0)
(0.0022489402 -1.1380445e-11 0)
(0.0022489402 -1.4139402e-11 0)
(0.0022489402 -1.7103559e-11 0)
(0.0022489402 -2.0255743e-11 0)
(0.0022489402 -2.3566572e-11 0)
(0.0022489402 -2.6991843e-11 0)
(0.0022489402 -3.0469576e-11 0)
(0.0022489402 -3.3916744e-11 0)
(0.0022489402 -3.7225666e-11 0)
(0.0022489402 -4.0260097e-11 0)
(0.0022489402 -4.285103e-11 0)
(0.0022489402 -4.4792267e-11 0)
(0.0022489402 -4.5835809e-11 0)
(0.0022489402 -4.5687162e-11 0)
(0.0022489402 -4.4000674e-11 0)
(0.0022489402 -4.0375037e-11 0)
(0.0022489402 -3.4349142e-11 0)
(0.0022489402 -2.5398491e-11 0)
(0.0022489402 -1.2932438e-11 0)
(0.0022489402 3.7074417e-12 0)
(0.0022489402 2.5247513e-11 0)
(0.0022489402 5.2480348e-11 0)
(0.0022489402 8.6260646e-11 0)
(0.0022489403 1.2749828e-10 0)
(0.0022489403 1.7714789e-10 0)
(0.0022489403 2.3619437e-10 0)
(0.0022489403 3.0563349e-10 0)
(0.0022489403 3.8644703e-10 0)
(0.0022489403 4.7957129e-10 0)
(0.0022489404 5.8585839e-10 0)
(0.0022489404 7.0602917e-10 0)
(0.0022489404 8.4061677e-10 0)
(0.0022489405 9.8989982e-10 0)
(0.0022489405 1.1538242e-09 0)
(0.0022489405 1.3319121e-09 0)
(0.0022489406 1.523158e-09 0)
(0.0022489406 1.7259092e-09 0)
(0.0022489407 1.9377309e-09 0)
(0.0022489407 2.1552528e-09 0)
(0.0022489408 2.3739987e-09 0)
(0.0022489409 2.5881983e-09 0)
(0.002248941 2.7905821e-09 0)
(0.002248941 2.9721136e-09 0)
(0.0022489411 3.1217541e-09 0)
(0.0022489412 3.2264877e-09 0)
(0.0022489413 3.271868e-09 0)
(0.0022489414 3.2151641e-09 0)
(0.001805225 5.5992577e-05 0)
(0.0018225824 0.00015583334 0)
(0.0018542259 0.00023977478 0)
(0.0018956211 0.00030565897 0)
(0.0019422975 0.00035310259 0)
(0.0019907225 0.00038309697 0)
(0.0020381062 0.00039759757 0)
(0.002082493 0.00039909815 0)
(0.002122696 0.00039026693 0)
(0.0021581517 0.00037368107 0)
(0.0021887567 0.00035165993 0)
(0.0022147178 0.00032618059 0)
(0.0022364268 0.00029885378 0)
(0.0022543673 0.00027093891 0)
(0.0022690485 0.00024338118 0)
(0.0022809641 0.00021685827 0)
(0.0022905674 0.00019182877 0)
(0.0022982603 0.00016857747 0)
(0.0023043895 0.00014725528 0)
(0.0023092483 0.00012791293 0)
(0.0023130816 0.00011052854 0)
(0.002316091 9.5029555e-05 0)
(0.0023184414 8.1309955e-05 0)
(0.0023202665 6.9243304e-05 0)
(0.0023216743 5.8692583e-05 0)
(0.0023227517 4.9517381e-05 0)
(0.0023235682 4.1579016e-05 0)
(0.0023241795 3.4744063e-05 0)
(0.0023246301 2.8886661e-05 0)
(0.0023249552 2.3889904e-05 0)
(0.0023251831 1.9646554e-05 0)
(0.002325336 1.6059253e-05 0)
(0.0023254317 1.3040392e-05 0)
(0.0023254841 1.0511737e-05 0)
(0.0023255042 8.4038976e-06 0)
(0.0023255007 6.6557023e-06 0)
(0.0023254804 5.2135251e-06 0)
(0.0023254485 4.0305972e-06 0)
(0.0023254091 3.0663281e-06 0)
(0.0023253653 2.2856524e-06 0)
(0.0023253194 1.6584122e-06 0)
(0.002325273 1.1587835e-06 0)
(0.0023252276 7.6474756e-07 0)
(0.002325184 4.576104e-07 0)
(0.0023251428 2.215691e-07 0)
(0.0023251043 4.3322904e-08 0)
(0.0023250688 -8.8272626e-08 0)
(0.0023250363 -1.825117e-07 0)
(0.0023250068 -2.4710756e-07 0)
(0.0023249802 -2.8842827e-07 0)
(0.0023249565 -3.1170206e-07 0)
(0.0023249353 -3.2119553e-07 0)
(0.0023249166 -3.2036746e-07 0)
(0.0023249002 -3.1200111e-07 0)
(0.0023248858 -2.9831753e-07 0)
(0.0023248732 -2.8107216e-07 0)
(0.0023248624 -2.6163687e-07 0)
(0.002324853 -2.4106938e-07 0)
(0.0023248449 -2.2017168e-07 0)
(0.002324838 -1.9953905e-07 0)
(0.0023248321 -1.7960094e-07 0)
(0.0023248271 -1.6065497e-07 0)
(0.002324823 -1.4289497e-07 0)
(0.0023248195 -1.2643408e-07 0)
(0.0023248165 -1.113236e-07 0)
(0.0023248141 -9.7568305e-08 0)
(0.0023248121 -8.5138788e-08 0)
(0.0023248105 -7.398131e-08 0)
(0.0023248092 -6.4025631e-08 0)
(0.0023248082 -5.5191128e-08 0)
(0.0023248074 -4.7391537e-08 0)
(0.0023248067 -4.0538555e-08 0)
(0.0023248063 -3.4544534e-08 0)
(0.0023248059 -2.9324435e-08 0)
(0.0023248057 -2.4797197e-08 0)
(0.0023248055 -2.0886643e-08 0)
(0.0023248054 -1.7522026e-08 0)
(0.0023248053 -1.4638293e-08 0)
(0.0023248053 -1.2176149e-08 0)
(0.0023248053 -1.0081951e-08 0)
(0.0023248054 -8.3075064e-09 0)
(0.0023248054 -6.8097823e-09 0)
(0.0023248055 -5.5505733e-09 0)
(0.0023248056 -4.4961383e-09 0)
(0.0023248057 -3.6168258e-09 0)
(0.0023248057 -2.8867002e-09 0)
(0.0023248058 -2.2831777e-09 0)
(0.0023248059 -1.7866775e-09 0)
(0.002324806 -1.3802935e-09 0)
(0.002324806 -1.049488e-09 0)
(0.0023248061 -7.8181044e-10 0)
(0.0023248062 -5.6663992e-10 0)
(0.0023248062 -3.9495197e-10 0)
(0.0023248063 -2.5910904e-10 0)
(0.0023248063 -1.5267314e-10 0)
(0.0023248064 -7.0239383e-11 0)
(0.0023248064 -7.2889238e-12 0)
(0.0023248064 3.9940301e-11 0)
(0.0023248064 7.4566619e-11 0)
(0.0023248065 9.9163032e-11 0)
(0.0023248065 1.158425e-10 0)
(0.0023248065 1.2633152e-10 0)
(0.0023248065 1.3203328e-10 0)
(0.0023248065 1.3408174e-10 0)
(0.0023248065 1.3338764e-10 0)
(0.0023248065 1.3067751e-10 0)
(0.0023248065 1.2652663e-10 0)
(0.0023248065 1.213867e-10 0)
(0.0023248066 1.15609e-10 0)
(0.0023248066 1.0946373e-10 0)
(0.0023248066 1.0315596e-10 0)
(0.0023248066 9.6838826e-11 0)
(0.0023248066 9.062439e-11 0)
(0.0023248066 8.4592436e-11 0)
(0.0023248065 7.8797656e-11 0)
(0.0023248065 7.3275426e-11 0)
(0.0023248065 6.8046434e-11 0)
(0.0023248065 6.3120357e-11 0)
(0.0023248065 5.8498759e-11 0)
(0.0023248065 5.417736e-11 0)
(0.0023248065 5.0147779e-11 0)
(0.0023248065 4.6398871e-11 0)
(0.0023248065 4.2917727e-11 0)
(0.0023248065 3.9690406e-11 0)
(0.0023248065 3.6702464e-11 0)
(0.0023248065 3.3939317e-11 0)
(0.0023248065 3.1386471e-11 0)
(0.0023248065 2.902966e-11 0)
(0.0023248065 2.685491e-11 0)
(0.0023248065 2.4848534e-11 0)
(0.0023248065 2.2997105e-11 0)
(0.0023248065 2.1287377e-11 0)
(0.0023248065 1.9706199e-11 0)
(0.0023248065 1.8240406e-11 0)
(0.0023248065 1.6876702e-11 0)
(0.0023248065 1.5601546e-11 0)
(0.0023248065 1.4401023e-11 0)
(0.0023248065 1.3260737e-11 0)
(0.0023248065 1.2165696e-11 0)
(0.0023248065 1.110022e-11 0)
(0.0023248065 1.0047867e-11 0)
(0.0023248065 8.9913767e-12 0)
(0.0023248065 7.912657e-12 0)
(0.0023248065 6.7927982e-12 0)
(0.0023248065 5.6121458e-12 0)
(0.0023248065 4.3504329e-12 0)
(0.0023248065 2.9869848e-12 0)
(0.0023248065 1.501013e-12 0)
(0.0023248065 -1.2798658e-13 0)
(0.0023248065 -1.9197111e-12 0)
(0.0023248065 -3.8923891e-12 0)
(0.0023248065 -6.0619525e-12 0)
(0.0023248065 -8.4410269e-12 0)
(0.0023248065 -1.1037714e-11 0)
(0.0023248065 -1.3854143e-11 0)
(0.0023248065 -1.6884771e-11 0)
(0.0023248065 -2.0114402e-11 0)
(0.0023248065 -2.3515926e-11 0)
(0.0023248065 -2.7047736e-11 0)
(0.0023248065 -3.0650835e-11 0)
(0.0023248065 -3.4245608e-11 0)
(0.0023248065 -3.7728284e-11 0)
(0.0023248065 -4.0967089e-11 0)
(0.0023248065 -4.3798125e-11 0)
(0.0023248065 -4.6021007e-11 0)
(0.0023248065 -4.7394349e-11 0)
(0.0023248065 -4.7631145e-11 0)
(0.0023248065 -4.6394204e-11 0)
(0.0023248065 -4.3291735e-11 0)
(0.0023248065 -3.7873289e-11 0)
(0.0023248065 -2.9626261e-11 0)
(0.0023248065 -1.7973194e-11 0)
(0.0023248065 -2.2702107e-12 0)
(0.0023248065 1.8193114e-11 0)
(0.0023248065 4.4192016e-11 0)
(0.0023248066 7.6562495e-11 0)
(0.0023248066 1.1619446e-10 0)
(0.0023248066 1.6402145e-10 0)
(0.0023248066 2.2100641e-10 0)
(0.0023248066 2.8812263e-10 0)
(0.0023248067 3.6632934e-10 0)
(0.0023248067 4.5654089e-10 0)
(0.0023248068 5.5958889e-10 0)
(0.0023248068 6.761761e-10 0)
(0.0023248069 8.0682142e-10 0)
(0.0023248069 9.5179468e-10 0)
(0.002324807 1.1110404e-09 0)
(0.0023248071 1.2840894e-09 0)
(0.0023248072 1.4699575e-09 0)
(0.0023248073 1.6670296e-09 0)
(0.0023248074 1.8729281e-09 0)
(0.0023248075 2.0843641e-09 0)
(0.0023248076 2.2969699e-09 0)
(0.0023248078 2.505115e-09 0)
(0.0023248079 2.7017006e-09 0)
(0.0023248081 2.8778861e-09 0)
(0.0023248083 3.0228414e-09 0)
(0.0023248084 3.1237508e-09 0)
(0.0023248086 3.166387e-09 0)
(0.0023248089 3.1071997e-09 0)
(0.0018050983 4.9273067e-05 0)
(0.0018212175 0.00013780703 0)
(0.0018510717 0.00021313494 0)
(0.0018908145 0.00027329126 0)
(0.0019365578 0.00031771392 0)
(0.0019851157 0.00034697854 0)
(0.0020338363 0.00036251098 0)
(0.002080725 0.00036626441 0)
(0.0021244334 0.00036042446 0)
(0.0021641697 0.00034717847 0)
(0.0021995825 0.00032855706 0)
(0.0022306421 0.00030634155 0)
(0.0022575357 0.0002820236 0)
(0.0022805813 0.0002568018 0)
(0.0023001639 0.0002316016 0)
(0.0023166901 0.00020710776 0)
(0.0023305583 0.0001838019 0)
(0.0023421415 0.00016199993 0)
(0.0023517774 0.00014188681 0)
(0.0023597651 0.00012354688 0)
(0.0023663651 0.00010698957 0)
(0.0023718019 9.2170395e-05 0)
(0.0023762667 7.9007848e-05 0)
(0.0023799217 6.7396494e-05 0)
(0.0023829036 5.7217072e-05 0)
(0.0023853273 4.8344037e-05 0)
(0.002387289 4.0651063e-05 0)
(0.0023888693 3.4014946e-05 0)
(0.0023901353 2.8318253e-05 0)
(0.0023911431 2.3451013e-05 0)
(0.0023919394 1.9311684e-05 0)
(0.002392563 1.5807587e-05 0)
(0.002393046 1.2854955e-05 0)
(0.0023934153 1.0378709e-05 0)
(0.0023936928 8.3120497e-06 0)
(0.0023938969 6.5959327e-06 0)
(0.0023940426 5.1784788e-06 0)
(0.0023941422 4.0143529e-06 0)
(0.0023942057 3.0641398e-06 0)
(0.0023942414 2.2937367e-06 0)
(0.002394256 1.673773e-06 0)
(0.0023942547 1.1790662e-06 0)
(0.002394242 7.8811985e-07 0)
(0.0023942211 4.8266309e-07 0)
(0.0023941948 2.4723444e-07 0)
(0.0023941653 6.8807305e-08 0)
(0.002394134 -6.3543981e-08 0)
(0.0023941022 -1.589403e-07 0)
(0.0023940709 -2.2495879e-07 0)
(0.0023940406 -2.6786173e-07 0)
(0.0023940119 -2.9279625e-07 0)
(0.0023939849 -3.0396774e-07 0)
(0.00239396 -3.0478982e-07 0)
(0.0023939371 -2.9801335e-07 0)
(0.0023939163 -2.8583709e-07 0)
(0.0023938976 -2.7000214e-07 0)
(0.0023938807 -2.5187217e-07 0)
(0.0023938658 -2.3250141e-07 0)
(0.0023938525 -2.1269189e-07 0)
(0.0023938408 -1.9304149e-07 0)
(0.0023938306 -1.7398414e-07 0)
(0.0023938217 -1.5582313e-07 0)
(0.0023938139 -1.3875876e-07 0)
(0.0023938072 -1.2291105e-07 0)
(0.0023938015 -1.0833832e-07 0)
(0.0023937966 -9.5052307e-08 0)
(0.0023937924 -8.3030349e-08 0)
(0.0023937889 -7.2225144e-08 0)
(0.0023937859 -6.2572502e-08 0)
(0.0023937835 -5.3997429e-08 0)
(0.0023937814 -4.6418841e-08 0)
(0.0023937797 -3.9753169e-08 0)
(0.0023937783 -3.3917056e-08 0)
(0.0023937772 -2.8829326e-08 0)
(0.0023937763 -2.4412376e-08 0)
(0.0023937755 -2.0593109e-08 0)
(0.002393775 -1.7303502e-08 0)
(0.0023937745 -1.4480907e-08 0)
(0.0023937742 -1.2068132e-08 0)
(0.0023937739 -1.0013376e-08 0)
(0.0023937737 -8.2700418e-09 0)
(0.0023937736 -6.7964806e-09 0)
(0.0023937735 -5.5556773e-09 0)
(0.0023937735 -4.5149113e-09 0)
(0.0023937735 -3.6454021e-09 0)
(0.0023937735 -2.921954e-09 0)
(0.0023937735 -2.3226078e-09 0)
(0.0023937735 -1.8283079e-09 0)
(0.0023937736 -1.4225866e-09 0)
(0.0023937736 -1.0912705e-09 0)
(0.0023937737 -8.2220907e-10 0)
(0.0023937737 -6.0502682e-10 0)
(0.0023937738 -4.3089821e-10 0)
(0.0023937738 -2.923453e-10 0)
(0.0023937738 -1.8305657e-10 0)
(0.0023937739 -9.7725856e-11 0)
(0.0023937739 -3.191e-11 0)
(0.0023937739 1.8096449e-11 0)
(0.002393774 5.5370828e-11 0)
(0.002393774 8.2457857e-11 0)
(0.002393774 1.0145244e-10 0)
(0.002393774 1.1407114e-10 0)
(0.0023937741 1.2171363e-10 0)
(0.0023937741 1.2551522e-10 0)
(0.0023937741 1.2639175e-10 0)
(0.0023937741 1.2507753e-10 0)
(0.0023937741 1.2215753e-10 0)
(0.0023937741 1.1809438e-10 0)
(0.0023937741 1.13251e-10 0)
(0.0023937741 1.0790953e-10 0)
(0.0023937741 1.0228696e-10 0)
(0.0023937741 9.6548081e-11 0)
(0.0023937741 9.081617e-11 0)
(0.0023937741 8.5181654e-11 0)
(0.0023937741 7.9709212e-11 0)
(0.0023937741 7.4443497e-11 0)
(0.0023937741 6.9413743e-11 0)
(0.0023937741 6.4637435e-11 0)
(0.0023937741 6.0123221e-11 0)
(0.0023937741 5.5873204e-11 0)
(0.0023937741 5.1884719e-11 0)
(0.0023937741 4.8151707e-11 0)
(0.0023937741 4.4665759e-11 0)
(0.0023937741 4.141689e-11 0)
(0.0023937741 3.8394116e-11 0)
(0.0023937741 3.5585855e-11 0)
(0.0023937741 3.298021e-11 0)
(0.0023937741 3.056514e-11 0)
(0.0023937741 2.8328564e-11 0)
(0.0023937741 2.6258399e-11 0)
(0.0023937741 2.4342556e-11 0)
(0.0023937741 2.2568902e-11 0)
(0.0023937741 2.0925197e-11 0)
(0.0023937741 1.939901e-11 0)
(0.0023937741 1.7977631e-11 0)
(0.0023937741 1.6647967e-11 0)
(0.0023937741 1.5396441e-11 0)
(0.0023937741 1.420889e-11 0)
(0.0023937741 1.3070472e-11 0)
(0.0023937741 1.1965578e-11 0)
(0.0023937741 1.0877765e-11 0)
(0.0023937741 9.7897099e-12 0)
(0.0023937741 8.6831943e-12 0)
(0.0023937741 7.5391182e-12 0)
(0.0023937741 6.3375709e-12 0)
(0.0023937741 5.0579561e-12 0)
(0.0023937741 3.6791868e-12 0)
(0.0023937741 2.1799638e-12 0)
(0.0023937741 5.3915661e-13 0)
(0.0023937741 -1.2636976e-12 0)
(0.0023937741 -3.2477614e-12 0)
(0.0023937741 -5.4301027e-12 0)
(0.0023937741 -7.8247291e-12 0)
(0.0023937741 -1.0441414e-11 0)
(0.0023937741 -1.3284308e-11 0)
(0.0023937741 -1.6350304e-11 0)
(0.0023937741 -1.9627129e-11 0)
(0.0023937741 -2.3091166e-11 0)
(0.0023937741 -2.6704968e-11 0)
(0.0023937741 -3.0414465e-11 0)
(0.0023937741 -3.4145856e-11 0)
(0.0023937741 -3.7802192e-11 0)
(0.0023937741 -4.125967e-11 0)
(0.0023937741 -4.4363647e-11 0)
(0.0023937741 -4.6924443e-11 0)
(0.0023937741 -4.8712968e-11 0)
(0.0023937741 -4.9456282e-11 0)
(0.0023937741 -4.8833173e-11 0)
(0.0023937741 -4.6469903e-11 0)
(0.0023937741 -4.1936292e-11 0)
(0.0023937741 -3.4742335e-11 0)
(0.0023937741 -2.4335605e-11 0)
(0.0023937741 -1.0099729e-11 0)
(0.0023937741 8.6457365e-12 0)
(0.0023937741 3.2643647e-11 0)
(0.0023937741 6.2695381e-11 0)
(0.0023937742 9.9654255e-11 0)
(0.0023937742 1.4441567e-10 0)
(0.0023937742 1.9790341e-10 0)
(0.0023937743 2.6105141e-10 0)
(0.0023937743 3.3478028e-10 0)
(0.0023937744 4.1996785e-10 0)
(0.0023937744 5.1741278e-10 0)
(0.0023937745 6.2779056e-10 0)
(0.0023937746 7.5160079e-10 0)
(0.0023937747 8.8910494e-10 0)
(0.0023937748 1.0402535e-09 0)
(0.0023937749 1.2046019e-09 0)
(0.002393775 1.3812134e-09 0)
(0.0023937752 1.5685494e-09 0)
(0.0023937754 1.7643431e-09 0)
(0.0023937755 1.9654575e-09 0)
(0.0023937757 2.1677249e-09 0)
(0.0023937759 2.3657683e-09 0)
(0.0023937762 2.5527999e-09 0)
(0.0023937764 2.7203471e-09 0)
(0.0023937767 2.8579968e-09 0)
(0.002393777 2.9533809e-09 0)
(0.0023937772 2.9927639e-09 0)
(0.0023937776 2.9328317e-09 0)
(0.0018049979 4.3029528e-05 0)
(0.0018200941 0.00012083985 0)
(0.0018484241 0.000187702 0)
(0.0018866883 0.00024186521 0)
(0.0019314821 0.00028268827 0)
(0.0019799326 0.00031046298 0)
(0.0020295416 0.00032621456 0)
(0.0020783233 0.00033145922 0)
(0.0021248284 0.00032796918 0)
(0.0021680963 0.00031757749 0)
(0.0022075767 0.00030203448 0)
(0.00224304 0.00028291538 0)
(0.0022744907 0.00026157153 0)
(0.0023020929 0.00023911466 0)
(0.0023261094 0.00021642398 0)
(0.0023468565 0.00019416704 0)
(0.002364671 0.00017282764 0)
(0.0023798881 0.000152736 0)
(0.0023928274 0.00013409803 0)
(0.0024037849 0.00011702204 0)
(0.0024130292 0.00010154201 0)
(0.0024208 8.763712e-05 0)
(0.0024273093 7.5247731e-05 0)
(0.0024327424 6.4288183e-05 0)
(0.0024372609 5.4656738e-05 0)
(0.0024410043 4.6243186e-05 0)
(0.002444093 3.8934504e-05 0)
(0.0024466302 3.2618955e-05 0)
(0.0024487044 2.7188939e-05 0)
(0.002450391 2.2542891e-05 0)
(0.0024517543 1.8586438e-05 0)
(0.0024528488 1.5233005e-05 0)
(0.0024537208 1.2404011e-05 0)
(0.0024544091 1.0028781e-05 0)
(0.0024549468 8.0442447e-06 0)
(0.0024553615 6.3945195e-06 0)
(0.0024556762 5.0303962e-06 0)
(0.0024559102 3.9087936e-06 0)
(0.0024560796 2.9921954e-06 0)
(0.0024561976 2.2480947e-06 0)
(0.0024562752 1.648459e-06 0)
(0.0024563213 1.1692255e-06 0)
(0.0024563433 7.8983069e-07 0)
(0.0024563472 4.9277956e-07 0)
(0.0024563376 2.6325276e-07 0)
(0.0024563185 8.8753236e-08 0)
(0.0024562928 -4.1210002e-08 0)
(0.002456263 -1.3540287e-07 0)
(0.0024562308 -2.0111426e-07 0)
(0.0024561977 -2.4437392e-07 0)
(0.0024561648 -2.7014274e-07 0)
(0.0024561328 -2.8247822e-07 0)
(0.0024561022 -2.8467771e-07 0)
(0.0024560734 -2.7940174e-07 0)
(0.0024560466 -2.6877991e-07 0)
(0.002456022 -2.5450131e-07 0)
(0.0024559996 -2.3789144e-07 0)
(0.0024559792 -2.1997741e-07 0)
(0.002455961 -2.0154285e-07 0)
(0.0024559447 -1.8317415e-07 0)
(0.0024559303 -1.6529901e-07 0)
(0.0024559175 -1.4821855e-07 0)
(0.0024559063 -1.3213391e-07 0)
(0.0024558966 -1.1716816e-07 0)
(0.0024558881 -1.0338421e-07 0)
(0.0024558808 -9.0799383e-08 0)
(0.0024558744 -7.9397235e-08 0)
(0.002455869 -6.9136988e-08 0)
(0.0024558644 -5.9961041e-08 0)
(0.0024558605 -5.1800884e-08 0)
(0.0024558572 -4.4581684e-08 0)
(0.0024558545 -3.8225804e-08 0)
(0.0024558522 -3.265544e-08 0)
(0.0024558503 -2.7794565e-08 0)
(0.0024558487 -2.3570298e-08 0)
(0.0024558474 -1.9913841e-08 0)
(0.0024558464 -1.6761059e-08 0)
(0.0024558455 -1.405279e-08 0)
(0.0024558449 -1.1734956e-08 0)
(0.0024558443 -9.7585174e-09 0)
(0.0024558439 -8.079316e-09 0)
(0.0024558436 -6.6578428e-09 0)
(0.0024558434 -5.4589542e-09 0)
(0.0024558432 -4.4515565e-09 0)
(0.0024558431 -3.6082779e-09 0)
(0.002455843 -2.905136e-09 0)
(0.002455843 -2.3212124e-09 0)
(0.002455843 -1.8383393e-09 0)
(0.002455843 -1.440803e-09 0)
(0.002455843 -1.1150669e-09 0)
(0.002455843 -8.4951544e-10 0)
(0.002455843 -6.342199e-10 0)
(0.0024558431 -4.6072557e-10 0)
(0.0024558431 -3.2186009e-10 0)
(0.0024558432 -2.1156195e-10 0)
(0.0024558432 -1.2472772e-10 0)
(0.0024558432 -5.7077031e-11 0)
(0.0024558433 -5.0337109e-12 0)
(0.0024558433 3.4378347e-11 0)
(0.0024558433 6.3625895e-11 0)
(0.0024558433 8.4745046e-11 0)
(0.0024558434 9.9409266e-11 0)
(0.0024558434 1.0898784e-10 0)
(0.0024558434 1.1459595e-10 0)
(0.0024558434 1.1713738e-10 0)
(0.0024558434 1.1734076e-10 0)
(0.0024558434 1.1579026e-10 0)
(0.0024558434 1.1295137e-10 0)
(0.0024558435 1.0919262e-10 0)
(0.0024558435 1.048036e-10 0)
(0.0024558435 1.0001003e-10 0)
(0.0024558435 9.4986172e-11 0)
(0.0024558435 8.9865103e-11 0)
(0.0024558435 8.4747091e-11 0)
(0.0024558435 7.9706455e-11 0)
(0.0024558435 7.4797122e-11 0)
(0.0024558435 7.0057111e-11 0)
(0.0024558435 6.5512127e-11 0)
(0.0024558435 6.1178428e-11 0)
(0.0024558435 5.7065094e-11 0)
(0.0024558435 5.3175803e-11 0)
(0.0024558435 4.951022e-11 0)
(0.0024558435 4.606506e-11 0)
(0.0024558435 4.28349e-11 0)
(0.0024558435 3.9812788e-11 0)
(0.0024558435 3.6990684e-11 0)
(0.0024558435 3.4359785e-11 0)
(0.0024558435 3.1910739e-11 0)
(0.0024558435 2.9633783e-11 0)
(0.0024558435 2.7518823e-11 0)
(0.0024558435 2.555547e-11 0)
(0.0024558435 2.3733031e-11 0)
(0.0024558435 2.2040482e-11 0)
(0.0024558435 2.046641e-11 0)
(0.0024558434 1.8998953e-11 0)
(0.0024558434 1.762572e-11 0)
(0.0024558434 1.6333707e-11 0)
(0.0024558434 1.510922e-11 0)
(0.0024558434 1.3937788e-11 0)
(0.0024558434 1.2804094e-11 0)
(0.0024558434 1.1691913e-11 0)
(0.0024558434 1.0584073e-11 0)
(0.0024558434 9.4624362e-12 0)
(0.0024558434 8.3079185e-12 0)
(0.0024558434 7.1005481e-12 0)
(0.0024558434 5.8195814e-12 0)
(0.0024558434 4.4436825e-12 0)
(0.0024558434 2.9511763e-12 0)
(0.0024558434 1.3204051e-12 0)
(0.0024558434 -4.6981423e-13 0)
(0.0024558434 -2.4395963e-12 0)
(0.0024558434 -4.60725e-12 0)
(0.0024558434 -6.9883741e-12 0)
(0.0024558434 -9.5947608e-12 0)
(0.0024558434 -1.2433092e-11 0)
(0.0024558434 -1.5503399e-11 0)
(0.0024558434 -1.8797279e-11 0)
(0.0024558434 -2.2295835e-11 0)
(0.0024558434 -2.5967335e-11 0)
(0.0024558434 -2.9764584e-11 0)
(0.0024558434 -3.3621981e-11 0)
(0.0024558434 -3.7452296e-11 0)
(0.0024558434 -4.1143168e-11 0)
(0.0024558434 -4.4553331e-11 0)
(0.0024558434 -4.7508643e-11 0)
(0.0024558434 -4.9797945e-11 0)
(0.0024558434 -5.1168849e-11 0)
(0.0024558434 -5.1323546e-11 0)
(0.0024558434 -4.9914767e-11 0)
(0.0024558434 -4.6542051e-11 0)
(0.0024558434 -4.0748527e-11 0)
(0.0024558434 -3.2018418e-11 0)
(0.0024558435 -1.9775559e-11 0)
(0.0024558435 -3.3832304e-12 0)
(0.0024558435 1.7854334e-11 0)
(0.0024558435 4.4688357e-11 0)
(0.0024558435 7.7919372e-11 0)
(0.0024558436 1.1838804e-10 0)
(0.0024558436 1.6696232e-10 0)
(0.0024558437 2.2452044e-10 0)
(0.0024558437 2.919289e-10 0)
(0.0024558438 3.7001493e-10 0)
(0.0024558439 4.5953243e-10 0)
(0.002455844 5.611208e-10 0)
(0.0024558441 6.752557e-10 0)
(0.0024558442 8.0219082e-10 0)
(0.0024558444 9.4188996e-10 0)
(0.0024558445 1.0939484e-09 0)
(0.0024558447 1.2575025e-09 0)
(0.0024558449 1.4311272e-09 0)
(0.0024558451 1.6127178e-09 0)
(0.0024558453 1.799357e-09 0)
(0.0024558456 1.9871638e-09 0)
(0.0024558459 2.1711238e-09 0)
(0.0024558462 2.3448953e-09 0)
(0.0024558465 2.5005406e-09 0)
(0.0024558469 2.6282701e-09 0)
(0.0024558472 2.7164146e-09 0)
(0.0024558476 2.7519861e-09 0)
(0.0024558481 2.6930353e-09 0)
(0.0018049177 3.7176758e-05 0)
(0.0018191698 0.00010476166 0)
(0.0018462106 0.00016331521 0)
(0.001883175 0.00021130876 0)
(0.0019270558 0.000248089 0)
(0.0019752546 0.00027376087 0)
(0.0020254274 0.00028905008 0)
(0.0020756253 0.00029512272 0)
(0.0021243417 0.00029340062 0)
(0.0021704946 0.00028539999 0)
(0.0022133777 0.00027260585 0)
(0.0022525954 0.00025638534 0)
(0.0022879942 0.00023793639 0)
(0.002319599 0.00021826479 0)
(0.0023475582 0.00019818233 0)
(0.0023720992 0.00017831868 0)
(0.0023934948 0.0001591413 0)
(0.0024120377 0.00014097894 0)
(0.0024280236 0.00012404582 0)
(0.0024417387 0.00010846448 0)
(0.0024534532 9.4286256e-05 0)
(0.0024634164 8.1508964e-05 0)
(0.0024718556 7.0091643e-05 0)
(0.0024789748 5.9966549e-05 0)
(0.0024849562 5.104867e-05 0)
(0.0024899608 4.3243113e-05 0)
(0.00249413 3.6450678e-05 0)
(0.0024975878 3.0571977e-05 0)
(0.0025004417 2.5510353e-05 0)
(0.0025027851 2.1173877e-05 0)
(0.0025046985 1.747662e-05 0)
(0.0025062512 1.4339374e-05 0)
(0.0025075024 1.1689962e-05 0)
(0.002508503 9.4632546e-06 0)
(0.0025092959 7.6009773e-06 0)
(0.0025099177 6.0513723e-06 0)
(0.0025103992 4.7687749e-06 0)
(0.0025107664 3.713138e-06 0)
(0.0025110411 2.8495355e-06 0)
(0.0025112414 2.1476649e-06 0)
(0.0025113824 1.5813641e-06 0)
(0.0025114766 1.1281515e-06 0)
(0.0025115341 7.6879659e-07 0)
(0.0025115636 4.8692308e-07 0)
(0.0025115717 2.686476e-07 0)
(0.0025115639 1.0225268e-07 0)
(0.0025115448 -2.2106157e-08 0)
(0.0025115178 -1.126612e-07 0)
(0.0025114857 -1.7626315e-07 0)
(0.0025114507 -2.1858398e-07 0)
(0.0025114143 -2.4429425e-07 0)
(0.0025113779 -2.5721757e-07 0)
(0.0025113422 -2.6046427e-07 0)
(0.0025113081 -2.5654679e-07 0)
(0.0025112759 -2.4747867e-07 0)
(0.0025112459 -2.3485921e-07 0)
(0.0025112182 -2.1994556e-07 0)
(0.0025111929 -2.0371379e-07 0)
(0.00251117 -1.8691047e-07 0)
(0.0025111494 -1.7009602e-07 0)
(0.002511131 -1.5368093e-07 0)
(0.0025111146 -1.3795599e-07 0)
(0.0025111002 -1.2311728e-07 0)
(0.0025110875 -1.0928677e-07 0)
(0.0025110764 -9.6529243e-08 0)
(0.0025110667 -8.4866027e-08 0)
(0.0025110583 -7.4286131e-08 0)
(0.0025110511 -6.475518e-08 0)
(0.002511045 -5.6222515e-08 0)
(0.0025110397 -4.8626798e-08 0)
(0.0025110352 -4.1900366e-08 0)
(0.0025110314 -3.5972579e-08 0)
(0.0025110283 -3.0772336e-08 0)
(0.0025110256 -2.6229934e-08 0)
(0.0025110234 -2.2278392e-08 0)
(0.0025110216 -1.8854353e-08 0)
(0.0025110201 -1.5898659e-08 0)
(0.0025110188 -1.3356663e-08 0)
(0.0025110178 -1.1178357e-08 0)
(0.0025110171 -9.3183405e-09 0)
(0.0025110164 -7.7356978e-09 0)
(0.0025110159 -6.3937872e-09 0)
(0.0025110156 -5.2599891e-09 0)
(0.0025110153 -4.3054211e-09 0)
(0.0025110151 -3.5046383e-09 0)
(0.0025110149 -2.8353301e-09 0)
(0.0025110148 -2.278021e-09 0)
(0.0025110147 -1.8157834e-09 0)
(0.0025110147 -1.4339639e-09 0)
(0.0025110147 -1.1199282e-09 0)
(0.0025110147 -8.6282488e-10 0)
(0.0025110147 -6.5336855e-10 0)
(0.0025110147 -4.8364349e-10 0)
(0.0025110147 -3.469261e-10 0)
(0.0025110148 -2.3752612e-10 0)
(0.0025110148 -1.5064517e-10 0)
(0.0025110148 -8.2251602e-11 0)
(0.0025110149 -2.8970247e-11 0)
(0.0025110149 1.2014103e-11 0)
(0.0025110149 4.304091e-11 0)
(0.002511015 6.6046951e-11 0)
(0.002511015 8.2629466e-11 0)
(0.002511015 9.4100482e-11 0)
(0.002511015 1.0153337e-10 0)
(0.0025110151 1.0580256e-10 0)
(0.0025110151 1.0761729e-10 0)
(0.0025110151 1.0755021e-10 0)
(0.0025110151 1.060614e-10 0)
(0.0025110151 1.0351864e-10 0)
(0.0025110151 1.0021427e-10 0)
(0.0025110151 9.6379301e-11 0)
(0.0025110151 9.2195034e-11 0)
(0.0025110151 8.7802719e-11 0)
(0.0025110151 8.331146e-11 0)
(0.0025110151 7.8804681e-11 0)
(0.0025110151 7.4345405e-11 0)
(0.0025110151 6.998052e-11 0)
(0.0025110151 6.5744224e-11 0)
(0.0025110151 6.1660782e-11 0)
(0.0025110151 5.7746732e-11 0)
(0.0025110151 5.4012622e-11 0)
(0.0025110151 5.0464385e-11 0)
(0.0025110151 4.7104414e-11 0)
(0.0025110151 4.393238e-11 0)
(0.0025110151 4.0945878e-11 0)
(0.0025110151 3.8140896e-11 0)
(0.0025110151 3.551218e-11 0)
(0.0025110151 3.3053488e-11 0)
(0.0025110151 3.0757767e-11 0)
(0.0025110151 2.8617277e-11 0)
(0.0025110151 2.6623658e-11 0)
(0.0025110151 2.4767969e-11 0)
(0.0025110151 2.3040685e-11 0)
(0.0025110151 2.1431682e-11 0)
(0.0025110151 1.9930198e-11 0)
(0.0025110151 1.8524782e-11 0)
(0.0025110151 1.7203239e-11 0)
(0.0025110151 1.5952562e-11 0)
(0.0025110151 1.4758873e-11 0)
(0.0025110151 1.3607359e-11 0)
(0.0025110151 1.2482227e-11 0)
(0.0025110151 1.136666e-11 0)
(0.0025110151 1.0242812e-11 0)
(0.0025110151 9.0918115e-12 0)
(0.0025110151 7.893819e-12 0)
(0.0025110151 6.6281222e-12 0)
(0.0025110151 5.2732945e-12 0)
(0.0025110151 3.8074205e-12 0)
(0.0025110151 2.2084086e-12 0)
(0.0025110151 4.5440481e-13 0)
(0.0025110151 -1.4756771e-12 0)
(0.0025110151 -3.6014866e-12 0)
(0.0025110151 -5.9404199e-12 0)
(0.0025110151 -8.5066218e-12 0)
(0.0025110151 -1.1309797e-11 0)
(0.0025110151 -1.4353805e-11 0)
(0.0025110151 -1.7635026e-11 0)
(0.0025110151 -2.114047e-11 0)
(0.0025110151 -2.4845635e-11 0)
(0.0025110151 -2.8712074e-11 0)
(0.0025110151 -3.2684698e-11 0)
(0.0025110151 -3.6688798e-11 0)
(0.0025110151 -4.0626804e-11 0)
(0.0025110151 -4.43748e-11 0)
(0.0025110151 -4.7778847e-11 0)
(0.0025110151 -5.0651139e-11 0)
(0.0025110151 -5.2766089e-11 0)
(0.0025110151 -5.3856429e-11 0)
(0.0025110151 -5.3609441e-11 0)
(0.0025110151 -5.1663464e-11 0)
(0.0025110151 -4.7604856e-11 0)
(0.0025110151 -4.0965627e-11 0)
(0.0025110151 -3.1221983e-11 0)
(0.0025110151 -1.7794071e-11 0)
(0.0025110152 -4.7256607e-14 0)
(0.0025110152 2.2704698e-11 0)
(0.0025110152 5.1194123e-11 0)
(0.0025110153 8.6191144e-11 0)
(0.0025110153 1.2849207e-10 0)
(0.0025110154 1.7890391e-10 0)
(0.0025110155 2.3822439e-10 0)
(0.0025110155 3.0721685e-10 0)
(0.0025110156 3.8657928e-10 0)
(0.0025110158 4.7690677e-10 0)
(0.0025110159 5.7864665e-10 0)
(0.002511016 6.9204554e-10 0)
(0.0025110162 8.1708736e-10 0)
(0.0025110164 9.5342184e-10 0)
(0.0025110166 1.1002823e-09 0)
(0.0025110169 1.2563918e-09 0)
(0.0025110171 1.4198559e-09 0)
(0.0025110174 1.5880401e-09 0)
(0.0025110178 1.7574312e-09 0)
(0.0025110181 1.9234796e-09 0)
(0.0025110185 2.0804175e-09 0)
(0.0025110189 2.2210016e-09 0)
(0.0025110193 2.3362645e-09 0)
(0.0025110198 2.4154733e-09 0)
(0.0025110202 2.4466824e-09 0)
(0.0025110208 2.3903524e-09 0)
(0.0018048538 3.1644262e-05 0)
(0.0018184129 8.9425178e-05 0)
(0.0018443741 0.00013982413 0)
(0.0018802162 0.00018153366 0)
(0.0019232557 0.00021393334 0)
(0.001971129 0.00023701216 0)
(0.0020216362 0.00025127472 0)
(0.0020728805 0.00025760822 0)
(0.0021233277 0.00025713937 0)
(0.0021718108 0.00025110367 0)
(0.0022175035 0.00024073897 0)
(0.0022598753 0.00022720783 0)
(0.0022986394 0.00021154776 0)
(0.0023336986 0.00019464527 0)
(0.0023650976 0.00017722829 0)
(0.0023929806 0.00015987158 0)
(0.0024175575 0.00014301017 0)
(0.0024390776 0.00012695726 0)
(0.002457809 0.00011192359 0)
(0.0024740244 9.8036497e-05 0)
(0.0024879907 8.5357528e-05 0)
(0.0024999622 7.3897928e-05 0)
(0.0025101768 6.3631837e-05 0)
(0.0025188534 5.4507202e-05 0)
(0.0025261908 4.6454553e-05 0)
(0.0025323681 3.939391e-05 0)
(0.0025375453 3.3240072e-05 0)
(0.002541864 2.7906572e-05 0)
(0.0025454491 2.3308537e-05 0)
(0.0025484099 1.9364673e-05 0)
(0.0025508417 1.5998571e-05 0)
(0.0025528271 1.3139485e-05 0)
(0.0025544375 1.0722719e-05 0)
(0.0025557343 8.6897208e-06 0)
(0.0025567699 6.9879698e-06 0)
(0.0025575892 5.5707215e-06 0)
(0.0025582303 4.3966602e-06 0)
(0.0025587253 3.4294971e-06 0)
(0.0025591013 2.6375414e-06 0)
(0.002559381 1.9932648e-06 0)
(0.0025595835 1.4728755e-06 0)
(0.0025597246 1.0559095e-06 0)
(0.0025598171 7.2484639e-07 0)
(0.0025598719 4.647547e-07 0)
(0.0025598978 2.6296605e-07 0)
(0.0025599019 1.0878073e-07 0)
(0.0025598898 -6.7970161e-09 0)
(0.0025598663 -9.1294971e-08 0)
(0.0025598349 -1.5098199e-07 0)
(0.0025597986 -1.9105201e-07 0)
(0.0025597595 -2.1578519e-07 0)
(0.0025597193 -2.2868831e-07 0)
(0.0025596793 -2.3261644e-07 0)
(0.0025596405 -2.2987798e-07 0)
(0.0025596034 -2.2232494e-07 0)
(0.0025595685 -2.114301e-07 0)
(0.0025595361 -1.983528e-07 0)
(0.0025595063 -1.8399471e-07 0)
(0.0025594791 -1.6904695e-07 0)
(0.0025594545 -1.5402972e-07 0)
(0.0025594325 -1.3932543e-07 0)
(0.0025594128 -1.2520634e-07 0)
(0.0025593953 -1.1185748e-07 0)
(0.0025593798 -9.9395538e-08 0)
(0.0025593663 -8.7884311e-08 0)
(0.0025593545 -7.7347377e-08 0)
(0.0025593442 -6.7778288e-08 0)
(0.0025593353 -5.9148792e-08 0)
(0.0025593277 -5.1415364e-08 0)
(0.0025593211 -4.4524375e-08 0)
(0.0025593156 -3.8416104e-08 0)
(0.0025593108 -3.3027834e-08 0)
(0.0025593068 -2.8296189e-08 0)
(0.0025593034 -2.4158851e-08 0)
(0.0025593006 -2.0555806e-08 0)
(0.0025592983 -1.7430184e-08 0)
(0.0025592964 -1.4728806e-08 0)
(0.0025592948 -1.2402492e-08 0)
(0.0025592935 -1.0406186e-08 0)
(0.0025592924 -8.69895e-09 0)
(0.0025592916 -7.2438562e-09 0)
(0.0025592909 -6.0078105e-09 0)
(0.0025592904 -4.96133e-09 0)
(0.00255929 -4.0782916e-09 0)
(0.0025592897 -3.3356651e-09 0)
(0.0025592895 -2.713243e-09 0)
(0.0025592893 -2.1933732e-09 0)
(0.0025592892 -1.7607007e-09 0)
(0.0025592891 -1.4019226e-09 0)
(0.0025592891 -1.1055587e-09 0)
(0.0025592891 -8.6173902e-10 0)
(0.0025592891 -6.6200866e-10 0)
(0.0025592891 -4.9915094e-10 0)
(0.0025592891 -3.6702753e-10 0)
(0.0025592891 -2.6043529e-10 0)
(0.0025592891 -1.7497879e-10 0)
(0.0025592892 -1.0695741e-10 0)
(0.0025592892 -5.3265929e-11 0)
(0.0025592892 -1.1307432e-11 0)
(0.0025592893 2.108268e-11 0)
(0.0025592893 4.5702647e-11 0)
(0.0025592893 6.4041364e-11 0)
(0.0025592894 7.7327453e-11 0)
(0.0025592894 8.6571331e-11 0)
(0.0025592894 9.2601118e-11 0)
(0.0025592894 9.6093181e-11 0)
(0.0025592894 9.7597992e-11 0)
(0.0025592894 9.7561954e-11 0)
(0.0025592895 9.6345739e-11 0)
(0.0025592895 9.4239643e-11 0)
(0.0025592895 9.147639e-11 0)
(0.0025592895 8.8241766e-11 0)
(0.0025592895 8.4683424e-11 0)
(0.0025592895 8.0918137e-11 0)
(0.0025592895 7.7037748e-11 0)
(0.0025592895 7.3114049e-11 0)
(0.0025592895 6.9202736e-11 0)
(0.0025592895 6.5346634e-11 0)
(0.0025592895 6.1578287e-11 0)
(0.0025592895 5.7922053e-11 0)
(0.0025592895 5.439577e-11 0)
(0.0025592895 5.1012092e-11 0)
(0.0025592895 4.7779543e-11 0)
(0.0025592895 4.4703352e-11 0)
(0.0025592895 4.1786097e-11 0)
(0.0025592895 3.9028225e-11 0)
(0.0025592895 3.6428427e-11 0)
(0.0025592895 3.3983946e-11 0)
(0.0025592895 3.1690788e-11 0)
(0.0025592895 2.9543891e-11 0)
(0.0025592895 2.753723e-11 0)
(0.0025592895 2.566389e-11 0)
(0.0025592895 2.3916114e-11 0)
(0.0025592895 2.2285311e-11 0)
(0.0025592895 2.0762053e-11 0)
(0.0025592895 1.9336055e-11 0)
(0.0025592895 1.7996143e-11 0)
(0.0025592895 1.6730212e-11 0)
(0.0025592895 1.5525182e-11 0)
(0.0025592895 1.4366951e-11 0)
(0.0025592895 1.3240355e-11 0)
(0.0025592895 1.2129139e-11 0)
(0.0025592895 1.101594e-11 0)
(0.0025592895 9.8822963e-12 0)
(0.0025592895 8.7086841e-12 0)
(0.0025592895 7.4745963e-12 0)
(0.0025592895 6.1586722e-12 0)
(0.0025592895 4.7388859e-12 0)
(0.0025592895 3.1928082e-12 0)
(0.0025592895 1.4979638e-12 0)
(0.0025592895 -3.6771496e-13 0)
(0.0025592895 -2.4253089e-12 0)
(0.0025592895 -4.6941978e-12 0)
(0.0025592895 -7.1911885e-12 0)
(0.0025592895 -9.9294669e-12 0)
(0.0025592895 -1.2917361e-11 0)
(0.0025592895 -1.6156887e-11 0)
(0.0025592894 -1.9642079e-11 0)
(0.0025592894 -2.335707e-11 0)
(0.0025592894 -2.7273929e-11 0)
(0.0025592894 -3.1350242e-11 0)
(0.0025592894 -3.552644e-11 0)
(0.0025592894 -3.9722886e-11 0)
(0.0025592894 -4.3836742e-11 0)
(0.0025592894 -4.7738633e-11 0)
(0.0025592894 -5.1269186e-11 0)
(0.0025592894 -5.4235463e-11 0)
(0.0025592894 -5.6407418e-11 0)
(0.0025592894 -5.7514441e-11 0)
(0.0025592895 -5.7242153e-11 0)
(0.0025592895 -5.522958e-11 0)
(0.0025592895 -5.1066912e-11 0)
(0.0025592895 -4.4294072e-11 0)
(0.0025592895 -3.4400327e-11 0)
(0.0025592895 -2.0825258e-11 0)
(0.0025592896 -2.9614126e-12 0)
(0.0025592896 1.9840989e-11 0)
(0.0025592897 4.826687e-11 0)
(0.0025592897 8.3026176e-11 0)
(0.0025592898 1.2484032e-10 0)
(0.0025592899 1.7442466e-10 0)
(0.00255929 2.3246636e-10 0)
(0.0025592901 2.9959715e-10 0)
(0.0025592902 3.7636021e-10 0)
(0.0025592904 4.6317054e-10 0)
(0.0025592906 5.6026817e-10 0)
(0.0025592908 6.6766348e-10 0)
(0.002559291 7.8507392e-10 0)
(0.0025592912 9.1185138e-10 0)
(0.0025592915 1.046899e-09 0)
(0.0025592918 1.1885759e-09 0)
(0.0025592922 1.3345884e-09 0)
(0.0025592926 1.481865e-09 0)
(0.002559293 1.6264151e-09 0)
(0.0025592934 1.7631623e-09 0)
(0.0025592939 1.8857055e-09 0)
(0.0025592944 1.9860875e-09 0)
(0.0025592949 2.0547521e-09 0)
(0.0025592954 2.0810222e-09 0)
(0.0025592961 2.0288726e-09 0)
(0.001804803 2.6372491e-05 0)
(0.0018177993 7.4701261e-05 0)
(0.0018428696 0.00011708826 0)
(0.0018777631 0.00015244235 0)
(0.0019200561 0.0001802059 0)
(0.0019675809 0.00020030356 0)
(0.0020182665 0.00021307894 0)
(0.0020702727 0.00021919765 0)
(0.0021220574 0.00021953813 0)
(0.0021723957 0.00021508814 0)
(0.0022203705 0.0002068572 0)
(0.0022653446 0.0001958099 0)
(0.0023069209 0.00018282069 0)
(0.0023448986 0.00016864787 0)
(0.0023792316 0.00015392317 0)
(0.0024099891 0.00013915273 0)
(0.0024373229 0.00012472573 0)
(0.00246144 0.00011092753 0)
(0.0024825806 9.7954809e-05 0)
(0.0025010014 8.593105e-05 0)
(0.0025169633 7.4921188e-05 0)
(0.0025307222 6.4944794e-05 0)
(0.002542523 5.5987485e-05 0)
(0.0025525955 4.8010497e-05 0)
(0.0025611522 4.0958483e-05 0)
(0.0025683871 3.4765719e-05 0)
(0.0025744755 2.9360918e-05 0)
(0.0025795745 2.4670863e-05 0)
(0.0025838237 2.0623069e-05 0)
(0.0025873465 1.7147662e-05 0)
(0.002590251 1.4178638e-05 0)
(0.0025926319 1.1654646e-05 0)
(0.0025945711 9.5193991e-06 0)
(0.0025961395 7.7218226e-06 0)
(0.0025973983 6.216001e-06 0)
(0.0025983995 4.9609937e-06 0)
(0.0025991879 3.9205575e-06 0)
(0.0025998011 3.062816e-06 0)
(0.0026002711 2.3598984e-06 0)
(0.0026006248 1.7875702e-06 0)
(0.0026008848 1.3248668e-06 0)
(0.0026010698 9.5374078e-07 0)
(0.0026011953 6.5872961e-07 0)
(0.0026012743 4.2664602e-07 0)
(0.0026013173 2.4629437e-07 0)
(0.0026013329 1.0821289e-07 0)
(0.002601328 4.4418408e-09 0)
(0.0026013082 -7.1683577e-08 0)
(0.002601278 -1.2571685e-07 0)
(0.0026012409 -1.6226202e-07 0)
(0.0026011997 -1.8511552e-07 0)
(0.0026011565 -1.973899e-07 0)
(0.0026011128 -2.0162109e-07 0)
(0.0026010699 -1.998611e-07 0)
(0.0026010286 -1.9375771e-07 0)
(0.0026009894 -1.8462261e-07 0)
(0.0026009528 -1.7348958e-07 0)
(0.002600919 -1.6116379e-07 0)
(0.002600888 -1.4826351e-07 0)
(0.0026008599 -1.3525512e-07 0)
(0.0026008346 -1.2248254e-07 0)
(0.0026008119 -1.1019166e-07 0)
(0.0026007917 -9.8550675e-08 0)
(0.0026007738 -8.7666808e-08 0)
(0.0026007581 -7.7600083e-08 0)
(0.0026007443 -6.8374523e-08 0)
(0.0026007323 -5.9987228e-08 0)
(0.0026007219 -5.2415679e-08 0)
(0.0026007129 -4.5623555e-08 0)
(0.0026007052 -3.9565333e-08 0)
(0.0026006986 -3.4189869e-08 0)
(0.002600693 -2.9443162e-08 0)
(0.0026006882 -2.527044e-08 0)
(0.0026006842 -2.161771e-08 0)
(0.0026006809 -1.8432866e-08 0)
(0.0026006781 -1.5666459e-08 0)
(0.0026006757 -1.3272192e-08 0)
(0.0026006738 -1.1207202e-08 0)
(0.0026006722 -9.4321896e-09 0)
(0.002600671 -7.9114173e-09 0)
(0.0026006699 -6.612626e-09 0)
(0.0026006691 -5.5068873e-09 0)
(0.0026006684 -4.5684134e-09 0)
(0.0026006679 -3.7743405e-09 0)
(0.0026006675 -3.1044996e-09 0)
(0.0026006672 -2.5411816e-09 0)
(0.002600667 -2.0689059e-09 0)
(0.0026006669 -1.6741958e-09 0)
(0.0026006667 -1.3453658e-09 0)
(0.0026006667 -1.0723214e-09 0)
(0.0026006666 -8.4637454e-10 0)
(0.0026006666 -6.600734e-10 0)
(0.0026006666 -5.0704838e-10 0)
(0.0026006666 -3.8187275e-10 0)
(0.0026006666 -2.7993788e-10 0)
(0.0026006667 -1.9734212e-10 0)
(0.0026006667 -1.3079246e-10 0)
(0.0026006667 -7.7517797e-11 0)
(0.0026006668 -3.5193081e-11 0)
(0.0026006668 -1.8730461e-12 0)
(0.0026006668 2.4065272e-11 0)
(0.0026006669 4.3972247e-11 0)
(0.0026006669 5.8968458e-11 0)
(0.0026006669 6.9981382e-11 0)
(0.0026006669 7.7776732e-11 0)
(0.002600667 8.2985129e-11 0)
(0.002600667 8.6124699e-11 0)
(0.002600667 8.7620167e-11 0)
(0.002600667 8.7818917e-11 0)
(0.002600667 8.7004468e-11 0)
(0.002600667 8.5407724e-11 0)
(0.002600667 8.321635e-11 0)
(0.002600667 8.0582554e-11 0)
(0.002600667 7.7629516e-11 0)
(0.002600667 7.4456697e-11 0)
(0.002600667 7.1144201e-11 0)
(0.002600667 6.7756349e-11 0)
(0.0026006671 6.4344595e-11 0)
(0.0026006671 6.0949912e-11 0)
(0.0026006671 5.7604718e-11 0)
(0.0026006671 5.4334451e-11 0)
(0.0026006671 5.1158828e-11 0)
(0.0026006671 4.8092874e-11 0)
(0.0026006671 4.5147737e-11 0)
(0.0026006671 4.2331354e-11 0)
(0.0026006671 3.9648971e-11 0)
(0.0026006671 3.7103568e-11 0)
(0.0026006671 3.4696188e-11 0)
(0.0026006671 3.2426199e-11 0)
(0.0026006671 3.0291492e-11 0)
(0.002600667 2.828864e-11 0)
(0.002600667 2.6413005e-11 0)
(0.002600667 2.4658826e-11 0)
(0.002600667 2.3019265e-11 0)
(0.002600667 2.148644e-11 0)
(0.002600667 2.0051435e-11 0)
(0.002600667 1.8704296e-11 0)
(0.002600667 1.7434011e-11 0)
(0.002600667 1.6228489e-11 0)
(0.002600667 1.5074529e-11 0)
(0.002600667 1.3957788e-11 0)
(0.002600667 1.2862756e-11 0)
(0.002600667 1.1772746e-11 0)
(0.002600667 1.0669885e-11 0)
(0.002600667 9.5351413e-12 0)
(0.002600667 8.3483817e-12 0)
(0.002600667 7.088462e-12 0)
(0.002600667 5.7333737e-12 0)
(0.002600667 4.2604497e-12 0)
(0.002600667 2.6466484e-12 0)
(0.002600667 8.6892178e-13 0)
(0.002600667 -1.0953118e-12 0)
(0.002600667 -3.2675741e-12 0)
(0.002600667 -5.6676024e-12 0)
(0.002600667 -8.31247e-12 0)
(0.002600667 -1.121554e-11 0)
(0.002600667 -1.4385236e-11 0)
(0.002600667 -1.782361e-11 0)
(0.002600667 -2.1524705e-11 0)
(0.002600667 -2.5472696e-11 0)
(0.002600667 -2.9639797e-11 0)
(0.002600667 -3.3983955e-11 0)
(0.002600667 -3.8446309e-11 0)
(0.002600667 -4.2948469e-11 0)
(0.002600667 -4.7389588e-11 0)
(0.002600667 -5.1643324e-11 0)
(0.002600667 -5.5554694e-11 0)
(0.002600667 -5.8936927e-11 0)
(0.002600667 -6.156838e-11 0)
(0.002600667 -6.3189644e-11 0)
(0.002600667 -6.3500966e-11 0)
(0.002600667 -6.2160142e-11 0)
(0.002600667 -5.878109e-11 0)
(0.0026006671 -5.2933298e-11 0)
(0.0026006671 -4.4142413e-11 0)
(0.0026006671 -3.1892258e-11 0)
(0.0026006672 -1.5628585e-11 0)
(0.0026006672 5.2350529e-12 0)
(0.0026006673 3.1308943e-11 0)
(0.0026006674 6.3215913e-11 0)
(0.0026006675 1.0157664e-10 0)
(0.0026006676 1.4699102e-10 0)
(0.0026006677 2.000152e-10 0)
(0.0026006679 2.6113351e-10 0)
(0.002600668 3.3072489e-10 0)
(0.0026006682 4.090232e-10 0)
(0.0026006685 4.9607071e-10 0)
(0.0026006687 5.916643e-10 0)
(0.002600669 6.9529356e-10 0)
(0.0026006693 8.060698e-10 0)
(0.0026006697 9.2264449e-10 0)
(0.0026006701 1.0431155e-09 0)
(0.0026006705 1.1649193e-09 0)
(0.002600671 1.2847081e-09 0)
(0.0026006715 1.3982028e-09 0)
(0.002600672 1.4999802e-09 0)
(0.0026006726 1.583264e-09 0)
(0.0026006732 1.6398782e-09 0)
(0.0026006737 1.6606965e-09 0)
(0.0026006745 1.6141173e-09 0)
(0.0018047633 2.1310097e-05 0)
(0.001817311 6.0474954e-05 0)
(0.0018416624 9.497606e-05 0)
(0.0018757757 0.0001239322 0)
(0.0019174318 0.00014686833 0)
(0.0019646222 0.00016368199 0)
(0.0020153856 0.00017460126 0)
(0.0020679366 0.00018011526 0)
(0.0021207363 0.00018089273 0)
(0.0021725218 0.00017770232 0)
(0.0022223092 0.00017134305 0)
(0.0022693784 0.00016258952 0)
(0.0023132438 0.00015215318 0)
(0.0023536198 0.0001406586 0)
(0.0023903835 0.00012863226 0)
(0.0024235397 0.00011650103 0)
(0.0024531887 0.00010459726 0)
(0.002479499 9.3168169e-05 0)
(0.0025026843 8.2387267e-05 0)
(0.0025229854 7.2366505e-05 0)
(0.0025406555 6.3168051e-05 0)
(0.0025559498 5.4815065e-05 0)
(0.0025691176 4.7301184e-05 0)
(0.0025803966 4.059855e-05 0)
(0.00259001 3.4664449e-05 0)
(0.0025981635 2.9446625e-05 0)
(0.0026050452 2.4887449e-05 0)
(0.0026108248 2.092709e-05 0)
(0.0026156544 1.7505867e-05 0)
(0.0026196691 1.4565927e-05 0)
(0.0026229883 1.2052383e-05 0)
(0.0026257165 9.9140411e-06 0)
(0.0026279449 8.103806e-06 0)
(0.0026297528 6.5788443e-06 0)
(0.0026312085 5.3005781e-06 0)
(0.0026323706 4.2345542e-06 0)
(0.0026332894 3.3502319e-06 0)
(0.0026340075 2.6207188e-06 0)
(0.0026345611 2.0224788e-06 0)
(0.0026349808 1.5350282e-06 0)
(0.0026352922 1.1406336e-06 0)
(0.0026355167 8.2401847e-07 0)
(0.002635672 5.7208612e-07 0)
(0.0026357729 3.7366046e-07 0)
(0.0026358316 2.1924815e-07 0)
(0.0026358578 1.0082196e-07 0)
(0.0026358596 1.1625632e-08 0)
(0.0026358435 -5.4000717e-08 0)
(0.0026358148 -1.0077551e-07 0)
(0.0026357774 -1.3261243e-07 0)
(0.0026357346 -1.5274031e-07 0)
(0.0026356889 -1.6380778e-07 0)
(0.0026356422 -1.6797409e-07 0)
(0.0026355959 -1.6698755e-07 0)
(0.002635551 -1.6225308e-07 0)
(0.0026355082 -1.5489003e-07 0)
(0.0026354681 -1.4578142e-07 0)
(0.0026354308 -1.3561583e-07 0)
(0.0026353966 -1.2492276e-07 0)
(0.0026353654 -1.1410241e-07 0)
(0.0026353372 -1.0345063e-07 0)
(0.0026353119 -9.3179689e-08 0)
(0.0026352894 -8.3435577e-08 0)
(0.0026352694 -7.4312212e-08 0)
(0.0026352518 -6.5863152e-08 0)
(0.0026352363 -5.8111135e-08 0)
(0.0026352228 -5.1055804e-08 0)
(0.0026352111 -4.4679931e-08 0)
(0.0026352009 -3.8954378e-08 0)
(0.0026351922 -3.3842013e-08 0)
(0.0026351847 -2.9300775e-08 0)
(0.0026351784 -2.5286031e-08 0)
(0.0026351729 -2.1752363e-08 0)
(0.0026351684 -1.8654896e-08 0)
(0.0026351645 -1.595025e-08 0)
(0.0026351613 -1.3597203e-08 0)
(0.0026351586 -1.1557122e-08 0)
(0.0026351564 -9.794208e-09 0)
(0.0026351546 -8.2756166e-09 0)
(0.0026351531 -6.9714611e-09 0)
(0.0026351519 -5.854749e-09 0)
(0.0026351509 -4.9012616e-09 0)
(0.0026351501 -4.0893979e-09 0)
(0.0026351495 -3.3999959e-09 0)
(0.0026351491 -2.8161418e-09 0)
(0.0026351487 -2.3229749e-09 0)
(0.0026351484 -1.907495e-09 0)
(0.0026351482 -1.5583749e-09 0)
(0.0026351481 -1.2657833e-09 0)
(0.002635148 -1.0212178e-09 0)
(0.0026351479 -8.1735053e-10 0)
(0.0026351479 -6.4788669e-10 0)
(0.0026351479 -5.0743584e-10 0)
(0.0026351479 -3.9139575e-10 0)
(0.0026351479 -2.9584837e-10 0)
(0.0026351479 -2.174673e-10 0)
(0.0026351479 -1.5343578e-10 0)
(0.002635148 -1.0137455e-10 0)
(0.002635148 -5.9278634e-11 0)
(0.002635148 -2.5462246e-11 0)
(0.0026351481 1.4890817e-12 0)
(0.0026351481 2.2759847e-11 0)
(0.0026351481 3.934018e-11 0)
(0.0026351481 5.2056385e-11 0)
(0.0026351482 6.1597026e-11 0)
(0.0026351482 6.8535143e-11 0)
(0.0026351482 7.3347092e-11 0)
(0.0026351482 7.6428482e-11 0)
(0.0026351482 7.8107604e-11 0)
(0.0026351483 7.8656721e-11 0)
(0.0026351483 7.8301514e-11 0)
(0.0026351483 7.7228988e-11 0)
(0.0026351483 7.5594054e-11 0)
(0.0026351483 7.3524994e-11 0)
(0.0026351483 7.1128007e-11 0)
(0.0026351483 6.8490959e-11 0)
(0.0026351483 6.5686493e-11 0)
(0.0026351483 6.2774587e-11 0)
(0.0026351483 5.9804662e-11 0)
(0.0026351483 5.6817329e-11 0)
(0.0026351483 5.3845813e-11 0)
(0.0026351483 5.0917134e-11 0)
(0.0026351483 4.8053079e-11 0)
(0.0026351483 4.5270993e-11 0)
(0.0026351483 4.2584443e-11 0)
(0.0026351483 4.0003755e-11 0)
(0.0026351483 3.753646e-11 0)
(0.0026351483 3.5187657e-11 0)
(0.0026351483 3.2960313e-11 0)
(0.0026351483 3.0855508e-11 0)
(0.0026351483 2.8872625e-11 0)
(0.0026351483 2.7009511e-11 0)
(0.0026351483 2.5262596e-11 0)
(0.0026351483 2.3626985e-11 0)
(0.0026351483 2.2096525e-11 0)
(0.0026351483 2.0663842e-11 0)
(0.0026351483 1.9320377e-11 0)
(0.0026351483 1.8056386e-11 0)
(0.0026351483 1.6860938e-11 0)
(0.0026351483 1.5721903e-11 0)
(0.0026351483 1.4625932e-11 0)
(0.0026351483 1.3558436e-11 0)
(0.0026351483 1.2503572e-11 0)
(0.0026351483 1.1444229e-11 0)
(0.0026351483 1.0362034e-11 0)
(0.0026351483 9.2373859e-12 0)
(0.0026351483 8.0495029e-12 0)
(0.0026351483 6.7765218e-12 0)
(0.0026351483 5.3956386e-12 0)
(0.0026351483 3.8833116e-12 0)
(0.0026351483 2.2155306e-12 0)
(0.0026351483 3.6817118e-13 0)
(0.0026351483 -1.6825509e-12 0)
(0.0026351483 -3.9595188e-12 0)
(0.0026351483 -6.4840264e-12 0)
(0.0026351483 -9.2749509e-12 0)
(0.0026351483 -1.234777e-11 0)
(0.0026351483 -1.5713408e-11 0)
(0.0026351483 -1.9376911e-11 0)
(0.0026351483 -2.3335928e-11 0)
(0.0026351483 -2.7578995e-11 0)
(0.0026351483 -3.2083626e-11 0)
(0.0026351483 -3.6814211e-11 0)
(0.0026351483 -4.1719737e-11 0)
(0.0026351483 -4.6731335e-11 0)
(0.0026351483 -5.1759704e-11 0)
(0.0026351483 -5.6692442e-11 0)
(0.0026351483 -6.139134e-11 0)
(0.0026351483 -6.5689709e-11 0)
(0.0026351483 -6.9389834e-11 0)
(0.0026351483 -7.2260657e-11 0)
(0.0026351483 -7.4035821e-11 0)
(0.0026351483 -7.4412228e-11 0)
(0.0026351483 -7.3049297e-11 0)
(0.0026351484 -6.9569109e-11 0)
(0.0026351484 -6.355769e-11 0)
(0.0026351485 -5.456769e-11 0)
(0.0026351485 -4.2122751e-11 0)
(0.0026351486 -2.572389e-11 0)
(0.0026351487 -4.8582552e-12 0)
(0.0026351488 2.0989367e-11 0)
(0.0026351489 5.2321867e-11 0)
(0.002635149 8.9611537e-11 0)
(0.0026351492 1.3327772e-10 0)
(0.0026351494 1.8365995e-10 0)
(0.0026351496 2.4098604e-10 0)
(0.0026351499 3.0533469e-10 0)
(0.0026351501 3.7659208e-10 0)
(0.0026351505 4.544018e-10 0)
(0.0026351508 5.3810728e-10 0)
(0.0026351512 6.2668534e-10 0)
(0.0026351516 7.1866939e-10 0)
(0.0026351521 8.1206081e-10 0)
(0.0026351526 9.0422713e-10 0)
(0.0026351532 9.9177861e-10 0)
(0.0026351538 1.0703868e-09 0)
(0.0026351544 1.1346084e-09 0)
(0.002635155 1.1778513e-09 0)
(0.0026351556 1.1927087e-09 0)
(0.0026351565 1.1529513e-09 0)
(0.0018047331 1.6411876e-05 0)
(0.0018169347 4.6642373e-05 0)
(0.0018407256 7.3363749e-05 0)
(0.0018742218 9.5898297e-05 0)
(0.0019153605 0.00011386642 0)
(0.001962257 0.00012716505 0)
(0.0020130393 0.00013594044 0)
(0.0020659697 0.00014053979 0)
(0.0021195182 0.00014145276 0)
(0.0021723977 0.00013925255 0)
(0.0022235767 0.00013454338 0)
(0.0022722728 0.00012791787 0)
(0.0023179326 0.00011992607 0)
(0.002360203 0.00011105557 0)
(0.0023988999 0.00010172128 0)
(0.002433975 9.2262703e-05 0)
(0.0024654858 8.2946803e-05 0)
(0.002493568 7.39743e-05 0)
(0.0025184122 6.5487999e-05 0)
(0.0025402443 5.7581857e-05 0)
(0.00255931 5.0309978e-05 0)
(0.0025758623 4.3694972e-05 0)
(0.0025901531 3.7735393e-05 0)
(0.0026024258 3.2412113e-05 0)
(0.0026129112 2.7693621e-05 0)
(0.0026218243 2.3540317e-05 0)
(0.0026293631 1.9907887e-05 0)
(0.0026357074 1.6749903e-05 0)
(0.0026410193 1.4019756e-05 0)
(0.0026454434 1.1672053e-05 0)
(0.0026491081 9.6635745e-06 0)
(0.0026521261 7.9538947e-06 0)
(0.0026545963 6.5057393e-06 0)
(0.0026566045 5.2851447e-06 0)
(0.0026582251 4.2614741e-06 0)
(0.0026595222 3.4073315e-06 0)
(0.0026605506 2.6984051e-06 0)
(0.0026613569 2.1132673e-06 0)
(0.0026619811 1.6331498e-06 0)
(0.0026624565 1.2417067e-06 0)
(0.0026628114 9.2477787e-07 0)
(0.0026630693 6.7015863e-07 0)
(0.00266325 4.6738024e-07 0)
(0.0026633697 3.0750521e-07 0)
(0.0026634418 1.8293852e-07 0)
(0.0026634773 8.7255505e-08 0)
(0.0026634851 1.5046665e-08 0)
(0.0026634724 -3.8221363e-08 0)
(0.0026634451 -7.6329277e-08 0)
(0.0026634076 -1.0241415e-07 0)
(0.0026633637 -1.1906512e-07 0)
(0.0026633161 -1.2840695e-07 0)
(0.002663267 -1.3217258e-07 0)
(0.002663218 -1.3176588e-07 0)
(0.0026631702 -1.283156e-07 0)
(0.0026631245 -1.2272162e-07 0)
(0.0026630815 -1.1569443e-07 0)
(0.0026630414 -1.0778857e-07 0)
(0.0026630045 -9.9430987e-08 0)
(0.0026629708 -9.0944887e-08 0)
(0.0026629403 -8.2569691e-08 0)
(0.0026629129 -7.4477716e-08 0)
(0.0026628884 -6.6788003e-08 0)
(0.0026628667 -5.9577737e-08 0)
(0.0026628475 -5.2891623e-08 0)
(0.0026628306 -4.6749539e-08 0)
(0.0026628159 -4.1152737e-08 0)
(0.002662803 -3.6088833e-08 0)
(0.0026627919 -3.153579e-08 0)
(0.0026627824 -2.7465064e-08 0)
(0.0026627741 -2.3844066e-08 0)
(0.0026627671 -2.0638054e-08 0)
(0.0026627612 -1.7811572e-08 0)
(0.0026627561 -1.5329516e-08 0)
(0.0026627519 -1.3157908e-08 0)
(0.0026627483 -1.1264423e-08 0)
(0.0026627453 -9.6187445e-09 0)
(0.0026627429 -8.1927647e-09 0)
(0.0026627408 -6.9606798e-09 0)
(0.0026627392 -5.8990013e-09 0)
(0.0026627378 -4.9865062e-09 0)
(0.0026627367 -4.204145e-09 0)
(0.0026627358 -3.5349195e-09 0)
(0.0026627351 -2.963743e-09 0)
(0.0026627346 -2.4772911e-09 0)
(0.0026627342 -2.0638482e-09 0)
(0.0026627339 -1.7131566e-09 0)
(0.0026627336 -1.4162691e-09 0)
(0.0026627334 -1.1654101e-09 0)
(0.0026627333 -9.5384458e-10 0)
(0.0026627332 -7.7575716e-10 0)
(0.0026627332 -6.2614131e-10 0)
(0.0026627332 -5.0069853e-10 0)
(0.0026627332 -3.9574762e-10 0)
(0.0026627332 -3.0814339e-10 0)
(0.0026627332 -2.3520446e-10 0)
(0.0026627332 -1.7464933e-10 0)
(0.0026627333 -1.2454018e-10 0)
(0.0026627333 -8.3233713e-11 0)
(0.0026627333 -4.933825e-11 0)
(0.0026627334 -2.1676584e-11 0)
(0.0026627334 7.4615497e-13 0)
(0.0026627334 1.8770144e-11 0)
(0.0026627334 3.3104578e-11 0)
(0.0026627335 4.4347931e-11 0)
(0.0026627335 5.3005224e-11 0)
(0.0026627335 5.9502679e-11 0)
(0.0026627335 6.4200143e-11 0)
(0.0026627335 6.7401583e-11 0)
(0.0026627336 6.9363919e-11 0)
(0.0026627336 7.0304468e-11 0)
(0.0026627336 7.0407187e-11 0)
(0.0026627336 6.9827906e-11 0)
(0.0026627336 6.8698716e-11 0)
(0.0026627336 6.7131632e-11 0)
(0.0026627336 6.5221665e-11 0)
(0.0026627336 6.3049384e-11 0)
(0.0026627336 6.0683073e-11 0)
(0.0026627336 5.8180519e-11 0)
(0.0026627336 5.559053e-11 0)
(0.0026627336 5.2954199e-11 0)
(0.0026627336 5.0305975e-11 0)
(0.0026627336 4.7674561e-11 0)
(0.0026627336 4.5083677e-11 0)
(0.0026627336 4.2552707e-11 0)
(0.0026627336 4.0097243e-11 0)
(0.0026627336 3.7729557e-11 0)
(0.0026627336 3.5458988e-11 0)
(0.0026627336 3.3292284e-11 0)
(0.0026627336 3.1233881e-11 0)
(0.0026627336 2.9286145e-11 0)
(0.0026627336 2.7449563e-11 0)
(0.0026627336 2.5722916e-11 0)
(0.0026627336 2.4103403e-11 0)
(0.0026627336 2.2586744e-11 0)
(0.0026627336 2.1167261e-11 0)
(0.0026627336 1.9837935e-11 0)
(0.0026627336 1.8590435e-11 0)
(0.0026627336 1.741514e-11 0)
(0.0026627336 1.6301144e-11 0)
(0.0026627336 1.5236243e-11 0)
(0.0026627336 1.4206924e-11 0)
(0.0026627336 1.3198344e-11 0)
(0.0026627336 1.2194311e-11 0)
(0.0026627336 1.1177266e-11 0)
(0.0026627336 1.0128287e-11 0)
(0.0026627336 9.0270967e-12 0)
(0.0026627336 7.8521037e-12 0)
(0.0026627336 6.5804738e-12 0)
(0.0026627336 5.1882427e-12 0)
(0.0026627336 3.650478e-12 0)
(0.0026627336 1.9415055e-12 0)
(0.0026627336 3.5205562e-14 0)
(0.0026627336 -2.0946007e-12 0)
(0.0026627336 -4.4736769e-12 0)
(0.0026627336 -7.1267799e-12 0)
(0.0026627336 -1.0076948e-11 0)
(0.0026627336 -1.3344659e-11 0)
(0.0026627336 -1.6946837e-11 0)
(0.0026627336 -2.0895713e-11 0)
(0.0026627336 -2.5197518e-11 0)
(0.0026627336 -2.9851018e-11 0)
(0.0026627336 -3.4845879e-11 0)
(0.0026627336 -4.016088e-11 0)
(0.0026627336 -4.5761971e-11 0)
(0.0026627336 -5.1600216e-11 0)
(0.0026627336 -5.7609627e-11 0)
(0.0026627336 -6.3704946e-11 0)
(0.0026627336 -6.9779415e-11 0)
(0.0026627336 -7.5702608e-11 0)
(0.0026627336 -8.1318393e-11 0)
(0.0026627336 -8.6443131e-11 0)
(0.0026627336 -9.086422e-11 0)
(0.0026627336 -9.4339119e-11 0)
(0.0026627337 -9.6595015e-11 0)
(0.0026627337 -9.7329288e-11 0)
(0.0026627338 -9.6211003e-11 0)
(0.0026627338 -9.2883634e-11 0)
(0.0026627339 -8.6969278e-11 0)
(0.002662734 -7.8074632e-11 0)
(0.0026627341 -6.5799028e-11 0)
(0.0026627342 -4.9744846e-11 0)
(0.0026627344 -2.9530638e-11 0)
(0.0026627346 -4.8073213e-12 0)
(0.0026627348 2.4722195e-11 0)
(0.002662735 5.9279569e-11 0)
(0.0026627353 9.8983404e-11 0)
(0.0026627356 1.4381704e-10 0)
(0.0026627359 1.9359122e-10 0)
(0.0026627363 2.4790098e-10 0)
(0.0026627367 3.0607545e-10 0)
(0.0026627372 3.6711954e-10 0)
(0.0026627377 4.2964628e-10 0)
(0.0026627382 4.9179845e-10 0)
(0.0026627388 5.5115245e-10 0)
(0.0026627394 6.0457444e-10 0)
(0.0026627401 6.4808124e-10 0)
(0.0026627408 6.768113e-10 0)
(0.0026627414 6.8531436e-10 0)
(0.0026627424 6.5339437e-10 0)
(0.0018047113 1.1637151e-05 0)
(0.0018166603 3.3108021e-05 0)
(0.0018400393 5.213382e-05 0)
(0.001873077 6.8234767e-05 0)
(0.0019138236 8.1134915e-05 0)
(0.0019604855 9.0748921e-05 0)
(0.0020112578 9.7165305e-05 0)
(0.0020644412 0.00010061483 0)
(0.0021185153 0.00010143117 0)
(0.0021721787 0.0001000106 0)
(0.0022243673 9.6775254e-05 0)
(0.0022742546 9.2142881e-05 0)
(0.0023212377 8.6504273e-05 0)
(0.002364914 8.0208387e-05 0)
(0.002405053 7.3554221e-05 0)
(0.0024415664 6.6788144e-05 0)
(0.0024744783 6.0105252e-05 0)
(0.002503899 5.3653401e-05 0)
(0.0025300002 4.7538799e-05 0)
(0.0025529958 4.1832281e-05 0)
(0.0025731247 3.6575621e-05 0)
(0.0025906378 3.1787491e-05 0)
(0.002605788 2.7468794e-05 0)
(0.0026188224 2.360728e-05 0)
(0.0026299775 2.0181411e-05 0)
(0.0026394748 1.7163497e-05 0)
(0.0026475197 1.4522191e-05 0)
(0.0026542995 1.2224412e-05 0)
(0.0026599838 1.0236785e-05 0)
(0.0026647244 8.526687e-06 0)
(0.0026686564 7.062972e-06 0)
(0.0026718989 5.8164437e-06 0)
(0.0026745565 4.7601348e-06 0)
(0.0026767202 3.8694388e-06 0)
(0.002678469 3.1221336e-06 0)
(0.002679871 2.4983281e-06 0)
(0.0026809847 1.980356e-06 0)
(0.0026818599 1.5526361e-06 0)
(0.0026825391 1.2015124e-06 0)
(0.002683058 9.1508556e-07 0)
(0.002683447 6.8304263e-07 0)
(0.0026837312 4.9649117e-07 0)
(0.0026839319 3.4780091e-07 0)
(0.0026840664 2.3045557e-07 0)
(0.0026841492 1.3891597e-07 0)
(0.0026841921 6.8495282e-08 0)
(0.0026842047 1.5246184e-08 0)
(0.0026841948 -2.4140119e-08 0)
(0.0026841687 -5.2423745e-08 0)
(0.0026841314 -7.1895486e-08 0)
(0.0026840867 -8.4446498e-08 0)
(0.0026840378 -9.1629167e-08 0)
(0.0026839869 -9.4709986e-08 0)
(0.0026839359 -9.4715295e-08 0)
(0.0026838859 -9.2470632e-08 0)
(0.002683838 -8.863447e-08 0)
(0.0026837928 -8.372699e-08 0)
(0.0026837506 -7.8154517e-08 0)
(0.0026837116 -7.2230199e-08 0)
(0.002683676 -6.6191401e-08 0)
(0.0026836438 -6.0214292e-08 0)
(0.0026836147 -5.4426015e-08 0)
(0.0026835887 -4.8914776e-08 0)
(0.0026835656 -4.3738187e-08 0)
(0.0026835452 -3.8930108e-08 0)
(0.0026835273 -3.4506233e-08 0)
(0.0026835116 -3.0468615e-08 0)
(0.0026834979 -2.680931e-08 0)
(0.002683486 -2.3513282e-08 0)
(0.0026834758 -2.0560699e-08 0)
(0.002683467 -1.7928728e-08 0)
(0.0026834595 -1.5592912e-08 0)
(0.0026834531 -1.3528227e-08 0)
(0.0026834477 -1.1709852e-08 0)
(0.0026834431 -1.0113734e-08 0)
(0.0026834393 -8.7169754e-09 0)
(0.0026834361 -7.4980915e-09 0)
(0.0026834334 -6.4371564e-09 0)
(0.0026834312 -5.515874e-09 0)
(0.0026834294 -4.7175871e-09 0)
(0.0026834279 -4.0272421e-09 0)
(0.0026834267 -3.4313235e-09 0)
(0.0026834258 -2.9177669e-09 0)
(0.002683425 -2.475859e-09 0)
(0.0026834244 -2.0961311e-09 0)
(0.002683424 -1.7702495e-09 0)
(0.0026834236 -1.4909084e-09 0)
(0.0026834233 -1.2517248e-09 0)
(0.0026834231 -1.0471402e-09 0)
(0.002683423 -8.7232741e-10 0)
(0.0026834229 -7.231056e-10 0)
(0.0026834229 -5.9586181e-10 0)
(0.0026834228 -4.8748015e-10 0)
(0.0026834228 -3.9527811e-10 0)
(0.0026834228 -3.1694967e-10 0)
(0.0026834228 -2.5051478e-10 0)
(0.0026834229 -1.9427489e-10 0)
(0.0026834229 -1.4677383e-10 0)
(0.0026834229 -1.067637e-10 0)
(0.0026834229 -7.317515e-11 0)
(0.002683423 -4.5091713e-11 0)
(0.002683423 -2.1727595e-11 0)
(0.002683423 -2.408616e-12 0)
(0.0026834231 1.3444145e-11 0)
(0.0026834231 2.6328328e-11 0)
(0.0026834231 3.6672207e-11 0)
(0.0026834231 4.4844831e-11 0)
(0.0026834232 5.1164641e-11 0)
(0.0026834232 5.5906781e-11 0)
(0.0026834232 5.9309282e-11 0)
(0.0026834232 6.1578316e-11 0)
(0.0026834232 6.289264e-11 0)
(0.0026834232 6.3407359e-11 0)
(0.0026834232 6.3257125e-11 0)
(0.0026834232 6.2558851e-11 0)
(0.0026834232 6.1414024e-11 0)
(0.0026834232 5.991068e-11 0)
(0.0026834232 5.8125092e-11 0)
(0.0026834232 5.6123221e-11 0)
(0.0026834233 5.3961969e-11 0)
(0.0026834233 5.1690263e-11 0)
(0.0026834233 4.9349991e-11 0)
(0.0026834233 4.6976825e-11 0)
(0.0026834233 4.460093e-11 0)
(0.0026834233 4.2247597e-11 0)
(0.0026834233 3.9937789e-11 0)
(0.0026834233 3.7688621e-11 0)
(0.0026834233 3.5513784e-11 0)
(0.0026834233 3.3423919e-11 0)
(0.0026834233 3.1426931e-11 0)
(0.0026834233 2.9528278e-11 0)
(0.0026834233 2.7731202e-11 0)
(0.0026834233 2.6036944e-11 0)
(0.0026834233 2.4444908e-11 0)
(0.0026834233 2.2952804e-11 0)
(0.0026834233 2.1556761e-11 0)
(0.0026834233 2.0251416e-11 0)
(0.0026834233 1.9029973e-11 0)
(0.0026834233 1.7884243e-11 0)
(0.0026834233 1.680467e-11 0)
(0.0026834233 1.5780327e-11 0)
(0.0026834233 1.4798912e-11 0)
(0.0026834233 1.3846721e-11 0)
(0.0026834233 1.2908617e-11 0)
(0.0026834233 1.1968e-11 0)
(0.0026834233 1.1006763e-11 0)
(0.0026834232 1.0005269e-11 0)
(0.0026834232 8.942325e-12 0)
(0.0026834232 7.7951781e-12 0)
(0.0026834232 6.5395352e-12 0)
(0.0026834232 5.1496077e-12 0)
(0.0026834232 3.5982008e-12 0)
(0.0026834232 1.8568453e-12 0)
(0.0026834232 -1.0401123e-13 0)
(0.0026834232 -2.3147498e-12 0)
(0.0026834232 -4.806246e-12 0)
(0.0026834232 -7.609448e-12 0)
(0.0026834232 -1.0754861e-11 0)
(0.0026834232 -1.427192e-11 0)
(0.0026834232 -1.818825e-11 0)
(0.0026834232 -2.2528797e-11 0)
(0.0026834232 -2.7314834e-11 0)
(0.0026834232 -3.2562828e-11 0)
(0.0026834232 -3.8283182e-11 0)
(0.0026834232 -4.4478834e-11 0)
(0.0026834232 -5.1143752e-11 0)
(0.0026834232 -5.826131e-11 0)
(0.0026834232 -6.5802582e-11 0)
(0.0026834232 -7.3724594e-11 0)
(0.0026834232 -8.1968545e-11 0)
(0.0026834232 -9.0458072e-11 0)
(0.0026834232 -9.9097608e-11 0)
(0.0026834233 -1.077709e-10 0)
(0.0026834233 -1.1633981e-10 0)
(0.0026834233 -1.2464341e-10 0)
(0.0026834234 -1.3249762e-10 0)
(0.0026834234 -1.3969541e-10 0)
(0.0026834235 -1.4600777e-10 0)
(0.0026834235 -1.5118561e-10 0)
(0.0026834236 -1.5496277e-10 0)
(0.0026834238 -1.5706037e-10 0)
(0.0026834239 -1.5719268e-10 0)
(0.0026834241 -1.5507476e-10 0)
(0.0026834242 -1.5043216e-10 0)
(0.0026834244 -1.4301286e-10 0)
(0.0026834247 -1.3260174e-10 0)
(0.002683425 -1.1903794e-10 0)
(0.0026834253 -1.022352e-10 0)
(0.0026834256 -8.2205771e-11 0)
(0.002683426 -5.9088327e-11 0)
(0.0026834265 -3.3180882e-11 0)
(0.002683427 -4.9794382e-12 0)
(0.0026834275 2.4776726e-11 0)
(0.0026834281 5.5052301e-11 0)
(0.0026834287 8.4449338e-11 0)
(0.0026834293 1.1110493e-10 0)
(0.00268343 1.3259678e-10 0)
(0.0026834307 1.4593819e-10 0)
(0.0026834314 1.4772464e-10 0)
(0.0026834324 1.2447339e-10 0)
(0.0018046972 6.9484862e-06 0)
(0.0018164809 1.9782537e-05 0)
(0.0018395893 3.1173608e-05 0)
(0.0018723235 4.0835594e-05 0)
(0.0019128069 4.8601174e-05 0)
(0.001959306 5.4414667e-05 0)
(0.0020100607 5.8323017e-05 0)
(0.002063398 6.0457937e-05 0)
(0.0021178058 6.1013287e-05 0)
(0.0021719745 6.0221568e-05 0)
(0.00222482 5.8332242e-05 0)
(0.0022754874 5.5593645e-05 0)
(0.0023233419 5.2239323e-05 0)
(0.002367948 4.8478832e-05 0)
(0.0024090446 4.4492554e-05 0)
(0.002446516 4.0429801e-05 0)
(0.002480364 3.6409363e-05 0)
(0.0025106811 3.2521729e-05 0)
(0.0025376263 2.8832306e-05 0)
(0.0025614047 2.5385087e-05 0)
(0.0025822503 2.2206402e-05 0)
(0.002600412 1.9308477e-05 0)
(0.0026161433 1.6692644e-05 0)
(0.0026296935 1.4352133e-05 0)
(0.0026413024 1.227442e-05 0)
(0.0026511962 1.0443141e-05 0)
(0.0026595849 8.8396191e-06 0)
(0.0026666608 7.444045e-06 0)
(0.0026725985 6.2363653e-06 0)
(0.0026775547 5.19693e-06 0)
(0.0026816689 4.3069437e-06 0)
(0.0026850645 3.548762e-06 0)
(0.00268785 2.9060687e-06 0)
(0.0026901199 2.3639618e-06 0)
(0.0026919564 1.908973e-06 0)
(0.0026934302 1.5290392e-06 0)
(0.0026946023 1.2134407e-06 0)
(0.0026955247 9.5271891e-07 0)
(0.0026962416 7.3858095e-07 0)
(0.0026967905 5.6379832e-07 0)
(0.0026972029 4.221047e-07 0)
(0.0026975053 3.0809568e-07 0)
(0.0026977197 2.1713312e-07 0)
(0.0026978645 1.4525543e-07 0)
(0.0026979547 8.9094679e-08 0)
(0.0026980027 4.5800862e-08 0)
(0.0026980187 1.2973495e-08 0)
(0.0026980109 -1.1399739e-08 0)
(0.0026979858 -2.8997557e-08 0)
(0.0026979486 -4.1213306e-08 0)
(0.0026979035 -4.9197321e-08 0)
(0.0026978537 -5.3893936e-08 0)
(0.0026978016 -5.6073649e-08 0)
(0.0026977492 -5.6360936e-08 0)
(0.0026976978 -5.5258196e-08 0)
(0.0026976485 -5.3166278e-08 0)
(0.0026976017 -5.0401979e-08 0)
(0.0026975581 -4.721292e-08 0)
(0.0026975178 -4.3790116e-08 0)
(0.0026974809 -4.0278565e-08 0)
(0.0026974474 -3.6786112e-08 0)
(0.0026974173 -3.3390848e-08 0)
(0.0026973903 -3.0147246e-08 0)
(0.0026973663 -2.7091223e-08 0)
(0.002697345 -2.4244295e-08 0)
(0.0026973263 -2.1616967e-08 0)
(0.00269731 -1.9211475e-08 0)
(0.0026972957 -1.7023993e-08 0)
(0.0026972833 -1.5046389e-08 0)
(0.0026972726 -1.3267612e-08 0)
(0.0026972635 -1.1674776e-08 0)
(0.0026972556 -1.025399e-08 0)
(0.0026972489 -8.9909845e-09 0)
(0.0026972432 -7.8715852e-09 0)
(0.0026972384 -6.8820417e-09 0)
(0.0026972344 -6.0092614e-09 0)
(0.0026972311 -5.2409601e-09 0)
(0.0026972283 -4.5657489e-09 0)
(0.0026972259 -3.9731746e-09 0)
(0.002697224 -3.4537236e-09 0)
(0.0026972225 -2.9988003e-09 0)
(0.0026972212 -2.6006872e-09 0)
(0.0026972202 -2.2524929e-09 0)
(0.0026972194 -1.9480931e-09 0)
(0.0026972188 -1.6820676e-09 0)
(0.0026972183 -1.4496367e-09 0)
(0.0026972179 -1.2465981e-09 0)
(0.0026972176 -1.0692668e-09 0)
(0.0026972174 -9.1441849e-10 0)
(0.0026972172 -7.792363e-10 0)
(0.0026972171 -6.612626e-10 0)
(0.002697217 -5.5835486e-10 0)
(0.002697217 -4.68646e-10 0)
(0.002697217 -3.9050903e-10 0)
(0.002697217 -3.2252562e-10 0)
(0.002697217 -2.6345846e-10 0)
(0.002697217 -2.1222703e-10 0)
(0.002697217 -1.6788649e-10 0)
(0.0026972171 -1.2960932e-10 0)
(0.0026972171 -9.6669488e-11 0)
(0.0026972171 -6.842878e-11 0)
(0.0026972172 -4.4325086e-11 0)
(0.0026972172 -2.3862334e-11 0)
(0.0026972172 -6.60188e-12 0)
(0.0026972172 7.8448427e-12 0)
(0.0026972173 1.9822616e-11 0)
(0.0026972173 2.963781e-11 0)
(0.0026972173 3.7562991e-11 0)
(0.0026972173 4.3840862e-11 0)
(0.0026972173 4.8687663e-11 0)
(0.0026972174 5.2296096e-11 0)
(0.0026972174 5.4837868e-11 0)
(0.0026972174 5.6465901e-11 0)
(0.0026972174 5.7316263e-11 0)
(0.0026972174 5.7509872e-11 0)
(0.0026972174 5.7154008e-11 0)
(0.0026972174 5.6343646e-11 0)
(0.0026972174 5.5162655e-11 0)
(0.0026972174 5.368488e-11 0)
(0.0026972174 5.1975107e-11 0)
(0.0026972174 5.0089949e-11 0)
(0.0026972174 4.8078635e-11 0)
(0.0026972174 4.5983744e-11 0)
(0.0026972174 4.3841859e-11 0)
(0.0026972174 4.1684169e-11 0)
(0.0026972174 3.9537013e-11 0)
(0.0026972174 3.7422375e-11 0)
(0.0026972174 3.5358333e-11 0)
(0.0026972174 3.3359459e-11 0)
(0.0026972174 3.1437179e-11 0)
(0.0026972174 2.9600094e-11 0)
(0.0026972174 2.7854263e-11 0)
(0.0026972174 2.620345e-11 0)
(0.0026972174 2.4649334e-11 0)
(0.0026972174 2.3191686e-11 0)
(0.0026972174 2.1828524e-11 0)
(0.0026972174 2.0556225e-11 0)
(0.0026972174 1.9369615e-11 0)
(0.0026972174 1.8262036e-11 0)
(0.0026972174 1.7225379e-11 0)
(0.0026972174 1.6250104e-11 0)
(0.0026972174 1.532523e-11 0)
(0.0026972174 1.4438309e-11 0)
(0.0026972174 1.3575386e-11 0)
(0.0026972174 1.2720938e-11 0)
(0.0026972174 1.1857808e-11 0)
(0.0026972174 1.0967124e-11 0)
(0.0026972174 1.0028216e-11 0)
(0.0026972174 9.0185333e-12 0)
(0.0026972174 7.9135621e-12 0)
(0.0026972174 6.6867533e-12 0)
(0.0026972174 5.3094641e-12 0)
(0.0026972174 3.7509204e-12 0)
(0.0026972174 1.9782028e-12 0)
(0.0026972174 -4.3726944e-14 0)
(0.0026972174 -2.3519616e-12 0)
(0.0026972174 -4.9855313e-12 0)
(0.0026972174 -7.9852285e-12 0)
(0.0026972174 -1.1393364e-11 0)
(0.0026972174 -1.5253439e-11 0)
(0.0026972174 -1.9609745e-11 0)
(0.0026972174 -2.4506855e-11 0)
(0.0026972174 -2.9989022e-11 0)
(0.0026972174 -3.6099463e-11 0)
(0.0026972174 -4.2879541e-11 0)
(0.0026972174 -5.0367819e-11 0)
(0.0026972174 -5.8599016e-11 0)
(0.0026972174 -6.7602837e-11 0)
(0.0026972174 -7.7402715e-11 0)
(0.0026972174 -8.8014454e-11 0)
(0.0026972174 -9.9444805e-11 0)
(0.0026972174 -1.1168998e-10 0)
(0.0026972174 -1.2473418e-10 0)
(0.0026972174 -1.3854808e-10 0)
(0.0026972175 -1.5308744e-10 0)
(0.0026972175 -1.6829179e-10 0)
(0.0026972176 -1.8408331e-10 0)
(0.0026972176 -2.0036598e-10 0)
(0.0026972177 -2.1702508e-10 0)
(0.0026972178 -2.3392707e-10 0)
(0.0026972179 -2.5092013e-10 0)
(0.0026972181 -2.6783527e-10 0)
(0.0026972182 -2.8448833e-10 0)
(0.0026972184 -3.0068285e-10 0)
(0.0026972186 -3.1621407e-10 0)
(0.0026972189 -3.3087414e-10 0)
(0.0026972192 -3.444587e-10 0)
(0.0026972195 -3.5677506e-10 0)
(0.0026972199 -3.6765211e-10 0)
(0.0026972203 -3.769525e-10 0)
(0.0026972207 -3.8458755e-10 0)
(0.0026972212 -3.9053545e-10 0)
(0.0026972218 -3.9486307e-10 0)
(0.0026972223 -3.9775184e-10 0)
(0.002697223 -3.9953229e-10 0)
(0.0026972237 -4.0074102e-10 0)
(0.0026972244 -4.0216862e-10 0)
(0.0026972251 -4.0485418e-10 0)
(0.0026972258 -4.0999347e-10 0)
(0.0026972268 -4.2402505e-10 0)
(0.0018046902 2.3106286e-06 0)
(0.0018163924 6.5807526e-06 0)
(0.0018393665 1.037387e-05 0)
(0.0018719496 1.3594914e-05 0)
(0.001912301 1.6187833e-05 0)
(0.0019587169 1.8133343e-05 0)
(0.0020094595 1.9446084e-05 0)
(0.0020628695 2.0168848e-05 0)
(0.0021174391 2.0365204e-05 0)
(0.0021718554 2.0111774e-05 0)
(0.0022250244 1.9491067e-05 0)
(0.0022760778 1.8585466e-05 0)
(0.0023243647 1.7472651e-05 0)
(0.0023694334 1.6222492e-05 0)
(0.0024110075 1.4895271e-05 0)
(0.0024489577 1.3540996e-05 0)
(0.0024832743 1.2199545e-05 0)
(0.0025140409 1.0901372e-05 0)
(0.0025414099 9.6685548e-06 0)
(0.0025655818 8.5160037e-06 0)
(0.002586788 7.4527036e-06 0)
(0.0026052766 6.4828978e-06 0)
(0.0026213008 5.6071602e-06 0)
(0.0026351113 4.8233292e-06 0)
(0.0026469495 4.1272951e-06 0)
(0.0026570437 3.5136434e-06 0)
(0.0026656062 2.9761691e-06 0)
(0.002672832 2.5082746e-06 0)
(0.002678898 2.1032701e-06 0)
(0.0026839633 1.7545924e-06 0)
(0.0026881699 1.4559584e-06 0)
(0.0026916432 1.2014658e-06 0)
(0.0026944936 9.8565398e-07 0)
(0.0026968175 8.0353372e-07 0)
(0.0026986984 6.5059462e-07 0)
(0.0027002088 5.2279609e-07 0)
(0.0027014106 4.1654728e-07 0)
(0.002702357 3.286796e-07 0)
(0.0027030932 2.5641509e-07 0)
(0.0027036573 1.9733262e-07 0)
(0.0027040817 1.4933365e-07 0)
(0.0027043934 1.1060874e-07 0)
(0.0027046148 7.9605449e-08 0)
(0.0027047649 5.4998249e-08 0)
(0.0027048589 3.5660732e-08 0)
(0.0027049097 2.0640175e-08 0)
(0.0027049275 9.1345574e-09 0)
(0.0027049207 4.7194921e-10 0)
(0.0027048961 -5.907826e-09 0)
(0.002704859 -1.0469403e-08 0)
(0.0027048137 -1.3596115e-08 0)
(0.0027047635 -1.5602436e-08 0)
(0.0027047109 -1.6744789e-08 0)
(0.0027046579 -1.7230895e-08 0)
(0.0027046058 -1.7227818e-08 0)
(0.0027045556 -1.686885e-08 0)
(0.0027045082 -1.6259387e-08 0)
(0.0027044638 -1.5481913e-08 0)
(0.0027044228 -1.4600208e-08 0)
(0.0027043853 -1.3662881e-08 0)
(0.0027043512 -1.2706337e-08 0)
(0.0027043205 -1.175723e-08 0)
(0.002704293 -1.0834506e-08 0)
(0.0027042685 -9.9510747e-09 0)
(0.0027042468 -9.1151774e-09 0)
(0.0027042278 -8.3315014e-09 0)
(0.0027042111 -7.6020736e-09 0)
(0.0027041965 -6.9269751e-09 0)
(0.0027041839 -6.304907e-09 0)
(0.002704173 -5.7336325e-09 0)
(0.0027041636 -5.210318e-09 0)
(0.0027041555 -4.7317926e-09 0)
(0.0027041487 -4.294741e-09 0)
(0.0027041429 -3.8958438e-09 0)
(0.002704138 -3.5318763e-09 0)
(0.0027041338 -3.1997738e-09 0)
(0.0027041304 -2.8966727e-09 0)
(0.0027041275 -2.6199318e-09 0)
(0.0027041251 -2.3671401e-09 0)
(0.0027041232 -2.136114e-09 0)
(0.0027041216 -1.9248875e-09 0)
(0.0027041203 -1.7316985e-09 0)
(0.0027041192 -1.5549717e-09 0)
(0.0027041184 -1.3933004e-09 0)
(0.0027041177 -1.2454284e-09 0)
(0.0027041172 -1.1102322e-09 0)
(0.0027041168 -9.8670419e-10 0)
(0.0027041165 -8.739377e-10 0)
(0.0027041163 -7.7111278e-10 0)
(0.0027041161 -6.7748434e-10 0)
(0.002704116 -5.9237146e-10 0)
(0.0027041159 -5.151484e-10 0)
(0.0027041159 -4.4523694e-10 0)
(0.0027041158 -3.8210007e-10 0)
(0.0027041158 -3.2523676e-10 0)
(0.0027041158 -2.7417771e-10 0)
(0.0027041159 -2.2848205e-10 0)
(0.0027041159 -1.8773458e-10 0)
(0.0027041159 -1.5154374e-10 0)
(0.0027041159 -1.1953995e-10 0)
(0.002704116 -9.1374363e-11 0)
(0.002704116 -6.671788e-11 0)
(0.002704116 -4.5260369e-11 0)
(0.0027041161 -2.671003e-11 0)
(0.0027041161 -1.079285e-11 0)
(0.0027041161 2.7478848e-12 0)
(0.0027041161 1.415206e-11 0)
(0.0027041161 2.3643197e-11 0)
(0.0027041162 3.1428938e-11 0)
(0.0027041162 3.7701552e-11 0)
(0.0027041162 4.263847e-11 0)
(0.0027041162 4.6402864e-11 0)
(0.0027041162 4.9144239e-11 0)
(0.0027041162 5.0999066e-11 0)
(0.0027041162 5.2091436e-11 0)
(0.0027041162 5.2533728e-11 0)
(0.0027041162 5.2427291e-11 0)
(0.0027041162 5.1863128e-11 0)
(0.0027041163 5.0922582e-11 0)
(0.0027041163 4.9678013e-11 0)
(0.0027041163 4.8193461e-11 0)
(0.0027041163 4.6525291e-11 0)
(0.0027041163 4.4722819e-11 0)
(0.0027041163 4.2828912e-11 0)
(0.0027041163 4.0880548e-11 0)
(0.0027041163 3.8909364e-11 0)
(0.0027041163 3.6942148e-11 0)
(0.0027041163 3.5001318e-11 0)
(0.0027041163 3.3105347e-11 0)
(0.0027041163 3.1269166e-11 0)
(0.0027041163 2.9504514e-11 0)
(0.0027041163 2.7820273e-11 0)
(0.0027041163 2.6222744e-11 0)
(0.0027041163 2.4715905e-11 0)
(0.0027041163 2.3301626e-11 0)
(0.0027041163 2.1979853e-11 0)
(0.0027041163 2.0748751e-11 0)
(0.0027041163 1.9604829e-11 0)
(0.0027041163 1.8543021e-11 0)
(0.0027041163 1.7556745e-11 0)
(0.0027041163 1.6637923e-11 0)
(0.0027041163 1.5776985e-11 0)
(0.0027041163 1.4962838e-11 0)
(0.0027041163 1.4182807e-11 0)
(0.0027041163 1.342256e-11 0)
(0.0027041163 1.2666002e-11 0)
(0.0027041163 1.1895148e-11 0)
(0.0027041163 1.1089975e-11 0)
(0.0027041163 1.0228262e-11 0)
(0.0027041163 9.2853993e-12 0)
(0.0027041163 8.2342027e-12 0)
(0.0027041163 7.0447001e-12 0)
(0.0027041163 5.6839198e-12 0)
(0.0027041163 4.1156717e-12 0)
(0.0027041162 2.3003348e-12 0)
(0.0027041162 1.9464719e-13 0)
(0.0027041162 -2.2484877e-12 0)
(0.0027041162 -5.0801782e-12 0)
(0.0027041162 -8.3556872e-12 0)
(0.0027041162 -1.2134539e-11 0)
(0.0027041162 -1.6480583e-11 0)
(0.0027041162 -2.1462e-11 0)
(0.0027041162 -2.7151232e-11 0)
(0.0027041162 -3.3624836e-11 0)
(0.0027041162 -4.0963249e-11 0)
(0.0027041162 -4.9250437e-11 0)
(0.0027041162 -5.8573427e-11 0)
(0.0027041162 -6.90217e-11 0)
(0.0027041162 -8.0686437e-11 0)
(0.0027041162 -9.3659595e-11 0)
(0.0027041162 -1.080328e-10 0)
(0.0027041162 -1.2389604e-10 0)
(0.0027041163 -1.4133616e-10 0)
(0.0027041163 -1.6043512e-10 0)
(0.0027041163 -1.8126801e-10 0)
(0.0027041164 -2.0390083e-10 0)
(0.0027041164 -2.2838801e-10 0)
(0.0027041165 -2.5476969e-10 0)
(0.0027041165 -2.8306875e-10 0)
(0.0027041166 -3.1328757e-10 0)
(0.0027041168 -3.4540456e-10 0)
(0.0027041169 -3.7937057e-10 0)
(0.0027041171 -4.1510496e-10 0)
(0.0027041172 -4.5249161e-10 0)
(0.0027041175 -4.9137478e-10 0)
(0.0027041177 -5.3155483e-10 0)
(0.002704118 -5.7278393e-10 0)
(0.0027041183 -6.1476164e-10 0)
(0.0027041187 -6.5713072e-10 0)
(0.0027041191 -6.9947311e-10 0)
(0.0027041195 -7.4130656e-10 0)
(0.00270412 -7.8208177e-10 0)
(0.0027041206 -8.2118014e-10 0)
(0.0027041212 -8.5791174e-10 0)
(0.0027041218 -8.9151741e-10 0)
(0.0027041225 -9.2117853e-10 0)
(0.0027041232 -9.4601453e-10 0)
(0.002704124 -9.6504888e-10 0)
(0.0027041246 -9.7727114e-10 0)
(0.0027041257 -9.8174634e-10 0)
(0.0018046902 -2.3104273e-06 0)
(0.0018163924 -6.5800621e-06 0)
(0.0018393665 -1.0372595e-05 0)
(0.0018719496 -1.3592954e-05 0)
(0.0019123011 -1.618509e-05 0)
(0.0019587169 -1.8129717e-05 0)
(0.0020094596 -1.944148e-05 0)
(0.0020628696 -2.0163176e-05 0)
(0.0021174393 -2.0358383e-05 0)
(0.0021718556 -2.010373e-05 0)
(0.0022250246 -1.9481736e-05 0)
(0.0022760781 -1.8574796e-05 0)
(0.002324365 -1.7460603e-05 0)
(0.0023694338 -1.6209038e-05 0)
(0.0024110079 -1.4880397e-05 0)
(0.0024489581 -1.3524701e-05 0)
(0.0024832749 -1.2181844e-05 0)
(0.0025140416 -1.0882292e-05 0)
(0.0025414106 -9.6481387e-06 0)
(0.0025655826 -8.4943069e-06 0)
(0.0025867889 -7.4297951e-06 0)
(0.0026052775 -6.4588593e-06 0)
(0.0026213019 -5.5820853e-06 0)
(0.0026351125 -4.7973226e-06 0)
(0.0026469508 -4.100471e-06 0)
(0.0026570451 -3.4861251e-06 0)
(0.0026656077 -2.9480869e-06 0)
(0.0026728336 -2.4797648e-06 0)
(0.0026788997 -2.074473e-06 0)
(0.0026839652 -1.7256512e-06 0)
(0.0026881719 -1.4270174e-06 0)
(0.0026916453 -1.1726687e-06 0)
(0.0026944958 -9.5714224e-07 0)
(0.0026968198 -7.7544523e-07 0)
(0.0026987009 -6.2306205e-07 0)
(0.0027002113 -4.9594556e-07 0)
(0.0027014132 -3.9049707e-07 0)
(0.0027023598 -3.0353905e-07 0)
(0.002703096 -2.3228358e-07 0)
(0.0027036603 -1.7429877e-07 0)
(0.0027040847 -1.2747466e-07 0)
(0.0027043965 -8.99899e-08 0)
(0.0027046181 -6.0279826e-08 0)
(0.0027047682 -3.700658e-08 0)
(0.0027048623 -1.9031442e-08 0)
(0.0027049131 -5.3895773e-09 0)
(0.002704931 4.7327962e-09 0)
(0.0027049242 1.2018881e-08 0)
(0.0027048997 1.7039515e-08 0)
(0.0027048627 2.0269273e-08 0)
(0.0027048174 2.2100614e-08 0)
(0.0027047672 2.2856252e-08 0)
(0.0027047147 2.2799906e-08 0)
(0.0027046616 2.2145611e-08 0)
(0.0027046096 2.1065741e-08 0)
(0.0027045595 1.9697889e-08 0)
(0.002704512 1.8150758e-08 0)
(0.0027044677 1.6509162e-08 0)
(0.0027044267 1.4838279e-08 0)
(0.0027043891 1.3187235e-08 0)
(0.0027043551 1.1592121e-08 0)
(0.0027043243 1.0078525e-08 0)
(0.0027042968 8.663635e-09 0)
(0.0027042723 7.3579989e-09 0)
(0.0027042507 6.1669682e-09 0)
(0.0027042316 5.0918921e-09 0)
(0.0027042149 4.1310937e-09 0)
(0.0027042003 3.2806631e-09 0)
(0.0027041877 2.5350988e-09 0)
(0.0027041767 1.8878225e-09 0)
(0.0027041673 1.3315874e-09 0)
(0.0027041593 8.5879926e-10 0)
(0.0027041524 4.6176581e-10 0)
(0.0027041466 1.3288665e-10 0)
(0.0027041417 -1.3520502e-10 0)
(0.0027041375 -3.4953971e-10 0)
(0.0027041341 -5.1674071e-10 0)
(0.0027041312 -6.4297825e-10 0)
(0.0027041288 -7.3394383e-10 0)
(0.0027041268 -7.948402e-10 0)
(0.0027041252 -8.3038353e-10 0)
(0.0027041239 -8.4481476e-10 0)
(0.0027041228 -8.4191791e-10 0)
(0.002704122 -8.2504318e-10 0)
(0.0027041213 -7.9713347e-10 0)
(0.0027041208 -7.6075296e-10 0)
(0.0027041204 -7.1811677e-10 0)
(0.0027041201 -6.7112088e-10 0)
(0.0027041198 -6.2137175e-10 0)
(0.0027041197 -5.7021513e-10 0)
(0.0027041195 -5.1876365e-10 0)
(0.0027041195 -4.6792311e-10 0)
(0.0027041194 -4.1841704e-10 0)
(0.0027041194 -3.7080966e-10 0)
(0.0027041194 -3.2552707e-10 0)
(0.0027041194 -2.8287659e-10 0)
(0.0027041194 -2.4306443e-10 0)
(0.0027041194 -2.062116e-10 0)
(0.0027041194 -1.7236817e-10 0)
(0.0027041195 -1.4152602e-10 0)
(0.0027041195 -1.1363001e-10 0)
(0.0027041195 -8.8587864e-11 0)
(0.0027041196 -6.6278748e-11 0)
(0.0027041196 -4.6560637e-11 0)
(0.0027041196 -2.9276658e-11 0)
(0.0027041196 -1.426044e-11 0)
(0.0027041197 -1.3405935e-12 0)
(0.0027041197 9.6555886e-12 0)
(0.0027041197 1.8899114e-11 0)
(0.0027041197 2.6556891e-11 0)
(0.0027041197 3.2789852e-11 0)
(0.0027041197 3.7751536e-11 0)
(0.0027041197 4.1587067e-11 0)
(0.0027041198 4.4432458e-11 0)
(0.0027041198 4.641421e-11 0)
(0.0027041198 4.7649128e-11 0)
(0.0027041198 4.8244337e-11 0)
(0.0027041198 4.8297445e-11 0)
(0.0027041198 4.7896827e-11 0)
(0.0027041198 4.7122005e-11 0)
(0.0027041198 4.6044089e-11 0)
(0.0027041198 4.4726265e-11 0)
(0.0027041198 4.3224313e-11 0)
(0.0027041198 4.1587143e-11 0)
(0.0027041198 3.9857323e-11 0)
(0.0027041198 3.8071605e-11 0)
(0.0027041198 3.626144e-11 0)
(0.0027041198 3.4453459e-11 0)
(0.0027041198 3.2669937e-11 0)
(0.0027041198 3.0929221e-11 0)
(0.0027041198 2.924613e-11 0)
(0.0027041198 2.7632315e-11 0)
(0.0027041198 2.6096583e-11 0)
(0.0027041198 2.4645192e-11 0)
(0.0027041198 2.3282101e-11 0)
(0.0027041198 2.2009185e-11 0)
(0.0027041198 2.0826417e-11 0)
(0.0027041198 1.9732011e-11 0)
(0.0027041198 1.8722529e-11 0)
(0.0027041198 1.7792958e-11 0)
(0.0027041198 1.693674e-11 0)
(0.0027041198 1.6145777e-11 0)
(0.0027041198 1.5410403e-11 0)
(0.0027041198 1.4719309e-11 0)
(0.0027041198 1.4059444e-11 0)
(0.0027041198 1.3415877e-11 0)
(0.0027041198 1.2771621e-11 0)
(0.0027041198 1.2107426e-11 0)
(0.0027041198 1.140153e-11 0)
(0.0027041198 1.0629374e-11 0)
(0.0027041198 9.7632914e-12 0)
(0.0027041198 8.7721447e-12 0)
(0.0027041198 7.6209392e-12 0)
(0.0027041198 6.2703987e-12 0)
(0.0027041198 4.6765118e-12 0)
(0.0027041198 2.790048e-12 0)
(0.0027041198 5.5604933e-13 0)
(0.0027041198 -2.0866967e-12 0)
(0.0027041198 -5.2061913e-12 0)
(0.0027041198 -8.8777701e-12 0)
(0.0027041198 -1.3184637e-11 0)
(0.0027041198 -1.8218375e-11 0)
(0.0027041198 -2.4079429e-11 0)
(0.0027041198 -3.0877528e-11 0)
(0.0027041197 -3.8732037e-11 0)
(0.0027041197 -4.7772205e-11 0)
(0.0027041197 -5.8137288e-11 0)
(0.0027041197 -6.9976505e-11 0)
(0.0027041197 -8.3448798e-11 0)
(0.0027041197 -9.8722345e-11 0)
(0.0027041198 -1.1597379e-10 0)
(0.0027041198 -1.353871e-10 0)
(0.0027041198 -1.5715208e-10 0)
(0.0027041198 -1.8146235e-10 0)
(0.0027041198 -2.0851279e-10 0)
(0.0027041199 -2.3849648e-10 0)
(0.0027041199 -2.7160076e-10 0)
(0.00270412 -3.0800275e-10 0)
(0.0027041201 -3.4786382e-10 0)
(0.0027041202 -3.9132323e-10 0)
(0.0027041203 -4.3849078e-10 0)
(0.0027041204 -4.8943827e-10 0)
(0.0027041206 -5.4418985e-10 0)
(0.0027041207 -6.0271101e-10 0)
(0.002704121 -6.6489631e-10 0)
(0.0027041212 -7.3055561e-10 0)
(0.0027041215 -7.9939872e-10 0)
(0.0027041218 -8.7101855e-10 0)
(0.0027041222 -9.4487253e-10 0)
(0.0027041226 -1.0202624e-09 0)
(0.002704123 -1.0963126e-09 0)
(0.0027041235 -1.1719457e-09 0)
(0.002704124 -1.2458566e-09 0)
(0.0027041246 -1.3164824e-09 0)
(0.0027041253 -1.3819707e-09 0)
(0.0027041259 -1.4401417e-09 0)
(0.0027041266 -1.488437e-09 0)
(0.0027041274 -1.5238742e-09 0)
(0.002704128 -1.5431667e-09 0)
(0.0027041291 -1.5380494e-09 0)
(0.0018046972 -6.9482873e-06 0)
(0.001816481 -1.9781853e-05 0)
(0.0018395893 -3.1172344e-05 0)
(0.0018723236 -4.0833652e-05 0)
(0.001912807 -4.8598453e-05 0)
(0.0019593062 -5.4411069e-05 0)
(0.0020100609 -5.8318447e-05 0)
(0.0020633983 -6.0452306e-05 0)
(0.0021178062 -6.1006513e-05 0)
(0.002171975 -6.0213578e-05 0)
(0.0022248205 -5.8322973e-05 0)
(0.0022754882 -5.5583046e-05 0)
(0.0023233428 -5.2227353e-05 0)
(0.0023679491 -4.8465464e-05 0)
(0.0024090458 -4.4477774e-05 0)
(0.0024465174 -4.0413609e-05 0)
(0.0024803657 -3.6391772e-05 0)
(0.002510683 -3.2502768e-05 0)
(0.0025376284 -2.8812015e-05 0)
(0.0025614071 -2.5363523e-05 0)
(0.0025822529 -2.2183633e-05 0)
(0.002600415 -1.9284585e-05 0)
(0.0026161465 -1.6667721e-05 0)
(0.002629697 -1.4326283e-05 0)
(0.0026413062 -1.2247757e-05 0)
(0.0026512004 -1.0415788e-05 0)
(0.0026595894 -8.8117056e-06 0)
(0.0026666656 -7.4157062e-06 0)
(0.0026726037 -6.2077409e-06 0)
(0.0026775602 -5.1681624e-06 0)
(0.0026816748 -4.2781763e-06 0)
(0.0026850708 -3.5201377e-06 0)
(0.0026878566 -2.8777282e-06 0)
(0.0026901269 -2.3360423e-06 0)
(0.0026919636 -1.8816064e-06 0)
(0.0026934378 -1.5023508e-06 0)
(0.0026946102 -1.1875482e-06 0)
(0.0026955329 -9.2773103e-07 0)
(0.0026962501 -7.1459648e-07 0)
(0.0026967993 -5.4090537e-07 0)
(0.002697212 -4.0038001e-07 0)
(0.0026975146 -2.8760414e-07 0)
(0.0026977293 -1.9792749e-07 0)
(0.0026978743 -1.2737618e-07 0)
(0.0026979647 -7.2570035e-08 0)
(0.002698013 -3.0647018e-08 0)
(0.0026980292 8.0505602e-10 0)
(0.0026980215 2.3809713e-08 0)
(0.0026979965 4.0056273e-08 0)
(0.0026979595 5.0947963e-08 0)
(0.0026979145 5.7644193e-08 0)
(0.0026978648 6.1097489e-08 0)
(0.0026978128 6.20856e-08 0)
(0.0026977605 6.1239279e-08 0)
(0.0026977092 5.9066202e-08 0)
(0.0026976599 5.5971492e-08 0)
(0.0026976132 5.2275229e-08 0)
(0.0026975696 4.822735e-08 0)
(0.0026975293 4.4020257e-08 0)
(0.0026974924 3.9799456e-08 0)
(0.0026974589 3.567248e-08 0)
(0.0026974288 3.1716352e-08 0)
(0.0026974018 2.7983799e-08 0)
(0.0026973777 2.4508383e-08 0)
(0.0026973565 2.1308746e-08 0)
(0.0026973377 1.8392071e-08 0)
(0.0026973214 1.5756908e-08 0)
(0.0026973071 1.3395462e-08 0)
(0.0026972946 1.1295419e-08 0)
(0.0026972839 9.4414115e-09 0)
(0.0026972747 7.8161628e-09 0)
(0.0026972668 6.4013821e-09 0)
(0.0026972601 5.1784496e-09 0)
(0.0026972544 4.128932e-09 0)
(0.0026972495 3.2349607e-09 0)
(0.0026972455 2.4794998e-09 0)
(0.0026972421 1.846527e-09 0)
(0.0026972392 1.3211448e-09 0)
(0.0026972369 8.8963879e-10 0)
(0.0026972349 5.3949408e-10 0)
(0.0026972334 2.5938115e-10 0)
(0.0026972321 3.9118671e-11 0)
(0.002697231 -1.3037981e-10 0)
(0.0026972302 -2.571701e-10 0)
(0.0026972295 -3.4834842e-10 0)
(0.002697229 -4.1012602e-10 0)
(0.0026972286 -4.479048e-10 0)
(0.0026972283 -4.6635215e-10 0)
(0.002697228 -4.6947358e-10 0)
(0.0026972279 -4.6068209e-10 0)
(0.0026972278 -4.4286361e-10 0)
(0.0026972277 -4.1843819e-10 0)
(0.0026972276 -3.8941653e-10 0)
(0.0026972276 -3.5745185e-10 0)
(0.0026972276 -3.2388719e-10 0)
(0.0026972276 -2.897981e-10 0)
(0.0026972276 -2.5603109e-10 0)
(0.0026972276 -2.2323791e-10 0)
(0.0026972276 -1.9190599e-10 0)
(0.0026972277 -1.6238533e-10 0)
(0.0026972277 -1.3491202e-10 0)
(0.0026972277 -1.0962882e-10 0)
(0.0026972278 -8.6602971e-11 0)
(0.0026972278 -6.5841463e-11 0)
(0.0026972278 -4.7304198e-11 0)
(0.0026972278 -3.0915077e-11 0)
(0.0026972278 -1.6571373e-11 0)
(0.0026972279 -4.1515473e-12 0)
(0.0026972279 6.4782949e-12 0)
(0.0026972279 1.5459122e-11 0)
(0.0026972279 2.2934725e-11 0)
(0.0026972279 2.9048335e-11 0)
(0.0026972279 3.3939999e-11 0)
(0.0026972279 3.7744586e-11 0)
(0.002697228 4.0590326e-11 0)
(0.002697228 4.2597801e-11 0)
(0.002697228 4.3879289e-11 0)
(0.002697228 4.4538419e-11 0)
(0.002697228 4.4670058e-11 0)
(0.002697228 4.4360388e-11 0)
(0.002697228 4.3687126e-11 0)
(0.002697228 4.2719862e-11 0)
(0.002697228 4.1520466e-11 0)
(0.002697228 4.0143553e-11 0)
(0.002697228 3.8636977e-11 0)
(0.002697228 3.7042348e-11 0)
(0.002697228 3.5395543e-11 0)
(0.002697228 3.3727206e-11 0)
(0.002697228 3.2063239e-11 0)
(0.002697228 3.0425263e-11 0)
(0.002697228 2.8831049e-11 0)
(0.002697228 2.7294915e-11 0)
(0.002697228 2.5828094e-11 0)
(0.002697228 2.4439055e-11 0)
(0.002697228 2.3133798e-11 0)
(0.002697228 2.1916095e-11 0)
(0.002697228 2.0787703e-11 0)
(0.002697228 1.9748535e-11 0)
(0.002697228 1.8796787e-11 0)
(0.002697228 1.7929026e-11 0)
(0.002697228 1.714024e-11 0)
(0.002697228 1.6423847e-11 0)
(0.002697228 1.5771652e-11 0)
(0.002697228 1.5173774e-11 0)
(0.002697228 1.4618517e-11 0)
(0.002697228 1.4092203e-11 0)
(0.002697228 1.3578947e-11 0)
(0.002697228 1.3060389e-11 0)
(0.002697228 1.2515363e-11 0)
(0.002697228 1.1919524e-11 0)
(0.002697228 1.1244902e-11 0)
(0.002697228 1.0459406e-11 0)
(0.002697228 9.5262553e-12 0)
(0.002697228 8.403361e-12 0)
(0.002697228 7.0426309e-12 0)
(0.002697228 5.3892168e-12 0)
(0.002697228 3.3806965e-12 0)
(0.002697228 9.4620426e-13 0)
(0.002697228 -1.9944971e-12 0)
(0.002697228 -5.531987e-12 0)
(0.002697228 -9.7681878e-12 0)
(0.002697228 -1.4817383e-11 0)
(0.002697228 -2.0807236e-11 0)
(0.0026972279 -2.787978e-11 0)
(0.0026972279 -3.6192357e-11 0)
(0.0026972279 -4.5918459e-11 0)
(0.0026972279 -5.7248433e-11 0)
(0.0026972279 -7.0390006e-11 0)
(0.0026972279 -8.5568559e-11 0)
(0.0026972279 -1.0302708e-10 0)
(0.0026972279 -1.2302572e-10 0)
(0.002697228 -1.4584087e-10 0)
(0.002697228 -1.7176364e-10 0)
(0.002697228 -2.010976e-10 0)
(0.002697228 -2.3415575e-10 0)
(0.0026972281 -2.7125648e-10 0)
(0.0026972281 -3.1271841e-10 0)
(0.0026972282 -3.5885399e-10 0)
(0.0026972282 -4.0996162e-10 0)
(0.0026972283 -4.6631618e-10 0)
(0.0026972284 -5.2815777e-10 0)
(0.0026972286 -5.9567847e-10 0)
(0.0026972287 -6.6900687e-10 0)
(0.0026972289 -7.4819029e-10 0)
(0.0026972291 -8.3317442e-10 0)
(0.0026972293 -9.237801e-10 0)
(0.0026972296 -1.0196772e-09 0)
(0.0026972299 -1.1203553e-09 0)
(0.0026972302 -1.2250909e-09 0)
(0.0026972306 -1.3329113e-09 0)
(0.0026972311 -1.4425547e-09 0)
(0.0026972315 -1.5524247e-09 0)
(0.0026972321 -1.6605404e-09 0)
(0.0026972326 -1.7644789e-09 0)
(0.0026972332 -1.8613114e-09 0)
(0.0026972339 -1.9475185e-09 0)
(0.0026972346 -2.0188898e-09 0)
(0.0026972353 -2.0704534e-09 0)
(0.0026972359 -2.0967426e-09 0)
(0.0026972369 -2.0822228e-09 0)
(0.0018047113 -1.1636956e-05 0)
(0.0018166603 -3.3107352e-05 0)
(0.0018400393 -5.2132581e-05 0)
(0.0018730771 -6.8232859e-05 0)
(0.0019138237 -8.1132239e-05 0)
(0.0019604857 -9.0745379e-05 0)
(0.0020112581 -9.7160802e-05 0)
(0.0020644416 -0.00010060928 0)
(0.0021185159 -0.00010142449 0)
(0.0021721795 -0.00010000272 0)
(0.0022243682 -9.6766109e-05 0)
(0.0022742558 -9.2132421e-05 0)
(0.0023212391 -8.6492458e-05 0)
(0.0023649157 -8.019519e-05 0)
(0.002405055 -7.3539628e-05 0)
(0.0024415687 -6.6772155e-05 0)
(0.002474481 -6.0087881e-05 0)
(0.002503902 -5.3634674e-05 0)
(0.0025300037 -4.7518759e-05 0)
(0.0025529997 -4.1810981e-05 0)
(0.0025731291 -3.655313e-05 0)
(0.0025906427 -3.1763889e-05 0)
(0.0026057933 -2.7444172e-05 0)
(0.0026188283 -2.3581743e-05 0)
(0.0026299838 -2.015507e-05 0)
(0.0026394817 -1.7136473e-05 0)
(0.0026475271 -1.4494612e-05 0)
(0.0026543075 -1.2196413e-05 0)
(0.0026599924 -1.0208504e-05 0)
(0.0026647336 -8.4982644e-06 0)
(0.0026686661 -7.0345497e-06 0)
(0.0026719092 -5.788163e-06 0)
(0.0026745674 -4.7321349e-06 0)
(0.0026767316 -3.8418552e-06 0)
(0.002678481 -3.0950968e-06 0)
(0.0026798836 -2.4719621e-06 0)
(0.0026809978 -1.954777e-06 0)
(0.0026818735 -1.5279517e-06 0)
(0.0026825531 -1.1778202e-06 0)
(0.0026830726 -8.9247268e-07 0)
(0.002683462 -6.6158487e-07 0)
(0.0026837467 -4.7625265e-07 0)
(0.0026839477 -3.2883374e-07 0)
(0.0026840826 -2.127997e-07 0)
(0.0026841658 -1.2259927e-07 0)
(0.002684209 -5.3533676e-08 0)
(0.0026842219 -1.6440537e-09 0)
(0.0026842123 3.6389482e-08 0)
(0.0026841865 6.3337528e-08 0)
(0.0026841494 8.1500646e-08 0)
(0.0026841049 9.2778961e-08 0)
(0.0026840562 9.8732954e-08 0)
(0.0026840055 1.0063629e-07 0)
(0.0026839545 9.9521494e-08 0)
(0.0026839047 9.621933e-08 0)
(0.0026838569 9.1392487e-08 0)
(0.0026838117 8.5564383e-08 0)
(0.0026837695 7.914363e-08 0)
(0.0026837306 7.2444738e-08 0)
(0.0026836951 6.5705567e-08 0)
(0.0026836628 5.9101974e-08 0)
(0.0026836337 5.2760037e-08 0)
(0.0026836077 4.676623e-08 0)
(0.0026835846 4.1175834e-08 0)
(0.0026835642 3.6019859e-08 0)
(0.0026835462 3.131071e-08 0)
(0.0026835304 2.7046794e-08 0)
(0.0026835167 2.3216236e-08 0)
(0.0026835047 1.9799864e-08 0)
(0.0026834945 1.6773575e-08 0)
(0.0026834856 1.4110192e-08 0)
(0.002683478 1.178091e-08 0)
(0.0026834716 9.7563985e-09 0)
(0.0026834661 8.007627e-09 0)
(0.0026834614 6.5064704e-09 0)
(0.0026834575 5.2261336e-09 0)
(0.0026834543 4.1414357e-09 0)
(0.0026834515 3.2289833e-09 0)
(0.0026834493 2.4672572e-09 0)
(0.0026834474 1.8366343e-09 0)
(0.0026834459 1.3193599e-09 0)
(0.0026834447 8.9948438e-10 0)
(0.0026834437 5.6277508e-10 0)
(0.0026834428 2.9661125e-10 0)
(0.0026834422 8.9869133e-11 0)
(0.0026834417 -6.7197751e-11 0)
(0.0026834413 -1.8307933e-10 0)
(0.002683441 -2.6512766e-10 0)
(0.0026834408 -3.1967152e-10 0)
(0.0026834406 -3.5212534e-10 0)
(0.0026834405 -3.6709151e-10 0)
(0.0026834404 -3.684555e-10 0)
(0.0026834404 -3.5947344e-10 0)
(0.0026834403 -3.4285211e-10 0)
(0.0026834403 -3.2082159e-10 0)
(0.0026834403 -2.9520059e-10 0)
(0.0026834403 -2.6745502e-10 0)
(0.0026834404 -2.3875012e-10 0)
(0.0026834404 -2.0999651e-10 0)
(0.0026834404 -1.8189082e-10 0)
(0.0026834404 -1.5495114e-10 0)
(0.0026834405 -1.2954795e-10 0)
(0.0026834405 -1.059308e-10 0)
(0.0026834405 -8.4251353e-11 0)
(0.0026834405 -6.4582976e-11 0)
(0.0026834405 -4.6937459e-11 0)
(0.0026834406 -3.1279092e-11 0)
(0.0026834406 -1.7536437e-11 0)
(0.0026834406 -5.612128e-12 0)
(0.0026834406 4.6090961e-12 0)
(0.0026834406 1.3253829e-11 0)
(0.0026834406 2.0454731e-11 0)
(0.0026834407 2.6346357e-11 0)
(0.0026834407 3.1061909e-11 0)
(0.0026834407 3.4730764e-11 0)
(0.0026834407 3.747665e-11 0)
(0.0026834407 3.9416365e-11 0)
(0.0026834407 4.0658926e-11 0)
(0.0026834407 4.1305072e-11 0)
(0.0026834407 4.1447055e-11 0)
(0.0026834407 4.1168652e-11 0)
(0.0026834407 4.0545336e-11 0)
(0.0026834407 3.9644593e-11 0)
(0.0026834407 3.852631e-11 0)
(0.0026834407 3.724324e-11 0)
(0.0026834407 3.5841495e-11 0)
(0.0026834407 3.4361068e-11 0)
(0.0026834407 3.2836341e-11 0)
(0.0026834407 3.1296603e-11 0)
(0.0026834407 2.9766538e-11 0)
(0.0026834407 2.8266687e-11 0)
(0.0026834407 2.6813884e-11 0)
(0.0026834407 2.5421653e-11 0)
(0.0026834407 2.4100571e-11 0)
(0.0026834407 2.2858586e-11 0)
(0.0026834407 2.1701295e-11 0)
(0.0026834407 2.0632186e-11 0)
(0.0026834407 1.9652829e-11 0)
(0.0026834407 1.8763026e-11 0)
(0.0026834407 1.7960912e-11 0)
(0.0026834407 1.7243023e-11 0)
(0.0026834407 1.6604296e-11 0)
(0.0026834407 1.6038041e-11 0)
(0.0026834407 1.5535839e-11 0)
(0.0026834407 1.5087407e-11 0)
(0.0026834407 1.468039e-11 0)
(0.0026834407 1.4300098e-11 0)
(0.0026834407 1.3929173e-11 0)
(0.0026834407 1.3547193e-11 0)
(0.0026834407 1.3130193e-11 0)
(0.0026834407 1.2650113e-11 0)
(0.0026834407 1.2074155e-11 0)
(0.0026834407 1.1364057e-11 0)
(0.0026834407 1.0475271e-11 0)
(0.0026834407 9.3560473e-12 0)
(0.0026834407 7.9464155e-12 0)
(0.0026834407 6.1770742e-12 0)
(0.0026834407 3.9681829e-12 0)
(0.0026834407 1.2280581e-12 0)
(0.0026834407 -2.1482099e-12 0)
(0.0026834407 -6.2802125e-12 0)
(0.0026834407 -1.1303732e-11 0)
(0.0026834407 -1.7372283e-11 0)
(0.0026834407 -2.4658656e-11 0)
(0.0026834407 -3.3356428e-11 0)
(0.0026834407 -4.3681376e-11 0)
(0.0026834407 -5.587277e-11 0)
(0.0026834407 -7.0194445e-11 0)
(0.0026834407 -8.6935578e-11 0)
(0.0026834407 -1.0641109e-10 0)
(0.0026834407 -1.2896153e-10 0)
(0.0026834407 -1.5495236e-10 0)
(0.0026834407 -1.8477242e-10 0)
(0.0026834407 -2.1883154e-10 0)
(0.0026834407 -2.5755691e-10 0)
(0.0026834408 -3.0138827e-10 0)
(0.0026834408 -3.5077147e-10 0)
(0.0026834409 -4.0615033e-10 0)
(0.0026834409 -4.6795644e-10 0)
(0.002683441 -5.3659673e-10 0)
(0.0026834411 -6.1243844e-10 0)
(0.0026834412 -6.9579129e-10 0)
(0.0026834414 -7.8688652e-10 0)
(0.0026834415 -8.8585239e-10 0)
(0.0026834417 -9.9268601e-10 0)
(0.0026834419 -1.107221e-09 0)
(0.0026834422 -1.2290909e-09 0)
(0.0026834425 -1.3576874e-09 0)
(0.0026834428 -1.4921145e-09 0)
(0.0026834432 -1.6311357e-09 0)
(0.0026834436 -1.7731172e-09 0)
(0.002683444 -1.9159617e-09 0)
(0.0026834445 -2.0570354e-09 0)
(0.0026834451 -2.1930841e-09 0)
(0.0026834456 -2.3201382e-09 0)
(0.0026834462 -2.4333827e-09 0)
(0.0026834469 -2.527014e-09 0)
(0.0026834476 -2.594162e-09 0)
(0.0026834482 -2.6272112e-09 0)
(0.0026834491 -2.6037738e-09 0)
(0.0018047331 -1.6411689e-05 0)
(0.0018169347 -4.6641725e-05 0)
(0.0018407256 -7.3362545e-05 0)
(0.0018742219 -9.5896439e-05 0)
(0.0019153607 -0.00011386381 0)
(0.0019622573 -0.00012716159 0)
(0.0020130397 -0.00013593604 0)
(0.0020659704 -0.00014053436 0)
(0.0021195191 -0.00014144622 0)
(0.0021723988 -0.00013924484 0)
(0.0022235781 -0.00013453442 0)
(0.0022722745 -0.00012790762 0)
(0.0023179346 -0.00011991448 0)
(0.0023602054 -0.00011104263 0)
(0.0023989027 -0.00010170696 0)
(0.0024339782 -9.2247017e-05 0)
(0.0024654895 -8.2929758e-05 0)
(0.0024935722 -7.3955923e-05 0)
(0.002518417 -6.546833e-05 0)
(0.0025402497 -5.756095e-05 0)
(0.002559316 -5.02879e-05 0)
(0.002575869 -4.3671802e-05 0)
(0.0025901605 -3.771122e-05 0)
(0.0026024339 -3.2387039e-05 0)
(0.00261292 -2.7667758e-05 0)
(0.0026218338 -2.3513782e-05 0)
(0.0026293734 -1.9880807e-05 0)
(0.0026357185 -1.6722409e-05 0)
(0.0026410312 -1.3991985e-05 0)
(0.0026454561 -1.1644143e-05 0)
(0.0026491216 -9.6356648e-06 0)
(0.0026521404 -7.9261244e-06 0)
(0.0026546113 -6.4782452e-06 0)
(0.0026566203 -5.25806e-06 0)
(0.0026582417 -4.2349272e-06 0)
(0.0026595396 -3.3814443e-06 0)
(0.0026605686 -2.6732918e-06 0)
(0.0026613757 -2.0890336e-06 0)
(0.0026620005 -1.6098917e-06 0)
(0.0026624766 -1.2195096e-06 0)
(0.0026628321 -9.0371641e-07 0)
(0.0026630907 -6.5029572e-07 0)
(0.0026632719 -4.4876701e-07 0)
(0.0026633922 -2.9018088e-07 0)
(0.0026634647 -1.6693036e-07 0)
(0.0026635007 -7.25791e-08 0)
(0.0026635089 -1.7062186e-09 0)
(0.0026634966 5.0232542e-08 0)
(0.0026634696 8.7028181e-08 0)
(0.0026634325 1.1182737e-07 0)
(0.0026633889 1.2722806e-07 0)
(0.0026633416 1.3536298e-07 0)
(0.0026632927 1.3797209e-07 0)
(0.0026632438 1.3646536e-07 0)
(0.0026631962 1.3197664e-07 0)
(0.0026631506 1.2540997e-07 0)
(0.0026631076 1.1747899e-07 0)
(0.0026630677 1.0874049e-07 0)
(0.0026630308 9.9622758e-08 0)
(0.0026629971 9.0449461e-08 0)
(0.0026629667 8.1459706e-08 0)
(0.0026629392 7.2824757e-08 0)
(0.0026629147 6.4661942e-08 0)
(0.0026628929 5.7046147e-08 0)
(0.0026628737 5.0019267e-08 0)
(0.0026628567 4.3597942e-08 0)
(0.0026628419 3.777983e-08 0)
(0.002662829 3.2548681e-08 0)
(0.0026628178 2.7878386e-08 0)
(0.0026628081 2.3736199e-08 0)
(0.0026627998 2.0085259e-08 0)
(0.0026627927 1.6886544e-08 0)
(0.0026627867 1.4100367e-08 0)
(0.0026627815 1.1687485e-08 0)
(0.0026627772 9.6099148e-09 0)
(0.0026627735 7.8315021e-09 0)
(0.0026627705 6.3182979e-09 0)
(0.0026627679 5.0387871e-09 0)
(0.0026627658 3.9639995e-09 0)
(0.002662764 3.0675336e-09 0)
(0.0026627626 2.3255139e-09 0)
(0.0026627615 1.7165007e-09 0)
(0.0026627605 1.2213677e-09 0)
(0.0026627598 8.2315616e-10 0)
(0.0026627592 5.0691809e-10 0)
(0.0026627587 2.595523e-10 0)
(0.0026627583 6.9640357e-11 0)
(0.002662758 -7.2714304e-11 0)
(0.0026627578 -1.7604126e-10 0)
(0.0026627577 -2.476499e-10 0)
(0.0026627575 -2.9376702e-10 0)
(0.0026627575 -3.1966429e-10 0)
(0.0026627574 -3.2977547e-10 0)
(0.0026627574 -3.2780324e-10 0)
(0.0026627574 -3.1681585e-10 0)
(0.0026627574 -2.9933405e-10 0)
(0.0026627574 -2.7740879e-10 0)
(0.0026627574 -2.5269017e-10 0)
(0.0026627574 -2.2648842e-10 0)
(0.0026627574 -1.9982749e-10 0)
(0.0026627575 -1.7349178e-10 0)
(0.0026627575 -1.4806686e-10 0)
(0.0026627575 -1.239746e-10 0)
(0.0026627575 -1.0150343e-10 0)
(0.0026627576 -8.0834113e-11 0)
(0.0026627576 -6.2061752e-11 0)
(0.0026627576 -4.5214257e-11 0)
(0.0026627576 -3.0267897e-11 0)
(0.0026627576 -1.7160205e-11 0)
(0.0026627576 -5.8006418e-12 0)
(0.0026627577 3.9206951e-12 0)
(0.0026627577 1.2126026e-11 0)
(0.0026627577 1.8944265e-11 0)
(0.0026627577 2.4506588e-11 0)
(0.0026627577 2.8943015e-11 0)
(0.0026627577 3.2379826e-11 0)
(0.0026627577 3.4937682e-11 0)
(0.0026627577 3.6730306e-11 0)
(0.0026627577 3.7863627e-11 0)
(0.0026627577 3.8435299e-11 0)
(0.0026627577 3.8534509e-11 0)
(0.0026627577 3.8242013e-11 0)
(0.0026627577 3.7630341e-11 0)
(0.0026627577 3.6764131e-11 0)
(0.0026627577 3.5700556e-11 0)
(0.0026627577 3.4489802e-11 0)
(0.0026627577 3.3175587e-11 0)
(0.0026627577 3.1795689e-11 0)
(0.0026627577 3.0382477e-11 0)
(0.0026627578 2.8963429e-11 0)
(0.0026627578 2.7561623e-11 0)
(0.0026627578 2.6196204e-11 0)
(0.0026627578 2.4882814e-11 0)
(0.0026627578 2.3633984e-11 0)
(0.0026627578 2.2459486e-11 0)
(0.0026627578 2.1366635e-11 0)
(0.0026627578 2.0360561e-11 0)
(0.0026627578 1.9444418e-11 0)
(0.0026627578 1.8619556e-11 0)
(0.0026627578 1.7885639e-11 0)
(0.0026627578 1.7240718e-11 0)
(0.0026627578 1.6681243e-11 0)
(0.0026627578 1.620202e-11 0)
(0.0026627578 1.5796115e-11 0)
(0.0026627578 1.5454691e-11 0)
(0.0026627578 1.5166772e-11 0)
(0.0026627578 1.4918942e-11 0)
(0.0026627578 1.4694957e-11 0)
(0.0026627578 1.4475275e-11 0)
(0.0026627578 1.42365e-11 0)
(0.0026627577 1.3950709e-11 0)
(0.0026627577 1.3584687e-11 0)
(0.0026627577 1.3099044e-11 0)
(0.0026627577 1.2447208e-11 0)
(0.0026627577 1.1574297e-11 0)
(0.0026627577 1.0415852e-11 0)
(0.0026627577 8.8964505e-12 0)
(0.0026627577 6.9281728e-12 0)
(0.0026627577 4.4089491e-12 0)
(0.0026627577 1.2207803e-12 0)
(0.0026627577 -2.772148e-12 0)
(0.0026627577 -7.7254439e-12 0)
(0.0026627577 -1.3816549e-11 0)
(0.0026627577 -2.1246812e-11 0)
(0.0026627577 -3.0243536e-11 0)
(0.0026627577 -4.1061966e-11 0)
(0.0026627577 -5.3987125e-11 0)
(0.0026627577 -6.9335421e-11 0)
(0.0026627577 -8.7455926e-11 0)
(0.0026627577 -1.087312e-10 0)
(0.0026627577 -1.3357751e-10 0)
(0.0026627577 -1.6244435e-10 0)
(0.0026627577 -1.9581289e-10 0)
(0.0026627577 -2.3419347e-10 0)
(0.0026627577 -2.7812149e-10 0)
(0.0026627578 -3.2815184e-10 0)
(0.0026627578 -3.848513e-10 0)
(0.0026627579 -4.4878878e-10 0)
(0.0026627579 -5.2052294e-10 0)
(0.002662758 -6.0058694e-10 0)
(0.0026627581 -6.8946995e-10 0)
(0.0026627582 -7.875949e-10 0)
(0.0026627583 -8.952923e-10 0)
(0.0026627585 -1.0127694e-09 0)
(0.0026627586 -1.1400746e-09 0)
(0.0026627588 -1.2770564e-09 0)
(0.0026627591 -1.4233166e-09 0)
(0.0026627593 -1.5781571e-09 0)
(0.0026627596 -1.7405206e-09 0)
(0.00266276 -1.9089232e-09 0)
(0.0026627603 -2.0813799e-09 0)
(0.0026627608 -2.2553199e-09 0)
(0.0026627612 -2.4274907e-09 0)
(0.0026627617 -2.5938501e-09 0)
(0.0026627622 -2.7494422e-09 0)
(0.0026627628 -2.8882271e-09 0)
(0.0026627634 -3.0028967e-09 0)
(0.002662764 -3.0847822e-09 0)
(0.0026627646 -3.1242979e-09 0)
(0.0026627655 -3.0926471e-09 0)
(0.0018047633 -2.1309919e-05 0)
(0.0018173111 -6.0474333e-05 0)
(0.0018416625 -9.4974903e-05 0)
(0.0018757758 -0.00012393041 0)
(0.0019174321 -0.00014686581 0)
(0.0019646226 -0.00016367864 0)
(0.0020153862 -0.000174597 0)
(0.0020679374 -0.00018010999 0)
(0.0021207374 -0.00018088637 0)
(0.0021725231 -0.00017769481 0)
(0.0022223109 -0.00017133433 0)
(0.0022693805 -0.00016257954 0)
(0.0023132463 -0.0001521419 0)
(0.0023536228 -0.00014064599 0)
(0.0023903871 -0.00012861831 0)
(0.0024235438 -0.00011648574 0)
(0.0024531934 -0.00010458064 0)
(0.0024795043 -9.3150251e-05 0)
(0.0025026904 -8.2368086e-05 0)
(0.0025229922 -7.2346115e-05 0)
(0.0025406631 -6.3146515e-05 0)
(0.0025559582 -5.4792462e-05 0)
(0.0025691268 -4.7277601e-05 0)
(0.0025804068 -4.0574087e-05 0)
(0.0025900211 -3.4639213e-05 0)
(0.0025981756 -2.9420733e-05 0)
(0.0026050582 -2.4861024e-05 0)
(0.0026108388 -2.0900261e-05 0)
(0.0026156694 -1.7478767e-05 0)
(0.0026196851 -1.4538691e-05 0)
(0.0026230053 -1.2025147e-05 0)
(0.0026257345 -9.8869419e-06 0)
(0.0026279639 -8.076977e-06 0)
(0.0026297728 -6.5524158e-06 0)
(0.0026312295 -5.2746754e-06 0)
(0.0026323926 -4.2092965e-06 0)
(0.0026333122 -3.3257308e-06 0)
(0.0026340313 -2.5970775e-06 0)
(0.0026345858 -1.9997911e-06 0)
(0.0026350063 -1.5133777e-06 0)
(0.0026353185 -1.1200929e-06 0)
(0.0026355437 -8.0464905e-07 0)
(0.0026356997 -5.5393787e-07 0)
(0.0026358013 -3.5677157e-07 0)
(0.0026358606 -2.0364516e-07 0)
(0.0026358874 -8.6519987e-08 0)
(0.0026358898 1.3713489e-09 0)
(0.0026358742 6.5699369e-08 0)
(0.0026358458 1.1119256e-07 0)
(0.0026358089 1.4177399e-07 0)
(0.0026357664 1.606811e-07 0)
(0.002635721 1.7057029e-07 0)
(0.0026356746 1.7360766e-07 0)
(0.0026356285 1.7154748e-07 0)
(0.0026355838 1.6579965e-07 0)
(0.0026355412 1.5748755e-07 0)
(0.0026355012 1.4749729e-07 0)
(0.002635464 1.3651962e-07 0)
(0.0026354298 1.2508534e-07 0)
(0.0026353987 1.1359509e-07 0)
(0.0026353705 1.0234441e-07 0)
(0.0026353452 9.1544523e-08 0)
(0.0026353226 8.1339727e-08 0)
(0.0026353026 7.1821686e-08 0)
(0.0026352849 6.3041204e-08 0)
(0.0026352693 5.5017843e-08 0)
(0.0026352557 4.7747727e-08 0)
(0.0026352439 4.1209844e-08 0)
(0.0026352336 3.5371069e-08 0)
(0.0026352248 3.0190159e-08 0)
(0.0026352172 2.5620876e-08 0)
(0.0026352107 2.16144e-08 0)
(0.0026352052 1.8121178e-08 0)
(0.0026352005 1.5092287e-08 0)
(0.0026351965 1.2480435e-08 0)
(0.0026351932 1.0240656e-08 0)
(0.0026351904 8.3307702e-09 0)
(0.0026351881 6.7116518e-09 0)
(0.0026351861 5.3473632e-09 0)
(0.0026351845 4.2051746e-09 0)
(0.0026351832 3.2555045e-09 0)
(0.0026351822 2.4718025e-09 0)
(0.0026351813 1.8303917e-09 0)
(0.0026351806 1.3102848e-09 0)
(0.0026351801 8.9298566e-10 0)
(0.0026351797 5.6228372e-10 0)
(0.0026351793 3.0404876e-10 0)
(0.0026351791 1.0603004e-10 0)
(0.0026351789 -4.2336489e-11 0)
(0.0026351787 -1.5011064e-10 0)
(0.0026351786 -2.2501853e-10 0)
(0.0026351785 -2.7361046e-10 0)
(0.0026351785 -3.014057e-10 0)
(0.0026351785 -3.1302432e-10 0)
(0.0026351785 -3.1230627e-10 0)
(0.0026351785 -3.024183e-10 0)
(0.0026351785 -2.8594942e-10 0)
(0.0026351785 -2.6499553e-10 0)
(0.0026351785 -2.4123412e-10 0)
(0.0026351785 -2.1598985e-10 0)
(0.0026351785 -1.902918e-10 0)
(0.0026351786 -1.6492311e-10 0)
(0.0026351786 -1.4046398e-10 0)
(0.0026351786 -1.1732852e-10 0)
(0.0026351786 -9.5796279e-11 0)
(0.0026351786 -7.6039024e-11 0)
(0.0026351787 -5.814332e-11 0)
(0.0026351787 -4.2129502e-11 0)
(0.0026351787 -2.7967456e-11 0)
(0.0026351787 -1.558967e-11 0)
(0.0026351787 -4.9019173e-12 0)
(0.0026351787 4.208071e-12 0)
(0.0026351787 1.1863651e-11 0)
(0.0026351787 1.8193763e-11 0)
(0.0026351787 2.3328639e-11 0)
(0.0026351788 2.7396536e-11 0)
(0.0026351788 3.0521307e-11 0)
(0.0026351788 3.2820651e-11 0)
(0.0026351788 3.4404939e-11 0)
(0.0026351788 3.5376482e-11 0)
(0.0026351788 3.5829152e-11 0)
(0.0026351788 3.584829e-11 0)
(0.0026351788 3.551082e-11 0)
(0.0026351788 3.4885527e-11 0)
(0.0026351788 3.4033447e-11 0)
(0.0026351788 3.3008332e-11 0)
(0.0026351788 3.1857169e-11 0)
(0.0026351788 3.0620723e-11 0)
(0.0026351788 2.9334079e-11 0)
(0.0026351788 2.8027186e-11 0)
(0.0026351788 2.6725376e-11 0)
(0.0026351788 2.5449857e-11 0)
(0.0026351788 2.4218172e-11 0)
(0.0026351788 2.3044618e-11 0)
(0.0026351788 2.1940627e-11 0)
(0.0026351788 2.0915093e-11 0)
(0.0026351788 1.9974666e-11 0)
(0.0026351788 1.9123983e-11 0)
(0.0026351788 1.8365858e-11 0)
(0.0026351788 1.7701415e-11 0)
(0.0026351788 1.7130164e-11 0)
(0.0026351788 1.6650026e-11 0)
(0.0026351788 1.6257285e-11 0)
(0.0026351788 1.5946484e-11 0)
(0.0026351788 1.5710245e-11 0)
(0.0026351788 1.5539011e-11 0)
(0.0026351788 1.5420703e-11 0)
(0.0026351788 1.5340292e-11 0)
(0.0026351788 1.527926e-11 0)
(0.0026351788 1.5214962e-11 0)
(0.0026351788 1.5119862e-11 0)
(0.0026351788 1.4960648e-11 0)
(0.0026351788 1.4697203e-11 0)
(0.0026351788 1.4281434e-11 0)
(0.0026351788 1.3655941e-11 0)
(0.0026351788 1.2752537e-11 0)
(0.0026351788 1.1490587e-11 0)
(0.0026351788 9.7751919e-12 0)
(0.0026351788 7.4951985e-12 0)
(0.0026351788 4.5210626e-12 0)
(0.0026351788 7.0255566e-13 0)
(0.0026351788 -4.1336459e-12 0)
(0.0026351788 -1.0186469e-11 0)
(0.0026351788 -1.7683008e-11 0)
(0.0026351788 -2.688109e-11 0)
(0.0026351787 -3.8071787e-11 0)
(0.0026351787 -5.1581772e-11 0)
(0.0026351787 -6.777544e-11 0)
(0.0026351787 -8.7056655e-11 0)
(0.0026351787 -1.0987e-10 0)
(0.0026351787 -1.3670133e-10 0)
(0.0026351787 -1.6807747e-10 0)
(0.0026351788 -2.0456481e-10 0)
(0.0026351788 -2.4676656e-10 0)
(0.0026351788 -2.9531835e-10 0)
(0.0026351788 -3.5088193e-10 0)
(0.0026351788 -4.1413656e-10 0)
(0.0026351789 -4.8576772e-10 0)
(0.0026351789 -5.6645282e-10 0)
(0.002635179 -6.5684336e-10 0)
(0.0026351791 -7.5754316e-10 0)
(0.0026351792 -8.690822e-10 0)
(0.0026351793 -9.9188542e-10 0)
(0.0026351794 -1.1262361e-09 0)
(0.0026351795 -1.2722333e-09 0)
(0.0026351797 -1.4297427e-09 0)
(0.0026351799 -1.5983401e-09 0)
(0.0026351802 -1.7772478e-09 0)
(0.0026351804 -1.9652622e-09 0)
(0.0026351807 -2.1606728e-09 0)
(0.0026351811 -2.3611715e-09 0)
(0.0026351814 -2.5637496e-09 0)
(0.0026351818 -2.7645818e-09 0)
(0.0026351823 -2.9588956e-09 0)
(0.0026351828 -3.1408207e-09 0)
(0.0026351833 -3.3031834e-09 0)
(0.0026351838 -3.4372891e-09 0)
(0.0026351844 -3.5328342e-09 0)
(0.0026351849 -3.5783897e-09 0)
(0.0026351857 -3.5394937e-09 0)
(0.001804803 -2.6372324e-05 0)
(0.0018177993 -7.4700674e-05 0)
(0.0018428697 -0.00011708716 0)
(0.0018777633 -0.00015244063 0)
(0.0019200565 -0.00018020348 0)
(0.0019675814 -0.00020030034 0)
(0.0020182672 -0.00021307484 0)
(0.0020702737 -0.00021919257 0)
(0.0021220587 -0.000219532 0)
(0.0021723973 -0.00021508089 0)
(0.0022203725 -0.00020684878 0)
(0.0022653471 -0.00019580026 0)
(0.0023069238 -0.00018280978 0)
(0.0023449022 -0.00016863567 0)
(0.0023792357 -0.00015390968 0)
(0.0024099939 -0.00013913793 0)
(0.0024373285 -0.00012470964 0)
(0.0024614464 -0.00011091018 0)
(0.0024825879 -9.7936227e-05 0)
(0.0025010096 -8.5911293e-05 0)
(0.0025169724 -7.4900319e-05 0)
(0.0025307323 -6.4922887e-05 0)
(0.0025425341 -5.5964627e-05 0)
(0.0025526077 -4.7986783e-05 0)
(0.0025611655 -4.0934018e-05 0)
(0.0025684015 -3.4740616e-05 0)
(0.0025744911 -2.9335298e-05 0)
(0.0025795913 -2.464485e-05 0)
(0.0025838417 -2.0596793e-05 0)
(0.0025873656 -1.7121253e-05 0)
(0.0025902714 -1.415223e-05 0)
(0.0025926535 -1.1628371e-05 0)
(0.0025945938 -9.4933868e-06 0)
(0.0025961635 -7.6961995e-06 0)
(0.0025974234 -6.1908891e-06 0)
(0.0025984258 -4.9365086e-06 0)
(0.0025992152 -3.8968078e-06 0)
(0.0025998295 -3.0399018e-06 0)
(0.0026003006 -2.3379108e-06 0)
(0.0026006553 -1.7665902e-06 0)
(0.0026009162 -1.3049649e-06 0)
(0.0026011021 -9.3497661e-07 0)
(0.0026012285 -6.411515e-07 0)
(0.0026013084 -4.1029094e-07 0)
(0.0026013521 -2.3118797e-07 0)
(0.0026013683 -9.436968e-08 0)
(0.0026013641 8.1344584e-09 0)
(0.0026013449 8.2999591e-08 0)
(0.0026013152 1.3578898e-07 0)
(0.0026012786 1.7111577e-07 0)
(0.0026012378 1.9278477e-07 0)
(0.0026011949 2.0391603e-07 0)
(0.0026011516 2.0705217e-07 0)
(0.0026011089 2.0425096e-07 0)
(0.0026010678 1.9716498e-07 0)
(0.0026010289 1.8710985e-07 0)
(0.0026009924 1.7512233e-07 0)
(0.0026009587 1.6200969e-07 0)
(0.0026009278 1.4839143e-07 0)
(0.0026008997 1.3473436e-07 0)
(0.0026008743 1.2138206e-07 0)
(0.0026008516 1.0857941e-07 0)
(0.0026008314 9.6492935e-08 0)
(0.0026008134 8.5227668e-08 0)
(0.0026007976 7.4840939e-08 0)
(0.0026007838 6.5353677e-08 0)
(0.0026007717 5.6759553e-08 0)
(0.0026007611 4.9032363e-08 0)
(0.002600752 4.213191e-08 0)
(0.0026007442 3.6008668e-08 0)
(0.0026007374 3.0607433e-08 0)
(0.0026007317 2.5870133e-08 0)
(0.0026007268 2.1737976e-08 0)
(0.0026007226 1.8153037e-08 0)
(0.0026007191 1.505941e-08 0)
(0.0026007162 1.2404011e-08 0)
(0.0026007137 1.0137099e-08 0)
(0.0026007117 8.2125807e-09 0)
(0.00260071 6.5881567e-09 0)
(0.0026007086 5.225331e-09 0)
(0.0026007074 4.0893339e-09 0)
(0.0026007065 3.1489768e-09 0)
(0.0026007057 2.3764601e-09 0)
(0.0026007051 1.7471522e-09 0)
(0.0026007046 1.2393522e-09 0)
(0.0026007043 8.3404493e-10 0)
(0.002600704 5.1465736e-10 0)
(0.0026007037 2.6682072e-10 0)
(0.0026007036 7.8142725e-11 0)
(0.0026007034 -6.2007642e-11 0)
(0.0026007033 -1.6270089e-10 0)
(0.0026007033 -2.3163262e-10 0)
(0.0026007032 -2.752935e-10 0)
(0.0026007032 -2.9912375e-10 0)
(0.0026007032 -3.0765264e-10 0)
(0.0026007032 -3.0462347e-10 0)
(0.0026007032 -2.9310509e-10 0)
(0.0026007032 -2.7559067e-10 0)
(0.0026007032 -2.540848e-10 0)
(0.0026007032 -2.3017981e-10 0)
(0.0026007033 -2.0512244e-10 0)
(0.0026007033 -1.7987159e-10 0)
(0.0026007033 -1.5514825e-10 0)
(0.0026007033 -1.3147832e-10 0)
(0.0026007033 -1.0922921e-10 0)
(0.0026007033 -8.8640964e-11 0)
(0.0026007034 -6.9852418e-11 0)
(0.0026007034 -5.2923267e-11 0)
(0.0026007034 -3.7852383e-11 0)
(0.0026007034 -2.4592982e-11 0)
(0.0026007034 -1.3065065e-11 0)
(0.0026007034 -3.1655218e-12 0)
(0.0026007034 5.2237309e-12 0)
(0.0026007034 1.22293e-11 0)
(0.0026007034 1.7981262e-11 0)
(0.0026007035 2.2609285e-11 0)
(0.0026007035 2.6239716e-11 0)
(0.0026007035 2.8993462e-11 0)
(0.0026007035 3.0984524e-11 0)
(0.0026007035 3.2319052e-11 0)
(0.0026007035 3.30948e-11 0)
(0.0026007035 3.3400921e-11 0)
(0.0026007035 3.3318006e-11 0)
(0.0026007035 3.2918306e-11 0)
(0.0026007035 3.2266091e-11 0)
(0.0026007035 3.1418107e-11 0)
(0.0026007035 3.0424095e-11 0)
(0.0026007035 2.9327336e-11 0)
(0.0026007035 2.8165217e-11 0)
(0.0026007035 2.6969786e-11 0)
(0.0026007035 2.5768304e-11 0)
(0.0026007035 2.4583751e-11 0)
(0.0026007035 2.3435317e-11 0)
(0.0026007035 2.2338845e-11 0)
(0.0026007035 2.130723e-11 0)
(0.0026007035 2.0350777e-11 0)
(0.0026007035 1.9477506e-11 0)
(0.0026007035 1.869341e-11 0)
(0.0026007035 1.8002653e-11 0)
(0.0026007035 1.7407723e-11 0)
(0.0026007035 1.6909513e-11 0)
(0.0026007035 1.6507349e-11 0)
(0.0026007035 1.6198946e-11 0)
(0.0026007035 1.5980297e-11 0)
(0.0026007035 1.5845476e-11 0)
(0.0026007035 1.5786362e-11 0)
(0.0026007035 1.5792268e-11 0)
(0.0026007035 1.5849463e-11 0)
(0.0026007035 1.5940588e-11 0)
(0.0026007035 1.6043941e-11 0)
(0.0026007035 1.6132632e-11 0)
(0.0026007035 1.6173589e-11 0)
(0.0026007035 1.612641e-11 0)
(0.0026007035 1.5942033e-11 0)
(0.0026007035 1.5561244e-11 0)
(0.0026007035 1.4912981e-11 0)
(0.0026007035 1.3912447e-11 0)
(0.0026007035 1.2459032e-11 0)
(0.0026007035 1.0434021e-11 0)
(0.0026007035 7.6981353e-12 0)
(0.0026007035 4.0888647e-12 0)
(0.0026007035 -5.8233023e-13 0)
(0.0026007035 -6.532955e-12 0)
(0.0026007035 -1.4012495e-11 0)
(0.0026007035 -2.3305456e-11 0)
(0.0026007035 -3.4734359e-11 0)
(0.0026007034 -4.866258e-11 0)
(0.0026007034 -6.5496947e-11 0)
(0.0026007034 -8.5689936e-11 0)
(0.0026007034 -1.0974131e-10 0)
(0.0026007034 -1.3819902e-10 0)
(0.0026007034 -1.716591e-10 0)
(0.0026007034 -2.1076435e-10 0)
(0.0026007035 -2.5620155e-10 0)
(0.0026007035 -3.0869669e-10 0)
(0.0026007035 -3.6900815e-10 0)
(0.0026007035 -4.3791716e-10 0)
(0.0026007035 -5.1621526e-10 0)
(0.0026007036 -6.0468822e-10 0)
(0.0026007036 -7.0409596e-10 0)
(0.0026007037 -8.1514789e-10 0)
(0.0026007038 -9.3847308e-10 0)
(0.0026007039 -1.0745847e-09 0)
(0.002600704 -1.2238382e-09 0)
(0.0026007041 -1.3863822e-09 0)
(0.0026007042 -1.5621019e-09 0)
(0.0026007044 -1.7505542e-09 0)
(0.0026007046 -1.9508937e-09 0)
(0.0026007048 -2.1617888e-09 0)
(0.0026007051 -2.3813284e-09 0)
(0.0026007054 -2.6069151e-09 0)
(0.0026007057 -2.8351468e-09 0)
(0.0026007061 -3.0616817e-09 0)
(0.0026007064 -3.2810874e-09 0)
(0.0026007069 -3.4866689e-09 0)
(0.0026007073 -3.6702315e-09 0)
(0.0026007078 -3.821838e-09 0)
(0.0026007083 -3.9297203e-09 0)
(0.0026007087 -3.9808485e-09 0)
(0.0026007094 -3.9358691e-09 0)
(0.0018048538 -3.1644108e-05 0)
(0.0018184129 -8.9424629e-05 0)
(0.0018443742 -0.00013982309 0)
(0.0018802164 -0.00018153204 0)
(0.0019232561 -0.00021393105 0)
(0.0019711296 -0.0002370091 0)
(0.002021637 -0.0002512708 0)
(0.0020728816 -0.00025760336 0)
(0.0021233292 -0.00025713351 0)
(0.0021718127 -0.00025109673 0)
(0.0022175058 -0.00024073089 0)
(0.0022598782 -0.00022719857 0)
(0.0022986428 -0.00021153729 0)
(0.0023337027 -0.00019463355 0)
(0.0023651024 -0.00017721532 0)
(0.0023929861 -0.00015985735 0)
(0.002417564 -0.00014299469 0)
(0.002439085 -0.00012694057 0)
(0.0024578174 -0.00011190571 0)
(0.0024740338 -9.8017483e-05 0)
(0.0024880011 -8.533744e-05 0)
(0.0024999738 -7.3876838e-05 0)
(0.0025101896 -6.3609828e-05 0)
(0.0025188674 -5.4484367e-05 0)
(0.0025262061 -4.6430993e-05 0)
(0.0025323847 -3.9369734e-05 0)
(0.0025375632 -3.3215395e-05 0)
(0.0025418833 -2.7881517e-05 0)
(0.0025454698 -2.3283228e-05 0)
(0.002548432 -1.9339237e-05 0)
(0.0025508652 -1.5973135e-05 0)
(0.002552852 -1.3114177e-05 0)
(0.0025544638 -1.0697665e-05 0)
(0.0025557619 -8.6650433e-06 0)
(0.0025567989 -6.9637861e-06 0)
(0.0025576195 -5.5471432e-06 0)
(0.0025582618 -4.3737921e-06 0)
(0.0025587581 -3.4074359e-06 0)
(0.0025591353 -2.6163748e-06 0)
(0.0025594162 -1.9730711e-06 0)
(0.0025596198 -1.4537227e-06 0)
(0.0025597618 -1.0378548e-06 0)
(0.0025598554 -7.0793647e-07 0)
(0.0025599111 -4.4902505e-07 0)
(0.0025599379 -2.4844125e-07 0)
(0.0025599427 -9.5474637e-08 0)
(0.0025599314 1.8880984e-08 0)
(0.0025599085 1.0216339e-07 0)
(0.0025598778 1.6065086e-07 0)
(0.002559842 1.9954613e-07 0)
(0.0025598034 2.2313742e-07 0)
(0.0025597636 2.3493875e-07 0)
(0.002559724 2.3781163e-07 0)
(0.0025596855 2.3406999e-07 0)
(0.0025596486 2.255705e-07 0)
(0.002559614 2.1378969e-07 0)
(0.0025595817 1.9988976e-07 0)
(0.002559552 1.8477439e-07 0)
(0.0025595249 1.6913588e-07 0)
(0.0025595004 1.5349481e-07 0)
(0.0025594783 1.3823326e-07 0)
(0.0025594585 1.236225e-07 0)
(0.002559441 1.0984594e-07 0)
(0.0025594255 9.7018099e-08 0)
(0.0025594119 8.5200196e-08 0)
(0.0025593999 7.4412798e-08 0)
(0.0025593895 6.464614e-08 0)
(0.0025593805 5.5868399e-08 0)
(0.0025593727 4.8032303e-08 0)
(0.002559366 4.1080352e-08 0)
(0.0025593602 3.4948898e-08 0)
(0.0025593553 2.9571295e-08 0)
(0.0025593512 2.4880279e-08 0)
(0.0025593476 2.0809739e-08 0)
(0.0025593447 1.7295992e-08 0)
(0.0025593422 1.4278659e-08 0)
(0.0025593401 1.1701239e-08 0)
(0.0025593383 9.5114367e-09 0)
(0.0025593369 7.6613048e-09 0)
(0.0025593357 6.1072462e-09 0)
(0.0025593347 4.8099142e-09 0)
(0.0025593339 3.7340384e-09 0)
(0.0025593333 2.8481996e-09 0)
(0.0025593328 2.124574e-09 0)
(0.0025593324 1.5386586e-09 0)
(0.0025593321 1.0689913e-09 0)
(0.0025593318 6.9687133e-10 0)
(0.0025593316 4.0608844e-10 0)
(0.0025593315 1.8266332e-10 0)
(0.0025593314 1.4603307e-11 0)
(0.0025593313 -1.0832546e-10 0)
(0.0025593312 -1.9480818e-10 0)
(0.0025593312 -2.5217368e-10 0)
(0.0025593312 -2.8656891e-10 0)
(0.0025593312 -3.0311631e-10 0)
(0.0025593312 -3.0605477e-10 0)
(0.0025593312 -2.9886506e-10 0)
(0.0025593312 -2.8438106e-10 0)
(0.0025593312 -2.6488757e-10 0)
(0.0025593312 -2.4220606e-10 0)
(0.0025593312 -2.1776943e-10 0)
(0.0025593312 -1.9268684e-10 0)
(0.0025593312 -1.6779954e-10 0)
(0.0025593313 -1.4372896e-10 0)
(0.0025593313 -1.209176e-10 0)
(0.0025593313 -9.9663841e-11 0)
(0.0025593313 -8.0151304e-11 0)
(0.0025593313 -6.2473441e-11 0)
(0.0025593313 -4.6654077e-11 0)
(0.0025593313 -3.2664373e-11 0)
(0.0025593314 -2.0436756e-11 0)
(0.0025593314 -9.876253e-12 0)
(0.0025593314 -8.6961353e-13 0)
(0.0025593314 6.7074268e-12 0)
(0.0025593314 1.2984453e-11 0)
(0.0025593314 1.8091976e-11 0)
(0.0025593314 2.2158114e-11 0)
(0.0025593314 2.530616e-11 0)
(0.0025593314 2.7652881e-11 0)
(0.0025593314 2.9307378e-11 0)
(0.0025593314 3.0370417e-11 0)
(0.0025593314 3.0934125e-11 0)
(0.0025593314 3.1081959e-11 0)
(0.0025593314 3.088889e-11 0)
(0.0025593314 3.0421736e-11 0)
(0.0025593314 2.9739607e-11 0)
(0.0025593314 2.8894423e-11 0)
(0.0025593314 2.7931468e-11 0)
(0.0025593314 2.6889968e-11 0)
(0.0025593314 2.5803662e-11 0)
(0.0025593314 2.4701371e-11 0)
(0.0025593314 2.3607529e-11 0)
(0.0025593314 2.2542687e-11 0)
(0.0025593314 2.1523978e-11 0)
(0.0025593314 2.0565541e-11 0)
(0.0025593314 1.9678895e-11 0)
(0.0025593314 1.8873257e-11 0)
(0.0025593314 1.815582e-11 0)
(0.0025593314 1.7531968e-11 0)
(0.0025593314 1.7005431e-11 0)
(0.0025593314 1.6578382e-11 0)
(0.0025593314 1.6251466e-11 0)
(0.0025593314 1.6023761e-11 0)
(0.0025593314 1.5892656e-11 0)
(0.0025593314 1.5853652e-11 0)
(0.0025593314 1.5900064e-11 0)
(0.0025593314 1.6022627e-11 0)
(0.0025593314 1.6208985e-11 0)
(0.0025593314 1.6443058e-11 0)
(0.0025593314 1.6704274e-11 0)
(0.0025593314 1.696665e-11 0)
(0.0025593314 1.7197711e-11 0)
(0.0025593314 1.735723e-11 0)
(0.0025593314 1.7395779e-11 0)
(0.0025593314 1.725308e-11 0)
(0.0025593314 1.6856138e-11 0)
(0.0025593314 1.6117156e-11 0)
(0.0025593314 1.4931219e-11 0)
(0.0025593314 1.3173756e-11 0)
(0.0025593314 1.0697781e-11 0)
(0.0025593314 7.3309154e-12 0)
(0.0025593314 2.8722333e-12 0)
(0.0025593314 -2.911044e-12 0)
(0.0025593314 -1.0286968e-11 0)
(0.0025593314 -1.9562327e-11 0)
(0.0025593314 -3.1086066e-11 0)
(0.0025593314 -4.5252579e-11 0)
(0.0025593314 -6.250473e-11 0)
(0.0025593314 -8.3336462e-11 0)
(0.0025593314 -1.0829482e-10 0)
(0.0025593314 -1.3798114e-10 0)
(0.0025593314 -1.730512e-10 0)
(0.0025593314 -2.1421404e-10 0)
(0.0025593314 -2.6222906e-10 0)
(0.0025593314 -3.1790113e-10 0)
(0.0025593314 -3.8207326e-10 0)
(0.0025593314 -4.5561634e-10 0)
(0.0025593314 -5.3941555e-10 0)
(0.0025593315 -6.3435277e-10 0)
(0.0025593315 -7.412846e-10 0)
(0.0025593316 -8.6101516e-10 0)
(0.0025593316 -9.9426319e-10 0)
(0.0025593317 -1.1416226e-09 0)
(0.0025593318 -1.3035161e-09 0)
(0.0025593319 -1.4801403e-09 0)
(0.002559332 -1.6714026e-09 0)
(0.0025593321 -1.8768489e-09 0)
(0.0025593323 -2.0955799e-09 0)
(0.0025593325 -2.3261578e-09 0)
(0.0025593327 -2.5665004e-09 0)
(0.0025593329 -2.8137616e-09 0)
(0.0025593332 -3.0641979e-09 0)
(0.0025593335 -3.3130173e-09 0)
(0.0025593338 -3.5542111e-09 0)
(0.0025593341 -3.7803627e-09 0)
(0.0025593345 -3.9823873e-09 0)
(0.0025593349 -4.1492711e-09 0)
(0.0025593353 -4.2679996e-09 0)
(0.0025593357 -4.3241482e-09 0)
(0.0025593362 -4.2744572e-09 0)
(0.0018049177 -3.7176608e-05 0)
(0.0018191699 -0.00010476112 0)
(0.0018462107 -0.0001633142 0)
(0.0018831752 -0.00021130719 0)
(0.0019270562 -0.00024808678 0)
(0.0019752553 -0.00027375791 0)
(0.0020254283 -0.0002890463 0)
(0.0020756265 -0.00029511804 0)
(0.0021243433 -0.00029339499 0)
(0.0021704967 -0.00028539333 0)
(0.0022133803 -0.0002725981 0)
(0.0022525985 -0.00025637647 0)
(0.002287998 -0.00023792635 0)
(0.0023196036 -0.00021825357 0)
(0.0023475636 -0.00019816991 0)
(0.0023721055 -0.00017830507 0)
(0.002393502 -0.0001591265 0)
(0.002412046 -0.00014096297 0)
(0.0024280329 -0.00012402872 0)
(0.0024417492 -0.00010844629 0)
(0.0024534649 -9.4267038e-05 0)
(0.0024634295 -8.1488788e-05 0)
(0.00247187 -7.0070587e-05 0)
(0.0024789906 -5.9944701e-05 0)
(0.0024849734 -5.1026129e-05 0)
(0.0024899794 -4.3219982e-05 0)
(0.0024941502 -3.6427069e-05 0)
(0.0024976095 -3.0548005e-05 0)
(0.0025004649 -2.5486138e-05 0)
(0.0025028099 -2.1149541e-05 0)
(0.0025047249 -1.7452286e-05 0)
(0.0025062791 -1.4315163e-05 0)
(0.0025075319 -1.1665995e-05 0)
(0.002508534 -9.4396498e-06 0)
(0.0025093284 -7.5778468e-06 0)
(0.0025099517 -6.0288232e-06 0)
(0.0025104346 -4.7469075e-06 0)
(0.0025108033 -3.6920449e-06 0)
(0.0025110793 -2.8293009e-06 0)
(0.0025112809 -2.1283636e-06 0)
(0.0025114231 -1.5630611e-06 0)
(0.0025115184 -1.1109017e-06 0)
(0.0025115771 -7.5264446e-07 0)
(0.0025116076 -4.7190251e-07 0)
(0.0025116166 -2.5478198e-07 0)
(0.0025116098 -8.9555107e-08 0)
(0.0025115915 3.3632613e-08 0)
(0.0025115652 1.2302304e-07 0)
(0.0025115338 1.8547592e-07 0)
(0.0025114994 2.2667165e-07 0)
(0.0025114635 2.512885e-07 0)
(0.0025114276 2.6315703e-07 0)
(0.0025113924 2.6539374e-07 0)
(0.0025113586 2.6051634e-07 0)
(0.0025113267 2.5054283e-07 0)
(0.0025112969 2.3707609e-07 0)
(0.0025112694 2.2137599e-07 0)
(0.0025112442 2.0442051e-07 0)
(0.0025112214 1.8695733e-07 0)
(0.0025112008 1.6954721e-07 0)
(0.0025111824 1.5260033e-07 0)
(0.002511166 1.3640647e-07 0)
(0.0025111514 1.2116015e-07 0)
(0.0025111386 1.0698129e-07 0)
(0.0025111274 9.3932126e-08 0)
(0.0025111176 8.2031114e-08 0)
(0.0025111091 7.1264064e-08 0)
(0.0025111018 6.1593167e-08 0)
(0.0025110954 5.2964159e-08 0)
(0.00251109 4.5311983e-08 0)
(0.0025110853 3.8565206e-08 0)
(0.0025110813 3.2649412e-08 0)
(0.002511078 2.7489773e-08 0)
(0.0025110751 2.3012944e-08 0)
(0.0025110727 1.9148426e-08 0)
(0.0025110707 1.5829499e-08 0)
(0.002511069 1.2993819e-08 0)
(0.0025110676 1.0583758e-08 0)
(0.0025110665 8.5465365e-09 0)
(0.0025110655 6.8342104e-09 0)
(0.0025110648 5.4035488e-09 0)
(0.0025110641 4.215829e-09 0)
(0.0025110636 3.2365808e-09 0)
(0.0025110632 2.4352973e-09 0)
(0.0025110629 1.7851277e-09 0)
(0.0025110626 1.2625647e-09 0)
(0.0025110624 8.4713425e-10 0)
(0.0025110623 5.2109477e-10 0)
(0.0025110621 2.6915064e-10 0)
(0.0025110621 7.8182295e-11 0)
(0.002511062 -6.3004771e-11 0)
(0.002511062 -1.639112e-10 0)
(0.0025110619 -2.3255501e-10 0)
(0.0025110619 -2.7566317e-10 0)
(0.0025110619 -2.9884401e-10 0)
(0.0025110619 -3.0674157e-10 0)
(0.0025110619 -3.031729e-10 0)
(0.0025110619 -2.9124949e-10 0)
(0.0025110619 -2.7348414e-10 0)
(0.0025110619 -2.5188453e-10 0)
(0.0025110619 -2.2803466e-10 0)
(0.0025110619 -2.031655e-10 0)
(0.002511062 -1.7821579e-10 0)
(0.002511062 -1.5388433e-10 0)
(0.002511062 -1.3067447e-10 0)
(0.002511062 -1.0893192e-10 0)
(0.002511062 -8.8876652e-11 0)
(0.002511062 -7.0629639e-11 0)
(0.002511062 -5.4235137e-11 0)
(0.002511062 -3.9679112e-11 0)
(0.002511062 -2.6904379e-11 0)
(0.0025110621 -1.5822909e-11 0)
(0.0025110621 -6.3257557e-12 0)
(0.0025110621 1.7090418e-12 0)
(0.0025110621 8.4102499e-12 0)
(0.0025110621 1.3908636e-11 0)
(0.0025110621 1.8333332e-11 0)
(0.0025110621 2.1809153e-11 0)
(0.0025110621 2.4454704e-11 0)
(0.0025110621 2.6381095e-11 0)
(0.0025110621 2.7691174e-11 0)
(0.0025110621 2.8479139e-11 0)
(0.0025110621 2.8830461e-11 0)
(0.0025110621 2.882203e-11 0)
(0.0025110621 2.852247e-11 0)
(0.0025110621 2.799258e-11 0)
(0.0025110621 2.7285845e-11 0)
(0.0025110621 2.6448997e-11 0)
(0.0025110621 2.5522602e-11 0)
(0.0025110621 2.4541649e-11 0)
(0.0025110621 2.3536123e-11 0)
(0.0025110621 2.253156e-11 0)
(0.0025110621 2.1549561e-11 0)
(0.0025110621 2.0608277e-11 0)
(0.0025110621 1.9722846e-11 0)
(0.0025110621 1.8905779e-11 0)
(0.0025110621 1.8167298e-11 0)
(0.0025110621 1.7515624e-11 0)
(0.0025110621 1.6957202e-11 0)
(0.0025110621 1.6496865e-11 0)
(0.0025110621 1.6137943e-11 0)
(0.0025110621 1.5882293e-11 0)
(0.0025110621 1.5730263e-11 0)
(0.0025110621 1.5680569e-11 0)
(0.0025110621 1.573009e-11 0)
(0.0025110621 1.5873555e-11 0)
(0.0025110621 1.6103134e-11 0)
(0.0025110621 1.6407902e-11 0)
(0.0025110621 1.6773168e-11 0)
(0.0025110621 1.7179666e-11 0)
(0.0025110621 1.7602577e-11 0)
(0.0025110621 1.8010377e-11 0)
(0.0025110621 1.8363492e-11 0)
(0.0025110621 1.8612751e-11 0)
(0.0025110621 1.8697605e-11 0)
(0.0025110621 1.8544129e-11 0)
(0.0025110621 1.8062757e-11 0)
(0.0025110621 1.7145793e-11 0)
(0.0025110621 1.5664644e-11 0)
(0.0025110621 1.3466826e-11 0)
(0.0025110621 1.0372714e-11 0)
(0.0025110621 6.1720956e-12 0)
(0.0025110621 6.205431e-13 0)
(0.0025110621 -6.5643531e-12 0)
(0.0025110621 -1.5706809e-11 0)
(0.0025110621 -2.7176649e-11 0)
(0.0025110621 -4.1392976e-11 0)
(0.0025110621 -5.8827586e-11 0)
(0.0025110621 -8.0007945e-11 0)
(0.0025110621 -1.0551955e-10 0)
(0.0025110621 -1.3600743e-10 0)
(0.0025110621 -1.7217653e-10 0)
(0.0025110621 -2.1479064e-10 0)
(0.0025110621 -2.6466957e-10 0)
(0.0025110621 -3.2268411e-10 0)
(0.0025110621 -3.8974837e-10 0)
(0.0025110621 -4.66809e-10 0)
(0.0025110621 -5.5483073e-10 0)
(0.0025110621 -6.5477765e-10 0)
(0.0025110621 -7.6758964e-10 0)
(0.0025110622 -8.9415314e-10 0)
(0.0025110622 -1.0352657e-09 0)
(0.0025110622 -1.1915933e-09 0)
(0.0025110623 -1.3636199e-09 0)
(0.0025110624 -1.5515884e-09 0)
(0.0025110625 -1.7554312e-09 0)
(0.0025110626 -1.9746914e-09 0)
(0.0025110627 -2.2084319e-09 0)
(0.0025110628 -2.4551326e-09 0)
(0.002511063 -2.7125743e-09 0)
(0.0025110632 -2.9777081e-09 0)
(0.0025110634 -3.2465083e-09 0)
(0.0025110636 -3.513808e-09 0)
(0.0025110638 -3.7731163e-09 0)
(0.0025110641 -4.0164125e-09 0)
(0.0025110644 -4.2338686e-09 0)
(0.0025110647 -4.4135794e-09 0)
(0.002511065 -4.5415069e-09 0)
(0.0025110653 -4.6021076e-09 0)
(0.0025110657 -4.5492277e-09 0)
(0.0018049979 -4.3029369e-05 0)
(0.0018200941 -0.0001208393 0)
(0.0018484242 -0.00018770098 0)
(0.0018866885 -0.00024186364 0)
(0.0019314825 -0.00028268606 0)
(0.0019799332 -0.00031046007 0)
(0.0020295426 -0.00032621088 0)
(0.0020783247 -0.00033145469 0)
(0.0021248301 -0.00032796374 0)
(0.0021680985 -0.00031757109 0)
(0.0022075795 -0.00030202706 0)
(0.0022430435 -0.00028290691 0)
(0.002274495 -0.00026156196 0)
(0.002302098 -0.00023910397 0)
(0.0023261154 -0.00021641216 0)
(0.0023468635 -0.00019415409 0)
(0.002364679 -0.00017281357 0)
(0.0023798973 -0.00015272082 0)
(0.0023928378 -0.00013408178 0)
(0.0024037966 -0.00011700476 0)
(0.0024130422 -0.00010152376 0)
(0.0024208144 -8.7617954e-05 0)
(0.0024273252 -7.522773e-05 0)
(0.0024327599 -6.4267431e-05 0)
(0.0024372799 -5.4635326e-05 0)
(0.002441025 -4.6221214e-05 0)
(0.0024441153 -3.8912078e-05 0)
(0.0024466542 -3.2596185e-05 0)
(0.0024487301 -2.7165938e-05 0)
(0.0024504184 -2.2519775e-05 0)
(0.0024517834 -1.8563325e-05 0)
(0.0024528796 -1.5210011e-05 0)
(0.0024537533 -1.2381251e-05 0)
(0.0024544433 -1.0006365e-05 0)
(0.0024549827 -8.0222815e-06 0)
(0.0024553989 -6.3731107e-06 0)
(0.0024557152 -5.0096373e-06 0)
(0.0024559507 -3.8887728e-06 0)
(0.0024561216 -2.9729927e-06 0)
(0.002456241 -2.2297812e-06 0)
(0.00245632 -1.6310966e-06 0)
(0.0024563674 -1.1528661e-06 0)
(0.0024563906 -7.7451667e-07 0)
(0.0024563956 -4.7854292e-07 0)
(0.0024563871 -2.5011557e-07 0)
(0.0024563689 -7.6727759e-08 0)
(0.0024563441 5.2121053e-08 0)
(0.0024563151 1.452059e-07 0)
(0.0024562837 2.0982429e-07 0)
(0.0024562513 2.5201397e-07 0)
(0.0024562189 2.7674318e-07 0)
(0.0024561874 2.8807605e-07 0)
(0.0024561573 2.8931574e-07 0)
(0.0024561288 2.8312782e-07 0)
(0.0024561024 2.7164611e-07 0)
(0.002456078 2.5656308e-07 0)
(0.0024560557 2.3920683e-07 0)
(0.0024560356 2.2060623e-07 0)
(0.0024560174 2.0154598e-07 0)
(0.0024560011 1.8261276e-07 0)
(0.0024559867 1.6423393e-07 0)
(0.0024559739 1.4670966e-07 0)
(0.0024559626 1.3023959e-07 0)
(0.0024559528 1.1494479e-07 0)
(0.0024559442 1.0088575e-07 0)
(0.0024559367 8.8077033e-08 0)
(0.0024559302 7.6499137e-08 0)
(0.0024559246 6.6108001e-08 0)
(0.0024559198 5.6842581e-08 0)
(0.0024559157 4.8630819e-08 0)
(0.0024559122 4.1394281e-08 0)
(0.0024559093 3.5051733e-08 0)
(0.0024559067 2.9521815e-08 0)
(0.0024559046 2.472503e-08 0)
(0.0024559028 2.0585149e-08 0)
(0.0024559014 1.7030169e-08 0)
(0.0024559001 1.3992925e-08 0)
(0.0024558991 1.1411417e-08 0)
(0.0024558982 9.2289346e-09 0)
(0.0024558975 7.3940181e-09 0)
(0.002455897 5.8603116e-09 0)
(0.0024558965 4.5863302e-09 0)
(0.0024558961 3.5351739e-09 0)
(0.0024558958 2.6742092e-09 0)
(0.0024558956 1.9747324e-09 0)
(0.0024558954 1.4116285e-09 0)
(0.0024558953 9.6303515e-10 0)
(0.0024558951 6.100165e-10 0)
(0.0024558951 3.3625404e-10 0)
(0.002455895 1.277556e-10 0)
(0.0024558949 -2.7414619e-11 0)
(0.0024558949 -1.3938441e-10 0)
(0.0024558949 -2.1670018e-10 0)
(0.0024558949 -2.6653216e-10 0)
(0.0024558949 -2.9485891e-10 0)
(0.0024558949 -3.0663233e-10 0)
(0.0024558949 -3.0592424e-10 0)
(0.0024558949 -2.9605598e-10 0)
(0.0024558949 -2.7971228e-10 0)
(0.0024558949 -2.5904091e-10 0)
(0.0024558949 -2.3573938e-10 0)
(0.0024558949 -2.1113002e-10 0)
(0.0024558949 -1.8622466e-10 0)
(0.0024558949 -1.6178004e-10 0)
(0.0024558949 -1.3834513e-10 0)
(0.0024558949 -1.1630119e-10 0)
(0.0024558949 -9.5895597e-11 0)
(0.002455895 -7.7270154e-11 0)
(0.002455895 -6.0484729e-11 0)
(0.002455895 -4.5536755e-11 0)
(0.002455895 -3.2377253e-11 0)
(0.002455895 -2.0923876e-11 0)
(0.002455895 -1.1071412e-11 0)
(0.002455895 -2.7001608e-12 0)
(0.002455895 4.3174818e-12 0)
(0.002455895 1.0111922e-11 0)
(0.002455895 1.4812506e-11 0)
(0.002455895 1.8544655e-11 0)
(0.002455895 2.1427834e-11 0)
(0.002455895 2.3574174e-11 0)
(0.002455895 2.5087617e-11 0)
(0.002455895 2.6063486e-11 0)
(0.002455895 2.6588364e-11 0)
(0.002455895 2.6740219e-11 0)
(0.002455895 2.6588704e-11 0)
(0.002455895 2.6195592e-11 0)
(0.002455895 2.5615286e-11 0)
(0.002455895 2.4895384e-11 0)
(0.002455895 2.4077268e-11 0)
(0.002455895 2.3196709e-11 0)
(0.0024558951 2.2284441e-11 0)
(0.0024558951 2.1366728e-11 0)
(0.0024558951 2.0465894e-11 0)
(0.0024558951 1.9600815e-11 0)
(0.0024558951 1.8787365e-11 0)
(0.0024558951 1.8038813e-11 0)
(0.0024558951 1.7366176e-11 0)
(0.0024558951 1.677851e-11 0)
(0.0024558951 1.6283148e-11 0)
(0.0024558951 1.5885872e-11 0)
(0.0024558951 1.5591025e-11 0)
(0.0024558951 1.5401551e-11 0)
(0.0024558951 1.5318956e-11 0)
(0.0024558951 1.5343193e-11 0)
(0.0024558951 1.5472446e-11 0)
(0.0024558951 1.5702818e-11 0)
(0.0024558951 1.6027908e-11 0)
(0.0024558951 1.6438254e-11 0)
(0.0024558951 1.6920648e-11 0)
(0.0024558951 1.7457288e-11 0)
(0.0024558951 1.8024763e-11 0)
(0.0024558951 1.8592846e-11 0)
(0.0024558951 1.9123096e-11 0)
(0.0024558951 1.9567223e-11 0)
(0.0024558951 1.9865222e-11 0)
(0.0024558951 1.9943262e-11 0)
(0.0024558951 1.97113e-11 0)
(0.0024558951 1.9060438e-11 0)
(0.0024558951 1.7859993e-11 0)
(0.0024558951 1.5954306e-11 0)
(0.002455895 1.3159284e-11 0)
(0.002455895 9.2587183e-12 0)
(0.002455895 4.0003873e-12 0)
(0.002455895 -2.907982e-12 0)
(0.002455895 -1.1802841e-11 0)
(0.002455895 -2.3068934e-11 0)
(0.002455895 -3.7143301e-11 0)
(0.002455895 -5.4519014e-11 0)
(0.002455895 -7.5748483e-11 0)
(0.002455895 -1.0144612e-10 0)
(0.002455895 -1.3229014e-10 0)
(0.002455895 -1.6902312e-10 0)
(0.002455895 -2.124512e-10 0)
(0.002455895 -2.6344123e-10 0)
(0.002455895 -3.2291579e-10 0)
(0.002455895 -3.9184529e-10 0)
(0.002455895 -4.7123688e-10 0)
(0.002455895 -5.6211937e-10 0)
(0.002455895 -6.6552374e-10 0)
(0.002455895 -7.8245834e-10 0)
(0.002455895 -9.1387816e-10 0)
(0.002455895 -1.0606474e-09 0)
(0.002455895 -1.2234943e-09 0)
(0.0024558951 -1.4029577e-09 0)
(0.0024558951 -1.5993239e-09 0)
(0.0024558952 -1.8125533e-09 0)
(0.0024558952 -2.0421955e-09 0)
(0.0024558953 -2.2872925e-09 0)
(0.0024558954 -2.5462685e-09 0)
(0.0024558955 -2.8168048e-09 0)
(0.0024558956 -3.0957002e-09 0)
(0.0024558958 -3.3787128e-09 0)
(0.0024558959 -3.6603839e-09 0)
(0.0024558961 -3.9338445e-09 0)
(0.0024558963 -4.1905985e-09 0)
(0.0024558965 -4.4202341e-09 0)
(0.0024558967 -4.6101535e-09 0)
(0.0024558969 -4.7455433e-09 0)
(0.0024558971 -4.8100023e-09 0)
(0.0024558974 -4.7555925e-09 0)
(0.0018050983 -4.9272898e-05 0)
(0.0018212175 -0.00013780645 0)
(0.0018510719 -0.00021313389 0)
(0.0018908148 -0.00027328968 0)
(0.0019365582 -0.00031771174 0)
(0.0019851164 -0.0003469757 0)
(0.0020338373 -0.00036250742 0)
(0.0020807264 -0.00036626006 0)
(0.0021244353 -0.00036041927 0)
(0.0021641722 -0.00034717239 0)
(0.0021995855 -0.00032855003 0)
(0.0022306459 -0.00030633353 0)
(0.0022575403 -0.00028201456 0)
(0.0022805868 -0.00025679172 0)
(0.0023001704 -0.00023159046 0)
(0.0023166976 -0.00020709556 0)
(0.0023305671 -0.00018378864 0)
(0.0023421515 -0.00016198564 0)
(0.0023517887 -0.00014187151 0)
(0.0023597777 -0.00012353061 0)
(0.0023663793 -0.00010697237 0)
(0.0023718176 -9.215234e-05 0)
(0.002376284 -7.8989004e-05 0)
(0.0023799407 -6.737694e-05 0)
(0.0023829243 -5.7196896e-05 0)
(0.0023853497 -4.8323332e-05 0)
(0.0023873132 -4.0629928e-05 0)
(0.0023888953 -3.3993485e-05 0)
(0.0023901632 -2.8296575e-05 0)
(0.0023911728 -2.3429227e-05 0)
(0.0023919709 -1.92899e-05 0)
(0.0023925963 -1.5785916e-05 0)
(0.0023930812 -1.2833505e-05 0)
(0.0023934523 -1.0357586e-05 0)
(0.0023937316 -8.2913553e-06 0)
(0.0023939374 -6.575763e-06 0)
(0.0023940848 -5.1589241e-06 0)
(0.002394186 -3.9954964e-06 0)
(0.0023942511 -3.0460571e-06 0)
(0.0023942884 -2.276495e-06 0)
(0.0023943044 -1.6574306e-06 0)
(0.0023943045 -1.1636722e-06 0)
(0.002394293 -7.7371392e-07 0)
(0.0023942734 -4.6927541e-07 0)
(0.0023942483 -2.3488567e-07 0)
(0.0023942197 -5.7508827e-08 0)
(0.0023941894 7.3789814e-08 0)
(0.0023941585 1.6813976e-07 0)
(0.002394128 2.3312629e-07 0)
(0.0023940984 2.7501926e-07 0)
(0.0023940703 2.9897272e-07 0)
(0.0023940439 3.0919832e-07 0)
(0.0023940194 3.0911516e-07 0)
(0.002393997 3.0147886e-07 0)
(0.0023939765 2.8849214e-07 0)
(0.002393958 2.7189928e-07 0)
(0.0023939413 2.5306638e-07 0)
(0.0023939265 2.3304933e-07 0)
(0.0023939133 2.1265112e-07 0)
(0.0023939017 1.9246992e-07 0)
(0.0023938914 1.729393e-07 0)
(0.0023938824 1.5436162e-07 0)
(0.0023938746 1.3693574e-07 0)
(0.0023938678 1.2077978e-07 0)
(0.0023938619 1.0594977e-07 0)
(0.0023938569 9.2454801e-08 0)
(0.0023938525 8.026931e-08 0)
(0.0023938488 6.9342879e-08 0)
(0.0023938456 5.9608052e-08 0)
(0.0023938429 5.0986472e-08 0)
(0.0023938406 4.3393644e-08 0)
(0.0023938387 3.6742592e-08 0)
(0.0023938371 3.0946593e-08 0)
(0.0023938357 2.592119e-08 0)
(0.0023938346 2.1585613e-08 0)
(0.0023938336 1.7863735e-08 0)
(0.0023938329 1.4684673e-08 0)
(0.0023938322 1.1983098e-08 0)
(0.0023938317 9.6993323e-09 0)
(0.0023938312 7.7792931e-09 0)
(0.0023938309 6.1743121e-09 0)
(0.0023938306 4.8408776e-09 0)
(0.0023938304 3.7403217e-09 0)
(0.0023938302 2.8384748e-09 0)
(0.00239383 2.1053049e-09 0)
(0.0023938299 1.5145529e-09 0)
(0.0023938298 1.0433746e-09 0)
(0.0023938297 6.7199591e-10 0)
(0.0023938297 3.8338443e-10 0)
(0.0023938296 1.6294308e-10 0)
(0.0023938296 -1.7746825e-12 0)
(0.0023938296 -1.2132619e-10 0)
(0.0023938296 -2.0461763e-10 0)
(0.0023938295 -2.5911929e-10 0)
(0.0023938295 -2.9105904e-10 0)
(0.0023938295 -3.0559495e-10 0)
(0.0023938295 -3.0696865e-10 0)
(0.0023938295 -2.9864065e-10 0)
(0.0023938295 -2.8340926e-10 0)
(0.0023938295 -2.6351443e-10 0)
(0.0023938295 -2.4072816e-10 0)
(0.0023938296 -2.1643257e-10 0)
(0.0023938296 -1.9168727e-10 0)
(0.0023938296 -1.6728694e-10 0)
(0.0023938296 -1.4381043e-10 0)
(0.0023938296 -1.2166242e-10 0)
(0.0023938296 -1.0110846e-10 0)
(0.0023938296 -8.2304377e-11 0)
(0.0023938296 -6.5320724e-11 0)
(0.0023938296 -5.0162998e-11 0)
(0.0023938296 -3.6788235e-11 0)
(0.0023938296 -2.5118508e-11 0)
(0.0023938296 -1.5051794e-11 0)
(0.0023938296 -6.4706481e-12 0)
(0.0023938296 7.5098314e-13 0)
(0.0023938296 6.7424838e-12 0)
(0.0023938296 1.1632563e-11 0)
(0.0023938296 1.5546287e-11 0)
(0.0023938296 1.8602962e-11 0)
(0.0023938296 2.0914699e-11 0)
(0.0023938296 2.2585517e-11 0)
(0.0023938297 2.3710877e-11 0)
(0.0023938297 2.4377541e-11 0)
(0.0023938297 2.4663685e-11 0)
(0.0023938297 2.4639187e-11 0)
(0.0023938297 2.4366059e-11 0)
(0.0023938297 2.3898955e-11 0)
(0.0023938297 2.3285735e-11 0)
(0.0023938297 2.2568063e-11 0)
(0.0023938297 2.1782005e-11 0)
(0.0023938297 2.0958616e-11 0)
(0.0023938297 2.0124508e-11 0)
(0.0023938297 1.9302384e-11 0)
(0.0023938297 1.8511542e-11 0)
(0.0023938297 1.7768317e-11 0)
(0.0023938297 1.7086493e-11 0)
(0.0023938297 1.6477658e-11 0)
(0.0023938297 1.5951502e-11 0)
(0.0023938297 1.5516058e-11 0)
(0.0023938297 1.5177886e-11 0)
(0.0023938297 1.4942186e-11 0)
(0.0023938297 1.4812846e-11 0)
(0.0023938297 1.4792403e-11 0)
(0.0023938297 1.4881933e-11 0)
(0.0023938297 1.5080838e-11 0)
(0.0023938297 1.5386533e-11 0)
(0.0023938297 1.5794013e-11 0)
(0.0023938297 1.6295295e-11 0)
(0.0023938297 1.687872e-11 0)
(0.0023938297 1.7528087e-11 0)
(0.0023938297 1.8221614e-11 0)
(0.0023938297 1.8930704e-11 0)
(0.0023938297 1.9618503e-11 0)
(0.0023938297 2.0238221e-11 0)
(0.0023938297 2.0731201e-11 0)
(0.0023938297 2.1024739e-11 0)
(0.0023938297 2.1029613e-11 0)
(0.0023938297 2.0637329e-11 0)
(0.0023938297 1.9717084e-11 0)
(0.0023938297 1.811243e-11 0)
(0.0023938297 1.5637668e-11 0)
(0.0023938297 1.2073985e-11 0)
(0.0023938297 7.1653678e-12 0)
(0.0023938297 6.1435011e-13 0)
(0.0023938297 -7.9223415e-12 0)
(0.0023938297 -1.8838154e-11 0)
(0.0023938296 -3.2580969e-11 0)
(0.0023938296 -4.9657104e-11 0)
(0.0023938296 -7.0634891e-11 0)
(0.0023938296 -9.6147616e-11 0)
(0.0023938296 -1.2689555e-10 0)
(0.0023938296 -1.636468e-10 0)
(0.0023938296 -2.072366e-10 0)
(0.0023938296 -2.5856473e-10 0)
(0.0023938296 -3.1859048e-10 0)
(0.0023938296 -3.8832479e-10 0)
(0.0023938296 -4.6881898e-10 0)
(0.0023938296 -5.6114943e-10 0)
(0.0023938296 -6.6639747e-10 0)
(0.0023938295 -7.8562396e-10 0)
(0.0023938295 -9.1983756e-10 0)
(0.0023938295 -1.0699559e-09 0)
(0.0023938296 -1.2367587e-09 0)
(0.0023938296 -1.4208322e-09 0)
(0.0023938296 -1.6225032e-09 0)
(0.0023938296 -1.8417626e-09 0)
(0.0023938296 -2.0781762e-09 0)
(0.0023938296 -2.3307833e-09 0)
(0.0023938297 -2.5979803e-09 0)
(0.0023938297 -2.8773901e-09 0)
(0.0023938298 -3.1657133e-09 0)
(0.0023938298 -3.458563e-09 0)
(0.0023938299 -3.7502791e-09 0)
(0.00239383 -4.0337267e-09 0)
(0.0023938301 -4.3000721e-09 0)
(0.0023938302 -4.5384897e-09 0)
(0.0023938303 -4.735898e-09 0)
(0.0023938305 -4.8769602e-09 0)
(0.0023938306 -4.9446938e-09 0)
(0.0023938308 -4.8905072e-09 0)
(0.001805225 -5.5992394e-05 0)
(0.0018225824 -0.00015583274 0)
(0.001854226 -0.0002397737 0)
(0.0018956214 -0.00030565737 0)
(0.0019422979 -0.00035310044 0)
(0.0019907232 -0.00038309421 0)
(0.0020381073 -0.00039759415 0)
(0.0020824944 -0.00039909402 0)
(0.002122698 -0.00039026203 0)
(0.0021581543 -0.00037367535 0)
(0.00218876 -0.00035165335 0)
(0.0022147219 -0.0003261731 0)
(0.0022364318 -0.00029884535 0)
(0.0022543732 -0.00027092951 0)
(0.0022690555 -0.00024337079 0)
(0.0022809722 -0.00021684689 0)
(0.0022905768 -0.00019181641 0)
(0.002298271 -0.00016856414 0)
(0.0023044016 -0.00014724101 0)
(0.002309262 -0.00012789775 0)
(0.0023130968 -0.00011051249 0)
(0.0023161078 -9.5012699e-05 0)
(0.0023184599 -8.1292359e-05 0)
(0.0023202867 -6.922504e-05 0)
(0.0023216964 -5.8673734e-05 0)
(0.0023227756 -4.9498035e-05 0)
(0.002323594 -4.1559266e-05 0)
(0.0023242073 -3.4724007e-05 0)
(0.0023246598 -2.8866399e-05 0)
(0.0023249869 -2.3869541e-05 0)
(0.0023252167 -1.9626193e-05 0)
(0.0023253716 -1.6038998e-05 0)
(0.0023254692 -1.3020344e-05 0)
(0.0023255235 -1.0491996e-05 0)
(0.0023255455 -8.3845584e-06 0)
(0.0023255439 -6.6368556e-06 0)
(0.0023255253 -5.1952555e-06 0)
(0.0023254952 -4.0129829e-06 0)
(0.0023254575 -3.04944e-06 0)
(0.0023254152 -2.2695533e-06 0)
(0.0023253708 -1.6431568e-06 0)
(0.002325326 -1.1444177e-06 0)
(0.0023252819 -7.5130844e-07 0)
(0.0023252396 -4.4512606e-07 0)
(0.0023251996 -2.1005875e-07 0)
(0.0023251622 -3.2797009e-08 0)
(0.0023251277 9.7812072e-08 0)
(0.0023250961 1.910708e-07 0)
(0.0023250674 2.5470005e-07 0)
(0.0023250416 2.9507499e-07 0)
(0.0023250185 3.1743035e-07 0)
(0.002324998 3.2603856e-07 0)
(0.0023249797 3.2436355e-07 0)
(0.0023249637 3.1519304e-07 0)
(0.0023249496 3.0075175e-07 0)
(0.0023249374 2.827981e-07 0)
(0.0023249267 2.627062e-07 0)
(0.0023249174 2.4153533e-07 0)
(0.0023249094 2.2008834e-07 0)
(0.0023249025 1.9896077e-07 0)
(0.0023248967 1.785817e-07 0)
(0.0023248916 1.5924787e-07 0)
(0.0023248873 1.4115173e-07 0)
(0.0023248837 1.2440462e-07 0)
(0.0023248806 1.0905567e-07 0)
(0.002324878 9.510716e-08 0)
(0.0023248759 8.2526943e-08 0)
(0.002324874 7.1258348e-08 0)
(0.0023248725 6.1228057e-08 0)
(0.0023248712 5.2352285e-08 0)
(0.0023248702 4.4541559e-08 0)
(0.0023248693 3.7704375e-08 0)
(0.0023248686 3.1749924e-08 0)
(0.002324868 2.6590086e-08 0)
(0.0023248675 2.2140829e-08 0)
(0.0023248671 1.8323135e-08 0)
(0.0023248668 1.5063575e-08 0)
(0.0023248665 1.2294586e-08 0)
(0.0023248663 9.9545433e-09 0)
(0.0023248661 7.9876715e-09 0)
(0.0023248659 6.3438387e-09 0)
(0.0023248658 4.9782726e-09 0)
(0.0023248657 3.8512242e-09 0)
(0.0023248657 2.9276004e-09 0)
(0.0023248656 2.1765832e-09 0)
(0.0023248655 1.5712476e-09 0)
(0.0023248655 1.0881872e-09 0)
(0.0023248655 7.0715477e-10 0)
(0.0023248654 4.1072199e-10 0)
(0.0023248654 1.8396114e-10 0)
(0.0023248654 1.415088e-11 0)
(0.0023248654 -1.0949367e-10 0)
(0.0023248654 -1.9606637e-10 0)
(0.0023248654 -2.5319174e-10 0)
(0.0023248654 -2.8722386e-10 0)
(0.0023248654 -3.0342371e-10 0)
(0.0023248654 -3.0611651e-10 0)
(0.0023248654 -2.9883041e-10 0)
(0.0023248653 -2.8441828e-10 0)
(0.0023248653 -2.6516392e-10 0)
(0.0023248654 -2.4287446e-10 0)
(0.0023248654 -2.1896012e-10 0)
(0.0023248654 -1.9450291e-10 0)
(0.0023248654 -1.7031535e-10 0)
(0.0023248654 -1.4699053e-10 0)
(0.0023248654 -1.2494445e-10 0)
(0.0023248654 -1.0445173e-10 0)
(0.0023248654 -8.5675453e-11 0)
(0.0023248654 -6.869204e-11 0)
(0.0023248654 -5.3511753e-11 0)
(0.0023248654 -4.0095546e-11 0)
(0.0023248654 -2.8368735e-11 0)
(0.0023248654 -1.8232031e-11 0)
(0.0023248654 -9.5703107e-12 0)
(0.0023248654 -2.2595261e-12 0)
(0.0023248654 3.8279656e-12 0)
(0.0023248654 8.8193334e-12 0)
(0.0023248654 1.2838283e-11 0)
(0.0023248654 1.6002902e-11 0)
(0.0023248654 1.8424216e-11 0)
(0.0023248654 2.0205272e-11 0)
(0.0023248654 2.1440664e-11 0)
(0.0023248654 2.2216381e-11 0)
(0.0023248654 2.2609923e-11 0)
(0.0023248654 2.2690578e-11 0)
(0.0023248654 2.2519852e-11 0)
(0.0023248654 2.2151974e-11 0)
(0.0023248654 2.1634463e-11 0)
(0.0023248654 2.1008718e-11 0)
(0.0023248654 2.0310614e-11 0)
(0.0023248654 1.9571092e-11 0)
(0.0023248654 1.8816729e-11 0)
(0.0023248654 1.8070263e-11 0)
(0.0023248654 1.7351101e-11 0)
(0.0023248654 1.6675763e-11 0)
(0.0023248654 1.60583e-11 0)
(0.0023248654 1.5510639e-11 0)
(0.0023248654 1.5042894e-11 0)
(0.0023248655 1.4663602e-11 0)
(0.0023248655 1.4379924e-11 0)
(0.0023248655 1.4197746e-11 0)
(0.0023248655 1.4121743e-11 0)
(0.0023248655 1.4155339e-11 0)
(0.0023248655 1.430061e-11 0)
(0.0023248655 1.4558064e-11 0)
(0.0023248655 1.4926344e-11 0)
(0.0023248655 1.5401787e-11 0)
(0.0023248655 1.597788e-11 0)
(0.0023248655 1.6644552e-11 0)
(0.0023248655 1.7387314e-11 0)
(0.0023248655 1.8186202e-11 0)
(0.0023248655 1.901455e-11 0)
(0.0023248655 1.9837516e-11 0)
(0.0023248655 2.0610396e-11 0)
(0.0023248655 2.1276658e-11 0)
(0.0023248655 2.176573e-11 0)
(0.0023248655 2.1990478e-11 0)
(0.0023248655 2.184441e-11 0)
(0.0023248655 2.1198555e-11 0)
(0.0023248655 1.9898061e-11 0)
(0.0023248655 1.775849e-11 0)
(0.0023248654 1.4561846e-11 0)
(0.0023248654 1.0052361e-11 0)
(0.0023248654 3.9321147e-12 0)
(0.0023248654 -4.1434945e-12 0)
(0.0023248654 -1.4570277e-11 0)
(0.0023248654 -2.779971e-11 0)
(0.0023248654 -4.4343131e-11 0)
(0.0023248654 -6.4775547e-11 0)
(0.0023248654 -8.9738776e-11 0)
(0.0023248654 -1.1994372e-10 0)
(0.0023248654 -1.5617144e-10 0)
(0.0023248654 -1.9927265e-10 0)
(0.0023248654 -2.5016532e-10 0)
(0.0023248653 -3.0982982e-10 0)
(0.0023248653 -3.793012e-10 0)
(0.0023248653 -4.5965792e-10 0)
(0.0023248653 -5.520065e-10 0)
(0.0023248653 -6.5746135e-10 0)
(0.0023248653 -7.7711898e-10 0)
(0.0023248652 -9.1202587e-10 0)
(0.0023248652 -1.0631389e-09 0)
(0.0023248652 -1.2312779e-09 0)
(0.0023248652 -1.4170681e-09 0)
(0.0023248652 -1.6208734e-09 0)
(0.0023248651 -1.8427174e-09 0)
(0.0023248651 -2.0821918e-09 0)
(0.0023248651 -2.3383516e-09 0)
(0.0023248651 -2.6095954e-09 0)
(0.0023248651 -2.8935296e-09 0)
(0.0023248651 -3.186815e-09 0)
(0.0023248651 -3.4849947e-09 0)
(0.0023248651 -3.7823029e-09 0)
(0.0023248651 -4.0714576e-09 0)
(0.0023248651 -4.3434328e-09 0)
(0.0023248651 -4.5871659e-09 0)
(0.0023248651 -4.7893066e-09 0)
(0.0023248652 -4.9342465e-09 0)
(0.0023248652 -5.0047061e-09 0)
(0.0023248652 -4.9525446e-09 0)
(0.0018053864 -6.3292907e-05 0)
(0.0018242457 -0.000175117 0)
(0.0018579779 -0.0002677903 0)
(0.0019011836 -0.00033901154 0)
(0.0019486972 -0.00038872346 0)
(0.0019966182 -0.00041851143 0)
(0.0020420583 -0.00043102284 0)
(0.002083174 -0.00042941244 0)
(0.0021190217 -0.00041690279 0)
(0.0021493381 -0.00039648985 0)
(0.0021743233 -0.00037077918 0)
(0.0021944551 -0.00034192153 0)
(0.0022103486 -0.00031161508 0)
(0.0022226575 -0.00028114602 0)
(0.0022320113 -0.00025144729 0)
(0.002238981 -0.00022316185 0)
(0.0022440627 -0.00019670279 0)
(0.0022476742 -0.00017230638 0)
(0.0022501589 -0.00015007674 0)
(0.0022517934 -0.00013002205 0)
(0.0022527971 -0.00011208325 0)
(0.0022533411 -9.6156279e-05 0)
(0.0022535574 -8.21089e-05 0)
(0.0022535462 -6.9793267e-05 0)
(0.0022533828 -5.9055087e-05 0)
(0.002253123 -4.9740158e-05 0)
(0.0022528075 -4.169888e-05 0)
(0.0022524653 -3.4789245e-05 0)
(0.0022521168 -2.8878687e-05 0)
(0.0022517759 -2.3845086e-05 0)
(0.0022514516 -1.9577164e-05 0)
(0.0022511494 -1.5974453e-05 0)
(0.0022508722 -1.2946952e-05 0)
(0.0022506211 -1.0414601e-05 0)
(0.0022503961 -8.306615e-06 0)
(0.0022501962 -6.5607667e-06 0)
(0.0022500199 -5.1226333e-06 0)
(0.0022498655 -3.9448488e-06 0)
(0.0022497312 -2.9863789e-06 0)
(0.0022496148 -2.2118313e-06 0)
(0.0022495146 -1.5908112e-06 0)
(0.0022494288 -1.0973251e-06 0)
(0.0022493555 -7.0923697e-07 0)
(0.0022492934 -4.0777397e-07 0)
(0.0022492408 -1.7708339e-07 0)
(0.0022491966 -3.8362344e-09 0)
(0.0022491596 1.2312444e-07 0)
(0.0022491287 2.1309395e-07 0)
(0.0022491031 2.7377863e-07 0)
(0.002249082 3.1153412e-07 0)
(0.0022490647 3.3157259e-07 0)
(0.0022490506 3.3814236e-07 0)
(0.0022490392 3.3468279e-07 0)
(0.00224903 3.2395726e-07 0)
(0.0022490227 3.0816707e-07 0)
(0.0022490169 2.8904835e-07 0)
(0.0022490123 2.6795441e-07 0)
(0.0022490088 2.4592526e-07 0)
(0.0022490061 2.2374614e-07 0)
(0.0022490041 2.0199657e-07 0)
(0.0022490026 1.8109124e-07 0)
(0.0022490016 1.6131396e-07 0)
(0.0022490009 1.4284571e-07 0)
(0.0022490004 1.2578767e-07 0)
(0.0022490001 1.1018003e-07 0)
(0.002249 9.6017256e-08 0)
(0.002249 8.3260372e-08 0)
(0.002249 7.18468e-08 0)
(0.0022490002 6.169812e-08 0)
(0.0022490003 5.2726161e-08 0)
(0.0022490004 4.4837699e-08 0)
(0.0022490006 3.7938038e-08 0)
(0.0022490008 3.1933661e-08 0)
(0.0022490009 2.6734167e-08 0)
(0.0022490011 2.2253603e-08 0)
(0.0022490012 1.8411354e-08 0)
(0.0022490013 1.513266e-08 0)
(0.0022490014 1.2348857e-08 0)
(0.0022490015 9.9974205e-09 0)
(0.0022490016 8.0218363e-09 0)
(0.0022490016 6.3713755e-09 0)
(0.0022490017 5.0007851e-09 0)
(0.0022490017 3.8699323e-09 0)
(0.0022490017 2.9434201e-09 0)
(0.0022490018 2.1901929e-09 0)
(0.0022490018 1.5831415e-09 0)
(0.0022490018 1.0987187e-09 0)
(0.0022490018 7.1657156e-10 0)
(0.0022490018 4.1919366e-10 0)
(0.0022490018 1.9160103e-10 0)
(0.0022490018 2.1032995e-11 0)
(0.0022490018 -1.0332167e-10 0)
(0.0022490018 -1.9057343e-10 0)
(0.0022490018 -2.4835622e-10 0)
(0.0022490018 -2.8302842e-10 0)
(0.0022490018 -2.9985181e-10 0)
(0.0022490018 -3.031501e-10 0)
(0.0022490018 -2.9644865e-10 0)
(0.0022490017 -2.8259687e-10 0)
(0.0022490017 -2.6387499e-10 0)
(0.0022490017 -2.4208681e-10 0)
(0.0022490017 -2.1863969e-10 0)
(0.0022490017 -1.9461334e-10 0)
(0.0022490017 -1.708187e-10 0)
(0.0022490017 -1.478479e-10 0)
(0.0022490017 -1.2611669e-10 0)
(0.0022490017 -1.059e-10 0)
(0.0022490017 -8.7361793e-11 0)
(0.0022490017 -7.0579803e-11 0)
(0.0022490017 -5.5566011e-11 0)
(0.0022490017 -4.2283382e-11 0)
(0.0022490017 -3.065948e-11 0)
(0.0022490017 -2.0597415e-11 0)
(0.0022490017 -1.1984571e-11 0)
(0.0022490018 -4.6994347e-12 0)
(0.0022490018 1.3830953e-12 0)
(0.0022490018 6.3877066e-12 0)
(0.0022490018 1.043569e-11 0)
(0.0022490018 1.364284e-11 0)
(0.0022490018 1.6118004e-11 0)
(0.0022490018 1.79622e-11 0)
(0.0022490018 1.9268138e-11 0)
(0.0022490018 2.0120091e-11 0)
(0.0022490018 2.0593993e-11 0)
(0.0022490018 2.0757734e-11 0)
(0.0022490018 2.0671572e-11 0)
(0.0022490018 2.0388647e-11 0)
(0.0022490018 1.9955533e-11 0)
(0.0022490018 1.9412827e-11 0)
(0.0022490018 1.8795733e-11 0)
(0.0022490018 1.8134655e-11 0)
(0.0022490018 1.7455747e-11 0)
(0.0022490018 1.6781445e-11 0)
(0.0022490018 1.6130959e-11 0)
(0.0022490018 1.5520723e-11 0)
(0.0022490018 1.4964795e-11 0)
(0.0022490018 1.4475218e-11 0)
(0.0022490018 1.4062312e-11 0)
(0.0022490018 1.3734928e-11 0)
(0.0022490018 1.3500632e-11 0)
(0.0022490018 1.3365824e-11 0)
(0.0022490018 1.3335798e-11 0)
(0.0022490018 1.3414714e-11 0)
(0.0022490018 1.3605498e-11 0)
(0.0022490018 1.3909646e-11 0)
(0.0022490018 1.4326916e-11 0)
(0.0022490018 1.485492e-11 0)
(0.0022490018 1.5488573e-11 0)
(0.0022490018 1.6219405e-11 0)
(0.0022490018 1.7034705e-11 0)
(0.0022490018 1.7916495e-11 0)
(0.0022490018 1.8840286e-11 0)
(0.0022490018 1.9773638e-11 0)
(0.0022490018 2.0674463e-11 0)
(0.0022490018 2.1489081e-11 0)
(0.0022490018 2.2149995e-11 0)
(0.0022490018 2.2573378e-11 0)
(0.0022490018 2.2656257e-11 0)
(0.0022490018 2.2273392e-11 0)
(0.0022490018 2.1273843e-11 0)
(0.0022490018 1.9477234e-11 0)
(0.0022490018 1.6669736e-11 0)
(0.0022490018 1.2599815e-11 0)
(0.0022490018 6.973764e-12 0)
(0.0022490018 -5.4889002e-13 0)
(0.0022490018 -1.0360026e-11 0)
(0.0022490018 -2.2907484e-11 0)
(0.0022490018 -3.8699414e-11 0)
(0.0022490018 -5.8308215e-11 0)
(0.0022490018 -8.237387e-11 0)
(0.0022490018 -1.1160639e-10 0)
(0.0022490017 -1.4678711e-10 0)
(0.0022490017 -1.8876841e-10 0)
(0.0022490017 -2.3847157e-10 0)
(0.0022490017 -2.9688212e-10 0)
(0.0022490017 -3.6504244e-10 0)
(0.0022490016 -4.440407e-10 0)
(0.0022490016 -5.3499578e-10 0)
(0.0022490016 -6.3903728e-10 0)
(0.0022490016 -7.5727994e-10 0)
(0.0022490015 -8.9079157e-10 0)
(0.0022490015 -1.0405536e-09 0)
(0.0022490014 -1.2074133e-09 0)
(0.0022490014 -1.3920265e-09 0)
(0.0022490013 -1.5947898e-09 0)
(0.0022490013 -1.8157611e-09 0)
(0.0022490012 -2.0545673e-09 0)
(0.0022490012 -2.310298e-09 0)
(0.0022490011 -2.5813839e-09 0)
(0.0022490011 -2.8654585e-09 0)
(0.002249001 -3.1592023e-09 0)
(0.0022490009 -3.4581667e-09 0)
(0.0022490008 -3.75658e-09 0)
(0.0022490008 -4.0471364e-09 0)
(0.0022490007 -4.320768e-09 0)
(0.0022490006 -4.5663562e-09 0)
(0.0022490005 -4.7704978e-09 0)
(0.0022490005 -4.9175688e-09 0)
(0.0022490004 -4.9902381e-09 0)
(0.0022490003 -4.9419296e-09 0)
(0.0018055949 -7.1306615e-05 0)
(0.0018262842 -0.00019589369 0)
(0.0018624418 -0.00029735898 0)
(0.00190758 -0.00037335256 0)
(0.0019557166 -0.00042435992 0)
(0.002002584 -0.00045280009 0)
(0.0020452712 -0.00046221299 0)
(0.0020821538 -0.00045654917 0)
(0.002112637 -0.00043965383 0)
(0.0021368426 -0.00041495728 0)
(0.0021553304 -0.00038533204 0)
(0.0021688809 -0.00035306489 0)
(0.0021783425 -0.00031989739 0)
(0.0021845344 -0.00028709986 0)
(0.002188194 -0.00025555569 0)
(0.0021899524 -0.00022584278 0)
(0.0021903301 -0.00019830549 0)
(0.0021897438 -0.00017311463 0)
(0.0021885182 -0.0001503158 0)
(0.0021869002 -0.00012986705 0)
(0.002185073 -0.00011166777 0)
(0.0021831688 -9.5580198e-05 0)
(0.00218128 -8.1445392e-05 0)
(0.0021794684 -6.9094683e-05 0)
(0.0021777731 -5.835781e-05 0)
(0.0021762162 -4.9068512e-05 0)
(0.0021748076 -4.1068225e-05 0)
(0.0021735488 -3.4208398e-05 0)
(0.0021724354 -2.8351778e-05 0)
(0.0021714594 -2.3372973e-05 0)
(0.0021706106 -1.9158494e-05 0)
(0.0021698776 -1.5606446e-05 0)
(0.0021692488 -1.2625976e-05 0)
(0.0021687126 -1.0136581e-05 0)
(0.002168258 -8.0673232e-06 0)
(0.0021678749 -6.3560198e-06 0)
(0.0021675537 -4.9484219e-06 0)
(0.0021672861 -3.7974179e-06 0)
(0.0021670643 -2.8622726e-06 0)
(0.0021668817 -2.1079126e-06 0)
(0.0021667322 -1.5042641e-06 0)
(0.0021666108 -1.0256458e-06 0)
(0.0021665128 -6.5021625e-07 0)
(0.0021664345 -3.5947682e-07 0)
(0.0021663724 -1.3782529e-07 0)
(0.0021663238 2.7840838e-08 0)
(0.0021662863 1.484758e-07 0)
(0.0021662577 2.3319495e-07 0)
(0.0021662364 2.8954602e-07 0)
(0.002166221 3.2374572e-07 0)
(0.0021662102 3.4088528e-07 0)
(0.0021662031 3.4510823e-07 0)
(0.0021661989 3.3976361e-07 0)
(0.0021661968 3.2753733e-07 0)
(0.0021661964 3.105645e-07 0)
(0.0021661972 2.90525e-07 0)
(0.0021661989 2.6872452e-07 0)
(0.0021662012 2.4616293e-07 0)
(0.0021662038 2.2359183e-07 0)
(0.0021662066 2.0156262e-07 0)
(0.0021662095 1.8046667e-07 0)
(0.0021662124 1.605685e-07 0)
(0.0021662152 1.4203325e-07 0)
(0.0021662178 1.2494918e-07 0)
(0.0021662203 1.09346e-07 0)
(0.0021662226 9.5209742e-08 0)
(0.0021662247 8.2494724e-08 0)
(0.0021662266 7.1133063e-08 0)
(0.0021662282 6.104221e-08 0)
(0.0021662298 5.2130825e-08 0)
(0.0021662311 4.4303299e-08 0)
(0.0021662322 3.7463178e-08 0)
(0.0021662332 3.1515702e-08 0)
(0.0021662341 2.6369623e-08 0)
(0.0021662349 2.1938465e-08 0)
(0.0021662355 1.8141331e-08 0)
(0.002166236 1.4903369e-08 0)
(0.0021662365 1.2155964e-08 0)
(0.0021662369 9.8367387e-09 0)
(0.0021662372 7.8894016e-09 0)
(0.0021662374 6.2634908e-09 0)
(0.0021662376 4.9140483e-09 0)
(0.0021662378 3.8012489e-09 0)
(0.0021662379 2.8900054e-09 0)
(0.002166238 2.1495647e-09 0)
(0.0021662381 1.5531074e-09 0)
(0.0021662382 1.0773597e-09 0)
(0.0021662382 7.0222204e-10 0)
(0.0021662382 4.1042072e-10 0)
(0.0021662382 1.8718288e-10 0)
(0.0021662382 1.9937571e-11 0)
(0.0021662382 -1.0195753e-10 0)
(0.0021662382 -1.8746377e-10 0)
(0.0021662382 -2.4408463e-10 0)
(0.0021662382 -2.7806523e-10 0)
(0.0021662382 -2.9456991e-10 0)
(0.0021662382 -2.9783926e-10 0)
(0.0021662382 -2.9132837e-10 0)
(0.0021662382 -2.7782782e-10 0)
(0.0021662382 -2.5956915e-10 0)
(0.0021662382 -2.3831631e-10 0)
(0.0021662382 -2.154445e-10 0)
(0.0021662382 -1.920079e-10 0)
(0.0021662382 -1.687976e-10 0)
(0.0021662382 -1.4639065e-10 0)
(0.0021662382 -1.2519176e-10 0)
(0.0021662382 -1.0546815e-10 0)
(0.0021662382 -8.7378819e-11 0)
(0.0021662382 -7.0998755e-11 0)
(0.0021662382 -5.6338974e-11 0)
(0.0021662382 -4.3362842e-11 0)
(0.0021662382 -3.1999407e-11 0)
(0.0021662382 -2.2154027e-11 0)
(0.0021662382 -1.3716907e-11 0)
(0.0021662382 -6.5697039e-12 0)
(0.0021662382 -5.9071927e-13 0)
(0.0021662382 4.3412573e-12 0)
(0.0021662382 8.3440285e-12 0)
(0.0021662382 1.1529999e-11 0)
(0.0021662382 1.4004745e-11 0)
(0.0021662382 1.5866209e-11 0)
(0.0021662382 1.7204211e-11 0)
(0.0021662382 1.8100376e-11 0)
(0.0021662382 1.8628203e-11 0)
(0.0021662382 1.8853396e-11 0)
(0.0021662382 1.8834241e-11 0)
(0.0021662382 1.862215e-11 0)
(0.0021662382 1.826216e-11 0)
(0.0021662382 1.7793556e-11 0)
(0.0021662382 1.7250402e-11 0)
(0.0021662382 1.6662159e-11 0)
(0.0021662382 1.6054185e-11 0)
(0.0021662382 1.5448291e-11 0)
(0.0021662382 1.4863188e-11 0)
(0.0021662382 1.4314963e-11 0)
(0.0021662382 1.3817435e-11 0)
(0.0021662382 1.3382538e-11 0)
(0.0021662382 1.3020585e-11 0)
(0.0021662382 1.2740549e-11 0)
(0.0021662382 1.2550204e-11 0)
(0.0021662382 1.2456293e-11 0)
(0.0021662382 1.2464548e-11 0)
(0.0021662382 1.2579707e-11 0)
(0.0021662382 1.280539e-11 0)
(0.0021662382 1.3143938e-11 0)
(0.0021662382 1.3596102e-11 0)
(0.0021662382 1.4160672e-11 0)
(0.0021662382 1.4833919e-11 0)
(0.0021662382 1.560896e-11 0)
(0.0021662382 1.6474897e-11 0)
(0.0021662382 1.7415847e-11 0)
(0.0021662382 1.8409702e-11 0)
(0.0021662382 1.9426752e-11 0)
(0.0021662382 2.0427989e-11 0)
(0.0021662382 2.1363238e-11 0)
(0.0021662382 2.2168931e-11 0)
(0.0021662382 2.2765672e-11 0)
(0.0021662382 2.3055422e-11 0)
(0.0021662382 2.2918453e-11 0)
(0.0021662382 2.2209913e-11 0)
(0.0021662382 2.0756154e-11 0)
(0.0021662382 1.8350714e-11 0)
(0.0021662382 1.4750109e-11 0)
(0.0021662382 9.6693425e-12 0)
(0.0021662382 2.7773372e-12 0)
(0.0021662382 -6.3077511e-12 0)
(0.0021662382 -1.8023101e-11 0)
(0.0021662382 -3.2865663e-11 0)
(0.0021662382 -5.1396158e-11 0)
(0.0021662382 -7.4242558e-11 0)
(0.0021662382 -1.0210265e-10 0)
(0.0021662382 -1.3574556e-10 0)
(0.0021662381 -1.7601166e-10 0)
(0.0021662381 -2.2381075e-10 0)
(0.0021662381 -2.8011773e-10 0)
(0.0021662381 -3.4596556e-10 0)
(0.002166238 -4.2243467e-10 0)
(0.002166238 -5.1063837e-10 0)
(0.002166238 -6.1170344e-10 0)
(0.0021662379 -7.2674513e-10 0)
(0.0021662379 -8.5683579e-10 0)
(0.0021662378 -1.0029661e-09 0)
(0.0021662377 -1.165998e-09 0)
(0.0021662377 -1.3466081e-09 0)
(0.0021662376 -1.5452208e-09 0)
(0.0021662375 -1.7619295e-09 0)
(0.0021662374 -1.9964048e-09 0)
(0.0021662373 -2.2477887e-09 0)
(0.0021662372 -2.5145736e-09 0)
(0.0021662371 -2.7944637e-09 0)
(0.002166237 -3.0842191e-09 0)
(0.0021662368 -3.3794793e-09 0)
(0.0021662367 -3.6745681e-09 0)
(0.0021662365 -3.9622824e-09 0)
(0.0021662364 -4.2336654e-09 0)
(0.0021662362 -4.4777258e-09 0)
(0.0021662361 -4.6812225e-09 0)
(0.0021662359 -4.8287487e-09 0)
(0.0021662358 -4.9031968e-09 0)
(0.0021662355 -4.8605237e-09 0)
(0.0018058692 -8.0203222e-05 0)
(0.001828803 -0.00021844082 0)
(0.0018677587 -0.00032865201 0)
(0.001914883 -0.00040860968 0)
(0.0019632534 -0.00045965949 0)
(0.0020082782 -0.00048537218 0)
(0.0020471507 -0.00049042219 0)
(0.0020786154 -0.00047969863 0)
(0.002102557 -0.00045772421 0)
(0.0021195759 -0.00042835634 0)
(0.0021306461 -0.00039469189 0)
(0.0021368715 -0.00035909657 0)
(0.0021393311 -0.00032329748 0)
(0.0021389939 -0.0002884978 0)
(0.0021366807 -0.00025548982 0)
(0.0021330577 -0.00022475484 0)
(0.0021286456 -0.00019654579 0)
(0.0021238383 -0.00017095275 0)
(0.002118924 -0.00014795314 0)
(0.0021141053 -0.00012744948 0)
(0.0021095178 -0.00010929712 0)
(0.0021052464 -9.3324241e-05 0)
(0.0021013377 -7.9346125e-05 0)
(0.0020978109 -6.717505e-05 0)
(0.0020946655 -5.6627021e-05 0)
(0.0020918883 -4.7526163e-05 0)
(0.0020894573 -3.9707445e-05 0)
(0.0020873458 -3.3018203e-05 0)
(0.0020855246 -2.7318804e-05 0)
(0.002083964 -2.2482723e-05 0)
(0.0020826348 -1.8396219e-05 0)
(0.0020815095 -1.4957738e-05 0)
(0.0020805622 -1.2077157e-05 0)
(0.0020797692 -9.6749374e-06 0)
(0.0020791094 -7.6812306e-06 0)
(0.0020785635 -6.0349864e-06 0)
(0.0020781147 -4.6830806e-06 0)
(0.0020777483 -3.5794821e-06 0)
(0.0020774511 -2.6844694e-06 0)
(0.0020772121 -1.9639035e-06 0)
(0.0020770215 -1.38856e-06 0)
(0.0020768711 -9.3352041e-07 0)
(0.0020767538 -5.7762285e-07 0)
(0.0020766637 -3.0296817e-07 0)
(0.0020765956 -9.4479817e-08 0)
(0.0020765453 6.0486914e-08 0)
(0.0020765093 1.724898e-07 0)
(0.0020764847 2.5030276e-07 0)
(0.0020764689 3.0118089e-07 0)
(0.0020764601 3.3109137e-07 0)
(0.0020764565 3.449136e-07 0)
(0.0020764568 3.466122e-07 0)
(0.0020764601 3.3938573e-07 0)
(0.0020764653 3.2579417e-07 0)
(0.0020764719 3.078678e-07 0)
(0.0020764793 2.8719962e-07 0)
(0.0020764871 2.6502374e-07 0)
(0.0020764951 2.4228144e-07 0)
(0.0020765029 2.1967657e-07 0)
(0.0020765104 1.9772202e-07 0)
(0.0020765175 1.7677824e-07 0)
(0.0020765242 1.570852e-07 0)
(0.0020765304 1.3878876e-07 0)
(0.002076536 1.219622e-07 0)
(0.0020765411 1.066238e-07 0)
(0.0020765456 9.275103e-08 0)
(0.0020765497 8.0291947e-08 0)
(0.0020765533 6.9174265e-08 0)
(0.0020765565 5.9312496e-08 0)
(0.0020765593 5.0613508e-08 0)
(0.0020765617 4.2980784e-08 0)
(0.0020765638 3.631764e-08 0)
(0.0020765656 3.0529582e-08 0)
(0.0020765671 2.5525994e-08 0)
(0.0020765685 2.1221281e-08 0)
(0.0020765696 1.7535592e-08 0)
(0.0020765705 1.4395213e-08 0)
(0.0020765713 1.1732715e-08 0)
(0.0020765719 9.4869048e-09 0)
(0.0020765724 7.6026503e-09 0)
(0.0020765728 6.0306007e-09 0)
(0.0020765732 4.7268472e-09 0)
(0.0020765735 3.6525423e-09 0)
(0.0020765737 2.7734998e-09 0)
(0.0020765739 2.0597894e-09 0)
(0.002076574 1.4853365e-09 0)
(0.0020765741 1.0275361e-09 0)
(0.0020765741 6.6688508e-10 0)
(0.0020765742 3.8663801e-10 0)
(0.0020765742 1.7248686e-10 0)
(0.0020765742 1.2267138e-11 0)
(0.0020765743 -1.0431023e-10 0)
(0.0020765743 -1.8590155e-10 0)
(0.0020765743 -2.3974843e-10 0)
(0.0020765742 -2.7187272e-10 0)
(0.0020765742 -2.8724957e-10 0)
(0.0020765742 -2.8996046e-10 0)
(0.0020765742 -2.8332761e-10 0)
(0.0020765742 -2.7003157e-10 0)
(0.0020765742 -2.522136e-10 0)
(0.0020765742 -2.3156426e-10 0)
(0.0020765742 -2.0939986e-10 0)
(0.0020765742 -1.8672792e-10 0)
(0.0020765741 -1.6430312e-10 0)
(0.0020765741 -1.426748e-10 0)
(0.0020765741 -1.2222701e-10 0)
(0.0020765741 -1.0321221e-10 0)
(0.0020765741 -8.577937e-11 0)
(0.0020765741 -6.9997294e-11 0)
(0.0020765741 -5.5873808e-11 0)
(0.0020765741 -4.3371481e-11 0)
(0.0020765741 -3.2420326e-11 0)
(0.0020765741 -2.2928043e-11 0)
(0.0020765741 -1.4788092e-11 0)
(0.0020765741 -7.8860696e-12 0)
(0.0020765741 -2.1045804e-12 0)
(0.0020765741 2.6730505e-12 0)
(0.0020765741 6.5600776e-12 0)
(0.0020765741 9.6643958e-12 0)
(0.0020765741 1.2087263e-11 0)
(0.0020765741 1.3922491e-11 0)
(0.0020765741 1.5256067e-11 0)
(0.0020765741 1.6166042e-11 0)
(0.0020765741 1.6722672e-11 0)
(0.0020765741 1.6988699e-11 0)
(0.0020765741 1.7019778e-11 0)
(0.0020765741 1.6864953e-11 0)
(0.0020765742 1.6567202e-11 0)
(0.0020765742 1.6163984e-11 0)
(0.0020765742 1.5687814e-11 0)
(0.0020765742 1.5166796e-11 0)
(0.0020765742 1.4625174e-11 0)
(0.0020765742 1.40838e-11 0)
(0.0020765742 1.3560634e-11 0)
(0.0020765742 1.3071139e-11 0)
(0.0020765742 1.2628685e-11 0)
(0.0020765742 1.2244864e-11 0)
(0.0020765742 1.1929801e-11 0)
(0.0020765742 1.1692371e-11 0)
(0.0020765742 1.1540399e-11 0)
(0.0020765742 1.1480766e-11 0)
(0.0020765742 1.151949e-11 0)
(0.0020765742 1.1661696e-11 0)
(0.0020765742 1.1911553e-11 0)
(0.0020765742 1.2272076e-11 0)
(0.0020765742 1.274489e-11 0)
(0.0020765742 1.332982e-11 0)
(0.0020765742 1.4024421e-11 0)
(0.0020765742 1.482332e-11 0)
(0.0020765742 1.571745e-11 0)
(0.0020765742 1.6693062e-11 0)
(0.0020765742 1.7730599e-11 0)
(0.0020765742 1.8803307e-11 0)
(0.0020765742 1.9875674e-11 0)
(0.0020765742 2.0901551e-11 0)
(0.0020765742 2.1822076e-11 0)
(0.0020765742 2.2563246e-11 0)
(0.0020765742 2.3033254e-11 0)
(0.0020765742 2.3119463e-11 0)
(0.0020765742 2.2685129e-11 0)
(0.0020765742 2.1565756e-11 0)
(0.0020765742 1.9565231e-11 0)
(0.0020765742 1.6451643e-11 0)
(0.0020765742 1.1952933e-11 0)
(0.0020765742 5.7523411e-12 0)
(0.0020765742 -2.5161661e-12 0)
(0.0020765742 -1.3272484e-11 0)
(0.0020765742 -2.6994735e-11 0)
(0.0020765742 -4.4223344e-11 0)
(0.0020765741 -6.556452e-11 0)
(0.0020765741 -9.1692989e-11 0)
(0.0020765741 -1.2335361e-10 0)
(0.0020765741 -1.613616e-10 0)
(0.0020765741 -2.0660095e-10 0)
(0.0020765741 -2.6002053e-10 0)
(0.002076574 -3.2262757e-10 0)
(0.002076574 -3.9547766e-10 0)
(0.0020765739 -4.7966092e-10 0)
(0.0020765739 -5.7628346e-10 0)
(0.0020765738 -6.8644342e-10 0)
(0.0020765738 -8.112008e-10 0)
(0.0020765737 -9.5153999e-10 0)
(0.0020765736 -1.1083243e-09 0)
(0.0020765735 -1.2822411e-09 0)
(0.0020765734 -1.4737368e-09 0)
(0.0020765733 -1.6829401e-09 0)
(0.0020765732 -1.9095724e-09 0)
(0.002076573 -2.152845e-09 0)
(0.0020765729 -2.4113397e-09 0)
(0.0020765727 -2.6828738e-09 0)
(0.0020765725 -2.9643459e-09 0)
(0.0020765723 -3.2515622e-09 0)
(0.0020765721 -3.5390436e-09 0)
(0.0020765719 -3.8198167e-09 0)
(0.0020765717 -4.0851895e-09 0)
(0.0020765714 -4.32448e-09 0)
(0.0020765712 -4.5248187e-09 0)
(0.0020765709 -4.6712544e-09 0)
(0.0020765707 -4.7470924e-09 0)
(0.0020765704 -4.7117892e-09 0)
(0.0018062378 -9.020503e-05 0)
(0.0018319465 -0.00024308831 0)
(0.0018740991 -0.00036182172 0)
(0.001923139 -0.00044460023 0)
(0.0019710975 -0.00049409092 0)
(0.0020131712 -0.0005154321 0)
(0.0020468568 -0.00051471394 0)
(0.0020714675 -0.00049790182 0)
(0.0020875225 -0.00047022228 0)
(0.0020961964 -0.00043591781 0)
(0.0020989198 -0.00039823621 0)
(0.0020971234 -0.00035954238 0)
(0.0020920968 -0.00032147691 0)
(0.0020849258 -0.00028511737 0)
(0.0020764793 -0.00025112108 0)
(0.002067424 -0.00021984189 0)
(0.0020582507 -0.00019142109 0)
(0.0020493057 -0.00016585572 0)
(0.0020408205 -0.00014304857 0)
(0.0020329382 -0.00012284407 0)
(0.0020257362 -0.00010505357 0)
(0.0020192437 -8.9472844e-05 0)
(0.0020134563 -7.5893979e-05 0)
(0.0020083468 -6.4113228e-05 0)
(0.0020038736 -5.3936039e-05 0)
(0.0019999868 -4.5180069e-05 0)
(0.0019966325 -3.7676814e-05 0)
(0.001993756 -3.1272276e-05 0)
(0.0019913039 -2.5826979e-05 0)
(0.0019892256 -2.1215553e-05 0)
(0.0019874739 -1.7326039e-05 0)
(0.0019860057 -1.4059032e-05 0)
(0.0019847821 -1.1326731e-05 0)
(0.0019837682 -9.0519516e-06 0)
(0.001982933 -7.1671473e-06 0)
(0.0019822496 -5.6134544e-06 0)
(0.0019816942 -4.3397842e-06 0)
(0.0019812462 -3.301971e-06 0)
(0.0019808879 -2.4619811e-06 0)
(0.0019806041 -1.7871871e-06 0)
(0.0019803819 -1.2497056e-06 0)
(0.0019802101 -8.2579986e-07 0)
(0.0019800796 -4.9534133e-07 0)
(0.0019799824 -2.4132951e-07 0)
(0.001979912 -4.9464765e-08 0)
(0.0019798629 9.22294e-08 0)
(0.0019798307 1.9373889e-07 0)
(0.0019798116 2.6335055e-07 0)
(0.0019798025 3.0790659e-07 0)
(0.001979801 3.3302579e-07 0)
(0.0019798051 3.4329499e-07 0)
(0.0019798132 3.4243426e-07 0)
(0.0019798241 3.3343882e-07 0)
(0.0019798366 3.1870043e-07 0)
(0.0019798501 3.0011095e-07 0)
(0.001979864 2.7915021e-07 0)
(0.0019798777 2.5696037e-07 0)
(0.0019798911 2.3440851e-07 0)
(0.0019799039 2.121392e-07 0)
(0.0019799158 1.9061826e-07 0)
(0.001979927 1.7016929e-07 0)
(0.0019799372 1.5100375e-07 0)
(0.0019799465 1.3324579e-07 0)
(0.0019799548 1.1695248e-07 0)
(0.0019799623 1.0213035e-07 0)
(0.001979969 8.8748652e-08 0)
(0.0019799749 7.6750036e-08 0)
(0.0019799801 6.6058983e-08 0)
(0.0019799847 5.6588453e-08 0)
(0.0019799886 4.8245038e-08 0)
(0.001979992 4.093289e-08 0)
(0.001979995 3.4556664e-08 0)
(0.0019799975 2.9023676e-08 0)
(0.0019799996 2.4245417e-08 0)
(0.0019800014 2.0138566e-08 0)
(0.0019800029 1.6625619e-08 0)
(0.0019800042 1.3635202e-08 0)
(0.0019800053 1.1102166e-08 0)
(0.0019800061 8.9675007e-09 0)
(0.0019800069 7.1781282e-09 0)
(0.0019800074 5.6866121e-09 0)
(0.0019800079 4.4508065e-09 0)
(0.0019800083 3.4334732e-09 0)
(0.0019800086 2.601883e-09 0)
(0.0019800088 1.9274151e-09 0)
(0.001980009 1.3851636e-09 0)
(0.0019800091 9.5356031e-10 0)
(0.0019800092 6.1401629e-10 0)
(0.0019800093 3.5058718e-10 0)
(0.0019800093 1.4966343e-10 0)
(0.0019800093 -3.1417399e-13 0)
(0.0019800093 -1.0911285e-10 0)
(0.0019800093 -1.8494166e-10 0)
(0.0019800093 -2.3466098e-10 0)
(0.0019800093 -2.6396974e-10 0)
(0.0019800093 -2.7757113e-10 0)
(0.0019800093 -2.7931922e-10 0)
(0.0019800093 -2.7234729e-10 0)
(0.0019800093 -2.5918026e-10 0)
(0.0019800093 -2.4183215e-10 0)
(0.0019800092 -2.2189062e-10 0)
(0.0019800092 -2.0058953e-10 0)
(0.0019800092 -1.7887137e-10 0)
(0.0019800092 -1.5744015e-10 0)
(0.0019800092 -1.3680662e-10 0)
(0.0019800092 -1.1732607e-10 0)
(0.0019800092 -9.9230337e-11 0)
(0.0019800092 -8.2654222e-11 0)
(0.0019800092 -6.7657651e-11 0)
(0.0019800092 -5.4243611e-11 0)
(0.0019800092 -4.2373098e-11 0)
(0.0019800092 -3.1976908e-11 0)
(0.0019800092 -2.2965387e-11 0)
(0.0019800092 -1.5235856e-11 0)
(0.0019800092 -8.6787081e-12 0)
(0.0019800092 -3.1818125e-12 0)
(0.0019800092 1.3658982e-12 0)
(0.0019800092 5.0720686e-12 0)
(0.0019800092 8.0389963e-12 0)
(0.0019800092 1.03626e-11 0)
(0.0019800092 1.2131564e-11 0)
(0.0019800092 1.3427141e-11 0)
(0.0019800092 1.4322943e-11 0)
(0.0019800092 1.4885226e-11 0)
(0.0019800092 1.517305e-11 0)
(0.0019800092 1.5238825e-11 0)
(0.0019800092 1.5128647e-11 0)
(0.0019800092 1.4882944e-11 0)
(0.0019800092 1.4536893e-11 0)
(0.0019800092 1.4121071e-11 0)
(0.0019800092 1.3661867e-11 0)
(0.0019800092 1.31821e-11 0)
(0.0019800092 1.2701381e-11 0)
(0.0019800092 1.2236671e-11 0)
(0.0019800092 1.180257e-11 0)
(0.0019800092 1.1411794e-11 0)
(0.0019800092 1.1075387e-11 0)
(0.0019800092 1.0803102e-11 0)
(0.0019800092 1.060353e-11 0)
(0.0019800092 1.0484373e-11 0)
(0.0019800092 1.045247e-11 0)
(0.0019800092 1.0513957e-11 0)
(0.0019800092 1.067417e-11 0)
(0.0019800092 1.0937663e-11 0)
(0.0019800092 1.130796e-11 0)
(0.0019800092 1.1787406e-11 0)
(0.0019800092 1.2376719e-11 0)
(0.0019800092 1.3074622e-11 0)
(0.0019800092 1.3877161e-11 0)
(0.0019800092 1.4777053e-11 0)
(0.0019800092 1.5762689e-11 0)
(0.0019800092 1.6817142e-11 0)
(0.0019800092 1.7916794e-11 0)
(0.0019800092 1.9029912e-11 0)
(0.0019800092 2.0114815e-11 0)
(0.0019800092 2.1117956e-11 0)
(0.0019800092 2.1971556e-11 0)
(0.0019800092 2.2591125e-11 0)
(0.0019800092 2.2872508e-11 0)
(0.0019800092 2.2688817e-11 0)
(0.0019800092 2.1886867e-11 0)
(0.0019800092 2.0283536e-11 0)
(0.0019800092 1.7661663e-11 0)
(0.0019800092 1.3765928e-11 0)
(0.0019800092 8.2983682e-12 0)
(0.0019800092 9.1401819e-13 0)
(0.0019800092 -8.7836498e-12 0)
(0.0019800092 -2.1246919e-11 0)
(0.0019800092 -3.6987937e-11 0)
(0.0019800092 -5.6582111e-11 0)
(0.0019800092 -8.0670985e-11 0)
(0.0019800092 -1.099639e-10 0)
(0.0019800091 -1.4523853e-10 0)
(0.0019800091 -1.8733953e-10 0)
(0.0019800091 -2.3717522e-10 0)
(0.0019800091 -2.957115e-10 0)
(0.001980009 -3.6396283e-10 0)
(0.001980009 -4.4297913e-10 0)
(0.0019800089 -5.3382863e-10 0)
(0.0019800088 -6.3757515e-10 0)
(0.0019800088 -7.552497e-10 0)
(0.0019800087 -8.8781496e-10 0)
(0.0019800086 -1.0361221e-09 0)
(0.0019800085 -1.2008585e-09 0)
(0.0019800083 -1.3824859e-09 0)
(0.0019800082 -1.5811667e-09 0)
(0.001980008 -1.7966791e-09 0)
(0.0019800079 -2.0283174e-09 0)
(0.0019800077 -2.2747787e-09 0)
(0.0019800075 -2.5340322e-09 0)
(0.0019800072 -2.8031708e-09 0)
(0.001980007 -3.0782432e-09 0)
(0.0019800067 -3.3540661e-09 0)
(0.0019800064 -3.6240206e-09 0)
(0.0019800061 -3.8798317e-09 0)
(0.0019800058 -4.111307e-09 0)
(0.0019800055 -4.3061524e-09 0)
(0.0019800051 -4.450072e-09 0)
(0.0019800048 -4.5270254e-09 0)
(0.0019800044 -4.5006869e-09 0)
(0.0018067448 -0.00010160894 0)
(0.0018359141 -0.00027022507 0)
(0.0018816602 -0.00039696897 0)
(0.0019323311 -0.00048096741 0)
(0.0019788596 -0.00052687241 0)
(0.0020164541 -0.00054192049 0)
(0.0020432097 -0.00053392604 0)
(0.0020592637 -0.00051004034 0)
(0.0020659398 -0.00047617022 0)
(0.0020650714 -0.00043685216 0)
(0.0020585638 -0.00039537367 0)
(0.0020481516 -0.0003539949 0)
(0.0020352905 -0.00031418526 0)
(0.0020211322 -0.00027683401 0)
(0.0020065446 -0.00024242042 0)
(0.0019921519 -0.00021114361 0)
(0.0019783799 -0.00018301754 0)
(0.0019655001 -0.00015793864 0)
(0.0019536669 -0.0001357328 0)
(0.0019429495 -0.00011618738 0)
(0.0019333564 -9.9072697e-05 0)
(0.0019248549 -8.4156013e-05 0)
(0.0019173854 -7.12105e-05 0)
(0.0019108725 -6.0020678e-05 0)
(0.0019052325 -5.0385529e-05 0)
(0.0019003791 -4.2120016e-05 0)
(0.0018962272 -3.505558e-05 0)
(0.0018926953 -2.9039936e-05 0)
(0.0018897071 -2.3936458e-05 0)
(0.0018871926 -1.9623288e-05 0)
(0.0018850879 -1.5992315e-05 0)
(0.001883336 -1.2948068e-05 0)
(0.0018818859 -1.0406613e-05 0)
(0.0018806928 -8.2944589e-06 0)
(0.0018797174 -6.5475091e-06 0)
(0.0018789254 -5.110073e-06 0)
(0.0018782872 -3.9339423e-06 0)
(0.0018777773 -2.9775381e-06 0)
(0.0018773738 -2.2051293e-06 0)
(0.0018770582 -1.5861218e-06 0)
(0.0018768146 -1.0944163e-06 0)
(0.0018766297 -7.0783084e-07 0)
(0.0018764924 -4.0758514e-07 0)
(0.0018763931 -1.7784121e-07 0)
(0.0018763243 -5.2970085e-09 0)
(0.0018762793 1.2117198e-07 0)
(0.0018762529 2.1082741e-07 0)
(0.0018762408 2.7134329e-07 0)
(0.0018762394 3.0904565e-07 0)
(0.0018762459 3.2912052e-07 0)
(0.001876258 3.3579367e-07 0)
(0.001876274 3.3248544e-07 0)
(0.0018762923 3.219435e-07 0)
(0.001876312 3.0635639e-07 0)
(0.0018763321 2.8745007e-07 0)
(0.0018763521 2.665699e-07 0)
(0.0018763714 2.4474984e-07 0)
(0.0018763899 2.2277066e-07 0)
(0.0018764072 2.0120868e-07 0)
(0.0018764233 1.8047649e-07 0)
(0.001876438 1.6085663e-07 0)
(0.0018764515 1.4252949e-07 0)
(0.0018764636 1.2559618e-07 0)
(0.0018764744 1.1009725e-07 0)
(0.0018764841 9.6027799e-08 0)
(0.0018764927 8.3349722e-08 0)
(0.0018765002 7.2001444e-08 0)
(0.0018765068 6.1905648e-08 0)
(0.0018765125 5.2975309e-08 0)
(0.0018765175 4.5118366e-08 0)
(0.0018765218 3.8241262e-08 0)
(0.0018765254 3.2251591e-08 0)
(0.0018765285 2.7060002e-08 0)
(0.0018765312 2.2581537e-08 0)
(0.0018765334 1.8736499e-08 0)
(0.0018765353 1.5450971e-08 0)
(0.0018765369 1.2657059e-08 0)
(0.0018765382 1.0292926e-08 0)
(0.0018765392 8.3026718e-09 0)
(0.0018765401 6.6361093e-09 0)
(0.0018765408 5.2484564e-09 0)
(0.0018765414 4.0999859e-09 0)
(0.0018765418 3.1556465e-09 0)
(0.0018765422 2.3846717e-09 0)
(0.0018765425 1.7601909e-09 0)
(0.0018765427 1.2588498e-09 0)
(0.0018765428 8.6044761e-10 0)
(0.0018765429 5.4759332e-10 0)
(0.001876543 3.0538738e-10 0)
(0.0018765431 1.2112564e-10 0)
(0.0018765431 -1.5969648e-11 0)
(0.0018765431 -1.1499573e-10 0)
(0.0018765431 -1.8358943e-10 0)
(0.0018765431 -2.2812598e-10 0)
(0.0018765431 -2.5389444e-10 0)
(0.0018765431 -2.6525475e-10 0)
(0.0018765431 -2.6577446e-10 0)
(0.001876543 -2.5835022e-10 0)
(0.001876543 -2.4531217e-10 0)
(0.001876543 -2.2851616e-10 0)
(0.001876543 -2.0942181e-10 0)
(0.001876543 -1.891613e-10 0)
(0.0018765429 -1.6859659e-10 0)
(0.0018765429 -1.4836969e-10 0)
(0.0018765429 -1.2894374e-10 0)
(0.0018765429 -1.1063918e-10 0)
(0.0018765429 -9.3662393e-11 0)
(0.0018765429 -7.8131275e-11 0)
(0.0018765429 -6.4094685e-11 0)
(0.0018765429 -5.1550064e-11 0)
(0.0018765429 -4.045621e-11 0)
(0.0018765429 -3.0745159e-11 0)
(0.0018765429 -2.2330137e-11 0)
(0.0018765429 -1.5113379e-11 0)
(0.0018765429 -8.9907186e-12 0)
(0.0018765429 -3.8565834e-12 0)
(0.0018765429 3.9371802e-13 0)
(0.0018765429 3.8608887e-12 0)
(0.0018765429 6.6408826e-12 0)
(0.0018765429 8.8230336e-12 0)
(0.0018765429 1.0490257e-11 0)
(0.0018765429 1.1717956e-11 0)
(0.0018765429 1.2574796e-11 0)
(0.0018765429 1.3122068e-11 0)
(0.0018765429 1.3414783e-11 0)
(0.0018765429 1.3501279e-11 0)
(0.0018765429 1.3424459e-11 0)
(0.0018765429 1.3221507e-11 0)
(0.0018765429 1.2925167e-11 0)
(0.0018765429 1.2563489e-11 0)
(0.0018765429 1.2161078e-11 0)
(0.0018765429 1.1738818e-11 0)
(0.0018765429 1.1315067e-11 0)
(0.0018765429 1.0905331e-11 0)
(0.0018765429 1.0523376e-11 0)
(0.0018765429 1.0180845e-11 0)
(0.0018765429 9.8882833e-12 0)
(0.0018765429 9.6546779e-12 0)
(0.0018765429 9.4883869e-12 0)
(0.0018765429 9.3966056e-12 0)
(0.0018765429 9.3861847e-12 0)
(0.0018765429 9.4629955e-12 0)
(0.0018765429 9.632628e-12 0)
(0.0018765429 9.89964e-12 0)
(0.0018765429 1.0268109e-11 0)
(0.0018765429 1.0740724e-11 0)
(0.0018765429 1.1319147e-11 0)
(0.0018765429 1.200292e-11 0)
(0.0018765429 1.278959e-11 0)
(0.0018765429 1.367336e-11 0)
(0.0018765429 1.4644923e-11 0)
(0.0018765429 1.5689785e-11 0)
(0.0018765429 1.6787755e-11 0)
(0.0018765429 1.7910858e-11 0)
(0.0018765429 1.9022394e-11 0)
(0.0018765429 2.0074383e-11 0)
(0.0018765429 2.1006124e-11 0)
(0.0018765429 2.1741099e-11 0)
(0.0018765429 2.2184981e-11 0)
(0.0018765429 2.2221971e-11 0)
(0.0018765429 2.1712227e-11 0)
(0.0018765429 2.0487639e-11 0)
(0.0018765429 1.8348744e-11 0)
(0.0018765429 1.5060021e-11 0)
(0.0018765429 1.0346435e-11 0)
(0.0018765429 3.8884627e-12 0)
(0.0018765429 -4.6814579e-12 0)
(0.0018765429 -1.5783784e-11 0)
(0.0018765429 -2.9895035e-11 0)
(0.0018765429 -4.7551948e-11 0)
(0.0018765429 -6.9353534e-11 0)
(0.0018765429 -9.596366e-11 0)
(0.0018765429 -1.2811096e-10 0)
(0.0018765428 -1.6658862e-10 0)
(0.0018765428 -2.1225078e-10 0)
(0.0018765428 -2.6600791e-10 0)
(0.0018765427 -3.2881785e-10 0)
(0.0018765427 -4.0167473e-10 0)
(0.0018765426 -4.8559235e-10 0)
(0.0018765425 -5.8158407e-10 0)
(0.0018765424 -6.9063572e-10 0)
(0.0018765423 -8.1367334e-10 0)
(0.0018765422 -9.515222e-10 0)
(0.0018765421 -1.1048588e-09 0)
(0.001876542 -1.2741522e-09 0)
(0.0018765418 -1.459596e-09 0)
(0.0018765416 -1.6610278e-09 0)
(0.0018765414 -1.8778368e-09 0)
(0.0018765412 -2.1088564e-09 0)
(0.0018765409 -2.3522423e-09 0)
(0.0018765407 -2.605332e-09 0)
(0.0018765404 -2.8644867e-09 0)
(0.00187654 -3.1249121e-09 0)
(0.0018765397 -3.3804632e-09 0)
(0.0018765393 -3.6234292e-09 0)
(0.0018765389 -3.8442823e-09 0)
(0.0018765386 -4.0314993e-09 0)
(0.0018765381 -4.1716518e-09 0)
(0.0018765378 -4.2494758e-09 0)
(0.0018765372 -4.2335732e-09 0)
(0.0018074598 -0.00011481871 0)
(0.0018409805 -0.00030030067 0)
(0.0018906515 -0.0004340865 0)
(0.0019423091 -0.00051708722 0)
(0.0019858561 -0.00055687953 0)
(0.0020169058 -0.00056345082 0)
(0.0020345659 -0.00054664567 0)
(0.002040103 -0.00051484589 0)
(0.0020358123 -0.00047453723 0)
(0.0020242383 -0.00043039483 0)
(0.0020077392 -0.00038559223 0)
(0.0019882927 -0.00034215831 0)
(0.0019674469 -0.00030129861 0)
(0.0019463482 -0.00026365201 0)
(0.0019258014 -0.00022948202 0)
(0.0019063385 -0.00019881269 0)
(0.0018882825 -0.00017152203 0)
(0.0018718022 -0.00014740452 0)
(0.0018569558 -0.00012621208 0)
(0.0018437254 -0.00010768017 0)
(0.001832043 -9.1544125e-05 0)
(0.0018218094 -7.7548931e-05 0)
(0.001812908 -6.545479e-05 0)
(0.0018052147 -5.5039939e-05 0)
(0.0017986047 -4.6101762e-05 0)
(0.0017929568 -3.8456809e-05 0)
(0.0017881567 -3.1940175e-05 0)
(0.0017840981 -2.6404497e-05 0)
(0.0017806842 -2.1718743e-05 0)
(0.0017778272 -1.7766921e-05 0)
(0.001775449 -1.4446767e-05 0)
(0.0017734802 -1.1668457e-05 0)
(0.0017718597 -9.3533758e-06 0)
(0.001770534 -7.4329575e-06 0)
(0.0017694569 -5.8476042e-06 0)
(0.0017685881 -4.5456867e-06 0)
(0.0017678931 -3.4826293e-06 0)
(0.0017673424 -2.6200758e-06 0)
(0.0017669108 -1.9251342e-06 0)
(0.001766577 -1.369696e-06 0)
(0.0017663228 -9.2982552e-07 0)
(0.0017661333 -5.8521432e-07 0)
(0.0017659956 -3.1869615e-07 0)
(0.0017658993 -1.1581721e-07 0)
(0.0017658357 3.5542989e-08 0)
(0.0017657975 1.455049e-07 0)
(0.0017657788 2.2248078e-07 0)
(0.0017657749 2.7342927e-07 0)
(0.001765782 3.0407668e-07 0)
(0.0017657968 3.1910865e-07 0)
(0.0017658171 3.2233551e-07 0)
(0.0017658407 3.1683448e-07 0)
(0.0017658663 3.0507142e-07 0)
(0.0017658926 2.8900477e-07 0)
(0.0017659189 2.7017394e-07 0)
(0.0017659445 2.497741e-07 0)
(0.001765969 2.287193e-07 0)
(0.001765992 2.0769553e-07 0)
(0.0017660134 1.8720504e-07 0)
(0.0017660331 1.6760324e-07 0)
(0.001766051 1.4912936e-07 0)
(0.0017660672 1.3193164e-07 0)
(0.0017660818 1.1608801e-07 0)
(0.0017660948 1.0162295e-07 0)
(0.0017661063 8.8521169e-08 0)
(0.0017661165 7.6738497e-08 0)
(0.0017661254 6.621068e-08 0)
(0.0017661331 5.6860242e-08 0)
(0.0017661398 4.8601865e-08 0)
(0.0017661456 4.1346518e-08 0)
(0.0017661506 3.500458e-08 0)
(0.0017661549 2.9488141e-08 0)
(0.0017661585 2.4712665e-08 0)
(0.0017661616 2.0598112e-08 0)
(0.0017661642 1.7069672e-08 0)
(0.0017661663 1.4058172e-08 0)
(0.0017661681 1.1500238e-08 0)
(0.0017661696 9.3382878e-09 0)
(0.0017661708 7.5203728e-09 0)
(0.0017661718 5.99994e-09 0)
(0.0017661726 4.7355228e-09 0)
(0.0017661733 3.6903931e-09 0)
(0.0017661738 2.8321939e-09 0)
(0.0017661742 2.1325637e-09 0)
(0.0017661745 1.5667659e-09 0)
(0.0017661747 1.1133285e-09 0)
(0.0017661749 7.5370218e-10 0)
(0.001766175 4.7193762e-10 0)
(0.0017661751 2.5438681e-10 0)
(0.0017661751 8.9426877e-11 0)
(0.0017661752 -3.2790614e-11 0)
(0.0017661752 -1.2056829e-10 0)
(0.0017661752 -1.8086709e-10 0)
(0.0017661752 -2.1949052e-10 0)
(0.0017661752 -2.4124671e-10 0)
(0.0017661751 -2.5009354e-10 0)
(0.0017661751 -2.4926451e-10 0)
(0.0017661751 -2.4138073e-10 0)
(0.0017661751 -2.2854673e-10 0)
(0.001766175 -2.1243524e-10 0)
(0.001766175 -1.9435867e-10 0)
(0.001766175 -1.7533214e-10 0)
(0.001766175 -1.5612574e-10 0)
(0.001766175 -1.3731056e-10 0)
(0.0017661749 -1.1929602e-10 0)
(0.0017661749 -1.0236292e-10 0)
(0.0017661749 -8.6689425e-11 0)
(0.0017661749 -7.2374353e-11 0)
(0.0017661749 -5.9454731e-11 0)
(0.0017661749 -4.792185e-11 0)
(0.0017661749 -3.7732705e-11 0)
(0.0017661749 -2.882081e-11 0)
(0.0017661749 -2.1103256e-11 0)
(0.0017661749 -1.4487845e-11 0)
(0.0017661749 -8.8770682e-12 0)
(0.0017661749 -4.1726936e-12 0)
(0.0017661749 -2.7766437e-13 0)
(0.0017661749 2.9010252e-12 0)
(0.0017661749 5.4518061e-12 0)
(0.0017661749 7.4567755e-12 0)
(0.0017661749 8.9920295e-12 0)
(0.0017661749 1.01266e-11 0)
(0.0017661749 1.0923302e-11 0)
(0.0017661749 1.143808e-11 0)
(0.0017661749 1.1721127e-11 0)
(0.0017661749 1.1816449e-11 0)
(0.0017661749 1.1763111e-11 0)
(0.0017661749 1.1594893e-11 0)
(0.0017661749 1.1341566e-11 0)
(0.0017661749 1.1028571e-11 0)
(0.0017661749 1.0678261e-11 0)
(0.0017661749 1.0309571e-11 0)
(0.0017661749 9.9391899e-12 0)
(0.0017661749 9.5811912e-12 0)
(0.0017661749 9.2481339e-12 0)
(0.0017661749 8.9506305e-12 0)
(0.0017661749 8.6983715e-12 0)
(0.0017661749 8.4996282e-12 0)
(0.0017661749 8.3621848e-12 0)
(0.0017661749 8.2927745e-12 0)
(0.0017661749 8.2979118e-12 0)
(0.0017661749 8.3832405e-12 0)
(0.0017661749 8.5542535e-12 0)
(0.0017661749 8.8155388e-12 0)
(0.0017661749 9.1713633e-12 0)
(0.0017661749 9.6247795e-12 0)
(0.0017661749 1.0178036e-11 0)
(0.0017661749 1.0831515e-11 0)
(0.0017661749 1.1583929e-11 0)
(0.0017661749 1.2431018e-11 0)
(0.001766175 1.3365486e-11 0)
(0.001766175 1.4375402e-11 0)
(0.001766175 1.5443806e-11 0)
(0.001766175 1.6546745e-11 0)
(0.001766175 1.7652474e-11 0)
(0.001766175 1.8719062e-11 0)
(0.001766175 1.969313e-11 0)
(0.001766175 2.0506949e-11 0)
(0.001766175 2.1076667e-11 0)
(0.001766175 2.1298875e-11 0)
(0.001766175 2.104829e-11 0)
(0.001766175 2.0173791e-11 0)
(0.001766175 1.8495603e-11 0)
(0.001766175 1.5800883e-11 0)
(0.001766175 1.1840527e-11 0)
(0.001766175 6.3244834e-12 0)
(0.001766175 -1.0815517e-12 0)
(0.001766175 -1.0760757e-11 0)
(0.0017661749 -2.3148172e-11 0)
(0.0017661749 -3.8734725e-11 0)
(0.0017661749 -5.8069237e-11 0)
(0.0017661749 -8.1761046e-11 0)
(0.0017661749 -1.104801e-10 0)
(0.0017661749 -1.4495708e-10 0)
(0.0017661748 -1.8598026e-10 0)
(0.0017661748 -2.3439168e-10 0)
(0.0017661747 -2.910791e-10 0)
(0.0017661747 -3.5696625e-10 0)
(0.0017661746 -4.3299784e-10 0)
(0.0017661745 -5.2012143e-10 0)
(0.0017661745 -6.1926281e-10 0)
(0.0017661743 -7.3129677e-10 0)
(0.0017661742 -8.5700959e-10 0)
(0.0017661741 -9.9705529e-10 0)
(0.0017661739 -1.1519018e-09 0)
(0.0017661737 -1.321769e-09 0)
(0.0017661735 -1.5065545e-09 0)
(0.0017661733 -1.7057496e-09 0)
(0.0017661731 -1.9183404e-09 0)
(0.0017661728 -2.1426971e-09 0)
(0.0017661725 -2.3764443e-09 0)
(0.0017661721 -2.6163166e-09 0)
(0.0017661718 -2.8579922e-09 0)
(0.0017661714 -3.09591e-09 0)
(0.001766171 -3.3230633e-09 0)
(0.0017661705 -3.5307577e-09 0)
(0.0017661701 -3.708431e-09 0)
(0.0017661696 -3.8436894e-09 0)
(0.0017661692 -3.9222467e-09 0)
(0.0017661685 -3.9180224e-09 0)
(0.0018084934 -0.00013039165 0)
(0.0018475192 -0.00033381263 0)
(0.0019012514 -0.00047295965 0)
(0.0019526626 -0.00055193118 0)
(0.0019909291 -0.00058252826 0)
(0.0020127044 -0.00057824561 0)
(0.0020186569 -0.00055120249 0)
(0.0020115138 -0.00051093643 0)
(0.0019946712 -0.00046429986 0)
(0.0019713756 -0.00041587441 0)
(0.0019443553 -0.00036852413 0)
(0.0019157228 -0.00032390438 0)
(0.0018870123 -0.00028286419 0)
(0.0018592735 -0.0002457382 0)
(0.0018331764 -0.00021254731 0)
(0.0018091075 -0.00018313104 0)
(0.0017872491 -0.00015723227 0)
(0.0017676417 -0.00013454991 0)
(0.0017502313 -0.00011477068 0)
(0.0017349039 -9.7587661e-05 0)
(0.0017215101 -8.2710396e-05 0)
(0.0017098828 -6.9869987e-05 0)
(0.001699849 -5.8821068e-05 0)
(0.0016912379 -4.9341982e-05 0)
(0.0016838862 -4.1233949e-05 0)
(0.0016776411 -3.4319688e-05 0)
(0.001672362 -2.8441797e-05 0)
(0.0016679211 -2.3461045e-05 0)
(0.0016642038 -1.925468e-05 0)
(0.0016611078 -1.5714813e-05 0)
(0.0016585429 -1.2746896e-05 0)
(0.0016564297 -1.0268306e-05 0)
(0.001654699 -8.2070485e-06 0)
(0.0016532906 -6.5005721e-06 0)
(0.0016521526 -5.0946847e-06 0)
(0.0016512404 -3.9425775e-06 0)
(0.0016505158 -3.0039413e-06 0)
(0.0016499461 -2.2441722e-06 0)
(0.0016495037 -1.633659e-06 0)
(0.0016491654 -1.1471466e-06 0)
(0.0016489115 -7.6316862e-07 0)
(0.0016487256 -4.6354364e-07 0)
(0.001648594 -2.3292935e-07 0)
(0.0016485053 -5.8429091e-08 0)
(0.0016484502 7.0754011e-08 0)
(0.0016484211 1.6362015e-07 0)
(0.0016484118 2.2763759e-07 0)
(0.001648417 2.6897301e-07 0)
(0.0016484329 2.9269145e-07 0)
(0.0016484562 3.02929e-07 0)
(0.0016484843 3.0304164e-07 0)
(0.0016485152 2.9573297e-07 0)
(0.0016485475 2.8316345e-07 0)
(0.00164858 2.6704348e-07 0)
(0.0016486117 2.4871245e-07 0)
(0.0016486423 2.2920555e-07 0)
(0.0016486711 2.0931006e-07 0)
(0.0016486981 1.8961258e-07 0)
(0.0016487229 1.7053845e-07 0)
(0.0016487456 1.5238452e-07 0)
(0.0016487662 1.3534632e-07 0)
(0.0016487847 1.1954032e-07 0)
(0.0016488013 1.0502221e-07 0)
(0.001648816 9.180178e-08 0)
(0.001648829 7.9854881e-08 0)
(0.0016488404 6.9133046e-08 0)
(0.0016488503 5.9571129e-08 0)
(0.001648859 5.1093301e-08 0)
(0.0016488665 4.361771e-08 0)
(0.0016488729 3.7060047e-08 0)
(0.0016488785 3.1336219e-08 0)
(0.0016488832 2.6364308e-08 0)
(0.0016488872 2.206596e-08 0)
(0.0016488905 1.8367316e-08 0)
(0.0016488934 1.5199593e-08 0)
(0.0016488957 1.2499387e-08 0)
(0.0016488977 1.020877e-08 0)
(0.0016488993 8.2752289e-09 0)
(0.0016489006 6.6514936e-09 0)
(0.0016489017 5.2952848e-09 0)
(0.0016489026 4.1690099e-09 0)
(0.0016489033 3.2394282e-09 0)
(0.0016489038 2.4773008e-09 0)
(0.0016489042 1.8570377e-09 0)
(0.0016489046 1.3563509e-09 0)
(0.0016489048 9.5592115e-10 0)
(0.001648905 6.3908082e-10 0)
(0.0016489051 3.9151779e-10 0)
(0.0016489052 2.0100088e-10 0)
(0.0016489053 5.7127715e-11 0)
(0.0016489053 -4.8904539e-11 0)
(0.0016489053 -1.2450672e-10 0)
(0.0016489053 -1.7588375e-10 0)
(0.0016489053 -2.0820101e-10 0)
(0.0016489053 -2.2573179e-10 0)
(0.0016489052 -2.3198765e-10 0)
(0.0016489052 -2.2983279e-10 0)
(0.0016489052 -2.2158417e-10 0)
(0.0016489052 -2.0909845e-10 0)
(0.0016489051 -1.9384743e-10 0)
(0.0016489051 -1.7698289e-10 0)
(0.0016489051 -1.5939241e-10 0)
(0.0016489051 -1.4174669e-10 0)
(0.001648905 -1.2454016e-10 0)
(0.001648905 -1.0812481e-10 0)
(0.001648905 -9.2739092e-11 0)
(0.001648905 -7.8531598e-11 0)
(0.001648905 -6.5581152e-11 0)
(0.001648905 -5.3912982e-11 0)
(0.001648905 -4.3512334e-11 0)
(0.001648905 -3.4335154e-11 0)
(0.001648905 -2.6317058e-11 0)
(0.001648905 -1.9380091e-11 0)
(0.001648905 -1.3438422e-11 0)
(0.001648905 -8.4023782e-12 0)
(0.001648905 -4.1818856e-12 0)
(0.001648905 -6.8864126e-13 0)
(0.001648905 2.1619291e-12 0)
(0.001648905 4.4497346e-12 0)
(0.001648905 6.2490265e-12 0)
(0.001648905 7.6282243e-12 0)
(0.001648905 8.6495175e-12 0)
(0.001648905 9.3691563e-12 0)
(0.001648905 9.8373894e-12 0)
(0.001648905 1.0099006e-11 0)
(0.001648905 1.0193442e-11 0)
(0.001648905 1.0155442e-11 0)
(0.001648905 1.0015231e-11 0)
(0.001648905 9.7992103e-12 0)
(0.001648905 9.5301228e-12 0)
(0.001648905 9.227745e-12 0)
(0.001648905 8.9090113e-12 0)
(0.001648905 8.5886628e-12 0)
(0.001648905 8.2793197e-12 0)
(0.001648905 7.9920786e-12 0)
(0.001648905 7.7365166e-12 0)
(0.001648905 7.5212302e-12 0)
(0.001648905 7.3537674e-12 0)
(0.001648905 7.2410997e-12 0)
(0.001648905 7.1894848e-12 0)
(0.001648905 7.2048549e-12 0)
(0.001648905 7.2925949e-12 0)
(0.001648905 7.4578431e-12 0)
(0.001648905 7.7051672e-12 0)
(0.001648905 8.038752e-12 0)
(0.001648905 8.4619453e-12 0)
(0.001648905 8.9772993e-12 0)
(0.001648905 9.5859612e-12 0)
(0.001648905 1.0287523e-11 0)
(0.001648905 1.1079199e-11 0)
(0.001648905 1.1955444e-11 0)
(0.001648905 1.2906863e-11 0)
(0.001648905 1.3919529e-11 0)
(0.001648905 1.4973569e-11 0)
(0.001648905 1.6042111e-11 0)
(0.001648905 1.7089491e-11 0)
(0.001648905 1.806976e-11 0)
(0.001648905 1.8924444e-11 0)
(0.001648905 1.9580582e-11 0)
(0.001648905 1.9947994e-11 0)
(0.001648905 1.9916819e-11 0)
(0.001648905 1.9354288e-11 0)
(0.001648905 1.81018e-11 0)
(0.001648905 1.5971279e-11 0)
(0.001648905 1.2741864e-11 0)
(0.001648905 8.1560149e-12 0)
(0.001648905 1.916063e-12 0)
(0.001648905 -6.3196578e-12 0)
(0.001648905 -1.6940012e-11 0)
(0.001648905 -3.0384437e-11 0)
(0.001648905 -4.7145304e-11 0)
(0.001648905 -6.7770079e-11 0)
(0.001648905 -9.2862012e-11 0)
(0.0016489049 -1.2308008e-10 0)
(0.0016489049 -1.5913688e-10 0)
(0.0016489049 -2.0179497e-10 0)
(0.0016489048 -2.5186045e-10 0)
(0.0016489048 -3.1017407e-10 0)
(0.0016489047 -3.7759842e-10 0)
(0.0016489046 -4.5500168e-10 0)
(0.0016489045 -5.432361e-10 0)
(0.0016489044 -6.4311167e-10 0)
(0.0016489043 -7.5536307e-10 0)
(0.0016489041 -8.8061027e-10 0)
(0.001648904 -1.0193108e-09 0)
(0.0016489038 -1.1717039e-09 0)
(0.0016489035 -1.3377448e-09 0)
(0.0016489033 -1.5170297e-09 0)
(0.001648903 -1.7087076e-09 0)
(0.0016489027 -1.9113824e-09 0)
(0.0016489024 -2.1229982e-09 0)
(0.001648902 -2.3407112e-09 0)
(0.0016489016 -2.560742e-09 0)
(0.0016489012 -2.7782093e-09 0)
(0.0016489007 -2.9869366e-09 0)
(0.0016489003 -3.1792206e-09 0)
(0.0016488998 -3.3456425e-09 0)
(0.0016488992 -3.4750369e-09 0)
(0.0016488988 -3.5541703e-09 0)
(0.0016488981 -3.5626677e-09 0)
(0.0018100211 -0.00014910494 0)
(0.0018560219 -0.00037126052 0)
(0.001913505 -0.00051299667 0)
(0.0019624965 -0.00058386936 0)
(0.0019921663 -0.00060163629 0)
(0.0020011656 -0.0005840878 0)
(0.00199239 -0.00054569853 0)
(0.0019703298 -0.00049689478 0)
(0.0019395182 -0.00044453989 0)
(0.0019037936 -0.00039280894 0)
(0.0018660913 -0.00034402916 0)
(0.0018284956 -0.00029933835 0)
(0.0017923886 -0.00025914919 0)
(0.0017586171 -0.00022345586 0)
(0.0017276396 -0.00019202705 0)
(0.001699645 -0.00016452296 0)
(0.0016746417 -0.00014056367 0)
(0.0016525224 -0.00011976734 0)
(0.0016331106 -0.00010177044 0)
(0.0016161915 -8.6237327e-05 0)
(0.0016015346 -7.2863729e-05 0)
(0.001588907 -6.1377033e-05 0)
(0.0015780832 -5.1534776e-05 0)
(0.0015688503 -4.3122383e-05 0)
(0.0015610111 -3.5950611e-05 0)
(0.0015543858 -2.9852987e-05 0)
(0.001548812 -2.4683375e-05 0)
(0.0015441447 -2.0313731e-05 0)
(0.0015402551 -1.6632064e-05 0)
(0.0015370299 -1.3540603e-05 0)
(0.0015343697 -1.0954153e-05 0)
(0.0015321879 -8.7986342e-06 0)
(0.0015304094 -7.0097649e-06 0)
(0.0015289695 -5.5318996e-06 0)
(0.0015278125 -4.3169857e-06 0)
(0.0015268907 -3.3236352e-06 0)
(0.0015261635 -2.5162982e-06 0)
(0.0015255965 -1.8645271e-06 0)
(0.0015251605 -1.3423229e-06 0)
(0.0015248311 -9.2755524e-07 0)
(0.0015245876 -6.0144905e-07 0)
(0.001524413 -3.4813099e-07 0)
(0.0015242932 -1.5422987e-07 0)
(0.0015242163 -8.525444e-09 0)
(0.0015241727 9.8359344e-08 0)
(0.0015241545 1.7422724e-07 0)
(0.0015241554 2.2554099e-07 0)
(0.0015241703 2.5762669e-07 0)
(0.0015241951 2.7484997e-07 0)
(0.0015242264 2.8076782e-07 0)
(0.0015242618 2.7825933e-07 0)
(0.0015242993 2.6963755e-07 0)
(0.0015243375 2.5674513e-07 0)
(0.0015243752 2.4103561e-07 0)
(0.0015244116 2.2364241e-07 0)
(0.0015244462 2.0543698e-07 0)
(0.0015244786 1.8707782e-07 0)
(0.0015245086 1.690514e-07 0)
(0.0015245362 1.5170643e-07 0)
(0.0015245612 1.3528217e-07 0)
(0.0015245838 1.1993186e-07 0)
(0.001524604 1.05742e-07 0)
(0.0015246221 9.2748048e-08 0)
(0.001524638 8.0947135e-08 0)
(0.0015246521 7.0308378e-08 0)
(0.0015246643 6.0781056e-08 0)
(0.0015246751 5.2301122e-08 0)
(0.0015246843 4.4796269e-08 0)
(0.0015246924 3.8189875e-08 0)
(0.0015246992 3.2403978e-08 0)
(0.0015247051 2.7361507e-08 0)
(0.0015247101 2.2987889e-08 0)
(0.0015247143 1.9212182e-08 0)
(0.0015247179 1.5967802e-08 0)
(0.0015247209 1.3192974e-08 0)
(0.0015247234 1.0830931e-08 0)
(0.0015247254 8.8299542e-09 0)
(0.0015247271 7.1432729e-09 0)
(0.0015247285 5.7288828e-09 0)
(0.0015247296 4.5492855e-09 0)
(0.0015247305 3.5712075e-09 0)
(0.0015247312 2.7652726e-09 0)
(0.0015247318 2.1056898e-09 0)
(0.0015247322 1.5699161e-09 0)
(0.0015247326 1.1383533e-09 0)
(0.0015247328 7.9403214e-10 0)
(0.001524733 5.2233972e-10 0)
(0.0015247331 3.1074013e-10 0)
(0.0015247332 1.4854098e-10 0)
(0.0015247333 2.6655889e-11 0)
(0.0015247333 -6.2587644e-11 0)
(0.0015247333 -1.2564492e-10 0)
(0.0015247333 -1.6790698e-10 0)
(0.0015247333 -1.9386005e-10 0)
(0.0015247332 -2.0720374e-10 0)
(0.0015247332 -2.1097816e-10 0)
(0.0015247332 -2.0765262e-10 0)
(0.0015247331 -1.9922568e-10 0)
(0.0015247331 -1.8728957e-10 0)
(0.0015247331 -1.7310819e-10 0)
(0.0015247331 -1.5766211e-10 0)
(0.001524733 -1.4170905e-10 0)
(0.001524733 -1.2581366e-10 0)
(0.001524733 -1.103943e-10 0)
(0.001524733 -9.574124e-11 0)
(0.0015247329 -8.2052887e-11 0)
(0.0015247329 -6.9445372e-11 0)
(0.0015247329 -5.7980754e-11 0)
(0.0015247329 -4.767035e-11 0)
(0.0015247329 -3.8496977e-11 0)
(0.0015247329 -3.0413805e-11 0)
(0.0015247329 -2.3362243e-11 0)
(0.0015247329 -1.7267703e-11 0)
(0.0015247329 -1.205433e-11 0)
(0.0015247329 -7.6387069e-12 0)
(0.0015247329 -3.9423348e-12 0)
(0.0015247329 -8.840457e-13 0)
(0.0015247329 1.6091134e-12 0)
(0.0015247329 3.6102197e-12 0)
(0.0015247329 5.1827107e-12 0)
(0.0015247329 6.3890891e-12 0)
(0.0015247329 7.2819413e-12 0)
(0.0015247329 7.9127728e-12 0)
(0.0015247329 8.3235564e-12 0)
(0.0015247329 8.5555408e-12 0)
(0.0015247329 8.6411597e-12 0)
(0.0015247329 8.6127369e-12 0)
(0.0015247329 8.4946288e-12 0)
(0.0015247329 8.3117789e-12 0)
(0.0015247329 8.0820176e-12 0)
(0.0015247329 7.8244573e-12 0)
(0.0015247329 7.5518874e-12 0)
(0.0015247329 7.2790117e-12 0)
(0.0015247329 7.0148978e-12 0)
(0.0015247329 6.7710843e-12 0)
(0.0015247329 6.5540373e-12 0)
(0.0015247329 6.3731494e-12 0)
(0.0015247329 6.2331773e-12 0)
(0.0015247329 6.1421608e-12 0)
(0.0015247329 6.1038011e-12 0)
(0.0015247329 6.1253143e-12 0)
(0.0015247329 6.209726e-12 0)
(0.0015247329 6.3636696e-12 0)
(0.0015247329 6.589559e-12 0)
(0.0015247329 6.8933358e-12 0)
(0.0015247329 7.2764707e-12 0)
(0.0015247329 7.743654e-12 0)
(0.0015247329 8.2945801e-12 0)
(0.0015247329 8.9315603e-12 0)
(0.0015247329 9.6510318e-12 0)
(0.0015247329 1.0451061e-11 0)
(0.0015247329 1.1322513e-11 0)
(0.0015247329 1.2256407e-11 0)
(0.001524733 1.323468e-11 0)
(0.001524733 1.4237344e-11 0)
(0.001524733 1.5232771e-11 0)
(0.001524733 1.6184616e-11 0)
(0.001524733 1.7041541e-11 0)
(0.001524733 1.774389e-11 0)
(0.001524733 1.8212797e-11 0)
(0.001524733 1.8356586e-11 0)
(0.001524733 1.8059243e-11 0)
(0.001524733 1.7186615e-11 0)
(0.001524733 1.5574248e-11 0)
(0.001524733 1.3033484e-11 0)
(0.001524733 9.3387921e-12 0)
(0.001524733 4.2339821e-12 0)
(0.001524733 -2.5807481e-12 0)
(0.001524733 -1.1442132e-11 0)
(0.001524733 -2.2736694e-11 0)
(0.0015247329 -3.6893046e-11 0)
(0.0015247329 -5.4394071e-11 0)
(0.0015247329 -7.5767444e-11 0)
(0.0015247329 -1.0159629e-10 0)
(0.0015247329 -1.3250687e-10 0)
(0.0015247328 -1.6917661e-10 0)
(0.0015247328 -2.1231758e-10 0)
(0.0015247327 -2.6268035e-10 0)
(0.0015247326 -3.2103151e-10 0)
(0.0015247326 -3.8815153e-10 0)
(0.0015247325 -4.6480413e-10 0)
(0.0015247323 -5.5172583e-10 0)
(0.0015247322 -6.4958459e-10 0)
(0.0015247321 -7.5895855e-10 0)
(0.0015247319 -8.8028115e-10 0)
(0.0015247317 -1.0138064e-09 0)
(0.0015247315 -1.1595377e-09 0)
(0.0015247312 -1.3171772e-09 0)
(0.0015247309 -1.4860363e-09 0)
(0.0015247306 -1.6649659e-09 0)
(0.0015247302 -1.8522447e-09 0)
(0.0015247299 -2.0454871e-09 0)
(0.0015247294 -2.2415022e-09 0)
(0.001524729 -2.4361673e-09 0)
(0.0015247285 -2.6242393e-09 0)
(0.001524728 -2.7991543e-09 0)
(0.0015247275 -2.9528088e-09 0)
(0.0015247269 -3.0754287e-09 0)
(0.0015247264 -3.1550205e-09 0)
(0.0015247257 -3.1769672e-09 0)
(0.0018123201 -0.00017204632 0)
(0.0018670888 -0.00041302992 0)
(0.0019270982 -0.00055294506 0)
(0.0019700383 -0.0006103994 0)
(0.0019864772 -0.0006112785 0)
(0.0019783935 -0.00057831743 0)
(0.001951618 -0.00052810405 0)
(0.0019125739 -0.00047141017 0)
(0.0018667953 -0.00041459061 0)
(0.0018184599 -0.00036103375 0)
(0.001770451 -0.00031229519 0)
(0.001724608 -0.00026887191 0)
(0.001681999 -0.00023069011 0)
(0.001643156 -0.00019739565 0)
(0.001608254 -0.00016851884 0)
(0.001577241 -0.00014356337 0)
(0.001549928 -0.00012205133 0)
(0.0015260495 -0.00010354357 0)
(0.001505304 -8.7646765e-05 0)
(0.0014873791 -7.4013705e-05 0)
(0.0014719683 -6.2340371e-05 0)
(0.0014587799 -5.2361713e-05 0)
(0.001447543 -4.3847156e-05 0)
(0.0014380097 -3.6596301e-05 0)
(0.0014299559 -3.0435028e-05 0)
(0.001423181 -2.5212061e-05 0)
(0.0014175065 -2.0795977e-05 0)
(0.0014127753 -1.7072626e-05 0)
(0.001408849 -1.3942908e-05 0)
(0.0014056071 -1.1320846e-05 0)
(0.0014029445 -9.1319266e-06 0)
(0.0014007706 -7.3116557e-06 0)
(0.001399007 -5.8042963e-06 0)
(0.0013975864 -4.5617679e-06 0)
(0.0013964514 -3.5426798e-06 0)
(0.0013955529 -2.7114809e-06 0)
(0.0013948493 -2.0377113e-06 0)
(0.0013943055 -1.4953427e-06 0)
(0.0013938918 -1.0621968e-06 0)
(0.0013935835 -7.1943346e-07 0)
(0.0013933597 -4.5109923e-07 0)
(0.0013932033 -2.4373134e-07 0)
(0.0013931001 -8.6009774e-08 0)
(0.0013930382 3.1547223e-08 0)
(0.0013930081 1.1684922e-07 0)
(0.0013930021 1.7646544e-07 0)
(0.0013930138 2.1582613e-07 0)
(0.0013930382 2.3939722e-07 0)
(0.0013930713 2.5083102e-07 0)
(0.0013931099 2.5309609e-07 0)
(0.0013931517 2.4858872e-07 0)
(0.0013931948 2.3922824e-07 0)
(0.0013932377 2.2653831e-07 0)
(0.0013932795 2.1171601e-07 0)
(0.0013933195 1.9569019e-07 0)
(0.0013933571 1.7917081e-07 0)
(0.0013933921 1.6269025e-07 0)
(0.0013934243 1.466379e-07 0)
(0.0013934536 1.3128897e-07 0)
(0.0013934802 1.168283e-07 0)
(0.0013935041 1.0337001e-07 0)
(0.0013935254 9.0973651e-08 0)
(0.0013935443 7.9657258e-08 0)
(0.001393561 6.9408021e-08 0)
(0.0013935756 6.0190782e-08 0)
(0.0013935884 5.1954845e-08 0)
(0.0013935995 4.4639311e-08 0)
(0.0013936091 3.8177271e-08 0)
(0.0013936174 3.249899e-08 0)
(0.0013936245 2.753435e-08 0)
(0.0013936305 2.3214617e-08 0)
(0.0013936356 1.9473733e-08 0)
(0.0013936399 1.6249181e-08 0)
(0.0013936436 1.3482554e-08 0)
(0.0013936466 1.1119852e-08 0)
(0.0013936491 9.111626e-09 0)
(0.0013936512 7.4129396e-09 0)
(0.0013936529 5.9832688e-09 0)
(0.0013936543 4.7862925e-09 0)
(0.0013936554 3.789665e-09 0)
(0.0013936563 2.9647294e-09 0)
(0.001393657 2.2862433e-09 0)
(0.0013936576 1.7320713e-09 0)
(0.001393658 1.2829099e-09 0)
(0.0013936583 9.2199182e-10 0)
(0.0013936586 6.3483367e-10 0)
(0.0013936587 4.089703e-10 0)
(0.0013936589 2.3373644e-10 0)
(0.0013936589 1.0003721e-10 0)
(0.001393659 1.6742353e-13 0)
(0.001393659 -7.2380713e-11 0)
(0.001393659 -1.2306204e-10 0)
(0.001393659 -1.5643609e-10 0)
(0.001393659 -1.7627885e-10 0)
(0.0013936589 -1.8570989e-10 0)
(0.0013936589 -1.8727602e-10 0)
(0.0013936589 -1.8305261e-10 0)
(0.0013936588 -1.7470397e-10 0)
(0.0013936588 -1.6356341e-10 0)
(0.0013936588 -1.5067482e-10 0)
(0.0013936587 -1.3685583e-10 0)
(0.0013936587 -1.2272444e-10 0)
(0.0013936587 -1.0874893e-10 0)
(0.0013936587 -9.5263056e-11 0)
(0.0013936586 -8.2505654e-11 0)
(0.0013936586 -7.0627295e-11 0)
(0.0013936586 -5.9722004e-11 0)
(0.0013936586 -4.9827648e-11 0)
(0.0013936586 -4.0951792e-11 0)
(0.0013936586 -3.3067546e-11 0)
(0.0013936586 -2.6135119e-11 0)
(0.0013936586 -2.0094491e-11 0)
(0.0013936586 -1.4883835e-11 0)
(0.0013936586 -1.0430061e-11 0)
(0.0013936586 -6.6649778e-12 0)
(0.0013936586 -3.5144645e-12 0)
(0.0013936586 -9.1303923e-13 0)
(0.0013936586 1.2077921e-12 0)
(0.0013936586 2.9061054e-12 0)
(0.0013936586 4.2416376e-12 0)
(0.0013936586 5.2631441e-12 0)
(0.0013936586 6.0206529e-12 0)
(0.0013936586 6.5533867e-12 0)
(0.0013936586 6.9020086e-12 0)
(0.0013936586 7.096934e-12 0)
(0.0013936586 7.1704785e-12 0)
(0.0013936586 7.1454542e-12 0)
(0.0013936586 7.0471461e-12 0)
(0.0013936586 6.8921151e-12 0)
(0.0013936586 6.6999927e-12 0)
(0.0013936586 6.4824322e-12 0)
(0.0013936586 6.2547154e-12 0)
(0.0013936586 6.0248084e-12 0)
(0.0013936586 5.8047991e-12 0)
(0.0013936586 5.6000306e-12 0)
(0.0013936586 5.4203772e-12 0)
(0.0013936586 5.2694263e-12 0)
(0.0013936586 5.1556237e-12 0)
(0.0013936586 5.0814788e-12 0)
(0.0013936586 5.0545901e-12 0)
(0.0013936586 5.076843e-12 0)
(0.0013936586 5.1553404e-12 0)
(0.0013936586 5.2915556e-12 0)
(0.0013936586 5.4921808e-12 0)
(0.0013936586 5.7581946e-12 0)
(0.0013936586 6.0956322e-12 0)
(0.0013936586 6.5045198e-12 0)
(0.0013936586 6.9895604e-12 0)
(0.0013936586 7.5488892e-12 0)
(0.0013936586 8.1846587e-12 0)
(0.0013936586 8.8915485e-12 0)
(0.0013936586 9.667229e-12 0)
(0.0013936586 1.0500563e-11 0)
(0.0013936586 1.138192e-11 0)
(0.0013936586 1.2290994e-11 0)
(0.0013936586 1.3206942e-11 0)
(0.0013936586 1.4095732e-11 0)
(0.0013936586 1.4920092e-11 0)
(0.0013936586 1.5626334e-11 0)
(0.0013936586 1.615408e-11 0)
(0.0013936586 1.6422518e-11 0)
(0.0013936586 1.633992e-11 0)
(0.0013936586 1.5789334e-11 0)
(0.0013936586 1.463795e-11 0)
(0.0013936586 1.2722253e-11 0)
(0.0013936586 9.8573876e-12 0)
(0.0013936586 5.8219126e-12 0)
(0.0013936586 3.6738424e-13 0)
(0.0013936586 -6.7970349e-12 0)
(0.0013936586 -1.599441e-11 0)
(0.0013936586 -2.7595154e-11 0)
(0.0013936586 -4.2005736e-11 0)
(0.0013936586 -5.9682947e-11 0)
(0.0013936586 -8.1120702e-11 0)
(0.0013936585 -1.0686262e-10 0)
(0.0013936585 -1.374859e-10 0)
(0.0013936585 -1.7361109e-10 0)
(0.0013936584 -2.1588171e-10 0)
(0.0013936583 -2.6496971e-10 0)
(0.0013936583 -3.2154919e-10 0)
(0.0013936582 -3.8629576e-10 0)
(0.001393658 -4.5985227e-10 0)
(0.0013936579 -5.4281997e-10 0)
(0.0013936578 -6.3571405e-10 0)
(0.0013936576 -7.389444e-10 0)
(0.0013936574 -8.5275869e-10 0)
(0.0013936572 -9.7721099e-10 0)
(0.0013936569 -1.1120908e-09 0)
(0.0013936566 -1.2568781e-09 0)
(0.0013936563 -1.4106577e-09 0)
(0.0013936559 -1.5720591e-09 0)
(0.0013936555 -1.7391548e-09 0)
(0.0013936551 -1.9093807e-09 0)
(0.0013936546 -2.0794071e-09 0)
(0.0013936541 -2.2450134e-09 0)
(0.0013936536 -2.4008816e-09 0)
(0.0013936531 -2.5404004e-09 0)
(0.0013936525 -2.6553788e-09 0)
(0.001393652 -2.7351698e-09 0)
(0.0013936512 -2.7710042e-09 0)
(0.0018158179 -0.00020072885 0)
(0.0018813275 -0.00045913396 0)
(0.0019408848 -0.00059043295 0)
(0.0019719696 -0.00062780082 0)
(0.001968972 -0.00060768079 0)
(0.0019388417 -0.00055792831 0)
(0.0018909029 -0.00049646188 0)
(0.001833382 -0.00043350698 0)
(0.0017724116 -0.00037424054 0)
(0.001712079 -0.00032086042 0)
(0.0016548613 -0.0002739509 0)
(0.0016020974 -0.00023329693 0)
(0.0015543745 -0.00019833682 0)
(0.0015118084 -0.00016839886 0)
(0.0014742351 -0.00014281649 0)
(0.0014413359 -0.00012097845 0)
(0.0014127164 -0.00010234569 0)
(0.0013879558 -8.6452457e-05 0)
(0.0013666357 -7.2900301e-05 0)
(0.0013483572 -6.1349862e-05 0)
(0.0013327493 -5.1512359e-05 0)
(0.0013194733 -4.3141821e-05 0)
(0.0013082237 -3.6028327e-05 0)
(0.0012987274 -2.9992311e-05 0)
(0.0012907422 -2.4879815e-05 0)
(0.0012840546 -2.0558565e-05 0)
(0.001278477 -1.6914726e-05 0)
(0.0012738458 -1.3850211e-05 0)
(0.0012700183 -1.128044e-05 0)
(0.0012668712 -9.1324615e-06 0)
(0.0012642978 -7.3433672e-06 0)
(0.0012622062 -5.8589417e-06 0)
(0.0012605177 -4.6325099e-06 0)
(0.001259165 -3.6239424e-06 0)
(0.0012580907 -2.7987963e-06 0)
(0.0012572462 -2.1275673e-06 0)
(0.0012565902 -1.585038e-06 0)
(0.0012560882 -1.1497089e-06 0)
(0.0012557111 -8.0329925e-07 0)
(0.0012554345 -5.3031088e-07 0)
(0.0012552381 -3.1764601e-07 0)
(0.0012551053 -1.5427262e-07 0)
(0.0012550223 -3.0932135e-08 0)
(0.0012549777 6.0115785e-08 0)
(0.0012549623 1.2531542e-07 0)
(0.0012549687 1.7000818e-07 0)
(0.0012549908 1.9860003e-07 0)
(0.001255024 2.1470625e-07 0)
(0.0012550645 2.2127622e-07 0)
(0.0012551092 2.2070074e-07 0)
(0.0012551561 2.1490389e-07 0)
(0.0012552033 2.0542158e-07 0)
(0.0012552496 1.9346827e-07 0)
(0.0012552942 1.7999372e-07 0)
(0.0012553364 1.6573076e-07 0)
(0.0012553758 1.5123565e-07 0)
(0.0012554122 1.3692176e-07 0)
(0.0012554455 1.2308786e-07 0)
(0.0012554757 1.0994138e-07 0)
(0.0012555029 9.7617927e-08 0)
(0.0012555273 8.6197047e-08 0)
(0.001255549 7.571535e-08 0)
(0.0012555681 6.6177016e-08 0)
(0.001255585 5.7562375e-08 0)
(0.0012555998 4.9834688e-08 0)
(0.0012556126 4.2945617e-08 0)
(0.0012556237 3.6839429e-08 0)
(0.0012556333 3.1456342e-08 0)
(0.0012556416 2.6734994e-08 0)
(0.0012556486 2.2614376e-08 0)
(0.0012556546 1.9035161e-08 0)
(0.0012556597 1.5940716e-08 0)
(0.0012556639 1.3277713e-08 0)
(0.0012556675 1.0996562e-08 0)
(0.0012556705 9.0515717e-09 0)
(0.0012556729 7.4010536e-09 0)
(0.001255675 6.0072188e-09 0)
(0.0012556766 4.8360916e-09 0)
(0.001255678 3.8572771e-09 0)
(0.001255679 3.0437812e-09 0)
(0.0012556799 2.3717214e-09 0)
(0.0012556806 1.8201166e-09 0)
(0.0012556811 1.370586e-09 0)
(0.0012556815 1.0071437e-09 0)
(0.0012556818 7.1591221e-10 0)
(0.0012556821 4.8493952e-10 0)
(0.0012556822 3.0394042e-10 0)
(0.0012556823 1.6414452e-10 0)
(0.0012556824 5.8069581e-11 0)
(0.0012556824 -2.0597443e-11 0)
(0.0012556824 -7.7194913e-11 0)
(0.0012556824 -1.1617426e-10 0)
(0.0012556824 -1.4126477e-10 0)
(0.0012556824 -1.5553365e-10 0)
(0.0012556823 -1.6152475e-10 0)
(0.0012556823 -1.6129517e-10 0)
(0.0012556823 -1.5653198e-10 0)
(0.0012556822 -1.4856952e-10 0)
(0.0012556822 -1.3848801e-10 0)
(0.0012556822 -1.2711561e-10 0)
(0.0012556821 -1.1511233e-10 0)
(0.0012556821 -1.0296031e-10 0)
(0.0012556821 -9.1036066e-11 0)
(0.0012556821 -7.9591974e-11 0)
(0.001255682 -6.8819273e-11 0)
(0.001255682 -5.8823196e-11 0)
(0.001255682 -4.9678779e-11 0)
(0.001255682 -4.1401559e-11 0)
(0.001255682 -3.3997782e-11 0)
(0.001255682 -2.7432189e-11 0)
(0.001255682 -2.1673868e-11 0)
(0.001255682 -1.6662286e-11 0)
(0.001255682 -1.2349741e-11 0)
(0.001255682 -8.6664995e-12 0)
(0.001255682 -5.560574e-12 0)
(0.001255682 -2.962581e-12 0)
(0.001255682 -8.2340833e-13 0)
(0.001255682 9.2079004e-13 0)
(0.001255682 2.3126227e-12 0)
(0.001255682 3.4080471e-12 0)
(0.001255682 4.2417655e-12 0)
(0.001255682 4.8612441e-12 0)
(0.001255682 5.2932224e-12 0)
(0.001255682 5.5770947e-12 0)
(0.001255682 5.7323173e-12 0)
(0.001255682 5.7911534e-12 0)
(0.001255682 5.7668178e-12 0)
(0.001255682 5.685604e-12 0)
(0.001255682 5.5556265e-12 0)
(0.001255682 5.3984063e-12 0)
(0.001255682 5.2180722e-12 0)
(0.001255682 5.0324941e-12 0)
(0.001255682 4.8428222e-12 0)
(0.001255682 4.6642667e-12 0)
(0.001255682 4.4958706e-12 0)
(0.001255682 4.3510246e-12 0)
(0.001255682 4.2273732e-12 0)
(0.001255682 4.1371641e-12 0)
(0.001255682 4.0771949e-12 0)
(0.001255682 4.0590789e-12 0)
(0.001255682 4.0791413e-12 0)
(0.001255682 4.148679e-12 0)
(0.001255682 4.2637167e-12 0)
(0.001255682 4.435338e-12 0)
(0.001255682 4.6592101e-12 0)
(0.001255682 4.9460321e-12 0)
(0.001255682 5.2907451e-12 0)
(0.001255682 5.7031451e-12 0)
(0.001255682 6.176692e-12 0)
(0.001255682 6.7193124e-12 0)
(0.001255682 7.3217179e-12 0)
(0.001255682 7.9884106e-12 0)
(0.001255682 8.7054299e-12 0)
(0.001255682 9.4715721e-12 0)
(0.001255682 1.0265458e-11 0)
(0.001255682 1.1076989e-11 0)
(0.001255682 1.1873619e-11 0)
(0.001255682 1.2632077e-11 0)
(0.001255682 1.3303752e-11 0)
(0.001255682 1.3846699e-11 0)
(0.001255682 1.4190037e-11 0)
(0.001255682 1.4266323e-11 0)
(0.001255682 1.3974876e-11 0)
(0.001255682 1.3214648e-11 0)
(0.001255682 1.1846415e-11 0)
(0.001255682 9.7263248e-12 0)
(0.001255682 6.6670036e-12 0)
(0.001255682 2.4720318e-12 0)
(0.001255682 -3.1039095e-12 0)
(0.001255682 -1.0319262e-11 0)
(0.001255682 -1.9486146e-11 0)
(0.001255682 -3.0932761e-11 0)
(0.001255682 -4.504425e-11 0)
(0.001255682 -6.2222537e-11 0)
(0.001255682 -8.2926929e-11 0)
(0.0012556819 -1.0763046e-10 0)
(0.0012556819 -1.3685936e-10 0)
(0.0012556818 -1.7114472e-10 0)
(0.0012556818 -2.1105973e-10 0)
(0.0012556817 -2.5716506e-10 0)
(0.0012556816 -3.1004264e-10 0)
(0.0012556815 -3.7023279e-10 0)
(0.0012556814 -4.3826295e-10 0)
(0.0012556812 -5.1457465e-10 0)
(0.001255681 -5.9954563e-10 0)
(0.0012556808 -6.9340489e-10 0)
(0.0012556806 -7.9624715e-10 0)
(0.0012556804 -9.0793523e-10 0)
(0.0012556801 -1.0281069e-09 0)
(0.0012556798 -1.1560658e-09 0)
(0.0012556794 -1.2907817e-09 0)
(0.001255679 -1.4307728e-09 0)
(0.0012556786 -1.5740996e-09 0)
(0.0012556781 -1.7182325e-09 0)
(0.0012556776 -1.860011e-09 0)
(0.0012556771 -1.9954425e-09 0)
(0.0012556766 -2.1195523e-09 0)
(0.001255676 -2.2259111e-09 0)
(0.0012556755 -2.3054971e-09 0)
(0.0012556747 -2.3552269e-09 0)
(0.0018211357 -0.00023717387 0)
(0.0018989943 -0.00050866026 0)
(0.0019519315 -0.00062126122 0)
(0.00196232 -0.00063075927 0)
(0.0019320961 -0.00058625174 0)
(0.001874813 -0.00051985544 0)
(0.0018033285 -0.00044925664 0)
(0.001727019 -0.00038288416 0)
(0.0016518634 -0.00032399673 0)
(0.0015812487 -0.00027325892 0)
(0.001516826 -0.00023018017 0)
(0.0014591765 -0.00019384998 0)
(0.0014082637 -0.00016328353 0)
(0.0013637189 -0.00013756721 0)
(0.0013250153 -0.00011590748 0)
(0.001291568 -9.7636496e-05 0)
(0.0012627911 -8.2200268e-05 0)
(0.0012381271 -6.9141786e-05 0)
(0.0012170614 -5.8084097e-05 0)
(0.0011991281 -4.8715416e-05 0)
(0.0011839105 -4.077673e-05 0)
(0.0011710389 -3.4051762e-05 0)
(0.0011601875 -2.8358976e-05 0)
(0.0011510706 -2.3545235e-05 0)
(0.0011434384 -1.9480774e-05 0)
(0.0011370736 -1.6055211e-05 0)
(0.0011317871 -1.3174348e-05 0)
(0.0011274156 -1.0757604e-05 0)
(0.0011238179 -8.7359209e-06 0)
(0.0011208722 -7.0500524e-06 0)
(0.0011184743 -5.6491426e-06 0)
(0.0011165348 -4.4895401e-06 0)
(0.0011149772 -3.5337971e-06 0)
(0.0011137366 -2.7498193e-06 0)
(0.001112758 -2.1101381e-06 0)
(0.0011119946 -1.5912843e-06 0)
(0.0011114072 -1.1732467e-06 0)
(0.0011109628 -8.3900183e-07 0)
(0.0011106338 -5.7410585e-07 0)
(0.0011103972 -3.663382e-07 0)
(0.0011102341 -2.0539149e-07 0)
(0.0011101286 -8.2601073e-08 0)
(0.001110068 9.2904969e-09 0)
(0.0011100415 7.633835e-08 0)
(0.0011100409 1.2357331e-07 0)
(0.001110059 1.5515615e-07 0)
(0.0011100905 1.7451106e-07 0)
(0.0011101311 1.8444074e-07 0)
(0.0011101772 1.8722554e-07 0)
(0.0011102264 1.8470836e-07 0)
(0.0011102765 1.7836739e-07 0)
(0.0011103261 1.6937806e-07 0)
(0.0011103741 1.5866568e-07 0)
(0.0011104199 1.4694999e-07 0)
(0.0011104628 1.3478278e-07 0)
(0.0011105026 1.2257945e-07 0)
(0.0011105391 1.106454e-07 0)
(0.0011105723 9.9198083e-08 0)
(0.0011106024 8.8385203e-08 0)
(0.0011106293 7.8299772e-08 0)
(0.0011106533 6.8992484e-08 0)
(0.0011106746 6.0481737e-08 0)
(0.0011106934 5.2761837e-08 0)
(0.0011107099 4.5809512e-08 0)
(0.0011107242 3.9589193e-08 0)
(0.0011107367 3.4057101e-08 0)
(0.0011107474 2.9164522e-08 0)
(0.0011107567 2.4860249e-08 0)
(0.0011107646 2.1092511e-08 0)
(0.0011107714 1.7810328e-08 0)
(0.0011107771 1.4964559e-08 0)
(0.001110782 1.2508555e-08 0)
(0.001110786 1.0398655e-08 0)
(0.0011107894 8.5943975e-09 0)
(0.0011107923 7.0586855e-09 0)
(0.0011107946 5.7577409e-09 0)
(0.0011107965 4.6610768e-09 0)
(0.001110798 3.7413161e-09 0)
(0.0011107993 2.974066e-09 0)
(0.0011108003 2.3376724e-09 0)
(0.0011108011 1.8130574e-09 0)
(0.0011108017 1.3834544e-09 0)
(0.0011108022 1.0342425e-09 0)
(0.0011108026 7.526897e-10 0)
(0.0011108029 5.2780247e-10 0)
(0.0011108031 3.5008969e-10 0)
(0.0011108032 2.1143777e-10 0)
(0.0011108033 1.0490044e-10 0)
(0.0011108033 2.4601808e-11 0)
(0.0011108034 -3.4446515e-11 0)
(0.0011108034 -7.6415446e-11 0)
(0.0011108034 -1.0481548e-10 0)
(0.0011108033 -1.2254249e-10 0)
(0.0011108033 -1.3201186e-10 0)
(0.0011108033 -1.3518349e-10 0)
(0.0011108032 -1.3367634e-10 0)
(0.0011108032 -1.2877631e-10 0)
(0.0011108032 -1.2153446e-10 0)
(0.0011108031 -1.1276121e-10 0)
(0.0011108031 -1.0311134e-10 0)
(0.0011108031 -9.3067524e-11 0)
(0.001110803 -8.3014692e-11 0)
(0.001110803 -7.3215642e-11 0)
(0.001110803 -6.3876886e-11 0)
(0.001110803 -5.5118542e-11 0)
(0.0011108029 -4.7033469e-11 0)
(0.0011108029 -3.9653179e-11 0)
(0.0011108029 -3.3001708e-11 0)
(0.0011108029 -2.7058926e-11 0)
(0.0011108029 -2.1810254e-11 0)
(0.0011108029 -1.7208448e-11 0)
(0.0011108029 -1.3220026e-11 0)
(0.0011108029 -9.7863107e-12 0)
(0.0011108029 -6.8672412e-12 0)
(0.0011108029 -4.4022409e-12 0)
(0.0011108029 -2.3519166e-12 0)
(0.0011108029 -6.5916262e-13 0)
(0.0011108029 7.1087153e-13 0)
(0.0011108029 1.8091902e-12 0)
(0.0011108029 2.6644049e-12 0)
(0.0011108029 3.3205005e-12 0)
(0.0011108029 3.7994785e-12 0)
(0.0011108029 4.1384159e-12 0)
(0.0011108029 4.3530993e-12 0)
(0.0011108029 4.4743642e-12 0)
(0.0011108029 4.5125559e-12 0)
(0.0011108029 4.4931929e-12 0)
(0.0011108029 4.4221033e-12 0)
(0.0011108029 4.3204815e-12 0)
(0.0011108029 4.190572e-12 0)
(0.0011108029 4.0502015e-12 0)
(0.0011108029 3.8988913e-12 0)
(0.0011108029 3.751964e-12 0)
(0.0011108029 3.6069723e-12 0)
(0.0011108029 3.4774834e-12 0)
(0.0011108029 3.3597116e-12 0)
(0.0011108029 3.2660826e-12 0)
(0.0011108029 3.1919765e-12 0)
(0.0011108029 3.1491669e-12 0)
(0.0011108029 3.1325712e-12 0)
(0.0011108029 3.153656e-12 0)
(0.0011108029 3.2071039e-12 0)
(0.0011108029 3.3042619e-12 0)
(0.0011108029 3.439636e-12 0)
(0.0011108029 3.6244598e-12 0)
(0.0011108029 3.8529168e-12 0)
(0.0011108029 4.1358821e-12 0)
(0.0011108029 4.4667983e-12 0)
(0.0011108029 4.8556391e-12 0)
(0.0011108029 5.2943392e-12 0)
(0.0011108029 5.79102e-12 0)
(0.0011108029 6.3348778e-12 0)
(0.0011108029 6.9307138e-12 0)
(0.0011108029 7.5631843e-12 0)
(0.0011108029 8.2316485e-12 0)
(0.0011108029 8.9136908e-12 0)
(0.0011108029 9.6003176e-12 0)
(0.0011108029 1.0258638e-11 0)
(0.0011108029 1.0867463e-11 0)
(0.0011108029 1.1379032e-11 0)
(0.001110803 1.1755073e-11 0)
(0.001110803 1.1927473e-11 0)
(0.001110803 1.1834904e-11 0)
(0.001110803 1.138236e-11 0)
(0.001110803 1.0478467e-11 0)
(0.001110803 8.9938629e-12 0)
(0.001110803 6.7993834e-12 0)
(0.001110803 3.7233267e-12 0)
(0.001110803 -4.0923913e-13 0)
(0.001110803 -5.8202019e-12 0)
(0.001110803 -1.2737593e-11 0)
(0.0011108029 -2.1440093e-11 0)
(0.0011108029 -3.2214202e-11 0)
(0.0011108029 -4.5399154e-11 0)
(0.0011108029 -6.1341411e-11 0)
(0.0011108029 -8.0439464e-11 0)
(0.0011108028 -1.0309474e-10 0)
(0.0011108028 -1.2975557e-10 0)
(0.0011108027 -1.6086338e-10 0)
(0.0011108026 -1.9689485e-10 0)
(0.0011108026 -2.3830203e-10 0)
(0.0011108025 -2.8555149e-10 0)
(0.0011108023 -3.3905673e-10 0)
(0.0011108022 -3.9921327e-10 0)
(0.001110802 -4.6632177e-10 0)
(0.0011108019 -5.4061814e-10 0)
(0.0011108017 -6.2218686e-10 0)
(0.0011108014 -7.109861e-10 0)
(0.0011108011 -8.0675264e-10 0)
(0.0011108008 -9.0902441e-10 0)
(0.0011108005 -1.0170423e-09 0)
(0.0011108001 -1.1297762e-09 0)
(0.0011107997 -1.2458323e-09 0)
(0.0011107993 -1.3634847e-09 0)
(0.0011107988 -1.4805711e-09 0)
(0.0011107983 -1.5944805e-09 0)
(0.0011107977 -1.7019325e-09 0)
(0.0011107972 -1.7985127e-09 0)
(0.0011107967 -1.8770652e-09 0)
(0.0011107959 -1.9402299e-09 0)
(0.0018289638 -0.00028373145 0)
(0.0019189435 -0.00055861841 0)
(0.0019536329 -0.0006383748 0)
(0.0019307128 -0.00061210125 0)
(0.0018645249 -0.00054193877 0)
(0.0017759981 -0.00046158456 0)
(0.0016804708 -0.00038600854 0)
(0.0015870681 -0.00032037556 0)
(0.0015004959 -0.00026539432 0)
(0.0014227155 -0.00022004279 0)
(0.0013541436 -0.00018281933 0)
(0.0012944043 -0.00015225338 0)
(0.0012427613 -0.00012707677 0)
(0.0011983524 -0.00010625307 0)
(0.0011603106 -8.8954802e-05 0)
(0.0011278211 -7.4526844e-05 0)
(0.0011001449 -6.2450593e-05 0)
(0.0010766248 -5.2313716e-05 0)
(0.0010566835 -4.3786101e-05 0)
(0.0010398167 -3.6601307e-05 0)
(0.0010255864 -3.0542433e-05 0)
(0.0010136125 -2.5431424e-05 0)
(0.0010035664 -2.1120948e-05 0)
(0.00099516402 -1.7488215e-05 0)
(0.00098816018 -1.4430241e-05 0)
(0.0009823436 -1.1860188e-05 0)
(0.00097753246 -9.704502e-06 0)
(0.00097357049 -7.9006643e-06 0)
(0.00097032367 -6.3953934e-06 0)
(0.00096767723 -5.1431963e-06 0)
(0.00096553313 -4.1051864e-06 0)
(0.00096380781 -3.2481094e-06 0)
(0.00096243021 -2.5435306e-06 0)
(0.00096134012 -1.9671524e-06 0)
(0.0009604866 -1.498235e-06 0)
(0.00095982675 -1.1191021e-06 0)
(0.00095932455 -8.1471685e-07 0)
(0.00095894984 -5.7231561e-07 0)
(0.00095867749 -3.8109154e-07 0)
(0.00095848665 -2.3192011e-07 0)
(0.00095836009 -1.1712092e-07 0)
(0.00095828366 -3.0250809e-08 0)
(0.00095824576 3.40758e-08 0)
(0.000958237 8.0342674e-08 0)
(0.00095824979 1.122668e-07 0)
(0.00095827803 1.3291509e-07 0)
(0.0009583169 1.4480518e-07 0)
(0.00095836262 1.4999212e-07 0)
(0.00095841223 1.5014293e-07 0)
(0.00095846348 1.4660032e-07 0)
(0.00095851469 1.4043724e-07 0)
(0.00095856462 1.3250309e-07 0)
(0.00095861239 1.2346313e-07 0)
(0.00095865742 1.1383163e-07 0)
(0.00095869934 1.0399984e-07 0)
(0.00095873796 9.4259379e-08 0)
(0.00095877322 8.4821894e-08 0)
(0.00095880515 7.5835238e-08 0)
(0.00095883387 6.7396981e-08 0)
(0.00095885953 5.9565438e-08 0)
(0.00095888231 5.2368769e-08 0)
(0.00095890244 4.5812306e-08 0)
(0.00095892012 3.9884541e-08 0)
(0.00095893557 3.4561853e-08 0)
(0.00095894901 2.9812337e-08 0)
(0.00095896066 2.559874e-08 0)
(0.00095897069 2.1880811e-08 0)
(0.00095897929 1.8617031e-08 0)
(0.00095898664 1.576598e-08 0)
(0.00095899289 1.3287269e-08 0)
(0.00095899817 1.1142269e-08 0)
(0.00095900261 9.2945354e-09 0)
(0.00095900634 7.710135e-09 0)
(0.00095900944 6.3577602e-09 0)
(0.00095901201 5.2088157e-09 0)
(0.00095901412 4.237352e-09 0)
(0.00095901585 3.4200195e-09 0)
(0.00095901725 2.7359068e-09 0)
(0.00095901838 2.1664298e-09 0)
(0.00095901927 1.695129e-09 0)
(0.00095901998 1.3075355e-09 0)
(0.00095902054 9.909593e-10 0)
(0.00095902096 7.3435751e-10 0)
(0.00095902128 5.2813148e-10 0)
(0.00095902151 3.6400989e-10 0)
(0.00095902168 2.3486434e-10 0)
(0.00095902179 1.3461313e-10 0)
(0.00095902186 5.8058521e-11 0)
(0.0009590219 8.128025e-13 0)
(0.00095902191 -4.0842534e-11 0)
(0.00095902191 -7.0009621e-11 0)
(0.00095902189 -8.9294704e-11 0)
(0.00095902186 -1.0084215e-10 0)
(0.00095902183 -1.064371e-10 0)
(0.00095902179 -1.0752348e-10 0)
(0.00095902175 -1.0529151e-10 0)
(0.00095902171 -1.0068268e-10 0)
(0.00095902168 -9.4464665e-11 0)
(0.00095902164 -8.7225948e-11 0)
(0.00095902161 -7.9440593e-11 0)
(0.00095902158 -7.1454899e-11 0)
(0.00095902156 -6.3543973e-11 0)
(0.00095902153 -5.5892502e-11 0)
(0.00095902151 -4.8644823e-11 0)
(0.00095902149 -4.1881471e-11 0)
(0.00095902148 -3.5664107e-11 0)
(0.00095902146 -3.0009187e-11 0)
(0.00095902145 -2.4928836e-11 0)
(0.00095902144 -2.040269e-11 0)
(0.00095902143 -1.6415559e-11 0)
(0.00095902143 -1.2928236e-11 0)
(0.00095902142 -9.912615e-12 0)
(0.00095902142 -7.3220596e-12 0)
(0.00095902142 -5.1244712e-12 0)
(0.00095902142 -3.2726393e-12 0)
(0.00095902141 -1.7356614e-12 0)
(0.00095902141 -4.6954602e-13 0)
(0.00095902141 5.5270663e-13 0)
(0.00095902141 1.3700746e-12 0)
(0.00095902142 2.0045326e-12 0)
(0.00095902142 2.4894931e-12 0)
(0.00095902142 2.8417396e-12 0)
(0.00095902142 3.0893047e-12 0)
(0.00095902142 3.2441513e-12 0)
(0.00095902142 3.3295129e-12 0)
(0.00095902142 3.3531666e-12 0)
(0.00095902142 3.334289e-12 0)
(0.00095902143 3.2772048e-12 0)
(0.00095902143 3.197818e-12 0)
(0.00095902143 3.0977234e-12 0)
(0.00095902143 2.9902959e-12 0)
(0.00095902143 2.8750627e-12 0)
(0.00095902143 2.7635356e-12 0)
(0.00095902143 2.6537512e-12 0)
(0.00095902144 2.5559315e-12 0)
(0.00095902144 2.4671035e-12 0)
(0.00095902144 2.3966735e-12 0)
(0.00095902144 2.3410421e-12 0)
(0.00095902144 2.3091728e-12 0)
(0.00095902144 2.2971318e-12 0)
(0.00095902144 2.313708e-12 0)
(0.00095902144 2.3548122e-12 0)
(0.00095902144 2.4292092e-12 0)
(0.00095902145 2.5327119e-12 0)
(0.00095902145 2.6740801e-12 0)
(0.00095902145 2.848935e-12 0)
(0.00095902145 3.0658583e-12 0)
(0.00095902145 3.319987e-12 0)
(0.00095902145 3.6193369e-12 0)
(0.00095902145 3.9580058e-12 0)
(0.00095902146 4.3427484e-12 0)
(0.00095902146 4.7657266e-12 0)
(0.00095902146 5.231354e-12 0)
(0.00095902146 5.7285285e-12 0)
(0.00095902146 6.257754e-12 0)
(0.00095902147 6.8027848e-12 0)
(0.00095902147 7.3580486e-12 0)
(0.00095902147 7.8996166e-12 0)
(0.00095902148 8.4129643e-12 0)
(0.00095902148 8.8631777e-12 0)
(0.00095902148 9.2231034e-12 0)
(0.00095902149 9.4426968e-12 0)
(0.00095902149 9.4776501e-12 0)
(0.00095902149 9.257818e-12 0)
(0.00095902149 8.7164104e-12 0)
(0.0009590215 7.7574604e-12 0)
(0.0009590215 6.2857507e-12 0)
(0.0009590215 4.1733215e-12 0)
(0.0009590215 1.2903351e-12 0)
(0.00095902149 -2.5293042e-12 0)
(0.00095902149 -7.4558495e-12 0)
(0.00095902148 -1.3698846e-11 0)
(0.00095902147 -2.1473386e-11 0)
(0.00095902146 -3.1035756e-11 0)
(0.00095902144 -4.264753e-11 0)
(0.00095902141 -5.6611361e-11 0)
(0.00095902138 -7.3232204e-11 0)
(0.00095902134 -9.285273e-11 0)
(0.00095902129 -1.158108e-10 0)
(0.00095902122 -1.4247381e-10 0)
(0.00095902115 -1.7319126e-10 0)
(0.00095902106 -2.0832724e-10 0)
(0.00095902096 -2.4820685e-10 0)
(0.00095902083 -2.9314597e-10 0)
(0.00095902069 -3.4339047e-10 0)
(0.00095902052 -3.9914282e-10 0)
(0.00095902033 -4.6049386e-10 0)
(0.00095902011 -5.2744696e-10 0)
(0.00095901986 -5.9984448e-10 0)
(0.00095901959 -6.773933e-10 0)
(0.00095901928 -7.5959381e-10 0)
(0.00095901893 -8.4577757e-10 0)
(0.00095901855 -9.3505575e-10 0)
(0.00095901814 -1.0263842e-09 0)
(0.00095901769 -1.1185362e-09 0)
(0.00095901721 -1.2101776e-09 0)
(0.0009590167 -1.2997526e-09 0)
(0.00095901617 -1.3849962e-09 0)
(0.00095901566 -1.4611196e-09 0)
(0.00095901492 -1.5365271e-09 0)
(0.0018392555 -0.00034259412 0)
(0.0019358333 -0.0006018491 0)
(0.001932116 -0.0006305201 0)
(0.0018597622 -0.00056293493 0)
(0.0017499648 -0.00047018406 0)
(0.0016292775 -0.00038221747 0)
(0.0015127015 -0.00030811008 0)
(0.0014068942 -0.00024849361 0)
(0.0013139528 -0.00020130038 0)
(0.0012337452 -0.0001640112 0)
(0.0011651867 -0.00013440272 0)
(0.0011068865 -0.00011070913 0)
(0.0010574473 -9.1585142e-05 0)
(0.0010155884 -7.6020511e-05 0)
(0.00098018401 -6.3257264e-05 0)
(0.00095026506 -5.27232e-05 0)
(0.00092500514 -4.398206e-05 0)
(0.00090370236 -3.6697311e-05 0)
(0.00088576107 -3.0606107e-05 0)
(0.00087067549 -2.5500596e-05 0)
(0.00085801556 -2.1214446e-05 0)
(0.00084741506 -1.7613065e-05 0)
(0.00083856173 -1.4586433e-05 0)
(0.00083118904 -1.2043806e-05 0)
(0.00082506932 -9.909744e-06 0)
(0.00082000809 -8.1211165e-06 0)
(0.0008158392 -6.6247979e-06 0)
(0.00081242083 -5.3758864e-06 0)
(0.000809632 -4.3363013e-06 0)
(0.00080736967 -3.4736673e-06 0)
(0.00080554622 -2.7604153e-06 0)
(0.00080408726 -2.1730482e-06 0)
(0.00080292982 -1.6915355e-06 0)
(0.00080202069 -1.2988079e-06 0)
(0.00080131507 -9.8033283e-07 0)
(0.00080077532 -7.23754e-07 0)
(0.00080036994 -5.1858371e-07 0)
(0.00080007267 -3.5593923e-07 0)
(0.00079986171 -2.2831562e-07 0)
(0.000799719 -1.2938956e-07 0)
(0.0007996297 -5.3849769e-08 0)
(0.00079958167 2.7499473e-09 0)
(0.000799565 4.4117734e-08 0)
(0.0007995717 7.3333776e-08 0)
(0.00079959534 9.2945279e-08 0)
(0.00079963081 1.0504859e-07 0)
(0.00079967408 1.1135974e-07 0)
(0.00079972202 1.1327527e-07 0)
(0.00079977219 1.1192413e-07 0)
(0.00079982279 1.0821223e-07 0)
(0.00079987247 1.0286028e-07 0)
(0.00079992027 9.6436016e-08 0)
(0.00079996552 8.9381345e-08 0)
(0.0008000078 8.2035431e-08 0)
(0.00080004687 7.4653879e-08 0)
(0.00080008264 6.7424981e-08 0)
(0.00080011513 6.0483071e-08 0)
(0.0008001444 5.3919772e-08 0)
(0.00080017061 4.7793108e-08 0)
(0.00080019393 4.2135147e-08 0)
(0.00080021457 3.6958074e-08 0)
(0.00080023274 3.2259272e-08 0)
(0.00080024864 2.8025254e-08 0)
(0.0008002625 2.4234959e-08 0)
(0.00080027453 2.0862198e-08 0)
(0.0008002849 1.7877721e-08 0)
(0.00080029382 1.525066e-08 0)
(0.00080030145 1.2949777e-08 0)
(0.00080030795 1.0944231e-08 0)
(0.00080031346 9.2042916e-09 0)
(0.0008003181 7.7016787e-09 0)
(0.000800322 6.4099312e-09 0)
(0.00080032525 5.3044842e-09 0)
(0.00080032795 4.3628272e-09 0)
(0.00080033018 3.5644264e-09 0)
(0.000800332 2.890765e-09 0)
(0.00080033349 2.3251804e-09 0)
(0.00080033469 1.8528449e-09 0)
(0.00080033566 1.4605631e-09 0)
(0.00080033642 1.1367291e-09 0)
(0.00080033702 8.7111199e-10 0)
(0.00080033748 6.5481102e-10 0)
(0.00080033783 4.8004455e-10 0)
(0.00080033809 3.401154e-10 0)
(0.00080033828 2.292116e-10 0)
(0.00080033841 1.42387e-10 0)
(0.0008003385 7.5377698e-11 0)
(0.00080033855 2.4599494e-11 0)
(0.00080033857 -1.3019256e-11 0)
(0.00080033857 -4.0023895e-11 0)
(0.00080033856 -5.8584988e-11 0)
(0.00080033853 -7.0470025e-11 0)
(0.0008003385 -7.7180885e-11 0)
(0.00080033847 -7.9913236e-11 0)
(0.00080033843 -7.9681778e-11 0)
(0.0008003384 -7.7269704e-11 0)
(0.00080033836 -7.3343546e-11 0)
(0.00080033833 -6.8394952e-11 0)
(0.00080033829 -6.2846783e-11 0)
(0.00080033827 -5.698925e-11 0)
(0.00080033824 -5.1078674e-11 0)
(0.00080033821 -4.5269731e-11 0)
(0.00080033819 -3.9708067e-11 0)
(0.00080033817 -3.4460102e-11 0)
(0.00080033816 -2.9600461e-11 0)
(0.00080033814 -2.5140512e-11 0)
(0.00080033813 -2.1111381e-11 0)
(0.00080033812 -1.7492154e-11 0)
(0.00080033811 -1.4289084e-11 0)
(0.0008003381 -1.1464141e-11 0)
(0.0008003381 -9.0109091e-12 0)
(0.00080033809 -6.8839959e-12 0)
(0.00080033809 -5.072004e-12 0)
(0.00080033809 -3.5281482e-12 0)
(0.00080033809 -2.2406287e-12 0)
(0.00080033809 -1.1646631e-12 0)
(0.00080033809 -2.9054883e-13 0)
(0.00080033809 4.2279123e-13 0)
(0.00080033809 9.8181064e-13 0)
(0.00080033809 1.4232597e-12 0)
(0.00080033809 1.7500098e-12 0)
(0.00080033809 1.9945053e-12 0)
(0.00080033809 2.1561869e-12 0)
(0.00080033809 2.2635755e-12 0)
(0.00080033809 2.3130768e-12 0)
(0.00080033809 2.3298389e-12 0)
(0.0008003381 2.3077244e-12 0)
(0.0008003381 2.2691159e-12 0)
(0.0008003381 2.2058408e-12 0)
(0.0008003381 2.1381089e-12 0)
(0.0008003381 2.0561812e-12 0)
(0.0008003381 1.9786355e-12 0)
(0.0008003381 1.89458e-12 0)
(0.0008003381 1.8214352e-12 0)
(0.0008003381 1.7475036e-12 0)
(0.00080033811 1.689453e-12 0)
(0.00080033811 1.6350572e-12 0)
(0.00080033811 1.6005598e-12 0)
(0.00080033811 1.5734239e-12 0)
(0.00080033811 1.5697262e-12 0)
(0.00080033811 1.5767636e-12 0)
(0.00080033811 1.6106294e-12 0)
(0.00080033811 1.6585213e-12 0)
(0.00080033811 1.7366379e-12 0)
(0.00080033811 1.8320636e-12 0)
(0.00080033811 1.9610882e-12 0)
(0.00080033812 2.110536e-12 0)
(0.00080033812 2.2966283e-12 0)
(0.00080033812 2.5056451e-12 0)
(0.00080033812 2.7534e-12 0)
(0.00080033812 3.0251253e-12 0)
(0.00080033812 3.3356514e-12 0)
(0.00080033812 3.6683988e-12 0)
(0.00080033813 4.0363391e-12 0)
(0.00080033813 4.4199681e-12 0)
(0.00080033813 4.8291465e-12 0)
(0.00080033813 5.2399077e-12 0)
(0.00080033814 5.6572851e-12 0)
(0.00080033814 6.0508015e-12 0)
(0.00080033814 6.4184172e-12 0)
(0.00080033815 6.7205183e-12 0)
(0.00080033815 6.9451331e-12 0)
(0.00080033815 7.0402654e-12 0)
(0.00080033816 6.9805618e-12 0)
(0.00080033816 6.6978048e-12 0)
(0.00080033816 6.1492451e-12 0)
(0.00080033816 5.246132e-12 0)
(0.00080033816 3.9239467e-12 0)
(0.00080033816 2.0688675e-12 0)
(0.00080033816 -4.0980108e-13 0)
(0.00080033816 -3.6552875e-12 0)
(0.00080033815 -7.7883553e-12 0)
(0.00080033815 -1.2985109e-11 0)
(0.00080033813 -1.9398949e-11 0)
(0.00080033812 -2.7240489e-11 0)
(0.0008003381 -3.669587e-11 0)
(0.00080033807 -4.8008661e-11 0)
(0.00080033804 -6.1393772e-11 0)
(0.00080033799 -7.7121134e-11 0)
(0.00080033794 -9.5424259e-11 0)
(0.00080033788 -1.165854e-10 0)
(0.0008003378 -1.4083764e-10 0)
(0.00080033771 -1.6845116e-10 0)
(0.00080033761 -1.9962784e-10 0)
(0.00080033748 -2.3458837e-10 0)
(0.00080033734 -2.7345873e-10 0)
(0.00080033717 -3.163585e-10 0)
(0.00080033698 -3.6328025e-10 0)
(0.00080033677 -4.1418088e-10 0)
(0.00080033652 -4.6885949e-10 0)
(0.00080033625 -5.2705901e-10 0)
(0.00080033594 -5.8835902e-10 0)
(0.00080033561 -6.5230871e-10 0)
(0.00080033524 -7.1836877e-10 0)
(0.00080033484 -7.8610574e-10 0)
(0.00080033441 -8.5522327e-10 0)
(0.00080033394 -9.2576144e-10 0)
(0.00080033346 -9.9764204e-10 0)
(0.00080033299 -1.0689043e-09 0)
(0.00080033231 -1.1542975e-09 0)
(0.0018491107 -0.0004164514 0)
(0.0019336262 -0.00062402443 0)
(0.0018599016 -0.00058119645 0)
(0.0017216675 -0.00047400258 0)
(0.0015663085 -0.00036895811 0)
(0.0014191875 -0.00028412861 0)
(0.0012900603 -0.00021986158 0)
(0.0011804851 -0.00017195966 0)
(0.0010888399 -0.00013612319 0)
(0.0010125969 -0.00010898347 0)
(0.00094922177 -8.8115204e-05 0)
(0.00089648375 -7.1820955e-05 0)
(0.00085251899 -5.8916695e-05 0)
(0.00081580236 -4.8569333e-05 0)
(0.0007850938 -4.0184142e-05 0)
(0.00075938435 -3.3329263e-05 0)
(0.00073784962 -2.7685456e-05 0)
(0.00071981225 -2.3012533e-05 0)
(0.00070471227 -1.9126701e-05 0)
(0.0006920841 -1.5885066e-05 0)
(0.00068153863 -1.3174898e-05 0)
(0.00067274918 -1.0906061e-05 0)
(0.00066544044 -9.0056288e-06 0)
(0.00065937977 -7.4139682e-06 0)
(0.00065437014 -6.081876e-06 0)
(0.00065024443 -4.9684392e-06 0)
(0.0006468608 -4.0394214e-06 0)
(0.00064409882 -3.2660257e-06 0)
(0.0006418563 -2.6239335e-06 0)
(0.00064004658 -2.0925481e-06 0)
(0.00063859628 -1.6543891e-06 0)
(0.00063744335 -1.2946037e-06 0)
(0.00063653543 -1.0005653e-06 0)
(0.00063582847 -7.6154211e-07 0)
(0.00063528547 -5.6841933e-07 0)
(0.00063487548 -4.1346497e-07 0)
(0.00063457268 -2.9013114e-07 0)
(0.00063435561 -1.9288411e-07 0)
(0.00063420652 -1.170587e-07 0)
(0.00063411079 -5.8732846e-08 0)
(0.00063405642 -1.4619543e-08 0)
(0.00063403364 1.8026483e-08 0)
(0.00063403454 4.1489358e-08 0)
(0.00063405276 5.7661577e-08 0)
(0.00063408321 6.8103999e-08 0)
(0.00063412188 7.4097454e-08 0)
(0.00063416563 7.6687137e-08 0)
(0.00063421203 7.6720639e-08 0)
(0.00063425924 7.4880517e-08 0)
(0.00063430591 7.1712029e-08 0)
(0.00063435103 6.7646767e-08 0)
(0.00063439393 6.3022641e-08 0)
(0.00063443416 5.8100806e-08 0)
(0.00063447144 5.3079862e-08 0)
(0.00063450566 4.8107802e-08 0)
(0.0006345368 4.3291939e-08 0)
(0.00063456493 3.8707204e-08 0)
(0.00063459016 3.4402964e-08 0)
(0.00063461265 3.0408671e-08 0)
(0.00063463259 2.6738446e-08 0)
(0.00063465016 2.3394849e-08 0)
(0.00063466558 2.0371874e-08 0)
(0.00063467903 1.7657398e-08 0)
(0.00063469072 1.5235083e-08 0)
(0.00063470082 1.3085907e-08 0)
(0.00063470952 1.1189318e-08 0)
(0.00063471697 9.5241496e-09 0)
(0.00063472333 8.0692787e-09 0)
(0.00063472872 6.8041339e-09 0)
(0.00063473328 5.7090264e-09 0)
(0.00063473711 4.7654045e-09 0)
(0.00063474032 3.9559785e-09 0)
(0.00063474299 3.2648177e-09 0)
(0.00063474519 2.6773538e-09 0)
(0.00063474701 2.1803863e-09 0)
(0.00063474849 1.7620185e-09 0)
(0.00063474969 1.4116147e-09 0)
(0.00063475065 1.1197037e-09 0)
(0.00063475142 8.7791529e-10 0)
(0.00063475203 6.788717e-10 0)
(0.0006347525 5.1612018e-10 0)
(0.00063475286 3.8402551e-10 0)
(0.00063475313 2.7770714e-10 0)
(0.00063475333 1.9293936e-10 0)
(0.00063475347 1.2609795e-10 0)
(0.00063475356 7.4070773e-11 0)
(0.00063475362 3.4215659e-11 0)
(0.00063475365 4.2822277e-12 0)
(0.00063475366 -1.7619083e-11 0)
(0.00063475365 -3.3084359e-11 0)
(0.00063475363 -4.3436985e-11 0)
(0.00063475361 -4.9785261e-11 0)
(0.00063475358 -5.3034322e-11 0)
(0.00063475355 -5.3935375e-11 0)
(0.00063475351 -5.3090271e-11 0)
(0.00063475348 -5.0993694e-11 0)
(0.00063475345 -4.8031847e-11 0)
(0.00063475342 -4.4518861e-11 0)
(0.00063475339 -4.0690891e-11 0)
(0.00063475336 -3.673786e-11 0)
(0.00063475334 -3.279409e-11 0)
(0.00063475332 -2.8966321e-11 0)
(0.0006347533 -2.5321812e-11 0)
(0.00063475328 -2.1913407e-11 0)
(0.00063475327 -1.8765874e-11 0)
(0.00063475325 -1.5898627e-11 0)
(0.00063475324 -1.3310906e-11 0)
(0.00063475324 -1.1002648e-11 0)
(0.00063475323 -8.9589711e-12 0)
(0.00063475322 -7.1695708e-12 0)
(0.00063475322 -5.6128625e-12 0)
(0.00063475321 -4.2741877e-12 0)
(0.00063475321 -3.1298718e-12 0)
(0.00063475321 -2.1644767e-12 0)
(0.00063475321 -1.3549367e-12 0)
(0.00063475321 -6.8703422e-13 0)
(0.00063475321 -1.3973539e-13 0)
(0.00063475321 2.9897325e-13 0)
(0.00063475321 6.4749505e-13 0)
(0.00063475321 9.1530401e-13 0)
(0.00063475321 1.1180663e-12 0)
(0.00063475321 1.2627542e-12 0)
(0.00063475321 1.3624784e-12 0)
(0.00063475321 1.4219582e-12 0)
(0.00063475321 1.4520734e-12 0)
(0.00063475321 1.4556222e-12 0)
(0.00063475322 1.4416316e-12 0)
(0.00063475322 1.411336e-12 0)
(0.00063475322 1.3722881e-12 0)
(0.00063475322 1.3245045e-12 0)
(0.00063475322 1.2744104e-12 0)
(0.00063475322 1.2211074e-12 0)
(0.00063475322 1.1702053e-12 0)
(0.00063475322 1.1201522e-12 0)
(0.00063475322 1.0760045e-12 0)
(0.00063475322 1.0357799e-12 0)
(0.00063475322 1.0041935e-12 0)
(0.00063475323 9.7900596e-13 0)
(0.00063475323 9.6476983e-13 0)
(0.00063475323 9.5911898e-13 0)
(0.00063475323 9.6656959e-13 0)
(0.00063475323 9.8472128e-13 0)
(0.00063475323 1.0181302e-12 0)
(0.00063475323 1.0643936e-12 0)
(0.00063475323 1.1281327e-12 0)
(0.00063475323 1.2069177e-12 0)
(0.00063475323 1.3053745e-12 0)
(0.00063475323 1.4209328e-12 0)
(0.00063475323 1.5580762e-12 0)
(0.00063475324 1.7138719e-12 0)
(0.00063475324 1.8923799e-12 0)
(0.00063475324 2.0899342e-12 0)
(0.00063475324 2.3097305e-12 0)
(0.00063475324 2.5468126e-12 0)
(0.00063475324 2.8028513e-12 0)
(0.00063475325 3.0708098e-12 0)
(0.00063475325 3.3499129e-12 0)
(0.00063475325 3.6299424e-12 0)
(0.00063475325 3.9064399e-12 0)
(0.00063475326 4.1645726e-12 0)
(0.00063475326 4.3945881e-12 0)
(0.00063475326 4.5751984e-12 0)
(0.00063475326 4.689345e-12 0)
(0.00063475327 4.7070644e-12 0)
(0.00063475327 4.6015865e-12 0)
(0.00063475327 4.3316606e-12 0)
(0.00063475327 3.858079e-12 0)
(0.00063475328 3.1254476e-12 0)
(0.00063475328 2.079215e-12 0)
(0.00063475328 6.4691471e-13 0)
(0.00063475327 -1.2441606e-12 0)
(0.00063475327 -3.6862097e-12 0)
(0.00063475327 -6.772425e-12 0)
(0.00063475326 -1.0616639e-11 0)
(0.00063475325 -1.5333771e-11 0)
(0.00063475323 -2.1059737e-11 0)
(0.00063475321 -2.793051e-11 0)
(0.00063475318 -3.6102077e-11 0)
(0.00063475315 -4.5727694e-11 0)
(0.00063475311 -5.6977602e-11 0)
(0.00063475306 -7.0013947e-11 0)
(0.000634753 -8.5009865e-11 0)
(0.00063475293 -1.0212151e-10 0)
(0.00063475284 -1.2150618e-10 0)
(0.00063475274 -1.4329102e-10 0)
(0.00063475263 -1.6759008e-10 0)
(0.00063475249 -1.9446999e-10 0)
(0.00063475233 -2.239667e-10 0)
(0.00063475216 -2.5605037e-10 0)
(0.00063475196 -2.9064558e-10 0)
(0.00063475173 -3.2760398e-10 0)
(0.00063475148 -3.6674256e-10 0)
(0.0006347512 -4.0785097e-10 0)
(0.00063475089 -4.5078873e-10 0)
(0.00063475055 -4.9558591e-10 0)
(0.00063475018 -5.4270083e-10 0)
(0.00063474979 -5.9331924e-10 0)
(0.00063474937 -6.4926952e-10 0)
(0.00063474895 -7.1175183e-10 0)
(0.00063474835 -8.0311357e-10 0)
(0.0018461493 -0.0005038772 0)
(0.0018714358 -0.00059783698 0)
(0.0016859631 -0.00047103091 0)
(0.0014750053 -0.00034109479 0)
(0.0012862646 -0.00024326993 0)
(0.0011297242 -0.00017570644 0)
(0.0010039829 -0.00012983657 0)
(0.00090374255 -9.8257207e-05 0)
(0.00082358654 -7.5959441e-05 0)
(0.00075906189 -5.9771823e-05 0)
(0.00070673293 -4.7705874e-05 0)
(0.00066399962 -3.8499934e-05 0)
(0.00062889577 -3.133557e-05 0)
(0.00059992217 -2.5667619e-05 0)
(0.00057592172 -2.1122886e-05 0)
(0.00055598949 -1.7439059e-05 0)
(0.00053940848 -1.4427153e-05 0)
(0.00052560373 -1.1947887e-05 0)
(0.00051410917 -9.8964569e-06 0)
(0.00050454342 -8.1925067e-06 0)
(0.00049659189 -6.7733746e-06 0)
(0.00048999335 -5.5894512e-06 0)
(0.00048452974 -4.6009311e-06 0)
(0.00048001817 -3.7755001e-06 0)
(0.00047630485 -3.0866595e-06 0)
(0.00047326011 -2.5124943e-06 0)
(0.00047077445 -2.0347518e-06 0)
(0.00046875536 -1.6381432e-06 0)
(0.00046712469 -1.3098053e-06 0)
(0.0004658164 -1.0388797e-06 0)
(0.00046477482 -8.1617877e-07 0)
(0.000463953 -6.3391803e-07 0)
(0.00046331151 -4.8549713e-07 0)
(0.00046281725 -3.6532013e-07 0)
(0.00046244254 -2.6864562e-07 0)
(0.00046216428 -1.9146101e-07 0)
(0.00046196329 -1.30376e-07 0)
(0.00046182368 -8.2532087e-08 0)
(0.00046173236 -4.552501e-08 0)
(0.00046167859 -1.7338382e-08 0)
(0.00046165359 3.7135317e-09 0)
(0.00046165027 1.9034965e-08 0)
(0.0004616629 2.9791091e-08 0)
(0.00046168689 3.6944472e-08 0)
(0.00046171862 4.1286513e-08 0)
(0.00046175526 4.3464396e-08 0)
(0.00046179458 4.4004271e-08 0)
(0.00046183493 4.3331e-08 0)
(0.00046187504 4.178512e-08 0)
(0.00046191401 3.9637163e-08 0)
(0.00046195119 3.7099924e-08 0)
(0.00046198616 3.4338723e-08 0)
(0.00046201865 3.1480165e-08 0)
(0.00046204854 2.861938e-08 0)
(0.00046207579 2.5826193e-08 0)
(0.00046210045 2.3150144e-08 0)
(0.0004621226 2.0624764e-08 0)
(0.00046214239 1.8270985e-08 0)
(0.00046215994 1.610005e-08 0)
(0.00046217544 1.4115773e-08 0)
(0.00046218905 1.2316482e-08 0)
(0.00046220095 1.0696468e-08 0)
(0.0004622113 9.2472462e-09 0)
(0.00046222026 7.9584539e-09 0)
(0.00046222798 6.8186443e-09 0)
(0.0004622346 5.8158027e-09 0)
(0.00046224026 4.9378337e-09 0)
(0.00046224507 4.1728248e-09 0)
(0.00046224914 3.5093308e-09 0)
(0.00046225257 2.936477e-09 0)
(0.00046225544 2.4441145e-09 0)
(0.00046225783 2.0228246e-09 0)
(0.00046225982 1.6639966e-09 0)
(0.00046226145 1.3597735e-09 0)
(0.00046226279 1.1030866e-09 0)
(0.00046226388 8.8756953e-10 0)
(0.00046226475 7.0757118e-10 0)
(0.00046226546 5.5805495e-10 0)
(0.00046226601 4.3460372e-10 0)
(0.00046226644 3.3331482e-10 0)
(0.00046226678 2.5080476e-10 0)
(0.00046226703 1.8410589e-10 0)
(0.00046226721 1.3067522e-10 0)
(0.00046226735 8.829583e-11 0)
(0.00046226744 5.5091762e-11 0)
(0.0004622675 2.9435419e-11 0)
(0.00046226753 9.969151e-12 0)
(0.00046226754 -4.4811572e-12 0)
(0.00046226754 -1.48781e-11 0)
(0.00046226753 -2.2053262e-11 0)
(0.00046226751 -2.667358e-11 0)
(0.00046226749 -2.9316528e-11 0)
(0.00046226746 -3.0431753e-11 0)
(0.00046226743 -3.0411593e-11 0)
(0.0004622674 -2.9548975e-11 0)
(0.00046226738 -2.8103883e-11 0)
(0.00046226735 -2.6258454e-11 0)
(0.00046226733 -2.4179977e-11 0)
(0.0004622673 -2.1974021e-11 0)
(0.00046226728 -1.9744443e-11 0)
(0.00046226726 -1.7545272e-11 0)
(0.00046226725 -1.5438126e-11 0)
(0.00046226723 -1.3443461e-11 0)
(0.00046226722 -1.1595697e-11 0)
(0.00046226721 -9.894344e-12 0)
(0.0004622672 -8.3570807e-12 0)
(0.00046226719 -6.9711339e-12 0)
(0.00046226718 -5.7445115e-12 0)
(0.00046226718 -4.6579451e-12 0)
(0.00046226717 -3.7144191e-12 0)
(0.00046226717 -2.8918942e-12 0)
(0.00046226717 -2.1912615e-12 0)
(0.00046226717 -1.5899961e-12 0)
(0.00046226717 -1.088653e-12 0)
(0.00046226716 -6.6552997e-13 0)
(0.00046226716 -3.2180678e-13 0)
(0.00046226716 -3.7261918e-14 0)
(0.00046226716 1.8584075e-13 0)
(0.00046226716 3.6599777e-13 0)
(0.00046226716 4.9972605e-13 0)
(0.00046226716 6.0379996e-13 0)
(0.00046226717 6.735509e-13 0)
(0.00046226717 7.2417506e-13 0)
(0.00046226717 7.4995885e-13 0)
(0.00046226717 7.6473153e-13 0)
(0.00046226717 7.6190209e-13 0)
(0.00046226717 7.5416934e-13 0)
(0.00046226717 7.3423901e-13 0)
(0.00046226717 7.1390985e-13 0)
(0.00046226717 6.8535263e-13 0)
(0.00046226717 6.5967497e-13 0)
(0.00046226717 6.286531e-13 0)
(0.00046226717 6.0289415e-13 0)
(0.00046226717 5.7389429e-13 0)
(0.00046226718 5.5192549e-13 0)
(0.00046226718 5.2830081e-13 0)
(0.00046226718 5.1308928e-13 0)
(0.00046226718 4.9749305e-13 0)
(0.00046226718 4.9149754e-13 0)
(0.00046226718 4.8624141e-13 0)
(0.00046226718 4.9171352e-13 0)
(0.00046226718 4.9902678e-13 0)
(0.00046226718 5.1823227e-13 0)
(0.00046226718 5.4041786e-13 0)
(0.00046226718 5.7573187e-13 0)
(0.00046226718 6.1521527e-13 0)
(0.00046226718 6.6910181e-13 0)
(0.00046226718 7.283146e-13 0)
(0.00046226718 8.0311681e-13 0)
(0.00046226718 8.8419395e-13 0)
(0.00046226719 9.8170954e-13 0)
(0.00046226719 1.0859126e-12 0)
(0.00046226719 1.2066618e-12 0)
(0.00046226719 1.3334737e-12 0)
(0.00046226719 1.4755835e-12 0)
(0.00046226719 1.621362e-12 0)
(0.00046226719 1.778964e-12 0)
(0.0004622672 1.935031e-12 0)
(0.0004622672 2.0960221e-12 0)
(0.0004622672 2.2460912e-12 0)
(0.0004622672 2.389183e-12 0)
(0.0004622672 2.5059768e-12 0)
(0.00046226721 2.5968682e-12 0)
(0.00046226721 2.6378719e-12 0)
(0.00046226721 2.6245788e-12 0)
(0.00046226721 2.5269237e-12 0)
(0.00046226722 2.3342557e-12 0)
(0.00046226722 2.0088739e-12 0)
(0.00046226722 1.5323359e-12 0)
(0.00046226722 8.5768581e-13 0)
(0.00046226722 -4.2832947e-14 0)
(0.00046226722 -1.2269421e-12 0)
(0.00046226721 -2.7330183e-12 0)
(0.00046226721 -4.630705e-12 0)
(0.0004622672 -6.969782e-12 0)
(0.00046226719 -9.8322766e-12 0)
(0.00046226718 -1.3279217e-11 0)
(0.00046226716 -1.7404253e-11 0)
(0.00046226714 -2.2277937e-11 0)
(0.00046226711 -2.8002854e-11 0)
(0.00046226707 -3.4654969e-11 0)
(0.00046226703 -4.2340236e-11 0)
(0.00046226698 -5.1132518e-11 0)
(0.00046226691 -6.1131683e-11 0)
(0.00046226684 -7.2397711e-11 0)
(0.00046226675 -8.5010397e-11 0)
(0.00046226665 -9.8999796e-11 0)
(0.00046226654 -1.1440801e-10 0)
(0.00046226641 -1.3121752e-10 0)
(0.00046226625 -1.4941727e-10 0)
(0.00046226608 -1.6893536e-10 0)
(0.00046226589 -1.897204e-10 0)
(0.00046226568 -2.1170291e-10 0)
(0.00046226545 -2.3492976e-10 0)
(0.00046226519 -2.5961854e-10 0)
(0.0004622649 -2.8649764e-10 0)
(0.0004622646 -3.1721209e-10 0)
(0.00046226426 -3.5462939e-10 0)
(0.00046226392 -4.0270541e-10 0)
(0.00046226341 -4.9217827e-10 0)
(0.0017562033 -0.00052973977 0)
(0.0016432545 -0.00046837315 0)
(0.0013207611 -0.00029280025 0)
(0.0010653513 -0.00018016641 0)
(0.00088211367 -0.00011418671 0)
(0.00074868449 -7.5773881e-05 0)
(0.00065027855 -5.2812596e-05 0)
(0.00057628954 -3.8414728e-05 0)
(0.00051947039 -2.8906216e-05 0)
(0.00047502031 -2.2321973e-05 0)
(0.00043971339 -1.7575276e-05 0)
(0.00041132703 -1.4039075e-05 0)
(0.00038828877 -1.1334751e-05 0)
(0.00036945656 -9.2233023e-06 0)
(0.00035398056 -7.5475846e-06 0)
(0.0003412144 -6.2004626e-06 0)
(0.00033065704 -5.106543e-06 0)
(0.00032191361 -4.211277e-06 0)
(0.00031466853 -3.4742257e-06 0)
(0.00030866653 -2.8647597e-06 0)
(0.00030369911 -2.3592364e-06 0)
(0.00029959454 -1.9390989e-06 0)
(0.00029621046 -1.5895673e-06 0)
(0.00029342824 -1.2987199e-06 0)
(0.00029114863 -1.0568349e-06 0)
(0.00028928834 -8.5591153e-07 0)
(0.00028777739 -6.8931552e-07 0)
(0.00028655686 -5.5151165e-07 0)
(0.00028557717 -4.3785972e-07 0)
(0.0002847966 -3.444558e-07 0)
(0.00028418005 -2.6800714e-07 0)
(0.00028369809 -2.057321e-07 0)
(0.00028332603 -1.552791e-07 0)
(0.00028304324 -1.1466002e-07 0)
(0.00028283254 -8.2195157e-08 0)
(0.00028267962 -5.6466972e-08 0)
(0.00028257267 -3.6281256e-08 0)
(0.00028250192 -2.0634068e-08 0)
(0.00028245939 -8.6836082e-09 0)
(0.00028243852 2.7388964e-10 0)
(0.00028243402 6.8247888e-09 0)
(0.00028244161 1.1455816e-08 0)
(0.00028245786 1.4569273e-08 0)
(0.00028248007 1.6496157e-08 0)
(0.0002825061 1.7507364e-08 0)
(0.00028253429 1.7823349e-08 0)
(0.00028256339 1.7622327e-08 0)
(0.00028259243 1.7047332e-08 0)
(0.00028262074 1.6212171e-08 0)
(0.00028264782 1.5206527e-08 0)
(0.00028267335 1.4100228e-08 0)
(0.0002826971 1.2946897e-08 0)
(0.00028271899 1.1786965e-08 0)
(0.00028273898 1.0650247e-08 0)
(0.00028275708 9.5580287e-09 0)
(0.00028277337 8.5248625e-09 0)
(0.00028278793 7.5599829e-09 0)
(0.00028280086 6.6685314e-09 0)
(0.00028281229 5.8524973e-09 0)
(0.00028282234 5.1115361e-09 0)
(0.00028283113 4.4435746e-09 0)
(0.00028283878 3.8453461e-09 0)
(0.00028284541 3.3127622e-09 0)
(0.00028285113 2.841254e-09 0)
(0.00028285604 2.4259856e-09 0)
(0.00028286024 2.0620651e-09 0)
(0.00028286382 1.7446529e-09 0)
(0.00028286685 1.4690877e-09 0)
(0.0002828694 1.2309269e-09 0)
(0.00028287154 1.0260187e-09 0)
(0.00028287333 8.5050074e-10 0)
(0.00028287482 7.0083914e-10 0)
(0.00028287604 5.7380258e-10 0)
(0.00028287705 4.664828e-10 0)
(0.00028287787 3.7625511e-10 0)
(0.00028287853 3.0078959e-10 0)
(0.00028287906 2.3800523e-10 0)
(0.00028287948 1.8607746e-10 0)
(0.00028287981 1.4339037e-10 0)
(0.00028288006 1.0854388e-10 0)
(0.00028288026 8.0306533e-11 0)
(0.0002828804 5.7624256e-11 0)
(0.00028288051 3.9574935e-11 0)
(0.00028288058 2.5379633e-11 0)
(0.00028288063 1.4359567e-11 0)
(0.00028288065 5.94999e-12 0)
(0.00028288067 -3.402712e-13 0)
(0.00028288067 -4.9123996e-12 0)
(0.00028288066 -8.1155692e-12 0)
(0.00028288065 -1.0228315e-11 0)
(0.00028288063 -1.149423e-11 0)
(0.00028288061 -1.2101529e-11 0)
(0.00028288059 -1.2216683e-11 0)
(0.00028288057 -1.1962609e-11 0)
(0.00028288055 -1.1450485e-11 0)
(0.00028288054 -1.0756952e-11 0)
(0.00028288052 -9.9543186e-12 0)
(0.0002828805 -9.0871507e-12 0)
(0.00028288049 -8.2010334e-12 0)
(0.00028288047 -7.3188734e-12 0)
(0.00028288046 -6.4683525e-12 0)
(0.00028288045 -5.6582116e-12 0)
(0.00028288044 -4.9045093e-12 0)
(0.00028288043 -4.2071028e-12 0)
(0.00028288042 -3.5748079e-12 0)
(0.00028288042 -3.0022403e-12 0)
(0.00028288041 -2.4939494e-12 0)
(0.00028288041 -2.0417466e-12 0)
(0.0002828804 -1.6478855e-12 0)
(0.0002828804 -1.302955e-12 0)
(0.0002828804 -1.0081664e-12 0)
(0.0002828804 -7.5385883e-13 0)
(0.0002828804 -5.4096276e-13 0)
(0.0002828804 -3.6013382e-13 0)
(0.0002828804 -2.1244962e-13 0)
(0.0002828804 -8.9168278e-14 0)
(0.0002828804 8.2713334e-15 0)
(0.0002828804 8.7893735e-14 0)
(0.0002828804 1.4782053e-13 0)
(0.0002828804 1.9535997e-13 0)
(0.0002828804 2.2819017e-13 0)
(0.0002828804 2.5295685e-13 0)
(0.0002828804 2.6693352e-13 0)
(0.0002828804 2.7619751e-13 0)
(0.0002828804 2.7767544e-13 0)
(0.0002828804 2.7697125e-13 0)
(0.0002828804 2.7072836e-13 0)
(0.0002828804 2.6417609e-13 0)
(0.0002828804 2.5372992e-13 0)
(0.0002828804 2.4433897e-13 0)
(0.0002828804 2.3224019e-13 0)
(0.0002828804 2.2218432e-13 0)
(0.0002828804 2.1026975e-13 0)
(0.0002828804 2.0111852e-13 0)
(0.0002828804 1.9072601e-13 0)
(0.0002828804 1.8364673e-13 0)
(0.0002828804 1.7579639e-13 0)
(0.0002828804 1.7171045e-13 0)
(0.0002828804 1.67248e-13 0)
(0.0002828804 1.6696699e-13 0)
(0.00028288041 1.6668062e-13 0)
(0.00028288041 1.7100262e-13 0)
(0.00028288041 1.7570693e-13 0)
(0.00028288041 1.8548137e-13 0)
(0.00028288041 1.9605834e-13 0)
(0.00028288041 2.1221089e-13 0)
(0.00028288041 2.2961376e-13 0)
(0.00028288041 2.5311425e-13 0)
(0.00028288041 2.7830036e-13 0)
(0.00028288041 3.100658e-13 0)
(0.00028288041 3.4385679e-13 0)
(0.00028288041 3.8455787e-13 0)
(0.00028288041 4.2739209e-13 0)
(0.00028288041 4.7715023e-13 0)
(0.00028288041 5.2870575e-13 0)
(0.00028288041 5.8663483e-13 0)
(0.00028288041 6.4528486e-13 0)
(0.00028288042 7.0883447e-13 0)
(0.00028288042 7.7087003e-13 0)
(0.00028288042 8.349295e-13 0)
(0.00028288042 8.9352428e-13 0)
(0.00028288042 9.4922312e-13 0)
(0.00028288042 9.9305895e-13 0)
(0.00028288042 1.0262294e-12 0)
(0.00028288043 1.0378037e-12 0)
(0.00028288043 1.0271052e-12 0)
(0.00028288043 9.8068039e-13 0)
(0.00028288043 8.9543226e-13 0)
(0.00028288043 7.547721e-13 0)
(0.00028288043 5.5260052e-13 0)
(0.00028288043 2.6858129e-13 0)
(0.00028288043 -1.0693596e-13 0)
(0.00028288043 -5.9859392e-13 0)
(0.00028288043 -1.2200299e-12 0)
(0.00028288042 -2.0005887e-12 0)
(0.00028288042 -2.9581157e-12 0)
(0.00028288041 -4.1267669e-12 0)
(0.0002828804 -5.5284066e-12 0)
(0.00028288039 -7.2015865e-12 0)
(0.00028288037 -9.1713311e-12 0)
(0.00028288035 -1.1479363e-11 0)
(0.00028288032 -1.4151972e-11 0)
(0.00028288029 -1.7231587e-11 0)
(0.00028288026 -2.0742478e-11 0)
(0.00028288021 -2.4723692e-11 0)
(0.00028288016 -2.919258e-11 0)
(0.0002828801 -3.4179107e-11 0)
(0.00028288002 -3.9687591e-11 0)
(0.00028287994 -4.5732568e-11 0)
(0.00028287985 -5.2300282e-11 0)
(0.00028287974 -5.9387915e-11 0)
(0.00028287962 -6.6972427e-11 0)
(0.00028287949 -7.5065657e-11 0)
(0.00028287934 -8.3715447e-11 0)
(0.00028287918 -9.3114241e-11 0)
(0.00028287899 -1.037818e-10 0)
(0.00028287879 -1.1703165e-10 0)
(0.00028287857 -1.3538981e-10 0)
(0.00028287833 -1.6313328e-10 0)
(0.00028287795 -2.34397e-10 0)
(0.0011726535 -0.00023116463 0)
(0.00094628623 -0.00013841766 0)
(0.00061936902 -5.3382778e-05 0)
(0.00043978844 -2.5413167e-05 0)
(0.00033924462 -1.3471771e-05 0)
(0.00027597358 -7.5810816e-06 0)
(0.0002336108 -4.647877e-06 0)
(0.00020373795 -3.0839774e-06 0)
(0.00018172824 -2.1735806e-06 0)
(0.0001649763 -1.6012634e-06 0)
(0.0001519212 -1.217441e-06 0)
(0.00014156984 -9.4638527e-07 0)
(0.00013325792 -7.472672e-07 0)
(0.00012652179 -5.9658318e-07 0)
(0.00012102621 -4.7996311e-07 0)
(0.00011652165 -3.8815391e-07 0)
(0.00011281787 -3.1493179e-07 0)
(0.00010976687 -2.559548e-07 0)
(0.00010725167 -2.0809921e-07 0)
(0.00010517845 -1.6905805e-07 0)
(0.0001034712 -1.3708874e-07 0)
(0.00010206769 -1.1084901e-07 0)
(0.00010091666 -8.9287382e-08 0)
(9.9975588e-05 -7.1568122e-08 0)
(9.920909e-05 -5.7018708e-08 0)
(9.85876e-05 -4.5092344e-08 0)
(9.8086371e-05 -3.5340658e-08 0)
(9.7684663e-05 -2.7393476e-08 0)
(9.7365084e-05 -2.0943567e-08 0)
(9.7113057e-05 -1.573494e-08 0)
(9.6916377e-05 -1.1553725e-08 0)
(9.6764835e-05 -8.220953e-09 0)
(9.6649915e-05 -5.5867619e-09 0)
(9.6564528e-05 -3.5256812e-09 0)
(9.6502791e-05 -1.9327609e-09 0)
(9.645984e-05 -7.2035053e-10 0)
(9.6431668e-05 1.8458952e-10 0)
(9.6414991e-05 8.4275935e-10 0)
(9.640713e-05 1.3044346e-09 0)
(9.6405911e-05 1.6111001e-09 0)
(9.6409585e-05 1.7968327e-09 0)
(9.6416751e-05 1.8894873e-09 0)
(9.6426302e-05 1.9116997e-09 0)
(9.6437368e-05 1.881749e-09 0)
(9.6449274e-05 1.8142825e-09 0)
(9.6461508e-05 1.7209408e-09 0)
(9.6473685e-05 1.6108775e-09 0)
(9.6485524e-05 1.4912086e-09 0)
(9.6496829e-05 1.3673808e-09 0)
(9.6507468e-05 1.2434905e-09 0)
(9.6517361e-05 1.1225415e-09 0)
(9.6526466e-05 1.0066678e-09 0)
(9.6534774e-05 8.9731074e-10 0)
(9.6542294e-05 7.9537261e-10 0)
(9.6549054e-05 7.0133468e-10 0)
(9.6555094e-05 6.1536206e-10 0)
(9.6560457e-05 5.3737966e-10 0)
(9.6565195e-05 4.6714236e-10 0)
(9.6569358e-05 4.0428182e-10 0)
(9.6572999e-05 3.4835252e-10 0)
(9.6576169e-05 2.988587e-10 0)
(9.6578914e-05 2.5528394e-10 0)
(9.6581283e-05 2.1710475e-10 0)
(9.6583317e-05 1.8380934e-10 0)
(9.6585055e-05 1.5490246e-10 0)
(9.6586535e-05 1.2991719e-10 0)
(9.6587789e-05 1.0841427e-10 0)
(9.6588846e-05 8.998961e-11 0)
(9.6589732e-05 7.4270263e-11 0)
(9.6590473e-05 6.0919459e-11 0)
(9.6591087e-05 4.9630653e-11 0)
(9.6591595e-05 4.0131257e-11 0)
(9.6592011e-05 3.2175705e-11 0)
(9.659235e-05 2.5548627e-11 0)
(9.6592624e-05 2.0057495e-11 0)
(9.6592844e-05 1.5535699e-11 0)
(9.6593018e-05 1.1835113e-11 0)
(9.6593155e-05 8.8293161e-12 0)
(9.6593261e-05 6.4062786e-12 0)
(9.6593342e-05 4.4718522e-12 0)
(9.6593402e-05 2.9426519e-12 0)
(9.6593445e-05 1.7498767e-12 0)
(9.6593476e-05 8.3241242e-13 0)
(9.6593496e-05 1.4098506e-13 0)
(9.6593508e-05 -3.685256e-13 0)
(9.6593513e-05 -7.3061988e-13 0)
(9.6593514e-05 -9.7667132e-13 0)
(9.6593511e-05 -1.1301924e-12 0)
(9.6593506e-05 -1.2131619e-12 0)
(9.65935e-05 -1.2410589e-12 0)
(9.6593492e-05 -1.2290558e-12 0)
(9.6593484e-05 -1.1868641e-12 0)
(9.6593475e-05 -1.1248141e-12 0)
(9.6593467e-05 -1.0485556e-12 0)
(9.6593459e-05 -9.6504492e-13 0)
(9.6593452e-05 -8.771319e-13 0)
(9.6593445e-05 -7.8947556e-13 0)
(9.6593438e-05 -7.0304661e-13 0)
(9.6593432e-05 -6.2097937e-13 0)
(9.6593427e-05 -5.430248e-13 0)
(9.6593423e-05 -4.7134042e-13 0)
(9.6593419e-05 -4.0491765e-13 0)
(9.6593415e-05 -3.4531616e-13 0)
(9.6593412e-05 -2.9108422e-13 0)
(9.6593409e-05 -2.4343807e-13 0)
(9.6593407e-05 -2.006947e-13 0)
(9.6593405e-05 -1.6389335e-13 0)
(9.6593404e-05 -1.3125355e-13 0)
(9.6593403e-05 -1.0374237e-13 0)
(9.6593402e-05 -7.9569954e-14 0)
(9.6593401e-05 -5.9689329e-14 0)
(9.65934e-05 -4.2347769e-14 0)
(9.65934e-05 -2.8519307e-14 0)
(9.65934e-05 -1.6514806e-14 0)
(9.65934e-05 -7.3422119e-15 0)
(9.65934e-05 6.1419952e-16 0)
(9.6593399e-05 6.3099611e-15 0)
(9.65934e-05 1.1284043e-14 0)
(9.65934e-05 1.445905e-14 0)
(9.65934e-05 1.7303998e-14 0)
(9.65934e-05 1.871367e-14 0)
(9.65934e-05 2.009202e-14 0)
(9.65934e-05 2.0313419e-14 0)
(9.65934e-05 2.0725703e-14 0)
(9.6593401e-05 2.0192147e-14 0)
(9.6593401e-05 2.0008814e-14 0)
(9.6593401e-05 1.9035526e-14 0)
(9.6593401e-05 1.8524851e-14 0)
(9.6593401e-05 1.7336038e-14 0)
(9.6593401e-05 1.6686819e-14 0)
(9.6593402e-05 1.5439991e-14 0)
(9.6593402e-05 1.4784197e-14 0)
(9.6593402e-05 1.3589215e-14 0)
(9.6593402e-05 1.3017507e-14 0)
(9.6593402e-05 1.1949664e-14 0)
(9.6593402e-05 1.1528737e-14 0)
(9.6593402e-05 1.064463e-14 0)
(9.6593403e-05 1.0424911e-14 0)
(9.6593403e-05 9.7708485e-15 0)
(9.6593403e-05 9.7996339e-15 0)
(9.6593403e-05 9.4221634e-15 0)
(9.6593403e-05 9.7490119e-15 0)
(9.6593403e-05 9.6999786e-15 0)
(9.6593403e-05 1.0383305e-14 0)
(9.6593403e-05 1.0725373e-14 0)
(9.6593403e-05 1.1835965e-14 0)
(9.6593404e-05 1.2645351e-14 0)
(9.6593404e-05 1.42652e-14 0)
(9.6593404e-05 1.5629516e-14 0)
(9.6593404e-05 1.7853271e-14 0)
(9.6593404e-05 1.9866561e-14 0)
(9.6593405e-05 2.2788633e-14 0)
(9.6593405e-05 2.5541865e-14 0)
(9.6593405e-05 2.9246634e-14 0)
(9.6593405e-05 3.2809251e-14 0)
(9.6593406e-05 3.7347217e-14 0)
(9.6593406e-05 4.1740674e-14 0)
(9.6593407e-05 4.7093086e-14 0)
(9.6593407e-05 5.2245545e-14 0)
(9.6593408e-05 5.8276755e-14 0)
(9.6593408e-05 6.3968775e-14 0)
(9.6593409e-05 7.0351603e-14 0)
(9.659341e-05 7.6125392e-14 0)
(9.659341e-05 8.2248476e-14 0)
(9.6593411e-05 8.7306128e-14 0)
(9.6593412e-05 9.2151294e-14 0)
(9.6593412e-05 9.5216831e-14 0)
(9.6593413e-05 9.7212255e-14 0)
(9.6593413e-05 9.6375936e-14 0)
(9.6593414e-05 9.3228285e-14 0)
(9.6593414e-05 8.5770012e-14 0)
(9.6593414e-05 7.4283466e-14 0)
(9.6593414e-05 5.6482218e-14 0)
(9.6593414e-05 3.2365564e-14 0)
(9.6593413e-05 -6.8383011e-16 0)
(9.6593411e-05 -4.2991704e-14 0)
(9.6593409e-05 -9.7537574e-14 0)
(9.6593406e-05 -1.649967e-13 0)
(9.6593402e-05 -2.4871289e-13 0)
(9.6593397e-05 -3.4969283e-13 0)
(9.659339e-05 -4.7159902e-13 0)
(9.6593382e-05 -6.1568819e-13 0)
(9.6593371e-05 -7.8581191e-13 0)
(9.6593359e-05 -9.8330591e-13 0)
(9.6593344e-05 -1.211991e-12 0)
(9.6593327e-05 -1.4730368e-12 0)
(9.6593306e-05 -1.76997e-12 0)
(9.6593282e-05 -2.1035004e-12 0)
(9.6593254e-05 -2.476501e-12 0)
(9.6593222e-05 -2.888759e-12 0)
(9.6593185e-05 -3.3421795e-12 0)
(9.6593143e-05 -3.8363508e-12 0)
(9.6593096e-05 -4.3766966e-12 0)
(9.6593044e-05 -4.9753304e-12 0)
(9.6592985e-05 -5.6594117e-12 0)
(9.659292e-05 -6.5176732e-12 0)
(9.6592848e-05 -7.8719254e-12 0)
(9.6592765e-05 -1.010463e-11 0)
(9.6592667e-05 -1.1686847e-11 0)
(9.6592482e-05 -4.5811887e-11 0)
)
;

boundaryField
{
    inlet_0
    {
        type            fixedValue;
        value           uniform (0.001804 0 0);
    }
    inlet_1
    {
        type            fixedValue;
        value           uniform (0.001804 0 0);
    }
    inlet_2
    {
        type            fixedValue;
        value           uniform (0.001804 0 0);
    }
    inlet_3
    {
        type            fixedValue;
        value           uniform (0.001804 0 0);
    }
    inlet_4
    {
        type            fixedValue;
        value           uniform (0.001804 0 0);
    }
    inlet_5
    {
        type            fixedValue;
        value           uniform (0.001804 0 0);
    }
    inlet_6
    {
        type            fixedValue;
        value           uniform (0.001804 0 0);
    }
    inlet_7
    {
        type            fixedValue;
        value           uniform (0.001804 0 0);
    }
    outlet
    {
        type            zeroGradient;
    }
    walls
    {
        type            noSlip;
    }
    floor
    {
        type            noSlip;
    }
    frontAndBack
    {
        type            empty;
    }
}


// ************************************************************************* //
