/*--------------------------------*- C++ -*----------------------------------*\
| =========                 |                                                 |
| \\      /  F ield         | OpenFOAM: The Open Source CFD Toolbox           |
|  \\    /   O peration     | Version:  2406                                  |
|   \\  /    A nd           | Website:  www.openfoam.com                      |
|    \\/     M anipulation  |                                                 |
\*---------------------------------------------------------------------------*/
FoamFile
{
    version     2.0;
    format      ascii;
    arch        "LSB;label=32;scalar=64";
    class       surfaceScalarField;
    location    "1289";
    object      phi;
}
// * * * * * * * * * * * * * * * * * * * * * * * * * * * * * * * * * * * * * //

dimensions      [0 3 -1 0 0 0 0];

oriented        oriented;

internalField   nonuniform List<scalar> 
28528
(
2.2391424e-11
1.0148307e-11
1.4772631e-11
7.6187931e-12
1.0424319e-11
4.3483123e-12
7.8328917e-12
2.5914268e-12
6.2188654e-12
1.6140263e-12
5.1626301e-12
1.0562353e-12
4.4316176e-12
7.3101255e-13
3.899457e-12
5.3216062e-13
3.4957688e-12
4.0368814e-13
3.1794449e-12
3.1632397e-13
2.9252381e-12
2.542068e-13
2.7168747e-12
2.0836333e-13
2.5433925e-12
1.7348228e-13
2.397119e-12
1.4627343e-13
2.2725088e-12
1.2461026e-13
2.165443e-12
1.070658e-13
2.0727919e-12
9.2651032e-14
1.9921307e-12
8.0661243e-14
1.9215484e-12
7.0582307e-14
1.859517e-12
6.2031415e-14
1.8047985e-12
5.4718428e-14
1.7563786e-12
4.8419978e-14
1.7134169e-12
4.2961681e-14
1.6752112e-12
3.820567e-14
1.6411695e-12
3.4041696e-14
1.6107888e-12
3.0380665e-14
1.583639e-12
2.7149883e-14
1.5593495e-12
2.4289499e-14
1.5375996e-12
2.1749831e-14
1.5181103e-12
1.9489313e-14
1.5006374e-12
1.747292e-14
1.4849665e-12
1.5670934e-14
1.4709085e-12
1.4057984e-14
1.4582962e-12
1.261228e-14
1.4469812e-12
1.1315003e-14
1.4368314e-12
1.0149817e-14
1.4277289e-12
9.1024758e-15
1.4195684e-12
8.1604957e-15
1.4122555e-12
7.3128966e-15
1.4057055e-12
6.5499832e-15
1.3998424e-12
5.8631652e-15
1.3945976e-12
5.2448076e-15
1.3899095e-12
4.6881052e-15
1.3857225e-12
4.1869766e-15
1.3819865e-12
3.7359753e-15
1.3786563e-12
3.3302129e-15
1.375691e-12
2.9652942e-15
1.3730537e-12
2.6372616e-15
1.3707112e-12
2.3425458e-15
1.3686333e-12
2.077925e-15
1.3667928e-12
1.8404874e-15
1.3651652e-12
1.6275994e-15
1.3637283e-12
1.4368779e-15
1.3624621e-12
1.2661647e-15
1.3613486e-12
1.113505e-15
1.3603715e-12
9.7712782e-16
1.3595161e-12
8.554281e-16
1.3587691e-12
7.4695145e-16
1.3581188e-12
6.5037996e-16
1.3575542e-12
5.6451961e-16
1.3570659e-12
4.8828886e-16
1.3566452e-12
4.2070836e-16
1.3562843e-12
3.6089167e-16
1.3559763e-12
3.0803672e-16
1.3557149e-12
2.614183e-16
1.3554945e-12
2.2038088e-16
1.3553102e-12
1.8433247e-16
1.3551574e-12
1.5273867e-16
1.3550323e-12
1.2511757e-16
1.3549313e-12
1.0103477e-16
1.3548512e-12
8.0099168e-17
1.3547892e-12
6.1958837e-17
1.3547429e-12
4.6297511e-17
1.3547101e-12
3.2831107e-17
1.3546888e-12
2.1304869e-17
1.3546773e-12
1.1490423e-17
1.3546741e-12
3.1834357e-18
1.3546779e-12
-3.7988566e-18
1.3546875e-12
-9.6195719e-18
1.354702e-12
-1.4424253e-17
1.3547203e-12
-1.8342443e-17
1.3547418e-12
-2.1489414e-17
1.3547658e-12
-2.3967463e-17
1.3547916e-12
-2.5867338e-17
1.3548189e-12
-2.7269313e-17
1.3548472e-12
-2.8244355e-17
1.354876e-12
-2.8855017e-17
1.3549052e-12
-2.9156382e-17
1.3549344e-12
-2.9196816e-17
1.3549634e-12
-2.9018712e-17
1.354992e-12
-2.8659135e-17
1.3550202e-12
-2.8150398e-17
1.3550477e-12
-2.7520621e-17
1.3550745e-12
-2.6794153e-17
1.3551005e-12
-2.5992081e-17
1.3551256e-12
-2.5132506e-17
1.3551499e-12
-2.4231021e-17
1.3551732e-12
-2.3300863e-17
1.3551955e-12
-2.2353368e-17
1.3552169e-12
-2.1398016e-17
1.3552373e-12
-2.0442876e-17
1.3552568e-12
-1.9494552e-17
1.3552754e-12
-1.8558626e-17
1.355293e-12
-1.7639526e-17
1.3553098e-12
-1.6740966e-17
1.3553256e-12
-1.5865746e-17
1.3553407e-12
-1.5016189e-17
1.3553549e-12
-1.4193895e-17
1.3553683e-12
-1.3400175e-17
1.3553809e-12
-1.2635753e-17
1.3553928e-12
-1.1901214e-17
1.355404e-12
-1.1196661e-17
1.3554145e-12
-1.0522167e-17
1.3554244e-12
-9.8774046e-18
1.3554336e-12
-9.2620983e-18
1.3554423e-12
-8.6756315e-18
1.3554504e-12
-8.1175e-18
1.355458e-12
-7.5869029e-18
1.3554651e-12
-7.0831937e-18
1.3554717e-12
-6.6054628e-18
1.3554779e-12
-6.1529836e-18
1.3554836e-12
-5.7247915e-18
1.3554889e-12
-5.3201228e-18
1.3554939e-12
-4.9379955e-18
1.3554984e-12
-4.577638e-18
1.3555027e-12
-4.2380764e-18
1.3555066e-12
-3.9185508e-18
1.3555102e-12
-3.6181116e-18
1.3555135e-12
-3.3360233e-18
1.3555166e-12
-3.071371e-18
1.3555194e-12
-2.8234514e-18
1.355522e-12
-2.5913906e-18
1.3555244e-12
-2.3745215e-18
1.3555266e-12
-2.1720148e-18
1.3555286e-12
-1.9832424e-18
1.3555304e-12
-1.8074207e-18
1.355532e-12
-1.6439616e-18
1.3555335e-12
-1.4921282e-18
1.3555348e-12
-1.3513726e-18
1.3555361e-12
-1.2210039e-18
1.3555372e-12
-1.1005148e-18
1.3555382e-12
-9.8925962e-19
1.355539e-12
-8.8677125e-19
1.3555398e-12
-7.9244823e-19
1.3555405e-12
-7.0586331e-19
1.3555412e-12
-6.2645812e-19
1.3555417e-12
-5.5384459e-19
1.3555422e-12
-4.8750602e-19
1.3555426e-12
-4.2709284e-19
1.355543e-12
-3.721285e-19
1.3555433e-12
-3.2230092e-19
1.3555436e-12
-2.7717193e-19
1.3555438e-12
-2.3646577e-19
1.355544e-12
-1.9978058e-19
1.3555442e-12
-1.6687548e-19
1.3555444e-12
-1.3738249e-19
1.3555445e-12
-1.1109394e-19
1.3555446e-12
-8.7672852e-20
1.3555446e-12
-6.6942783e-20
1.3555447e-12
-4.8594566e-20
1.3555447e-12
-3.2480608e-20
1.3555447e-12
-1.8315893e-20
1.3555447e-12
-5.9789706e-21
1.3555447e-12
4.7950131e-21
1.3555447e-12
1.4104566e-20
1.3555447e-12
2.2198856e-20
1.3555447e-12
2.9157188e-20
1.3555446e-12
3.5217933e-20
1.3555446e-12
4.0445615e-20
1.3555445e-12
4.5073316e-20
1.3555445e-12
4.9155968e-20
1.3555444e-12
5.2927616e-20
1.3555444e-12
5.6439338e-20
1.3555443e-12
5.9933169e-20
1.3555442e-12
6.3462428e-20
1.3555442e-12
6.7284439e-20
1.3555441e-12
7.1460526e-20
1.355544e-12
7.6269647e-20
1.3555439e-12
8.178517e-20
1.3555439e-12
8.8310859e-20
1.3555438e-12
9.5931933e-20
1.3555437e-12
1.0497299e-19
1.3555435e-12
1.1552184e-19
1.3555434e-12
1.2790623e-19
1.3555433e-12
1.4219025e-19
1.3555431e-12
1.5866329e-19
1.3555429e-12
1.7730987e-19
1.3555427e-12
1.9830109e-19
1.3555425e-12
2.2144e-19
1.3555423e-12
2.4664581e-19
1.355542e-12
2.7337808e-19
1.3555417e-12
3.0111563e-19
1.3555414e-12
3.2878809e-19
1.355541e-12
3.5528568e-19
1.3555406e-12
3.7906479e-19
1.3555402e-12
3.9952192e-19
1.3555398e-12
4.1808594e-19
1.3555394e-12
4.3897586e-19
1.3555389e-12
4.5862359e-19
8.7280142e-19
3.2424684e-11
1.0263355e-11
2.7937338e-11
1.2106138e-11
2.3107171e-11
9.1784798e-12
1.9198643e-11
6.4999545e-12
1.6234909e-11
4.5777601e-12
1.4007193e-11
3.2839513e-12
1.2313491e-11
2.4247148e-12
1.1001181e-11
1.8444706e-12
9.9635144e-12
1.4413549e-12
9.1272763e-12
1.1525621e-12
8.4419895e-12
9.3949355e-13
7.8722883e-12
7.7806451e-13
7.3928815e-12
6.5288914e-13
6.9852895e-12
5.538654e-13
6.6357273e-12
4.7417252e-13
6.3337117e-12
4.0908138e-13
6.0711304e-12
3.552323e-13
5.841606e-12
3.101857e-13
5.6400532e-12
2.721351e-13
5.4623653e-12
2.3971928e-13
5.3051874e-12
2.1189633e-13
5.1657499e-12
1.8785748e-13
5.0417448e-12
1.669668e-13
4.931232e-12
1.4871845e-13
4.832568e-12
1.3270572e-13
4.7443503e-12
1.1859834e-13
4.6653745e-12
1.061257e-13
4.5945999e-12
9.5064117e-14
4.5311224e-12
8.522727e-14
4.474153e-12
7.6458772e-14
4.4229994e-12
6.8626453e-14
4.3770525e-12
6.161788e-14
4.3357737e-12
5.533682e-14
4.2986855e-12
4.9700435e-14
4.2653635e-12
4.4637033e-14
4.235429e-12
4.0084261e-14
4.2085439e-12
3.5987633e-14
4.184405e-12
3.2299334e-14
4.1627407e-12
2.8977237e-14
4.1433066e-12
2.5984088e-14
4.1258829e-12
2.3286834e-14
4.1102717e-12
2.0856059e-14
4.0962943e-12
1.8665512e-14
4.0837895e-12
1.6691706e-14
4.0726119e-12
1.4913583e-14
4.0626299e-12
1.3312223e-14
4.0537246e-12
1.1870597e-14
4.0457885e-12
1.0573356e-14
4.0387244e-12
9.406647e-15
4.0324444e-12
8.35795e-15
4.0268689e-12
7.4159422e-15
4.0219262e-12
6.5703739e-15
4.0175511e-12
5.811961e-15
4.013685e-12
5.1322901e-15
4.0102747e-12
4.5237336e-15
4.0072725e-12
3.979375e-15
4.004635e-12
3.4929416e-15
4.0023232e-12
3.0587445e-15
4.0003019e-12
2.6716244e-15
3.9985396e-12
2.3269031e-15
3.9970075e-12
2.0203398e-15
3.9956801e-12
1.7480909e-15
3.9945344e-12
1.5066746e-15
3.9935495e-12
1.2929379e-15
3.9927068e-12
1.104027e-15
3.9919899e-12
9.3736045e-16
3.9913836e-12
7.906046e-16
3.9908747e-12
6.6165103e-16
3.9904512e-12
5.4859627e-16
3.9901025e-12
4.4972317e-16
3.9898191e-12
3.6348384e-16
3.9895926e-12
2.8848424e-16
3.9894154e-12
2.2346992e-16
3.989281e-12
1.6731313e-16
3.9891833e-12
1.1900103e-16
3.9891171e-12
7.7624894e-17
3.9890779e-12
4.2370286e-17
3.9890616e-12
1.2508121e-17
3.9890646e-12
-1.261356e-17
3.9890838e-12
-3.3576975e-17
3.9891163e-12
-5.0901455e-17
3.9891599e-12
-6.5049552e-17
3.9892124e-12
-7.6432723e-17
3.9892719e-12
-8.5416385e-17
3.989337e-12
-9.2324599e-17
3.9894062e-12
-9.7444256e-17
3.9894784e-12
-1.0102892e-16
3.9895525e-12
-1.0330228e-16
3.9896278e-12
-1.0446129e-16
3.9897034e-12
-1.0467903e-16
3.9897789e-12
-1.0410725e-16
3.9898536e-12
-1.0287868e-16
3.9899272e-12
-1.0110914e-16
3.9899993e-12
-9.8899455e-17
3.9900696e-12
-9.6337061e-17
3.990138e-12
-9.3497633e-17
3.9902042e-12
-9.0446367e-17
3.9902682e-12
-8.7239288e-17
3.9903297e-12
-8.392426e-17
3.9903889e-12
-8.0542069e-17
3.9904456e-12
-7.7127191e-17
3.9904998e-12
-7.3708692e-17
3.9905515e-12
-7.0310798e-17
3.9906008e-12
-6.6953644e-17
3.9906477e-12
-6.3653688e-17
3.9906923e-12
-6.0424337e-17
3.9907346e-12
-5.7276223e-17
3.9907746e-12
-5.4217744e-17
3.9908124e-12
-5.1255225e-17
3.9908482e-12
-4.8393385e-17
3.9908819e-12
-4.563541e-17
3.9909137e-12
-4.2983365e-17
3.9909436e-12
-4.0438191e-17
3.9909718e-12
-3.8000072e-17
3.9909982e-12
-3.5668382e-17
3.9910229e-12
-3.3442007e-17
3.9910461e-12
-3.1319257e-17
3.9910678e-12
-2.9298153e-17
3.9910881e-12
-2.7376311e-17
3.9911071e-12
-2.5551204e-17
3.9911247e-12
-2.3820024e-17
3.9911412e-12
-2.2179923e-17
3.9911565e-12
-2.062786e-17
3.9911707e-12
-1.9160827e-17
3.9911839e-12
-1.7775685e-17
3.9911962e-12
-1.6469377e-17
3.9912075e-12
-1.523876e-17
3.9912179e-12
-1.4080803e-17
3.9912276e-12
-1.2992418e-17
3.9912365e-12
-1.1970653e-17
3.9912447e-12
-1.1012518e-17
3.9912522e-12
-1.0115168e-17
3.9912591e-12
-9.2757374e-18
3.9912654e-12
-8.4915102e-18
3.9912712e-12
-7.7597591e-18
3.9912765e-12
-7.0779106e-18
3.9912813e-12
-6.4433853e-18
3.9912856e-12
-5.853758e-18
3.9912896e-12
-5.3066026e-18
3.9912932e-12
-4.7996458e-18
3.9912964e-12
-4.3306168e-18
3.9912993e-12
-3.897396e-18
3.9913019e-12
-3.4978679e-18
3.9913043e-12
-3.1300662e-18
3.9913063e-12
-2.7920301e-18
3.9913082e-12
-2.4819453e-18
3.9913098e-12
-2.1980035e-18
3.9913113e-12
-1.9385398e-18
3.9913126e-12
-1.701895e-18
3.9913137e-12
-1.4865507e-18
3.9913147e-12
-1.2909925e-18
3.9913155e-12
-1.1138436e-18
3.9913162e-12
-9.5372905e-19
3.9913168e-12
-8.0940817e-19
3.9913173e-12
-6.7963863e-19
3.9913178e-12
-5.6330897e-19
3.9913181e-12
-4.5930159e-19
3.9913184e-12
-3.6662584e-19
3.9913186e-12
-2.8427941e-19
3.9913188e-12
-2.113828e-19
3.9913189e-12
-1.4703792e-19
3.9913189e-12
-9.0465036e-20
3.991319e-12
-4.0857592e-20
3.991319e-12
2.4774564e-21
3.991319e-12
4.0269673e-20
3.9913189e-12
7.3140594e-20
3.9913188e-12
1.017593e-19
3.9913187e-12
1.2669301e-19
3.9913186e-12
1.4856895e-19
3.9913185e-12
1.6791936e-19
3.9913184e-12
1.8535046e-19
3.9913182e-12
2.0138089e-19
3.9913181e-12
2.1661831e-19
3.9913179e-12
2.3159039e-19
3.9913177e-12
2.4692953e-19
3.9913175e-12
2.6319463e-19
3.9913173e-12
2.8106409e-19
3.9913171e-12
3.0114602e-19
3.9913168e-12
3.2417872e-19
3.9913166e-12
3.5082588e-19
3.9913163e-12
3.81882e-19
3.991316e-12
4.180479e-19
3.9913156e-12
4.6013508e-19
3.9913152e-12
5.0881541e-19
3.9913148e-12
5.6481458e-19
3.9913143e-12
6.2862801e-19
3.9913138e-12
7.0068953e-19
3.9913132e-12
7.8104479e-19
3.9913126e-12
8.6948299e-19
3.9913119e-12
9.6516579e-19
3.9913111e-12
1.0667277e-18
3.9913102e-12
1.1719028e-18
3.9913093e-12
1.2777021e-18
3.9913082e-12
1.3802756e-18
3.9913071e-12
1.4757059e-18
3.991306e-12
1.561882e-18
3.9913048e-12
1.6425603e-18
3.9913035e-12
1.7303915e-18
3.9913021e-12
1.8621336e-18
2.5453936e-18
3.4087668e-11
8.7154193e-12
3.3001252e-11
1.3192554e-11
3.005342e-11
1.2126312e-11
2.6736949e-11
9.8164257e-12
2.3693932e-11
7.6207771e-12
2.1102799e-11
5.8750847e-12
1.895803e-11
4.5694836e-12
1.7195162e-11
3.6073388e-12
1.5741863e-11
2.8946537e-12
1.4534979e-11
2.3594465e-12
1.352387e-11
1.9506018e-12
1.2669208e-11
1.6327265e-12
1.1940718e-11
1.3813793e-12
1.1315048e-11
1.1795352e-12
1.0774053e-11
1.0151678e-12
1.0303492e-11
8.7964287e-13
9.8920666e-12
7.6665721e-13
9.5307181e-12
6.7153425e-13
9.2121026e-12
5.9075054e-13
8.9302088e-12
5.2161313e-13
8.6800688e-12
4.6203635e-13
8.4575412e-12
4.10385e-13
8.2591457e-12
3.6536237e-13
8.0819348e-12
3.2592935e-13
7.9233954e-12
2.9124506e-13
7.781371e-12
2.6062283e-13
7.6539996e-12
2.3349707e-13
7.5396655e-12
2.0939824e-13
7.4369592e-12
1.8793357e-13
7.3446457e-12
1.6877221e-13
7.2616386e-12
1.5163357e-13
7.1869782e-12
1.3627827e-13
7.1198142e-12
1.2250081e-13
7.0593908e-12
1.1012386e-13
7.0050343e-12
9.8993575e-14
6.9561427e-12
8.8975868e-14
6.912177e-12
7.9953328e-14
6.8726536e-12
7.1822731e-14
6.8371378e-12
6.4492971e-14
6.8052386e-12
5.7883355e-14
6.7766032e-12
5.1922181e-14
6.7509137e-12
4.6545548e-14
6.7278829e-12
4.1696357e-14
6.7072511e-12
3.7323461e-14
6.6887838e-12
3.3380946e-14
6.6722685e-12
2.9827518e-14
6.6575131e-12
2.6625975e-14
6.6443437e-12
2.3742748e-14
6.6326028e-12
2.1147515e-14
6.6221479e-12
1.8812848e-14
6.61285e-12
1.6713922e-14
6.6045921e-12
1.4828244e-14
6.5972686e-12
1.3135428e-14
6.5907839e-12
1.1616981e-14
6.5850515e-12
1.0256131e-14
6.5799933e-12
9.0376532e-15
6.5755385e-12
7.9477341e-15
6.5716234e-12
6.9738354e-15
6.5681904e-12
6.1045786e-15
6.5651877e-12
5.3296394e-15
6.5625684e-12
4.6396518e-15
6.5602903e-12
4.0261221e-15
6.5583157e-12
3.4813503e-15
6.5566103e-12
2.9983589e-15
6.5551435e-12
2.5708282e-15
6.5538878e-12
2.1930377e-15
6.5528186e-12
1.8598121e-15
6.5519138e-12
1.5664722e-15
6.5511536e-12
1.3087906e-15
6.5505203e-12
1.0829509e-15
6.5499983e-12
8.8551016e-16
6.5495734e-12
7.1336502e-16
6.5492332e-12
5.6372076e-16
6.5489664e-12
4.3406273e-16
6.5487633e-12
3.2213055e-16
6.548615e-12
2.2589433e-16
6.5485139e-12
1.4353316e-16
6.548453e-12
7.3415269e-17
6.5484263e-12
1.4080124e-17
6.5484285e-12
-3.5778054e-17
6.5484549e-12
-7.7325207e-17
6.5485015e-12
-1.116011e-16
6.5485646e-12
-1.395317e-16
6.5486411e-12
-1.6194049e-16
6.5487283e-12
-1.7955869e-16
6.5488239e-12
-1.9303464e-16
6.5489258e-12
-2.029422e-16
6.5490323e-12
-2.0978847e-16
6.5491419e-12
-2.1402073e-16
6.5492532e-12
-2.1603274e-16
6.5493653e-12
-2.1617045e-16
6.5494771e-12
-2.1473713e-16
6.549588e-12
-2.1199802e-16
6.5496973e-12
-2.0818456e-16
6.5498045e-12
-2.0349811e-16
6.5499091e-12
-1.9811339e-16
6.5500108e-12
-1.9218153e-16
6.5501094e-12
-1.8583278e-16
6.5502047e-12
-1.7917901e-16
6.5502964e-12
-1.7231586e-16
6.5503846e-12
-1.6532477e-16
6.5504692e-12
-1.5827466e-16
6.5505501e-12
-1.5122355e-16
6.5506274e-12
-1.442199e-16
6.550701e-12
-1.3730393e-16
6.5507711e-12
-1.3050859e-16
6.5508377e-12
-1.2386064e-16
6.5509009e-12
-1.1738141e-16
6.5509607e-12
-1.1108766e-16
6.5510173e-12
-1.0499211e-16
6.5510708e-12
-9.9104162e-17
6.5511212e-12
-9.3430262e-17
6.5511687e-12
-8.7974484e-17
6.5512135e-12
-8.2738778e-17
6.5512555e-12
-7.7723439e-17
6.551295e-12
-7.292726e-17
6.551332e-12
-6.8347919e-17
6.5513667e-12
-6.3982057e-17
6.5513992e-12
-5.9825595e-17
6.5514295e-12
-5.5873758e-17
6.5514578e-12
-5.2121344e-17
6.5514842e-12
-4.8562699e-17
6.5515087e-12
-4.5191951e-17
6.5515316e-12
-4.2002954e-17
6.5515528e-12
-3.898949e-17
6.5515725e-12
-3.6145192e-17
6.5515907e-12
-3.3463721e-17
6.5516076e-12
-3.0938677e-17
6.5516231e-12
-2.8563759e-17
6.5516375e-12
-2.6332662e-17
6.5516507e-12
-2.4239225e-17
6.5516629e-12
-2.2277325e-17
6.551674e-12
-2.0441012e-17
6.5516843e-12
-1.8724402e-17
6.5516936e-12
-1.7121801e-17
6.5517022e-12
-1.56276e-17
6.55171e-12
-1.4236392e-17
6.5517171e-12
-1.2942862e-17
6.5517235e-12
-1.174191e-17
6.5517293e-12
-1.0628534e-17
6.5517346e-12
-9.5979457e-18
6.5517394e-12
-8.6454634e-18
6.5517436e-12
-7.7666196e-18
6.5517474e-12
-6.9570553e-18
6.5517509e-12
-6.212625e-18
6.5517539e-12
-5.5292922e-18
6.5517566e-12
-4.903232e-18
6.551759e-12
-4.3307272e-18
6.5517611e-12
-3.8082691e-18
6.551763e-12
-3.3324539e-18
6.5517646e-12
-2.9000818e-18
6.551766e-12
-2.5080535e-18
6.5517672e-12
-2.153468e-18
6.5517682e-12
-1.833519e-18
6.5517691e-12
-1.5455909e-18
6.5517698e-12
-1.2871556e-18
6.5517704e-12
-1.0558671e-18
6.5517709e-12
-8.4945712e-19
6.5517712e-12
-6.6582985e-19
6.5517715e-12
-5.0295553e-19
6.5517717e-12
-3.5896567e-19
6.5517719e-12
-2.3204396e-19
6.551772e-12
-1.2052249e-19
6.551772e-12
-2.2769692e-20
6.551772e-12
6.2712457e-20
6.5517719e-12
1.3740391e-19
6.5517718e-12
2.0266774e-19
6.5517717e-12
2.5986965e-19
6.5517715e-12
3.1027712e-19
6.5517713e-12
3.5518332e-19
6.5517711e-12
3.9580387e-19
6.5517709e-12
4.3340499e-19
6.5517706e-12
4.6919705e-19
6.5517703e-12
5.04467e-19
6.5517701e-12
5.4046711e-19
6.5517697e-12
5.7855077e-19
6.5517694e-12
6.2005364e-19
6.551769e-12
6.6643056e-19
6.5517686e-12
7.1912478e-19
6.5517682e-12
7.797011e-19
6.5517677e-12
8.4969609e-19
6.5517672e-12
9.3073859e-19
6.5517667e-12
1.0243699e-18
6.551766e-12
1.1321377e-18
6.5517653e-12
1.2553707e-18
6.5517646e-12
1.3952266e-18
6.5517637e-12
1.5524025e-18
6.5517628e-12
1.727117e-18
6.5517617e-12
1.9187458e-18
6.5517606e-12
2.1257375e-18
6.5517593e-12
2.3452081e-18
6.5517579e-12
2.5728901e-18
6.5517564e-12
2.802914e-18
6.5517547e-12
3.0282345e-18
6.5517529e-12
3.2415894e-18
6.5517511e-12
3.4389353e-18
6.5517491e-12
3.6246332e-18
6.551747e-12
3.8160829e-18
6.5517448e-12
4.0708613e-18
4.8697317e-18
3.4197425e-11
7.0577262e-12
3.4707626e-11
1.2682352e-11
3.3478467e-11
1.335547e-11
3.1300735e-11
1.1994158e-11
2.8833201e-11
1.0088311e-11
2.643727e-11
8.2710156e-12
2.4267205e-11
6.7395488e-12
2.236479e-11
5.5097535e-12
2.0720608e-11
4.5388357e-12
1.9306269e-11
3.773786e-12
1.80893e-11
3.16757e-12
1.7039241e-11
2.6827862e-12
1.6129636e-11
2.2909836e-12
1.5338295e-11
1.9708766e-12
1.4646874e-11
1.7065887e-12
1.4040287e-11
1.4862294e-12
1.3506121e-11
1.3008236e-12
1.3034123e-11
1.143532e-12
1.2615786e-11
1.0090879e-12
1.2244006e-11
8.9339344e-13
1.1912815e-11
7.9322686e-13
1.161717e-11
7.0602998e-13
1.135278e-11
6.297521e-13
1.1115975e-11
5.6273443e-13
1.0903597e-11
5.0362359e-13
1.0712913e-11
4.5130642e-13
1.054155e-11
4.0486021e-13
1.0387434e-11
3.6351455e-13
1.0248746e-11
3.2662172e-13
1.0123884e-11
2.9363357e-13
1.0011435e-11
2.6408333e-13
9.9101416e-12
2.3757119e-13
9.8188896e-12
2.1375284e-13
9.7366833e-12
1.9233014e-13
9.6626331e-12
1.7304376e-13
9.595942e-12
1.5566701e-13
9.5358943e-12
1.4000096e-13
9.4818468e-12
1.2587028e-13
9.4332198e-12
1.1311993e-13
9.3894909e-12
1.0161232e-13
9.3501881e-12
9.1224963e-14
9.3148851e-12
8.1848538e-14
9.2831963e-12
7.3385196e-14
9.2547726e-12
6.5747171e-14
9.2292979e-12
5.8855571e-14
9.2064861e-12
5.2639357e-14
9.1860776e-12
4.703445e-14
9.1678374e-12
4.1982977e-14
9.1515523e-12
3.7432598e-14
9.1370292e-12
3.3335934e-14
9.1240931e-12
2.9650053e-14
9.1125853e-12
2.6336032e-14
9.1023622e-12
2.3358557e-14
9.0932936e-12
2.0685575e-14
9.0852617e-12
1.8287986e-14
9.07816e-12
1.6139363e-14
9.0718921e-12
1.4215707e-14
9.0663707e-12
1.249522e-14
9.0615171e-12
1.0958107e-14
9.0572604e-12
9.5863952e-15
9.0535363e-12
8.3637693e-15
9.050287e-12
7.2754237e-15
9.0474604e-12
6.3079273e-15
9.0450097e-12
5.4491017e-15
9.0428926e-12
4.6879094e-15
9.0410713e-12
4.0143526e-15
9.0395117e-12
3.4193802e-15
9.0381834e-12
2.894804e-15
9.0370589e-12
2.4332209e-15
9.0361139e-12
2.0279427e-15
9.0353265e-12
1.6729319e-15
9.0346772e-12
1.3627424e-15
9.0341484e-12
1.0924661e-15
9.0337248e-12
8.5768334e-16
9.0333925e-12
6.544184e-16
9.0331393e-12
4.7909807e-16
9.0329543e-12
3.2851425e-16
9.0328279e-12
1.9978968e-16
9.0327517e-12
9.034667e-17
9.032718e-12
-2.1214377e-18
9.0327204e-12
-7.967633e-17
9.0327529e-12
-1.4415841e-16
9.0328106e-12
-1.9720844e-16
9.032889e-12
-2.4028718e-16
9.0329841e-12
-2.7469331e-16
9.0330926e-12
-3.0157969e-16
9.0332117e-12
-3.2196813e-16
9.0333386e-12
-3.3676282e-16
9.0334714e-12
-3.4676246e-16
9.033608e-12
-3.5267133e-16
9.033747e-12
-3.5510922e-16
9.0338868e-12
-3.5462047e-16
9.0340265e-12
-3.5168213e-16
9.0341651e-12
-3.4671127e-16
9.0343016e-12
-3.4007169e-16
9.0344356e-12
-3.3207982e-16
9.0345664e-12
-3.230101e-16
9.0346937e-12
-3.1309985e-16
9.0348171e-12
-3.0255353e-16
9.0349363e-12
-2.9154669e-16
9.0350512e-12
-2.8022936e-16
9.0351616e-12
-2.6872921e-16
9.0352676e-12
-2.5715428e-16
9.035369e-12
-2.4559547e-16
9.0354658e-12
-2.3412866e-16
9.0355581e-12
-2.2281674e-16
9.0356459e-12
-2.1171127e-16
9.0357294e-12
-2.0085403e-16
9.0358086e-12
-1.9027832e-16
9.0358836e-12
-1.8001018e-16
9.0359546e-12
-1.7006942e-16
9.0360216e-12
-1.6047051e-16
9.0360849e-12
-1.5122339e-16
9.0361445e-12
-1.4233417e-16
9.0362005e-12
-1.338057e-16
9.0362533e-12
-1.2563813e-16
9.0363027e-12
-1.1782934e-16
9.0363491e-12
-1.1037536e-16
9.0363926e-12
-1.0327064e-16
9.0364332e-12
-9.6508423e-17
9.0364712e-12
-9.0080919e-17
9.0365066e-12
-8.3979575e-17
9.0365396e-12
-7.8195186e-17
9.0365703e-12
-7.2718122e-17
9.0365989e-12
-6.7538376e-17
9.0366254e-12
-6.2645748e-17
9.0366499e-12
-5.8029862e-17
9.0366727e-12
-5.368031e-17
9.0366937e-12
-4.9586645e-17
9.0367131e-12
-4.5738502e-17
9.036731e-12
-4.2125572e-17
9.0367474e-12
-3.8737705e-17
9.0367626e-12
-3.5564874e-17
9.0367764e-12
-3.2597259e-17
9.0367891e-12
-2.9825211e-17
9.0368007e-12
-2.7239321e-17
9.0368113e-12
-2.4830379e-17
9.036821e-12
-2.2589441e-17
9.0368298e-12
-2.0507781e-17
9.0368377e-12
-1.8576952e-17
9.0368449e-12
-1.6788738e-17
9.0368514e-12
-1.5135213e-17
9.0368572e-12
-1.3608687e-17
9.0368625e-12
-1.2201764e-17
9.0368672e-12
-1.0907293e-17
9.0368714e-12
-9.7184129e-18
9.0368751e-12
-8.6285088e-18
9.0368784e-12
-7.6312568e-18
9.0368813e-12
-6.7205735e-18
9.0368839e-12
-5.8906637e-18
9.0368861e-12
-5.1359667e-18
9.036888e-12
-4.4512027e-18
9.0368897e-12
-3.8313184e-18
9.0368911e-12
-3.2715315e-18
9.0368924e-12
-2.7672747e-18
9.0368934e-12
-2.3142391e-18
9.0368942e-12
-1.9083167e-18
9.0368949e-12
-1.5456424e-18
9.0368955e-12
-1.2225346e-18
9.0368959e-12
-9.3553631e-19
9.0368963e-12
-6.8135329e-19
9.0368965e-12
-4.5689461e-19
9.0368966e-12
-2.592079e-19
9.0368967e-12
-8.5519649e-20
9.0368967e-12
6.6832914e-20
9.0368966e-12
2.0036172e-19
9.0368965e-12
3.1749947e-19
9.0368963e-12
4.2055947e-19
9.0368961e-12
5.1181102e-19
9.0368959e-12
5.9343885e-19
9.0368956e-12
6.6762235e-19
9.0368953e-12
7.3649354e-19
9.036895e-12
8.0221966e-19
9.0368946e-12
8.6695837e-19
9.0368942e-12
9.3294212e-19
9.0368938e-12
1.0024277e-18
9.0368933e-12
1.0777788e-18
9.0368928e-12
1.1614051e-18
9.0368923e-12
1.2558368e-18
9.0368917e-12
1.3636435e-18
9.0368911e-12
1.487491e-18
9.0368904e-12
1.6300253e-18
9.0368896e-12
1.793893e-18
9.0368888e-12
1.9815711e-18
9.0368878e-12
2.1953259e-18
9.0368868e-12
2.4369616e-18
9.0368856e-12
2.707689e-18
9.0368843e-12
3.0077699e-18
9.0368829e-12
3.336283e-18
9.0368814e-12
3.690677e-18
9.0368796e-12
4.0664964e-18
9.0368778e-12
4.4570086e-18
9.0368757e-12
4.8532286e-18
9.0368735e-12
5.2442625e-18
9.0368711e-12
5.61886e-18
9.0368686e-12
5.9691313e-18
9.0368659e-12
6.2965781e-18
9.0368631e-12
6.6181628e-18
9.0368602e-12
6.9845109e-18
7.8232819e-18
3.3932452e-11
5.6650062e-12
3.5057061e-11
1.1557743e-11
3.4961078e-11
1.3451454e-11
3.3848799e-11
1.3106437e-11
3.2156494e-11
1.1780615e-11
3.0240607e-11
1.0186903e-11
2.8322631e-11
8.6575243e-12
2.6517324e-11
7.3150607e-12
2.487282e-11
6.1833403e-12
2.3400686e-11
5.2459198e-12
2.2094439e-11
4.4738171e-12
2.0939871e-11
3.8373537e-12
1.9920416e-11
3.3104385e-12
1.9019732e-11
2.8715614e-12
1.8222814e-11
2.5035066e-12
1.7516371e-11
2.1926719e-12
1.6888843e-11
1.9283521e-12
1.6330263e-11
1.7021116e-12
1.5832074e-11
1.5072767e-12
1.5386931e-11
1.3385368e-12
1.498852e-11
1.1916381e-12
1.46314e-11
1.0631492e-12
1.4310871e-11
9.5028194e-13
1.402285e-11
8.5075462e-13
1.3763787e-11
7.626867e-13
1.3530576e-11
6.8451753e-13
1.3320493e-11
6.1494329e-13
1.313114e-11
5.528677e-13
1.2960398e-11
4.9736325e-13
1.2806391e-11
4.4764058e-13
1.2667451e-11
4.0302411e-13
1.2542089e-11
3.6293249e-13
1.2428979e-11
3.2686291e-13
1.2326931e-11
2.943784e-13
1.2234877e-11
2.6509746e-13
1.2151859e-11
2.3868559e-13
1.2077011e-11
2.1484835e-13
1.2009556e-11
1.9332557e-13
1.1948789e-11
1.7388658e-13
1.1894075e-11
1.5632622e-13
1.1844839e-11
1.4046147e-13
1.1800559e-11
1.2612866e-13
1.1760763e-11
1.1318103e-13
1.1725023e-11
1.0148672e-13
1.1692952e-11
9.092704e-14
1.1664196e-11
8.1394945e-14
1.1638437e-11
7.2793761e-14
1.1615384e-11
6.503606e-14
1.1594774e-11
5.8042688e-14
1.1576368e-11
5.1741913e-14
1.1559949e-11
4.6068674e-14
1.1545321e-11
4.0963924e-14
1.1532306e-11
3.6374046e-14
1.1520741e-11
3.2250332e-14
1.1510481e-11
2.8548526e-14
1.1501392e-11
2.5228404e-14
1.1493354e-11
2.2253409e-14
1.1486259e-11
1.9590316e-14
1.1480008e-11
1.720893e-14
1.1474513e-11
1.5081817e-14
1.1469692e-11
1.3184056e-14
1.1465475e-11
1.1493017e-14
1.1461794e-11
9.9881585e-15
1.1458593e-11
8.6508412e-15
1.1455816e-11
7.4641625e-15
1.1453418e-11
6.4128015e-15
1.1451355e-11
5.4828796e-15
1.1449587e-11
4.6618327e-15
1.1448082e-11
3.9382942e-15
1.1446808e-11
3.3019886e-15
1.1445738e-11
2.7436335e-15
1.1444846e-11
2.2548505e-15
1.144411e-11
1.8280831e-15
1.1443511e-11
1.4565227e-15
1.1443031e-11
1.1340394e-15
1.1442655e-11
8.5512022e-16
1.1442369e-11
6.1481148e-16
1.144216e-11
4.0866693e-16
1.1442018e-11
2.3269991e-16
1.1441932e-11
8.3339851e-17
1.1441895e-11
-4.2607413e-17
1.1441899e-11
-1.479959e-16
1.1441937e-11
-2.3537248e-16
1.1442004e-11
-3.0700695e-16
1.1442094e-11
-3.6491942e-16
1.1442204e-11
-4.1090517e-16
1.1442328e-11
-4.4655733e-16
1.1442465e-11
-4.732874e-16
1.144261e-11
-4.923439e-16
1.1442763e-11
-5.0482927e-16
1.1442919e-11
-5.1171522e-16
1.1443078e-11
-5.1385653e-16
1.1443239e-11
-5.1200361e-16
1.1443399e-11
-5.0681383e-16
1.1443558e-11
-4.9886167e-16
1.1443714e-11
-4.8864798e-16
1.1443868e-11
-4.766082e-16
1.1444018e-11
-4.6311985e-16
1.1444164e-11
-4.4850917e-16
1.1444305e-11
-4.3305714e-16
1.1444442e-11
-4.170048e-16
1.1444574e-11
-4.0055812e-16
1.1444701e-11
-3.838922e-16
1.1444822e-11
-3.6715513e-16
1.1444938e-11
-3.5047138e-16
1.144505e-11
-3.3394481e-16
1.1445156e-11
-3.1766136e-16
1.1445256e-11
-3.0169138e-16
1.1445352e-11
-2.8609179e-16
1.1445443e-11
-2.7090783e-16
1.1445529e-11
-2.561748e-16
1.1445611e-11
-2.4191936e-16
1.1445688e-11
-2.2816089e-16
1.144576e-11
-2.1491248e-16
1.1445829e-11
-2.0218199e-16
1.1445893e-11
-1.8997276e-16
1.1445953e-11
-1.7828444e-16
1.144601e-11
-1.671135e-16
1.1446063e-11
-1.5645389e-16
1.1446113e-11
-1.4629736e-16
1.144616e-11
-1.3663399e-16
1.1446203e-11
-1.2745242e-16
1.1446244e-11
-1.1874022e-16
1.1446281e-11
-1.1048407e-16
1.1446316e-11
-1.0267002e-16
1.1446349e-11
-9.5283631e-17
1.1446379e-11
-8.8310149e-17
1.1446407e-11
-8.17346e-17
1.1446433e-11
-7.5541931e-17
1.1446457e-11
-6.971706e-17
1.144648e-11
-6.4244986e-17
1.14465e-11
-5.9110814e-17
1.1446519e-11
-5.4299843e-17
1.1446536e-11
-4.9797572e-17
1.1446552e-11
-4.5589766e-17
1.1446566e-11
-4.1662461e-17
1.1446579e-11
-3.800201e-17
1.1446591e-11
-3.459508e-17
1.1446602e-11
-3.1428693e-17
1.1446612e-11
-2.8490213e-17
1.1446621e-11
-2.5767386e-17
1.1446629e-11
-2.3248318e-17
1.1446636e-11
-2.0921512e-17
1.1446643e-11
-1.8775846e-17
1.1446649e-11
-1.6800602e-17
1.1446654e-11
-1.4985442e-17
1.1446659e-11
-1.3320436e-17
1.1446663e-11
-1.1796033e-17
1.1446667e-11
-1.0403091e-17
1.144667e-11
-9.1328431e-18
1.1446673e-11
-7.9769194e-18
1.1446675e-11
-6.9273203e-18
1.1446677e-11
-5.9764319e-18
1.1446679e-11
-5.1169959e-18
1.1446681e-11
-4.3421239e-18
1.1446682e-11
-3.6452652e-18
1.1446683e-11
-3.0202185e-18
1.1446684e-11
-2.461097e-18
1.1446685e-11
-1.9623387e-18
1.1446686e-11
-1.5186681e-18
1.1446686e-11
-1.1251048e-18
1.1446686e-11
-7.769219e-19
1.1446686e-11
-4.6965318e-19
1.1446687e-11
-1.9904824e-19
1.1446687e-11
3.8922903e-20
1.1446687e-11
2.4811742e-19
1.1446686e-11
4.3221714e-19
1.1446686e-11
5.9477965e-19
1.1446686e-11
7.3923724e-19
1.1446686e-11
8.6895149e-19
1.1446685e-11
9.8721318e-19
1.1446685e-11
1.0972993e-18
1.1446685e-11
1.2024724e-18
1.1446684e-11
1.3060388e-18
1.1446684e-11
1.4113441e-18
1.1446683e-11
1.5218284e-18
1.1446683e-11
1.6410133e-18
1.1446682e-11
1.7725464e-18
1.1446681e-11
1.9201701e-18
1.1446681e-11
2.0877436e-18
1.144668e-11
2.2791774e-18
1.1446679e-11
2.4984126e-18
1.1446678e-11
2.7492975e-18
1.1446677e-11
3.0354956e-18
1.1446676e-11
3.3602711e-18
1.1446675e-11
3.7262913e-18
1.1446673e-11
4.1352851e-18
1.1446672e-11
4.5877106e-18
1.144667e-11
5.082278e-18
1.1446668e-11
5.6155048e-18
1.1446666e-11
6.1811959e-18
1.1446663e-11
6.7701016e-18
1.1446661e-11
7.3697708e-18
1.1446658e-11
7.9650377e-18
1.1446655e-11
8.5395826e-18
1.1446652e-11
9.079826e-18
1.1446649e-11
9.5804829e-18
1.1446645e-11
1.0048909e-17
1.1446642e-11
1.052157e-17
1.1355207e-17
3.3617613e-11
4.5871247e-12
3.4893832e-11
1.0281523e-11
3.5442345e-11
1.2902941e-11
3.5134921e-11
1.3413862e-11
3.4173917e-11
1.2741619e-11
3.2822963e-11
1.1537857e-11
3.1296619e-11
1.0183868e-11
2.9738398e-11
8.8732821e-12
2.8232743e-11
7.6889948e-12
2.6823411e-11
6.6552516e-12
2.5528853e-11
5.7683757e-12
2.4352909e-11
5.0132971e-12
2.3291586e-11
4.3717623e-12
2.2337091e-11
3.8260565e-12
2.1480142e-11
3.3604553e-12
2.0711221e-11
2.9615931e-12
2.0021215e-11
2.6183581e-12
1.9401713e-11
2.3216136e-12
1.884511e-11
2.0638795e-12
1.8344611e-11
1.8390358e-12
1.7894183e-11
1.6420656e-12
1.748849e-11
1.4688425e-12
1.7122814e-11
1.3159577e-12
1.6792988e-11
1.1805815e-12
1.6495321e-11
1.0603529e-12
1.6226548e-11
9.5329099e-13
1.5983766e-11
8.5772506e-13
1.5764395e-11
7.7223838e-13
1.5566135e-11
6.9562325e-13
1.5386931e-11
6.2684484e-13
1.5224943e-11
5.6501201e-13
1.5078522e-11
5.0935372e-13
1.4946185e-11
4.5919972e-13
1.4826599e-11
4.1396484e-13
1.471856e-11
3.7313609e-13
1.4620984e-11
3.3626194e-13
1.4532889e-11
3.0294357e-13
1.4453387e-11
2.7282744e-13
1.4381674e-11
2.455992e-13
1.4317022e-11
2.2097848e-13
1.4258769e-11
1.987146e-13
1.4206315e-11
1.7858282e-13
1.4159114e-11
1.6038125e-13
1.4116673e-11
1.4392812e-13
1.407854e-11
1.2905953e-13
1.4044308e-11
1.1562743e-13
1.4013604e-11
1.034979e-13
1.398609e-11
9.2549664e-14
1.396146e-11
8.2672782e-14
1.3939435e-11
7.3767501e-14
1.391976e-11
6.5743242e-14
1.3902206e-11
5.8517712e-14
1.3886564e-11
5.2016113e-14
1.3872644e-11
4.6170432e-14
1.3860274e-11
4.0918813e-14
1.3849297e-11
3.6204996e-14
1.3839573e-11
3.1977803e-14
1.3830972e-11
2.8190687e-14
1.382338e-11
2.4801315e-14
1.3816691e-11
2.1771197e-14
1.3810809e-11
1.9065343e-14
1.380565e-11
1.6651961e-14
1.3801136e-11
1.4502171e-14
1.3797197e-11
1.2589754e-14
1.3793771e-11
1.0890915e-14
1.3790799e-11
9.3840732e-15
1.3788233e-11
8.0496679e-15
1.3786024e-11
6.8699788e-15
1.3784134e-11
5.828965e-15
1.3782524e-11
4.9121155e-15
1.3781161e-11
4.1063137e-15
1.3780016e-11
3.3997123e-15
1.3779063e-11
2.7816197e-15
1.3778277e-11
2.2423952e-15
1.3777637e-11
1.7733537e-15
1.3777126e-11
1.3666782e-15
1.3776725e-11
1.01534e-15
1.3776421e-11
7.1302533e-16
1.37762e-11
4.5406885e-16
1.377605e-11
2.3339238e-16
1.3775961e-11
4.6449259e-17
1.3775923e-11
-1.1082648e-16
1.377593e-11
-2.4206651e-16
1.3775974e-11
-3.5051051e-16
1.3776048e-11
-4.3904457e-16
1.3776147e-11
-5.102363e-16
1.3776267e-11
-5.6636665e-16
1.3776403e-11
-6.0945886e-16
1.3776552e-11
-6.4130476e-16
1.3776711e-11
-6.6348858e-16
1.3776876e-11
-6.774086e-16
1.3777047e-11
-6.8429666e-16
1.377722e-11
-6.8523593e-16
1.3777394e-11
-6.8117683e-16
1.3777568e-11
-6.7295152e-16
1.3777741e-11
-6.612869e-16
1.3777911e-11
-6.4681634e-16
1.3778078e-11
-6.3009021e-16
1.3778241e-11
-6.1158539e-16
1.37784e-11
-5.9171374e-16
1.3778554e-11
-5.7082975e-16
1.3778702e-11
-5.4923734e-16
1.3778846e-11
-5.2719597e-16
1.3778984e-11
-5.0492606e-16
1.3779116e-11
-4.8261385e-16
1.3779242e-11
-4.604157e-16
1.3779363e-11
-4.3846191e-16
1.3779478e-11
-4.1686012e-16
1.3779588e-11
-3.9569829e-16
1.3779692e-11
-3.7504738e-16
1.3779791e-11
-3.5496364e-16
1.3779884e-11
-3.3549069e-16
1.3779973e-11
-3.1666132e-16
1.3780056e-11
-2.9849904e-16
1.3780135e-11
-2.810195e-16
1.3780209e-11
-2.6423163e-16
1.3780279e-11
-2.4813875e-16
1.3780345e-11
-2.3273942e-16
1.3780406e-11
-2.1802825e-16
1.3780464e-11
-2.0399657e-16
1.3780518e-11
-1.90633e-16
1.3780569e-11
-1.7792397e-16
1.3780616e-11
-1.6585413e-16
1.378066e-11
-1.5440673e-16
1.3780701e-11
-1.435639e-16
1.3780739e-11
-1.3330697e-16
1.3780774e-11
-1.2361661e-16
1.3780807e-11
-1.1447312e-16
1.3780837e-11
-1.0585652e-16
1.3780865e-11
-9.7746691e-17
1.3780891e-11
-9.012352e-17
1.3780915e-11
-8.2966973e-17
1.3780937e-11
-7.6257176e-17
1.3780957e-11
-6.9974495e-17
1.3780975e-11
-6.4099575e-17
1.3780992e-11
-5.8613404e-17
1.3781008e-11
-5.3497339e-17
1.3781022e-11
-4.8733153e-17
1.3781035e-11
-4.4303046e-17
1.3781047e-11
-4.0189689e-17
1.3781057e-11
-3.637622e-17
1.3781067e-11
-3.2846282e-17
1.3781075e-11
-2.9584016e-17
1.3781083e-11
-2.6574089e-17
1.378109e-11
-2.3801682e-17
1.3781096e-11
-2.1252517e-17
1.3781102e-11
-1.891284e-17
1.3781107e-11
-1.6769436e-17
1.3781111e-11
-1.4809621e-17
1.3781115e-11
-1.3021244e-17
1.3781119e-11
-1.1392678e-17
1.3781122e-11
-9.9128213e-18
1.3781124e-11
-8.571079e-18
1.3781127e-11
-7.3573663e-18
1.3781128e-11
-6.2620846e-18
1.378113e-11
-5.2761211e-18
1.3781131e-11
-4.3908223e-18
1.3781133e-11
-3.5979899e-18
1.3781134e-11
-2.8898505e-18
1.3781134e-11
-2.259049e-18
1.3781135e-11
-1.6986143e-18
1.3781135e-11
-1.2019491e-18
1.3781136e-11
-7.6279223e-19
1.3781136e-11
-3.7520558e-19
1.3781136e-11
-3.3531742e-20
1.3781136e-11
2.6762201e-19
1.3781136e-11
5.3342985e-19
1.3781136e-11
7.6886656e-19
1.3781135e-11
9.7875746e-19
1.3781135e-11
1.1678001e-18
1.3781135e-11
1.3406172e-18
1.3781134e-11
1.5017792e-18
1.3781134e-11
1.6558589e-18
1.3781133e-11
1.8074519e-18
1.3781133e-11
1.9612283e-18
1.3781132e-11
2.1219471e-18
1.3781131e-11
2.2944967e-18
1.3781131e-11
2.483893e-18
1.378113e-11
2.6952976e-18
1.3781129e-11
2.9339818e-18
1.3781128e-11
3.2053029e-18
1.3781127e-11
3.5146085e-18
1.3781126e-11
3.8671396e-18
1.3781125e-11
4.2678409e-18
1.3781123e-11
4.7211486e-18
1.3781122e-11
5.2306639e-18
1.378112e-11
5.7987848e-18
1.3781118e-11
6.4262091e-18
1.3781116e-11
7.1113996e-18
1.3781114e-11
7.8499492e-18
1.3781112e-11
8.6339876e-18
1.3781109e-11
9.4516495e-18
1.3781106e-11
1.0286867e-17
1.3781103e-11
1.1119697e-17
1.37811e-11
1.1927739e-17
1.3781096e-11
1.2689488e-17
1.3781092e-11
1.3389117e-17
1.3781088e-11
1.4020718e-17
1.3781084e-11
1.4595936e-17
1.5398822e-17
3.3356606e-11
3.7702499e-12
3.4581028e-11
9.0571011e-12
3.5444602e-11
1.2039367e-11
3.5675545e-11
1.3182919e-11
3.5305256e-11
1.3111908e-11
3.4487865e-11
1.2355248e-11
3.3391823e-11
1.1279909e-11
3.2154844e-11
1.0110262e-11
3.0874573e-11
8.9692655e-12
2.9613876e-11
7.9159486e-12
2.840982e-11
6.9724316e-12
2.7281942e-11
6.1411749e-12
2.6238554e-11
5.4151507e-12
2.5281125e-11
4.7834857e-12
2.440717e-11
4.23441e-12
2.3612082e-11
3.7566812e-12
2.2890256e-11
3.3401844e-12
2.2235763e-11
2.9761059e-12
2.1642741e-11
2.6569014e-12
2.1105602e-11
2.3761751e-12
2.0619137e-11
2.1285302e-12
2.017856e-11
1.9094199e-12
1.9779507e-11
1.7150109e-12
1.9418023e-11
1.5420658e-12
1.9090533e-11
1.3878424e-12
1.8793814e-11
1.2500103e-12
1.8524958e-11
1.1265809e-12
1.8281345e-11
1.0158511e-12
1.8060613e-11
9.1635574e-13
1.7860628e-11
8.2682932e-13
1.7679466e-11
7.4617413e-13
1.7515386e-11
6.7343413e-13
1.7366812e-11
6.0777337e-13
1.7232319e-11
5.4845807e-13
1.7110613e-11
4.9484181e-13
1.7000522e-11
4.463531e-13
1.6900981e-11
4.0248507e-13
1.6811021e-11
3.6278678e-13
1.6729765e-11
3.2685587e-13
1.6656411e-11
2.9433241e-13
1.6590232e-11
2.6489362e-13
1.6530565e-11
2.382494e-13
1.6476808e-11
2.1413851e-13
1.6428411e-11
1.9232524e-13
1.6384874e-11
1.7259662e-13
1.6345741e-11
1.5475989e-13
1.6310598e-11
1.3864044e-13
1.6279068e-11
1.2407987e-13
1.6250807e-11
1.1093438e-13
1.6225501e-11
9.9073303e-14
1.6202866e-11
8.8377873e-14
1.6182644e-11
7.8740041e-14
1.6164599e-11
7.0061496e-14
1.6148516e-11
6.2252755e-14
1.6134203e-11
5.523236e-14
1.6121482e-11
4.8926149e-14
1.6110193e-11
4.3266607e-14
1.6100191e-11
3.8192276e-14
1.6091345e-11
3.364722e-14
1.6083536e-11
2.9580539e-14
1.6076655e-11
2.5945935e-14
1.6070606e-11
2.2701305e-14
1.60653e-11
1.9808382e-14
1.6060657e-11
1.7232398e-14
1.6056606e-11
1.4941782e-14
1.6053082e-11
1.290788e-14
1.6050027e-11
1.1104706e-14
1.6047389e-11
9.5087026e-15
1.6045119e-11
8.0985316e-15
1.6043176e-11
6.8548787e-15
1.6041522e-11
5.760274e-15
1.6040123e-11
4.7989283e-15
1.6038948e-11
3.9565833e-15
1.603797e-11
3.2203739e-15
1.6037165e-11
2.5787024e-15
1.603651e-11
2.0211235e-15
1.6035988e-11
1.5382383e-15
1.6035579e-11
1.1215982e-15
1.6035269e-11
7.636166e-16
1.6035045e-11
4.5748802e-16
1.6034895e-11
1.9711451e-16
1.6034807e-11
-2.2961607e-17
1.6034772e-11
-2.0761923e-16
1.6034783e-11
-3.6121443e-16
1.6034832e-11
-4.8763147e-16
1.6034912e-11
-5.9032931e-16
1.6035018e-11
-6.7238386e-16
1.6035145e-11
-7.3652642e-16
1.6035289e-11
-7.8517861e-16
1.6035446e-11
-8.2048407e-16
1.6035613e-11
-8.4433719e-16
1.6035787e-11
-8.5840917e-16
1.6035966e-11
-8.6417158e-16
1.6036147e-11
-8.6291767e-16
1.603633e-11
-8.5578164e-16
1.6036513e-11
-8.4375598e-16
1.6036694e-11
-8.2770717e-16
1.6036872e-11
-8.0838973e-16
1.6037047e-11
-7.8645893e-16
1.6037218e-11
-7.6248215e-16
1.6037384e-11
-7.3694907e-16
1.6037545e-11
-7.1028084e-16
1.60377e-11
-6.8283827e-16
1.603785e-11
-6.5492906e-16
1.6037995e-11
-6.2681439e-16
1.6038133e-11
-5.9871465e-16
1.6038265e-11
-5.7081463e-16
1.6038392e-11
-5.4326808e-16
1.6038512e-11
-5.1620175e-16
1.6038627e-11
-4.8971896e-16
1.6038736e-11
-4.6390277e-16
1.6038839e-11
-4.3881876e-16
1.6038937e-11
-4.1451747e-16
1.6039029e-11
-3.9103654e-16
1.6039117e-11
-3.6840257e-16
1.6039199e-11
-3.4663279e-16
1.6039277e-11
-3.2573646e-16
1.603935e-11
-3.0571611e-16
1.6039418e-11
-2.8656863e-16
1.6039483e-11
-2.6828618e-16
1.6039543e-11
-2.5085703e-16
1.6039599e-11
-2.342662e-16
1.6039652e-11
-2.1849608e-16
1.6039701e-11
-2.0352696e-16
1.6039747e-11
-1.8933741e-16
1.6039789e-11
-1.7590472e-16
1.6039829e-11
-1.6320515e-16
1.6039866e-11
-1.5121426e-16
1.60399e-11
-1.3990708e-16
1.6039931e-11
-1.2925836e-16
1.603996e-11
-1.1924269e-16
1.6039987e-11
-1.0983465e-16
1.6040012e-11
-1.0100896e-16
1.6040035e-11
-9.2740531e-17
1.6040056e-11
-8.5004573e-17
1.6040075e-11
-7.7776668e-17
1.6040092e-11
-7.1032828e-17
1.6040108e-11
-6.4749537e-17
1.6040123e-11
-5.8903806e-17
1.6040136e-11
-5.3473198e-17
1.6040148e-11
-4.8435867e-17
1.6040159e-11
-4.3770578e-17
1.6040169e-11
-3.9456727e-17
1.6040178e-11
-3.5474362e-17
1.6040186e-11
-3.1804191e-17
1.6040193e-11
-2.8427594e-17
1.60402e-11
-2.5326632e-17
1.6040205e-11
-2.2484045e-17
1.604021e-11
-1.9883258e-17
1.6040215e-11
-1.7508378e-17
1.6040219e-11
-1.534419e-17
1.6040222e-11
-1.3376149e-17
1.6040225e-11
-1.1590375e-17
1.6040228e-11
-9.9736356e-18
1.604023e-11
-8.5133399e-18
1.6040232e-11
-7.1975157e-18
1.6040234e-11
-6.0147972e-18
1.6040235e-11
-4.9543991e-18
1.6040236e-11
-4.0060992e-18
1.6040237e-11
-3.1602083e-18
1.6040238e-11
-2.407548e-18
1.6040238e-11
-1.7394159e-18
1.6040239e-11
-1.1475591e-18
1.6040239e-11
-6.2413445e-19
1.6040239e-11
-1.6167793e-19
1.6040239e-11
2.469404e-19
1.6040239e-11
6.0855107e-19
1.6040239e-11
9.2973466e-19
1.6040239e-11
1.2168605e-18
1.6040238e-11
1.4761402e-18
1.6040238e-11
1.7136687e-18
1.6040237e-11
1.9354797e-18
1.6040237e-11
2.1475876e-18
1.6040236e-11
2.3560405e-18
1.6040236e-11
2.5669576e-18
1.6040235e-11
2.7865739e-18
1.6040234e-11
3.0212627e-18
1.6040234e-11
3.2775603e-18
1.6040233e-11
3.5621578e-18
1.6040232e-11
3.8818859e-18
1.6040231e-11
4.2436507e-18
1.604023e-11
4.6543475e-18
1.6040228e-11
5.1207045e-18
1.6040227e-11
5.6490823e-18
1.6040225e-11
6.2451777e-18
1.6040224e-11
6.9136591e-18
1.6040222e-11
7.6576814e-18
1.604022e-11
8.4783184e-18
1.6040218e-11
9.3738763e-18
1.6040215e-11
1.0339154e-17
1.6040212e-11
1.1364665e-17
1.6040209e-11
1.2435966e-17
1.6040206e-11
1.3533219e-17
1.6040203e-11
1.4631268e-17
1.6040199e-11
1.5700658e-17
1.6040195e-11
1.6710276e-17
1.6040191e-11
1.7631016e-17
1.6040186e-11
1.843835e-17
1.6040182e-11
1.9118814e-17
1.9875502e-17
3.316208e-11
3.1479012e-12
3.4260215e-11
7.9589664e-12
3.5240996e-11
1.1058587e-11
3.5798653e-11
1.2625262e-11
3.5862357e-11
1.3048204e-11
3.5494027e-11
1.2723577e-11
3.4804804e-11
1.1969132e-11
3.3906998e-11
1.1008068e-11
3.289366e-11
9.9826038e-12
3.1833889e-11
8.9757195e-12
3.0775232e-11
8.031088e-12
2.9748324e-11
7.1680835e-12
2.8771507e-11
6.3919674e-12
2.785464e-11
5.7003531e-12
2.7001943e-11
5.0871068e-12
2.6214025e-11
4.5445989e-12
2.548927e-11
4.0649398e-12
2.4824762e-11
3.6406141e-12
2.4216894e-11
3.2647687e-12
2.366176e-11
2.9313095e-12
2.3155392e-11
2.6348976e-12
2.2693917e-11
2.3708956e-12
2.2273633e-11
2.1352944e-12
2.1891064e-11
1.924635e-12
2.1542972e-11
1.735934e-12
2.1226367e-11
1.5666158e-12
2.0938495e-11
1.4144526e-12
2.0676833e-11
1.277513e-12
2.0439071e-11
1.1541178e-12
2.0223098e-11
1.0428026e-12
2.0026985e-11
9.422866e-13
1.9848974e-11
8.5144551e-13
1.9687458e-11
7.6928953e-13
1.9540971e-11
6.9494443e-13
1.9408178e-11
6.2763564e-13
1.9287856e-11
5.6667487e-13
1.9178892e-11
5.1144882e-13
1.9080269e-11
4.6140948e-13
1.8991059e-11
4.1606602e-13
1.8910414e-11
3.7497779e-13
1.8837559e-11
3.3774835e-13
1.8771788e-11
3.0402033e-13
1.8712456e-11
2.7347105e-13
1.8658972e-11
2.4580865e-13
1.86108e-11
2.207688e-13
1.8567448e-11
1.9811181e-13
1.8528469e-11
1.7762009e-13
1.8493452e-11
1.5909591e-13
1.8462027e-11
1.423595e-13
1.8433853e-11
1.2724727e-13
1.8408621e-11
1.1361029e-13
1.8386048e-11
1.0131292e-13
1.8365878e-11
9.023159e-14
1.8347877e-11
8.0253703e-14
1.8331833e-11
7.1276655e-14
1.8317552e-11
6.3206943e-14
1.8304859e-11
5.5959365e-14
1.8293595e-11
4.9456295e-14
1.8283615e-11
4.3627025e-14
1.8274789e-11
3.8407163e-14
1.8266997e-11
3.3738094e-14
1.8260131e-11
2.9566477e-14
1.8254096e-11
2.5843794e-14
1.8248802e-11
2.2525939e-14
1.8244171e-11
1.9572829e-14
1.8240131e-11
1.6948069e-14
1.8236617e-11
1.4618623e-14
1.8233571e-11
1.2554529e-14
1.8230941e-11
1.072863e-14
1.822868e-11
9.1163292e-15
1.8226745e-11
7.6953646e-15
1.8225098e-11
6.4456038e-15
1.8223706e-11
5.3488547e-15
1.8222538e-11
4.3886928e-15
1.8221566e-11
3.5503018e-15
1.8220767e-11
2.8203289e-15
1.8220118e-11
2.1867513e-15
1.8219601e-11
1.6387541e-15
1.8219198e-11
1.1666192e-15
1.8218894e-11
7.6162261e-16
1.8218675e-11
4.159417e-16
1.821853e-11
1.2256969e-16
1.8218447e-11
-1.2476206e-16
1.8218417e-11
-3.3165514e-16
1.8218433e-11
-5.0310873e-16
1.8218486e-11
-6.4357867e-16
1.8218571e-11
-7.5703109e-16
1.8218681e-11
-8.4699131e-16
1.8218812e-11
-9.1658819e-16
1.8218961e-11
-9.685945e-16
1.8219122e-11
-1.0054635e-15
1.8219293e-11
-1.0293621e-15
1.8219471e-11
-1.0422008e-15
1.8219653e-11
-1.0456611e-15
1.8219839e-11
-1.0412199e-15
1.8220025e-11
-1.0301716e-15
1.8220211e-11
-1.0136483e-15
1.8220395e-11
-9.9263772e-16
1.8220577e-11
-9.679994e-16
1.8220755e-11
-9.4047926e-16
1.8220929e-11
-9.1072272e-16
1.8221098e-11
-8.7928637e-16
1.8221262e-11
-8.4664851e-16
1.822142e-11
-8.1321848e-16
1.8221572e-11
-7.7934504e-16
1.8221719e-11
-7.4532384e-16
1.822186e-11
-7.1140402e-16
1.8221994e-11
-6.7779415e-16
1.8222123e-11
-6.4466738e-16
1.8222245e-11
-6.1216613e-16
1.8222362e-11
-5.8040613e-16
1.8222472e-11
-5.4948005e-16
1.8222577e-11
-5.1946064e-16
1.8222677e-11
-4.9040353e-16
1.822277e-11
-4.6234966e-16
1.8222859e-11
-4.3532743e-16
1.8222943e-11
-4.0935456e-16
1.8223021e-11
-3.8443966e-16
1.8223096e-11
-3.6058374e-16
1.8223165e-11
-3.3778133e-16
1.822323e-11
-3.160216e-16
1.8223291e-11
-2.9528926e-16
1.8223348e-11
-2.7556533e-16
1.8223402e-11
-2.5682783e-16
1.8223451e-11
-2.3905238e-16
1.8223498e-11
-2.2221266e-16
1.8223541e-11
-2.0628084e-16
1.8223581e-11
-1.9122798e-16
1.8223618e-11
-1.770243e-16
1.8223652e-11
-1.6363946e-16
1.8223684e-11
-1.5104279e-16
1.8223713e-11
-1.3920348e-16
1.822374e-11
-1.2809071e-16
1.8223765e-11
-1.1767384e-16
1.8223788e-11
-1.079225e-16
1.8223809e-11
-9.880668e-17
1.8223829e-11
-9.0296833e-17
1.8223846e-11
-8.2363944e-17
1.8223862e-11
-7.4979586e-17
1.8223877e-11
-6.8115975e-17
1.822389e-11
-6.1746014e-17
1.8223902e-11
-5.5843328e-17
1.8223913e-11
-5.0382297e-17
1.8223923e-11
-4.5338081e-17
1.8223932e-11
-4.0686636e-17
1.822394e-11
-3.6404736e-17
1.8223947e-11
-3.2469979e-17
1.8223953e-11
-2.8860798e-17
1.8223959e-11
-2.5556462e-17
1.8223964e-11
-2.2537079e-17
1.8223969e-11
-1.9783591e-17
1.8223972e-11
-1.7277768e-17
1.8223976e-11
-1.5002199e-17
1.8223979e-11
-1.2940278e-17
1.8223981e-11
-1.107619e-17
1.8223984e-11
-9.39489e-18
1.8223985e-11
-7.8820837e-18
1.8223987e-11
-6.5242015e-18
1.8223988e-11
-5.3083697e-18
1.8223989e-11
-4.2223829e-18
1.822399e-11
-3.2546672e-18
1.8223991e-11
-2.3942471e-18
1.8223991e-11
-1.6307031e-18
1.8223992e-11
-9.5413263e-19
1.8223992e-11
-3.551024e-19
1.8223992e-11
1.7539683e-19
1.8223992e-11
6.4600345e-19
1.8223992e-11
1.065035e-18
1.8223992e-11
1.4405464e-18
1.8223991e-11
1.7803845e-18
1.8223991e-11
2.0922496e-18
1.822399e-11
2.383751e-18
1.822399e-11
2.6624699e-18
1.8223989e-11
2.9360113e-18
1.8223989e-11
3.2120611e-18
1.8223988e-11
3.4984271e-18
1.8223987e-11
3.8030781e-18
1.8223986e-11
4.1341599e-18
1.8223985e-11
4.4999976e-18
1.8223984e-11
4.9090626e-18
1.8223983e-11
5.3699099e-18
1.8223982e-11
5.8910586e-18
1.8223981e-11
6.4808225e-18
1.8223979e-11
7.1470563e-18
1.8223978e-11
7.8968228e-18
1.8223976e-11
8.7359473e-18
1.8223974e-11
9.6684664e-18
1.8223971e-11
1.0695945e-17
1.8223969e-11
1.1816683e-17
1.8223966e-11
1.3024818e-17
1.8223963e-11
1.4309386e-17
1.822396e-11
1.5653424e-17
1.8223957e-11
1.703326e-17
1.8223953e-11
1.8418209e-17
1.8223949e-11
1.977101e-17
1.8223945e-11
2.1049493e-17
1.822394e-11
2.2209042e-17
1.8223935e-11
2.3205073e-17
1.822393e-11
2.3994247e-17
2.469674e-17
3.302128e-11
2.666353e-12
3.3977923e-11
7.0023229e-12
3.4967114e-11
1.0069396e-11
3.5702171e-11
1.1890205e-11
3.6062377e-11
1.2687998e-11
3.6044472e-11
1.2741482e-11
3.5707124e-11
1.230648e-11
3.5130223e-11
1.1584969e-11
3.4391616e-11
1.0721211e-11
3.3556776e-11
9.810559e-12
3.2676163e-11
8.9117014e-12
3.1786319e-11
8.0579272e-12
3.0912365e-11
7.265921e-12
3.0070674e-11
6.5420442e-12
2.9271217e-11
5.8865642e-12
2.8519435e-11
5.296381e-12
2.7817653e-11
4.766722e-12
2.7166107e-11
4.2921594e-12
2.656368e-11
3.8671956e-12
2.6008409e-11
3.4865808e-12
2.5497839e-11
3.1454679e-12
2.5029262e-11
2.8394729e-12
2.4599876e-11
2.5646803e-12
2.420689e-11
2.3176209e-12
2.384759e-11
2.0952343e-12
2.3519378e-11
1.8948275e-12
2.3219798e-11
1.7140327e-12
2.2946544e-11
1.5507671e-12
2.2697464e-11
1.4031971e-12
2.2470561e-11
1.2697057e-12
2.2263984e-11
1.1488642e-12
2.2076022e-11
1.0394076e-12
2.1905098e-11
9.4021314e-13
2.1749761e-11
8.5028194e-13
2.1608673e-11
7.6872327e-13
2.1480607e-11
6.9474095e-13
2.1364434e-11
6.2762167e-13
2.1259118e-11
5.6672505e-13
2.116371e-11
5.1147492e-13
2.1077335e-11
4.6135199e-13
2.0999196e-11
4.158873e-13
2.092856e-11
3.7465676e-13
2.0864755e-11
3.3727624e-13
2.0807166e-11
3.0339733e-13
2.0755231e-11
2.7270373e-13
2.0708435e-11
2.449079e-13
2.0666307e-11
2.1974831e-13
2.0628416e-11
1.9698682e-13
2.0594369e-11
1.7640653e-13
2.0563806e-11
1.5780974e-13
2.0536401e-11
1.4101621e-13
2.0511852e-11
1.2586152e-13
2.0489888e-11
1.1219573e-13
2.047026e-11
9.9882037e-14
2.0452741e-11
8.8795629e-14
2.0437125e-11
7.8822659e-14
2.0423225e-11
6.9859283e-14
2.041087e-11
6.1810804e-14
2.0399907e-11
5.4590889e-14
2.0390193e-11
4.8120855e-14
2.0381602e-11
4.2329021e-14
2.0374018e-11
3.7150108e-14
2.0367337e-11
3.2524697e-14
2.0361465e-11
2.8398731e-14
2.0356314e-11
2.4723059e-14
2.0351809e-11
2.1453015e-14
2.034788e-11
1.8548034e-14
2.0344463e-11
1.5971303e-14
2.0341502e-11
1.3689433e-14
2.0338947e-11
1.1672164e-14
2.033675e-11
9.8920927e-15
2.0334871e-11
8.3244218e-15
2.0333273e-11
6.9467304e-15
2.0331923e-11
5.7387631e-15
2.0330791e-11
4.6822373e-15
2.0329851e-11
3.7606651e-15
2.0329078e-11
2.9591916e-15
2.0328453e-11
2.2644458e-15
2.0327955e-11
1.6644044e-15
2.0327568e-11
1.1482668e-15
2.0327278e-11
7.0634134e-16
2.0327071e-11
3.2994089e-16
2.0326934e-11
1.128755e-17
2.0326859e-11
-2.5657433e-16
2.0326836e-11
-4.7985748e-16
2.0326857e-11
-6.6410405e-16
2.0326914e-11
-8.1425149e-16
2.0327002e-11
-9.3469255e-16
2.0327114e-11
-1.0293298e-15
2.0327247e-11
-1.1016252e-15
2.0327397e-11
-1.1546452e-15
2.0327558e-11
-1.1911012e-15
2.0327729e-11
-1.213387e-15
2.0327907e-11
-1.2236121e-15
2.032809e-11
-1.2236316e-15
2.0328275e-11
-1.2150742e-15
2.032846e-11
-1.1993666e-15
2.0328646e-11
-1.1777554e-15
2.0328829e-11
-1.1513277e-15
2.0329009e-11
-1.1210289e-15
2.0329186e-11
-1.0876785e-15
2.0329359e-11
-1.0519854e-15
2.0329527e-11
-1.01456e-15
2.032969e-11
-9.7592673e-16
2.0329847e-11
-9.3653356e-16
2.0329998e-11
-8.9676188e-16
2.0330144e-11
-8.569345e-16
2.0330283e-11
-8.1732301e-16
2.0330417e-11
-7.7815432e-16
2.0330544e-11
-7.3961636e-16
2.0330666e-11
-7.0186326e-16
2.0330781e-11
-6.6501978e-16
2.0330891e-11
-6.2918531e-16
2.0330995e-11
-5.9443737e-16
2.0331094e-11
-5.6083463e-16
2.0331187e-11
-5.2841965e-16
2.0331274e-11
-4.9722117e-16
2.0331357e-11
-4.6725619e-16
2.0331435e-11
-4.3853174e-16
2.0331509e-11
-4.1104644e-16
2.0331577e-11
-3.8479184e-16
2.0331642e-11
-3.5975355e-16
2.0331702e-11
-3.359123e-16
2.0331759e-11
-3.1324477e-16
2.0331811e-11
-2.9172433e-16
2.033186e-11
-2.713217e-16
2.0331906e-11
-2.520055e-16
2.0331949e-11
-2.337427e-16
2.0331988e-11
-2.1649905e-16
2.0332025e-11
-2.0023938e-16
2.0332058e-11
-1.8492797e-16
2.033209e-11
-1.7052871e-16
2.0332119e-11
-1.5700538e-16
2.0332145e-11
-1.4432183e-16
2.033217e-11
-1.3244209e-16
2.0332192e-11
-1.2133055e-16
2.0332213e-11
-1.1095207e-16
2.0332232e-11
-1.0127205e-16
2.0332249e-11
-9.2256527e-17
2.0332265e-11
-8.3872268e-17
2.0332279e-11
-7.60868e-17
2.0332292e-11
-6.8868474e-17
2.0332304e-11
-6.218651e-17
2.0332315e-11
-5.6011026e-17
2.0332324e-11
-5.0313075e-17
2.0332333e-11
-4.5064661e-17
2.0332341e-11
-4.0238759e-17
2.0332348e-11
-3.5809328e-17
2.0332354e-11
-3.1751319e-17
2.033236e-11
-2.8040675e-17
2.0332364e-11
-2.4654333e-17
2.0332369e-11
-2.1570216e-17
2.0332372e-11
-1.8767223e-17
2.0332376e-11
-1.6225217e-17
2.0332379e-11
-1.3925007e-17
2.0332381e-11
-1.1848325e-17
2.0332383e-11
-9.9778026e-18
2.0332385e-11
-8.2969416e-18
2.0332386e-11
-6.7900815e-18
2.0332388e-11
-5.442363e-18
2.0332389e-11
-4.2396897e-18
2.0332389e-11
-3.1686834e-18
2.033239e-11
-2.2166394e-18
2.033239e-11
-1.3714742e-18
2.0332391e-11
-6.2167444e-19
2.0332391e-11
4.3762102e-20
2.0332391e-11
6.3538457e-19
2.0332391e-11
1.1633535e-18
2.0332391e-11
1.6375049e-18
2.033239e-11
2.0674196e-18
2.033239e-11
2.4624904e-18
2.0332389e-11
2.8319941e-18
2.0332389e-11
3.185158e-18
2.0332388e-11
3.5312281e-18
2.0332388e-11
3.8795284e-18
2.0332387e-11
4.2395156e-18
2.0332386e-11
4.6208174e-18
2.0332385e-11
5.0332572e-18
2.0332384e-11
5.4868504e-18
2.0332383e-11
5.9917715e-18
2.0332382e-11
6.5582755e-18
2.0332381e-11
7.1965677e-18
2.0332379e-11
7.9166015e-18
2.0332378e-11
8.7277962e-18
2.0332376e-11
9.6386505e-18
2.0332374e-11
1.0656243e-17
2.0332372e-11
1.1785595e-17
2.0332369e-11
1.3028899e-17
2.0332367e-11
1.4384597e-17
2.0332364e-11
1.5846339e-17
2.0332361e-11
1.7401844e-17
2.0332358e-11
1.9031751e-17
2.0332354e-11
2.070857e-17
2.033235e-11
2.2395894e-17
2.0332346e-11
2.4048157e-17
2.0332341e-11
2.5611241e-17
2.0332336e-11
2.7023766e-17
2.0332331e-11
2.8218487e-17
2.0332326e-11
2.9122264e-17
2.9766691e-17
3.2919496e-11
2.2865887e-12
3.374354e-11
6.1782789e-12
3.4686416e-11
9.1265198e-12
3.550085e-11
1.1075771e-11
3.6049814e-11
1.2139034e-11
3.6289894e-11
1.2501402e-11
3.6238681e-11
1.2357694e-11
3.5944678e-11
1.1878971e-11
3.5466135e-11
1.1199754e-11
3.4858799e-11
1.0417896e-11
3.4170252e-11
9.6002483e-12
3.3438293e-11
8.7898857e-12
3.2691427e-11
8.0127876e-12
3.1950238e-11
7.2832328e-12
3.1228988e-11
6.6078149e-12
3.0537088e-11
5.9882809e-12
2.9880349e-11
5.4234611e-12
2.9261966e-11
4.9105422e-12
2.8683278e-11
4.4458838e-12
2.8144332e-11
4.0255266e-12
2.7644301e-11
3.6454983e-12
2.7181787e-11
3.3019875e-12
2.6755032e-11
2.9914354e-12
2.6362077e-11
2.7105759e-12
2.6000867e-11
2.4564444e-12
2.5669325e-11
2.2263693e-12
2.5365404e-11
2.0179535e-12
2.5087119e-11
1.8290519e-12
2.4832569e-11
1.6577473e-12
2.4599948e-11
1.5023264e-12
2.4387555e-11
1.3612578e-12
2.4193791e-11
1.2331713e-12
2.4017165e-11
1.1168394e-12
2.3856286e-11
1.0111611e-12
2.3709862e-11
9.1514732e-13
2.3576695e-11
8.2790776e-13
2.3455676e-11
7.4864012e-13
2.3345781e-11
6.7662009e-13
2.3246063e-11
6.1119275e-13
2.315565e-11
5.5176515e-13
2.3073738e-11
4.9779964e-13
2.2999587e-11
4.4880819e-13
2.2932516e-11
4.0434723e-13
2.28719e-11
3.6401326e-13
2.2817164e-11
3.2743886e-13
2.2767783e-11
2.9428925e-13
2.2723272e-11
2.6425913e-13
2.2683189e-11
2.3707001e-13
2.2647128e-11
2.1246766e-13
2.2614718e-11
1.9022e-13
2.2585619e-11
1.7011506e-13
2.2559521e-11
1.5195922e-13
2.2536141e-11
1.3557565e-13
2.2515221e-11
1.2080278e-13
2.2496523e-11
1.0749306e-13
2.2479834e-11
9.5511763e-14
2.2464957e-11
8.4735838e-14
2.2451715e-11
7.5052986e-14
2.2439945e-11
6.6360732e-14
2.2429501e-11
5.85656e-14
2.2420247e-11
5.1582361e-14
2.2412064e-11
4.5333341e-14
2.2404841e-11
3.9747789e-14
2.2398478e-11
3.4761291e-14
2.2392886e-11
3.0315237e-14
2.2387983e-11
2.6356333e-14
2.2383695e-11
2.2836149e-14
2.2379955e-11
1.9710701e-14
2.2376705e-11
1.6940077e-14
2.2373889e-11
1.4488081e-14
2.2371459e-11
1.2321914e-14
2.2369372e-11
1.041188e-14
2.2367587e-11
8.7311115e-15
2.2366071e-11
7.2553219e-15
2.236479e-11
5.9625765e-15
2.2363718e-11
4.8330822e-15
2.2362828e-11
3.848995e-15
2.2362098e-11
2.9942432e-15
2.2361508e-11
2.2543658e-15
2.236104e-11
1.6163641e-15
2.2360678e-11
1.0685658e-15
2.2360407e-11
6.0050135e-16
2.2360216e-11
2.0279037e-16
2.2360092e-11
-1.3296222e-16
2.2360027e-11
-4.1426054e-16
2.236001e-11
-6.478041e-16
2.2360036e-11
-8.3956642e-16
2.2360096e-11
-9.9486664e-16
2.2360185e-11
-1.1184347e-15
2.2360298e-11
-1.2144704e-15
2.236043e-11
-1.2866976e-15
2.2360577e-11
-1.3384127e-15
2.2360736e-11
-1.3725288e-15
2.2360904e-11
-1.3916164e-15
2.2361079e-11
-1.3979391e-15
2.2361257e-11
-1.3934866e-15
2.2361438e-11
-1.3800043e-15
2.2361619e-11
-1.3590201e-15
2.23618e-11
-1.3318683e-15
2.2361978e-11
-1.2997116e-15
2.2362154e-11
-1.26356e-15
2.2362326e-11
-1.2242888e-15
2.2362495e-11
-1.1826538e-15
2.2362658e-11
-1.1393059e-15
2.2362816e-11
-1.0948028e-15
2.2362969e-11
-1.0496211e-15
2.2363116e-11
-1.0041656e-15
2.2363258e-11
-9.5877842e-16
2.2363393e-11
-9.1374687e-16
2.2363523e-11
-8.6931042e-16
2.2363647e-11
-8.2566684e-16
2.2363765e-11
-7.8297775e-16
2.2363877e-11
-7.4137337e-16
2.2363983e-11
-7.0095682e-16
2.2364084e-11
-6.6180782e-16
2.236418e-11
-6.23986e-16
2.236427e-11
-5.8753372e-16
2.2364356e-11
-5.5247863e-16
2.2364436e-11
-5.1883581e-16
2.2364511e-11
-4.8660973e-16
2.2364582e-11
-4.5579584e-16
2.2364649e-11
-4.2638205e-16
2.2364711e-11
-3.9834995e-16
2.236477e-11
-3.7167591e-16
2.2364824e-11
-3.4633198e-16
2.2364875e-11
-3.2228669e-16
2.2364923e-11
-2.9950574e-16
2.2364967e-11
-2.7795263e-16
2.2365008e-11
-2.5758909e-16
2.2365046e-11
-2.3837559e-16
2.2365082e-11
-2.2027165e-16
2.2365114e-11
-2.032362e-16
2.2365145e-11
-1.8722787e-16
2.2365173e-11
-1.7220515e-16
2.2365198e-11
-1.5812668e-16
2.2365222e-11
-1.4495137e-16
2.2365244e-11
-1.3263854e-16
2.2365263e-11
-1.2114811e-16
2.2365282e-11
-1.1044062e-16
2.2365298e-11
-1.0047741e-16
2.2365313e-11
-9.1220648e-17
2.2365327e-11
-8.2633393e-17
2.236534e-11
-7.4679688e-17
2.2365351e-11
-6.7324583e-17
2.2365361e-11
-6.0534182e-17
2.236537e-11
-5.4275673e-17
2.2365379e-11
-4.8517353e-17
2.2365386e-11
-4.3228645e-17
2.2365393e-11
-3.8380116e-17
2.2365399e-11
-3.3943474e-17
2.2365404e-11
-2.9891579e-17
2.2365408e-11
-2.619843e-17
2.2365413e-11
-2.2839161e-17
2.2365416e-11
-1.9790026e-17
2.2365419e-11
-1.7028378e-17
2.2365422e-11
-1.4532647e-17
2.2365424e-11
-1.228231e-17
2.2365426e-11
-1.0257863e-17
2.2365428e-11
-8.440777e-18
2.2365429e-11
-6.8134639e-18
2.236543e-11
-5.359226e-18
2.2365431e-11
-4.0622082e-18
2.2365432e-11
-2.9073443e-18
2.2365432e-11
-1.8802991e-18
2.2365433e-11
-9.6740613e-19
2.2365433e-11
-1.5560268e-19
2.2365433e-11
5.6764005e-19
2.2365433e-11
1.2143889e-18
2.2365433e-11
1.7963248e-18
2.2365433e-11
2.3248206e-18
2.2365432e-11
2.8110205e-18
2.2365432e-11
3.2659199e-18
2.2365431e-11
3.7004444e-18
2.2365431e-11
4.1255252e-18
2.236543e-11
4.5521687e-18
2.2365429e-11
4.9915167e-18
2.2365428e-11
5.4548924e-18
2.2365427e-11
5.9538252e-18
2.2365426e-11
6.5000503e-18
2.2365425e-11
7.1054691e-18
2.2365424e-11
7.7820639e-18
2.2365423e-11
8.5417506e-18
2.2365421e-11
9.396157e-18
2.236542e-11
1.0356306e-17
2.2365418e-11
1.1432189e-17
2.2365416e-11
1.2632211e-17
2.2365414e-11
1.3962478e-17
2.2365411e-11
1.5425938e-17
2.2365409e-11
1.7021334e-17
2.2365406e-11
1.8742008e-17
2.2365403e-11
2.0574555e-17
2.2365399e-11
2.249739e-17
2.2365395e-11
2.4479311e-17
2.2365391e-11
2.6478175e-17
2.2365387e-11
2.8439875e-17
2.2365382e-11
3.0297844e-17
2.2365377e-11
3.1972998e-17
2.2365372e-11
3.3374824e-17
2.2365367e-11
3.4398756e-17
3.4984202e-17
3.2845107e-11
1.9812127e-12
3.3553308e-11
5.4700788e-12
3.4425906e-11
8.2539215e-12
3.5258791e-11
1.0242885e-11
3.5917596e-11
1.1480229e-11
3.6337819e-11
1.2081179e-11
3.6508305e-11
1.2187208e-11
3.6451215e-11
1.1936061e-11
3.62051e-11
1.1445869e-11
3.5813185e-11
1.0809811e-11
3.5316489e-11
1.0096944e-11
3.4750509e-11
9.3558664e-12
3.4144155e-11
8.619141e-12
3.3519952e-11
7.9074365e-12
3.2894808e-11
7.2329587e-12
3.228099e-11
6.6020988e-12
3.168707e-11
6.0173812e-12
3.1118762e-11
5.4788495e-12
3.0579622e-11
4.9850246e-12
3.0071596e-11
4.5335521e-12
2.9595464e-11
4.1216308e-12
2.9151163e-11
3.7462886e-12
2.8738043e-11
3.4045546e-12
2.8355056e-11
3.0935631e-12
2.800089e-11
2.8106107e-12
2.7674074e-11
2.5531848e-12
2.7373055e-11
2.318973e-12
2.7096246e-11
2.1058612e-12
2.6842068e-11
1.9119252e-12
2.6608976e-11
1.7354179e-12
2.6395478e-11
1.5747561e-12
2.6200143e-11
1.428506e-12
2.6021613e-11
1.2953695e-12
2.5858603e-11
1.1741707e-12
2.5709907e-11
1.0638442e-12
2.557439e-11
9.6342406e-13
2.5450997e-11
8.7203343e-13
2.5338741e-11
7.8887592e-13
2.5236706e-11
7.1322742e-13
2.5144043e-11
6.4442896e-13
2.5059962e-11
5.8188038e-13
2.4983735e-11
5.2503457e-13
2.491469e-11
4.7339246e-13
2.4852205e-11
4.2649851e-13
2.4795707e-11
3.8393662e-13
2.474467e-11
3.453266e-13
2.4698608e-11
3.1032087e-13
2.4657077e-11
2.786016e-13
2.4619666e-11
2.4987809e-13
2.4586002e-11
2.2388439e-13
2.455574e-11
2.0037721e-13
2.4528565e-11
1.7913396e-13
2.4504189e-11
1.5995102e-13
2.448235e-11
1.4264213e-13
2.4462806e-11
1.2703696e-13
2.4445338e-11
1.1297975e-13
2.4429746e-11
1.0032817e-13
2.4415847e-11
8.8952145e-14
2.4403475e-11
7.8732871e-14
2.4392478e-11
6.956189e-14
2.438272e-11
6.1340225e-14
2.4374076e-11
5.3977604e-14
2.4366432e-11
4.7391736e-14
2.4359686e-11
4.1507647e-14
2.4353744e-11
3.6257075e-14
2.4348522e-11
3.1577905e-14
2.4343945e-11
2.7413653e-14
2.4339943e-11
2.3712994e-14
2.4336453e-11
2.042932e-14
2.4333421e-11
1.7520342e-14
2.4330795e-11
1.4947714e-14
2.4328531e-11
1.2676697e-14
2.4326586e-11
1.0675846e-14
2.4324924e-11
8.9167157e-15
2.4323513e-11
7.3736033e-15
2.4322323e-11
6.0233006e-15
2.4321327e-11
4.8448727e-15
2.4320502e-11
3.8194524e-15
2.4319826e-11
2.930053e-15
2.4319281e-11
2.1613958e-15
2.431885e-11
1.4997527e-15
2.4318518e-11
9.3280169e-16
2.4318271e-11
4.4949513e-16
2.4318098e-11
3.9939082e-17
2.4317989e-11
-3.0471689e-16
2.4317933e-11
-5.9238017e-16
2.4317924e-11
-8.3010683e-16
2.4317953e-11
-1.0241851e-15
2.4318015e-11
-1.1802113e-15
2.4318104e-11
-1.3031593e-15
2.4318214e-11
-1.3974431e-15
2.4318343e-11
-1.466974e-15
2.4318486e-11
-1.5152124e-15
2.4318639e-11
-1.5452146e-15
2.4318801e-11
-1.5596755e-15
2.4318968e-11
-1.5609669e-15
2.431914e-11
-1.5511722e-15
2.4319313e-11
-1.5321176e-15
2.4319486e-11
-1.5054007e-15
2.4319659e-11
-1.4724155e-15
2.431983e-11
-1.4343755e-15
2.4319998e-11
-1.3923344e-15
2.4320162e-11
-1.3472041e-15
2.4320323e-11
-1.2997713e-15
2.4320479e-11
-1.2507128e-15
2.432063e-11
-1.2006078e-15
2.4320776e-11
-1.1499504e-15
2.4320916e-11
-1.0991597e-15
2.4321051e-11
-1.0485893e-15
2.432118e-11
-9.9853532e-16
2.4321304e-11
-9.4924392e-16
2.4321421e-11
-9.009178e-16
2.4321534e-11
-8.5372184e-16
2.4321641e-11
-8.0778816e-16
2.4321742e-11
-7.6322059e-16
2.4321838e-11
-7.2009856e-16
2.4321929e-11
-6.7848054e-16
2.4322015e-11
-6.3840699e-16
2.4322096e-11
-5.9990304e-16
2.4322172e-11
-5.6298072e-16
2.4322244e-11
-5.2764099e-16
2.4322312e-11
-4.9387543e-16
2.4322375e-11
-4.6166777e-16
2.4322434e-11
-4.3099515e-16
2.432249e-11
-4.0182928e-16
2.4322542e-11
-3.741374e-16
2.432259e-11
-3.478831e-16
2.4322635e-11
-3.2302704e-16
2.4322677e-11
-2.995276e-16
2.4322716e-11
-2.7734139e-16
2.4322752e-11
-2.5642371e-16
2.4322786e-11
-2.3672894e-16
2.4322817e-11
-2.1821089e-16
2.4322845e-11
-2.0082311e-16
2.4322872e-11
-1.8451908e-16
2.4322896e-11
-1.6925251e-16
2.4322918e-11
-1.5497744e-16
2.4322939e-11
-1.4164846e-16
2.4322958e-11
-1.2922084e-16
2.4322975e-11
-1.1765061e-16
2.4322991e-11
-1.0689472e-16
2.4323005e-11
-9.6911066e-17
2.4323018e-11
-8.7658609e-17
2.432303e-11
-7.9097414e-17
2.432304e-11
-7.118871e-17
2.432305e-11
-6.3894928e-17
2.4323059e-11
-5.7179736e-17
2.4323066e-11
-5.1008067e-17
2.4323073e-11
-4.5346129e-17
2.432308e-11
-4.0161426e-17
2.4323085e-11
-3.5422754e-17
2.432309e-11
-3.1100201e-17
2.4323094e-11
-2.7165142e-17
2.4323098e-11
-2.3590221e-17
2.4323101e-11
-2.0349331e-17
2.4323104e-11
-1.7417591e-17
2.4323107e-11
-1.4771316e-17
2.4323109e-11
-1.2387975e-17
2.4323111e-11
-1.0246159e-17
2.4323112e-11
-8.3255258e-18
2.4323113e-11
-6.6067562e-18
2.4323114e-11
-5.0714937e-18
2.4323115e-11
-3.702286e-18
2.4323116e-11
-2.4825189e-18
2.4323116e-11
-1.3963469e-18
2.4323117e-11
-4.2861885e-19
2.4323117e-11
4.3519964e-19
2.4323117e-11
1.2091087e-18
2.4323117e-11
1.9066588e-18
2.4323116e-11
2.5410391e-18
2.4323116e-11
3.1251659e-18
2.4323116e-11
3.6717734e-18
2.4323115e-11
4.1935009e-18
2.4323115e-11
4.7029784e-18
2.4323114e-11
5.2129035e-18
2.4323113e-11
5.7361093e-18
2.4323112e-11
6.2856151e-18
2.4323111e-11
6.874656e-18
2.432311e-11
7.5166815e-18
2.4323109e-11
8.2253149e-18
2.4323108e-11
9.0142594e-18
2.4323107e-11
9.8971404e-18
2.4323105e-11
1.0887263e-17
2.4323104e-11
1.1997271e-17
2.4323102e-11
1.3238681e-17
2.43231e-11
1.4621278e-17
2.4323098e-11
1.6152339e-17
2.4323095e-11
1.7835684e-17
2.4323093e-11
1.9670512e-17
2.432309e-11
2.1650047e-17
2.4323086e-11
2.3759976e-17
2.4323083e-11
2.5976715e-17
2.4323079e-11
2.8265552e-17
2.4323075e-11
3.057874e-17
2.4323071e-11
3.2853672e-17
2.4323066e-11
3.5011179e-17
2.4323061e-11
3.6954302e-17
2.4323056e-11
3.8568583e-17
2.432305e-11
3.9717092e-17
4.0245153e-17
3.2789808e-11
1.7311364e-12
3.3399878e-11
4.8600088e-12
3.4194869e-11
7.4589303e-12
3.5010317e-11
9.4274371e-12
3.5723824e-11
1.0766722e-11
3.6262735e-11
1.1542268e-11
3.6597802e-11
1.1852141e-11
3.6731146e-11
1.1802718e-11
3.6683945e-11
1.149307e-11
3.6486521e-11
1.1007234e-11
3.6171513e-11
1.0411952e-11
3.576979e-11
9.7575894e-12
3.5308399e-11
9.0805326e-12
3.4809834e-11
8.4060008e-12
3.4292093e-11
7.7507003e-12
3.3769113e-11
7.1250785e-12
3.3251378e-11
6.5351166e-12
3.2746533e-11
5.9836946e-12
3.2259958e-11
5.4715995e-12
3.179526e-11
4.9982502e-12
3.1354681e-11
4.5622094e-12
3.0939431e-11
4.1615383e-12
3.0549949e-11
3.7940369e-12
3.0186107e-11
3.4574054e-12
2.984737e-11
3.1493472e-12
2.953292e-11
2.867635e-12
2.9241744e-11
2.6101487e-12
2.8972709e-11
2.3748967e-12
2.872461e-11
2.1600243e-12
2.8496212e-11
1.9638151e-12
2.8286281e-11
1.7846878e-12
2.8093597e-11
1.6211898e-12
2.7916977e-11
1.471989e-12
2.7755282e-11
1.3358659e-12
2.7607422e-11
1.2117043e-12
2.7472363e-11
1.0984836e-12
2.7349126e-11
9.9526992e-13
2.7236793e-11
9.0120935e-13
2.71345e-11
8.1552051e-13
2.704144e-11
7.3748836e-13
2.6956862e-11
6.6645835e-13
2.6880066e-11
6.0183107e-13
2.6810401e-11
5.4305752e-13
2.6747264e-11
4.8963468e-13
2.66901e-11
4.4110156e-13
2.663839e-11
3.9703566e-13
2.6591662e-11
3.5704967e-13
2.6549475e-11
3.2078851e-13
2.6511426e-11
2.8792668e-13
2.6477145e-11
2.581658e-13
2.644629e-11
2.3123237e-13
2.6418548e-11
2.0687573e-13
2.6393633e-11
1.8486622e-13
2.6371281e-11
1.6499346e-13
2.6351253e-11
1.4706478e-13
2.6333329e-11
1.3090384e-13
2.6317308e-11
1.1634925e-13
2.6303007e-11
1.0325338e-13
2.6290259e-11
9.1481285e-14
2.6278911e-11
8.0909624e-14
2.6268825e-11
7.142576e-14
2.6259876e-11
6.2926874e-14
2.6251949e-11
5.5319163e-14
2.6244939e-11
4.8517105e-14
2.6238754e-11
4.2442779e-14
2.6233306e-11
3.7025232e-14
2.622852e-11
3.2199902e-14
2.6224325e-11
2.7908088e-14
2.6220658e-11
2.4096449e-14
2.6217462e-11
2.071656e-14
2.6214685e-11
1.7724486e-14
2.6212281e-11
1.5080401e-14
2.6210209e-11
1.2748231e-14
2.620843e-11
1.0695331e-14
2.6206911e-11
8.8921834e-15
2.6205623e-11
7.3121196e-15
2.6204536e-11
5.9310702e-15
2.6203629e-11
4.7273308e-15
2.6202877e-11
3.6813481e-15
2.6202263e-11
2.7755248e-15
2.6201769e-11
1.9940394e-15
2.6201379e-11
1.3226822e-15
2.620108e-11
7.4870493e-16
2.6200859e-11
2.6068285e-16
2.6200706e-11
-1.5161075e-16
2.6200611e-11
-4.9731938e-16
2.6200565e-11
-7.8460819e-16
2.6200562e-11
-1.0207593e-15
2.6200594e-11
-1.2122591e-15
2.6200656e-11
-1.3648768e-15
2.6200742e-11
-1.4837371e-15
2.6200848e-11
-1.5733851e-15
2.6200971e-11
-1.637846e-15
2.6201107e-11
-1.6806785e-15
2.6201252e-11
-1.705024e-15
2.6201405e-11
-1.7136502e-15
2.6201562e-11
-1.7089915e-15
2.6201723e-11
-1.6931847e-15
2.6201886e-11
-1.6681014e-15
2.6202049e-11
-1.6353775e-15
2.6202211e-11
-1.5964394e-15
2.6202371e-11
-1.5525275e-15
2.6202529e-11
-1.5047179e-15
2.6202683e-11
-1.4539409e-15
2.6202833e-11
-1.4009983e-15
2.6202979e-11
-1.3465786e-15
2.6203121e-11
-1.2912706e-15
2.6203257e-11
-1.2355756e-15
2.6203388e-11
-1.1799181e-15
2.6203514e-11
-1.1246551e-15
2.6203635e-11
-1.0700852e-15
2.6203751e-11
-1.0164557e-15
2.6203861e-11
-9.6396929e-16
2.6203966e-11
-9.1279015e-16
2.6204066e-11
-8.6304887e-16
2.6204161e-11
-8.1484713e-16
2.620425e-11
-7.682617e-16
2.6204335e-11
-7.233479e-16
2.6204416e-11
-6.801427e-16
2.6204491e-11
-6.3866742e-16
2.6204563e-11
-5.9892999e-16
2.620463e-11
-5.6092705e-16
2.6204693e-11
-5.246457e-16
2.6204752e-11
-4.9006501e-16
2.6204807e-11
-4.571574e-16
2.6204859e-11
-4.2588972e-16
2.6204907e-11
-3.9622431e-16
2.6204952e-11
-3.681198e-16
2.6204994e-11
-3.4153191e-16
2.6205033e-11
-3.1641405e-16
2.620507e-11
-2.9271787e-16
2.6205103e-11
-2.7039375e-16
2.6205134e-11
-2.4939122e-16
2.6205163e-11
-2.2965927e-16
2.620519e-11
-2.111467e-16
2.6205214e-11
-1.9380237e-16
2.6205237e-11
-1.7757539e-16
2.6205258e-11
-1.6241539e-16
2.6205277e-11
-1.482726e-16
2.6205294e-11
-1.3509807e-16
2.620531e-11
-1.2284375e-16
2.6205325e-11
-1.1146263e-16
2.6205338e-11
-1.0090878e-16
2.620535e-11
-9.113749e-17
2.6205361e-11
-8.2105291e-17
2.6205371e-11
-7.3770027e-17
2.620538e-11
-6.6090889e-17
2.6205388e-11
-5.9028455e-17
2.6205395e-11
-5.2544711e-17
2.6205401e-11
-4.6603066e-17
2.6205407e-11
-4.1168361e-17
2.6205412e-11
-3.6206872e-17
2.6205417e-11
-3.1686299e-17
2.6205421e-11
-2.7575755e-17
2.6205424e-11
-2.3845747e-17
2.6205427e-11
-2.0468144e-17
2.620543e-11
-1.7416152e-17
2.6205432e-11
-1.4664269e-17
2.6205434e-11
-1.2188242e-17
2.6205436e-11
-9.9650191e-18
2.6205437e-11
-7.9726894e-18
2.6205438e-11
-6.190424e-18
2.6205439e-11
-4.5984086e-18
2.620544e-11
-3.1777712e-18
2.620544e-11
-1.910505e-18
2.6205441e-11
-7.7938667e-19
2.6205441e-11
2.3211041e-19
2.6205441e-11
1.1399063e-18
2.6205441e-11
1.9594088e-18
2.6205441e-11
2.7056102e-18
2.6205441e-11
3.393186e-18
2.620544e-11
4.0365933e-18
2.620544e-11
4.6501685e-18
2.6205439e-11
5.2482198e-18
2.6205439e-11
5.8451134e-18
2.6205438e-11
6.4553469e-18
2.6205437e-11
7.0936064e-18
2.6205436e-11
7.7747993e-18
2.6205435e-11
8.5140549e-18
2.6205434e-11
9.3266817e-18
2.6205433e-11
1.022807e-17
2.6205432e-11
1.1233523e-17
2.620543e-11
1.2358001e-17
2.6205428e-11
1.3615758e-17
2.6205427e-11
1.5019843e-17
2.6205425e-11
1.6581453e-17
2.6205423e-11
1.8309103e-17
2.620542e-11
2.0207583e-17
2.6205418e-11
2.2276698e-17
2.6205415e-11
2.4509742e-17
2.6205412e-11
2.6891726e-17
2.6205408e-11
2.9397338e-17
2.6205404e-11
3.1988642e-17
2.62054e-11
3.4612581e-17
2.6205396e-11
3.7198309e-17
2.6205391e-11
3.9654339e-17
2.6205386e-11
4.1865862e-17
2.6205381e-11
4.3694152e-17
2.6205376e-11
4.4971133e-17
4.5444175e-17
3.2747892e-11
1.5229755e-12
3.3275889e-11
4.3320121e-12
3.3994437e-11
6.7403827e-12
3.4772722e-11
8.6491511e-12
3.5503855e-11
1.003559e-11
3.6115038e-11
1.0931085e-11
3.6567079e-11
1.14001e-11
3.6848084e-11
1.1521713e-11
3.6965213e-11
1.1375941e-11
3.6936993e-11
1.1035455e-11
3.6787283e-11
1.0561662e-11
3.6541119e-11
1.0003754e-11
3.6222167e-11
9.399484e-12
3.5851395e-11
8.7767731e-12
3.5446551e-11
8.1555446e-12
3.5022148e-11
7.549481e-12
3.458972e-11
6.967545e-12
3.4158193e-11
6.4152212e-12
3.3734302e-11
5.8954906e-12
3.3322979e-11
5.4095735e-12
3.2927706e-11
4.9574819e-12
3.255082e-11
4.538424e-12
3.2193762e-11
4.1510956e-12
3.1857281e-11
3.793886e-12
3.1541606e-11
3.4650224e-12
3.1246572e-11
3.1626689e-12
3.0971728e-11
2.8849926e-12
3.0716418e-11
2.6302071e-12
3.0479843e-11
2.3965995e-12
3.0261112e-11
2.1825461e-12
3.0059279e-11
1.9865205e-12
2.9873373e-11
1.8070961e-12
2.9702416e-11
1.6429456e-12
2.9545444e-11
1.4928377e-12
2.9401515e-11
1.3556331e-12
2.926972e-11
1.2302793e-12
2.9149184e-11
1.1158052e-12
2.9039078e-11
1.0113154e-12
2.8938613e-11
9.1598533e-13
2.8847046e-11
8.2905533e-13
2.8763678e-11
7.4982633e-13
2.8687855e-11
6.776549e-13
2.8618963e-11
6.1194905e-13
2.8556434e-11
5.5216418e-13
2.8499736e-11
4.9779939e-13
2.8448377e-11
4.4839406e-13
2.8401902e-11
4.0352467e-13
2.8359889e-11
3.6280194e-13
2.8321948e-11
3.2586812e-13
2.8287719e-11
2.9239452e-13
2.8256872e-11
2.6207927e-13
2.8229102e-11
2.346452e-13
2.8204131e-11
2.0983794e-13
2.81817e-11
1.874241e-13
2.8161575e-11
1.6718966e-13
2.8143541e-11
1.4893845e-13
2.8127399e-11
1.3249075e-13
2.8112971e-11
1.1768197e-13
2.810009e-11
1.0436149e-13
2.8088608e-11
9.2391556e-14
2.8078388e-11
8.164621e-14
2.8069304e-11
7.2010399e-14
2.8061245e-11
6.3379074e-14
2.8054105e-11
5.5656386e-14
2.8047793e-11
4.8754942e-14
2.8042223e-11
4.2595113e-14
2.8037319e-11
3.7104395e-14
2.803301e-11
3.2216821e-14
2.8029234e-11
2.7872418e-14
2.8025934e-11
2.40167e-14
2.8023058e-11
2.0600209e-14
2.802056e-11
1.7578087e-14
2.8018399e-11
1.4909678e-14
2.8016536e-11
1.2558171e-14
2.8014938e-11
1.0490261e-14
2.8013574e-11
8.6758434e-15
2.8012418e-11
7.0877316e-15
2.8011444e-11
5.7013962e-15
2.801063e-11
4.4947268e-15
2.8009958e-11
3.4478129e-15
2.8009409e-11
2.542743e-15
2.8008969e-11
1.7634208e-15
2.8008622e-11
1.0953964e-15
2.8008357e-11
5.2571187e-16
2.8008162e-11
4.2760772e-17
2.8008029e-11
-3.6384113e-16
2.8007948e-11
-7.033733e-16
2.8007911e-11
-9.8411776e-16
2.8007912e-11
-1.2134568e-15
2.8007945e-11
-1.3979621e-15
2.8008005e-11
-1.5434755e-15
2.8008087e-11
-1.655183e-15
2.8008187e-11
-1.7376811e-15
2.8008301e-11
-1.7950379e-15
2.8008427e-11
-1.8308477e-15
2.8008562e-11
-1.848281e-15
2.8008703e-11
-1.8501294e-15
2.8008848e-11
-1.8388461e-15
2.8008997e-11
-1.816583e-15
2.8009147e-11
-1.7852234e-15
2.8009297e-11
-1.7464118e-15
2.8009446e-11
-1.7015809e-15
2.8009593e-11
-1.6519754e-15
2.8009738e-11
-1.5986737e-15
2.8009879e-11
-1.5426073e-15
2.8010017e-11
-1.4845779e-15
2.8010151e-11
-1.425273e-15
2.8010281e-11
-1.3652793e-15
2.8010406e-11
-1.3050958e-15
2.8010527e-11
-1.2451436e-15
2.8010642e-11
-1.1857765e-15
2.8010753e-11
-1.1272891e-15
2.8010859e-11
-1.0699247e-15
2.801096e-11
-1.0138816e-15
2.8011057e-11
-9.5931935e-16
2.8011148e-11
-9.0636403e-16
2.8011235e-11
-8.5511254e-16
2.8011317e-11
-8.0563681e-16
2.8011395e-11
-7.5798728e-16
2.8011469e-11
-7.1219601e-16
2.8011538e-11
-6.6827933e-16
2.8011603e-11
-6.2624023e-16
2.8011665e-11
-5.8607037e-16
2.8011722e-11
-5.4775185e-16
2.8011776e-11
-5.1125882e-16
2.8011827e-11
-4.7655872e-16
2.8011874e-11
-4.4361352e-16
2.8011919e-11
-4.1238066e-16
2.801196e-11
-3.8281396e-16
2.8011998e-11
-3.5486436e-16
2.8012034e-11
-3.2848054e-16
2.8012067e-11
-3.0360952e-16
2.8012098e-11
-2.8019711e-16
2.8012127e-11
-2.5818834e-16
2.8012153e-11
-2.3752782e-16
2.8012178e-11
-2.1816005e-16
2.80122e-11
-2.000297e-16
2.8012221e-11
-1.8308182e-16
2.801224e-11
-1.6726207e-16
2.8012257e-11
-1.5251686e-16
2.8012273e-11
-1.3879353e-16
2.8012288e-11
-1.2604047e-16
2.8012301e-11
-1.1420721e-16
2.8012313e-11
-1.0324456e-16
2.8012324e-11
-9.3104642e-17
2.8012334e-11
-8.3740969e-17
2.8012343e-11
-7.5108512e-17
2.8012351e-11
-6.7163731e-17
2.8012358e-11
-5.9864605e-17
2.8012365e-11
-5.317066e-17
2.8012371e-11
-4.7042974e-17
2.8012376e-11
-4.1444189e-17
2.8012381e-11
-3.6338498e-17
2.8012385e-11
-3.1691641e-17
2.8012388e-11
-2.7470878e-17
2.8012392e-11
-2.3644966e-17
2.8012394e-11
-2.0184124e-17
2.8012397e-11
-1.705999e-17
2.8012399e-11
-1.4245576e-17
2.8012401e-11
-1.1715211e-17
2.8012402e-11
-9.4444825e-18
2.8012403e-11
-7.4101701e-18
2.8012404e-11
-5.5901712e-18
2.8012405e-11
-3.9634241e-18
2.8012406e-11
-2.5098238e-18
2.8012406e-11
-1.2101329e-18
2.8012406e-11
-4.5887914e-20
2.8012407e-11
1.0006996e-18
2.8012407e-11
1.9468445e-18
2.8012406e-11
2.8092939e-18
2.8012406e-11
3.6044334e-18
2.8012406e-11
4.3483947e-18
2.8012406e-11
5.0571609e-18
2.8012405e-11
5.7466667e-18
2.8012404e-11
6.4328921e-18
2.8012404e-11
7.1319423e-18
2.8012403e-11
7.8601097e-18
2.8012402e-11
8.6339117e-18
2.8012401e-11
9.4700921e-18
2.80124e-11
1.038558e-17
2.8012399e-11
1.1397389e-17
2.8012398e-11
1.2522441e-17
2.8012396e-11
1.3777301e-17
2.8012395e-11
1.5177794e-17
2.8012393e-11
1.6738484e-17
2.8012391e-11
1.8471991e-17
2.8012389e-11
2.0388102e-17
2.8012387e-11
2.2492667e-17
2.8012384e-11
2.478622e-17
2.8012381e-11
2.7262316e-17
2.8012378e-11
2.9905536e-17
2.8012375e-11
3.268914e-17
2.8012372e-11
3.557234e-17
2.8012368e-11
3.8497197e-17
2.8012363e-11
4.1385108e-17
2.8012359e-11
4.4132703e-17
2.8012354e-11
4.6607953e-17
2.8012349e-11
4.8648888e-17
2.8012344e-11
5.005436e-17
5.0476848e-17
3.2715496e-11
1.3472107e-12
3.3175087e-11
3.8724213e-12
3.3822326e-11
6.093144e-12
3.4553815e-11
7.9176624e-12
3.5278562e-11
9.3108429e-12
3.5928119e-11
1.0281527e-11
3.6459101e-11
1.0869118e-11
3.6850647e-11
1.1130167e-11
3.7099393e-11
1.1127195e-11
3.7213923e-11
1.0920925e-11
3.7209858e-11
1.0565727e-11
3.7106062e-11
1.010755e-11
3.6922e-11
9.5835458e-12
3.6676095e-11
9.0226782e-12
3.6384828e-11
8.4468116e-12
3.6062362e-11
7.8719473e-12
3.5720493e-11
7.3094142e-12
3.5368794e-11
6.7669198e-12
3.5014856e-11
6.2494286e-12
3.466456e-11
5.7598698e-12
3.4322351e-11
5.2996907e-12
3.3991493e-11
4.869282e-12
3.3674291e-11
4.4682979e-12
3.3372282e-11
4.0958942e-12
3.3086401e-11
3.7509037e-12
3.2817107e-11
3.4319626e-12
3.2564498e-11
3.1376015e-12
3.2328396e-11
2.8663095e-12
3.2108417e-11
2.6165786e-12
3.1904029e-11
2.3869338e-12
3.1714597e-11
2.1759527e-12
3.1539415e-11
1.982278e-12
3.1377736e-11
1.8046241e-12
3.1228794e-11
1.6417803e-12
3.1091815e-11
1.4926117e-12
3.0966036e-11
1.356058e-12
3.0850711e-11
1.2311308e-12
3.0745115e-11
1.1169113e-12
3.0648554e-11
1.012546e-12
3.0560366e-11
9.1724403e-13
3.0479919e-11
8.3027253e-13
3.0406621e-11
7.5095351e-13
3.033991e-11
6.7866008e-13
3.0279261e-11
6.1281298e-13
3.0224183e-11
5.5287736e-13
3.0174217e-11
4.983596e-13
3.0128938e-11
4.4880444e-13
3.0087947e-11
4.0379217e-13
3.005088e-11
3.6293607e-13
3.0017394e-11
3.2588004e-13
2.9987177e-11
2.9229629e-13
2.9959939e-11
2.618833e-13
2.9935413e-11
2.3436383e-13
2.9913354e-11
2.0948313e-13
2.9893536e-11
1.8700722e-13
2.9875753e-11
1.6672137e-13
2.9859816e-11
1.4842859e-13
2.9845549e-11
1.3194828e-13
2.9832796e-11
1.17115e-13
2.982141e-11
1.0377726e-13
2.981126e-11
9.179646e-14
2.9802224e-11
8.1045863e-14
2.9794194e-11
7.1409666e-14
2.9787068e-11
6.2782129e-14
2.9780756e-11
5.5066771e-14
2.9775176e-11
4.8175621e-14
2.9770252e-11
4.2028528e-14
2.9765916e-11
3.6552522e-14
2.9762107e-11
3.1681222e-14
2.975877e-11
2.7354287e-14
2.9755853e-11
2.3516913e-14
2.9753312e-11
2.0119361e-14
2.9751105e-11
1.7116534e-14
2.9749195e-11
1.446757e-14
2.974755e-11
1.2135484e-14
2.9746139e-11
1.0086826e-14
2.9744935e-11
8.291371e-15
2.9743915e-11
6.721834e-15
2.9743056e-11
5.3536075e-15
2.9742339e-11
4.1645198e-15
2.9741748e-11
3.1346144e-15
2.9741265e-11
2.2459467e-15
2.9740878e-11
1.4823982e-15
2.9740574e-11
8.2950635e-16
2.9740343e-11
2.7430856e-16
2.9740174e-11
-1.947998e-16
2.9740058e-11
-5.8819564e-16
2.9739989e-11
-9.151467e-16
2.973996e-11
-1.1839198e-15
2.9739964e-11
-1.4018793e-15
2.9739996e-11
-1.5755769e-15
2.9740052e-11
-1.7108333e-15
2.9740127e-11
-1.8128119e-15
2.9740218e-11
-1.8860865e-15
2.9740322e-11
-1.9347023e-15
2.9740436e-11
-1.9622307e-15
2.9740557e-11
-1.9718198e-15
2.9740685e-11
-1.9662392e-15
2.9740816e-11
-1.9479209e-15
2.974095e-11
-1.9189964e-15
2.9741085e-11
-1.8813294e-15
2.974122e-11
-1.8365459e-15
2.9741354e-11
-1.7860608e-15
2.9741486e-11
-1.7311024e-15
2.9741616e-11
-1.6727332e-15
2.9741744e-11
-1.61187e-15
2.9741868e-11
-1.5493007e-15
2.9741988e-11
-1.4856996e-15
2.9742105e-11
-1.4216416e-15
2.9742217e-11
-1.3576139e-15
2.9742325e-11
-1.2940273e-15
2.9742429e-11
-1.2312255e-15
2.9742529e-11
-1.1694937e-15
2.9742624e-11
-1.1090664e-15
2.9742715e-11
-1.0501336e-15
2.9742801e-11
-9.9284716e-16
2.9742884e-11
-9.3732559e-16
2.9742962e-11
-8.8365883e-16
2.9743035e-11
-8.3191211e-16
2.9743105e-11
-7.821295e-16
2.9743171e-11
-7.3433694e-16
2.9743234e-11
-6.8854488e-16
2.9743292e-11
-6.4475063e-16
2.9743348e-11
-6.029404e-16
2.9743399e-11
-5.6309101e-16
2.9743448e-11
-5.2517145e-16
2.9743494e-11
-4.8914418e-16
2.9743536e-11
-4.5496632e-16
2.9743576e-11
-4.2259061e-16
2.9743613e-11
-3.9196626e-16
2.9743648e-11
-3.6303973e-16
2.974368e-11
-3.3575536e-16
2.974371e-11
-3.1005593e-16
2.9743737e-11
-2.8588313e-16
2.9743763e-11
-2.6317799e-16
2.9743787e-11
-2.4188126e-16
2.9743809e-11
-2.2193367e-16
2.9743829e-11
-2.0327627e-16
2.9743847e-11
-1.8585062e-16
2.9743864e-11
-1.6959898e-16
2.974388e-11
-1.5446456e-16
2.9743894e-11
-1.4039158e-16
2.9743908e-11
-1.2732546e-16
2.974392e-11
-1.1521291e-16
2.974393e-11
-1.0400202e-16
2.974394e-11
-9.3642353e-17
2.9743949e-11
-8.4084999e-17
2.9743957e-11
-7.5282621e-17
2.9743965e-11
-6.7189505e-17
2.9743971e-11
-5.9761582e-17
2.9743977e-11
-5.2956446e-17
2.9743983e-11
-4.6733361e-17
2.9743987e-11
-4.1053262e-17
2.9743991e-11
-3.5878742e-17
2.9743995e-11
-3.1174032e-17
2.9743998e-11
-2.6904977e-17
2.9744001e-11
-2.3038997e-17
2.9744004e-11
-1.9545048e-17
2.9744006e-11
-1.6393567e-17
2.9744008e-11
-1.355642e-17
2.9744009e-11
-1.1006835e-17
2.9744011e-11
-8.719329e-18
2.9744012e-11
-6.6696361e-18
2.9744013e-11
-4.8346189e-18
2.9744013e-11
-3.1921814e-18
2.9744014e-11
-1.7211731e-18
2.9744014e-11
-4.0128806e-19
2.9744014e-11
7.8703939e-19
2.9744014e-11
1.8627448e-18
2.9744014e-11
2.8442457e-18
2.9744014e-11
3.7495556e-18
2.9744014e-11
4.5963989e-18
2.9744014e-11
5.4023232e-18
2.9744013e-11
6.184807e-18
2.9744013e-11
6.9613594e-18
2.9744012e-11
7.7496062e-18
2.9744011e-11
8.5673574e-18
2.9744011e-11
9.4326487e-18
2.974401e-11
1.0363747e-17
2.9744009e-11
1.1379107e-17
2.9744008e-11
1.2497277e-17
2.9744006e-11
1.3736709e-17
2.9744005e-11
1.5115496e-17
2.9744004e-11
1.665097e-17
2.9744002e-11
1.8359163e-17
2.9744e-11
2.0254098e-17
2.9743998e-11
2.2346852e-17
2.9743996e-11
2.4644389e-17
2.9743994e-11
2.7148087e-17
2.9743991e-11
2.9851934e-17
2.9743988e-11
3.2740331e-17
2.9743985e-11
3.5785444e-17
2.9743982e-11
3.8944065e-17
2.9743978e-11
4.2153901e-17
2.9743974e-11
4.532925e-17
2.974397e-11
4.8355762e-17
2.9743965e-11
5.1085e-17
2.9743961e-11
5.3331607e-17
2.9743956e-11
5.4865501e-17
5.5241207e-17
3.2689997e-11
1.1969456e-12
3.3092494e-11
3.4699242e-12
3.3675103e-11
5.5105344e-12
3.4356274e-11
7.2364916e-12
3.5059766e-11
8.6073508e-12
3.572366e-11
9.6176334e-12
3.6304147e-11
1.028863e-11
3.6775305e-11
1.0659009e-11
3.7126395e-11
1.0776105e-11
3.7358143e-11
1.0689177e-11
3.7478995e-11
1.0444875e-11
3.7501906e-11
1.0084639e-11
3.7441873e-11
9.6435787e-12
3.7314205e-11
9.1503467e-12
3.7133417e-11
8.6275992e-12
3.6912612e-11
8.092753e-12
3.6663191e-11
7.5588345e-12
3.6394804e-11
7.0353071e-12
3.611542e-11
6.5288123e-12
3.5831487e-11
6.0438033e-12
3.5548111e-11
5.5830663e-12
3.5269255e-11
5.1481385e-12
3.4997915e-11
4.7396375e-12
3.4736293e-11
4.3575162e-12
3.4485939e-11
4.0012579e-12
3.4247878e-11
3.6700232e-12
3.4022719e-11
3.362761e-12
3.3810739e-11
3.0782897e-12
3.361196e-11
2.8153573e-12
3.3426209e-11
2.5726846e-12
3.3253165e-11
2.3489967e-12
3.30924e-11
2.1430437e-12
3.2943407e-11
1.9536162e-12
3.2805633e-11
1.7795547e-12
3.267849e-11
1.6197551e-12
3.2561375e-11
1.4731727e-12
3.2453684e-11
1.3388223e-12
3.2354816e-11
1.2157791e-12
3.2264185e-11
1.1031769e-12
3.2181223e-11
1.0002063e-12
3.2105382e-11
9.0611267e-13
3.2036142e-11
8.2019363e-13
3.1973006e-11
7.417962e-13
3.1915505e-11
6.7031423e-13
3.1863197e-11
6.0518561e-13
3.1815667e-11
5.4588963e-13
3.1772527e-11
4.9194436e-13
3.1733415e-11
4.429042e-13
3.1697993e-11
3.9835741e-13
3.166595e-11
3.579239e-13
3.1636993e-11
3.2125303e-13
3.1610854e-11
2.8802158e-13
3.1587286e-11
2.5793183e-13
3.156606e-11
2.3070973e-13
3.1546964e-11
2.0610322e-13
3.1529805e-11
1.8388059e-13
3.1514404e-11
1.6382907e-13
3.1500599e-11
1.4575332e-13
3.148824e-11
1.2947421e-13
3.147719e-11
1.1482755e-13
3.1467323e-11
1.01663e-13
3.1458526e-11
8.9842926e-14
3.1450694e-11
7.9241503e-14
3.1443733e-11
6.9743735e-14
3.1437555e-11
6.1244621e-14
3.1432082e-11
5.3648359e-14
3.1427243e-11
4.6867604e-14
3.1422973e-11
4.0822789e-14
3.1419212e-11
3.5441485e-14
3.1415909e-11
3.0657817e-14
3.1413014e-11
2.641192e-14
3.1410484e-11
2.2649436e-14
3.1408279e-11
1.9321047e-14
3.1406365e-11
1.6382048e-14
3.1404708e-11
1.3791953e-14
3.1403281e-11
1.1514125e-14
3.1402057e-11
9.5154431e-15
3.1401013e-11
7.7659931e-15
3.1400128e-11
6.2387816e-15
3.1399383e-11
4.9094744e-15
3.1398761e-11
3.7561569e-15
3.1398248e-11
2.759113e-15
3.139783e-11
1.9006233e-15
3.1397495e-11
1.1647794e-15
3.1397232e-11
5.37315e-16
3.1397031e-11
5.4505102e-18
3.1396885e-11
-4.4224872e-16
3.1396786e-11
-8.1600161e-16
3.1396727e-11
-1.1249295e-15
3.1396702e-11
-1.3771634e-15
3.1396707e-11
-1.5799426e-15
3.1396736e-11
-1.739703e-15
3.1396785e-11
-1.8621587e-15
3.1396851e-11
-1.9523753e-15
3.1396931e-11
-2.0148365e-15
3.1397023e-11
-2.053505e-15
3.1397123e-11
-2.0718768e-15
3.139723e-11
-2.0730309e-15
3.1397341e-11
-2.0596741e-15
3.1397457e-11
-2.0341811e-15
3.1397574e-11
-1.9986312e-15
3.1397692e-11
-1.9548408e-15
3.139781e-11
-1.9043929e-15
3.1397928e-11
-1.8486636e-15
3.1398044e-11
-1.7888457e-15
3.1398158e-11
-1.7259702e-15
3.139827e-11
-1.660925e-15
3.1398379e-11
-1.5944718e-15
3.1398484e-11
-1.5272618e-15
3.1398586e-11
-1.4598486e-15
3.1398685e-11
-1.3927003e-15
3.139878e-11
-1.3262103e-15
3.1398871e-11
-1.2607068e-15
3.1398959e-11
-1.1964608e-15
3.1399042e-11
-1.133694e-15
3.1399122e-11
-1.0725848e-15
3.1399198e-11
-1.0132743e-15
3.139927e-11
-9.5587133e-16
3.1399339e-11
-9.0045695e-16
3.1399404e-11
-8.4708818e-16
3.1399465e-11
-7.9580148e-16
3.1399523e-11
-7.4661574e-16
3.1399578e-11
-6.9953488e-16
3.139963e-11
-6.5455006e-16
3.1399678e-11
-6.1164171e-16
3.1399724e-11
-5.7078123e-16
3.1399767e-11
-5.3193246e-16
3.1399807e-11
-4.9505299e-16
3.1399844e-11
-4.6009529e-16
3.1399879e-11
-4.2700765e-16
3.1399912e-11
-3.9573506e-16
3.1399942e-11
-3.6621994e-16
3.1399971e-11
-3.3840274e-16
3.1399997e-11
-3.1222251e-16
3.1400021e-11
-2.8761739e-16
3.1400044e-11
-2.64525e-16
3.1400065e-11
-2.4288281e-16
3.1400084e-11
-2.2262845e-16
3.1400102e-11
-2.0369997e-16
3.1400119e-11
-1.8603609e-16
3.1400134e-11
-1.6957638e-16
3.1400148e-11
-1.5426145e-16
3.140016e-11
-1.4003311e-16
3.1400172e-11
-1.2683446e-16
3.1400183e-11
-1.1461005e-16
3.1400192e-11
-1.0330591e-16
3.1400201e-11
-9.2869694e-17
3.1400209e-11
-8.3250677e-17
3.1400216e-11
-7.439984e-17
3.1400223e-11
-6.6269894e-17
3.1400229e-11
-5.8815299e-17
3.1400234e-11
-5.1992281e-17
3.1400239e-11
-4.5758831e-17
3.1400243e-11
-4.0074697e-17
3.1400247e-11
-3.4901364e-17
3.140025e-11
-3.0202032e-17
3.1400253e-11
-2.5941574e-17
3.1400255e-11
-2.2086497e-17
3.1400257e-11
-1.8604888e-17
3.1400259e-11
-1.5466354e-17
3.1400261e-11
-1.2641956e-17
3.1400262e-11
-1.0104135e-17
3.1400264e-11
-7.8266282e-18
3.1400264e-11
-5.7843834e-18
3.1400265e-11
-3.9534637e-18
3.1400266e-11
-2.3109468e-18
3.1400266e-11
-8.3481908e-19
3.1400267e-11
4.961354e-19
3.1400267e-11
1.7024501e-18
3.1400267e-11
2.8040948e-18
3.1400267e-11
3.8205957e-18
3.1400267e-11
4.7711567e-18
3.1400266e-11
5.6747776e-18
3.1400266e-11
6.5503682e-18
3.1400265e-11
7.4168534e-18
3.1400265e-11
8.2932651e-18
3.1400264e-11
9.1988143e-18
3.1400264e-11
1.0152937e-17
3.1400263e-11
1.1175303e-17
3.1400262e-11
1.2285778e-17
3.1400261e-11
1.350432e-17
3.140026e-11
1.4850805e-17
3.1400258e-11
1.6344745e-17
3.1400257e-11
1.8004887e-17
3.1400256e-11
1.9848662e-17
3.1400254e-11
2.1891442e-17
3.1400252e-11
2.4145586e-17
3.140025e-11
2.6619203e-17
3.1400248e-11
2.9314605e-17
3.1400246e-11
3.2226372e-17
3.1400243e-11
3.5338968e-17
3.140024e-11
3.862382e-17
3.1400237e-11
4.2035775e-17
3.1400234e-11
4.5508835e-17
3.140023e-11
4.8951015e-17
3.1400226e-11
5.2237859e-17
3.1400222e-11
5.5205806e-17
3.1400218e-11
5.7648753e-17
3.1400213e-11
5.9305057e-17
5.9639765e-17
3.2669593e-11
1.0670842e-12
3.3024254e-11
3.1152633e-12
3.3549212e-11
4.9855764e-12
3.4180126e-11
6.605577e-12
3.4853738e-11
7.9337387e-12
3.5515411e-11
8.9559612e-12
3.6123215e-11
9.6808256e-12
3.6648992e-11
1.0133233e-11
3.7077238e-11
1.0347859e-11
3.740282e-11
1.0363595e-11
3.7628286e-11
1.0219408e-11
3.7761314e-11
9.9516106e-12
3.7812562e-11
9.5923315e-12
3.7794016e-11
9.1688925e-12
3.7717827e-11
8.7037885e-12
3.7595544e-11
8.2150359e-12
3.7437673e-11
7.7167054e-12
3.7253461e-11
7.219519e-12
3.7050837e-11
6.731436e-12
3.6836454e-11
6.258187e-12
3.6615782e-11
5.8037375e-12
3.6393243e-11
5.3706781e-12
3.6172336e-11
4.9605442e-12
3.5955779e-11
4.574073e-12
3.574563e-11
4.2114074e-12
3.5543396e-11
3.8722566e-12
3.5350138e-11
3.5560189e-12
3.516655e-11
3.2618779e-12
3.4993033e-11
2.9888747e-12
3.4829755e-11
2.7359628e-12
3.4676702e-11
2.5020488e-12
3.4533723e-11
2.2860235e-12
3.4400555e-11
2.0867834e-12
3.4276863e-11
1.903247e-12
3.4162252e-11
1.734366e-12
3.4056292e-11
1.5791326e-12
3.395853e-11
1.4365847e-12
3.38685e-11
1.3058087e-12
3.3785737e-11
1.1859406e-12
3.3709776e-11
1.0761665e-12
3.3640167e-11
9.7572186e-13
3.3576471e-11
8.8389025e-13
3.3518265e-11
8.0000202e-13
3.3465147e-11
7.234323e-13
3.3416733e-11
6.53599e-13
3.3372662e-11
5.8996072e-13
3.3332592e-11
5.3201458e-13
3.3296202e-11
4.7929408e-13
3.3263193e-11
4.3136692e-13
3.3233283e-11
3.87833e-13
3.3206214e-11
3.4832234e-13
3.3181743e-11
3.1249316e-13
3.3159644e-11
2.8003005e-13
3.3139712e-11
2.5064216e-13
3.3121754e-11
2.2406154e-13
3.3105593e-11
2.0004157e-13
3.3091066e-11
1.7835541e-13
3.3078025e-11
1.587946e-13
3.3066331e-11
1.4116776e-13
3.305586e-11
1.2529929e-13
3.3046495e-11
1.1102822e-13
3.303813e-11
9.8207098e-14
3.3030671e-11
8.6700986e-14
3.3024028e-11
7.6386469e-14
3.3018122e-11
6.715078e-14
3.3012879e-11
5.8890955e-14
3.3008234e-11
5.1513064e-14
3.3004125e-11
4.4931483e-14
3.3000499e-11
3.9068228e-14
3.2997304e-11
3.3852328e-14
3.2994497e-11
2.9219253e-14
3.2992036e-11
2.5110373e-14
3.2989884e-11
2.1472473e-14
3.2988009e-11
1.8257286e-14
3.298638e-11
1.5421079e-14
3.298497e-11
1.2924257e-14
3.2983754e-11
1.0731008e-14
3.2982711e-11
8.8089687e-15
3.2981821e-11
7.1289226e-15
3.2981066e-11
5.6645182e-15
3.298043e-11
4.3920115e-15
3.2979899e-11
3.2900298e-15
3.2979461e-11
2.3393545e-15
3.2979103e-11
1.5227223e-15
3.2978815e-11
8.2464302e-16
3.297859e-11
2.3123296e-16
3.2978417e-11
-2.6993759e-16
3.2978291e-11
-6.8998352e-16
3.2978205e-11
-1.038832e-15
3.2978153e-11
-1.3253383e-15
3.2978131e-11
-1.5573915e-15
3.2978133e-11
-1.7420103e-15
3.2978156e-11
-1.8854306e-15
3.2978197e-11
-1.993185e-15
3.2978252e-11
-2.0701745e-15
3.297832e-11
-2.120734e-15
3.2978396e-11
-2.1486916e-15
3.2978481e-11
-2.1574216e-15
3.2978571e-11
-2.1498938e-15
3.2978666e-11
-2.1287161e-15
3.2978763e-11
-2.0961748e-15
3.2978863e-11
-2.0542693e-15
3.2978963e-11
-2.0047448e-15
3.2979063e-11
-1.9491202e-15
3.2979163e-11
-1.8887145e-15
3.2979262e-11
-1.8246694e-15
3.2979359e-11
-1.75797e-15
3.2979454e-11
-1.6894635e-15
3.2979547e-11
-1.6198756e-15
3.2979637e-11
-1.5498248e-15
3.2979724e-11
-1.479836e-15
3.2979808e-11
-1.4103518e-15
3.2979889e-11
-1.3417427e-15
3.2979967e-11
-1.2743166e-15
3.2980041e-11
-1.2083264e-15
3.2980113e-11
-1.1439775e-15
3.2980181e-11
-1.0814341e-15
3.2980246e-11
-1.0208243e-15
3.2980308e-11
-9.6224549e-16
3.2980366e-11
-9.057682e-16
3.2980422e-11
-8.5144013e-16
3.2980475e-11
-7.9928931e-16
3.2980524e-11
-7.4932695e-16
3.2980571e-11
-7.0154997e-16
3.2980616e-11
-6.5594318e-16
3.2980657e-11
-6.1248113e-16
3.2980697e-11
-5.7112984e-16
3.2980733e-11
-5.3184818e-16
3.2980768e-11
-4.945891e-16
3.29808e-11
-4.5930077e-16
3.298083e-11
-4.2592749e-16
3.2980859e-11
-3.9441049e-16
3.2980885e-11
-3.6468866e-16
3.2980909e-11
-3.3669916e-16
3.2980932e-11
-3.1037795e-16
3.2980953e-11
-2.8566025e-16
3.2980973e-11
-2.6248094e-16
3.2980991e-11
-2.4077492e-16
3.2981008e-11
-2.204774e-16
3.2981023e-11
-2.0152416e-16
3.2981038e-11
-1.8385182e-16
3.2981051e-11
-1.6739796e-16
3.2981063e-11
-1.5210135e-16
3.2981074e-11
-1.3790208e-16
3.2981084e-11
-1.2474167e-16
3.2981093e-11
-1.1256318e-16
3.2981102e-11
-1.013113e-16
3.2981109e-11
-9.0932435e-17
3.2981116e-11
-8.1374712e-17
3.2981123e-11
-7.2588069e-17
3.2981128e-11
-6.4524261e-17
3.2981134e-11
-5.7136881e-17
3.2981138e-11
-5.0381362e-17
3.2981142e-11
-4.4214972e-17
3.2981146e-11
-3.8596799e-17
3.2981149e-11
-3.3487722e-17
3.2981152e-11
-2.8850381e-17
3.2981155e-11
-2.4649125e-17
3.2981157e-11
-2.0849965e-17
3.2981159e-11
-1.7420509e-17
3.2981161e-11
-1.4329896e-17
3.2981162e-11
-1.1548717e-17
3.2981163e-11
-9.0489303e-18
3.2981164e-11
-6.8037705e-18
3.2981165e-11
-4.7876509e-18
3.2981166e-11
-2.9760581e-18
3.2981166e-11
-1.3454418e-18
3.2981167e-11
1.269006e-19
3.2981167e-11
1.4629443e-18
3.2981167e-11
2.6840606e-18
3.2981167e-11
3.8111423e-18
3.2981167e-11
4.8647293e-18
3.2981167e-11
5.8651327e-18
3.2981166e-11
6.8325534e-18
3.2981166e-11
7.7871921e-18
3.2981166e-11
8.7493459e-18
3.2981165e-11
9.7394854e-18
3.2981164e-11
1.0778304e-17
3.2981164e-11
1.1886731e-17
3.2981163e-11
1.3085895e-17
3.2981162e-11
1.439703e-17
3.2981161e-11
1.5841291e-17
3.298116e-11
1.7439483e-17
3.2981159e-11
1.9211649e-17
3.2981157e-11
2.1176513e-17
3.2981156e-11
2.335073e-17
3.2981154e-11
2.5747892e-17
3.2981153e-11
2.837726e-17
3.2981151e-11
3.1242141e-17
3.2981149e-11
3.4337846e-17
3.2981146e-11
3.764914e-17
3.2981144e-11
4.1147069e-17
3.2981141e-11
4.478505e-17
3.2981138e-11
4.8494066e-17
3.2981135e-11
5.2176783e-17
3.2981131e-11
5.5700032e-17
3.2981128e-11
5.8886609e-17
3.2981124e-11
6.1509719e-17
3.298112e-11
6.3283114e-17
6.3580796e-17
3.265303e-11
9.5378527e-13
3.2967412e-11
2.8008813e-12
3.3441391e-11
4.5115974e-12
3.4024117e-11
6.0228516e-12
3.4663405e-11
7.2944502e-12
3.5311837e-11
8.3075297e-12
3.5930631e-11
9.0620312e-12
3.6491327e-11
9.5725371e-12
3.697569e-11
9.8634952e-12
3.7374477e-11
9.9648086e-12
3.7685629e-11
9.9082557e-12
3.7912355e-11
9.7248849e-12
3.8061357e-11
9.4433297e-12
3.8141364e-11
9.0888853e-12
3.8162002e-11
8.683151e-12
3.813298e-11
8.2440578e-12
3.8063556e-11
7.7861289e-12
3.7962212e-11
7.3208629e-12
3.7836487e-11
6.8571614e-12
3.7692922e-11
6.4017522e-12
3.7537079e-11
5.9595806e-12
3.7373602e-11
5.5341545e-12
3.7206306e-11
5.1278407e-12
3.7038267e-11
4.7421112e-12
3.6871928e-11
4.3777467e-12
3.6709184e-11
4.0350004e-12
3.6551473e-11
3.7137298e-12
3.639985e-11
3.4135009e-12
3.6255055e-11
3.1336698e-12
3.6117571e-11
2.8734472e-12
3.5987672e-11
2.6319473e-12
3.586547e-11
2.4082261e-12
3.5750943e-11
2.2013106e-12
3.5643969e-11
2.0102202e-12
3.5544352e-11
1.8339831e-12
3.5451836e-11
1.6716486e-12
3.5366126e-11
1.522295e-12
3.5286898e-11
1.3850361e-12
3.5213814e-11
1.2590248e-12
3.5146525e-11
1.1434555e-12
3.5084682e-11
1.0375655e-12
3.5027937e-11
9.4063504e-13
3.4975952e-11
8.5198711e-13
3.4928398e-11
7.7098656e-13
3.4884958e-11
6.9703885e-13
3.484533e-11
6.2958865e-13
3.4809226e-11
5.6811816e-13
3.4776375e-11
5.1214539e-13
3.4746519e-11
4.6122236e-13
3.4719419e-11
4.1493329e-13
3.4694849e-11
3.7289278e-13
3.4672598e-11
3.34744e-13
3.4652471e-11
3.0015701e-13
3.4634286e-11
2.6882699e-13
3.4617875e-11
2.404727e-13
3.4603082e-11
2.1483485e-13
3.4589762e-11
1.9167465e-13
3.4577785e-11
1.7077241e-13
3.4567026e-11
1.5192616e-13
3.4557375e-11
1.3495043e-13
3.4548728e-11
1.1967501e-13
3.4540991e-11
1.0594386e-13
3.4534078e-11
9.3614067e-14
3.452791e-11
8.2554807e-14
3.4522414e-11
7.2646464e-14
3.4517526e-11
6.3779747e-14
3.4513184e-11
5.5854887e-14
3.4509334e-11
4.8780882e-14
3.4505928e-11
4.24748e-14
3.4502919e-11
3.6861126e-14
3.4500267e-11
3.1871159e-14
3.4497935e-11
2.744245e-14
3.4495889e-11
2.3518284e-14
3.4494099e-11
2.0047199e-14
3.4492538e-11
1.6982539e-14
3.449118e-11
1.4282045e-14
3.4490004e-11
1.1907475e-14
3.4488988e-11
9.8242566e-15
3.4488116e-11
8.0011609e-15
3.4487371e-11
6.4100085e-15
3.4486737e-11
5.0253962e-15
3.4486203e-11
3.8244465e-15
3.4485756e-11
2.7865774e-15
3.4485385e-11
1.8932914e-15
3.4485082e-11
1.1279825e-15
3.4484837e-11
4.7575858e-16
3.4484644e-11
-7.6719816e-17
3.4484495e-11
-5.4138799e-16
3.4484385e-11
-9.2891199e-16
3.4484309e-11
-1.248812e-15
3.4484261e-11
-1.5095746e-15
3.4484238e-11
-1.7187551e-15
3.4484235e-11
-1.8830708e-15
3.4484251e-11
-2.0084854e-15
3.4484281e-11
-2.1002859e-15
3.4484323e-11
-2.1631522e-15
3.4484376e-11
-2.2012203e-15
3.4484437e-11
-2.2181396e-15
3.4484504e-11
-2.2171242e-15
3.4484576e-11
-2.2009999e-15
3.4484652e-11
-2.1722463e-15
3.4484731e-11
-2.1330345e-15
3.4484811e-11
-2.0852616e-15
3.4484893e-11
-2.0305811e-15
3.4484975e-11
-1.9704306e-15
3.4485056e-11
-1.9060567e-15
3.4485136e-11
-1.8385366e-15
3.4485216e-11
-1.7687986e-15
3.4485294e-11
-1.6976394e-15
3.448537e-11
-1.6257397e-15
3.4485443e-11
-1.5536786e-15
3.4485515e-11
-1.4819461e-15
3.4485584e-11
-1.4109537e-15
3.4485651e-11
-1.341045e-15
3.4485715e-11
-1.2725036e-15
3.4485777e-11
-1.2055613e-15
3.4485836e-11
-1.1404049e-15
3.4485892e-11
-1.0771818e-15
3.4485946e-11
-1.0160058e-15
3.4485997e-11
-9.569613e-16
3.4486046e-11
-9.001074e-16
3.4486092e-11
-8.4548172e-16
3.4486136e-11
-7.9310327e-16
3.4486177e-11
-7.4297528e-16
3.4486216e-11
-6.9508752e-16
3.4486253e-11
-6.4941841e-16
3.4486288e-11
-6.059368e-16
3.4486321e-11
-5.6460354e-16
3.4486351e-11
-5.2537284e-16
3.448638e-11
-4.8819346e-16
3.4486407e-11
-4.5300977e-16
3.4486433e-11
-4.1976259e-16
3.4486456e-11
-3.8839001e-16
3.4486479e-11
-3.5882805e-16
3.4486499e-11
-3.3101125e-16
3.4486518e-11
-3.0487318e-16
3.4486536e-11
-2.8034687e-16
3.4486553e-11
-2.5736523e-16
3.4486568e-11
-2.3586134e-16
3.4486582e-11
-2.1576877e-16
3.4486596e-11
-1.9702183e-16
3.4486608e-11
-1.7955577e-16
3.4486619e-11
-1.6330697e-16
3.4486629e-11
-1.4821314e-16
3.4486639e-11
-1.342134e-16
3.4486647e-11
-1.2124843e-16
3.4486655e-11
-1.0926054e-16
3.4486663e-11
-9.8193792e-17
3.4486669e-11
-8.799402e-17
3.4486675e-11
-7.8608896e-17
3.4486681e-11
-6.998796e-17
3.4486686e-11
-6.2082638e-17
3.448669e-11
-5.4846254e-17
3.4486694e-11
-4.8234026e-17
3.4486698e-11
-4.2203045e-17
3.4486701e-11
-3.671226e-17
3.4486704e-11
-3.1722435e-17
3.4486706e-11
-2.719611e-17
3.4486709e-11
-2.3097544e-17
3.4486711e-11
-1.9392655e-17
3.4486712e-11
-1.6048949e-17
3.4486714e-11
-1.3035438e-17
3.4486715e-11
-1.032256e-17
3.4486716e-11
-7.8820797e-18
3.4486717e-11
-5.6869898e-18
3.4486718e-11
-3.7114029e-18
3.4486718e-11
-1.9304385e-18
3.4486719e-11
-3.2010339e-19
3.4486719e-11
1.1428313e-18
3.4486719e-11
2.4809574e-18
3.448672e-11
3.7163589e-18
3.448672e-11
4.8707413e-18
3.4486719e-11
5.9655592e-18
3.4486719e-11
7.0221389e-18
3.4486719e-11
8.0617923e-18
3.4486719e-11
9.1059173e-18
3.4486718e-11
1.0176078e-17
3.4486718e-11
1.1294061e-17
3.4486717e-11
1.2481887e-17
3.4486716e-11
1.3761784e-17
3.4486716e-11
1.5156093e-17
3.4486715e-11
1.668709e-17
3.4486714e-11
1.8376717e-17
3.4486713e-11
2.0246169e-17
3.4486712e-11
2.2315339e-17
3.448671e-11
2.4602056e-17
3.4486709e-11
2.712108e-17
3.4486708e-11
2.9882796e-17
3.4486706e-11
3.2891543e-17
3.4486704e-11
3.6143478e-17
3.4486702e-11
3.9623886e-17
3.44867e-11
4.3303788e-17
3.4486698e-11
4.7135701e-17
3.4486695e-11
5.104837e-17
3.4486692e-11
5.4940156e-17
3.4486689e-11
5.8670377e-17
3.4486686e-11
6.2049997e-17
3.4486683e-11
6.4835657e-17
3.4486679e-11
6.6713471e-17
6.6980102e-17
3.2639419e-11
8.5409801e-13
3.2919706e-11
2.520594e-12
3.3348816e-11
4.0824875e-12
3.3886459e-11
5.4852087e-12
3.4489728e-11
6.6911814e-12
3.5117922e-11
7.6793349e-12
3.573599e-11
8.4439633e-12
3.6316418e-11
8.9921091e-12
3.6839744e-11
9.34017e-12
3.7294051e-11
9.5105012e-12
3.7673864e-11
9.5284432e-12
3.7978771e-11
9.4199779e-12
3.8212044e-11
9.2100564e-12
3.8379397e-11
8.9215325e-12
3.8487957e-11
8.5745907e-12
3.8545476e-11
8.1865387e-12
3.8559754e-11
7.7718508e-12
3.8538252e-11
7.342365e-12
3.8487851e-11
6.9075627e-12
3.8414722e-11
6.4748812e-12
3.8324278e-11
6.0500244e-12
3.8221177e-11
5.6372552e-12
3.8109362e-11
5.2396557e-12
3.7992119e-11
4.8593547e-12
3.7872144e-11
4.4977213e-12
3.7751619e-11
4.1555257e-12
3.7632276e-11
3.8330725e-12
3.7515467e-11
3.5303099e-12
3.7402221e-11
3.2469164e-12
3.7293296e-11
2.9823723e-12
3.7189228e-11
2.7360148e-12
3.7090372e-11
2.5070826e-12
3.6996932e-11
2.2947505e-12
3.6908995e-11
2.0981568e-12
3.6826555e-11
1.9164236e-12
3.674953e-11
1.7486733e-12
3.6677785e-11
1.5940402e-12
3.6611141e-11
1.4516799e-12
3.654939e-11
1.3207753e-12
3.6492304e-11
1.2005414e-12
3.6439641e-11
1.0902284e-12
3.6391153e-11
9.8912333e-13
3.6346589e-11
8.9655102e-13
3.6305701e-11
8.1187442e-13
3.6268246e-11
7.3449415e-13
3.6233987e-11
6.6384781e-13
3.6202696e-11
5.9940892e-13
3.6174156e-11
5.4068564e-13
3.6148159e-11
4.8721943e-13
3.6124509e-11
4.3858347e-13
3.610302e-11
3.9438111e-13
3.608352e-11
3.5424431e-13
3.6065845e-11
3.1783202e-13
3.6049843e-11
2.8482861e-13
3.6035374e-11
2.5494233e-13
3.6022305e-11
2.2790385e-13
3.6010515e-11
2.0346475e-13
3.5999891e-11
1.813962e-13
3.599033e-11
1.6148759e-13
3.5981735e-11
1.435453e-13
3.5974018e-11
1.2739149e-13
3.5967099e-11
1.1286296e-13
3.5960903e-11
9.9810109e-14
3.5955362e-11
8.8095907e-14
3.5950413e-11
7.7594955e-14
3.5946001e-11
6.8192606e-14
3.5942071e-11
5.9784133e-14
3.5938578e-11
5.2273954e-14
3.5935478e-11
4.5574913e-14
3.5932732e-11
3.9607604e-14
3.5930303e-11
3.429975e-14
3.592816e-11
2.9585616e-14
3.5926273e-11
2.5405472e-14
3.5924615e-11
2.1705094e-14
3.5923162e-11
1.8435301e-14
3.5921893e-11
1.5551524e-14
3.5920787e-11
1.3013412e-14
3.5919826e-11
1.078447e-14
3.5918996e-11
8.8317152e-15
3.5918281e-11
7.1253747e-15
3.5917667e-11
5.6385946e-15
3.5917145e-11
4.3471801e-15
3.5916702e-11
3.2293535e-15
3.591633e-11
2.2655336e-15
3.5916019e-11
1.4381326e-15
3.5915764e-11
7.3137041e-16
3.5915556e-11
1.3110449e-16
3.591539e-11
-3.7532545e-16
3.591526e-11
-7.992396e-16
3.5915162e-11
-1.1507476e-15
3.5915091e-11
-1.4388669e-15
3.5915044e-11
-1.6716301e-15
3.5915017e-11
-1.8561835e-15
3.5915008e-11
-1.9988758e-15
3.5915013e-11
-2.105339e-15
3.591503e-11
-2.1805622e-15
3.5915058e-11
-2.2289579e-15
3.5915094e-11
-2.2544226e-15
3.5915138e-11
-2.2603909e-15
3.5915186e-11
-2.2498852e-15
3.591524e-11
-2.2255602e-15
3.5915297e-11
-2.1897425e-15
3.5915356e-11
-2.1444673e-15
3.5915417e-11
-2.0915108e-15
3.5915479e-11
-2.032419e-15
3.5915541e-11
-1.9685343e-15
3.5915604e-11
-1.9010188e-15
3.5915666e-11
-1.8308752e-15
3.5915727e-11
-1.7589658e-15
3.5915787e-11
-1.6860291e-15
3.5915846e-11
-1.6126947e-15
3.5915904e-11
-1.5394966e-15
3.591596e-11
-1.466885e-15
3.5916014e-11
-1.3952369e-15
3.5916066e-11
-1.3248649e-15
3.5916117e-11
-1.2560262e-15
3.5916165e-11
-1.1889292e-15
3.5916212e-11
-1.12374e-15
3.5916256e-11
-1.0605882e-15
3.5916299e-11
-9.9957182e-16
3.591634e-11
-9.4076151e-16
3.5916378e-11
-8.8420449e-16
3.5916415e-11
-8.2992783e-16
3.591645e-11
-7.7794138e-16
3.5916483e-11
-7.2824035e-16
3.5916515e-11
-6.8080748e-16
3.5916544e-11
-6.3561504e-16
3.5916572e-11
-5.9262648e-16
3.5916599e-11
-5.5179792e-16
3.5916624e-11
-5.1307943e-16
3.5916647e-11
-4.7641615e-16
3.5916669e-11
-4.4174924e-16
3.591669e-11
-4.0901674e-16
3.5916709e-11
-3.7815431e-16
3.5916727e-11
-3.4909583e-16
3.5916744e-11
-3.2177399e-16
3.591676e-11
-2.9612077e-16
3.5916775e-11
-2.7206782e-16
3.5916788e-11
-2.4954687e-16
3.5916801e-11
-2.2849001e-16
3.5916813e-11
-2.0883001e-16
3.5916824e-11
-1.9050049e-16
3.5916834e-11
-1.7343618e-16
3.5916843e-11
-1.5757306e-16
3.5916852e-11
-1.4284855e-16
3.591686e-11
-1.2920159e-16
3.5916867e-11
-1.1657276e-16
3.5916874e-11
-1.049044e-16
3.591688e-11
-9.4140631e-17
3.5916886e-11
-8.4227427e-17
3.5916891e-11
-7.5112663e-17
3.5916895e-11
-6.6746128e-17
3.59169e-11
-5.907954e-17
3.5916903e-11
-5.206654e-17
3.5916907e-11
-4.5662688e-17
3.591691e-11
-3.9825432e-17
3.5916913e-11
-3.4514077e-17
3.5916915e-11
-2.9689745e-17
3.5916918e-11
-2.5315314e-17
3.591692e-11
-2.1355361e-17
3.5916921e-11
-1.777609e-17
3.5916923e-11
-1.4545253e-17
3.5916924e-11
-1.1632059e-17
3.5916925e-11
-9.0070832e-18
3.5916926e-11
-6.6421622e-18
3.5916927e-11
-4.5102855e-18
3.5916928e-11
-2.5854801e-18
3.5916928e-11
-8.426893e-19
3.5916929e-11
7.4235246e-19
3.5916929e-11
2.193249e-18
3.5916929e-11
3.5330739e-18
3.5916929e-11
4.7845021e-18
3.5916929e-11
5.9699399e-18
3.5916929e-11
7.1116503e-18
3.5916929e-11
8.2318693e-18
3.5916929e-11
9.3529095e-18
3.5916928e-11
1.0497244e-17
3.5916928e-11
1.1687562e-17
3.5916927e-11
1.2946793e-17
3.5916927e-11
1.4298078e-17
3.5916926e-11
1.5764678e-17
3.5916926e-11
1.7369809e-17
3.5916925e-11
1.9136372e-17
3.5916924e-11
2.1086548e-17
3.5916923e-11
2.3241248e-17
3.5916922e-11
2.5619344e-17
3.5916921e-11
2.8236663e-17
3.591692e-11
3.1104665e-17
3.5916918e-11
3.4228723e-17
3.5916917e-11
3.760593e-17
3.5916915e-11
4.1222288e-17
3.5916914e-11
4.504914e-17
3.5916912e-11
4.9038646e-17
3.591691e-11
5.3118075e-17
3.5916907e-11
5.71826e-17
3.5916905e-11
6.108577e-17
3.5916902e-11
6.4628755e-17
3.59169e-11
6.7551896e-17
3.5916897e-11
6.9523111e-17
6.9762028e-17
3.2628114e-11
7.657156e-13
3.2879394e-11
2.2693139e-12
3.3269103e-11
3.6927783e-12
3.3765231e-11
4.9890812e-12
3.4332551e-11
6.1238614e-12
3.4936392e-11
7.0754931e-12
3.5545574e-11
7.8347818e-12
3.6134275e-11
8.4034082e-12
3.6682865e-11
8.7915801e-12
3.7177887e-11
9.0154789e-12
3.7611464e-11
9.0948659e-12
3.7980382e-11
9.0510608e-12
3.8285054e-11
8.9053837e-12
3.8528527e-11
8.6780598e-12
3.8715588e-11
8.3875296e-12
3.8852041e-11
8.0500862e-12
3.8944136e-11
7.6797549e-12
3.8998162e-11
7.2883394e-12
3.9020152e-11
6.8855722e-12
3.9015711e-11
6.4793231e-12
3.8989904e-11
6.0758311e-12
3.8947222e-11
5.6799372e-12
3.8891572e-11
5.2953055e-12
3.8826303e-11
4.9246235e-12
3.8754246e-11
4.5697783e-12
3.8677762e-11
4.2320102e-12
3.8598793e-11
3.9120417e-12
3.8518916e-11
3.6101866e-12
3.8439392e-11
3.3264398e-12
3.8361213e-11
3.0605515e-12
3.8285141e-11
2.8120875e-12
3.8211745e-11
2.5804781e-12
3.8141438e-11
2.3650572e-12
3.8074501e-11
2.1650938e-12
3.8011108e-11
1.9798169e-12
3.7951347e-11
1.8084347e-12
3.7895237e-11
1.6501501e-12
3.7842744e-11
1.5041725e-12
3.7793793e-11
1.3697265e-12
3.7748276e-11
1.2460584e-12
3.7706063e-11
1.1324416e-12
3.7667007e-11
1.0281791e-12
3.7630951e-11
9.3260661e-13
3.7597733e-11
8.4509306e-13
3.7567185e-11
7.6504169e-13
3.7539143e-11
6.9188985e-13
3.7513444e-11
6.2510862e-13
3.7489927e-11
5.6420208e-13
3.746844e-11
5.0870633e-13
3.7448835e-11
4.5818831e-13
3.7430972e-11
4.1224455e-13
3.7414716e-11
3.7049975e-13
3.7399943e-11
3.3260544e-13
3.7386533e-11
2.9823851e-13
3.7374376e-11
2.670998e-13
3.7363367e-11
2.3891266e-13
3.735341e-11
2.1342161e-13
3.7344415e-11
1.90391e-13
3.7336299e-11
1.6960371e-13
3.7328985e-11
1.5085988e-13
3.73224e-11
1.3397581e-13
3.731648e-11
1.1878273e-13
3.7311165e-11
1.0512582e-13
3.7306397e-11
9.2863171e-14
3.7302128e-11
8.1864806e-14
3.7298308e-11
7.2011824e-14
3.7294897e-11
6.3195538e-14
3.7291854e-11
5.5316698e-14
3.7289144e-11
4.8284747e-14
3.7286735e-11
4.2017138e-14
3.7284596e-11
3.6438694e-14
3.7282701e-11
3.148101e-14
3.7281024e-11
2.70819e-14
3.7279544e-11
2.3184884e-14
3.7278241e-11
1.9738709e-14
3.7277096e-11
1.669691e-14
3.7276092e-11
1.40174e-14
3.7275214e-11
1.1662094e-14
3.7274449e-11
9.5965639e-15
3.7273785e-11
7.7897115e-15
3.727321e-11
6.2134791e-15
3.7272714e-11
4.842575e-15
3.727229e-11
3.6542241e-15
3.7271927e-11
2.6279392e-15
3.727162e-11
1.7453102e-15
3.7271362e-11
9.8981125e-16
3.7271146e-11
3.4662457e-16
3.7270968e-11
-1.9752132e-16
3.7270823e-11
-6.5449907e-16
3.7270708e-11
-1.0349173e-15
3.7270617e-11
-1.3482436e-15
3.7270548e-11
-1.6029165e-15
3.7270499e-11
-1.8064474e-15
3.7270465e-11
-1.9655137e-15
3.7270446e-11
-2.0860428e-15
3.7270439e-11
-2.1732888e-15
3.7270442e-11
-2.231902e-15
3.7270453e-11
-2.2659915e-15
3.7270472e-11
-2.2791826e-15
3.7270497e-11
-2.2746677e-15
3.7270526e-11
-2.2552534e-15
3.727056e-11
-2.2234017e-15
3.7270597e-11
-2.1812685e-15
3.7270636e-11
-2.130737e-15
3.7270677e-11
-2.0734486e-15
3.7270719e-11
-2.0108299e-15
3.7270763e-11
-1.9441178e-15
3.7270806e-11
-1.8743813e-15
3.727085e-11
-1.8025408e-15
3.7270893e-11
-1.7293864e-15
3.7270936e-11
-1.6555927e-15
3.7270978e-11
-1.5817337e-15
3.7271019e-11
-1.5082942e-15
3.727106e-11
-1.4356818e-15
3.7271099e-11
-1.3642357e-15
3.7271138e-11
-1.2942361e-15
3.7271175e-11
-1.2259116e-15
3.727121e-11
-1.1594456e-15
3.7271245e-11
-1.0949828e-15
3.7271278e-11
-1.0326341e-15
3.7271309e-11
-9.7248114e-16
3.727134e-11
-9.1458067e-16
3.7271369e-11
-8.589677e-16
3.7271397e-11
-8.0565884e-16
3.7271423e-11
-7.5465491e-16
3.7271448e-11
-7.0594336e-16
3.7271472e-11
-6.5950027e-16
3.7271495e-11
-6.1529222e-16
3.7271516e-11
-5.7327781e-16
3.7271536e-11
-5.3340903e-16
3.7271556e-11
-4.9563247e-16
3.7271574e-11
-4.5989033e-16
3.7271591e-11
-4.2612134e-16
3.7271607e-11
-3.9426154e-16
3.7271622e-11
-3.6424494e-16
3.7271636e-11
-3.3600413e-16
3.727165e-11
-3.0947079e-16
3.7271662e-11
-2.8457615e-16
3.7271674e-11
-2.6125135e-16
3.7271685e-11
-2.3942781e-16
3.7271695e-11
-2.1903749e-16
3.7271705e-11
-2.0001318e-16
3.7271713e-11
-1.8228868e-16
3.7271722e-11
-1.6579902e-16
3.7271729e-11
-1.504806e-16
3.7271736e-11
-1.3627135e-16
3.7271743e-11
-1.231108e-16
3.7271749e-11
-1.1094022e-16
3.7271755e-11
-9.9702663e-17
3.727176e-11
-8.9343032e-17
3.7271764e-11
-7.9808132e-17
3.7271769e-11
-7.1046686e-17
3.7271773e-11
-6.3009353e-17
3.7271776e-11
-5.5648732e-17
3.7271779e-11
-4.8919346e-17
3.7271782e-11
-4.2777626e-17
3.7271785e-11
-3.7181875e-17
3.7271787e-11
-3.2092225e-17
3.727179e-11
-2.7470587e-17
3.7271791e-11
-2.3280587e-17
3.7271793e-11
-1.9487497e-17
3.7271795e-11
-1.6058152e-17
3.7271796e-11
-1.2960868e-17
3.7271797e-11
-1.016534e-17
3.7271798e-11
-7.6425458e-18
3.7271799e-11
-5.364631e-18
3.72718e-11
-3.304797e-18
3.72718e-11
-1.4371776e-18
3.7271801e-11
2.6328657e-19
3.7271801e-11
1.8209783e-18
3.7271801e-11
3.2597357e-18
3.7271802e-11
4.6029847e-18
3.7271802e-11
5.8738704e-18
3.7271802e-11
7.0953834e-18
3.7271802e-11
8.2904772e-18
3.7271802e-11
9.4821741e-18
3.7271801e-11
1.0693651e-17
3.7271801e-11
1.1948299e-17
3.7271801e-11
1.326975e-17
3.72718e-11
1.468185e-17
3.72718e-11
1.6208582e-17
3.7271799e-11
1.7873899e-17
3.7271799e-11
1.9701463e-17
3.7271798e-11
2.1714256e-17
3.7271798e-11
2.3934027e-17
3.7271797e-11
2.6380541e-17
3.7271796e-11
2.9070567e-17
3.7271795e-11
3.2016554e-17
3.7271794e-11
3.5224889e-17
3.7271793e-11
3.869366e-17
3.7271792e-11
4.2409759e-17
3.7271791e-11
4.6345177e-17
3.7271789e-11
5.0452245e-17
3.7271788e-11
5.4657599e-17
3.7271786e-11
5.8854397e-17
3.7271784e-11
6.2891839e-17
3.7271782e-11
6.6563515e-17
3.727178e-11
6.9598833e-17
3.7271778e-11
7.1644336e-17
7.1860881e-17
3.2618642e-11
6.8680548e-13
3.2845127e-11
2.0428281e-12
3.3200273e-11
3.3376331e-12
3.3658572e-11
4.5307814e-12
3.419112e-11
5.591314e-12
3.4768526e-11
6.4980867e-12
3.5363363e-11
7.2399451e-12
3.5951892e-11
7.8148793e-12
3.6515027e-11
8.2284453e-12
3.7038617e-11
8.4918881e-12
3.7513223e-11
8.6202605e-12
3.793355e-11
8.6307338e-12
3.8297724e-11
8.5412094e-12
3.8606517e-11
8.369267e-12
3.8862613e-11
8.1314331e-12
3.9069973e-11
7.8427269e-12
3.9233301e-11
7.5164263e-12
3.9357642e-11
7.1639984e-12
3.9448071e-11
6.7951437e-12
3.9509481e-11
6.4179134e-12
3.9546445e-11
6.0388665e-12
3.9563137e-11
5.6632457e-12
3.9563287e-11
5.2951553e-12
3.955018e-11
4.9377302e-12
3.9526666e-11
4.5932922e-12
3.9495187e-11
4.2634897e-12
3.9457809e-11
3.949419e-12
3.9416266e-11
3.6517299e-12
3.9371991e-11
3.3707151e-12
3.9326158e-11
3.1063847e-12
3.9279716e-11
2.8585294e-12
3.9233422e-11
2.6267718e-12
3.918787e-11
2.4106092e-12
3.9143516e-11
2.2094479e-12
3.9100701e-11
2.0226315e-12
3.9059673e-11
1.8494633e-12
3.9020599e-11
1.6892242e-12
3.8983584e-11
1.5411868e-12
3.8948684e-11
1.4046269e-12
3.8915911e-11
1.2788315e-12
3.8885247e-11
1.1631057e-12
3.8856648e-11
1.0567776e-12
3.8830054e-11
9.5920119e-13
3.8805388e-11
8.6975926e-13
3.8782565e-11
7.8786463e-13
3.8761494e-11
7.1296099e-13
3.8742079e-11
6.445231e-13
3.8724225e-11
5.8205662e-13
3.8707833e-11
5.2509755e-13
3.869281e-11
4.7321144e-13
3.8679062e-11
4.2599245e-13
3.86665e-11
3.830622e-13
3.8655037e-11
3.4406856e-13
3.8644591e-11
3.0868443e-13
3.8635084e-11
2.7660643e-13
3.8626443e-11
2.4755358e-13
3.8618599e-11
2.2126603e-13
3.8611486e-11
1.9750377e-13
3.8605044e-11
1.7604544e-13
3.8599217e-11
1.5668705e-13
3.8593952e-11
1.392409e-13
3.85892e-11
1.2353442e-13
3.8584917e-11
1.0940917e-13
3.858106e-11
9.6719777e-14
3.8577592e-11
8.533304e-14
3.8574477e-11
7.5127006e-14
3.8571682e-11
6.5990133e-14
3.8569179e-11
5.7820502e-14
3.8566938e-11
5.0525072e-14
3.8564936e-11
4.4018987e-14
3.856315e-11
3.8224925e-14
3.8561559e-11
3.3072498e-14
3.8560143e-11
2.8497687e-14
3.8558885e-11
2.4442319e-14
3.8557771e-11
2.0853584e-14
3.8556784e-11
1.7683582e-14
3.8555912e-11
1.4888909e-14
3.8555144e-11
1.2430275e-14
3.8554469e-11
1.027214e-14
3.8553876e-11
8.3823957e-15
3.8553357e-11
6.7320569e-15
3.8552905e-11
5.294986e-15
3.8552512e-11
4.0476363e-15
3.8552171e-11
2.9688172e-15
3.8551877e-11
2.0394782e-15
3.8551624e-11
1.2425114e-15
3.8551408e-11
5.6256995e-16
3.8551224e-11
-1.4097789e-17
3.855107e-11
-4.9979983e-16
3.855094e-11
-9.0553919e-16
3.8550833e-11
-1.2411403e-15
3.8550746e-11
-1.5153643e-15
3.8550675e-11
-1.7360142e-15
3.855062e-11
-1.9100302e-15
3.8550577e-11
-2.0435767e-15
3.8550546e-11
-2.1421213e-15
3.8550525e-11
-2.2105061e-15
3.8550512e-11
-2.2530128e-15
3.8550506e-11
-2.2734213e-15
3.8550506e-11
-2.2750632e-15
3.8550512e-11
-2.2608691e-15
3.8550522e-11
-2.2334124e-15
3.8550536e-11
-2.1949482e-15
3.8550552e-11
-2.1474485e-15
3.8550572e-11
-2.0926337e-15
3.8550593e-11
-2.0320008e-15
3.8550616e-11
-1.9668494e-15
3.8550639e-11
-1.8983038e-15
3.8550664e-11
-1.8273339e-15
3.855069e-11
-1.7547732e-15
3.8550715e-11
-1.6813352e-15
3.8550741e-11
-1.6076276e-15
3.8550767e-11
-1.5341654e-15
3.8550793e-11
-1.4613825e-15
3.8550818e-11
-1.3896415e-15
3.8550843e-11
-1.3192427e-15
3.8550868e-11
-1.2504327e-15
3.8550892e-11
-1.1834103e-15
3.8550915e-11
-1.118334e-15
3.8550938e-11
-1.0553262e-15
3.855096e-11
-9.9447909e-16
3.8550981e-11
-9.3585806e-16
3.8551002e-11
-8.7950584e-16
3.8551021e-11
-8.2544564e-16
3.855104e-11
-7.7368393e-16
3.8551059e-11
-7.24213e-16
3.8551076e-11
-6.7701304e-16
3.8551093e-11
-6.3205413e-16
3.8551109e-11
-5.892978e-16
3.8551124e-11
-5.4869852e-16
3.8551139e-11
-5.1020493e-16
3.8551153e-11
-4.7376092e-16
3.8551166e-11
-4.3930661e-16
3.8551178e-11
-4.0677914e-16
3.855119e-11
-3.761134e-16
3.8551202e-11
-3.4724266e-16
3.8551212e-11
-3.2009911e-16
3.8551222e-11
-2.9461433e-16
3.8551232e-11
-2.7071968e-16
3.8551241e-11
-2.4834669e-16
3.8551249e-11
-2.2742735e-16
3.8551257e-11
-2.0789438e-16
3.8551264e-11
-1.8968145e-16
3.8551271e-11
-1.7272341e-16
3.8551278e-11
-1.569564e-16
3.8551284e-11
-1.4231806e-16
3.8551289e-11
-1.287476e-16
3.8551295e-11
-1.1618591e-16
3.8551299e-11
-1.0457568e-16
3.8551304e-11
-9.3861394e-17
3.8551308e-11
-8.3989414e-17
3.8551312e-11
-7.4908015e-17
3.8551316e-11
-6.6567388e-17
3.8551319e-11
-5.8919649e-17
3.8551322e-11
-5.1918829e-17
3.8551325e-11
-4.5520855e-17
3.8551327e-11
-3.9683519e-17
3.8551329e-11
-3.4366436e-17
3.8551331e-11
-2.9530991e-17
3.8551333e-11
-2.5140282e-17
3.8551335e-11
-2.1159047e-17
3.8551336e-11
-1.7553588e-17
3.8551338e-11
-1.4291683e-17
3.8551339e-11
-1.1342489e-17
3.855134e-11
-8.6764459e-18
3.8551341e-11
-6.2651635e-18
3.8551342e-11
-4.0813076e-18
3.8551342e-11
-2.0984798e-18
3.8551343e-11
-2.9109195e-19
3.8551343e-11
1.3657631e-18
3.8551344e-11
2.8964429e-18
3.8551344e-11
4.3248871e-18
3.8551344e-11
5.6747482e-18
3.8551344e-11
6.9695174e-18
3.8551344e-11
8.2326433e-18
3.8551344e-11
9.4876367e-18
3.8551344e-11
1.0758159e-17
3.8551344e-11
1.2068083e-17
3.8551344e-11
1.3441524e-17
3.8551344e-11
1.4902817e-17
3.8551343e-11
1.6476445e-17
3.8551343e-11
1.818688e-17
3.8551343e-11
2.0058335e-17
3.8551342e-11
2.2114384e-17
3.8551342e-11
2.4377421e-17
3.8551341e-11
2.6867925e-17
3.8551341e-11
2.9603459e-17
3.855134e-11
3.259735e-17
3.855134e-11
3.5856948e-17
3.8551339e-11
3.9381365e-17
3.8551338e-11
4.315853e-17
3.8551337e-11
4.7161381e-17
3.8551337e-11
5.1342948e-17
3.8551336e-11
5.563001e-17
3.8551335e-11
5.9914912e-17
3.8551333e-11
6.4044476e-17
3.8551332e-11
6.7807167e-17
3.8551331e-11
7.0921926e-17
3.8551329e-11
7.3025301e-17
7.3221645e-17
3.2610647e-11
6.1589027e-13
3.2815853e-11
1.8376214e-12
3.3140688e-11
3.0127983e-12
3.3564778e-11
4.1066921e-12
3.4064392e-11
5.0917e-12
3.4614698e-11
5.9477804e-12
3.5191759e-11
6.6628835e-12
3.5774069e-11
7.2325693e-12
3.6343532e-11
7.6589829e-12
3.6885915e-11
7.9495047e-12
3.7390873e-11
8.1153027e-12
3.7851652e-11
8.1699546e-12
3.8264611e-11
8.128251e-12
3.8628647e-11
8.0052309e-12
3.8944619e-11
7.8154607e-12
3.9214808e-11
7.5725383e-12
3.9442445e-11
7.288789e-12
3.963133e-11
6.9751132e-12
3.9785526e-11
6.6409478e-12
3.9909133e-11
6.2943071e-12
4.0006124e-11
5.9418753e-12
4.0080241e-11
5.5891281e-12
4.0134929e-11
5.2404681e-12
4.0173296e-11
4.8993624e-12
4.0198113e-11
4.5684753e-12
4.0211812e-11
4.2497913e-12
4.0216505e-11
3.944726e-12
4.0214009e-11
3.6542253e-12
4.0205874e-11
3.3788504e-12
4.0193407e-11
3.1188522e-12
4.0177702e-11
2.8742341e-12
4.0159669e-11
2.6448046e-12
4.0140056e-11
2.430222e-12
4.0119473e-11
2.2300312e-12
4.0098411e-11
2.0436936e-12
4.0077262e-11
1.8706124e-12
4.0056333e-11
1.7101527e-12
4.0035863e-11
1.5616573e-12
4.0016029e-11
1.4244603e-12
3.9996964e-11
1.2978969e-12
3.9978758e-11
1.1813117e-12
3.9961471e-11
1.0740644e-12
3.9945137e-11
9.7553512e-13
3.9929769e-11
8.8512703e-13
3.9915365e-11
8.0226913e-13
3.9901908e-11
7.2641764e-13
3.9889374e-11
6.5705685e-13
3.9877732e-11
5.9369947e-13
3.9866943e-11
5.3588655e-13
3.9856967e-11
4.8318707e-13
3.9847762e-11
4.3519728e-13
3.9839284e-11
3.9153983e-13
3.983149e-11
3.5186286e-13
3.9824336e-11
3.1583881e-13
3.9817779e-11
2.831634e-13
3.9811778e-11
2.5355435e-13
3.9806294e-11
2.2675026e-13
3.9801288e-11
2.0250938e-13
3.9796725e-11
1.8060845e-13
3.9792571e-11
1.6084157e-13
3.9788793e-11
1.4301904e-13
3.9785361e-11
1.2696636e-13
3.9782247e-11
1.1252313e-13
3.9779424e-11
9.9542108e-14
3.9776869e-11
8.788826e-14
3.9774558e-11
7.7437888e-14
3.9772471e-11
6.8077783e-14
3.9770587e-11
5.9704442e-14
3.9768888e-11
5.2223327e-14
3.9767359e-11
4.5548173e-14
3.9765984e-11
3.9600337e-14
3.9764748e-11
3.4308193e-14
3.9763639e-11
2.9606567e-14
3.9762645e-11
2.5436213e-14
3.9761756e-11
2.174332e-14
3.976096e-11
1.8479063e-14
3.976025e-11
1.5599183e-14
3.9759617e-11
1.3063595e-14
3.9759053e-11
1.0836031e-14
3.9758551e-11
8.8837081e-15
3.9758106e-11
7.1770228e-15
3.9757712e-11
5.6892685e-15
3.9757363e-11
4.3963764e-15
3.9757055e-11
3.2766774e-15
3.9756784e-11
2.3106832e-15
3.9756546e-11
1.4808851e-15
3.9756337e-11
7.7157026e-16
3.9756154e-11
1.6865312e-16
3.9755995e-11
-3.4047883e-16
3.9755856e-11
-7.6710588e-16
3.9755737e-11
-1.1213047e-15
3.9755633e-11
-1.4120659e-15
3.9755545e-11
-1.6474004e-15
3.9755469e-11
-1.8344373e-15
3.9755405e-11
-1.9795122e-15
3.9755351e-11
-2.0882475e-15
3.9755306e-11
-2.1656253e-15
3.9755269e-11
-2.216054e-15
3.9755239e-11
-2.2434277e-15
3.9755215e-11
-2.2511806e-15
3.9755197e-11
-2.2423363e-15
3.9755183e-11
-2.2195515e-15
3.9755173e-11
-2.1851562e-15
3.9755167e-11
-2.1411897e-15
3.9755164e-11
-2.0894325e-15
3.9755163e-11
-2.0314359e-15
3.9755165e-11
-1.9685475e-15
3.9755168e-11
-1.9019349e-15
3.9755174e-11
-1.8326065e-15
3.975518e-11
-1.7614303e-15
3.9755188e-11
-1.68915e-15
3.9755197e-11
-1.6164009e-15
3.9755207e-11
-1.5437219e-15
3.9755217e-11
-1.4715684e-15
3.9755227e-11
-1.400322e-15
3.9755238e-11
-1.3303e-15
3.975525e-11
-1.2617636e-15
3.9755261e-11
-1.1949251e-15
3.9755273e-11
-1.1299543e-15
3.9755285e-11
-1.0669841e-15
3.9755296e-11
-1.0061156e-15
3.9755308e-11
-9.4742218e-16
3.9755319e-11
-8.9095366e-16
3.9755331e-11
-8.3673941e-16
3.9755342e-11
-7.8479135e-16
3.9755353e-11
-7.3510657e-16
3.9755363e-11
-6.8766952e-16
3.9755374e-11
-6.4245399e-16
3.9755384e-11
-5.9942482e-16
3.9755394e-11
-5.5853939e-16
3.9755403e-11
-5.197489e-16
3.9755412e-11
-4.8299956e-16
3.9755421e-11
-4.4823348e-16
3.975543e-11
-4.1538962e-16
3.9755438e-11
-3.8440448e-16
3.9755446e-11
-3.5521275e-16
3.9755454e-11
-3.277479e-16
3.9755461e-11
-3.0194266e-16
3.9755468e-11
-2.7772942e-16
3.9755475e-11
-2.5504062e-16
3.9755481e-11
-2.338091e-16
3.9755487e-11
-2.1396831e-16
3.9755493e-11
-1.9545259e-16
3.9755499e-11
-1.7819738e-16
3.9755504e-11
-1.6213937e-16
3.9755509e-11
-1.4721665e-16
3.9755513e-11
-1.3336888e-16
3.9755518e-11
-1.2053731e-16
3.9755522e-11
-1.0866494e-16
3.9755526e-11
-9.7696524e-17
3.9755529e-11
-8.7578672e-17
3.9755532e-11
-7.8259842e-17
3.9755536e-11
-6.9690375e-17
3.9755538e-11
-6.18225e-17
3.9755541e-11
-5.4610324e-17
3.9755544e-11
-4.8009816e-17
3.9755546e-11
-4.1978775e-17
3.9755548e-11
-3.6476795e-17
3.975555e-11
-3.1465208e-17
3.9755552e-11
-2.6907032e-17
3.9755553e-11
-2.2766898e-17
3.9755555e-11
-1.9010976e-17
3.9755556e-11
-1.560689e-17
3.9755557e-11
-1.2523623e-17
3.9755558e-11
-9.731421e-18
3.9755559e-11
-7.2016843e-18
3.975556e-11
-4.9068549e-18
3.9755561e-11
-2.8202984e-18
3.9755561e-11
-9.1618119e-19
3.9755562e-11
8.306567e-19
3.9755562e-11
2.4448304e-18
3.9755563e-11
3.9505403e-18
3.9755563e-11
5.3717002e-18
3.9755563e-11
6.7320618e-18
3.9755564e-11
8.0553316e-18
3.9755564e-11
9.3652759e-18
3.9755564e-11
1.0685808e-17
3.9755564e-11
1.2041053e-17
3.9755564e-11
1.3455376e-17
3.9755564e-11
1.495337e-17
3.9755564e-11
1.6559788e-17
3.9755564e-11
1.8299392e-17
3.9755563e-11
2.0196718e-17
3.9755563e-11
2.2275706e-17
3.9755563e-11
2.4559188e-17
3.9755563e-11
2.7068158e-17
3.9755563e-11
2.9820801e-17
3.9755562e-11
3.2831189e-17
3.9755562e-11
3.6107557e-17
3.9755562e-11
3.9650041e-17
3.9755562e-11
4.3447721e-17
3.9755561e-11
4.7474758e-17
3.9755561e-11
5.1685367e-17
3.9755561e-11
5.6007311e-17
3.975556e-11
6.0333339e-17
3.975556e-11
6.4509439e-17
3.9755559e-11
6.8321411e-17
3.9755559e-11
7.1484008e-17
3.9755558e-11
7.3620676e-17
7.3800986e-17
3.2603859e-11
5.5176291e-13
3.2790743e-11
1.6507371e-12
3.3089003e-11
2.7145383e-12
3.3482327e-11
3.7133684e-12
3.3951219e-11
4.6228081e-12
3.4474734e-11
5.4242651e-12
3.5032097e-11
6.1055208e-12
3.5604025e-11
6.6606414e-12
3.6173664e-11
7.0893437e-12
3.6727122e-11
7.3960465e-12
3.7253648e-11
7.5887766e-12
3.7745534e-11
7.6780686e-12
3.8197827e-11
7.6759578e-12
3.8607932e-11
7.5951259e-12
3.8975169e-11
7.448224e-12
3.9300335e-11
7.2473718e-12
3.9585307e-11
7.0038174e-12
3.983269e-11
6.7277308e-12
4.0045532e-11
6.4281053e-12
4.0227101e-11
6.1127383e-12
4.0380707e-11
5.7882687e-12
4.0509584e-11
5.4602511e-12
4.06168e-11
5.1332523e-12
4.0705205e-11
4.8109571e-12
4.0777404e-11
4.496277e-12
4.083574e-11
4.1914554e-12
4.08823e-11
3.8981657e-12
4.0918924e-11
3.6176016e-12
4.0947217e-11
3.3505568e-12
4.0968574e-11
3.0974958e-12
4.0984192e-11
2.8586152e-12
4.09951e-11
2.6338968e-12
4.1002171e-11
2.4231517e-12
4.1006143e-11
2.226059e-12
4.1007639e-11
2.0421972e-12
4.1007181e-11
1.8710706e-12
4.1005203e-11
1.712131e-12
4.1002064e-11
1.5647957e-12
4.0998063e-11
1.4284621e-12
4.099344e-11
1.302519e-12
4.0988396e-11
1.1863563e-12
4.0983089e-11
1.0793718e-12
4.0977646e-11
9.8097724e-13
4.0972171e-11
8.9060253e-13
4.0966741e-11
8.0769864e-13
4.0961419e-11
7.3173999e-13
4.095625e-11
6.6222585e-13
4.0951268e-11
5.986812e-13
4.0946498e-11
5.4065709e-13
4.0941954e-11
4.8773055e-13
4.0937647e-11
4.3950432e-13
4.0933581e-11
3.9560624e-13
4.0929755e-11
3.5568847e-13
4.0926167e-11
3.1942665e-13
4.0922812e-11
2.8651889e-13
4.0919682e-11
2.5668475e-13
4.0916768e-11
2.2966413e-13
4.0914061e-11
2.0521619e-13
4.0911551e-11
1.8311826e-13
4.0909228e-11
1.6316476e-13
4.0907081e-11
1.4516613e-13
4.0905099e-11
1.2894782e-13
4.0903273e-11
1.1434927e-13
4.0901592e-11
1.0122298e-13
4.0900047e-11
8.9433581e-14
4.0898628e-11
7.8856999e-14
4.0897326e-11
6.9379609e-14
4.0896133e-11
6.089747e-14
4.0895041e-11
5.3315596e-14
4.0894042e-11
4.654727e-14
4.0893129e-11
4.0513397e-14
4.0892295e-11
3.5141912e-14
4.0891534e-11
3.0367209e-14
4.0890841e-11
2.6129625e-14
4.0890209e-11
2.2374951e-14
4.0889634e-11
1.905398e-14
4.0889111e-11
1.6122088e-14
4.0888636e-11
1.3538847e-14
4.0888204e-11
1.1267662e-14
4.0887813e-11
9.2754448e-15
4.0887457e-11
7.5323038e-15
4.0887135e-11
6.0112626e-15
4.0886844e-11
4.6880005e-15
4.088658e-11
3.5406133e-15
4.0886341e-11
2.5493935e-15
4.0886125e-11
1.6966292e-15
4.0885931e-11
9.6641858e-16
4.0885755e-11
3.4450117e-16
4.0885596e-11
-1.8189741e-16
4.0885453e-11
-6.2420698e-16
4.0885325e-11
-9.9264219e-16
4.0885209e-11
-1.2963206e-15
4.0885105e-11
-1.5433703e-15
4.0885011e-11
-1.7410277e-15
4.0884928e-11
-1.8957271e-15
4.0884853e-11
-2.0131812e-15
4.0884785e-11
-2.0984551e-15
4.0884725e-11
-2.1560328e-15
4.0884672e-11
-2.1898776e-15
4.0884624e-11
-2.2034868e-15
4.0884582e-11
-2.1999414e-15
4.0884544e-11
-2.1819506e-15
4.0884511e-11
-2.1518919e-15
4.0884482e-11
-2.1118478e-15
4.0884456e-11
-2.0636381e-15
4.0884433e-11
-2.0088494e-15
4.0884413e-11
-1.9488618e-15
4.0884396e-11
-1.8848718e-15
4.0884382e-11
-1.8179141e-15
4.0884369e-11
-1.7488802e-15
4.0884359e-11
-1.6785356e-15
4.088435e-11
-1.6075345e-15
4.0884342e-11
-1.5364335e-15
4.0884337e-11
-1.4657034e-15
4.0884332e-11
-1.39574e-15
4.0884329e-11
-1.3268731e-15
4.0884326e-11
-1.2593754e-15
4.0884325e-11
-1.1934693e-15
4.0884324e-11
-1.129334e-15
4.0884324e-11
-1.0671107e-15
4.0884325e-11
-1.0069079e-15
4.0884326e-11
-9.4880588e-16
4.0884328e-11
-8.9286046e-16
4.0884331e-11
-8.3910659e-16
4.0884333e-11
-7.8756126e-16
4.0884337e-11
-7.3822613e-16
4.088434e-11
-6.9108986e-16
4.0884344e-11
-6.4613007e-16
4.0884347e-11
-6.0331513e-16
4.0884352e-11
-5.6260569e-16
4.0884356e-11
-5.2395597e-16
4.088436e-11
-4.8731495e-16
4.0884364e-11
-4.5262739e-16
4.0884369e-11
-4.1983467e-16
4.0884373e-11
-3.8887559e-16
4.0884378e-11
-3.5968699e-16
4.0884382e-11
-3.3220438e-16
4.0884387e-11
-3.063624e-16
4.0884391e-11
-2.8209527e-16
4.0884395e-11
-2.5933716e-16
4.08844e-11
-2.3802253e-16
4.0884404e-11
-2.1808639e-16
4.0884408e-11
-1.9946456e-16
4.0884412e-11
-1.8209387e-16
4.0884415e-11
-1.6591233e-16
4.0884419e-11
-1.508593e-16
4.0884423e-11
-1.3687559e-16
4.0884426e-11
-1.2390359e-16
4.0884429e-11
-1.1188734e-16
4.0884432e-11
-1.0077259e-16
4.0884435e-11
-9.0506842e-17
4.0884438e-11
-8.1039418e-17
4.0884441e-11
-7.2321446e-17
4.0884443e-11
-6.4305882e-17
4.0884445e-11
-5.69475e-17
4.0884448e-11
-5.0202874e-17
4.088445e-11
-4.4030354e-17
4.0884452e-11
-3.8390026e-17
4.0884453e-11
-3.3243661e-17
4.0884455e-11
-2.8554665e-17
4.0884456e-11
-2.4288005e-17
4.0884458e-11
-2.0410144e-17
4.0884459e-11
-1.688895e-17
4.088446e-11
-1.3693614e-17
4.0884461e-11
-1.0794548e-17
4.0884462e-11
-8.1632876e-18
4.0884463e-11
-5.7723756e-18
4.0884464e-11
-3.5952535e-18
4.0884465e-11
-1.6061391e-18
4.0884465e-11
2.2009517e-19
4.0884466e-11
1.9080482e-18
4.0884466e-11
3.4819158e-18
4.0884467e-11
4.9656159e-18
4.0884467e-11
6.3829095e-18
4.0884467e-11
7.7575147e-18
4.0884468e-11
9.1132098e-18
4.0884468e-11
1.047392e-17
4.0884468e-11
1.186378e-17
4.0884468e-11
1.3307169e-17
4.0884468e-11
1.4828697e-17
4.0884468e-11
1.6453144e-17
4.0884468e-11
1.8205326e-17
4.0884469e-11
2.010986e-17
4.0884469e-11
2.2190825e-17
4.0884469e-11
2.4471256e-17
4.0884469e-11
2.6972455e-17
4.0884469e-11
2.9713038e-17
4.0884469e-11
3.2707666e-17
4.0884469e-11
3.5965354e-17
4.0884469e-11
3.9487235e-17
4.088447e-11
4.3263624e-17
4.088447e-11
4.7270149e-17
4.088447e-11
5.1462685e-17
4.088447e-11
5.5770715e-17
4.088447e-11
6.0088606e-17
4.0884471e-11
6.4263575e-17
4.0884471e-11
6.8081474e-17
4.0884471e-11
7.1253498e-17
4.0884471e-11
7.3402595e-17
7.3567648e-17
3.259807e-11
4.9342487e-13
3.2769138e-11
1.4796682e-12
3.3044107e-11
2.4395698e-12
3.340989e-11
3.3475849e-12
3.3850453e-11
4.1822451e-12
3.4348144e-11
4.9265748e-12
3.4884993e-11
5.5686715e-12
3.5443841e-11
6.1017931e-12
3.600919e-11
6.5239945e-12
3.656776e-11
6.8374773e-12
3.7108758e-11
7.047778e-12
3.7623922e-11
7.1629043e-12
3.8107375e-11
7.1925054e-12
3.8555367e-11
7.1471342e-12
3.8965957e-11
7.0376338e-12
3.9338672e-11
6.8746571e-12
3.9674173e-11
6.668316e-12
3.9973958e-11
6.4279456e-12
4.0240099e-11
6.1619641e-12
4.0475028e-11
5.8778091e-12
4.0681365e-11
5.5819318e-12
4.0861786e-11
5.2798308e-12
4.1018924e-11
4.9761139e-12
4.1155306e-11
4.674575e-12
4.1273304e-11
4.3782793e-12
4.1375109e-11
4.0896502e-12
4.1462721e-11
3.8105538e-12
4.1537944e-11
3.5423787e-12
4.1602392e-11
3.286109e-12
4.1657497e-11
3.0423899e-12
4.1704526e-11
2.8115868e-12
4.1744587e-11
2.5938358e-12
4.177865e-11
2.3890883e-12
4.180756e-11
2.1971488e-12
4.183205e-11
2.0177077e-12
4.1852753e-11
1.8503678e-12
4.1870216e-11
1.6946678e-12
4.1884911e-11
1.5501007e-12
4.1897243e-11
1.41613e-12
4.190756e-11
1.2922016e-12
4.1916162e-11
1.1777549e-12
4.1923303e-11
1.0722306e-12
4.1929203e-11
9.7507713e-13
4.193405e-11
8.8575603e-13
4.1938003e-11
8.0374545e-13
4.19412e-11
7.2854311e-13
4.1943757e-11
6.5966824e-13
4.1945776e-11
5.9666291e-13
4.194734e-11
5.3909278e-13
4.1948523e-11
4.8654741e-13
4.1949387e-11
4.3864025e-13
4.1949985e-11
3.9500829e-13
4.1950362e-11
3.5531152e-13
4.1950556e-11
3.1923229e-13
4.1950601e-11
2.8647445e-13
4.1950523e-11
2.5676245e-13
4.1950347e-11
2.2984039e-13
4.1950092e-11
2.0547104e-13
4.1949775e-11
1.834348e-13
4.1949411e-11
1.6352873e-13
4.1949012e-11
1.4556553e-13
4.1948587e-11
1.2937257e-13
4.1948146e-11
1.1479095e-13
4.1947694e-11
1.0167458e-13
4.1947238e-11
8.9889308e-14
4.1946783e-11
7.9312097e-14
4.1946333e-11
6.98302e-14
4.194589e-11
6.134043e-14
4.1945457e-11
5.374844e-14
4.1945036e-11
4.6968056e-14
4.1944629e-11
4.0920646e-14
4.1944236e-11
3.553453e-14
4.1943859e-11
3.0744433e-14
4.1943498e-11
2.6490964e-14
4.1943152e-11
2.2720143e-14
4.1942823e-11
1.9382952e-14
4.1942511e-11
1.6434921e-14
4.1942214e-11
1.383575e-14
4.1941932e-11
1.1548945e-14
4.1941666e-11
9.5414972e-15
4.1941415e-11
7.7835779e-15
4.1941178e-11
6.2482571e-15
4.1940955e-11
4.9112479e-15
4.1940745e-11
3.7506688e-15
4.1940547e-11
2.7468259e-15
4.1940362e-11
1.882013e-15
4.1940188e-11
1.1403279e-15
4.1940025e-11
5.0750437e-16
4.1939872e-11
-2.924178e-17
4.193973e-11
-4.8135362e-16
4.1939596e-11
-8.5906164e-16
4.1939471e-11
-1.1715012e-15
4.1939355e-11
-1.4268195e-15
4.1939246e-11
-1.6322735e-15
4.1939144e-11
-1.794318e-15
4.193905e-11
-1.918687e-15
4.1938962e-11
-2.0104667e-15
4.193888e-11
-2.074162e-15
4.1938804e-11
-2.1137566e-15
4.1938733e-11
-2.1327681e-15
4.1938668e-11
-2.1342966e-15
4.1938607e-11
-2.12107e-15
4.193855e-11
-2.0954837e-15
4.1938498e-11
-2.0596372e-15
4.193845e-11
-2.0153665e-15
4.1938405e-11
-1.9642735e-15
4.1938364e-11
-1.9077526e-15
4.1938326e-11
-1.847014e-15
4.1938292e-11
-1.7831051e-15
4.193826e-11
-1.7169295e-15
4.193823e-11
-1.6492638e-15
4.1938204e-11
-1.5807725e-15
4.1938179e-11
-1.5120221e-15
4.1938157e-11
-1.4434924e-15
4.1938137e-11
-1.3755877e-15
4.1938119e-11
-1.3086457e-15
4.1938102e-11
-1.2429465e-15
4.1938087e-11
-1.1787194e-15
4.1938074e-11
-1.1161498e-15
4.1938062e-11
-1.0553851e-15
4.1938052e-11
-9.9653927e-16
4.1938043e-11
-9.3969795e-16
4.1938035e-11
-8.8492195e-16
4.1938028e-11
-8.3225088e-16
4.1938022e-11
-7.8170615e-16
4.1938017e-11
-7.3329364e-16
4.1938013e-11
-6.8700598e-16
4.193801e-11
-6.4282462e-16
4.1938007e-11
-6.007216e-16
4.1938005e-11
-5.6066104e-16
4.1938004e-11
-5.2260054e-16
4.1938003e-11
-4.8649232e-16
4.1938003e-11
-4.5228428e-16
4.1938003e-11
-4.1992082e-16
4.1938003e-11
-3.8934365e-16
4.1938004e-11
-3.6049249e-16
4.1938005e-11
-3.3330558e-16
4.1938007e-11
-3.0772023e-16
4.1938008e-11
-2.8367326e-16
4.193801e-11
-2.6110134e-16
4.1938012e-11
-2.3994136e-16
4.1938014e-11
-2.2013068e-16
4.1938016e-11
-2.016074e-16
4.1938018e-11
-1.8431053e-16
4.1938021e-11
-1.6818022e-16
4.1938023e-11
-1.5315783e-16
4.1938025e-11
-1.3918615e-16
4.1938028e-11
-1.2620941e-16
4.193803e-11
-1.1417344e-16
4.1938032e-11
-1.0302568e-16
4.1938034e-11
-9.2715247e-17
4.1938037e-11
-8.3192987e-17
4.1938039e-11
-7.4411465e-17
4.1938041e-11
-6.6324989e-17
4.1938043e-11
-5.8889599e-17
4.1938044e-11
-5.2063054e-17
4.1938046e-11
-4.5804805e-17
4.1938048e-11
-4.0075958e-17
4.1938049e-11
-3.4839228e-17
4.1938051e-11
-3.0058886e-17
4.1938052e-11
-2.5700694e-17
4.1938054e-11
-2.1731839e-17
4.1938055e-11
-1.812085e-17
4.1938056e-11
-1.4837513e-17
4.1938057e-11
-1.1852781e-17
4.1938058e-11
-9.1386758e-18
4.1938059e-11
-6.6681797e-18
4.193806e-11
-4.4151299e-18
4.1938061e-11
-2.3541028e-18
4.1938061e-11
-4.602964e-19
4.1938062e-11
1.2905891e-18
4.1938062e-11
2.9224723e-18
4.1938063e-11
4.4590107e-18
4.1938063e-11
5.9237164e-18
4.1938064e-11
7.3400664e-18
4.1938064e-11
8.731602e-18
4.1938065e-11
1.0122013e-17
4.1938065e-11
1.15352e-17
4.1938065e-11
1.2995309e-17
4.1938065e-11
1.4526722e-17
4.1938066e-11
1.6154004e-17
4.1938066e-11
1.7901772e-17
4.1938066e-11
1.9794485e-17
4.1938067e-11
2.1856112e-17
4.1938067e-11
2.4109662e-17
4.1938067e-11
2.6576515e-17
4.1938068e-11
2.9275514e-17
4.1938068e-11
3.2221734e-17
4.1938069e-11
3.5424846e-17
4.193807e-11
3.8886928e-17
4.193807e-11
4.2599585e-17
4.1938071e-11
4.6540118e-17
4.1938072e-11
5.0666488e-17
4.1938073e-11
5.4910688e-17
4.1938074e-11
5.9169891e-17
4.1938074e-11
6.3294109e-17
4.1938075e-11
6.7071802e-17
4.1938077e-11
7.0217386e-17
4.1938078e-11
7.2350468e-17
7.2503002e-17
3.2593116e-11
4.4004043e-13
3.2750513e-11
1.3222712e-12
3.3005084e-11
2.1849986e-12
3.3346318e-11
3.006351e-12
3.3761006e-11
3.767557e-12
3.4234269e-11
4.4533115e-12
3.4750599e-11
5.0523414e-12
3.5294801e-11
5.5575918e-12
3.585275e-11
5.966045e-12
3.6411938e-11
6.2782891e-12
3.696179e-11
6.4979262e-12
3.749379e-11
6.6309043e-12
3.800145e-11
6.6848454e-12
3.8480162e-11
6.6684221e-12
3.8926981e-11
6.5908156e-12
3.9340365e-11
6.4612723e-12
3.9719921e-11
6.2887607e-12
4.0066142e-11
6.0817244e-12
4.0380188e-11
5.8479178e-12
4.0663685e-11
5.5943121e-12
4.0918561e-11
5.327056e-12
4.1146914e-11
5.0514779e-12
4.135091e-11
4.7721179e-12
4.1532706e-11
4.4927794e-12
4.1694392e-11
4.2165928e-12
4.1837958e-11
3.9460841e-12
4.1965266e-11
3.6832464e-12
4.2078037e-11
3.4296079e-12
4.2177848e-11
3.1862977e-12
4.2266132e-11
2.9541055e-12
4.2344183e-11
2.7335357e-12
4.2413163e-11
2.5248567e-12
4.2474108e-11
2.3281429e-12
4.2527945e-11
2.143312e-12
4.2575495e-11
1.9701573e-12
4.2617488e-11
1.808375e-12
4.2654568e-11
1.6575875e-12
4.2687306e-11
1.5173626e-12
4.2716206e-11
1.3872301e-12
4.2741713e-11
1.2666951e-12
4.2764219e-11
1.1552491e-12
4.278407e-11
1.0523789e-12
4.2801574e-11
9.575737e-13
4.2816999e-11
8.7033066e-13
4.2830585e-11
7.9015948e-13
4.2842543e-11
7.165856e-13
4.2853058e-11
6.4915265e-13
4.2862297e-11
5.8742419e-13
4.2870405e-11
5.3098478e-13
4.2877512e-11
4.7944066e-13
4.2883732e-11
4.3241997e-13
4.2889168e-11
3.8957269e-13
4.2893909e-11
3.5057027e-13
4.2898036e-11
3.151052e-13
4.290162e-11
2.828903e-13
4.2904725e-11
2.5365796e-13
4.2907406e-11
2.2715936e-13
4.2909713e-11
2.0316351e-13
4.2911692e-11
1.8145638e-13
4.291338e-11
1.6183996e-13
4.2914814e-11
1.4413137e-13
4.2916025e-11
1.2816188e-13
4.291704e-11
1.1377609e-13
4.2917884e-11
1.0083101e-13
4.2918578e-11
8.9195279e-14
4.2919141e-11
7.8748309e-14
4.2919592e-11
6.9379568e-14
4.2919945e-11
6.0987832e-14
4.2920213e-11
5.3480509e-14
4.2920408e-11
4.6772987e-14
4.292054e-11
4.0788028e-14
4.292062e-11
3.5455193e-14
4.2920654e-11
3.0710312e-14
4.292065e-11
2.649498e-14
4.2920614e-11
2.2756089e-14
4.2920551e-11
1.9445402e-14
4.2920467e-11
1.6519139e-14
4.2920365e-11
1.3937611e-14
4.2920249e-11
1.1664869e-14
4.2920122e-11
9.6683836e-15
4.2919987e-11
7.9187512e-15
4.2919846e-11
6.3894168e-15
4.2919701e-11
5.0564239e-15
4.2919553e-11
3.8981816e-15
4.2919405e-11
2.8952514e-15
4.2919257e-11
2.0301509e-15
4.291911e-11
1.2871738e-15
4.2918965e-11
6.5222473e-16
4.2918823e-11
1.1266837e-16
4.2918685e-11
-3.4280907e-16
4.291855e-11
-7.243261e-16
4.2918419e-11
-1.0409214e-15
4.2918293e-11
-1.300659e-15
4.2918172e-11
-1.5107244e-15
4.2918055e-11
-1.6775115e-15
4.2917943e-11
-1.8067026e-15
4.2917836e-11
-1.9033398e-15
4.2917734e-11
-1.9718912e-15
4.2917636e-11
-2.0163098e-15
4.2917543e-11
-2.0400874e-15
4.2917455e-11
-2.0463033e-15
4.2917372e-11
-2.0376681e-15
4.2917293e-11
-2.0165635e-15
4.2917219e-11
-1.9850781e-15
4.2917148e-11
-1.9450394e-15
4.2917082e-11
-1.8980433e-15
4.291702e-11
-1.8454793e-15
4.2916961e-11
-1.7885549e-15
4.2916906e-11
-1.7283155e-15
4.2916855e-11
-1.665664e-15
4.2916807e-11
-1.6013771e-15
4.2916763e-11
-1.5361204e-15
4.2916721e-11
-1.4704615e-15
4.2916683e-11
-1.4048824e-15
4.2916647e-11
-1.3397896e-15
4.2916614e-11
-1.2755235e-15
4.2916583e-11
-1.212367e-15
4.2916555e-11
-1.1505526e-15
4.2916529e-11
-1.090269e-15
4.2916505e-11
-1.0316667e-15
4.2916484e-11
-9.7486344e-16
4.2916464e-11
-9.1994822e-16
4.2916446e-11
-8.6698547e-16
4.291643e-11
-8.1601841e-16
4.2916415e-11
-7.6707211e-16
4.2916402e-11
-7.2015608e-16
4.291639e-11
-6.7526664e-16
4.291638e-11
-6.323889e-16
4.291637e-11
-5.9149852e-16
4.2916362e-11
-5.525633e-16
4.2916355e-11
-5.1554445e-16
4.2916349e-11
-4.8039781e-16
4.2916344e-11
-4.4707484e-16
4.291634e-11
-4.155235e-16
4.2916336e-11
-3.8568903e-16
4.2916333e-11
-3.575146e-16
4.2916331e-11
-3.3094189e-16
4.2916329e-11
-3.0591161e-16
4.2916328e-11
-2.8236388e-16
4.2916327e-11
-2.6023865e-16
4.2916326e-11
-2.3947601e-16
4.2916326e-11
-2.2001646e-16
4.2916326e-11
-2.0180114e-16
4.2916327e-11
-1.8477205e-16
4.2916327e-11
-1.6887221e-16
4.2916328e-11
-1.5404581e-16
4.2916329e-11
-1.4023831e-16
4.2916331e-11
-1.2739658e-16
4.2916332e-11
-1.1546894e-16
4.2916333e-11
-1.0440525e-16
4.2916335e-11
-9.4156929e-17
4.2916336e-11
-8.4677008e-17
4.2916338e-11
-7.5920145e-17
4.2916339e-11
-6.7842624e-17
4.2916341e-11
-6.0402358e-17
4.2916342e-11
-5.3558868e-17
4.2916344e-11
-4.7273262e-17
4.2916345e-11
-4.1508197e-17
4.2916346e-11
-3.622784e-17
4.2916348e-11
-3.1397811e-17
4.2916349e-11
-2.698513e-17
4.291635e-11
-2.2958145e-17
4.2916351e-11
-1.9286462e-17
4.2916353e-11
-1.594086e-17
4.2916354e-11
-1.2893211e-17
4.2916355e-11
-1.011638e-17
4.2916356e-11
-7.5841318e-18
4.2916356e-11
-5.2710237e-18
4.2916357e-11
-3.1523018e-18
4.2916358e-11
-1.2037884e-18
4.2916359e-11
5.9823102e-19
4.2916359e-11
2.2771215e-18
4.291636e-11
3.8560116e-18
4.291636e-11
5.3579039e-18
4.2916361e-11
6.8057784e-18
4.2916361e-11
8.222688e-18
4.2916362e-11
9.6318383e-18
4.2916362e-11
1.1056648e-17
4.2916363e-11
1.2520784e-17
4.2916363e-11
1.4048152e-17
4.2916364e-11
1.5662854e-17
4.2916364e-11
1.7389061e-17
4.2916365e-11
1.9250823e-17
4.2916365e-11
2.1271755e-17
4.2916366e-11
2.3474592e-17
4.2916367e-11
2.5880563e-17
4.2916368e-11
2.8508519e-17
4.2916368e-11
3.1373765e-17
4.2916369e-11
3.4486479e-17
4.291637e-11
3.7849612e-17
4.2916372e-11
4.145608e-17
4.2916373e-11
4.5285041e-17
4.2916374e-11
4.9296941e-17
4.2916376e-11
5.3426948e-17
4.2916377e-11
5.7576195e-17
4.2916379e-11
6.1599529e-17
4.2916381e-11
6.5290814e-17
4.2916383e-11
6.8368438e-17
4.2916384e-11
7.0461676e-17
7.0601125e-17
3.2588869e-11
3.9090231e-13
3.2734443e-11
1.1766978e-12
3.2971178e-11
1.9482632e-12
3.3290622e-11
2.6869073e-12
3.3681875e-11
3.3763039e-12
3.4132384e-11
4.0028024e-12
3.4628773e-11
4.5559524e-12
3.5157626e-11
5.0287388e-12
3.5706151e-11
5.4175197e-12
3.6262688e-11
5.7217526e-12
3.6817044e-11
5.9435705e-12
3.7360675e-11
6.087273e-12
3.788673e-11
6.15879e-12
3.8389989e-11
6.1651634e-12
3.8866725e-11
6.1140795e-12
3.9314527e-11
6.0134702e-12
3.9732097e-11
5.8711911e-12
4.0119045e-11
5.6947766e-12
4.0475697e-11
5.4912651e-12
4.0802923e-11
5.2670858e-12
4.1101983e-11
5.0279969e-12
4.1374397e-11
4.779063e-12
4.1621851e-11
4.5246638e-12
4.1846107e-11
4.2685239e-12
4.2048943e-11
4.0137569e-12
4.2232108e-11
3.762919e-12
4.2397289e-11
3.5180656e-12
4.2546087e-11
3.2808098e-12
4.2680006e-11
3.0523787e-12
4.2800444e-11
2.8336673e-12
4.2908692e-11
2.6252881e-12
4.3005933e-11
2.4276157e-12
4.3093248e-11
2.2408275e-12
4.3171621e-11
2.0649391e-12
4.3241943e-11
1.8998355e-12
4.330502e-11
1.7452978e-12
4.3361581e-11
1.6010268e-12
4.3412282e-11
1.4666617e-12
4.3457714e-11
1.3417977e-12
4.349841e-11
1.2259989e-12
4.3534849e-11
1.1188102e-12
4.3567461e-11
1.0197665e-12
4.3596635e-11
9.2840029e-13
4.3622718e-11
8.4424786e-13
4.3646023e-11
7.668539e-13
4.3666833e-11
6.9577531e-13
4.3685402e-11
6.30584e-13
4.3701957e-11
5.7086889e-13
4.3716705e-11
5.1623736e-13
4.3729829e-11
4.6631615e-13
4.3741498e-11
4.2075181e-13
4.3751859e-11
3.7921088e-13
4.376105e-11
3.4137974e-13
4.3769191e-11
3.069643e-13
4.3776392e-11
2.7568946e-13
4.3782751e-11
2.4729853e-13
4.3788358e-11
2.2155251e-13
4.3793292e-11
1.9822926e-13
4.3797626e-11
1.7712275e-13
4.3801424e-11
1.5804222e-13
4.3804744e-11
1.4081126e-13
4.3807638e-11
1.2526706e-13
4.3810155e-11
1.1125952e-13
4.3812336e-11
9.8650442e-14
4.3814218e-11
8.7312793e-14
4.3815836e-11
7.7129903e-14
4.3817221e-11
6.7994764e-14
4.38184e-11
5.9809337e-14
4.3819396e-11
5.2483899e-14
4.3820233e-11
4.5936429e-14
4.3820929e-11
4.0092021e-14
4.3821502e-11
3.4882338e-14
4.3821967e-11
3.0245102e-14
4.3822338e-11
2.6123608e-14
4.3822628e-11
2.2466281e-14
4.3822847e-11
1.9226256e-14
4.3823006e-11
1.6360987e-14
4.3823111e-11
1.3831893e-14
4.3823172e-11
1.1604016e-14
4.3823195e-11
9.6457145e-15
4.3823185e-11
7.9283779e-15
4.3823148e-11
6.4261609e-15
4.3823089e-11
5.1157398e-15
4.3823011e-11
3.976088e-15
4.3822918e-11
2.9882693e-15
4.3822813e-11
2.1352479e-15
4.3822699e-11
1.4017141e-15
4.3822577e-11
7.7392446e-16
4.382245e-11
2.3955493e-16
4.382232e-11
-2.1243279e-16
4.3822187e-11
-5.9191406e-16
4.3822054e-11
-9.0771323e-16
4.3821921e-11
-1.1677058e-15
4.3821789e-11
-1.3789115e-15
4.3821659e-11
-1.5475792e-15
4.3821532e-11
-1.6792639e-15
4.3821407e-11
-1.7788971e-15
4.3821286e-11
-1.8508501e-15
4.3821169e-11
-1.8989918e-15
4.3821056e-11
-1.9267414e-15
4.3820946e-11
-1.937115e-15
4.3820842e-11
-1.9327692e-15
4.3820741e-11
-1.9160389e-15
4.3820645e-11
-1.8889729e-15
4.3820553e-11
-1.8533648e-15
4.3820466e-11
-1.8107812e-15
4.3820383e-11
-1.7625877e-15
4.3820305e-11
-1.709971e-15
4.382023e-11
-1.6539597e-15
4.382016e-11
-1.5954425e-15
4.3820094e-11
-1.5351846e-15
4.3820031e-11
-1.4738423e-15
4.3819973e-11
-1.411976e-15
4.3819918e-11
-1.3500618e-15
4.3819867e-11
-1.2885022e-15
4.3819819e-11
-1.2276346e-15
4.3819774e-11
-1.1677399e-15
4.3819733e-11
-1.1090496e-15
4.3819694e-11
-1.0517522e-15
4.3819659e-11
-9.9599893e-16
4.3819626e-11
-9.4190834e-16
4.3819595e-11
-8.8957112e-16
4.3819567e-11
-8.3905368e-16
4.3819542e-11
-7.9040165e-16
4.3819518e-11
-7.4364278e-16
4.3819497e-11
-6.9878956e-16
4.3819478e-11
-6.558415e-16
4.381946e-11
-6.1478711e-16
4.3819444e-11
-5.7560561e-16
4.381943e-11
-5.3826849e-16
4.3819417e-11
-5.0274075e-16
4.3819406e-11
-4.6898215e-16
4.3819395e-11
-4.3694808e-16
4.3819386e-11
-4.0659052e-16
4.3819379e-11
-3.7785876e-16
4.3819372e-11
-3.5070002e-16
4.3819366e-11
-3.2506005e-16
4.3819361e-11
-3.008836e-16
4.3819357e-11
-2.7811482e-16
4.3819353e-11
-2.5669764e-16
4.381935e-11
-2.365761e-16
4.3819348e-11
-2.1769457e-16
4.3819346e-11
-1.9999801e-16
4.3819345e-11
-1.8343214e-16
4.3819344e-11
-1.6794363e-16
4.3819343e-11
-1.5348021e-16
4.3819343e-11
-1.3999081e-16
4.3819343e-11
-1.2742562e-16
4.3819343e-11
-1.1573618e-16
4.3819344e-11
-1.0487546e-16
4.3819344e-11
-9.4797864e-17
4.3819345e-11
-8.5459275e-17
4.3819346e-11
-7.6817076e-17
4.3819347e-11
-6.8830151e-17
4.3819348e-11
-6.1458878e-17
4.3819349e-11
-5.4665115e-17
4.381935e-11
-4.8412174e-17
4.3819352e-11
-4.2664795e-17
4.3819353e-11
-3.7389095e-17
4.3819354e-11
-3.2552528e-17
4.3819355e-11
-2.8123826e-17
4.3819356e-11
-2.4072939e-17
4.3819357e-11
-2.0370963e-17
4.3819358e-11
-1.6990069e-17
4.3819359e-11
-1.3903419e-17
4.381936e-11
-1.1085082e-17
4.3819361e-11
-8.5099446e-18
4.3819362e-11
-6.1536109e-18
4.3819363e-11
-3.992307e-18
4.3819364e-11
-2.0027765e-18
4.3819364e-11
-1.6217662e-19
4.3819365e-11
1.5520281e-18
4.3819366e-11
3.1621703e-18
4.3819367e-11
4.6904825e-18
4.3819367e-11
6.1591937e-18
4.3819368e-11
7.5906175e-18
4.3819368e-11
9.0072283e-18
4.3819369e-11
1.0431717e-17
4.381937e-11
1.1887025e-17
4.381937e-11
1.3396339e-17
4.3819371e-11
1.4983047e-17
4.3819372e-11
1.6670629e-17
4.3819373e-11
1.8482475e-17
4.3819373e-11
2.0441598e-17
4.3819374e-11
2.2570218e-17
4.3819375e-11
2.4889171e-17
4.3819376e-11
2.7417096e-17
4.3819378e-11
3.0169325e-17
4.3819379e-11
3.3156391e-17
4.381938e-11
3.6382019e-17
4.3819382e-11
3.9840442e-17
4.3819384e-11
4.3512813e-17
4.3819386e-11
4.7362413e-17
4.3819388e-11
5.132829e-17
4.381939e-11
5.5316633e-17
4.3819392e-11
5.9188629e-17
4.3819395e-11
6.2746042e-17
4.3819398e-11
6.5718063e-17
4.38194e-11
6.7741199e-17
6.7868888e-17
3.2585229e-11
3.4540544e-13
3.2720586e-11
1.0413405e-12
3.2941764e-11
1.727085e-12
3.3241959e-11
2.3867125e-12
3.3612158e-11
3.0061047e-12
3.4041752e-11
3.5732091e-12
3.4519195e-11
4.0785095e-12
3.5032657e-11
4.5152767e-12
3.5570594e-11
4.8795822e-12
3.6122213e-11
5.1701343e-12
3.6677802e-11
5.3879811e-12
3.7228947e-11
5.5361281e-12
3.7768621e-11
5.6191154e-12
3.8291191e-11
5.6425937e-12
3.8792343e-11
5.6129278e-12
3.9268967e-11
5.5368459e-12
3.9719011e-11
5.4211471e-12
4.014132e-11
5.2724676e-12
4.0535479e-11
5.0971063e-12
4.0901662e-11
4.9009025e-12
4.12405e-11
4.6891591e-12
4.155296e-11
4.4666035e-12
4.1840246e-11
4.2373778e-12
4.2103718e-11
4.0050513e-12
4.2344826e-11
3.7726486e-12
4.2565057e-11
3.5426883e-12
4.2765895e-11
3.3172278e-12
4.2948793e-11
3.0979115e-12
4.3115154e-11
2.8860184e-12
4.3266311e-11
2.6825095e-12
4.3403528e-11
2.4880718e-12
4.3527984e-11
2.3031592e-12
4.3640782e-11
2.1280302e-12
4.374294e-11
1.9627805e-12
4.3835402e-11
1.8073732e-12
4.3919036e-11
1.6616645e-12
4.3994637e-11
1.5254257e-12
4.4062935e-11
1.3983632e-12
4.4124599e-11
1.2801338e-12
4.4180239e-11
1.1703596e-12
4.423041e-11
1.0686386e-12
4.4275622e-11
9.7455487e-13
4.4316336e-11
8.8768596e-13
4.4352975e-11
8.0760938e-13
4.4385921e-11
7.3390766e-13
4.4415524e-11
6.6617223e-13
4.4442101e-11
6.0400654e-13
4.4465942e-11
5.4702833e-13
4.4487308e-11
4.9487123e-13
4.4506438e-11
4.4718592e-13
4.4523549e-11
4.0364078e-13
4.4538838e-11
3.6392226e-13
4.4552483e-11
3.2773486e-13
4.4564646e-11
2.9480101e-13
4.4575475e-11
2.6486066e-13
4.4585103e-11
2.3767085e-13
4.459365e-11
2.1300503e-13
4.4601227e-11
1.9065245e-13
4.4607932e-11
1.7041745e-13
4.4613856e-11
1.5211866e-13
4.4619079e-11
1.3558828e-13
4.4623675e-11
1.2067127e-13
4.4627709e-11
1.0722462e-13
4.4631243e-11
9.5116623e-14
4.463433e-11
8.4226073e-14
4.4637018e-11
7.4441633e-14
4.4639352e-11
6.5661126e-14
4.464137e-11
5.7790898e-14
4.4643109e-11
5.0745203e-14
4.46446e-11
4.4445624e-14
4.4645871e-11
3.8820519e-14
4.4646949e-11
3.3804507e-14
4.4647856e-11
2.9337979e-14
4.4648613e-11
2.5366649e-14
4.4649238e-11
2.1841121e-14
4.4649748e-11
1.87165e-14
4.4650157e-11
1.5952015e-14
4.4650478e-11
1.3510683e-14
4.4650723e-11
1.1358986e-14
4.4650903e-11
9.4665765e-15
4.4651025e-11
7.8060077e-15
4.4651099e-11
6.3524775e-15
4.4651131e-11
5.0835981e-15
4.4651128e-11
3.9791811e-15
4.4651095e-11
3.0210402e-15
4.4651037e-11
2.19281e-15
4.4650959e-11
1.4797789e-15
4.4650864e-11
8.6873692e-16
4.4650756e-11
3.4783516e-16
4.4650637e-11
-9.3542208e-17
4.465051e-11
-4.6489527e-16
4.4650377e-11
-7.7471546e-16
4.465024e-11
-1.0305834e-15
4.4650101e-11
-1.239258e-15
4.464996e-11
-1.4067579e-15
4.4649819e-11
-1.5384348e-15
4.4649679e-11
-1.6390413e-15
4.4649541e-11
-1.7127917e-15
4.4649405e-11
-1.7634171e-15
4.4649273e-11
-1.7942157e-15
4.4649144e-11
-1.8080982e-15
4.4649019e-11
-1.8076292e-15
4.4648898e-11
-1.7950635e-15
4.4648781e-11
-1.7723803e-15
4.4648669e-11
-1.7413131e-15
4.4648562e-11
-1.7033767e-15
4.4648459e-11
-1.6598918e-15
4.4648361e-11
-1.6120069e-15
4.4648268e-11
-1.5607178e-15
4.4648179e-11
-1.5068855e-15
4.4648095e-11
-1.4512516e-15
4.4648016e-11
-1.3944527e-15
4.4647941e-11
-1.3370329e-15
4.464787e-11
-1.2794548e-15
4.4647804e-11
-1.2221096e-15
4.4647742e-11
-1.165326e-15
4.4647683e-11
-1.109378e-15
4.4647629e-11
-1.0544919e-15
4.4647578e-11
-1.0008523e-15
4.464753e-11
-9.4860773e-16
4.4647486e-11
-8.9787548e-16
4.4647446e-11
-8.4874562e-16
4.4647408e-11
-8.0128491e-16
4.4647373e-11
-7.5553996e-16
4.4647341e-11
-7.1154018e-16
4.4647311e-11
-6.6930023e-16
4.4647284e-11
-6.2882225e-16
4.464726e-11
-5.9009776e-16
4.4647237e-11
-5.5310939e-16
4.4647217e-11
-5.1783224e-16
4.4647198e-11
-4.8423525e-16
4.4647181e-11
-4.5228226e-16
4.4647166e-11
-4.2193294e-16
4.4647153e-11
-3.9314367e-16
4.4647141e-11
-3.6586825e-16
4.464713e-11
-3.4005848e-16
4.4647121e-11
-3.1566475e-16
4.4647113e-11
-2.9263648e-16
4.4647106e-11
-2.7092248e-16
4.4647099e-11
-2.5047138e-16
4.4647094e-11
-2.3123181e-16
4.4647089e-11
-2.1315276e-16
4.4647086e-11
-1.9618369e-16
4.4647082e-11
-1.802748e-16
4.464708e-11
-1.6537712e-16
4.4647078e-11
-1.5144264e-16
4.4647076e-11
-1.3842444e-16
4.4647075e-11
-1.2627675e-16
4.4647074e-11
-1.1495504e-16
4.4647074e-11
-1.0441604e-16
4.4647074e-11
-9.46178e-17
4.4647074e-11
-8.5519696e-17
4.4647074e-11
-7.7082458e-17
4.4647074e-11
-6.9268168e-17
4.4647075e-11
-6.2040249e-17
4.4647076e-11
-5.5363452e-17
4.4647077e-11
-4.9203834e-17
4.4647077e-11
-4.3528725e-17
4.4647078e-11
-3.830669e-17
4.4647079e-11
-3.3507482e-17
4.464708e-11
-2.9101998e-17
4.4647081e-11
-2.5062213e-17
4.4647082e-11
-2.1361122e-17
4.4647083e-11
-1.7972674e-17
4.4647084e-11
-1.4871693e-17
4.4647085e-11
-1.2033802e-17
4.4647086e-11
-9.4353435e-18
4.4647087e-11
-7.0532879e-18
4.4647088e-11
-4.8651466e-18
4.4647089e-11
-2.8488776e-18
4.464709e-11
-9.8279051e-19
4.464709e-11
7.5454912e-19
4.4647091e-11
2.3844155e-18
4.4647092e-11
3.9280157e-18
4.4647093e-11
5.4065777e-18
4.4647093e-11
6.841431e-18
4.4647094e-11
8.2540758e-18
4.4647095e-11
9.6662351e-18
4.4647096e-11
1.1099884e-17
4.4647096e-11
1.2577248e-17
4.4647097e-11
1.4120762e-17
4.4647098e-11
1.575297e-17
4.4647099e-11
1.7496359e-17
4.46471e-11
1.9373094e-17
4.4647101e-11
2.1404634e-17
4.4647103e-11
2.3611188e-17
4.4647104e-11
2.6010956e-17
4.4647106e-11
2.8619095e-17
4.4647107e-11
3.1446323e-17
4.4647109e-11
3.4497029e-17
4.4647111e-11
3.7766742e-17
4.4647114e-11
4.1238727e-17
4.4647116e-11
4.4879422e-17
4.4647119e-11
4.863232e-17
4.4647122e-11
5.2409714e-17
4.4647125e-11
5.6081024e-17
4.4647128e-11
5.9458628e-17
4.4647132e-11
6.2283324e-17
4.4647135e-11
6.4211416e-17
6.4325715e-17
3.258211e-11
3.0302666e-13
3.2708662e-11
9.1478888e-13
3.2916322e-11
1.5194248e-12
3.319961e-11
2.1034241e-12
3.3551054e-11
2.6546611e-12
3.396166e-11
3.1626032e-12
3.4421445e-11
3.6187243e-12
3.4919971e-11
4.0167504e-12
3.5446836e-11
4.3527171e-12
3.5992089e-11
4.6248821e-12
3.6546548e-11
4.8335215e-12
3.710203e-11
4.9806464e-12
3.7651471e-11
5.0696738e-12
3.8188981e-11
5.1050845e-12
3.8709817e-11
5.0920912e-12
3.9210325e-11
5.036338e-12
3.9687833e-11
4.943639e-12
4.0140536e-11
4.8197644e-12
4.0567371e-11
4.670272e-12
4.0967888e-11
4.5003848e-12
4.1342141e-11
4.3149063e-12
4.1690574e-11
4.1181709e-12
4.201393e-11
3.9140212e-12
4.2313175e-11
3.7058068e-12
4.2589424e-11
3.4963998e-12
4.2843891e-11
3.2882212e-12
4.3077844e-11
3.0832749e-12
4.3292569e-11
2.8831859e-12
4.3489347e-11
2.689241e-12
4.3669428e-11
2.5024282e-12
4.3834024e-11
2.323476e-12
4.3984293e-11
2.1528899e-12
4.4121337e-11
1.990986e-12
4.4246196e-11
1.8379216e-12
4.4359846e-11
1.6937231e-12
4.4463201e-11
1.5583098e-12
4.4557111e-11
1.4315152e-12
4.4642369e-11
1.3131058e-12
4.4719706e-11
1.2027965e-12
4.4789801e-11
1.1002643e-12
4.4853281e-11
1.0051593e-12
4.4910721e-11
9.1711451e-13
4.4962654e-11
8.3575328e-13
4.5009567e-11
7.6069595e-13
4.505191e-11
6.9156484e-13
4.5090094e-11
6.279884e-13
4.5124496e-11
5.6960433e-13
4.5155462e-11
5.1606206e-13
4.5183309e-11
4.6702451e-13
4.5208325e-11
4.2216937e-13
4.5230776e-11
3.8118994e-13
4.5250903e-11
3.4379558e-13
4.5268926e-11
3.0971189e-13
4.5285046e-11
2.786807e-13
4.5299447e-11
2.5045977e-13
4.5312296e-11
2.2482247e-13
4.5323743e-11
2.0155727e-13
4.5333929e-11
1.8046715e-13
4.5342977e-11
1.6136905e-13
4.5351003e-11
1.4409312e-13
4.5358109e-11
1.284821e-13
4.5364389e-11
1.1439061e-13
4.536993e-11
1.0168445e-13
4.5374806e-11
9.0239929e-14
4.5379089e-11
7.9943202e-14
4.5382841e-11
7.0689615e-14
4.5386119e-11
6.2383089e-14
4.5388975e-11
5.4935521e-14
4.5391454e-11
4.8266215e-14
4.5393598e-11
4.2301344e-14
4.5395445e-11
3.6973438e-14
4.5397029e-11
3.2220902e-14
4.5398379e-11
2.7987562e-14
4.5399523e-11
2.4222242e-14
4.5400486e-11
2.0878366e-14
4.5401289e-11
1.7913588e-14
4.5401952e-11
1.5289443e-14
4.5402491e-11
1.2971028e-14
4.5402924e-11
1.0926705e-14
4.5403262e-11
9.1278191e-15
4.540352e-11
7.5484489e-15
4.5403707e-11
6.1651649e-15
4.5403834e-11
4.9568127e-15
4.5403909e-11
3.9043119e-15
4.5403939e-11
2.9904698e-15
4.5403932e-11
2.1998114e-15
4.5403894e-11
1.5184224e-15
4.5403829e-11
9.3380536e-16
4.5403742e-11
4.3474789e-16
4.5403637e-11
1.1201955e-17
4.5403518e-11
-3.4582666e-16
4.5403388e-11
-6.4437926e-16
4.5403249e-11
-8.9163638e-16
4.5403103e-11
-1.0940019e-15
4.5402954e-11
-1.2571795e-15
4.5402802e-11
-1.3862427e-15
4.5402648e-11
-1.4856976e-15
4.5402495e-11
-1.5595413e-15
4.5402343e-11
-1.6113133e-15
4.5402193e-11
-1.6441435e-15
4.5402046e-11
-1.6607948e-15
4.5401902e-11
-1.6637018e-15
4.5401762e-11
-1.6550061e-15
4.5401626e-11
-1.6365878e-15
4.5401495e-11
-1.610094e-15
4.5401368e-11
-1.5769646e-15
4.5401247e-11
-1.5384552e-15
4.540113e-11
-1.495658e-15
4.5401019e-11
-1.4495205e-15
4.5400913e-11
-1.400862e-15
4.5400812e-11
-1.3503887e-15
4.5400717e-11
-1.2987067e-15
4.5400626e-11
-1.2463347e-15
4.540054e-11
-1.1937137e-15
4.5400459e-11
-1.1412169e-15
4.5400383e-11
-1.0891583e-15
4.5400311e-11
-1.0377999e-15
4.5400244e-11
-9.8735813e-16
4.5400181e-11
-9.3801025e-16
4.5400123e-11
-8.8989906e-16
4.5400068e-11
-8.4313767e-16
4.5400017e-11
-7.9781347e-16
4.539997e-11
-7.5399172e-16
4.5399926e-11
-7.1171861e-16
4.5399885e-11
-6.7102402e-16
4.5399848e-11
-6.3192392e-16
4.5399814e-11
-5.9442244e-16
4.5399782e-11
-5.5851369e-16
4.5399753e-11
-5.2418339e-16
4.5399727e-11
-4.9141021e-16
4.5399703e-11
-4.6016701e-16
4.5399681e-11
-4.3042186e-16
4.5399661e-11
-4.0213897e-16
4.5399643e-11
-3.7527946e-16
4.5399627e-11
-3.4980201e-16
4.5399613e-11
-3.2566351e-16
4.53996e-11
-3.0281949e-16
4.5399588e-11
-2.8122458e-16
4.5399578e-11
-2.608329e-16
4.5399569e-11
-2.4159833e-16
4.5399562e-11
-2.2347481e-16
4.5399555e-11
-2.0641656e-16
4.5399549e-11
-1.9037825e-16
4.5399544e-11
-1.7531521e-16
4.539954e-11
-1.611835e-16
4.5399537e-11
-1.4794006e-16
4.5399534e-11
-1.3554281e-16
4.5399531e-11
-1.2395068e-16
4.5399529e-11
-1.1312369e-16
4.5399528e-11
-1.03023e-16
4.5399527e-11
-9.3610918e-17
4.5399526e-11
-8.4850926e-17
4.5399526e-11
-7.6707694e-17
4.5399526e-11
-6.9147073e-17
4.5399526e-11
-6.2136085e-17
4.5399526e-11
-5.564291e-17
4.5399527e-11
-4.9636859e-17
4.5399527e-11
-4.4088347e-17
4.5399528e-11
-3.8968856e-17
4.5399529e-11
-3.4250894e-17
4.5399529e-11
-2.9907949e-17
4.539953e-11
-2.5914436e-17
4.5399531e-11
-2.2245641e-17
4.5399532e-11
-1.8877662e-17
4.5399533e-11
-1.578734e-17
4.5399534e-11
-1.2952194e-17
4.5399535e-11
-1.0350344e-17
4.5399536e-11
-7.960436e-18
4.5399537e-11
-5.7615611e-18
4.5399538e-11
-3.7331744e-18
4.5399538e-11
-1.8550099e-18
4.5399539e-11
-1.0699587e-19
4.539954e-11
1.5308297e-18
4.5399541e-11
3.0784016e-18
4.5399542e-11
4.5557059e-18
4.5399543e-11
5.9828509e-18
4.5399544e-11
7.3801288e-18
4.5399544e-11
8.7680617e-18
4.5399545e-11
1.0167428e-17
4.5399546e-11
1.1599259e-17
4.5399547e-11
1.3084802e-17
4.5399549e-11
1.4645431e-17
4.539955e-11
1.630249e-17
4.5399551e-11
1.807706e-17
4.5399552e-11
1.9989604e-17
4.5399554e-11
2.2059467e-17
4.5399556e-11
2.4304187e-17
4.5399558e-11
2.6738543e-17
4.539956e-11
2.9373264e-17
4.5399562e-11
3.2213284e-17
4.5399564e-11
3.5255388e-17
4.5399567e-11
3.8485038e-17
4.539957e-11
4.1872097e-17
4.5399573e-11
4.5365099e-17
4.5399577e-11
4.8883403e-17
4.5399581e-11
5.2306026e-17
4.5399585e-11
5.5458247e-17
4.5399589e-11
5.8098914e-17
4.5399593e-11
5.9902203e-17
6.0003254e-17
3.2579449e-11
2.6330865e-13
3.2698444e-11
7.9579376e-13
3.2894424e-11
1.3234451e-12
3.316297e-11
1.8348781e-12
3.3497863e-11
2.3197677e-12
3.3891451e-11
2.7690156e-12
3.433507e-11
3.1751053e-12
3.4819489e-11
3.5323308e-12
3.533533e-11
3.8368769e-12
3.587343e-11
4.0867814e-12
3.6425151e-11
4.2818005e-12
3.6982597e-11
4.4232008e-12
3.7538764e-11
4.5135068e-12
3.8087621e-11
4.5562271e-12
3.862413e-11
4.5555829e-12
3.9144215e-11
4.5162528e-12
3.9644708e-11
4.4431463e-12
4.0123261e-11
4.3412114e-12
4.0578253e-11
4.21528e-12
4.1008688e-11
4.0699492e-12
4.1414099e-11
3.9094954e-12
4.179445e-11
3.7378198e-12
4.2150055e-11
3.5584168e-12
4.2481498e-11
3.3743638e-12
4.2789571e-11
3.1883266e-12
4.3075216e-11
3.0025758e-12
4.3339479e-11
2.8190117e-12
4.3583471e-11
2.6391944e-12
4.3808336e-11
2.4643762e-12
4.4015228e-11
2.2955356e-12
4.4205294e-11
2.1334104e-12
4.4379654e-11
1.9785302e-12
4.4539394e-11
1.8312455e-12
4.468556e-11
1.6917562e-12
4.4819147e-11
1.560136e-12
4.4941102e-11
1.4363549e-12
4.5052318e-11
1.3202992e-12
4.5153635e-11
1.2117881e-12
4.5245843e-11
1.1105893e-12
4.5329676e-11
1.016431e-12
4.5405822e-11
9.2901343e-13
4.5474919e-11
8.4801756e-13
4.5537559e-11
7.7311266e-13
4.5594293e-11
7.0396262e-13
4.5645627e-11
6.4023098e-13
4.569203e-11
5.8158499e-13
4.5733936e-11
5.2769881e-13
4.5771742e-11
4.78256e-13
4.5805815e-11
4.3295134e-13
4.5836492e-11
3.9149224e-13
4.5864082e-11
3.5359961e-13
4.5888869e-11
3.1900846e-13
4.5911113e-11
2.8746818e-13
4.5931051e-11
2.5874258e-13
4.5948901e-11
2.326098e-13
4.5964862e-11
2.0886197e-13
4.5979114e-11
1.873049e-13
4.5991824e-11
1.6775753e-13
4.6003141e-11
1.5005147e-13
4.6013204e-11
1.3403039e-13
4.6022137e-11
1.1954943e-13
4.6030053e-11
1.0647457e-13
4.6037055e-11
9.4682043e-14
4.6043237e-11
8.405772e-14
4.6048684e-11
7.4496491e-14
4.6053472e-11
6.5901693e-14
4.6057671e-11
5.8184547e-14
4.6061342e-11
5.126361e-14
4.6064544e-11
4.5064262e-14
4.6067328e-11
3.951821e-14
4.6069738e-11
3.4563021e-14
4.6071817e-11
3.0141682e-14
4.6073603e-11
2.6202183e-14
4.6075128e-11
2.2697129e-14
4.6076423e-11
1.9583373e-14
4.6077515e-11
1.6821675e-14
4.6078428e-11
1.4376385e-14
4.6079184e-11
1.2215147e-14
4.6079802e-11
1.0308623e-14
4.6080299e-11
8.6302354e-15
4.6080692e-11
7.1559374e-15
4.6080993e-11
5.8639886e-15
4.6081215e-11
4.7347556e-15
4.6081369e-11
3.7505257e-15
4.6081464e-11
2.8953354e-15
4.6081509e-11
2.1548129e-15
4.6081511e-11
1.5160332e-15
4.6081478e-11
9.6738474e-16
4.6081414e-11
4.9844798e-16
4.6081325e-11
9.9883251e-17
4.6081216e-11
-2.366713e-16
4.608109e-11
-5.1869315e-16
4.6080952e-11
-7.5286076e-16
4.6080803e-11
-9.4513143e-16
4.6080646e-11
-1.1008123e-15
4.6080485e-11
-1.2246247e-15
4.608032e-11
-1.3207633e-15
4.6080153e-11
-1.3929493e-15
4.6079986e-11
-1.4444785e-15
4.6079821e-11
-1.4782661e-15
4.6079657e-11
-1.4968855e-15
4.6079496e-11
-1.5026051e-15
4.6079338e-11
-1.4974203e-15
4.6079184e-11
-1.4830835e-15
4.6079035e-11
-1.4611297e-15
4.6078891e-11
-1.4329012e-15
4.6078753e-11
-1.3995688e-15
4.6078619e-11
-1.3621508e-15
4.6078491e-11
-1.3215307e-15
4.6078369e-11
-1.2784729e-15
4.6078252e-11
-1.2336359e-15
4.6078141e-11
-1.1875855e-15
4.6078035e-11
-1.1408053e-15
4.6077935e-11
-1.0937072e-15
4.6077841e-11
-1.0466396e-15
4.6077751e-11
-9.9989566e-16
4.6077667e-11
-9.5372027e-16
4.6077588e-11
-9.0831599e-16
4.6077514e-11
-8.6384869e-16
4.6077445e-11
-8.2045232e-16
4.607738e-11
-7.7823322e-16
4.6077319e-11
-7.3727388e-16
4.6077263e-11
-6.976362e-16
4.6077211e-11
-6.5936448e-16
4.6077162e-11
-6.2248789e-16
4.6077117e-11
-5.8702278e-16
4.6077076e-11
-5.5297454e-16
4.6077037e-11
-5.2033941e-16
4.6077002e-11
-4.8910588e-16
4.607697e-11
-4.5925601e-16
4.6076941e-11
-4.3076656e-16
4.6076914e-11
-4.0360994e-16
4.607689e-11
-3.7775506e-16
4.6076868e-11
-3.5316803e-16
4.6076848e-11
-3.2981282e-16
4.607683e-11
-3.0765175e-16
4.6076813e-11
-2.8664597e-16
4.6076799e-11
-2.6675586e-16
4.6076786e-11
-2.4794134e-16
4.6076775e-11
-2.3016214e-16
4.6076764e-11
-2.1337807e-16
4.6076756e-11
-1.9754921e-16
4.6076748e-11
-1.8263606e-16
4.6076741e-11
-1.6859967e-16
4.6076735e-11
-1.5540181e-16
4.607673e-11
-1.4300498e-16
4.6076726e-11
-1.3137254e-16
4.6076723e-11
-1.2046874e-16
4.607672e-11
-1.1025878e-16
4.6076718e-11
-1.0070883e-16
4.6076716e-11
-9.1786054e-17
4.6076714e-11
-8.3458599e-17
4.6076713e-11
-7.5695631e-17
4.6076713e-11
-6.8467306e-17
4.6076712e-11
-6.1744767e-17
4.6076712e-11
-5.5500121e-17
4.6076712e-11
-4.9706417e-17
4.6076712e-11
-4.4337618e-17
4.6076713e-11
-3.9368569e-17
4.6076713e-11
-3.4774955e-17
4.6076714e-11
-3.0533263e-17
4.6076715e-11
-2.6620736e-17
4.6076715e-11
-2.3015321e-17
4.6076716e-11
-1.9695619e-17
4.6076717e-11
-1.6640826e-17
4.6076718e-11
-1.3830676e-17
4.6076719e-11
-1.1245373e-17
4.607672e-11
-8.8655304e-18
4.6076721e-11
-6.6721007e-18
4.6076722e-11
-4.6463036e-18
4.6076723e-11
-2.7695554e-18
4.6076723e-11
-1.0233961e-18
4.6076724e-11
6.1058337e-19
4.6076725e-11
2.1508113e-18
4.6076726e-11
3.6158025e-18
4.6076727e-11
5.0242197e-18
4.6076728e-11
6.3949248e-18
4.6076729e-11
7.7470189e-18
4.607673e-11
9.099863e-18
4.6076731e-11
1.0473075e-17
4.6076733e-11
1.1886491e-17
4.6076734e-11
1.3360092e-17
4.6076735e-11
1.4913854e-17
4.6076737e-11
1.6567546e-17
4.6076738e-11
1.8340405e-17
4.607674e-11
2.0250692e-17
4.6076742e-11
2.2315064e-17
4.6076744e-11
2.454772e-17
4.6076747e-11
2.6959227e-17
4.6076749e-11
2.9554937e-17
4.6076752e-11
3.2332837e-17
4.6076756e-11
3.5280651e-17
4.6076759e-11
3.837191e-17
4.6076763e-11
4.1560647e-17
4.6076767e-11
4.4774176e-17
4.6076771e-11
4.7902775e-17
4.6076776e-11
5.0787084e-17
4.6076781e-11
5.3204799e-17
4.6076786e-11
5.4859256e-17
5.4944815e-17
3.2577193e-11
2.2584732e-13
3.2689749e-11
6.8323831e-13
3.2875716e-11
1.1374782e-12
3.3131527e-11
1.579067e-12
3.345198e-11
1.9993143e-12
3.3830526e-11
2.3904697e-12
3.4259608e-11
2.7460233e-12
3.4731029e-11
3.0609104e-12
3.5236306e-11
3.331599e-12
3.5767003e-11
3.5560847e-12
3.6314999e-11
3.7338042e-12
3.6872715e-11
3.8654851e-12
3.7433268e-11
3.9529543e-12
3.7990572e-11
3.9989225e-12
3.8539391e-11
4.0067644e-12
3.9075337e-11
3.9803066e-12
3.9594848e-11
3.9236353e-12
4.0095131e-11
3.840928e-12
4.0574096e-11
3.7363156e-12
4.1030273e-11
3.6137718e-12
4.1462737e-11
3.4770318e-12
4.1871021e-11
3.3295353e-12
4.2255046e-11
3.1743921e-12
4.2615044e-11
3.0143654e-12
4.2951501e-11
2.8518698e-12
4.3265096e-11
2.6889806e-12
4.3556657e-11
2.5274508e-12
4.3827118e-11
2.368734e-12
4.4077483e-11
2.2140104e-12
4.4308804e-11
2.0642147e-12
4.452215e-11
1.9200641e-12
4.4718595e-11
1.7820854e-12
4.4899199e-11
1.6506417e-12
4.5064999e-11
1.5259562e-12
4.5217001e-11
1.4081344e-12
4.5356171e-11
1.2971844e-12
4.5483435e-11
1.1930349e-12
4.5599673e-11
1.0955503e-12
4.5705718e-11
1.0045448e-12
4.5802354e-11
9.1979435e-13
4.5890321e-11
8.4104613e-13
4.5970311e-11
7.6802759e-13
4.6042971e-11
7.0045332e-13
4.6108902e-11
6.3803101e-13
4.6168667e-11
5.8046624e-13
4.6222786e-11
5.2746641e-13
4.6271741e-11
4.7874382e-13
4.6315979e-11
4.3401814e-13
4.6355912e-11
3.9301821e-13
4.639192e-11
3.5548342e-13
4.6424355e-11
3.2116469e-13
4.6453539e-11
2.8982507e-13
4.6479767e-11
2.6124011e-13
4.6503311e-11
2.3519799e-13
4.6524422e-11
2.1149947e-13
4.6543326e-11
1.8995769e-13
4.6560233e-11
1.7039789e-13
4.6575334e-11
1.5265702e-13
4.6588802e-11
1.3658328e-13
4.6600796e-11
1.2203567e-13
4.6611463e-11
1.0888342e-13
4.6620932e-11
9.7005524e-14
4.6629323e-11
8.6290135e-14
4.6636747e-11
7.6634072e-14
4.6643301e-11
6.7942273e-14
4.6649076e-11
6.0127278e-14
4.6654152e-11
5.3108729e-14
4.6658602e-11
4.6812883e-14
4.6662494e-11
4.1172153e-14
4.6665888e-11
3.6124662e-14
4.6668837e-11
3.1613828e-14
4.6671391e-11
2.7587966e-14
4.6673593e-11
2.3999915e-14
4.6675484e-11
2.0806687e-14
4.6677098e-11
1.7969139e-14
4.6678468e-11
1.5451664e-14
4.6679622e-11
1.3221905e-14
4.6680587e-11
1.1250488e-14
4.6681385e-11
9.5107744e-15
4.6682036e-11
7.9786278e-15
4.668256e-11
6.6322034e-15
4.6682972e-11
5.4517493e-15
4.6683288e-11
4.4194243e-15
4.6683519e-11
3.5191292e-15
4.6683678e-11
2.7363523e-15
4.6683775e-11
2.0580262e-15
4.6683819e-11
1.4723969e-15
4.6683817e-11
9.6890297e-16
4.6683777e-11
5.380655e-16
4.6683706e-11
1.7138651e-16
4.6683608e-11
-1.3874351e-16
4.6683488e-11
-3.9913044e-16
4.6683351e-11
-6.1585383e-16
4.6683201e-11
-7.9433758e-16
4.6683039e-11
-9.3941426e-16
4.668287e-11
-1.0553838e-15
4.6682695e-11
-1.1460667e-15
4.6682517e-11
-1.2148526e-15
4.6682337e-11
-1.2647443e-15
4.6682158e-11
-1.2983976e-15
4.6681979e-11
-1.3181573e-15
4.6681802e-11
-1.3260905e-15
4.6681629e-11
-1.3240155e-15
4.6681459e-11
-1.3135289e-15
4.6681294e-11
-1.2960296e-15
4.6681134e-11
-1.2727406e-15
4.6680979e-11
-1.2447287e-15
4.668083e-11
-1.2129216e-15
4.6680687e-11
-1.1781241e-15
4.6680549e-11
-1.1410324e-15
4.6680418e-11
-1.1022462e-15
4.6680292e-11
-1.0622806e-15
4.6680173e-11
-1.0215759e-15
4.668006e-11
-9.8050689e-16
4.6679953e-11
-9.3939069e-16
4.6679851e-11
-8.9849407e-16
4.6679756e-11
-8.5803977e-16
4.6679666e-11
-8.1821214e-16
4.6679581e-11
-7.7916214e-16
4.6679501e-11
-7.4101179e-16
4.6679427e-11
-7.0385807e-16
4.6679358e-11
-6.6777634e-16
4.6679293e-11
-6.328234e-16
4.6679232e-11
-5.9904013e-16
4.6679176e-11
-5.6645382e-16
4.6679124e-11
-5.3508024e-16
4.6679076e-11
-5.0492538e-16
4.6679032e-11
-4.7598703e-16
4.6678991e-11
-4.4825613e-16
4.6678954e-11
-4.2171792e-16
4.6678919e-11
-3.9635298e-16
4.6678888e-11
-3.721381e-16
4.6678859e-11
-3.4904701e-16
4.6678833e-11
-3.2705107e-16
4.6678809e-11
-3.0611976e-16
4.6678788e-11
-2.8622124e-16
4.6678769e-11
-2.6732266e-16
4.6678751e-11
-2.4939058e-16
4.6678736e-11
-2.323912e-16
4.6678722e-11
-2.1629062e-16
4.6678709e-11
-2.0105505e-16
4.6678699e-11
-1.8665096e-16
4.6678689e-11
-1.7304523e-16
4.6678681e-11
-1.6020524e-16
4.6678673e-11
-1.4809898e-16
4.6678667e-11
-1.3669511e-16
4.6678662e-11
-1.2596299e-16
4.6678657e-11
-1.1587276e-16
4.6678653e-11
-1.0639535e-16
4.667865e-11
-9.750249e-17
4.6678647e-11
-8.9166714e-17
4.6678645e-11
-8.1361377e-17
4.6678644e-11
-7.4060641e-17
4.6678642e-11
-6.7239461e-17
4.6678641e-11
-6.0873576e-17
4.6678641e-11
-5.493948e-17
4.6678641e-11
-4.9414406e-17
4.667864e-11
-4.427629e-17
4.6678641e-11
-3.9503749e-17
4.6678641e-11
-3.5076038e-17
4.6678641e-11
-3.0973019e-17
4.6678642e-11
-2.717512e-17
4.6678643e-11
-2.3663294e-17
4.6678643e-11
-2.041897e-17
4.6678644e-11
-1.7424012e-17
4.6678645e-11
-1.4660664e-17
4.6678646e-11
-1.2111502e-17
4.6678647e-11
-9.7593787e-18
4.6678648e-11
-7.587365e-18
4.6678649e-11
-5.5786962e-18
4.6678649e-11
-3.716711e-18
4.667865e-11
-1.9847923e-18
4.6678651e-11
-3.6630873e-19
4.6678652e-11
1.1554436e-18
4.6678653e-11
2.5972953e-18
4.6678654e-11
3.9762534e-18
4.6678656e-11
5.3095433e-18
4.6678657e-11
6.6146393e-18
4.6678658e-11
7.9092803e-18
4.6678659e-11
9.2114638e-18
4.667866e-11
1.0539412e-17
4.6678662e-11
1.1911497e-17
4.6678663e-11
1.3346122e-17
4.6678665e-11
1.4861526e-17
4.6678667e-11
1.6475509e-17
4.6678669e-11
1.8205034e-17
4.6678671e-11
2.0065673e-17
4.6678674e-11
2.207085e-17
4.6678677e-11
2.4230803e-17
4.667868e-11
2.6551171e-17
4.6678683e-11
2.9031085e-17
4.6678686e-11
3.1660566e-17
4.667869e-11
3.4417008e-17
4.6678695e-11
3.7260418e-17
4.6678699e-11
4.0126856e-17
4.6678704e-11
4.291902e-17
4.667871e-11
4.5494868e-17
4.6678715e-11
4.7656567e-17
4.6678721e-11
4.9135283e-17
4.920468e-17
3.2575297e-11
1.9028141e-13
3.2682422e-11
5.761138e-13
3.2859902e-11
9.5999735e-13
3.310485e-11
1.3341194e-12
3.3412883e-11
1.6912815e-12
3.3778352e-11
2.0250008e-12
3.4194617e-11
2.3297583e-12
3.4654352e-11
2.601175e-12
3.5149852e-11
2.8360995e-12
3.5673317e-11
3.0326196e-12
3.6217111e-11
3.1900099e-12
3.677397e-11
3.3086257e-12
3.7337166e-11
3.3897587e-12
3.7900618e-11
3.4354705e-12
3.8458965e-11
3.4484176e-12
3.9007593e-11
3.4316785e-12
3.9542634e-11
3.3885941e-12
4.0060937e-11
3.3226251e-12
4.0560021e-11
3.2372313e-12
4.1038018e-11
3.1357746e-12
4.1493607e-11
3.0214432e-12
4.1925944e-11
2.8971984e-12
4.2334598e-11
2.7657383e-12
4.2719484e-11
2.629479e-12
4.3080806e-11
2.4905478e-12
4.3419e-11
2.3507867e-12
4.3734687e-11
2.211764e-12
4.402863e-11
2.074791e-12
4.4301698e-11
1.9409421e-12
4.4554835e-11
1.8110775e-12
4.4789033e-11
1.6858658e-12
4.5005312e-11
1.5658074e-12
4.5204697e-11
1.4512563e-12
4.5388212e-11
1.3424413e-12
4.5556861e-11
1.2394847e-12
4.5711625e-11
1.1424205e-12
4.5853451e-11
1.0512094e-12
4.5983248e-11
9.6575322e-13
4.6101886e-11
8.8590701e-13
4.6210191e-11
8.1148938e-13
4.6308945e-11
7.422918e-13
4.6398887e-11
6.7808616e-13
4.6480709e-11
6.1863136e-13
4.6555061e-11
5.6367862e-13
4.6622551e-11
5.1297598e-13
4.6683746e-11
4.6627188e-13
4.6739172e-11
4.2331806e-13
4.6789318e-11
3.8387185e-13
4.6834638e-11
3.4769794e-13
4.6875552e-11
3.1456966e-13
4.6912447e-11
2.8426993e-13
4.694568e-11
2.5659193e-13
4.697558e-11
2.3133946e-13
4.7002451e-11
2.0832711e-13
4.702657e-11
1.8738031e-13
4.7048193e-11
1.6833516e-13
4.7067553e-11
1.5103824e-13
4.7084863e-11
1.353463e-13
4.7100321e-11
1.2112589e-13
4.7114103e-11
1.0825295e-13
4.7126375e-11
9.6612382e-14
4.7137282e-11
8.6097607e-14
4.7146962e-11
7.6610084e-14
4.7155538e-11
6.8058857e-14
4.716312e-11
6.0360094e-14
4.7169811e-11
5.3436644e-14
4.7175702e-11
4.7217591e-14
4.7180877e-11
4.1637843e-14
4.7185411e-11
3.6637718e-14
4.7189373e-11
3.2162567e-14
4.7192825e-11
2.8162401e-14
4.7195821e-11
2.4591549e-14
4.7198413e-11
2.1408325e-14
4.7200645e-11
1.8574725e-14
4.7202558e-11
1.6056138e-14
4.7204188e-11
1.382107e-14
4.7205569e-11
1.18409e-14
4.720673e-11
1.0089638e-14
4.7207697e-11
8.5437104e-15
4.7208494e-11
7.1817544e-15
4.7209142e-11
5.9844324e-15
4.7209659e-11
4.934256e-15
4.7210063e-11
4.0154261e-15
4.7210369e-11
3.2136841e-15
4.7210589e-11
2.5161751e-15
4.7210736e-11
1.911322e-15
4.7210819e-11
1.3887096e-15
4.7210849e-11
9.3897846e-16
4.7210834e-11
5.5372694e-16
4.721078e-11
2.2542208e-16
4.7210693e-11
-5.2682415e-17
4.7210581e-11
-2.8662097e-16
4.7210447e-11
-4.8178461e-16
4.7210296e-11
-6.4298335e-16
4.7210131e-11
-7.7450311e-16
4.7209955e-11
-8.8015765e-16
4.7209773e-11
-9.6333564e-16
4.7209585e-11
-1.0270436e-15
4.7209394e-11
-1.073945e-15
4.7209202e-11
-1.1063953e-15
4.720901e-11
-1.1264741e-15
4.720882e-11
-1.1360145e-15
4.7208633e-11
-1.1366286e-15
4.7208449e-11
-1.1297319e-15
4.720827e-11
-1.1165643e-15
4.7208095e-11
-1.0982094e-15
4.7207926e-11
-1.075612e-15
4.7207763e-11
-1.0495938e-15
4.7207605e-11
-1.020867e-15
4.7207454e-11
-9.9004732e-16
4.720731e-11
-9.5766506e-16
4.7207172e-11
-9.2417528e-16
4.720704e-11
-8.8996679e-16
4.7206915e-11
-8.5537021e-16
4.7206796e-11
-8.2066513e-16
4.7206684e-11
-7.8608654e-16
4.7206578e-11
-7.5183045e-16
4.7206477e-11
-7.1805899e-16
4.7206383e-11
-6.849048e-16
4.7206295e-11
-6.5247506e-16
4.7206212e-11
-6.2085489e-16
4.7206134e-11
-5.901105e-16
4.7206061e-11
-5.6029182e-16
4.7205994e-11
-5.3143492e-16
4.7205931e-11
-5.0356406e-16
4.7205873e-11
-4.7669351e-16
4.7205818e-11
-4.5082913e-16
4.7205768e-11
-4.2596978e-16
4.7205722e-11
-4.0210845e-16
4.720568e-11
-3.7923336e-16
4.7205641e-11
-3.5732879e-16
4.7205605e-11
-3.363759e-16
4.7205572e-11
-3.1635336e-16
4.7205543e-11
-2.9723789e-16
4.7205515e-11
-2.7900478e-16
4.7205491e-11
-2.6162828e-16
4.7205469e-11
-2.450819e-16
4.7205449e-11
-2.2933875e-16
4.7205431e-11
-2.1437173e-16
4.7205414e-11
-2.0015375e-16
4.72054e-11
-1.8665787e-16
4.7205387e-11
-1.7385744e-16
4.7205376e-11
-1.6172621e-16
4.7205366e-11
-1.5023838e-16
4.7205357e-11
-1.3936868e-16
4.720535e-11
-1.290924e-16
4.7205343e-11
-1.1938545e-16
4.7205337e-11
-1.1022433e-16
4.7205333e-11
-1.015862e-16
4.7205328e-11
-9.3448834e-17
4.7205325e-11
-8.579062e-17
4.7205322e-11
-7.8590576e-17
4.720532e-11
-7.1828315e-17
4.7205318e-11
-6.5484036e-17
4.7205317e-11
-5.9538496e-17
4.7205316e-11
-5.3972993e-17
4.7205315e-11
-4.8769338e-17
4.7205315e-11
-4.3909826e-17
4.7205315e-11
-3.9377211e-17
4.7205315e-11
-3.5154673e-17
4.7205315e-11
-3.1225786e-17
4.7205316e-11
-2.7574488e-17
4.7205316e-11
-2.4185043e-17
4.7205317e-11
-2.1042008e-17
4.7205318e-11
-1.8130193e-17
4.7205318e-11
-1.5434626e-17
4.7205319e-11
-1.2940508e-17
4.720532e-11
-1.0633178e-17
4.7205321e-11
-8.4980631e-18
4.7205322e-11
-6.5206402e-18
4.7205323e-11
-4.6863883e-18
4.7205324e-11
-2.9807442e-18
4.7205325e-11
-1.389058e-18
4.7205326e-11
1.034509e-19
4.7205327e-11
1.5117345e-18
4.7205328e-11
2.8509536e-18
4.7205329e-11
4.1365081e-18
4.720533e-11
5.3840585e-18
4.7205332e-11
6.6095344e-18
4.7205333e-11
7.8291257e-18
4.7205335e-11
9.0592489e-18
4.7205336e-11
1.0316482e-17
4.7205338e-11
1.1617455e-17
4.720534e-11
1.2978688e-17
4.7205342e-11
1.4416343e-17
4.7205344e-11
1.594589e-17
4.7205347e-11
1.7581625e-17
4.7205349e-11
1.9336018e-17
4.7205352e-11
2.1218815e-17
4.7205356e-11
2.3235819e-17
4.7205359e-11
2.5387233e-17
4.7205363e-11
2.7665405e-17
4.7205368e-11
3.0051757e-17
4.7205372e-11
3.2512618e-17
4.7205378e-11
3.4993503e-17
4.7205383e-11
3.7410875e-17
4.7205389e-11
3.9642078e-17
4.7205395e-11
4.1514487e-17
4.7205401e-11
4.2796354e-17
4.2847255e-17
3.2573728e-11
1.5628418e-13
3.2676343e-11
4.7349931e-13
3.2846748e-11
7.8959269e-13
3.3082588e-11
1.098279e-12
3.3380136e-11
1.3937334e-12
3.3734469e-11
1.6706679e-12
3.4139695e-11
1.9245321e-12
3.458921e-11
2.1516599e-12
3.5075962e-11
2.349348e-12
3.5592704e-11
2.5158776e-12
3.613223e-11
2.6504837e-12
3.6687574e-11
2.7532817e-12
3.7252172e-11
2.8251607e-12
3.7819985e-11
2.8676577e-12
3.8385582e-11
2.8828206e-12
3.8944189e-11
2.8730715e-12
3.9491706e-11
2.8410776e-12
4.0024697e-11
2.7896337e-12
4.0540367e-11
2.7215615e-12
4.1036515e-11
2.6396261e-12
4.1511488e-11
2.5464706e-12
4.1964119e-11
2.444567e-12
4.2393674e-11
2.3361835e-12
4.2799789e-11
2.2233639e-12
4.3182418e-11
2.1079193e-12
4.3541776e-11
1.991428e-12
4.3878298e-11
1.8752421e-12
4.4192589e-11
1.7605e-12
4.448539e-11
1.6481414e-12
4.4757543e-11
1.5389249e-12
4.5009962e-11
1.4334464e-12
4.5243611e-11
1.3321579e-12
4.5459482e-11
1.2353855e-12
4.5658577e-11
1.1433469e-12
4.5841894e-11
1.0561676e-12
4.6010419e-11
9.7389544e-13
4.6165114e-11
8.9651421e-13
4.6306912e-11
8.2395545e-13
4.643671e-11
7.561089e-13
4.6555367e-11
6.928317e-13
4.6663703e-11
6.3395618e-13
4.6762493e-11
5.7929663e-13
4.6852469e-11
5.2865495e-13
4.6934322e-11
4.8182541e-13
4.70087e-11
4.3859855e-13
4.7076207e-11
3.9876441e-13
4.713741e-11
3.621151e-13
4.7192835e-11
3.2844685e-13
4.7242971e-11
2.975616e-13
4.7288273e-11
2.6926821e-13
4.7329159e-11
2.4338332e-13
4.7366019e-11
2.1973198e-13
4.7399211e-11
1.98148e-13
4.7429064e-11
1.7847417e-13
4.7455882e-11
1.6056233e-13
4.7479944e-11
1.4427324e-13
4.7501505e-11
1.2947649e-13
4.7520802e-11
1.160502e-13
4.7538047e-11
1.0388078e-13
4.7553437e-11
9.2862565e-14
4.7567152e-11
8.289749e-14
4.7579355e-11
7.3894688e-14
4.7590195e-11
6.5770118e-14
4.7599808e-11
5.8446181e-14
4.7608316e-11
5.1851332e-14
4.7615833e-11
4.5919702e-14
4.762246e-11
4.0590732e-14
4.7628289e-11
3.5808818e-14
4.7633404e-11
3.1522969e-14
4.763788e-11
2.7686479e-14
4.7641786e-11
2.4256617e-14
4.7645183e-11
2.1194333e-14
4.7648127e-11
1.8463981e-14
4.7650669e-11
1.6033053e-14
4.7652853e-11
1.387194e-14
4.7654721e-11
1.1953696e-14
4.7656308e-11
1.0253826e-14
4.7657647e-11
8.7500844e-15
4.7658769e-11
7.4222915e-15
4.7659698e-11
6.2521567e-15
4.766046e-11
5.2231208e-15
4.7661074e-11
4.3202061e-15
4.7661559e-11
3.5298798e-15
4.7661933e-11
2.8399269e-15
4.766221e-11
2.2393338e-15
4.7662403e-11
1.7181804e-15
4.7662524e-11
1.267541e-15
4.7662584e-11
8.7939419e-16
4.7662591e-11
5.465386e-16
4.7662554e-11
2.6251698e-16
4.7662479e-11
2.154606e-17
4.7662374e-11
-1.8154744e-16
4.7662244e-11
-3.5138534e-16
4.7662093e-11
-4.9209137e-16
4.7661926e-11
-6.073399e-16
4.7661746e-11
-7.0040029e-16
4.7661557e-11
-7.7417734e-16
4.7661361e-11
-8.3124794e-16
4.7661161e-11
-8.738945e-16
4.7660959e-11
-9.041352e-16
4.7660756e-11
-9.2375144e-16
4.7660554e-11
-9.3431272e-16
4.7660355e-11
-9.3719913e-16
4.7660159e-11
-9.3362168e-16
4.7659967e-11
-9.2464065e-16
4.765978e-11
-9.1118218e-16
4.7659598e-11
-8.9405312e-16
4.7659423e-11
-8.7395454e-16
4.7659253e-11
-8.5149371e-16
4.7659091e-11
-8.2719499e-16
4.7658934e-11
-8.0150951e-16
4.7658785e-11
-7.7482387e-16
4.7658643e-11
-7.4746791e-16
4.7658507e-11
-7.1972167e-16
4.7658378e-11
-6.9182156e-16
4.7658256e-11
-6.6396588e-16
4.765814e-11
-6.3631973e-16
4.7658031e-11
-6.0901935e-16
4.7657929e-11
-5.8217598e-16
4.7657832e-11
-5.5587926e-16
4.7657741e-11
-5.3020023e-16
4.7657657e-11
-5.0519401e-16
4.7657577e-11
-4.809021e-16
4.7657503e-11
-4.5735443e-16
4.7657434e-11
-4.3457116e-16
4.765737e-11
-4.1256423e-16
4.765731e-11
-3.9133871e-16
4.7657255e-11
-3.7089399e-16
4.7657204e-11
-3.5122479e-16
4.7657158e-11
-3.3232204e-16
4.7657114e-11
-3.1417363e-16
4.7657075e-11
-2.9676505e-16
4.7657039e-11
-2.8007995e-16
4.7657005e-11
-2.6410057e-16
4.7656975e-11
-2.4880817e-16
4.7656948e-11
-2.3418332e-16
4.7656923e-11
-2.2020619e-16
4.76569e-11
-2.0685674e-16
4.765688e-11
-1.9411493e-16
4.7656862e-11
-1.8196083e-16
4.7656846e-11
-1.7037478e-16
4.7656831e-11
-1.593374e-16
4.7656818e-11
-1.4882973e-16
4.7656807e-11
-1.388332e-16
4.7656797e-11
-1.2932972e-16
4.7656788e-11
-1.2030168e-16
4.765678e-11
-1.1173191e-16
4.7656774e-11
-1.0360376e-16
4.7656768e-11
-9.5900996e-17
4.7656763e-11
-8.8607872e-17
4.7656759e-11
-8.1709051e-17
4.7656756e-11
-7.518961e-17
4.7656753e-11
-6.9035008e-17
4.7656751e-11
-6.3231063e-17
4.7656749e-11
-5.7763927e-17
4.7656748e-11
-5.2620055e-17
4.7656747e-11
-4.7786183e-17
4.7656746e-11
-4.3249299e-17
4.7656746e-11
-3.8996613e-17
4.7656745e-11
-3.5015538e-17
4.7656745e-11
-3.1293655e-17
4.7656746e-11
-2.7818694e-17
4.7656746e-11
-2.4578501e-17
4.7656747e-11
-2.1561017e-17
4.7656747e-11
-1.8754248e-17
4.7656748e-11
-1.614624e-17
4.7656749e-11
-1.3725048e-17
4.765675e-11
-1.1478712e-17
4.765675e-11
-9.3952241e-18
4.7656751e-11
-7.4625027e-18
4.7656752e-11
-5.6683597e-18
4.7656753e-11
-4.0004723e-18
4.7656754e-11
-2.4463526e-18
4.7656756e-11
-9.9331948e-19
4.7656757e-11
3.7152839e-19
4.7656758e-11
1.6613358e-18
4.7656759e-11
2.8895098e-18
4.765676e-11
4.0697304e-18
4.7656762e-11
5.2159519e-18
4.7656763e-11
6.3423891e-18
4.7656765e-11
7.4634851e-18
4.7656767e-11
8.5938517e-18
4.7656769e-11
9.7481761e-18
4.7656771e-11
1.094108e-17
4.7656773e-11
1.2186916e-17
4.7656775e-11
1.3499482e-17
4.7656778e-11
1.4891627e-17
4.7656781e-11
1.6374702e-17
4.7656784e-11
1.7957813e-17
4.7656788e-11
1.9646811e-17
4.7656792e-11
2.1442902e-17
4.7656796e-11
2.3340766e-17
4.7656801e-11
2.5325983e-17
4.7656806e-11
2.7371552e-17
4.7656811e-11
2.9433037e-17
4.7656817e-11
3.1441578e-17
4.7656824e-11
3.3295418e-17
4.765683e-11
3.4851583e-17
4.7656837e-11
3.5914715e-17
3.5946076e-17
3.257246e-11
1.235563e-13
3.2671415e-11
3.7454449e-13
3.2836058e-11
6.2494946e-13
3.3064451e-11
8.6988634e-13
3.3353377e-11
1.1048072e-12
3.3698487e-11
1.3255576e-12
3.4094487e-11
1.5285318e-12
3.4535357e-11
1.7107902e-12
3.5014579e-11
1.8701259e-12
3.5525369e-11
2.0050875e-12
3.6060889e-11
2.1149637e-12
3.6614438e-11
2.199733e-12
3.7179611e-11
2.2599878e-12
3.7750427e-11
2.296841e-12
3.8321425e-11
2.3118231e-12
3.8887719e-11
2.3067776e-12
3.9445036e-11
2.28376e-12
3.9989724e-11
2.244946e-12
4.0518736e-11
2.1925499e-12
4.1029604e-11
2.1287575e-12
4.1520404e-11
2.0556713e-12
4.1989701e-11
1.9752699e-12
4.2436506e-11
1.8893783e-12
4.286022e-11
1.79965e-12
4.3260581e-11
1.7075578e-12
4.3637618e-11
1.6143915e-12
4.3991598e-11
1.5212619e-12
4.4322989e-11
1.4291094e-12
4.4632416e-11
1.3387146e-12
4.4920629e-11
1.250712e-12
4.5188471e-11
1.1656038e-12
4.5436854e-11
1.0837749e-12
4.5666733e-11
1.0055069e-12
4.5879087e-11
9.3099238e-13
4.6074908e-11
8.6034729e-13
4.625518e-11
7.9362337e-13
4.6420875e-11
7.3081877e-13
4.6572943e-11
6.7188785e-13
4.6712302e-11
6.1674971e-13
4.6839838e-11
5.6529576e-13
4.6956398e-11
5.1739617e-13
4.7062789e-11
4.7290546e-13
4.7159777e-11
4.3166721e-13
4.7248084e-11
3.9351802e-13
4.7328392e-11
3.5829083e-13
4.7401339e-11
3.2581755e-13
4.7467523e-11
2.9593131e-13
4.7527501e-11
2.6846815e-13
4.7581795e-11
2.432684e-13
4.7630885e-11
2.201777e-13
4.7675221e-11
1.9904779e-13
4.7715216e-11
1.7973701e-13
4.7751253e-11
1.6211067e-13
4.7783686e-11
1.4604123e-13
4.781284e-11
1.314084e-13
4.7839014e-11
1.1809905e-13
4.7862483e-11
1.0600714e-13
4.78835e-11
9.5033535e-14
4.7902295e-11
8.5085782e-14
4.791908e-11
7.6077843e-14
4.7934047e-11
6.7929827e-14
4.7947374e-11
6.0567684e-14
4.7959222e-11
5.3922907e-14
4.7969736e-11
4.7932215e-14
4.797905e-11
4.2537249e-14
4.7987285e-11
3.7684265e-14
4.7994552e-11
3.3323841e-14
4.800095e-11
2.9410588e-14
4.800657e-11
2.5902871e-14
4.8011494e-11
2.2762548e-14
4.8015796e-11
1.9954717e-14
4.8019543e-11
1.7447477e-14
4.8022795e-11
1.5211699e-14
4.8025608e-11
1.322082e-14
4.8028029e-11
1.1450637e-14
4.8030103e-11
9.8791224e-15
4.8031871e-11
8.4862497e-15
4.8033367e-11
7.253829e-15
4.8034624e-11
6.165356e-15
4.803567e-11
5.205871e-15
4.8036532e-11
4.3618279e-15
4.8037231e-11
3.6209733e-15
4.8037789e-11
2.9722348e-15
4.8038223e-11
2.405617e-15
4.803855e-11
1.9121069e-15
4.8038785e-11
1.4835856e-15
4.803894e-11
1.1127478e-15
4.8039026e-11
7.9302791e-16
4.8039054e-11
5.1853134e-16
4.8039033e-11
2.8397258e-16
4.8038969e-11
8.4617882e-17
4.8038872e-11
-8.376707e-17
4.8038745e-11
-2.2496491e-16
4.8038595e-11
-3.4235025e-16
4.8038427e-11
-4.389295e-16
4.8038244e-11
-5.1737718e-16
4.803805e-11
-5.8006891e-16
4.8037848e-11
-6.2911153e-16
4.803764e-11
-6.6637033e-16
4.803743e-11
-6.9349394e-16
4.8037218e-11
-7.1193673e-16
4.8037006e-11
-7.2297925e-16
4.8036797e-11
-7.2774665e-16
4.8036591e-11
-7.2722535e-16
4.8036388e-11
-7.2227813e-16
4.8036191e-11
-7.1365772e-16
4.8035999e-11
-7.0201905e-16
4.8035813e-11
-6.8793031e-16
4.8035633e-11
-6.7188281e-16
4.803546e-11
-6.543e-16
4.8035294e-11
-6.3554536e-16
4.8035135e-11
-6.1592966e-16
4.8034984e-11
-5.9571731e-16
4.8034839e-11
-5.751321e-16
4.8034702e-11
-5.5436236e-16
4.8034571e-11
-5.3356546e-16
4.8034448e-11
-5.1287187e-16
4.8034331e-11
-4.9238877e-16
4.8034221e-11
-4.7220325e-16
4.8034118e-11
-4.5238509e-16
4.803402e-11
-4.3298925e-16
4.8033929e-11
-4.1405812e-16
4.8033844e-11
-3.9562334e-16
4.8033764e-11
-3.7770757e-16
4.803369e-11
-3.6032591e-16
4.8033621e-11
-3.434872e-16
4.8033557e-11
-3.2719512e-16
4.8033497e-11
-3.1144916e-16
4.8033442e-11
-2.9624542e-16
4.8033392e-11
-2.8157733e-16
4.8033345e-11
-2.6743625e-16
4.8033302e-11
-2.5381196e-16
4.8033263e-11
-2.4069312e-16
4.8033227e-11
-2.2806758e-16
4.8033194e-11
-2.1592269e-16
4.8033164e-11
-2.0424556e-16
4.8033137e-11
-1.9302321e-16
4.8033112e-11
-1.8224273e-16
4.803309e-11
-1.718914e-16
4.803307e-11
-1.6195679e-16
4.8033052e-11
-1.5242678e-16
4.8033036e-11
-1.4328964e-16
4.8033021e-11
-1.3453401e-16
4.8033009e-11
-1.2614894e-16
4.8032998e-11
-1.1812386e-16
4.8032988e-11
-1.1044858e-16
4.8032979e-11
-1.0311327e-16
4.8032972e-11
-9.6108416e-17
4.8032965e-11
-8.9424805e-17
4.803296e-11
-8.3053486e-17
4.8032955e-11
-7.6985736e-17
4.8032951e-11
-7.1213028e-17
4.8032948e-11
-6.5726991e-17
4.8032945e-11
-6.0519383e-17
4.8032943e-11
-5.5582053e-17
4.8032941e-11
-5.0906914e-17
4.803294e-11
-4.6485915e-17
4.8032939e-11
-4.231101e-17
4.8032938e-11
-3.8374139e-17
4.8032938e-11
-3.4667198e-17
4.8032938e-11
-3.1182026e-17
4.8032938e-11
-2.7910379e-17
4.8032938e-11
-2.4843913e-17
4.8032938e-11
-2.1974171e-17
4.8032939e-11
-1.9292563e-17
4.803294e-11
-1.6790352e-17
4.803294e-11
-1.4458637e-17
4.8032941e-11
-1.2288345e-17
4.8032942e-11
-1.0270208e-17
4.8032943e-11
-8.3947561e-18
4.8032944e-11
-6.6522981e-18
4.8032945e-11
-5.0329104e-18
4.8032946e-11
-3.526422e-18
4.8032947e-11
-2.1224018e-18
4.8032948e-11
-8.1014696e-19
4.803295e-11
4.2132607e-19
4.8032951e-11
1.5832872e-18
4.8032952e-11
2.687293e-18
4.8032954e-11
3.7451788e-18
4.8032955e-11
4.7690409e-18
4.8032957e-11
5.7712032e-18
4.8032959e-11
6.7641646e-18
4.8032961e-11
7.7605192e-18
4.8032963e-11
8.7728405e-18
4.8032965e-11
9.8135173e-18
4.8032968e-11
1.0894526e-17
4.8032971e-11
1.2027113e-17
4.8032974e-11
1.3221367e-17
4.8032977e-11
1.4485626e-17
4.8032981e-11
1.582568e-17
4.8032985e-11
1.7243672e-17
4.803299e-11
1.8736614e-17
4.8032995e-11
2.0294351e-17
4.8033001e-11
2.1896783e-17
4.8033006e-11
2.3510032e-17
4.8033013e-11
2.5080882e-17
4.803302e-11
2.6530037e-17
4.8033027e-11
2.7744797e-17
4.8033034e-11
2.8572798e-17
2.8582714e-17
3.2571468e-11
9.1819942e-14
3.2667557e-11
2.7845477e-13
3.2827678e-11
4.6482887e-13
3.3050204e-11
6.473604e-13
3.3332308e-11
8.2270301e-13
3.3670081e-11
9.8778514e-13
3.4058688e-11
1.1399241e-12
3.4492565e-11
1.2769135e-12
3.4965616e-11
1.3970745e-12
3.5471427e-11
1.4992769e-12
3.6003459e-11
1.5829319e-12
3.6555232e-11
1.6479592e-12
3.7120485e-11
1.6947352e-12
3.7693298e-11
1.7240277e-12
3.8268199e-11
1.736922e-12
3.8840231e-11
1.7347455e-12
3.9404998e-11
1.7189938e-12
3.9958681e-11
1.6912623e-12
4.0498045e-11
1.6531858e-12
4.1020416e-11
1.6063869e-12
4.1523653e-11
1.5524346e-12
4.2006111e-11
1.4928118e-12
4.2466596e-11
1.4288928e-12
4.2904319e-11
1.3619276e-12
4.3318842e-11
1.2930341e-12
4.3710039e-11
1.223195e-12
4.407804e-11
1.1532603e-12
4.4423197e-11
1.0839523e-12
4.4746039e-11
1.0158732e-12
4.5047236e-11
9.49515e-13
4.532757e-11
8.8526951e-13
4.5587906e-11
8.2343905e-13
4.5829166e-11
7.6424721e-13
4.6052309e-11
7.0784914e-13
4.6258315e-11
6.5434129e-13
4.6448168e-11
6.0377043e-13
4.6622845e-11
5.561419e-13
4.6783306e-11
5.1142696e-13
4.6930486e-11
4.6956938e-13
4.706529e-11
4.3049118e-13
4.7188589e-11
3.9409763e-13
4.7301213e-11
3.6028155e-13
4.7403953e-11
3.2892691e-13
4.7497559e-11
2.9991195e-13
4.7582738e-11
2.7311172e-13
4.7660156e-11
2.4840015e-13
4.7730435e-11
2.256518e-13
4.779416e-11
2.0474318e-13
4.7851875e-11
1.8555386e-13
4.7904085e-11
1.6796725e-13
4.7951262e-11
1.5187123e-13
4.799384e-11
1.3715859e-13
4.8032224e-11
1.2372729e-13
4.8066784e-11
1.1148065e-13
4.8097865e-11
1.0032742e-13
4.8125783e-11
9.0181723e-14
4.8150827e-11
8.0963043e-14
4.8173264e-11
7.2596057e-14
4.8193339e-11
6.5010491e-14
4.8211276e-11
5.8140931e-14
4.822728e-11
5.1926609e-14
4.8241536e-11
4.6311187e-14
4.8254216e-11
4.1242527e-14
4.8265476e-11
3.6672458e-14
4.8275457e-11
3.2556544e-14
4.8284287e-11
2.8853854e-14
4.8292084e-11
2.5526742e-14
4.8298954e-11
2.2540625e-14
4.8304993e-11
1.9863777e-14
4.8310289e-11
1.7467128e-14
4.8314919e-11
1.5324073e-14
4.8318957e-11
1.3410288e-14
4.8322465e-11
1.1703566e-14
4.8325502e-11
1.0183647e-14
4.8328121e-11
8.8320713e-15
4.8330368e-11
7.6320357e-15
4.8332286e-11
6.5682613e-15
4.8333913e-11
5.6268692e-15
4.8335283e-11
4.7952653e-15
4.8336427e-11
4.0620325e-15
4.8337372e-11
3.4168319e-15
4.8338142e-11
2.8503105e-15
4.833876e-11
2.3540158e-15
4.8339246e-11
1.9203173e-15
4.8339615e-11
1.5423342e-15
4.8339885e-11
1.213868e-15
4.8340069e-11
9.293415e-16
4.8340178e-11
6.8374227e-16
4.8340224e-11
4.7257053e-16
4.8340216e-11
2.9179179e-16
4.8340163e-11
1.3779324e-16
4.8340072e-11
7.343901e-18
4.8339949e-11
-1.0244187e-16
4.8339801e-11
-1.9413761e-16
4.8339632e-11
-2.7003519e-16
4.8339447e-11
-3.3217244e-16
4.8339249e-11
-3.8235847e-16
4.8339042e-11
-4.2219655e-16
4.8338829e-11
-4.5310501e-16
4.8338612e-11
-4.7633622e-16
4.8338393e-11
-4.9299377e-16
4.8338174e-11
-5.0404807e-16
4.8337957e-11
-5.1035052e-16
4.8337742e-11
-5.1264625e-16
4.8337531e-11
-5.1158571e-16
4.8337325e-11
-5.0773511e-16
4.8337125e-11
-5.0158582e-16
4.8336931e-11
-4.935629e-16
4.8336743e-11
-4.840327e-16
4.8336562e-11
-4.7330977e-16
4.8336388e-11
-4.6166299e-16
4.8336221e-11
-4.4932114e-16
4.8336062e-11
-4.3647785e-16
4.833591e-11
-4.2329601e-16
4.8335766e-11
-4.0991177e-16
4.8335629e-11
-3.9643802e-16
4.8335499e-11
-3.8296756e-16
4.8335376e-11
-3.6957588e-16
4.833526e-11
-3.5632364e-16
4.8335151e-11
-3.4325882e-16
4.8335048e-11
-3.3041868e-16
4.8334952e-11
-3.1783145e-16
4.8334862e-11
-3.0551777e-16
4.8334778e-11
-2.9349206e-16
4.8334699e-11
-2.8176356e-16
4.8334626e-11
-2.7033739e-16
4.8334558e-11
-2.5921534e-16
4.8334495e-11
-2.4839657e-16
4.8334437e-11
-2.3787831e-16
4.8334383e-11
-2.2765629e-16
4.8334333e-11
-2.1772522e-16
4.8334287e-11
-2.0807912e-16
4.8334245e-11
-1.9871166e-16
4.8334207e-11
-1.8961636e-16
4.8334172e-11
-1.8078678e-16
4.833414e-11
-1.7221668e-16
4.8334111e-11
-1.6390009e-16
4.8334084e-11
-1.5583144e-16
4.833406e-11
-1.4800555e-16
4.8334039e-11
-1.404177e-16
4.8334019e-11
-1.3306358e-16
4.8334002e-11
-1.2593934e-16
4.8333987e-11
-1.1904151e-16
4.8333973e-11
-1.12367e-16
4.8333961e-11
-1.0591306e-16
4.833395e-11
-9.9677202e-17
4.833394e-11
-9.3657176e-17
4.8333932e-11
-8.7850912e-17
4.8333925e-11
-8.2256468e-17
4.8333919e-11
-7.687197e-17
4.8333913e-11
-7.1695571e-17
4.8333909e-11
-6.6725396e-17
4.8333905e-11
-6.1959499e-17
4.8333902e-11
-5.7395823e-17
4.8333899e-11
-5.3032155e-17
4.8333897e-11
-4.8866098e-17
4.8333896e-11
-4.4895037e-17
4.8333895e-11
-4.1116112e-17
4.8333894e-11
-3.7526199e-17
4.8333893e-11
-3.4121885e-17
4.8333893e-11
-3.0899454e-17
4.8333893e-11
-2.7854879e-17
4.8333893e-11
-2.4983805e-17
4.8333893e-11
-2.2281549e-17
4.8333894e-11
-1.9743088e-17
4.8333894e-11
-1.7363063e-17
4.8333895e-11
-1.5135772e-17
4.8333896e-11
-1.3055172e-17
4.8333897e-11
-1.111488e-17
4.8333898e-11
-9.308173e-18
4.8333899e-11
-7.6279907e-18
4.83339e-11
-6.0669371e-18
4.8333901e-11
-4.6172838e-18
4.8333902e-11
-3.2709726e-18
4.8333903e-11
-2.0196202e-18
4.8333904e-11
-8.5452336e-19
4.8333906e-11
2.3333252e-19
4.8333907e-11
1.2532623e-18
4.8333909e-11
2.2148645e-18
4.833391e-11
3.1279977e-18
4.8333912e-11
4.0027469e-18
4.8333914e-11
4.8493761e-18
4.8333916e-11
5.6782628e-18
4.8333918e-11
6.4998071e-18
4.8333921e-11
7.3243066e-18
4.8333924e-11
8.161787e-18
4.8333927e-11
9.02177e-18
4.833393e-11
9.9129593e-18
4.8333933e-11
1.0842814e-17
4.8333937e-11
1.1816969e-17
4.8333942e-11
1.2838447e-17
4.8333947e-11
1.3906581e-17
4.8333952e-11
1.5015551e-17
4.8333958e-11
1.6152379e-17
4.8333964e-11
1.7294132e-17
4.8333971e-11
1.8403863e-17
4.8333978e-11
1.942573e-17
4.8333985e-11
2.0280277e-17
4.8333993e-11
2.0858083e-17
2.0845549e-17
3.2570738e-11
6.0813626e-14
3.2664714e-11
1.8447816e-13
3.2821492e-11
3.0805073e-13
3.3039671e-11
4.2918176e-13
3.3316703e-11
5.4567078e-13
3.3648997e-11
6.5549132e-13
3.4032055e-11
7.568656e-13
3.4460647e-11
8.4832247e-13
3.4928989e-11
9.2873243e-13
3.5430942e-11
9.9732318e-13
3.5960198e-11
1.0536766e-12
3.6510447e-11
1.0977094e-12
3.7075542e-11
1.1296409e-12
3.7649618e-11
1.1499514e-12
3.8227205e-11
1.1593347e-12
3.8803301e-11
1.1586496e-12
3.9373424e-11
1.1488709e-12
3.9933642e-11
1.1310446e-12
4.048058e-11
1.1062479e-12
4.1011413e-11
1.075554e-12
4.1523843e-11
1.0400046e-12
4.2016067e-11
1.0005879e-12
4.2486737e-11
9.5822197e-13
4.293492e-11
9.1374473e-13
4.3360047e-11
8.6790743e-13
4.376187e-11
8.2137253e-13
4.4140415e-11
7.7471447e-13
4.4495945e-11
7.2842281e-13
4.4828911e-11
6.8290714e-13
4.5139923e-11
6.385031e-13
4.5429713e-11
5.9547906e-13
4.5699109e-11
5.5404317e-13
4.5949006e-11
5.1435044e-13
4.6180345e-11
4.7650953e-13
4.6394097e-11
4.4058929e-13
4.6591243e-11
4.066248e-13
4.6772762e-11
3.7462287e-13
4.6939622e-11
3.4456703e-13
4.7092769e-11
3.1642197e-13
4.7233123e-11
2.9013742e-13
4.7361569e-11
2.6565152e-13
4.7478957e-11
2.4289376e-13
4.7586097e-11
2.2178747e-13
4.7683757e-11
2.0225187e-13
4.7772665e-11
1.8420385e-13
4.7853505e-11
1.6755937e-13
4.7926922e-11
1.5223469e-13
4.7993518e-11
1.3814726e-13
4.8053856e-11
1.2521646e-13
4.8108459e-11
1.1336419e-13
4.8157815e-11
1.0251527e-13
4.8202376e-11
9.2597751e-14
4.824256e-11
8.3543139e-14
4.8278754e-11
7.5286484e-14
4.8311315e-11
6.7766447e-14
4.8340571e-11
6.0925299e-14
4.8366825e-11
5.4708877e-14
4.8390355e-11
4.9066499e-14
4.8411415e-11
4.3950867e-14
4.8430238e-11
3.9317939e-14
4.8447037e-11
3.5126794e-14
4.8462009e-11
3.1339482e-14
4.8475331e-11
2.7920876e-14
4.8487165e-11
2.4838515e-14
4.8497659e-11
2.2062449e-14
4.8506948e-11
1.9565085e-14
4.8515153e-11
1.732104e-14
4.8522387e-11
1.5306994e-14
4.8528749e-11
1.3501549e-14
4.8534331e-11
1.1885094e-14
4.8539216e-11
1.043968e-14
4.8543477e-11
9.1488956e-15
4.8547183e-11
7.9977524e-15
4.8550394e-11
6.9725769e-15
4.8553165e-11
6.060908e-15
4.8555546e-11
5.2514017e-15
4.855758e-11
4.5337419e-15
4.8559309e-11
3.8985566e-15
4.8560766e-11
3.3373405e-15
4.8561986e-11
2.8423827e-15
4.8562996e-11
2.4067e-15
4.8563823e-11
2.0239747e-15
4.8564488e-11
1.6884974e-15
4.8565013e-11
1.3951138e-15
4.8565416e-11
1.1391761e-15
4.8565714e-11
9.1649809e-16
4.856592e-11
7.2331328e-16
4.8566047e-11
5.5623728e-16
4.8566108e-11
4.1223267e-16
4.8566111e-11
2.8857697e-16
4.8566066e-11
1.8283328e-16
4.856598e-11
9.2823369e-17
4.8565861e-11
1.6603086e-17
4.8565715e-11
-4.7560099e-17
4.8565546e-11
-1.0120762e-16
4.8565359e-11
-1.4570856e-16
4.8565159e-11
-1.8227666e-16
4.8564949e-11
-2.1198593e-16
4.8564732e-11
-2.3578472e-16
4.856451e-11
-2.5450863e-16
4.8564286e-11
-2.6889216e-16
4.8564061e-11
-2.7957933e-16
4.8563838e-11
-2.871333e-16
4.8563618e-11
-2.9204503e-16
4.8563401e-11
-2.9474127e-16
4.8563189e-11
-2.955916e-16
4.8562982e-11
-2.9491492e-16
4.8562781e-11
-2.9298528e-16
4.8562587e-11
-2.9003712e-16
4.85624e-11
-2.8626997e-16
4.8562221e-11
-2.8185276e-16
4.8562048e-11
-2.7692759e-16
4.8561883e-11
-2.7161318e-16
4.8561726e-11
-2.6600793e-16
4.8561576e-11
-2.6019269e-16
4.8561434e-11
-2.5423318e-16
4.8561299e-11
-2.4818216e-16
4.8561172e-11
-2.4208142e-16
4.8561051e-11
-2.3596345e-16
4.8560938e-11
-2.2985296e-16
4.8560831e-11
-2.2376823e-16
4.8560731e-11
-2.1772229e-16
4.8560637e-11
-2.1172389e-16
4.856055e-11
-2.0577843e-16
4.8560468e-11
-1.9988875e-16
4.8560392e-11
-1.940557e-16
4.8560321e-11
-1.8827879e-16
4.8560255e-11
-1.8255661e-16
4.8560194e-11
-1.7688723e-16
4.8560137e-11
-1.7126856e-16
4.8560085e-11
-1.6569854e-16
4.8560038e-11
-1.601754e-16
4.8559994e-11
-1.5469781e-16
4.8559953e-11
-1.4926499e-16
4.8559916e-11
-1.4387675e-16
4.8559883e-11
-1.385336e-16
4.8559852e-11
-1.3323673e-16
4.8559824e-11
-1.2798801e-16
4.8559799e-11
-1.2278994e-16
4.8559776e-11
-1.1764567e-16
4.8559756e-11
-1.1255889e-16
4.8559737e-11
-1.0753378e-16
4.8559721e-11
-1.0257496e-16
4.8559706e-11
-9.7687403e-17
4.8559693e-11
-9.2876328e-17
4.8559681e-11
-8.814716e-17
4.8559671e-11
-8.350543e-17
4.8559662e-11
-7.8956696e-17
4.8559655e-11
-7.4506473e-17
4.8559648e-11
-7.0160155e-17
4.8559642e-11
-6.5922951e-17
4.8559637e-11
-6.1799823e-17
4.8559633e-11
-5.7795425e-17
4.855963e-11
-5.3914054e-17
4.8559627e-11
-5.0159608e-17
4.8559624e-11
-4.6535539e-17
4.8559623e-11
-4.3044829e-17
4.8559621e-11
-3.9689958e-17
4.855962e-11
-3.6472883e-17
4.8559619e-11
-3.3395024e-17
4.8559619e-11
-3.0457255e-17
4.8559619e-11
-2.7659894e-17
4.8559619e-11
-2.5002707e-17
4.8559619e-11
-2.2484905e-17
4.8559619e-11
-2.0105157e-17
4.855962e-11
-1.7861595e-17
4.855962e-11
-1.5751827e-17
4.8559621e-11
-1.377295e-17
4.8559622e-11
-1.192157e-17
4.8559623e-11
-1.0193814e-17
4.8559624e-11
-8.5853496e-18
4.8559625e-11
-7.0914072e-18
4.8559626e-11
-5.7067952e-18
4.8559627e-11
-4.4259218e-18
4.8559628e-11
-3.242815e-18
4.855963e-11
-2.1511435e-18
4.8559631e-11
-1.1442388e-18
4.8559632e-11
-2.1511829e-19
4.8559634e-11
6.4348829e-19
4.8559636e-11
1.4391099e-18
4.8559637e-11
2.1794992e-18
4.8559639e-11
2.872591e-18
4.8559642e-11
3.52645e-18
4.8559644e-11
4.1492049e-18
4.8559647e-11
4.7489634e-18
4.8559649e-11
5.3337012e-18
4.8559652e-11
5.9111155e-18
4.8559656e-11
6.4884308e-18
4.855966e-11
7.0721377e-18
4.8559664e-11
7.6676436e-18
4.8559668e-11
8.2787971e-18
4.8559673e-11
8.9072428e-18
4.8559679e-11
9.5515414e-18
4.8559685e-11
1.0205966e-17
4.8559691e-11
1.0858821e-17
4.8559698e-11
1.1489975e-17
4.8559705e-11
1.2068013e-17
4.8559713e-11
1.2547185e-17
4.8559721e-11
1.2864523e-17
1.2828488e-17
3.2570258e-11
3.0287664e-14
3.2662843e-11
9.1893593e-14
3.2817416e-11
1.5347765e-13
3.3032721e-11
2.138764e-13
3.3306393e-11
2.7199873e-13
3.3635047e-11
3.2683774e-13
3.4014404e-11
3.7750783e-13
3.4439453e-11
4.2327352e-13
3.4904619e-11
4.6356715e-13
3.5403945e-11
4.9799706e-13
3.5931275e-11
5.2634674e-13
3.6480418e-11
5.4856579e-13
3.7045305e-11
5.6475447e-13
3.7620113e-11
5.7514349e-13
3.8199376e-11
5.8007102e-13
3.8778067e-11
5.7995845e-13
3.9351652e-11
5.7528653e-13
3.9916123e-11
5.6657299e-13
4.0468019e-11
5.5435238e-13
4.1004414e-11
5.3915883e-13
4.1522907e-11
5.2151184e-13
4.202159e-11
5.0190509e-13
4.2499013e-11
4.8079831e-13
4.2954146e-11
4.586117e-13
4.3386331e-11
4.3572267e-13
4.3795239e-11
4.1246458e-13
4.4180826e-11
3.8912699e-13
4.4543292e-11
3.6595709e-13
4.4883037e-11
3.4316207e-13
4.5200628e-11
3.2091206e-13
4.5496764e-11
2.9934341e-13
4.5772245e-11
2.785622e-13
4.6027948e-11
2.5864772e-13
4.6264801e-11
2.396559e-13
4.6483768e-11
2.2162253e-13
4.6685827e-11
2.0456634e-13
4.6871958e-11
1.8849173e-13
4.7043133e-11
1.7339129e-13
4.7200307e-11
1.5924804e-13
4.7344407e-11
1.4603735e-13
4.747633e-11
1.337287e-13
4.7596937e-11
1.2228715e-13
4.770705e-11
1.1167454e-13
4.7807451e-11
1.0185062e-13
4.7898881e-11
9.2773893e-14
4.7982038e-11
8.4402361e-14
4.8057579e-11
7.669411e-14
4.8126118e-11
6.9607796e-14
4.8188231e-11
6.3103016e-14
4.8244455e-11
5.7140599e-14
4.8295288e-11
5.1682828e-14
4.8341192e-11
4.6693589e-14
4.8382596e-11
4.2138481e-14
4.8419898e-11
3.7984877e-14
4.8453462e-11
3.4201955e-14
4.8483627e-11
3.0760696e-14
4.8510702e-11
2.7633867e-14
4.8534973e-11
2.479598e-14
4.85567e-11
2.2223243e-14
4.8576125e-11
1.9893495e-14
4.8593465e-11
1.7786143e-14
4.8608923e-11
1.5882085e-14
4.862268e-11
1.4163636e-14
4.8634904e-11
1.261445e-14
4.8645747e-11
1.1219442e-14
4.8655347e-11
9.9647133e-15
4.8663831e-11
8.8374737e-15
4.8671312e-11
7.8259707e-15
4.8677894e-11
6.9194185e-15
4.8683671e-11
6.1079307e-15
4.8688729e-11
5.3824558e-15
4.8693143e-11
4.7347165e-15
4.8696983e-11
4.1571516e-15
4.8700313e-11
3.6428618e-15
4.8703188e-11
3.1855584e-15
4.870566e-11
2.7795154e-15
4.8707774e-11
2.4195249e-15
4.8709572e-11
2.1008545e-15
4.871109e-11
1.8192094e-15
4.8712362e-11
1.5706953e-15
4.8713417e-11
1.3517854e-15
4.8714282e-11
1.159289e-15
4.871498e-11
9.9032296e-16
4.8715533e-11
8.4228475e-16
4.8715959e-11
7.1282836e-16
4.8716276e-11
5.9984146e-16
4.8716497e-11
5.0142469e-16
4.8716638e-11
4.1587251e-16
4.8716708e-11
3.4165566e-16
4.871672e-11
2.7740504e-16
4.8716681e-11
2.2189691e-16
4.8716599e-11
1.7403936e-16
4.8716483e-11
1.3285989e-16
4.8716338e-11
9.7494111e-17
4.871617e-11
6.7175303e-17
4.8715983e-11
4.122499e-17
4.8715781e-11
1.9044257e-17
4.8715569e-11
1.0584939e-19
4.871535e-11
-1.6053032e-17
4.8715125e-11
-2.9837305e-17
4.8714898e-11
-4.1599995e-17
4.871467e-11
-5.1647686e-17
4.8714443e-11
-6.0245485e-17
4.8714218e-11
-6.7621536e-17
4.8713998e-11
-7.3971125e-17
4.8713781e-11
-7.9460407e-17
4.8713571e-11
-8.4229787e-17
4.8713366e-11
-8.8396993e-17
4.8713168e-11
-9.2059851e-17
4.8712977e-11
-9.5298802e-17
4.8712794e-11
-9.8179179e-17
4.8712617e-11
-1.0075325e-16
4.8712449e-11
-1.0306208e-16
4.8712288e-11
-1.0513718e-16
4.8712135e-11
-1.07002e-16
4.8711989e-11
-1.0867328e-16
4.8711851e-11
-1.1016219e-16
4.8711721e-11
-1.1147548e-16
4.8711597e-11
-1.126163e-16
4.8711481e-11
-1.1358512e-16
4.8711372e-11
-1.1438042e-16
4.8711269e-11
-1.149993e-16
4.8711173e-11
-1.1543804e-16
4.8711082e-11
-1.1569256e-16
4.8710998e-11
-1.1575884e-16
4.871092e-11
-1.156332e-16
4.8710847e-11
-1.1531259e-16
4.8710779e-11
-1.147948e-16
4.8710716e-11
-1.1407865e-16
4.8710658e-11
-1.1316405e-16
4.8710605e-11
-1.1205215e-16
4.8710555e-11
-1.1074533e-16
4.871051e-11
-1.0924725e-16
4.8710468e-11
-1.0756282e-16
4.871043e-11
-1.0569818e-16
4.8710395e-11
-1.0366061e-16
4.8710363e-11
-1.0145849e-16
4.8710334e-11
-9.9101219e-17
4.8710308e-11
-9.6599076e-17
4.8710284e-11
-9.3963149e-17
4.8710263e-11
-9.1205211e-17
4.8710244e-11
-8.8337601e-17
4.8710227e-11
-8.5373107e-17
4.8710211e-11
-8.2324846e-17
4.8710198e-11
-7.9206149e-17
4.8710186e-11
-7.6030441e-17
4.8710175e-11
-7.2811137e-17
4.8710165e-11
-6.9561529e-17
4.8710157e-11
-6.6294694e-17
4.871015e-11
-6.3023394e-17
4.8710144e-11
-5.9759999e-17
4.8710139e-11
-5.6516403e-17
4.8710134e-11
-5.3303957e-17
4.871013e-11
-5.0133413e-17
4.8710127e-11
-4.7014866e-17
4.8710125e-11
-4.3957714e-17
4.8710123e-11
-4.0970621e-17
4.8710121e-11
-3.8061493e-17
4.871012e-11
-3.5237456e-17
4.8710119e-11
-3.2504845e-17
4.8710118e-11
-2.98692e-17
4.8710118e-11
-2.7335265e-17
4.8710118e-11
-2.4907e-17
4.8710118e-11
-2.2587588e-17
4.8710118e-11
-2.0379459e-17
4.8710119e-11
-1.8284307e-17
4.8710119e-11
-1.6303119e-17
4.871012e-11
-1.44362e-17
4.8710121e-11
-1.268321e-17
4.8710121e-11
-1.1043191e-17
4.8710122e-11
-9.5146044e-18
4.8710123e-11
-8.095368e-18
4.8710124e-11
-6.7828905e-18
4.8710126e-11
-5.5741084e-18
4.8710127e-11
-4.4655231e-18
4.8710128e-11
-3.4532371e-18
4.871013e-11
-2.5329899e-18
4.8710131e-11
-1.7001939e-18
4.8710133e-11
-9.4997009e-19
4.8710134e-11
-2.7718308e-19
4.8710136e-11
3.2352283e-19
4.8710138e-11
8.5768689e-19
4.871014e-11
1.3309938e-18
4.8710143e-11
1.7492325e-18
4.8710145e-11
2.1182512e-18
4.8710148e-11
2.4439055e-18
4.8710151e-11
2.7319986e-18
4.8710155e-11
2.9882077e-18
4.8710159e-11
3.2179922e-18
4.8710163e-11
3.4264764e-18
4.8710168e-11
3.6182951e-18
4.8710173e-11
3.7973872e-18
4.8710178e-11
3.9667174e-18
4.8710184e-11
4.1279011e-18
4.8710191e-11
4.2806515e-18
4.8710198e-11
4.4219669e-18
4.8710206e-11
4.5452807e-18
4.8710214e-11
4.6398588e-18
4.8710222e-11
4.6897552e-18
4.6295775e-18
3.2570019e-11
2.896454e-20
3.2661912e-11
9.8243485e-20
3.281539e-11
1.815777e-19
3.3029266e-11
2.8110229e-19
3.3301264e-11
3.9938431e-19
3.3628101e-11
5.3917026e-19
3.4005609e-11
7.0340256e-19
3.4428881e-11
8.9521342e-19
3.4892447e-11
1.1179198e-18
3.5390443e-11
1.3750204e-18
3.5916788e-11
1.6701947e-18
3.6465352e-11
2.0073046e-18
3.7030104e-11
2.3903978e-18
3.7605245e-11
2.8237133e-18
3.8185312e-11
3.3116867e-18
3.8765267e-11
3.8589567e-18
3.9340549e-11
4.4703702e-18
3.9907117e-11
5.1509859e-18
4.0461463e-11
5.9060764e-18
4.1000615e-11
6.7411281e-18
4.1522119e-11
7.6618376e-18
4.2024016e-11
8.6741056e-18
4.2504804e-11
9.7840272e-18
4.2963405e-11
1.0997878e-17
4.3399115e-11
1.2322098e-17
4.3811566e-11
1.3763267e-17
4.4200678e-11
1.5328084e-17
4.4566618e-11
1.7023332e-17
4.4909761e-11
1.8855847e-17
4.5230652e-11
2.0832477e-17
4.5529973e-11
2.2960039e-17
4.580851e-11
2.524527e-17
4.606713e-11
2.7694779e-17
4.6306755e-11
3.0314982e-17
4.6528345e-11
3.3112048e-17
4.6732875e-11
3.6091832e-17
4.6921328e-11
3.9259806e-17
4.7094676e-11
4.2620985e-17
4.7253878e-11
4.6179859e-17
4.7399865e-11
4.9940307e-17
4.753354e-11
5.3905526e-17
4.7655769e-11
5.8077946e-17
4.7767381e-11
6.245915e-17
4.7869165e-11
6.7049795e-17
4.7961867e-11
7.184953e-17
4.8046193e-11
7.685692e-17
4.8122805e-11
8.206937e-17
4.8192325e-11
8.7483052e-17
4.8255335e-11
9.309284e-17
4.8312377e-11
9.8892247e-17
4.8363954e-11
1.0487337e-16
4.8410537e-11
1.1102684e-16
4.8452558e-11
1.173418e-16
4.8490419e-11
1.2380583e-16
4.8524491e-11
1.3040499e-16
4.8555114e-11
1.3712377e-16
4.8582604e-11
1.439451e-16
4.8607249e-11
1.5085038e-16
4.8629315e-11
1.5781949e-16
4.8649044e-11
1.6483087e-16
4.8666658e-11
1.7186152e-16
4.8682361e-11
1.7888714e-16
4.8696339e-11
1.8588218e-16
4.870876e-11
1.9281995e-16
4.871978e-11
1.9967271e-16
4.8729538e-11
2.0641187e-16
4.8738163e-11
2.1300807e-16
4.8745769e-11
2.1943137e-16
4.8752463e-11
2.256514e-16
4.875834e-11
2.3163757e-16
4.8763485e-11
2.3735922e-16
4.8767977e-11
2.4278587e-16
4.8771886e-11
2.4788739e-16
4.8775276e-11
2.5263422e-16
4.8778205e-11
2.5699758e-16
4.8780723e-11
2.6094971e-16
4.8782878e-11
2.6446405e-16
4.8784712e-11
2.6751549e-16
4.8786261e-11
2.7008055e-16
4.8787559e-11
2.7213763e-16
4.8788637e-11
2.7366712e-16
4.8789522e-11
2.7465167e-16
4.8790237e-11
2.7507632e-16
4.8790805e-11
2.7492866e-16
4.8791243e-11
2.7419898e-16
4.879157e-11
2.7288035e-16
4.8791801e-11
2.7096881e-16
4.8791948e-11
2.6846335e-16
4.8792024e-11
2.6536605e-16
4.879204e-11
2.6168207e-16
4.8792005e-11
2.5741966e-16
4.8791926e-11
2.5259017e-16
4.8791812e-11
2.47208e-16
4.8791668e-11
2.4129054e-16
4.87915e-11
2.3485809e-16
4.8791314e-11
2.2793374e-16
4.8791112e-11
2.2054325e-16
4.8790899e-11
2.1271488e-16
4.8790679e-11
2.0447925e-16
4.8790453e-11
1.9586908e-16
4.8790225e-11
1.8691905e-16
4.8789995e-11
1.7766553e-16
4.8789767e-11
1.6814634e-16
4.8789541e-11
1.5840053e-16
4.8789318e-11
1.4846807e-16
4.8789101e-11
1.3838963e-16
4.8788888e-11
1.282063e-16
4.8788682e-11
1.1795927e-16
4.8788482e-11
1.0768964e-16
4.8788289e-11
9.7438062e-17
4.8788104e-11
8.7244562e-17
4.8787926e-11
7.7148227e-17
4.8787756e-11
6.7186986e-17
4.8787593e-11
5.7397375e-17
4.8787438e-11
4.7814321e-17
4.8787291e-11
3.847094e-17
4.8787152e-11
2.9398354e-17
4.878702e-11
2.0625531e-17
4.8786895e-11
1.2179138e-17
4.8786777e-11
4.0834188e-18
4.8786666e-11
-3.6399045e-18
4.8786562e-11
-1.0971712e-17
4.8786465e-11
-1.7895541e-17
4.8786374e-11
-2.4397623e-17
4.8786288e-11
-3.0466891e-17
4.8786209e-11
-3.6094973e-17
4.8786135e-11
-4.1276166e-17
4.8786066e-11
-4.6007378e-17
4.8786002e-11
-5.0288066e-17
4.8785943e-11
-5.4120148e-17
4.8785888e-11
-5.7507902e-17
4.8785838e-11
-6.0457846e-17
4.8785792e-11
-6.2978613e-17
4.8785749e-11
-6.5080808e-17
4.8785711e-11
-6.6776856e-17
4.8785675e-11
-6.8080845e-17
4.8785643e-11
-6.9008361e-17
4.8785613e-11
-6.9576317e-17
4.8785586e-11
-6.9802785e-17
4.8785562e-11
-6.9706816e-17
4.878554e-11
-6.9308278e-17
4.878552e-11
-6.8627672e-17
4.8785503e-11
-6.7685979e-17
4.8785487e-11
-6.6504485e-17
4.8785473e-11
-6.5104635e-17
4.878546e-11
-6.3507877e-17
4.8785449e-11
-6.1735523e-17
4.8785439e-11
-5.9808618e-17
4.8785431e-11
-5.7747813e-17
4.8785423e-11
-5.5573259e-17
4.8785417e-11
-5.3304498e-17
4.8785411e-11
-5.0960374e-17
4.8785407e-11
-4.8558953e-17
4.8785403e-11
-4.6117456e-17
4.8785399e-11
-4.3652193e-17
4.8785396e-11
-4.1178523e-17
4.8785394e-11
-3.8710814e-17
4.8785392e-11
-3.6262414e-17
4.8785391e-11
-3.3845635e-17
4.878539e-11
-3.1471747e-17
4.8785389e-11
-2.9150977e-17
4.8785389e-11
-2.6892516e-17
4.8785389e-11
-2.4704537e-17
4.8785389e-11
-2.259422e-17
4.8785389e-11
-2.0567777e-17
4.8785389e-11
-1.863049e-17
4.878539e-11
-1.6786746e-17
4.878539e-11
-1.5040088e-17
4.8785391e-11
-1.3393251e-17
4.8785392e-11
-1.1848222e-17
4.8785393e-11
-1.0406284e-17
4.8785394e-11
-9.0680691e-18
4.8785395e-11
-7.8336164e-18
4.8785396e-11
-6.702421e-18
4.8785397e-11
-5.6734884e-18
4.8785398e-11
-4.7453864e-18
4.87854e-11
-3.916295e-18
4.8785401e-11
-3.1840549e-18
4.8785403e-11
-2.5462123e-18
4.8785404e-11
-2.0000602e-18
4.8785406e-11
-1.542676e-18
4.8785408e-11
-1.1709522e-18
4.8785411e-11
-8.8162172e-19
4.8785413e-11
-6.7127362e-19
4.8785416e-11
-5.3635831e-19
4.8785419e-11
-4.7317918e-19
4.8785422e-11
-4.7786672e-19
4.8785425e-11
-5.4632958e-19
4.8785429e-11
-6.741769e-19
4.8785433e-11
-8.5660069e-19
4.8785438e-11
-1.0882072e-18
4.8785443e-11
-1.3627807e-18
4.8785449e-11
-1.6729519e-18
4.8785455e-11
-2.0097422e-18
4.8785462e-11
-2.361957e-18
4.8785469e-11
-2.7153588e-18
4.8785476e-11
-3.0513465e-18
4.8785484e-11
-3.345363e-18
4.8785493e-11
-3.5661567e-18
-3.650409e-18
3.2570019e-11
-3.0287606e-14
3.2661912e-11
-9.1893397e-14
3.281539e-11
-1.5347729e-13
3.3029266e-11
-2.1387584e-13
3.3301264e-11
-2.7199793e-13
3.3628101e-11
-3.2683666e-13
3.4005609e-11
-3.7750643e-13
3.4428881e-11
-4.2327173e-13
3.4892447e-11
-4.6356491e-13
3.5390443e-11
-4.9799432e-13
3.5916788e-11
-5.263434e-13
3.6465352e-11
-5.4856178e-13
3.7030104e-11
-5.6474969e-13
3.7605245e-11
-5.7513785e-13
3.8185312e-11
-5.8006441e-13
3.8765267e-11
-5.7995075e-13
3.9340549e-11
-5.7527761e-13
3.9907117e-11
-5.6656271e-13
4.0461463e-11
-5.5434059e-13
4.1000615e-11
-5.3914538e-13
4.152212e-11
-5.2149654e-13
4.2024016e-11
-5.0188777e-13
4.2504805e-11
-4.8077878e-13
4.2963405e-11
-4.5858975e-13
4.3399116e-11
-4.3569807e-13
4.3811567e-11
-4.1243711e-13
4.4200678e-11
-3.8909639e-13
4.4566619e-11
-3.6592311e-13
4.4909762e-11
-3.4312443e-13
4.5230653e-11
-3.2087048e-13
4.5529974e-11
-2.9929758e-13
4.5808511e-11
-2.7851181e-13
4.6067131e-11
-2.5859244e-13
4.6306757e-11
-2.3959539e-13
4.6528346e-11
-2.2155644e-13
4.6732877e-11
-2.044943e-13
4.6921329e-11
-1.8841337e-13
4.7094678e-11
-1.7330622e-13
4.725388e-11
-1.5915586e-13
4.7399868e-11
-1.4593766e-13
4.7533543e-11
-1.336211e-13
4.7655772e-11
-1.2217121e-13
4.7767384e-11
-1.1154986e-13
4.7869168e-11
-1.0171678e-13
4.796187e-11
-9.2630469e-14
4.8046196e-11
-8.424894e-14
4.8122809e-11
-7.6530283e-14
4.8192329e-11
-6.9433161e-14
4.8255339e-11
-6.2917181e-14
4.8312382e-11
-5.6943186e-14
4.836396e-11
-5.1473474e-14
4.8410543e-11
-4.647195e-14
4.8452564e-11
-4.1904234e-14
4.8490426e-11
-3.7737725e-14
4.8524498e-11
-3.3941628e-14
4.8555122e-11
-3.0486955e-14
4.8582613e-11
-2.7346507e-14
4.8607258e-11
-2.4494834e-14
4.8629324e-11
-2.1908183e-14
4.8649053e-11
-1.9564437e-14
4.8666668e-11
-1.7443048e-14
4.8682372e-11
-1.5524963e-14
4.8696351e-11
-1.3792549e-14
4.8708773e-11
-1.2229512e-14
4.8719793e-11
-1.0820823e-14
4.8729553e-11
-9.5526393e-15
4.8738178e-11
-8.4122306e-15
4.8745785e-11
-7.3879038e-15
4.875248e-11
-6.4689338e-15
4.8758357e-11
-5.6454951e-15
4.8763503e-11
-4.9085975e-15
4.8767996e-11
-4.2500245e-15
4.8771906e-11
-3.6622751e-15
4.8775297e-11
-3.1385091e-15
4.8778226e-11
-2.6724952e-15
4.8780746e-11
-2.2585629e-15
4.8782902e-11
-1.8915571e-15
4.8784736e-11
-1.5667957e-15
4.8786286e-11
-1.2800308e-15
4.8787586e-11
-1.0274112e-15
4.8788665e-11
-8.0544918e-16
4.8789551e-11
-6.1098876e-16
4.8790267e-11
-4.4117655e-16
4.8790835e-11
-2.9343491e-16
4.8791275e-11
-1.6543717e-16
4.8791603e-11
-5.5084791e-17
4.8791834e-11
3.9513651e-17
4.8791983e-11
1.2006172e-16
4.879206e-11
1.8809281e-16
4.8792077e-11
2.4498634e-16
4.8792042e-11
2.9198256e-16
4.8791965e-11
3.3019603e-16
4.8791851e-11
3.6062802e-16
4.8791708e-11
3.8417767e-16
4.8791541e-11
4.016522e-16
4.8791356e-11
4.1377624e-16
4.8791155e-11
4.2120013e-16
4.8790943e-11
4.2450758e-16
4.8790723e-11
4.2422249e-16
4.8790498e-11
4.2081516e-16
4.8790271e-11
4.1470784e-16
4.8790042e-11
4.0627974e-16
4.8789814e-11
3.958715e-16
4.8789589e-11
3.8378922e-16
4.8789367e-11
3.7030801e-16
4.878915e-11
3.5567524e-16
4.8788938e-11
3.4011331e-16
4.8788732e-11
3.2382223e-16
4.8788533e-11
3.0698186e-16
4.878834e-11
2.8975384e-16
4.8788155e-11
2.7228338e-16
4.8787978e-11
2.547008e-16
4.8787808e-11
2.3712288e-16
4.8787646e-11
2.1965408e-16
4.8787491e-11
2.0238758e-16
4.8787344e-11
1.8540621e-16
4.8787205e-11
1.687833e-16
4.8787073e-11
1.5258339e-16
4.8786948e-11
1.3686289e-16
4.8786831e-11
1.2167066e-16
4.878672e-11
1.0704853e-16
4.8786616e-11
9.3031756e-17
4.8786518e-11
7.9649482e-17
4.8786427e-11
6.6925115e-17
4.8786342e-11
5.4876697e-17
4.8786262e-11
4.3517252e-17
4.8786188e-11
3.2855112e-17
4.8786119e-11
2.2894231e-17
4.8786055e-11
1.3634481e-17
4.8785996e-11
5.07195e-18
4.8785941e-11
-2.8007782e-18
4.8785891e-11
-9.9943433e-18
4.8785844e-11
-1.6522336e-17
4.8785802e-11
-2.2401028e-17
4.8785762e-11
-2.7649107e-17
4.8785727e-11
-3.2287419e-17
4.8785694e-11
-3.6338706e-17
4.8785664e-11
-3.9827362e-17
4.8785637e-11
-4.2779184e-17
4.8785613e-11
-4.5221132e-17
4.8785591e-11
-4.7181101e-17
4.8785571e-11
-4.8687694e-17
4.8785553e-11
-4.9770012e-17
4.8785537e-11
-5.0457441e-17
4.8785522e-11
-5.0779469e-17
4.878551e-11
-5.076549e-17
4.8785498e-11
-5.0444646e-17
4.8785488e-11
-4.9845657e-17
4.878548e-11
-4.8996681e-17
4.8785472e-11
-4.7925181e-17
4.8785465e-11
-4.6657805e-17
4.878546e-11
-4.522028e-17
4.8785455e-11
-4.363732e-17
4.878545e-11
-4.193255e-17
4.8785447e-11
-4.0128439e-17
4.8785444e-11
-3.8246248e-17
4.8785442e-11
-3.6305991e-17
4.878544e-11
-3.432641e-17
4.8785438e-11
-3.2324958e-17
4.8785437e-11
-3.0317792e-17
4.8785436e-11
-2.8319786e-17
4.8785436e-11
-2.6344542e-17
4.8785435e-11
-2.4404414e-17
4.8785435e-11
-2.2510545e-17
4.8785435e-11
-2.0672904e-17
4.8785436e-11
-1.8900336e-17
4.8785436e-11
-1.7200612e-17
4.8785437e-11
-1.558049e-17
4.8785437e-11
-1.4045771e-17
4.8785438e-11
-1.2601372e-17
4.8785439e-11
-1.1251388e-17
4.878544e-11
-9.9991626e-18
4.8785441e-11
-8.8473578e-18
4.8785442e-11
-7.7980253e-18
4.8785443e-11
-6.8526741e-18
4.8785444e-11
-6.0123383e-18
4.8785446e-11
-5.2776411e-18
4.8785447e-11
-4.6488547e-18
4.8785449e-11
-4.1259552e-18
4.878545e-11
-3.7086696e-18
4.8785452e-11
-3.3965141e-18
4.8785454e-11
-3.1888202e-18
4.8785456e-11
-3.0847453e-18
4.8785459e-11
-3.0832638e-18
4.8785462e-11
-3.1831325e-18
4.8785464e-11
-3.3828219e-18
4.8785468e-11
-3.6804046e-18
4.8785471e-11
-4.0733843e-18
4.8785475e-11
-4.5584487e-18
4.8785479e-11
-5.1311176e-18
4.8785484e-11
-5.7852527e-18
4.8785489e-11
-6.5123786e-18
4.8785495e-11
-7.3007449e-18
4.8785501e-11
-8.1340414e-18
4.8785508e-11
-8.9896426e-18
4.8785515e-11
-9.8360817e-18
4.8785522e-11
-1.0629756e-17
4.878553e-11
-1.1311263e-17
4.8785538e-11
-1.1801012e-17
-1.1909433e-17
3.2570258e-11
-6.0813568e-14
3.2662843e-11
-1.8447796e-13
3.2817416e-11
-3.0805037e-13
3.3032721e-11
-4.291812e-13
3.3306393e-11
-5.4566999e-13
3.3635047e-11
-6.5549025e-13
3.4014404e-11
-7.568642e-13
3.4439453e-11
-8.4832069e-13
3.4904619e-11
-9.2873021e-13
3.5403945e-11
-9.9732045e-13
3.5931275e-11
-1.0536733e-12
3.6480418e-11
-1.0977054e-12
3.7045305e-11
-1.1296362e-12
3.7620113e-11
-1.1499458e-12
3.8199376e-11
-1.1593282e-12
3.8778068e-11
-1.1586419e-12
3.9351652e-11
-1.148862e-12
3.9916124e-11
-1.1310344e-12
4.0468019e-11
-1.1062361e-12
4.1004414e-11
-1.0755406e-12
4.1522907e-11
-1.0399894e-12
4.202159e-11
-1.0005707e-12
4.2499014e-11
-9.5820256e-13
4.2954147e-11
-9.1372291e-13
4.3386332e-11
-8.6788299e-13
4.379524e-11
-8.2134523e-13
4.4180828e-11
-7.7468406e-13
4.4543294e-11
-7.2838904e-13
4.4883039e-11
-6.8286974e-13
4.520063e-11
-6.3846177e-13
4.5496766e-11
-5.9543351e-13
4.5772248e-11
-5.5399309e-13
4.6027951e-11
-5.1429549e-13
4.6264805e-11
-4.7644938e-13
4.6483772e-11
-4.405236e-13
4.6685831e-11
-4.0655319e-13
4.6871962e-11
-3.7454497e-13
4.7043139e-11
-3.4448246e-13
4.7200313e-11
-3.1633033e-13
4.7344414e-11
-2.9003831e-13
4.7476337e-11
-2.6554454e-13
4.7596944e-11
-2.4277851e-13
4.7707058e-11
-2.2166352e-13
4.780746e-11
-2.021188e-13
4.7898891e-11
-1.8406124e-13
4.7982049e-11
-1.6740683e-13
4.805759e-11
-1.520718e-13
4.8126131e-11
-1.3797362e-13
4.8188245e-11
-1.2503168e-13
4.824447e-11
-1.1316789e-13
4.8295304e-11
-1.0230709e-13
4.8341209e-11
-9.2377353e-14
4.8382615e-11
-8.33102e-14
4.8419918e-11
-7.5040707e-14
4.8453484e-11
-6.7507565e-14
4.848365e-11
-6.0653074e-14
4.8510727e-11
-5.4423104e-14
4.8534999e-11
-4.8767013e-14
4.8556728e-11
-4.363754e-14
4.8576154e-11
-3.8990688e-14
4.8593497e-11
-3.4785579e-14
4.8608956e-11
-3.0984315e-14
4.8622716e-11
-2.7551817e-14
4.8634942e-11
-2.4455678e-14
4.8645787e-11
-2.1666003e-14
4.865539e-11
-1.9155256e-14
4.8663875e-11
-1.6898112e-14
4.8671359e-11
-1.487131e-14
4.8677943e-11
-1.3053513e-14
4.8683723e-11
-1.1425171e-14
4.8688783e-11
-9.9683964e-15
4.86932e-11
-8.6668372e-15
4.8697043e-11
-7.5055652e-15
4.8700375e-11
-6.4709657e-15
4.8703254e-11
-5.5506347e-15
4.8705728e-11
-4.7332836e-15
4.8707845e-11
-4.0086487e-15
4.8709646e-11
-3.3674081e-15
4.8711167e-11
-2.8011029e-15
4.8712442e-11
-2.3020654e-15
4.87135e-11
-1.8633512e-15
4.8714367e-11
-1.4786769e-15
4.8715069e-11
-1.1423629e-15
4.8715624e-11
-8.492796e-16
4.8716054e-11
-5.9479841e-16
4.8716373e-11
-3.7474668e-16
4.8716598e-11
-1.8536592e-16
4.8716742e-11
-2.327364e-17
4.8716815e-11
1.1457173e-16
4.8716829e-11
2.3090297e-16
4.8716793e-11
3.2817342e-16
4.8716715e-11
4.0858393e-16
4.8716601e-11
4.7410726e-16
4.8716459e-11
5.2651056e-16
4.8716293e-11
5.6737563e-16
4.8716109e-11
5.9811746e-16
4.871591e-11
6.2000102e-16
4.87157e-11
6.3415649e-16
4.8715483e-11
6.4159306e-16
4.8715261e-11
6.4321141e-16
4.8715035e-11
6.3981493e-16
4.871481e-11
6.3211991e-16
4.8714585e-11
6.2076468e-16
4.8714362e-11
6.0631779e-16
4.8714143e-11
5.892854e-16
4.8713929e-11
5.7011789e-16
4.871372e-11
5.4921577e-16
4.8713517e-11
5.2693496e-16
4.871332e-11
5.0359146e-16
4.871313e-11
4.7946564e-16
4.8712948e-11
4.5480585e-16
4.8712773e-11
4.2983184e-16
4.8712605e-11
4.0473765e-16
4.8712445e-11
3.7969424e-16
4.8712292e-11
3.5485178e-16
4.8712147e-11
3.3034175e-16
4.871201e-11
3.062787e-16
4.871188e-11
2.8276191e-16
4.8711757e-11
2.598768e-16
4.8711641e-11
2.3769618e-16
4.8711532e-11
2.1628145e-16
4.8711429e-11
1.9568353e-16
4.8711333e-11
1.7594385e-16
4.8711242e-11
1.570951e-16
4.8711158e-11
1.3916204e-16
4.8711079e-11
1.2216209e-16
4.8711006e-11
1.0610605e-16
4.8710938e-11
9.0998589e-17
4.8710875e-11
7.6838811e-17
4.8710816e-11
6.3620744e-17
4.8710762e-11
5.1333798e-17
4.8710712e-11
3.9963209e-17
4.8710666e-11
2.9490449e-17
4.8710624e-11
1.989362e-17
4.8710585e-11
1.1147833e-17
4.871055e-11
3.2255698e-18
4.8710517e-11
-3.9029765e-18
4.8710488e-11
-1.0269568e-17
4.8710461e-11
-1.5907604e-17
4.8710436e-11
-2.0851822e-17
4.8710414e-11
-2.5138006e-17
4.8710394e-11
-2.8802712e-17
4.8710377e-11
-3.1883007e-17
4.8710361e-11
-3.4416223e-17
4.8710346e-11
-3.6439728e-17
4.8710333e-11
-3.7990706e-17
4.8710322e-11
-3.9105961e-17
4.8710312e-11
-3.9821731e-17
4.8710303e-11
-4.017352e-17
4.8710296e-11
-4.0195946e-17
4.8710289e-11
-3.9922607e-17
4.8710283e-11
-3.9385962e-17
4.8710278e-11
-3.8617227e-17
4.8710274e-11
-3.764629e-17
4.871027e-11
-3.6501639e-17
4.8710267e-11
-3.5210306e-17
4.8710264e-11
-3.3797829e-17
4.8710262e-11
-3.2288221e-17
4.8710261e-11
-3.0703961e-17
4.871026e-11
-2.906599e-17
4.8710259e-11
-2.7393727e-17
4.8710258e-11
-2.5705088e-17
4.8710258e-11
-2.4016521e-17
4.8710257e-11
-2.2343051e-17
4.8710257e-11
-2.0698327e-17
4.8710258e-11
-1.9094688e-17
4.8710258e-11
-1.7543221e-17
4.8710258e-11
-1.6053841e-17
4.8710259e-11
-1.4635361e-17
4.871026e-11
-1.3295577e-17
4.8710261e-11
-1.2041352e-17
4.8710261e-11
-1.0878696e-17
4.8710262e-11
-9.8128583e-18
4.8710263e-11
-8.8484122e-18
4.8710265e-11
-7.989338e-18
4.8710266e-11
-7.2391062e-18
4.8710267e-11
-6.6007554e-18
4.8710269e-11
-6.0769634e-18
4.871027e-11
-5.6701115e-18
4.8710272e-11
-5.3823365e-18
4.8710274e-11
-5.2155703e-18
4.8710276e-11
-5.1715599e-18
4.8710278e-11
-5.2518641e-18
4.871028e-11
-5.4578194e-18
4.8710283e-11
-5.7904654e-18
4.8710286e-11
-6.2504167e-18
4.8710289e-11
-6.8376653e-18
4.8710292e-11
-7.5512894e-18
4.8710296e-11
-8.3890378e-18
4.87103e-11
-9.3467476e-18
4.8710305e-11
-1.0417537e-17
4.871031e-11
-1.1590688e-17
4.8710316e-11
-1.2850116e-17
4.8710322e-11
-1.4172263e-17
4.8710328e-11
-1.5523221e-17
4.8710335e-11
-1.685463e-17
4.8710343e-11
-1.8098235e-17
4.871035e-11
-1.9159721e-17
4.8710359e-11
-1.991434e-17
-2.0045674e-17
3.2570738e-11
-9.1819885e-14
3.2664714e-11
-2.7845457e-13
3.2821492e-11
-4.6482851e-13
3.3039671e-11
-6.4735985e-13
3.3316703e-11
-8.2270222e-13
3.3648997e-11
-9.8778408e-13
3.4032056e-11
-1.1399227e-12
3.4460647e-11
-1.2769118e-12
3.4928989e-11
-1.3970723e-12
3.5430942e-11
-1.4992742e-12
3.5960198e-11
-1.5829286e-12
3.6510448e-11
-1.6479552e-12
3.7075542e-11
-1.6947305e-12
3.7649618e-11
-1.7240222e-12
3.8227206e-11
-1.7369155e-12
3.8803302e-11
-1.7347379e-12
3.9373425e-11
-1.718985e-12
3.9933643e-11
-1.6912522e-12
4.0480581e-11
-1.6531742e-12
4.1011414e-11
-1.6063737e-12
4.1523844e-11
-1.5524195e-12
4.2016068e-11
-1.4927948e-12
4.2486739e-11
-1.4288736e-12
4.2934922e-11
-1.361906e-12
4.3360049e-11
-1.2930099e-12
4.3761872e-11
-1.223168e-12
4.4140418e-11
-1.1532302e-12
4.4495948e-11
-1.0839188e-12
4.4828914e-11
-1.0158361e-12
4.5139926e-11
-9.4947409e-13
4.5429717e-11
-8.8522442e-13
4.5699114e-11
-8.2338947e-13
4.5949011e-11
-7.6419282e-13
4.6180351e-11
-7.077896e-13
4.6394104e-11
-6.5427625e-13
4.659125e-11
-6.0369953e-13
4.677277e-11
-5.5606477e-13
4.6939631e-11
-5.1134322e-13
4.7092779e-11
-4.6947864e-13
4.7233134e-11
-4.3039305e-13
4.7361581e-11
-3.939917e-13
4.747897e-11
-3.6016741e-13
4.758611e-11
-3.2880415e-13
4.7683772e-11
-2.9978016e-13
4.7772681e-11
-2.7297048e-13
4.7853523e-11
-2.4824906e-13
4.7926942e-11
-2.2549045e-13
4.7993539e-11
-2.0457118e-13
4.8053879e-11
-1.8537082e-13
4.8108483e-11
-1.6777279e-13
4.8157841e-11
-1.51665e-13
4.8202404e-11
-1.3694025e-13
4.8242591e-11
-1.2349652e-13
4.8278787e-11
-1.1123716e-13
4.831135e-11
-1.0007093e-13
4.8340609e-11
-8.9912012e-14
4.8366866e-11
-8.0679904e-14
4.8390398e-11
-7.2299324e-14
4.8411461e-11
-6.470004e-14
4.8430287e-11
-5.7816677e-14
4.844709e-11
-5.1588514e-14
4.8462065e-11
-4.5959262e-14
4.847539e-11
-4.0876833e-14
4.8487227e-11
-3.6293107e-14
4.8497725e-11
-3.2163703e-14
4.8507018e-11
-2.8447749e-14
4.8515227e-11
-2.5107653e-14
4.8522465e-11
-2.2108894e-14
4.8528831e-11
-1.9419805e-14
4.8534417e-11
-1.7011375e-14
4.8539306e-11
-1.4857061e-14
4.8543572e-11
-1.2932599e-14
4.8547282e-11
-1.1215841e-14
4.8550497e-11
-9.6865841e-15
4.8553273e-11
-8.3264266e-15
4.8555659e-11
-7.1186197e-15
4.8557698e-11
-6.0479368e-15
4.8559431e-11
-5.1005485e-15
4.8560894e-11
-4.2639066e-15
4.8562118e-11
-3.5266367e-15
4.8563133e-11
-2.8784385e-15
4.8563965e-11
-2.309993e-15
4.8564635e-11
-1.8128772e-15
4.8565166e-11
-1.379485e-15
4.8565574e-11
-1.0029545e-15
4.8565876e-11
-6.771008e-16
4.8566087e-11
-3.9635454e-16
4.8566219e-11
-1.5570501e-16
4.8566285e-11
4.9351668e-17
4.8566293e-11
2.2286026e-16
4.8566252e-11
3.6844993e-16
4.8566172e-11
4.8937414e-16
4.8566057e-11
5.8854698e-16
4.8565915e-11
6.6857635e-16
4.8565751e-11
7.3179419e-16
4.8565569e-11
7.8028396e-16
4.8565373e-11
8.1590555e-16
4.8565166e-11
8.4031802e-16
4.8564953e-11
8.5500006e-16
4.8564735e-11
8.612686e-16
4.8564515e-11
8.6029558e-16
4.8564294e-11
8.5312311e-16
4.8564074e-11
8.4067716e-16
4.8563856e-11
8.2377977e-16
4.8563642e-11
8.0316019e-16
4.8563433e-11
7.7946475e-16
4.8563229e-11
7.5326573e-16
4.8563031e-11
7.2506936e-16
4.8562839e-11
6.953229e-16
4.8562654e-11
6.6442096e-16
4.8562476e-11
6.3271122e-16
4.8562305e-11
6.004994e-16
4.8562142e-11
5.6805378e-16
4.8561986e-11
5.3560915e-16
4.8561838e-11
5.0337037e-16
4.8561697e-11
4.7151547e-16
4.8561563e-11
4.4019848e-16
4.8561436e-11
4.0955182e-16
4.8561316e-11
3.7968858e-16
4.8561203e-11
3.5070438e-16
4.8561097e-11
3.2267915e-16
4.8560997e-11
2.9567864e-16
4.8560903e-11
2.6975583e-16
4.8560815e-11
2.449521e-16
4.8560733e-11
2.2129839e-16
4.8560656e-11
1.9881617e-16
4.8560585e-11
1.7751833e-16
4.8560518e-11
1.5741004e-16
4.8560457e-11
1.3848944e-16
4.85604e-11
1.2074839e-16
4.8560347e-11
1.0417305e-16
4.8560298e-11
8.8744511e-17
4.8560253e-11
7.4439341e-17
4.8560212e-11
6.1230074e-17
4.8560174e-11
4.9085715e-17
4.8560139e-11
3.7972193e-17
4.8560107e-11
2.7852788e-17
4.8560078e-11
1.8688538e-17
4.8560052e-11
1.0438629e-17
4.8560028e-11
3.0607508e-18
4.8560006e-11
-3.4885512e-18
4.8559987e-11
-9.2535577e-18
4.8559969e-11
-1.4279069e-17
4.8559953e-11
-1.8610119e-17
4.8559939e-11
-2.2291711e-17
4.8559927e-11
-2.5368571e-17
4.8559915e-11
-2.7884916e-17
4.8559905e-11
-2.9884254e-17
4.8559897e-11
-3.1409187e-17
4.8559889e-11
-3.2501248e-17
4.8559882e-11
-3.3200747e-17
4.8559876e-11
-3.354664e-17
4.8559871e-11
-3.357642e-17
4.8559867e-11
-3.3326017e-17
4.8559863e-11
-3.2829728e-17
4.855986e-11
-3.2120152e-17
4.8559858e-11
-3.1228154e-17
4.8559856e-11
-3.0182832e-17
4.8559854e-11
-2.9011513e-17
4.8559853e-11
-2.7739753e-17
4.8559852e-11
-2.6391355e-17
4.8559851e-11
-2.4988401e-17
4.855985e-11
-2.355129e-17
4.855985e-11
-2.2098794e-17
4.855985e-11
-2.0648121e-17
4.855985e-11
-1.9214985e-17
4.8559851e-11
-1.7813682e-17
4.8559851e-11
-1.6457182e-17
4.8559851e-11
-1.5157216e-17
4.8559852e-11
-1.3924373e-17
4.8559853e-11
-1.2768198e-17
4.8559854e-11
-1.1697297e-17
4.8559855e-11
-1.0719434e-17
4.8559856e-11
-9.8416347e-18
4.8559857e-11
-9.0702895e-18
4.8559858e-11
-8.4112455e-18
4.8559859e-11
-7.8698993e-18
4.855986e-11
-7.4512792e-18
4.8559862e-11
-7.1601178e-18
4.8559864e-11
-7.000909e-18
4.8559865e-11
-6.9779476e-18
4.8559867e-11
-7.0953434e-18
4.8559869e-11
-7.3570036e-18
4.8559872e-11
-7.7665731e-18
4.8559874e-11
-8.3273201e-18
4.8559877e-11
-9.0419494e-18
4.855988e-11
-9.9123194e-18
4.8559883e-11
-1.0939033e-17
4.8559887e-11
-1.2120857e-17
4.8559891e-11
-1.3453914e-17
4.8559896e-11
-1.4930566e-17
4.8559901e-11
-1.6537872e-17
4.8559906e-11
-1.8255481e-17
4.8559912e-11
-2.0052743e-17
4.8559918e-11
-2.1884737e-17
4.8559925e-11
-2.3686543e-17
4.8559932e-11
-2.5366008e-17
4.855994e-11
-2.6796076e-17
4.8559948e-11
-2.7805201e-17
-2.795899e-17
3.2571468e-11
-1.2355624e-13
3.2667557e-11
-3.745443e-13
3.2827678e-11
-6.2494911e-13
3.3050204e-11
-8.6988579e-13
3.3332308e-11
-1.1048065e-12
3.3670081e-11
-1.3255565e-12
3.4058688e-11
-1.5285304e-12
3.4492565e-11
-1.7107885e-12
3.4965616e-11
-1.8701237e-12
3.5471427e-11
-2.0050848e-12
3.6003459e-11
-2.1149604e-12
3.6555233e-11
-2.1997291e-12
3.7120485e-11
-2.2599832e-12
3.7693299e-11
-2.2968355e-12
3.82682e-11
-2.3118167e-12
3.8840232e-11
-2.3067701e-12
3.9404998e-11
-2.2837514e-12
3.9958682e-11
-2.244936e-12
4.0498046e-11
-2.1925384e-12
4.1020417e-11
-2.1287444e-12
4.1523654e-11
-2.0556565e-12
4.2006112e-11
-1.9752531e-12
4.2466598e-11
-1.8893593e-12
4.2904321e-11
-1.7996287e-12
4.3318845e-11
-1.7075339e-12
4.3710042e-11
-1.6143648e-12
4.4078044e-11
-1.5212323e-12
4.4423201e-11
-1.4290765e-12
4.4746043e-11
-1.3386781e-12
4.5047241e-11
-1.2506716e-12
4.5327576e-11
-1.1655593e-12
4.5587912e-11
-1.083726e-12
4.5829173e-11
-1.0054533e-12
4.6052317e-11
-9.3093367e-13
4.6258324e-11
-8.6028316e-13
4.6448178e-11
-7.9355346e-13
4.6622855e-11
-7.3074271e-13
4.6783318e-11
-6.7180527e-13
4.6930499e-11
-6.1666023e-13
4.7065305e-11
-5.6519898e-13
4.7188605e-11
-5.1729169e-13
4.730123e-11
-4.7279287e-13
4.7403972e-11
-4.3154611e-13
4.749758e-11
-3.9338801e-13
4.7582761e-11
-3.5815149e-13
4.7660181e-11
-3.2566848e-13
4.7730462e-11
-2.9577212e-13
4.779419e-11
-2.6829843e-13
4.7851907e-11
-2.4308778e-13
4.790412e-11
-2.1998581e-13
4.7951299e-11
-1.9884427e-13
4.799388e-11
-1.7952153e-13
4.8032267e-11
-1.6188291e-13
4.806683e-11
-1.4580091e-13
4.8097915e-11
-1.3115525e-13
4.8125835e-11
-1.1783283e-13
4.8150883e-11
-1.0572766e-13
4.8173325e-11
-9.4740633e-14
4.8193404e-11
-8.4779329e-14
4.8211345e-11
-7.5757757e-14
4.8227352e-11
-6.7596071e-14
4.8241613e-11
-6.0220268e-14
4.8254299e-11
-5.3561891e-14
4.8265563e-11
-4.7557711e-14
4.8275549e-11
-4.2149422e-14
4.8284384e-11
-3.7283338e-14
4.8292187e-11
-3.2910092e-14
4.8299062e-11
-2.8984354e-14
4.8305107e-11
-2.5464549e-14
4.8310408e-11
-2.2312593e-14
4.8315045e-11
-1.9493646e-14
4.8319088e-11
-1.6975863e-14
4.8322602e-11
-1.4730177e-14
4.8325646e-11
-1.2730081e-14
4.8328271e-11
-1.0951428e-14
4.8330525e-11
-9.3722444e-15
4.8332449e-11
-7.9725556e-15
4.8334083e-11
-6.7342204e-15
4.833546e-11
-5.6407802e-15
4.833661e-11
-4.6773172e-15
4.8337562e-11
-3.8303235e-15
4.833834e-11
-3.0875792e-15
4.8338965e-11
-2.438041e-15
4.8339457e-11
-1.8717374e-15
4.8339834e-11
-1.3796742e-15
4.8340111e-11
-9.5374594e-16
4.8340301e-11
-5.8665488e-16
4.8340417e-11
-2.7183703e-16
4.834047e-11
-3.3937304e-18
4.8340469e-11
2.2397075e-16
4.8340422e-11
4.1500645e-16
4.8340338e-11
5.7396992e-16
4.8340222e-11
7.0467201e-16
4.834008e-11
8.1052138e-16
4.8339917e-11
8.945641e-16
4.8339738e-11
9.5951983e-16
4.8339546e-11
1.0078145e-15
4.8339344e-11
1.0416101e-15
4.8339137e-11
1.0628316e-15
4.8338925e-11
1.0731915e-15
4.8338711e-11
1.0742118e-15
4.8338497e-11
1.0672439e-15
4.8338284e-11
1.0534867e-15
4.8338074e-11
1.0340027e-15
4.8337867e-11
1.0097324e-15
4.8337665e-11
9.8150788e-16
4.8337468e-11
9.5006395e-16
4.8337277e-11
9.1604899e-16
4.8337092e-11
8.8003429e-16
4.8336914e-11
8.4252237e-16
4.8336743e-11
8.0395455e-16
4.8336579e-11
7.6471759e-16
4.8336422e-11
7.2514961e-16
4.8336272e-11
6.855454e-16
4.8336129e-11
6.4616114e-16
4.8335993e-11
6.0721848e-16
4.8335865e-11
5.6890832e-16
4.8335743e-11
5.3139405e-16
4.8335628e-11
4.9481445e-16
4.8335519e-11
4.5928629e-16
4.8335417e-11
4.2490663e-16
4.8335321e-11
3.9175483e-16
4.8335231e-11
3.5989438e-16
4.8335146e-11
3.2937451e-16
4.8335067e-11
3.0023164e-16
4.8334994e-11
2.7249068e-16
4.8334925e-11
2.4616622e-16
4.8334861e-11
2.2126352e-16
4.8334802e-11
1.9777956e-16
4.8334747e-11
1.7570382e-16
4.8334696e-11
1.5501915e-16
4.8334649e-11
1.3570248e-16
4.8334606e-11
1.1772546e-16
4.8334566e-11
1.0105518e-16
4.8334529e-11
8.5654641e-17
4.8334496e-11
7.1483399e-17
4.8334465e-11
5.8498018e-17
4.8334437e-11
4.6652569e-17
4.8334412e-11
3.5899075e-17
4.8334389e-11
2.6187932e-17
4.8334368e-11
1.7468305e-17
4.8334349e-11
9.6884953e-18
4.8334332e-11
2.7962869e-18
4.8334316e-11
-3.2607315e-18
4.8334303e-11
-8.5348693e-18
4.833429e-11
-1.3078058e-17
4.8334279e-11
-1.6941599e-17
4.833427e-11
-2.0175935e-17
4.8334261e-11
-2.2830439e-17
4.8334253e-11
-2.4953231e-17
4.8334247e-11
-2.6591017e-17
4.8334241e-11
-2.7788938e-17
4.8334236e-11
-2.8590459e-17
4.8334232e-11
-2.903726e-17
4.8334228e-11
-2.916916e-17
4.8334225e-11
-2.9024052e-17
4.8334223e-11
-2.8637865e-17
4.833422e-11
-2.8044533e-17
4.8334219e-11
-2.7275989e-17
4.8334217e-11
-2.6362176e-17
4.8334216e-11
-2.5331066e-17
4.8334215e-11
-2.42087e-17
4.8334215e-11
-2.3019237e-17
4.8334215e-11
-2.1785015e-17
4.8334214e-11
-2.0526627e-17
4.8334214e-11
-1.9263001e-17
4.8334215e-11
-1.8011496e-17
4.8334215e-11
-1.6787994e-17
4.8334215e-11
-1.5607011e-17
4.8334216e-11
-1.4481805e-17
4.8334217e-11
-1.3424492e-17
4.8334217e-11
-1.2446158e-17
4.8334218e-11
-1.1556981e-17
4.8334219e-11
-1.0766345e-17
4.833422e-11
-1.0082955e-17
4.8334221e-11
-9.5149451e-18
4.8334223e-11
-9.0699856e-18
4.8334224e-11
-8.7553717e-18
4.8334225e-11
-8.5781052e-18
4.8334227e-11
-8.5449564e-18
4.8334228e-11
-8.6625021e-18
4.833423e-11
-8.9371338e-18
4.8334232e-11
-9.375025e-18
4.8334235e-11
-9.9820461e-18
4.8334237e-11
-1.076361e-17
4.833424e-11
-1.1724429e-17
4.8334243e-11
-1.2868144e-17
4.8334246e-11
-1.4196806e-17
4.8334249e-11
-1.5710132e-17
4.8334253e-11
-1.7404478e-17
4.8334258e-11
-1.9271424e-17
4.8334262e-11
-2.129583e-17
4.8334268e-11
-2.3453173e-17
4.8334273e-11
-2.5705901e-17
4.8334279e-11
-2.7998445e-17
4.8334286e-11
-3.0250097e-17
4.8334293e-11
-3.2345804e-17
4.83343e-11
-3.412592e-17
4.8334308e-11
-3.5378448e-17
-3.5552384e-17
3.257246e-11
-1.5628413e-13
3.2671415e-11
-4.7349912e-13
3.2836058e-11
-7.8959234e-13
3.3064451e-11
-1.0982785e-12
3.3353377e-11
-1.3937326e-12
3.3698487e-11
-1.6706669e-12
3.4094487e-11
-1.9245308e-12
3.4535357e-11
-2.1516581e-12
3.5014579e-11
-2.3493458e-12
3.5525369e-11
-2.5158749e-12
3.6060889e-11
-2.6504805e-12
3.6614438e-11
-2.7532778e-12
3.7179611e-11
-2.8251562e-12
3.7750428e-11
-2.8676523e-12
3.8321426e-11
-2.8828143e-12
3.888772e-11
-2.8730642e-12
3.9445037e-11
-2.8410691e-12
3.9989725e-11
-2.7896239e-12
4.0518737e-11
-2.7215503e-12
4.1029606e-11
-2.6396133e-12
4.1520405e-11
-2.546456e-12
4.1989703e-11
-2.4445505e-12
4.2436508e-11
-2.3361649e-12
4.2860223e-11
-2.223343e-12
4.3260585e-11
-2.1078959e-12
4.3637622e-11
-1.9914019e-12
4.3991603e-11
-1.875213e-12
4.4322994e-11
-1.7604677e-12
4.4632421e-11
-1.6481056e-12
4.4920635e-11
-1.5388853e-12
4.5188478e-11
-1.4334028e-12
4.5436862e-11
-1.3321099e-12
4.5666742e-11
-1.2353328e-12
4.5879098e-11
-1.1432893e-12
4.6074919e-11
-1.0561046e-12
4.6255192e-11
-9.7382678e-13
4.6420889e-11
-8.9643951e-13
4.6572958e-11
-8.2387434e-13
4.6712319e-11
-7.5602101e-13
4.6839857e-11
-6.9273663e-13
4.6956418e-11
-6.3385354e-13
4.7062812e-11
-5.7918602e-13
4.7159801e-11
-5.2853597e-13
4.7248111e-11
-4.8169766e-13
4.7328421e-11
-4.3846163e-13
4.7401371e-11
-3.9861792e-13
4.7467557e-11
-3.6195864e-13
4.7527539e-11
-3.2828004e-13
4.7581835e-11
-2.9738407e-13
4.7630929e-11
-2.6907959e-13
4.7675268e-11
-2.4318326e-13
4.7715266e-11
-2.1952015e-13
4.7751308e-11
-1.9792409e-13
4.7783745e-11
-1.782379e-13
4.7812903e-11
-1.6031342e-13
4.7839081e-11
-1.4401148e-13
4.7862555e-11
-1.2920168e-13
4.7883577e-11
-1.1576217e-13
4.7902377e-11
-1.0357942e-13
4.7919167e-11
-9.2547789e-14
4.793414e-11
-8.2569262e-14
4.7947473e-11
-7.3553016e-14
4.7959326e-11
-6.5415063e-14
4.7969846e-11
-5.8077853e-14
4.7979167e-11
-5.1469894e-14
4.7987409e-11
-4.5525372e-14
4.7994683e-11
-4.0183785e-14
4.8001088e-11
-3.5389588e-14
4.8006715e-11
-3.1091845e-14
4.8011646e-11
-2.7243911e-14
4.8015956e-11
-2.3803113e-14
4.8019711e-11
-2.073046e-14
4.8022971e-11
-1.7990362e-14
4.8025791e-11
-1.555037e-14
4.8028221e-11
-1.3380929e-14
4.8030303e-11
-1.1455146e-14
4.8032079e-11
-9.7485772e-15
4.8033584e-11
-8.2390255e-15
4.803485e-11
-6.9063551e-15
4.8035905e-11
-5.7323173e-15
4.8036775e-11
-4.7003901e-15
4.8037483e-11
-3.7956289e-15
4.8038049e-11
-3.0045296e-15
4.8038493e-11
-2.3149006e-15
4.8038829e-11
-1.7157468e-15
4.8039072e-11
-1.1971609e-15
4.8039236e-11
-7.5022493e-16
4.8039331e-11
-3.6691886e-16
4.8039367e-11
-4.0037215e-17
4.8039354e-11
2.3688743e-16
4.80393e-11
4.6965446e-16
4.803921e-11
6.6345916e-16
4.8039092e-11
8.2295124e-16
4.803895e-11
9.5228804e-16
4.803879e-11
1.0551831e-15
4.8038614e-11
1.1349503e-15
4.8038427e-11
1.194544e-15
4.8038232e-11
1.2365957e-15
4.8038032e-11
1.2634464e-15
4.8037828e-11
1.2771775e-15
4.8037622e-11
1.2796368e-15
4.8037417e-11
1.2724638e-15
4.8037214e-11
1.2571111e-15
4.8037013e-11
1.2348647e-15
4.8036816e-11
1.2068616e-15
4.8036623e-11
1.174106e-15
4.8036436e-11
1.1374833e-15
4.8036254e-11
1.0977737e-15
4.8036078e-11
1.0556631e-15
4.8035909e-11
1.0117537e-15
4.8035746e-11
9.665733e-16
4.8035591e-11
9.2058322e-16
4.8035442e-11
8.7418587e-16
4.8035299e-11
8.277311e-16
4.8035164e-11
7.8152207e-16
4.8035035e-11
7.3582032e-16
4.8034913e-11
6.9085033e-16
4.8034798e-11
6.4680359e-16
4.8034689e-11
6.0384216e-16
4.8034586e-11
5.6210184e-16
4.8034489e-11
5.2169498e-16
4.8034398e-11
4.8271303e-16
4.8034313e-11
4.452287e-16
4.8034233e-11
4.0929799e-16
4.8034158e-11
3.7496192e-16
4.8034089e-11
3.4224815e-16
4.8034024e-11
3.1117234e-16
4.8033963e-11
2.8173949e-16
4.8033907e-11
2.5394505e-16
4.8033855e-11
2.2777596e-16
4.8033807e-11
2.0321163e-16
4.8033762e-11
1.8022477e-16
4.8033721e-11
1.5878223e-16
4.8033683e-11
1.3884569e-16
4.8033649e-11
1.2037237e-16
4.8033617e-11
1.0331563e-16
4.8033588e-11
8.762559e-17
4.8033561e-11
7.3249637e-17
4.8033537e-11
6.0132954e-17
4.8033515e-11
4.821899e-17
4.8033495e-11
3.7449894e-17
4.8033477e-11
2.7766935e-17
4.803346e-11
1.9110876e-17
4.8033446e-11
1.1422334e-17
4.8033433e-11
4.642104e-18
4.8033421e-11
-1.2885376e-18
4.803341e-11
-6.4275604e-18
4.8033401e-11
-1.0831929e-17
4.8033393e-11
-1.4557379e-17
4.8033385e-11
-1.7658216e-17
4.8033379e-11
-2.0187142e-17
4.8033373e-11
-2.2195101e-17
4.8033369e-11
-2.3731151e-17
4.8033364e-11
-2.4842358e-17
4.8033361e-11
-2.5573711e-17
4.8033358e-11
-2.5968056e-17
4.8033355e-11
-2.606606e-17
4.8033353e-11
-2.5906178e-17
4.8033351e-11
-2.5524655e-17
4.803335e-11
-2.4955534e-17
4.8033349e-11
-2.4230688e-17
4.8033348e-11
-2.3379862e-17
4.8033347e-11
-2.243073e-17
4.8033347e-11
-2.1408971e-17
4.8033347e-11
-2.0338347e-17
4.8033347e-11
-1.9240803e-17
4.8033347e-11
-1.8136563e-17
4.8033347e-11
-1.7044247e-17
4.8033347e-11
-1.5980988e-17
4.8033348e-11
-1.4962557e-17
4.8033349e-11
-1.4003489e-17
4.8033349e-11
-1.3117212e-17
4.803335e-11
-1.2316184e-17
4.8033351e-11
-1.1612021e-17
4.8033352e-11
-1.101562e-17
4.8033353e-11
-1.053729e-17
4.8033354e-11
-1.0186859e-17
4.8033355e-11
-9.9737793e-18
4.8033356e-11
-9.9072138e-18
4.8033358e-11
-9.996101e-18
4.8033359e-11
-1.0249192e-17
4.8033361e-11
-1.0675052e-17
4.8033363e-11
-1.1282011e-17
4.8033365e-11
-1.2078053e-17
4.8033367e-11
-1.3070626e-17
4.803337e-11
-1.4266334e-17
4.8033373e-11
-1.5670496e-17
4.8033376e-11
-1.7286505e-17
4.8033379e-11
-1.9114936e-17
4.8033383e-11
-2.1152311e-17
4.8033387e-11
-2.3389395e-17
4.8033392e-11
-2.5808875e-17
4.8033397e-11
-2.838217e-17
4.8033402e-11
-3.1065107e-17
4.8033408e-11
-3.3791956e-17
4.8033414e-11
-3.6466869e-17
4.8033421e-11
-3.8953192e-17
4.8033428e-11
-4.1062462e-17
4.8033435e-11
-4.2540177e-17
-4.2733415e-17
3.2573728e-11
-1.9028136e-13
3.2676343e-11
-5.7611362e-13
3.2846748e-11
-9.59997e-13
3.3082588e-11
-1.3341189e-12
3.3380136e-11
-1.6912808e-12
3.3734469e-11
-2.0249998e-12
3.4139695e-11
-2.3297569e-12
3.4589211e-11
-2.6011734e-12
3.5075962e-11
-2.8360974e-12
3.5592704e-11
-3.032617e-12
3.6132231e-11
-3.1900068e-12
3.6687575e-11
-3.308622e-12
3.7252173e-11
-3.3897542e-12
3.7819986e-11
-3.4354653e-12
3.8385583e-11
-3.4484114e-12
3.894419e-11
-3.4316713e-12
3.9491707e-11
-3.3885858e-12
4.0024698e-11
-3.3226155e-12
4.0540368e-11
-3.2372203e-12
4.1036517e-11
-3.135762e-12
4.151149e-11
-3.021429e-12
4.1964122e-11
-2.8971823e-12
4.2393677e-11
-2.7657201e-12
4.2799793e-11
-2.6294586e-12
4.3182422e-11
-2.4905249e-12
4.3541781e-11
-2.3507612e-12
4.3878304e-11
-2.2117356e-12
4.4192595e-11
-2.0747594e-12
4.4485397e-11
-1.9409071e-12
4.475755e-11
-1.8110388e-12
4.500997e-11
-1.6858231e-12
4.5243621e-11
-1.5657604e-12
4.5459493e-11
-1.4512048e-12
4.5658589e-11
-1.3423849e-12
4.5841907e-11
-1.2394232e-12
4.6010434e-11
-1.1423533e-12
4.6165131e-11
-1.0511363e-12
4.630693e-11
-9.6567389e-13
4.643673e-11
-8.8582103e-13
4.655539e-11
-8.1139638e-13
4.6663728e-11
-7.4219138e-13
4.676252e-11
-6.7797794e-13
4.6852499e-11
-6.1851494e-13
4.6934355e-11
-5.6355361e-13
4.7008735e-11
-5.1284198e-13
4.7076245e-11
-4.6612849e-13
4.7137452e-11
-4.2316491e-13
4.719288e-11
-3.8370856e-13
4.724302e-11
-3.4752414e-13
4.7288326e-11
-3.1438498e-13
4.7329216e-11
-2.8407404e-13
4.7366081e-11
-2.563845e-13
4.7399277e-11
-2.3112018e-13
4.7429135e-11
-2.0809572e-13
4.7455958e-11
-1.8713654e-13
4.7480025e-11
-1.6807878e-13
4.7501593e-11
-1.5076907e-13
4.7520895e-11
-1.3506417e-13
4.7538146e-11
-1.2083068e-13
4.7553543e-11
-1.0794459e-13
4.7567264e-11
-9.6290832e-14
4.7579474e-11
-8.5762877e-14
4.7590321e-11
-7.6262232e-14
4.7599941e-11
-6.7697991e-14
4.7608458e-11
-5.9986375e-14
4.7615983e-11
-5.3050286e-14
4.7622618e-11
-4.6818866e-14
4.7628455e-11
-4.1227076e-14
4.7633579e-11
-3.6215293e-14
4.7638064e-11
-3.1728925e-14
4.7641979e-11
-2.7718041e-14
4.7645385e-11
-2.4137027e-14
4.7648339e-11
-2.0944255e-14
4.7650891e-11
-1.8101776e-14
4.7653085e-11
-1.5575031e-14
4.7654962e-11
-1.3332582e-14
4.7656559e-11
-1.1345855e-14
4.7657909e-11
-9.5889073e-15
4.7659041e-11
-8.0382099e-15
4.7659981e-11
-6.6724408e-15
4.7660753e-11
-5.4722985e-15
4.7661378e-11
-4.4203273e-15
4.7661874e-11
-3.5007559e-15
4.7662259e-11
-2.6993487e-15
4.7662546e-11
-2.0032688e-15
4.766275e-11
-1.4009517e-15
4.7662882e-11
-8.8198955e-16
4.7662952e-11
-4.3702421e-16
4.7662969e-11
-5.7649877e-17
4.7662943e-11
2.636765e-16
4.7662879e-11
5.3371712e-16
4.7662783e-11
7.5852814e-16
4.7662663e-11
9.4352804e-16
4.7662522e-11
1.0935599e-15
4.7662364e-11
1.2129483e-15
4.7662193e-11
1.3055507e-15
4.7662013e-11
1.3748046e-15
4.7661826e-11
1.42377e-15
4.7661634e-11
1.4551682e-15
4.766144e-11
1.4714164e-15
4.7661245e-11
1.47466e-15
4.766105e-11
1.4668002e-15
4.7660858e-11
1.4495209e-15
4.7660669e-11
1.4243108e-15
4.7660483e-11
1.3924853e-15
4.7660302e-11
1.3552045e-15
4.7660126e-11
1.3134905e-15
4.7659955e-11
1.2682423e-15
4.7659791e-11
1.2202494e-15
4.7659632e-11
1.170204e-15
4.765948e-11
1.1187114e-15
4.7659335e-11
1.0663e-15
4.7659195e-11
1.0134297e-15
4.7659063e-11
9.6049954e-16
4.7658936e-11
9.0785457e-16
4.7658816e-11
8.5579169e-16
4.7658702e-11
8.0456509e-16
4.7658595e-11
7.5439096e-16
4.7658493e-11
7.0545172e-16
4.7658397e-11
6.5789969e-16
4.7658307e-11
6.1186041e-16
4.7658223e-11
5.6743557e-16
4.7658143e-11
5.2470562e-16
4.7658069e-11
4.8373203e-16
4.7657999e-11
4.445594e-16
4.7657934e-11
4.0721729e-16
4.7657874e-11
3.7172182e-16
4.7657817e-11
3.3807721e-16
4.7657765e-11
3.0627702e-16
4.7657716e-11
2.7630543e-16
4.7657671e-11
2.4813829e-16
4.765763e-11
2.2174411e-16
4.7657592e-11
1.9708493e-16
4.7657556e-11
1.7411724e-16
4.7657524e-11
1.5279262e-16
4.7657494e-11
1.3305854e-16
4.7657467e-11
1.1485896e-16
4.7657442e-11
9.8134939e-17
4.7657419e-11
8.2825217e-17
4.7657399e-11
6.8866703e-17
4.765738e-11
5.6194972e-17
4.7657363e-11
4.4744714e-17
4.7657348e-11
3.4450146e-17
4.7657334e-11
2.5245392e-17
4.7657321e-11
1.7064843e-17
4.765731e-11
9.8434715e-18
4.76573e-11
3.5171328e-18
4.7657291e-11
-1.9771719e-18
4.7657284e-11
-6.7010561e-18
4.7657277e-11
-1.0714535e-17
4.7657271e-11
-1.4075841e-17
4.7657265e-11
-1.6841261e-17
4.7657261e-11
-1.9065004e-17
4.7657257e-11
-2.0799091e-17
4.7657253e-11
-2.2093263e-17
4.765725e-11
-2.299492e-17
4.7657248e-11
-2.354908e-17
4.7657245e-11
-2.3798351e-17
4.7657244e-11
-2.3782937e-17
4.7657242e-11
-2.3540646e-17
4.7657241e-11
-2.3106932e-17
4.765724e-11
-2.2514941e-17
4.765724e-11
-2.1795579e-17
4.7657239e-11
-2.0977593e-17
4.7657239e-11
-2.0087663e-17
4.7657239e-11
-1.9150503e-17
4.7657239e-11
-1.8188982e-17
4.7657239e-11
-1.7224245e-17
4.7657239e-11
-1.627584e-17
4.765724e-11
-1.536186e-17
4.765724e-11
-1.4499081e-17
4.7657241e-11
-1.3703106e-17
4.7657242e-11
-1.2988511e-17
4.7657242e-11
-1.2368989e-17
4.7657243e-11
-1.1857486e-17
4.7657244e-11
-1.1466339e-17
4.7657245e-11
-1.1207397e-17
4.7657246e-11
-1.1092135e-17
4.7657247e-11
-1.1131743e-17
4.7657249e-11
-1.1337195e-17
4.765725e-11
-1.1719284e-17
4.7657252e-11
-1.2288613e-17
4.7657254e-11
-1.3055535e-17
4.7657256e-11
-1.4030013e-17
4.7657258e-11
-1.5221387e-17
4.765726e-11
-1.6638021e-17
4.7657263e-11
-1.8286772e-17
4.7657266e-11
-2.0172252e-17
4.7657269e-11
-2.2295781e-17
4.7657272e-11
-2.465396e-17
4.7657276e-11
-2.7236703e-17
4.765728e-11
-3.0024555e-17
4.7657285e-11
-3.298503e-17
4.765729e-11
-3.6067628e-17
4.7657295e-11
-3.9197037e-17
4.7657301e-11
-4.2263436e-17
4.7657307e-11
-4.5110182e-17
4.7657314e-11
-4.7520345e-17
4.765732e-11
-4.9206031e-17
-4.9415549e-17
3.2575297e-11
-2.2584726e-13
3.2682422e-11
-6.8323813e-13
3.2859902e-11
-1.1374779e-12
3.310485e-11
-1.5790665e-12
3.3412883e-11
-1.9993136e-12
3.3778352e-11
-2.3904687e-12
3.4194617e-11
-2.746022e-12
3.4654352e-11
-3.0609087e-12
3.5149852e-11
-3.3315969e-12
3.5673317e-11
-3.5560822e-12
3.6217111e-11
-3.7338011e-12
3.6773971e-11
-3.8654814e-12
3.7337166e-11
-3.9529499e-12
3.7900618e-11
-3.9989173e-12
3.8458965e-11
-4.0067583e-12
3.9007594e-11
-3.9802996e-12
3.9542635e-11
-3.9236272e-12
4.0060938e-11
-3.8409187e-12
4.0560023e-11
-3.7363049e-12
4.103802e-11
-3.6137596e-12
4.1493609e-11
-3.4770179e-12
4.1925947e-11
-3.3295196e-12
4.2334601e-11
-3.1743744e-12
4.2719488e-11
-3.0143455e-12
4.308081e-11
-2.8518476e-12
4.3419005e-11
-2.6889558e-12
4.3734693e-11
-2.5274231e-12
4.4028636e-11
-2.3687032e-12
4.4301706e-11
-2.2139763e-12
4.4554844e-11
-2.0641771e-12
4.4789043e-11
-1.9200226e-12
4.5005323e-11
-1.7820398e-12
4.520471e-11
-1.6505916e-12
4.5388226e-11
-1.5259013e-12
4.5556877e-11
-1.4080744e-12
4.5711643e-11
-1.2971191e-12
4.585347e-11
-1.1929638e-12
4.598327e-11
-1.095473e-12
4.610191e-11
-1.0044611e-12
4.6210217e-11
-9.1970375e-13
4.6308974e-11
-8.4094829e-13
4.6398918e-11
-7.6792214e-13
4.6480743e-11
-7.0033988e-13
4.6555099e-11
-6.3790918e-13
4.6622592e-11
-5.8033563e-13
4.668379e-11
-5.2732665e-13
4.673922e-11
-4.7859453e-13
4.678937e-11
-4.3385894e-13
4.6834695e-11
-3.9284875e-13
4.6875613e-11
-3.5530334e-13
4.6912513e-11
-3.2097366e-13
4.6945751e-11
-2.8962277e-13
4.6975657e-11
-2.6102624e-13
4.7002534e-11
-2.3497229e-13
4.7026659e-11
-2.1126167e-13
4.7048288e-11
-1.8970759e-13
4.7067654e-11
-1.7013529e-13
4.7084972e-11
-1.5238176e-13
4.7100436e-11
-1.3629525e-13
4.7114226e-11
-1.2173479e-13
4.7126505e-11
-1.0856966e-13
4.7137421e-11
-9.6678885e-14
4.714711e-11
-8.5950678e-14
4.7155694e-11
-7.6281904e-14
4.7163285e-11
-6.7577551e-14
4.7169985e-11
-5.9750213e-14
4.7175885e-11
-5.2719585e-14
4.718107e-11
-4.641198e-14
4.7185615e-11
-4.0759866e-14
4.7189587e-11
-3.5701423e-14
4.719305e-11
-3.1180125e-14
4.7196057e-11
-2.7144344e-14
4.719866e-11
-2.3546974e-14
4.7200903e-11
-2.0345081e-14
4.7202827e-11
-1.7499575e-14
4.720447e-11
-1.4974901e-14
4.7205863e-11
-1.2738749e-14
4.7207036e-11
-1.0761792e-14
4.7208015e-11
-9.0174332e-15
4.7208824e-11
-7.4815773e-15
4.7209484e-11
-6.1324146e-15
4.7210014e-11
-4.9502249e-15
4.721043e-11
-3.917194e-15
4.7210748e-11
-3.0172453e-15
4.7210981e-11
-2.2358846e-15
4.721114e-11
-1.5600566e-15
4.7211236e-11
-9.7801426e-16
4.7211278e-11
-4.7919755e-16
4.7211275e-11
-5.4123214e-17
4.7211233e-11
3.0571667e-16
4.7211158e-11
6.0794731e-16
4.7211057e-11
8.5939594e-16
4.7210935e-11
1.0661691e-15
4.7210795e-11
1.2337232e-15
4.7210641e-11
1.3669286e-15
4.7210476e-11
1.4701282e-15
4.7210304e-11
1.5471903e-15
4.7210126e-11
1.6015569e-15
4.7209945e-11
1.6362875e-15
4.7209762e-11
1.6540984e-15
4.7209579e-11
1.6573986e-15
4.7209398e-11
1.6483222e-15
4.7209219e-11
1.6287573e-15
4.7209043e-11
1.6003726e-15
4.720887e-11
1.5646404e-15
4.7208703e-11
1.5228589e-15
4.720854e-11
1.47617e-15
4.7208383e-11
1.4255775e-15
4.7208231e-11
1.3719616e-15
4.7208085e-11
1.3160929e-15
4.7207945e-11
1.2586446e-15
4.7207811e-11
1.2002035e-15
4.7207683e-11
1.1412793e-15
4.7207562e-11
1.0823135e-15
4.7207446e-11
1.0236872e-15
4.7207336e-11
9.6572754e-16
4.7207232e-11
9.0871401e-16
4.7207133e-11
8.5288371e-16
4.720704e-11
7.9843608e-16
4.7206953e-11
7.4553718e-16
4.720687e-11
6.943233e-16
4.7206793e-11
6.4490437e-16
4.720672e-11
5.9736685e-16
4.7206652e-11
5.5177629e-16
4.7206588e-11
5.0817973e-16
4.7206529e-11
4.6660769e-16
4.7206474e-11
4.2707605e-16
4.7206422e-11
3.8958767e-16
4.7206374e-11
3.5413392e-16
4.720633e-11
3.2069594e-16
4.7206289e-11
2.8924592e-16
4.7206251e-11
2.5974814e-16
4.7206216e-11
2.3215998e-16
4.7206183e-11
2.0643286e-16
4.7206154e-11
1.8251301e-16
4.7206126e-11
1.6034231e-16
4.7206101e-11
1.3985892e-16
4.7206078e-11
1.20998e-16
4.7206058e-11
1.0369228e-16
4.7206039e-11
8.7872617e-17
4.7206021e-11
7.346852e-17
4.7206006e-11
6.040863e-17
4.7205992e-11
4.8621157e-17
4.7205979e-11
3.8034292e-17
4.7205967e-11
2.8576576e-17
4.7205957e-11
2.0177245e-17
4.7205948e-11
1.276654e-17
4.7205939e-11
6.2759867e-18
4.7205932e-11
6.38647e-19
4.7205926e-11
-4.2106599e-18
4.720592e-11
-8.335163e-18
4.7205915e-11
-1.1795974e-17
4.720591e-11
-1.4651945e-17
4.7205906e-11
-1.695956e-17
4.7205903e-11
-1.8772839e-17
4.72059e-11
-2.014328e-17
4.7205898e-11
-2.1119812e-17
4.7205896e-11
-2.1748777e-17
4.7205894e-11
-2.2073934e-17
4.7205893e-11
-2.2136478e-17
4.7205892e-11
-2.1975078e-17
4.7205891e-11
-2.1625938e-17
4.720589e-11
-2.112287e-17
4.720589e-11
-2.0497378e-17
4.7205889e-11
-1.9778768e-17
4.7205889e-11
-1.8994254e-17
4.7205889e-11
-1.8169088e-17
4.7205889e-11
-1.7326692e-17
4.7205889e-11
-1.6488804e-17
4.720589e-11
-1.5675619e-17
4.720589e-11
-1.490595e-17
4.7205891e-11
-1.4197378e-17
4.7205891e-11
-1.3566412e-17
4.7205892e-11
-1.3028643e-17
4.7205893e-11
-1.2598895e-17
4.7205893e-11
-1.2291368e-17
4.7205894e-11
-1.2119771e-17
4.7205895e-11
-1.2097443e-17
4.7205896e-11
-1.2237445e-17
4.7205898e-11
-1.255263e-17
4.7205899e-11
-1.3055677e-17
4.72059e-11
-1.3759072e-17
4.7205902e-11
-1.4675029e-17
4.7205904e-11
-1.5815329e-17
4.7205906e-11
-1.7191046e-17
4.7205908e-11
-1.8812138e-17
4.720591e-11
-2.068685e-17
4.7205913e-11
-2.2820859e-17
4.7205916e-11
-2.5216106e-17
4.7205919e-11
-2.7869175e-17
4.7205923e-11
-3.0769085e-17
4.7205927e-11
-3.3894282e-17
4.7205931e-11
-3.7208544e-17
4.7205935e-11
-4.0655453e-17
4.720594e-11
-4.4150801e-17
4.7205946e-11
-4.7571743e-17
4.7205951e-11
-5.0743426e-17
4.7205957e-11
-5.3425591e-17
4.7205963e-11
-5.529459e-17
-5.5519464e-17
3.2577193e-11
-2.633086e-13
3.2689749e-11
-7.9579358e-13
3.2875716e-11
-1.3234448e-12
3.3131527e-11
-1.8348775e-12
3.345198e-11
-2.319767e-12
3.3830526e-11
-2.7690146e-12
3.4259608e-11
-3.1751041e-12
3.4731029e-11
-3.5323292e-12
3.5236307e-11
-3.8368749e-12
3.5767003e-11
-4.086779e-12
3.6315e-11
-4.2817975e-12
3.6872716e-11
-4.4231973e-12
3.7433268e-11
-4.5135025e-12
3.7990573e-11
-4.5562221e-12
3.8539392e-11
-4.5555771e-12
3.9075338e-11
-4.516246e-12
3.9594849e-11
-4.4431384e-12
4.0095133e-11
-4.3412023e-12
4.0574098e-11
-4.2152697e-12
4.1030275e-11
-4.0699373e-12
4.146274e-11
-3.909482e-12
4.1871025e-11
-3.7378046e-12
4.225505e-11
-3.5583996e-12
4.2615049e-11
-3.3743445e-12
4.2951506e-11
-3.188305e-12
4.3265102e-11
-3.0025517e-12
4.3556664e-11
-2.8189849e-12
4.3827125e-11
-2.6391646e-12
4.4077492e-11
-2.4643432e-12
4.4308814e-11
-2.2954991e-12
4.4522162e-11
-2.1333702e-12
4.4718608e-11
-1.9784859e-12
4.4899213e-11
-1.8311969e-12
4.5065015e-11
-1.691703e-12
4.5217018e-11
-1.5600778e-12
4.5356191e-11
-1.4362916e-12
4.5483457e-11
-1.3202302e-12
4.5599697e-11
-1.2117132e-12
4.5705744e-11
-1.110508e-12
4.5802384e-11
-1.0163431e-12
4.5890354e-11
-9.2891853e-13
4.5970347e-11
-8.4791526e-13
4.604301e-11
-7.7300258e-13
4.6108945e-11
-7.0384439e-13
4.6168714e-11
-6.4010422e-13
4.6222836e-11
-5.8144933e-13
4.6271796e-11
-5.2755389e-13
4.6316038e-11
-4.7810144e-13
4.6355976e-11
-4.327868e-13
4.639199e-11
-3.9131737e-13
4.6424431e-11
-3.5341409e-13
4.645362e-11
-3.1881198e-13
4.6479854e-11
-2.8726045e-13
4.6503405e-11
-2.5852333e-13
4.6524522e-11
-2.3237879e-13
4.6543434e-11
-2.0861899e-13
4.6560348e-11
-1.8704975e-13
4.6575456e-11
-1.6749007e-13
4.6588933e-11
-1.4977159e-13
4.6600936e-11
-1.33738e-13
4.6611611e-11
-1.192445e-13
4.6621089e-11
-1.0615711e-13
4.6629491e-11
-9.4352117e-14
4.6636924e-11
-8.3715427e-14
4.6643488e-11
-7.4141985e-14
4.6649273e-11
-6.5535179e-14
4.665436e-11
-5.7806282e-14
4.6658822e-11
-5.0873906e-14
4.6662726e-11
-4.4663486e-14
4.6666131e-11
-3.9106782e-14
4.6669092e-11
-3.4141418e-14
4.6671658e-11
-2.9710434e-14
4.6673873e-11
-2.5761876e-14
4.6675777e-11
-2.22484e-14
4.6677404e-11
-1.9126911e-14
4.6678787e-11
-1.6358219e-14
4.6679955e-11
-1.3906722e-14
4.6680934e-11
-1.1740108e-14
4.6681745e-11
-9.8290791e-15
4.6682411e-11
-8.1470995e-15
4.6682949e-11
-6.6701551e-15
4.6683375e-11
-5.3765366e-15
4.6683704e-11
-4.2466369e-15
4.668395e-11
-3.2627651e-15
4.6684123e-11
-2.4089748e-15
4.6684234e-11
-1.6709058e-15
4.6684291e-11
-1.0356398e-15
4.6684304e-11
-4.9156635e-16
4.6684278e-11
-2.8261616e-17
4.668422e-11
3.6362392e-16
4.6684135e-11
6.9246751e-16
4.6684029e-11
9.6576759e-16
4.6683905e-11
1.1902291e-15
4.6683767e-11
1.371841e-15
4.6683618e-11
1.5159475e-15
4.6683461e-11
1.6273119e-15
4.6683298e-11
1.7101756e-15
4.6683131e-11
1.7683107e-15
4.6682962e-11
1.8050687e-15
4.6682793e-11
1.8234235e-15
4.6682624e-11
1.8260113e-15
4.6682457e-11
1.8151657e-15
4.6682293e-11
1.7929505e-15
4.6682132e-11
1.7611877e-15
4.6681976e-11
1.7214845e-15
4.6681823e-11
1.6752561e-15
4.6681676e-11
1.6237466e-15
4.6681533e-11
1.5680483e-15
4.6681396e-11
1.5091182e-15
4.6681264e-11
1.4477931e-15
4.6681138e-11
1.384803e-15
4.6681017e-11
1.3207835e-15
4.6680902e-11
1.2562857e-15
4.6680793e-11
1.1917864e-15
4.6680689e-11
1.1276961e-15
4.668059e-11
1.0643668e-15
4.6680497e-11
1.0020984e-15
4.6680409e-11
9.4114473e-16
4.6680325e-11
8.8171872e-16
4.6680247e-11
8.2399703e-16
4.6680173e-11
7.6812418e-16
4.6680104e-11
7.142161e-16
4.6680039e-11
6.6236342e-16
4.6679978e-11
6.1263431e-16
4.6679921e-11
5.6507697e-16
4.6679868e-11
5.1972194e-16
4.6679818e-11
4.7658409e-16
4.6679772e-11
4.3566441e-16
4.667973e-11
3.9695165e-16
4.667969e-11
3.6042371e-16
4.6679653e-11
3.2604903e-16
4.6679619e-11
2.9378768e-16
4.6679588e-11
2.6359252e-16
4.6679559e-11
2.3541011e-16
4.6679532e-11
2.0918164e-16
4.6679507e-11
1.8484375e-16
4.6679485e-11
1.6232924e-16
4.6679464e-11
1.4156784e-16
4.6679446e-11
1.2248677e-16
4.6679428e-11
1.050114e-16
4.6679413e-11
8.9065737e-17
4.6679399e-11
7.457297e-17
4.6679386e-11
6.1455915e-17
4.6679374e-11
4.9637444e-17
4.6679364e-11
3.904088e-17
4.6679354e-11
2.9590349e-17
4.6679346e-11
2.1211106e-17
4.6679338e-11
1.3829823e-17
4.6679332e-11
7.3748519e-18
4.6679326e-11
1.7764516e-18
4.667932e-11
-3.0330127e-18
4.6679316e-11
-7.1188977e-18
4.6679312e-11
-1.054414e-17
4.6679308e-11
-1.336914e-17
4.6679305e-11
-1.5651675e-17
4.6679302e-11
-1.7446829e-17
4.66793e-11
-1.8806962e-17
4.6679298e-11
-1.9781684e-17
4.6679296e-11
-2.0417865e-17
4.6679295e-11
-2.0759661e-17
4.6679294e-11
-2.0848557e-17
4.6679293e-11
-2.0723433e-17
4.6679292e-11
-2.0420644e-17
4.6679292e-11
-1.9974113e-17
4.6679291e-11
-1.9415446e-17
4.6679291e-11
-1.8774054e-17
4.6679291e-11
-1.8077283e-17
4.6679291e-11
-1.7350565e-17
4.6679291e-11
-1.6617566e-17
4.6679291e-11
-1.5900344e-17
4.6679292e-11
-1.5219519e-17
4.6679292e-11
-1.4594431e-17
4.6679292e-11
-1.4043314e-17
4.6679293e-11
-1.3583458e-17
4.6679294e-11
-1.3231371e-17
4.6679294e-11
-1.3002931e-17
4.6679295e-11
-1.2913527e-17
4.6679296e-11
-1.297818e-17
4.6679297e-11
-1.3211647e-17
4.6679298e-11
-1.3628483e-17
4.6679299e-11
-1.4243078e-17
4.6679301e-11
-1.5069621e-17
4.6679302e-11
-1.6122008e-17
4.6679304e-11
-1.7413657e-17
4.6679305e-11
-1.8957193e-17
4.6679307e-11
-2.076399e-17
4.667931e-11
-2.2843499e-17
4.6679312e-11
-2.5202304e-17
4.6679315e-11
-2.7842821e-17
4.6679317e-11
-3.0761515e-17
4.6679321e-11
-3.3946466e-17
4.6679324e-11
-3.7374078e-17
4.6679328e-11
-4.1004608e-17
4.6679332e-11
-4.4776123e-17
4.6679336e-11
-4.8596298e-17
4.6679341e-11
-5.2330783e-17
4.6679346e-11
-5.5788642e-17
4.6679352e-11
-5.8706829e-17
4.6679357e-11
-6.073723e-17
-6.0974205e-17
3.2579449e-11
-3.030266e-13
3.2698444e-11
-9.1478871e-13
3.2894424e-11
-1.5194244e-12
3.316297e-11
-2.1034236e-12
3.3497863e-11
-2.6546604e-12
3.3891451e-11
-3.1626022e-12
3.433507e-11
-3.6187231e-12
3.481949e-11
-4.0167488e-12
3.533533e-11
-4.3527152e-12
3.5873431e-11
-4.6248797e-12
3.6425152e-11
-4.8335186e-12
3.6982597e-11
-4.9806429e-12
3.7538765e-11
-5.0696698e-12
3.8087622e-11
-5.1050796e-12
3.8624131e-11
-5.0920855e-12
3.9144216e-11
-5.0363314e-12
3.9644709e-11
-4.9436315e-12
4.0123262e-11
-4.8197556e-12
4.0578255e-11
-4.670262e-12
4.1008691e-11
-4.5003734e-12
4.1414102e-11
-4.3148934e-12
4.1794454e-11
-4.1181563e-12
4.2150059e-11
-3.9140047e-12
4.2481503e-11
-3.7057882e-12
4.2789577e-11
-3.496379e-12
4.3075223e-11
-3.288198e-12
4.3339487e-11
-3.083249e-12
4.358348e-11
-2.8831572e-12
4.3808346e-11
-2.6892091e-12
4.401524e-11
-2.502393e-12
4.4205307e-11
-2.3234372e-12
4.4379668e-11
-2.1528472e-12
4.453941e-11
-1.9909391e-12
4.4685577e-11
-1.8378703e-12
4.4819167e-11
-1.6936671e-12
4.4941124e-11
-1.5582486e-12
4.5052342e-11
-1.4314486e-12
4.5153662e-11
-1.3130335e-12
4.5245873e-11
-1.2027181e-12
4.5329709e-11
-1.1001795e-12
4.5405858e-11
-1.0050677e-12
4.5474958e-11
-9.1701571e-13
4.5537603e-11
-8.3564695e-13
4.559434e-11
-7.6058173e-13
4.5645678e-11
-6.9144237e-13
4.5692086e-11
-6.2785731e-13
4.5733997e-11
-5.6946427e-13
4.5771808e-11
-5.1591267e-13
4.5805887e-11
-4.6686544e-13
4.583657e-11
-4.220003e-13
4.5864166e-11
-3.8101055e-13
4.588896e-11
-3.4360557e-13
4.591121e-11
-3.0951099e-13
4.5931155e-11
-2.7846863e-13
4.5949013e-11
-2.5023631e-13
4.5964981e-11
-2.245874e-13
4.5979242e-11
-2.0131041e-13
4.599196e-11
-1.8020836e-13
4.6003287e-11
-1.6109822e-13
4.6013359e-11
-1.4381017e-13
4.6022302e-11
-1.28187e-13
4.6030228e-11
-1.1408337e-13
4.6037241e-11
-1.0136513e-13
4.6043434e-11
-8.990862e-14
4.6048892e-11
-7.9600058e-14
4.6053692e-11
-7.0334835e-14
4.6057902e-11
-6.2016924e-14
4.6061587e-11
-5.4558273e-14
4.6064802e-11
-4.7878241e-14
4.6067598e-11
-4.1903053e-14
4.6070022e-11
-3.6565292e-14
4.6072115e-11
-3.1803416e-14
4.6073914e-11
-2.7561304e-14
4.6075454e-11
-2.3787832e-14
4.6076763e-11
-2.0436474e-14
4.607787e-11
-1.746493e-14
4.6078798e-11
-1.4834782e-14
4.6079569e-11
-1.2511172e-14
4.6080202e-11
-1.04625e-14
4.6080715e-11
-8.6601509e-15
4.6081123e-11
-7.078235e-15
4.608144e-11
-5.6933529e-15
4.6081678e-11
-4.4843761e-15
4.6081848e-11
-3.4322448e-15
4.6081958e-11
-2.5197828e-15
4.6082019e-11
-1.7315264e-15
4.6082037e-11
-1.0535675e-15
4.6082019e-11
-4.7340978e-16
4.608197e-11
2.0163548e-17
4.6081897e-11
4.3721023e-16
4.6081802e-11
7.8673956e-16
4.6081691e-11
1.0768133e-15
4.6081567e-11
1.3146379e-15
4.6081432e-11
1.5066481e-15
4.608129e-11
1.6585838e-15
4.6081141e-11
1.775559e-15
4.6080989e-11
1.8621256e-15
4.6080835e-11
1.9223302e-15
4.6080681e-11
1.9597663e-15
4.6080526e-11
1.9776211e-15
4.6080374e-11
1.9787182e-15
4.6080223e-11
1.9655559e-15
4.6080076e-11
1.9403418e-15
4.6079932e-11
1.9050242e-15
4.6079792e-11
1.8613198e-15
4.6079657e-11
1.8107392e-15
4.6079526e-11
1.7546095e-15
4.60794e-11
1.6940945e-15
4.6079279e-11
1.6302128e-15
4.6079163e-11
1.5638542e-15
4.6079052e-11
1.4957941e-15
4.6078946e-11
1.4267063e-15
4.6078845e-11
1.3571746e-15
4.6078749e-11
1.2877032e-15
4.6078658e-11
1.2187254e-15
4.6078572e-11
1.150612e-15
4.607849e-11
1.0836782e-15
4.6078413e-11
1.0181902e-15
4.607834e-11
9.5437069e-16
4.6078272e-11
8.9240368e-16
4.6078208e-11
8.3243914e-16
4.6078147e-11
7.7459677e-16
4.6078091e-11
7.1896947e-16
4.6078038e-11
6.6562643e-16
4.6077988e-11
6.1461579e-16
4.6077942e-11
5.6596711e-16
4.6077899e-11
5.196935e-16
4.6077859e-11
4.7579352e-16
4.6077821e-11
4.3425294e-16
4.6077787e-11
3.9504625e-16
4.6077755e-11
3.5813803e-16
4.6077725e-11
3.2348427e-16
4.6077698e-11
2.9103343e-16
4.6077672e-11
2.6072752e-16
4.6077649e-11
2.3250302e-16
4.6077627e-11
2.0629176e-16
4.6077608e-11
1.8202167e-16
4.607759e-11
1.5961755e-16
4.6077573e-11
1.3900174e-16
4.6077558e-11
1.2009468e-16
4.6077544e-11
1.0281553e-16
4.6077532e-11
8.7082683e-17
4.6077521e-11
7.2814229e-17
4.607751e-11
5.9928406e-17
4.6077501e-11
4.8344004e-17
4.6077493e-11
3.7980725e-17
4.6077485e-11
2.8759522e-17
4.6077478e-11
2.0602895e-17
4.6077472e-11
1.3435152e-17
4.6077467e-11
7.1826494e-18
4.6077462e-11
1.7739904e-18
4.6077458e-11
-2.8598007e-18
4.6077454e-11
-6.7851348e-18
4.6077451e-11
-1.0065742e-17
4.6077448e-11
-1.2762583e-17
4.6077445e-11
-1.4933787e-17
4.6077443e-11
-1.6634614e-17
4.6077441e-11
-1.7917441e-17
4.607744e-11
-1.883177e-17
4.6077438e-11
-1.942426e-17
4.6077437e-11
-1.9738778e-17
4.6077436e-11
-1.9816467e-17
4.6077436e-11
-1.9695834e-17
4.6077435e-11
-1.9412852e-17
4.6077435e-11
-1.9001079e-17
4.6077434e-11
-1.849179e-17
4.6077434e-11
-1.7914118e-17
4.6077434e-11
-1.7295208e-17
4.6077434e-11
-1.6660377e-17
4.6077434e-11
-1.6033284e-17
4.6077434e-11
-1.5436103e-17
4.6077435e-11
-1.4889699e-17
4.6077435e-11
-1.4413803e-17
4.6077436e-11
-1.4027185e-17
4.6077436e-11
-1.3747829e-17
4.6077437e-11
-1.3593084e-17
4.6077437e-11
-1.357982e-17
4.6077438e-11
-1.3724545e-17
4.6077439e-11
-1.4043515e-17
4.607744e-11
-1.4552797e-17
4.6077441e-11
-1.5268293e-17
4.6077442e-11
-1.62057e-17
4.6077443e-11
-1.7380401e-17
4.6077445e-11
-1.8807248e-17
4.6077446e-11
-2.0500219e-17
4.6077448e-11
-2.2471906e-17
4.607745e-11
-2.4732775e-17
4.6077452e-11
-2.729014e-17
4.6077454e-11
-3.0146741e-17
4.6077457e-11
-3.3298814e-17
4.6077459e-11
-3.6733467e-17
4.6077463e-11
-4.0425132e-17
4.6077466e-11
-4.4330779e-17
4.6077469e-11
-4.8383489e-17
4.6077473e-11
-5.2483696e-17
4.6077477e-11
-5.6486751e-17
4.6077482e-11
-6.0187813e-17
4.6077486e-11
-6.3307226e-17
4.6077491e-11
-6.5469852e-17
-6.5718326e-17
3.258211e-11
-3.4540539e-13
3.2708662e-11
-1.0413404e-12
3.2916322e-11
-1.7270847e-12
3.319961e-11
-2.386712e-12
3.3551054e-11
-3.0061041e-12
3.396166e-11
-3.5732082e-12
3.4421445e-11
-4.0785083e-12
3.4919972e-11
-4.5152752e-12
3.5446837e-11
-4.8795803e-12
3.5992089e-11
-5.170132e-12
3.6546549e-11
-5.3879783e-12
3.710203e-11
-5.5361248e-12
3.7651472e-11
-5.6191114e-12
3.8188982e-11
-5.6425891e-12
3.8709818e-11
-5.6129223e-12
3.9210327e-11
-5.5368396e-12
3.9687835e-11
-5.4211398e-12
4.0140538e-11
-5.2724592e-12
4.0567373e-11
-5.0970967e-12
4.0967891e-11
-4.9008916e-12
4.1342145e-11
-4.6891466e-12
4.1690578e-11
-4.4665894e-12
4.2013935e-11
-4.237362e-12
4.231318e-11
-4.0050335e-12
4.258943e-11
-3.7726287e-12
4.2843898e-11
-3.542666e-12
4.3077852e-11
-3.317203e-12
4.3292579e-11
-3.0978839e-12
4.3489357e-11
-2.8859878e-12
4.366944e-11
-2.6824757e-12
4.3834037e-11
-2.4880345e-12
4.3984309e-11
-2.3031183e-12
4.4121355e-11
-2.1279852e-12
4.4246216e-11
-1.9627312e-12
4.4359868e-11
-1.8073194e-12
4.4463225e-11
-1.6616058e-12
4.4557138e-11
-1.5253618e-12
4.4642398e-11
-1.3982937e-12
4.4719739e-11
-1.2800585e-12
4.4789837e-11
-1.170278e-12
4.485332e-11
-1.0685505e-12
4.4910764e-11
-9.7445989e-13
4.4962701e-11
-8.8758372e-13
4.5009619e-11
-8.0749954e-13
4.5051966e-11
-7.3378986e-13
4.5090155e-11
-6.6604612e-13
4.5124563e-11
-6.0387178e-13
4.5155535e-11
-5.4688458e-13
4.5183387e-11
-4.9471815e-13
4.520841e-11
-4.4702319e-13
4.5230868e-11
-4.034681e-13
4.5251002e-11
-3.6373933e-13
4.5269032e-11
-3.2754141e-13
4.528516e-11
-2.9459679e-13
4.5299569e-11
-2.6464545e-13
4.5312426e-11
-2.3744443e-13
4.5323883e-11
-2.1276723e-13
4.5334078e-11
-1.9040315e-13
4.5343136e-11
-1.7015652e-13
4.5351172e-11
-1.5184604e-13
4.5358289e-11
-1.3530393e-13
4.5364581e-11
-1.203752e-13
4.5370133e-11
-1.069169e-13
4.5375021e-11
-9.4797331e-14
4.5379317e-11
-8.389536e-14
4.5383081e-11
-7.4099692e-14
4.5386373e-11
-6.5308199e-14
4.5389242e-11
-5.7427278e-14
4.5391735e-11
-5.0371236e-14
4.5393893e-11
-4.4061704e-14
4.5395755e-11
-3.8427094e-14
4.5397354e-11
-3.3402075e-14
4.539872e-11
-2.8927091e-14
4.539988e-11
-2.4947903e-14
4.5400858e-11
-2.1415164e-14
4.5401678e-11
-1.8284026e-14
4.5402356e-11
-1.5513762e-14
4.5402913e-11
-1.3067431e-14
4.5403362e-11
-1.0911554e-14
4.5403717e-11
-9.0158205e-15
4.5403992e-11
-7.3528142e-15
4.5404196e-11
-5.8977627e-15
4.540434e-11
-4.6283024e-15
4.5404432e-11
-3.5242653e-15
4.540448e-11
-2.5674806e-15
4.540449e-11
-1.7415936e-15
4.5404469e-11
-1.031899e-15
4.540442e-11
-4.2518725e-16
4.540435e-11
9.0394666e-17
4.5404262e-11
5.2547217e-16
4.5404159e-11
8.8956009e-16
4.5404045e-11
1.1911698e-15
4.5403921e-11
1.4379071e-15
4.5403791e-11
1.6365609e-15
4.5403657e-11
1.7931848e-15
4.5403519e-11
1.9131702e-15
4.540338e-11
2.0013138e-15
4.540324e-11
2.0618779e-15
4.5403102e-11
2.0986459e-15
4.5402964e-11
2.1149714e-15
4.5402829e-11
2.1138242e-15
4.5402697e-11
2.0978301e-15
4.5402568e-11
2.0693081e-15
4.5402443e-11
2.0303031e-15
4.5402321e-11
1.982616e-15
4.5402204e-11
1.92783e-15
4.5402092e-11
1.8673349e-15
4.5401983e-11
1.8023482e-15
4.540188e-11
1.7339347e-15
4.540178e-11
1.6630231e-15
4.5401686e-11
1.5904221e-15
4.5401596e-11
1.5168335e-15
4.540151e-11
1.4428643e-15
4.5401429e-11
1.369038e-15
4.5401351e-11
1.2958037e-15
4.5401279e-11
1.2235449e-15
4.540121e-11
1.1525869e-15
4.5401145e-11
1.0832038e-15
4.5401083e-11
1.015624e-15
4.5401026e-11
9.5003577e-16
4.5400972e-11
8.865917e-16
4.5400921e-11
8.2541292e-16
4.5400873e-11
7.6659271e-16
4.5400829e-11
7.1019969e-16
4.5400787e-11
6.5628071e-16
4.5400748e-11
6.0486337e-16
4.5400712e-11
5.5595829e-16
4.5400678e-11
5.095611e-16
4.5400647e-11
4.6565428e-16
4.5400617e-11
4.2420871e-16
4.540059e-11
3.8518517e-16
4.5400565e-11
3.4853562e-16
4.5400542e-11
3.1420439e-16
4.5400521e-11
2.8212925e-16
4.5400501e-11
2.5224238e-16
4.5400483e-11
2.2447128e-16
4.5400466e-11
1.9873955e-16
4.5400451e-11
1.7496767e-16
4.5400437e-11
1.5307368e-16
4.5400424e-11
1.329738e-16
4.5400412e-11
1.1458303e-16
4.5400401e-11
9.7815664e-17
4.5400392e-11
8.2585797e-17
4.5400383e-11
6.8807768e-17
4.5400375e-11
5.639657e-17
4.5400367e-11
4.5268223e-17
4.5400361e-11
3.534011e-17
4.5400355e-11
2.6531283e-17
4.5400349e-11
1.8762724e-17
4.5400345e-11
1.1957588e-17
4.540034e-11
6.0413995e-18
4.5400337e-11
9.422327e-19
4.5400333e-11
-3.40915e-18
4.540033e-11
-7.0791815e-18
4.5400328e-11
-1.0131403e-17
4.5400325e-11
-1.2626406e-17
4.5400323e-11
-1.4621795e-17
4.5400322e-11
-1.6172178e-17
4.540032e-11
-1.7329182e-17
4.5400319e-11
-1.8141485e-17
4.5400318e-11
-1.8654874e-17
4.5400317e-11
-1.8912318e-17
4.5400316e-11
-1.8954064e-17
4.5400315e-11
-1.8817743e-17
4.5400315e-11
-1.8538495e-17
4.5400315e-11
-1.8149111e-17
4.5400314e-11
-1.7680178e-17
4.5400314e-11
-1.7160243e-17
4.5400314e-11
-1.6615981e-17
4.5400314e-11
-1.607237e-17
4.5400314e-11
-1.5552874e-17
4.5400315e-11
-1.5079628e-17
4.5400315e-11
-1.4673617e-17
4.5400315e-11
-1.4354862e-17
4.5400316e-11
-1.4142593e-17
4.5400316e-11
-1.4055417e-17
4.5400317e-11
-1.4111464e-17
4.5400317e-11
-1.4328523e-17
4.5400318e-11
-1.4724139e-17
4.5400319e-11
-1.5315679e-17
4.5400319e-11
-1.612035e-17
4.540032e-11
-1.7155148e-17
4.5400321e-11
-1.8436726e-17
4.5400323e-11
-1.998116e-17
4.5400324e-11
-2.1803565e-17
4.5400325e-11
-2.3917539e-17
4.5400327e-11
-2.6334364e-17
4.5400329e-11
-2.9061895e-17
4.5400331e-11
-3.2103042e-17
4.5400333e-11
-3.5453704e-17
4.5400335e-11
-3.9099985e-17
4.5400338e-11
-4.3014442e-17
4.5400341e-11
-4.7151039e-17
4.5400344e-11
-5.1438386e-17
4.5400347e-11
-5.5770631e-17
4.540035e-11
-5.9994631e-17
4.5400354e-11
-6.3894168e-17
4.5400358e-11
-6.7173673e-17
4.5400362e-11
-6.9443719e-17
-6.9700765e-17
3.2585229e-11
-3.9090226e-13
3.2720586e-11
-1.1766976e-12
3.2941764e-11
-1.9482629e-12
3.3241959e-11
-2.6869069e-12
3.3612158e-11
-3.3763033e-12
3.4041752e-11
-4.0028015e-12
3.4519195e-11
-4.5559513e-12
3.5032657e-11
-5.0287373e-12
3.5570594e-11
-5.4175179e-12
3.6122213e-11
-5.7217504e-12
3.6677802e-11
-5.9435678e-12
3.7228948e-11
-6.0872698e-12
3.7768622e-11
-6.1587862e-12
3.8291192e-11
-6.1651589e-12
3.8792344e-11
-6.1140743e-12
3.9268969e-11
-6.0134641e-12
3.9719013e-11
-5.8711842e-12
4.0141322e-11
-5.6947686e-12
4.0535482e-11
-5.4912559e-12
4.0901666e-11
-5.2670754e-12
4.1240504e-11
-5.027985e-12
4.1552964e-11
-4.7790496e-12
4.1840251e-11
-4.5246487e-12
4.2103724e-11
-4.2685069e-12
4.2344833e-11
-4.0137379e-12
4.2565065e-11
-3.7628978e-12
4.2765904e-11
-3.518042e-12
4.2948804e-11
-3.2807835e-12
4.3115165e-11
-3.0523495e-12
4.3266325e-11
-2.8336351e-12
4.3403543e-11
-2.6252526e-12
4.3528001e-11
-2.4275766e-12
4.36408e-11
-2.2407846e-12
4.3742961e-11
-2.0648921e-12
4.3835426e-11
-1.899784e-12
4.3919062e-11
-1.7452417e-12
4.3994666e-11
-1.6009657e-12
4.4062967e-11
-1.4665953e-12
4.4124634e-11
-1.3417257e-12
4.4180277e-11
-1.2259209e-12
4.4230453e-11
-1.1187259e-12
4.4275669e-11
-1.0196756e-12
4.4316387e-11
-9.2830247e-13
4.435303e-11
-8.4414274e-13
4.4385982e-11
-7.6674114e-13
4.441559e-11
-6.9565458e-13
4.4442173e-11
-6.3045495e-13
4.446602e-11
-5.7073121e-13
4.4487393e-11
-5.1609072e-13
4.450653e-11
-4.6616025e-13
4.4523648e-11
-4.2058635e-13
4.4538944e-11
-3.7903558e-13
4.4552597e-11
-3.4119433e-13
4.4564769e-11
-3.0676854e-13
4.4575607e-11
-2.7548314e-13
4.4585244e-11
-2.4708145e-13
4.4593801e-11
-2.213245e-13
4.4601388e-11
-1.9799018e-13
4.4608104e-11
-1.7687251e-13
4.4614039e-11
-1.5778074e-13
4.4619273e-11
-1.4053852e-13
4.4623881e-11
-1.2498306e-13
4.4627928e-11
-1.109643e-13
4.4631475e-11
-9.8344116e-14
4.4634575e-11
-8.6995493e-14
4.4637277e-11
-7.6801816e-14
4.4639625e-11
-6.7656122e-14
4.4641658e-11
-5.9460423e-14
4.4643412e-11
-5.2125045e-14
4.4644919e-11
-4.5568016e-14
4.4646206e-11
-3.971448e-14
4.46473e-11
-3.449615e-14
4.4648224e-11
-2.9850795e-14
4.4648998e-11
-2.572176e-14
4.464964e-11
-2.2057515e-14
4.4650167e-11
-1.881124e-14
4.4650594e-11
-1.5940433e-14
4.4650933e-11
-1.340655e-14
4.4651196e-11
-1.1174673e-14
4.4651393e-11
-9.213195e-15
4.4651534e-11
-7.4935359e-15
4.4651626e-11
-5.9898779e-15
4.4651677e-11
-4.6789209e-15
4.4651692e-11
-3.5396576e-15
4.4651678e-11
-2.5531666e-15
4.4651639e-11
-1.7024226e-15
4.4651579e-11
-9.7212131e-16
4.4651502e-11
-3.4851983e-16
4.4651412e-11
1.8071006e-16
4.4651311e-11
6.2661604e-16
4.4651201e-11
9.9908782e-16
4.4651086e-11
1.3069691e-15
4.4650965e-11
1.5581597e-15
4.4650842e-11
1.7597086e-15
4.4650717e-11
1.9178983e-15
4.4650592e-11
2.0383221e-15
4.4650468e-11
2.1259541e-15
4.4650344e-11
2.185212e-15
4.4650223e-11
2.2200152e-15
4.4650104e-11
2.2338363e-15
4.4649988e-11
2.2297483e-15
4.4649876e-11
2.2104668e-15
4.4649766e-11
2.1783886e-15
4.4649661e-11
2.1356257e-15
4.464956e-11
2.0840367e-15
4.4649462e-11
2.0252541e-15
4.4649369e-11
1.9607098e-15
4.464928e-11
1.891657e-15
4.4649194e-11
1.8191906e-15
4.4649113e-11
1.7442646e-15
4.4649036e-11
1.6677084e-15
4.4648962e-11
1.5902411e-15
4.4648893e-11
1.5124837e-15
4.4648827e-11
1.4349706e-15
4.4648765e-11
1.3581598e-15
4.4648706e-11
1.2824414e-15
4.464865e-11
1.2081456e-15
4.4648598e-11
1.1355497e-15
4.4648548e-11
1.0648841e-15
4.4648502e-11
9.9633787e-16
4.4648459e-11
9.3006368e-16
4.4648418e-11
8.6618176e-16
4.464838e-11
8.0478385e-16
4.4648344e-11
7.4593655e-16
4.4648311e-11
6.8968418e-16
4.4648279e-11
6.3605148e-16
4.464825e-11
5.8504591e-16
4.4648223e-11
5.3665973e-16
4.4648198e-11
4.9087184e-16
4.4648175e-11
4.4764944e-16
4.4648153e-11
4.0694954e-16
4.4648133e-11
3.6872027e-16
4.4648114e-11
3.3290211e-16
4.4648097e-11
2.9942897e-16
4.4648081e-11
2.6822921e-16
4.4648066e-11
2.3922652e-16
4.4648052e-11
2.1234077e-16
4.464804e-11
1.8748876e-16
4.4648028e-11
1.6458493e-16
4.4648018e-11
1.43542e-16
4.4648008e-11
1.2427152e-16
4.4647999e-11
1.0668448e-16
4.4647991e-11
9.0691733e-17
4.4647984e-11
7.6204506e-17
4.4647977e-11
6.3134777e-17
4.4647971e-11
5.1395661e-17
4.4647965e-11
4.0901748e-17
4.464796e-11
3.1569402e-17
4.4647956e-11
2.3317033e-17
4.4647951e-11
1.6065328e-17
4.4647948e-11
9.7374551e-18
4.4647944e-11
4.2592349e-18
4.4647942e-11
-4.4071893e-19
4.4647939e-11
-4.4308871e-18
4.4647936e-11
-7.7767612e-18
4.4647934e-11
-1.0540787e-17
4.4647933e-11
-1.2782332e-17
4.4647931e-11
-1.4557684e-17
4.464793e-11
-1.592006e-17
4.4647928e-11
-1.6919656e-17
4.4647927e-11
-1.7603698e-17
4.4647926e-11
-1.8016529e-17
4.4647926e-11
-1.8199702e-17
4.4647925e-11
-1.81921e-17
4.4647924e-11
-1.8030062e-17
4.4647924e-11
-1.774753e-17
4.4647924e-11
-1.7376201e-17
4.4647924e-11
-1.6945701e-17
4.4647923e-11
-1.6483753e-17
4.4647923e-11
-1.6016364e-17
4.4647923e-11
-1.5568012e-17
4.4647923e-11
-1.5161834e-17
4.4647924e-11
-1.4819817e-17
4.4647924e-11
-1.4562988e-17
4.4647924e-11
-1.4411589e-17
4.4647924e-11
-1.438525e-17
4.4647925e-11
-1.4503141e-17
4.4647925e-11
-1.4784106e-17
4.4647926e-11
-1.5246759e-17
4.4647926e-11
-1.5909547e-17
4.4647927e-11
-1.679076e-17
4.4647928e-11
-1.7908469e-17
4.4647929e-11
-1.9280375e-17
4.464793e-11
-2.092355e-17
4.4647931e-11
-2.2854026e-17
4.4647932e-11
-2.5086185e-17
4.4647933e-11
-2.7631915e-17
4.4647935e-11
-3.0499423e-17
4.4647936e-11
-3.3691631e-17
4.4647938e-11
-3.7204001e-17
4.464794e-11
-4.1021617e-17
4.4647942e-11
-4.5115273e-17
4.4647944e-11
-4.9436236e-17
4.4647947e-11
-5.3909289e-17
4.4647949e-11
-5.8423327e-17
4.4647952e-11
-6.2818133e-17
4.4647955e-11
-6.6868575e-17
4.4647958e-11
-7.0269987e-17
4.4647961e-11
-7.2616025e-17
-7.2881785e-17
3.2588869e-11
-4.4004038e-13
3.2734443e-11
-1.322271e-12
3.2971178e-11
-2.1849983e-12
3.3290622e-11
-3.0063506e-12
3.3681875e-11
-3.7675564e-12
3.4132384e-11
-4.4533107e-12
3.4628773e-11
-5.0523404e-12
3.5157626e-11
-5.5575904e-12
3.5706152e-11
-5.9660433e-12
3.6262688e-11
-6.278287e-12
3.6817044e-11
-6.4979237e-12
3.7360676e-11
-6.6309013e-12
3.7886731e-11
-6.6848418e-12
3.838999e-11
-6.6684179e-12
3.8866726e-11
-6.5908107e-12
3.9314529e-11
-6.4612666e-12
3.9732099e-11
-6.2887541e-12
4.0119047e-11
-6.0817168e-12
4.04757e-11
-5.8479091e-12
4.0802927e-11
-5.5943022e-12
4.1101987e-11
-5.3270447e-12
4.1374402e-11
-5.0514651e-12
4.1621857e-11
-4.7721035e-12
4.1846113e-11
-4.4927633e-12
4.204895e-11
-4.2165747e-12
4.2232116e-11
-3.946064e-12
4.2397298e-11
-3.6832239e-12
4.2546098e-11
-3.429583e-12
4.2680018e-11
-3.1862701e-12
4.2800458e-11
-2.9540749e-12
4.2908708e-11
-2.733502e-12
4.3005951e-11
-2.5248196e-12
4.3093268e-11
-2.3281021e-12
4.3171643e-11
-2.1432673e-12
4.3241968e-11
-1.9701084e-12
4.3305048e-11
-1.8083217e-12
4.3361611e-11
-1.6575294e-12
4.3412315e-11
-1.5172994e-12
4.3457751e-11
-1.3871615e-12
4.3498451e-11
-1.2666209e-12
4.3534894e-11
-1.1551689e-12
4.3567511e-11
-1.0522924e-12
4.3596689e-11
-9.5748057e-13
4.3622777e-11
-8.7023056e-13
4.3646088e-11
-7.9005208e-13
4.3666904e-11
-7.1647058e-13
4.3685479e-11
-6.490297e-13
4.370204e-11
-5.8729298e-13
4.3716795e-11
-5.30845e-13
4.3729926e-11
-4.7929203e-13
4.3741602e-11
-4.3226221e-13
4.3751972e-11
-3.8940551e-13
4.3761171e-11
-3.5039343e-13
4.3769321e-11
-3.1491846e-13
4.3776532e-11
-2.8269346e-13
4.3782901e-11
-2.5345083e-13
4.3788518e-11
-2.2694178e-13
4.3793463e-11
-2.0293534e-13
4.3797808e-11
-1.8121753e-13
4.3801618e-11
-1.6159036e-13
4.3804951e-11
-1.4387099e-13
4.3807858e-11
-1.2789073e-13
4.3810388e-11
-1.1349422e-13
4.3812583e-11
-1.0053851e-13
4.3814479e-11
-8.8892282e-14
4.3816113e-11
-7.8434994e-14
4.3817513e-11
-6.9056158e-14
4.3818707e-11
-6.0654599e-14
4.3819719e-11
-5.313777e-14
4.3820573e-11
-4.6421109e-14
4.3821285e-11
-4.0427423e-14
4.3821876e-11
-3.5086323e-14
4.3822359e-11
-3.0333684e-14
4.3822748e-11
-2.6111147e-14
4.3823056e-11
-2.236565e-14
4.3823294e-11
-1.9048996e-14
4.3823471e-11
-1.6117447e-14
4.3823596e-11
-1.3531354e-14
4.3823676e-11
-1.1254802e-14
4.3823718e-11
-9.2552961e-15
4.3823728e-11
-7.5034613e-15
4.3823711e-11
-5.9727693e-15
4.3823671e-11
-4.6392858e-15
4.3823613e-11
-3.4814383e-15
4.3823539e-11
-2.4798027e-15
4.3823454e-11
-1.6169061e-15
4.3823359e-11
-8.7704739e-16
4.3823257e-11
-2.4613178e-16
4.3823149e-11
2.8848043e-16
4.3823037e-11
7.3811212e-16
4.3822923e-11
1.1128957e-15
4.3822809e-11
1.4218886e-15
4.3822693e-11
1.6731783e-15
4.3822579e-11
1.8739782e-15
4.3822466e-11
2.0307151e-15
4.3822356e-11
2.1491077e-15
4.3822247e-11
2.2342393e-15
4.3822142e-11
2.2906227e-15
4.382204e-11
2.322259e-15
4.3821941e-11
2.3326917e-15
4.3821846e-11
2.3250543e-15
4.3821754e-11
2.3021145e-15
4.3821666e-11
2.2663129e-15
4.3821582e-11
2.2197991e-15
4.3821501e-11
2.1644628e-15
4.3821425e-11
2.1019628e-15
4.3821352e-11
2.0337526e-15
4.3821282e-11
1.961103e-15
4.3821216e-11
1.885123e-15
4.3821154e-11
1.8067781e-15
4.3821094e-11
1.7269065e-15
4.3821038e-11
1.6462336e-15
4.3820986e-11
1.5653852e-15
4.3820936e-11
1.4848989e-15
4.3820889e-11
1.4052344e-15
4.3820844e-11
1.3267824e-15
4.3820803e-11
1.2498727e-15
4.3820763e-11
1.1747816e-15
4.3820726e-11
1.1017377e-15
4.3820692e-11
1.0309279e-15
4.3820659e-11
9.6250209e-16
4.3820629e-11
8.9657744e-16
4.3820601e-11
8.3324244e-16
4.3820574e-11
7.725602e-16
4.3820549e-11
7.1457146e-16
4.3820526e-11
6.5929725e-16
4.3820504e-11
6.067413e-16
4.3820484e-11
5.568921e-16
4.3820465e-11
5.0972481e-16
4.3820447e-11
4.6520293e-16
4.3820431e-11
4.2327981e-16
4.3820416e-11
3.8390001e-16
4.3820402e-11
3.4700051e-16
4.3820389e-11
3.1251182e-16
4.3820377e-11
2.8035898e-16
4.3820365e-11
2.5046248e-16
4.3820355e-11
2.2273911e-16
4.3820345e-11
1.9710268e-16
4.3820337e-11
1.7346477e-16
4.3820328e-11
1.5173533e-16
4.3820321e-11
1.318233e-16
4.3820314e-11
1.1363712e-16
4.3820307e-11
9.7085246e-17
4.3820302e-11
8.2076588e-17
4.3820296e-11
6.8520928e-17
4.3820291e-11
5.6329292e-17
4.3820287e-11
4.5414276e-17
4.3820283e-11
3.5690355e-17
4.3820279e-11
2.7074139e-17
4.3820275e-11
1.9484612e-17
4.3820272e-11
1.2843324e-17
4.3820269e-11
7.0745652e-18
4.3820267e-11
2.1054971e-18
4.3820265e-11
-2.1337353e-18
4.3820263e-11
-5.7099249e-18
4.3820261e-11
-8.6867499e-18
4.3820259e-11
-1.1124746e-17
4.3820258e-11
-1.3081307e-17
4.3820256e-11
-1.4610702e-17
4.3820255e-11
-1.5764124e-17
4.3820254e-11
-1.658975e-17
4.3820253e-11
-1.713283e-17
4.3820252e-11
-1.7435787e-17
4.3820252e-11
-1.7538336e-17
4.3820251e-11
-1.7477622e-17
4.3820251e-11
-1.7288366e-17
4.382025e-11
-1.7003025e-17
4.382025e-11
-1.665197e-17
4.382025e-11
-1.6263657e-17
4.382025e-11
-1.5864823e-17
4.382025e-11
-1.5480673e-17
4.382025e-11
-1.5135077e-17
4.382025e-11
-1.4850764e-17
4.382025e-11
-1.4649512e-17
4.382025e-11
-1.4552331e-17
4.382025e-11
-1.4579639e-17
4.382025e-11
-1.4751411e-17
4.3820251e-11
-1.5087314e-17
4.3820251e-11
-1.5606802e-17
4.3820251e-11
-1.6329175e-17
4.3820252e-11
-1.7273574e-17
4.3820252e-11
-1.8458916e-17
4.3820253e-11
-1.9903717e-17
4.3820254e-11
-2.1625816e-17
4.3820255e-11
-2.3641925e-17
4.3820255e-11
-2.5966992e-17
4.3820256e-11
-2.8613295e-17
4.3820258e-11
-3.1589203e-17
4.3820259e-11
-3.4897498e-17
4.382026e-11
-3.8533112e-17
4.3820262e-11
-4.2480108e-17
4.3820263e-11
-4.6707662e-17
4.3820265e-11
-5.1164698e-17
4.3820267e-11
-5.577279e-17
4.3820269e-11
-6.0416683e-17
4.3820271e-11
-6.493109e-17
4.3820273e-11
-6.9084751e-17
4.3820275e-11
-7.2564711e-17
4.3820278e-11
-7.4961054e-17
-7.5233487e-17
3.2593116e-11
-4.9342483e-13
3.2750513e-11
-1.479668e-12
3.3005084e-11
-2.4395695e-12
3.3346318e-11
-3.3475845e-12
3.3761006e-11
-4.1822445e-12
3.4234269e-11
-4.926574e-12
3.4750599e-11
-5.5686705e-12
3.5294801e-11
-6.1017918e-12
3.585275e-11
-6.5239929e-12
3.6411939e-11
-6.8374753e-12
3.6961791e-11
-7.0477756e-12
3.7493791e-11
-7.1629014e-12
3.8001451e-11
-7.192502e-12
3.8480163e-11
-7.1471302e-12
3.8926982e-11
-7.0376291e-12
3.9340367e-11
-6.8746517e-12
3.9719922e-11
-6.6683098e-12
4.0066144e-11
-6.4279385e-12
4.0380191e-11
-6.1619559e-12
4.0663689e-11
-5.8777997e-12
4.0918565e-11
-5.5819212e-12
4.1146919e-11
-5.2798188e-12
4.1350916e-11
-4.9761004e-12
4.1532712e-11
-4.6745598e-12
4.16944e-11
-4.3782623e-12
4.1837967e-11
-4.0896312e-12
4.1965276e-11
-3.8105326e-12
4.2078048e-11
-3.5423552e-12
4.2177861e-11
-3.2860829e-12
4.2266147e-11
-3.0423611e-12
4.23442e-11
-2.811555e-12
4.2413181e-11
-2.5938008e-12
4.2474129e-11
-2.3890497e-12
4.2527968e-11
-2.1971066e-12
4.2575521e-11
-2.0176615e-12
4.2617517e-11
-1.8503174e-12
4.26546e-11
-1.6946128e-12
4.2687342e-11
-1.550041e-12
4.2716245e-11
-1.4160652e-12
4.2741756e-11
-1.2921314e-12
4.2764266e-11
-1.177679e-12
4.2784122e-11
-1.0721487e-12
4.2801631e-11
-9.7498892e-13
4.2817061e-11
-8.856612e-13
4.2830653e-11
-8.0364369e-13
4.2842616e-11
-7.2843411e-13
4.2853138e-11
-6.5955169e-13
4.2862384e-11
-5.9653851e-13
4.2870499e-11
-5.3896024e-13
4.2877614e-11
-4.8640645e-13
4.2883842e-11
-4.3849059e-13
4.2889286e-11
-3.9484967e-13
4.2894036e-11
-3.5514371e-13
4.2898173e-11
-3.1905507e-13
4.2901767e-11
-2.8628761e-13
4.2904882e-11
-2.5656581e-13
4.2907574e-11
-2.296338e-13
4.2909893e-11
-2.0525437e-13
4.2911884e-11
-1.8320797e-13
4.2913585e-11
-1.6329166e-13
4.2915032e-11
-1.453182e-13
4.2916256e-11
-1.2911498e-13
4.2917285e-11
-1.1452315e-13
4.2918143e-11
-1.0139666e-13
4.2918853e-11
-8.9601402e-14
4.2919432e-11
-7.9014368e-14
4.2919899e-11
-6.9522862e-14
4.2920268e-11
-6.1023742e-14
4.2920553e-11
-5.3422705e-14
4.2920765e-11
-4.6633624e-14
4.2920916e-11
-4.0577911e-14
4.2921013e-11
-3.5183932e-14
4.2921066e-11
-3.0386456e-14
4.2921081e-11
-2.6126137e-14
4.2921065e-11
-2.2349035e-14
4.2921022e-11
-1.9006175e-14
4.2920957e-11
-1.6053125e-14
4.2920876e-11
-1.3449621e-14
4.292078e-11
-1.1159205e-14
4.2920674e-11
-9.1488986e-15
4.2920559e-11
-7.3889011e-15
4.2920439e-11
-5.8523077e-15
4.2920314e-11
-4.5148528e-15
4.2920187e-11
-3.3546722e-15
4.292006e-11
-2.3520855e-15
4.2919932e-11
-1.4893956e-15
4.2919806e-11
-7.5070502e-16
4.2919681e-11
-1.2174797e-16
4.291956e-11
4.1026409e-16
4.2919441e-11
8.56783e-16
4.2919326e-11
1.2280527e-15
4.2919215e-11
1.5332266e-15
4.2919107e-11
1.7804744e-15
4.2919004e-11
1.9770799e-15
4.2918905e-11
2.1295292e-15
4.2918811e-11
2.2435916e-15
4.2918721e-11
2.3243923e-15
4.2918635e-11
2.376479e-15
4.2918553e-11
2.4038818e-15
4.2918476e-11
2.4101672e-15
4.2918402e-11
2.3984875e-15
4.2918333e-11
2.3716249e-15
4.2918267e-11
2.3320312e-15
4.2918205e-11
2.281864e-15
4.2918146e-11
2.2230186e-15
4.2918091e-11
2.1571572e-15
4.2918039e-11
2.0857349e-15
4.291799e-11
2.0100226e-15
4.2917944e-11
1.9311281e-15
4.2917901e-11
1.8500146e-15
4.291786e-11
1.7675173e-15
4.2917822e-11
1.684358e-15
4.2917787e-11
1.6011581e-15
4.2917753e-11
1.5184506e-15
4.2917722e-11
1.4366902e-15
4.2917692e-11
1.3562627e-15
4.2917664e-11
1.2774925e-15
4.2917639e-11
1.2006506e-15
4.2917614e-11
1.1259605e-15
4.2917592e-11
1.0536036e-15
4.291757e-11
9.837248e-16
4.2917551e-11
9.1643618e-16
4.2917532e-11
8.5182134e-16
4.2917515e-11
7.8993863e-16
4.2917498e-11
7.308242e-16
4.2917483e-11
6.7449471e-16
4.2917469e-11
6.2094964e-16
4.2917456e-11
5.7017348e-16
4.2917443e-11
5.2213754e-16
4.2917432e-11
4.7680171e-16
4.2917421e-11
4.3411587e-16
4.2917411e-11
3.9402133e-16
4.2917401e-11
3.5645199e-16
4.2917392e-11
3.2133546e-16
4.2917384e-11
2.8859407e-16
4.2917377e-11
2.5814576e-16
4.2917369e-11
2.2990491e-16
4.2917363e-11
2.037831e-16
4.2917356e-11
1.7968981e-16
4.2917351e-11
1.5753306e-16
4.2917345e-11
1.3721994e-16
4.291734e-11
1.1865721e-16
4.2917336e-11
1.0175176e-16
4.2917331e-11
8.6411032e-17
4.2917327e-11
7.254345e-17
4.2917324e-11
6.0058779e-17
4.291732e-11
4.8868451e-17
4.2917317e-11
3.8885855e-17
4.2917314e-11
3.0026602e-17
4.2917311e-11
2.2208743e-17
4.2917309e-11
1.5352969e-17
4.2917306e-11
9.3827667e-18
4.2917304e-11
4.224556e-18
4.2917302e-11
-1.9221006e-19
4.2917301e-11
-3.9349696e-18
4.2917299e-11
-7.0680035e-18
4.2917297e-11
-9.6524134e-18
4.2917296e-11
-1.1746124e-17
4.2917295e-11
-1.3403908e-17
4.2917294e-11
-1.4677435e-17
4.2917293e-11
-1.561534e-17
4.2917292e-11
-1.6263311e-17
4.2917291e-11
-1.6664197e-17
4.2917291e-11
-1.6858127e-17
4.291729e-11
-1.6882654e-17
4.2917289e-11
-1.6772905e-17
4.2917289e-11
-1.6561745e-17
4.2917289e-11
-1.6279949e-17
4.2917288e-11
-1.5956395e-17
4.2917288e-11
-1.5618243e-17
4.2917288e-11
-1.5291142e-17
4.2917288e-11
-1.4999416e-17
4.2917288e-11
-1.4766272e-17
4.2917288e-11
-1.4613985e-17
4.2917288e-11
-1.4564087e-17
4.2917288e-11
-1.4637537e-17
4.2917288e-11
-1.485488e-17
4.2917288e-11
-1.5236369e-17
4.2917288e-11
-1.5802067e-17
4.2917288e-11
-1.6571888e-17
4.2917289e-11
-1.7565595e-17
4.2917289e-11
-1.8802709e-17
4.2917289e-11
-2.0302331e-17
4.291729e-11
-2.2082826e-17
4.291729e-11
-2.4161358e-17
4.2917291e-11
-2.6553212e-17
4.2917292e-11
-2.9270848e-17
4.2917292e-11
-3.2322611e-17
4.2917293e-11
-3.5710998e-17
4.2917294e-11
-3.9430331e-17
4.2917295e-11
-4.3463677e-17
4.2917296e-11
-4.7778757e-17
4.2917297e-11
-5.2322537e-17
4.2917298e-11
-5.7014123e-17
4.29173e-11
-6.1735271e-17
4.2917301e-11
-6.6317189e-17
4.2917303e-11
-7.0525098e-17
4.2917304e-11
-7.4044775e-17
4.2917306e-11
-7.6460158e-17
-7.6740507e-17
3.259807e-11
-5.5176287e-13
3.2769139e-11
-1.6507369e-12
3.3044107e-11
-2.714538e-12
3.3409891e-11
-3.713368e-12
3.3850454e-11
-4.6228075e-12
3.4348144e-11
-5.4242643e-12
3.4884994e-11
-6.1055198e-12
3.5443842e-11
-6.6606401e-12
3.6009191e-11
-7.0893421e-12
3.6567761e-11
-7.3960446e-12
3.7108759e-11
-7.5887743e-12
3.7623924e-11
-7.6780659e-12
3.8107376e-11
-7.6759546e-12
3.8555368e-11
-7.5951222e-12
3.8965959e-11
-7.4482196e-12
3.9338674e-11
-7.2473668e-12
3.9674176e-11
-7.0038115e-12
3.9973961e-11
-6.727724e-12
4.0240103e-11
-6.4280976e-12
4.0475033e-11
-6.1127295e-12
4.068137e-11
-5.7882587e-12
4.0861791e-11
-5.4602399e-12
4.1018931e-11
-5.1332397e-12
4.1155314e-11
-4.8109429e-12
4.1273313e-11
-4.4962611e-12
4.1375119e-11
-4.1914375e-12
4.1462732e-11
-3.8981458e-12
4.1537956e-11
-3.6175795e-12
4.1602406e-11
-3.3505323e-12
4.1657514e-11
-3.0974687e-12
4.1704544e-11
-2.8585853e-12
4.1744607e-11
-2.6338638e-12
4.1778673e-11
-2.4231155e-12
4.1807585e-11
-2.2260194e-12
4.1832078e-11
-2.0421538e-12
4.1852784e-11
-1.8710232e-12
4.187025e-11
-1.7120793e-12
4.1884949e-11
-1.5647395e-12
4.1897285e-11
-1.4284011e-12
4.1907606e-11
-1.302453e-12
4.1916212e-11
-1.1862848e-12
4.1923358e-11
-1.0792947e-12
4.1929263e-11
-9.8089418e-13
4.1934115e-11
-8.9051321e-13
4.1938074e-11
-8.0760276e-13
4.1941277e-11
-7.3163726e-13
4.1943842e-11
-6.6211598e-13
4.1945867e-11
-5.9856391e-13
4.1947439e-11
-5.4053209e-13
4.194863e-11
-4.8759758e-13
4.1949503e-11
-4.3936312e-13
4.195011e-11
-3.9545656e-13
4.1950496e-11
-3.5553009e-13
4.19507e-11
-3.1925935e-13
4.1950755e-11
-2.8634249e-13
4.1950688e-11
-2.5649907e-13
4.1950524e-11
-2.2946902e-13
4.1950281e-11
-2.0501153e-13
4.1949977e-11
-1.8290397e-13
4.1949626e-11
-1.6294078e-13
4.194924e-11
-1.4493244e-13
4.194883e-11
-1.2870441e-13
4.1948403e-11
-1.1409619e-13
4.1947966e-11
-1.0096031e-13
4.1947526e-11
-8.9161447e-14
4.1947087e-11
-7.8575561e-14
4.1946654e-11
-6.9089069e-14
4.1946228e-11
-6.0598075e-14
4.1945813e-11
-5.3007634e-14
4.194541e-11
-4.6231072e-14
4.1945022e-11
-4.0189339e-14
4.1944648e-11
-3.481041e-14
4.1944291e-11
-3.0028724e-14
4.1943949e-11
-2.5784658e-14
4.1943624e-11
-2.2024044e-14
4.1943316e-11
-1.8697713e-14
4.1943024e-11
-1.5761079e-14
4.1942748e-11
-1.3173746e-14
4.1942488e-11
-1.0899155e-14
4.1942243e-11
-8.9042462e-15
4.1942013e-11
-7.1591541e-15
4.1941798e-11
-5.6369262e-15
4.1941596e-11
-4.313262e-15
4.1941408e-11
-3.1662737e-15
4.1941232e-11
-2.1762665e-15
4.1941068e-11
-1.3255368e-15
4.1940916e-11
-5.9818736e-16
4.1940774e-11
2.0042161e-17
4.1940642e-11
5.4193031e-16
4.194052e-11
9.7891543e-16
4.1940407e-11
1.3412251e-15
4.1940302e-11
1.6379941e-15
4.1940205e-11
1.877372e-15
4.1940116e-11
2.0666211e-15
4.1940033e-11
2.2122052e-15
4.1939957e-11
2.3198708e-15
4.1939886e-11
2.3947203e-15
4.1939822e-11
2.4412782e-15
4.1939762e-11
2.463552e-15
4.1939707e-11
2.4650857e-15
4.1939657e-11
2.4490097e-15
4.193961e-11
2.4180849e-15
4.1939567e-11
2.3747425e-15
4.1939528e-11
2.3211201e-15
4.1939492e-11
2.2590938e-15
4.1939459e-11
2.1903077e-15
4.1939428e-11
2.116199e-15
4.19394e-11
2.0380221e-15
4.1939375e-11
1.956869e-15
4.1939351e-11
1.8736879e-15
4.1939329e-11
1.7892995e-15
4.1939309e-11
1.7044123e-15
4.1939291e-11
1.6196352e-15
4.1939274e-11
1.5354891e-15
4.1939258e-11
1.4524176e-15
4.1939243e-11
1.370796e-15
4.193923e-11
1.2909389e-15
4.1939218e-11
1.2131082e-15
4.1939206e-11
1.1375188e-15
4.1939195e-11
1.0643443e-15
4.1939185e-11
9.9372203e-16
4.1939176e-11
9.2575736e-16
4.1939167e-11
8.6052753e-16
4.1939159e-11
7.9808504e-16
4.1939151e-11
7.3846067e-16
4.1939144e-11
6.8166607e-16
4.1939137e-11
6.2769621e-16
4.1939131e-11
5.7653139e-16
4.1939125e-11
5.2813911e-16
4.1939119e-11
4.8247579e-16
4.1939114e-11
4.3948815e-16
4.1939109e-11
3.9911464e-16
4.1939104e-11
3.6128659e-16
4.19391e-11
3.2592927e-16
4.1939095e-11
2.9296294e-16
4.1939091e-11
2.6230367e-16
4.1939087e-11
2.338642e-16
4.1939083e-11
2.0755465e-16
4.193908e-11
1.8328322e-16
4.1939076e-11
1.6095678e-16
4.1939073e-11
1.4048149e-16
4.193907e-11
1.2176324e-16
4.1939067e-11
1.0470821e-16
4.1939064e-11
8.9223246e-17
4.1939061e-11
7.5216264e-17
4.1939059e-11
6.2596614e-17
4.1939057e-11
5.1275392e-17
4.1939054e-11
4.1165723e-17
4.1939052e-11
3.2183012e-17
4.193905e-11
2.4245161e-17
4.1939048e-11
1.7272753e-17
4.1939046e-11
1.118921e-17
4.1939045e-11
5.9209153e-18
4.1939043e-11
1.3973116e-18
4.1939042e-11
-2.4490295e-18
4.193904e-11
-5.6823643e-18
4.1939039e-11
-8.3637603e-18
4.1939038e-11
-1.0551102e-17
4.1939037e-11
-1.2299121e-17
4.1939036e-11
-1.3659448e-17
4.1939035e-11
-1.4680683e-17
4.1939034e-11
-1.5408489e-17
4.1939033e-11
-1.5885699e-17
4.1939032e-11
-1.6152445e-17
4.1939032e-11
-1.6246295e-17
4.1939031e-11
-1.6202408e-17
4.1939031e-11
-1.6053704e-17
4.193903e-11
-1.5831038e-17
4.193903e-11
-1.5563387e-17
4.1939029e-11
-1.5278039e-17
4.1939029e-11
-1.5000796e-17
4.1939029e-11
-1.4756168e-17
4.1939029e-11
-1.4567572e-17
4.1939028e-11
-1.4457526e-17
4.1939028e-11
-1.4447834e-17
4.1939028e-11
-1.4559757e-17
4.1939028e-11
-1.4814168e-17
4.1939028e-11
-1.5231672e-17
4.1939028e-11
-1.58327e-17
4.1939028e-11
-1.663755e-17
4.1939028e-11
-1.7666368e-17
4.1939029e-11
-1.8939048e-17
4.1939029e-11
-2.047503e-17
4.1939029e-11
-2.2292977e-17
4.1939029e-11
-2.4410272e-17
4.193903e-11
-2.6842315e-17
4.193903e-11
-2.9601543e-17
4.193903e-11
-3.2696101e-17
4.1939031e-11
-3.6128069e-17
4.1939031e-11
-3.9891098e-17
4.1939032e-11
-4.3967302e-17
4.1939032e-11
-4.8323148e-17
4.1939033e-11
-5.290407e-17
4.1939033e-11
-5.7627415e-17
4.1939034e-11
-6.2373151e-17
4.1939035e-11
-6.6971082e-17
4.1939035e-11
-7.1185798e-17
4.1939036e-11
-7.4702659e-17
4.1939037e-11
-7.7112548e-17
-7.7400118e-17
3.2603859e-11
-6.1589023e-13
3.2790743e-11
-1.8376213e-12
3.3089003e-11
-3.012798e-12
3.3482327e-11
-4.1066917e-12
3.3951219e-11
-5.0916995e-12
3.4474734e-11
-5.9477797e-12
3.5032097e-11
-6.6628826e-12
3.5604025e-11
-7.2325682e-12
3.6173664e-11
-7.6589815e-12
3.6727122e-11
-7.949503e-12
3.7253649e-11
-8.1153006e-12
3.7745535e-11
-8.169952e-12
3.8197828e-11
-8.128248e-12
3.8607933e-11
-8.0052274e-12
3.897517e-11
-7.8154566e-12
3.9300337e-11
-7.5725336e-12
3.9585309e-11
-7.2887836e-12
3.9832692e-11
-6.975107e-12
4.0045535e-11
-6.6409406e-12
4.0227104e-11
-6.2942989e-12
4.0380712e-11
-5.941866e-12
4.050959e-11
-5.5891176e-12
4.0616806e-11
-5.2404563e-12
4.0705212e-11
-4.8993491e-12
4.0777412e-11
-4.5684605e-12
4.0835749e-11
-4.2497747e-12
4.0882311e-11
-3.9447075e-12
4.0918936e-11
-3.6542047e-12
4.0947231e-11
-3.3788275e-12
4.0968589e-11
-3.118827e-12
4.098421e-11
-2.8742062e-12
4.099512e-11
-2.6447739e-12
4.1002193e-11
-2.4301883e-12
4.1006168e-11
-2.2299942e-12
4.1007667e-11
-2.0436531e-12
4.1007212e-11
-1.8705682e-12
4.1005237e-11
-1.7101044e-12
4.1002102e-11
-1.5616048e-12
4.0998105e-11
-1.4244033e-12
4.0993487e-11
-1.2978351e-12
4.0988447e-11
-1.1812448e-12
4.0983144e-11
-1.0739923e-12
4.0977707e-11
-9.7545736e-13
4.0972238e-11
-8.8504339e-13
4.0966814e-11
-8.0217933e-13
4.0961498e-11
-7.263214e-13
4.0956336e-11
-6.5695389e-13
4.0951362e-11
-5.9358952e-13
4.0946599e-11
-5.3576935e-13
4.0942064e-11
-4.8306237e-13
4.0937766e-11
-4.3506483e-13
4.0933709e-11
-3.9139941e-13
4.0929893e-11
-3.5171423e-13
4.0926315e-11
-3.1568179e-13
4.092297e-11
-2.829978e-13
4.0919851e-11
-2.5338001e-13
4.0916949e-11
-2.2656704e-13
4.0914255e-11
-2.0231717e-13
4.0911758e-11
-1.8040716e-13
4.0909449e-11
-1.6063115e-13
4.0907316e-11
-1.4279947e-13
4.0905349e-11
-1.2673763e-13
4.0903538e-11
-1.1228529e-13
4.0901873e-11
-9.9295234e-14
4.0900344e-11
-8.7632467e-14
4.0898942e-11
-7.7173329e-14
4.0897657e-11
-6.7804649e-14
4.0896482e-11
-5.9422965e-14
4.0895408e-11
-5.1933779e-14
4.0894428e-11
-4.5250868e-14
4.0893534e-11
-3.9295629e-14
4.089272e-11
-3.3996476e-14
4.089198e-11
-2.9288276e-14
4.0891307e-11
-2.5111821e-14
4.0890696e-11
-2.1413339e-14
4.0890143e-11
-1.8144041e-14
4.0889641e-11
-1.5259703e-14
4.0889188e-11
-1.2720272e-14
4.0888778e-11
-1.0489512e-14
4.0888409e-11
-8.5346669e-15
4.0888076e-11
-6.8261592e-15
4.0887776e-11
-5.337304e-15
4.0887507e-11
-4.0440516e-15
4.0887265e-11
-2.9247484e-15
4.0887049e-11
-1.9599176e-15
4.0886855e-11
-1.1320585e-15
4.0886683e-11
-4.254625e-16
4.0886529e-11
1.7395609e-16
4.0886392e-11
6.7881381e-16
4.088627e-11
1.1003991e-15
4.0886163e-11
1.4488011e-15
4.0886068e-11
1.7330266e-15
4.0885984e-11
1.9611073e-15
4.0885911e-11
2.1401965e-15
4.0885846e-11
2.2766581e-15
4.088579e-11
2.3761463e-15
4.0885741e-11
2.4436786e-15
4.0885698e-11
2.483702e-15
4.0885662e-11
2.5001521e-15
4.088563e-11
2.4965075e-15
4.0885604e-11
2.4758385e-15
4.0885581e-11
2.4408507e-15
4.0885562e-11
2.3939248e-15
4.0885546e-11
2.3371522e-15
4.0885532e-11
2.2723668e-15
4.0885521e-11
2.2011736e-15
4.0885513e-11
2.1249749e-15
4.0885506e-11
2.0449925e-15
4.08855e-11
1.9622889e-15
4.0885496e-11
1.8777855e-15
4.0885493e-11
1.7922784e-15
4.0885491e-11
1.7064536e-15
4.088549e-11
1.6208997e-15
4.0885489e-11
1.5361191e-15
4.0885489e-11
1.4525386e-15
4.0885489e-11
1.3705178e-15
4.088549e-11
1.2903579e-15
4.0885491e-11
1.2123079e-15
4.0885492e-11
1.1365713e-15
4.0885493e-11
1.0633115e-15
4.0885494e-11
9.9265649e-16
4.0885495e-11
9.2470324e-16
4.0885496e-11
8.595215e-16
4.0885497e-11
7.9715704e-16
4.0885498e-11
7.376346e-16
4.0885498e-11
6.809605e-16
4.0885499e-11
6.2712495e-16
4.0885499e-11
5.7610406e-16
4.08855e-11
5.2786167e-16
4.08855e-11
4.8235097e-16
4.08855e-11
4.3951593e-16
4.08855e-11
3.9929261e-16
4.0885499e-11
3.616103e-16
4.0885499e-11
3.2639262e-16
4.0885498e-11
2.9355841e-16
4.0885497e-11
2.6302262e-16
4.0885497e-11
2.3469713e-16
4.0885496e-11
2.084914e-16
4.0885495e-11
1.8431318e-16
4.0885494e-11
1.6206908e-16
4.0885492e-11
1.4166513e-16
4.0885491e-11
1.2300727e-16
4.088549e-11
1.0600181e-16
4.0885489e-11
9.0555856e-17
4.0885487e-11
7.6577687e-17
4.0885486e-11
6.3977076e-17
4.0885484e-11
5.2665613e-17
4.0885483e-11
4.255697e-17
4.0885482e-11
3.3567141e-17
4.088548e-11
2.5614646e-17
4.0885479e-11
1.8620714e-17
4.0885478e-11
1.250942e-17
4.0885476e-11
7.2078089e-18
4.0885475e-11
2.6459853e-18
4.0885474e-11
-1.2428263e-18
4.0885473e-11
-4.5222424e-18
4.0885472e-11
-7.2527082e-18
4.0885471e-11
-9.4915083e-18
4.088547e-11
-1.1292801e-17
4.0885469e-11
-1.270767e-17
4.0885468e-11
-1.3784205e-17
4.0885467e-11
-1.4567588e-17
4.0885466e-11
-1.5100212e-17
4.0885465e-11
-1.5421799e-17
4.0885465e-11
-1.5569552e-17
4.0885464e-11
-1.5578303e-17
4.0885463e-11
-1.5480684e-17
4.0885463e-11
-1.5307302e-17
4.0885462e-11
-1.5086927e-17
4.0885462e-11
-1.4846683e-17
4.0885462e-11
-1.4612245e-17
4.0885461e-11
-1.4408037e-17
4.0885461e-11
-1.425743e-17
4.0885461e-11
-1.4182934e-17
4.088546e-11
-1.420638e-17
4.088546e-11
-1.4349091e-17
4.088546e-11
-1.463203e-17
4.088546e-11
-1.507592e-17
4.088546e-11
-1.5701328e-17
4.088546e-11
-1.6528702e-17
4.088546e-11
-1.7578334e-17
4.0885459e-11
-1.8870257e-17
4.0885459e-11
-2.0424022e-17
4.0885459e-11
-2.2258353e-17
4.0885459e-11
-2.439063e-17
4.0885459e-11
-2.6836155e-17
4.0885459e-11
-2.9607144e-17
4.0885459e-11
-3.2711382e-17
4.0885459e-11
-3.6150417e-17
4.0885459e-11
-3.9917191e-17
4.0885459e-11
-4.3992927e-17
4.0885459e-11
-4.834307e-17
4.0885459e-11
-5.2911972e-17
4.0885459e-11
-5.7616037e-17
4.0885459e-11
-6.2334675e-17
4.0885459e-11
-6.6897926e-17
4.0885459e-11
-7.1072348e-17
4.0885459e-11
-7.4549661e-17
4.0885459e-11
-7.6925288e-17
-7.7222638e-17
3.2610646e-11
-6.8680544e-13
3.2815853e-11
-2.042828e-12
3.3140688e-11
-3.3376329e-12
3.3564777e-11
-4.5307811e-12
3.4064391e-11
-5.5913135e-12
3.4614698e-11
-6.4980861e-12
3.5191759e-11
-7.2399442e-12
3.5774069e-11
-7.8148782e-12
3.6343532e-11
-8.2284439e-12
3.6885915e-11
-8.4918864e-12
3.7390873e-11
-8.6202585e-12
3.7851653e-11
-8.6307314e-12
3.8264611e-11
-8.5412066e-12
3.8628648e-11
-8.3692637e-12
3.8944621e-11
-8.1314293e-12
3.9214809e-11
-7.8427225e-12
3.9442447e-11
-7.5164213e-12
3.9631333e-11
-7.1639926e-12
3.9785529e-11
-6.7951371e-12
3.9909136e-11
-6.4179058e-12
4.0006128e-11
-6.0388579e-12
4.0080247e-11
-5.6632361e-12
4.0134935e-11
-5.2951444e-12
4.0173303e-11
-4.9377179e-12
4.0198121e-11
-4.5932785e-12
4.0211821e-11
-4.2634743e-12
4.0216515e-11
-3.9494018e-12
4.0214022e-11
-3.6517109e-12
4.0205888e-11
-3.370694e-12
4.0193423e-11
-3.1063613e-12
4.017772e-11
-2.8585036e-12
4.0159689e-11
-2.6267433e-12
4.0140079e-11
-2.4105779e-12
4.0119498e-11
-2.2094136e-12
4.0098439e-11
-2.0225939e-12
4.0077293e-11
-1.8494223e-12
4.0056368e-11
-1.6891794e-12
4.0035902e-11
-1.5411381e-12
4.0016072e-11
-1.4045739e-12
3.9997011e-11
-1.2787741e-12
3.997881e-11
-1.1630436e-12
3.9961528e-11
-1.0567105e-12
3.99452e-11
-9.5912887e-13
3.9929838e-11
-8.6968144e-13
3.9915439e-11
-7.8778105e-13
3.9901989e-11
-7.1287138e-13
3.9889463e-11
-6.4442721e-13
3.9877827e-11
-5.819542e-13
3.9867046e-11
-5.2498834e-13
3.9857079e-11
-4.7309522e-13
3.9847883e-11
-4.2586898e-13
3.9839415e-11
-3.8293125e-13
3.9831631e-11
-3.4392994e-13
3.9824487e-11
-3.0853795e-13
3.9817941e-11
-2.7645192e-13
3.9811952e-11
-2.4739088e-13
3.980648e-11
-2.2109501e-13
3.9801487e-11
-1.9732434e-13
3.9796938e-11
-1.758575e-13
3.9792797e-11
-1.5649056e-13
3.9789033e-11
-1.3903583e-13
3.9785616e-11
-1.2332078e-13
3.9782518e-11
-1.0918699e-13
3.9779712e-11
-9.6489132e-14
3.9777174e-11
-8.5094039e-14
3.977488e-11
-7.4879791e-14
3.977281e-11
-6.5734885e-14
3.9770945e-11
-5.7557439e-14
3.9769265e-11
-5.0254449e-14
3.9767756e-11
-4.3741098e-14
3.97664e-11
-3.7940103e-14
3.9765185e-11
-3.2781113e-14
3.9764097e-11
-2.8200147e-14
3.9763124e-11
-2.4139069e-14
3.9762256e-11
-2.0545104e-14
3.9761482e-11
-1.7370386e-14
3.9760794e-11
-1.4571546e-14
3.9760183e-11
-1.2109322e-14
3.9759642e-11
-9.9482045e-15
3.9759163e-11
-8.0561103e-15
3.9758741e-11
-6.4040784e-15
3.975837e-11
-4.9659916e-15
3.9758044e-11
-3.718321e-15
3.9757759e-11
-2.6398904e-15
3.9757511e-11
-1.7116603e-15
3.9757295e-11
-9.1653017e-16
3.9757109e-11
-2.3915675e-16
3.9756949e-11
3.3421162e-16
3.9756812e-11
8.1588691e-16
3.9756695e-11
1.21688e-15
3.9756597e-11
1.5470269e-15
3.9756515e-11
1.8151045e-15
3.9756447e-11
2.028935e-15
3.9756392e-11
2.1954818e-15
3.9756348e-11
2.3209358e-15
3.9756313e-11
2.4107946e-15
3.9756287e-11
2.4699337e-15
3.9756268e-11
2.5026712e-15
3.9756255e-11
2.5128261e-15
3.9756248e-11
2.5037716e-15
3.9756245e-11
2.4784824e-15
3.9756246e-11
2.4395778e-15
3.9756251e-11
2.3893607e-15
3.9756258e-11
2.3298519e-15
3.9756268e-11
2.2628218e-15
3.9756279e-11
2.1898184e-15
3.9756292e-11
2.1121921e-15
3.9756306e-11
2.0311183e-15
3.975632e-11
1.9476177e-15
3.9756336e-11
1.8625739e-15
3.9756351e-11
1.7767494e-15
3.9756367e-11
1.6907996e-15
3.9756382e-11
1.6052859e-15
3.9756398e-11
1.5206863e-15
3.9756413e-11
1.4374055e-15
3.9756428e-11
1.355784e-15
3.9756442e-11
1.276105e-15
3.9756456e-11
1.1986023e-15
3.9756469e-11
1.1234654e-15
3.9756481e-11
1.0508454e-15
3.9756493e-11
9.8085943e-16
3.9756504e-11
9.1359488e-16
3.9756515e-11
8.4911304e-16
3.9756524e-11
7.8745229e-16
3.9756533e-11
7.2863095e-16
3.9756542e-11
6.7264977e-16
3.9756549e-11
6.1949418e-16
3.9756556e-11
5.6913623e-16
3.9756563e-11
5.2153634e-16
3.9756568e-11
4.7664487e-16
3.9756573e-11
4.3440348e-16
3.9756578e-11
3.947464e-16
3.9756582e-11
3.5760154e-16
3.9756585e-11
3.2289149e-16
3.9756588e-11
2.9053445e-16
3.9756591e-11
2.6044503e-16
3.9756593e-11
2.3253503e-16
3.9756595e-11
2.067141e-16
3.9756596e-11
1.8289038e-16
3.9756597e-11
1.6097106e-16
3.9756598e-11
1.4086294e-16
3.9756599e-11
1.2247284e-16
3.9756599e-11
1.0570809e-16
3.9756599e-11
9.0476914e-17
3.9756599e-11
7.6688778e-17
3.9756599e-11
6.425472e-17
3.9756598e-11
5.3087636e-17
3.9756598e-11
4.3102542e-17
3.9756597e-11
3.4216796e-17
3.9756596e-11
2.6350291e-17
3.9756596e-11
1.9425624e-17
3.9756595e-11
1.3368231e-17
3.9756594e-11
8.1064967e-18
3.9756593e-11
3.571834e-18
3.9756592e-11
-3.0125627e-19
3.9756591e-11
-3.5751557e-18
3.975659e-11
-6.3091199e-18
3.9756589e-11
-8.5592938e-18
3.9756588e-11
-1.0378748e-17
3.9756587e-11
-1.1817538e-17
3.9756586e-11
-1.2922776e-17
3.9756586e-11
-1.3738733e-17
3.9756585e-11
-1.4306945e-17
3.9756584e-11
-1.466634e-17
3.9756583e-11
-1.4853387e-17
3.9756583e-11
-1.4902243e-17
3.9756582e-11
-1.4844923e-17
3.9756581e-11
-1.4711476e-17
3.9756581e-11
-1.4530169e-17
3.975658e-11
-1.4327678e-17
3.975658e-11
-1.4129283e-17
3.9756579e-11
-1.3959063e-17
3.9756579e-11
-1.3840091e-17
3.9756579e-11
-1.3794627e-17
3.9756578e-11
-1.384429e-17
3.9756578e-11
-1.4010231e-17
3.9756578e-11
-1.4313273e-17
3.9756577e-11
-1.4774029e-17
3.9756577e-11
-1.5412974e-17
3.9756577e-11
-1.6250473e-17
3.9756577e-11
-1.7306742e-17
3.9756576e-11
-1.8601721e-17
3.9756576e-11
-2.0154846e-17
3.9756576e-11
-2.1984682e-17
3.9756575e-11
-2.4108388e-17
3.9756575e-11
-2.6540965e-17
3.9756575e-11
-2.9294232e-17
3.9756574e-11
-3.2375464e-17
3.9756574e-11
-3.5785584e-17
3.9756574e-11
-3.9516804e-17
3.9756573e-11
-4.354956e-17
3.9756573e-11
-4.7848524e-17
3.9756572e-11
-5.2357461e-17
3.9756572e-11
-5.6992597e-17
3.9756571e-11
-6.1634033e-17
3.975657e-11
-6.6114126e-17
3.9756569e-11
-7.0204208e-17
3.9756568e-11
-7.3603196e-17
3.9756567e-11
-7.5923037e-17
-7.6231094e-17
3.2618642e-11
-7.6571557e-13
3.2845128e-11
-2.2693138e-12
3.3200273e-11
-3.6927781e-12
3.3658573e-11
-4.9890809e-12
3.419112e-11
-6.1238609e-12
3.4768527e-11
-7.0754925e-12
3.5363364e-11
-7.8347811e-12
3.5951893e-11
-8.4034072e-12
3.6515028e-11
-8.7915789e-12
3.7038619e-11
-9.0154774e-12
3.7513224e-11
-9.0948641e-12
3.7933551e-11
-9.0510586e-12
3.8297726e-11
-8.9053812e-12
3.8606519e-11
-8.6780569e-12
3.8862616e-11
-8.3875261e-12
3.9069975e-11
-8.0500822e-12
3.9233304e-11
-7.6797503e-12
3.9357646e-11
-7.2883341e-12
3.9448075e-11
-6.8855661e-12
3.9509485e-11
-6.4793162e-12
3.9546451e-11
-6.0758232e-12
3.9563143e-11
-5.6799283e-12
3.9563294e-11
-5.2952955e-12
3.9550188e-11
-4.9246122e-12
3.9526675e-11
-4.5697657e-12
3.9495197e-11
-4.2319961e-12
3.9457821e-11
-3.912026e-12
3.941628e-11
-3.6101692e-12
3.9372006e-11
-3.3264204e-12
3.9326175e-11
-3.06053e-12
3.9279735e-11
-2.8120638e-12
3.9233444e-11
-2.5804519e-12
3.9187894e-11
-2.3650284e-12
3.9143543e-11
-2.1650622e-12
3.9100731e-11
-1.9797823e-12
3.9059706e-11
-1.8083968e-12
3.9020635e-11
-1.6501088e-12
3.8983625e-11
-1.5041276e-12
3.8948728e-11
-1.3696776e-12
3.891596e-11
-1.2460055e-12
3.88853e-11
-1.1323842e-12
3.8856707e-11
-1.0281172e-12
3.8830118e-11
-9.325398e-13
3.8805458e-11
-8.4502114e-13
3.8782641e-11
-7.6496443e-13
3.8761577e-11
-6.9180699e-13
3.8742169e-11
-6.2501993e-13
3.8724323e-11
-5.6410732e-13
3.8707939e-11
-5.0860526e-13
3.8692925e-11
-4.5808072e-13
3.8679186e-11
-4.121302e-13
3.8666633e-11
-3.7037846e-13
3.865518e-11
-3.3247701e-13
3.8644745e-11
-2.9810277e-13
3.863525e-11
-2.6695658e-13
3.8626621e-11
-2.3876182e-13
3.8618789e-11
-2.1326303e-13
3.8611689e-11
-1.9022459e-13
3.8605261e-11
-1.6942938e-13
3.8599448e-11
-1.5067759e-13
3.8594198e-11
-1.3378552e-13
3.8589461e-11
-1.1858446e-13
3.8585194e-11
-1.049196e-13
3.8581354e-11
-9.2649071e-14
3.8577903e-11
-8.1642925e-14
3.8574805e-11
-7.1782294e-14
3.8572029e-11
-6.2958528e-14
3.8569544e-11
-5.5072411e-14
3.8567323e-11
-4.8033421e-14
3.8565341e-11
-4.1759047e-14
3.8563575e-11
-3.6174149e-14
3.8562004e-11
-3.1210356e-14
3.856061e-11
-2.6805519e-14
3.8559374e-11
-2.290319e-14
3.8558281e-11
-1.945215e-14
3.8557316e-11
-1.6405967e-14
3.8556467e-11
-1.3722583e-14
3.8555722e-11
-1.1363944e-14
3.8555069e-11
-9.2956452e-15
3.85545e-11
-7.4866156e-15
3.8554005e-11
-5.9088187e-15
3.8553576e-11
-4.5369819e-15
3.8553206e-11
-3.3483467e-15
3.8552888e-11
-2.3224391e-15
3.8552617e-11
-1.4408593e-15
3.8552388e-11
-6.8708811e-16
3.8552195e-11
-4.6311163e-17
3.8552035e-11
4.9474324e-16
3.8551903e-11
9.4795154e-16
3.8551795e-11
1.3239298e-15
3.855171e-11
1.6321566e-15
3.8551644e-11
1.8810851e-15
3.8551595e-11
2.078245e-15
3.855156e-11
2.2303352e-15
3.8551538e-11
2.3433081e-15
3.8551526e-11
2.422446e-15
3.8551524e-11
2.4724303e-15
3.8551529e-11
2.4974043e-15
3.8551541e-11
2.5010297e-15
3.8551558e-11
2.4865381e-15
3.855158e-11
2.456777e-15
3.8551605e-11
2.4142517e-15
3.8551633e-11
2.3611624e-15
3.8551664e-11
2.2994381e-15
3.8551696e-11
2.2307668e-15
3.8551729e-11
2.1566227e-15
3.8551763e-11
2.0782903e-15
3.8551797e-11
1.9968861e-15
3.8551831e-11
1.9133779e-15
3.8551865e-11
1.8286024e-15
3.8551899e-11
1.7432802e-15
3.8551931e-11
1.6580295e-15
3.8551963e-11
1.5733783e-15
3.8551994e-11
1.4897752e-15
3.8552024e-11
1.407599e-15
3.8552053e-11
1.3271667e-15
3.855208e-11
1.2487415e-15
3.8552106e-11
1.1725387e-15
3.8552131e-11
1.0987324e-15
3.8552154e-11
1.0274595e-15
3.8552176e-11
9.5882533e-16
3.8552197e-11
8.9290664e-16
3.8552216e-11
8.2975566e-16
3.8552234e-11
7.69403e-16
3.8552251e-11
7.1186033e-16
3.8552267e-11
6.5712283e-16
3.8552281e-11
6.0517129e-16
3.8552294e-11
5.5597395e-16
3.8552306e-11
5.0948819e-16
3.8552317e-11
4.65662e-16
3.8552327e-11
4.2443531e-16
3.8552336e-11
3.8574115e-16
3.8552344e-11
3.495067e-16
3.8552351e-11
3.1565429e-16
3.8552358e-11
2.8410222e-16
3.8552364e-11
2.5476557e-16
3.8552369e-11
2.2755688e-16
3.8552373e-11
2.0238683e-16
3.8552377e-11
1.791648e-16
3.855238e-11
1.5779943e-16
3.8552382e-11
1.3819911e-16
3.8552385e-11
1.2027242e-16
3.8552386e-11
1.0392856e-16
3.8552388e-11
8.9077687e-17
3.8552389e-11
7.5631295e-17
3.855239e-11
6.3502484e-17
3.855239e-11
5.2606251e-17
3.855239e-11
4.285972e-17
3.855239e-11
3.4182358e-17
3.855239e-11
2.6496155e-17
3.855239e-11
1.9725777e-17
3.855239e-11
1.3798691e-17
3.8552389e-11
8.6452658e-18
3.8552388e-11
4.1988444e-18
3.8552388e-11
3.9579572e-19
3.8552387e-11
-2.8244615e-18
3.8552386e-11
-5.5194552e-18
3.8552385e-11
-7.7436791e-18
3.8552384e-11
-9.5486318e-18
3.8552384e-11
-1.0982877e-17
3.8552383e-11
-1.209212e-17
3.8552382e-11
-1.2919305e-17
3.8552381e-11
-1.3504725e-17
3.855238e-11
-1.3886148e-17
3.855238e-11
-1.4098961e-17
3.8552379e-11
-1.4176318e-17
3.8552378e-11
-1.414931e-17
3.8552378e-11
-1.4047132e-17
3.8552377e-11
-1.3897269e-17
3.8552376e-11
-1.3725683e-17
3.8552376e-11
-1.3557002e-17
3.8552375e-11
-1.3414714e-17
3.8552375e-11
-1.3321359e-17
3.8552374e-11
-1.3298709e-17
3.8552374e-11
-1.3367948e-17
3.8552373e-11
-1.3549831e-17
3.8552373e-11
-1.3864821e-17
3.8552372e-11
-1.4333195e-17
3.8552372e-11
-1.4975119e-17
3.8552371e-11
-1.5810657e-17
3.8552371e-11
-1.6859727e-17
3.8552371e-11
-1.8141959e-17
3.855237e-11
-1.9676456e-17
3.855237e-11
-2.1481414e-17
3.8552369e-11
-2.3573569e-17
3.8552368e-11
-2.5967435e-17
3.8552368e-11
-2.8674272e-17
3.8552367e-11
-3.1700719e-17
3.8552366e-11
-3.5047003e-17
3.8552366e-11
-3.8704617e-17
3.8552365e-11
-4.2653327e-17
3.8552364e-11
-4.6857321e-17
3.8552363e-11
-5.1260275e-17
3.8552361e-11
-5.5779093e-17
3.855236e-11
-6.0295802e-17
3.8552359e-11
-6.4646689e-17
3.8552357e-11
-6.8610299e-17
3.8552355e-11
-7.1898834e-17
3.8552354e-11
-7.4138655e-17
-7.4461294e-17
3.2628114e-11
-8.5409798e-13
3.2879394e-11
-2.5205939e-12
3.3269103e-11
-4.0824874e-12
3.376523e-11
-5.4852084e-12
3.4332551e-11
-6.691181e-12
3.4936392e-11
-7.6793344e-12
3.5545574e-11
-8.4439626e-12
3.6134275e-11
-8.9921082e-12
3.6682865e-11
-9.3401689e-12
3.7177887e-11
-9.5104999e-12
3.7611465e-11
-9.5284415e-12
3.7980382e-11
-9.419976e-12
3.8285055e-11
-9.2100541e-12
3.8528528e-11
-8.9215298e-12
3.8715589e-11
-8.5745875e-12
3.8852042e-11
-8.186535e-12
3.8944139e-11
-7.7718466e-12
3.8998165e-11
-7.3423602e-12
3.9020156e-11
-6.9075572e-12
3.9015714e-11
-6.4748749e-12
3.8989908e-11
-6.0500173e-12
3.8947227e-11
-5.6372471e-12
3.8891578e-11
-5.2396466e-12
3.8826311e-11
-4.8593445e-12
3.8754255e-11
-4.4977099e-12
3.8677772e-11
-4.1555128e-12
3.8598804e-11
-3.8330582e-12
3.8518928e-11
-3.5302939e-12
3.8439407e-11
-3.2468988e-12
3.836123e-11
-2.9823528e-12
3.8285159e-11
-2.7359932e-12
3.8211766e-11
-2.5070587e-12
3.8141462e-11
-2.2947243e-12
3.8074527e-11
-2.0981279e-12
3.8011137e-11
-1.916392e-12
3.7951379e-11
-1.7486387e-12
3.7895272e-11
-1.5940025e-12
3.7842784e-11
-1.4516388e-12
3.7793837e-11
-1.3207306e-12
3.7748324e-11
-1.2004929e-12
3.7706116e-11
-1.0901759e-12
3.7667065e-11
-9.8906654e-13
3.7631015e-11
-8.9648976e-13
3.7597802e-11
-8.1180846e-13
3.7567261e-11
-7.3442326e-13
3.7539226e-11
-6.6377176e-13
3.7513534e-11
-5.9932747e-13
3.7490025e-11
-5.405986e-13
3.7468546e-11
-4.8712657e-13
3.744895e-11
-4.3848457e-13
3.7431096e-11
-3.9427599e-13
3.741485e-11
-3.5413277e-13
3.7400087e-11
-3.1771388e-13
3.7386688e-11
-2.847037e-13
3.7374542e-11
-2.5481052e-13
3.7363545e-11
-2.27765e-13
3.7353601e-11
-2.0331874e-13
3.7344619e-11
-1.8124294e-13
3.7336517e-11
-1.6132701e-13
3.7329216e-11
-1.4337735e-13
3.7322647e-11
-1.2721615e-13
3.7316743e-11
-1.1268024e-13
3.7311443e-11
-9.9620039e-14
3.7306693e-11
-8.7898546e-14
3.730244e-11
-7.7390396e-14
3.7298639e-11
-6.7980972e-14
3.7295246e-11
-5.9565578e-14
3.7292222e-11
-5.2048667e-14
3.7289532e-11
-4.5343115e-14
3.7287142e-11
-3.936955e-14
3.7285024e-11
-3.4055726e-14
3.728315e-11
-2.9335943e-14
3.7281495e-11
-2.5150503e-14
3.7280037e-11
-2.1445213e-14
3.7278755e-11
-1.8170924e-14
3.7277633e-11
-1.5283096e-14
3.7276651e-11
-1.2741407e-14
3.7275797e-11
-1.0509387e-14
3.7275055e-11
-8.5540796e-15
3.7274414e-11
-6.8457339e-15
3.7273863e-11
-5.3575164e-15
3.7273391e-11
-4.0652501e-15
3.727299e-11
-2.9471725e-15
3.7272651e-11
-1.9837147e-15
3.7272368e-11
-1.1572982e-15
3.7272133e-11
-4.5214917e-16
3.7271941e-11
1.4587192e-16
3.7271786e-11
6.4942567e-16
3.7271664e-11
1.0698358e-15
3.7271571e-11
1.4172191e-15
3.7271502e-11
1.7006031e-15
3.7271455e-11
1.9280344e-15
3.7271427e-11
2.106676e-15
3.7271414e-11
2.2428967e-15
3.7271415e-11
2.342352e-15
3.7271428e-11
2.4100572e-15
3.727145e-11
2.4504537e-15
3.727148e-11
2.4674696e-15
3.7271516e-11
2.4645736e-15
3.7271558e-11
2.4448245e-15
3.7271604e-11
2.4109149e-15
3.7271653e-11
2.3652116e-15
3.7271704e-11
2.309791e-15
3.7271757e-11
2.2464717e-15
3.7271811e-11
2.1768431e-15
3.7271865e-11
2.1022916e-15
3.727192e-11
2.0240234e-15
3.7271973e-11
1.9430855e-15
3.7272026e-11
1.8603839e-15
3.7272078e-11
1.7767004e-15
3.7272129e-11
1.6927069e-15
3.7272178e-11
1.6089786e-15
3.7272225e-11
1.5260056e-15
3.7272271e-11
1.4442029e-15
3.7272315e-11
1.3639197e-15
3.7272356e-11
1.285447e-15
3.7272396e-11
1.2090253e-15
3.7272434e-11
1.1348503e-15
3.7272469e-11
1.0630784e-15
3.7272503e-11
9.9383186e-16
3.7272535e-11
9.272029e-16
3.7272564e-11
8.6325731e-16
3.7272592e-11
8.0203789e-16
3.7272618e-11
7.435673e-16
3.7272642e-11
6.8785065e-16
3.7272664e-11
6.3487768e-16
3.7272685e-11
5.8462485e-16
3.7272704e-11
5.3705698e-16
3.7272721e-11
4.9212892e-16
3.7272737e-11
4.4978687e-16
3.7272751e-11
4.0996963e-16
3.7272764e-11
3.7260972e-16
3.7272776e-11
3.3763435e-16
3.7272787e-11
3.0496632e-16
3.7272797e-11
2.7452486e-16
3.7272805e-11
2.4622629e-16
3.7272813e-11
2.1998475e-16
3.7272819e-11
1.9571276e-16
3.7272825e-11
1.733218e-16
3.727283e-11
1.5272278e-16
3.7272835e-11
1.3382654e-16
3.7272838e-11
1.1654424e-16
3.7272841e-11
1.0078775e-16
3.7272844e-11
8.646999e-17
3.7272846e-11
7.3505248e-17
3.7272848e-11
6.1809467e-17
3.7272849e-11
5.1300489e-17
3.727285e-11
4.1898279e-17
3.7272851e-11
3.3525121e-17
3.7272851e-11
2.610578e-17
3.7272851e-11
1.9567649e-17
3.7272851e-11
1.3840858e-17
3.7272851e-11
8.8583662e-18
3.7272851e-11
4.5560271e-18
3.727285e-11
8.7263033e-19
3.727285e-11
-2.2500778e-18
3.7272849e-11
-4.8673963e-18
3.7272848e-11
-7.0316918e-18
3.7272848e-11
-8.7924403e-18
3.7272847e-11
-1.0196288e-17
3.7272846e-11
-1.1287129e-17
3.7272845e-11
-1.2106202e-17
3.7272844e-11
-1.2692196e-17
3.7272844e-11
-1.3081381e-17
3.7272843e-11
-1.3307741e-17
3.7272842e-11
-1.3403128e-17
3.7272841e-11
-1.3397418e-17
3.7272841e-11
-1.3318682e-17
3.727284e-11
-1.3193365e-17
3.7272839e-11
-1.3046465e-17
3.7272838e-11
-1.2901724e-17
3.7272838e-11
-1.2781808e-17
3.7272837e-11
-1.2708498e-17
3.7272837e-11
-1.2702866e-17
3.7272836e-11
-1.2785445e-17
3.7272835e-11
-1.2976383e-17
3.7272835e-11
-1.3295571e-17
3.7272834e-11
-1.3762747e-17
3.7272834e-11
-1.4397555e-17
3.7272833e-11
-1.5219553e-17
3.7272833e-11
-1.624815e-17
3.7272832e-11
-1.7502462e-17
3.7272831e-11
-1.9001059e-17
3.7272831e-11
-2.0761569e-17
3.727283e-11
-2.2800121e-17
3.7272829e-11
-2.5130576e-17
3.7272828e-11
-2.7763492e-17
3.7272827e-11
-3.0704771e-17
3.7272826e-11
-3.3953898e-17
3.7272825e-11
-3.7501683e-17
3.7272823e-11
-4.1327371e-17
3.7272822e-11
-4.5394971e-17
3.727282e-11
-4.96486e-17
3.7272819e-11
-5.4006624e-17
3.7272817e-11
-5.8354221e-17
3.7272814e-11
-6.2533537e-17
3.7272812e-11
-6.6332885e-17
3.727281e-11
-6.9478499e-17
3.7272807e-11
-7.1621274e-17
-7.1961064e-17
3.2639418e-11
-9.5378525e-13
3.2919706e-11
-2.8008812e-12
3.3348816e-11
-4.5115972e-12
3.3886459e-11
-6.0228513e-12
3.4489728e-11
-7.2944498e-12
3.5117922e-11
-8.3075292e-12
3.573599e-11
-9.0620306e-12
3.6316418e-11
-9.5725363e-12
3.6839744e-11
-9.8634942e-12
3.7294051e-11
-9.9648074e-12
3.7673864e-11
-9.9082543e-12
3.7978771e-11
-9.7248831e-12
3.8212045e-11
-9.4433276e-12
3.8379398e-11
-9.0888828e-12
3.8487958e-11
-8.6831482e-12
3.8545478e-11
-8.2440545e-12
3.8559756e-11
-7.7861251e-12
3.8538255e-11
-7.3208586e-12
3.8487854e-11
-6.8571565e-12
3.8414726e-11
-6.4017466e-12
3.8324283e-11
-5.9595742e-12
3.8221183e-11
-5.5341473e-12
3.8109369e-11
-5.1278325e-12
3.7992126e-11
-4.742102e-12
3.7872153e-11
-4.3777364e-12
3.7751629e-11
-4.0349888e-12
3.7632287e-11
-3.7137169e-12
3.751548e-11
-3.4134865e-12
3.7402235e-11
-3.1336539e-12
3.7293312e-11
-2.8734295e-12
3.7189246e-11
-2.6319277e-12
3.7090392e-11
-2.4082045e-12
3.6996955e-11
-2.2012868e-12
3.6909021e-11
-2.0101941e-12
3.6826583e-11
-1.8339545e-12
3.6749562e-11
-1.6716173e-12
3.667782e-11
-1.5222608e-12
3.661118e-11
-1.3849988e-12
3.6549434e-11
-1.2589842e-12
3.6492352e-11
-1.1434115e-12
3.6439694e-11
-1.0375178e-12
3.6391211e-11
-9.4058342e-13
3.6346653e-11
-8.519314e-13
3.6305771e-11
-7.7092654e-13
3.6268322e-11
-6.9697432e-13
3.6234069e-11
-6.295194e-13
3.6202786e-11
-5.6804397e-13
3.6174253e-11
-5.1206607e-13
3.6148265e-11
-4.611377e-13
3.6124623e-11
-4.1484311e-13
3.6103144e-11
-3.7279688e-13
3.6083653e-11
-3.3464222e-13
3.6065989e-11
-3.0004918e-13
3.6049998e-11
-2.6871296e-13
3.603554e-11
-2.4035233e-13
3.6022483e-11
-2.1470801e-13
3.6010705e-11
-1.9154125e-13
3.6000095e-11
-1.7063236e-13
3.5990547e-11
-1.5177939e-13
3.5981967e-11
-1.3479689e-13
3.5974265e-11
-1.1951468e-13
3.5967362e-11
-1.0577676e-13
3.5961182e-11
-9.3440209e-14
3.5955658e-11
-8.2374254e-14
3.5950727e-11
-7.2459299e-14
3.5946332e-11
-6.3586085e-14
3.5942421e-11
-5.5654869e-14
3.5938947e-11
-4.857468e-14
3.5935866e-11
-4.2262618e-14
3.593314e-11
-3.6643197e-14
3.5930732e-11
-3.1647748e-14
3.592861e-11
-2.7213851e-14
3.5926744e-11
-2.3284823e-14
3.5925108e-11
-1.9809228e-14
3.5923678e-11
-1.6740441e-14
3.5922431e-11
-1.4036229e-14
3.5921348e-11
-1.1658378e-14
3.5920411e-11
-9.5723383e-15
3.5919604e-11
-7.7469039e-15
3.5918912e-11
-6.1539165e-15
3.5918322e-11
-4.7679916e-15
3.5917823e-11
-3.5662682e-15
3.5917404e-11
-2.5281779e-15
3.5917056e-11
-1.6352349e-15
3.591677e-11
-8.7084129e-16
3.5916537e-11
-2.2011098e-16
3.5916353e-11
3.3029295e-16
3.591621e-11
7.9230608e-16
3.5916103e-11
1.1765979e-15
3.5916028e-11
1.492695e-15
3.5915979e-11
1.7490937e-15
3.5915954e-11
1.953362e-15
3.5915949e-11
2.1122329e-15
3.591596e-11
2.2316886e-15
3.5915985e-11
2.3170377e-15
3.5916022e-11
2.3729843e-15
3.5916069e-11
2.4036912e-15
3.5916124e-11
2.412837e-15
3.5916184e-11
2.4036672e-15
3.591625e-11
2.3790412e-15
3.591632e-11
2.3414736e-15
3.5916392e-11
2.2931725e-15
3.5916465e-11
2.236073e-15
3.591654e-11
2.1718677e-15
3.5916615e-11
2.1020343e-15
3.5916689e-11
2.0278595e-15
3.5916763e-11
1.9504616e-15
3.5916835e-11
1.8708093e-15
3.5916906e-11
1.7897396e-15
3.5916974e-11
1.7079731e-15
3.5917041e-11
1.6261279e-15
3.5917105e-11
1.5447317e-15
3.5917167e-11
1.4642327e-15
3.5917226e-11
1.3850095e-15
3.5917283e-11
1.307379e-15
3.5917337e-11
1.2316044e-15
3.5917388e-11
1.1579018e-15
3.5917436e-11
1.0864457e-15
3.5917482e-11
1.0173744e-15
3.5917525e-11
9.5079449e-16
3.5917565e-11
8.8678486e-16
3.5917603e-11
8.2540002e-16
3.5917639e-11
7.6667334e-16
3.5917672e-11
7.1061969e-16
3.5917702e-11
6.5723779e-16
3.5917731e-11
6.0651237e-16
3.5917757e-11
5.5841595e-16
3.5917781e-11
5.1291052e-16
3.5917803e-11
4.6994897e-16
3.5917823e-11
4.2947635e-16
3.5917842e-11
3.9143107e-16
3.5917859e-11
3.5574584e-16
3.5917874e-11
3.2234867e-16
3.5917888e-11
2.9116365e-16
3.59179e-11
2.6211168e-16
3.5917911e-11
2.3511118e-16
3.5917921e-11
2.1007869e-16
3.591793e-11
1.8692939e-16
3.5917938e-11
1.6557767e-16
3.5917945e-11
1.4593753e-16
3.591795e-11
1.2792307e-16
3.5917956e-11
1.1144879e-16
3.591796e-11
9.6430028e-17
3.5917964e-11
8.2783209e-17
3.5917967e-11
7.0426174e-17
3.5917969e-11
5.9278422e-17
3.5917971e-11
4.9261342e-17
3.5917973e-11
4.0298418e-17
3.5917974e-11
3.2315403e-17
3.5917975e-11
2.5240472e-17
3.5917976e-11
1.900435e-17
3.5917976e-11
1.3540412e-17
3.5917976e-11
8.7847636e-18
3.5917976e-11
4.6762998e-18
3.5917975e-11
1.1567376e-18
3.5917975e-11
-1.829368e-18
3.5917975e-11
-4.3346307e-18
3.5917974e-11
-6.4088572e-18
3.5917973e-11
-8.0990917e-18
3.5917972e-11
-9.4496761e-18
3.5917972e-11
-1.0502329e-17
3.5917971e-11
-1.1296236e-17
3.591797e-11
-1.1868163e-17
3.5917969e-11
-1.2252571e-17
3.5917968e-11
-1.2481757e-17
3.5917968e-11
-1.2585991e-17
3.5917967e-11
-1.2593679e-17
3.5917966e-11
-1.2531522e-17
3.5917965e-11
-1.242469e-17
3.5917964e-11
-1.2296995e-17
3.5917964e-11
-1.2171071e-17
3.5917963e-11
-1.2068557e-17
3.5917962e-11
-1.2010271e-17
3.5917962e-11
-1.2016385e-17
3.5917961e-11
-1.2106583e-17
3.591796e-11
-1.2300211e-17
3.591796e-11
-1.2616395e-17
3.5917959e-11
-1.3074139e-17
3.5917958e-11
-1.3692373e-17
3.5917957e-11
-1.4489952e-17
3.5917957e-11
-1.5485586e-17
3.5917956e-11
-1.6697686e-17
3.5917955e-11
-1.8144102e-17
3.5917954e-11
-1.9841716e-17
3.5917953e-11
-2.1805889e-17
3.5917952e-11
-2.404968e-17
3.5917951e-11
-2.6582831e-17
3.591795e-11
-2.941043e-17
3.5917948e-11
-3.2531204e-17
3.5917947e-11
-3.5935338e-17
3.5917945e-11
-3.9601732e-17
3.5917943e-11
-4.3494539e-17
3.5917941e-11
-4.7558844e-17
3.5917939e-11
-5.1715312e-17
3.5917936e-11
-5.5853431e-17
3.5917933e-11
-5.9822693e-17
3.591793e-11
-6.3423291e-17
3.5917927e-11
-6.6400511e-17
3.5917924e-11
-6.8428081e-17
-6.878995e-17
3.2653031e-11
-1.0670842e-12
3.2967413e-11
-3.1152632e-12
3.3441392e-11
-4.9855762e-12
3.4024117e-11
-6.6055768e-12
3.4663406e-11
-7.9337384e-12
3.5311837e-11
-8.9559608e-12
3.5930632e-11
-9.680825e-12
3.6491328e-11
-1.0133232e-11
3.6975691e-11
-1.0347858e-11
3.7374478e-11
-1.0363594e-11
3.7685631e-11
-1.0219407e-11
3.7912356e-11
-9.951609e-12
3.8061358e-11
-9.5923297e-12
3.8141366e-11
-9.1688903e-12
3.8162004e-11
-8.703786e-12
3.8132982e-11
-8.215033e-12
3.8063559e-11
-7.716702e-12
3.7962216e-11
-7.2195151e-12
3.7836491e-11
-6.7314316e-12
3.7692926e-11
-6.258182e-12
3.7537084e-11
-5.8037318e-12
3.7373608e-11
-5.3706717e-12
3.7206313e-11
-4.9605369e-12
3.7038275e-11
-4.5740647e-12
3.6871937e-11
-4.2113982e-12
3.6709195e-11
-3.8722462e-12
3.6551485e-11
-3.5560073e-12
3.6399864e-11
-3.2618651e-12
3.625507e-11
-2.9888605e-12
3.6117588e-11
-2.7359469e-12
3.5987691e-11
-2.5020313e-12
3.5865491e-11
-2.2860042e-12
3.5750966e-11
-2.0867621e-12
3.5643996e-11
-1.9032236e-12
3.5544381e-11
-1.7343403e-12
3.5451869e-11
-1.5791044e-12
3.5366162e-11
-1.436554e-12
3.5286938e-11
-1.3057752e-12
3.5213858e-11
-1.1859041e-12
3.5146573e-11
-1.0761269e-12
3.5084734e-11
-9.7567887e-13
3.5027995e-11
-8.8384374e-13
3.4976015e-11
-7.999518e-13
3.4928467e-11
-7.2337817e-13
3.4885033e-11
-6.5354077e-13
3.4845412e-11
-5.8989821e-13
3.4809316e-11
-5.3194759e-13
3.4776472e-11
-4.7922242e-13
3.4746625e-11
-4.3129041e-13
3.4719533e-11
-3.8775147e-13
3.4694972e-11
-3.4823561e-13
3.4672731e-11
-3.1240108e-13
3.4652614e-11
-2.7993247e-13
3.463444e-11
-2.5053893e-13
3.461804e-11
-2.2395255e-13
3.4603259e-11
-1.999267e-13
3.4589952e-11
-1.7823455e-13
3.4577988e-11
-1.5866769e-13
3.4567243e-11
-1.4103473e-13
3.4557606e-11
-1.251601e-13
3.4548974e-11
-1.1088284e-13
3.4541253e-11
-9.8055547e-14
3.4534356e-11
-8.6543283e-14
3.4528205e-11
-7.6222666e-14
3.4522726e-11
-6.6980952e-14
3.4517855e-11
-5.8715206e-14
3.4513532e-11
-5.1331522e-14
3.4509702e-11
-4.4744307e-14
3.4506315e-11
-3.8875602e-14
3.4503326e-11
-3.3654465e-14
3.4500694e-11
-2.9016393e-14
3.4498383e-11
-2.4902787e-14
3.4496359e-11
-2.1260455e-14
3.4494591e-11
-1.8041161e-14
3.4493052e-11
-1.5201194e-14
3.4491717e-11
-1.2700987e-14
3.4490563e-11
-1.0504749e-14
3.4489571e-11
-8.5801416e-15
3.4488722e-11
-6.8979681e-15
3.4488e-11
-5.4318961e-15
3.448739e-11
-4.1581985e-15
3.4486879e-11
-3.0555177e-15
3.4486456e-11
-2.1046477e-15
3.4486109e-11
-1.2883355e-15
3.4485829e-11
-5.9109865e-16
3.4485608e-11
9.4139068e-19
3.4485438e-11
5.0021192e-16
3.4485313e-11
9.1782819e-16
3.4485225e-11
1.2637205e-15
3.4485171e-11
1.5467503e-15
3.4485146e-11
1.7748153e-15
3.4485144e-11
1.9549459e-15
3.4485163e-11
2.0933926e-15
3.4485199e-11
2.195705e-15
3.4485249e-11
2.2668037e-15
3.4485311e-11
2.3110459e-15
3.4485382e-11
2.3322841e-15
3.4485461e-11
2.3339197e-15
3.4485546e-11
2.3189509e-15
3.4485635e-11
2.2900165e-15
3.4485727e-11
2.2494347e-15
3.4485821e-11
2.1992389e-15
3.4485916e-11
2.1412089e-15
3.4486011e-11
2.0768996e-15
3.4486105e-11
2.0076662e-15
3.4486198e-11
1.9346876e-15
3.448629e-11
1.8589859e-15
3.4486379e-11
1.7814457e-15
3.4486466e-11
1.7028291e-15
3.448655e-11
1.6237913e-15
3.4486632e-11
1.5448925e-15
3.448671e-11
1.4666099e-15
3.4486785e-11
1.3893475e-15
3.4486856e-11
1.3134448e-15
3.4486924e-11
1.2391854e-15
3.4486989e-11
1.1668032e-15
3.4487051e-11
1.0964888e-15
3.4487109e-11
1.0283952e-15
3.4487163e-11
9.6264197e-16
3.4487215e-11
8.9931994e-16
3.4487263e-11
8.3849457e-16
3.4487308e-11
7.8020927e-16
3.448735e-11
7.2448821e-16
3.448739e-11
6.7133883e-16
3.4487426e-11
6.2075395e-16
3.448746e-11
5.7271379e-16
3.4487491e-11
5.2718756e-16
3.448752e-11
4.8413504e-16
3.4487546e-11
4.4350784e-16
3.4487571e-11
4.0525063e-16
3.4487593e-11
3.6930212e-16
3.4487613e-11
3.3559603e-16
3.4487631e-11
3.0406193e-16
3.4487648e-11
2.7462597e-16
3.4487663e-11
2.4721157e-16
3.4487676e-11
2.2174e-16
3.4487688e-11
1.98131e-16
3.4487699e-11
1.7630322e-16
3.4487708e-11
1.5617471e-16
3.4487716e-11
1.3766336e-16
3.4487724e-11
1.2068723e-16
3.448773e-11
1.0516495e-16
3.4487735e-11
9.1016013e-17
3.448774e-11
7.8161071e-17
3.4487744e-11
6.652219e-17
3.4487747e-11
5.6023089e-17
3.448775e-11
4.6589342e-17
3.4487752e-11
3.8148568e-17
3.4487754e-11
3.0630586e-17
3.4487755e-11
2.3967548e-17
3.4487756e-11
1.8094059e-17
3.4487756e-11
1.2947261e-17
3.4487757e-11
8.4669053e-18
3.4487757e-11
4.5954024e-18
3.4487757e-11
1.2778481e-18
3.4487756e-11
-1.5379661e-18
3.4487756e-11
-3.9015628e-18
3.4487755e-11
-5.8598059e-18
3.4487755e-11
-7.4569456e-18
3.4487754e-11
-8.7346786e-18
3.4487753e-11
-9.7322247e-18
3.4487752e-11
-1.0486418e-17
3.4487752e-11
-1.1031809e-17
3.4487751e-11
-1.1400787e-17
3.448775e-11
-1.1623701e-17
3.4487749e-11
-1.1729006e-17
3.4487748e-11
-1.1743408e-17
3.4487747e-11
-1.1692022e-17
3.4487746e-11
-1.1598533e-17
3.4487746e-11
-1.148537e-17
3.4487745e-11
-1.137387e-17
3.4487744e-11
-1.1284456e-17
3.4487743e-11
-1.1236803e-17
3.4487743e-11
-1.125e-17
3.4487742e-11
-1.1342709e-17
3.4487741e-11
-1.1533294e-17
3.448774e-11
-1.1839943e-17
3.4487739e-11
-1.2280746e-17
3.4487739e-11
-1.2873742e-17
3.4487738e-11
-1.3636909e-17
3.4487737e-11
-1.4588082e-17
3.4487736e-11
-1.5744796e-17
3.4487735e-11
-1.7124011e-17
3.4487734e-11
-1.8741713e-17
3.4487733e-11
-2.0612347e-17
3.4487731e-11
-2.2748054e-17
3.448773e-11
-2.5157666e-17
3.4487728e-11
-2.7845412e-17
3.4487727e-11
-3.0809267e-17
3.4487725e-11
-3.4038886e-17
3.4487723e-11
-3.7513012e-17
3.448772e-11
-4.1196283e-17
3.4487718e-11
-4.5035282e-17
3.4487715e-11
-4.8953717e-17
3.4487712e-11
-5.2846494e-17
3.4487709e-11
-5.6572108e-17
3.4487705e-11
-5.9944755e-17
3.4487702e-11
-6.2729376e-17
3.4487698e-11
-6.463017e-17
-6.5018047e-17
3.2669593e-11
-1.1969456e-12
3.3024254e-11
-3.4699242e-12
3.3549212e-11
-5.5105343e-12
3.4180126e-11
-7.2364914e-12
3.4853738e-11
-8.6073505e-12
3.5515411e-11
-9.617633e-12
3.6123215e-11
-1.028863e-11
3.6648992e-11
-1.0659009e-11
3.7077238e-11
-1.0776104e-11
3.740282e-11
-1.0689176e-11
3.7628287e-11
-1.0444874e-11
3.7761315e-11
-1.0084637e-11
3.7812562e-11
-9.6435771e-12
3.7794017e-11
-9.1503448e-12
3.7717828e-11
-8.627597e-12
3.7595545e-11
-8.0927504e-12
3.7437675e-11
-7.5588316e-12
3.7253464e-11
-7.0353037e-12
3.705084e-11
-6.5288084e-12
3.6836457e-11
-6.0437989e-12
3.6615787e-11
-5.5830613e-12
3.6393248e-11
-5.1481328e-12
3.6172342e-11
-4.739631e-12
3.5955786e-11
-4.357509e-12
3.5745638e-11
-4.0012497e-12
3.5543406e-11
-3.6700141e-12
3.5350149e-11
-3.3627508e-12
3.5166562e-11
-3.0782783e-12
3.4993047e-11
-2.8153446e-12
3.482977e-11
-2.5726706e-12
3.467672e-11
-2.3489812e-12
3.4533742e-11
-2.1430265e-12
3.4400578e-11
-1.9535973e-12
3.4276888e-11
-1.7795339e-12
3.416228e-11
-1.6197323e-12
3.4056323e-11
-1.4731476e-12
3.3958564e-11
-1.338795e-12
3.3868538e-11
-1.2157493e-12
3.3785779e-11
-1.1031444e-12
3.3709823e-11
-1.0001709e-12
3.3640218e-11
-9.0607434e-13
3.3576526e-11
-8.2015214e-13
3.3518326e-11
-7.4175138e-13
3.3465214e-11
-6.7026589e-13
3.3416807e-11
-6.0513359e-13
3.3372742e-11
-5.4583374e-13
3.3332679e-11
-4.9188445e-13
3.3296297e-11
-4.4284008e-13
3.3263295e-11
-3.9828893e-13
3.3233395e-11
-3.578509e-13
3.3206334e-11
-3.2117535e-13
3.3181872e-11
-2.8793908e-13
3.3159784e-11
-2.5784436e-13
3.3139862e-11
-2.3061718e-13
3.3121915e-11
-2.0600545e-13
3.3105766e-11
-1.8377753e-13
3.3091252e-11
-1.637206e-13
3.3078224e-11
-1.4563939e-13
3.3066544e-11
-1.2935475e-13
3.3056086e-11
-1.1470254e-13
3.3046736e-11
-1.015324e-13
3.3038387e-11
-8.9706751e-14
3.3030944e-11
-7.9099772e-14
3.3024317e-11
-6.9596494e-14
3.3018428e-11
-6.1091939e-14
3.3013204e-11
-5.3490328e-14
3.3008576e-11
-4.6704341e-14
3.3004487e-11
-4.0654435e-14
3.3000879e-11
-3.5268207e-14
3.2997704e-11
-3.0479807e-14
3.2994918e-11
-2.6229397e-14
3.2992477e-11
-2.2462641e-14
3.2990347e-11
-1.9130249e-14
3.2988494e-11
-1.6187539e-14
3.2986886e-11
-1.3594047e-14
3.2985499e-11
-1.1313161e-14
3.2984306e-11
-9.3117803e-15
3.2983285e-11
-7.5600116e-15
3.2982418e-11
-6.03088e-15
3.2981687e-11
-4.7000687e-15
3.2981074e-11
-3.5456783e-15
3.2980567e-11
-2.5480064e-15
3.2980151e-11
-1.6893449e-15
3.2979817e-11
-9.5379485e-16
3.2979553e-11
-3.2709693e-16
3.297935e-11
2.0352393e-16
3.2979201e-11
6.4950019e-16
3.2979098e-11
1.0210511e-15
3.2979034e-11
1.327301e-15
3.2979004e-11
1.5763864e-15
3.2979004e-11
1.7755545e-15
3.2979027e-11
1.931252e-15
3.2979072e-11
2.049206e-15
3.2979133e-11
2.1344976e-15
3.2979208e-11
2.1916286e-15
3.2979294e-11
2.2245816e-15
3.297939e-11
2.2368751e-15
3.2979492e-11
2.2316124e-15
3.2979599e-11
2.2115262e-15
3.297971e-11
2.1790191e-15
3.2979824e-11
2.1361996e-15
3.2979938e-11
2.0849146e-15
3.2980052e-11
2.0267787e-15
3.2980166e-11
1.9632004e-15
3.2980278e-11
1.8954057e-15
3.2980389e-11
1.8244589e-15
3.2980496e-11
1.7512816e-15
3.2980601e-11
1.6766693e-15
3.2980703e-11
1.6013062e-15
3.2980801e-11
1.525779e-15
3.2980895e-11
1.4505878e-15
3.2980985e-11
1.3761574e-15
3.2981072e-11
1.302846e-15
3.2981154e-11
1.2309536e-15
3.2981233e-11
1.1607291e-15
3.2981307e-11
1.0923769e-15
3.2981378e-11
1.026062e-15
3.2981444e-11
9.6191558e-16
3.2981507e-11
9.0003876e-16
3.2981566e-11
8.4050674e-16
3.2981621e-11
7.83372e-16
3.2981672e-11
7.2866726e-16
3.298172e-11
6.7640805e-16
3.2981765e-11
6.2659492e-16
3.2981807e-11
5.7921548e-16
3.2981845e-11
5.3424609e-16
3.2981881e-11
4.916534e-16
3.2981913e-11
4.513957e-16
3.2981943e-11
4.1342412e-16
3.2981971e-11
3.7768367e-16
3.2981996e-11
3.4411418e-16
3.2982019e-11
3.1265116e-16
3.298204e-11
2.8322652e-16
3.2982059e-11
2.5576924e-16
3.2982076e-11
2.3020603e-16
3.2982091e-11
2.064618e-16
3.2982105e-11
1.8446022e-16
3.2982117e-11
1.6412416e-16
3.2982128e-11
1.4537606e-16
3.2982137e-11
1.2813838e-16
3.2982146e-11
1.1233387e-16
3.2982153e-11
9.7885937e-17
3.2982159e-11
8.4718896e-17
3.2982165e-11
7.2758245e-17
3.2982169e-11
6.1930892e-17
3.2982173e-11
5.2165364e-17
3.2982176e-11
4.3391991e-17
3.2982179e-11
3.5543072e-17
3.2982181e-11
2.8553011e-17
3.2982183e-11
2.2358441e-17
3.2982184e-11
1.6898323e-17
3.2982185e-11
1.211402e-17
3.2982185e-11
7.9493651e-18
3.2982185e-11
4.3506927e-18
3.2982185e-11
1.2668675e-18
3.2982185e-11
-1.3507141e-18
3.2982185e-11
-3.5481358e-18
3.2982184e-11
-5.3689905e-18
3.2982184e-11
-6.8544251e-18
3.2982183e-11
-8.0432003e-18
3.2982182e-11
-8.971764e-18
3.2982181e-11
-9.674339e-18
3.2982181e-11
-1.0183023e-17
3.298218e-11
-1.0527898e-17
3.2982179e-11
-1.0737158e-17
3.2982178e-11
-1.0837234e-17
3.2982177e-11
-1.085294e-17
3.2982176e-11
-1.080762e-17
3.2982175e-11
-1.0723302e-17
3.2982174e-11
-1.0620859e-17
3.2982174e-11
-1.0520168e-17
3.2982173e-11
-1.0440275e-17
3.2982172e-11
-1.0399552e-17
3.2982171e-11
-1.0415853e-17
3.298217e-11
-1.0506658e-17
3.2982169e-11
-1.0689198e-17
3.2982169e-11
-1.0980562e-17
3.2982168e-11
-1.1397772e-17
3.2982167e-11
-1.1957819e-17
3.2982166e-11
-1.2677644e-17
3.2982165e-11
-1.3574055e-17
3.2982164e-11
-1.4663556e-17
3.2982163e-11
-1.5962077e-17
3.2982161e-11
-1.7484571e-17
3.298216e-11
-1.9244452e-17
3.2982158e-11
-2.1252847e-17
3.2982157e-11
-2.3517621e-17
3.2982155e-11
-2.604212e-17
3.2982153e-11
-2.8823612e-17
3.2982151e-11
-3.1851327e-17
3.2982148e-11
-3.5104071e-17
3.2982146e-11
-3.8547302e-17
3.2982143e-11
-4.2129608e-17
3.298214e-11
-4.5778496e-17
3.2982136e-11
-4.9395284e-17
3.2982132e-11
-5.2848703e-17
3.2982129e-11
-5.5968596e-17
3.2982124e-11
-5.8543193e-17
3.298212e-11
-6.030601e-17
-6.0725324e-17
3.2689996e-11
-1.3472107e-12
3.3092493e-11
-3.8724213e-12
3.3675103e-11
-6.0931439e-12
3.4356274e-11
-7.9176622e-12
3.5059766e-11
-9.3108427e-12
3.572366e-11
-1.0281527e-11
3.6304147e-11
-1.0869118e-11
3.6775305e-11
-1.1130166e-11
3.7126395e-11
-1.1127194e-11
3.7358143e-11
-1.0920924e-11
3.7478996e-11
-1.0565726e-11
3.7501907e-11
-1.0107549e-11
3.7441874e-11
-9.5835443e-12
3.7314206e-11
-9.0226765e-12
3.7133419e-11
-8.4468096e-12
3.6912613e-11
-7.8719451e-12
3.6663193e-11
-7.3094117e-12
3.6394806e-11
-6.7669168e-12
3.6115423e-11
-6.2494253e-12
3.583149e-11
-5.759866e-12
3.5548115e-11
-5.2996864e-12
3.526926e-11
-4.8692771e-12
3.4997921e-11
-4.4682923e-12
3.47363e-11
-4.0958879e-12
3.4485947e-11
-3.7508966e-12
3.4247887e-11
-3.4319547e-12
3.4022729e-11
-3.1375926e-12
3.381075e-11
-2.8662996e-12
3.3611973e-11
-2.6165676e-12
3.3426224e-11
-2.3869215e-12
3.3253182e-11
-2.1759391e-12
3.3092419e-11
-1.982263e-12
3.2943429e-11
-1.8046075e-12
3.2805657e-11
-1.641762e-12
3.2678517e-11
-1.4925917e-12
3.2561405e-11
-1.356036e-12
3.2453717e-11
-1.2311068e-12
3.2354852e-11
-1.116885e-12
3.2264225e-11
-1.0125174e-12
3.2181267e-11
-9.1721289e-13
3.2105432e-11
-8.3023873e-13
3.2036196e-11
-7.509169e-13
3.1973066e-11
-6.786205e-13
3.191557e-11
-6.1277028e-13
3.1863268e-11
-5.5283138e-13
3.1815744e-11
-4.9831019e-13
3.1772611e-11
-4.4875144e-13
3.1733507e-11
-4.0373542e-13
3.1698093e-11
-3.6287543e-13
3.1666058e-11
-3.2581537e-13
3.163711e-11
-2.9222745e-13
3.1610981e-11
-2.6181015e-13
3.1587423e-11
-2.3428625e-13
3.1566206e-11
-2.0940101e-13
3.1547121e-11
-1.8692045e-13
3.1529974e-11
-1.6662987e-13
3.1514585e-11
-1.4833226e-13
3.1500793e-11
-1.3184707e-13
3.1488447e-11
-1.1700885e-13
3.1477411e-11
-1.0366614e-13
3.1467559e-11
-9.1680352e-14
3.1458777e-11
-8.0924767e-14
3.1450961e-11
-7.1283602e-14
3.1444015e-11
-6.2651138e-14
3.1437854e-11
-5.4930912e-14
3.1432399e-11
-4.8034977e-14
3.1427578e-11
-4.1883203e-14
3.1423326e-11
-3.6402642e-14
3.1419585e-11
-3.1526936e-14
3.1416301e-11
-2.7195768e-14
3.1413426e-11
-2.3354354e-14
3.1410916e-11
-1.995298e-14
3.1408732e-11
-1.6946569e-14
3.1406839e-11
-1.4294283e-14
3.1405204e-11
-1.1959158e-14
3.1403799e-11
-9.9077632e-15
3.1402597e-11
-8.1098932e-15
3.1401575e-11
-6.5382814e-15
3.1400713e-11
-5.1683369e-15
3.139999e-11
-3.9779038e-15
3.1399392e-11
-2.9470393e-15
3.1398902e-11
-2.057811e-15
3.1398506e-11
-1.2941105e-15
3.1398194e-11
-6.4148367e-16
3.1397954e-11
-8.6974187e-17
3.1397776e-11
3.8101849e-16
3.1397653e-11
7.7286934e-16
3.1397576e-11
1.0978465e-15
3.1397539e-11
1.3642194e-15
3.1397536e-11
1.5793573e-15
3.1397562e-11
1.7498193e-15
3.1397612e-11
1.8814355e-15
3.1397682e-11
1.9793813e-15
3.1397768e-11
2.0482444e-15
3.1397868e-11
2.092086e-15
3.1397978e-11
2.1144958e-15
3.1398096e-11
2.1186417e-15
3.139822e-11
2.1073152e-15
3.1398349e-11
2.082972e-15
3.139848e-11
2.0477682e-15
3.1398613e-11
2.0035939e-15
3.1398745e-11
1.9521024e-15
3.1398877e-11
1.8947371e-15
3.1399008e-11
1.8327552e-15
3.1399136e-11
1.7672491e-15
3.1399261e-11
1.6991655e-15
3.1399383e-11
1.6293224e-15
3.1399501e-11
1.5584245e-15
3.1399616e-11
1.4870763e-15
3.1399726e-11
1.4157946e-15
3.1399831e-11
1.3450189e-15
3.1399932e-11
1.275121e-15
3.1400029e-11
1.2064131e-15
3.1400121e-11
1.1391553e-15
3.1400208e-11
1.0735624e-15
3.140029e-11
1.0098092e-15
3.1400368e-11
9.4803568e-16
3.1400442e-11
8.8835166e-16
3.1400511e-11
8.3084039e-16
3.1400576e-11
7.7556213e-16
3.1400637e-11
7.2255706e-16
3.1400694e-11
6.7184795e-16
3.1400747e-11
6.2344245e-16
3.1400796e-11
5.7733506e-16
3.1400842e-11
5.3350894e-16
3.1400884e-11
4.9193745e-16
3.1400923e-11
4.5258545e-16
3.1400959e-11
4.154106e-16
3.1400992e-11
3.8036432e-16
3.1401022e-11
3.473928e-16
3.140105e-11
3.1643777e-16
3.1401075e-11
2.8743729e-16
3.1401098e-11
2.6032639e-16
3.1401119e-11
2.3503765e-16
3.1401138e-11
2.1150178e-16
3.1401154e-11
1.8964805e-16
3.1401169e-11
1.6940477e-16
3.1401183e-11
1.5069967e-16
3.1401195e-11
1.3346028e-16
3.1401205e-11
1.1761424e-16
3.1401214e-11
1.0308961e-16
3.1401223e-11
8.9815174e-17
3.140123e-11
7.7720636e-17
3.1401236e-11
6.6736895e-17
3.1401241e-11
5.6796229e-17
3.1401245e-11
4.7832482e-17
3.1401249e-11
3.9781223e-17
3.1401252e-11
3.2579897e-17
3.1401254e-11
2.6167938e-17
3.1401256e-11
2.0486879e-17
3.1401257e-11
1.5480439e-17
3.1401258e-11
1.1094585e-17
3.1401259e-11
7.2775872e-18
3.1401259e-11
3.9800483e-18
3.1401259e-11
1.1549221e-18
3.1401259e-11
-1.2424864e-18
3.1401259e-11
-3.2545369e-18
3.1401259e-11
-4.921283e-18
3.1401258e-11
-6.2805167e-18
3.1401257e-11
-7.3678256e-18
3.1401257e-11
-8.2166643e-18
3.1401256e-11
-8.8584362e-18
3.1401255e-11
-9.3225888e-18
3.1401254e-11
-9.6367176e-18
3.1401253e-11
-9.8266821e-18
3.1401252e-11
-9.9167287e-18
3.1401251e-11
-9.9296233e-18
3.140125e-11
-9.88679e-18
3.1401249e-11
-9.8084559e-18
3.1401249e-11
-9.7137996e-18
3.1401248e-11
-9.621103e-18
3.1401247e-11
-9.5479021e-18
3.1401246e-11
-9.5111368e-18
3.1401245e-11
-9.5272936e-18
3.1401244e-11
-9.6125388e-18
3.1401243e-11
-9.7828365e-18
3.1401242e-11
-1.0054045e-17
3.1401241e-11
-1.0441982e-17
3.140124e-11
-1.0962455e-17
3.1401239e-11
-1.1631232e-17
3.1401238e-11
-1.246396e-17
3.1401237e-11
-1.3475986e-17
3.1401236e-11
-1.4682088e-17
3.1401234e-11
-1.6096076e-17
3.1401233e-11
-1.7730245e-17
3.1401231e-11
-1.9594643e-17
3.1401229e-11
-2.1696132e-17
3.1401227e-11
-2.4037191e-17
3.1401225e-11
-2.6614441e-17
3.1401223e-11
-2.9416828e-17
3.140122e-11
-3.2423443e-17
3.1401217e-11
-3.5600905e-17
3.1401214e-11
-3.8900289e-17
3.140121e-11
-4.2253537e-17
3.1401206e-11
-4.5569267e-17
3.1401202e-11
-4.872769e-17
3.1401198e-11
-5.1575836e-17
3.1401193e-11
-5.3925642e-17
3.1401189e-11
-5.5544665e-17
-5.6000101e-17
3.2715497e-11
-1.5229755e-12
3.3175088e-11
-4.332012e-12
3.3822326e-11
-6.7403826e-12
3.4553815e-11
-8.649151e-12
3.5278562e-11
-1.003559e-11
3.592812e-11
-1.0931085e-11
3.6459102e-11
-1.1400099e-11
3.6850648e-11
-1.1521712e-11
3.7099394e-11
-1.137594e-11
3.7213924e-11
-1.1035454e-11
3.7209859e-11
-1.0561661e-11
3.7106063e-11
-1.0003753e-11
3.6922002e-11
-9.3994828e-12
3.6676097e-11
-8.7767717e-12
3.638483e-11
-8.1555429e-12
3.6062364e-11
-7.5494791e-12
3.5720495e-11
-6.9675428e-12
3.5368797e-11
-6.4152186e-12
3.501486e-11
-5.8954877e-12
3.4664564e-11
-5.4095702e-12
3.4322356e-11
-4.9574781e-12
3.3991498e-11
-4.5384198e-12
3.3674297e-11
-4.1510908e-12
3.3372289e-11
-3.7938805e-12
3.3086409e-11
-3.4650163e-12
3.2817116e-11
-3.162662e-12
3.2564509e-11
-2.8849849e-12
3.2328408e-11
-2.6301985e-12
3.210843e-11
-2.3965899e-12
3.1904044e-11
-2.1825355e-12
3.1714614e-11
-1.9865088e-12
3.1539434e-11
-1.8070831e-12
3.1377758e-11
-1.6429312e-12
3.1228817e-11
-1.4928219e-12
3.1091841e-11
-1.3556157e-12
3.0966066e-11
-1.2302602e-12
3.0850743e-11
-1.1157843e-12
3.0745151e-11
-1.0112926e-12
3.0648594e-11
-9.1596042e-13
3.0560409e-11
-8.2902823e-13
3.0479967e-11
-7.4979689e-13
3.0406673e-11
-6.77623e-13
3.0339967e-11
-6.1191454e-13
3.0279324e-11
-5.5212693e-13
3.0224252e-11
-4.9775925e-13
3.0174293e-11
-4.4835089e-13
3.012902e-11
-4.0347834e-13
3.0088037e-11
-3.6275232e-13
3.0050976e-11
-3.2581506e-13
3.0017499e-11
-2.9233791e-13
2.998729e-11
-2.6201898e-13
2.9960061e-11
-2.3458112e-13
2.9935545e-11
-2.0976995e-13
2.9913496e-11
-1.873521e-13
2.9893689e-11
-1.6711356e-13
2.9875917e-11
-1.4885816e-13
2.9859991e-11
-1.324062e-13
2.9845737e-11
-1.1759311e-13
2.9832997e-11
-1.0426827e-13
2.9821625e-11
-9.2293941e-14
2.9811488e-11
-8.1544186e-14
2.9802468e-11
-7.1903965e-14
2.9794452e-11
-6.3268246e-14
2.9787342e-11
-5.55412e-14
2.9781047e-11
-4.863545e-14
2.9775483e-11
-4.2471388e-14
2.9770577e-11
-3.6976528e-14
2.9766259e-11
-3.2084924e-14
2.9762469e-11
-2.7736621e-14
2.975915e-11
-2.3877155e-14
2.9756253e-11
-2.0457089e-14
2.9753731e-11
-1.7431582e-14
2.9751545e-11
-1.4760001e-14
2.9749656e-11
-1.2405552e-14
2.9748032e-11
-1.033495e-14
2.9746642e-11
-8.5181089e-15
2.974546e-11
-6.9278581e-15
2.9744462e-11
-5.5396848e-15
2.9743625e-11
-4.3314935e-15
2.974293e-11
-3.2833875e-15
2.9742361e-11
-2.3774676e-15
2.97419e-11
-1.5976483e-15
2.9741536e-11
-9.2948873e-16
2.9741254e-11
-3.6003843e-16
2.9741045e-11
1.2230357e-16
2.9740898e-11
5.2791782e-16
2.9740805e-11
8.6608212e-16
2.9740758e-11
1.1450788e-15
2.974075e-11
1.3722925e-15
2.9740775e-11
1.5542994e-15
2.9740828e-11
1.6969477e-15
2.9740904e-11
1.8054319e-15
2.9740999e-11
1.8843591e-15
2.9741109e-11
1.9378097e-15
2.9741232e-11
1.9693924e-15
2.9741364e-11
1.9822938e-15
2.9741503e-11
1.9793232e-15
2.9741648e-11
1.9629534e-15
2.9741795e-11
1.9353569e-15
2.9741945e-11
1.8984391e-15
2.9742094e-11
1.853868e-15
2.9742243e-11
1.8031005e-15
2.9742391e-11
1.7474066e-15
2.9742535e-11
1.6878904e-15
2.9742677e-11
1.6255098e-15
2.9742815e-11
1.561093e-15
2.9742949e-11
1.4953543e-15
2.9743079e-11
1.4289074e-15
2.9743204e-11
1.3622774e-15
2.9743323e-11
1.2959118e-15
2.9743438e-11
1.2301898e-15
2.9743548e-11
1.1654309e-15
2.9743652e-11
1.1019021e-15
2.9743752e-11
1.0398247e-15
2.9743846e-11
9.7938006e-16
2.9743935e-11
9.2071448e-16
2.9744019e-11
8.6394395e-16
2.9744098e-11
8.091579e-16
2.9744173e-11
7.5642273e-16
2.9744243e-11
7.0578476e-16
2.9744308e-11
6.5727291e-16
2.9744369e-11
6.10901e-16
2.9744426e-11
5.6666978e-16
2.9744478e-11
5.2456865e-16
2.9744527e-11
4.8457727e-16
2.9744573e-11
4.4666687e-16
2.9744614e-11
4.1080148e-16
2.9744653e-11
3.7693893e-16
2.9744688e-11
3.450318e-16
2.974472e-11
3.1502825e-16
2.974475e-11
2.8687269e-16
2.9744777e-11
2.605065e-16
2.9744801e-11
2.3586854e-16
2.9744824e-11
2.128957e-16
2.9744844e-11
1.9152335e-16
2.9744862e-11
1.7168578e-16
2.9744878e-11
1.5331656e-16
2.9744892e-11
1.3634889e-16
2.9744905e-11
1.2071594e-16
2.9744916e-11
1.0635109e-16
2.9744926e-11
9.3188259e-17
2.9744935e-11
8.1162074e-17
2.9744942e-11
7.0208134e-17
2.9744949e-11
6.0263193e-17
2.9744954e-11
5.1265334e-17
2.9744959e-11
4.3154135e-17
2.9744963e-11
3.5870801e-17
2.9744966e-11
2.9358295e-17
2.9744968e-11
2.3561438e-17
2.9744971e-11
1.8427001e-17
2.9744972e-11
1.3903774e-17
2.9744973e-11
9.9426307e-18
2.9744974e-11
6.4965588e-18
2.9744974e-11
3.520695e-18
2.9744975e-11
9.723307e-19
2.9744975e-11
-1.1890872e-18
2.9744974e-11
-3.0019766e-18
2.9744974e-11
-4.5026468e-18
2.9744973e-11
-5.7253443e-18
2.9744973e-11
-6.7023052e-18
2.9744972e-11
-7.4638238e-18
2.9744971e-11
-8.0383279e-18
2.974497e-11
-8.4524691e-18
2.9744969e-11
-8.7312174e-18
2.9744968e-11
-8.8979707e-18
2.9744968e-11
-8.9746665e-18
2.9744967e-11
-8.9819067e-18
2.9744966e-11
-8.9390831e-18
2.9744965e-11
-8.8645142e-18
2.9744964e-11
-8.7755791e-18
2.9744963e-11
-8.6888609e-18
2.9744962e-11
-8.6202828e-18
2.9744961e-11
-8.5852492e-18
2.974496e-11
-8.598774e-18
2.9744959e-11
-8.6756062e-18
2.9744958e-11
-8.8303342e-18
2.9744957e-11
-9.077476e-18
2.9744956e-11
-9.4315337e-18
2.9744955e-11
-9.9070178e-18
2.9744954e-11
-1.0518414e-17
2.9744953e-11
-1.1280095e-17
2.9744952e-11
-1.2206146e-17
2.974495e-11
-1.3310099e-17
2.9744949e-11
-1.4604539e-17
2.9744947e-11
-1.6100579e-17
2.9744945e-11
-1.7807151e-17
2.9744943e-11
-1.9730111e-17
2.9744941e-11
-2.1871112e-17
2.9744939e-11
-2.4226221e-17
2.9744936e-11
-2.6784257e-17
2.9744933e-11
-2.9524828e-17
2.974493e-11
-3.2416039e-17
2.9744927e-11
-3.5411885e-17
2.9744923e-11
-3.8449329e-17
2.9744919e-11
-4.1445014e-17
2.9744914e-11
-4.4291497e-17
2.9744909e-11
-4.6854022e-17
2.9744904e-11
-4.8970261e-17
2.9744899e-11
-5.0441349e-17
-5.0937995e-17
3.2747892e-11
-1.7311364e-12
3.3275889e-11
-4.8600087e-12
3.3994436e-11
-7.4589302e-12
3.4772722e-11
-9.4274369e-12
3.5503855e-11
-1.0766722e-11
3.6115037e-11
-1.1542267e-11
3.6567079e-11
-1.1852141e-11
3.6848084e-11
-1.1802717e-11
3.6965213e-11
-1.149307e-11
3.6936993e-11
-1.1007234e-11
3.6787283e-11
-1.0411951e-11
3.6541119e-11
-9.7575885e-12
3.6222168e-11
-9.0805315e-12
3.5851396e-11
-8.4059996e-12
3.5446552e-11
-7.7506989e-12
3.502215e-11
-7.1250769e-12
3.4589721e-11
-6.5351147e-12
3.4158195e-11
-5.9836924e-12
3.3734305e-11
-5.471597e-12
3.3322982e-11
-4.9982474e-12
3.292771e-11
-4.5622063e-12
3.2550825e-11
-4.1615347e-12
3.2193767e-11
-3.7940329e-12
3.1857287e-11
-3.4574008e-12
3.1541613e-11
-3.149342e-12
3.124658e-11
-2.8676292e-12
3.0971737e-11
-2.6101422e-12
3.0716428e-11
-2.3748895e-12
3.0479855e-11
-2.1600162e-12
3.0261125e-11
-1.9638061e-12
3.0059294e-11
-1.7846778e-12
2.987339e-11
-1.6211787e-12
2.9702435e-11
-1.4719768e-12
2.9545466e-11
-1.3358523e-12
2.940154e-11
-1.2116895e-12
2.9269747e-11
-1.0984672e-12
2.9149214e-11
-9.9525203e-13
2.9039111e-11
-9.0118978e-13
2.893865e-11
-8.1549916e-13
2.8847087e-11
-7.3746511e-13
2.8763723e-11
-6.6643307e-13
2.8687904e-11
-6.0180366e-13
2.8619017e-11
-5.4302785e-13
2.8556493e-11
-4.8960262e-13
2.8499801e-11
-4.4106701e-13
2.8448448e-11
-3.9699848e-13
2.840198e-11
-3.5700974e-13
2.8359973e-11
-3.2074571e-13
2.8322039e-11
-2.8788091e-13
2.8287818e-11
-2.5811693e-13
2.8256979e-11
-2.311803e-13
2.8229219e-11
-2.0682035e-13
2.8204256e-11
-1.8480744e-13
2.8181835e-11
-1.6493118e-13
2.816172e-11
-1.4699894e-13
2.8143697e-11
-1.3083435e-13
2.8127566e-11
-1.1627604e-13
2.811315e-11
-1.0317641e-13
2.8100282e-11
-9.140051e-14
2.8088813e-11
-8.0825015e-14
2.8078606e-11
-7.1337303e-14
2.8069537e-11
-6.2834567e-14
2.8061492e-11
-5.5223021e-14
2.8054368e-11
-4.8417157e-14
2.8048071e-11
-4.233907e-14
2.8042518e-11
-3.6917824e-14
2.803763e-11
-3.2088876e-14
2.8033339e-11
-2.7793539e-14
2.802958e-11
-2.3978492e-14
2.8026299e-11
-2.0595327e-14
2.8023442e-11
-1.7600126e-14
2.8020963e-11
-1.4953081e-14
2.8018821e-11
-1.2618137e-14
2.8016978e-11
-1.0562664e-14
2.8015401e-11
-8.7571611e-15
2.8014058e-11
-7.174976e-15
2.8012922e-11
-5.7920542e-15
2.8011969e-11
-4.5867055e-15
2.8011177e-11
-3.5393898e-15
2.8010526e-11
-2.6325216e-15
2.8009999e-11
-1.8502904e-15
2.8009579e-11
-1.1784959e-15
2.8009254e-11
-6.0439784e-16
2.8009011e-11
-1.1657792e-16
2.8008838e-11
2.9518566e-16
2.8008726e-11
6.4003326e-16
2.8008666e-11
9.261285e-16
2.800865e-11
1.1607539e-15
2.8008672e-11
1.3503976e-15
2.8008726e-11
1.5008331e-15
2.8008805e-11
1.6171905e-15
2.8008907e-11
1.7040225e-15
2.8009026e-11
1.7653633e-15
2.8009159e-11
1.8047827e-15
2.8009303e-11
1.8254346e-15
2.8009455e-11
1.8301008e-15
2.8009613e-11
1.8212313e-15
2.8009775e-11
1.8009798e-15
2.8009939e-11
1.7712363e-15
2.8010104e-11
1.733656e-15
2.8010268e-11
1.6896858e-15
2.8010431e-11
1.6405875e-15
2.801059e-11
1.587459e-15
2.8010747e-11
1.5312534e-15
2.80109e-11
1.4727956e-15
2.8011048e-11
1.4127974e-15
2.8011192e-11
1.3518711e-15
2.801133e-11
1.2905412e-15
2.8011463e-11
1.2292555e-15
2.801159e-11
1.1683941e-15
2.8011712e-11
1.1082776e-15
2.8011829e-11
1.0491752e-15
2.8011939e-11
9.9131039e-16
2.8012044e-11
9.3486741e-16
2.8012144e-11
8.7999581e-16
2.8012237e-11
8.2681512e-16
2.8012326e-11
7.754187e-16
2.8012409e-11
7.2587718e-16
2.8012487e-11
6.7824143e-16
2.8012561e-11
6.3254522e-16
2.8012629e-11
5.8880744e-16
2.8012693e-11
5.4703418e-16
2.8012752e-11
5.072204e-16
2.8012808e-11
4.6935153e-16
2.8012859e-11
4.3340474e-16
2.8012906e-11
3.9935013e-16
2.801295e-11
3.6715178e-16
2.801299e-11
3.3676859e-16
2.8013027e-11
3.0815513e-16
2.8013061e-11
2.812623e-16
2.8013091e-11
2.5603796e-16
2.801312e-11
2.3242749e-16
2.8013145e-11
2.1037425e-16
2.8013168e-11
1.8982007e-16
2.8013189e-11
1.7070559e-16
2.8013208e-11
1.5297066e-16
2.8013224e-11
1.3655466e-16
2.8013239e-11
1.2139677e-16
2.8013253e-11
1.0743626e-16
2.8013264e-11
9.4612735e-17
2.8013275e-11
8.2866345e-17
2.8013284e-11
7.2138003e-17
2.8013292e-11
6.2369567e-17
2.8013298e-11
5.3504001e-17
2.8013304e-11
4.5485535e-17
2.8013309e-11
3.8259791e-17
2.8013313e-11
3.1773912e-17
2.8013317e-11
2.5976652e-17
2.8013319e-11
2.0818485e-17
2.8013321e-11
1.6251657e-17
2.8013323e-11
1.2230268e-17
2.8013324e-11
8.7102995e-18
2.8013325e-11
5.6496647e-18
2.8013326e-11
3.008212e-18
2.8013326e-11
7.4774797e-19
2.8013326e-11
-1.1679846e-18
2.8013326e-11
-2.7733081e-18
2.8013325e-11
-4.1006559e-18
2.8013325e-11
-5.1805966e-18
2.8013324e-11
-6.0419014e-18
2.8013323e-11
-6.7115902e-18
2.8013322e-11
-7.2150182e-18
2.8013322e-11
-7.5759409e-18
2.8013321e-11
-7.8166193e-18
2.801332e-11
-7.9579007e-18
2.8013319e-11
-8.0193393e-18
2.8013318e-11
-8.019292e-18
2.8013317e-11
-7.9750505e-18
2.8013316e-11
-7.9029472e-18
2.8013315e-11
-7.8184968e-18
2.8013314e-11
-7.7365069e-18
2.8013313e-11
-7.6712218e-18
2.8013312e-11
-7.6364316e-18
2.8013311e-11
-7.6456074e-18
2.801331e-11
-7.7119971e-18
2.8013309e-11
-7.8487379e-18
2.8013308e-11
-8.068918e-18
2.8013307e-11
-8.3856425e-18
2.8013306e-11
-8.8120326e-18
2.8013305e-11
-9.3612079e-18
2.8013304e-11
-1.0046179e-17
2.8013302e-11
-1.0879694e-17
2.8013301e-11
-1.1873962e-17
2.8013299e-11
-1.3040296e-17
2.8013298e-11
-1.4388584e-17
2.8013296e-11
-1.5926641e-17
2.8013294e-11
-1.765934e-17
2.8013291e-11
-1.9587578e-17
2.8013289e-11
-2.1706983e-17
2.8013286e-11
-2.4006423e-17
2.8013283e-11
-2.6466257e-17
2.801328e-11
-2.9056383e-17
2.8013276e-11
-3.1734092e-17
2.8013272e-11
-3.4441821e-17
2.8013268e-11
-3.7104794e-17
2.8013263e-11
-3.9628595e-17
2.8013258e-11
-4.1897497e-17
2.8013253e-11
-4.3775117e-17
2.8013247e-11
-4.5097768e-17
-4.5640124e-17
3.2789808e-11
-1.9812127e-12
3.3399878e-11
-5.4700787e-12
3.4194869e-11
-8.2539214e-12
3.5010317e-11
-1.0242885e-11
3.5723823e-11
-1.1480229e-11
3.6262735e-11
-1.2081179e-11
3.6597802e-11
-1.2187208e-11
3.6731146e-11
-1.1936061e-11
3.6683945e-11
-1.1445869e-11
3.6486522e-11
-1.080981e-11
3.6171514e-11
-1.0096943e-11
3.5769791e-11
-9.3558656e-12
3.5308399e-11
-8.6191401e-12
3.4809835e-11
-7.9074355e-12
3.4292094e-11
-7.2329576e-12
3.3769114e-11
-6.6020974e-12
3.3251379e-11
-6.0173797e-12
3.2746535e-11
-5.4788478e-12
3.225996e-11
-4.9850226e-12
3.1795263e-11
-4.5335498e-12
3.1354684e-11
-4.1216282e-12
3.0939435e-11
-3.7462856e-12
3.0549954e-11
-3.4045512e-12
3.0186112e-11
-3.0935593e-12
2.9847377e-11
-2.8106064e-12
2.9532927e-11
-2.5531799e-12
2.9241753e-11
-2.3189676e-12
2.8972718e-11
-2.1058552e-12
2.8724621e-11
-1.9119184e-12
2.8496225e-11
-1.7354104e-12
2.8286295e-11
-1.5747477e-12
2.8093613e-11
-1.4284968e-12
2.7916995e-11
-1.2953592e-12
2.7755302e-11
-1.1741593e-12
2.7607445e-11
-1.0638317e-12
2.7472388e-11
-9.6341033e-13
2.7349154e-11
-8.7201838e-13
2.7236824e-11
-7.8885944e-13
2.7134534e-11
-7.1320941e-13
2.7041478e-11
-6.4440934e-13
2.6956904e-11
-5.8185903e-13
2.6880112e-11
-5.250114e-13
2.6810451e-11
-4.7336736e-13
2.674732e-11
-4.2647137e-13
2.6690161e-11
-3.8390735e-13
2.6638457e-11
-3.4529508e-13
2.6591734e-11
-3.10287e-13
2.6549554e-11
-2.7856528e-13
2.6511512e-11
-2.4983921e-13
2.6477238e-11
-2.2384286e-13
2.6446391e-11
-2.0033294e-13
2.6418657e-11
-1.7908686e-13
2.6393751e-11
-1.59901e-13
2.6371409e-11
-1.4258911e-13
2.6351391e-11
-1.2698087e-13
2.6333477e-11
-1.1292053e-13
2.6317467e-11
-1.0026576e-13
2.6303177e-11
-8.8886502e-14
2.629044e-11
-7.8663959e-14
2.6279105e-11
-6.9489682e-14
2.6269032e-11
-6.1264708e-14
2.6260097e-11
-5.3898777e-14
2.6252183e-11
-4.7309609e-14
2.6245188e-11
-4.1422245e-14
2.6239018e-11
-3.6168436e-14
2.6233586e-11
-3.1486082e-14
2.6228816e-11
-2.7318714e-14
2.6224637e-11
-2.3615021e-14
2.6220987e-11
-2.0328411e-14
2.6217808e-11
-1.741661e-14
2.6215049e-11
-1.4841287e-14
2.6212664e-11
-1.256772e-14
2.621061e-11
-1.0564475e-14
2.6208851e-11
-8.803126e-15
2.6207352e-11
-7.2579817e-15
2.6206083e-11
-5.9058482e-15
2.6205016e-11
-4.7258037e-15
2.6204129e-11
-3.6989932e-15
2.6203398e-11
-2.8084413e-15
2.6202804e-11
-2.0388798e-15
2.620233e-11
-1.3765899e-15
2.6201961e-11
-8.0925784e-16
2.6201683e-11
-3.2584286e-16
2.6201482e-11
8.3543381e-17
2.620135e-11
4.2774707e-16
2.6201275e-11
7.1467283e-16
2.620125e-11
9.5137542e-16
2.6201267e-11
1.1441433e-15
2.6201318e-11
1.2985746e-15
2.62014e-11
1.4196465e-15
2.6201505e-11
1.5117779e-15
2.620163e-11
1.5788864e-15
2.6201771e-11
1.6244405e-15
2.6201924e-11
1.6515059e-15
2.6202087e-11
1.6627883e-15
2.6202256e-11
1.6606717e-15
2.620243e-11
1.6472528e-15
2.6202607e-11
1.6243728e-15
2.6202785e-11
1.5936448e-15
2.6202962e-11
1.5564797e-15
2.6203137e-11
1.5141087e-15
2.620331e-11
1.4676037e-15
2.620348e-11
1.4178956e-15
2.6203645e-11
1.365791e-15
2.6203806e-11
1.3119863e-15
2.6203962e-11
1.257081e-15
2.6204112e-11
1.2015894e-15
2.6204257e-11
1.1459508e-15
2.6204396e-11
1.0905388e-15
2.6204528e-11
1.0356692e-15
2.6204655e-11
9.8160748e-16
2.6204776e-11
9.285751e-16
2.620489e-11
8.7675493e-16
2.6204999e-11
8.2629633e-16
2.6205101e-11
7.773195e-16
2.6205198e-11
7.2991924e-16
2.6205289e-11
6.8416831e-16
2.6205375e-11
6.4012035e-16
2.6205456e-11
5.9781245e-16
2.6205531e-11
5.5726735e-16
2.6205601e-11
5.1849543e-16
2.6205667e-11
4.8149636e-16
2.6205728e-11
4.4626064e-16
2.6205784e-11
4.1277082e-16
2.6205837e-11
3.8100268e-16
2.6205885e-11
3.509262e-16
2.620593e-11
3.2250643e-16
2.6205971e-11
2.9570421e-16
2.6206009e-11
2.7047687e-16
2.6206043e-11
2.4677881e-16
2.6206074e-11
2.24562e-16
2.6206103e-11
2.0377645e-16
2.6206129e-11
1.8437062e-16
2.6206153e-11
1.6629179e-16
2.6206174e-11
1.494864e-16
2.6206193e-11
1.3390032e-16
2.620621e-11
1.1947915e-16
2.6206225e-11
1.0616845e-16
2.6206239e-11
9.3913961e-17
2.6206251e-11
8.2661836e-17
2.6206261e-11
7.2358796e-17
2.620627e-11
6.2952316e-17
2.6206278e-11
5.4390776e-17
2.6206285e-11
4.6623602e-17
2.6206291e-11
3.960139e-17
2.6206296e-11
3.327602e-17
2.62063e-11
2.7600757e-17
2.6206304e-11
2.2530332e-17
2.6206307e-11
1.8021019e-17
2.6206309e-11
1.4030699e-17
2.620631e-11
1.0518904e-17
2.6206312e-11
7.446857e-18
2.6206313e-11
4.7774973e-18
2.6206313e-11
2.4754957e-18
2.6206313e-11
5.0725638e-19
2.6206313e-11
-1.1590897e-18
2.6206313e-11
-2.5537033e-18
2.6206313e-11
-3.7050648e-18
2.6206312e-11
-4.640012e-18
2.6206312e-11
-5.3837872e-18
2.6206311e-11
-5.9600933e-18
2.620631e-11
-6.3911582e-18
2.6206309e-11
-6.6978078e-18
2.6206308e-11
-6.8995454e-18
2.6206307e-11
-7.0146396e-18
2.6206306e-11
-7.0602178e-18
2.6206305e-11
-7.0523658e-18
2.6206304e-11
-7.0062325e-18
2.6206303e-11
-6.9361391e-18
2.6206302e-11
-6.8556912e-18
2.6206301e-11
-6.7778932e-18
2.6206301e-11
-6.7152617e-18
2.62063e-11
-6.6799387e-18
2.6206299e-11
-6.6837983e-18
2.6206298e-11
-6.7385464e-18
2.6206297e-11
-6.8558067e-18
2.6206296e-11
-7.0471897e-18
2.6206295e-11
-7.3243346e-18
2.6206293e-11
-7.6989207e-18
2.6206292e-11
-8.1826307e-18
2.6206291e-11
-8.787062e-18
2.620629e-11
-9.5235634e-18
2.6206288e-11
-1.0402988e-17
2.6206287e-11
-1.1435334e-17
2.6206285e-11
-1.2629271e-17
2.6206283e-11
-1.3991504e-17
2.6206281e-11
-1.5525988e-17
2.6206278e-11
-1.7232949e-17
2.6206276e-11
-1.9107725e-17
2.6206273e-11
-2.1139415e-17
2.620627e-11
-2.3309367e-17
2.6206266e-11
-2.5589542e-17
2.6206262e-11
-2.7940844e-17
2.6206258e-11
-3.0311511e-17
2.6206254e-11
-3.2635692e-17
2.6206249e-11
-3.4832351e-17
2.6206244e-11
-3.6805064e-17
2.6206239e-11
-3.8443669e-17
2.6206233e-11
-3.9620045e-17
-4.0211706e-17
3.2845108e-11
-2.2865887e-12
3.3553308e-11
-6.1782789e-12
3.4425907e-11
-9.1265198e-12
3.5258792e-11
-1.107577e-11
3.5917597e-11
-1.2139034e-11
3.633782e-11
-1.2501402e-11
3.6508306e-11
-1.2357694e-11
3.6451216e-11
-1.1878971e-11
3.6205101e-11
-1.1199754e-11
3.5813186e-11
-1.0417895e-11
3.531649e-11
-9.6002478e-12
3.475051e-11
-8.7898851e-12
3.4144157e-11
-8.0127869e-12
3.3519953e-11
-7.283232e-12
3.2894809e-11
-6.607814e-12
3.2280992e-11
-5.9882798e-12
3.1687072e-11
-5.4234598e-12
3.1118765e-11
-4.9105408e-12
3.0579625e-11
-4.4458821e-12
3.00716e-11
-4.0255248e-12
2.9595468e-11
-3.6454962e-12
2.9151167e-11
-3.3019851e-12
2.8738048e-11
-2.9914327e-12
2.8355062e-11
-2.7105728e-12
2.8000897e-11
-2.4564409e-12
2.7674082e-11
-2.2263653e-12
2.7373063e-11
-2.017949e-12
2.7096255e-11
-1.8290469e-12
2.6842078e-11
-1.6577418e-12
2.6608988e-11
-1.5023202e-12
2.6395491e-11
-1.3612509e-12
2.6200158e-11
-1.2331636e-12
2.602163e-11
-1.1168309e-12
2.5858623e-11
-1.0111518e-12
2.5709928e-11
-9.1513703e-13
2.5574414e-11
-8.2789644e-13
2.5451023e-11
-7.4862769e-13
2.533877e-11
-6.7660646e-13
2.5236739e-11
-6.1117786e-13
2.5144078e-11
-5.517489e-13
2.5060001e-11
-4.9778195e-13
2.4983779e-11
-4.4878897e-13
2.4914738e-11
-4.043264e-13
2.4852257e-11
-3.6399072e-13
2.4795764e-11
-3.2741452e-13
2.4744732e-11
-2.9426302e-13
2.4698676e-11
-2.6423093e-13
2.4657151e-11
-2.3703975e-13
2.4619747e-11
-2.1243526e-13
2.4586089e-11
-1.9018537e-13
2.4555834e-11
-1.7007811e-13
2.4528667e-11
-1.5191989e-13
2.45043e-11
-1.3553385e-13
2.448247e-11
-1.2075846e-13
2.4462935e-11
-1.0744616e-13
2.4445477e-11
-9.5462213e-14
2.4429894e-11
-8.4683598e-14
2.4416006e-11
-7.4998017e-14
2.4403645e-11
-6.6303002e-14
2.439266e-11
-5.8505086e-14
2.4382915e-11
-5.1519051e-14
2.4374283e-11
-4.5267234e-14
2.4366653e-11
-3.9678892e-14
2.435992e-11
-3.4689623e-14
2.4353992e-11
-3.0240832e-14
2.4348785e-11
-2.6279234e-14
2.4344223e-11
-2.2756412e-14
2.4340237e-11
-1.9628396e-14
2.4336763e-11
-1.6855285e-14
2.4333748e-11
-1.4400898e-14
2.4331139e-11
-1.2232448e-14
2.4328891e-11
-1.0320252e-14
2.4326964e-11
-8.6374547e-15
2.4325321e-11
-7.1597828e-15
2.4323928e-11
-5.8653132e-15
2.4322757e-11
-4.7342646e-15
2.432178e-11
-3.748804e-15
2.4320974e-11
-2.8928703e-15
2.4320317e-11
-2.152012e-15
2.4319792e-11
-1.5132392e-15
2.431938e-11
-9.6488784e-16
2.4319067e-11
-4.9649521e-16
2.431884e-11
-9.8686757e-17
2.4318687e-11
2.3692775e-16
2.4318596e-11
5.1784881e-16
2.431856e-11
7.5077358e-16
2.431857e-11
9.4167443e-16
2.4318618e-11
1.0958707e-15
2.4318699e-11
1.2180937e-15
2.4318806e-11
1.3125463e-15
2.4318935e-11
1.3829563e-15
2.4319081e-11
1.4326254e-15
2.4319241e-11
1.4644738e-15
2.4319411e-11
1.4810796e-15
2.4319589e-11
1.4847158e-15
2.4319773e-11
1.4773823e-15
2.4319959e-11
1.4608361e-15
2.4320147e-11
1.4366175e-15
2.4320334e-11
1.4060741e-15
2.4320521e-11
1.3703828e-15
2.4320704e-11
1.3305687e-15
2.4320884e-11
1.2875225e-15
2.432106e-11
1.2420164e-15
2.4321231e-11
1.1947177e-15
2.4321397e-11
1.1462011e-15
2.4321557e-11
1.0969603e-15
2.4321711e-11
1.0474172e-15
2.4321859e-11
9.9793113e-16
2.4322001e-11
9.4880635e-16
2.4322136e-11
9.0029906e-16
2.4322265e-11
8.5262337e-16
2.4322388e-11
8.0595677e-16
2.4322504e-11
7.6044478e-16
2.4322614e-11
7.1620513e-16
2.4322718e-11
6.7333141e-16
2.4322816e-11
6.3189626e-16
2.4322909e-11
5.9195417e-16
2.4322995e-11
5.5354392e-16
2.4323076e-11
5.1669074e-16
2.4323152e-11
4.8140814e-16
2.4323223e-11
4.4769953e-16
2.4323289e-11
4.1555967e-16
2.432335e-11
3.8497585e-16
2.4323407e-11
3.5592899e-16
2.432346e-11
3.2839456e-16
2.4323508e-11
3.0234339e-16
2.4323553e-11
2.7774237e-16
2.4323594e-11
2.5455511e-16
2.4323632e-11
2.3274242e-16
2.4323666e-11
2.1226284e-16
2.4323698e-11
1.9307304e-16
2.4323726e-11
1.7512822e-16
2.4323752e-11
1.5838239e-16
2.4323776e-11
1.4278874e-16
2.4323797e-11
1.2829985e-16
2.4323816e-11
1.1486799e-16
2.4323833e-11
1.0244527e-16
2.4323848e-11
9.0983908e-17
2.4323862e-11
8.0436367e-17
2.4323874e-11
7.075556e-17
2.4323884e-11
6.1894956e-17
2.4323893e-11
5.3808771e-17
2.4323901e-11
4.6452043e-17
2.4323908e-11
3.9780795e-17
2.4323914e-11
3.3752091e-17
2.4323919e-11
2.8324174e-17
2.4323923e-11
2.3456496e-17
2.4323927e-11
1.9109843e-17
2.4323929e-11
1.5246341e-17
2.4323932e-11
1.1829553e-17
2.4323933e-11
8.8244747e-18
2.4323934e-11
6.1976063e-18
2.4323935e-11
3.9169274e-18
2.4323936e-11
1.9519534e-18
2.4323936e-11
2.7368831e-19
2.4323936e-11
-1.1453363e-18
2.4323936e-11
-2.3311262e-18
2.4323935e-11
-3.3082035e-18
2.4323935e-11
-4.0996881e-18
2.4323934e-11
-4.7272927e-18
2.4323934e-11
-5.2114202e-18
2.4323933e-11
-5.5711732e-18
2.4323932e-11
-5.824466e-18
2.4323931e-11
-5.9880474e-18
2.432393e-11
-6.077625e-18
2.4323929e-11
-6.1079007e-18
2.4323928e-11
-6.0927047e-18
2.4323927e-11
-6.0450415e-18
2.4323926e-11
-5.9772318e-18
2.4323925e-11
-5.9009655e-18
2.4323924e-11
-5.8274477e-18
2.4323923e-11
-5.7674539e-18
2.4323922e-11
-5.7314743e-18
2.4323921e-11
-5.7297631e-18
2.432392e-11
-5.7724716e-18
2.4323919e-11
-5.8696784e-18
2.4323918e-11
-6.0314941e-18
2.4323917e-11
-6.2680533e-18
2.4323916e-11
-6.5895651e-18
2.4323915e-11
-7.0062337e-18
2.4323914e-11
-7.5282169e-18
2.4323912e-11
-8.1654297e-18
2.4323911e-11
-8.9273561e-18
2.4323909e-11
-9.8226745e-18
2.4323908e-11
-1.0858855e-17
2.4323906e-11
-1.2041535e-17
2.4323903e-11
-1.3373834e-17
2.4323901e-11
-1.4855422e-17
2.4323898e-11
-1.648151e-17
2.4323896e-11
-1.824162e-17
2.4323892e-11
-2.0118324e-17
2.4323889e-11
-2.2085883e-17
2.4323885e-11
-2.4109049e-17
2.4323881e-11
-2.6142042e-17
2.4323876e-11
-2.8128054e-17
2.4323872e-11
-2.9999389e-17
2.4323866e-11
-3.1678863e-17
2.4323861e-11
-3.3082457e-17
2.4323856e-11
-3.4116115e-17
-3.4760053e-17
3.2919496e-11
-2.666353e-12
3.374354e-11
-7.0023229e-12
3.4686416e-11
-1.0069396e-11
3.550085e-11
-1.1890205e-11
3.6049814e-11
-1.2687998e-11
3.6289894e-11
-1.2741482e-11
3.6238681e-11
-1.230648e-11
3.5944678e-11
-1.1584969e-11
3.5466135e-11
-1.0721211e-11
3.4858799e-11
-9.8105587e-12
3.4170252e-11
-8.911701e-12
3.3438294e-11
-8.0579268e-12
3.2691427e-11
-7.2659205e-12
3.1950239e-11
-6.5420435e-12
3.1228988e-11
-5.8865635e-12
3.0537089e-11
-5.2963802e-12
2.988035e-11
-4.766721e-12
2.9261967e-11
-4.2921583e-12
2.868328e-11
-3.8671943e-12
2.8144334e-11
-3.4865793e-12
2.7644304e-11
-3.1454662e-12
2.718179e-11
-2.8394709e-12
2.6755036e-11
-2.5646781e-12
2.6362081e-11
-2.3176184e-12
2.6000872e-11
-2.0952315e-12
2.5669331e-11
-1.8948244e-12
2.5365411e-11
-1.7140292e-12
2.5087127e-11
-1.5507631e-12
2.4832578e-11
-1.4031927e-12
2.4599959e-11
-1.2697007e-12
2.4387566e-11
-1.1488587e-12
2.4193804e-11
-1.0394015e-12
2.401718e-11
-9.4020637e-13
2.3856302e-11
-8.5027445e-13
2.370988e-11
-7.68715e-13
2.3576716e-11
-6.9473182e-13
2.34557e-11
-6.2761164e-13
2.3345807e-11
-5.6671405e-13
2.3246092e-11
-5.1146289e-13
2.3155682e-11
-4.6133884e-13
2.3073773e-11
-4.1587297e-13
2.2999625e-11
-3.7464118e-13
2.2932558e-11
-3.3725933e-13
2.2871947e-11
-3.0337903e-13
2.2817216e-11
-2.7268394e-13
2.276784e-11
-2.4488657e-13
2.2723334e-11
-2.1972535e-13
2.2683257e-11
-1.9696217e-13
2.2647201e-11
-1.7638011e-13
2.2614798e-11
-1.5778149e-13
2.2585705e-11
-1.4098604e-13
2.2559615e-11
-1.2582939e-13
2.2536243e-11
-1.1216157e-13
2.251533e-11
-9.9845794e-14
2.2496641e-11
-8.8757251e-14
2.2479961e-11
-7.8782099e-14
2.2465094e-11
-6.98165e-14
2.2451862e-11
-6.1765765e-14
2.2440102e-11
-5.4543567e-14
2.2429668e-11
-4.8071232e-14
2.2420426e-11
-4.2277084e-14
2.2412255e-11
-3.7095855e-14
2.2405044e-11
-3.2468134e-14
2.2398695e-11
-2.8339875e-14
2.2393116e-11
-2.4661934e-14
2.2388226e-11
-2.1389657e-14
2.2383952e-11
-1.848249e-14
2.2380227e-11
-1.5903629e-14
2.2376992e-11
-1.3619696e-14
2.2374191e-11
-1.1600442e-14
2.2371777e-11
-9.8184751e-15
2.2369706e-11
-8.2490083e-15
2.2367938e-11
-6.8696313e-15
2.2366439e-11
-5.6600992e-15
2.2365175e-11
-4.6021392e-15
2.236412e-11
-3.6792732e-15
2.2363248e-11
-2.8766557e-15
2.2362536e-11
-2.1809243e-15
2.2361964e-11
-1.5800636e-15
2.2361514e-11
-1.0632806e-15
2.236117e-11
-6.2089025e-16
2.2360918e-11
-2.4421121e-16
2.2360745e-11
7.4529462e-17
2.236064e-11
3.4228341e-16
2.2360592e-11
5.6526032e-16
2.2360594e-11
7.4900033e-16
2.2360637e-11
8.9843993e-16
2.2360715e-11
1.017972e-15
2.2360822e-11
1.1115003e-15
2.2360952e-11
1.1824891e-15
2.2361101e-11
1.2340082e-15
2.2361265e-11
1.2687736e-15
2.236144e-11
1.2891846e-15
2.2361624e-11
1.2973573e-15
2.2361813e-11
1.2951545e-15
2.2362006e-11
1.2842135e-15
2.2362201e-11
1.2659702e-15
2.2362396e-11
1.2416819e-15
2.236259e-11
1.2124466e-15
2.2362781e-11
1.1792215e-15
2.2362969e-11
1.1428387e-15
2.2363152e-11
1.1040199e-15
2.2363331e-11
1.0633891e-15
2.2363504e-11
1.0214843e-15
2.2363671e-11
9.787677e-16
2.2363833e-11
9.3563477e-16
2.2363988e-11
8.9242267e-16
2.2364136e-11
8.4941718e-16
2.2364278e-11
8.0685937e-16
2.2364414e-11
7.6495102e-16
2.2364542e-11
7.2385989e-16
2.2364664e-11
6.8372388e-16
2.236478e-11
6.4465513e-16
2.236489e-11
6.0674325e-16
2.2364993e-11
5.7005848e-16
2.236509e-11
5.3465413e-16
2.2365182e-11
5.0056906e-16
2.2365267e-11
4.6782946e-16
2.2365348e-11
4.3645082e-16
2.2365423e-11
4.0643923e-16
2.2365492e-11
3.7779286e-16
2.2365558e-11
3.5050296e-16
2.2365618e-11
3.2455503e-16
2.2365674e-11
2.9992943e-16
2.2365726e-11
2.7660244e-16
2.2365774e-11
2.5454658e-16
2.2365818e-11
2.337315e-16
2.2365858e-11
2.1412418e-16
2.2365895e-11
1.9568963e-16
2.2365929e-11
1.7839101e-16
2.236596e-11
1.6219023e-16
2.2365988e-11
1.47048e-16
2.2366013e-11
1.3292434e-16
2.2366036e-11
1.1977855e-16
2.2366057e-11
1.0756969e-16
2.2366076e-11
9.6256552e-17
2.2366092e-11
8.5798011e-17
2.2366107e-11
7.6153016e-17
2.236612e-11
6.7280915e-17
2.2366132e-11
5.91414e-17
2.2366142e-11
5.1694816e-17
2.2366151e-11
4.4902085e-17
2.2366159e-11
3.872499e-17
2.2366165e-11
3.3126084e-17
2.2366171e-11
2.8068953e-17
2.2366176e-11
2.3518105e-17
2.236618e-11
1.9439221e-17
2.2366183e-11
1.5799022e-17
2.2366186e-11
1.2565502e-17
2.2366188e-11
9.7077826e-18
2.236619e-11
7.1963253e-18
2.2366191e-11
5.0027728e-18
2.2366192e-11
3.1001427e-18
2.2366192e-11
1.4626546e-18
2.2366192e-11
6.5906944e-20
2.2366192e-11
-1.1133102e-18
2.2366192e-11
-2.0968536e-18
2.2366192e-11
-2.9054284e-18
2.2366191e-11
-3.5584404e-18
2.2366191e-11
-4.0742116e-18
2.236619e-11
-4.4698445e-18
2.2366189e-11
-4.7614515e-18
2.2366188e-11
-4.9640295e-18
2.2366187e-11
-5.0917021e-18
2.2366186e-11
-5.1576036e-18
2.2366185e-11
-5.1741332e-18
2.2366184e-11
-5.1528453e-18
2.2366183e-11
-5.1047154e-18
2.2366183e-11
-5.0400344e-18
2.2366182e-11
-4.9686835e-18
2.2366181e-11
-4.9000291e-18
2.236618e-11
-4.8432035e-18
2.2366179e-11
-4.8069939e-18
2.2366178e-11
-4.8001238e-18
2.2366177e-11
-4.8311259e-18
2.2366176e-11
-4.9086136e-18
2.2366175e-11
-5.0411225e-18
2.2366174e-11
-5.2373551e-18
2.2366173e-11
-5.5059657e-18
2.2366172e-11
-5.8557508e-18
2.236617e-11
-6.2953421e-18
2.2366169e-11
-6.8332998e-18
2.2366168e-11
-7.4776639e-18
2.2366166e-11
-8.2358953e-18
2.2366164e-11
-9.1142232e-18
2.2366162e-11
-1.0117369e-17
2.236616e-11
-1.1247633e-17
2.2366158e-11
-1.2504348e-17
2.2366155e-11
-1.3882687e-17
2.2366153e-11
-1.5372886e-17
2.2366149e-11
-1.6958878e-17
2.2366146e-11
-1.8617516e-17
2.2366142e-11
-2.0317462e-17
2.2366138e-11
-2.2019033e-17
2.2366134e-11
-2.3674219e-17
2.2366129e-11
-2.5228449e-17
2.2366124e-11
-2.6623003e-17
2.2366118e-11
-2.7798504e-17
2.2366113e-11
-2.869618e-17
-2.9392894e-17
3.3021279e-11
-3.1479012e-12
3.3977923e-11
-7.9589664e-12
3.4967114e-11
-1.1058587e-11
3.5702171e-11
-1.2625262e-11
3.6062377e-11
-1.3048204e-11
3.6044472e-11
-1.2723577e-11
3.5707124e-11
-1.1969132e-11
3.5130223e-11
-1.1008068e-11
3.4391616e-11
-9.9826036e-12
3.3556776e-11
-8.9757193e-12
3.2676163e-11
-8.0310877e-12
3.1786319e-11
-7.1680831e-12
3.0912366e-11
-6.391967e-12
3.0070675e-11
-5.7003526e-12
2.9271218e-11
-5.0871063e-12
2.8519436e-11
-4.5445983e-12
2.7817654e-11
-4.0649391e-12
2.7166109e-11
-3.6406133e-12
2.6563682e-11
-3.2647677e-12
2.6008411e-11
-2.9313084e-12
2.5497841e-11
-2.6348964e-12
2.5029265e-11
-2.3708942e-12
2.4599879e-11
-2.1352927e-12
2.4206894e-11
-1.9246331e-12
2.3847594e-11
-1.7359319e-12
2.3519383e-11
-1.5666134e-12
2.3219804e-11
-1.4144499e-12
2.2946551e-11
-1.27751e-12
2.2697473e-11
-1.1541144e-12
2.2470571e-11
-1.0427988e-12
2.2263994e-11
-9.4228233e-13
2.2076034e-11
-8.5144075e-13
2.1905111e-11
-7.6928425e-13
2.1749776e-11
-6.9493857e-13
2.160869e-11
-6.2762916e-13
2.1480626e-11
-5.6666773e-13
2.1364455e-11
-5.1144096e-13
2.1259142e-11
-4.6140084e-13
2.1163735e-11
-4.1605656e-13
2.1077364e-11
-3.7496744e-13
2.0999228e-11
-3.3773706e-13
2.0928595e-11
-3.0400804e-13
2.0864793e-11
-2.734577e-13
2.0807208e-11
-2.4579418e-13
2.0755278e-11
-2.2075316e-13
2.0708486e-11
-1.9809493e-13
2.0666363e-11
-1.776019e-13
2.0628477e-11
-1.5907636e-13
2.0594435e-11
-1.4233854e-13
2.0563879e-11
-1.2722484e-13
2.0536479e-11
-1.1358633e-13
2.0511937e-11
-1.0128737e-13
2.048998e-11
-9.0204412e-14
2.0470359e-11
-8.0224849e-14
2.0452848e-11
-7.1246083e-14
2.043724e-11
-6.3174615e-14
2.0423349e-11
-5.5925248e-14
2.0411003e-11
-4.9420361e-14
2.0400049e-11
-4.3589251e-14
2.0390345e-11
-3.8367534e-14
2.0381765e-11
-3.3696599e-14
2.0374192e-11
-2.9523113e-14
2.0367523e-11
-2.5798567e-14
2.0361662e-11
-2.2478859e-14
2.0356524e-11
-1.9523918e-14
2.0352031e-11
-1.6897354e-14
2.0348115e-11
-1.456614e-14
2.0344712e-11
-1.2500324e-14
2.0341765e-11
-1.0672756e-14
2.0339223e-11
-9.0588493e-15
2.0337041e-11
-7.6363499e-15
2.0335177e-11
-6.3851343e-15
2.0333594e-11
-5.287019e-15
2.033226e-11
-4.3255879e-15
2.0331144e-11
-3.4860329e-15
2.033022e-11
-2.7550092e-15
2.0329463e-11
-2.1205013e-15
2.0328854e-11
-1.5717015e-15
2.0328373e-11
-1.0988982e-15
2.0328003e-11
-6.9337356e-16
2.032773e-11
-3.4731024e-16
2.0327539e-11
-5.3706274e-17
2.032742e-11
1.9370297e-16
2.0327362e-11
4.0051575e-16
2.0327355e-11
5.7172881e-16
2.0327392e-11
7.1179627e-16
2.0327466e-11
8.2468348e-16
2.032757e-11
9.139158e-16
2.0327699e-11
9.8262305e-16
2.0327848e-11
1.0335798e-15
2.0328013e-11
1.0692421e-15
2.032819e-11
1.0917804e-15
2.0328376e-11
1.1031098e-15
2.0328568e-11
1.1049171e-15
2.0328765e-11
1.0986853e-15
2.0328963e-11
1.0857157e-15
2.0329162e-11
1.0671482e-15
2.032936e-11
1.0439787e-15
2.0329555e-11
1.0170759e-15
2.0329747e-11
9.8719516e-16
2.0329935e-11
9.5499201e-16
2.0330118e-11
9.2103358e-16
2.0330296e-11
8.8580899e-16
2.0330467e-11
8.4973879e-16
2.0330633e-11
8.1318307e-16
2.0330792e-11
7.7644904e-16
2.0330945e-11
7.3979734e-16
2.0331091e-11
7.0344816e-16
2.033123e-11
6.67586e-16
2.0331363e-11
6.3236462e-16
2.0331488e-11
5.9791068e-16
2.0331608e-11
5.6432762e-16
2.0331721e-11
5.3169838e-16
2.0331827e-11
5.0008853e-16
2.0331928e-11
4.6954824e-16
2.0332023e-11
4.4011477e-16
2.0332111e-11
4.1181387e-16
2.0332194e-11
3.8466176e-16
2.0332272e-11
3.5866613e-16
2.0332345e-11
3.3382771e-16
2.0332412e-11
3.101409e-16
2.0332475e-11
2.8759508e-16
2.0332534e-11
2.6617499e-16
2.0332588e-11
2.458618e-16
2.0332638e-11
2.2663327e-16
2.0332684e-11
2.084647e-16
2.0332726e-11
1.9132893e-16
2.0332765e-11
1.7519716e-16
2.0332801e-11
1.6003884e-16
2.0332833e-11
1.4582242e-16
2.0332863e-11
1.3251514e-16
2.033289e-11
1.2008373e-16
2.0332915e-11
1.0849416e-16
2.0332937e-11
9.7712248e-17
2.0332956e-11
8.7703421e-17
2.0332974e-11
7.8433254e-17
2.033299e-11
6.9867212e-17
2.0333004e-11
6.1971167e-17
2.0333017e-11
5.4711115e-17
2.0333028e-11
4.8053668e-17
2.0333038e-11
4.1965764e-17
2.0333046e-11
3.6415127e-17
2.0333054e-11
3.1369972e-17
2.033306e-11
2.6799448e-17
2.0333065e-11
2.267333e-17
2.033307e-11
1.8962439e-17
2.0333074e-11
1.5638332e-17
2.0333077e-11
1.26737e-17
2.0333079e-11
1.0042053e-17
2.0333081e-11
7.7180954e-18
2.0333083e-11
5.677402e-18
2.0333084e-11
3.8967814e-18
2.0333085e-11
2.3539396e-18
2.0333085e-11
1.0278273e-18
2.0333085e-11
-1.0170584e-19
2.0333085e-11
-1.0535777e-18
2.0333085e-11
-1.8458307e-18
2.0333085e-11
-2.4953102e-18
2.0333084e-11
-3.0180333e-18
2.0333083e-11
-3.4288766e-18
2.0333083e-11
-3.7419576e-18
2.0333082e-11
-3.9703305e-18
2.0333081e-11
-4.12638e-18
2.033308e-11
-4.2215226e-18
2.0333079e-11
-4.2666145e-18
2.0333078e-11
-4.2716551e-18
2.0333077e-11
-4.246209e-18
2.0333077e-11
-4.1991097e-18
2.0333076e-11
-4.1388957e-18
2.0333075e-11
-4.0735098e-18
2.0333074e-11
-4.0107492e-18
2.0333073e-11
-3.9579557e-18
2.0333072e-11
-3.9224764e-18
2.0333071e-11
-3.911338e-18
2.033307e-11
-3.9317121e-18
2.0333069e-11
-3.9905617e-18
2.0333068e-11
-4.0951018e-18
2.0333067e-11
-4.2523989e-18
2.0333066e-11
-4.4698081e-18
2.0333065e-11
-4.7544997e-18
2.0333064e-11
-5.1138425e-18
2.0333063e-11
-5.5548171e-18
2.0333061e-11
-6.0843037e-18
2.033306e-11
-6.7083306e-18
2.0333058e-11
-7.4322097e-18
2.0333056e-11
-8.2595649e-18
2.0333054e-11
-9.1922593e-18
2.0333052e-11
-1.0229168e-17
2.033305e-11
-1.1365883e-17
2.0333047e-11
-1.2593281e-17
2.0333044e-11
-1.3897147e-17
2.033304e-11
-1.5256817e-17
2.0333037e-11
-1.6645216e-17
2.0333033e-11
-1.8028362e-17
2.0333028e-11
-1.9366926e-17
2.0333024e-11
-2.061826e-17
2.0333019e-11
-2.1741207e-17
2.0333014e-11
-2.270015e-17
2.0333009e-11
-2.3467335e-17
-2.4216173e-17
3.3162081e-11
-3.7702499e-12
3.4260215e-11
-9.0571011e-12
3.5240996e-11
-1.2039367e-11
3.5798653e-11
-1.3182919e-11
3.5862358e-11
-1.3111908e-11
3.5494028e-11
-1.2355247e-11
3.4804805e-11
-1.1279909e-11
3.3906999e-11
-1.0110262e-11
3.289366e-11
-8.9692653e-12
3.183389e-11
-7.9159484e-12
3.0775233e-11
-6.9724313e-12
2.9748325e-11
-6.1411747e-12
2.8771508e-11
-5.4151504e-12
2.7854641e-11
-4.7834854e-12
2.7001944e-11
-4.2344096e-12
2.6214027e-11
-3.7566808e-12
2.5489271e-11
-3.3401838e-12
2.4824763e-11
-2.9761052e-12
2.4216896e-11
-2.6569006e-12
2.3661762e-11
-2.3761743e-12
2.3155395e-11
-2.1285293e-12
2.269392e-11
-1.9094188e-12
2.2273637e-11
-1.7150096e-12
2.1891068e-11
-1.5420644e-12
2.1542977e-11
-1.3878408e-12
2.1226372e-11
-1.2500085e-12
2.0938501e-11
-1.1265789e-12
2.067684e-11
-1.0158488e-12
2.0439079e-11
-9.1635318e-13
2.0223106e-11
-8.2682645e-13
2.0026995e-11
-7.4617092e-13
1.9848985e-11
-6.7343055e-13
1.968747e-11
-6.0776939e-13
1.9540985e-11
-5.4845366e-13
1.9408193e-11
-4.9483692e-13
1.9287873e-11
-4.463477e-13
1.9178911e-11
-4.0247912e-13
1.908029e-11
-3.6278023e-13
1.8991082e-11
-3.2684868e-13
1.8910439e-11
-2.9432454e-13
1.8837587e-11
-2.6488503e-13
1.8771819e-11
-2.3824004e-13
1.871249e-11
-2.1412833e-13
1.865901e-11
-1.9231419e-13
1.8610841e-11
-1.7258465e-13
1.8567493e-11
-1.5474697e-13
1.8528518e-11
-1.3862651e-13
1.8493507e-11
-1.2406489e-13
1.8462086e-11
-1.1091829e-13
1.8433918e-11
-9.9056075e-14
1.8408691e-11
-8.8359457e-14
1.8386124e-11
-7.8720397e-14
1.836596e-11
-7.0040585e-14
1.8347966e-11
-6.223054e-14
1.8331928e-11
-5.5208807e-14
1.8317655e-11
-4.8901228e-14
1.830497e-11
-4.3240292e-14
1.8293714e-11
-3.8164545e-14
1.8283743e-11
-3.3618053e-14
1.8274925e-11
-2.9549924e-14
1.8267143e-11
-2.5913864e-14
1.8260287e-11
-2.2667775e-14
1.8254262e-11
-1.9773395e-14
1.8248979e-11
-1.7195963e-14
1.8244359e-11
-1.4903913e-14
1.824033e-11
-1.28686e-14
1.8236828e-11
-1.1064042e-14
1.8233795e-11
-9.4666898e-15
1.8231177e-11
-8.0552113e-15
1.8228929e-11
-6.8102992e-15
1.8227007e-11
-5.7144904e-15
1.8225374e-11
-4.7520028e-15
1.8223995e-11
-3.9085847e-15
1.8222841e-11
-3.1713776e-15
1.8221884e-11
-2.5287904e-15
1.8221099e-11
-1.9703838e-15
1.8220465e-11
-1.486765e-15
1.8219963e-11
-1.069491e-15
1.8219575e-11
-7.1098013e-16
1.8219286e-11
-4.0443188e-16
1.8219083e-11
-1.4375253e-16
1.8218953e-11
7.6511832e-17
1.8218885e-11
2.6123691e-16
1.8218871e-11
4.1477613e-16
1.8218902e-11
5.4101181e-16
1.821897e-11
6.4340153e-16
1.821907e-11
7.2502054e-16
1.8219195e-11
7.8860015e-16
1.8219341e-11
8.3656268e-16
1.8219503e-11
8.710532e-16
1.8219679e-11
8.939682e-16
1.8219864e-11
9.069817e-16
1.8220055e-11
9.1156874e-16
1.8220251e-11
9.0902676e-16
1.8220449e-11
9.0049472e-16
1.8220648e-11
8.8697059e-16
1.8220846e-11
8.6932679e-16
1.8221041e-11
8.4832443e-16
1.8221234e-11
8.2462577e-16
1.8221422e-11
7.9880573e-16
1.8221606e-11
7.7136182e-16
1.8221784e-11
7.4272352e-16
1.8221957e-11
7.1326005e-16
1.8222123e-11
6.8328798e-16
1.8222283e-11
6.530773e-16
1.8222437e-11
6.2285755e-16
1.8222584e-11
5.9282249e-16
1.8222724e-11
5.6313501e-16
1.8222858e-11
5.3393074e-16
1.8222985e-11
5.0532196e-16
1.8223105e-11
4.7740025e-16
1.8223219e-11
4.5023969e-16
1.8223327e-11
4.2389879e-16
1.8223429e-11
3.9842301e-16
1.8223525e-11
3.7384617e-16
1.8223615e-11
3.501925e-16
1.8223699e-11
3.2747751e-16
1.8223778e-11
3.0570975e-16
1.8223852e-11
2.8489132e-16
1.822392e-11
2.6501928e-16
1.8223984e-11
2.4608595e-16
1.8224044e-11
2.2808006e-16
1.8224099e-11
2.1098689e-16
1.822415e-11
1.947892e-16
1.8224197e-11
1.7946723e-16
1.8224241e-11
1.6499957e-16
1.8224281e-11
1.5136295e-16
1.8224317e-11
1.3853307e-16
1.8224351e-11
1.2648431e-16
1.8224382e-11
1.1519049e-16
1.822441e-11
1.0462452e-16
1.8224435e-11
9.4759088e-17
1.8224458e-11
8.5566323e-17
1.8224479e-11
7.7018395e-17
1.8224497e-11
6.908717e-17
1.8224514e-11
6.1744787e-17
1.8224529e-11
5.4963293e-17
1.8224542e-11
4.8715187e-17
1.8224554e-11
4.2973057e-17
1.8224564e-11
3.7710094e-17
1.8224573e-11
3.2899726e-17
1.8224581e-11
2.8516112e-17
1.8224588e-11
2.4533771e-17
1.8224594e-11
2.0928059e-17
1.8224599e-11
1.7674794e-17
1.8224603e-11
1.4750713e-17
1.8224606e-11
1.2133099e-17
1.8224609e-11
9.8002168e-18
1.8224612e-11
7.730937e-18
1.8224613e-11
5.9051583e-18
1.8224615e-11
4.3034217e-18
1.8224616e-11
2.9073236e-18
1.8224616e-11
1.6991211e-18
1.8224617e-11
6.6213265e-19
1.8224617e-11
-2.196636e-19
1.8224617e-11
-9.6124045e-19
1.8224617e-11
-1.5769317e-18
1.8224616e-11
-2.0800519e-18
1.8224616e-11
-2.4833161e-18
1.8224615e-11
-2.7984664e-18
1.8224614e-11
-3.0367025e-18
1.8224614e-11
-3.208313e-18
1.8224613e-11
-3.3231178e-18
1.8224612e-11
-3.3901021e-18
1.8224611e-11
-3.4178708e-18
1.822461e-11
-3.4142838e-18
1.8224609e-11
-3.3869235e-18
1.8224608e-11
-3.3427274e-18
1.8224608e-11
-3.2884698e-18
1.8224607e-11
-3.230389e-18
1.8224606e-11
-3.1746827e-18
1.8224605e-11
-3.1271252e-18
1.8224604e-11
-3.0935749e-18
1.8224603e-11
-3.0795755e-18
1.8224603e-11
-3.0908712e-18
1.8224602e-11
-3.1329813e-18
1.8224601e-11
-3.2117162e-18
1.82246e-11
-3.3327086e-18
1.8224599e-11
-3.5019156e-18
1.8224598e-11
-3.725082e-18
1.8224597e-11
-4.0082047e-18
1.8224596e-11
-4.3568933e-18
1.8224594e-11
-4.776758e-18
1.8224593e-11
-5.2726239e-18
1.8224591e-11
-5.8487921e-18
1.822459e-11
-6.5080584e-18
1.8224588e-11
-7.2517969e-18
1.8224585e-11
-8.0787523e-18
1.8224583e-11
-8.9849378e-18
1.822458e-11
-9.9622549e-18
1.8224578e-11
-1.0998351e-17
1.8224574e-11
-1.2075377e-17
1.8224571e-11
-1.3170344e-17
1.8224567e-11
-1.4254892e-17
1.8224563e-11
-1.5297511e-17
1.8224559e-11
-1.6266558e-17
1.8224554e-11
-1.7136324e-17
1.8224549e-11
-1.7891319e-17
1.8224544e-11
-1.8536502e-17
-1.93322e-17
3.3356606e-11
-4.5871247e-12
3.4581028e-11
-1.0281523e-11
3.5444602e-11
-1.2902941e-11
3.5675544e-11
-1.3413862e-11
3.5305256e-11
-1.2741619e-11
3.4487864e-11
-1.1537856e-11
3.3391823e-11
-1.0183868e-11
3.2154844e-11
-8.873282e-12
3.0874573e-11
-7.6889947e-12
2.9613876e-11
-6.6552515e-12
2.840982e-11
-5.7683755e-12
2.7281943e-11
-5.013297e-12
2.6238554e-11
-4.3717621e-12
2.5281125e-11
-3.8260562e-12
2.4407171e-11
-3.3604551e-12
2.3612082e-11
-2.9615927e-12
2.2890256e-11
-2.6183577e-12
2.2235764e-11
-2.3216131e-12
2.1642743e-11
-2.063879e-12
2.1105604e-11
-1.8390352e-12
2.0619139e-11
-1.6420649e-12
2.0178562e-11
-1.4688417e-12
1.9779509e-11
-1.3159568e-12
1.9418026e-11
-1.1805805e-12
1.9090536e-11
-1.0603518e-12
1.8793818e-11
-9.5328972e-13
1.8524962e-11
-8.5772362e-13
1.828135e-11
-7.7223676e-13
1.8060619e-11
-6.9562143e-13
1.7860635e-11
-6.2684279e-13
1.7679474e-11
-5.6500972e-13
1.7515394e-11
-5.0935116e-13
1.7366822e-11
-4.5919686e-13
1.723233e-11
-4.1396166e-13
1.7110625e-11
-3.7313256e-13
1.7000536e-11
-3.3625804e-13
1.6900996e-11
-3.0293926e-13
1.6811038e-11
-2.728227e-13
1.6729784e-11
-2.4559398e-13
1.6656432e-11
-2.2097276e-13
1.6590255e-11
-1.9870834e-13
1.6530591e-11
-1.7857599e-13
1.6476837e-11
-1.6037381e-13
1.6428443e-11
-1.4392005e-13
1.6384909e-11
-1.2905078e-13
1.634578e-11
-1.1561797e-13
1.6310641e-11
-1.0348769e-13
1.6279115e-11
-9.2538671e-14
1.6250857e-11
-8.2660972e-14
1.6225556e-11
-7.3754839e-14
1.6202926e-11
-6.5729695e-14
1.6182709e-11
-5.8503251e-14
1.6164669e-11
-5.2000707e-14
1.6148593e-11
-4.6154053e-14
1.6134285e-11
-4.0901436e-14
1.6121571e-11
-3.6186598e-14
1.6110289e-11
-3.1958363e-14
1.6100295e-11
-2.8170188e-14
1.6091456e-11
-2.4779743e-14
1.6083655e-11
-2.1748541e-14
1.6076783e-11
-1.9041597e-14
1.6070742e-11
-1.6627122e-14
1.6065445e-11
-1.4476241e-14
1.6060812e-11
-1.2562737e-14
1.605677e-11
-1.0862823e-14
1.6053257e-11
-9.3549222e-15
1.6050212e-11
-8.0194778e-15
1.6047584e-11
-6.838775e-15
1.6045326e-11
-5.7967781e-15
1.6043395e-11
-4.8789813e-15
1.6041752e-11
-4.0722732e-15
1.6040365e-11
-3.3648115e-15
1.6039202e-11
-2.74591e-15
1.6038237e-11
-2.2059326e-15
1.6037444e-11
-1.7361994e-15
1.6036803e-11
-1.3288979e-15
1.6036293e-11
-9.7700404e-16
1.6035898e-11
-6.7420811e-16
1.6035602e-11
-4.1484881e-16
1.6035391e-11
-1.9385146e-16
1.6035254e-11
-6.6727836e-18
1.603518e-11
1.5075044e-16
1.6035159e-11
2.8204736e-16
1.6035183e-11
3.9045569e-16
1.6035246e-11
4.7885998e-16
1.6035339e-11
5.4982681e-16
1.6035459e-11
6.0563657e-16
1.6035599e-11
6.4831248e-16
1.6035756e-11
6.7964689e-16
1.6035926e-11
7.0122502e-16
1.6036105e-11
7.1444677e-16
1.6036291e-11
7.20546e-16
1.6036482e-11
7.2060856e-16
1.6036676e-11
7.1558788e-16
1.603687e-11
7.0631984e-16
1.6037063e-11
6.9353523e-16
1.6037255e-11
6.778721e-16
1.6037443e-11
6.5988553e-16
1.6037628e-11
6.4005791e-16
1.6037808e-11
6.1880646e-16
1.6037983e-11
5.964919e-16
1.6038152e-11
5.7342402e-16
1.6038316e-11
5.4986902e-16
1.6038473e-11
5.2605357e-16
1.6038624e-11
5.0217098e-16
1.6038768e-11
4.7838402e-16
1.6038906e-11
4.5483022e-16
1.6039038e-11
4.3162363e-16
1.6039163e-11
4.0885941e-16
1.6039281e-11
3.866147e-16
1.6039394e-11
3.6495274e-16
1.60395e-11
3.43923e-16
1.60396e-11
3.2356481e-16
1.6039695e-11
3.0390705e-16
1.6039784e-11
2.8497134e-16
1.6039867e-11
2.6677133e-16
1.6039945e-11
2.4931562e-16
1.6040019e-11
2.3260673e-16
1.6040087e-11
2.1664378e-16
1.604015e-11
2.014212e-16
1.604021e-11
1.8693125e-16
1.6040264e-11
1.7316259e-16
1.6040315e-11
1.6010259e-16
1.6040362e-11
1.4773581e-16
1.6040406e-11
1.3604622e-16
1.6040446e-11
1.2501552e-16
1.6040483e-11
1.1462534e-16
1.6040516e-11
1.0485549e-16
1.6040547e-11
9.5686063e-17
1.6040575e-11
8.7095688e-17
1.6040601e-11
7.9063537e-17
1.6040624e-11
7.1567584e-17
1.6040645e-11
6.4586559e-17
1.6040664e-11
5.8098208e-17
1.6040681e-11
5.2081189e-17
1.6040696e-11
4.6513361e-17
1.604071e-11
4.1373617e-17
1.6040722e-11
3.6640199e-17
1.6040732e-11
3.2292491e-17
1.6040742e-11
2.830935e-17
1.604075e-11
2.4670859e-17
1.6040757e-11
2.1356686e-17
1.6040763e-11
1.8347791e-17
1.6040769e-11
1.562481e-17
1.6040773e-11
1.3169728e-17
1.6040777e-11
1.0964283e-17
1.604078e-11
8.9915996e-18
1.6040783e-11
7.2346164e-18
1.6040785e-11
5.6776907e-18
1.6040786e-11
4.3050316e-18
1.6040788e-11
3.1022868e-18
1.6040788e-11
2.0549798e-18
1.6040789e-11
1.1500782e-18
1.6040789e-11
3.744335e-19
1.6040789e-11
-2.8366545e-19
1.6040789e-11
-8.3605452e-19
1.6040789e-11
-1.2931502e-18
1.6040788e-11
-1.6655188e-18
1.6040788e-11
-1.9623356e-18
1.6040787e-11
-2.192967e-18
1.6040787e-11
-2.3654261e-18
1.6040786e-11
-2.487974e-18
1.6040785e-11
-2.567565e-18
1.6040784e-11
-2.6114731e-18
1.6040784e-11
-2.6257198e-18
1.6040783e-11
-2.6167313e-18
1.6040782e-11
-2.5897434e-18
1.6040781e-11
-2.550494e-18
1.604078e-11
-2.5035971e-18
1.604078e-11
-2.4542772e-18
1.6040779e-11
-2.4067051e-18
1.6040778e-11
-2.3657773e-18
1.6040777e-11
-2.3354042e-18
1.6040777e-11
-2.3203399e-18
1.6040776e-11
-2.3244087e-18
1.6040775e-11
-2.3523885e-18
1.6040774e-11
-2.4081579e-18
1.6040773e-11
-2.496632e-18
1.6040773e-11
-2.6218063e-18
1.6040772e-11
-2.7887359e-18
1.6040771e-11
-3.0014484e-18
1.6040769e-11
-3.2649415e-18
1.6040768e-11
-3.5829323e-18
1.6040767e-11
-3.9598336e-18
1.6040766e-11
-4.3983017e-18
1.6040764e-11
-4.9011393e-18
1.6040762e-11
-5.4686098e-18
1.604076e-11
-6.1002223e-18
1.6040758e-11
-6.7918183e-18
1.6040756e-11
-7.5372726e-18
1.6040753e-11
-8.3255009e-18
1.604075e-11
-9.1423616e-18
1.6040747e-11
-9.9681297e-18
1.6040743e-11
-1.078054e-17
1.604074e-11
-1.1554243e-17
1.6040736e-11
-1.2267577e-17
1.6040731e-11
-1.2906813e-17
1.6040727e-11
-1.3475563e-17
1.6040722e-11
-1.4002968e-17
-1.4837098e-17
3.3617613e-11
-5.6650062e-12
3.4893832e-11
-1.1557743e-11
3.5442345e-11
-1.3451454e-11
3.513492e-11
-1.3106437e-11
3.4173916e-11
-1.1780615e-11
3.2822963e-11
-1.0186903e-11
3.1296619e-11
-8.6575243e-12
2.9738398e-11
-7.3150607e-12
2.8232743e-11
-6.1833402e-12
2.6823411e-11
-5.2459197e-12
2.5528853e-11
-4.473817e-12
2.435291e-11
-3.8373536e-12
2.3291586e-11
-3.3104384e-12
2.2337091e-11
-2.8715612e-12
2.1480142e-11
-2.5035064e-12
2.0711221e-11
-2.1926717e-12
2.0021215e-11
-1.9283518e-12
1.9401713e-11
-1.7021113e-12
1.8845111e-11
-1.5072764e-12
1.8344612e-11
-1.3385364e-12
1.7894185e-11
-1.1916377e-12
1.7488492e-11
-1.0631487e-12
1.7122816e-11
-9.5028137e-13
1.679299e-11
-8.5075397e-13
1.6495324e-11
-7.6268596e-13
1.6226551e-11
-6.8451669e-13
1.598377e-11
-6.1494233e-13
1.57644e-11
-5.5286661e-13
1.556614e-11
-4.9736203e-13
1.5386937e-11
-4.4763921e-13
1.5224949e-11
-4.0302257e-13
1.5078529e-11
-3.6293076e-13
1.4946193e-11
-3.2686097e-13
1.4826608e-11
-2.9437624e-13
1.471857e-11
-2.6509506e-13
1.4620995e-11
-2.3868294e-13
1.4532901e-11
-2.1484541e-13
1.4453401e-11
-1.9332233e-13
1.438169e-11
-1.7388302e-13
1.431704e-11
-1.563223e-13
1.4258788e-11
-1.4045718e-13
1.4206336e-11
-1.2612397e-13
1.4159138e-11
-1.1317592e-13
1.41167e-11
-1.0148116e-13
1.407857e-11
-9.0921009e-14
1.404434e-11
-8.1388416e-14
1.4013639e-11
-7.2786707e-14
1.3986129e-11
-6.5028457e-14
1.3961503e-11
-5.8034512e-14
1.3939481e-11
-5.1733138e-14
1.391981e-11
-4.6059278e-14
1.3902261e-11
-4.0953885e-14
1.3886624e-11
-3.6363342e-14
1.3872709e-11
-3.2238943e-14
1.3860344e-11
-2.8536433e-14
1.3849373e-11
-2.5215591e-14
1.3839654e-11
-2.2239861e-14
1.383106e-11
-1.9576021e-14
1.3823474e-11
-1.7193877e-14
1.3816792e-11
-1.5065998e-14
1.3810917e-11
-1.3167466e-14
1.3805766e-11
-1.1475654e-14
1.380126e-11
-9.9700223e-15
1.3797329e-11
-8.631936e-15
1.3793911e-11
-7.4444954e-15
1.3790948e-11
-6.392383e-15
1.378839e-11
-5.4617236e-15
1.3786191e-11
-4.6399569e-15
1.378431e-11
-3.9157198e-15
1.378271e-11
-3.2787406e-15
1.3781358e-11
-2.7197405e-15
1.3780223e-11
-2.2303448e-15
1.377928e-11
-1.8030007e-15
1.3778505e-11
-1.430903e-15
1.3777877e-11
-1.1079254e-15
1.3777377e-11
-8.2855831e-16
1.3776987e-11
-5.8785116e-16
1.3776695e-11
-3.8136076e-16
1.3776485e-11
-2.0510325e-16
1.3776347e-11
-5.5510676e-17
1.3776269e-11
7.0608811e-17
1.3776244e-11
1.7610715e-16
1.3776262e-11
2.6352945e-16
1.3776318e-11
3.3514407e-16
1.3776404e-11
3.9296998e-16
1.3776515e-11
4.3880172e-16
1.3776646e-11
4.7423197e-16
1.3776794e-11
5.0067222e-16
1.3776954e-11
5.1937128e-16
1.3777124e-11
5.3143235e-16
1.37773e-11
5.3782816e-16
1.3777482e-11
5.3941501e-16
1.3777665e-11
5.3694508e-16
1.377785e-11
5.3107798e-16
1.3778034e-11
5.2239067e-16
1.3778216e-11
5.1138693e-16
1.3778395e-11
4.9850531e-16
1.3778571e-11
4.8412688e-16
1.3778742e-11
4.6858152e-16
1.3778909e-11
4.5215432e-16
1.377907e-11
4.3509042e-16
1.3779226e-11
4.1760029e-16
1.3779376e-11
3.9986346e-16
1.377952e-11
3.8203284e-16
1.3779658e-11
3.6423752e-16
1.377979e-11
3.4658636e-16
1.3779916e-11
3.2916998e-16
1.3780035e-11
3.1206377e-16
1.3780149e-11
2.9532925e-16
1.3780256e-11
2.7901662e-16
1.3780358e-11
2.631656e-16
1.3780454e-11
2.4780755e-16
1.3780545e-11
2.3296598e-16
1.378063e-11
2.1865835e-16
1.378071e-11
2.0489622e-16
1.3780785e-11
1.9168684e-16
1.3780856e-11
1.7903308e-16
1.3780921e-11
1.669348e-16
1.3780982e-11
1.5538856e-16
1.3781039e-11
1.4438893e-16
1.3781093e-11
1.33928e-16
1.3781142e-11
1.2399657e-16
1.3781187e-11
1.1458359e-16
1.3781229e-11
1.0567724e-16
1.3781268e-11
9.7264303e-17
1.3781304e-11
8.9331186e-17
1.3781336e-11
8.1863246e-17
1.3781366e-11
7.4845724e-17
1.3781394e-11
6.826308e-17
1.3781419e-11
6.2099864e-17
1.3781442e-11
5.6340042e-17
1.3781462e-11
5.0967826e-17
1.3781481e-11
4.5966997e-17
1.3781498e-11
4.1321704e-17
1.3781513e-11
3.7015788e-17
1.3781526e-11
3.3033555e-17
1.3781538e-11
2.9359106e-17
1.3781549e-11
2.5977085e-17
1.3781558e-11
2.2872017e-17
1.3781567e-11
2.0029034e-17
1.3781574e-11
1.7433223e-17
1.378158e-11
1.5070334e-17
1.3781585e-11
1.2926132e-17
1.378159e-11
1.0987091e-17
1.3781594e-11
9.2397501e-18
1.3781597e-11
7.6713951e-18
1.37816e-11
6.2694164e-18
1.3781602e-11
5.0219775e-18
1.3781604e-11
3.9173773e-18
1.3781605e-11
2.944706e-18
1.3781606e-11
2.0932077e-18
1.3781607e-11
1.3529268e-18
1.3781608e-11
7.1406981e-19
1.3781608e-11
1.6764331e-19
1.3781608e-11
-2.9518686e-19
1.3781608e-11
-6.8246404e-19
1.3781607e-11
-1.0020857e-18
1.3781607e-11
-1.2611766e-18
1.3781606e-11
-1.4667392e-18
1.3781606e-11
-1.6250293e-18
1.3781605e-11
-1.7422146e-18
1.3781605e-11
-1.8237499e-18
1.3781604e-11
-1.8750452e-18
1.3781603e-11
-1.9008388e-18
1.3781602e-11
-1.9058766e-18
1.3781602e-11
-1.8942809e-18
1.3781601e-11
-1.8702423e-18
1.37816e-11
-1.8373812e-18
1.37816e-11
-1.799455e-18
1.3781599e-11
-1.7597091e-18
1.3781598e-11
-1.7215998e-18
1.3781598e-11
-1.688132e-18
1.3781597e-11
-1.6625983e-18
1.3781596e-11
-1.6478987e-18
1.3781596e-11
-1.6472944e-18
1.3781595e-11
-1.6637024e-18
1.3781594e-11
-1.7004613e-18
1.3781593e-11
-1.7605895e-18
1.3781593e-11
-1.8475552e-18
1.3781592e-11
-1.9644818e-18
1.3781591e-11
-2.114907e-18
1.378159e-11
-2.3019136e-18
1.3781589e-11
-2.5288511e-18
1.3781588e-11
-2.7983621e-18
1.3781586e-11
-3.1130313e-18
1.3781585e-11
-3.4742721e-18
1.3781583e-11
-3.8828617e-18
1.3781582e-11
-4.3376615e-18
1.378158e-11
-4.8360244e-18
1.3781578e-11
-5.3723823e-18
1.3781575e-11
-5.9386322e-18
1.3781573e-11
-6.5228402e-18
1.378157e-11
-7.1101e-18
1.3781567e-11
-7.682233e-18
1.3781563e-11
-8.2206854e-18
1.378156e-11
-8.7103548e-18
1.3781556e-11
-9.1477535e-18
1.3781552e-11
-9.5473653e-18
1.3781548e-11
-9.9634516e-18
-1.0818647e-17
3.3932452e-11
-7.0577262e-12
3.5057062e-11
-1.2682352e-11
3.4961078e-11
-1.335547e-11
3.3848799e-11
-1.1994158e-11
3.2156494e-11
-1.0088311e-11
3.0240607e-11
-8.2710156e-12
2.8322632e-11
-6.7395488e-12
2.6517325e-11
-5.5097535e-12
2.487282e-11
-4.5388357e-12
2.3400686e-11
-3.7737859e-12
2.2094439e-11
-3.16757e-12
2.0939872e-11
-2.6827862e-12
1.9920417e-11
-2.2909835e-12
1.9019732e-11
-1.9708765e-12
1.8222814e-11
-1.7065886e-12
1.7516372e-11
-1.4862292e-12
1.6888844e-11
-1.3008235e-12
1.6330264e-11
-1.1435318e-12
1.5832075e-11
-1.0090877e-12
1.5386932e-11
-8.9339321e-13
1.4988521e-11
-7.932266e-13
1.4631402e-11
-7.0602968e-13
1.4310872e-11
-6.2975175e-13
1.4022852e-11
-5.6273403e-13
1.376379e-11
-5.0362314e-13
1.3530579e-11
-4.513059e-13
1.3320496e-11
-4.0485962e-13
1.3131143e-11
-3.6351389e-13
1.2960402e-11
-3.2662097e-13
1.2806396e-11
-2.9363272e-13
1.2667456e-11
-2.6408237e-13
1.2542095e-11
-2.3757012e-13
1.2428986e-11
-2.1375164e-13
1.2326938e-11
-1.923288e-13
1.2234885e-11
-1.7304227e-13
1.2151868e-11
-1.5566536e-13
1.2077022e-11
-1.3999912e-13
1.2009567e-11
-1.2586825e-13
1.1948802e-11
-1.1311769e-13
1.189409e-11
-1.0160985e-13
1.1844855e-11
-9.1222262e-14
1.1800576e-11
-8.1845582e-14
1.1760782e-11
-7.3381969e-14
1.1725045e-11
-6.5743656e-14
1.1692976e-11
-5.8851752e-14
1.1664222e-11
-5.2635216e-14
1.1638466e-11
-4.7029972e-14
1.1615415e-11
-4.1978145e-14
1.1594808e-11
-3.7427396e-14
1.1576406e-11
-3.3330345e-14
1.155999e-11
-2.9644063e-14
1.1545366e-11
-2.6329625e-14
1.1532354e-11
-2.3351719e-14
1.1520794e-11
-2.0678293e-14
1.1510538e-11
-1.8280248e-14
1.1501453e-11
-1.6131158e-14
1.149342e-11
-1.4207024e-14
1.148633e-11
-1.2486051e-14
1.1480085e-11
-1.0948445e-14
1.1474595e-11
-9.5762347e-15
1.1469781e-11
-8.3531066e-15
1.1465569e-11
-7.2642569e-15
1.1461896e-11
-6.2962565e-15
1.1458701e-11
-5.436929e-15
1.1455931e-11
-4.675239e-15
1.145354e-11
-4.0011911e-15
1.1451484e-11
-3.4057365e-15
1.1449725e-11
-2.8806892e-15
1.1448228e-11
-2.4186485e-15
1.1446962e-11
-2.0129288e-15
1.14459e-11
-1.6574947e-15
1.1445016e-11
-1.3469029e-15
1.144429e-11
-1.0762473e-15
1.14437e-11
-8.4111092e-16
1.1443229e-11
-6.3752009e-16
1.1442863e-11
-4.6190399e-16
1.1442586e-11
-3.1105645e-16
1.1442387e-11
-1.8210238e-16
1.1442254e-11
-7.246581e-17
1.1442178e-11
2.0158077e-17
1.1442151e-11
9.7829538e-17
1.1442165e-11
1.6238749e-16
1.1442213e-11
2.1547162e-16
1.144229e-11
2.5854162e-16
1.144239e-11
2.9289549e-16
1.1442509e-11
3.1968552e-16
1.1442643e-11
3.3993325e-16
1.1442789e-11
3.545428e-16
1.1442944e-11
3.6431307e-16
1.1443106e-11
3.699488e-16
1.1443272e-11
3.7207042e-16
1.144344e-11
3.7122328e-16
1.1443609e-11
3.678855e-16
1.1443777e-11
3.6247571e-16
1.1443944e-11
3.5535918e-16
1.1444109e-11
3.468544e-16
1.144427e-11
3.3723766e-16
1.1444428e-11
3.2674879e-16
1.1444581e-11
3.1559442e-16
1.1444729e-11
3.03953e-16
1.1444872e-11
2.9197698e-16
1.144501e-11
2.7979728e-16
1.1445142e-11
2.6752451e-16
1.1445269e-11
2.5525304e-16
1.144539e-11
2.4306147e-16
1.1445506e-11
2.310163e-16
1.1445616e-11
2.1917179e-16
1.144572e-11
2.075734e-16
1.1445819e-11
1.9625707e-16
1.1445913e-11
1.8525249e-16
1.1446001e-11
1.7458196e-16
1.1446085e-11
1.6426346e-16
1.1446164e-11
1.5430921e-16
1.1446238e-11
1.4472861e-16
1.1446307e-11
1.3552652e-16
1.1446372e-11
1.2670611e-16
1.1446433e-11
1.1826692e-16
1.1446489e-11
1.1020765e-16
1.1446542e-11
1.0252404e-16
1.1446591e-11
9.5211614e-17
1.1446637e-11
8.8263474e-17
1.1446679e-11
8.1672926e-17
1.1446719e-11
7.5431234e-17
1.1446755e-11
6.9530198e-17
1.1446788e-11
6.3959856e-17
1.1446819e-11
5.871101e-17
1.1446847e-11
5.3772915e-17
1.1446872e-11
4.9135748e-17
1.1446896e-11
4.478831e-17
1.1446917e-11
4.0720427e-17
1.1446937e-11
3.6920687e-17
1.1446954e-11
3.3378777e-17
1.144697e-11
3.0083257e-17
1.1446985e-11
2.7023837e-17
1.1446997e-11
2.4189193e-17
1.1447009e-11
2.1569189e-17
1.1447019e-11
1.9152735e-17
1.1447028e-11
1.6929955e-17
1.1447036e-11
1.489009e-17
1.1447043e-11
1.3023617e-17
1.1447049e-11
1.1320191e-17
1.1447054e-11
9.7707164e-18
1.1447059e-11
8.3653297e-18
1.1447063e-11
7.095431e-18
1.1447066e-11
5.9516956e-18
1.1447069e-11
4.9260716e-18
1.1447071e-11
4.0098183e-18
1.1447073e-11
3.1954738e-18
1.1447074e-11
2.4749148e-18
1.1447076e-11
1.8412989e-18
1.1447076e-11
1.2871404e-18
1.1447077e-11
8.0623381e-19
1.1447077e-11
3.9173903e-19
1.1447077e-11
3.8091763e-20
1.1447077e-11
-2.6090735e-19
1.1447077e-11
-5.1018935e-19
1.1447077e-11
-7.153309e-19
1.1447077e-11
-8.8064998e-19
1.1447076e-11
-1.011131e-18
1.1447076e-11
-1.110511e-18
1.1447075e-11
-1.1832246e-18
1.1447074e-11
-1.2324717e-18
1.1447074e-11
-1.2621909e-18
1.1447073e-11
-1.2751e-18
1.1447073e-11
-1.2747058e-18
1.1447072e-11
-1.2633098e-18
1.1447071e-11
-1.244062e-18
1.1447071e-11
-1.2189222e-18
1.144707e-11
-1.1907675e-18
1.1447069e-11
-1.1612997e-18
1.1447069e-11
-1.1332143e-18
1.1447068e-11
-1.1080442e-18
1.1447068e-11
-1.0883991e-18
1.1447067e-11
-1.075733e-18
1.1447067e-11
-1.072664e-18
1.1447066e-11
-1.0806487e-18
1.1447065e-11
-1.1023931e-18
1.1447065e-11
-1.1394146e-18
1.1447064e-11
-1.1945473e-18
1.1447063e-11
-1.2693752e-18
1.1447063e-11
-1.3668234e-18
1.1447062e-11
-1.4884457e-18
1.1447061e-11
-1.6370818e-18
1.144706e-11
-1.8139814e-18
1.1447059e-11
-2.0214919e-18
1.1447058e-11
-2.2600041e-18
1.1447056e-11
-2.5306217e-18
1.1447055e-11
-2.8319187e-18
1.1447053e-11
-3.1625591e-18
1.1447051e-11
-3.5178938e-18
1.1447049e-11
-3.8925861e-18
1.1447047e-11
-4.2772325e-18
1.1447045e-11
-4.6613775e-18
1.1447042e-11
-5.0309043e-18
1.1447039e-11
-5.372893e-18
1.1447036e-11
-5.6767877e-18
1.1447033e-11
-5.94502e-18
1.1447029e-11
-6.1993162e-18
1.1447026e-11
-6.5037943e-18
-7.3527905e-18
3.4197424e-11
-8.7154193e-12
3.4707626e-11
-1.3192554e-11
3.3478467e-11
-1.2126312e-11
3.1300734e-11
-9.8164257e-12
2.8833201e-11
-7.620777e-12
2.643727e-11
-5.8750847e-12
2.4267205e-11
-4.5694836e-12
2.236479e-11
-3.6073388e-12
2.0720608e-11
-2.8946537e-12
1.9306269e-11
-2.3594465e-12
1.80893e-11
-1.9506018e-12
1.7039241e-11
-1.6327265e-12
1.6129636e-11
-1.3813792e-12
1.5338295e-11
-1.1795351e-12
1.4646874e-11
-1.0151678e-12
1.4040288e-11
-8.796428e-13
1.3506121e-11
-7.6665713e-13
1.3034124e-11
-6.7153417e-13
1.2615786e-11
-5.9075044e-13
1.2244006e-11
-5.2161301e-13
1.1912816e-11
-4.6203622e-13
1.1617171e-11
-4.1038484e-13
1.1352782e-11
-3.6536219e-13
1.1115977e-11
-3.2592914e-13
1.0903598e-11
-2.9124483e-13
1.0712915e-11
-2.6062256e-13
1.0541552e-11
-2.3349676e-13
1.0387436e-11
-2.0939789e-13
1.0248748e-11
-1.8793317e-13
1.0123887e-11
-1.6877175e-13
1.0011438e-11
-1.5163306e-13
9.9101456e-12
-1.3627769e-13
9.8188941e-12
-1.2250016e-13
9.7366884e-12
-1.1012313e-13
9.6626389e-12
-9.8992765e-14
9.5959485e-12
-8.8974965e-14
9.5359017e-12
-7.9952326e-14
9.4818551e-12
-7.1821621e-14
9.4332292e-12
-6.4491744e-14
9.3895013e-12
-5.7882002e-14
9.3501997e-12
-5.1920694e-14
9.3148981e-12
-4.6543918e-14
9.2832107e-12
-4.1694574e-14
9.2547886e-12
-3.7321516e-14
9.2293156e-12
-3.3378829e-14
9.2065056e-12
-2.982522e-14
9.1860991e-12
-2.6623485e-14
9.1678611e-12
-2.3740058e-14
9.1515783e-12
-2.1144615e-14
9.1370577e-12
-1.8809729e-14
9.1241242e-12
-1.6710575e-14
9.1126192e-12
-1.4824661e-14
9.1023991e-12
-1.3131599e-14
9.0933337e-12
-1.16129e-14
9.0853052e-12
-1.0251789e-14
9.0782071e-12
-9.0330455e-15
9.071943e-12
-7.9428541e-15
9.0664256e-12
-6.9686778e-15
9.0615763e-12
-6.0991393e-15
9.057324e-12
-5.323915e-15
9.0536045e-12
-4.63364e-15
9.0503601e-12
-4.0198216e-15
9.0475386e-12
-3.4747609e-15
9.0450931e-12
-2.9914815e-15
9.0429816e-12
-2.5636653e-15
9.041166e-12
-2.1855926e-15
9.0396123e-12
-1.8520897e-15
9.0382901e-12
-1.5584786e-15
9.037172e-12
-1.3005336e-15
9.0362335e-12
-1.0744392e-15
9.0354528e-12
-8.7675427e-16
9.0348102e-12
-7.0437657e-16
9.0342885e-12
-5.5451297e-16
9.033872e-12
-4.2464997e-16
9.0335471e-12
-3.1252873e-16
9.0333013e-12
-2.1612044e-16
9.0331238e-12
-1.3360559e-16
9.0330051e-12
-6.3353405e-17
9.0329365e-12
-3.9046073e-18
9.0329106e-12
4.6045752e-17
9.0329208e-12
8.766255e-17
9.0329612e-12
1.2198489e-16
9.0330267e-12
1.4993792e-16
9.0331129e-12
1.7234463e-16
9.0332159e-12
1.8993576e-16
9.0333322e-12
2.0335933e-16
9.033459e-12
2.1318903e-16
9.0335936e-12
2.1993188e-16
9.0337338e-12
2.2403532e-16
9.0338779e-12
2.2589326e-16
9.0340241e-12
2.2585214e-16
9.0341711e-12
2.2421561e-16
9.0343178e-12
2.2124977e-16
9.0344631e-12
2.1718662e-16
9.0346062e-12
2.1222873e-16
9.0347465e-12
2.0655159e-16
9.0348834e-12
2.0030783e-16
9.0350165e-12
1.9362863e-16
9.0351455e-12
1.8662767e-16
9.03527e-12
1.7940164e-16
9.03539e-12
1.7203404e-16
9.0355052e-12
1.6459491e-16
9.0356156e-12
1.5714455e-16
9.0357211e-12
1.497326e-16
9.0358218e-12
1.4240168e-16
9.0359176e-12
1.3518593e-16
9.0360086e-12
1.2811461e-16
9.036095e-12
1.212102e-16
9.0361768e-12
1.1449197e-16
9.036254e-12
1.0797374e-16
9.036327e-12
1.0166739e-16
9.0363956e-12
9.5580316e-17
9.0364602e-12
8.9719005e-17
9.0365209e-12
8.4086208e-17
9.0365777e-12
7.8684494e-17
9.0366309e-12
7.3513273e-17
9.0366806e-12
6.8572323e-17
9.0367269e-12
6.3858688e-17
9.0367701e-12
5.9370184e-17
9.0368102e-12
5.5102211e-17
9.0368474e-12
5.1051228e-17
9.0368819e-12
4.7211517e-17
9.0369137e-12
4.357862e-17
9.0369431e-12
4.0146085e-17
9.0369702e-12
3.6908853e-17
9.036995e-12
3.3860016e-17
9.0370178e-12
3.0994141e-17
9.0370386e-12
2.8304064e-17
9.0370576e-12
2.5784145e-17
9.0370749e-12
2.342711e-17
9.0370906e-12
2.1227236e-17
9.0371048e-12
1.9177247e-17
9.0371176e-12
1.7271427e-17
9.0371292e-12
1.5502586e-17
9.0371395e-12
1.3865091e-17
9.0371487e-12
1.2351897e-17
9.0371569e-12
1.0957517e-17
9.0371642e-12
9.6751075e-18
9.0371705e-12
8.4993757e-18
9.0371761e-12
7.4237262e-18
9.037181e-12
6.4431049e-18
9.0371852e-12
5.5512014e-18
9.0371889e-12
4.7432389e-18
9.0371919e-12
4.0132236e-18
9.0371945e-12
3.3566884e-18
9.0371967e-12
2.7679817e-18
9.0371985e-12
2.2429721e-18
9.0371999e-12
1.7763699e-18
9.037201e-12
1.364399e-18
9.0372018e-12
1.0021441e-18
9.0372024e-12
6.8619768e-19
9.0372028e-12
4.120248e-19
9.037203e-12
1.7659238e-19
9.0372031e-12
-2.4255504e-20
9.037203e-12
-1.9317799e-19
9.0372029e-12
-3.3396095e-19
9.0372026e-12
-4.4889709e-19
9.0372023e-12
-5.4141846e-19
9.0372019e-12
-6.1346542e-19
9.0372014e-12
-6.6813961e-19
9.0372009e-12
-7.0705001e-19
9.0372004e-12
-7.3299776e-19
9.0371999e-12
-7.4728814e-19
9.0371994e-12
-7.5245824e-19
9.0371989e-12
-7.4954356e-19
9.0371984e-12
-7.4085958e-19
9.0371978e-12
-7.272122e-19
9.0371973e-12
-7.1074359e-19
9.0371968e-12
-6.9207539e-19
9.0371963e-12
-6.7323009e-19
9.0371959e-12
-6.546946e-19
9.0371954e-12
-6.3843003e-19
9.0371949e-12
-6.2484027e-19
9.0371945e-12
-6.1588527e-19
9.037194e-12
-6.1193655e-19
9.0371935e-12
-6.1500949e-19
9.0371931e-12
-6.254866e-19
9.0371926e-12
-6.4548109e-19
9.037192e-12
-6.7540989e-19
9.0371915e-12
-7.1749299e-19
9.0371909e-12
-7.7216281e-19
9.0371903e-12
-8.4169011e-19
9.0371895e-12
-9.2642282e-19
9.0371888e-12
-1.0285133e-18
9.0371879e-12
-1.1479849e-18
9.0371869e-12
-1.2865203e-18
9.0371858e-12
-1.4433554e-18
9.0371846e-12
-1.6190841e-18
9.0371833e-12
-1.8113835e-18
9.0371818e-12
-2.018814e-18
9.0371801e-12
-2.2364167e-18
9.0371783e-12
-2.459602e-18
9.0371763e-12
-2.679867e-18
9.0371742e-12
-2.8892758e-18
9.0371719e-12
-3.0773306e-18
9.0371694e-12
-3.2388259e-18
9.0371669e-12
-3.3767486e-18
9.0371642e-12
-3.5107635e-18
9.0371614e-12
-3.7045827e-18
-4.5010593e-18
3.4087667e-11
-1.0263355e-11
3.3001252e-11
-1.2106138e-11
3.005342e-11
-9.1784798e-12
2.6736949e-11
-6.4999545e-12
2.3693932e-11
-4.5777601e-12
2.1102799e-11
-3.2839513e-12
1.895803e-11
-2.4247149e-12
1.7195162e-11
-1.8444706e-12
1.5741863e-11
-1.4413549e-12
1.4534978e-11
-1.1525621e-12
1.352387e-11
-9.3949354e-13
1.2669208e-11
-7.7806451e-13
1.1940718e-11
-6.5288913e-13
1.1315048e-11
-5.5386539e-13
1.0774053e-11
-4.7417251e-13
1.0303492e-11
-4.0908135e-13
9.8920668e-12
-3.5523227e-13
9.5307183e-12
-3.1018566e-13
9.2121029e-12
-2.7213506e-13
8.9302092e-12
-2.3971923e-13
8.6800692e-12
-2.1189628e-13
8.4575418e-12
-1.8785742e-13
8.2591464e-12
-1.6696673e-13
8.0819356e-12
-1.4871837e-13
7.9233964e-12
-1.3270562e-13
7.7813721e-12
-1.1859823e-13
7.6540009e-12
-1.0612557e-13
7.5396669e-12
-9.5063972e-14
7.4369609e-12
-8.5227104e-14
7.3446477e-12
-7.6458583e-14
7.2616409e-12
-6.8626239e-14
7.1869808e-12
-6.1617638e-14
7.1198172e-12
-5.5336547e-14
7.0593942e-12
-4.9700128e-14
7.0050381e-12
-4.4636689e-14
6.956147e-12
-4.0083876e-14
6.9121819e-12
-3.5987204e-14
6.8726592e-12
-3.2298858e-14
6.8371441e-12
-2.8976709e-14
6.8052456e-12
-2.5983505e-14
6.7766111e-12
-2.3286191e-14
6.7509226e-12
-2.0855353e-14
6.7278927e-12
-1.8664738e-14
6.7072621e-12
-1.669086e-14
6.6887959e-12
-1.4912661e-14
6.6722819e-12
-1.331122e-14
6.6575279e-12
-1.1869509e-14
6.64436e-12
-1.0572178e-14
6.6326208e-12
-9.4053751e-15
6.6221677e-12
-8.3565799e-15
6.6128716e-12
-7.4144699e-15
6.6046157e-12
-6.5687954e-15
6.5972944e-12
-5.8102726e-15
6.590812e-12
-5.130488e-15
6.585082e-12
-4.5218145e-15
6.5800263e-12
-3.9773359e-15
6.5755742e-12
-3.4907797e-15
6.571662e-12
-3.0564574e-15
6.5682321e-12
-2.6692101e-15
6.5652325e-12
-2.32436e-15
6.5626165e-12
-2.0176666e-15
6.560342e-12
-1.745287e-15
6.558371e-12
-1.5037397e-15
6.5566694e-12
-1.2898724e-15
6.5552065e-12
-1.1008317e-15
6.553955e-12
-9.3403699e-16
6.5528901e-12
-7.8715496e-16
6.5519897e-12
-6.5807794e-16
6.551234e-12
-5.44903e-16
6.5506055e-12
-4.459137e-16
6.5500883e-12
-3.5956272e-16
6.5496684e-12
-2.8445673e-16
6.5493332e-12
-2.1934183e-16
6.5490717e-12
-1.6309098e-16
6.5488738e-12
-1.1469186e-16
6.5487309e-12
-7.3236408e-17
6.5486353e-12
-3.7910682e-17
6.5485799e-12
-7.9862008e-18
6.5485588e-12
1.7188557e-17
6.5485666e-12
3.8195292e-17
6.5485988e-12
5.555296e-17
6.548651e-12
6.97237e-17
6.5487198e-12
8.1118676e-17
6.5488021e-12
9.0103011e-17
6.548895e-12
9.7000567e-17
6.5489963e-12
1.0209808e-16
6.5491038e-12
1.05649e-16
6.5492159e-12
1.0787702e-16
6.5493309e-12
1.089791e-16
6.5494477e-12
1.0912845e-16
6.5495651e-12
1.0847693e-16
6.5496821e-12
1.0715759e-16
6.5497981e-12
1.0528645e-16
6.5499123e-12
1.0296478e-16
6.5500243e-12
1.0028034e-16
6.5501335e-12
9.7309397e-17
6.5502397e-12
9.4117549e-17
6.5503426e-12
9.0761556e-17
6.5504419e-12
8.728975e-17
6.5505376e-12
8.3743772e-17
6.5506294e-12
8.0158623e-17
6.5507175e-12
7.6564321e-17
6.5508016e-12
7.2985657e-17
6.5508819e-12
6.9443794e-17
6.5509584e-12
6.5955772e-17
6.551031e-12
6.2536076e-17
6.5510999e-12
5.919592e-17
6.5511652e-12
5.5944801e-17
6.5512269e-12
5.2789605e-17
6.5512851e-12
4.9736148e-17
6.55134e-12
4.6788137e-17
6.5513916e-12
4.3948701e-17
6.5514401e-12
4.1219246e-17
6.5514856e-12
3.860097e-17
6.5515282e-12
3.6093633e-17
6.551568e-12
3.3697065e-17
6.5516052e-12
3.1409872e-17
6.5516398e-12
2.9230932e-17
6.551672e-12
2.7158058e-17
6.5517019e-12
2.5189477e-17
6.5517297e-12
2.332247e-17
6.5517553e-12
2.1554835e-17
6.551779e-12
1.9883509e-17
6.5518009e-12
1.8306013e-17
6.5518209e-12
1.681908e-17
6.5518394e-12
1.5420064e-17
6.5518563e-12
1.4105587e-17
6.5518717e-12
1.2872915e-17
6.5518858e-12
1.1718628e-17
6.5518986e-12
1.0639964e-17
6.5519102e-12
9.6335085e-18
6.5519206e-12
8.6965115e-18
6.5519301e-12
7.8256021e-18
6.5519386e-12
7.0180756e-18
6.5519462e-12
6.2706331e-18
6.5519529e-12
5.5806405e-18
6.5519589e-12
4.9448942e-18
6.5519643e-12
4.3608525e-18
6.5519689e-12
3.8254263e-18
6.551973e-12
3.3361852e-18
6.5519766e-12
2.8901709e-18
6.5519796e-12
2.4850808e-18
6.5519823e-12
2.1181014e-18
6.5519845e-12
1.7870721e-18
6.5519864e-12
1.4893359e-18
6.5519879e-12
1.2228861e-18
6.5519892e-12
9.8523099e-19
6.5519902e-12
7.745275e-19
6.5519909e-12
5.8845582e-19
6.5519915e-12
4.2534264e-19
6.5519919e-12
2.8304378e-19
6.5519922e-12
1.6005949e-19
6.5519923e-12
5.4421772e-20
6.5519923e-12
-3.519489e-20
6.5519922e-12
-1.1058508e-19
6.5519921e-12
-1.729022e-19
6.5519918e-12
-2.2377348e-19
6.5519916e-12
-2.6418553e-19
6.5519912e-12
-2.9560737e-19
6.5519909e-12
-3.1886711e-19
6.5519905e-12
-3.3528799e-19
6.5519901e-12
-3.4555113e-19
6.5519897e-12
-3.5084934e-19
6.5519893e-12
-3.517313e-19
6.5519889e-12
-3.4927758e-19
6.5519885e-12
-3.4392184e-19
6.5519881e-12
-3.3665363e-19
6.5519878e-12
-3.2781175e-19
6.5519874e-12
-3.1831835e-19
6.551987e-12
-3.0843968e-19
6.5519867e-12
-2.990568e-19
6.5519863e-12
-2.9038733e-19
6.551986e-12
-2.8329932e-19
6.5519856e-12
-2.7798655e-19
6.5519853e-12
-2.753323e-19
6.551985e-12
-2.7553009e-19
6.5519846e-12
-2.795036e-19
6.5519843e-12
-2.8746489e-19
6.5519839e-12
-3.0039328e-19
6.5519835e-12
-3.1852502e-19
6.551983e-12
-3.4288879e-19
6.5519826e-12
-3.7372311e-19
6.5519821e-12
-4.1205838e-19
6.5519815e-12
-4.5806137e-19
6.5519809e-12
-5.1264587e-19
6.5519801e-12
-5.7574279e-19
6.5519793e-12
-6.4791597e-19
6.5519785e-12
-7.2855323e-19
6.5519775e-12
-8.1746518e-19
6.5519764e-12
-9.1299499e-19
6.5519751e-12
-1.0135958e-18
6.5519738e-12
-1.1158919e-18
6.5519723e-12
-1.2163514e-18
6.5519707e-12
-1.3095343e-18
6.5519691e-12
-1.3903591e-18
6.5519673e-12
-1.4546107e-18
6.5519654e-12
-1.5051546e-18
6.5519634e-12
-1.5539693e-18
6.5519614e-12
-1.6364948e-18
-2.3047632e-18
3.2424684e-11
-1.0148308e-11
2.7937339e-11
-7.6187931e-12
2.3107171e-11
-4.3483123e-12
1.9198644e-11
-2.5914268e-12
1.623491e-11
-1.6140263e-12
1.4007194e-11
-1.0562352e-12
1.2313491e-11
-7.3101254e-13
1.1001181e-11
-5.3216061e-13
9.9635146e-12
-4.0368813e-13
9.1272765e-12
-3.1632396e-13
8.4419897e-12
-2.5420679e-13
7.8722885e-12
-2.0836332e-13
7.3928817e-12
-1.7348227e-13
6.9852897e-12
-1.4627343e-13
6.6357275e-12
-1.2461026e-13
6.3337119e-12
-1.070658e-13
6.0711307e-12
-9.2651025e-14
5.8416062e-12
-8.0661235e-14
5.6400535e-12
-7.0582298e-14
5.4623656e-12
-6.2031404e-14
5.3051878e-12
-5.4718416e-14
5.1657503e-12
-4.8419964e-14
5.0417452e-12
-4.2961665e-14
4.9312325e-12
-3.8205651e-14
4.8325686e-12
-3.4041674e-14
4.744351e-12
-3.0380641e-14
4.6653753e-12
-2.7149854e-14
4.5946008e-12
-2.4289466e-14
4.5311234e-12
-2.1749793e-14
4.4741541e-12
-1.948927e-14
4.4230008e-12
-1.7472871e-14
4.377054e-12
-1.5670878e-14
4.3357754e-12
-1.4057921e-14
4.2986875e-12
-1.2612208e-14
4.2653657e-12
-1.1314922e-14
4.2354315e-12
-1.0149727e-14
4.2085467e-12
-9.1023746e-15
4.1844082e-12
-8.1603827e-15
4.1627443e-12
-7.312771e-15
4.1433106e-12
-6.5498439e-15
4.1258875e-12
-5.8630112e-15
4.1102767e-12
-5.2446379e-15
4.0962999e-12
-4.6879186e-15
4.0837958e-12
-4.1867721e-15
4.0726189e-12
-3.7357517e-15
4.0626377e-12
-3.329969e-15
4.0537332e-12
-2.965029e-15
4.045798e-12
-2.6369738e-15
4.0387349e-12
-2.3422345e-15
4.0324559e-12
-2.077589e-15
4.0268815e-12
-1.8401256e-15
4.0219399e-12
-1.6272108e-15
4.0175661e-12
-1.4364614e-15
4.0137014e-12
-1.2657194e-15
4.0102926e-12
-1.1130301e-15
4.0072919e-12
-9.7662243e-16
4.004656e-12
-8.5489148e-16
4.0023459e-12
-7.4638295e-16
4.0003265e-12
-6.4977903e-16
3.998566e-12
-5.6388578e-16
3.997036e-12
-4.876218e-16
3.9957107e-12
-4.2000785e-16
3.9945671e-12
-3.601576e-16
3.9935845e-12
-3.0726916e-16
3.9927443e-12
-2.6061741e-16
3.9920298e-12
-2.1954703e-16
3.9914261e-12
-1.8346612e-16
3.9909199e-12
-1.518405e-16
3.9904992e-12
-1.2418836e-16
3.9901533e-12
-1.000755e-16
3.9898729e-12
-7.9110973e-17
3.9896494e-12
-6.0943033e-17
3.9894753e-12
-4.5255542e-17
3.9893439e-12
-3.1764623e-17
3.9892495e-12
-2.0215631e-17
3.9891866e-12
-1.0380392e-17
3.9891508e-12
-2.0546754e-18
3.9891378e-12
4.9440985e-18
3.9891442e-12
1.0778961e-17
3.9891668e-12
1.5595288e-17
3.9892029e-12
1.9522554e-17
3.9892499e-12
2.2675893e-17
3.9893059e-12
2.5157552e-17
3.9893689e-12
2.7058171e-17
3.9894375e-12
2.8457998e-17
3.9895101e-12
2.9427929e-17
3.9895858e-12
3.0030513e-17
3.9896633e-12
3.0320804e-17
3.9897419e-12
3.0347188e-17
3.9898209e-12
3.0152071e-17
3.9898996e-12
2.9772563e-17
3.9899775e-12
2.9241033e-17
3.9900542e-12
2.8585671e-17
3.9901294e-12
2.7830926e-17
3.9902026e-12
2.6997973e-17
3.9902738e-12
2.6105056e-17
3.9903428e-12
2.5167878e-17
3.9904094e-12
2.4199857e-17
3.9904734e-12
2.3212452e-17
3.990535e-12
2.2215362e-17
3.9905939e-12
2.1216787e-17
3.9906502e-12
2.022358e-17
3.990704e-12
1.9241465e-17
3.9907552e-12
1.8275138e-17
3.9908038e-12
1.7328457e-17
3.9908499e-12
1.6404507e-17
3.9908936e-12
1.5505755e-17
3.9909349e-12
1.4634093e-17
3.9909739e-12
1.3790966e-17
3.9910107e-12
1.2977395e-17
3.9910453e-12
1.2194085e-17
3.9910778e-12
1.1441431e-17
3.9911083e-12
1.0719611e-17
3.9911368e-12
1.0028575e-17
3.9911636e-12
9.3681348e-18
3.9911885e-12
8.7379334e-18
3.9912118e-12
8.1375283e-18
3.9912335e-12
7.5663573e-18
3.9912536e-12
7.0238097e-18
3.9912723e-12
6.5091883e-18
3.9912896e-12
6.0217749e-18
3.9913056e-12
5.5607884e-18
3.9913203e-12
5.1254456e-18
3.9913339e-12
4.7149171e-18
3.9913464e-12
4.328385e-18
3.9913579e-12
3.964996e-18
3.9913683e-12
3.6239179e-18
3.9913779e-12
3.304291e-18
3.9913866e-12
3.0052832e-18
3.9913945e-12
2.72604e-18
3.9914017e-12
2.4657395e-18
3.9914082e-12
2.2235414e-18
3.991414e-12
1.9986414e-18
3.9914192e-12
1.7902195e-18
3.9914239e-12
1.5974949e-18
3.9914281e-12
1.4196731e-18
3.9914318e-12
1.2560013e-18
3.991435e-12
1.105715e-18
3.9914379e-12
9.6809339e-19
3.9914404e-12
8.4240585e-19
3.9914425e-12
7.279669e-19
3.9914444e-12
6.2408314e-19
3.991446e-12
5.3010781e-19
3.9914473e-12
4.4538746e-19
3.9914484e-12
3.693167e-19
3.9914494e-12
3.012846e-19
3.9914501e-12
2.4072927e-19
3.9914507e-12
1.8708407e-19
3.9914511e-12
1.3983227e-19
3.9914515e-12
9.8452814e-20
3.9914517e-12
6.2474929e-20
3.9914518e-12
3.142367e-20
3.9914519e-12
4.8744703e-21
3.9914519e-12
-1.7601669e-20
3.9914518e-12
-3.6383731e-20
3.9914517e-12
-5.185583e-20
3.9914515e-12
-6.4352663e-20
3.9914513e-12
-7.4215121e-20
3.9914511e-12
-8.1735833e-20
3.9914509e-12
-8.7215092e-20
3.9914506e-12
-9.0906326e-20
3.9914504e-12
-9.3072452e-20
3.9914501e-12
-9.3931622e-20
3.9914498e-12
-9.3713478e-20
3.9914496e-12
-9.2605218e-20
3.9914493e-12
-9.0808164e-20
3.9914491e-12
-8.8483926e-20
3.9914488e-12
-8.5811088e-20
3.9914486e-12
-8.2931642e-20
3.9914484e-12
-8.0007697e-20
3.9914482e-12
-7.7168284e-20
3.9914479e-12
-7.4566062e-20
3.9914477e-12
-7.2324184e-20
3.9914475e-12
-7.0593161e-20
3.9914473e-12
-6.9497651e-20
3.9914471e-12
-6.9193145e-20
3.9914469e-12
-6.9812705e-20
3.9914467e-12
-7.1522783e-20
3.9914465e-12
-7.4469481e-20
3.9914462e-12
-7.883262e-20
3.991446e-12
-8.4770914e-20
3.9914457e-12
-9.2472529e-20
3.9914454e-12
-1.0209776e-19
3.991445e-12
-1.1382368e-19
3.9914446e-12
-1.2778211e-19
3.9914442e-12
-1.4409424e-19
3.9914437e-12
-1.6279897e-19
3.9914432e-12
-1.838726e-19
3.9914426e-12
-2.0714207e-19
3.9914419e-12
-2.3228226e-19
3.9914411e-12
-2.5870492e-19
3.9914403e-12
-2.8553978e-19
3.9914394e-12
-3.1153333e-19
3.9914384e-12
-3.3503233e-19
3.9914374e-12
-3.5385123e-19
3.9914363e-12
-3.6638644e-19
3.9914352e-12
-3.7402021e-19
3.991434e-12
-3.8025604e-19
3.9914327e-12
-3.7320017e-19
-7.7058435e-19
2.2391424e-11
1.4772631e-11
1.0424318e-11
7.8328916e-12
6.2188653e-12
5.1626301e-12
4.4316175e-12
3.8994569e-12
3.4957688e-12
3.1794448e-12
2.925238e-12
2.7168747e-12
2.5433924e-12
2.397119e-12
2.2725088e-12
2.165443e-12
2.0727919e-12
1.9921307e-12
1.9215484e-12
1.859517e-12
1.8047986e-12
1.7563786e-12
1.7134169e-12
1.6752113e-12
1.6411696e-12
1.610789e-12
1.5836391e-12
1.5593497e-12
1.5375999e-12
1.5181106e-12
1.5006377e-12
1.4849669e-12
1.4709089e-12
1.4582967e-12
1.4469818e-12
1.4368321e-12
1.4277297e-12
1.4195693e-12
1.4122565e-12
1.4057067e-12
1.3998437e-12
1.3945991e-12
1.3899111e-12
1.3857244e-12
1.3819886e-12
1.3786586e-12
1.3756936e-12
1.3730566e-12
1.3707144e-12
1.3686368e-12
1.3667967e-12
1.3651695e-12
1.363733e-12
1.3624673e-12
1.3613543e-12
1.3603776e-12
1.3595228e-12
1.3587764e-12
1.3581266e-12
1.3575627e-12
1.3570751e-12
1.3566551e-12
1.3562949e-12
1.3559876e-12
1.355727e-12
1.3555075e-12
1.355324e-12
1.3551722e-12
1.355048e-12
1.3549479e-12
1.3548688e-12
1.3548079e-12
1.3547626e-12
1.3547308e-12
1.3547106e-12
1.3547002e-12
1.3546982e-12
1.3547031e-12
1.3547139e-12
1.3547295e-12
1.354749e-12
1.3547717e-12
1.3547969e-12
1.3548239e-12
1.3548524e-12
1.3548818e-12
1.3549118e-12
1.3549422e-12
1.3549725e-12
1.3550027e-12
1.3550324e-12
1.3550617e-12
1.3550903e-12
1.3551181e-12
1.3551451e-12
1.3551712e-12
1.3551964e-12
1.3552206e-12
1.3552438e-12
1.355266e-12
1.3552872e-12
1.3553074e-12
1.3553267e-12
1.3553449e-12
1.3553623e-12
1.3553787e-12
1.3553942e-12
1.3554088e-12
1.3554226e-12
1.3554356e-12
1.3554478e-12
1.3554592e-12
1.3554699e-12
1.35548e-12
1.3554893e-12
1.3554981e-12
1.3555062e-12
1.3555138e-12
1.3555208e-12
1.3555273e-12
1.3555333e-12
1.3555389e-12
1.355544e-12
1.3555487e-12
1.3555531e-12
1.355557e-12
1.3555606e-12
1.3555639e-12
1.355567e-12
1.3555697e-12
1.3555721e-12
1.3555744e-12
1.3555764e-12
1.3555782e-12
1.3555798e-12
1.3555812e-12
1.3555824e-12
1.3555835e-12
1.3555845e-12
1.3555853e-12
1.3555861e-12
1.3555867e-12
1.3555872e-12
1.3555877e-12
1.355588e-12
1.3555883e-12
1.3555886e-12
1.3555888e-12
1.3555889e-12
1.355589e-12
1.3555891e-12
1.3555891e-12
1.3555891e-12
1.3555891e-12
1.3555891e-12
1.355589e-12
1.3555889e-12
1.3555889e-12
1.3555888e-12
1.3555887e-12
1.3555886e-12
1.3555885e-12
1.3555884e-12
1.3555883e-12
1.3555882e-12
1.3555881e-12
1.3555881e-12
1.355588e-12
1.3555879e-12
1.3555878e-12
1.3555877e-12
1.3555877e-12
1.3555876e-12
1.3555875e-12
1.3555874e-12
1.3555874e-12
1.3555873e-12
1.3555872e-12
1.3555872e-12
1.3555871e-12
1.355587e-12
1.3555869e-12
1.3555868e-12
1.3555867e-12
1.3555866e-12
1.3555864e-12
1.3555862e-12
1.3555861e-12
1.3555859e-12
1.3555856e-12
1.3555854e-12
1.3555851e-12
1.3555848e-12
1.3555844e-12
1.3555841e-12
1.3555837e-12
1.3555833e-12
1.355583e-12
1.3555826e-12
)
;

boundaryField
{
    inlet_0
    {
        type            calculated;
        value           nonuniform List<scalar> 9(-3.2539731e-11 -3.2539731e-11 -3.2539731e-11 -3.2539731e-11 -3.2539732e-11 -3.2539731e-11 -3.2539731e-11 -3.2539732e-11 -3.2539731e-11);
    }
    inlet_1
    {
        type            calculated;
        value           nonuniform List<scalar> 9(-3.2539731e-11 -3.2539732e-11 -3.2539731e-11 -3.2539731e-11 -3.2539732e-11 -3.2539731e-11 -3.2539731e-11 -3.2539732e-11 -3.2539731e-11);
    }
    inlet_2
    {
        type            calculated;
        value           nonuniform List<scalar> 9(-3.2539731e-11 -3.2539732e-11 -3.2539731e-11 -3.2539731e-11 -3.2539732e-11 -3.2539731e-11 -3.2539731e-11 -3.2539732e-11 -3.2539731e-11);
    }
    inlet_3
    {
        type            calculated;
        value           nonuniform List<scalar> 9(-3.2539731e-11 -3.2539732e-11 -3.2539731e-11 -3.2539731e-11 -3.2539732e-11 -3.2539731e-11 -3.2539731e-11 -3.2539732e-11 -3.2539731e-11);
    }
    inlet_4
    {
        type            calculated;
        value           nonuniform List<scalar> 9(-3.2539731e-11 -3.2539732e-11 -3.2539731e-11 -3.2539731e-11 -3.2539732e-11 -3.2539731e-11 -3.2539731e-11 -3.2539732e-11 -3.2539731e-11);
    }
    inlet_5
    {
        type            calculated;
        value           nonuniform List<scalar> 9(-3.2539731e-11 -3.2539732e-11 -3.2539731e-11 -3.2539731e-11 -3.2539732e-11 -3.2539731e-11 -3.2539731e-11 -3.2539732e-11 -3.2539731e-11);
    }
    inlet_6
    {
        type            calculated;
        value           nonuniform List<scalar> 9(-3.2539731e-11 -3.2539732e-11 -3.2539731e-11 -3.2539731e-11 -3.2539732e-11 -3.2539731e-11 -3.2539731e-11 -3.2539732e-11 -3.2539731e-11);
    }
    inlet_7
    {
        type            calculated;
        value           nonuniform List<scalar> 9(-3.2539731e-11 -3.2539732e-11 -3.2539731e-11 -3.2539731e-11 -3.2539732e-11 -3.2539731e-11 -3.2539731e-11 -3.2539732e-11 -3.2539731e-11);
    }
    outlet
    {
        type            calculated;
        value           nonuniform List<scalar> 
72
(
1.355538e-12
3.9913004e-12
6.5517425e-12
9.0368572e-12
1.1446638e-11
1.378108e-11
1.6040177e-11
1.8223925e-11
2.0332321e-11
2.2365362e-11
2.4323045e-11
2.6205371e-11
2.8012339e-11
2.9743951e-11
3.1400209e-11
3.2981116e-11
3.4486676e-11
3.5916894e-11
3.7271776e-11
3.8551328e-11
3.9755557e-11
4.0884472e-11
4.1938079e-11
4.2916386e-11
4.3819403e-11
4.4647139e-11
4.5399598e-11
4.6076791e-11
4.6678727e-11
4.7205408e-11
4.7656844e-11
4.8033041e-11
4.8334001e-11
4.8559729e-11
4.871023e-11
4.8785501e-11
4.8785547e-11
4.8710367e-11
4.8559956e-11
4.8334315e-11
4.8033442e-11
4.7657327e-11
4.7205969e-11
4.6679362e-11
4.6077496e-11
4.5400366e-11
4.4647965e-11
4.382028e-11
4.2917307e-11
4.1939037e-11
4.0885459e-11
3.9756566e-11
3.8552352e-11
3.7272805e-11
3.5917921e-11
3.4487694e-11
3.2982116e-11
3.1401184e-11
2.9744894e-11
2.8013242e-11
2.6206228e-11
2.432385e-11
2.2366108e-11
2.0333003e-11
1.8224539e-11
1.6040718e-11
1.3781544e-11
1.1447023e-11
9.0371585e-12
6.5519592e-12
3.9914312e-12
1.3555818e-12
)
;
    }
    walls
    {
        type            calculated;
        value           nonuniform List<scalar> 0();
    }
    floor
    {
        type            calculated;
        value           uniform 0;
    }
    frontAndBack
    {
        type            empty;
    }
}


// ************************************************************************* //
