/*--------------------------------*- C++ -*----------------------------------*\
| =========                 |                                                 |
| \\      /  F ield         | OpenFOAM: The Open Source CFD Toolbox           |
|  \\    /   O peration     | Version:  2406                                  |
|   \\  /    A nd           | Website:  www.openfoam.com                      |
|    \\/     M anipulation  |                                                 |
\*---------------------------------------------------------------------------*/
FoamFile
{
    version     2.0;
    format      ascii;
    arch        "LSB;label=32;scalar=64";
    class       vectorField;
    location    "constant/polyMesh";
    object      points;
}
// * * * * * * * * * * * * * * * * * * * * * * * * * * * * * * * * * * * * * //


16482
(
(0 0 0)
(5e-05 0 0)
(0.0001 0 0)
(0.00015 0 0)
(0.0002 0 0)
(0.00025 0 0)
(0.0003 0 0)
(0.00035 0 0)
(0.0004 0 0)
(0.00045 0 0)
(0.0005 0 0)
(0.00055 0 0)
(0.0006 0 0)
(0.00065 0 0)
(0.0007 0 0)
(0.00075 0 0)
(0.0008 0 0)
(0.00085 0 0)
(0.0009 0 0)
(0.00095 0 0)
(0.001 0 0)
(0.00105 0 0)
(0.0011 0 0)
(0.00115 0 0)
(0.0012 0 0)
(0.00125 0 0)
(0.0013 0 0)
(0.00135 0 0)
(0.0014 0 0)
(0.00145 0 0)
(0.0015 0 0)
(0.00155 0 0)
(0.0016 0 0)
(0.00165 0 0)
(0.0017 0 0)
(0.00175 0 0)
(0.0018 0 0)
(0.00185 0 0)
(0.0019 0 0)
(0.00195 0 0)
(0.002 0 0)
(0.00205 0 0)
(0.0021 0 0)
(0.00215 0 0)
(0.0022 0 0)
(0.00225 0 0)
(0.0023 0 0)
(0.00235 0 0)
(0.0024 0 0)
(0.00245 0 0)
(0.0025 0 0)
(0.00255 0 0)
(0.0026 0 0)
(0.00265 0 0)
(0.0027 0 0)
(0.00275 0 0)
(0.0028 0 0)
(0.00285 0 0)
(0.0029 0 0)
(0.00295 0 0)
(0.003 0 0)
(0.00305 0 0)
(0.0031 0 0)
(0.00315 0 0)
(0.0032 0 0)
(0.00325 0 0)
(0.0033 0 0)
(0.00335 0 0)
(0.0034 0 0)
(0.00345 0 0)
(0.0035 0 0)
(0.00355 0 0)
(0.0036 0 0)
(0.00365 0 0)
(0.0037 0 0)
(0.00375 0 0)
(0.0038 0 0)
(0.00385 0 0)
(0.0039 0 0)
(0.00395 0 0)
(0.004 0 0)
(0.00405 0 0)
(0.0041 0 0)
(0.00415 0 0)
(0.0042 0 0)
(0.00425 0 0)
(0.0043 0 0)
(0.00435 0 0)
(0.0044 0 0)
(0.00445 0 0)
(0.0045 0 0)
(0.00455 0 0)
(0.0046 0 0)
(0.00465 0 0)
(0.0047 0 0)
(0.00475 0 0)
(0.0048 0 0)
(0.00485 0 0)
(0.0049 0 0)
(0.00495 0 0)
(0.005 0 0)
(0.00505 0 0)
(0.0051 0 0)
(0.00515 0 0)
(0.0052 0 0)
(0.00525 0 0)
(0.0053 0 0)
(0.00535 0 0)
(0.0054 0 0)
(0.00545 0 0)
(0.0055 0 0)
(0.00555 0 0)
(0.0056 0 0)
(0.00565 0 0)
(0.0057 0 0)
(0.00575 0 0)
(0.0058 0 0)
(0.00585 0 0)
(0.0059 0 0)
(0.00595 0 0)
(0.006 0 0)
(0.00605 0 0)
(0.0061 0 0)
(0.00615 0 0)
(0.0062 0 0)
(0.00625 0 0)
(0.0063 0 0)
(0.00635 0 0)
(0.0064 0 0)
(0.00645 0 0)
(0.0065 0 0)
(0.00655 0 0)
(0.0066 0 0)
(0.00665 0 0)
(0.0067 0 0)
(0.00675 0 0)
(0.0068 0 0)
(0.00685 0 0)
(0.0069 0 0)
(0.00695 0 0)
(0.007 0 0)
(0.00705 0 0)
(0.0071 0 0)
(0.00715 0 0)
(0.0072 0 0)
(0.00725 0 0)
(0.0073 0 0)
(0.00735 0 0)
(0.0074 0 0)
(0.00745 0 0)
(0.0075 0 0)
(0.00755 0 0)
(0.0076 0 0)
(0.00765 0 0)
(0.0077 0 0)
(0.00775 0 0)
(0.0078 0 0)
(0.00785 0 0)
(0.0079 0 0)
(0.00795 0 0)
(0.008 0 0)
(0.00805 0 0)
(0.0081 0 0)
(0.00815 0 0)
(0.0082 0 0)
(0.00825 0 0)
(0.0083 0 0)
(0.00835 0 0)
(0.0084 0 0)
(0.00845 0 0)
(0.0085 0 0)
(0.00855 0 0)
(0.0086 0 0)
(0.00865 0 0)
(0.0087 0 0)
(0.00875 0 0)
(0.0088 0 0)
(0.00885 0 0)
(0.0089 0 0)
(0.00895 0 0)
(0.009 0 0)
(0.00905 0 0)
(0.0091 0 0)
(0.00915 0 0)
(0.0092 0 0)
(0.00925 0 0)
(0.0093 0 0)
(0.00935 0 0)
(0.0094 0 0)
(0.00945 0 0)
(0.0095 0 0)
(0.00955 0 0)
(0.0096 0 0)
(0.00965 0 0)
(0.0097 0 0)
(0.00975 0 0)
(0.0098 0 0)
(0.00985 0 0)
(0.0099 0 0)
(0.00995 0 0)
(0.01 0 0)
(0 4.30708e-05 0)
(5e-05 4.30708e-05 0)
(0.0001 4.30708e-05 0)
(0.00015 4.30708e-05 0)
(0.0002 4.30708e-05 0)
(0.00025 4.30708e-05 0)
(0.0003 4.30708e-05 0)
(0.00035 4.30708e-05 0)
(0.0004 4.30708e-05 0)
(0.00045 4.30708e-05 0)
(0.0005 4.30708e-05 0)
(0.00055 4.30708e-05 0)
(0.0006 4.30708e-05 0)
(0.00065 4.30708e-05 0)
(0.0007 4.30708e-05 0)
(0.00075 4.30708e-05 0)
(0.0008 4.30708e-05 0)
(0.00085 4.30708e-05 0)
(0.0009 4.30708e-05 0)
(0.00095 4.30708e-05 0)
(0.001 4.30708e-05 0)
(0.00105 4.30708e-05 0)
(0.0011 4.30708e-05 0)
(0.00115 4.30708e-05 0)
(0.0012 4.30708e-05 0)
(0.00125 4.30708e-05 0)
(0.0013 4.30708e-05 0)
(0.00135 4.30708e-05 0)
(0.0014 4.30708e-05 0)
(0.00145 4.30708e-05 0)
(0.0015 4.30708e-05 0)
(0.00155 4.30708e-05 0)
(0.0016 4.30708e-05 0)
(0.00165 4.30708e-05 0)
(0.0017 4.30708e-05 0)
(0.00175 4.30708e-05 0)
(0.0018 4.30708e-05 0)
(0.00185 4.30708e-05 0)
(0.0019 4.30708e-05 0)
(0.00195 4.30708e-05 0)
(0.002 4.30708e-05 0)
(0.00205 4.30708e-05 0)
(0.0021 4.30708e-05 0)
(0.00215 4.30708e-05 0)
(0.0022 4.30708e-05 0)
(0.00225 4.30708e-05 0)
(0.0023 4.30708e-05 0)
(0.00235 4.30708e-05 0)
(0.0024 4.30708e-05 0)
(0.00245 4.30708e-05 0)
(0.0025 4.30708e-05 0)
(0.00255 4.30708e-05 0)
(0.0026 4.30708e-05 0)
(0.00265 4.30708e-05 0)
(0.0027 4.30708e-05 0)
(0.00275 4.30708e-05 0)
(0.0028 4.30708e-05 0)
(0.00285 4.30708e-05 0)
(0.0029 4.30708e-05 0)
(0.00295 4.30708e-05 0)
(0.003 4.30708e-05 0)
(0.00305 4.30708e-05 0)
(0.0031 4.30708e-05 0)
(0.00315 4.30708e-05 0)
(0.0032 4.30708e-05 0)
(0.00325 4.30708e-05 0)
(0.0033 4.30708e-05 0)
(0.00335 4.30708e-05 0)
(0.0034 4.30708e-05 0)
(0.00345 4.30708e-05 0)
(0.0035 4.30708e-05 0)
(0.00355 4.30708e-05 0)
(0.0036 4.30708e-05 0)
(0.00365 4.30708e-05 0)
(0.0037 4.30708e-05 0)
(0.00375 4.30708e-05 0)
(0.0038 4.30708e-05 0)
(0.00385 4.30708e-05 0)
(0.0039 4.30708e-05 0)
(0.00395 4.30708e-05 0)
(0.004 4.30708e-05 0)
(0.00405 4.30708e-05 0)
(0.0041 4.30708e-05 0)
(0.00415 4.30708e-05 0)
(0.0042 4.30708e-05 0)
(0.00425 4.30708e-05 0)
(0.0043 4.30708e-05 0)
(0.00435 4.30708e-05 0)
(0.0044 4.30708e-05 0)
(0.00445 4.30708e-05 0)
(0.0045 4.30708e-05 0)
(0.00455 4.30708e-05 0)
(0.0046 4.30708e-05 0)
(0.00465 4.30708e-05 0)
(0.0047 4.30708e-05 0)
(0.00475 4.30708e-05 0)
(0.0048 4.30708e-05 0)
(0.00485 4.30708e-05 0)
(0.0049 4.30708e-05 0)
(0.00495 4.30708e-05 0)
(0.005 4.30708e-05 0)
(0.00505 4.30708e-05 0)
(0.0051 4.30708e-05 0)
(0.00515 4.30708e-05 0)
(0.0052 4.30708e-05 0)
(0.00525 4.30708e-05 0)
(0.0053 4.30708e-05 0)
(0.00535 4.30708e-05 0)
(0.0054 4.30708e-05 0)
(0.00545 4.30708e-05 0)
(0.0055 4.30708e-05 0)
(0.00555 4.30708e-05 0)
(0.0056 4.30708e-05 0)
(0.00565 4.30708e-05 0)
(0.0057 4.30708e-05 0)
(0.00575 4.30708e-05 0)
(0.0058 4.30708e-05 0)
(0.00585 4.30708e-05 0)
(0.0059 4.30708e-05 0)
(0.00595 4.30708e-05 0)
(0.006 4.30708e-05 0)
(0.00605 4.30708e-05 0)
(0.0061 4.30708e-05 0)
(0.00615 4.30708e-05 0)
(0.0062 4.30708e-05 0)
(0.00625 4.30708e-05 0)
(0.0063 4.30708e-05 0)
(0.00635 4.30708e-05 0)
(0.0064 4.30708e-05 0)
(0.00645 4.30708e-05 0)
(0.0065 4.30708e-05 0)
(0.00655 4.30708e-05 0)
(0.0066 4.30708e-05 0)
(0.00665 4.30708e-05 0)
(0.0067 4.30708e-05 0)
(0.00675 4.30708e-05 0)
(0.0068 4.30708e-05 0)
(0.00685 4.30708e-05 0)
(0.0069 4.30708e-05 0)
(0.00695 4.30708e-05 0)
(0.007 4.30708e-05 0)
(0.00705 4.30708e-05 0)
(0.0071 4.30708e-05 0)
(0.00715 4.30708e-05 0)
(0.0072 4.30708e-05 0)
(0.00725 4.30708e-05 0)
(0.0073 4.30708e-05 0)
(0.00735 4.30708e-05 0)
(0.0074 4.30708e-05 0)
(0.00745 4.30708e-05 0)
(0.0075 4.30708e-05 0)
(0.00755 4.30708e-05 0)
(0.0076 4.30708e-05 0)
(0.00765 4.30708e-05 0)
(0.0077 4.30708e-05 0)
(0.00775 4.30708e-05 0)
(0.0078 4.30708e-05 0)
(0.00785 4.30708e-05 0)
(0.0079 4.30708e-05 0)
(0.00795 4.30708e-05 0)
(0.008 4.30708e-05 0)
(0.00805 4.30708e-05 0)
(0.0081 4.30708e-05 0)
(0.00815 4.30708e-05 0)
(0.0082 4.30708e-05 0)
(0.00825 4.30708e-05 0)
(0.0083 4.30708e-05 0)
(0.00835 4.30708e-05 0)
(0.0084 4.30708e-05 0)
(0.00845 4.30708e-05 0)
(0.0085 4.30708e-05 0)
(0.00855 4.30708e-05 0)
(0.0086 4.30708e-05 0)
(0.00865 4.30708e-05 0)
(0.0087 4.30708e-05 0)
(0.00875 4.30708e-05 0)
(0.0088 4.30708e-05 0)
(0.00885 4.30708e-05 0)
(0.0089 4.30708e-05 0)
(0.00895 4.30708e-05 0)
(0.009 4.30708e-05 0)
(0.00905 4.30708e-05 0)
(0.0091 4.30708e-05 0)
(0.00915 4.30708e-05 0)
(0.0092 4.30708e-05 0)
(0.00925 4.30708e-05 0)
(0.0093 4.30708e-05 0)
(0.00935 4.30708e-05 0)
(0.0094 4.30708e-05 0)
(0.00945 4.30708e-05 0)
(0.0095 4.30708e-05 0)
(0.00955 4.30708e-05 0)
(0.0096 4.30708e-05 0)
(0.00965 4.30708e-05 0)
(0.0097 4.30708e-05 0)
(0.00975 4.30708e-05 0)
(0.0098 4.30708e-05 0)
(0.00985 4.30708e-05 0)
(0.0099 4.30708e-05 0)
(0.00995 4.30708e-05 0)
(0.01 4.30708e-05 0)
(0 8.61416e-05 0)
(5e-05 8.61416e-05 0)
(0.0001 8.61416e-05 0)
(0.00015 8.61416e-05 0)
(0.0002 8.61416e-05 0)
(0.00025 8.61416e-05 0)
(0.0003 8.61416e-05 0)
(0.00035 8.61416e-05 0)
(0.0004 8.61416e-05 0)
(0.00045 8.61416e-05 0)
(0.0005 8.61416e-05 0)
(0.00055 8.61416e-05 0)
(0.0006 8.61416e-05 0)
(0.00065 8.61416e-05 0)
(0.0007 8.61416e-05 0)
(0.00075 8.61416e-05 0)
(0.0008 8.61416e-05 0)
(0.00085 8.61416e-05 0)
(0.0009 8.61416e-05 0)
(0.00095 8.61416e-05 0)
(0.001 8.61416e-05 0)
(0.00105 8.61416e-05 0)
(0.0011 8.61416e-05 0)
(0.00115 8.61416e-05 0)
(0.0012 8.61416e-05 0)
(0.00125 8.61416e-05 0)
(0.0013 8.61416e-05 0)
(0.00135 8.61416e-05 0)
(0.0014 8.61416e-05 0)
(0.00145 8.61416e-05 0)
(0.0015 8.61416e-05 0)
(0.00155 8.61416e-05 0)
(0.0016 8.61416e-05 0)
(0.00165 8.61416e-05 0)
(0.0017 8.61416e-05 0)
(0.00175 8.61416e-05 0)
(0.0018 8.61416e-05 0)
(0.00185 8.61416e-05 0)
(0.0019 8.61416e-05 0)
(0.00195 8.61416e-05 0)
(0.002 8.61416e-05 0)
(0.00205 8.61416e-05 0)
(0.0021 8.61416e-05 0)
(0.00215 8.61416e-05 0)
(0.0022 8.61416e-05 0)
(0.00225 8.61416e-05 0)
(0.0023 8.61416e-05 0)
(0.00235 8.61416e-05 0)
(0.0024 8.61416e-05 0)
(0.00245 8.61416e-05 0)
(0.0025 8.61416e-05 0)
(0.00255 8.61416e-05 0)
(0.0026 8.61416e-05 0)
(0.00265 8.61416e-05 0)
(0.0027 8.61416e-05 0)
(0.00275 8.61416e-05 0)
(0.0028 8.61416e-05 0)
(0.00285 8.61416e-05 0)
(0.0029 8.61416e-05 0)
(0.00295 8.61416e-05 0)
(0.003 8.61416e-05 0)
(0.00305 8.61416e-05 0)
(0.0031 8.61416e-05 0)
(0.00315 8.61416e-05 0)
(0.0032 8.61416e-05 0)
(0.00325 8.61416e-05 0)
(0.0033 8.61416e-05 0)
(0.00335 8.61416e-05 0)
(0.0034 8.61416e-05 0)
(0.00345 8.61416e-05 0)
(0.0035 8.61416e-05 0)
(0.00355 8.61416e-05 0)
(0.0036 8.61416e-05 0)
(0.00365 8.61416e-05 0)
(0.0037 8.61416e-05 0)
(0.00375 8.61416e-05 0)
(0.0038 8.61416e-05 0)
(0.00385 8.61416e-05 0)
(0.0039 8.61416e-05 0)
(0.00395 8.61416e-05 0)
(0.004 8.61416e-05 0)
(0.00405 8.61416e-05 0)
(0.0041 8.61416e-05 0)
(0.00415 8.61416e-05 0)
(0.0042 8.61416e-05 0)
(0.00425 8.61416e-05 0)
(0.0043 8.61416e-05 0)
(0.00435 8.61416e-05 0)
(0.0044 8.61416e-05 0)
(0.00445 8.61416e-05 0)
(0.0045 8.61416e-05 0)
(0.00455 8.61416e-05 0)
(0.0046 8.61416e-05 0)
(0.00465 8.61416e-05 0)
(0.0047 8.61416e-05 0)
(0.00475 8.61416e-05 0)
(0.0048 8.61416e-05 0)
(0.00485 8.61416e-05 0)
(0.0049 8.61416e-05 0)
(0.00495 8.61416e-05 0)
(0.005 8.61416e-05 0)
(0.00505 8.61416e-05 0)
(0.0051 8.61416e-05 0)
(0.00515 8.61416e-05 0)
(0.0052 8.61416e-05 0)
(0.00525 8.61416e-05 0)
(0.0053 8.61416e-05 0)
(0.00535 8.61416e-05 0)
(0.0054 8.61416e-05 0)
(0.00545 8.61416e-05 0)
(0.0055 8.61416e-05 0)
(0.00555 8.61416e-05 0)
(0.0056 8.61416e-05 0)
(0.00565 8.61416e-05 0)
(0.0057 8.61416e-05 0)
(0.00575 8.61416e-05 0)
(0.0058 8.61416e-05 0)
(0.00585 8.61416e-05 0)
(0.0059 8.61416e-05 0)
(0.00595 8.61416e-05 0)
(0.006 8.61416e-05 0)
(0.00605 8.61416e-05 0)
(0.0061 8.61416e-05 0)
(0.00615 8.61416e-05 0)
(0.0062 8.61416e-05 0)
(0.00625 8.61416e-05 0)
(0.0063 8.61416e-05 0)
(0.00635 8.61416e-05 0)
(0.0064 8.61416e-05 0)
(0.00645 8.61416e-05 0)
(0.0065 8.61416e-05 0)
(0.00655 8.61416e-05 0)
(0.0066 8.61416e-05 0)
(0.00665 8.61416e-05 0)
(0.0067 8.61416e-05 0)
(0.00675 8.61416e-05 0)
(0.0068 8.61416e-05 0)
(0.00685 8.61416e-05 0)
(0.0069 8.61416e-05 0)
(0.00695 8.61416e-05 0)
(0.007 8.61416e-05 0)
(0.00705 8.61416e-05 0)
(0.0071 8.61416e-05 0)
(0.00715 8.61416e-05 0)
(0.0072 8.61416e-05 0)
(0.00725 8.61416e-05 0)
(0.0073 8.61416e-05 0)
(0.00735 8.61416e-05 0)
(0.0074 8.61416e-05 0)
(0.00745 8.61416e-05 0)
(0.0075 8.61416e-05 0)
(0.00755 8.61416e-05 0)
(0.0076 8.61416e-05 0)
(0.00765 8.61416e-05 0)
(0.0077 8.61416e-05 0)
(0.00775 8.61416e-05 0)
(0.0078 8.61416e-05 0)
(0.00785 8.61416e-05 0)
(0.0079 8.61416e-05 0)
(0.00795 8.61416e-05 0)
(0.008 8.61416e-05 0)
(0.00805 8.61416e-05 0)
(0.0081 8.61416e-05 0)
(0.00815 8.61416e-05 0)
(0.0082 8.61416e-05 0)
(0.00825 8.61416e-05 0)
(0.0083 8.61416e-05 0)
(0.00835 8.61416e-05 0)
(0.0084 8.61416e-05 0)
(0.00845 8.61416e-05 0)
(0.0085 8.61416e-05 0)
(0.00855 8.61416e-05 0)
(0.0086 8.61416e-05 0)
(0.00865 8.61416e-05 0)
(0.0087 8.61416e-05 0)
(0.00875 8.61416e-05 0)
(0.0088 8.61416e-05 0)
(0.00885 8.61416e-05 0)
(0.0089 8.61416e-05 0)
(0.00895 8.61416e-05 0)
(0.009 8.61416e-05 0)
(0.00905 8.61416e-05 0)
(0.0091 8.61416e-05 0)
(0.00915 8.61416e-05 0)
(0.0092 8.61416e-05 0)
(0.00925 8.61416e-05 0)
(0.0093 8.61416e-05 0)
(0.00935 8.61416e-05 0)
(0.0094 8.61416e-05 0)
(0.00945 8.61416e-05 0)
(0.0095 8.61416e-05 0)
(0.00955 8.61416e-05 0)
(0.0096 8.61416e-05 0)
(0.00965 8.61416e-05 0)
(0.0097 8.61416e-05 0)
(0.00975 8.61416e-05 0)
(0.0098 8.61416e-05 0)
(0.00985 8.61416e-05 0)
(0.0099 8.61416e-05 0)
(0.00995 8.61416e-05 0)
(0.01 8.61416e-05 0)
(0 0.0001292124 0)
(5e-05 0.0001292124 0)
(0.0001 0.0001292124 0)
(0.00015 0.0001292124 0)
(0.0002 0.0001292124 0)
(0.00025 0.0001292124 0)
(0.0003 0.0001292124 0)
(0.00035 0.0001292124 0)
(0.0004 0.0001292124 0)
(0.00045 0.0001292124 0)
(0.0005 0.0001292124 0)
(0.00055 0.0001292124 0)
(0.0006 0.0001292124 0)
(0.00065 0.0001292124 0)
(0.0007 0.0001292124 0)
(0.00075 0.0001292124 0)
(0.0008 0.0001292124 0)
(0.00085 0.0001292124 0)
(0.0009 0.0001292124 0)
(0.00095 0.0001292124 0)
(0.001 0.0001292124 0)
(0.00105 0.0001292124 0)
(0.0011 0.0001292124 0)
(0.00115 0.0001292124 0)
(0.0012 0.0001292124 0)
(0.00125 0.0001292124 0)
(0.0013 0.0001292124 0)
(0.00135 0.0001292124 0)
(0.0014 0.0001292124 0)
(0.00145 0.0001292124 0)
(0.0015 0.0001292124 0)
(0.00155 0.0001292124 0)
(0.0016 0.0001292124 0)
(0.00165 0.0001292124 0)
(0.0017 0.0001292124 0)
(0.00175 0.0001292124 0)
(0.0018 0.0001292124 0)
(0.00185 0.0001292124 0)
(0.0019 0.0001292124 0)
(0.00195 0.0001292124 0)
(0.002 0.0001292124 0)
(0.00205 0.0001292124 0)
(0.0021 0.0001292124 0)
(0.00215 0.0001292124 0)
(0.0022 0.0001292124 0)
(0.00225 0.0001292124 0)
(0.0023 0.0001292124 0)
(0.00235 0.0001292124 0)
(0.0024 0.0001292124 0)
(0.00245 0.0001292124 0)
(0.0025 0.0001292124 0)
(0.00255 0.0001292124 0)
(0.0026 0.0001292124 0)
(0.00265 0.0001292124 0)
(0.0027 0.0001292124 0)
(0.00275 0.0001292124 0)
(0.0028 0.0001292124 0)
(0.00285 0.0001292124 0)
(0.0029 0.0001292124 0)
(0.00295 0.0001292124 0)
(0.003 0.0001292124 0)
(0.00305 0.0001292124 0)
(0.0031 0.0001292124 0)
(0.00315 0.0001292124 0)
(0.0032 0.0001292124 0)
(0.00325 0.0001292124 0)
(0.0033 0.0001292124 0)
(0.00335 0.0001292124 0)
(0.0034 0.0001292124 0)
(0.00345 0.0001292124 0)
(0.0035 0.0001292124 0)
(0.00355 0.0001292124 0)
(0.0036 0.0001292124 0)
(0.00365 0.0001292124 0)
(0.0037 0.0001292124 0)
(0.00375 0.0001292124 0)
(0.0038 0.0001292124 0)
(0.00385 0.0001292124 0)
(0.0039 0.0001292124 0)
(0.00395 0.0001292124 0)
(0.004 0.0001292124 0)
(0.00405 0.0001292124 0)
(0.0041 0.0001292124 0)
(0.00415 0.0001292124 0)
(0.0042 0.0001292124 0)
(0.00425 0.0001292124 0)
(0.0043 0.0001292124 0)
(0.00435 0.0001292124 0)
(0.0044 0.0001292124 0)
(0.00445 0.0001292124 0)
(0.0045 0.0001292124 0)
(0.00455 0.0001292124 0)
(0.0046 0.0001292124 0)
(0.00465 0.0001292124 0)
(0.0047 0.0001292124 0)
(0.00475 0.0001292124 0)
(0.0048 0.0001292124 0)
(0.00485 0.0001292124 0)
(0.0049 0.0001292124 0)
(0.00495 0.0001292124 0)
(0.005 0.0001292124 0)
(0.00505 0.0001292124 0)
(0.0051 0.0001292124 0)
(0.00515 0.0001292124 0)
(0.0052 0.0001292124 0)
(0.00525 0.0001292124 0)
(0.0053 0.0001292124 0)
(0.00535 0.0001292124 0)
(0.0054 0.0001292124 0)
(0.00545 0.0001292124 0)
(0.0055 0.0001292124 0)
(0.00555 0.0001292124 0)
(0.0056 0.0001292124 0)
(0.00565 0.0001292124 0)
(0.0057 0.0001292124 0)
(0.00575 0.0001292124 0)
(0.0058 0.0001292124 0)
(0.00585 0.0001292124 0)
(0.0059 0.0001292124 0)
(0.00595 0.0001292124 0)
(0.006 0.0001292124 0)
(0.00605 0.0001292124 0)
(0.0061 0.0001292124 0)
(0.00615 0.0001292124 0)
(0.0062 0.0001292124 0)
(0.00625 0.0001292124 0)
(0.0063 0.0001292124 0)
(0.00635 0.0001292124 0)
(0.0064 0.0001292124 0)
(0.00645 0.0001292124 0)
(0.0065 0.0001292124 0)
(0.00655 0.0001292124 0)
(0.0066 0.0001292124 0)
(0.00665 0.0001292124 0)
(0.0067 0.0001292124 0)
(0.00675 0.0001292124 0)
(0.0068 0.0001292124 0)
(0.00685 0.0001292124 0)
(0.0069 0.0001292124 0)
(0.00695 0.0001292124 0)
(0.007 0.0001292124 0)
(0.00705 0.0001292124 0)
(0.0071 0.0001292124 0)
(0.00715 0.0001292124 0)
(0.0072 0.0001292124 0)
(0.00725 0.0001292124 0)
(0.0073 0.0001292124 0)
(0.00735 0.0001292124 0)
(0.0074 0.0001292124 0)
(0.00745 0.0001292124 0)
(0.0075 0.0001292124 0)
(0.00755 0.0001292124 0)
(0.0076 0.0001292124 0)
(0.00765 0.0001292124 0)
(0.0077 0.0001292124 0)
(0.00775 0.0001292124 0)
(0.0078 0.0001292124 0)
(0.00785 0.0001292124 0)
(0.0079 0.0001292124 0)
(0.00795 0.0001292124 0)
(0.008 0.0001292124 0)
(0.00805 0.0001292124 0)
(0.0081 0.0001292124 0)
(0.00815 0.0001292124 0)
(0.0082 0.0001292124 0)
(0.00825 0.0001292124 0)
(0.0083 0.0001292124 0)
(0.00835 0.0001292124 0)
(0.0084 0.0001292124 0)
(0.00845 0.0001292124 0)
(0.0085 0.0001292124 0)
(0.00855 0.0001292124 0)
(0.0086 0.0001292124 0)
(0.00865 0.0001292124 0)
(0.0087 0.0001292124 0)
(0.00875 0.0001292124 0)
(0.0088 0.0001292124 0)
(0.00885 0.0001292124 0)
(0.0089 0.0001292124 0)
(0.00895 0.0001292124 0)
(0.009 0.0001292124 0)
(0.00905 0.0001292124 0)
(0.0091 0.0001292124 0)
(0.00915 0.0001292124 0)
(0.0092 0.0001292124 0)
(0.00925 0.0001292124 0)
(0.0093 0.0001292124 0)
(0.00935 0.0001292124 0)
(0.0094 0.0001292124 0)
(0.00945 0.0001292124 0)
(0.0095 0.0001292124 0)
(0.00955 0.0001292124 0)
(0.0096 0.0001292124 0)
(0.00965 0.0001292124 0)
(0.0097 0.0001292124 0)
(0.00975 0.0001292124 0)
(0.0098 0.0001292124 0)
(0.00985 0.0001292124 0)
(0.0099 0.0001292124 0)
(0.00995 0.0001292124 0)
(0.01 0.0001292124 0)
(0 0.0001722832 0)
(5e-05 0.0001722832 0)
(0.0001 0.0001722832 0)
(0.00015 0.0001722832 0)
(0.0002 0.0001722832 0)
(0.00025 0.0001722832 0)
(0.0003 0.0001722832 0)
(0.00035 0.0001722832 0)
(0.0004 0.0001722832 0)
(0.00045 0.0001722832 0)
(0.0005 0.0001722832 0)
(0.00055 0.0001722832 0)
(0.0006 0.0001722832 0)
(0.00065 0.0001722832 0)
(0.0007 0.0001722832 0)
(0.00075 0.0001722832 0)
(0.0008 0.0001722832 0)
(0.00085 0.0001722832 0)
(0.0009 0.0001722832 0)
(0.00095 0.0001722832 0)
(0.001 0.0001722832 0)
(0.00105 0.0001722832 0)
(0.0011 0.0001722832 0)
(0.00115 0.0001722832 0)
(0.0012 0.0001722832 0)
(0.00125 0.0001722832 0)
(0.0013 0.0001722832 0)
(0.00135 0.0001722832 0)
(0.0014 0.0001722832 0)
(0.00145 0.0001722832 0)
(0.0015 0.0001722832 0)
(0.00155 0.0001722832 0)
(0.0016 0.0001722832 0)
(0.00165 0.0001722832 0)
(0.0017 0.0001722832 0)
(0.00175 0.0001722832 0)
(0.0018 0.0001722832 0)
(0.00185 0.0001722832 0)
(0.0019 0.0001722832 0)
(0.00195 0.0001722832 0)
(0.002 0.0001722832 0)
(0.00205 0.0001722832 0)
(0.0021 0.0001722832 0)
(0.00215 0.0001722832 0)
(0.0022 0.0001722832 0)
(0.00225 0.0001722832 0)
(0.0023 0.0001722832 0)
(0.00235 0.0001722832 0)
(0.0024 0.0001722832 0)
(0.00245 0.0001722832 0)
(0.0025 0.0001722832 0)
(0.00255 0.0001722832 0)
(0.0026 0.0001722832 0)
(0.00265 0.0001722832 0)
(0.0027 0.0001722832 0)
(0.00275 0.0001722832 0)
(0.0028 0.0001722832 0)
(0.00285 0.0001722832 0)
(0.0029 0.0001722832 0)
(0.00295 0.0001722832 0)
(0.003 0.0001722832 0)
(0.00305 0.0001722832 0)
(0.0031 0.0001722832 0)
(0.00315 0.0001722832 0)
(0.0032 0.0001722832 0)
(0.00325 0.0001722832 0)
(0.0033 0.0001722832 0)
(0.00335 0.0001722832 0)
(0.0034 0.0001722832 0)
(0.00345 0.0001722832 0)
(0.0035 0.0001722832 0)
(0.00355 0.0001722832 0)
(0.0036 0.0001722832 0)
(0.00365 0.0001722832 0)
(0.0037 0.0001722832 0)
(0.00375 0.0001722832 0)
(0.0038 0.0001722832 0)
(0.00385 0.0001722832 0)
(0.0039 0.0001722832 0)
(0.00395 0.0001722832 0)
(0.004 0.0001722832 0)
(0.00405 0.0001722832 0)
(0.0041 0.0001722832 0)
(0.00415 0.0001722832 0)
(0.0042 0.0001722832 0)
(0.00425 0.0001722832 0)
(0.0043 0.0001722832 0)
(0.00435 0.0001722832 0)
(0.0044 0.0001722832 0)
(0.00445 0.0001722832 0)
(0.0045 0.0001722832 0)
(0.00455 0.0001722832 0)
(0.0046 0.0001722832 0)
(0.00465 0.0001722832 0)
(0.0047 0.0001722832 0)
(0.00475 0.0001722832 0)
(0.0048 0.0001722832 0)
(0.00485 0.0001722832 0)
(0.0049 0.0001722832 0)
(0.00495 0.0001722832 0)
(0.005 0.0001722832 0)
(0.00505 0.0001722832 0)
(0.0051 0.0001722832 0)
(0.00515 0.0001722832 0)
(0.0052 0.0001722832 0)
(0.00525 0.0001722832 0)
(0.0053 0.0001722832 0)
(0.00535 0.0001722832 0)
(0.0054 0.0001722832 0)
(0.00545 0.0001722832 0)
(0.0055 0.0001722832 0)
(0.00555 0.0001722832 0)
(0.0056 0.0001722832 0)
(0.00565 0.0001722832 0)
(0.0057 0.0001722832 0)
(0.00575 0.0001722832 0)
(0.0058 0.0001722832 0)
(0.00585 0.0001722832 0)
(0.0059 0.0001722832 0)
(0.00595 0.0001722832 0)
(0.006 0.0001722832 0)
(0.00605 0.0001722832 0)
(0.0061 0.0001722832 0)
(0.00615 0.0001722832 0)
(0.0062 0.0001722832 0)
(0.00625 0.0001722832 0)
(0.0063 0.0001722832 0)
(0.00635 0.0001722832 0)
(0.0064 0.0001722832 0)
(0.00645 0.0001722832 0)
(0.0065 0.0001722832 0)
(0.00655 0.0001722832 0)
(0.0066 0.0001722832 0)
(0.00665 0.0001722832 0)
(0.0067 0.0001722832 0)
(0.00675 0.0001722832 0)
(0.0068 0.0001722832 0)
(0.00685 0.0001722832 0)
(0.0069 0.0001722832 0)
(0.00695 0.0001722832 0)
(0.007 0.0001722832 0)
(0.00705 0.0001722832 0)
(0.0071 0.0001722832 0)
(0.00715 0.0001722832 0)
(0.0072 0.0001722832 0)
(0.00725 0.0001722832 0)
(0.0073 0.0001722832 0)
(0.00735 0.0001722832 0)
(0.0074 0.0001722832 0)
(0.00745 0.0001722832 0)
(0.0075 0.0001722832 0)
(0.00755 0.0001722832 0)
(0.0076 0.0001722832 0)
(0.00765 0.0001722832 0)
(0.0077 0.0001722832 0)
(0.00775 0.0001722832 0)
(0.0078 0.0001722832 0)
(0.00785 0.0001722832 0)
(0.0079 0.0001722832 0)
(0.00795 0.0001722832 0)
(0.008 0.0001722832 0)
(0.00805 0.0001722832 0)
(0.0081 0.0001722832 0)
(0.00815 0.0001722832 0)
(0.0082 0.0001722832 0)
(0.00825 0.0001722832 0)
(0.0083 0.0001722832 0)
(0.00835 0.0001722832 0)
(0.0084 0.0001722832 0)
(0.00845 0.0001722832 0)
(0.0085 0.0001722832 0)
(0.00855 0.0001722832 0)
(0.0086 0.0001722832 0)
(0.00865 0.0001722832 0)
(0.0087 0.0001722832 0)
(0.00875 0.0001722832 0)
(0.0088 0.0001722832 0)
(0.00885 0.0001722832 0)
(0.0089 0.0001722832 0)
(0.00895 0.0001722832 0)
(0.009 0.0001722832 0)
(0.00905 0.0001722832 0)
(0.0091 0.0001722832 0)
(0.00915 0.0001722832 0)
(0.0092 0.0001722832 0)
(0.00925 0.0001722832 0)
(0.0093 0.0001722832 0)
(0.00935 0.0001722832 0)
(0.0094 0.0001722832 0)
(0.00945 0.0001722832 0)
(0.0095 0.0001722832 0)
(0.00955 0.0001722832 0)
(0.0096 0.0001722832 0)
(0.00965 0.0001722832 0)
(0.0097 0.0001722832 0)
(0.00975 0.0001722832 0)
(0.0098 0.0001722832 0)
(0.00985 0.0001722832 0)
(0.0099 0.0001722832 0)
(0.00995 0.0001722832 0)
(0.01 0.0001722832 0)
(0 0.000215354 0)
(5e-05 0.000215354 0)
(0.0001 0.000215354 0)
(0.00015 0.000215354 0)
(0.0002 0.000215354 0)
(0.00025 0.000215354 0)
(0.0003 0.000215354 0)
(0.00035 0.000215354 0)
(0.0004 0.000215354 0)
(0.00045 0.000215354 0)
(0.0005 0.000215354 0)
(0.00055 0.000215354 0)
(0.0006 0.000215354 0)
(0.00065 0.000215354 0)
(0.0007 0.000215354 0)
(0.00075 0.000215354 0)
(0.0008 0.000215354 0)
(0.00085 0.000215354 0)
(0.0009 0.000215354 0)
(0.00095 0.000215354 0)
(0.001 0.000215354 0)
(0.00105 0.000215354 0)
(0.0011 0.000215354 0)
(0.00115 0.000215354 0)
(0.0012 0.000215354 0)
(0.00125 0.000215354 0)
(0.0013 0.000215354 0)
(0.00135 0.000215354 0)
(0.0014 0.000215354 0)
(0.00145 0.000215354 0)
(0.0015 0.000215354 0)
(0.00155 0.000215354 0)
(0.0016 0.000215354 0)
(0.00165 0.000215354 0)
(0.0017 0.000215354 0)
(0.00175 0.000215354 0)
(0.0018 0.000215354 0)
(0.00185 0.000215354 0)
(0.0019 0.000215354 0)
(0.00195 0.000215354 0)
(0.002 0.000215354 0)
(0.00205 0.000215354 0)
(0.0021 0.000215354 0)
(0.00215 0.000215354 0)
(0.0022 0.000215354 0)
(0.00225 0.000215354 0)
(0.0023 0.000215354 0)
(0.00235 0.000215354 0)
(0.0024 0.000215354 0)
(0.00245 0.000215354 0)
(0.0025 0.000215354 0)
(0.00255 0.000215354 0)
(0.0026 0.000215354 0)
(0.00265 0.000215354 0)
(0.0027 0.000215354 0)
(0.00275 0.000215354 0)
(0.0028 0.000215354 0)
(0.00285 0.000215354 0)
(0.0029 0.000215354 0)
(0.00295 0.000215354 0)
(0.003 0.000215354 0)
(0.00305 0.000215354 0)
(0.0031 0.000215354 0)
(0.00315 0.000215354 0)
(0.0032 0.000215354 0)
(0.00325 0.000215354 0)
(0.0033 0.000215354 0)
(0.00335 0.000215354 0)
(0.0034 0.000215354 0)
(0.00345 0.000215354 0)
(0.0035 0.000215354 0)
(0.00355 0.000215354 0)
(0.0036 0.000215354 0)
(0.00365 0.000215354 0)
(0.0037 0.000215354 0)
(0.00375 0.000215354 0)
(0.0038 0.000215354 0)
(0.00385 0.000215354 0)
(0.0039 0.000215354 0)
(0.00395 0.000215354 0)
(0.004 0.000215354 0)
(0.00405 0.000215354 0)
(0.0041 0.000215354 0)
(0.00415 0.000215354 0)
(0.0042 0.000215354 0)
(0.00425 0.000215354 0)
(0.0043 0.000215354 0)
(0.00435 0.000215354 0)
(0.0044 0.000215354 0)
(0.00445 0.000215354 0)
(0.0045 0.000215354 0)
(0.00455 0.000215354 0)
(0.0046 0.000215354 0)
(0.00465 0.000215354 0)
(0.0047 0.000215354 0)
(0.00475 0.000215354 0)
(0.0048 0.000215354 0)
(0.00485 0.000215354 0)
(0.0049 0.000215354 0)
(0.00495 0.000215354 0)
(0.005 0.000215354 0)
(0.00505 0.000215354 0)
(0.0051 0.000215354 0)
(0.00515 0.000215354 0)
(0.0052 0.000215354 0)
(0.00525 0.000215354 0)
(0.0053 0.000215354 0)
(0.00535 0.000215354 0)
(0.0054 0.000215354 0)
(0.00545 0.000215354 0)
(0.0055 0.000215354 0)
(0.00555 0.000215354 0)
(0.0056 0.000215354 0)
(0.00565 0.000215354 0)
(0.0057 0.000215354 0)
(0.00575 0.000215354 0)
(0.0058 0.000215354 0)
(0.00585 0.000215354 0)
(0.0059 0.000215354 0)
(0.00595 0.000215354 0)
(0.006 0.000215354 0)
(0.00605 0.000215354 0)
(0.0061 0.000215354 0)
(0.00615 0.000215354 0)
(0.0062 0.000215354 0)
(0.00625 0.000215354 0)
(0.0063 0.000215354 0)
(0.00635 0.000215354 0)
(0.0064 0.000215354 0)
(0.00645 0.000215354 0)
(0.0065 0.000215354 0)
(0.00655 0.000215354 0)
(0.0066 0.000215354 0)
(0.00665 0.000215354 0)
(0.0067 0.000215354 0)
(0.00675 0.000215354 0)
(0.0068 0.000215354 0)
(0.00685 0.000215354 0)
(0.0069 0.000215354 0)
(0.00695 0.000215354 0)
(0.007 0.000215354 0)
(0.00705 0.000215354 0)
(0.0071 0.000215354 0)
(0.00715 0.000215354 0)
(0.0072 0.000215354 0)
(0.00725 0.000215354 0)
(0.0073 0.000215354 0)
(0.00735 0.000215354 0)
(0.0074 0.000215354 0)
(0.00745 0.000215354 0)
(0.0075 0.000215354 0)
(0.00755 0.000215354 0)
(0.0076 0.000215354 0)
(0.00765 0.000215354 0)
(0.0077 0.000215354 0)
(0.00775 0.000215354 0)
(0.0078 0.000215354 0)
(0.00785 0.000215354 0)
(0.0079 0.000215354 0)
(0.00795 0.000215354 0)
(0.008 0.000215354 0)
(0.00805 0.000215354 0)
(0.0081 0.000215354 0)
(0.00815 0.000215354 0)
(0.0082 0.000215354 0)
(0.00825 0.000215354 0)
(0.0083 0.000215354 0)
(0.00835 0.000215354 0)
(0.0084 0.000215354 0)
(0.00845 0.000215354 0)
(0.0085 0.000215354 0)
(0.00855 0.000215354 0)
(0.0086 0.000215354 0)
(0.00865 0.000215354 0)
(0.0087 0.000215354 0)
(0.00875 0.000215354 0)
(0.0088 0.000215354 0)
(0.00885 0.000215354 0)
(0.0089 0.000215354 0)
(0.00895 0.000215354 0)
(0.009 0.000215354 0)
(0.00905 0.000215354 0)
(0.0091 0.000215354 0)
(0.00915 0.000215354 0)
(0.0092 0.000215354 0)
(0.00925 0.000215354 0)
(0.0093 0.000215354 0)
(0.00935 0.000215354 0)
(0.0094 0.000215354 0)
(0.00945 0.000215354 0)
(0.0095 0.000215354 0)
(0.00955 0.000215354 0)
(0.0096 0.000215354 0)
(0.00965 0.000215354 0)
(0.0097 0.000215354 0)
(0.00975 0.000215354 0)
(0.0098 0.000215354 0)
(0.00985 0.000215354 0)
(0.0099 0.000215354 0)
(0.00995 0.000215354 0)
(0.01 0.000215354 0)
(0 0 0.0002)
(5e-05 0 0.0002)
(0.0001 0 0.0002)
(0.00015 0 0.0002)
(0.0002 0 0.0002)
(0.00025 0 0.0002)
(0.0003 0 0.0002)
(0.00035 0 0.0002)
(0.0004 0 0.0002)
(0.00045 0 0.0002)
(0.0005 0 0.0002)
(0.00055 0 0.0002)
(0.0006 0 0.0002)
(0.00065 0 0.0002)
(0.0007 0 0.0002)
(0.00075 0 0.0002)
(0.0008 0 0.0002)
(0.00085 0 0.0002)
(0.0009 0 0.0002)
(0.00095 0 0.0002)
(0.001 0 0.0002)
(0.00105 0 0.0002)
(0.0011 0 0.0002)
(0.00115 0 0.0002)
(0.0012 0 0.0002)
(0.00125 0 0.0002)
(0.0013 0 0.0002)
(0.00135 0 0.0002)
(0.0014 0 0.0002)
(0.00145 0 0.0002)
(0.0015 0 0.0002)
(0.00155 0 0.0002)
(0.0016 0 0.0002)
(0.00165 0 0.0002)
(0.0017 0 0.0002)
(0.00175 0 0.0002)
(0.0018 0 0.0002)
(0.00185 0 0.0002)
(0.0019 0 0.0002)
(0.00195 0 0.0002)
(0.002 0 0.0002)
(0.00205 0 0.0002)
(0.0021 0 0.0002)
(0.00215 0 0.0002)
(0.0022 0 0.0002)
(0.00225 0 0.0002)
(0.0023 0 0.0002)
(0.00235 0 0.0002)
(0.0024 0 0.0002)
(0.00245 0 0.0002)
(0.0025 0 0.0002)
(0.00255 0 0.0002)
(0.0026 0 0.0002)
(0.00265 0 0.0002)
(0.0027 0 0.0002)
(0.00275 0 0.0002)
(0.0028 0 0.0002)
(0.00285 0 0.0002)
(0.0029 0 0.0002)
(0.00295 0 0.0002)
(0.003 0 0.0002)
(0.00305 0 0.0002)
(0.0031 0 0.0002)
(0.00315 0 0.0002)
(0.0032 0 0.0002)
(0.00325 0 0.0002)
(0.0033 0 0.0002)
(0.00335 0 0.0002)
(0.0034 0 0.0002)
(0.00345 0 0.0002)
(0.0035 0 0.0002)
(0.00355 0 0.0002)
(0.0036 0 0.0002)
(0.00365 0 0.0002)
(0.0037 0 0.0002)
(0.00375 0 0.0002)
(0.0038 0 0.0002)
(0.00385 0 0.0002)
(0.0039 0 0.0002)
(0.00395 0 0.0002)
(0.004 0 0.0002)
(0.00405 0 0.0002)
(0.0041 0 0.0002)
(0.00415 0 0.0002)
(0.0042 0 0.0002)
(0.00425 0 0.0002)
(0.0043 0 0.0002)
(0.00435 0 0.0002)
(0.0044 0 0.0002)
(0.00445 0 0.0002)
(0.0045 0 0.0002)
(0.00455 0 0.0002)
(0.0046 0 0.0002)
(0.00465 0 0.0002)
(0.0047 0 0.0002)
(0.00475 0 0.0002)
(0.0048 0 0.0002)
(0.00485 0 0.0002)
(0.0049 0 0.0002)
(0.00495 0 0.0002)
(0.005 0 0.0002)
(0.00505 0 0.0002)
(0.0051 0 0.0002)
(0.00515 0 0.0002)
(0.0052 0 0.0002)
(0.00525 0 0.0002)
(0.0053 0 0.0002)
(0.00535 0 0.0002)
(0.0054 0 0.0002)
(0.00545 0 0.0002)
(0.0055 0 0.0002)
(0.00555 0 0.0002)
(0.0056 0 0.0002)
(0.00565 0 0.0002)
(0.0057 0 0.0002)
(0.00575 0 0.0002)
(0.0058 0 0.0002)
(0.00585 0 0.0002)
(0.0059 0 0.0002)
(0.00595 0 0.0002)
(0.006 0 0.0002)
(0.00605 0 0.0002)
(0.0061 0 0.0002)
(0.00615 0 0.0002)
(0.0062 0 0.0002)
(0.00625 0 0.0002)
(0.0063 0 0.0002)
(0.00635 0 0.0002)
(0.0064 0 0.0002)
(0.00645 0 0.0002)
(0.0065 0 0.0002)
(0.00655 0 0.0002)
(0.0066 0 0.0002)
(0.00665 0 0.0002)
(0.0067 0 0.0002)
(0.00675 0 0.0002)
(0.0068 0 0.0002)
(0.00685 0 0.0002)
(0.0069 0 0.0002)
(0.00695 0 0.0002)
(0.007 0 0.0002)
(0.00705 0 0.0002)
(0.0071 0 0.0002)
(0.00715 0 0.0002)
(0.0072 0 0.0002)
(0.00725 0 0.0002)
(0.0073 0 0.0002)
(0.00735 0 0.0002)
(0.0074 0 0.0002)
(0.00745 0 0.0002)
(0.0075 0 0.0002)
(0.00755 0 0.0002)
(0.0076 0 0.0002)
(0.00765 0 0.0002)
(0.0077 0 0.0002)
(0.00775 0 0.0002)
(0.0078 0 0.0002)
(0.00785 0 0.0002)
(0.0079 0 0.0002)
(0.00795 0 0.0002)
(0.008 0 0.0002)
(0.00805 0 0.0002)
(0.0081 0 0.0002)
(0.00815 0 0.0002)
(0.0082 0 0.0002)
(0.00825 0 0.0002)
(0.0083 0 0.0002)
(0.00835 0 0.0002)
(0.0084 0 0.0002)
(0.00845 0 0.0002)
(0.0085 0 0.0002)
(0.00855 0 0.0002)
(0.0086 0 0.0002)
(0.00865 0 0.0002)
(0.0087 0 0.0002)
(0.00875 0 0.0002)
(0.0088 0 0.0002)
(0.00885 0 0.0002)
(0.0089 0 0.0002)
(0.00895 0 0.0002)
(0.009 0 0.0002)
(0.00905 0 0.0002)
(0.0091 0 0.0002)
(0.00915 0 0.0002)
(0.0092 0 0.0002)
(0.00925 0 0.0002)
(0.0093 0 0.0002)
(0.00935 0 0.0002)
(0.0094 0 0.0002)
(0.00945 0 0.0002)
(0.0095 0 0.0002)
(0.00955 0 0.0002)
(0.0096 0 0.0002)
(0.00965 0 0.0002)
(0.0097 0 0.0002)
(0.00975 0 0.0002)
(0.0098 0 0.0002)
(0.00985 0 0.0002)
(0.0099 0 0.0002)
(0.00995 0 0.0002)
(0.01 0 0.0002)
(0 4.30708e-05 0.0002)
(5e-05 4.30708e-05 0.0002)
(0.0001 4.30708e-05 0.0002)
(0.00015 4.30708e-05 0.0002)
(0.0002 4.30708e-05 0.0002)
(0.00025 4.30708e-05 0.0002)
(0.0003 4.30708e-05 0.0002)
(0.00035 4.30708e-05 0.0002)
(0.0004 4.30708e-05 0.0002)
(0.00045 4.30708e-05 0.0002)
(0.0005 4.30708e-05 0.0002)
(0.00055 4.30708e-05 0.0002)
(0.0006 4.30708e-05 0.0002)
(0.00065 4.30708e-05 0.0002)
(0.0007 4.30708e-05 0.0002)
(0.00075 4.30708e-05 0.0002)
(0.0008 4.30708e-05 0.0002)
(0.00085 4.30708e-05 0.0002)
(0.0009 4.30708e-05 0.0002)
(0.00095 4.30708e-05 0.0002)
(0.001 4.30708e-05 0.0002)
(0.00105 4.30708e-05 0.0002)
(0.0011 4.30708e-05 0.0002)
(0.00115 4.30708e-05 0.0002)
(0.0012 4.30708e-05 0.0002)
(0.00125 4.30708e-05 0.0002)
(0.0013 4.30708e-05 0.0002)
(0.00135 4.30708e-05 0.0002)
(0.0014 4.30708e-05 0.0002)
(0.00145 4.30708e-05 0.0002)
(0.0015 4.30708e-05 0.0002)
(0.00155 4.30708e-05 0.0002)
(0.0016 4.30708e-05 0.0002)
(0.00165 4.30708e-05 0.0002)
(0.0017 4.30708e-05 0.0002)
(0.00175 4.30708e-05 0.0002)
(0.0018 4.30708e-05 0.0002)
(0.00185 4.30708e-05 0.0002)
(0.0019 4.30708e-05 0.0002)
(0.00195 4.30708e-05 0.0002)
(0.002 4.30708e-05 0.0002)
(0.00205 4.30708e-05 0.0002)
(0.0021 4.30708e-05 0.0002)
(0.00215 4.30708e-05 0.0002)
(0.0022 4.30708e-05 0.0002)
(0.00225 4.30708e-05 0.0002)
(0.0023 4.30708e-05 0.0002)
(0.00235 4.30708e-05 0.0002)
(0.0024 4.30708e-05 0.0002)
(0.00245 4.30708e-05 0.0002)
(0.0025 4.30708e-05 0.0002)
(0.00255 4.30708e-05 0.0002)
(0.0026 4.30708e-05 0.0002)
(0.00265 4.30708e-05 0.0002)
(0.0027 4.30708e-05 0.0002)
(0.00275 4.30708e-05 0.0002)
(0.0028 4.30708e-05 0.0002)
(0.00285 4.30708e-05 0.0002)
(0.0029 4.30708e-05 0.0002)
(0.00295 4.30708e-05 0.0002)
(0.003 4.30708e-05 0.0002)
(0.00305 4.30708e-05 0.0002)
(0.0031 4.30708e-05 0.0002)
(0.00315 4.30708e-05 0.0002)
(0.0032 4.30708e-05 0.0002)
(0.00325 4.30708e-05 0.0002)
(0.0033 4.30708e-05 0.0002)
(0.00335 4.30708e-05 0.0002)
(0.0034 4.30708e-05 0.0002)
(0.00345 4.30708e-05 0.0002)
(0.0035 4.30708e-05 0.0002)
(0.00355 4.30708e-05 0.0002)
(0.0036 4.30708e-05 0.0002)
(0.00365 4.30708e-05 0.0002)
(0.0037 4.30708e-05 0.0002)
(0.00375 4.30708e-05 0.0002)
(0.0038 4.30708e-05 0.0002)
(0.00385 4.30708e-05 0.0002)
(0.0039 4.30708e-05 0.0002)
(0.00395 4.30708e-05 0.0002)
(0.004 4.30708e-05 0.0002)
(0.00405 4.30708e-05 0.0002)
(0.0041 4.30708e-05 0.0002)
(0.00415 4.30708e-05 0.0002)
(0.0042 4.30708e-05 0.0002)
(0.00425 4.30708e-05 0.0002)
(0.0043 4.30708e-05 0.0002)
(0.00435 4.30708e-05 0.0002)
(0.0044 4.30708e-05 0.0002)
(0.00445 4.30708e-05 0.0002)
(0.0045 4.30708e-05 0.0002)
(0.00455 4.30708e-05 0.0002)
(0.0046 4.30708e-05 0.0002)
(0.00465 4.30708e-05 0.0002)
(0.0047 4.30708e-05 0.0002)
(0.00475 4.30708e-05 0.0002)
(0.0048 4.30708e-05 0.0002)
(0.00485 4.30708e-05 0.0002)
(0.0049 4.30708e-05 0.0002)
(0.00495 4.30708e-05 0.0002)
(0.005 4.30708e-05 0.0002)
(0.00505 4.30708e-05 0.0002)
(0.0051 4.30708e-05 0.0002)
(0.00515 4.30708e-05 0.0002)
(0.0052 4.30708e-05 0.0002)
(0.00525 4.30708e-05 0.0002)
(0.0053 4.30708e-05 0.0002)
(0.00535 4.30708e-05 0.0002)
(0.0054 4.30708e-05 0.0002)
(0.00545 4.30708e-05 0.0002)
(0.0055 4.30708e-05 0.0002)
(0.00555 4.30708e-05 0.0002)
(0.0056 4.30708e-05 0.0002)
(0.00565 4.30708e-05 0.0002)
(0.0057 4.30708e-05 0.0002)
(0.00575 4.30708e-05 0.0002)
(0.0058 4.30708e-05 0.0002)
(0.00585 4.30708e-05 0.0002)
(0.0059 4.30708e-05 0.0002)
(0.00595 4.30708e-05 0.0002)
(0.006 4.30708e-05 0.0002)
(0.00605 4.30708e-05 0.0002)
(0.0061 4.30708e-05 0.0002)
(0.00615 4.30708e-05 0.0002)
(0.0062 4.30708e-05 0.0002)
(0.00625 4.30708e-05 0.0002)
(0.0063 4.30708e-05 0.0002)
(0.00635 4.30708e-05 0.0002)
(0.0064 4.30708e-05 0.0002)
(0.00645 4.30708e-05 0.0002)
(0.0065 4.30708e-05 0.0002)
(0.00655 4.30708e-05 0.0002)
(0.0066 4.30708e-05 0.0002)
(0.00665 4.30708e-05 0.0002)
(0.0067 4.30708e-05 0.0002)
(0.00675 4.30708e-05 0.0002)
(0.0068 4.30708e-05 0.0002)
(0.00685 4.30708e-05 0.0002)
(0.0069 4.30708e-05 0.0002)
(0.00695 4.30708e-05 0.0002)
(0.007 4.30708e-05 0.0002)
(0.00705 4.30708e-05 0.0002)
(0.0071 4.30708e-05 0.0002)
(0.00715 4.30708e-05 0.0002)
(0.0072 4.30708e-05 0.0002)
(0.00725 4.30708e-05 0.0002)
(0.0073 4.30708e-05 0.0002)
(0.00735 4.30708e-05 0.0002)
(0.0074 4.30708e-05 0.0002)
(0.00745 4.30708e-05 0.0002)
(0.0075 4.30708e-05 0.0002)
(0.00755 4.30708e-05 0.0002)
(0.0076 4.30708e-05 0.0002)
(0.00765 4.30708e-05 0.0002)
(0.0077 4.30708e-05 0.0002)
(0.00775 4.30708e-05 0.0002)
(0.0078 4.30708e-05 0.0002)
(0.00785 4.30708e-05 0.0002)
(0.0079 4.30708e-05 0.0002)
(0.00795 4.30708e-05 0.0002)
(0.008 4.30708e-05 0.0002)
(0.00805 4.30708e-05 0.0002)
(0.0081 4.30708e-05 0.0002)
(0.00815 4.30708e-05 0.0002)
(0.0082 4.30708e-05 0.0002)
(0.00825 4.30708e-05 0.0002)
(0.0083 4.30708e-05 0.0002)
(0.00835 4.30708e-05 0.0002)
(0.0084 4.30708e-05 0.0002)
(0.00845 4.30708e-05 0.0002)
(0.0085 4.30708e-05 0.0002)
(0.00855 4.30708e-05 0.0002)
(0.0086 4.30708e-05 0.0002)
(0.00865 4.30708e-05 0.0002)
(0.0087 4.30708e-05 0.0002)
(0.00875 4.30708e-05 0.0002)
(0.0088 4.30708e-05 0.0002)
(0.00885 4.30708e-05 0.0002)
(0.0089 4.30708e-05 0.0002)
(0.00895 4.30708e-05 0.0002)
(0.009 4.30708e-05 0.0002)
(0.00905 4.30708e-05 0.0002)
(0.0091 4.30708e-05 0.0002)
(0.00915 4.30708e-05 0.0002)
(0.0092 4.30708e-05 0.0002)
(0.00925 4.30708e-05 0.0002)
(0.0093 4.30708e-05 0.0002)
(0.00935 4.30708e-05 0.0002)
(0.0094 4.30708e-05 0.0002)
(0.00945 4.30708e-05 0.0002)
(0.0095 4.30708e-05 0.0002)
(0.00955 4.30708e-05 0.0002)
(0.0096 4.30708e-05 0.0002)
(0.00965 4.30708e-05 0.0002)
(0.0097 4.30708e-05 0.0002)
(0.00975 4.30708e-05 0.0002)
(0.0098 4.30708e-05 0.0002)
(0.00985 4.30708e-05 0.0002)
(0.0099 4.30708e-05 0.0002)
(0.00995 4.30708e-05 0.0002)
(0.01 4.30708e-05 0.0002)
(0 8.61416e-05 0.0002)
(5e-05 8.61416e-05 0.0002)
(0.0001 8.61416e-05 0.0002)
(0.00015 8.61416e-05 0.0002)
(0.0002 8.61416e-05 0.0002)
(0.00025 8.61416e-05 0.0002)
(0.0003 8.61416e-05 0.0002)
(0.00035 8.61416e-05 0.0002)
(0.0004 8.61416e-05 0.0002)
(0.00045 8.61416e-05 0.0002)
(0.0005 8.61416e-05 0.0002)
(0.00055 8.61416e-05 0.0002)
(0.0006 8.61416e-05 0.0002)
(0.00065 8.61416e-05 0.0002)
(0.0007 8.61416e-05 0.0002)
(0.00075 8.61416e-05 0.0002)
(0.0008 8.61416e-05 0.0002)
(0.00085 8.61416e-05 0.0002)
(0.0009 8.61416e-05 0.0002)
(0.00095 8.61416e-05 0.0002)
(0.001 8.61416e-05 0.0002)
(0.00105 8.61416e-05 0.0002)
(0.0011 8.61416e-05 0.0002)
(0.00115 8.61416e-05 0.0002)
(0.0012 8.61416e-05 0.0002)
(0.00125 8.61416e-05 0.0002)
(0.0013 8.61416e-05 0.0002)
(0.00135 8.61416e-05 0.0002)
(0.0014 8.61416e-05 0.0002)
(0.00145 8.61416e-05 0.0002)
(0.0015 8.61416e-05 0.0002)
(0.00155 8.61416e-05 0.0002)
(0.0016 8.61416e-05 0.0002)
(0.00165 8.61416e-05 0.0002)
(0.0017 8.61416e-05 0.0002)
(0.00175 8.61416e-05 0.0002)
(0.0018 8.61416e-05 0.0002)
(0.00185 8.61416e-05 0.0002)
(0.0019 8.61416e-05 0.0002)
(0.00195 8.61416e-05 0.0002)
(0.002 8.61416e-05 0.0002)
(0.00205 8.61416e-05 0.0002)
(0.0021 8.61416e-05 0.0002)
(0.00215 8.61416e-05 0.0002)
(0.0022 8.61416e-05 0.0002)
(0.00225 8.61416e-05 0.0002)
(0.0023 8.61416e-05 0.0002)
(0.00235 8.61416e-05 0.0002)
(0.0024 8.61416e-05 0.0002)
(0.00245 8.61416e-05 0.0002)
(0.0025 8.61416e-05 0.0002)
(0.00255 8.61416e-05 0.0002)
(0.0026 8.61416e-05 0.0002)
(0.00265 8.61416e-05 0.0002)
(0.0027 8.61416e-05 0.0002)
(0.00275 8.61416e-05 0.0002)
(0.0028 8.61416e-05 0.0002)
(0.00285 8.61416e-05 0.0002)
(0.0029 8.61416e-05 0.0002)
(0.00295 8.61416e-05 0.0002)
(0.003 8.61416e-05 0.0002)
(0.00305 8.61416e-05 0.0002)
(0.0031 8.61416e-05 0.0002)
(0.00315 8.61416e-05 0.0002)
(0.0032 8.61416e-05 0.0002)
(0.00325 8.61416e-05 0.0002)
(0.0033 8.61416e-05 0.0002)
(0.00335 8.61416e-05 0.0002)
(0.0034 8.61416e-05 0.0002)
(0.00345 8.61416e-05 0.0002)
(0.0035 8.61416e-05 0.0002)
(0.00355 8.61416e-05 0.0002)
(0.0036 8.61416e-05 0.0002)
(0.00365 8.61416e-05 0.0002)
(0.0037 8.61416e-05 0.0002)
(0.00375 8.61416e-05 0.0002)
(0.0038 8.61416e-05 0.0002)
(0.00385 8.61416e-05 0.0002)
(0.0039 8.61416e-05 0.0002)
(0.00395 8.61416e-05 0.0002)
(0.004 8.61416e-05 0.0002)
(0.00405 8.61416e-05 0.0002)
(0.0041 8.61416e-05 0.0002)
(0.00415 8.61416e-05 0.0002)
(0.0042 8.61416e-05 0.0002)
(0.00425 8.61416e-05 0.0002)
(0.0043 8.61416e-05 0.0002)
(0.00435 8.61416e-05 0.0002)
(0.0044 8.61416e-05 0.0002)
(0.00445 8.61416e-05 0.0002)
(0.0045 8.61416e-05 0.0002)
(0.00455 8.61416e-05 0.0002)
(0.0046 8.61416e-05 0.0002)
(0.00465 8.61416e-05 0.0002)
(0.0047 8.61416e-05 0.0002)
(0.00475 8.61416e-05 0.0002)
(0.0048 8.61416e-05 0.0002)
(0.00485 8.61416e-05 0.0002)
(0.0049 8.61416e-05 0.0002)
(0.00495 8.61416e-05 0.0002)
(0.005 8.61416e-05 0.0002)
(0.00505 8.61416e-05 0.0002)
(0.0051 8.61416e-05 0.0002)
(0.00515 8.61416e-05 0.0002)
(0.0052 8.61416e-05 0.0002)
(0.00525 8.61416e-05 0.0002)
(0.0053 8.61416e-05 0.0002)
(0.00535 8.61416e-05 0.0002)
(0.0054 8.61416e-05 0.0002)
(0.00545 8.61416e-05 0.0002)
(0.0055 8.61416e-05 0.0002)
(0.00555 8.61416e-05 0.0002)
(0.0056 8.61416e-05 0.0002)
(0.00565 8.61416e-05 0.0002)
(0.0057 8.61416e-05 0.0002)
(0.00575 8.61416e-05 0.0002)
(0.0058 8.61416e-05 0.0002)
(0.00585 8.61416e-05 0.0002)
(0.0059 8.61416e-05 0.0002)
(0.00595 8.61416e-05 0.0002)
(0.006 8.61416e-05 0.0002)
(0.00605 8.61416e-05 0.0002)
(0.0061 8.61416e-05 0.0002)
(0.00615 8.61416e-05 0.0002)
(0.0062 8.61416e-05 0.0002)
(0.00625 8.61416e-05 0.0002)
(0.0063 8.61416e-05 0.0002)
(0.00635 8.61416e-05 0.0002)
(0.0064 8.61416e-05 0.0002)
(0.00645 8.61416e-05 0.0002)
(0.0065 8.61416e-05 0.0002)
(0.00655 8.61416e-05 0.0002)
(0.0066 8.61416e-05 0.0002)
(0.00665 8.61416e-05 0.0002)
(0.0067 8.61416e-05 0.0002)
(0.00675 8.61416e-05 0.0002)
(0.0068 8.61416e-05 0.0002)
(0.00685 8.61416e-05 0.0002)
(0.0069 8.61416e-05 0.0002)
(0.00695 8.61416e-05 0.0002)
(0.007 8.61416e-05 0.0002)
(0.00705 8.61416e-05 0.0002)
(0.0071 8.61416e-05 0.0002)
(0.00715 8.61416e-05 0.0002)
(0.0072 8.61416e-05 0.0002)
(0.00725 8.61416e-05 0.0002)
(0.0073 8.61416e-05 0.0002)
(0.00735 8.61416e-05 0.0002)
(0.0074 8.61416e-05 0.0002)
(0.00745 8.61416e-05 0.0002)
(0.0075 8.61416e-05 0.0002)
(0.00755 8.61416e-05 0.0002)
(0.0076 8.61416e-05 0.0002)
(0.00765 8.61416e-05 0.0002)
(0.0077 8.61416e-05 0.0002)
(0.00775 8.61416e-05 0.0002)
(0.0078 8.61416e-05 0.0002)
(0.00785 8.61416e-05 0.0002)
(0.0079 8.61416e-05 0.0002)
(0.00795 8.61416e-05 0.0002)
(0.008 8.61416e-05 0.0002)
(0.00805 8.61416e-05 0.0002)
(0.0081 8.61416e-05 0.0002)
(0.00815 8.61416e-05 0.0002)
(0.0082 8.61416e-05 0.0002)
(0.00825 8.61416e-05 0.0002)
(0.0083 8.61416e-05 0.0002)
(0.00835 8.61416e-05 0.0002)
(0.0084 8.61416e-05 0.0002)
(0.00845 8.61416e-05 0.0002)
(0.0085 8.61416e-05 0.0002)
(0.00855 8.61416e-05 0.0002)
(0.0086 8.61416e-05 0.0002)
(0.00865 8.61416e-05 0.0002)
(0.0087 8.61416e-05 0.0002)
(0.00875 8.61416e-05 0.0002)
(0.0088 8.61416e-05 0.0002)
(0.00885 8.61416e-05 0.0002)
(0.0089 8.61416e-05 0.0002)
(0.00895 8.61416e-05 0.0002)
(0.009 8.61416e-05 0.0002)
(0.00905 8.61416e-05 0.0002)
(0.0091 8.61416e-05 0.0002)
(0.00915 8.61416e-05 0.0002)
(0.0092 8.61416e-05 0.0002)
(0.00925 8.61416e-05 0.0002)
(0.0093 8.61416e-05 0.0002)
(0.00935 8.61416e-05 0.0002)
(0.0094 8.61416e-05 0.0002)
(0.00945 8.61416e-05 0.0002)
(0.0095 8.61416e-05 0.0002)
(0.00955 8.61416e-05 0.0002)
(0.0096 8.61416e-05 0.0002)
(0.00965 8.61416e-05 0.0002)
(0.0097 8.61416e-05 0.0002)
(0.00975 8.61416e-05 0.0002)
(0.0098 8.61416e-05 0.0002)
(0.00985 8.61416e-05 0.0002)
(0.0099 8.61416e-05 0.0002)
(0.00995 8.61416e-05 0.0002)
(0.01 8.61416e-05 0.0002)
(0 0.0001292124 0.0002)
(5e-05 0.0001292124 0.0002)
(0.0001 0.0001292124 0.0002)
(0.00015 0.0001292124 0.0002)
(0.0002 0.0001292124 0.0002)
(0.00025 0.0001292124 0.0002)
(0.0003 0.0001292124 0.0002)
(0.00035 0.0001292124 0.0002)
(0.0004 0.0001292124 0.0002)
(0.00045 0.0001292124 0.0002)
(0.0005 0.0001292124 0.0002)
(0.00055 0.0001292124 0.0002)
(0.0006 0.0001292124 0.0002)
(0.00065 0.0001292124 0.0002)
(0.0007 0.0001292124 0.0002)
(0.00075 0.0001292124 0.0002)
(0.0008 0.0001292124 0.0002)
(0.00085 0.0001292124 0.0002)
(0.0009 0.0001292124 0.0002)
(0.00095 0.0001292124 0.0002)
(0.001 0.0001292124 0.0002)
(0.00105 0.0001292124 0.0002)
(0.0011 0.0001292124 0.0002)
(0.00115 0.0001292124 0.0002)
(0.0012 0.0001292124 0.0002)
(0.00125 0.0001292124 0.0002)
(0.0013 0.0001292124 0.0002)
(0.00135 0.0001292124 0.0002)
(0.0014 0.0001292124 0.0002)
(0.00145 0.0001292124 0.0002)
(0.0015 0.0001292124 0.0002)
(0.00155 0.0001292124 0.0002)
(0.0016 0.0001292124 0.0002)
(0.00165 0.0001292124 0.0002)
(0.0017 0.0001292124 0.0002)
(0.00175 0.0001292124 0.0002)
(0.0018 0.0001292124 0.0002)
(0.00185 0.0001292124 0.0002)
(0.0019 0.0001292124 0.0002)
(0.00195 0.0001292124 0.0002)
(0.002 0.0001292124 0.0002)
(0.00205 0.0001292124 0.0002)
(0.0021 0.0001292124 0.0002)
(0.00215 0.0001292124 0.0002)
(0.0022 0.0001292124 0.0002)
(0.00225 0.0001292124 0.0002)
(0.0023 0.0001292124 0.0002)
(0.00235 0.0001292124 0.0002)
(0.0024 0.0001292124 0.0002)
(0.00245 0.0001292124 0.0002)
(0.0025 0.0001292124 0.0002)
(0.00255 0.0001292124 0.0002)
(0.0026 0.0001292124 0.0002)
(0.00265 0.0001292124 0.0002)
(0.0027 0.0001292124 0.0002)
(0.00275 0.0001292124 0.0002)
(0.0028 0.0001292124 0.0002)
(0.00285 0.0001292124 0.0002)
(0.0029 0.0001292124 0.0002)
(0.00295 0.0001292124 0.0002)
(0.003 0.0001292124 0.0002)
(0.00305 0.0001292124 0.0002)
(0.0031 0.0001292124 0.0002)
(0.00315 0.0001292124 0.0002)
(0.0032 0.0001292124 0.0002)
(0.00325 0.0001292124 0.0002)
(0.0033 0.0001292124 0.0002)
(0.00335 0.0001292124 0.0002)
(0.0034 0.0001292124 0.0002)
(0.00345 0.0001292124 0.0002)
(0.0035 0.0001292124 0.0002)
(0.00355 0.0001292124 0.0002)
(0.0036 0.0001292124 0.0002)
(0.00365 0.0001292124 0.0002)
(0.0037 0.0001292124 0.0002)
(0.00375 0.0001292124 0.0002)
(0.0038 0.0001292124 0.0002)
(0.00385 0.0001292124 0.0002)
(0.0039 0.0001292124 0.0002)
(0.00395 0.0001292124 0.0002)
(0.004 0.0001292124 0.0002)
(0.00405 0.0001292124 0.0002)
(0.0041 0.0001292124 0.0002)
(0.00415 0.0001292124 0.0002)
(0.0042 0.0001292124 0.0002)
(0.00425 0.0001292124 0.0002)
(0.0043 0.0001292124 0.0002)
(0.00435 0.0001292124 0.0002)
(0.0044 0.0001292124 0.0002)
(0.00445 0.0001292124 0.0002)
(0.0045 0.0001292124 0.0002)
(0.00455 0.0001292124 0.0002)
(0.0046 0.0001292124 0.0002)
(0.00465 0.0001292124 0.0002)
(0.0047 0.0001292124 0.0002)
(0.00475 0.0001292124 0.0002)
(0.0048 0.0001292124 0.0002)
(0.00485 0.0001292124 0.0002)
(0.0049 0.0001292124 0.0002)
(0.00495 0.0001292124 0.0002)
(0.005 0.0001292124 0.0002)
(0.00505 0.0001292124 0.0002)
(0.0051 0.0001292124 0.0002)
(0.00515 0.0001292124 0.0002)
(0.0052 0.0001292124 0.0002)
(0.00525 0.0001292124 0.0002)
(0.0053 0.0001292124 0.0002)
(0.00535 0.0001292124 0.0002)
(0.0054 0.0001292124 0.0002)
(0.00545 0.0001292124 0.0002)
(0.0055 0.0001292124 0.0002)
(0.00555 0.0001292124 0.0002)
(0.0056 0.0001292124 0.0002)
(0.00565 0.0001292124 0.0002)
(0.0057 0.0001292124 0.0002)
(0.00575 0.0001292124 0.0002)
(0.0058 0.0001292124 0.0002)
(0.00585 0.0001292124 0.0002)
(0.0059 0.0001292124 0.0002)
(0.00595 0.0001292124 0.0002)
(0.006 0.0001292124 0.0002)
(0.00605 0.0001292124 0.0002)
(0.0061 0.0001292124 0.0002)
(0.00615 0.0001292124 0.0002)
(0.0062 0.0001292124 0.0002)
(0.00625 0.0001292124 0.0002)
(0.0063 0.0001292124 0.0002)
(0.00635 0.0001292124 0.0002)
(0.0064 0.0001292124 0.0002)
(0.00645 0.0001292124 0.0002)
(0.0065 0.0001292124 0.0002)
(0.00655 0.0001292124 0.0002)
(0.0066 0.0001292124 0.0002)
(0.00665 0.0001292124 0.0002)
(0.0067 0.0001292124 0.0002)
(0.00675 0.0001292124 0.0002)
(0.0068 0.0001292124 0.0002)
(0.00685 0.0001292124 0.0002)
(0.0069 0.0001292124 0.0002)
(0.00695 0.0001292124 0.0002)
(0.007 0.0001292124 0.0002)
(0.00705 0.0001292124 0.0002)
(0.0071 0.0001292124 0.0002)
(0.00715 0.0001292124 0.0002)
(0.0072 0.0001292124 0.0002)
(0.00725 0.0001292124 0.0002)
(0.0073 0.0001292124 0.0002)
(0.00735 0.0001292124 0.0002)
(0.0074 0.0001292124 0.0002)
(0.00745 0.0001292124 0.0002)
(0.0075 0.0001292124 0.0002)
(0.00755 0.0001292124 0.0002)
(0.0076 0.0001292124 0.0002)
(0.00765 0.0001292124 0.0002)
(0.0077 0.0001292124 0.0002)
(0.00775 0.0001292124 0.0002)
(0.0078 0.0001292124 0.0002)
(0.00785 0.0001292124 0.0002)
(0.0079 0.0001292124 0.0002)
(0.00795 0.0001292124 0.0002)
(0.008 0.0001292124 0.0002)
(0.00805 0.0001292124 0.0002)
(0.0081 0.0001292124 0.0002)
(0.00815 0.0001292124 0.0002)
(0.0082 0.0001292124 0.0002)
(0.00825 0.0001292124 0.0002)
(0.0083 0.0001292124 0.0002)
(0.00835 0.0001292124 0.0002)
(0.0084 0.0001292124 0.0002)
(0.00845 0.0001292124 0.0002)
(0.0085 0.0001292124 0.0002)
(0.00855 0.0001292124 0.0002)
(0.0086 0.0001292124 0.0002)
(0.00865 0.0001292124 0.0002)
(0.0087 0.0001292124 0.0002)
(0.00875 0.0001292124 0.0002)
(0.0088 0.0001292124 0.0002)
(0.00885 0.0001292124 0.0002)
(0.0089 0.0001292124 0.0002)
(0.00895 0.0001292124 0.0002)
(0.009 0.0001292124 0.0002)
(0.00905 0.0001292124 0.0002)
(0.0091 0.0001292124 0.0002)
(0.00915 0.0001292124 0.0002)
(0.0092 0.0001292124 0.0002)
(0.00925 0.0001292124 0.0002)
(0.0093 0.0001292124 0.0002)
(0.00935 0.0001292124 0.0002)
(0.0094 0.0001292124 0.0002)
(0.00945 0.0001292124 0.0002)
(0.0095 0.0001292124 0.0002)
(0.00955 0.0001292124 0.0002)
(0.0096 0.0001292124 0.0002)
(0.00965 0.0001292124 0.0002)
(0.0097 0.0001292124 0.0002)
(0.00975 0.0001292124 0.0002)
(0.0098 0.0001292124 0.0002)
(0.00985 0.0001292124 0.0002)
(0.0099 0.0001292124 0.0002)
(0.00995 0.0001292124 0.0002)
(0.01 0.0001292124 0.0002)
(0 0.0001722832 0.0002)
(5e-05 0.0001722832 0.0002)
(0.0001 0.0001722832 0.0002)
(0.00015 0.0001722832 0.0002)
(0.0002 0.0001722832 0.0002)
(0.00025 0.0001722832 0.0002)
(0.0003 0.0001722832 0.0002)
(0.00035 0.0001722832 0.0002)
(0.0004 0.0001722832 0.0002)
(0.00045 0.0001722832 0.0002)
(0.0005 0.0001722832 0.0002)
(0.00055 0.0001722832 0.0002)
(0.0006 0.0001722832 0.0002)
(0.00065 0.0001722832 0.0002)
(0.0007 0.0001722832 0.0002)
(0.00075 0.0001722832 0.0002)
(0.0008 0.0001722832 0.0002)
(0.00085 0.0001722832 0.0002)
(0.0009 0.0001722832 0.0002)
(0.00095 0.0001722832 0.0002)
(0.001 0.0001722832 0.0002)
(0.00105 0.0001722832 0.0002)
(0.0011 0.0001722832 0.0002)
(0.00115 0.0001722832 0.0002)
(0.0012 0.0001722832 0.0002)
(0.00125 0.0001722832 0.0002)
(0.0013 0.0001722832 0.0002)
(0.00135 0.0001722832 0.0002)
(0.0014 0.0001722832 0.0002)
(0.00145 0.0001722832 0.0002)
(0.0015 0.0001722832 0.0002)
(0.00155 0.0001722832 0.0002)
(0.0016 0.0001722832 0.0002)
(0.00165 0.0001722832 0.0002)
(0.0017 0.0001722832 0.0002)
(0.00175 0.0001722832 0.0002)
(0.0018 0.0001722832 0.0002)
(0.00185 0.0001722832 0.0002)
(0.0019 0.0001722832 0.0002)
(0.00195 0.0001722832 0.0002)
(0.002 0.0001722832 0.0002)
(0.00205 0.0001722832 0.0002)
(0.0021 0.0001722832 0.0002)
(0.00215 0.0001722832 0.0002)
(0.0022 0.0001722832 0.0002)
(0.00225 0.0001722832 0.0002)
(0.0023 0.0001722832 0.0002)
(0.00235 0.0001722832 0.0002)
(0.0024 0.0001722832 0.0002)
(0.00245 0.0001722832 0.0002)
(0.0025 0.0001722832 0.0002)
(0.00255 0.0001722832 0.0002)
(0.0026 0.0001722832 0.0002)
(0.00265 0.0001722832 0.0002)
(0.0027 0.0001722832 0.0002)
(0.00275 0.0001722832 0.0002)
(0.0028 0.0001722832 0.0002)
(0.00285 0.0001722832 0.0002)
(0.0029 0.0001722832 0.0002)
(0.00295 0.0001722832 0.0002)
(0.003 0.0001722832 0.0002)
(0.00305 0.0001722832 0.0002)
(0.0031 0.0001722832 0.0002)
(0.00315 0.0001722832 0.0002)
(0.0032 0.0001722832 0.0002)
(0.00325 0.0001722832 0.0002)
(0.0033 0.0001722832 0.0002)
(0.00335 0.0001722832 0.0002)
(0.0034 0.0001722832 0.0002)
(0.00345 0.0001722832 0.0002)
(0.0035 0.0001722832 0.0002)
(0.00355 0.0001722832 0.0002)
(0.0036 0.0001722832 0.0002)
(0.00365 0.0001722832 0.0002)
(0.0037 0.0001722832 0.0002)
(0.00375 0.0001722832 0.0002)
(0.0038 0.0001722832 0.0002)
(0.00385 0.0001722832 0.0002)
(0.0039 0.0001722832 0.0002)
(0.00395 0.0001722832 0.0002)
(0.004 0.0001722832 0.0002)
(0.00405 0.0001722832 0.0002)
(0.0041 0.0001722832 0.0002)
(0.00415 0.0001722832 0.0002)
(0.0042 0.0001722832 0.0002)
(0.00425 0.0001722832 0.0002)
(0.0043 0.0001722832 0.0002)
(0.00435 0.0001722832 0.0002)
(0.0044 0.0001722832 0.0002)
(0.00445 0.0001722832 0.0002)
(0.0045 0.0001722832 0.0002)
(0.00455 0.0001722832 0.0002)
(0.0046 0.0001722832 0.0002)
(0.00465 0.0001722832 0.0002)
(0.0047 0.0001722832 0.0002)
(0.00475 0.0001722832 0.0002)
(0.0048 0.0001722832 0.0002)
(0.00485 0.0001722832 0.0002)
(0.0049 0.0001722832 0.0002)
(0.00495 0.0001722832 0.0002)
(0.005 0.0001722832 0.0002)
(0.00505 0.0001722832 0.0002)
(0.0051 0.0001722832 0.0002)
(0.00515 0.0001722832 0.0002)
(0.0052 0.0001722832 0.0002)
(0.00525 0.0001722832 0.0002)
(0.0053 0.0001722832 0.0002)
(0.00535 0.0001722832 0.0002)
(0.0054 0.0001722832 0.0002)
(0.00545 0.0001722832 0.0002)
(0.0055 0.0001722832 0.0002)
(0.00555 0.0001722832 0.0002)
(0.0056 0.0001722832 0.0002)
(0.00565 0.0001722832 0.0002)
(0.0057 0.0001722832 0.0002)
(0.00575 0.0001722832 0.0002)
(0.0058 0.0001722832 0.0002)
(0.00585 0.0001722832 0.0002)
(0.0059 0.0001722832 0.0002)
(0.00595 0.0001722832 0.0002)
(0.006 0.0001722832 0.0002)
(0.00605 0.0001722832 0.0002)
(0.0061 0.0001722832 0.0002)
(0.00615 0.0001722832 0.0002)
(0.0062 0.0001722832 0.0002)
(0.00625 0.0001722832 0.0002)
(0.0063 0.0001722832 0.0002)
(0.00635 0.0001722832 0.0002)
(0.0064 0.0001722832 0.0002)
(0.00645 0.0001722832 0.0002)
(0.0065 0.0001722832 0.0002)
(0.00655 0.0001722832 0.0002)
(0.0066 0.0001722832 0.0002)
(0.00665 0.0001722832 0.0002)
(0.0067 0.0001722832 0.0002)
(0.00675 0.0001722832 0.0002)
(0.0068 0.0001722832 0.0002)
(0.00685 0.0001722832 0.0002)
(0.0069 0.0001722832 0.0002)
(0.00695 0.0001722832 0.0002)
(0.007 0.0001722832 0.0002)
(0.00705 0.0001722832 0.0002)
(0.0071 0.0001722832 0.0002)
(0.00715 0.0001722832 0.0002)
(0.0072 0.0001722832 0.0002)
(0.00725 0.0001722832 0.0002)
(0.0073 0.0001722832 0.0002)
(0.00735 0.0001722832 0.0002)
(0.0074 0.0001722832 0.0002)
(0.00745 0.0001722832 0.0002)
(0.0075 0.0001722832 0.0002)
(0.00755 0.0001722832 0.0002)
(0.0076 0.0001722832 0.0002)
(0.00765 0.0001722832 0.0002)
(0.0077 0.0001722832 0.0002)
(0.00775 0.0001722832 0.0002)
(0.0078 0.0001722832 0.0002)
(0.00785 0.0001722832 0.0002)
(0.0079 0.0001722832 0.0002)
(0.00795 0.0001722832 0.0002)
(0.008 0.0001722832 0.0002)
(0.00805 0.0001722832 0.0002)
(0.0081 0.0001722832 0.0002)
(0.00815 0.0001722832 0.0002)
(0.0082 0.0001722832 0.0002)
(0.00825 0.0001722832 0.0002)
(0.0083 0.0001722832 0.0002)
(0.00835 0.0001722832 0.0002)
(0.0084 0.0001722832 0.0002)
(0.00845 0.0001722832 0.0002)
(0.0085 0.0001722832 0.0002)
(0.00855 0.0001722832 0.0002)
(0.0086 0.0001722832 0.0002)
(0.00865 0.0001722832 0.0002)
(0.0087 0.0001722832 0.0002)
(0.00875 0.0001722832 0.0002)
(0.0088 0.0001722832 0.0002)
(0.00885 0.0001722832 0.0002)
(0.0089 0.0001722832 0.0002)
(0.00895 0.0001722832 0.0002)
(0.009 0.0001722832 0.0002)
(0.00905 0.0001722832 0.0002)
(0.0091 0.0001722832 0.0002)
(0.00915 0.0001722832 0.0002)
(0.0092 0.0001722832 0.0002)
(0.00925 0.0001722832 0.0002)
(0.0093 0.0001722832 0.0002)
(0.00935 0.0001722832 0.0002)
(0.0094 0.0001722832 0.0002)
(0.00945 0.0001722832 0.0002)
(0.0095 0.0001722832 0.0002)
(0.00955 0.0001722832 0.0002)
(0.0096 0.0001722832 0.0002)
(0.00965 0.0001722832 0.0002)
(0.0097 0.0001722832 0.0002)
(0.00975 0.0001722832 0.0002)
(0.0098 0.0001722832 0.0002)
(0.00985 0.0001722832 0.0002)
(0.0099 0.0001722832 0.0002)
(0.00995 0.0001722832 0.0002)
(0.01 0.0001722832 0.0002)
(0 0.000215354 0.0002)
(5e-05 0.000215354 0.0002)
(0.0001 0.000215354 0.0002)
(0.00015 0.000215354 0.0002)
(0.0002 0.000215354 0.0002)
(0.00025 0.000215354 0.0002)
(0.0003 0.000215354 0.0002)
(0.00035 0.000215354 0.0002)
(0.0004 0.000215354 0.0002)
(0.00045 0.000215354 0.0002)
(0.0005 0.000215354 0.0002)
(0.00055 0.000215354 0.0002)
(0.0006 0.000215354 0.0002)
(0.00065 0.000215354 0.0002)
(0.0007 0.000215354 0.0002)
(0.00075 0.000215354 0.0002)
(0.0008 0.000215354 0.0002)
(0.00085 0.000215354 0.0002)
(0.0009 0.000215354 0.0002)
(0.00095 0.000215354 0.0002)
(0.001 0.000215354 0.0002)
(0.00105 0.000215354 0.0002)
(0.0011 0.000215354 0.0002)
(0.00115 0.000215354 0.0002)
(0.0012 0.000215354 0.0002)
(0.00125 0.000215354 0.0002)
(0.0013 0.000215354 0.0002)
(0.00135 0.000215354 0.0002)
(0.0014 0.000215354 0.0002)
(0.00145 0.000215354 0.0002)
(0.0015 0.000215354 0.0002)
(0.00155 0.000215354 0.0002)
(0.0016 0.000215354 0.0002)
(0.00165 0.000215354 0.0002)
(0.0017 0.000215354 0.0002)
(0.00175 0.000215354 0.0002)
(0.0018 0.000215354 0.0002)
(0.00185 0.000215354 0.0002)
(0.0019 0.000215354 0.0002)
(0.00195 0.000215354 0.0002)
(0.002 0.000215354 0.0002)
(0.00205 0.000215354 0.0002)
(0.0021 0.000215354 0.0002)
(0.00215 0.000215354 0.0002)
(0.0022 0.000215354 0.0002)
(0.00225 0.000215354 0.0002)
(0.0023 0.000215354 0.0002)
(0.00235 0.000215354 0.0002)
(0.0024 0.000215354 0.0002)
(0.00245 0.000215354 0.0002)
(0.0025 0.000215354 0.0002)
(0.00255 0.000215354 0.0002)
(0.0026 0.000215354 0.0002)
(0.00265 0.000215354 0.0002)
(0.0027 0.000215354 0.0002)
(0.00275 0.000215354 0.0002)
(0.0028 0.000215354 0.0002)
(0.00285 0.000215354 0.0002)
(0.0029 0.000215354 0.0002)
(0.00295 0.000215354 0.0002)
(0.003 0.000215354 0.0002)
(0.00305 0.000215354 0.0002)
(0.0031 0.000215354 0.0002)
(0.00315 0.000215354 0.0002)
(0.0032 0.000215354 0.0002)
(0.00325 0.000215354 0.0002)
(0.0033 0.000215354 0.0002)
(0.00335 0.000215354 0.0002)
(0.0034 0.000215354 0.0002)
(0.00345 0.000215354 0.0002)
(0.0035 0.000215354 0.0002)
(0.00355 0.000215354 0.0002)
(0.0036 0.000215354 0.0002)
(0.00365 0.000215354 0.0002)
(0.0037 0.000215354 0.0002)
(0.00375 0.000215354 0.0002)
(0.0038 0.000215354 0.0002)
(0.00385 0.000215354 0.0002)
(0.0039 0.000215354 0.0002)
(0.00395 0.000215354 0.0002)
(0.004 0.000215354 0.0002)
(0.00405 0.000215354 0.0002)
(0.0041 0.000215354 0.0002)
(0.00415 0.000215354 0.0002)
(0.0042 0.000215354 0.0002)
(0.00425 0.000215354 0.0002)
(0.0043 0.000215354 0.0002)
(0.00435 0.000215354 0.0002)
(0.0044 0.000215354 0.0002)
(0.00445 0.000215354 0.0002)
(0.0045 0.000215354 0.0002)
(0.00455 0.000215354 0.0002)
(0.0046 0.000215354 0.0002)
(0.00465 0.000215354 0.0002)
(0.0047 0.000215354 0.0002)
(0.00475 0.000215354 0.0002)
(0.0048 0.000215354 0.0002)
(0.00485 0.000215354 0.0002)
(0.0049 0.000215354 0.0002)
(0.00495 0.000215354 0.0002)
(0.005 0.000215354 0.0002)
(0.00505 0.000215354 0.0002)
(0.0051 0.000215354 0.0002)
(0.00515 0.000215354 0.0002)
(0.0052 0.000215354 0.0002)
(0.00525 0.000215354 0.0002)
(0.0053 0.000215354 0.0002)
(0.00535 0.000215354 0.0002)
(0.0054 0.000215354 0.0002)
(0.00545 0.000215354 0.0002)
(0.0055 0.000215354 0.0002)
(0.00555 0.000215354 0.0002)
(0.0056 0.000215354 0.0002)
(0.00565 0.000215354 0.0002)
(0.0057 0.000215354 0.0002)
(0.00575 0.000215354 0.0002)
(0.0058 0.000215354 0.0002)
(0.00585 0.000215354 0.0002)
(0.0059 0.000215354 0.0002)
(0.00595 0.000215354 0.0002)
(0.006 0.000215354 0.0002)
(0.00605 0.000215354 0.0002)
(0.0061 0.000215354 0.0002)
(0.00615 0.000215354 0.0002)
(0.0062 0.000215354 0.0002)
(0.00625 0.000215354 0.0002)
(0.0063 0.000215354 0.0002)
(0.00635 0.000215354 0.0002)
(0.0064 0.000215354 0.0002)
(0.00645 0.000215354 0.0002)
(0.0065 0.000215354 0.0002)
(0.00655 0.000215354 0.0002)
(0.0066 0.000215354 0.0002)
(0.00665 0.000215354 0.0002)
(0.0067 0.000215354 0.0002)
(0.00675 0.000215354 0.0002)
(0.0068 0.000215354 0.0002)
(0.00685 0.000215354 0.0002)
(0.0069 0.000215354 0.0002)
(0.00695 0.000215354 0.0002)
(0.007 0.000215354 0.0002)
(0.00705 0.000215354 0.0002)
(0.0071 0.000215354 0.0002)
(0.00715 0.000215354 0.0002)
(0.0072 0.000215354 0.0002)
(0.00725 0.000215354 0.0002)
(0.0073 0.000215354 0.0002)
(0.00735 0.000215354 0.0002)
(0.0074 0.000215354 0.0002)
(0.00745 0.000215354 0.0002)
(0.0075 0.000215354 0.0002)
(0.00755 0.000215354 0.0002)
(0.0076 0.000215354 0.0002)
(0.00765 0.000215354 0.0002)
(0.0077 0.000215354 0.0002)
(0.00775 0.000215354 0.0002)
(0.0078 0.000215354 0.0002)
(0.00785 0.000215354 0.0002)
(0.0079 0.000215354 0.0002)
(0.00795 0.000215354 0.0002)
(0.008 0.000215354 0.0002)
(0.00805 0.000215354 0.0002)
(0.0081 0.000215354 0.0002)
(0.00815 0.000215354 0.0002)
(0.0082 0.000215354 0.0002)
(0.00825 0.000215354 0.0002)
(0.0083 0.000215354 0.0002)
(0.00835 0.000215354 0.0002)
(0.0084 0.000215354 0.0002)
(0.00845 0.000215354 0.0002)
(0.0085 0.000215354 0.0002)
(0.00855 0.000215354 0.0002)
(0.0086 0.000215354 0.0002)
(0.00865 0.000215354 0.0002)
(0.0087 0.000215354 0.0002)
(0.00875 0.000215354 0.0002)
(0.0088 0.000215354 0.0002)
(0.00885 0.000215354 0.0002)
(0.0089 0.000215354 0.0002)
(0.00895 0.000215354 0.0002)
(0.009 0.000215354 0.0002)
(0.00905 0.000215354 0.0002)
(0.0091 0.000215354 0.0002)
(0.00915 0.000215354 0.0002)
(0.0092 0.000215354 0.0002)
(0.00925 0.000215354 0.0002)
(0.0093 0.000215354 0.0002)
(0.00935 0.000215354 0.0002)
(0.0094 0.000215354 0.0002)
(0.00945 0.000215354 0.0002)
(0.0095 0.000215354 0.0002)
(0.00955 0.000215354 0.0002)
(0.0096 0.000215354 0.0002)
(0.00965 0.000215354 0.0002)
(0.0097 0.000215354 0.0002)
(0.00975 0.000215354 0.0002)
(0.0098 0.000215354 0.0002)
(0.00985 0.000215354 0.0002)
(0.0099 0.000215354 0.0002)
(0.00995 0.000215354 0.0002)
(0.01 0.000215354 0.0002)
(0 0.0002584248 0)
(5e-05 0.0002584248 0)
(0.0001 0.0002584248 0)
(0.00015 0.0002584248 0)
(0.0002 0.0002584248 0)
(0.00025 0.0002584248 0)
(0.0003 0.0002584248 0)
(0.00035 0.0002584248 0)
(0.0004 0.0002584248 0)
(0.00045 0.0002584248 0)
(0.0005 0.0002584248 0)
(0.00055 0.0002584248 0)
(0.0006 0.0002584248 0)
(0.00065 0.0002584248 0)
(0.0007 0.0002584248 0)
(0.00075 0.0002584248 0)
(0.0008 0.0002584248 0)
(0.00085 0.0002584248 0)
(0.0009 0.0002584248 0)
(0.00095 0.0002584248 0)
(0.001 0.0002584248 0)
(0.00105 0.0002584248 0)
(0.0011 0.0002584248 0)
(0.00115 0.0002584248 0)
(0.0012 0.0002584248 0)
(0.00125 0.0002584248 0)
(0.0013 0.0002584248 0)
(0.00135 0.0002584248 0)
(0.0014 0.0002584248 0)
(0.00145 0.0002584248 0)
(0.0015 0.0002584248 0)
(0.00155 0.0002584248 0)
(0.0016 0.0002584248 0)
(0.00165 0.0002584248 0)
(0.0017 0.0002584248 0)
(0.00175 0.0002584248 0)
(0.0018 0.0002584248 0)
(0.00185 0.0002584248 0)
(0.0019 0.0002584248 0)
(0.00195 0.0002584248 0)
(0.002 0.0002584248 0)
(0.00205 0.0002584248 0)
(0.0021 0.0002584248 0)
(0.00215 0.0002584248 0)
(0.0022 0.0002584248 0)
(0.00225 0.0002584248 0)
(0.0023 0.0002584248 0)
(0.00235 0.0002584248 0)
(0.0024 0.0002584248 0)
(0.00245 0.0002584248 0)
(0.0025 0.0002584248 0)
(0.00255 0.0002584248 0)
(0.0026 0.0002584248 0)
(0.00265 0.0002584248 0)
(0.0027 0.0002584248 0)
(0.00275 0.0002584248 0)
(0.0028 0.0002584248 0)
(0.00285 0.0002584248 0)
(0.0029 0.0002584248 0)
(0.00295 0.0002584248 0)
(0.003 0.0002584248 0)
(0.00305 0.0002584248 0)
(0.0031 0.0002584248 0)
(0.00315 0.0002584248 0)
(0.0032 0.0002584248 0)
(0.00325 0.0002584248 0)
(0.0033 0.0002584248 0)
(0.00335 0.0002584248 0)
(0.0034 0.0002584248 0)
(0.00345 0.0002584248 0)
(0.0035 0.0002584248 0)
(0.00355 0.0002584248 0)
(0.0036 0.0002584248 0)
(0.00365 0.0002584248 0)
(0.0037 0.0002584248 0)
(0.00375 0.0002584248 0)
(0.0038 0.0002584248 0)
(0.00385 0.0002584248 0)
(0.0039 0.0002584248 0)
(0.00395 0.0002584248 0)
(0.004 0.0002584248 0)
(0.00405 0.0002584248 0)
(0.0041 0.0002584248 0)
(0.00415 0.0002584248 0)
(0.0042 0.0002584248 0)
(0.00425 0.0002584248 0)
(0.0043 0.0002584248 0)
(0.00435 0.0002584248 0)
(0.0044 0.0002584248 0)
(0.00445 0.0002584248 0)
(0.0045 0.0002584248 0)
(0.00455 0.0002584248 0)
(0.0046 0.0002584248 0)
(0.00465 0.0002584248 0)
(0.0047 0.0002584248 0)
(0.00475 0.0002584248 0)
(0.0048 0.0002584248 0)
(0.00485 0.0002584248 0)
(0.0049 0.0002584248 0)
(0.00495 0.0002584248 0)
(0.005 0.0002584248 0)
(0.00505 0.0002584248 0)
(0.0051 0.0002584248 0)
(0.00515 0.0002584248 0)
(0.0052 0.0002584248 0)
(0.00525 0.0002584248 0)
(0.0053 0.0002584248 0)
(0.00535 0.0002584248 0)
(0.0054 0.0002584248 0)
(0.00545 0.0002584248 0)
(0.0055 0.0002584248 0)
(0.00555 0.0002584248 0)
(0.0056 0.0002584248 0)
(0.00565 0.0002584248 0)
(0.0057 0.0002584248 0)
(0.00575 0.0002584248 0)
(0.0058 0.0002584248 0)
(0.00585 0.0002584248 0)
(0.0059 0.0002584248 0)
(0.00595 0.0002584248 0)
(0.006 0.0002584248 0)
(0.00605 0.0002584248 0)
(0.0061 0.0002584248 0)
(0.00615 0.0002584248 0)
(0.0062 0.0002584248 0)
(0.00625 0.0002584248 0)
(0.0063 0.0002584248 0)
(0.00635 0.0002584248 0)
(0.0064 0.0002584248 0)
(0.00645 0.0002584248 0)
(0.0065 0.0002584248 0)
(0.00655 0.0002584248 0)
(0.0066 0.0002584248 0)
(0.00665 0.0002584248 0)
(0.0067 0.0002584248 0)
(0.00675 0.0002584248 0)
(0.0068 0.0002584248 0)
(0.00685 0.0002584248 0)
(0.0069 0.0002584248 0)
(0.00695 0.0002584248 0)
(0.007 0.0002584248 0)
(0.00705 0.0002584248 0)
(0.0071 0.0002584248 0)
(0.00715 0.0002584248 0)
(0.0072 0.0002584248 0)
(0.00725 0.0002584248 0)
(0.0073 0.0002584248 0)
(0.00735 0.0002584248 0)
(0.0074 0.0002584248 0)
(0.00745 0.0002584248 0)
(0.0075 0.0002584248 0)
(0.00755 0.0002584248 0)
(0.0076 0.0002584248 0)
(0.00765 0.0002584248 0)
(0.0077 0.0002584248 0)
(0.00775 0.0002584248 0)
(0.0078 0.0002584248 0)
(0.00785 0.0002584248 0)
(0.0079 0.0002584248 0)
(0.00795 0.0002584248 0)
(0.008 0.0002584248 0)
(0.00805 0.0002584248 0)
(0.0081 0.0002584248 0)
(0.00815 0.0002584248 0)
(0.0082 0.0002584248 0)
(0.00825 0.0002584248 0)
(0.0083 0.0002584248 0)
(0.00835 0.0002584248 0)
(0.0084 0.0002584248 0)
(0.00845 0.0002584248 0)
(0.0085 0.0002584248 0)
(0.00855 0.0002584248 0)
(0.0086 0.0002584248 0)
(0.00865 0.0002584248 0)
(0.0087 0.0002584248 0)
(0.00875 0.0002584248 0)
(0.0088 0.0002584248 0)
(0.00885 0.0002584248 0)
(0.0089 0.0002584248 0)
(0.00895 0.0002584248 0)
(0.009 0.0002584248 0)
(0.00905 0.0002584248 0)
(0.0091 0.0002584248 0)
(0.00915 0.0002584248 0)
(0.0092 0.0002584248 0)
(0.00925 0.0002584248 0)
(0.0093 0.0002584248 0)
(0.00935 0.0002584248 0)
(0.0094 0.0002584248 0)
(0.00945 0.0002584248 0)
(0.0095 0.0002584248 0)
(0.00955 0.0002584248 0)
(0.0096 0.0002584248 0)
(0.00965 0.0002584248 0)
(0.0097 0.0002584248 0)
(0.00975 0.0002584248 0)
(0.0098 0.0002584248 0)
(0.00985 0.0002584248 0)
(0.0099 0.0002584248 0)
(0.00995 0.0002584248 0)
(0.01 0.0002584248 0)
(0 0.0003014956 0)
(5e-05 0.0003014956 0)
(0.0001 0.0003014956 0)
(0.00015 0.0003014956 0)
(0.0002 0.0003014956 0)
(0.00025 0.0003014956 0)
(0.0003 0.0003014956 0)
(0.00035 0.0003014956 0)
(0.0004 0.0003014956 0)
(0.00045 0.0003014956 0)
(0.0005 0.0003014956 0)
(0.00055 0.0003014956 0)
(0.0006 0.0003014956 0)
(0.00065 0.0003014956 0)
(0.0007 0.0003014956 0)
(0.00075 0.0003014956 0)
(0.0008 0.0003014956 0)
(0.00085 0.0003014956 0)
(0.0009 0.0003014956 0)
(0.00095 0.0003014956 0)
(0.001 0.0003014956 0)
(0.00105 0.0003014956 0)
(0.0011 0.0003014956 0)
(0.00115 0.0003014956 0)
(0.0012 0.0003014956 0)
(0.00125 0.0003014956 0)
(0.0013 0.0003014956 0)
(0.00135 0.0003014956 0)
(0.0014 0.0003014956 0)
(0.00145 0.0003014956 0)
(0.0015 0.0003014956 0)
(0.00155 0.0003014956 0)
(0.0016 0.0003014956 0)
(0.00165 0.0003014956 0)
(0.0017 0.0003014956 0)
(0.00175 0.0003014956 0)
(0.0018 0.0003014956 0)
(0.00185 0.0003014956 0)
(0.0019 0.0003014956 0)
(0.00195 0.0003014956 0)
(0.002 0.0003014956 0)
(0.00205 0.0003014956 0)
(0.0021 0.0003014956 0)
(0.00215 0.0003014956 0)
(0.0022 0.0003014956 0)
(0.00225 0.0003014956 0)
(0.0023 0.0003014956 0)
(0.00235 0.0003014956 0)
(0.0024 0.0003014956 0)
(0.00245 0.0003014956 0)
(0.0025 0.0003014956 0)
(0.00255 0.0003014956 0)
(0.0026 0.0003014956 0)
(0.00265 0.0003014956 0)
(0.0027 0.0003014956 0)
(0.00275 0.0003014956 0)
(0.0028 0.0003014956 0)
(0.00285 0.0003014956 0)
(0.0029 0.0003014956 0)
(0.00295 0.0003014956 0)
(0.003 0.0003014956 0)
(0.00305 0.0003014956 0)
(0.0031 0.0003014956 0)
(0.00315 0.0003014956 0)
(0.0032 0.0003014956 0)
(0.00325 0.0003014956 0)
(0.0033 0.0003014956 0)
(0.00335 0.0003014956 0)
(0.0034 0.0003014956 0)
(0.00345 0.0003014956 0)
(0.0035 0.0003014956 0)
(0.00355 0.0003014956 0)
(0.0036 0.0003014956 0)
(0.00365 0.0003014956 0)
(0.0037 0.0003014956 0)
(0.00375 0.0003014956 0)
(0.0038 0.0003014956 0)
(0.00385 0.0003014956 0)
(0.0039 0.0003014956 0)
(0.00395 0.0003014956 0)
(0.004 0.0003014956 0)
(0.00405 0.0003014956 0)
(0.0041 0.0003014956 0)
(0.00415 0.0003014956 0)
(0.0042 0.0003014956 0)
(0.00425 0.0003014956 0)
(0.0043 0.0003014956 0)
(0.00435 0.0003014956 0)
(0.0044 0.0003014956 0)
(0.00445 0.0003014956 0)
(0.0045 0.0003014956 0)
(0.00455 0.0003014956 0)
(0.0046 0.0003014956 0)
(0.00465 0.0003014956 0)
(0.0047 0.0003014956 0)
(0.00475 0.0003014956 0)
(0.0048 0.0003014956 0)
(0.00485 0.0003014956 0)
(0.0049 0.0003014956 0)
(0.00495 0.0003014956 0)
(0.005 0.0003014956 0)
(0.00505 0.0003014956 0)
(0.0051 0.0003014956 0)
(0.00515 0.0003014956 0)
(0.0052 0.0003014956 0)
(0.00525 0.0003014956 0)
(0.0053 0.0003014956 0)
(0.00535 0.0003014956 0)
(0.0054 0.0003014956 0)
(0.00545 0.0003014956 0)
(0.0055 0.0003014956 0)
(0.00555 0.0003014956 0)
(0.0056 0.0003014956 0)
(0.00565 0.0003014956 0)
(0.0057 0.0003014956 0)
(0.00575 0.0003014956 0)
(0.0058 0.0003014956 0)
(0.00585 0.0003014956 0)
(0.0059 0.0003014956 0)
(0.00595 0.0003014956 0)
(0.006 0.0003014956 0)
(0.00605 0.0003014956 0)
(0.0061 0.0003014956 0)
(0.00615 0.0003014956 0)
(0.0062 0.0003014956 0)
(0.00625 0.0003014956 0)
(0.0063 0.0003014956 0)
(0.00635 0.0003014956 0)
(0.0064 0.0003014956 0)
(0.00645 0.0003014956 0)
(0.0065 0.0003014956 0)
(0.00655 0.0003014956 0)
(0.0066 0.0003014956 0)
(0.00665 0.0003014956 0)
(0.0067 0.0003014956 0)
(0.00675 0.0003014956 0)
(0.0068 0.0003014956 0)
(0.00685 0.0003014956 0)
(0.0069 0.0003014956 0)
(0.00695 0.0003014956 0)
(0.007 0.0003014956 0)
(0.00705 0.0003014956 0)
(0.0071 0.0003014956 0)
(0.00715 0.0003014956 0)
(0.0072 0.0003014956 0)
(0.00725 0.0003014956 0)
(0.0073 0.0003014956 0)
(0.00735 0.0003014956 0)
(0.0074 0.0003014956 0)
(0.00745 0.0003014956 0)
(0.0075 0.0003014956 0)
(0.00755 0.0003014956 0)
(0.0076 0.0003014956 0)
(0.00765 0.0003014956 0)
(0.0077 0.0003014956 0)
(0.00775 0.0003014956 0)
(0.0078 0.0003014956 0)
(0.00785 0.0003014956 0)
(0.0079 0.0003014956 0)
(0.00795 0.0003014956 0)
(0.008 0.0003014956 0)
(0.00805 0.0003014956 0)
(0.0081 0.0003014956 0)
(0.00815 0.0003014956 0)
(0.0082 0.0003014956 0)
(0.00825 0.0003014956 0)
(0.0083 0.0003014956 0)
(0.00835 0.0003014956 0)
(0.0084 0.0003014956 0)
(0.00845 0.0003014956 0)
(0.0085 0.0003014956 0)
(0.00855 0.0003014956 0)
(0.0086 0.0003014956 0)
(0.00865 0.0003014956 0)
(0.0087 0.0003014956 0)
(0.00875 0.0003014956 0)
(0.0088 0.0003014956 0)
(0.00885 0.0003014956 0)
(0.0089 0.0003014956 0)
(0.00895 0.0003014956 0)
(0.009 0.0003014956 0)
(0.00905 0.0003014956 0)
(0.0091 0.0003014956 0)
(0.00915 0.0003014956 0)
(0.0092 0.0003014956 0)
(0.00925 0.0003014956 0)
(0.0093 0.0003014956 0)
(0.00935 0.0003014956 0)
(0.0094 0.0003014956 0)
(0.00945 0.0003014956 0)
(0.0095 0.0003014956 0)
(0.00955 0.0003014956 0)
(0.0096 0.0003014956 0)
(0.00965 0.0003014956 0)
(0.0097 0.0003014956 0)
(0.00975 0.0003014956 0)
(0.0098 0.0003014956 0)
(0.00985 0.0003014956 0)
(0.0099 0.0003014956 0)
(0.00995 0.0003014956 0)
(0.01 0.0003014956 0)
(0 0.0003445664 0)
(5e-05 0.0003445664 0)
(0.0001 0.0003445664 0)
(0.00015 0.0003445664 0)
(0.0002 0.0003445664 0)
(0.00025 0.0003445664 0)
(0.0003 0.0003445664 0)
(0.00035 0.0003445664 0)
(0.0004 0.0003445664 0)
(0.00045 0.0003445664 0)
(0.0005 0.0003445664 0)
(0.00055 0.0003445664 0)
(0.0006 0.0003445664 0)
(0.00065 0.0003445664 0)
(0.0007 0.0003445664 0)
(0.00075 0.0003445664 0)
(0.0008 0.0003445664 0)
(0.00085 0.0003445664 0)
(0.0009 0.0003445664 0)
(0.00095 0.0003445664 0)
(0.001 0.0003445664 0)
(0.00105 0.0003445664 0)
(0.0011 0.0003445664 0)
(0.00115 0.0003445664 0)
(0.0012 0.0003445664 0)
(0.00125 0.0003445664 0)
(0.0013 0.0003445664 0)
(0.00135 0.0003445664 0)
(0.0014 0.0003445664 0)
(0.00145 0.0003445664 0)
(0.0015 0.0003445664 0)
(0.00155 0.0003445664 0)
(0.0016 0.0003445664 0)
(0.00165 0.0003445664 0)
(0.0017 0.0003445664 0)
(0.00175 0.0003445664 0)
(0.0018 0.0003445664 0)
(0.00185 0.0003445664 0)
(0.0019 0.0003445664 0)
(0.00195 0.0003445664 0)
(0.002 0.0003445664 0)
(0.00205 0.0003445664 0)
(0.0021 0.0003445664 0)
(0.00215 0.0003445664 0)
(0.0022 0.0003445664 0)
(0.00225 0.0003445664 0)
(0.0023 0.0003445664 0)
(0.00235 0.0003445664 0)
(0.0024 0.0003445664 0)
(0.00245 0.0003445664 0)
(0.0025 0.0003445664 0)
(0.00255 0.0003445664 0)
(0.0026 0.0003445664 0)
(0.00265 0.0003445664 0)
(0.0027 0.0003445664 0)
(0.00275 0.0003445664 0)
(0.0028 0.0003445664 0)
(0.00285 0.0003445664 0)
(0.0029 0.0003445664 0)
(0.00295 0.0003445664 0)
(0.003 0.0003445664 0)
(0.00305 0.0003445664 0)
(0.0031 0.0003445664 0)
(0.00315 0.0003445664 0)
(0.0032 0.0003445664 0)
(0.00325 0.0003445664 0)
(0.0033 0.0003445664 0)
(0.00335 0.0003445664 0)
(0.0034 0.0003445664 0)
(0.00345 0.0003445664 0)
(0.0035 0.0003445664 0)
(0.00355 0.0003445664 0)
(0.0036 0.0003445664 0)
(0.00365 0.0003445664 0)
(0.0037 0.0003445664 0)
(0.00375 0.0003445664 0)
(0.0038 0.0003445664 0)
(0.00385 0.0003445664 0)
(0.0039 0.0003445664 0)
(0.00395 0.0003445664 0)
(0.004 0.0003445664 0)
(0.00405 0.0003445664 0)
(0.0041 0.0003445664 0)
(0.00415 0.0003445664 0)
(0.0042 0.0003445664 0)
(0.00425 0.0003445664 0)
(0.0043 0.0003445664 0)
(0.00435 0.0003445664 0)
(0.0044 0.0003445664 0)
(0.00445 0.0003445664 0)
(0.0045 0.0003445664 0)
(0.00455 0.0003445664 0)
(0.0046 0.0003445664 0)
(0.00465 0.0003445664 0)
(0.0047 0.0003445664 0)
(0.00475 0.0003445664 0)
(0.0048 0.0003445664 0)
(0.00485 0.0003445664 0)
(0.0049 0.0003445664 0)
(0.00495 0.0003445664 0)
(0.005 0.0003445664 0)
(0.00505 0.0003445664 0)
(0.0051 0.0003445664 0)
(0.00515 0.0003445664 0)
(0.0052 0.0003445664 0)
(0.00525 0.0003445664 0)
(0.0053 0.0003445664 0)
(0.00535 0.0003445664 0)
(0.0054 0.0003445664 0)
(0.00545 0.0003445664 0)
(0.0055 0.0003445664 0)
(0.00555 0.0003445664 0)
(0.0056 0.0003445664 0)
(0.00565 0.0003445664 0)
(0.0057 0.0003445664 0)
(0.00575 0.0003445664 0)
(0.0058 0.0003445664 0)
(0.00585 0.0003445664 0)
(0.0059 0.0003445664 0)
(0.00595 0.0003445664 0)
(0.006 0.0003445664 0)
(0.00605 0.0003445664 0)
(0.0061 0.0003445664 0)
(0.00615 0.0003445664 0)
(0.0062 0.0003445664 0)
(0.00625 0.0003445664 0)
(0.0063 0.0003445664 0)
(0.00635 0.0003445664 0)
(0.0064 0.0003445664 0)
(0.00645 0.0003445664 0)
(0.0065 0.0003445664 0)
(0.00655 0.0003445664 0)
(0.0066 0.0003445664 0)
(0.00665 0.0003445664 0)
(0.0067 0.0003445664 0)
(0.00675 0.0003445664 0)
(0.0068 0.0003445664 0)
(0.00685 0.0003445664 0)
(0.0069 0.0003445664 0)
(0.00695 0.0003445664 0)
(0.007 0.0003445664 0)
(0.00705 0.0003445664 0)
(0.0071 0.0003445664 0)
(0.00715 0.0003445664 0)
(0.0072 0.0003445664 0)
(0.00725 0.0003445664 0)
(0.0073 0.0003445664 0)
(0.00735 0.0003445664 0)
(0.0074 0.0003445664 0)
(0.00745 0.0003445664 0)
(0.0075 0.0003445664 0)
(0.00755 0.0003445664 0)
(0.0076 0.0003445664 0)
(0.00765 0.0003445664 0)
(0.0077 0.0003445664 0)
(0.00775 0.0003445664 0)
(0.0078 0.0003445664 0)
(0.00785 0.0003445664 0)
(0.0079 0.0003445664 0)
(0.00795 0.0003445664 0)
(0.008 0.0003445664 0)
(0.00805 0.0003445664 0)
(0.0081 0.0003445664 0)
(0.00815 0.0003445664 0)
(0.0082 0.0003445664 0)
(0.00825 0.0003445664 0)
(0.0083 0.0003445664 0)
(0.00835 0.0003445664 0)
(0.0084 0.0003445664 0)
(0.00845 0.0003445664 0)
(0.0085 0.0003445664 0)
(0.00855 0.0003445664 0)
(0.0086 0.0003445664 0)
(0.00865 0.0003445664 0)
(0.0087 0.0003445664 0)
(0.00875 0.0003445664 0)
(0.0088 0.0003445664 0)
(0.00885 0.0003445664 0)
(0.0089 0.0003445664 0)
(0.00895 0.0003445664 0)
(0.009 0.0003445664 0)
(0.00905 0.0003445664 0)
(0.0091 0.0003445664 0)
(0.00915 0.0003445664 0)
(0.0092 0.0003445664 0)
(0.00925 0.0003445664 0)
(0.0093 0.0003445664 0)
(0.00935 0.0003445664 0)
(0.0094 0.0003445664 0)
(0.00945 0.0003445664 0)
(0.0095 0.0003445664 0)
(0.00955 0.0003445664 0)
(0.0096 0.0003445664 0)
(0.00965 0.0003445664 0)
(0.0097 0.0003445664 0)
(0.00975 0.0003445664 0)
(0.0098 0.0003445664 0)
(0.00985 0.0003445664 0)
(0.0099 0.0003445664 0)
(0.00995 0.0003445664 0)
(0.01 0.0003445664 0)
(0 0.0003876372 0)
(5e-05 0.0003876372 0)
(0.0001 0.0003876372 0)
(0.00015 0.0003876372 0)
(0.0002 0.0003876372 0)
(0.00025 0.0003876372 0)
(0.0003 0.0003876372 0)
(0.00035 0.0003876372 0)
(0.0004 0.0003876372 0)
(0.00045 0.0003876372 0)
(0.0005 0.0003876372 0)
(0.00055 0.0003876372 0)
(0.0006 0.0003876372 0)
(0.00065 0.0003876372 0)
(0.0007 0.0003876372 0)
(0.00075 0.0003876372 0)
(0.0008 0.0003876372 0)
(0.00085 0.0003876372 0)
(0.0009 0.0003876372 0)
(0.00095 0.0003876372 0)
(0.001 0.0003876372 0)
(0.00105 0.0003876372 0)
(0.0011 0.0003876372 0)
(0.00115 0.0003876372 0)
(0.0012 0.0003876372 0)
(0.00125 0.0003876372 0)
(0.0013 0.0003876372 0)
(0.00135 0.0003876372 0)
(0.0014 0.0003876372 0)
(0.00145 0.0003876372 0)
(0.0015 0.0003876372 0)
(0.00155 0.0003876372 0)
(0.0016 0.0003876372 0)
(0.00165 0.0003876372 0)
(0.0017 0.0003876372 0)
(0.00175 0.0003876372 0)
(0.0018 0.0003876372 0)
(0.00185 0.0003876372 0)
(0.0019 0.0003876372 0)
(0.00195 0.0003876372 0)
(0.002 0.0003876372 0)
(0.00205 0.0003876372 0)
(0.0021 0.0003876372 0)
(0.00215 0.0003876372 0)
(0.0022 0.0003876372 0)
(0.00225 0.0003876372 0)
(0.0023 0.0003876372 0)
(0.00235 0.0003876372 0)
(0.0024 0.0003876372 0)
(0.00245 0.0003876372 0)
(0.0025 0.0003876372 0)
(0.00255 0.0003876372 0)
(0.0026 0.0003876372 0)
(0.00265 0.0003876372 0)
(0.0027 0.0003876372 0)
(0.00275 0.0003876372 0)
(0.0028 0.0003876372 0)
(0.00285 0.0003876372 0)
(0.0029 0.0003876372 0)
(0.00295 0.0003876372 0)
(0.003 0.0003876372 0)
(0.00305 0.0003876372 0)
(0.0031 0.0003876372 0)
(0.00315 0.0003876372 0)
(0.0032 0.0003876372 0)
(0.00325 0.0003876372 0)
(0.0033 0.0003876372 0)
(0.00335 0.0003876372 0)
(0.0034 0.0003876372 0)
(0.00345 0.0003876372 0)
(0.0035 0.0003876372 0)
(0.00355 0.0003876372 0)
(0.0036 0.0003876372 0)
(0.00365 0.0003876372 0)
(0.0037 0.0003876372 0)
(0.00375 0.0003876372 0)
(0.0038 0.0003876372 0)
(0.00385 0.0003876372 0)
(0.0039 0.0003876372 0)
(0.00395 0.0003876372 0)
(0.004 0.0003876372 0)
(0.00405 0.0003876372 0)
(0.0041 0.0003876372 0)
(0.00415 0.0003876372 0)
(0.0042 0.0003876372 0)
(0.00425 0.0003876372 0)
(0.0043 0.0003876372 0)
(0.00435 0.0003876372 0)
(0.0044 0.0003876372 0)
(0.00445 0.0003876372 0)
(0.0045 0.0003876372 0)
(0.00455 0.0003876372 0)
(0.0046 0.0003876372 0)
(0.00465 0.0003876372 0)
(0.0047 0.0003876372 0)
(0.00475 0.0003876372 0)
(0.0048 0.0003876372 0)
(0.00485 0.0003876372 0)
(0.0049 0.0003876372 0)
(0.00495 0.0003876372 0)
(0.005 0.0003876372 0)
(0.00505 0.0003876372 0)
(0.0051 0.0003876372 0)
(0.00515 0.0003876372 0)
(0.0052 0.0003876372 0)
(0.00525 0.0003876372 0)
(0.0053 0.0003876372 0)
(0.00535 0.0003876372 0)
(0.0054 0.0003876372 0)
(0.00545 0.0003876372 0)
(0.0055 0.0003876372 0)
(0.00555 0.0003876372 0)
(0.0056 0.0003876372 0)
(0.00565 0.0003876372 0)
(0.0057 0.0003876372 0)
(0.00575 0.0003876372 0)
(0.0058 0.0003876372 0)
(0.00585 0.0003876372 0)
(0.0059 0.0003876372 0)
(0.00595 0.0003876372 0)
(0.006 0.0003876372 0)
(0.00605 0.0003876372 0)
(0.0061 0.0003876372 0)
(0.00615 0.0003876372 0)
(0.0062 0.0003876372 0)
(0.00625 0.0003876372 0)
(0.0063 0.0003876372 0)
(0.00635 0.0003876372 0)
(0.0064 0.0003876372 0)
(0.00645 0.0003876372 0)
(0.0065 0.0003876372 0)
(0.00655 0.0003876372 0)
(0.0066 0.0003876372 0)
(0.00665 0.0003876372 0)
(0.0067 0.0003876372 0)
(0.00675 0.0003876372 0)
(0.0068 0.0003876372 0)
(0.00685 0.0003876372 0)
(0.0069 0.0003876372 0)
(0.00695 0.0003876372 0)
(0.007 0.0003876372 0)
(0.00705 0.0003876372 0)
(0.0071 0.0003876372 0)
(0.00715 0.0003876372 0)
(0.0072 0.0003876372 0)
(0.00725 0.0003876372 0)
(0.0073 0.0003876372 0)
(0.00735 0.0003876372 0)
(0.0074 0.0003876372 0)
(0.00745 0.0003876372 0)
(0.0075 0.0003876372 0)
(0.00755 0.0003876372 0)
(0.0076 0.0003876372 0)
(0.00765 0.0003876372 0)
(0.0077 0.0003876372 0)
(0.00775 0.0003876372 0)
(0.0078 0.0003876372 0)
(0.00785 0.0003876372 0)
(0.0079 0.0003876372 0)
(0.00795 0.0003876372 0)
(0.008 0.0003876372 0)
(0.00805 0.0003876372 0)
(0.0081 0.0003876372 0)
(0.00815 0.0003876372 0)
(0.0082 0.0003876372 0)
(0.00825 0.0003876372 0)
(0.0083 0.0003876372 0)
(0.00835 0.0003876372 0)
(0.0084 0.0003876372 0)
(0.00845 0.0003876372 0)
(0.0085 0.0003876372 0)
(0.00855 0.0003876372 0)
(0.0086 0.0003876372 0)
(0.00865 0.0003876372 0)
(0.0087 0.0003876372 0)
(0.00875 0.0003876372 0)
(0.0088 0.0003876372 0)
(0.00885 0.0003876372 0)
(0.0089 0.0003876372 0)
(0.00895 0.0003876372 0)
(0.009 0.0003876372 0)
(0.00905 0.0003876372 0)
(0.0091 0.0003876372 0)
(0.00915 0.0003876372 0)
(0.0092 0.0003876372 0)
(0.00925 0.0003876372 0)
(0.0093 0.0003876372 0)
(0.00935 0.0003876372 0)
(0.0094 0.0003876372 0)
(0.00945 0.0003876372 0)
(0.0095 0.0003876372 0)
(0.00955 0.0003876372 0)
(0.0096 0.0003876372 0)
(0.00965 0.0003876372 0)
(0.0097 0.0003876372 0)
(0.00975 0.0003876372 0)
(0.0098 0.0003876372 0)
(0.00985 0.0003876372 0)
(0.0099 0.0003876372 0)
(0.00995 0.0003876372 0)
(0.01 0.0003876372 0)
(0 0.000430708 0)
(5e-05 0.000430708 0)
(0.0001 0.000430708 0)
(0.00015 0.000430708 0)
(0.0002 0.000430708 0)
(0.00025 0.000430708 0)
(0.0003 0.000430708 0)
(0.00035 0.000430708 0)
(0.0004 0.000430708 0)
(0.00045 0.000430708 0)
(0.0005 0.000430708 0)
(0.00055 0.000430708 0)
(0.0006 0.000430708 0)
(0.00065 0.000430708 0)
(0.0007 0.000430708 0)
(0.00075 0.000430708 0)
(0.0008 0.000430708 0)
(0.00085 0.000430708 0)
(0.0009 0.000430708 0)
(0.00095 0.000430708 0)
(0.001 0.000430708 0)
(0.00105 0.000430708 0)
(0.0011 0.000430708 0)
(0.00115 0.000430708 0)
(0.0012 0.000430708 0)
(0.00125 0.000430708 0)
(0.0013 0.000430708 0)
(0.00135 0.000430708 0)
(0.0014 0.000430708 0)
(0.00145 0.000430708 0)
(0.0015 0.000430708 0)
(0.00155 0.000430708 0)
(0.0016 0.000430708 0)
(0.00165 0.000430708 0)
(0.0017 0.000430708 0)
(0.00175 0.000430708 0)
(0.0018 0.000430708 0)
(0.00185 0.000430708 0)
(0.0019 0.000430708 0)
(0.00195 0.000430708 0)
(0.002 0.000430708 0)
(0.00205 0.000430708 0)
(0.0021 0.000430708 0)
(0.00215 0.000430708 0)
(0.0022 0.000430708 0)
(0.00225 0.000430708 0)
(0.0023 0.000430708 0)
(0.00235 0.000430708 0)
(0.0024 0.000430708 0)
(0.00245 0.000430708 0)
(0.0025 0.000430708 0)
(0.00255 0.000430708 0)
(0.0026 0.000430708 0)
(0.00265 0.000430708 0)
(0.0027 0.000430708 0)
(0.00275 0.000430708 0)
(0.0028 0.000430708 0)
(0.00285 0.000430708 0)
(0.0029 0.000430708 0)
(0.00295 0.000430708 0)
(0.003 0.000430708 0)
(0.00305 0.000430708 0)
(0.0031 0.000430708 0)
(0.00315 0.000430708 0)
(0.0032 0.000430708 0)
(0.00325 0.000430708 0)
(0.0033 0.000430708 0)
(0.00335 0.000430708 0)
(0.0034 0.000430708 0)
(0.00345 0.000430708 0)
(0.0035 0.000430708 0)
(0.00355 0.000430708 0)
(0.0036 0.000430708 0)
(0.00365 0.000430708 0)
(0.0037 0.000430708 0)
(0.00375 0.000430708 0)
(0.0038 0.000430708 0)
(0.00385 0.000430708 0)
(0.0039 0.000430708 0)
(0.00395 0.000430708 0)
(0.004 0.000430708 0)
(0.00405 0.000430708 0)
(0.0041 0.000430708 0)
(0.00415 0.000430708 0)
(0.0042 0.000430708 0)
(0.00425 0.000430708 0)
(0.0043 0.000430708 0)
(0.00435 0.000430708 0)
(0.0044 0.000430708 0)
(0.00445 0.000430708 0)
(0.0045 0.000430708 0)
(0.00455 0.000430708 0)
(0.0046 0.000430708 0)
(0.00465 0.000430708 0)
(0.0047 0.000430708 0)
(0.00475 0.000430708 0)
(0.0048 0.000430708 0)
(0.00485 0.000430708 0)
(0.0049 0.000430708 0)
(0.00495 0.000430708 0)
(0.005 0.000430708 0)
(0.00505 0.000430708 0)
(0.0051 0.000430708 0)
(0.00515 0.000430708 0)
(0.0052 0.000430708 0)
(0.00525 0.000430708 0)
(0.0053 0.000430708 0)
(0.00535 0.000430708 0)
(0.0054 0.000430708 0)
(0.00545 0.000430708 0)
(0.0055 0.000430708 0)
(0.00555 0.000430708 0)
(0.0056 0.000430708 0)
(0.00565 0.000430708 0)
(0.0057 0.000430708 0)
(0.00575 0.000430708 0)
(0.0058 0.000430708 0)
(0.00585 0.000430708 0)
(0.0059 0.000430708 0)
(0.00595 0.000430708 0)
(0.006 0.000430708 0)
(0.00605 0.000430708 0)
(0.0061 0.000430708 0)
(0.00615 0.000430708 0)
(0.0062 0.000430708 0)
(0.00625 0.000430708 0)
(0.0063 0.000430708 0)
(0.00635 0.000430708 0)
(0.0064 0.000430708 0)
(0.00645 0.000430708 0)
(0.0065 0.000430708 0)
(0.00655 0.000430708 0)
(0.0066 0.000430708 0)
(0.00665 0.000430708 0)
(0.0067 0.000430708 0)
(0.00675 0.000430708 0)
(0.0068 0.000430708 0)
(0.00685 0.000430708 0)
(0.0069 0.000430708 0)
(0.00695 0.000430708 0)
(0.007 0.000430708 0)
(0.00705 0.000430708 0)
(0.0071 0.000430708 0)
(0.00715 0.000430708 0)
(0.0072 0.000430708 0)
(0.00725 0.000430708 0)
(0.0073 0.000430708 0)
(0.00735 0.000430708 0)
(0.0074 0.000430708 0)
(0.00745 0.000430708 0)
(0.0075 0.000430708 0)
(0.00755 0.000430708 0)
(0.0076 0.000430708 0)
(0.00765 0.000430708 0)
(0.0077 0.000430708 0)
(0.00775 0.000430708 0)
(0.0078 0.000430708 0)
(0.00785 0.000430708 0)
(0.0079 0.000430708 0)
(0.00795 0.000430708 0)
(0.008 0.000430708 0)
(0.00805 0.000430708 0)
(0.0081 0.000430708 0)
(0.00815 0.000430708 0)
(0.0082 0.000430708 0)
(0.00825 0.000430708 0)
(0.0083 0.000430708 0)
(0.00835 0.000430708 0)
(0.0084 0.000430708 0)
(0.00845 0.000430708 0)
(0.0085 0.000430708 0)
(0.00855 0.000430708 0)
(0.0086 0.000430708 0)
(0.00865 0.000430708 0)
(0.0087 0.000430708 0)
(0.00875 0.000430708 0)
(0.0088 0.000430708 0)
(0.00885 0.000430708 0)
(0.0089 0.000430708 0)
(0.00895 0.000430708 0)
(0.009 0.000430708 0)
(0.00905 0.000430708 0)
(0.0091 0.000430708 0)
(0.00915 0.000430708 0)
(0.0092 0.000430708 0)
(0.00925 0.000430708 0)
(0.0093 0.000430708 0)
(0.00935 0.000430708 0)
(0.0094 0.000430708 0)
(0.00945 0.000430708 0)
(0.0095 0.000430708 0)
(0.00955 0.000430708 0)
(0.0096 0.000430708 0)
(0.00965 0.000430708 0)
(0.0097 0.000430708 0)
(0.00975 0.000430708 0)
(0.0098 0.000430708 0)
(0.00985 0.000430708 0)
(0.0099 0.000430708 0)
(0.00995 0.000430708 0)
(0.01 0.000430708 0)
(0 0.0002584248 0.0002)
(5e-05 0.0002584248 0.0002)
(0.0001 0.0002584248 0.0002)
(0.00015 0.0002584248 0.0002)
(0.0002 0.0002584248 0.0002)
(0.00025 0.0002584248 0.0002)
(0.0003 0.0002584248 0.0002)
(0.00035 0.0002584248 0.0002)
(0.0004 0.0002584248 0.0002)
(0.00045 0.0002584248 0.0002)
(0.0005 0.0002584248 0.0002)
(0.00055 0.0002584248 0.0002)
(0.0006 0.0002584248 0.0002)
(0.00065 0.0002584248 0.0002)
(0.0007 0.0002584248 0.0002)
(0.00075 0.0002584248 0.0002)
(0.0008 0.0002584248 0.0002)
(0.00085 0.0002584248 0.0002)
(0.0009 0.0002584248 0.0002)
(0.00095 0.0002584248 0.0002)
(0.001 0.0002584248 0.0002)
(0.00105 0.0002584248 0.0002)
(0.0011 0.0002584248 0.0002)
(0.00115 0.0002584248 0.0002)
(0.0012 0.0002584248 0.0002)
(0.00125 0.0002584248 0.0002)
(0.0013 0.0002584248 0.0002)
(0.00135 0.0002584248 0.0002)
(0.0014 0.0002584248 0.0002)
(0.00145 0.0002584248 0.0002)
(0.0015 0.0002584248 0.0002)
(0.00155 0.0002584248 0.0002)
(0.0016 0.0002584248 0.0002)
(0.00165 0.0002584248 0.0002)
(0.0017 0.0002584248 0.0002)
(0.00175 0.0002584248 0.0002)
(0.0018 0.0002584248 0.0002)
(0.00185 0.0002584248 0.0002)
(0.0019 0.0002584248 0.0002)
(0.00195 0.0002584248 0.0002)
(0.002 0.0002584248 0.0002)
(0.00205 0.0002584248 0.0002)
(0.0021 0.0002584248 0.0002)
(0.00215 0.0002584248 0.0002)
(0.0022 0.0002584248 0.0002)
(0.00225 0.0002584248 0.0002)
(0.0023 0.0002584248 0.0002)
(0.00235 0.0002584248 0.0002)
(0.0024 0.0002584248 0.0002)
(0.00245 0.0002584248 0.0002)
(0.0025 0.0002584248 0.0002)
(0.00255 0.0002584248 0.0002)
(0.0026 0.0002584248 0.0002)
(0.00265 0.0002584248 0.0002)
(0.0027 0.0002584248 0.0002)
(0.00275 0.0002584248 0.0002)
(0.0028 0.0002584248 0.0002)
(0.00285 0.0002584248 0.0002)
(0.0029 0.0002584248 0.0002)
(0.00295 0.0002584248 0.0002)
(0.003 0.0002584248 0.0002)
(0.00305 0.0002584248 0.0002)
(0.0031 0.0002584248 0.0002)
(0.00315 0.0002584248 0.0002)
(0.0032 0.0002584248 0.0002)
(0.00325 0.0002584248 0.0002)
(0.0033 0.0002584248 0.0002)
(0.00335 0.0002584248 0.0002)
(0.0034 0.0002584248 0.0002)
(0.00345 0.0002584248 0.0002)
(0.0035 0.0002584248 0.0002)
(0.00355 0.0002584248 0.0002)
(0.0036 0.0002584248 0.0002)
(0.00365 0.0002584248 0.0002)
(0.0037 0.0002584248 0.0002)
(0.00375 0.0002584248 0.0002)
(0.0038 0.0002584248 0.0002)
(0.00385 0.0002584248 0.0002)
(0.0039 0.0002584248 0.0002)
(0.00395 0.0002584248 0.0002)
(0.004 0.0002584248 0.0002)
(0.00405 0.0002584248 0.0002)
(0.0041 0.0002584248 0.0002)
(0.00415 0.0002584248 0.0002)
(0.0042 0.0002584248 0.0002)
(0.00425 0.0002584248 0.0002)
(0.0043 0.0002584248 0.0002)
(0.00435 0.0002584248 0.0002)
(0.0044 0.0002584248 0.0002)
(0.00445 0.0002584248 0.0002)
(0.0045 0.0002584248 0.0002)
(0.00455 0.0002584248 0.0002)
(0.0046 0.0002584248 0.0002)
(0.00465 0.0002584248 0.0002)
(0.0047 0.0002584248 0.0002)
(0.00475 0.0002584248 0.0002)
(0.0048 0.0002584248 0.0002)
(0.00485 0.0002584248 0.0002)
(0.0049 0.0002584248 0.0002)
(0.00495 0.0002584248 0.0002)
(0.005 0.0002584248 0.0002)
(0.00505 0.0002584248 0.0002)
(0.0051 0.0002584248 0.0002)
(0.00515 0.0002584248 0.0002)
(0.0052 0.0002584248 0.0002)
(0.00525 0.0002584248 0.0002)
(0.0053 0.0002584248 0.0002)
(0.00535 0.0002584248 0.0002)
(0.0054 0.0002584248 0.0002)
(0.00545 0.0002584248 0.0002)
(0.0055 0.0002584248 0.0002)
(0.00555 0.0002584248 0.0002)
(0.0056 0.0002584248 0.0002)
(0.00565 0.0002584248 0.0002)
(0.0057 0.0002584248 0.0002)
(0.00575 0.0002584248 0.0002)
(0.0058 0.0002584248 0.0002)
(0.00585 0.0002584248 0.0002)
(0.0059 0.0002584248 0.0002)
(0.00595 0.0002584248 0.0002)
(0.006 0.0002584248 0.0002)
(0.00605 0.0002584248 0.0002)
(0.0061 0.0002584248 0.0002)
(0.00615 0.0002584248 0.0002)
(0.0062 0.0002584248 0.0002)
(0.00625 0.0002584248 0.0002)
(0.0063 0.0002584248 0.0002)
(0.00635 0.0002584248 0.0002)
(0.0064 0.0002584248 0.0002)
(0.00645 0.0002584248 0.0002)
(0.0065 0.0002584248 0.0002)
(0.00655 0.0002584248 0.0002)
(0.0066 0.0002584248 0.0002)
(0.00665 0.0002584248 0.0002)
(0.0067 0.0002584248 0.0002)
(0.00675 0.0002584248 0.0002)
(0.0068 0.0002584248 0.0002)
(0.00685 0.0002584248 0.0002)
(0.0069 0.0002584248 0.0002)
(0.00695 0.0002584248 0.0002)
(0.007 0.0002584248 0.0002)
(0.00705 0.0002584248 0.0002)
(0.0071 0.0002584248 0.0002)
(0.00715 0.0002584248 0.0002)
(0.0072 0.0002584248 0.0002)
(0.00725 0.0002584248 0.0002)
(0.0073 0.0002584248 0.0002)
(0.00735 0.0002584248 0.0002)
(0.0074 0.0002584248 0.0002)
(0.00745 0.0002584248 0.0002)
(0.0075 0.0002584248 0.0002)
(0.00755 0.0002584248 0.0002)
(0.0076 0.0002584248 0.0002)
(0.00765 0.0002584248 0.0002)
(0.0077 0.0002584248 0.0002)
(0.00775 0.0002584248 0.0002)
(0.0078 0.0002584248 0.0002)
(0.00785 0.0002584248 0.0002)
(0.0079 0.0002584248 0.0002)
(0.00795 0.0002584248 0.0002)
(0.008 0.0002584248 0.0002)
(0.00805 0.0002584248 0.0002)
(0.0081 0.0002584248 0.0002)
(0.00815 0.0002584248 0.0002)
(0.0082 0.0002584248 0.0002)
(0.00825 0.0002584248 0.0002)
(0.0083 0.0002584248 0.0002)
(0.00835 0.0002584248 0.0002)
(0.0084 0.0002584248 0.0002)
(0.00845 0.0002584248 0.0002)
(0.0085 0.0002584248 0.0002)
(0.00855 0.0002584248 0.0002)
(0.0086 0.0002584248 0.0002)
(0.00865 0.0002584248 0.0002)
(0.0087 0.0002584248 0.0002)
(0.00875 0.0002584248 0.0002)
(0.0088 0.0002584248 0.0002)
(0.00885 0.0002584248 0.0002)
(0.0089 0.0002584248 0.0002)
(0.00895 0.0002584248 0.0002)
(0.009 0.0002584248 0.0002)
(0.00905 0.0002584248 0.0002)
(0.0091 0.0002584248 0.0002)
(0.00915 0.0002584248 0.0002)
(0.0092 0.0002584248 0.0002)
(0.00925 0.0002584248 0.0002)
(0.0093 0.0002584248 0.0002)
(0.00935 0.0002584248 0.0002)
(0.0094 0.0002584248 0.0002)
(0.00945 0.0002584248 0.0002)
(0.0095 0.0002584248 0.0002)
(0.00955 0.0002584248 0.0002)
(0.0096 0.0002584248 0.0002)
(0.00965 0.0002584248 0.0002)
(0.0097 0.0002584248 0.0002)
(0.00975 0.0002584248 0.0002)
(0.0098 0.0002584248 0.0002)
(0.00985 0.0002584248 0.0002)
(0.0099 0.0002584248 0.0002)
(0.00995 0.0002584248 0.0002)
(0.01 0.0002584248 0.0002)
(0 0.0003014956 0.0002)
(5e-05 0.0003014956 0.0002)
(0.0001 0.0003014956 0.0002)
(0.00015 0.0003014956 0.0002)
(0.0002 0.0003014956 0.0002)
(0.00025 0.0003014956 0.0002)
(0.0003 0.0003014956 0.0002)
(0.00035 0.0003014956 0.0002)
(0.0004 0.0003014956 0.0002)
(0.00045 0.0003014956 0.0002)
(0.0005 0.0003014956 0.0002)
(0.00055 0.0003014956 0.0002)
(0.0006 0.0003014956 0.0002)
(0.00065 0.0003014956 0.0002)
(0.0007 0.0003014956 0.0002)
(0.00075 0.0003014956 0.0002)
(0.0008 0.0003014956 0.0002)
(0.00085 0.0003014956 0.0002)
(0.0009 0.0003014956 0.0002)
(0.00095 0.0003014956 0.0002)
(0.001 0.0003014956 0.0002)
(0.00105 0.0003014956 0.0002)
(0.0011 0.0003014956 0.0002)
(0.00115 0.0003014956 0.0002)
(0.0012 0.0003014956 0.0002)
(0.00125 0.0003014956 0.0002)
(0.0013 0.0003014956 0.0002)
(0.00135 0.0003014956 0.0002)
(0.0014 0.0003014956 0.0002)
(0.00145 0.0003014956 0.0002)
(0.0015 0.0003014956 0.0002)
(0.00155 0.0003014956 0.0002)
(0.0016 0.0003014956 0.0002)
(0.00165 0.0003014956 0.0002)
(0.0017 0.0003014956 0.0002)
(0.00175 0.0003014956 0.0002)
(0.0018 0.0003014956 0.0002)
(0.00185 0.0003014956 0.0002)
(0.0019 0.0003014956 0.0002)
(0.00195 0.0003014956 0.0002)
(0.002 0.0003014956 0.0002)
(0.00205 0.0003014956 0.0002)
(0.0021 0.0003014956 0.0002)
(0.00215 0.0003014956 0.0002)
(0.0022 0.0003014956 0.0002)
(0.00225 0.0003014956 0.0002)
(0.0023 0.0003014956 0.0002)
(0.00235 0.0003014956 0.0002)
(0.0024 0.0003014956 0.0002)
(0.00245 0.0003014956 0.0002)
(0.0025 0.0003014956 0.0002)
(0.00255 0.0003014956 0.0002)
(0.0026 0.0003014956 0.0002)
(0.00265 0.0003014956 0.0002)
(0.0027 0.0003014956 0.0002)
(0.00275 0.0003014956 0.0002)
(0.0028 0.0003014956 0.0002)
(0.00285 0.0003014956 0.0002)
(0.0029 0.0003014956 0.0002)
(0.00295 0.0003014956 0.0002)
(0.003 0.0003014956 0.0002)
(0.00305 0.0003014956 0.0002)
(0.0031 0.0003014956 0.0002)
(0.00315 0.0003014956 0.0002)
(0.0032 0.0003014956 0.0002)
(0.00325 0.0003014956 0.0002)
(0.0033 0.0003014956 0.0002)
(0.00335 0.0003014956 0.0002)
(0.0034 0.0003014956 0.0002)
(0.00345 0.0003014956 0.0002)
(0.0035 0.0003014956 0.0002)
(0.00355 0.0003014956 0.0002)
(0.0036 0.0003014956 0.0002)
(0.00365 0.0003014956 0.0002)
(0.0037 0.0003014956 0.0002)
(0.00375 0.0003014956 0.0002)
(0.0038 0.0003014956 0.0002)
(0.00385 0.0003014956 0.0002)
(0.0039 0.0003014956 0.0002)
(0.00395 0.0003014956 0.0002)
(0.004 0.0003014956 0.0002)
(0.00405 0.0003014956 0.0002)
(0.0041 0.0003014956 0.0002)
(0.00415 0.0003014956 0.0002)
(0.0042 0.0003014956 0.0002)
(0.00425 0.0003014956 0.0002)
(0.0043 0.0003014956 0.0002)
(0.00435 0.0003014956 0.0002)
(0.0044 0.0003014956 0.0002)
(0.00445 0.0003014956 0.0002)
(0.0045 0.0003014956 0.0002)
(0.00455 0.0003014956 0.0002)
(0.0046 0.0003014956 0.0002)
(0.00465 0.0003014956 0.0002)
(0.0047 0.0003014956 0.0002)
(0.00475 0.0003014956 0.0002)
(0.0048 0.0003014956 0.0002)
(0.00485 0.0003014956 0.0002)
(0.0049 0.0003014956 0.0002)
(0.00495 0.0003014956 0.0002)
(0.005 0.0003014956 0.0002)
(0.00505 0.0003014956 0.0002)
(0.0051 0.0003014956 0.0002)
(0.00515 0.0003014956 0.0002)
(0.0052 0.0003014956 0.0002)
(0.00525 0.0003014956 0.0002)
(0.0053 0.0003014956 0.0002)
(0.00535 0.0003014956 0.0002)
(0.0054 0.0003014956 0.0002)
(0.00545 0.0003014956 0.0002)
(0.0055 0.0003014956 0.0002)
(0.00555 0.0003014956 0.0002)
(0.0056 0.0003014956 0.0002)
(0.00565 0.0003014956 0.0002)
(0.0057 0.0003014956 0.0002)
(0.00575 0.0003014956 0.0002)
(0.0058 0.0003014956 0.0002)
(0.00585 0.0003014956 0.0002)
(0.0059 0.0003014956 0.0002)
(0.00595 0.0003014956 0.0002)
(0.006 0.0003014956 0.0002)
(0.00605 0.0003014956 0.0002)
(0.0061 0.0003014956 0.0002)
(0.00615 0.0003014956 0.0002)
(0.0062 0.0003014956 0.0002)
(0.00625 0.0003014956 0.0002)
(0.0063 0.0003014956 0.0002)
(0.00635 0.0003014956 0.0002)
(0.0064 0.0003014956 0.0002)
(0.00645 0.0003014956 0.0002)
(0.0065 0.0003014956 0.0002)
(0.00655 0.0003014956 0.0002)
(0.0066 0.0003014956 0.0002)
(0.00665 0.0003014956 0.0002)
(0.0067 0.0003014956 0.0002)
(0.00675 0.0003014956 0.0002)
(0.0068 0.0003014956 0.0002)
(0.00685 0.0003014956 0.0002)
(0.0069 0.0003014956 0.0002)
(0.00695 0.0003014956 0.0002)
(0.007 0.0003014956 0.0002)
(0.00705 0.0003014956 0.0002)
(0.0071 0.0003014956 0.0002)
(0.00715 0.0003014956 0.0002)
(0.0072 0.0003014956 0.0002)
(0.00725 0.0003014956 0.0002)
(0.0073 0.0003014956 0.0002)
(0.00735 0.0003014956 0.0002)
(0.0074 0.0003014956 0.0002)
(0.00745 0.0003014956 0.0002)
(0.0075 0.0003014956 0.0002)
(0.00755 0.0003014956 0.0002)
(0.0076 0.0003014956 0.0002)
(0.00765 0.0003014956 0.0002)
(0.0077 0.0003014956 0.0002)
(0.00775 0.0003014956 0.0002)
(0.0078 0.0003014956 0.0002)
(0.00785 0.0003014956 0.0002)
(0.0079 0.0003014956 0.0002)
(0.00795 0.0003014956 0.0002)
(0.008 0.0003014956 0.0002)
(0.00805 0.0003014956 0.0002)
(0.0081 0.0003014956 0.0002)
(0.00815 0.0003014956 0.0002)
(0.0082 0.0003014956 0.0002)
(0.00825 0.0003014956 0.0002)
(0.0083 0.0003014956 0.0002)
(0.00835 0.0003014956 0.0002)
(0.0084 0.0003014956 0.0002)
(0.00845 0.0003014956 0.0002)
(0.0085 0.0003014956 0.0002)
(0.00855 0.0003014956 0.0002)
(0.0086 0.0003014956 0.0002)
(0.00865 0.0003014956 0.0002)
(0.0087 0.0003014956 0.0002)
(0.00875 0.0003014956 0.0002)
(0.0088 0.0003014956 0.0002)
(0.00885 0.0003014956 0.0002)
(0.0089 0.0003014956 0.0002)
(0.00895 0.0003014956 0.0002)
(0.009 0.0003014956 0.0002)
(0.00905 0.0003014956 0.0002)
(0.0091 0.0003014956 0.0002)
(0.00915 0.0003014956 0.0002)
(0.0092 0.0003014956 0.0002)
(0.00925 0.0003014956 0.0002)
(0.0093 0.0003014956 0.0002)
(0.00935 0.0003014956 0.0002)
(0.0094 0.0003014956 0.0002)
(0.00945 0.0003014956 0.0002)
(0.0095 0.0003014956 0.0002)
(0.00955 0.0003014956 0.0002)
(0.0096 0.0003014956 0.0002)
(0.00965 0.0003014956 0.0002)
(0.0097 0.0003014956 0.0002)
(0.00975 0.0003014956 0.0002)
(0.0098 0.0003014956 0.0002)
(0.00985 0.0003014956 0.0002)
(0.0099 0.0003014956 0.0002)
(0.00995 0.0003014956 0.0002)
(0.01 0.0003014956 0.0002)
(0 0.0003445664 0.0002)
(5e-05 0.0003445664 0.0002)
(0.0001 0.0003445664 0.0002)
(0.00015 0.0003445664 0.0002)
(0.0002 0.0003445664 0.0002)
(0.00025 0.0003445664 0.0002)
(0.0003 0.0003445664 0.0002)
(0.00035 0.0003445664 0.0002)
(0.0004 0.0003445664 0.0002)
(0.00045 0.0003445664 0.0002)
(0.0005 0.0003445664 0.0002)
(0.00055 0.0003445664 0.0002)
(0.0006 0.0003445664 0.0002)
(0.00065 0.0003445664 0.0002)
(0.0007 0.0003445664 0.0002)
(0.00075 0.0003445664 0.0002)
(0.0008 0.0003445664 0.0002)
(0.00085 0.0003445664 0.0002)
(0.0009 0.0003445664 0.0002)
(0.00095 0.0003445664 0.0002)
(0.001 0.0003445664 0.0002)
(0.00105 0.0003445664 0.0002)
(0.0011 0.0003445664 0.0002)
(0.00115 0.0003445664 0.0002)
(0.0012 0.0003445664 0.0002)
(0.00125 0.0003445664 0.0002)
(0.0013 0.0003445664 0.0002)
(0.00135 0.0003445664 0.0002)
(0.0014 0.0003445664 0.0002)
(0.00145 0.0003445664 0.0002)
(0.0015 0.0003445664 0.0002)
(0.00155 0.0003445664 0.0002)
(0.0016 0.0003445664 0.0002)
(0.00165 0.0003445664 0.0002)
(0.0017 0.0003445664 0.0002)
(0.00175 0.0003445664 0.0002)
(0.0018 0.0003445664 0.0002)
(0.00185 0.0003445664 0.0002)
(0.0019 0.0003445664 0.0002)
(0.00195 0.0003445664 0.0002)
(0.002 0.0003445664 0.0002)
(0.00205 0.0003445664 0.0002)
(0.0021 0.0003445664 0.0002)
(0.00215 0.0003445664 0.0002)
(0.0022 0.0003445664 0.0002)
(0.00225 0.0003445664 0.0002)
(0.0023 0.0003445664 0.0002)
(0.00235 0.0003445664 0.0002)
(0.0024 0.0003445664 0.0002)
(0.00245 0.0003445664 0.0002)
(0.0025 0.0003445664 0.0002)
(0.00255 0.0003445664 0.0002)
(0.0026 0.0003445664 0.0002)
(0.00265 0.0003445664 0.0002)
(0.0027 0.0003445664 0.0002)
(0.00275 0.0003445664 0.0002)
(0.0028 0.0003445664 0.0002)
(0.00285 0.0003445664 0.0002)
(0.0029 0.0003445664 0.0002)
(0.00295 0.0003445664 0.0002)
(0.003 0.0003445664 0.0002)
(0.00305 0.0003445664 0.0002)
(0.0031 0.0003445664 0.0002)
(0.00315 0.0003445664 0.0002)
(0.0032 0.0003445664 0.0002)
(0.00325 0.0003445664 0.0002)
(0.0033 0.0003445664 0.0002)
(0.00335 0.0003445664 0.0002)
(0.0034 0.0003445664 0.0002)
(0.00345 0.0003445664 0.0002)
(0.0035 0.0003445664 0.0002)
(0.00355 0.0003445664 0.0002)
(0.0036 0.0003445664 0.0002)
(0.00365 0.0003445664 0.0002)
(0.0037 0.0003445664 0.0002)
(0.00375 0.0003445664 0.0002)
(0.0038 0.0003445664 0.0002)
(0.00385 0.0003445664 0.0002)
(0.0039 0.0003445664 0.0002)
(0.00395 0.0003445664 0.0002)
(0.004 0.0003445664 0.0002)
(0.00405 0.0003445664 0.0002)
(0.0041 0.0003445664 0.0002)
(0.00415 0.0003445664 0.0002)
(0.0042 0.0003445664 0.0002)
(0.00425 0.0003445664 0.0002)
(0.0043 0.0003445664 0.0002)
(0.00435 0.0003445664 0.0002)
(0.0044 0.0003445664 0.0002)
(0.00445 0.0003445664 0.0002)
(0.0045 0.0003445664 0.0002)
(0.00455 0.0003445664 0.0002)
(0.0046 0.0003445664 0.0002)
(0.00465 0.0003445664 0.0002)
(0.0047 0.0003445664 0.0002)
(0.00475 0.0003445664 0.0002)
(0.0048 0.0003445664 0.0002)
(0.00485 0.0003445664 0.0002)
(0.0049 0.0003445664 0.0002)
(0.00495 0.0003445664 0.0002)
(0.005 0.0003445664 0.0002)
(0.00505 0.0003445664 0.0002)
(0.0051 0.0003445664 0.0002)
(0.00515 0.0003445664 0.0002)
(0.0052 0.0003445664 0.0002)
(0.00525 0.0003445664 0.0002)
(0.0053 0.0003445664 0.0002)
(0.00535 0.0003445664 0.0002)
(0.0054 0.0003445664 0.0002)
(0.00545 0.0003445664 0.0002)
(0.0055 0.0003445664 0.0002)
(0.00555 0.0003445664 0.0002)
(0.0056 0.0003445664 0.0002)
(0.00565 0.0003445664 0.0002)
(0.0057 0.0003445664 0.0002)
(0.00575 0.0003445664 0.0002)
(0.0058 0.0003445664 0.0002)
(0.00585 0.0003445664 0.0002)
(0.0059 0.0003445664 0.0002)
(0.00595 0.0003445664 0.0002)
(0.006 0.0003445664 0.0002)
(0.00605 0.0003445664 0.0002)
(0.0061 0.0003445664 0.0002)
(0.00615 0.0003445664 0.0002)
(0.0062 0.0003445664 0.0002)
(0.00625 0.0003445664 0.0002)
(0.0063 0.0003445664 0.0002)
(0.00635 0.0003445664 0.0002)
(0.0064 0.0003445664 0.0002)
(0.00645 0.0003445664 0.0002)
(0.0065 0.0003445664 0.0002)
(0.00655 0.0003445664 0.0002)
(0.0066 0.0003445664 0.0002)
(0.00665 0.0003445664 0.0002)
(0.0067 0.0003445664 0.0002)
(0.00675 0.0003445664 0.0002)
(0.0068 0.0003445664 0.0002)
(0.00685 0.0003445664 0.0002)
(0.0069 0.0003445664 0.0002)
(0.00695 0.0003445664 0.0002)
(0.007 0.0003445664 0.0002)
(0.00705 0.0003445664 0.0002)
(0.0071 0.0003445664 0.0002)
(0.00715 0.0003445664 0.0002)
(0.0072 0.0003445664 0.0002)
(0.00725 0.0003445664 0.0002)
(0.0073 0.0003445664 0.0002)
(0.00735 0.0003445664 0.0002)
(0.0074 0.0003445664 0.0002)
(0.00745 0.0003445664 0.0002)
(0.0075 0.0003445664 0.0002)
(0.00755 0.0003445664 0.0002)
(0.0076 0.0003445664 0.0002)
(0.00765 0.0003445664 0.0002)
(0.0077 0.0003445664 0.0002)
(0.00775 0.0003445664 0.0002)
(0.0078 0.0003445664 0.0002)
(0.00785 0.0003445664 0.0002)
(0.0079 0.0003445664 0.0002)
(0.00795 0.0003445664 0.0002)
(0.008 0.0003445664 0.0002)
(0.00805 0.0003445664 0.0002)
(0.0081 0.0003445664 0.0002)
(0.00815 0.0003445664 0.0002)
(0.0082 0.0003445664 0.0002)
(0.00825 0.0003445664 0.0002)
(0.0083 0.0003445664 0.0002)
(0.00835 0.0003445664 0.0002)
(0.0084 0.0003445664 0.0002)
(0.00845 0.0003445664 0.0002)
(0.0085 0.0003445664 0.0002)
(0.00855 0.0003445664 0.0002)
(0.0086 0.0003445664 0.0002)
(0.00865 0.0003445664 0.0002)
(0.0087 0.0003445664 0.0002)
(0.00875 0.0003445664 0.0002)
(0.0088 0.0003445664 0.0002)
(0.00885 0.0003445664 0.0002)
(0.0089 0.0003445664 0.0002)
(0.00895 0.0003445664 0.0002)
(0.009 0.0003445664 0.0002)
(0.00905 0.0003445664 0.0002)
(0.0091 0.0003445664 0.0002)
(0.00915 0.0003445664 0.0002)
(0.0092 0.0003445664 0.0002)
(0.00925 0.0003445664 0.0002)
(0.0093 0.0003445664 0.0002)
(0.00935 0.0003445664 0.0002)
(0.0094 0.0003445664 0.0002)
(0.00945 0.0003445664 0.0002)
(0.0095 0.0003445664 0.0002)
(0.00955 0.0003445664 0.0002)
(0.0096 0.0003445664 0.0002)
(0.00965 0.0003445664 0.0002)
(0.0097 0.0003445664 0.0002)
(0.00975 0.0003445664 0.0002)
(0.0098 0.0003445664 0.0002)
(0.00985 0.0003445664 0.0002)
(0.0099 0.0003445664 0.0002)
(0.00995 0.0003445664 0.0002)
(0.01 0.0003445664 0.0002)
(0 0.0003876372 0.0002)
(5e-05 0.0003876372 0.0002)
(0.0001 0.0003876372 0.0002)
(0.00015 0.0003876372 0.0002)
(0.0002 0.0003876372 0.0002)
(0.00025 0.0003876372 0.0002)
(0.0003 0.0003876372 0.0002)
(0.00035 0.0003876372 0.0002)
(0.0004 0.0003876372 0.0002)
(0.00045 0.0003876372 0.0002)
(0.0005 0.0003876372 0.0002)
(0.00055 0.0003876372 0.0002)
(0.0006 0.0003876372 0.0002)
(0.00065 0.0003876372 0.0002)
(0.0007 0.0003876372 0.0002)
(0.00075 0.0003876372 0.0002)
(0.0008 0.0003876372 0.0002)
(0.00085 0.0003876372 0.0002)
(0.0009 0.0003876372 0.0002)
(0.00095 0.0003876372 0.0002)
(0.001 0.0003876372 0.0002)
(0.00105 0.0003876372 0.0002)
(0.0011 0.0003876372 0.0002)
(0.00115 0.0003876372 0.0002)
(0.0012 0.0003876372 0.0002)
(0.00125 0.0003876372 0.0002)
(0.0013 0.0003876372 0.0002)
(0.00135 0.0003876372 0.0002)
(0.0014 0.0003876372 0.0002)
(0.00145 0.0003876372 0.0002)
(0.0015 0.0003876372 0.0002)
(0.00155 0.0003876372 0.0002)
(0.0016 0.0003876372 0.0002)
(0.00165 0.0003876372 0.0002)
(0.0017 0.0003876372 0.0002)
(0.00175 0.0003876372 0.0002)
(0.0018 0.0003876372 0.0002)
(0.00185 0.0003876372 0.0002)
(0.0019 0.0003876372 0.0002)
(0.00195 0.0003876372 0.0002)
(0.002 0.0003876372 0.0002)
(0.00205 0.0003876372 0.0002)
(0.0021 0.0003876372 0.0002)
(0.00215 0.0003876372 0.0002)
(0.0022 0.0003876372 0.0002)
(0.00225 0.0003876372 0.0002)
(0.0023 0.0003876372 0.0002)
(0.00235 0.0003876372 0.0002)
(0.0024 0.0003876372 0.0002)
(0.00245 0.0003876372 0.0002)
(0.0025 0.0003876372 0.0002)
(0.00255 0.0003876372 0.0002)
(0.0026 0.0003876372 0.0002)
(0.00265 0.0003876372 0.0002)
(0.0027 0.0003876372 0.0002)
(0.00275 0.0003876372 0.0002)
(0.0028 0.0003876372 0.0002)
(0.00285 0.0003876372 0.0002)
(0.0029 0.0003876372 0.0002)
(0.00295 0.0003876372 0.0002)
(0.003 0.0003876372 0.0002)
(0.00305 0.0003876372 0.0002)
(0.0031 0.0003876372 0.0002)
(0.00315 0.0003876372 0.0002)
(0.0032 0.0003876372 0.0002)
(0.00325 0.0003876372 0.0002)
(0.0033 0.0003876372 0.0002)
(0.00335 0.0003876372 0.0002)
(0.0034 0.0003876372 0.0002)
(0.00345 0.0003876372 0.0002)
(0.0035 0.0003876372 0.0002)
(0.00355 0.0003876372 0.0002)
(0.0036 0.0003876372 0.0002)
(0.00365 0.0003876372 0.0002)
(0.0037 0.0003876372 0.0002)
(0.00375 0.0003876372 0.0002)
(0.0038 0.0003876372 0.0002)
(0.00385 0.0003876372 0.0002)
(0.0039 0.0003876372 0.0002)
(0.00395 0.0003876372 0.0002)
(0.004 0.0003876372 0.0002)
(0.00405 0.0003876372 0.0002)
(0.0041 0.0003876372 0.0002)
(0.00415 0.0003876372 0.0002)
(0.0042 0.0003876372 0.0002)
(0.00425 0.0003876372 0.0002)
(0.0043 0.0003876372 0.0002)
(0.00435 0.0003876372 0.0002)
(0.0044 0.0003876372 0.0002)
(0.00445 0.0003876372 0.0002)
(0.0045 0.0003876372 0.0002)
(0.00455 0.0003876372 0.0002)
(0.0046 0.0003876372 0.0002)
(0.00465 0.0003876372 0.0002)
(0.0047 0.0003876372 0.0002)
(0.00475 0.0003876372 0.0002)
(0.0048 0.0003876372 0.0002)
(0.00485 0.0003876372 0.0002)
(0.0049 0.0003876372 0.0002)
(0.00495 0.0003876372 0.0002)
(0.005 0.0003876372 0.0002)
(0.00505 0.0003876372 0.0002)
(0.0051 0.0003876372 0.0002)
(0.00515 0.0003876372 0.0002)
(0.0052 0.0003876372 0.0002)
(0.00525 0.0003876372 0.0002)
(0.0053 0.0003876372 0.0002)
(0.00535 0.0003876372 0.0002)
(0.0054 0.0003876372 0.0002)
(0.00545 0.0003876372 0.0002)
(0.0055 0.0003876372 0.0002)
(0.00555 0.0003876372 0.0002)
(0.0056 0.0003876372 0.0002)
(0.00565 0.0003876372 0.0002)
(0.0057 0.0003876372 0.0002)
(0.00575 0.0003876372 0.0002)
(0.0058 0.0003876372 0.0002)
(0.00585 0.0003876372 0.0002)
(0.0059 0.0003876372 0.0002)
(0.00595 0.0003876372 0.0002)
(0.006 0.0003876372 0.0002)
(0.00605 0.0003876372 0.0002)
(0.0061 0.0003876372 0.0002)
(0.00615 0.0003876372 0.0002)
(0.0062 0.0003876372 0.0002)
(0.00625 0.0003876372 0.0002)
(0.0063 0.0003876372 0.0002)
(0.00635 0.0003876372 0.0002)
(0.0064 0.0003876372 0.0002)
(0.00645 0.0003876372 0.0002)
(0.0065 0.0003876372 0.0002)
(0.00655 0.0003876372 0.0002)
(0.0066 0.0003876372 0.0002)
(0.00665 0.0003876372 0.0002)
(0.0067 0.0003876372 0.0002)
(0.00675 0.0003876372 0.0002)
(0.0068 0.0003876372 0.0002)
(0.00685 0.0003876372 0.0002)
(0.0069 0.0003876372 0.0002)
(0.00695 0.0003876372 0.0002)
(0.007 0.0003876372 0.0002)
(0.00705 0.0003876372 0.0002)
(0.0071 0.0003876372 0.0002)
(0.00715 0.0003876372 0.0002)
(0.0072 0.0003876372 0.0002)
(0.00725 0.0003876372 0.0002)
(0.0073 0.0003876372 0.0002)
(0.00735 0.0003876372 0.0002)
(0.0074 0.0003876372 0.0002)
(0.00745 0.0003876372 0.0002)
(0.0075 0.0003876372 0.0002)
(0.00755 0.0003876372 0.0002)
(0.0076 0.0003876372 0.0002)
(0.00765 0.0003876372 0.0002)
(0.0077 0.0003876372 0.0002)
(0.00775 0.0003876372 0.0002)
(0.0078 0.0003876372 0.0002)
(0.00785 0.0003876372 0.0002)
(0.0079 0.0003876372 0.0002)
(0.00795 0.0003876372 0.0002)
(0.008 0.0003876372 0.0002)
(0.00805 0.0003876372 0.0002)
(0.0081 0.0003876372 0.0002)
(0.00815 0.0003876372 0.0002)
(0.0082 0.0003876372 0.0002)
(0.00825 0.0003876372 0.0002)
(0.0083 0.0003876372 0.0002)
(0.00835 0.0003876372 0.0002)
(0.0084 0.0003876372 0.0002)
(0.00845 0.0003876372 0.0002)
(0.0085 0.0003876372 0.0002)
(0.00855 0.0003876372 0.0002)
(0.0086 0.0003876372 0.0002)
(0.00865 0.0003876372 0.0002)
(0.0087 0.0003876372 0.0002)
(0.00875 0.0003876372 0.0002)
(0.0088 0.0003876372 0.0002)
(0.00885 0.0003876372 0.0002)
(0.0089 0.0003876372 0.0002)
(0.00895 0.0003876372 0.0002)
(0.009 0.0003876372 0.0002)
(0.00905 0.0003876372 0.0002)
(0.0091 0.0003876372 0.0002)
(0.00915 0.0003876372 0.0002)
(0.0092 0.0003876372 0.0002)
(0.00925 0.0003876372 0.0002)
(0.0093 0.0003876372 0.0002)
(0.00935 0.0003876372 0.0002)
(0.0094 0.0003876372 0.0002)
(0.00945 0.0003876372 0.0002)
(0.0095 0.0003876372 0.0002)
(0.00955 0.0003876372 0.0002)
(0.0096 0.0003876372 0.0002)
(0.00965 0.0003876372 0.0002)
(0.0097 0.0003876372 0.0002)
(0.00975 0.0003876372 0.0002)
(0.0098 0.0003876372 0.0002)
(0.00985 0.0003876372 0.0002)
(0.0099 0.0003876372 0.0002)
(0.00995 0.0003876372 0.0002)
(0.01 0.0003876372 0.0002)
(0 0.000430708 0.0002)
(5e-05 0.000430708 0.0002)
(0.0001 0.000430708 0.0002)
(0.00015 0.000430708 0.0002)
(0.0002 0.000430708 0.0002)
(0.00025 0.000430708 0.0002)
(0.0003 0.000430708 0.0002)
(0.00035 0.000430708 0.0002)
(0.0004 0.000430708 0.0002)
(0.00045 0.000430708 0.0002)
(0.0005 0.000430708 0.0002)
(0.00055 0.000430708 0.0002)
(0.0006 0.000430708 0.0002)
(0.00065 0.000430708 0.0002)
(0.0007 0.000430708 0.0002)
(0.00075 0.000430708 0.0002)
(0.0008 0.000430708 0.0002)
(0.00085 0.000430708 0.0002)
(0.0009 0.000430708 0.0002)
(0.00095 0.000430708 0.0002)
(0.001 0.000430708 0.0002)
(0.00105 0.000430708 0.0002)
(0.0011 0.000430708 0.0002)
(0.00115 0.000430708 0.0002)
(0.0012 0.000430708 0.0002)
(0.00125 0.000430708 0.0002)
(0.0013 0.000430708 0.0002)
(0.00135 0.000430708 0.0002)
(0.0014 0.000430708 0.0002)
(0.00145 0.000430708 0.0002)
(0.0015 0.000430708 0.0002)
(0.00155 0.000430708 0.0002)
(0.0016 0.000430708 0.0002)
(0.00165 0.000430708 0.0002)
(0.0017 0.000430708 0.0002)
(0.00175 0.000430708 0.0002)
(0.0018 0.000430708 0.0002)
(0.00185 0.000430708 0.0002)
(0.0019 0.000430708 0.0002)
(0.00195 0.000430708 0.0002)
(0.002 0.000430708 0.0002)
(0.00205 0.000430708 0.0002)
(0.0021 0.000430708 0.0002)
(0.00215 0.000430708 0.0002)
(0.0022 0.000430708 0.0002)
(0.00225 0.000430708 0.0002)
(0.0023 0.000430708 0.0002)
(0.00235 0.000430708 0.0002)
(0.0024 0.000430708 0.0002)
(0.00245 0.000430708 0.0002)
(0.0025 0.000430708 0.0002)
(0.00255 0.000430708 0.0002)
(0.0026 0.000430708 0.0002)
(0.00265 0.000430708 0.0002)
(0.0027 0.000430708 0.0002)
(0.00275 0.000430708 0.0002)
(0.0028 0.000430708 0.0002)
(0.00285 0.000430708 0.0002)
(0.0029 0.000430708 0.0002)
(0.00295 0.000430708 0.0002)
(0.003 0.000430708 0.0002)
(0.00305 0.000430708 0.0002)
(0.0031 0.000430708 0.0002)
(0.00315 0.000430708 0.0002)
(0.0032 0.000430708 0.0002)
(0.00325 0.000430708 0.0002)
(0.0033 0.000430708 0.0002)
(0.00335 0.000430708 0.0002)
(0.0034 0.000430708 0.0002)
(0.00345 0.000430708 0.0002)
(0.0035 0.000430708 0.0002)
(0.00355 0.000430708 0.0002)
(0.0036 0.000430708 0.0002)
(0.00365 0.000430708 0.0002)
(0.0037 0.000430708 0.0002)
(0.00375 0.000430708 0.0002)
(0.0038 0.000430708 0.0002)
(0.00385 0.000430708 0.0002)
(0.0039 0.000430708 0.0002)
(0.00395 0.000430708 0.0002)
(0.004 0.000430708 0.0002)
(0.00405 0.000430708 0.0002)
(0.0041 0.000430708 0.0002)
(0.00415 0.000430708 0.0002)
(0.0042 0.000430708 0.0002)
(0.00425 0.000430708 0.0002)
(0.0043 0.000430708 0.0002)
(0.00435 0.000430708 0.0002)
(0.0044 0.000430708 0.0002)
(0.00445 0.000430708 0.0002)
(0.0045 0.000430708 0.0002)
(0.00455 0.000430708 0.0002)
(0.0046 0.000430708 0.0002)
(0.00465 0.000430708 0.0002)
(0.0047 0.000430708 0.0002)
(0.00475 0.000430708 0.0002)
(0.0048 0.000430708 0.0002)
(0.00485 0.000430708 0.0002)
(0.0049 0.000430708 0.0002)
(0.00495 0.000430708 0.0002)
(0.005 0.000430708 0.0002)
(0.00505 0.000430708 0.0002)
(0.0051 0.000430708 0.0002)
(0.00515 0.000430708 0.0002)
(0.0052 0.000430708 0.0002)
(0.00525 0.000430708 0.0002)
(0.0053 0.000430708 0.0002)
(0.00535 0.000430708 0.0002)
(0.0054 0.000430708 0.0002)
(0.00545 0.000430708 0.0002)
(0.0055 0.000430708 0.0002)
(0.00555 0.000430708 0.0002)
(0.0056 0.000430708 0.0002)
(0.00565 0.000430708 0.0002)
(0.0057 0.000430708 0.0002)
(0.00575 0.000430708 0.0002)
(0.0058 0.000430708 0.0002)
(0.00585 0.000430708 0.0002)
(0.0059 0.000430708 0.0002)
(0.00595 0.000430708 0.0002)
(0.006 0.000430708 0.0002)
(0.00605 0.000430708 0.0002)
(0.0061 0.000430708 0.0002)
(0.00615 0.000430708 0.0002)
(0.0062 0.000430708 0.0002)
(0.00625 0.000430708 0.0002)
(0.0063 0.000430708 0.0002)
(0.00635 0.000430708 0.0002)
(0.0064 0.000430708 0.0002)
(0.00645 0.000430708 0.0002)
(0.0065 0.000430708 0.0002)
(0.00655 0.000430708 0.0002)
(0.0066 0.000430708 0.0002)
(0.00665 0.000430708 0.0002)
(0.0067 0.000430708 0.0002)
(0.00675 0.000430708 0.0002)
(0.0068 0.000430708 0.0002)
(0.00685 0.000430708 0.0002)
(0.0069 0.000430708 0.0002)
(0.00695 0.000430708 0.0002)
(0.007 0.000430708 0.0002)
(0.00705 0.000430708 0.0002)
(0.0071 0.000430708 0.0002)
(0.00715 0.000430708 0.0002)
(0.0072 0.000430708 0.0002)
(0.00725 0.000430708 0.0002)
(0.0073 0.000430708 0.0002)
(0.00735 0.000430708 0.0002)
(0.0074 0.000430708 0.0002)
(0.00745 0.000430708 0.0002)
(0.0075 0.000430708 0.0002)
(0.00755 0.000430708 0.0002)
(0.0076 0.000430708 0.0002)
(0.00765 0.000430708 0.0002)
(0.0077 0.000430708 0.0002)
(0.00775 0.000430708 0.0002)
(0.0078 0.000430708 0.0002)
(0.00785 0.000430708 0.0002)
(0.0079 0.000430708 0.0002)
(0.00795 0.000430708 0.0002)
(0.008 0.000430708 0.0002)
(0.00805 0.000430708 0.0002)
(0.0081 0.000430708 0.0002)
(0.00815 0.000430708 0.0002)
(0.0082 0.000430708 0.0002)
(0.00825 0.000430708 0.0002)
(0.0083 0.000430708 0.0002)
(0.00835 0.000430708 0.0002)
(0.0084 0.000430708 0.0002)
(0.00845 0.000430708 0.0002)
(0.0085 0.000430708 0.0002)
(0.00855 0.000430708 0.0002)
(0.0086 0.000430708 0.0002)
(0.00865 0.000430708 0.0002)
(0.0087 0.000430708 0.0002)
(0.00875 0.000430708 0.0002)
(0.0088 0.000430708 0.0002)
(0.00885 0.000430708 0.0002)
(0.0089 0.000430708 0.0002)
(0.00895 0.000430708 0.0002)
(0.009 0.000430708 0.0002)
(0.00905 0.000430708 0.0002)
(0.0091 0.000430708 0.0002)
(0.00915 0.000430708 0.0002)
(0.0092 0.000430708 0.0002)
(0.00925 0.000430708 0.0002)
(0.0093 0.000430708 0.0002)
(0.00935 0.000430708 0.0002)
(0.0094 0.000430708 0.0002)
(0.00945 0.000430708 0.0002)
(0.0095 0.000430708 0.0002)
(0.00955 0.000430708 0.0002)
(0.0096 0.000430708 0.0002)
(0.00965 0.000430708 0.0002)
(0.0097 0.000430708 0.0002)
(0.00975 0.000430708 0.0002)
(0.0098 0.000430708 0.0002)
(0.00985 0.000430708 0.0002)
(0.0099 0.000430708 0.0002)
(0.00995 0.000430708 0.0002)
(0.01 0.000430708 0.0002)
(0 0.0004737788 0)
(5e-05 0.0004737788 0)
(0.0001 0.0004737788 0)
(0.00015 0.0004737788 0)
(0.0002 0.0004737788 0)
(0.00025 0.0004737788 0)
(0.0003 0.0004737788 0)
(0.00035 0.0004737788 0)
(0.0004 0.0004737788 0)
(0.00045 0.0004737788 0)
(0.0005 0.0004737788 0)
(0.00055 0.0004737788 0)
(0.0006 0.0004737788 0)
(0.00065 0.0004737788 0)
(0.0007 0.0004737788 0)
(0.00075 0.0004737788 0)
(0.0008 0.0004737788 0)
(0.00085 0.0004737788 0)
(0.0009 0.0004737788 0)
(0.00095 0.0004737788 0)
(0.001 0.0004737788 0)
(0.00105 0.0004737788 0)
(0.0011 0.0004737788 0)
(0.00115 0.0004737788 0)
(0.0012 0.0004737788 0)
(0.00125 0.0004737788 0)
(0.0013 0.0004737788 0)
(0.00135 0.0004737788 0)
(0.0014 0.0004737788 0)
(0.00145 0.0004737788 0)
(0.0015 0.0004737788 0)
(0.00155 0.0004737788 0)
(0.0016 0.0004737788 0)
(0.00165 0.0004737788 0)
(0.0017 0.0004737788 0)
(0.00175 0.0004737788 0)
(0.0018 0.0004737788 0)
(0.00185 0.0004737788 0)
(0.0019 0.0004737788 0)
(0.00195 0.0004737788 0)
(0.002 0.0004737788 0)
(0.00205 0.0004737788 0)
(0.0021 0.0004737788 0)
(0.00215 0.0004737788 0)
(0.0022 0.0004737788 0)
(0.00225 0.0004737788 0)
(0.0023 0.0004737788 0)
(0.00235 0.0004737788 0)
(0.0024 0.0004737788 0)
(0.00245 0.0004737788 0)
(0.0025 0.0004737788 0)
(0.00255 0.0004737788 0)
(0.0026 0.0004737788 0)
(0.00265 0.0004737788 0)
(0.0027 0.0004737788 0)
(0.00275 0.0004737788 0)
(0.0028 0.0004737788 0)
(0.00285 0.0004737788 0)
(0.0029 0.0004737788 0)
(0.00295 0.0004737788 0)
(0.003 0.0004737788 0)
(0.00305 0.0004737788 0)
(0.0031 0.0004737788 0)
(0.00315 0.0004737788 0)
(0.0032 0.0004737788 0)
(0.00325 0.0004737788 0)
(0.0033 0.0004737788 0)
(0.00335 0.0004737788 0)
(0.0034 0.0004737788 0)
(0.00345 0.0004737788 0)
(0.0035 0.0004737788 0)
(0.00355 0.0004737788 0)
(0.0036 0.0004737788 0)
(0.00365 0.0004737788 0)
(0.0037 0.0004737788 0)
(0.00375 0.0004737788 0)
(0.0038 0.0004737788 0)
(0.00385 0.0004737788 0)
(0.0039 0.0004737788 0)
(0.00395 0.0004737788 0)
(0.004 0.0004737788 0)
(0.00405 0.0004737788 0)
(0.0041 0.0004737788 0)
(0.00415 0.0004737788 0)
(0.0042 0.0004737788 0)
(0.00425 0.0004737788 0)
(0.0043 0.0004737788 0)
(0.00435 0.0004737788 0)
(0.0044 0.0004737788 0)
(0.00445 0.0004737788 0)
(0.0045 0.0004737788 0)
(0.00455 0.0004737788 0)
(0.0046 0.0004737788 0)
(0.00465 0.0004737788 0)
(0.0047 0.0004737788 0)
(0.00475 0.0004737788 0)
(0.0048 0.0004737788 0)
(0.00485 0.0004737788 0)
(0.0049 0.0004737788 0)
(0.00495 0.0004737788 0)
(0.005 0.0004737788 0)
(0.00505 0.0004737788 0)
(0.0051 0.0004737788 0)
(0.00515 0.0004737788 0)
(0.0052 0.0004737788 0)
(0.00525 0.0004737788 0)
(0.0053 0.0004737788 0)
(0.00535 0.0004737788 0)
(0.0054 0.0004737788 0)
(0.00545 0.0004737788 0)
(0.0055 0.0004737788 0)
(0.00555 0.0004737788 0)
(0.0056 0.0004737788 0)
(0.00565 0.0004737788 0)
(0.0057 0.0004737788 0)
(0.00575 0.0004737788 0)
(0.0058 0.0004737788 0)
(0.00585 0.0004737788 0)
(0.0059 0.0004737788 0)
(0.00595 0.0004737788 0)
(0.006 0.0004737788 0)
(0.00605 0.0004737788 0)
(0.0061 0.0004737788 0)
(0.00615 0.0004737788 0)
(0.0062 0.0004737788 0)
(0.00625 0.0004737788 0)
(0.0063 0.0004737788 0)
(0.00635 0.0004737788 0)
(0.0064 0.0004737788 0)
(0.00645 0.0004737788 0)
(0.0065 0.0004737788 0)
(0.00655 0.0004737788 0)
(0.0066 0.0004737788 0)
(0.00665 0.0004737788 0)
(0.0067 0.0004737788 0)
(0.00675 0.0004737788 0)
(0.0068 0.0004737788 0)
(0.00685 0.0004737788 0)
(0.0069 0.0004737788 0)
(0.00695 0.0004737788 0)
(0.007 0.0004737788 0)
(0.00705 0.0004737788 0)
(0.0071 0.0004737788 0)
(0.00715 0.0004737788 0)
(0.0072 0.0004737788 0)
(0.00725 0.0004737788 0)
(0.0073 0.0004737788 0)
(0.00735 0.0004737788 0)
(0.0074 0.0004737788 0)
(0.00745 0.0004737788 0)
(0.0075 0.0004737788 0)
(0.00755 0.0004737788 0)
(0.0076 0.0004737788 0)
(0.00765 0.0004737788 0)
(0.0077 0.0004737788 0)
(0.00775 0.0004737788 0)
(0.0078 0.0004737788 0)
(0.00785 0.0004737788 0)
(0.0079 0.0004737788 0)
(0.00795 0.0004737788 0)
(0.008 0.0004737788 0)
(0.00805 0.0004737788 0)
(0.0081 0.0004737788 0)
(0.00815 0.0004737788 0)
(0.0082 0.0004737788 0)
(0.00825 0.0004737788 0)
(0.0083 0.0004737788 0)
(0.00835 0.0004737788 0)
(0.0084 0.0004737788 0)
(0.00845 0.0004737788 0)
(0.0085 0.0004737788 0)
(0.00855 0.0004737788 0)
(0.0086 0.0004737788 0)
(0.00865 0.0004737788 0)
(0.0087 0.0004737788 0)
(0.00875 0.0004737788 0)
(0.0088 0.0004737788 0)
(0.00885 0.0004737788 0)
(0.0089 0.0004737788 0)
(0.00895 0.0004737788 0)
(0.009 0.0004737788 0)
(0.00905 0.0004737788 0)
(0.0091 0.0004737788 0)
(0.00915 0.0004737788 0)
(0.0092 0.0004737788 0)
(0.00925 0.0004737788 0)
(0.0093 0.0004737788 0)
(0.00935 0.0004737788 0)
(0.0094 0.0004737788 0)
(0.00945 0.0004737788 0)
(0.0095 0.0004737788 0)
(0.00955 0.0004737788 0)
(0.0096 0.0004737788 0)
(0.00965 0.0004737788 0)
(0.0097 0.0004737788 0)
(0.00975 0.0004737788 0)
(0.0098 0.0004737788 0)
(0.00985 0.0004737788 0)
(0.0099 0.0004737788 0)
(0.00995 0.0004737788 0)
(0.01 0.0004737788 0)
(0 0.0005168496 0)
(5e-05 0.0005168496 0)
(0.0001 0.0005168496 0)
(0.00015 0.0005168496 0)
(0.0002 0.0005168496 0)
(0.00025 0.0005168496 0)
(0.0003 0.0005168496 0)
(0.00035 0.0005168496 0)
(0.0004 0.0005168496 0)
(0.00045 0.0005168496 0)
(0.0005 0.0005168496 0)
(0.00055 0.0005168496 0)
(0.0006 0.0005168496 0)
(0.00065 0.0005168496 0)
(0.0007 0.0005168496 0)
(0.00075 0.0005168496 0)
(0.0008 0.0005168496 0)
(0.00085 0.0005168496 0)
(0.0009 0.0005168496 0)
(0.00095 0.0005168496 0)
(0.001 0.0005168496 0)
(0.00105 0.0005168496 0)
(0.0011 0.0005168496 0)
(0.00115 0.0005168496 0)
(0.0012 0.0005168496 0)
(0.00125 0.0005168496 0)
(0.0013 0.0005168496 0)
(0.00135 0.0005168496 0)
(0.0014 0.0005168496 0)
(0.00145 0.0005168496 0)
(0.0015 0.0005168496 0)
(0.00155 0.0005168496 0)
(0.0016 0.0005168496 0)
(0.00165 0.0005168496 0)
(0.0017 0.0005168496 0)
(0.00175 0.0005168496 0)
(0.0018 0.0005168496 0)
(0.00185 0.0005168496 0)
(0.0019 0.0005168496 0)
(0.00195 0.0005168496 0)
(0.002 0.0005168496 0)
(0.00205 0.0005168496 0)
(0.0021 0.0005168496 0)
(0.00215 0.0005168496 0)
(0.0022 0.0005168496 0)
(0.00225 0.0005168496 0)
(0.0023 0.0005168496 0)
(0.00235 0.0005168496 0)
(0.0024 0.0005168496 0)
(0.00245 0.0005168496 0)
(0.0025 0.0005168496 0)
(0.00255 0.0005168496 0)
(0.0026 0.0005168496 0)
(0.00265 0.0005168496 0)
(0.0027 0.0005168496 0)
(0.00275 0.0005168496 0)
(0.0028 0.0005168496 0)
(0.00285 0.0005168496 0)
(0.0029 0.0005168496 0)
(0.00295 0.0005168496 0)
(0.003 0.0005168496 0)
(0.00305 0.0005168496 0)
(0.0031 0.0005168496 0)
(0.00315 0.0005168496 0)
(0.0032 0.0005168496 0)
(0.00325 0.0005168496 0)
(0.0033 0.0005168496 0)
(0.00335 0.0005168496 0)
(0.0034 0.0005168496 0)
(0.00345 0.0005168496 0)
(0.0035 0.0005168496 0)
(0.00355 0.0005168496 0)
(0.0036 0.0005168496 0)
(0.00365 0.0005168496 0)
(0.0037 0.0005168496 0)
(0.00375 0.0005168496 0)
(0.0038 0.0005168496 0)
(0.00385 0.0005168496 0)
(0.0039 0.0005168496 0)
(0.00395 0.0005168496 0)
(0.004 0.0005168496 0)
(0.00405 0.0005168496 0)
(0.0041 0.0005168496 0)
(0.00415 0.0005168496 0)
(0.0042 0.0005168496 0)
(0.00425 0.0005168496 0)
(0.0043 0.0005168496 0)
(0.00435 0.0005168496 0)
(0.0044 0.0005168496 0)
(0.00445 0.0005168496 0)
(0.0045 0.0005168496 0)
(0.00455 0.0005168496 0)
(0.0046 0.0005168496 0)
(0.00465 0.0005168496 0)
(0.0047 0.0005168496 0)
(0.00475 0.0005168496 0)
(0.0048 0.0005168496 0)
(0.00485 0.0005168496 0)
(0.0049 0.0005168496 0)
(0.00495 0.0005168496 0)
(0.005 0.0005168496 0)
(0.00505 0.0005168496 0)
(0.0051 0.0005168496 0)
(0.00515 0.0005168496 0)
(0.0052 0.0005168496 0)
(0.00525 0.0005168496 0)
(0.0053 0.0005168496 0)
(0.00535 0.0005168496 0)
(0.0054 0.0005168496 0)
(0.00545 0.0005168496 0)
(0.0055 0.0005168496 0)
(0.00555 0.0005168496 0)
(0.0056 0.0005168496 0)
(0.00565 0.0005168496 0)
(0.0057 0.0005168496 0)
(0.00575 0.0005168496 0)
(0.0058 0.0005168496 0)
(0.00585 0.0005168496 0)
(0.0059 0.0005168496 0)
(0.00595 0.0005168496 0)
(0.006 0.0005168496 0)
(0.00605 0.0005168496 0)
(0.0061 0.0005168496 0)
(0.00615 0.0005168496 0)
(0.0062 0.0005168496 0)
(0.00625 0.0005168496 0)
(0.0063 0.0005168496 0)
(0.00635 0.0005168496 0)
(0.0064 0.0005168496 0)
(0.00645 0.0005168496 0)
(0.0065 0.0005168496 0)
(0.00655 0.0005168496 0)
(0.0066 0.0005168496 0)
(0.00665 0.0005168496 0)
(0.0067 0.0005168496 0)
(0.00675 0.0005168496 0)
(0.0068 0.0005168496 0)
(0.00685 0.0005168496 0)
(0.0069 0.0005168496 0)
(0.00695 0.0005168496 0)
(0.007 0.0005168496 0)
(0.00705 0.0005168496 0)
(0.0071 0.0005168496 0)
(0.00715 0.0005168496 0)
(0.0072 0.0005168496 0)
(0.00725 0.0005168496 0)
(0.0073 0.0005168496 0)
(0.00735 0.0005168496 0)
(0.0074 0.0005168496 0)
(0.00745 0.0005168496 0)
(0.0075 0.0005168496 0)
(0.00755 0.0005168496 0)
(0.0076 0.0005168496 0)
(0.00765 0.0005168496 0)
(0.0077 0.0005168496 0)
(0.00775 0.0005168496 0)
(0.0078 0.0005168496 0)
(0.00785 0.0005168496 0)
(0.0079 0.0005168496 0)
(0.00795 0.0005168496 0)
(0.008 0.0005168496 0)
(0.00805 0.0005168496 0)
(0.0081 0.0005168496 0)
(0.00815 0.0005168496 0)
(0.0082 0.0005168496 0)
(0.00825 0.0005168496 0)
(0.0083 0.0005168496 0)
(0.00835 0.0005168496 0)
(0.0084 0.0005168496 0)
(0.00845 0.0005168496 0)
(0.0085 0.0005168496 0)
(0.00855 0.0005168496 0)
(0.0086 0.0005168496 0)
(0.00865 0.0005168496 0)
(0.0087 0.0005168496 0)
(0.00875 0.0005168496 0)
(0.0088 0.0005168496 0)
(0.00885 0.0005168496 0)
(0.0089 0.0005168496 0)
(0.00895 0.0005168496 0)
(0.009 0.0005168496 0)
(0.00905 0.0005168496 0)
(0.0091 0.0005168496 0)
(0.00915 0.0005168496 0)
(0.0092 0.0005168496 0)
(0.00925 0.0005168496 0)
(0.0093 0.0005168496 0)
(0.00935 0.0005168496 0)
(0.0094 0.0005168496 0)
(0.00945 0.0005168496 0)
(0.0095 0.0005168496 0)
(0.00955 0.0005168496 0)
(0.0096 0.0005168496 0)
(0.00965 0.0005168496 0)
(0.0097 0.0005168496 0)
(0.00975 0.0005168496 0)
(0.0098 0.0005168496 0)
(0.00985 0.0005168496 0)
(0.0099 0.0005168496 0)
(0.00995 0.0005168496 0)
(0.01 0.0005168496 0)
(0 0.0005599204 0)
(5e-05 0.0005599204 0)
(0.0001 0.0005599204 0)
(0.00015 0.0005599204 0)
(0.0002 0.0005599204 0)
(0.00025 0.0005599204 0)
(0.0003 0.0005599204 0)
(0.00035 0.0005599204 0)
(0.0004 0.0005599204 0)
(0.00045 0.0005599204 0)
(0.0005 0.0005599204 0)
(0.00055 0.0005599204 0)
(0.0006 0.0005599204 0)
(0.00065 0.0005599204 0)
(0.0007 0.0005599204 0)
(0.00075 0.0005599204 0)
(0.0008 0.0005599204 0)
(0.00085 0.0005599204 0)
(0.0009 0.0005599204 0)
(0.00095 0.0005599204 0)
(0.001 0.0005599204 0)
(0.00105 0.0005599204 0)
(0.0011 0.0005599204 0)
(0.00115 0.0005599204 0)
(0.0012 0.0005599204 0)
(0.00125 0.0005599204 0)
(0.0013 0.0005599204 0)
(0.00135 0.0005599204 0)
(0.0014 0.0005599204 0)
(0.00145 0.0005599204 0)
(0.0015 0.0005599204 0)
(0.00155 0.0005599204 0)
(0.0016 0.0005599204 0)
(0.00165 0.0005599204 0)
(0.0017 0.0005599204 0)
(0.00175 0.0005599204 0)
(0.0018 0.0005599204 0)
(0.00185 0.0005599204 0)
(0.0019 0.0005599204 0)
(0.00195 0.0005599204 0)
(0.002 0.0005599204 0)
(0.00205 0.0005599204 0)
(0.0021 0.0005599204 0)
(0.00215 0.0005599204 0)
(0.0022 0.0005599204 0)
(0.00225 0.0005599204 0)
(0.0023 0.0005599204 0)
(0.00235 0.0005599204 0)
(0.0024 0.0005599204 0)
(0.00245 0.0005599204 0)
(0.0025 0.0005599204 0)
(0.00255 0.0005599204 0)
(0.0026 0.0005599204 0)
(0.00265 0.0005599204 0)
(0.0027 0.0005599204 0)
(0.00275 0.0005599204 0)
(0.0028 0.0005599204 0)
(0.00285 0.0005599204 0)
(0.0029 0.0005599204 0)
(0.00295 0.0005599204 0)
(0.003 0.0005599204 0)
(0.00305 0.0005599204 0)
(0.0031 0.0005599204 0)
(0.00315 0.0005599204 0)
(0.0032 0.0005599204 0)
(0.00325 0.0005599204 0)
(0.0033 0.0005599204 0)
(0.00335 0.0005599204 0)
(0.0034 0.0005599204 0)
(0.00345 0.0005599204 0)
(0.0035 0.0005599204 0)
(0.00355 0.0005599204 0)
(0.0036 0.0005599204 0)
(0.00365 0.0005599204 0)
(0.0037 0.0005599204 0)
(0.00375 0.0005599204 0)
(0.0038 0.0005599204 0)
(0.00385 0.0005599204 0)
(0.0039 0.0005599204 0)
(0.00395 0.0005599204 0)
(0.004 0.0005599204 0)
(0.00405 0.0005599204 0)
(0.0041 0.0005599204 0)
(0.00415 0.0005599204 0)
(0.0042 0.0005599204 0)
(0.00425 0.0005599204 0)
(0.0043 0.0005599204 0)
(0.00435 0.0005599204 0)
(0.0044 0.0005599204 0)
(0.00445 0.0005599204 0)
(0.0045 0.0005599204 0)
(0.00455 0.0005599204 0)
(0.0046 0.0005599204 0)
(0.00465 0.0005599204 0)
(0.0047 0.0005599204 0)
(0.00475 0.0005599204 0)
(0.0048 0.0005599204 0)
(0.00485 0.0005599204 0)
(0.0049 0.0005599204 0)
(0.00495 0.0005599204 0)
(0.005 0.0005599204 0)
(0.00505 0.0005599204 0)
(0.0051 0.0005599204 0)
(0.00515 0.0005599204 0)
(0.0052 0.0005599204 0)
(0.00525 0.0005599204 0)
(0.0053 0.0005599204 0)
(0.00535 0.0005599204 0)
(0.0054 0.0005599204 0)
(0.00545 0.0005599204 0)
(0.0055 0.0005599204 0)
(0.00555 0.0005599204 0)
(0.0056 0.0005599204 0)
(0.00565 0.0005599204 0)
(0.0057 0.0005599204 0)
(0.00575 0.0005599204 0)
(0.0058 0.0005599204 0)
(0.00585 0.0005599204 0)
(0.0059 0.0005599204 0)
(0.00595 0.0005599204 0)
(0.006 0.0005599204 0)
(0.00605 0.0005599204 0)
(0.0061 0.0005599204 0)
(0.00615 0.0005599204 0)
(0.0062 0.0005599204 0)
(0.00625 0.0005599204 0)
(0.0063 0.0005599204 0)
(0.00635 0.0005599204 0)
(0.0064 0.0005599204 0)
(0.00645 0.0005599204 0)
(0.0065 0.0005599204 0)
(0.00655 0.0005599204 0)
(0.0066 0.0005599204 0)
(0.00665 0.0005599204 0)
(0.0067 0.0005599204 0)
(0.00675 0.0005599204 0)
(0.0068 0.0005599204 0)
(0.00685 0.0005599204 0)
(0.0069 0.0005599204 0)
(0.00695 0.0005599204 0)
(0.007 0.0005599204 0)
(0.00705 0.0005599204 0)
(0.0071 0.0005599204 0)
(0.00715 0.0005599204 0)
(0.0072 0.0005599204 0)
(0.00725 0.0005599204 0)
(0.0073 0.0005599204 0)
(0.00735 0.0005599204 0)
(0.0074 0.0005599204 0)
(0.00745 0.0005599204 0)
(0.0075 0.0005599204 0)
(0.00755 0.0005599204 0)
(0.0076 0.0005599204 0)
(0.00765 0.0005599204 0)
(0.0077 0.0005599204 0)
(0.00775 0.0005599204 0)
(0.0078 0.0005599204 0)
(0.00785 0.0005599204 0)
(0.0079 0.0005599204 0)
(0.00795 0.0005599204 0)
(0.008 0.0005599204 0)
(0.00805 0.0005599204 0)
(0.0081 0.0005599204 0)
(0.00815 0.0005599204 0)
(0.0082 0.0005599204 0)
(0.00825 0.0005599204 0)
(0.0083 0.0005599204 0)
(0.00835 0.0005599204 0)
(0.0084 0.0005599204 0)
(0.00845 0.0005599204 0)
(0.0085 0.0005599204 0)
(0.00855 0.0005599204 0)
(0.0086 0.0005599204 0)
(0.00865 0.0005599204 0)
(0.0087 0.0005599204 0)
(0.00875 0.0005599204 0)
(0.0088 0.0005599204 0)
(0.00885 0.0005599204 0)
(0.0089 0.0005599204 0)
(0.00895 0.0005599204 0)
(0.009 0.0005599204 0)
(0.00905 0.0005599204 0)
(0.0091 0.0005599204 0)
(0.00915 0.0005599204 0)
(0.0092 0.0005599204 0)
(0.00925 0.0005599204 0)
(0.0093 0.0005599204 0)
(0.00935 0.0005599204 0)
(0.0094 0.0005599204 0)
(0.00945 0.0005599204 0)
(0.0095 0.0005599204 0)
(0.00955 0.0005599204 0)
(0.0096 0.0005599204 0)
(0.00965 0.0005599204 0)
(0.0097 0.0005599204 0)
(0.00975 0.0005599204 0)
(0.0098 0.0005599204 0)
(0.00985 0.0005599204 0)
(0.0099 0.0005599204 0)
(0.00995 0.0005599204 0)
(0.01 0.0005599204 0)
(0 0.0006029912 0)
(5e-05 0.0006029912 0)
(0.0001 0.0006029912 0)
(0.00015 0.0006029912 0)
(0.0002 0.0006029912 0)
(0.00025 0.0006029912 0)
(0.0003 0.0006029912 0)
(0.00035 0.0006029912 0)
(0.0004 0.0006029912 0)
(0.00045 0.0006029912 0)
(0.0005 0.0006029912 0)
(0.00055 0.0006029912 0)
(0.0006 0.0006029912 0)
(0.00065 0.0006029912 0)
(0.0007 0.0006029912 0)
(0.00075 0.0006029912 0)
(0.0008 0.0006029912 0)
(0.00085 0.0006029912 0)
(0.0009 0.0006029912 0)
(0.00095 0.0006029912 0)
(0.001 0.0006029912 0)
(0.00105 0.0006029912 0)
(0.0011 0.0006029912 0)
(0.00115 0.0006029912 0)
(0.0012 0.0006029912 0)
(0.00125 0.0006029912 0)
(0.0013 0.0006029912 0)
(0.00135 0.0006029912 0)
(0.0014 0.0006029912 0)
(0.00145 0.0006029912 0)
(0.0015 0.0006029912 0)
(0.00155 0.0006029912 0)
(0.0016 0.0006029912 0)
(0.00165 0.0006029912 0)
(0.0017 0.0006029912 0)
(0.00175 0.0006029912 0)
(0.0018 0.0006029912 0)
(0.00185 0.0006029912 0)
(0.0019 0.0006029912 0)
(0.00195 0.0006029912 0)
(0.002 0.0006029912 0)
(0.00205 0.0006029912 0)
(0.0021 0.0006029912 0)
(0.00215 0.0006029912 0)
(0.0022 0.0006029912 0)
(0.00225 0.0006029912 0)
(0.0023 0.0006029912 0)
(0.00235 0.0006029912 0)
(0.0024 0.0006029912 0)
(0.00245 0.0006029912 0)
(0.0025 0.0006029912 0)
(0.00255 0.0006029912 0)
(0.0026 0.0006029912 0)
(0.00265 0.0006029912 0)
(0.0027 0.0006029912 0)
(0.00275 0.0006029912 0)
(0.0028 0.0006029912 0)
(0.00285 0.0006029912 0)
(0.0029 0.0006029912 0)
(0.00295 0.0006029912 0)
(0.003 0.0006029912 0)
(0.00305 0.0006029912 0)
(0.0031 0.0006029912 0)
(0.00315 0.0006029912 0)
(0.0032 0.0006029912 0)
(0.00325 0.0006029912 0)
(0.0033 0.0006029912 0)
(0.00335 0.0006029912 0)
(0.0034 0.0006029912 0)
(0.00345 0.0006029912 0)
(0.0035 0.0006029912 0)
(0.00355 0.0006029912 0)
(0.0036 0.0006029912 0)
(0.00365 0.0006029912 0)
(0.0037 0.0006029912 0)
(0.00375 0.0006029912 0)
(0.0038 0.0006029912 0)
(0.00385 0.0006029912 0)
(0.0039 0.0006029912 0)
(0.00395 0.0006029912 0)
(0.004 0.0006029912 0)
(0.00405 0.0006029912 0)
(0.0041 0.0006029912 0)
(0.00415 0.0006029912 0)
(0.0042 0.0006029912 0)
(0.00425 0.0006029912 0)
(0.0043 0.0006029912 0)
(0.00435 0.0006029912 0)
(0.0044 0.0006029912 0)
(0.00445 0.0006029912 0)
(0.0045 0.0006029912 0)
(0.00455 0.0006029912 0)
(0.0046 0.0006029912 0)
(0.00465 0.0006029912 0)
(0.0047 0.0006029912 0)
(0.00475 0.0006029912 0)
(0.0048 0.0006029912 0)
(0.00485 0.0006029912 0)
(0.0049 0.0006029912 0)
(0.00495 0.0006029912 0)
(0.005 0.0006029912 0)
(0.00505 0.0006029912 0)
(0.0051 0.0006029912 0)
(0.00515 0.0006029912 0)
(0.0052 0.0006029912 0)
(0.00525 0.0006029912 0)
(0.0053 0.0006029912 0)
(0.00535 0.0006029912 0)
(0.0054 0.0006029912 0)
(0.00545 0.0006029912 0)
(0.0055 0.0006029912 0)
(0.00555 0.0006029912 0)
(0.0056 0.0006029912 0)
(0.00565 0.0006029912 0)
(0.0057 0.0006029912 0)
(0.00575 0.0006029912 0)
(0.0058 0.0006029912 0)
(0.00585 0.0006029912 0)
(0.0059 0.0006029912 0)
(0.00595 0.0006029912 0)
(0.006 0.0006029912 0)
(0.00605 0.0006029912 0)
(0.0061 0.0006029912 0)
(0.00615 0.0006029912 0)
(0.0062 0.0006029912 0)
(0.00625 0.0006029912 0)
(0.0063 0.0006029912 0)
(0.00635 0.0006029912 0)
(0.0064 0.0006029912 0)
(0.00645 0.0006029912 0)
(0.0065 0.0006029912 0)
(0.00655 0.0006029912 0)
(0.0066 0.0006029912 0)
(0.00665 0.0006029912 0)
(0.0067 0.0006029912 0)
(0.00675 0.0006029912 0)
(0.0068 0.0006029912 0)
(0.00685 0.0006029912 0)
(0.0069 0.0006029912 0)
(0.00695 0.0006029912 0)
(0.007 0.0006029912 0)
(0.00705 0.0006029912 0)
(0.0071 0.0006029912 0)
(0.00715 0.0006029912 0)
(0.0072 0.0006029912 0)
(0.00725 0.0006029912 0)
(0.0073 0.0006029912 0)
(0.00735 0.0006029912 0)
(0.0074 0.0006029912 0)
(0.00745 0.0006029912 0)
(0.0075 0.0006029912 0)
(0.00755 0.0006029912 0)
(0.0076 0.0006029912 0)
(0.00765 0.0006029912 0)
(0.0077 0.0006029912 0)
(0.00775 0.0006029912 0)
(0.0078 0.0006029912 0)
(0.00785 0.0006029912 0)
(0.0079 0.0006029912 0)
(0.00795 0.0006029912 0)
(0.008 0.0006029912 0)
(0.00805 0.0006029912 0)
(0.0081 0.0006029912 0)
(0.00815 0.0006029912 0)
(0.0082 0.0006029912 0)
(0.00825 0.0006029912 0)
(0.0083 0.0006029912 0)
(0.00835 0.0006029912 0)
(0.0084 0.0006029912 0)
(0.00845 0.0006029912 0)
(0.0085 0.0006029912 0)
(0.00855 0.0006029912 0)
(0.0086 0.0006029912 0)
(0.00865 0.0006029912 0)
(0.0087 0.0006029912 0)
(0.00875 0.0006029912 0)
(0.0088 0.0006029912 0)
(0.00885 0.0006029912 0)
(0.0089 0.0006029912 0)
(0.00895 0.0006029912 0)
(0.009 0.0006029912 0)
(0.00905 0.0006029912 0)
(0.0091 0.0006029912 0)
(0.00915 0.0006029912 0)
(0.0092 0.0006029912 0)
(0.00925 0.0006029912 0)
(0.0093 0.0006029912 0)
(0.00935 0.0006029912 0)
(0.0094 0.0006029912 0)
(0.00945 0.0006029912 0)
(0.0095 0.0006029912 0)
(0.00955 0.0006029912 0)
(0.0096 0.0006029912 0)
(0.00965 0.0006029912 0)
(0.0097 0.0006029912 0)
(0.00975 0.0006029912 0)
(0.0098 0.0006029912 0)
(0.00985 0.0006029912 0)
(0.0099 0.0006029912 0)
(0.00995 0.0006029912 0)
(0.01 0.0006029912 0)
(0 0.000646062 0)
(5e-05 0.000646062 0)
(0.0001 0.000646062 0)
(0.00015 0.000646062 0)
(0.0002 0.000646062 0)
(0.00025 0.000646062 0)
(0.0003 0.000646062 0)
(0.00035 0.000646062 0)
(0.0004 0.000646062 0)
(0.00045 0.000646062 0)
(0.0005 0.000646062 0)
(0.00055 0.000646062 0)
(0.0006 0.000646062 0)
(0.00065 0.000646062 0)
(0.0007 0.000646062 0)
(0.00075 0.000646062 0)
(0.0008 0.000646062 0)
(0.00085 0.000646062 0)
(0.0009 0.000646062 0)
(0.00095 0.000646062 0)
(0.001 0.000646062 0)
(0.00105 0.000646062 0)
(0.0011 0.000646062 0)
(0.00115 0.000646062 0)
(0.0012 0.000646062 0)
(0.00125 0.000646062 0)
(0.0013 0.000646062 0)
(0.00135 0.000646062 0)
(0.0014 0.000646062 0)
(0.00145 0.000646062 0)
(0.0015 0.000646062 0)
(0.00155 0.000646062 0)
(0.0016 0.000646062 0)
(0.00165 0.000646062 0)
(0.0017 0.000646062 0)
(0.00175 0.000646062 0)
(0.0018 0.000646062 0)
(0.00185 0.000646062 0)
(0.0019 0.000646062 0)
(0.00195 0.000646062 0)
(0.002 0.000646062 0)
(0.00205 0.000646062 0)
(0.0021 0.000646062 0)
(0.00215 0.000646062 0)
(0.0022 0.000646062 0)
(0.00225 0.000646062 0)
(0.0023 0.000646062 0)
(0.00235 0.000646062 0)
(0.0024 0.000646062 0)
(0.00245 0.000646062 0)
(0.0025 0.000646062 0)
(0.00255 0.000646062 0)
(0.0026 0.000646062 0)
(0.00265 0.000646062 0)
(0.0027 0.000646062 0)
(0.00275 0.000646062 0)
(0.0028 0.000646062 0)
(0.00285 0.000646062 0)
(0.0029 0.000646062 0)
(0.00295 0.000646062 0)
(0.003 0.000646062 0)
(0.00305 0.000646062 0)
(0.0031 0.000646062 0)
(0.00315 0.000646062 0)
(0.0032 0.000646062 0)
(0.00325 0.000646062 0)
(0.0033 0.000646062 0)
(0.00335 0.000646062 0)
(0.0034 0.000646062 0)
(0.00345 0.000646062 0)
(0.0035 0.000646062 0)
(0.00355 0.000646062 0)
(0.0036 0.000646062 0)
(0.00365 0.000646062 0)
(0.0037 0.000646062 0)
(0.00375 0.000646062 0)
(0.0038 0.000646062 0)
(0.00385 0.000646062 0)
(0.0039 0.000646062 0)
(0.00395 0.000646062 0)
(0.004 0.000646062 0)
(0.00405 0.000646062 0)
(0.0041 0.000646062 0)
(0.00415 0.000646062 0)
(0.0042 0.000646062 0)
(0.00425 0.000646062 0)
(0.0043 0.000646062 0)
(0.00435 0.000646062 0)
(0.0044 0.000646062 0)
(0.00445 0.000646062 0)
(0.0045 0.000646062 0)
(0.00455 0.000646062 0)
(0.0046 0.000646062 0)
(0.00465 0.000646062 0)
(0.0047 0.000646062 0)
(0.00475 0.000646062 0)
(0.0048 0.000646062 0)
(0.00485 0.000646062 0)
(0.0049 0.000646062 0)
(0.00495 0.000646062 0)
(0.005 0.000646062 0)
(0.00505 0.000646062 0)
(0.0051 0.000646062 0)
(0.00515 0.000646062 0)
(0.0052 0.000646062 0)
(0.00525 0.000646062 0)
(0.0053 0.000646062 0)
(0.00535 0.000646062 0)
(0.0054 0.000646062 0)
(0.00545 0.000646062 0)
(0.0055 0.000646062 0)
(0.00555 0.000646062 0)
(0.0056 0.000646062 0)
(0.00565 0.000646062 0)
(0.0057 0.000646062 0)
(0.00575 0.000646062 0)
(0.0058 0.000646062 0)
(0.00585 0.000646062 0)
(0.0059 0.000646062 0)
(0.00595 0.000646062 0)
(0.006 0.000646062 0)
(0.00605 0.000646062 0)
(0.0061 0.000646062 0)
(0.00615 0.000646062 0)
(0.0062 0.000646062 0)
(0.00625 0.000646062 0)
(0.0063 0.000646062 0)
(0.00635 0.000646062 0)
(0.0064 0.000646062 0)
(0.00645 0.000646062 0)
(0.0065 0.000646062 0)
(0.00655 0.000646062 0)
(0.0066 0.000646062 0)
(0.00665 0.000646062 0)
(0.0067 0.000646062 0)
(0.00675 0.000646062 0)
(0.0068 0.000646062 0)
(0.00685 0.000646062 0)
(0.0069 0.000646062 0)
(0.00695 0.000646062 0)
(0.007 0.000646062 0)
(0.00705 0.000646062 0)
(0.0071 0.000646062 0)
(0.00715 0.000646062 0)
(0.0072 0.000646062 0)
(0.00725 0.000646062 0)
(0.0073 0.000646062 0)
(0.00735 0.000646062 0)
(0.0074 0.000646062 0)
(0.00745 0.000646062 0)
(0.0075 0.000646062 0)
(0.00755 0.000646062 0)
(0.0076 0.000646062 0)
(0.00765 0.000646062 0)
(0.0077 0.000646062 0)
(0.00775 0.000646062 0)
(0.0078 0.000646062 0)
(0.00785 0.000646062 0)
(0.0079 0.000646062 0)
(0.00795 0.000646062 0)
(0.008 0.000646062 0)
(0.00805 0.000646062 0)
(0.0081 0.000646062 0)
(0.00815 0.000646062 0)
(0.0082 0.000646062 0)
(0.00825 0.000646062 0)
(0.0083 0.000646062 0)
(0.00835 0.000646062 0)
(0.0084 0.000646062 0)
(0.00845 0.000646062 0)
(0.0085 0.000646062 0)
(0.00855 0.000646062 0)
(0.0086 0.000646062 0)
(0.00865 0.000646062 0)
(0.0087 0.000646062 0)
(0.00875 0.000646062 0)
(0.0088 0.000646062 0)
(0.00885 0.000646062 0)
(0.0089 0.000646062 0)
(0.00895 0.000646062 0)
(0.009 0.000646062 0)
(0.00905 0.000646062 0)
(0.0091 0.000646062 0)
(0.00915 0.000646062 0)
(0.0092 0.000646062 0)
(0.00925 0.000646062 0)
(0.0093 0.000646062 0)
(0.00935 0.000646062 0)
(0.0094 0.000646062 0)
(0.00945 0.000646062 0)
(0.0095 0.000646062 0)
(0.00955 0.000646062 0)
(0.0096 0.000646062 0)
(0.00965 0.000646062 0)
(0.0097 0.000646062 0)
(0.00975 0.000646062 0)
(0.0098 0.000646062 0)
(0.00985 0.000646062 0)
(0.0099 0.000646062 0)
(0.00995 0.000646062 0)
(0.01 0.000646062 0)
(0 0.0004737788 0.0002)
(5e-05 0.0004737788 0.0002)
(0.0001 0.0004737788 0.0002)
(0.00015 0.0004737788 0.0002)
(0.0002 0.0004737788 0.0002)
(0.00025 0.0004737788 0.0002)
(0.0003 0.0004737788 0.0002)
(0.00035 0.0004737788 0.0002)
(0.0004 0.0004737788 0.0002)
(0.00045 0.0004737788 0.0002)
(0.0005 0.0004737788 0.0002)
(0.00055 0.0004737788 0.0002)
(0.0006 0.0004737788 0.0002)
(0.00065 0.0004737788 0.0002)
(0.0007 0.0004737788 0.0002)
(0.00075 0.0004737788 0.0002)
(0.0008 0.0004737788 0.0002)
(0.00085 0.0004737788 0.0002)
(0.0009 0.0004737788 0.0002)
(0.00095 0.0004737788 0.0002)
(0.001 0.0004737788 0.0002)
(0.00105 0.0004737788 0.0002)
(0.0011 0.0004737788 0.0002)
(0.00115 0.0004737788 0.0002)
(0.0012 0.0004737788 0.0002)
(0.00125 0.0004737788 0.0002)
(0.0013 0.0004737788 0.0002)
(0.00135 0.0004737788 0.0002)
(0.0014 0.0004737788 0.0002)
(0.00145 0.0004737788 0.0002)
(0.0015 0.0004737788 0.0002)
(0.00155 0.0004737788 0.0002)
(0.0016 0.0004737788 0.0002)
(0.00165 0.0004737788 0.0002)
(0.0017 0.0004737788 0.0002)
(0.00175 0.0004737788 0.0002)
(0.0018 0.0004737788 0.0002)
(0.00185 0.0004737788 0.0002)
(0.0019 0.0004737788 0.0002)
(0.00195 0.0004737788 0.0002)
(0.002 0.0004737788 0.0002)
(0.00205 0.0004737788 0.0002)
(0.0021 0.0004737788 0.0002)
(0.00215 0.0004737788 0.0002)
(0.0022 0.0004737788 0.0002)
(0.00225 0.0004737788 0.0002)
(0.0023 0.0004737788 0.0002)
(0.00235 0.0004737788 0.0002)
(0.0024 0.0004737788 0.0002)
(0.00245 0.0004737788 0.0002)
(0.0025 0.0004737788 0.0002)
(0.00255 0.0004737788 0.0002)
(0.0026 0.0004737788 0.0002)
(0.00265 0.0004737788 0.0002)
(0.0027 0.0004737788 0.0002)
(0.00275 0.0004737788 0.0002)
(0.0028 0.0004737788 0.0002)
(0.00285 0.0004737788 0.0002)
(0.0029 0.0004737788 0.0002)
(0.00295 0.0004737788 0.0002)
(0.003 0.0004737788 0.0002)
(0.00305 0.0004737788 0.0002)
(0.0031 0.0004737788 0.0002)
(0.00315 0.0004737788 0.0002)
(0.0032 0.0004737788 0.0002)
(0.00325 0.0004737788 0.0002)
(0.0033 0.0004737788 0.0002)
(0.00335 0.0004737788 0.0002)
(0.0034 0.0004737788 0.0002)
(0.00345 0.0004737788 0.0002)
(0.0035 0.0004737788 0.0002)
(0.00355 0.0004737788 0.0002)
(0.0036 0.0004737788 0.0002)
(0.00365 0.0004737788 0.0002)
(0.0037 0.0004737788 0.0002)
(0.00375 0.0004737788 0.0002)
(0.0038 0.0004737788 0.0002)
(0.00385 0.0004737788 0.0002)
(0.0039 0.0004737788 0.0002)
(0.00395 0.0004737788 0.0002)
(0.004 0.0004737788 0.0002)
(0.00405 0.0004737788 0.0002)
(0.0041 0.0004737788 0.0002)
(0.00415 0.0004737788 0.0002)
(0.0042 0.0004737788 0.0002)
(0.00425 0.0004737788 0.0002)
(0.0043 0.0004737788 0.0002)
(0.00435 0.0004737788 0.0002)
(0.0044 0.0004737788 0.0002)
(0.00445 0.0004737788 0.0002)
(0.0045 0.0004737788 0.0002)
(0.00455 0.0004737788 0.0002)
(0.0046 0.0004737788 0.0002)
(0.00465 0.0004737788 0.0002)
(0.0047 0.0004737788 0.0002)
(0.00475 0.0004737788 0.0002)
(0.0048 0.0004737788 0.0002)
(0.00485 0.0004737788 0.0002)
(0.0049 0.0004737788 0.0002)
(0.00495 0.0004737788 0.0002)
(0.005 0.0004737788 0.0002)
(0.00505 0.0004737788 0.0002)
(0.0051 0.0004737788 0.0002)
(0.00515 0.0004737788 0.0002)
(0.0052 0.0004737788 0.0002)
(0.00525 0.0004737788 0.0002)
(0.0053 0.0004737788 0.0002)
(0.00535 0.0004737788 0.0002)
(0.0054 0.0004737788 0.0002)
(0.00545 0.0004737788 0.0002)
(0.0055 0.0004737788 0.0002)
(0.00555 0.0004737788 0.0002)
(0.0056 0.0004737788 0.0002)
(0.00565 0.0004737788 0.0002)
(0.0057 0.0004737788 0.0002)
(0.00575 0.0004737788 0.0002)
(0.0058 0.0004737788 0.0002)
(0.00585 0.0004737788 0.0002)
(0.0059 0.0004737788 0.0002)
(0.00595 0.0004737788 0.0002)
(0.006 0.0004737788 0.0002)
(0.00605 0.0004737788 0.0002)
(0.0061 0.0004737788 0.0002)
(0.00615 0.0004737788 0.0002)
(0.0062 0.0004737788 0.0002)
(0.00625 0.0004737788 0.0002)
(0.0063 0.0004737788 0.0002)
(0.00635 0.0004737788 0.0002)
(0.0064 0.0004737788 0.0002)
(0.00645 0.0004737788 0.0002)
(0.0065 0.0004737788 0.0002)
(0.00655 0.0004737788 0.0002)
(0.0066 0.0004737788 0.0002)
(0.00665 0.0004737788 0.0002)
(0.0067 0.0004737788 0.0002)
(0.00675 0.0004737788 0.0002)
(0.0068 0.0004737788 0.0002)
(0.00685 0.0004737788 0.0002)
(0.0069 0.0004737788 0.0002)
(0.00695 0.0004737788 0.0002)
(0.007 0.0004737788 0.0002)
(0.00705 0.0004737788 0.0002)
(0.0071 0.0004737788 0.0002)
(0.00715 0.0004737788 0.0002)
(0.0072 0.0004737788 0.0002)
(0.00725 0.0004737788 0.0002)
(0.0073 0.0004737788 0.0002)
(0.00735 0.0004737788 0.0002)
(0.0074 0.0004737788 0.0002)
(0.00745 0.0004737788 0.0002)
(0.0075 0.0004737788 0.0002)
(0.00755 0.0004737788 0.0002)
(0.0076 0.0004737788 0.0002)
(0.00765 0.0004737788 0.0002)
(0.0077 0.0004737788 0.0002)
(0.00775 0.0004737788 0.0002)
(0.0078 0.0004737788 0.0002)
(0.00785 0.0004737788 0.0002)
(0.0079 0.0004737788 0.0002)
(0.00795 0.0004737788 0.0002)
(0.008 0.0004737788 0.0002)
(0.00805 0.0004737788 0.0002)
(0.0081 0.0004737788 0.0002)
(0.00815 0.0004737788 0.0002)
(0.0082 0.0004737788 0.0002)
(0.00825 0.0004737788 0.0002)
(0.0083 0.0004737788 0.0002)
(0.00835 0.0004737788 0.0002)
(0.0084 0.0004737788 0.0002)
(0.00845 0.0004737788 0.0002)
(0.0085 0.0004737788 0.0002)
(0.00855 0.0004737788 0.0002)
(0.0086 0.0004737788 0.0002)
(0.00865 0.0004737788 0.0002)
(0.0087 0.0004737788 0.0002)
(0.00875 0.0004737788 0.0002)
(0.0088 0.0004737788 0.0002)
(0.00885 0.0004737788 0.0002)
(0.0089 0.0004737788 0.0002)
(0.00895 0.0004737788 0.0002)
(0.009 0.0004737788 0.0002)
(0.00905 0.0004737788 0.0002)
(0.0091 0.0004737788 0.0002)
(0.00915 0.0004737788 0.0002)
(0.0092 0.0004737788 0.0002)
(0.00925 0.0004737788 0.0002)
(0.0093 0.0004737788 0.0002)
(0.00935 0.0004737788 0.0002)
(0.0094 0.0004737788 0.0002)
(0.00945 0.0004737788 0.0002)
(0.0095 0.0004737788 0.0002)
(0.00955 0.0004737788 0.0002)
(0.0096 0.0004737788 0.0002)
(0.00965 0.0004737788 0.0002)
(0.0097 0.0004737788 0.0002)
(0.00975 0.0004737788 0.0002)
(0.0098 0.0004737788 0.0002)
(0.00985 0.0004737788 0.0002)
(0.0099 0.0004737788 0.0002)
(0.00995 0.0004737788 0.0002)
(0.01 0.0004737788 0.0002)
(0 0.0005168496 0.0002)
(5e-05 0.0005168496 0.0002)
(0.0001 0.0005168496 0.0002)
(0.00015 0.0005168496 0.0002)
(0.0002 0.0005168496 0.0002)
(0.00025 0.0005168496 0.0002)
(0.0003 0.0005168496 0.0002)
(0.00035 0.0005168496 0.0002)
(0.0004 0.0005168496 0.0002)
(0.00045 0.0005168496 0.0002)
(0.0005 0.0005168496 0.0002)
(0.00055 0.0005168496 0.0002)
(0.0006 0.0005168496 0.0002)
(0.00065 0.0005168496 0.0002)
(0.0007 0.0005168496 0.0002)
(0.00075 0.0005168496 0.0002)
(0.0008 0.0005168496 0.0002)
(0.00085 0.0005168496 0.0002)
(0.0009 0.0005168496 0.0002)
(0.00095 0.0005168496 0.0002)
(0.001 0.0005168496 0.0002)
(0.00105 0.0005168496 0.0002)
(0.0011 0.0005168496 0.0002)
(0.00115 0.0005168496 0.0002)
(0.0012 0.0005168496 0.0002)
(0.00125 0.0005168496 0.0002)
(0.0013 0.0005168496 0.0002)
(0.00135 0.0005168496 0.0002)
(0.0014 0.0005168496 0.0002)
(0.00145 0.0005168496 0.0002)
(0.0015 0.0005168496 0.0002)
(0.00155 0.0005168496 0.0002)
(0.0016 0.0005168496 0.0002)
(0.00165 0.0005168496 0.0002)
(0.0017 0.0005168496 0.0002)
(0.00175 0.0005168496 0.0002)
(0.0018 0.0005168496 0.0002)
(0.00185 0.0005168496 0.0002)
(0.0019 0.0005168496 0.0002)
(0.00195 0.0005168496 0.0002)
(0.002 0.0005168496 0.0002)
(0.00205 0.0005168496 0.0002)
(0.0021 0.0005168496 0.0002)
(0.00215 0.0005168496 0.0002)
(0.0022 0.0005168496 0.0002)
(0.00225 0.0005168496 0.0002)
(0.0023 0.0005168496 0.0002)
(0.00235 0.0005168496 0.0002)
(0.0024 0.0005168496 0.0002)
(0.00245 0.0005168496 0.0002)
(0.0025 0.0005168496 0.0002)
(0.00255 0.0005168496 0.0002)
(0.0026 0.0005168496 0.0002)
(0.00265 0.0005168496 0.0002)
(0.0027 0.0005168496 0.0002)
(0.00275 0.0005168496 0.0002)
(0.0028 0.0005168496 0.0002)
(0.00285 0.0005168496 0.0002)
(0.0029 0.0005168496 0.0002)
(0.00295 0.0005168496 0.0002)
(0.003 0.0005168496 0.0002)
(0.00305 0.0005168496 0.0002)
(0.0031 0.0005168496 0.0002)
(0.00315 0.0005168496 0.0002)
(0.0032 0.0005168496 0.0002)
(0.00325 0.0005168496 0.0002)
(0.0033 0.0005168496 0.0002)
(0.00335 0.0005168496 0.0002)
(0.0034 0.0005168496 0.0002)
(0.00345 0.0005168496 0.0002)
(0.0035 0.0005168496 0.0002)
(0.00355 0.0005168496 0.0002)
(0.0036 0.0005168496 0.0002)
(0.00365 0.0005168496 0.0002)
(0.0037 0.0005168496 0.0002)
(0.00375 0.0005168496 0.0002)
(0.0038 0.0005168496 0.0002)
(0.00385 0.0005168496 0.0002)
(0.0039 0.0005168496 0.0002)
(0.00395 0.0005168496 0.0002)
(0.004 0.0005168496 0.0002)
(0.00405 0.0005168496 0.0002)
(0.0041 0.0005168496 0.0002)
(0.00415 0.0005168496 0.0002)
(0.0042 0.0005168496 0.0002)
(0.00425 0.0005168496 0.0002)
(0.0043 0.0005168496 0.0002)
(0.00435 0.0005168496 0.0002)
(0.0044 0.0005168496 0.0002)
(0.00445 0.0005168496 0.0002)
(0.0045 0.0005168496 0.0002)
(0.00455 0.0005168496 0.0002)
(0.0046 0.0005168496 0.0002)
(0.00465 0.0005168496 0.0002)
(0.0047 0.0005168496 0.0002)
(0.00475 0.0005168496 0.0002)
(0.0048 0.0005168496 0.0002)
(0.00485 0.0005168496 0.0002)
(0.0049 0.0005168496 0.0002)
(0.00495 0.0005168496 0.0002)
(0.005 0.0005168496 0.0002)
(0.00505 0.0005168496 0.0002)
(0.0051 0.0005168496 0.0002)
(0.00515 0.0005168496 0.0002)
(0.0052 0.0005168496 0.0002)
(0.00525 0.0005168496 0.0002)
(0.0053 0.0005168496 0.0002)
(0.00535 0.0005168496 0.0002)
(0.0054 0.0005168496 0.0002)
(0.00545 0.0005168496 0.0002)
(0.0055 0.0005168496 0.0002)
(0.00555 0.0005168496 0.0002)
(0.0056 0.0005168496 0.0002)
(0.00565 0.0005168496 0.0002)
(0.0057 0.0005168496 0.0002)
(0.00575 0.0005168496 0.0002)
(0.0058 0.0005168496 0.0002)
(0.00585 0.0005168496 0.0002)
(0.0059 0.0005168496 0.0002)
(0.00595 0.0005168496 0.0002)
(0.006 0.0005168496 0.0002)
(0.00605 0.0005168496 0.0002)
(0.0061 0.0005168496 0.0002)
(0.00615 0.0005168496 0.0002)
(0.0062 0.0005168496 0.0002)
(0.00625 0.0005168496 0.0002)
(0.0063 0.0005168496 0.0002)
(0.00635 0.0005168496 0.0002)
(0.0064 0.0005168496 0.0002)
(0.00645 0.0005168496 0.0002)
(0.0065 0.0005168496 0.0002)
(0.00655 0.0005168496 0.0002)
(0.0066 0.0005168496 0.0002)
(0.00665 0.0005168496 0.0002)
(0.0067 0.0005168496 0.0002)
(0.00675 0.0005168496 0.0002)
(0.0068 0.0005168496 0.0002)
(0.00685 0.0005168496 0.0002)
(0.0069 0.0005168496 0.0002)
(0.00695 0.0005168496 0.0002)
(0.007 0.0005168496 0.0002)
(0.00705 0.0005168496 0.0002)
(0.0071 0.0005168496 0.0002)
(0.00715 0.0005168496 0.0002)
(0.0072 0.0005168496 0.0002)
(0.00725 0.0005168496 0.0002)
(0.0073 0.0005168496 0.0002)
(0.00735 0.0005168496 0.0002)
(0.0074 0.0005168496 0.0002)
(0.00745 0.0005168496 0.0002)
(0.0075 0.0005168496 0.0002)
(0.00755 0.0005168496 0.0002)
(0.0076 0.0005168496 0.0002)
(0.00765 0.0005168496 0.0002)
(0.0077 0.0005168496 0.0002)
(0.00775 0.0005168496 0.0002)
(0.0078 0.0005168496 0.0002)
(0.00785 0.0005168496 0.0002)
(0.0079 0.0005168496 0.0002)
(0.00795 0.0005168496 0.0002)
(0.008 0.0005168496 0.0002)
(0.00805 0.0005168496 0.0002)
(0.0081 0.0005168496 0.0002)
(0.00815 0.0005168496 0.0002)
(0.0082 0.0005168496 0.0002)
(0.00825 0.0005168496 0.0002)
(0.0083 0.0005168496 0.0002)
(0.00835 0.0005168496 0.0002)
(0.0084 0.0005168496 0.0002)
(0.00845 0.0005168496 0.0002)
(0.0085 0.0005168496 0.0002)
(0.00855 0.0005168496 0.0002)
(0.0086 0.0005168496 0.0002)
(0.00865 0.0005168496 0.0002)
(0.0087 0.0005168496 0.0002)
(0.00875 0.0005168496 0.0002)
(0.0088 0.0005168496 0.0002)
(0.00885 0.0005168496 0.0002)
(0.0089 0.0005168496 0.0002)
(0.00895 0.0005168496 0.0002)
(0.009 0.0005168496 0.0002)
(0.00905 0.0005168496 0.0002)
(0.0091 0.0005168496 0.0002)
(0.00915 0.0005168496 0.0002)
(0.0092 0.0005168496 0.0002)
(0.00925 0.0005168496 0.0002)
(0.0093 0.0005168496 0.0002)
(0.00935 0.0005168496 0.0002)
(0.0094 0.0005168496 0.0002)
(0.00945 0.0005168496 0.0002)
(0.0095 0.0005168496 0.0002)
(0.00955 0.0005168496 0.0002)
(0.0096 0.0005168496 0.0002)
(0.00965 0.0005168496 0.0002)
(0.0097 0.0005168496 0.0002)
(0.00975 0.0005168496 0.0002)
(0.0098 0.0005168496 0.0002)
(0.00985 0.0005168496 0.0002)
(0.0099 0.0005168496 0.0002)
(0.00995 0.0005168496 0.0002)
(0.01 0.0005168496 0.0002)
(0 0.0005599204 0.0002)
(5e-05 0.0005599204 0.0002)
(0.0001 0.0005599204 0.0002)
(0.00015 0.0005599204 0.0002)
(0.0002 0.0005599204 0.0002)
(0.00025 0.0005599204 0.0002)
(0.0003 0.0005599204 0.0002)
(0.00035 0.0005599204 0.0002)
(0.0004 0.0005599204 0.0002)
(0.00045 0.0005599204 0.0002)
(0.0005 0.0005599204 0.0002)
(0.00055 0.0005599204 0.0002)
(0.0006 0.0005599204 0.0002)
(0.00065 0.0005599204 0.0002)
(0.0007 0.0005599204 0.0002)
(0.00075 0.0005599204 0.0002)
(0.0008 0.0005599204 0.0002)
(0.00085 0.0005599204 0.0002)
(0.0009 0.0005599204 0.0002)
(0.00095 0.0005599204 0.0002)
(0.001 0.0005599204 0.0002)
(0.00105 0.0005599204 0.0002)
(0.0011 0.0005599204 0.0002)
(0.00115 0.0005599204 0.0002)
(0.0012 0.0005599204 0.0002)
(0.00125 0.0005599204 0.0002)
(0.0013 0.0005599204 0.0002)
(0.00135 0.0005599204 0.0002)
(0.0014 0.0005599204 0.0002)
(0.00145 0.0005599204 0.0002)
(0.0015 0.0005599204 0.0002)
(0.00155 0.0005599204 0.0002)
(0.0016 0.0005599204 0.0002)
(0.00165 0.0005599204 0.0002)
(0.0017 0.0005599204 0.0002)
(0.00175 0.0005599204 0.0002)
(0.0018 0.0005599204 0.0002)
(0.00185 0.0005599204 0.0002)
(0.0019 0.0005599204 0.0002)
(0.00195 0.0005599204 0.0002)
(0.002 0.0005599204 0.0002)
(0.00205 0.0005599204 0.0002)
(0.0021 0.0005599204 0.0002)
(0.00215 0.0005599204 0.0002)
(0.0022 0.0005599204 0.0002)
(0.00225 0.0005599204 0.0002)
(0.0023 0.0005599204 0.0002)
(0.00235 0.0005599204 0.0002)
(0.0024 0.0005599204 0.0002)
(0.00245 0.0005599204 0.0002)
(0.0025 0.0005599204 0.0002)
(0.00255 0.0005599204 0.0002)
(0.0026 0.0005599204 0.0002)
(0.00265 0.0005599204 0.0002)
(0.0027 0.0005599204 0.0002)
(0.00275 0.0005599204 0.0002)
(0.0028 0.0005599204 0.0002)
(0.00285 0.0005599204 0.0002)
(0.0029 0.0005599204 0.0002)
(0.00295 0.0005599204 0.0002)
(0.003 0.0005599204 0.0002)
(0.00305 0.0005599204 0.0002)
(0.0031 0.0005599204 0.0002)
(0.00315 0.0005599204 0.0002)
(0.0032 0.0005599204 0.0002)
(0.00325 0.0005599204 0.0002)
(0.0033 0.0005599204 0.0002)
(0.00335 0.0005599204 0.0002)
(0.0034 0.0005599204 0.0002)
(0.00345 0.0005599204 0.0002)
(0.0035 0.0005599204 0.0002)
(0.00355 0.0005599204 0.0002)
(0.0036 0.0005599204 0.0002)
(0.00365 0.0005599204 0.0002)
(0.0037 0.0005599204 0.0002)
(0.00375 0.0005599204 0.0002)
(0.0038 0.0005599204 0.0002)
(0.00385 0.0005599204 0.0002)
(0.0039 0.0005599204 0.0002)
(0.00395 0.0005599204 0.0002)
(0.004 0.0005599204 0.0002)
(0.00405 0.0005599204 0.0002)
(0.0041 0.0005599204 0.0002)
(0.00415 0.0005599204 0.0002)
(0.0042 0.0005599204 0.0002)
(0.00425 0.0005599204 0.0002)
(0.0043 0.0005599204 0.0002)
(0.00435 0.0005599204 0.0002)
(0.0044 0.0005599204 0.0002)
(0.00445 0.0005599204 0.0002)
(0.0045 0.0005599204 0.0002)
(0.00455 0.0005599204 0.0002)
(0.0046 0.0005599204 0.0002)
(0.00465 0.0005599204 0.0002)
(0.0047 0.0005599204 0.0002)
(0.00475 0.0005599204 0.0002)
(0.0048 0.0005599204 0.0002)
(0.00485 0.0005599204 0.0002)
(0.0049 0.0005599204 0.0002)
(0.00495 0.0005599204 0.0002)
(0.005 0.0005599204 0.0002)
(0.00505 0.0005599204 0.0002)
(0.0051 0.0005599204 0.0002)
(0.00515 0.0005599204 0.0002)
(0.0052 0.0005599204 0.0002)
(0.00525 0.0005599204 0.0002)
(0.0053 0.0005599204 0.0002)
(0.00535 0.0005599204 0.0002)
(0.0054 0.0005599204 0.0002)
(0.00545 0.0005599204 0.0002)
(0.0055 0.0005599204 0.0002)
(0.00555 0.0005599204 0.0002)
(0.0056 0.0005599204 0.0002)
(0.00565 0.0005599204 0.0002)
(0.0057 0.0005599204 0.0002)
(0.00575 0.0005599204 0.0002)
(0.0058 0.0005599204 0.0002)
(0.00585 0.0005599204 0.0002)
(0.0059 0.0005599204 0.0002)
(0.00595 0.0005599204 0.0002)
(0.006 0.0005599204 0.0002)
(0.00605 0.0005599204 0.0002)
(0.0061 0.0005599204 0.0002)
(0.00615 0.0005599204 0.0002)
(0.0062 0.0005599204 0.0002)
(0.00625 0.0005599204 0.0002)
(0.0063 0.0005599204 0.0002)
(0.00635 0.0005599204 0.0002)
(0.0064 0.0005599204 0.0002)
(0.00645 0.0005599204 0.0002)
(0.0065 0.0005599204 0.0002)
(0.00655 0.0005599204 0.0002)
(0.0066 0.0005599204 0.0002)
(0.00665 0.0005599204 0.0002)
(0.0067 0.0005599204 0.0002)
(0.00675 0.0005599204 0.0002)
(0.0068 0.0005599204 0.0002)
(0.00685 0.0005599204 0.0002)
(0.0069 0.0005599204 0.0002)
(0.00695 0.0005599204 0.0002)
(0.007 0.0005599204 0.0002)
(0.00705 0.0005599204 0.0002)
(0.0071 0.0005599204 0.0002)
(0.00715 0.0005599204 0.0002)
(0.0072 0.0005599204 0.0002)
(0.00725 0.0005599204 0.0002)
(0.0073 0.0005599204 0.0002)
(0.00735 0.0005599204 0.0002)
(0.0074 0.0005599204 0.0002)
(0.00745 0.0005599204 0.0002)
(0.0075 0.0005599204 0.0002)
(0.00755 0.0005599204 0.0002)
(0.0076 0.0005599204 0.0002)
(0.00765 0.0005599204 0.0002)
(0.0077 0.0005599204 0.0002)
(0.00775 0.0005599204 0.0002)
(0.0078 0.0005599204 0.0002)
(0.00785 0.0005599204 0.0002)
(0.0079 0.0005599204 0.0002)
(0.00795 0.0005599204 0.0002)
(0.008 0.0005599204 0.0002)
(0.00805 0.0005599204 0.0002)
(0.0081 0.0005599204 0.0002)
(0.00815 0.0005599204 0.0002)
(0.0082 0.0005599204 0.0002)
(0.00825 0.0005599204 0.0002)
(0.0083 0.0005599204 0.0002)
(0.00835 0.0005599204 0.0002)
(0.0084 0.0005599204 0.0002)
(0.00845 0.0005599204 0.0002)
(0.0085 0.0005599204 0.0002)
(0.00855 0.0005599204 0.0002)
(0.0086 0.0005599204 0.0002)
(0.00865 0.0005599204 0.0002)
(0.0087 0.0005599204 0.0002)
(0.00875 0.0005599204 0.0002)
(0.0088 0.0005599204 0.0002)
(0.00885 0.0005599204 0.0002)
(0.0089 0.0005599204 0.0002)
(0.00895 0.0005599204 0.0002)
(0.009 0.0005599204 0.0002)
(0.00905 0.0005599204 0.0002)
(0.0091 0.0005599204 0.0002)
(0.00915 0.0005599204 0.0002)
(0.0092 0.0005599204 0.0002)
(0.00925 0.0005599204 0.0002)
(0.0093 0.0005599204 0.0002)
(0.00935 0.0005599204 0.0002)
(0.0094 0.0005599204 0.0002)
(0.00945 0.0005599204 0.0002)
(0.0095 0.0005599204 0.0002)
(0.00955 0.0005599204 0.0002)
(0.0096 0.0005599204 0.0002)
(0.00965 0.0005599204 0.0002)
(0.0097 0.0005599204 0.0002)
(0.00975 0.0005599204 0.0002)
(0.0098 0.0005599204 0.0002)
(0.00985 0.0005599204 0.0002)
(0.0099 0.0005599204 0.0002)
(0.00995 0.0005599204 0.0002)
(0.01 0.0005599204 0.0002)
(0 0.0006029912 0.0002)
(5e-05 0.0006029912 0.0002)
(0.0001 0.0006029912 0.0002)
(0.00015 0.0006029912 0.0002)
(0.0002 0.0006029912 0.0002)
(0.00025 0.0006029912 0.0002)
(0.0003 0.0006029912 0.0002)
(0.00035 0.0006029912 0.0002)
(0.0004 0.0006029912 0.0002)
(0.00045 0.0006029912 0.0002)
(0.0005 0.0006029912 0.0002)
(0.00055 0.0006029912 0.0002)
(0.0006 0.0006029912 0.0002)
(0.00065 0.0006029912 0.0002)
(0.0007 0.0006029912 0.0002)
(0.00075 0.0006029912 0.0002)
(0.0008 0.0006029912 0.0002)
(0.00085 0.0006029912 0.0002)
(0.0009 0.0006029912 0.0002)
(0.00095 0.0006029912 0.0002)
(0.001 0.0006029912 0.0002)
(0.00105 0.0006029912 0.0002)
(0.0011 0.0006029912 0.0002)
(0.00115 0.0006029912 0.0002)
(0.0012 0.0006029912 0.0002)
(0.00125 0.0006029912 0.0002)
(0.0013 0.0006029912 0.0002)
(0.00135 0.0006029912 0.0002)
(0.0014 0.0006029912 0.0002)
(0.00145 0.0006029912 0.0002)
(0.0015 0.0006029912 0.0002)
(0.00155 0.0006029912 0.0002)
(0.0016 0.0006029912 0.0002)
(0.00165 0.0006029912 0.0002)
(0.0017 0.0006029912 0.0002)
(0.00175 0.0006029912 0.0002)
(0.0018 0.0006029912 0.0002)
(0.00185 0.0006029912 0.0002)
(0.0019 0.0006029912 0.0002)
(0.00195 0.0006029912 0.0002)
(0.002 0.0006029912 0.0002)
(0.00205 0.0006029912 0.0002)
(0.0021 0.0006029912 0.0002)
(0.00215 0.0006029912 0.0002)
(0.0022 0.0006029912 0.0002)
(0.00225 0.0006029912 0.0002)
(0.0023 0.0006029912 0.0002)
(0.00235 0.0006029912 0.0002)
(0.0024 0.0006029912 0.0002)
(0.00245 0.0006029912 0.0002)
(0.0025 0.0006029912 0.0002)
(0.00255 0.0006029912 0.0002)
(0.0026 0.0006029912 0.0002)
(0.00265 0.0006029912 0.0002)
(0.0027 0.0006029912 0.0002)
(0.00275 0.0006029912 0.0002)
(0.0028 0.0006029912 0.0002)
(0.00285 0.0006029912 0.0002)
(0.0029 0.0006029912 0.0002)
(0.00295 0.0006029912 0.0002)
(0.003 0.0006029912 0.0002)
(0.00305 0.0006029912 0.0002)
(0.0031 0.0006029912 0.0002)
(0.00315 0.0006029912 0.0002)
(0.0032 0.0006029912 0.0002)
(0.00325 0.0006029912 0.0002)
(0.0033 0.0006029912 0.0002)
(0.00335 0.0006029912 0.0002)
(0.0034 0.0006029912 0.0002)
(0.00345 0.0006029912 0.0002)
(0.0035 0.0006029912 0.0002)
(0.00355 0.0006029912 0.0002)
(0.0036 0.0006029912 0.0002)
(0.00365 0.0006029912 0.0002)
(0.0037 0.0006029912 0.0002)
(0.00375 0.0006029912 0.0002)
(0.0038 0.0006029912 0.0002)
(0.00385 0.0006029912 0.0002)
(0.0039 0.0006029912 0.0002)
(0.00395 0.0006029912 0.0002)
(0.004 0.0006029912 0.0002)
(0.00405 0.0006029912 0.0002)
(0.0041 0.0006029912 0.0002)
(0.00415 0.0006029912 0.0002)
(0.0042 0.0006029912 0.0002)
(0.00425 0.0006029912 0.0002)
(0.0043 0.0006029912 0.0002)
(0.00435 0.0006029912 0.0002)
(0.0044 0.0006029912 0.0002)
(0.00445 0.0006029912 0.0002)
(0.0045 0.0006029912 0.0002)
(0.00455 0.0006029912 0.0002)
(0.0046 0.0006029912 0.0002)
(0.00465 0.0006029912 0.0002)
(0.0047 0.0006029912 0.0002)
(0.00475 0.0006029912 0.0002)
(0.0048 0.0006029912 0.0002)
(0.00485 0.0006029912 0.0002)
(0.0049 0.0006029912 0.0002)
(0.00495 0.0006029912 0.0002)
(0.005 0.0006029912 0.0002)
(0.00505 0.0006029912 0.0002)
(0.0051 0.0006029912 0.0002)
(0.00515 0.0006029912 0.0002)
(0.0052 0.0006029912 0.0002)
(0.00525 0.0006029912 0.0002)
(0.0053 0.0006029912 0.0002)
(0.00535 0.0006029912 0.0002)
(0.0054 0.0006029912 0.0002)
(0.00545 0.0006029912 0.0002)
(0.0055 0.0006029912 0.0002)
(0.00555 0.0006029912 0.0002)
(0.0056 0.0006029912 0.0002)
(0.00565 0.0006029912 0.0002)
(0.0057 0.0006029912 0.0002)
(0.00575 0.0006029912 0.0002)
(0.0058 0.0006029912 0.0002)
(0.00585 0.0006029912 0.0002)
(0.0059 0.0006029912 0.0002)
(0.00595 0.0006029912 0.0002)
(0.006 0.0006029912 0.0002)
(0.00605 0.0006029912 0.0002)
(0.0061 0.0006029912 0.0002)
(0.00615 0.0006029912 0.0002)
(0.0062 0.0006029912 0.0002)
(0.00625 0.0006029912 0.0002)
(0.0063 0.0006029912 0.0002)
(0.00635 0.0006029912 0.0002)
(0.0064 0.0006029912 0.0002)
(0.00645 0.0006029912 0.0002)
(0.0065 0.0006029912 0.0002)
(0.00655 0.0006029912 0.0002)
(0.0066 0.0006029912 0.0002)
(0.00665 0.0006029912 0.0002)
(0.0067 0.0006029912 0.0002)
(0.00675 0.0006029912 0.0002)
(0.0068 0.0006029912 0.0002)
(0.00685 0.0006029912 0.0002)
(0.0069 0.0006029912 0.0002)
(0.00695 0.0006029912 0.0002)
(0.007 0.0006029912 0.0002)
(0.00705 0.0006029912 0.0002)
(0.0071 0.0006029912 0.0002)
(0.00715 0.0006029912 0.0002)
(0.0072 0.0006029912 0.0002)
(0.00725 0.0006029912 0.0002)
(0.0073 0.0006029912 0.0002)
(0.00735 0.0006029912 0.0002)
(0.0074 0.0006029912 0.0002)
(0.00745 0.0006029912 0.0002)
(0.0075 0.0006029912 0.0002)
(0.00755 0.0006029912 0.0002)
(0.0076 0.0006029912 0.0002)
(0.00765 0.0006029912 0.0002)
(0.0077 0.0006029912 0.0002)
(0.00775 0.0006029912 0.0002)
(0.0078 0.0006029912 0.0002)
(0.00785 0.0006029912 0.0002)
(0.0079 0.0006029912 0.0002)
(0.00795 0.0006029912 0.0002)
(0.008 0.0006029912 0.0002)
(0.00805 0.0006029912 0.0002)
(0.0081 0.0006029912 0.0002)
(0.00815 0.0006029912 0.0002)
(0.0082 0.0006029912 0.0002)
(0.00825 0.0006029912 0.0002)
(0.0083 0.0006029912 0.0002)
(0.00835 0.0006029912 0.0002)
(0.0084 0.0006029912 0.0002)
(0.00845 0.0006029912 0.0002)
(0.0085 0.0006029912 0.0002)
(0.00855 0.0006029912 0.0002)
(0.0086 0.0006029912 0.0002)
(0.00865 0.0006029912 0.0002)
(0.0087 0.0006029912 0.0002)
(0.00875 0.0006029912 0.0002)
(0.0088 0.0006029912 0.0002)
(0.00885 0.0006029912 0.0002)
(0.0089 0.0006029912 0.0002)
(0.00895 0.0006029912 0.0002)
(0.009 0.0006029912 0.0002)
(0.00905 0.0006029912 0.0002)
(0.0091 0.0006029912 0.0002)
(0.00915 0.0006029912 0.0002)
(0.0092 0.0006029912 0.0002)
(0.00925 0.0006029912 0.0002)
(0.0093 0.0006029912 0.0002)
(0.00935 0.0006029912 0.0002)
(0.0094 0.0006029912 0.0002)
(0.00945 0.0006029912 0.0002)
(0.0095 0.0006029912 0.0002)
(0.00955 0.0006029912 0.0002)
(0.0096 0.0006029912 0.0002)
(0.00965 0.0006029912 0.0002)
(0.0097 0.0006029912 0.0002)
(0.00975 0.0006029912 0.0002)
(0.0098 0.0006029912 0.0002)
(0.00985 0.0006029912 0.0002)
(0.0099 0.0006029912 0.0002)
(0.00995 0.0006029912 0.0002)
(0.01 0.0006029912 0.0002)
(0 0.000646062 0.0002)
(5e-05 0.000646062 0.0002)
(0.0001 0.000646062 0.0002)
(0.00015 0.000646062 0.0002)
(0.0002 0.000646062 0.0002)
(0.00025 0.000646062 0.0002)
(0.0003 0.000646062 0.0002)
(0.00035 0.000646062 0.0002)
(0.0004 0.000646062 0.0002)
(0.00045 0.000646062 0.0002)
(0.0005 0.000646062 0.0002)
(0.00055 0.000646062 0.0002)
(0.0006 0.000646062 0.0002)
(0.00065 0.000646062 0.0002)
(0.0007 0.000646062 0.0002)
(0.00075 0.000646062 0.0002)
(0.0008 0.000646062 0.0002)
(0.00085 0.000646062 0.0002)
(0.0009 0.000646062 0.0002)
(0.00095 0.000646062 0.0002)
(0.001 0.000646062 0.0002)
(0.00105 0.000646062 0.0002)
(0.0011 0.000646062 0.0002)
(0.00115 0.000646062 0.0002)
(0.0012 0.000646062 0.0002)
(0.00125 0.000646062 0.0002)
(0.0013 0.000646062 0.0002)
(0.00135 0.000646062 0.0002)
(0.0014 0.000646062 0.0002)
(0.00145 0.000646062 0.0002)
(0.0015 0.000646062 0.0002)
(0.00155 0.000646062 0.0002)
(0.0016 0.000646062 0.0002)
(0.00165 0.000646062 0.0002)
(0.0017 0.000646062 0.0002)
(0.00175 0.000646062 0.0002)
(0.0018 0.000646062 0.0002)
(0.00185 0.000646062 0.0002)
(0.0019 0.000646062 0.0002)
(0.00195 0.000646062 0.0002)
(0.002 0.000646062 0.0002)
(0.00205 0.000646062 0.0002)
(0.0021 0.000646062 0.0002)
(0.00215 0.000646062 0.0002)
(0.0022 0.000646062 0.0002)
(0.00225 0.000646062 0.0002)
(0.0023 0.000646062 0.0002)
(0.00235 0.000646062 0.0002)
(0.0024 0.000646062 0.0002)
(0.00245 0.000646062 0.0002)
(0.0025 0.000646062 0.0002)
(0.00255 0.000646062 0.0002)
(0.0026 0.000646062 0.0002)
(0.00265 0.000646062 0.0002)
(0.0027 0.000646062 0.0002)
(0.00275 0.000646062 0.0002)
(0.0028 0.000646062 0.0002)
(0.00285 0.000646062 0.0002)
(0.0029 0.000646062 0.0002)
(0.00295 0.000646062 0.0002)
(0.003 0.000646062 0.0002)
(0.00305 0.000646062 0.0002)
(0.0031 0.000646062 0.0002)
(0.00315 0.000646062 0.0002)
(0.0032 0.000646062 0.0002)
(0.00325 0.000646062 0.0002)
(0.0033 0.000646062 0.0002)
(0.00335 0.000646062 0.0002)
(0.0034 0.000646062 0.0002)
(0.00345 0.000646062 0.0002)
(0.0035 0.000646062 0.0002)
(0.00355 0.000646062 0.0002)
(0.0036 0.000646062 0.0002)
(0.00365 0.000646062 0.0002)
(0.0037 0.000646062 0.0002)
(0.00375 0.000646062 0.0002)
(0.0038 0.000646062 0.0002)
(0.00385 0.000646062 0.0002)
(0.0039 0.000646062 0.0002)
(0.00395 0.000646062 0.0002)
(0.004 0.000646062 0.0002)
(0.00405 0.000646062 0.0002)
(0.0041 0.000646062 0.0002)
(0.00415 0.000646062 0.0002)
(0.0042 0.000646062 0.0002)
(0.00425 0.000646062 0.0002)
(0.0043 0.000646062 0.0002)
(0.00435 0.000646062 0.0002)
(0.0044 0.000646062 0.0002)
(0.00445 0.000646062 0.0002)
(0.0045 0.000646062 0.0002)
(0.00455 0.000646062 0.0002)
(0.0046 0.000646062 0.0002)
(0.00465 0.000646062 0.0002)
(0.0047 0.000646062 0.0002)
(0.00475 0.000646062 0.0002)
(0.0048 0.000646062 0.0002)
(0.00485 0.000646062 0.0002)
(0.0049 0.000646062 0.0002)
(0.00495 0.000646062 0.0002)
(0.005 0.000646062 0.0002)
(0.00505 0.000646062 0.0002)
(0.0051 0.000646062 0.0002)
(0.00515 0.000646062 0.0002)
(0.0052 0.000646062 0.0002)
(0.00525 0.000646062 0.0002)
(0.0053 0.000646062 0.0002)
(0.00535 0.000646062 0.0002)
(0.0054 0.000646062 0.0002)
(0.00545 0.000646062 0.0002)
(0.0055 0.000646062 0.0002)
(0.00555 0.000646062 0.0002)
(0.0056 0.000646062 0.0002)
(0.00565 0.000646062 0.0002)
(0.0057 0.000646062 0.0002)
(0.00575 0.000646062 0.0002)
(0.0058 0.000646062 0.0002)
(0.00585 0.000646062 0.0002)
(0.0059 0.000646062 0.0002)
(0.00595 0.000646062 0.0002)
(0.006 0.000646062 0.0002)
(0.00605 0.000646062 0.0002)
(0.0061 0.000646062 0.0002)
(0.00615 0.000646062 0.0002)
(0.0062 0.000646062 0.0002)
(0.00625 0.000646062 0.0002)
(0.0063 0.000646062 0.0002)
(0.00635 0.000646062 0.0002)
(0.0064 0.000646062 0.0002)
(0.00645 0.000646062 0.0002)
(0.0065 0.000646062 0.0002)
(0.00655 0.000646062 0.0002)
(0.0066 0.000646062 0.0002)
(0.00665 0.000646062 0.0002)
(0.0067 0.000646062 0.0002)
(0.00675 0.000646062 0.0002)
(0.0068 0.000646062 0.0002)
(0.00685 0.000646062 0.0002)
(0.0069 0.000646062 0.0002)
(0.00695 0.000646062 0.0002)
(0.007 0.000646062 0.0002)
(0.00705 0.000646062 0.0002)
(0.0071 0.000646062 0.0002)
(0.00715 0.000646062 0.0002)
(0.0072 0.000646062 0.0002)
(0.00725 0.000646062 0.0002)
(0.0073 0.000646062 0.0002)
(0.00735 0.000646062 0.0002)
(0.0074 0.000646062 0.0002)
(0.00745 0.000646062 0.0002)
(0.0075 0.000646062 0.0002)
(0.00755 0.000646062 0.0002)
(0.0076 0.000646062 0.0002)
(0.00765 0.000646062 0.0002)
(0.0077 0.000646062 0.0002)
(0.00775 0.000646062 0.0002)
(0.0078 0.000646062 0.0002)
(0.00785 0.000646062 0.0002)
(0.0079 0.000646062 0.0002)
(0.00795 0.000646062 0.0002)
(0.008 0.000646062 0.0002)
(0.00805 0.000646062 0.0002)
(0.0081 0.000646062 0.0002)
(0.00815 0.000646062 0.0002)
(0.0082 0.000646062 0.0002)
(0.00825 0.000646062 0.0002)
(0.0083 0.000646062 0.0002)
(0.00835 0.000646062 0.0002)
(0.0084 0.000646062 0.0002)
(0.00845 0.000646062 0.0002)
(0.0085 0.000646062 0.0002)
(0.00855 0.000646062 0.0002)
(0.0086 0.000646062 0.0002)
(0.00865 0.000646062 0.0002)
(0.0087 0.000646062 0.0002)
(0.00875 0.000646062 0.0002)
(0.0088 0.000646062 0.0002)
(0.00885 0.000646062 0.0002)
(0.0089 0.000646062 0.0002)
(0.00895 0.000646062 0.0002)
(0.009 0.000646062 0.0002)
(0.00905 0.000646062 0.0002)
(0.0091 0.000646062 0.0002)
(0.00915 0.000646062 0.0002)
(0.0092 0.000646062 0.0002)
(0.00925 0.000646062 0.0002)
(0.0093 0.000646062 0.0002)
(0.00935 0.000646062 0.0002)
(0.0094 0.000646062 0.0002)
(0.00945 0.000646062 0.0002)
(0.0095 0.000646062 0.0002)
(0.00955 0.000646062 0.0002)
(0.0096 0.000646062 0.0002)
(0.00965 0.000646062 0.0002)
(0.0097 0.000646062 0.0002)
(0.00975 0.000646062 0.0002)
(0.0098 0.000646062 0.0002)
(0.00985 0.000646062 0.0002)
(0.0099 0.000646062 0.0002)
(0.00995 0.000646062 0.0002)
(0.01 0.000646062 0.0002)
(0 0.0006891328 0)
(5e-05 0.0006891328 0)
(0.0001 0.0006891328 0)
(0.00015 0.0006891328 0)
(0.0002 0.0006891328 0)
(0.00025 0.0006891328 0)
(0.0003 0.0006891328 0)
(0.00035 0.0006891328 0)
(0.0004 0.0006891328 0)
(0.00045 0.0006891328 0)
(0.0005 0.0006891328 0)
(0.00055 0.0006891328 0)
(0.0006 0.0006891328 0)
(0.00065 0.0006891328 0)
(0.0007 0.0006891328 0)
(0.00075 0.0006891328 0)
(0.0008 0.0006891328 0)
(0.00085 0.0006891328 0)
(0.0009 0.0006891328 0)
(0.00095 0.0006891328 0)
(0.001 0.0006891328 0)
(0.00105 0.0006891328 0)
(0.0011 0.0006891328 0)
(0.00115 0.0006891328 0)
(0.0012 0.0006891328 0)
(0.00125 0.0006891328 0)
(0.0013 0.0006891328 0)
(0.00135 0.0006891328 0)
(0.0014 0.0006891328 0)
(0.00145 0.0006891328 0)
(0.0015 0.0006891328 0)
(0.00155 0.0006891328 0)
(0.0016 0.0006891328 0)
(0.00165 0.0006891328 0)
(0.0017 0.0006891328 0)
(0.00175 0.0006891328 0)
(0.0018 0.0006891328 0)
(0.00185 0.0006891328 0)
(0.0019 0.0006891328 0)
(0.00195 0.0006891328 0)
(0.002 0.0006891328 0)
(0.00205 0.0006891328 0)
(0.0021 0.0006891328 0)
(0.00215 0.0006891328 0)
(0.0022 0.0006891328 0)
(0.00225 0.0006891328 0)
(0.0023 0.0006891328 0)
(0.00235 0.0006891328 0)
(0.0024 0.0006891328 0)
(0.00245 0.0006891328 0)
(0.0025 0.0006891328 0)
(0.00255 0.0006891328 0)
(0.0026 0.0006891328 0)
(0.00265 0.0006891328 0)
(0.0027 0.0006891328 0)
(0.00275 0.0006891328 0)
(0.0028 0.0006891328 0)
(0.00285 0.0006891328 0)
(0.0029 0.0006891328 0)
(0.00295 0.0006891328 0)
(0.003 0.0006891328 0)
(0.00305 0.0006891328 0)
(0.0031 0.0006891328 0)
(0.00315 0.0006891328 0)
(0.0032 0.0006891328 0)
(0.00325 0.0006891328 0)
(0.0033 0.0006891328 0)
(0.00335 0.0006891328 0)
(0.0034 0.0006891328 0)
(0.00345 0.0006891328 0)
(0.0035 0.0006891328 0)
(0.00355 0.0006891328 0)
(0.0036 0.0006891328 0)
(0.00365 0.0006891328 0)
(0.0037 0.0006891328 0)
(0.00375 0.0006891328 0)
(0.0038 0.0006891328 0)
(0.00385 0.0006891328 0)
(0.0039 0.0006891328 0)
(0.00395 0.0006891328 0)
(0.004 0.0006891328 0)
(0.00405 0.0006891328 0)
(0.0041 0.0006891328 0)
(0.00415 0.0006891328 0)
(0.0042 0.0006891328 0)
(0.00425 0.0006891328 0)
(0.0043 0.0006891328 0)
(0.00435 0.0006891328 0)
(0.0044 0.0006891328 0)
(0.00445 0.0006891328 0)
(0.0045 0.0006891328 0)
(0.00455 0.0006891328 0)
(0.0046 0.0006891328 0)
(0.00465 0.0006891328 0)
(0.0047 0.0006891328 0)
(0.00475 0.0006891328 0)
(0.0048 0.0006891328 0)
(0.00485 0.0006891328 0)
(0.0049 0.0006891328 0)
(0.00495 0.0006891328 0)
(0.005 0.0006891328 0)
(0.00505 0.0006891328 0)
(0.0051 0.0006891328 0)
(0.00515 0.0006891328 0)
(0.0052 0.0006891328 0)
(0.00525 0.0006891328 0)
(0.0053 0.0006891328 0)
(0.00535 0.0006891328 0)
(0.0054 0.0006891328 0)
(0.00545 0.0006891328 0)
(0.0055 0.0006891328 0)
(0.00555 0.0006891328 0)
(0.0056 0.0006891328 0)
(0.00565 0.0006891328 0)
(0.0057 0.0006891328 0)
(0.00575 0.0006891328 0)
(0.0058 0.0006891328 0)
(0.00585 0.0006891328 0)
(0.0059 0.0006891328 0)
(0.00595 0.0006891328 0)
(0.006 0.0006891328 0)
(0.00605 0.0006891328 0)
(0.0061 0.0006891328 0)
(0.00615 0.0006891328 0)
(0.0062 0.0006891328 0)
(0.00625 0.0006891328 0)
(0.0063 0.0006891328 0)
(0.00635 0.0006891328 0)
(0.0064 0.0006891328 0)
(0.00645 0.0006891328 0)
(0.0065 0.0006891328 0)
(0.00655 0.0006891328 0)
(0.0066 0.0006891328 0)
(0.00665 0.0006891328 0)
(0.0067 0.0006891328 0)
(0.00675 0.0006891328 0)
(0.0068 0.0006891328 0)
(0.00685 0.0006891328 0)
(0.0069 0.0006891328 0)
(0.00695 0.0006891328 0)
(0.007 0.0006891328 0)
(0.00705 0.0006891328 0)
(0.0071 0.0006891328 0)
(0.00715 0.0006891328 0)
(0.0072 0.0006891328 0)
(0.00725 0.0006891328 0)
(0.0073 0.0006891328 0)
(0.00735 0.0006891328 0)
(0.0074 0.0006891328 0)
(0.00745 0.0006891328 0)
(0.0075 0.0006891328 0)
(0.00755 0.0006891328 0)
(0.0076 0.0006891328 0)
(0.00765 0.0006891328 0)
(0.0077 0.0006891328 0)
(0.00775 0.0006891328 0)
(0.0078 0.0006891328 0)
(0.00785 0.0006891328 0)
(0.0079 0.0006891328 0)
(0.00795 0.0006891328 0)
(0.008 0.0006891328 0)
(0.00805 0.0006891328 0)
(0.0081 0.0006891328 0)
(0.00815 0.0006891328 0)
(0.0082 0.0006891328 0)
(0.00825 0.0006891328 0)
(0.0083 0.0006891328 0)
(0.00835 0.0006891328 0)
(0.0084 0.0006891328 0)
(0.00845 0.0006891328 0)
(0.0085 0.0006891328 0)
(0.00855 0.0006891328 0)
(0.0086 0.0006891328 0)
(0.00865 0.0006891328 0)
(0.0087 0.0006891328 0)
(0.00875 0.0006891328 0)
(0.0088 0.0006891328 0)
(0.00885 0.0006891328 0)
(0.0089 0.0006891328 0)
(0.00895 0.0006891328 0)
(0.009 0.0006891328 0)
(0.00905 0.0006891328 0)
(0.0091 0.0006891328 0)
(0.00915 0.0006891328 0)
(0.0092 0.0006891328 0)
(0.00925 0.0006891328 0)
(0.0093 0.0006891328 0)
(0.00935 0.0006891328 0)
(0.0094 0.0006891328 0)
(0.00945 0.0006891328 0)
(0.0095 0.0006891328 0)
(0.00955 0.0006891328 0)
(0.0096 0.0006891328 0)
(0.00965 0.0006891328 0)
(0.0097 0.0006891328 0)
(0.00975 0.0006891328 0)
(0.0098 0.0006891328 0)
(0.00985 0.0006891328 0)
(0.0099 0.0006891328 0)
(0.00995 0.0006891328 0)
(0.01 0.0006891328 0)
(0 0.0007322036 0)
(5e-05 0.0007322036 0)
(0.0001 0.0007322036 0)
(0.00015 0.0007322036 0)
(0.0002 0.0007322036 0)
(0.00025 0.0007322036 0)
(0.0003 0.0007322036 0)
(0.00035 0.0007322036 0)
(0.0004 0.0007322036 0)
(0.00045 0.0007322036 0)
(0.0005 0.0007322036 0)
(0.00055 0.0007322036 0)
(0.0006 0.0007322036 0)
(0.00065 0.0007322036 0)
(0.0007 0.0007322036 0)
(0.00075 0.0007322036 0)
(0.0008 0.0007322036 0)
(0.00085 0.0007322036 0)
(0.0009 0.0007322036 0)
(0.00095 0.0007322036 0)
(0.001 0.0007322036 0)
(0.00105 0.0007322036 0)
(0.0011 0.0007322036 0)
(0.00115 0.0007322036 0)
(0.0012 0.0007322036 0)
(0.00125 0.0007322036 0)
(0.0013 0.0007322036 0)
(0.00135 0.0007322036 0)
(0.0014 0.0007322036 0)
(0.00145 0.0007322036 0)
(0.0015 0.0007322036 0)
(0.00155 0.0007322036 0)
(0.0016 0.0007322036 0)
(0.00165 0.0007322036 0)
(0.0017 0.0007322036 0)
(0.00175 0.0007322036 0)
(0.0018 0.0007322036 0)
(0.00185 0.0007322036 0)
(0.0019 0.0007322036 0)
(0.00195 0.0007322036 0)
(0.002 0.0007322036 0)
(0.00205 0.0007322036 0)
(0.0021 0.0007322036 0)
(0.00215 0.0007322036 0)
(0.0022 0.0007322036 0)
(0.00225 0.0007322036 0)
(0.0023 0.0007322036 0)
(0.00235 0.0007322036 0)
(0.0024 0.0007322036 0)
(0.00245 0.0007322036 0)
(0.0025 0.0007322036 0)
(0.00255 0.0007322036 0)
(0.0026 0.0007322036 0)
(0.00265 0.0007322036 0)
(0.0027 0.0007322036 0)
(0.00275 0.0007322036 0)
(0.0028 0.0007322036 0)
(0.00285 0.0007322036 0)
(0.0029 0.0007322036 0)
(0.00295 0.0007322036 0)
(0.003 0.0007322036 0)
(0.00305 0.0007322036 0)
(0.0031 0.0007322036 0)
(0.00315 0.0007322036 0)
(0.0032 0.0007322036 0)
(0.00325 0.0007322036 0)
(0.0033 0.0007322036 0)
(0.00335 0.0007322036 0)
(0.0034 0.0007322036 0)
(0.00345 0.0007322036 0)
(0.0035 0.0007322036 0)
(0.00355 0.0007322036 0)
(0.0036 0.0007322036 0)
(0.00365 0.0007322036 0)
(0.0037 0.0007322036 0)
(0.00375 0.0007322036 0)
(0.0038 0.0007322036 0)
(0.00385 0.0007322036 0)
(0.0039 0.0007322036 0)
(0.00395 0.0007322036 0)
(0.004 0.0007322036 0)
(0.00405 0.0007322036 0)
(0.0041 0.0007322036 0)
(0.00415 0.0007322036 0)
(0.0042 0.0007322036 0)
(0.00425 0.0007322036 0)
(0.0043 0.0007322036 0)
(0.00435 0.0007322036 0)
(0.0044 0.0007322036 0)
(0.00445 0.0007322036 0)
(0.0045 0.0007322036 0)
(0.00455 0.0007322036 0)
(0.0046 0.0007322036 0)
(0.00465 0.0007322036 0)
(0.0047 0.0007322036 0)
(0.00475 0.0007322036 0)
(0.0048 0.0007322036 0)
(0.00485 0.0007322036 0)
(0.0049 0.0007322036 0)
(0.00495 0.0007322036 0)
(0.005 0.0007322036 0)
(0.00505 0.0007322036 0)
(0.0051 0.0007322036 0)
(0.00515 0.0007322036 0)
(0.0052 0.0007322036 0)
(0.00525 0.0007322036 0)
(0.0053 0.0007322036 0)
(0.00535 0.0007322036 0)
(0.0054 0.0007322036 0)
(0.00545 0.0007322036 0)
(0.0055 0.0007322036 0)
(0.00555 0.0007322036 0)
(0.0056 0.0007322036 0)
(0.00565 0.0007322036 0)
(0.0057 0.0007322036 0)
(0.00575 0.0007322036 0)
(0.0058 0.0007322036 0)
(0.00585 0.0007322036 0)
(0.0059 0.0007322036 0)
(0.00595 0.0007322036 0)
(0.006 0.0007322036 0)
(0.00605 0.0007322036 0)
(0.0061 0.0007322036 0)
(0.00615 0.0007322036 0)
(0.0062 0.0007322036 0)
(0.00625 0.0007322036 0)
(0.0063 0.0007322036 0)
(0.00635 0.0007322036 0)
(0.0064 0.0007322036 0)
(0.00645 0.0007322036 0)
(0.0065 0.0007322036 0)
(0.00655 0.0007322036 0)
(0.0066 0.0007322036 0)
(0.00665 0.0007322036 0)
(0.0067 0.0007322036 0)
(0.00675 0.0007322036 0)
(0.0068 0.0007322036 0)
(0.00685 0.0007322036 0)
(0.0069 0.0007322036 0)
(0.00695 0.0007322036 0)
(0.007 0.0007322036 0)
(0.00705 0.0007322036 0)
(0.0071 0.0007322036 0)
(0.00715 0.0007322036 0)
(0.0072 0.0007322036 0)
(0.00725 0.0007322036 0)
(0.0073 0.0007322036 0)
(0.00735 0.0007322036 0)
(0.0074 0.0007322036 0)
(0.00745 0.0007322036 0)
(0.0075 0.0007322036 0)
(0.00755 0.0007322036 0)
(0.0076 0.0007322036 0)
(0.00765 0.0007322036 0)
(0.0077 0.0007322036 0)
(0.00775 0.0007322036 0)
(0.0078 0.0007322036 0)
(0.00785 0.0007322036 0)
(0.0079 0.0007322036 0)
(0.00795 0.0007322036 0)
(0.008 0.0007322036 0)
(0.00805 0.0007322036 0)
(0.0081 0.0007322036 0)
(0.00815 0.0007322036 0)
(0.0082 0.0007322036 0)
(0.00825 0.0007322036 0)
(0.0083 0.0007322036 0)
(0.00835 0.0007322036 0)
(0.0084 0.0007322036 0)
(0.00845 0.0007322036 0)
(0.0085 0.0007322036 0)
(0.00855 0.0007322036 0)
(0.0086 0.0007322036 0)
(0.00865 0.0007322036 0)
(0.0087 0.0007322036 0)
(0.00875 0.0007322036 0)
(0.0088 0.0007322036 0)
(0.00885 0.0007322036 0)
(0.0089 0.0007322036 0)
(0.00895 0.0007322036 0)
(0.009 0.0007322036 0)
(0.00905 0.0007322036 0)
(0.0091 0.0007322036 0)
(0.00915 0.0007322036 0)
(0.0092 0.0007322036 0)
(0.00925 0.0007322036 0)
(0.0093 0.0007322036 0)
(0.00935 0.0007322036 0)
(0.0094 0.0007322036 0)
(0.00945 0.0007322036 0)
(0.0095 0.0007322036 0)
(0.00955 0.0007322036 0)
(0.0096 0.0007322036 0)
(0.00965 0.0007322036 0)
(0.0097 0.0007322036 0)
(0.00975 0.0007322036 0)
(0.0098 0.0007322036 0)
(0.00985 0.0007322036 0)
(0.0099 0.0007322036 0)
(0.00995 0.0007322036 0)
(0.01 0.0007322036 0)
(0 0.0007752744 0)
(5e-05 0.0007752744 0)
(0.0001 0.0007752744 0)
(0.00015 0.0007752744 0)
(0.0002 0.0007752744 0)
(0.00025 0.0007752744 0)
(0.0003 0.0007752744 0)
(0.00035 0.0007752744 0)
(0.0004 0.0007752744 0)
(0.00045 0.0007752744 0)
(0.0005 0.0007752744 0)
(0.00055 0.0007752744 0)
(0.0006 0.0007752744 0)
(0.00065 0.0007752744 0)
(0.0007 0.0007752744 0)
(0.00075 0.0007752744 0)
(0.0008 0.0007752744 0)
(0.00085 0.0007752744 0)
(0.0009 0.0007752744 0)
(0.00095 0.0007752744 0)
(0.001 0.0007752744 0)
(0.00105 0.0007752744 0)
(0.0011 0.0007752744 0)
(0.00115 0.0007752744 0)
(0.0012 0.0007752744 0)
(0.00125 0.0007752744 0)
(0.0013 0.0007752744 0)
(0.00135 0.0007752744 0)
(0.0014 0.0007752744 0)
(0.00145 0.0007752744 0)
(0.0015 0.0007752744 0)
(0.00155 0.0007752744 0)
(0.0016 0.0007752744 0)
(0.00165 0.0007752744 0)
(0.0017 0.0007752744 0)
(0.00175 0.0007752744 0)
(0.0018 0.0007752744 0)
(0.00185 0.0007752744 0)
(0.0019 0.0007752744 0)
(0.00195 0.0007752744 0)
(0.002 0.0007752744 0)
(0.00205 0.0007752744 0)
(0.0021 0.0007752744 0)
(0.00215 0.0007752744 0)
(0.0022 0.0007752744 0)
(0.00225 0.0007752744 0)
(0.0023 0.0007752744 0)
(0.00235 0.0007752744 0)
(0.0024 0.0007752744 0)
(0.00245 0.0007752744 0)
(0.0025 0.0007752744 0)
(0.00255 0.0007752744 0)
(0.0026 0.0007752744 0)
(0.00265 0.0007752744 0)
(0.0027 0.0007752744 0)
(0.00275 0.0007752744 0)
(0.0028 0.0007752744 0)
(0.00285 0.0007752744 0)
(0.0029 0.0007752744 0)
(0.00295 0.0007752744 0)
(0.003 0.0007752744 0)
(0.00305 0.0007752744 0)
(0.0031 0.0007752744 0)
(0.00315 0.0007752744 0)
(0.0032 0.0007752744 0)
(0.00325 0.0007752744 0)
(0.0033 0.0007752744 0)
(0.00335 0.0007752744 0)
(0.0034 0.0007752744 0)
(0.00345 0.0007752744 0)
(0.0035 0.0007752744 0)
(0.00355 0.0007752744 0)
(0.0036 0.0007752744 0)
(0.00365 0.0007752744 0)
(0.0037 0.0007752744 0)
(0.00375 0.0007752744 0)
(0.0038 0.0007752744 0)
(0.00385 0.0007752744 0)
(0.0039 0.0007752744 0)
(0.00395 0.0007752744 0)
(0.004 0.0007752744 0)
(0.00405 0.0007752744 0)
(0.0041 0.0007752744 0)
(0.00415 0.0007752744 0)
(0.0042 0.0007752744 0)
(0.00425 0.0007752744 0)
(0.0043 0.0007752744 0)
(0.00435 0.0007752744 0)
(0.0044 0.0007752744 0)
(0.00445 0.0007752744 0)
(0.0045 0.0007752744 0)
(0.00455 0.0007752744 0)
(0.0046 0.0007752744 0)
(0.00465 0.0007752744 0)
(0.0047 0.0007752744 0)
(0.00475 0.0007752744 0)
(0.0048 0.0007752744 0)
(0.00485 0.0007752744 0)
(0.0049 0.0007752744 0)
(0.00495 0.0007752744 0)
(0.005 0.0007752744 0)
(0.00505 0.0007752744 0)
(0.0051 0.0007752744 0)
(0.00515 0.0007752744 0)
(0.0052 0.0007752744 0)
(0.00525 0.0007752744 0)
(0.0053 0.0007752744 0)
(0.00535 0.0007752744 0)
(0.0054 0.0007752744 0)
(0.00545 0.0007752744 0)
(0.0055 0.0007752744 0)
(0.00555 0.0007752744 0)
(0.0056 0.0007752744 0)
(0.00565 0.0007752744 0)
(0.0057 0.0007752744 0)
(0.00575 0.0007752744 0)
(0.0058 0.0007752744 0)
(0.00585 0.0007752744 0)
(0.0059 0.0007752744 0)
(0.00595 0.0007752744 0)
(0.006 0.0007752744 0)
(0.00605 0.0007752744 0)
(0.0061 0.0007752744 0)
(0.00615 0.0007752744 0)
(0.0062 0.0007752744 0)
(0.00625 0.0007752744 0)
(0.0063 0.0007752744 0)
(0.00635 0.0007752744 0)
(0.0064 0.0007752744 0)
(0.00645 0.0007752744 0)
(0.0065 0.0007752744 0)
(0.00655 0.0007752744 0)
(0.0066 0.0007752744 0)
(0.00665 0.0007752744 0)
(0.0067 0.0007752744 0)
(0.00675 0.0007752744 0)
(0.0068 0.0007752744 0)
(0.00685 0.0007752744 0)
(0.0069 0.0007752744 0)
(0.00695 0.0007752744 0)
(0.007 0.0007752744 0)
(0.00705 0.0007752744 0)
(0.0071 0.0007752744 0)
(0.00715 0.0007752744 0)
(0.0072 0.0007752744 0)
(0.00725 0.0007752744 0)
(0.0073 0.0007752744 0)
(0.00735 0.0007752744 0)
(0.0074 0.0007752744 0)
(0.00745 0.0007752744 0)
(0.0075 0.0007752744 0)
(0.00755 0.0007752744 0)
(0.0076 0.0007752744 0)
(0.00765 0.0007752744 0)
(0.0077 0.0007752744 0)
(0.00775 0.0007752744 0)
(0.0078 0.0007752744 0)
(0.00785 0.0007752744 0)
(0.0079 0.0007752744 0)
(0.00795 0.0007752744 0)
(0.008 0.0007752744 0)
(0.00805 0.0007752744 0)
(0.0081 0.0007752744 0)
(0.00815 0.0007752744 0)
(0.0082 0.0007752744 0)
(0.00825 0.0007752744 0)
(0.0083 0.0007752744 0)
(0.00835 0.0007752744 0)
(0.0084 0.0007752744 0)
(0.00845 0.0007752744 0)
(0.0085 0.0007752744 0)
(0.00855 0.0007752744 0)
(0.0086 0.0007752744 0)
(0.00865 0.0007752744 0)
(0.0087 0.0007752744 0)
(0.00875 0.0007752744 0)
(0.0088 0.0007752744 0)
(0.00885 0.0007752744 0)
(0.0089 0.0007752744 0)
(0.00895 0.0007752744 0)
(0.009 0.0007752744 0)
(0.00905 0.0007752744 0)
(0.0091 0.0007752744 0)
(0.00915 0.0007752744 0)
(0.0092 0.0007752744 0)
(0.00925 0.0007752744 0)
(0.0093 0.0007752744 0)
(0.00935 0.0007752744 0)
(0.0094 0.0007752744 0)
(0.00945 0.0007752744 0)
(0.0095 0.0007752744 0)
(0.00955 0.0007752744 0)
(0.0096 0.0007752744 0)
(0.00965 0.0007752744 0)
(0.0097 0.0007752744 0)
(0.00975 0.0007752744 0)
(0.0098 0.0007752744 0)
(0.00985 0.0007752744 0)
(0.0099 0.0007752744 0)
(0.00995 0.0007752744 0)
(0.01 0.0007752744 0)
(0 0.0008183452 0)
(5e-05 0.0008183452 0)
(0.0001 0.0008183452 0)
(0.00015 0.0008183452 0)
(0.0002 0.0008183452 0)
(0.00025 0.0008183452 0)
(0.0003 0.0008183452 0)
(0.00035 0.0008183452 0)
(0.0004 0.0008183452 0)
(0.00045 0.0008183452 0)
(0.0005 0.0008183452 0)
(0.00055 0.0008183452 0)
(0.0006 0.0008183452 0)
(0.00065 0.0008183452 0)
(0.0007 0.0008183452 0)
(0.00075 0.0008183452 0)
(0.0008 0.0008183452 0)
(0.00085 0.0008183452 0)
(0.0009 0.0008183452 0)
(0.00095 0.0008183452 0)
(0.001 0.0008183452 0)
(0.00105 0.0008183452 0)
(0.0011 0.0008183452 0)
(0.00115 0.0008183452 0)
(0.0012 0.0008183452 0)
(0.00125 0.0008183452 0)
(0.0013 0.0008183452 0)
(0.00135 0.0008183452 0)
(0.0014 0.0008183452 0)
(0.00145 0.0008183452 0)
(0.0015 0.0008183452 0)
(0.00155 0.0008183452 0)
(0.0016 0.0008183452 0)
(0.00165 0.0008183452 0)
(0.0017 0.0008183452 0)
(0.00175 0.0008183452 0)
(0.0018 0.0008183452 0)
(0.00185 0.0008183452 0)
(0.0019 0.0008183452 0)
(0.00195 0.0008183452 0)
(0.002 0.0008183452 0)
(0.00205 0.0008183452 0)
(0.0021 0.0008183452 0)
(0.00215 0.0008183452 0)
(0.0022 0.0008183452 0)
(0.00225 0.0008183452 0)
(0.0023 0.0008183452 0)
(0.00235 0.0008183452 0)
(0.0024 0.0008183452 0)
(0.00245 0.0008183452 0)
(0.0025 0.0008183452 0)
(0.00255 0.0008183452 0)
(0.0026 0.0008183452 0)
(0.00265 0.0008183452 0)
(0.0027 0.0008183452 0)
(0.00275 0.0008183452 0)
(0.0028 0.0008183452 0)
(0.00285 0.0008183452 0)
(0.0029 0.0008183452 0)
(0.00295 0.0008183452 0)
(0.003 0.0008183452 0)
(0.00305 0.0008183452 0)
(0.0031 0.0008183452 0)
(0.00315 0.0008183452 0)
(0.0032 0.0008183452 0)
(0.00325 0.0008183452 0)
(0.0033 0.0008183452 0)
(0.00335 0.0008183452 0)
(0.0034 0.0008183452 0)
(0.00345 0.0008183452 0)
(0.0035 0.0008183452 0)
(0.00355 0.0008183452 0)
(0.0036 0.0008183452 0)
(0.00365 0.0008183452 0)
(0.0037 0.0008183452 0)
(0.00375 0.0008183452 0)
(0.0038 0.0008183452 0)
(0.00385 0.0008183452 0)
(0.0039 0.0008183452 0)
(0.00395 0.0008183452 0)
(0.004 0.0008183452 0)
(0.00405 0.0008183452 0)
(0.0041 0.0008183452 0)
(0.00415 0.0008183452 0)
(0.0042 0.0008183452 0)
(0.00425 0.0008183452 0)
(0.0043 0.0008183452 0)
(0.00435 0.0008183452 0)
(0.0044 0.0008183452 0)
(0.00445 0.0008183452 0)
(0.0045 0.0008183452 0)
(0.00455 0.0008183452 0)
(0.0046 0.0008183452 0)
(0.00465 0.0008183452 0)
(0.0047 0.0008183452 0)
(0.00475 0.0008183452 0)
(0.0048 0.0008183452 0)
(0.00485 0.0008183452 0)
(0.0049 0.0008183452 0)
(0.00495 0.0008183452 0)
(0.005 0.0008183452 0)
(0.00505 0.0008183452 0)
(0.0051 0.0008183452 0)
(0.00515 0.0008183452 0)
(0.0052 0.0008183452 0)
(0.00525 0.0008183452 0)
(0.0053 0.0008183452 0)
(0.00535 0.0008183452 0)
(0.0054 0.0008183452 0)
(0.00545 0.0008183452 0)
(0.0055 0.0008183452 0)
(0.00555 0.0008183452 0)
(0.0056 0.0008183452 0)
(0.00565 0.0008183452 0)
(0.0057 0.0008183452 0)
(0.00575 0.0008183452 0)
(0.0058 0.0008183452 0)
(0.00585 0.0008183452 0)
(0.0059 0.0008183452 0)
(0.00595 0.0008183452 0)
(0.006 0.0008183452 0)
(0.00605 0.0008183452 0)
(0.0061 0.0008183452 0)
(0.00615 0.0008183452 0)
(0.0062 0.0008183452 0)
(0.00625 0.0008183452 0)
(0.0063 0.0008183452 0)
(0.00635 0.0008183452 0)
(0.0064 0.0008183452 0)
(0.00645 0.0008183452 0)
(0.0065 0.0008183452 0)
(0.00655 0.0008183452 0)
(0.0066 0.0008183452 0)
(0.00665 0.0008183452 0)
(0.0067 0.0008183452 0)
(0.00675 0.0008183452 0)
(0.0068 0.0008183452 0)
(0.00685 0.0008183452 0)
(0.0069 0.0008183452 0)
(0.00695 0.0008183452 0)
(0.007 0.0008183452 0)
(0.00705 0.0008183452 0)
(0.0071 0.0008183452 0)
(0.00715 0.0008183452 0)
(0.0072 0.0008183452 0)
(0.00725 0.0008183452 0)
(0.0073 0.0008183452 0)
(0.00735 0.0008183452 0)
(0.0074 0.0008183452 0)
(0.00745 0.0008183452 0)
(0.0075 0.0008183452 0)
(0.00755 0.0008183452 0)
(0.0076 0.0008183452 0)
(0.00765 0.0008183452 0)
(0.0077 0.0008183452 0)
(0.00775 0.0008183452 0)
(0.0078 0.0008183452 0)
(0.00785 0.0008183452 0)
(0.0079 0.0008183452 0)
(0.00795 0.0008183452 0)
(0.008 0.0008183452 0)
(0.00805 0.0008183452 0)
(0.0081 0.0008183452 0)
(0.00815 0.0008183452 0)
(0.0082 0.0008183452 0)
(0.00825 0.0008183452 0)
(0.0083 0.0008183452 0)
(0.00835 0.0008183452 0)
(0.0084 0.0008183452 0)
(0.00845 0.0008183452 0)
(0.0085 0.0008183452 0)
(0.00855 0.0008183452 0)
(0.0086 0.0008183452 0)
(0.00865 0.0008183452 0)
(0.0087 0.0008183452 0)
(0.00875 0.0008183452 0)
(0.0088 0.0008183452 0)
(0.00885 0.0008183452 0)
(0.0089 0.0008183452 0)
(0.00895 0.0008183452 0)
(0.009 0.0008183452 0)
(0.00905 0.0008183452 0)
(0.0091 0.0008183452 0)
(0.00915 0.0008183452 0)
(0.0092 0.0008183452 0)
(0.00925 0.0008183452 0)
(0.0093 0.0008183452 0)
(0.00935 0.0008183452 0)
(0.0094 0.0008183452 0)
(0.00945 0.0008183452 0)
(0.0095 0.0008183452 0)
(0.00955 0.0008183452 0)
(0.0096 0.0008183452 0)
(0.00965 0.0008183452 0)
(0.0097 0.0008183452 0)
(0.00975 0.0008183452 0)
(0.0098 0.0008183452 0)
(0.00985 0.0008183452 0)
(0.0099 0.0008183452 0)
(0.00995 0.0008183452 0)
(0.01 0.0008183452 0)
(0 0.000861416 0)
(5e-05 0.000861416 0)
(0.0001 0.000861416 0)
(0.00015 0.000861416 0)
(0.0002 0.000861416 0)
(0.00025 0.000861416 0)
(0.0003 0.000861416 0)
(0.00035 0.000861416 0)
(0.0004 0.000861416 0)
(0.00045 0.000861416 0)
(0.0005 0.000861416 0)
(0.00055 0.000861416 0)
(0.0006 0.000861416 0)
(0.00065 0.000861416 0)
(0.0007 0.000861416 0)
(0.00075 0.000861416 0)
(0.0008 0.000861416 0)
(0.00085 0.000861416 0)
(0.0009 0.000861416 0)
(0.00095 0.000861416 0)
(0.001 0.000861416 0)
(0.00105 0.000861416 0)
(0.0011 0.000861416 0)
(0.00115 0.000861416 0)
(0.0012 0.000861416 0)
(0.00125 0.000861416 0)
(0.0013 0.000861416 0)
(0.00135 0.000861416 0)
(0.0014 0.000861416 0)
(0.00145 0.000861416 0)
(0.0015 0.000861416 0)
(0.00155 0.000861416 0)
(0.0016 0.000861416 0)
(0.00165 0.000861416 0)
(0.0017 0.000861416 0)
(0.00175 0.000861416 0)
(0.0018 0.000861416 0)
(0.00185 0.000861416 0)
(0.0019 0.000861416 0)
(0.00195 0.000861416 0)
(0.002 0.000861416 0)
(0.00205 0.000861416 0)
(0.0021 0.000861416 0)
(0.00215 0.000861416 0)
(0.0022 0.000861416 0)
(0.00225 0.000861416 0)
(0.0023 0.000861416 0)
(0.00235 0.000861416 0)
(0.0024 0.000861416 0)
(0.00245 0.000861416 0)
(0.0025 0.000861416 0)
(0.00255 0.000861416 0)
(0.0026 0.000861416 0)
(0.00265 0.000861416 0)
(0.0027 0.000861416 0)
(0.00275 0.000861416 0)
(0.0028 0.000861416 0)
(0.00285 0.000861416 0)
(0.0029 0.000861416 0)
(0.00295 0.000861416 0)
(0.003 0.000861416 0)
(0.00305 0.000861416 0)
(0.0031 0.000861416 0)
(0.00315 0.000861416 0)
(0.0032 0.000861416 0)
(0.00325 0.000861416 0)
(0.0033 0.000861416 0)
(0.00335 0.000861416 0)
(0.0034 0.000861416 0)
(0.00345 0.000861416 0)
(0.0035 0.000861416 0)
(0.00355 0.000861416 0)
(0.0036 0.000861416 0)
(0.00365 0.000861416 0)
(0.0037 0.000861416 0)
(0.00375 0.000861416 0)
(0.0038 0.000861416 0)
(0.00385 0.000861416 0)
(0.0039 0.000861416 0)
(0.00395 0.000861416 0)
(0.004 0.000861416 0)
(0.00405 0.000861416 0)
(0.0041 0.000861416 0)
(0.00415 0.000861416 0)
(0.0042 0.000861416 0)
(0.00425 0.000861416 0)
(0.0043 0.000861416 0)
(0.00435 0.000861416 0)
(0.0044 0.000861416 0)
(0.00445 0.000861416 0)
(0.0045 0.000861416 0)
(0.00455 0.000861416 0)
(0.0046 0.000861416 0)
(0.00465 0.000861416 0)
(0.0047 0.000861416 0)
(0.00475 0.000861416 0)
(0.0048 0.000861416 0)
(0.00485 0.000861416 0)
(0.0049 0.000861416 0)
(0.00495 0.000861416 0)
(0.005 0.000861416 0)
(0.00505 0.000861416 0)
(0.0051 0.000861416 0)
(0.00515 0.000861416 0)
(0.0052 0.000861416 0)
(0.00525 0.000861416 0)
(0.0053 0.000861416 0)
(0.00535 0.000861416 0)
(0.0054 0.000861416 0)
(0.00545 0.000861416 0)
(0.0055 0.000861416 0)
(0.00555 0.000861416 0)
(0.0056 0.000861416 0)
(0.00565 0.000861416 0)
(0.0057 0.000861416 0)
(0.00575 0.000861416 0)
(0.0058 0.000861416 0)
(0.00585 0.000861416 0)
(0.0059 0.000861416 0)
(0.00595 0.000861416 0)
(0.006 0.000861416 0)
(0.00605 0.000861416 0)
(0.0061 0.000861416 0)
(0.00615 0.000861416 0)
(0.0062 0.000861416 0)
(0.00625 0.000861416 0)
(0.0063 0.000861416 0)
(0.00635 0.000861416 0)
(0.0064 0.000861416 0)
(0.00645 0.000861416 0)
(0.0065 0.000861416 0)
(0.00655 0.000861416 0)
(0.0066 0.000861416 0)
(0.00665 0.000861416 0)
(0.0067 0.000861416 0)
(0.00675 0.000861416 0)
(0.0068 0.000861416 0)
(0.00685 0.000861416 0)
(0.0069 0.000861416 0)
(0.00695 0.000861416 0)
(0.007 0.000861416 0)
(0.00705 0.000861416 0)
(0.0071 0.000861416 0)
(0.00715 0.000861416 0)
(0.0072 0.000861416 0)
(0.00725 0.000861416 0)
(0.0073 0.000861416 0)
(0.00735 0.000861416 0)
(0.0074 0.000861416 0)
(0.00745 0.000861416 0)
(0.0075 0.000861416 0)
(0.00755 0.000861416 0)
(0.0076 0.000861416 0)
(0.00765 0.000861416 0)
(0.0077 0.000861416 0)
(0.00775 0.000861416 0)
(0.0078 0.000861416 0)
(0.00785 0.000861416 0)
(0.0079 0.000861416 0)
(0.00795 0.000861416 0)
(0.008 0.000861416 0)
(0.00805 0.000861416 0)
(0.0081 0.000861416 0)
(0.00815 0.000861416 0)
(0.0082 0.000861416 0)
(0.00825 0.000861416 0)
(0.0083 0.000861416 0)
(0.00835 0.000861416 0)
(0.0084 0.000861416 0)
(0.00845 0.000861416 0)
(0.0085 0.000861416 0)
(0.00855 0.000861416 0)
(0.0086 0.000861416 0)
(0.00865 0.000861416 0)
(0.0087 0.000861416 0)
(0.00875 0.000861416 0)
(0.0088 0.000861416 0)
(0.00885 0.000861416 0)
(0.0089 0.000861416 0)
(0.00895 0.000861416 0)
(0.009 0.000861416 0)
(0.00905 0.000861416 0)
(0.0091 0.000861416 0)
(0.00915 0.000861416 0)
(0.0092 0.000861416 0)
(0.00925 0.000861416 0)
(0.0093 0.000861416 0)
(0.00935 0.000861416 0)
(0.0094 0.000861416 0)
(0.00945 0.000861416 0)
(0.0095 0.000861416 0)
(0.00955 0.000861416 0)
(0.0096 0.000861416 0)
(0.00965 0.000861416 0)
(0.0097 0.000861416 0)
(0.00975 0.000861416 0)
(0.0098 0.000861416 0)
(0.00985 0.000861416 0)
(0.0099 0.000861416 0)
(0.00995 0.000861416 0)
(0.01 0.000861416 0)
(0 0.0006891328 0.0002)
(5e-05 0.0006891328 0.0002)
(0.0001 0.0006891328 0.0002)
(0.00015 0.0006891328 0.0002)
(0.0002 0.0006891328 0.0002)
(0.00025 0.0006891328 0.0002)
(0.0003 0.0006891328 0.0002)
(0.00035 0.0006891328 0.0002)
(0.0004 0.0006891328 0.0002)
(0.00045 0.0006891328 0.0002)
(0.0005 0.0006891328 0.0002)
(0.00055 0.0006891328 0.0002)
(0.0006 0.0006891328 0.0002)
(0.00065 0.0006891328 0.0002)
(0.0007 0.0006891328 0.0002)
(0.00075 0.0006891328 0.0002)
(0.0008 0.0006891328 0.0002)
(0.00085 0.0006891328 0.0002)
(0.0009 0.0006891328 0.0002)
(0.00095 0.0006891328 0.0002)
(0.001 0.0006891328 0.0002)
(0.00105 0.0006891328 0.0002)
(0.0011 0.0006891328 0.0002)
(0.00115 0.0006891328 0.0002)
(0.0012 0.0006891328 0.0002)
(0.00125 0.0006891328 0.0002)
(0.0013 0.0006891328 0.0002)
(0.00135 0.0006891328 0.0002)
(0.0014 0.0006891328 0.0002)
(0.00145 0.0006891328 0.0002)
(0.0015 0.0006891328 0.0002)
(0.00155 0.0006891328 0.0002)
(0.0016 0.0006891328 0.0002)
(0.00165 0.0006891328 0.0002)
(0.0017 0.0006891328 0.0002)
(0.00175 0.0006891328 0.0002)
(0.0018 0.0006891328 0.0002)
(0.00185 0.0006891328 0.0002)
(0.0019 0.0006891328 0.0002)
(0.00195 0.0006891328 0.0002)
(0.002 0.0006891328 0.0002)
(0.00205 0.0006891328 0.0002)
(0.0021 0.0006891328 0.0002)
(0.00215 0.0006891328 0.0002)
(0.0022 0.0006891328 0.0002)
(0.00225 0.0006891328 0.0002)
(0.0023 0.0006891328 0.0002)
(0.00235 0.0006891328 0.0002)
(0.0024 0.0006891328 0.0002)
(0.00245 0.0006891328 0.0002)
(0.0025 0.0006891328 0.0002)
(0.00255 0.0006891328 0.0002)
(0.0026 0.0006891328 0.0002)
(0.00265 0.0006891328 0.0002)
(0.0027 0.0006891328 0.0002)
(0.00275 0.0006891328 0.0002)
(0.0028 0.0006891328 0.0002)
(0.00285 0.0006891328 0.0002)
(0.0029 0.0006891328 0.0002)
(0.00295 0.0006891328 0.0002)
(0.003 0.0006891328 0.0002)
(0.00305 0.0006891328 0.0002)
(0.0031 0.0006891328 0.0002)
(0.00315 0.0006891328 0.0002)
(0.0032 0.0006891328 0.0002)
(0.00325 0.0006891328 0.0002)
(0.0033 0.0006891328 0.0002)
(0.00335 0.0006891328 0.0002)
(0.0034 0.0006891328 0.0002)
(0.00345 0.0006891328 0.0002)
(0.0035 0.0006891328 0.0002)
(0.00355 0.0006891328 0.0002)
(0.0036 0.0006891328 0.0002)
(0.00365 0.0006891328 0.0002)
(0.0037 0.0006891328 0.0002)
(0.00375 0.0006891328 0.0002)
(0.0038 0.0006891328 0.0002)
(0.00385 0.0006891328 0.0002)
(0.0039 0.0006891328 0.0002)
(0.00395 0.0006891328 0.0002)
(0.004 0.0006891328 0.0002)
(0.00405 0.0006891328 0.0002)
(0.0041 0.0006891328 0.0002)
(0.00415 0.0006891328 0.0002)
(0.0042 0.0006891328 0.0002)
(0.00425 0.0006891328 0.0002)
(0.0043 0.0006891328 0.0002)
(0.00435 0.0006891328 0.0002)
(0.0044 0.0006891328 0.0002)
(0.00445 0.0006891328 0.0002)
(0.0045 0.0006891328 0.0002)
(0.00455 0.0006891328 0.0002)
(0.0046 0.0006891328 0.0002)
(0.00465 0.0006891328 0.0002)
(0.0047 0.0006891328 0.0002)
(0.00475 0.0006891328 0.0002)
(0.0048 0.0006891328 0.0002)
(0.00485 0.0006891328 0.0002)
(0.0049 0.0006891328 0.0002)
(0.00495 0.0006891328 0.0002)
(0.005 0.0006891328 0.0002)
(0.00505 0.0006891328 0.0002)
(0.0051 0.0006891328 0.0002)
(0.00515 0.0006891328 0.0002)
(0.0052 0.0006891328 0.0002)
(0.00525 0.0006891328 0.0002)
(0.0053 0.0006891328 0.0002)
(0.00535 0.0006891328 0.0002)
(0.0054 0.0006891328 0.0002)
(0.00545 0.0006891328 0.0002)
(0.0055 0.0006891328 0.0002)
(0.00555 0.0006891328 0.0002)
(0.0056 0.0006891328 0.0002)
(0.00565 0.0006891328 0.0002)
(0.0057 0.0006891328 0.0002)
(0.00575 0.0006891328 0.0002)
(0.0058 0.0006891328 0.0002)
(0.00585 0.0006891328 0.0002)
(0.0059 0.0006891328 0.0002)
(0.00595 0.0006891328 0.0002)
(0.006 0.0006891328 0.0002)
(0.00605 0.0006891328 0.0002)
(0.0061 0.0006891328 0.0002)
(0.00615 0.0006891328 0.0002)
(0.0062 0.0006891328 0.0002)
(0.00625 0.0006891328 0.0002)
(0.0063 0.0006891328 0.0002)
(0.00635 0.0006891328 0.0002)
(0.0064 0.0006891328 0.0002)
(0.00645 0.0006891328 0.0002)
(0.0065 0.0006891328 0.0002)
(0.00655 0.0006891328 0.0002)
(0.0066 0.0006891328 0.0002)
(0.00665 0.0006891328 0.0002)
(0.0067 0.0006891328 0.0002)
(0.00675 0.0006891328 0.0002)
(0.0068 0.0006891328 0.0002)
(0.00685 0.0006891328 0.0002)
(0.0069 0.0006891328 0.0002)
(0.00695 0.0006891328 0.0002)
(0.007 0.0006891328 0.0002)
(0.00705 0.0006891328 0.0002)
(0.0071 0.0006891328 0.0002)
(0.00715 0.0006891328 0.0002)
(0.0072 0.0006891328 0.0002)
(0.00725 0.0006891328 0.0002)
(0.0073 0.0006891328 0.0002)
(0.00735 0.0006891328 0.0002)
(0.0074 0.0006891328 0.0002)
(0.00745 0.0006891328 0.0002)
(0.0075 0.0006891328 0.0002)
(0.00755 0.0006891328 0.0002)
(0.0076 0.0006891328 0.0002)
(0.00765 0.0006891328 0.0002)
(0.0077 0.0006891328 0.0002)
(0.00775 0.0006891328 0.0002)
(0.0078 0.0006891328 0.0002)
(0.00785 0.0006891328 0.0002)
(0.0079 0.0006891328 0.0002)
(0.00795 0.0006891328 0.0002)
(0.008 0.0006891328 0.0002)
(0.00805 0.0006891328 0.0002)
(0.0081 0.0006891328 0.0002)
(0.00815 0.0006891328 0.0002)
(0.0082 0.0006891328 0.0002)
(0.00825 0.0006891328 0.0002)
(0.0083 0.0006891328 0.0002)
(0.00835 0.0006891328 0.0002)
(0.0084 0.0006891328 0.0002)
(0.00845 0.0006891328 0.0002)
(0.0085 0.0006891328 0.0002)
(0.00855 0.0006891328 0.0002)
(0.0086 0.0006891328 0.0002)
(0.00865 0.0006891328 0.0002)
(0.0087 0.0006891328 0.0002)
(0.00875 0.0006891328 0.0002)
(0.0088 0.0006891328 0.0002)
(0.00885 0.0006891328 0.0002)
(0.0089 0.0006891328 0.0002)
(0.00895 0.0006891328 0.0002)
(0.009 0.0006891328 0.0002)
(0.00905 0.0006891328 0.0002)
(0.0091 0.0006891328 0.0002)
(0.00915 0.0006891328 0.0002)
(0.0092 0.0006891328 0.0002)
(0.00925 0.0006891328 0.0002)
(0.0093 0.0006891328 0.0002)
(0.00935 0.0006891328 0.0002)
(0.0094 0.0006891328 0.0002)
(0.00945 0.0006891328 0.0002)
(0.0095 0.0006891328 0.0002)
(0.00955 0.0006891328 0.0002)
(0.0096 0.0006891328 0.0002)
(0.00965 0.0006891328 0.0002)
(0.0097 0.0006891328 0.0002)
(0.00975 0.0006891328 0.0002)
(0.0098 0.0006891328 0.0002)
(0.00985 0.0006891328 0.0002)
(0.0099 0.0006891328 0.0002)
(0.00995 0.0006891328 0.0002)
(0.01 0.0006891328 0.0002)
(0 0.0007322036 0.0002)
(5e-05 0.0007322036 0.0002)
(0.0001 0.0007322036 0.0002)
(0.00015 0.0007322036 0.0002)
(0.0002 0.0007322036 0.0002)
(0.00025 0.0007322036 0.0002)
(0.0003 0.0007322036 0.0002)
(0.00035 0.0007322036 0.0002)
(0.0004 0.0007322036 0.0002)
(0.00045 0.0007322036 0.0002)
(0.0005 0.0007322036 0.0002)
(0.00055 0.0007322036 0.0002)
(0.0006 0.0007322036 0.0002)
(0.00065 0.0007322036 0.0002)
(0.0007 0.0007322036 0.0002)
(0.00075 0.0007322036 0.0002)
(0.0008 0.0007322036 0.0002)
(0.00085 0.0007322036 0.0002)
(0.0009 0.0007322036 0.0002)
(0.00095 0.0007322036 0.0002)
(0.001 0.0007322036 0.0002)
(0.00105 0.0007322036 0.0002)
(0.0011 0.0007322036 0.0002)
(0.00115 0.0007322036 0.0002)
(0.0012 0.0007322036 0.0002)
(0.00125 0.0007322036 0.0002)
(0.0013 0.0007322036 0.0002)
(0.00135 0.0007322036 0.0002)
(0.0014 0.0007322036 0.0002)
(0.00145 0.0007322036 0.0002)
(0.0015 0.0007322036 0.0002)
(0.00155 0.0007322036 0.0002)
(0.0016 0.0007322036 0.0002)
(0.00165 0.0007322036 0.0002)
(0.0017 0.0007322036 0.0002)
(0.00175 0.0007322036 0.0002)
(0.0018 0.0007322036 0.0002)
(0.00185 0.0007322036 0.0002)
(0.0019 0.0007322036 0.0002)
(0.00195 0.0007322036 0.0002)
(0.002 0.0007322036 0.0002)
(0.00205 0.0007322036 0.0002)
(0.0021 0.0007322036 0.0002)
(0.00215 0.0007322036 0.0002)
(0.0022 0.0007322036 0.0002)
(0.00225 0.0007322036 0.0002)
(0.0023 0.0007322036 0.0002)
(0.00235 0.0007322036 0.0002)
(0.0024 0.0007322036 0.0002)
(0.00245 0.0007322036 0.0002)
(0.0025 0.0007322036 0.0002)
(0.00255 0.0007322036 0.0002)
(0.0026 0.0007322036 0.0002)
(0.00265 0.0007322036 0.0002)
(0.0027 0.0007322036 0.0002)
(0.00275 0.0007322036 0.0002)
(0.0028 0.0007322036 0.0002)
(0.00285 0.0007322036 0.0002)
(0.0029 0.0007322036 0.0002)
(0.00295 0.0007322036 0.0002)
(0.003 0.0007322036 0.0002)
(0.00305 0.0007322036 0.0002)
(0.0031 0.0007322036 0.0002)
(0.00315 0.0007322036 0.0002)
(0.0032 0.0007322036 0.0002)
(0.00325 0.0007322036 0.0002)
(0.0033 0.0007322036 0.0002)
(0.00335 0.0007322036 0.0002)
(0.0034 0.0007322036 0.0002)
(0.00345 0.0007322036 0.0002)
(0.0035 0.0007322036 0.0002)
(0.00355 0.0007322036 0.0002)
(0.0036 0.0007322036 0.0002)
(0.00365 0.0007322036 0.0002)
(0.0037 0.0007322036 0.0002)
(0.00375 0.0007322036 0.0002)
(0.0038 0.0007322036 0.0002)
(0.00385 0.0007322036 0.0002)
(0.0039 0.0007322036 0.0002)
(0.00395 0.0007322036 0.0002)
(0.004 0.0007322036 0.0002)
(0.00405 0.0007322036 0.0002)
(0.0041 0.0007322036 0.0002)
(0.00415 0.0007322036 0.0002)
(0.0042 0.0007322036 0.0002)
(0.00425 0.0007322036 0.0002)
(0.0043 0.0007322036 0.0002)
(0.00435 0.0007322036 0.0002)
(0.0044 0.0007322036 0.0002)
(0.00445 0.0007322036 0.0002)
(0.0045 0.0007322036 0.0002)
(0.00455 0.0007322036 0.0002)
(0.0046 0.0007322036 0.0002)
(0.00465 0.0007322036 0.0002)
(0.0047 0.0007322036 0.0002)
(0.00475 0.0007322036 0.0002)
(0.0048 0.0007322036 0.0002)
(0.00485 0.0007322036 0.0002)
(0.0049 0.0007322036 0.0002)
(0.00495 0.0007322036 0.0002)
(0.005 0.0007322036 0.0002)
(0.00505 0.0007322036 0.0002)
(0.0051 0.0007322036 0.0002)
(0.00515 0.0007322036 0.0002)
(0.0052 0.0007322036 0.0002)
(0.00525 0.0007322036 0.0002)
(0.0053 0.0007322036 0.0002)
(0.00535 0.0007322036 0.0002)
(0.0054 0.0007322036 0.0002)
(0.00545 0.0007322036 0.0002)
(0.0055 0.0007322036 0.0002)
(0.00555 0.0007322036 0.0002)
(0.0056 0.0007322036 0.0002)
(0.00565 0.0007322036 0.0002)
(0.0057 0.0007322036 0.0002)
(0.00575 0.0007322036 0.0002)
(0.0058 0.0007322036 0.0002)
(0.00585 0.0007322036 0.0002)
(0.0059 0.0007322036 0.0002)
(0.00595 0.0007322036 0.0002)
(0.006 0.0007322036 0.0002)
(0.00605 0.0007322036 0.0002)
(0.0061 0.0007322036 0.0002)
(0.00615 0.0007322036 0.0002)
(0.0062 0.0007322036 0.0002)
(0.00625 0.0007322036 0.0002)
(0.0063 0.0007322036 0.0002)
(0.00635 0.0007322036 0.0002)
(0.0064 0.0007322036 0.0002)
(0.00645 0.0007322036 0.0002)
(0.0065 0.0007322036 0.0002)
(0.00655 0.0007322036 0.0002)
(0.0066 0.0007322036 0.0002)
(0.00665 0.0007322036 0.0002)
(0.0067 0.0007322036 0.0002)
(0.00675 0.0007322036 0.0002)
(0.0068 0.0007322036 0.0002)
(0.00685 0.0007322036 0.0002)
(0.0069 0.0007322036 0.0002)
(0.00695 0.0007322036 0.0002)
(0.007 0.0007322036 0.0002)
(0.00705 0.0007322036 0.0002)
(0.0071 0.0007322036 0.0002)
(0.00715 0.0007322036 0.0002)
(0.0072 0.0007322036 0.0002)
(0.00725 0.0007322036 0.0002)
(0.0073 0.0007322036 0.0002)
(0.00735 0.0007322036 0.0002)
(0.0074 0.0007322036 0.0002)
(0.00745 0.0007322036 0.0002)
(0.0075 0.0007322036 0.0002)
(0.00755 0.0007322036 0.0002)
(0.0076 0.0007322036 0.0002)
(0.00765 0.0007322036 0.0002)
(0.0077 0.0007322036 0.0002)
(0.00775 0.0007322036 0.0002)
(0.0078 0.0007322036 0.0002)
(0.00785 0.0007322036 0.0002)
(0.0079 0.0007322036 0.0002)
(0.00795 0.0007322036 0.0002)
(0.008 0.0007322036 0.0002)
(0.00805 0.0007322036 0.0002)
(0.0081 0.0007322036 0.0002)
(0.00815 0.0007322036 0.0002)
(0.0082 0.0007322036 0.0002)
(0.00825 0.0007322036 0.0002)
(0.0083 0.0007322036 0.0002)
(0.00835 0.0007322036 0.0002)
(0.0084 0.0007322036 0.0002)
(0.00845 0.0007322036 0.0002)
(0.0085 0.0007322036 0.0002)
(0.00855 0.0007322036 0.0002)
(0.0086 0.0007322036 0.0002)
(0.00865 0.0007322036 0.0002)
(0.0087 0.0007322036 0.0002)
(0.00875 0.0007322036 0.0002)
(0.0088 0.0007322036 0.0002)
(0.00885 0.0007322036 0.0002)
(0.0089 0.0007322036 0.0002)
(0.00895 0.0007322036 0.0002)
(0.009 0.0007322036 0.0002)
(0.00905 0.0007322036 0.0002)
(0.0091 0.0007322036 0.0002)
(0.00915 0.0007322036 0.0002)
(0.0092 0.0007322036 0.0002)
(0.00925 0.0007322036 0.0002)
(0.0093 0.0007322036 0.0002)
(0.00935 0.0007322036 0.0002)
(0.0094 0.0007322036 0.0002)
(0.00945 0.0007322036 0.0002)
(0.0095 0.0007322036 0.0002)
(0.00955 0.0007322036 0.0002)
(0.0096 0.0007322036 0.0002)
(0.00965 0.0007322036 0.0002)
(0.0097 0.0007322036 0.0002)
(0.00975 0.0007322036 0.0002)
(0.0098 0.0007322036 0.0002)
(0.00985 0.0007322036 0.0002)
(0.0099 0.0007322036 0.0002)
(0.00995 0.0007322036 0.0002)
(0.01 0.0007322036 0.0002)
(0 0.0007752744 0.0002)
(5e-05 0.0007752744 0.0002)
(0.0001 0.0007752744 0.0002)
(0.00015 0.0007752744 0.0002)
(0.0002 0.0007752744 0.0002)
(0.00025 0.0007752744 0.0002)
(0.0003 0.0007752744 0.0002)
(0.00035 0.0007752744 0.0002)
(0.0004 0.0007752744 0.0002)
(0.00045 0.0007752744 0.0002)
(0.0005 0.0007752744 0.0002)
(0.00055 0.0007752744 0.0002)
(0.0006 0.0007752744 0.0002)
(0.00065 0.0007752744 0.0002)
(0.0007 0.0007752744 0.0002)
(0.00075 0.0007752744 0.0002)
(0.0008 0.0007752744 0.0002)
(0.00085 0.0007752744 0.0002)
(0.0009 0.0007752744 0.0002)
(0.00095 0.0007752744 0.0002)
(0.001 0.0007752744 0.0002)
(0.00105 0.0007752744 0.0002)
(0.0011 0.0007752744 0.0002)
(0.00115 0.0007752744 0.0002)
(0.0012 0.0007752744 0.0002)
(0.00125 0.0007752744 0.0002)
(0.0013 0.0007752744 0.0002)
(0.00135 0.0007752744 0.0002)
(0.0014 0.0007752744 0.0002)
(0.00145 0.0007752744 0.0002)
(0.0015 0.0007752744 0.0002)
(0.00155 0.0007752744 0.0002)
(0.0016 0.0007752744 0.0002)
(0.00165 0.0007752744 0.0002)
(0.0017 0.0007752744 0.0002)
(0.00175 0.0007752744 0.0002)
(0.0018 0.0007752744 0.0002)
(0.00185 0.0007752744 0.0002)
(0.0019 0.0007752744 0.0002)
(0.00195 0.0007752744 0.0002)
(0.002 0.0007752744 0.0002)
(0.00205 0.0007752744 0.0002)
(0.0021 0.0007752744 0.0002)
(0.00215 0.0007752744 0.0002)
(0.0022 0.0007752744 0.0002)
(0.00225 0.0007752744 0.0002)
(0.0023 0.0007752744 0.0002)
(0.00235 0.0007752744 0.0002)
(0.0024 0.0007752744 0.0002)
(0.00245 0.0007752744 0.0002)
(0.0025 0.0007752744 0.0002)
(0.00255 0.0007752744 0.0002)
(0.0026 0.0007752744 0.0002)
(0.00265 0.0007752744 0.0002)
(0.0027 0.0007752744 0.0002)
(0.00275 0.0007752744 0.0002)
(0.0028 0.0007752744 0.0002)
(0.00285 0.0007752744 0.0002)
(0.0029 0.0007752744 0.0002)
(0.00295 0.0007752744 0.0002)
(0.003 0.0007752744 0.0002)
(0.00305 0.0007752744 0.0002)
(0.0031 0.0007752744 0.0002)
(0.00315 0.0007752744 0.0002)
(0.0032 0.0007752744 0.0002)
(0.00325 0.0007752744 0.0002)
(0.0033 0.0007752744 0.0002)
(0.00335 0.0007752744 0.0002)
(0.0034 0.0007752744 0.0002)
(0.00345 0.0007752744 0.0002)
(0.0035 0.0007752744 0.0002)
(0.00355 0.0007752744 0.0002)
(0.0036 0.0007752744 0.0002)
(0.00365 0.0007752744 0.0002)
(0.0037 0.0007752744 0.0002)
(0.00375 0.0007752744 0.0002)
(0.0038 0.0007752744 0.0002)
(0.00385 0.0007752744 0.0002)
(0.0039 0.0007752744 0.0002)
(0.00395 0.0007752744 0.0002)
(0.004 0.0007752744 0.0002)
(0.00405 0.0007752744 0.0002)
(0.0041 0.0007752744 0.0002)
(0.00415 0.0007752744 0.0002)
(0.0042 0.0007752744 0.0002)
(0.00425 0.0007752744 0.0002)
(0.0043 0.0007752744 0.0002)
(0.00435 0.0007752744 0.0002)
(0.0044 0.0007752744 0.0002)
(0.00445 0.0007752744 0.0002)
(0.0045 0.0007752744 0.0002)
(0.00455 0.0007752744 0.0002)
(0.0046 0.0007752744 0.0002)
(0.00465 0.0007752744 0.0002)
(0.0047 0.0007752744 0.0002)
(0.00475 0.0007752744 0.0002)
(0.0048 0.0007752744 0.0002)
(0.00485 0.0007752744 0.0002)
(0.0049 0.0007752744 0.0002)
(0.00495 0.0007752744 0.0002)
(0.005 0.0007752744 0.0002)
(0.00505 0.0007752744 0.0002)
(0.0051 0.0007752744 0.0002)
(0.00515 0.0007752744 0.0002)
(0.0052 0.0007752744 0.0002)
(0.00525 0.0007752744 0.0002)
(0.0053 0.0007752744 0.0002)
(0.00535 0.0007752744 0.0002)
(0.0054 0.0007752744 0.0002)
(0.00545 0.0007752744 0.0002)
(0.0055 0.0007752744 0.0002)
(0.00555 0.0007752744 0.0002)
(0.0056 0.0007752744 0.0002)
(0.00565 0.0007752744 0.0002)
(0.0057 0.0007752744 0.0002)
(0.00575 0.0007752744 0.0002)
(0.0058 0.0007752744 0.0002)
(0.00585 0.0007752744 0.0002)
(0.0059 0.0007752744 0.0002)
(0.00595 0.0007752744 0.0002)
(0.006 0.0007752744 0.0002)
(0.00605 0.0007752744 0.0002)
(0.0061 0.0007752744 0.0002)
(0.00615 0.0007752744 0.0002)
(0.0062 0.0007752744 0.0002)
(0.00625 0.0007752744 0.0002)
(0.0063 0.0007752744 0.0002)
(0.00635 0.0007752744 0.0002)
(0.0064 0.0007752744 0.0002)
(0.00645 0.0007752744 0.0002)
(0.0065 0.0007752744 0.0002)
(0.00655 0.0007752744 0.0002)
(0.0066 0.0007752744 0.0002)
(0.00665 0.0007752744 0.0002)
(0.0067 0.0007752744 0.0002)
(0.00675 0.0007752744 0.0002)
(0.0068 0.0007752744 0.0002)
(0.00685 0.0007752744 0.0002)
(0.0069 0.0007752744 0.0002)
(0.00695 0.0007752744 0.0002)
(0.007 0.0007752744 0.0002)
(0.00705 0.0007752744 0.0002)
(0.0071 0.0007752744 0.0002)
(0.00715 0.0007752744 0.0002)
(0.0072 0.0007752744 0.0002)
(0.00725 0.0007752744 0.0002)
(0.0073 0.0007752744 0.0002)
(0.00735 0.0007752744 0.0002)
(0.0074 0.0007752744 0.0002)
(0.00745 0.0007752744 0.0002)
(0.0075 0.0007752744 0.0002)
(0.00755 0.0007752744 0.0002)
(0.0076 0.0007752744 0.0002)
(0.00765 0.0007752744 0.0002)
(0.0077 0.0007752744 0.0002)
(0.00775 0.0007752744 0.0002)
(0.0078 0.0007752744 0.0002)
(0.00785 0.0007752744 0.0002)
(0.0079 0.0007752744 0.0002)
(0.00795 0.0007752744 0.0002)
(0.008 0.0007752744 0.0002)
(0.00805 0.0007752744 0.0002)
(0.0081 0.0007752744 0.0002)
(0.00815 0.0007752744 0.0002)
(0.0082 0.0007752744 0.0002)
(0.00825 0.0007752744 0.0002)
(0.0083 0.0007752744 0.0002)
(0.00835 0.0007752744 0.0002)
(0.0084 0.0007752744 0.0002)
(0.00845 0.0007752744 0.0002)
(0.0085 0.0007752744 0.0002)
(0.00855 0.0007752744 0.0002)
(0.0086 0.0007752744 0.0002)
(0.00865 0.0007752744 0.0002)
(0.0087 0.0007752744 0.0002)
(0.00875 0.0007752744 0.0002)
(0.0088 0.0007752744 0.0002)
(0.00885 0.0007752744 0.0002)
(0.0089 0.0007752744 0.0002)
(0.00895 0.0007752744 0.0002)
(0.009 0.0007752744 0.0002)
(0.00905 0.0007752744 0.0002)
(0.0091 0.0007752744 0.0002)
(0.00915 0.0007752744 0.0002)
(0.0092 0.0007752744 0.0002)
(0.00925 0.0007752744 0.0002)
(0.0093 0.0007752744 0.0002)
(0.00935 0.0007752744 0.0002)
(0.0094 0.0007752744 0.0002)
(0.00945 0.0007752744 0.0002)
(0.0095 0.0007752744 0.0002)
(0.00955 0.0007752744 0.0002)
(0.0096 0.0007752744 0.0002)
(0.00965 0.0007752744 0.0002)
(0.0097 0.0007752744 0.0002)
(0.00975 0.0007752744 0.0002)
(0.0098 0.0007752744 0.0002)
(0.00985 0.0007752744 0.0002)
(0.0099 0.0007752744 0.0002)
(0.00995 0.0007752744 0.0002)
(0.01 0.0007752744 0.0002)
(0 0.0008183452 0.0002)
(5e-05 0.0008183452 0.0002)
(0.0001 0.0008183452 0.0002)
(0.00015 0.0008183452 0.0002)
(0.0002 0.0008183452 0.0002)
(0.00025 0.0008183452 0.0002)
(0.0003 0.0008183452 0.0002)
(0.00035 0.0008183452 0.0002)
(0.0004 0.0008183452 0.0002)
(0.00045 0.0008183452 0.0002)
(0.0005 0.0008183452 0.0002)
(0.00055 0.0008183452 0.0002)
(0.0006 0.0008183452 0.0002)
(0.00065 0.0008183452 0.0002)
(0.0007 0.0008183452 0.0002)
(0.00075 0.0008183452 0.0002)
(0.0008 0.0008183452 0.0002)
(0.00085 0.0008183452 0.0002)
(0.0009 0.0008183452 0.0002)
(0.00095 0.0008183452 0.0002)
(0.001 0.0008183452 0.0002)
(0.00105 0.0008183452 0.0002)
(0.0011 0.0008183452 0.0002)
(0.00115 0.0008183452 0.0002)
(0.0012 0.0008183452 0.0002)
(0.00125 0.0008183452 0.0002)
(0.0013 0.0008183452 0.0002)
(0.00135 0.0008183452 0.0002)
(0.0014 0.0008183452 0.0002)
(0.00145 0.0008183452 0.0002)
(0.0015 0.0008183452 0.0002)
(0.00155 0.0008183452 0.0002)
(0.0016 0.0008183452 0.0002)
(0.00165 0.0008183452 0.0002)
(0.0017 0.0008183452 0.0002)
(0.00175 0.0008183452 0.0002)
(0.0018 0.0008183452 0.0002)
(0.00185 0.0008183452 0.0002)
(0.0019 0.0008183452 0.0002)
(0.00195 0.0008183452 0.0002)
(0.002 0.0008183452 0.0002)
(0.00205 0.0008183452 0.0002)
(0.0021 0.0008183452 0.0002)
(0.00215 0.0008183452 0.0002)
(0.0022 0.0008183452 0.0002)
(0.00225 0.0008183452 0.0002)
(0.0023 0.0008183452 0.0002)
(0.00235 0.0008183452 0.0002)
(0.0024 0.0008183452 0.0002)
(0.00245 0.0008183452 0.0002)
(0.0025 0.0008183452 0.0002)
(0.00255 0.0008183452 0.0002)
(0.0026 0.0008183452 0.0002)
(0.00265 0.0008183452 0.0002)
(0.0027 0.0008183452 0.0002)
(0.00275 0.0008183452 0.0002)
(0.0028 0.0008183452 0.0002)
(0.00285 0.0008183452 0.0002)
(0.0029 0.0008183452 0.0002)
(0.00295 0.0008183452 0.0002)
(0.003 0.0008183452 0.0002)
(0.00305 0.0008183452 0.0002)
(0.0031 0.0008183452 0.0002)
(0.00315 0.0008183452 0.0002)
(0.0032 0.0008183452 0.0002)
(0.00325 0.0008183452 0.0002)
(0.0033 0.0008183452 0.0002)
(0.00335 0.0008183452 0.0002)
(0.0034 0.0008183452 0.0002)
(0.00345 0.0008183452 0.0002)
(0.0035 0.0008183452 0.0002)
(0.00355 0.0008183452 0.0002)
(0.0036 0.0008183452 0.0002)
(0.00365 0.0008183452 0.0002)
(0.0037 0.0008183452 0.0002)
(0.00375 0.0008183452 0.0002)
(0.0038 0.0008183452 0.0002)
(0.00385 0.0008183452 0.0002)
(0.0039 0.0008183452 0.0002)
(0.00395 0.0008183452 0.0002)
(0.004 0.0008183452 0.0002)
(0.00405 0.0008183452 0.0002)
(0.0041 0.0008183452 0.0002)
(0.00415 0.0008183452 0.0002)
(0.0042 0.0008183452 0.0002)
(0.00425 0.0008183452 0.0002)
(0.0043 0.0008183452 0.0002)
(0.00435 0.0008183452 0.0002)
(0.0044 0.0008183452 0.0002)
(0.00445 0.0008183452 0.0002)
(0.0045 0.0008183452 0.0002)
(0.00455 0.0008183452 0.0002)
(0.0046 0.0008183452 0.0002)
(0.00465 0.0008183452 0.0002)
(0.0047 0.0008183452 0.0002)
(0.00475 0.0008183452 0.0002)
(0.0048 0.0008183452 0.0002)
(0.00485 0.0008183452 0.0002)
(0.0049 0.0008183452 0.0002)
(0.00495 0.0008183452 0.0002)
(0.005 0.0008183452 0.0002)
(0.00505 0.0008183452 0.0002)
(0.0051 0.0008183452 0.0002)
(0.00515 0.0008183452 0.0002)
(0.0052 0.0008183452 0.0002)
(0.00525 0.0008183452 0.0002)
(0.0053 0.0008183452 0.0002)
(0.00535 0.0008183452 0.0002)
(0.0054 0.0008183452 0.0002)
(0.00545 0.0008183452 0.0002)
(0.0055 0.0008183452 0.0002)
(0.00555 0.0008183452 0.0002)
(0.0056 0.0008183452 0.0002)
(0.00565 0.0008183452 0.0002)
(0.0057 0.0008183452 0.0002)
(0.00575 0.0008183452 0.0002)
(0.0058 0.0008183452 0.0002)
(0.00585 0.0008183452 0.0002)
(0.0059 0.0008183452 0.0002)
(0.00595 0.0008183452 0.0002)
(0.006 0.0008183452 0.0002)
(0.00605 0.0008183452 0.0002)
(0.0061 0.0008183452 0.0002)
(0.00615 0.0008183452 0.0002)
(0.0062 0.0008183452 0.0002)
(0.00625 0.0008183452 0.0002)
(0.0063 0.0008183452 0.0002)
(0.00635 0.0008183452 0.0002)
(0.0064 0.0008183452 0.0002)
(0.00645 0.0008183452 0.0002)
(0.0065 0.0008183452 0.0002)
(0.00655 0.0008183452 0.0002)
(0.0066 0.0008183452 0.0002)
(0.00665 0.0008183452 0.0002)
(0.0067 0.0008183452 0.0002)
(0.00675 0.0008183452 0.0002)
(0.0068 0.0008183452 0.0002)
(0.00685 0.0008183452 0.0002)
(0.0069 0.0008183452 0.0002)
(0.00695 0.0008183452 0.0002)
(0.007 0.0008183452 0.0002)
(0.00705 0.0008183452 0.0002)
(0.0071 0.0008183452 0.0002)
(0.00715 0.0008183452 0.0002)
(0.0072 0.0008183452 0.0002)
(0.00725 0.0008183452 0.0002)
(0.0073 0.0008183452 0.0002)
(0.00735 0.0008183452 0.0002)
(0.0074 0.0008183452 0.0002)
(0.00745 0.0008183452 0.0002)
(0.0075 0.0008183452 0.0002)
(0.00755 0.0008183452 0.0002)
(0.0076 0.0008183452 0.0002)
(0.00765 0.0008183452 0.0002)
(0.0077 0.0008183452 0.0002)
(0.00775 0.0008183452 0.0002)
(0.0078 0.0008183452 0.0002)
(0.00785 0.0008183452 0.0002)
(0.0079 0.0008183452 0.0002)
(0.00795 0.0008183452 0.0002)
(0.008 0.0008183452 0.0002)
(0.00805 0.0008183452 0.0002)
(0.0081 0.0008183452 0.0002)
(0.00815 0.0008183452 0.0002)
(0.0082 0.0008183452 0.0002)
(0.00825 0.0008183452 0.0002)
(0.0083 0.0008183452 0.0002)
(0.00835 0.0008183452 0.0002)
(0.0084 0.0008183452 0.0002)
(0.00845 0.0008183452 0.0002)
(0.0085 0.0008183452 0.0002)
(0.00855 0.0008183452 0.0002)
(0.0086 0.0008183452 0.0002)
(0.00865 0.0008183452 0.0002)
(0.0087 0.0008183452 0.0002)
(0.00875 0.0008183452 0.0002)
(0.0088 0.0008183452 0.0002)
(0.00885 0.0008183452 0.0002)
(0.0089 0.0008183452 0.0002)
(0.00895 0.0008183452 0.0002)
(0.009 0.0008183452 0.0002)
(0.00905 0.0008183452 0.0002)
(0.0091 0.0008183452 0.0002)
(0.00915 0.0008183452 0.0002)
(0.0092 0.0008183452 0.0002)
(0.00925 0.0008183452 0.0002)
(0.0093 0.0008183452 0.0002)
(0.00935 0.0008183452 0.0002)
(0.0094 0.0008183452 0.0002)
(0.00945 0.0008183452 0.0002)
(0.0095 0.0008183452 0.0002)
(0.00955 0.0008183452 0.0002)
(0.0096 0.0008183452 0.0002)
(0.00965 0.0008183452 0.0002)
(0.0097 0.0008183452 0.0002)
(0.00975 0.0008183452 0.0002)
(0.0098 0.0008183452 0.0002)
(0.00985 0.0008183452 0.0002)
(0.0099 0.0008183452 0.0002)
(0.00995 0.0008183452 0.0002)
(0.01 0.0008183452 0.0002)
(0 0.000861416 0.0002)
(5e-05 0.000861416 0.0002)
(0.0001 0.000861416 0.0002)
(0.00015 0.000861416 0.0002)
(0.0002 0.000861416 0.0002)
(0.00025 0.000861416 0.0002)
(0.0003 0.000861416 0.0002)
(0.00035 0.000861416 0.0002)
(0.0004 0.000861416 0.0002)
(0.00045 0.000861416 0.0002)
(0.0005 0.000861416 0.0002)
(0.00055 0.000861416 0.0002)
(0.0006 0.000861416 0.0002)
(0.00065 0.000861416 0.0002)
(0.0007 0.000861416 0.0002)
(0.00075 0.000861416 0.0002)
(0.0008 0.000861416 0.0002)
(0.00085 0.000861416 0.0002)
(0.0009 0.000861416 0.0002)
(0.00095 0.000861416 0.0002)
(0.001 0.000861416 0.0002)
(0.00105 0.000861416 0.0002)
(0.0011 0.000861416 0.0002)
(0.00115 0.000861416 0.0002)
(0.0012 0.000861416 0.0002)
(0.00125 0.000861416 0.0002)
(0.0013 0.000861416 0.0002)
(0.00135 0.000861416 0.0002)
(0.0014 0.000861416 0.0002)
(0.00145 0.000861416 0.0002)
(0.0015 0.000861416 0.0002)
(0.00155 0.000861416 0.0002)
(0.0016 0.000861416 0.0002)
(0.00165 0.000861416 0.0002)
(0.0017 0.000861416 0.0002)
(0.00175 0.000861416 0.0002)
(0.0018 0.000861416 0.0002)
(0.00185 0.000861416 0.0002)
(0.0019 0.000861416 0.0002)
(0.00195 0.000861416 0.0002)
(0.002 0.000861416 0.0002)
(0.00205 0.000861416 0.0002)
(0.0021 0.000861416 0.0002)
(0.00215 0.000861416 0.0002)
(0.0022 0.000861416 0.0002)
(0.00225 0.000861416 0.0002)
(0.0023 0.000861416 0.0002)
(0.00235 0.000861416 0.0002)
(0.0024 0.000861416 0.0002)
(0.00245 0.000861416 0.0002)
(0.0025 0.000861416 0.0002)
(0.00255 0.000861416 0.0002)
(0.0026 0.000861416 0.0002)
(0.00265 0.000861416 0.0002)
(0.0027 0.000861416 0.0002)
(0.00275 0.000861416 0.0002)
(0.0028 0.000861416 0.0002)
(0.00285 0.000861416 0.0002)
(0.0029 0.000861416 0.0002)
(0.00295 0.000861416 0.0002)
(0.003 0.000861416 0.0002)
(0.00305 0.000861416 0.0002)
(0.0031 0.000861416 0.0002)
(0.00315 0.000861416 0.0002)
(0.0032 0.000861416 0.0002)
(0.00325 0.000861416 0.0002)
(0.0033 0.000861416 0.0002)
(0.00335 0.000861416 0.0002)
(0.0034 0.000861416 0.0002)
(0.00345 0.000861416 0.0002)
(0.0035 0.000861416 0.0002)
(0.00355 0.000861416 0.0002)
(0.0036 0.000861416 0.0002)
(0.00365 0.000861416 0.0002)
(0.0037 0.000861416 0.0002)
(0.00375 0.000861416 0.0002)
(0.0038 0.000861416 0.0002)
(0.00385 0.000861416 0.0002)
(0.0039 0.000861416 0.0002)
(0.00395 0.000861416 0.0002)
(0.004 0.000861416 0.0002)
(0.00405 0.000861416 0.0002)
(0.0041 0.000861416 0.0002)
(0.00415 0.000861416 0.0002)
(0.0042 0.000861416 0.0002)
(0.00425 0.000861416 0.0002)
(0.0043 0.000861416 0.0002)
(0.00435 0.000861416 0.0002)
(0.0044 0.000861416 0.0002)
(0.00445 0.000861416 0.0002)
(0.0045 0.000861416 0.0002)
(0.00455 0.000861416 0.0002)
(0.0046 0.000861416 0.0002)
(0.00465 0.000861416 0.0002)
(0.0047 0.000861416 0.0002)
(0.00475 0.000861416 0.0002)
(0.0048 0.000861416 0.0002)
(0.00485 0.000861416 0.0002)
(0.0049 0.000861416 0.0002)
(0.00495 0.000861416 0.0002)
(0.005 0.000861416 0.0002)
(0.00505 0.000861416 0.0002)
(0.0051 0.000861416 0.0002)
(0.00515 0.000861416 0.0002)
(0.0052 0.000861416 0.0002)
(0.00525 0.000861416 0.0002)
(0.0053 0.000861416 0.0002)
(0.00535 0.000861416 0.0002)
(0.0054 0.000861416 0.0002)
(0.00545 0.000861416 0.0002)
(0.0055 0.000861416 0.0002)
(0.00555 0.000861416 0.0002)
(0.0056 0.000861416 0.0002)
(0.00565 0.000861416 0.0002)
(0.0057 0.000861416 0.0002)
(0.00575 0.000861416 0.0002)
(0.0058 0.000861416 0.0002)
(0.00585 0.000861416 0.0002)
(0.0059 0.000861416 0.0002)
(0.00595 0.000861416 0.0002)
(0.006 0.000861416 0.0002)
(0.00605 0.000861416 0.0002)
(0.0061 0.000861416 0.0002)
(0.00615 0.000861416 0.0002)
(0.0062 0.000861416 0.0002)
(0.00625 0.000861416 0.0002)
(0.0063 0.000861416 0.0002)
(0.00635 0.000861416 0.0002)
(0.0064 0.000861416 0.0002)
(0.00645 0.000861416 0.0002)
(0.0065 0.000861416 0.0002)
(0.00655 0.000861416 0.0002)
(0.0066 0.000861416 0.0002)
(0.00665 0.000861416 0.0002)
(0.0067 0.000861416 0.0002)
(0.00675 0.000861416 0.0002)
(0.0068 0.000861416 0.0002)
(0.00685 0.000861416 0.0002)
(0.0069 0.000861416 0.0002)
(0.00695 0.000861416 0.0002)
(0.007 0.000861416 0.0002)
(0.00705 0.000861416 0.0002)
(0.0071 0.000861416 0.0002)
(0.00715 0.000861416 0.0002)
(0.0072 0.000861416 0.0002)
(0.00725 0.000861416 0.0002)
(0.0073 0.000861416 0.0002)
(0.00735 0.000861416 0.0002)
(0.0074 0.000861416 0.0002)
(0.00745 0.000861416 0.0002)
(0.0075 0.000861416 0.0002)
(0.00755 0.000861416 0.0002)
(0.0076 0.000861416 0.0002)
(0.00765 0.000861416 0.0002)
(0.0077 0.000861416 0.0002)
(0.00775 0.000861416 0.0002)
(0.0078 0.000861416 0.0002)
(0.00785 0.000861416 0.0002)
(0.0079 0.000861416 0.0002)
(0.00795 0.000861416 0.0002)
(0.008 0.000861416 0.0002)
(0.00805 0.000861416 0.0002)
(0.0081 0.000861416 0.0002)
(0.00815 0.000861416 0.0002)
(0.0082 0.000861416 0.0002)
(0.00825 0.000861416 0.0002)
(0.0083 0.000861416 0.0002)
(0.00835 0.000861416 0.0002)
(0.0084 0.000861416 0.0002)
(0.00845 0.000861416 0.0002)
(0.0085 0.000861416 0.0002)
(0.00855 0.000861416 0.0002)
(0.0086 0.000861416 0.0002)
(0.00865 0.000861416 0.0002)
(0.0087 0.000861416 0.0002)
(0.00875 0.000861416 0.0002)
(0.0088 0.000861416 0.0002)
(0.00885 0.000861416 0.0002)
(0.0089 0.000861416 0.0002)
(0.00895 0.000861416 0.0002)
(0.009 0.000861416 0.0002)
(0.00905 0.000861416 0.0002)
(0.0091 0.000861416 0.0002)
(0.00915 0.000861416 0.0002)
(0.0092 0.000861416 0.0002)
(0.00925 0.000861416 0.0002)
(0.0093 0.000861416 0.0002)
(0.00935 0.000861416 0.0002)
(0.0094 0.000861416 0.0002)
(0.00945 0.000861416 0.0002)
(0.0095 0.000861416 0.0002)
(0.00955 0.000861416 0.0002)
(0.0096 0.000861416 0.0002)
(0.00965 0.000861416 0.0002)
(0.0097 0.000861416 0.0002)
(0.00975 0.000861416 0.0002)
(0.0098 0.000861416 0.0002)
(0.00985 0.000861416 0.0002)
(0.0099 0.000861416 0.0002)
(0.00995 0.000861416 0.0002)
(0.01 0.000861416 0.0002)
(0 0.0009044868 0)
(5e-05 0.0009044868 0)
(0.0001 0.0009044868 0)
(0.00015 0.0009044868 0)
(0.0002 0.0009044868 0)
(0.00025 0.0009044868 0)
(0.0003 0.0009044868 0)
(0.00035 0.0009044868 0)
(0.0004 0.0009044868 0)
(0.00045 0.0009044868 0)
(0.0005 0.0009044868 0)
(0.00055 0.0009044868 0)
(0.0006 0.0009044868 0)
(0.00065 0.0009044868 0)
(0.0007 0.0009044868 0)
(0.00075 0.0009044868 0)
(0.0008 0.0009044868 0)
(0.00085 0.0009044868 0)
(0.0009 0.0009044868 0)
(0.00095 0.0009044868 0)
(0.001 0.0009044868 0)
(0.00105 0.0009044868 0)
(0.0011 0.0009044868 0)
(0.00115 0.0009044868 0)
(0.0012 0.0009044868 0)
(0.00125 0.0009044868 0)
(0.0013 0.0009044868 0)
(0.00135 0.0009044868 0)
(0.0014 0.0009044868 0)
(0.00145 0.0009044868 0)
(0.0015 0.0009044868 0)
(0.00155 0.0009044868 0)
(0.0016 0.0009044868 0)
(0.00165 0.0009044868 0)
(0.0017 0.0009044868 0)
(0.00175 0.0009044868 0)
(0.0018 0.0009044868 0)
(0.00185 0.0009044868 0)
(0.0019 0.0009044868 0)
(0.00195 0.0009044868 0)
(0.002 0.0009044868 0)
(0.00205 0.0009044868 0)
(0.0021 0.0009044868 0)
(0.00215 0.0009044868 0)
(0.0022 0.0009044868 0)
(0.00225 0.0009044868 0)
(0.0023 0.0009044868 0)
(0.00235 0.0009044868 0)
(0.0024 0.0009044868 0)
(0.00245 0.0009044868 0)
(0.0025 0.0009044868 0)
(0.00255 0.0009044868 0)
(0.0026 0.0009044868 0)
(0.00265 0.0009044868 0)
(0.0027 0.0009044868 0)
(0.00275 0.0009044868 0)
(0.0028 0.0009044868 0)
(0.00285 0.0009044868 0)
(0.0029 0.0009044868 0)
(0.00295 0.0009044868 0)
(0.003 0.0009044868 0)
(0.00305 0.0009044868 0)
(0.0031 0.0009044868 0)
(0.00315 0.0009044868 0)
(0.0032 0.0009044868 0)
(0.00325 0.0009044868 0)
(0.0033 0.0009044868 0)
(0.00335 0.0009044868 0)
(0.0034 0.0009044868 0)
(0.00345 0.0009044868 0)
(0.0035 0.0009044868 0)
(0.00355 0.0009044868 0)
(0.0036 0.0009044868 0)
(0.00365 0.0009044868 0)
(0.0037 0.0009044868 0)
(0.00375 0.0009044868 0)
(0.0038 0.0009044868 0)
(0.00385 0.0009044868 0)
(0.0039 0.0009044868 0)
(0.00395 0.0009044868 0)
(0.004 0.0009044868 0)
(0.00405 0.0009044868 0)
(0.0041 0.0009044868 0)
(0.00415 0.0009044868 0)
(0.0042 0.0009044868 0)
(0.00425 0.0009044868 0)
(0.0043 0.0009044868 0)
(0.00435 0.0009044868 0)
(0.0044 0.0009044868 0)
(0.00445 0.0009044868 0)
(0.0045 0.0009044868 0)
(0.00455 0.0009044868 0)
(0.0046 0.0009044868 0)
(0.00465 0.0009044868 0)
(0.0047 0.0009044868 0)
(0.00475 0.0009044868 0)
(0.0048 0.0009044868 0)
(0.00485 0.0009044868 0)
(0.0049 0.0009044868 0)
(0.00495 0.0009044868 0)
(0.005 0.0009044868 0)
(0.00505 0.0009044868 0)
(0.0051 0.0009044868 0)
(0.00515 0.0009044868 0)
(0.0052 0.0009044868 0)
(0.00525 0.0009044868 0)
(0.0053 0.0009044868 0)
(0.00535 0.0009044868 0)
(0.0054 0.0009044868 0)
(0.00545 0.0009044868 0)
(0.0055 0.0009044868 0)
(0.00555 0.0009044868 0)
(0.0056 0.0009044868 0)
(0.00565 0.0009044868 0)
(0.0057 0.0009044868 0)
(0.00575 0.0009044868 0)
(0.0058 0.0009044868 0)
(0.00585 0.0009044868 0)
(0.0059 0.0009044868 0)
(0.00595 0.0009044868 0)
(0.006 0.0009044868 0)
(0.00605 0.0009044868 0)
(0.0061 0.0009044868 0)
(0.00615 0.0009044868 0)
(0.0062 0.0009044868 0)
(0.00625 0.0009044868 0)
(0.0063 0.0009044868 0)
(0.00635 0.0009044868 0)
(0.0064 0.0009044868 0)
(0.00645 0.0009044868 0)
(0.0065 0.0009044868 0)
(0.00655 0.0009044868 0)
(0.0066 0.0009044868 0)
(0.00665 0.0009044868 0)
(0.0067 0.0009044868 0)
(0.00675 0.0009044868 0)
(0.0068 0.0009044868 0)
(0.00685 0.0009044868 0)
(0.0069 0.0009044868 0)
(0.00695 0.0009044868 0)
(0.007 0.0009044868 0)
(0.00705 0.0009044868 0)
(0.0071 0.0009044868 0)
(0.00715 0.0009044868 0)
(0.0072 0.0009044868 0)
(0.00725 0.0009044868 0)
(0.0073 0.0009044868 0)
(0.00735 0.0009044868 0)
(0.0074 0.0009044868 0)
(0.00745 0.0009044868 0)
(0.0075 0.0009044868 0)
(0.00755 0.0009044868 0)
(0.0076 0.0009044868 0)
(0.00765 0.0009044868 0)
(0.0077 0.0009044868 0)
(0.00775 0.0009044868 0)
(0.0078 0.0009044868 0)
(0.00785 0.0009044868 0)
(0.0079 0.0009044868 0)
(0.00795 0.0009044868 0)
(0.008 0.0009044868 0)
(0.00805 0.0009044868 0)
(0.0081 0.0009044868 0)
(0.00815 0.0009044868 0)
(0.0082 0.0009044868 0)
(0.00825 0.0009044868 0)
(0.0083 0.0009044868 0)
(0.00835 0.0009044868 0)
(0.0084 0.0009044868 0)
(0.00845 0.0009044868 0)
(0.0085 0.0009044868 0)
(0.00855 0.0009044868 0)
(0.0086 0.0009044868 0)
(0.00865 0.0009044868 0)
(0.0087 0.0009044868 0)
(0.00875 0.0009044868 0)
(0.0088 0.0009044868 0)
(0.00885 0.0009044868 0)
(0.0089 0.0009044868 0)
(0.00895 0.0009044868 0)
(0.009 0.0009044868 0)
(0.00905 0.0009044868 0)
(0.0091 0.0009044868 0)
(0.00915 0.0009044868 0)
(0.0092 0.0009044868 0)
(0.00925 0.0009044868 0)
(0.0093 0.0009044868 0)
(0.00935 0.0009044868 0)
(0.0094 0.0009044868 0)
(0.00945 0.0009044868 0)
(0.0095 0.0009044868 0)
(0.00955 0.0009044868 0)
(0.0096 0.0009044868 0)
(0.00965 0.0009044868 0)
(0.0097 0.0009044868 0)
(0.00975 0.0009044868 0)
(0.0098 0.0009044868 0)
(0.00985 0.0009044868 0)
(0.0099 0.0009044868 0)
(0.00995 0.0009044868 0)
(0.01 0.0009044868 0)
(0 0.0009475576 0)
(5e-05 0.0009475576 0)
(0.0001 0.0009475576 0)
(0.00015 0.0009475576 0)
(0.0002 0.0009475576 0)
(0.00025 0.0009475576 0)
(0.0003 0.0009475576 0)
(0.00035 0.0009475576 0)
(0.0004 0.0009475576 0)
(0.00045 0.0009475576 0)
(0.0005 0.0009475576 0)
(0.00055 0.0009475576 0)
(0.0006 0.0009475576 0)
(0.00065 0.0009475576 0)
(0.0007 0.0009475576 0)
(0.00075 0.0009475576 0)
(0.0008 0.0009475576 0)
(0.00085 0.0009475576 0)
(0.0009 0.0009475576 0)
(0.00095 0.0009475576 0)
(0.001 0.0009475576 0)
(0.00105 0.0009475576 0)
(0.0011 0.0009475576 0)
(0.00115 0.0009475576 0)
(0.0012 0.0009475576 0)
(0.00125 0.0009475576 0)
(0.0013 0.0009475576 0)
(0.00135 0.0009475576 0)
(0.0014 0.0009475576 0)
(0.00145 0.0009475576 0)
(0.0015 0.0009475576 0)
(0.00155 0.0009475576 0)
(0.0016 0.0009475576 0)
(0.00165 0.0009475576 0)
(0.0017 0.0009475576 0)
(0.00175 0.0009475576 0)
(0.0018 0.0009475576 0)
(0.00185 0.0009475576 0)
(0.0019 0.0009475576 0)
(0.00195 0.0009475576 0)
(0.002 0.0009475576 0)
(0.00205 0.0009475576 0)
(0.0021 0.0009475576 0)
(0.00215 0.0009475576 0)
(0.0022 0.0009475576 0)
(0.00225 0.0009475576 0)
(0.0023 0.0009475576 0)
(0.00235 0.0009475576 0)
(0.0024 0.0009475576 0)
(0.00245 0.0009475576 0)
(0.0025 0.0009475576 0)
(0.00255 0.0009475576 0)
(0.0026 0.0009475576 0)
(0.00265 0.0009475576 0)
(0.0027 0.0009475576 0)
(0.00275 0.0009475576 0)
(0.0028 0.0009475576 0)
(0.00285 0.0009475576 0)
(0.0029 0.0009475576 0)
(0.00295 0.0009475576 0)
(0.003 0.0009475576 0)
(0.00305 0.0009475576 0)
(0.0031 0.0009475576 0)
(0.00315 0.0009475576 0)
(0.0032 0.0009475576 0)
(0.00325 0.0009475576 0)
(0.0033 0.0009475576 0)
(0.00335 0.0009475576 0)
(0.0034 0.0009475576 0)
(0.00345 0.0009475576 0)
(0.0035 0.0009475576 0)
(0.00355 0.0009475576 0)
(0.0036 0.0009475576 0)
(0.00365 0.0009475576 0)
(0.0037 0.0009475576 0)
(0.00375 0.0009475576 0)
(0.0038 0.0009475576 0)
(0.00385 0.0009475576 0)
(0.0039 0.0009475576 0)
(0.00395 0.0009475576 0)
(0.004 0.0009475576 0)
(0.00405 0.0009475576 0)
(0.0041 0.0009475576 0)
(0.00415 0.0009475576 0)
(0.0042 0.0009475576 0)
(0.00425 0.0009475576 0)
(0.0043 0.0009475576 0)
(0.00435 0.0009475576 0)
(0.0044 0.0009475576 0)
(0.00445 0.0009475576 0)
(0.0045 0.0009475576 0)
(0.00455 0.0009475576 0)
(0.0046 0.0009475576 0)
(0.00465 0.0009475576 0)
(0.0047 0.0009475576 0)
(0.00475 0.0009475576 0)
(0.0048 0.0009475576 0)
(0.00485 0.0009475576 0)
(0.0049 0.0009475576 0)
(0.00495 0.0009475576 0)
(0.005 0.0009475576 0)
(0.00505 0.0009475576 0)
(0.0051 0.0009475576 0)
(0.00515 0.0009475576 0)
(0.0052 0.0009475576 0)
(0.00525 0.0009475576 0)
(0.0053 0.0009475576 0)
(0.00535 0.0009475576 0)
(0.0054 0.0009475576 0)
(0.00545 0.0009475576 0)
(0.0055 0.0009475576 0)
(0.00555 0.0009475576 0)
(0.0056 0.0009475576 0)
(0.00565 0.0009475576 0)
(0.0057 0.0009475576 0)
(0.00575 0.0009475576 0)
(0.0058 0.0009475576 0)
(0.00585 0.0009475576 0)
(0.0059 0.0009475576 0)
(0.00595 0.0009475576 0)
(0.006 0.0009475576 0)
(0.00605 0.0009475576 0)
(0.0061 0.0009475576 0)
(0.00615 0.0009475576 0)
(0.0062 0.0009475576 0)
(0.00625 0.0009475576 0)
(0.0063 0.0009475576 0)
(0.00635 0.0009475576 0)
(0.0064 0.0009475576 0)
(0.00645 0.0009475576 0)
(0.0065 0.0009475576 0)
(0.00655 0.0009475576 0)
(0.0066 0.0009475576 0)
(0.00665 0.0009475576 0)
(0.0067 0.0009475576 0)
(0.00675 0.0009475576 0)
(0.0068 0.0009475576 0)
(0.00685 0.0009475576 0)
(0.0069 0.0009475576 0)
(0.00695 0.0009475576 0)
(0.007 0.0009475576 0)
(0.00705 0.0009475576 0)
(0.0071 0.0009475576 0)
(0.00715 0.0009475576 0)
(0.0072 0.0009475576 0)
(0.00725 0.0009475576 0)
(0.0073 0.0009475576 0)
(0.00735 0.0009475576 0)
(0.0074 0.0009475576 0)
(0.00745 0.0009475576 0)
(0.0075 0.0009475576 0)
(0.00755 0.0009475576 0)
(0.0076 0.0009475576 0)
(0.00765 0.0009475576 0)
(0.0077 0.0009475576 0)
(0.00775 0.0009475576 0)
(0.0078 0.0009475576 0)
(0.00785 0.0009475576 0)
(0.0079 0.0009475576 0)
(0.00795 0.0009475576 0)
(0.008 0.0009475576 0)
(0.00805 0.0009475576 0)
(0.0081 0.0009475576 0)
(0.00815 0.0009475576 0)
(0.0082 0.0009475576 0)
(0.00825 0.0009475576 0)
(0.0083 0.0009475576 0)
(0.00835 0.0009475576 0)
(0.0084 0.0009475576 0)
(0.00845 0.0009475576 0)
(0.0085 0.0009475576 0)
(0.00855 0.0009475576 0)
(0.0086 0.0009475576 0)
(0.00865 0.0009475576 0)
(0.0087 0.0009475576 0)
(0.00875 0.0009475576 0)
(0.0088 0.0009475576 0)
(0.00885 0.0009475576 0)
(0.0089 0.0009475576 0)
(0.00895 0.0009475576 0)
(0.009 0.0009475576 0)
(0.00905 0.0009475576 0)
(0.0091 0.0009475576 0)
(0.00915 0.0009475576 0)
(0.0092 0.0009475576 0)
(0.00925 0.0009475576 0)
(0.0093 0.0009475576 0)
(0.00935 0.0009475576 0)
(0.0094 0.0009475576 0)
(0.00945 0.0009475576 0)
(0.0095 0.0009475576 0)
(0.00955 0.0009475576 0)
(0.0096 0.0009475576 0)
(0.00965 0.0009475576 0)
(0.0097 0.0009475576 0)
(0.00975 0.0009475576 0)
(0.0098 0.0009475576 0)
(0.00985 0.0009475576 0)
(0.0099 0.0009475576 0)
(0.00995 0.0009475576 0)
(0.01 0.0009475576 0)
(0 0.0009906284 0)
(5e-05 0.0009906284 0)
(0.0001 0.0009906284 0)
(0.00015 0.0009906284 0)
(0.0002 0.0009906284 0)
(0.00025 0.0009906284 0)
(0.0003 0.0009906284 0)
(0.00035 0.0009906284 0)
(0.0004 0.0009906284 0)
(0.00045 0.0009906284 0)
(0.0005 0.0009906284 0)
(0.00055 0.0009906284 0)
(0.0006 0.0009906284 0)
(0.00065 0.0009906284 0)
(0.0007 0.0009906284 0)
(0.00075 0.0009906284 0)
(0.0008 0.0009906284 0)
(0.00085 0.0009906284 0)
(0.0009 0.0009906284 0)
(0.00095 0.0009906284 0)
(0.001 0.0009906284 0)
(0.00105 0.0009906284 0)
(0.0011 0.0009906284 0)
(0.00115 0.0009906284 0)
(0.0012 0.0009906284 0)
(0.00125 0.0009906284 0)
(0.0013 0.0009906284 0)
(0.00135 0.0009906284 0)
(0.0014 0.0009906284 0)
(0.00145 0.0009906284 0)
(0.0015 0.0009906284 0)
(0.00155 0.0009906284 0)
(0.0016 0.0009906284 0)
(0.00165 0.0009906284 0)
(0.0017 0.0009906284 0)
(0.00175 0.0009906284 0)
(0.0018 0.0009906284 0)
(0.00185 0.0009906284 0)
(0.0019 0.0009906284 0)
(0.00195 0.0009906284 0)
(0.002 0.0009906284 0)
(0.00205 0.0009906284 0)
(0.0021 0.0009906284 0)
(0.00215 0.0009906284 0)
(0.0022 0.0009906284 0)
(0.00225 0.0009906284 0)
(0.0023 0.0009906284 0)
(0.00235 0.0009906284 0)
(0.0024 0.0009906284 0)
(0.00245 0.0009906284 0)
(0.0025 0.0009906284 0)
(0.00255 0.0009906284 0)
(0.0026 0.0009906284 0)
(0.00265 0.0009906284 0)
(0.0027 0.0009906284 0)
(0.00275 0.0009906284 0)
(0.0028 0.0009906284 0)
(0.00285 0.0009906284 0)
(0.0029 0.0009906284 0)
(0.00295 0.0009906284 0)
(0.003 0.0009906284 0)
(0.00305 0.0009906284 0)
(0.0031 0.0009906284 0)
(0.00315 0.0009906284 0)
(0.0032 0.0009906284 0)
(0.00325 0.0009906284 0)
(0.0033 0.0009906284 0)
(0.00335 0.0009906284 0)
(0.0034 0.0009906284 0)
(0.00345 0.0009906284 0)
(0.0035 0.0009906284 0)
(0.00355 0.0009906284 0)
(0.0036 0.0009906284 0)
(0.00365 0.0009906284 0)
(0.0037 0.0009906284 0)
(0.00375 0.0009906284 0)
(0.0038 0.0009906284 0)
(0.00385 0.0009906284 0)
(0.0039 0.0009906284 0)
(0.00395 0.0009906284 0)
(0.004 0.0009906284 0)
(0.00405 0.0009906284 0)
(0.0041 0.0009906284 0)
(0.00415 0.0009906284 0)
(0.0042 0.0009906284 0)
(0.00425 0.0009906284 0)
(0.0043 0.0009906284 0)
(0.00435 0.0009906284 0)
(0.0044 0.0009906284 0)
(0.00445 0.0009906284 0)
(0.0045 0.0009906284 0)
(0.00455 0.0009906284 0)
(0.0046 0.0009906284 0)
(0.00465 0.0009906284 0)
(0.0047 0.0009906284 0)
(0.00475 0.0009906284 0)
(0.0048 0.0009906284 0)
(0.00485 0.0009906284 0)
(0.0049 0.0009906284 0)
(0.00495 0.0009906284 0)
(0.005 0.0009906284 0)
(0.00505 0.0009906284 0)
(0.0051 0.0009906284 0)
(0.00515 0.0009906284 0)
(0.0052 0.0009906284 0)
(0.00525 0.0009906284 0)
(0.0053 0.0009906284 0)
(0.00535 0.0009906284 0)
(0.0054 0.0009906284 0)
(0.00545 0.0009906284 0)
(0.0055 0.0009906284 0)
(0.00555 0.0009906284 0)
(0.0056 0.0009906284 0)
(0.00565 0.0009906284 0)
(0.0057 0.0009906284 0)
(0.00575 0.0009906284 0)
(0.0058 0.0009906284 0)
(0.00585 0.0009906284 0)
(0.0059 0.0009906284 0)
(0.00595 0.0009906284 0)
(0.006 0.0009906284 0)
(0.00605 0.0009906284 0)
(0.0061 0.0009906284 0)
(0.00615 0.0009906284 0)
(0.0062 0.0009906284 0)
(0.00625 0.0009906284 0)
(0.0063 0.0009906284 0)
(0.00635 0.0009906284 0)
(0.0064 0.0009906284 0)
(0.00645 0.0009906284 0)
(0.0065 0.0009906284 0)
(0.00655 0.0009906284 0)
(0.0066 0.0009906284 0)
(0.00665 0.0009906284 0)
(0.0067 0.0009906284 0)
(0.00675 0.0009906284 0)
(0.0068 0.0009906284 0)
(0.00685 0.0009906284 0)
(0.0069 0.0009906284 0)
(0.00695 0.0009906284 0)
(0.007 0.0009906284 0)
(0.00705 0.0009906284 0)
(0.0071 0.0009906284 0)
(0.00715 0.0009906284 0)
(0.0072 0.0009906284 0)
(0.00725 0.0009906284 0)
(0.0073 0.0009906284 0)
(0.00735 0.0009906284 0)
(0.0074 0.0009906284 0)
(0.00745 0.0009906284 0)
(0.0075 0.0009906284 0)
(0.00755 0.0009906284 0)
(0.0076 0.0009906284 0)
(0.00765 0.0009906284 0)
(0.0077 0.0009906284 0)
(0.00775 0.0009906284 0)
(0.0078 0.0009906284 0)
(0.00785 0.0009906284 0)
(0.0079 0.0009906284 0)
(0.00795 0.0009906284 0)
(0.008 0.0009906284 0)
(0.00805 0.0009906284 0)
(0.0081 0.0009906284 0)
(0.00815 0.0009906284 0)
(0.0082 0.0009906284 0)
(0.00825 0.0009906284 0)
(0.0083 0.0009906284 0)
(0.00835 0.0009906284 0)
(0.0084 0.0009906284 0)
(0.00845 0.0009906284 0)
(0.0085 0.0009906284 0)
(0.00855 0.0009906284 0)
(0.0086 0.0009906284 0)
(0.00865 0.0009906284 0)
(0.0087 0.0009906284 0)
(0.00875 0.0009906284 0)
(0.0088 0.0009906284 0)
(0.00885 0.0009906284 0)
(0.0089 0.0009906284 0)
(0.00895 0.0009906284 0)
(0.009 0.0009906284 0)
(0.00905 0.0009906284 0)
(0.0091 0.0009906284 0)
(0.00915 0.0009906284 0)
(0.0092 0.0009906284 0)
(0.00925 0.0009906284 0)
(0.0093 0.0009906284 0)
(0.00935 0.0009906284 0)
(0.0094 0.0009906284 0)
(0.00945 0.0009906284 0)
(0.0095 0.0009906284 0)
(0.00955 0.0009906284 0)
(0.0096 0.0009906284 0)
(0.00965 0.0009906284 0)
(0.0097 0.0009906284 0)
(0.00975 0.0009906284 0)
(0.0098 0.0009906284 0)
(0.00985 0.0009906284 0)
(0.0099 0.0009906284 0)
(0.00995 0.0009906284 0)
(0.01 0.0009906284 0)
(0 0.0010336992 0)
(5e-05 0.0010336992 0)
(0.0001 0.0010336992 0)
(0.00015 0.0010336992 0)
(0.0002 0.0010336992 0)
(0.00025 0.0010336992 0)
(0.0003 0.0010336992 0)
(0.00035 0.0010336992 0)
(0.0004 0.0010336992 0)
(0.00045 0.0010336992 0)
(0.0005 0.0010336992 0)
(0.00055 0.0010336992 0)
(0.0006 0.0010336992 0)
(0.00065 0.0010336992 0)
(0.0007 0.0010336992 0)
(0.00075 0.0010336992 0)
(0.0008 0.0010336992 0)
(0.00085 0.0010336992 0)
(0.0009 0.0010336992 0)
(0.00095 0.0010336992 0)
(0.001 0.0010336992 0)
(0.00105 0.0010336992 0)
(0.0011 0.0010336992 0)
(0.00115 0.0010336992 0)
(0.0012 0.0010336992 0)
(0.00125 0.0010336992 0)
(0.0013 0.0010336992 0)
(0.00135 0.0010336992 0)
(0.0014 0.0010336992 0)
(0.00145 0.0010336992 0)
(0.0015 0.0010336992 0)
(0.00155 0.0010336992 0)
(0.0016 0.0010336992 0)
(0.00165 0.0010336992 0)
(0.0017 0.0010336992 0)
(0.00175 0.0010336992 0)
(0.0018 0.0010336992 0)
(0.00185 0.0010336992 0)
(0.0019 0.0010336992 0)
(0.00195 0.0010336992 0)
(0.002 0.0010336992 0)
(0.00205 0.0010336992 0)
(0.0021 0.0010336992 0)
(0.00215 0.0010336992 0)
(0.0022 0.0010336992 0)
(0.00225 0.0010336992 0)
(0.0023 0.0010336992 0)
(0.00235 0.0010336992 0)
(0.0024 0.0010336992 0)
(0.00245 0.0010336992 0)
(0.0025 0.0010336992 0)
(0.00255 0.0010336992 0)
(0.0026 0.0010336992 0)
(0.00265 0.0010336992 0)
(0.0027 0.0010336992 0)
(0.00275 0.0010336992 0)
(0.0028 0.0010336992 0)
(0.00285 0.0010336992 0)
(0.0029 0.0010336992 0)
(0.00295 0.0010336992 0)
(0.003 0.0010336992 0)
(0.00305 0.0010336992 0)
(0.0031 0.0010336992 0)
(0.00315 0.0010336992 0)
(0.0032 0.0010336992 0)
(0.00325 0.0010336992 0)
(0.0033 0.0010336992 0)
(0.00335 0.0010336992 0)
(0.0034 0.0010336992 0)
(0.00345 0.0010336992 0)
(0.0035 0.0010336992 0)
(0.00355 0.0010336992 0)
(0.0036 0.0010336992 0)
(0.00365 0.0010336992 0)
(0.0037 0.0010336992 0)
(0.00375 0.0010336992 0)
(0.0038 0.0010336992 0)
(0.00385 0.0010336992 0)
(0.0039 0.0010336992 0)
(0.00395 0.0010336992 0)
(0.004 0.0010336992 0)
(0.00405 0.0010336992 0)
(0.0041 0.0010336992 0)
(0.00415 0.0010336992 0)
(0.0042 0.0010336992 0)
(0.00425 0.0010336992 0)
(0.0043 0.0010336992 0)
(0.00435 0.0010336992 0)
(0.0044 0.0010336992 0)
(0.00445 0.0010336992 0)
(0.0045 0.0010336992 0)
(0.00455 0.0010336992 0)
(0.0046 0.0010336992 0)
(0.00465 0.0010336992 0)
(0.0047 0.0010336992 0)
(0.00475 0.0010336992 0)
(0.0048 0.0010336992 0)
(0.00485 0.0010336992 0)
(0.0049 0.0010336992 0)
(0.00495 0.0010336992 0)
(0.005 0.0010336992 0)
(0.00505 0.0010336992 0)
(0.0051 0.0010336992 0)
(0.00515 0.0010336992 0)
(0.0052 0.0010336992 0)
(0.00525 0.0010336992 0)
(0.0053 0.0010336992 0)
(0.00535 0.0010336992 0)
(0.0054 0.0010336992 0)
(0.00545 0.0010336992 0)
(0.0055 0.0010336992 0)
(0.00555 0.0010336992 0)
(0.0056 0.0010336992 0)
(0.00565 0.0010336992 0)
(0.0057 0.0010336992 0)
(0.00575 0.0010336992 0)
(0.0058 0.0010336992 0)
(0.00585 0.0010336992 0)
(0.0059 0.0010336992 0)
(0.00595 0.0010336992 0)
(0.006 0.0010336992 0)
(0.00605 0.0010336992 0)
(0.0061 0.0010336992 0)
(0.00615 0.0010336992 0)
(0.0062 0.0010336992 0)
(0.00625 0.0010336992 0)
(0.0063 0.0010336992 0)
(0.00635 0.0010336992 0)
(0.0064 0.0010336992 0)
(0.00645 0.0010336992 0)
(0.0065 0.0010336992 0)
(0.00655 0.0010336992 0)
(0.0066 0.0010336992 0)
(0.00665 0.0010336992 0)
(0.0067 0.0010336992 0)
(0.00675 0.0010336992 0)
(0.0068 0.0010336992 0)
(0.00685 0.0010336992 0)
(0.0069 0.0010336992 0)
(0.00695 0.0010336992 0)
(0.007 0.0010336992 0)
(0.00705 0.0010336992 0)
(0.0071 0.0010336992 0)
(0.00715 0.0010336992 0)
(0.0072 0.0010336992 0)
(0.00725 0.0010336992 0)
(0.0073 0.0010336992 0)
(0.00735 0.0010336992 0)
(0.0074 0.0010336992 0)
(0.00745 0.0010336992 0)
(0.0075 0.0010336992 0)
(0.00755 0.0010336992 0)
(0.0076 0.0010336992 0)
(0.00765 0.0010336992 0)
(0.0077 0.0010336992 0)
(0.00775 0.0010336992 0)
(0.0078 0.0010336992 0)
(0.00785 0.0010336992 0)
(0.0079 0.0010336992 0)
(0.00795 0.0010336992 0)
(0.008 0.0010336992 0)
(0.00805 0.0010336992 0)
(0.0081 0.0010336992 0)
(0.00815 0.0010336992 0)
(0.0082 0.0010336992 0)
(0.00825 0.0010336992 0)
(0.0083 0.0010336992 0)
(0.00835 0.0010336992 0)
(0.0084 0.0010336992 0)
(0.00845 0.0010336992 0)
(0.0085 0.0010336992 0)
(0.00855 0.0010336992 0)
(0.0086 0.0010336992 0)
(0.00865 0.0010336992 0)
(0.0087 0.0010336992 0)
(0.00875 0.0010336992 0)
(0.0088 0.0010336992 0)
(0.00885 0.0010336992 0)
(0.0089 0.0010336992 0)
(0.00895 0.0010336992 0)
(0.009 0.0010336992 0)
(0.00905 0.0010336992 0)
(0.0091 0.0010336992 0)
(0.00915 0.0010336992 0)
(0.0092 0.0010336992 0)
(0.00925 0.0010336992 0)
(0.0093 0.0010336992 0)
(0.00935 0.0010336992 0)
(0.0094 0.0010336992 0)
(0.00945 0.0010336992 0)
(0.0095 0.0010336992 0)
(0.00955 0.0010336992 0)
(0.0096 0.0010336992 0)
(0.00965 0.0010336992 0)
(0.0097 0.0010336992 0)
(0.00975 0.0010336992 0)
(0.0098 0.0010336992 0)
(0.00985 0.0010336992 0)
(0.0099 0.0010336992 0)
(0.00995 0.0010336992 0)
(0.01 0.0010336992 0)
(0 0.00107677 0)
(5e-05 0.00107677 0)
(0.0001 0.00107677 0)
(0.00015 0.00107677 0)
(0.0002 0.00107677 0)
(0.00025 0.00107677 0)
(0.0003 0.00107677 0)
(0.00035 0.00107677 0)
(0.0004 0.00107677 0)
(0.00045 0.00107677 0)
(0.0005 0.00107677 0)
(0.00055 0.00107677 0)
(0.0006 0.00107677 0)
(0.00065 0.00107677 0)
(0.0007 0.00107677 0)
(0.00075 0.00107677 0)
(0.0008 0.00107677 0)
(0.00085 0.00107677 0)
(0.0009 0.00107677 0)
(0.00095 0.00107677 0)
(0.001 0.00107677 0)
(0.00105 0.00107677 0)
(0.0011 0.00107677 0)
(0.00115 0.00107677 0)
(0.0012 0.00107677 0)
(0.00125 0.00107677 0)
(0.0013 0.00107677 0)
(0.00135 0.00107677 0)
(0.0014 0.00107677 0)
(0.00145 0.00107677 0)
(0.0015 0.00107677 0)
(0.00155 0.00107677 0)
(0.0016 0.00107677 0)
(0.00165 0.00107677 0)
(0.0017 0.00107677 0)
(0.00175 0.00107677 0)
(0.0018 0.00107677 0)
(0.00185 0.00107677 0)
(0.0019 0.00107677 0)
(0.00195 0.00107677 0)
(0.002 0.00107677 0)
(0.00205 0.00107677 0)
(0.0021 0.00107677 0)
(0.00215 0.00107677 0)
(0.0022 0.00107677 0)
(0.00225 0.00107677 0)
(0.0023 0.00107677 0)
(0.00235 0.00107677 0)
(0.0024 0.00107677 0)
(0.00245 0.00107677 0)
(0.0025 0.00107677 0)
(0.00255 0.00107677 0)
(0.0026 0.00107677 0)
(0.00265 0.00107677 0)
(0.0027 0.00107677 0)
(0.00275 0.00107677 0)
(0.0028 0.00107677 0)
(0.00285 0.00107677 0)
(0.0029 0.00107677 0)
(0.00295 0.00107677 0)
(0.003 0.00107677 0)
(0.00305 0.00107677 0)
(0.0031 0.00107677 0)
(0.00315 0.00107677 0)
(0.0032 0.00107677 0)
(0.00325 0.00107677 0)
(0.0033 0.00107677 0)
(0.00335 0.00107677 0)
(0.0034 0.00107677 0)
(0.00345 0.00107677 0)
(0.0035 0.00107677 0)
(0.00355 0.00107677 0)
(0.0036 0.00107677 0)
(0.00365 0.00107677 0)
(0.0037 0.00107677 0)
(0.00375 0.00107677 0)
(0.0038 0.00107677 0)
(0.00385 0.00107677 0)
(0.0039 0.00107677 0)
(0.00395 0.00107677 0)
(0.004 0.00107677 0)
(0.00405 0.00107677 0)
(0.0041 0.00107677 0)
(0.00415 0.00107677 0)
(0.0042 0.00107677 0)
(0.00425 0.00107677 0)
(0.0043 0.00107677 0)
(0.00435 0.00107677 0)
(0.0044 0.00107677 0)
(0.00445 0.00107677 0)
(0.0045 0.00107677 0)
(0.00455 0.00107677 0)
(0.0046 0.00107677 0)
(0.00465 0.00107677 0)
(0.0047 0.00107677 0)
(0.00475 0.00107677 0)
(0.0048 0.00107677 0)
(0.00485 0.00107677 0)
(0.0049 0.00107677 0)
(0.00495 0.00107677 0)
(0.005 0.00107677 0)
(0.00505 0.00107677 0)
(0.0051 0.00107677 0)
(0.00515 0.00107677 0)
(0.0052 0.00107677 0)
(0.00525 0.00107677 0)
(0.0053 0.00107677 0)
(0.00535 0.00107677 0)
(0.0054 0.00107677 0)
(0.00545 0.00107677 0)
(0.0055 0.00107677 0)
(0.00555 0.00107677 0)
(0.0056 0.00107677 0)
(0.00565 0.00107677 0)
(0.0057 0.00107677 0)
(0.00575 0.00107677 0)
(0.0058 0.00107677 0)
(0.00585 0.00107677 0)
(0.0059 0.00107677 0)
(0.00595 0.00107677 0)
(0.006 0.00107677 0)
(0.00605 0.00107677 0)
(0.0061 0.00107677 0)
(0.00615 0.00107677 0)
(0.0062 0.00107677 0)
(0.00625 0.00107677 0)
(0.0063 0.00107677 0)
(0.00635 0.00107677 0)
(0.0064 0.00107677 0)
(0.00645 0.00107677 0)
(0.0065 0.00107677 0)
(0.00655 0.00107677 0)
(0.0066 0.00107677 0)
(0.00665 0.00107677 0)
(0.0067 0.00107677 0)
(0.00675 0.00107677 0)
(0.0068 0.00107677 0)
(0.00685 0.00107677 0)
(0.0069 0.00107677 0)
(0.00695 0.00107677 0)
(0.007 0.00107677 0)
(0.00705 0.00107677 0)
(0.0071 0.00107677 0)
(0.00715 0.00107677 0)
(0.0072 0.00107677 0)
(0.00725 0.00107677 0)
(0.0073 0.00107677 0)
(0.00735 0.00107677 0)
(0.0074 0.00107677 0)
(0.00745 0.00107677 0)
(0.0075 0.00107677 0)
(0.00755 0.00107677 0)
(0.0076 0.00107677 0)
(0.00765 0.00107677 0)
(0.0077 0.00107677 0)
(0.00775 0.00107677 0)
(0.0078 0.00107677 0)
(0.00785 0.00107677 0)
(0.0079 0.00107677 0)
(0.00795 0.00107677 0)
(0.008 0.00107677 0)
(0.00805 0.00107677 0)
(0.0081 0.00107677 0)
(0.00815 0.00107677 0)
(0.0082 0.00107677 0)
(0.00825 0.00107677 0)
(0.0083 0.00107677 0)
(0.00835 0.00107677 0)
(0.0084 0.00107677 0)
(0.00845 0.00107677 0)
(0.0085 0.00107677 0)
(0.00855 0.00107677 0)
(0.0086 0.00107677 0)
(0.00865 0.00107677 0)
(0.0087 0.00107677 0)
(0.00875 0.00107677 0)
(0.0088 0.00107677 0)
(0.00885 0.00107677 0)
(0.0089 0.00107677 0)
(0.00895 0.00107677 0)
(0.009 0.00107677 0)
(0.00905 0.00107677 0)
(0.0091 0.00107677 0)
(0.00915 0.00107677 0)
(0.0092 0.00107677 0)
(0.00925 0.00107677 0)
(0.0093 0.00107677 0)
(0.00935 0.00107677 0)
(0.0094 0.00107677 0)
(0.00945 0.00107677 0)
(0.0095 0.00107677 0)
(0.00955 0.00107677 0)
(0.0096 0.00107677 0)
(0.00965 0.00107677 0)
(0.0097 0.00107677 0)
(0.00975 0.00107677 0)
(0.0098 0.00107677 0)
(0.00985 0.00107677 0)
(0.0099 0.00107677 0)
(0.00995 0.00107677 0)
(0.01 0.00107677 0)
(0 0.0009044868 0.0002)
(5e-05 0.0009044868 0.0002)
(0.0001 0.0009044868 0.0002)
(0.00015 0.0009044868 0.0002)
(0.0002 0.0009044868 0.0002)
(0.00025 0.0009044868 0.0002)
(0.0003 0.0009044868 0.0002)
(0.00035 0.0009044868 0.0002)
(0.0004 0.0009044868 0.0002)
(0.00045 0.0009044868 0.0002)
(0.0005 0.0009044868 0.0002)
(0.00055 0.0009044868 0.0002)
(0.0006 0.0009044868 0.0002)
(0.00065 0.0009044868 0.0002)
(0.0007 0.0009044868 0.0002)
(0.00075 0.0009044868 0.0002)
(0.0008 0.0009044868 0.0002)
(0.00085 0.0009044868 0.0002)
(0.0009 0.0009044868 0.0002)
(0.00095 0.0009044868 0.0002)
(0.001 0.0009044868 0.0002)
(0.00105 0.0009044868 0.0002)
(0.0011 0.0009044868 0.0002)
(0.00115 0.0009044868 0.0002)
(0.0012 0.0009044868 0.0002)
(0.00125 0.0009044868 0.0002)
(0.0013 0.0009044868 0.0002)
(0.00135 0.0009044868 0.0002)
(0.0014 0.0009044868 0.0002)
(0.00145 0.0009044868 0.0002)
(0.0015 0.0009044868 0.0002)
(0.00155 0.0009044868 0.0002)
(0.0016 0.0009044868 0.0002)
(0.00165 0.0009044868 0.0002)
(0.0017 0.0009044868 0.0002)
(0.00175 0.0009044868 0.0002)
(0.0018 0.0009044868 0.0002)
(0.00185 0.0009044868 0.0002)
(0.0019 0.0009044868 0.0002)
(0.00195 0.0009044868 0.0002)
(0.002 0.0009044868 0.0002)
(0.00205 0.0009044868 0.0002)
(0.0021 0.0009044868 0.0002)
(0.00215 0.0009044868 0.0002)
(0.0022 0.0009044868 0.0002)
(0.00225 0.0009044868 0.0002)
(0.0023 0.0009044868 0.0002)
(0.00235 0.0009044868 0.0002)
(0.0024 0.0009044868 0.0002)
(0.00245 0.0009044868 0.0002)
(0.0025 0.0009044868 0.0002)
(0.00255 0.0009044868 0.0002)
(0.0026 0.0009044868 0.0002)
(0.00265 0.0009044868 0.0002)
(0.0027 0.0009044868 0.0002)
(0.00275 0.0009044868 0.0002)
(0.0028 0.0009044868 0.0002)
(0.00285 0.0009044868 0.0002)
(0.0029 0.0009044868 0.0002)
(0.00295 0.0009044868 0.0002)
(0.003 0.0009044868 0.0002)
(0.00305 0.0009044868 0.0002)
(0.0031 0.0009044868 0.0002)
(0.00315 0.0009044868 0.0002)
(0.0032 0.0009044868 0.0002)
(0.00325 0.0009044868 0.0002)
(0.0033 0.0009044868 0.0002)
(0.00335 0.0009044868 0.0002)
(0.0034 0.0009044868 0.0002)
(0.00345 0.0009044868 0.0002)
(0.0035 0.0009044868 0.0002)
(0.00355 0.0009044868 0.0002)
(0.0036 0.0009044868 0.0002)
(0.00365 0.0009044868 0.0002)
(0.0037 0.0009044868 0.0002)
(0.00375 0.0009044868 0.0002)
(0.0038 0.0009044868 0.0002)
(0.00385 0.0009044868 0.0002)
(0.0039 0.0009044868 0.0002)
(0.00395 0.0009044868 0.0002)
(0.004 0.0009044868 0.0002)
(0.00405 0.0009044868 0.0002)
(0.0041 0.0009044868 0.0002)
(0.00415 0.0009044868 0.0002)
(0.0042 0.0009044868 0.0002)
(0.00425 0.0009044868 0.0002)
(0.0043 0.0009044868 0.0002)
(0.00435 0.0009044868 0.0002)
(0.0044 0.0009044868 0.0002)
(0.00445 0.0009044868 0.0002)
(0.0045 0.0009044868 0.0002)
(0.00455 0.0009044868 0.0002)
(0.0046 0.0009044868 0.0002)
(0.00465 0.0009044868 0.0002)
(0.0047 0.0009044868 0.0002)
(0.00475 0.0009044868 0.0002)
(0.0048 0.0009044868 0.0002)
(0.00485 0.0009044868 0.0002)
(0.0049 0.0009044868 0.0002)
(0.00495 0.0009044868 0.0002)
(0.005 0.0009044868 0.0002)
(0.00505 0.0009044868 0.0002)
(0.0051 0.0009044868 0.0002)
(0.00515 0.0009044868 0.0002)
(0.0052 0.0009044868 0.0002)
(0.00525 0.0009044868 0.0002)
(0.0053 0.0009044868 0.0002)
(0.00535 0.0009044868 0.0002)
(0.0054 0.0009044868 0.0002)
(0.00545 0.0009044868 0.0002)
(0.0055 0.0009044868 0.0002)
(0.00555 0.0009044868 0.0002)
(0.0056 0.0009044868 0.0002)
(0.00565 0.0009044868 0.0002)
(0.0057 0.0009044868 0.0002)
(0.00575 0.0009044868 0.0002)
(0.0058 0.0009044868 0.0002)
(0.00585 0.0009044868 0.0002)
(0.0059 0.0009044868 0.0002)
(0.00595 0.0009044868 0.0002)
(0.006 0.0009044868 0.0002)
(0.00605 0.0009044868 0.0002)
(0.0061 0.0009044868 0.0002)
(0.00615 0.0009044868 0.0002)
(0.0062 0.0009044868 0.0002)
(0.00625 0.0009044868 0.0002)
(0.0063 0.0009044868 0.0002)
(0.00635 0.0009044868 0.0002)
(0.0064 0.0009044868 0.0002)
(0.00645 0.0009044868 0.0002)
(0.0065 0.0009044868 0.0002)
(0.00655 0.0009044868 0.0002)
(0.0066 0.0009044868 0.0002)
(0.00665 0.0009044868 0.0002)
(0.0067 0.0009044868 0.0002)
(0.00675 0.0009044868 0.0002)
(0.0068 0.0009044868 0.0002)
(0.00685 0.0009044868 0.0002)
(0.0069 0.0009044868 0.0002)
(0.00695 0.0009044868 0.0002)
(0.007 0.0009044868 0.0002)
(0.00705 0.0009044868 0.0002)
(0.0071 0.0009044868 0.0002)
(0.00715 0.0009044868 0.0002)
(0.0072 0.0009044868 0.0002)
(0.00725 0.0009044868 0.0002)
(0.0073 0.0009044868 0.0002)
(0.00735 0.0009044868 0.0002)
(0.0074 0.0009044868 0.0002)
(0.00745 0.0009044868 0.0002)
(0.0075 0.0009044868 0.0002)
(0.00755 0.0009044868 0.0002)
(0.0076 0.0009044868 0.0002)
(0.00765 0.0009044868 0.0002)
(0.0077 0.0009044868 0.0002)
(0.00775 0.0009044868 0.0002)
(0.0078 0.0009044868 0.0002)
(0.00785 0.0009044868 0.0002)
(0.0079 0.0009044868 0.0002)
(0.00795 0.0009044868 0.0002)
(0.008 0.0009044868 0.0002)
(0.00805 0.0009044868 0.0002)
(0.0081 0.0009044868 0.0002)
(0.00815 0.0009044868 0.0002)
(0.0082 0.0009044868 0.0002)
(0.00825 0.0009044868 0.0002)
(0.0083 0.0009044868 0.0002)
(0.00835 0.0009044868 0.0002)
(0.0084 0.0009044868 0.0002)
(0.00845 0.0009044868 0.0002)
(0.0085 0.0009044868 0.0002)
(0.00855 0.0009044868 0.0002)
(0.0086 0.0009044868 0.0002)
(0.00865 0.0009044868 0.0002)
(0.0087 0.0009044868 0.0002)
(0.00875 0.0009044868 0.0002)
(0.0088 0.0009044868 0.0002)
(0.00885 0.0009044868 0.0002)
(0.0089 0.0009044868 0.0002)
(0.00895 0.0009044868 0.0002)
(0.009 0.0009044868 0.0002)
(0.00905 0.0009044868 0.0002)
(0.0091 0.0009044868 0.0002)
(0.00915 0.0009044868 0.0002)
(0.0092 0.0009044868 0.0002)
(0.00925 0.0009044868 0.0002)
(0.0093 0.0009044868 0.0002)
(0.00935 0.0009044868 0.0002)
(0.0094 0.0009044868 0.0002)
(0.00945 0.0009044868 0.0002)
(0.0095 0.0009044868 0.0002)
(0.00955 0.0009044868 0.0002)
(0.0096 0.0009044868 0.0002)
(0.00965 0.0009044868 0.0002)
(0.0097 0.0009044868 0.0002)
(0.00975 0.0009044868 0.0002)
(0.0098 0.0009044868 0.0002)
(0.00985 0.0009044868 0.0002)
(0.0099 0.0009044868 0.0002)
(0.00995 0.0009044868 0.0002)
(0.01 0.0009044868 0.0002)
(0 0.0009475576 0.0002)
(5e-05 0.0009475576 0.0002)
(0.0001 0.0009475576 0.0002)
(0.00015 0.0009475576 0.0002)
(0.0002 0.0009475576 0.0002)
(0.00025 0.0009475576 0.0002)
(0.0003 0.0009475576 0.0002)
(0.00035 0.0009475576 0.0002)
(0.0004 0.0009475576 0.0002)
(0.00045 0.0009475576 0.0002)
(0.0005 0.0009475576 0.0002)
(0.00055 0.0009475576 0.0002)
(0.0006 0.0009475576 0.0002)
(0.00065 0.0009475576 0.0002)
(0.0007 0.0009475576 0.0002)
(0.00075 0.0009475576 0.0002)
(0.0008 0.0009475576 0.0002)
(0.00085 0.0009475576 0.0002)
(0.0009 0.0009475576 0.0002)
(0.00095 0.0009475576 0.0002)
(0.001 0.0009475576 0.0002)
(0.00105 0.0009475576 0.0002)
(0.0011 0.0009475576 0.0002)
(0.00115 0.0009475576 0.0002)
(0.0012 0.0009475576 0.0002)
(0.00125 0.0009475576 0.0002)
(0.0013 0.0009475576 0.0002)
(0.00135 0.0009475576 0.0002)
(0.0014 0.0009475576 0.0002)
(0.00145 0.0009475576 0.0002)
(0.0015 0.0009475576 0.0002)
(0.00155 0.0009475576 0.0002)
(0.0016 0.0009475576 0.0002)
(0.00165 0.0009475576 0.0002)
(0.0017 0.0009475576 0.0002)
(0.00175 0.0009475576 0.0002)
(0.0018 0.0009475576 0.0002)
(0.00185 0.0009475576 0.0002)
(0.0019 0.0009475576 0.0002)
(0.00195 0.0009475576 0.0002)
(0.002 0.0009475576 0.0002)
(0.00205 0.0009475576 0.0002)
(0.0021 0.0009475576 0.0002)
(0.00215 0.0009475576 0.0002)
(0.0022 0.0009475576 0.0002)
(0.00225 0.0009475576 0.0002)
(0.0023 0.0009475576 0.0002)
(0.00235 0.0009475576 0.0002)
(0.0024 0.0009475576 0.0002)
(0.00245 0.0009475576 0.0002)
(0.0025 0.0009475576 0.0002)
(0.00255 0.0009475576 0.0002)
(0.0026 0.0009475576 0.0002)
(0.00265 0.0009475576 0.0002)
(0.0027 0.0009475576 0.0002)
(0.00275 0.0009475576 0.0002)
(0.0028 0.0009475576 0.0002)
(0.00285 0.0009475576 0.0002)
(0.0029 0.0009475576 0.0002)
(0.00295 0.0009475576 0.0002)
(0.003 0.0009475576 0.0002)
(0.00305 0.0009475576 0.0002)
(0.0031 0.0009475576 0.0002)
(0.00315 0.0009475576 0.0002)
(0.0032 0.0009475576 0.0002)
(0.00325 0.0009475576 0.0002)
(0.0033 0.0009475576 0.0002)
(0.00335 0.0009475576 0.0002)
(0.0034 0.0009475576 0.0002)
(0.00345 0.0009475576 0.0002)
(0.0035 0.0009475576 0.0002)
(0.00355 0.0009475576 0.0002)
(0.0036 0.0009475576 0.0002)
(0.00365 0.0009475576 0.0002)
(0.0037 0.0009475576 0.0002)
(0.00375 0.0009475576 0.0002)
(0.0038 0.0009475576 0.0002)
(0.00385 0.0009475576 0.0002)
(0.0039 0.0009475576 0.0002)
(0.00395 0.0009475576 0.0002)
(0.004 0.0009475576 0.0002)
(0.00405 0.0009475576 0.0002)
(0.0041 0.0009475576 0.0002)
(0.00415 0.0009475576 0.0002)
(0.0042 0.0009475576 0.0002)
(0.00425 0.0009475576 0.0002)
(0.0043 0.0009475576 0.0002)
(0.00435 0.0009475576 0.0002)
(0.0044 0.0009475576 0.0002)
(0.00445 0.0009475576 0.0002)
(0.0045 0.0009475576 0.0002)
(0.00455 0.0009475576 0.0002)
(0.0046 0.0009475576 0.0002)
(0.00465 0.0009475576 0.0002)
(0.0047 0.0009475576 0.0002)
(0.00475 0.0009475576 0.0002)
(0.0048 0.0009475576 0.0002)
(0.00485 0.0009475576 0.0002)
(0.0049 0.0009475576 0.0002)
(0.00495 0.0009475576 0.0002)
(0.005 0.0009475576 0.0002)
(0.00505 0.0009475576 0.0002)
(0.0051 0.0009475576 0.0002)
(0.00515 0.0009475576 0.0002)
(0.0052 0.0009475576 0.0002)
(0.00525 0.0009475576 0.0002)
(0.0053 0.0009475576 0.0002)
(0.00535 0.0009475576 0.0002)
(0.0054 0.0009475576 0.0002)
(0.00545 0.0009475576 0.0002)
(0.0055 0.0009475576 0.0002)
(0.00555 0.0009475576 0.0002)
(0.0056 0.0009475576 0.0002)
(0.00565 0.0009475576 0.0002)
(0.0057 0.0009475576 0.0002)
(0.00575 0.0009475576 0.0002)
(0.0058 0.0009475576 0.0002)
(0.00585 0.0009475576 0.0002)
(0.0059 0.0009475576 0.0002)
(0.00595 0.0009475576 0.0002)
(0.006 0.0009475576 0.0002)
(0.00605 0.0009475576 0.0002)
(0.0061 0.0009475576 0.0002)
(0.00615 0.0009475576 0.0002)
(0.0062 0.0009475576 0.0002)
(0.00625 0.0009475576 0.0002)
(0.0063 0.0009475576 0.0002)
(0.00635 0.0009475576 0.0002)
(0.0064 0.0009475576 0.0002)
(0.00645 0.0009475576 0.0002)
(0.0065 0.0009475576 0.0002)
(0.00655 0.0009475576 0.0002)
(0.0066 0.0009475576 0.0002)
(0.00665 0.0009475576 0.0002)
(0.0067 0.0009475576 0.0002)
(0.00675 0.0009475576 0.0002)
(0.0068 0.0009475576 0.0002)
(0.00685 0.0009475576 0.0002)
(0.0069 0.0009475576 0.0002)
(0.00695 0.0009475576 0.0002)
(0.007 0.0009475576 0.0002)
(0.00705 0.0009475576 0.0002)
(0.0071 0.0009475576 0.0002)
(0.00715 0.0009475576 0.0002)
(0.0072 0.0009475576 0.0002)
(0.00725 0.0009475576 0.0002)
(0.0073 0.0009475576 0.0002)
(0.00735 0.0009475576 0.0002)
(0.0074 0.0009475576 0.0002)
(0.00745 0.0009475576 0.0002)
(0.0075 0.0009475576 0.0002)
(0.00755 0.0009475576 0.0002)
(0.0076 0.0009475576 0.0002)
(0.00765 0.0009475576 0.0002)
(0.0077 0.0009475576 0.0002)
(0.00775 0.0009475576 0.0002)
(0.0078 0.0009475576 0.0002)
(0.00785 0.0009475576 0.0002)
(0.0079 0.0009475576 0.0002)
(0.00795 0.0009475576 0.0002)
(0.008 0.0009475576 0.0002)
(0.00805 0.0009475576 0.0002)
(0.0081 0.0009475576 0.0002)
(0.00815 0.0009475576 0.0002)
(0.0082 0.0009475576 0.0002)
(0.00825 0.0009475576 0.0002)
(0.0083 0.0009475576 0.0002)
(0.00835 0.0009475576 0.0002)
(0.0084 0.0009475576 0.0002)
(0.00845 0.0009475576 0.0002)
(0.0085 0.0009475576 0.0002)
(0.00855 0.0009475576 0.0002)
(0.0086 0.0009475576 0.0002)
(0.00865 0.0009475576 0.0002)
(0.0087 0.0009475576 0.0002)
(0.00875 0.0009475576 0.0002)
(0.0088 0.0009475576 0.0002)
(0.00885 0.0009475576 0.0002)
(0.0089 0.0009475576 0.0002)
(0.00895 0.0009475576 0.0002)
(0.009 0.0009475576 0.0002)
(0.00905 0.0009475576 0.0002)
(0.0091 0.0009475576 0.0002)
(0.00915 0.0009475576 0.0002)
(0.0092 0.0009475576 0.0002)
(0.00925 0.0009475576 0.0002)
(0.0093 0.0009475576 0.0002)
(0.00935 0.0009475576 0.0002)
(0.0094 0.0009475576 0.0002)
(0.00945 0.0009475576 0.0002)
(0.0095 0.0009475576 0.0002)
(0.00955 0.0009475576 0.0002)
(0.0096 0.0009475576 0.0002)
(0.00965 0.0009475576 0.0002)
(0.0097 0.0009475576 0.0002)
(0.00975 0.0009475576 0.0002)
(0.0098 0.0009475576 0.0002)
(0.00985 0.0009475576 0.0002)
(0.0099 0.0009475576 0.0002)
(0.00995 0.0009475576 0.0002)
(0.01 0.0009475576 0.0002)
(0 0.0009906284 0.0002)
(5e-05 0.0009906284 0.0002)
(0.0001 0.0009906284 0.0002)
(0.00015 0.0009906284 0.0002)
(0.0002 0.0009906284 0.0002)
(0.00025 0.0009906284 0.0002)
(0.0003 0.0009906284 0.0002)
(0.00035 0.0009906284 0.0002)
(0.0004 0.0009906284 0.0002)
(0.00045 0.0009906284 0.0002)
(0.0005 0.0009906284 0.0002)
(0.00055 0.0009906284 0.0002)
(0.0006 0.0009906284 0.0002)
(0.00065 0.0009906284 0.0002)
(0.0007 0.0009906284 0.0002)
(0.00075 0.0009906284 0.0002)
(0.0008 0.0009906284 0.0002)
(0.00085 0.0009906284 0.0002)
(0.0009 0.0009906284 0.0002)
(0.00095 0.0009906284 0.0002)
(0.001 0.0009906284 0.0002)
(0.00105 0.0009906284 0.0002)
(0.0011 0.0009906284 0.0002)
(0.00115 0.0009906284 0.0002)
(0.0012 0.0009906284 0.0002)
(0.00125 0.0009906284 0.0002)
(0.0013 0.0009906284 0.0002)
(0.00135 0.0009906284 0.0002)
(0.0014 0.0009906284 0.0002)
(0.00145 0.0009906284 0.0002)
(0.0015 0.0009906284 0.0002)
(0.00155 0.0009906284 0.0002)
(0.0016 0.0009906284 0.0002)
(0.00165 0.0009906284 0.0002)
(0.0017 0.0009906284 0.0002)
(0.00175 0.0009906284 0.0002)
(0.0018 0.0009906284 0.0002)
(0.00185 0.0009906284 0.0002)
(0.0019 0.0009906284 0.0002)
(0.00195 0.0009906284 0.0002)
(0.002 0.0009906284 0.0002)
(0.00205 0.0009906284 0.0002)
(0.0021 0.0009906284 0.0002)
(0.00215 0.0009906284 0.0002)
(0.0022 0.0009906284 0.0002)
(0.00225 0.0009906284 0.0002)
(0.0023 0.0009906284 0.0002)
(0.00235 0.0009906284 0.0002)
(0.0024 0.0009906284 0.0002)
(0.00245 0.0009906284 0.0002)
(0.0025 0.0009906284 0.0002)
(0.00255 0.0009906284 0.0002)
(0.0026 0.0009906284 0.0002)
(0.00265 0.0009906284 0.0002)
(0.0027 0.0009906284 0.0002)
(0.00275 0.0009906284 0.0002)
(0.0028 0.0009906284 0.0002)
(0.00285 0.0009906284 0.0002)
(0.0029 0.0009906284 0.0002)
(0.00295 0.0009906284 0.0002)
(0.003 0.0009906284 0.0002)
(0.00305 0.0009906284 0.0002)
(0.0031 0.0009906284 0.0002)
(0.00315 0.0009906284 0.0002)
(0.0032 0.0009906284 0.0002)
(0.00325 0.0009906284 0.0002)
(0.0033 0.0009906284 0.0002)
(0.00335 0.0009906284 0.0002)
(0.0034 0.0009906284 0.0002)
(0.00345 0.0009906284 0.0002)
(0.0035 0.0009906284 0.0002)
(0.00355 0.0009906284 0.0002)
(0.0036 0.0009906284 0.0002)
(0.00365 0.0009906284 0.0002)
(0.0037 0.0009906284 0.0002)
(0.00375 0.0009906284 0.0002)
(0.0038 0.0009906284 0.0002)
(0.00385 0.0009906284 0.0002)
(0.0039 0.0009906284 0.0002)
(0.00395 0.0009906284 0.0002)
(0.004 0.0009906284 0.0002)
(0.00405 0.0009906284 0.0002)
(0.0041 0.0009906284 0.0002)
(0.00415 0.0009906284 0.0002)
(0.0042 0.0009906284 0.0002)
(0.00425 0.0009906284 0.0002)
(0.0043 0.0009906284 0.0002)
(0.00435 0.0009906284 0.0002)
(0.0044 0.0009906284 0.0002)
(0.00445 0.0009906284 0.0002)
(0.0045 0.0009906284 0.0002)
(0.00455 0.0009906284 0.0002)
(0.0046 0.0009906284 0.0002)
(0.00465 0.0009906284 0.0002)
(0.0047 0.0009906284 0.0002)
(0.00475 0.0009906284 0.0002)
(0.0048 0.0009906284 0.0002)
(0.00485 0.0009906284 0.0002)
(0.0049 0.0009906284 0.0002)
(0.00495 0.0009906284 0.0002)
(0.005 0.0009906284 0.0002)
(0.00505 0.0009906284 0.0002)
(0.0051 0.0009906284 0.0002)
(0.00515 0.0009906284 0.0002)
(0.0052 0.0009906284 0.0002)
(0.00525 0.0009906284 0.0002)
(0.0053 0.0009906284 0.0002)
(0.00535 0.0009906284 0.0002)
(0.0054 0.0009906284 0.0002)
(0.00545 0.0009906284 0.0002)
(0.0055 0.0009906284 0.0002)
(0.00555 0.0009906284 0.0002)
(0.0056 0.0009906284 0.0002)
(0.00565 0.0009906284 0.0002)
(0.0057 0.0009906284 0.0002)
(0.00575 0.0009906284 0.0002)
(0.0058 0.0009906284 0.0002)
(0.00585 0.0009906284 0.0002)
(0.0059 0.0009906284 0.0002)
(0.00595 0.0009906284 0.0002)
(0.006 0.0009906284 0.0002)
(0.00605 0.0009906284 0.0002)
(0.0061 0.0009906284 0.0002)
(0.00615 0.0009906284 0.0002)
(0.0062 0.0009906284 0.0002)
(0.00625 0.0009906284 0.0002)
(0.0063 0.0009906284 0.0002)
(0.00635 0.0009906284 0.0002)
(0.0064 0.0009906284 0.0002)
(0.00645 0.0009906284 0.0002)
(0.0065 0.0009906284 0.0002)
(0.00655 0.0009906284 0.0002)
(0.0066 0.0009906284 0.0002)
(0.00665 0.0009906284 0.0002)
(0.0067 0.0009906284 0.0002)
(0.00675 0.0009906284 0.0002)
(0.0068 0.0009906284 0.0002)
(0.00685 0.0009906284 0.0002)
(0.0069 0.0009906284 0.0002)
(0.00695 0.0009906284 0.0002)
(0.007 0.0009906284 0.0002)
(0.00705 0.0009906284 0.0002)
(0.0071 0.0009906284 0.0002)
(0.00715 0.0009906284 0.0002)
(0.0072 0.0009906284 0.0002)
(0.00725 0.0009906284 0.0002)
(0.0073 0.0009906284 0.0002)
(0.00735 0.0009906284 0.0002)
(0.0074 0.0009906284 0.0002)
(0.00745 0.0009906284 0.0002)
(0.0075 0.0009906284 0.0002)
(0.00755 0.0009906284 0.0002)
(0.0076 0.0009906284 0.0002)
(0.00765 0.0009906284 0.0002)
(0.0077 0.0009906284 0.0002)
(0.00775 0.0009906284 0.0002)
(0.0078 0.0009906284 0.0002)
(0.00785 0.0009906284 0.0002)
(0.0079 0.0009906284 0.0002)
(0.00795 0.0009906284 0.0002)
(0.008 0.0009906284 0.0002)
(0.00805 0.0009906284 0.0002)
(0.0081 0.0009906284 0.0002)
(0.00815 0.0009906284 0.0002)
(0.0082 0.0009906284 0.0002)
(0.00825 0.0009906284 0.0002)
(0.0083 0.0009906284 0.0002)
(0.00835 0.0009906284 0.0002)
(0.0084 0.0009906284 0.0002)
(0.00845 0.0009906284 0.0002)
(0.0085 0.0009906284 0.0002)
(0.00855 0.0009906284 0.0002)
(0.0086 0.0009906284 0.0002)
(0.00865 0.0009906284 0.0002)
(0.0087 0.0009906284 0.0002)
(0.00875 0.0009906284 0.0002)
(0.0088 0.0009906284 0.0002)
(0.00885 0.0009906284 0.0002)
(0.0089 0.0009906284 0.0002)
(0.00895 0.0009906284 0.0002)
(0.009 0.0009906284 0.0002)
(0.00905 0.0009906284 0.0002)
(0.0091 0.0009906284 0.0002)
(0.00915 0.0009906284 0.0002)
(0.0092 0.0009906284 0.0002)
(0.00925 0.0009906284 0.0002)
(0.0093 0.0009906284 0.0002)
(0.00935 0.0009906284 0.0002)
(0.0094 0.0009906284 0.0002)
(0.00945 0.0009906284 0.0002)
(0.0095 0.0009906284 0.0002)
(0.00955 0.0009906284 0.0002)
(0.0096 0.0009906284 0.0002)
(0.00965 0.0009906284 0.0002)
(0.0097 0.0009906284 0.0002)
(0.00975 0.0009906284 0.0002)
(0.0098 0.0009906284 0.0002)
(0.00985 0.0009906284 0.0002)
(0.0099 0.0009906284 0.0002)
(0.00995 0.0009906284 0.0002)
(0.01 0.0009906284 0.0002)
(0 0.0010336992 0.0002)
(5e-05 0.0010336992 0.0002)
(0.0001 0.0010336992 0.0002)
(0.00015 0.0010336992 0.0002)
(0.0002 0.0010336992 0.0002)
(0.00025 0.0010336992 0.0002)
(0.0003 0.0010336992 0.0002)
(0.00035 0.0010336992 0.0002)
(0.0004 0.0010336992 0.0002)
(0.00045 0.0010336992 0.0002)
(0.0005 0.0010336992 0.0002)
(0.00055 0.0010336992 0.0002)
(0.0006 0.0010336992 0.0002)
(0.00065 0.0010336992 0.0002)
(0.0007 0.0010336992 0.0002)
(0.00075 0.0010336992 0.0002)
(0.0008 0.0010336992 0.0002)
(0.00085 0.0010336992 0.0002)
(0.0009 0.0010336992 0.0002)
(0.00095 0.0010336992 0.0002)
(0.001 0.0010336992 0.0002)
(0.00105 0.0010336992 0.0002)
(0.0011 0.0010336992 0.0002)
(0.00115 0.0010336992 0.0002)
(0.0012 0.0010336992 0.0002)
(0.00125 0.0010336992 0.0002)
(0.0013 0.0010336992 0.0002)
(0.00135 0.0010336992 0.0002)
(0.0014 0.0010336992 0.0002)
(0.00145 0.0010336992 0.0002)
(0.0015 0.0010336992 0.0002)
(0.00155 0.0010336992 0.0002)
(0.0016 0.0010336992 0.0002)
(0.00165 0.0010336992 0.0002)
(0.0017 0.0010336992 0.0002)
(0.00175 0.0010336992 0.0002)
(0.0018 0.0010336992 0.0002)
(0.00185 0.0010336992 0.0002)
(0.0019 0.0010336992 0.0002)
(0.00195 0.0010336992 0.0002)
(0.002 0.0010336992 0.0002)
(0.00205 0.0010336992 0.0002)
(0.0021 0.0010336992 0.0002)
(0.00215 0.0010336992 0.0002)
(0.0022 0.0010336992 0.0002)
(0.00225 0.0010336992 0.0002)
(0.0023 0.0010336992 0.0002)
(0.00235 0.0010336992 0.0002)
(0.0024 0.0010336992 0.0002)
(0.00245 0.0010336992 0.0002)
(0.0025 0.0010336992 0.0002)
(0.00255 0.0010336992 0.0002)
(0.0026 0.0010336992 0.0002)
(0.00265 0.0010336992 0.0002)
(0.0027 0.0010336992 0.0002)
(0.00275 0.0010336992 0.0002)
(0.0028 0.0010336992 0.0002)
(0.00285 0.0010336992 0.0002)
(0.0029 0.0010336992 0.0002)
(0.00295 0.0010336992 0.0002)
(0.003 0.0010336992 0.0002)
(0.00305 0.0010336992 0.0002)
(0.0031 0.0010336992 0.0002)
(0.00315 0.0010336992 0.0002)
(0.0032 0.0010336992 0.0002)
(0.00325 0.0010336992 0.0002)
(0.0033 0.0010336992 0.0002)
(0.00335 0.0010336992 0.0002)
(0.0034 0.0010336992 0.0002)
(0.00345 0.0010336992 0.0002)
(0.0035 0.0010336992 0.0002)
(0.00355 0.0010336992 0.0002)
(0.0036 0.0010336992 0.0002)
(0.00365 0.0010336992 0.0002)
(0.0037 0.0010336992 0.0002)
(0.00375 0.0010336992 0.0002)
(0.0038 0.0010336992 0.0002)
(0.00385 0.0010336992 0.0002)
(0.0039 0.0010336992 0.0002)
(0.00395 0.0010336992 0.0002)
(0.004 0.0010336992 0.0002)
(0.00405 0.0010336992 0.0002)
(0.0041 0.0010336992 0.0002)
(0.00415 0.0010336992 0.0002)
(0.0042 0.0010336992 0.0002)
(0.00425 0.0010336992 0.0002)
(0.0043 0.0010336992 0.0002)
(0.00435 0.0010336992 0.0002)
(0.0044 0.0010336992 0.0002)
(0.00445 0.0010336992 0.0002)
(0.0045 0.0010336992 0.0002)
(0.00455 0.0010336992 0.0002)
(0.0046 0.0010336992 0.0002)
(0.00465 0.0010336992 0.0002)
(0.0047 0.0010336992 0.0002)
(0.00475 0.0010336992 0.0002)
(0.0048 0.0010336992 0.0002)
(0.00485 0.0010336992 0.0002)
(0.0049 0.0010336992 0.0002)
(0.00495 0.0010336992 0.0002)
(0.005 0.0010336992 0.0002)
(0.00505 0.0010336992 0.0002)
(0.0051 0.0010336992 0.0002)
(0.00515 0.0010336992 0.0002)
(0.0052 0.0010336992 0.0002)
(0.00525 0.0010336992 0.0002)
(0.0053 0.0010336992 0.0002)
(0.00535 0.0010336992 0.0002)
(0.0054 0.0010336992 0.0002)
(0.00545 0.0010336992 0.0002)
(0.0055 0.0010336992 0.0002)
(0.00555 0.0010336992 0.0002)
(0.0056 0.0010336992 0.0002)
(0.00565 0.0010336992 0.0002)
(0.0057 0.0010336992 0.0002)
(0.00575 0.0010336992 0.0002)
(0.0058 0.0010336992 0.0002)
(0.00585 0.0010336992 0.0002)
(0.0059 0.0010336992 0.0002)
(0.00595 0.0010336992 0.0002)
(0.006 0.0010336992 0.0002)
(0.00605 0.0010336992 0.0002)
(0.0061 0.0010336992 0.0002)
(0.00615 0.0010336992 0.0002)
(0.0062 0.0010336992 0.0002)
(0.00625 0.0010336992 0.0002)
(0.0063 0.0010336992 0.0002)
(0.00635 0.0010336992 0.0002)
(0.0064 0.0010336992 0.0002)
(0.00645 0.0010336992 0.0002)
(0.0065 0.0010336992 0.0002)
(0.00655 0.0010336992 0.0002)
(0.0066 0.0010336992 0.0002)
(0.00665 0.0010336992 0.0002)
(0.0067 0.0010336992 0.0002)
(0.00675 0.0010336992 0.0002)
(0.0068 0.0010336992 0.0002)
(0.00685 0.0010336992 0.0002)
(0.0069 0.0010336992 0.0002)
(0.00695 0.0010336992 0.0002)
(0.007 0.0010336992 0.0002)
(0.00705 0.0010336992 0.0002)
(0.0071 0.0010336992 0.0002)
(0.00715 0.0010336992 0.0002)
(0.0072 0.0010336992 0.0002)
(0.00725 0.0010336992 0.0002)
(0.0073 0.0010336992 0.0002)
(0.00735 0.0010336992 0.0002)
(0.0074 0.0010336992 0.0002)
(0.00745 0.0010336992 0.0002)
(0.0075 0.0010336992 0.0002)
(0.00755 0.0010336992 0.0002)
(0.0076 0.0010336992 0.0002)
(0.00765 0.0010336992 0.0002)
(0.0077 0.0010336992 0.0002)
(0.00775 0.0010336992 0.0002)
(0.0078 0.0010336992 0.0002)
(0.00785 0.0010336992 0.0002)
(0.0079 0.0010336992 0.0002)
(0.00795 0.0010336992 0.0002)
(0.008 0.0010336992 0.0002)
(0.00805 0.0010336992 0.0002)
(0.0081 0.0010336992 0.0002)
(0.00815 0.0010336992 0.0002)
(0.0082 0.0010336992 0.0002)
(0.00825 0.0010336992 0.0002)
(0.0083 0.0010336992 0.0002)
(0.00835 0.0010336992 0.0002)
(0.0084 0.0010336992 0.0002)
(0.00845 0.0010336992 0.0002)
(0.0085 0.0010336992 0.0002)
(0.00855 0.0010336992 0.0002)
(0.0086 0.0010336992 0.0002)
(0.00865 0.0010336992 0.0002)
(0.0087 0.0010336992 0.0002)
(0.00875 0.0010336992 0.0002)
(0.0088 0.0010336992 0.0002)
(0.00885 0.0010336992 0.0002)
(0.0089 0.0010336992 0.0002)
(0.00895 0.0010336992 0.0002)
(0.009 0.0010336992 0.0002)
(0.00905 0.0010336992 0.0002)
(0.0091 0.0010336992 0.0002)
(0.00915 0.0010336992 0.0002)
(0.0092 0.0010336992 0.0002)
(0.00925 0.0010336992 0.0002)
(0.0093 0.0010336992 0.0002)
(0.00935 0.0010336992 0.0002)
(0.0094 0.0010336992 0.0002)
(0.00945 0.0010336992 0.0002)
(0.0095 0.0010336992 0.0002)
(0.00955 0.0010336992 0.0002)
(0.0096 0.0010336992 0.0002)
(0.00965 0.0010336992 0.0002)
(0.0097 0.0010336992 0.0002)
(0.00975 0.0010336992 0.0002)
(0.0098 0.0010336992 0.0002)
(0.00985 0.0010336992 0.0002)
(0.0099 0.0010336992 0.0002)
(0.00995 0.0010336992 0.0002)
(0.01 0.0010336992 0.0002)
(0 0.00107677 0.0002)
(5e-05 0.00107677 0.0002)
(0.0001 0.00107677 0.0002)
(0.00015 0.00107677 0.0002)
(0.0002 0.00107677 0.0002)
(0.00025 0.00107677 0.0002)
(0.0003 0.00107677 0.0002)
(0.00035 0.00107677 0.0002)
(0.0004 0.00107677 0.0002)
(0.00045 0.00107677 0.0002)
(0.0005 0.00107677 0.0002)
(0.00055 0.00107677 0.0002)
(0.0006 0.00107677 0.0002)
(0.00065 0.00107677 0.0002)
(0.0007 0.00107677 0.0002)
(0.00075 0.00107677 0.0002)
(0.0008 0.00107677 0.0002)
(0.00085 0.00107677 0.0002)
(0.0009 0.00107677 0.0002)
(0.00095 0.00107677 0.0002)
(0.001 0.00107677 0.0002)
(0.00105 0.00107677 0.0002)
(0.0011 0.00107677 0.0002)
(0.00115 0.00107677 0.0002)
(0.0012 0.00107677 0.0002)
(0.00125 0.00107677 0.0002)
(0.0013 0.00107677 0.0002)
(0.00135 0.00107677 0.0002)
(0.0014 0.00107677 0.0002)
(0.00145 0.00107677 0.0002)
(0.0015 0.00107677 0.0002)
(0.00155 0.00107677 0.0002)
(0.0016 0.00107677 0.0002)
(0.00165 0.00107677 0.0002)
(0.0017 0.00107677 0.0002)
(0.00175 0.00107677 0.0002)
(0.0018 0.00107677 0.0002)
(0.00185 0.00107677 0.0002)
(0.0019 0.00107677 0.0002)
(0.00195 0.00107677 0.0002)
(0.002 0.00107677 0.0002)
(0.00205 0.00107677 0.0002)
(0.0021 0.00107677 0.0002)
(0.00215 0.00107677 0.0002)
(0.0022 0.00107677 0.0002)
(0.00225 0.00107677 0.0002)
(0.0023 0.00107677 0.0002)
(0.00235 0.00107677 0.0002)
(0.0024 0.00107677 0.0002)
(0.00245 0.00107677 0.0002)
(0.0025 0.00107677 0.0002)
(0.00255 0.00107677 0.0002)
(0.0026 0.00107677 0.0002)
(0.00265 0.00107677 0.0002)
(0.0027 0.00107677 0.0002)
(0.00275 0.00107677 0.0002)
(0.0028 0.00107677 0.0002)
(0.00285 0.00107677 0.0002)
(0.0029 0.00107677 0.0002)
(0.00295 0.00107677 0.0002)
(0.003 0.00107677 0.0002)
(0.00305 0.00107677 0.0002)
(0.0031 0.00107677 0.0002)
(0.00315 0.00107677 0.0002)
(0.0032 0.00107677 0.0002)
(0.00325 0.00107677 0.0002)
(0.0033 0.00107677 0.0002)
(0.00335 0.00107677 0.0002)
(0.0034 0.00107677 0.0002)
(0.00345 0.00107677 0.0002)
(0.0035 0.00107677 0.0002)
(0.00355 0.00107677 0.0002)
(0.0036 0.00107677 0.0002)
(0.00365 0.00107677 0.0002)
(0.0037 0.00107677 0.0002)
(0.00375 0.00107677 0.0002)
(0.0038 0.00107677 0.0002)
(0.00385 0.00107677 0.0002)
(0.0039 0.00107677 0.0002)
(0.00395 0.00107677 0.0002)
(0.004 0.00107677 0.0002)
(0.00405 0.00107677 0.0002)
(0.0041 0.00107677 0.0002)
(0.00415 0.00107677 0.0002)
(0.0042 0.00107677 0.0002)
(0.00425 0.00107677 0.0002)
(0.0043 0.00107677 0.0002)
(0.00435 0.00107677 0.0002)
(0.0044 0.00107677 0.0002)
(0.00445 0.00107677 0.0002)
(0.0045 0.00107677 0.0002)
(0.00455 0.00107677 0.0002)
(0.0046 0.00107677 0.0002)
(0.00465 0.00107677 0.0002)
(0.0047 0.00107677 0.0002)
(0.00475 0.00107677 0.0002)
(0.0048 0.00107677 0.0002)
(0.00485 0.00107677 0.0002)
(0.0049 0.00107677 0.0002)
(0.00495 0.00107677 0.0002)
(0.005 0.00107677 0.0002)
(0.00505 0.00107677 0.0002)
(0.0051 0.00107677 0.0002)
(0.00515 0.00107677 0.0002)
(0.0052 0.00107677 0.0002)
(0.00525 0.00107677 0.0002)
(0.0053 0.00107677 0.0002)
(0.00535 0.00107677 0.0002)
(0.0054 0.00107677 0.0002)
(0.00545 0.00107677 0.0002)
(0.0055 0.00107677 0.0002)
(0.00555 0.00107677 0.0002)
(0.0056 0.00107677 0.0002)
(0.00565 0.00107677 0.0002)
(0.0057 0.00107677 0.0002)
(0.00575 0.00107677 0.0002)
(0.0058 0.00107677 0.0002)
(0.00585 0.00107677 0.0002)
(0.0059 0.00107677 0.0002)
(0.00595 0.00107677 0.0002)
(0.006 0.00107677 0.0002)
(0.00605 0.00107677 0.0002)
(0.0061 0.00107677 0.0002)
(0.00615 0.00107677 0.0002)
(0.0062 0.00107677 0.0002)
(0.00625 0.00107677 0.0002)
(0.0063 0.00107677 0.0002)
(0.00635 0.00107677 0.0002)
(0.0064 0.00107677 0.0002)
(0.00645 0.00107677 0.0002)
(0.0065 0.00107677 0.0002)
(0.00655 0.00107677 0.0002)
(0.0066 0.00107677 0.0002)
(0.00665 0.00107677 0.0002)
(0.0067 0.00107677 0.0002)
(0.00675 0.00107677 0.0002)
(0.0068 0.00107677 0.0002)
(0.00685 0.00107677 0.0002)
(0.0069 0.00107677 0.0002)
(0.00695 0.00107677 0.0002)
(0.007 0.00107677 0.0002)
(0.00705 0.00107677 0.0002)
(0.0071 0.00107677 0.0002)
(0.00715 0.00107677 0.0002)
(0.0072 0.00107677 0.0002)
(0.00725 0.00107677 0.0002)
(0.0073 0.00107677 0.0002)
(0.00735 0.00107677 0.0002)
(0.0074 0.00107677 0.0002)
(0.00745 0.00107677 0.0002)
(0.0075 0.00107677 0.0002)
(0.00755 0.00107677 0.0002)
(0.0076 0.00107677 0.0002)
(0.00765 0.00107677 0.0002)
(0.0077 0.00107677 0.0002)
(0.00775 0.00107677 0.0002)
(0.0078 0.00107677 0.0002)
(0.00785 0.00107677 0.0002)
(0.0079 0.00107677 0.0002)
(0.00795 0.00107677 0.0002)
(0.008 0.00107677 0.0002)
(0.00805 0.00107677 0.0002)
(0.0081 0.00107677 0.0002)
(0.00815 0.00107677 0.0002)
(0.0082 0.00107677 0.0002)
(0.00825 0.00107677 0.0002)
(0.0083 0.00107677 0.0002)
(0.00835 0.00107677 0.0002)
(0.0084 0.00107677 0.0002)
(0.00845 0.00107677 0.0002)
(0.0085 0.00107677 0.0002)
(0.00855 0.00107677 0.0002)
(0.0086 0.00107677 0.0002)
(0.00865 0.00107677 0.0002)
(0.0087 0.00107677 0.0002)
(0.00875 0.00107677 0.0002)
(0.0088 0.00107677 0.0002)
(0.00885 0.00107677 0.0002)
(0.0089 0.00107677 0.0002)
(0.00895 0.00107677 0.0002)
(0.009 0.00107677 0.0002)
(0.00905 0.00107677 0.0002)
(0.0091 0.00107677 0.0002)
(0.00915 0.00107677 0.0002)
(0.0092 0.00107677 0.0002)
(0.00925 0.00107677 0.0002)
(0.0093 0.00107677 0.0002)
(0.00935 0.00107677 0.0002)
(0.0094 0.00107677 0.0002)
(0.00945 0.00107677 0.0002)
(0.0095 0.00107677 0.0002)
(0.00955 0.00107677 0.0002)
(0.0096 0.00107677 0.0002)
(0.00965 0.00107677 0.0002)
(0.0097 0.00107677 0.0002)
(0.00975 0.00107677 0.0002)
(0.0098 0.00107677 0.0002)
(0.00985 0.00107677 0.0002)
(0.0099 0.00107677 0.0002)
(0.00995 0.00107677 0.0002)
(0.01 0.00107677 0.0002)
(0 0.0011198408 0)
(5e-05 0.0011198408 0)
(0.0001 0.0011198408 0)
(0.00015 0.0011198408 0)
(0.0002 0.0011198408 0)
(0.00025 0.0011198408 0)
(0.0003 0.0011198408 0)
(0.00035 0.0011198408 0)
(0.0004 0.0011198408 0)
(0.00045 0.0011198408 0)
(0.0005 0.0011198408 0)
(0.00055 0.0011198408 0)
(0.0006 0.0011198408 0)
(0.00065 0.0011198408 0)
(0.0007 0.0011198408 0)
(0.00075 0.0011198408 0)
(0.0008 0.0011198408 0)
(0.00085 0.0011198408 0)
(0.0009 0.0011198408 0)
(0.00095 0.0011198408 0)
(0.001 0.0011198408 0)
(0.00105 0.0011198408 0)
(0.0011 0.0011198408 0)
(0.00115 0.0011198408 0)
(0.0012 0.0011198408 0)
(0.00125 0.0011198408 0)
(0.0013 0.0011198408 0)
(0.00135 0.0011198408 0)
(0.0014 0.0011198408 0)
(0.00145 0.0011198408 0)
(0.0015 0.0011198408 0)
(0.00155 0.0011198408 0)
(0.0016 0.0011198408 0)
(0.00165 0.0011198408 0)
(0.0017 0.0011198408 0)
(0.00175 0.0011198408 0)
(0.0018 0.0011198408 0)
(0.00185 0.0011198408 0)
(0.0019 0.0011198408 0)
(0.00195 0.0011198408 0)
(0.002 0.0011198408 0)
(0.00205 0.0011198408 0)
(0.0021 0.0011198408 0)
(0.00215 0.0011198408 0)
(0.0022 0.0011198408 0)
(0.00225 0.0011198408 0)
(0.0023 0.0011198408 0)
(0.00235 0.0011198408 0)
(0.0024 0.0011198408 0)
(0.00245 0.0011198408 0)
(0.0025 0.0011198408 0)
(0.00255 0.0011198408 0)
(0.0026 0.0011198408 0)
(0.00265 0.0011198408 0)
(0.0027 0.0011198408 0)
(0.00275 0.0011198408 0)
(0.0028 0.0011198408 0)
(0.00285 0.0011198408 0)
(0.0029 0.0011198408 0)
(0.00295 0.0011198408 0)
(0.003 0.0011198408 0)
(0.00305 0.0011198408 0)
(0.0031 0.0011198408 0)
(0.00315 0.0011198408 0)
(0.0032 0.0011198408 0)
(0.00325 0.0011198408 0)
(0.0033 0.0011198408 0)
(0.00335 0.0011198408 0)
(0.0034 0.0011198408 0)
(0.00345 0.0011198408 0)
(0.0035 0.0011198408 0)
(0.00355 0.0011198408 0)
(0.0036 0.0011198408 0)
(0.00365 0.0011198408 0)
(0.0037 0.0011198408 0)
(0.00375 0.0011198408 0)
(0.0038 0.0011198408 0)
(0.00385 0.0011198408 0)
(0.0039 0.0011198408 0)
(0.00395 0.0011198408 0)
(0.004 0.0011198408 0)
(0.00405 0.0011198408 0)
(0.0041 0.0011198408 0)
(0.00415 0.0011198408 0)
(0.0042 0.0011198408 0)
(0.00425 0.0011198408 0)
(0.0043 0.0011198408 0)
(0.00435 0.0011198408 0)
(0.0044 0.0011198408 0)
(0.00445 0.0011198408 0)
(0.0045 0.0011198408 0)
(0.00455 0.0011198408 0)
(0.0046 0.0011198408 0)
(0.00465 0.0011198408 0)
(0.0047 0.0011198408 0)
(0.00475 0.0011198408 0)
(0.0048 0.0011198408 0)
(0.00485 0.0011198408 0)
(0.0049 0.0011198408 0)
(0.00495 0.0011198408 0)
(0.005 0.0011198408 0)
(0.00505 0.0011198408 0)
(0.0051 0.0011198408 0)
(0.00515 0.0011198408 0)
(0.0052 0.0011198408 0)
(0.00525 0.0011198408 0)
(0.0053 0.0011198408 0)
(0.00535 0.0011198408 0)
(0.0054 0.0011198408 0)
(0.00545 0.0011198408 0)
(0.0055 0.0011198408 0)
(0.00555 0.0011198408 0)
(0.0056 0.0011198408 0)
(0.00565 0.0011198408 0)
(0.0057 0.0011198408 0)
(0.00575 0.0011198408 0)
(0.0058 0.0011198408 0)
(0.00585 0.0011198408 0)
(0.0059 0.0011198408 0)
(0.00595 0.0011198408 0)
(0.006 0.0011198408 0)
(0.00605 0.0011198408 0)
(0.0061 0.0011198408 0)
(0.00615 0.0011198408 0)
(0.0062 0.0011198408 0)
(0.00625 0.0011198408 0)
(0.0063 0.0011198408 0)
(0.00635 0.0011198408 0)
(0.0064 0.0011198408 0)
(0.00645 0.0011198408 0)
(0.0065 0.0011198408 0)
(0.00655 0.0011198408 0)
(0.0066 0.0011198408 0)
(0.00665 0.0011198408 0)
(0.0067 0.0011198408 0)
(0.00675 0.0011198408 0)
(0.0068 0.0011198408 0)
(0.00685 0.0011198408 0)
(0.0069 0.0011198408 0)
(0.00695 0.0011198408 0)
(0.007 0.0011198408 0)
(0.00705 0.0011198408 0)
(0.0071 0.0011198408 0)
(0.00715 0.0011198408 0)
(0.0072 0.0011198408 0)
(0.00725 0.0011198408 0)
(0.0073 0.0011198408 0)
(0.00735 0.0011198408 0)
(0.0074 0.0011198408 0)
(0.00745 0.0011198408 0)
(0.0075 0.0011198408 0)
(0.00755 0.0011198408 0)
(0.0076 0.0011198408 0)
(0.00765 0.0011198408 0)
(0.0077 0.0011198408 0)
(0.00775 0.0011198408 0)
(0.0078 0.0011198408 0)
(0.00785 0.0011198408 0)
(0.0079 0.0011198408 0)
(0.00795 0.0011198408 0)
(0.008 0.0011198408 0)
(0.00805 0.0011198408 0)
(0.0081 0.0011198408 0)
(0.00815 0.0011198408 0)
(0.0082 0.0011198408 0)
(0.00825 0.0011198408 0)
(0.0083 0.0011198408 0)
(0.00835 0.0011198408 0)
(0.0084 0.0011198408 0)
(0.00845 0.0011198408 0)
(0.0085 0.0011198408 0)
(0.00855 0.0011198408 0)
(0.0086 0.0011198408 0)
(0.00865 0.0011198408 0)
(0.0087 0.0011198408 0)
(0.00875 0.0011198408 0)
(0.0088 0.0011198408 0)
(0.00885 0.0011198408 0)
(0.0089 0.0011198408 0)
(0.00895 0.0011198408 0)
(0.009 0.0011198408 0)
(0.00905 0.0011198408 0)
(0.0091 0.0011198408 0)
(0.00915 0.0011198408 0)
(0.0092 0.0011198408 0)
(0.00925 0.0011198408 0)
(0.0093 0.0011198408 0)
(0.00935 0.0011198408 0)
(0.0094 0.0011198408 0)
(0.00945 0.0011198408 0)
(0.0095 0.0011198408 0)
(0.00955 0.0011198408 0)
(0.0096 0.0011198408 0)
(0.00965 0.0011198408 0)
(0.0097 0.0011198408 0)
(0.00975 0.0011198408 0)
(0.0098 0.0011198408 0)
(0.00985 0.0011198408 0)
(0.0099 0.0011198408 0)
(0.00995 0.0011198408 0)
(0.01 0.0011198408 0)
(0 0.0011629116 0)
(5e-05 0.0011629116 0)
(0.0001 0.0011629116 0)
(0.00015 0.0011629116 0)
(0.0002 0.0011629116 0)
(0.00025 0.0011629116 0)
(0.0003 0.0011629116 0)
(0.00035 0.0011629116 0)
(0.0004 0.0011629116 0)
(0.00045 0.0011629116 0)
(0.0005 0.0011629116 0)
(0.00055 0.0011629116 0)
(0.0006 0.0011629116 0)
(0.00065 0.0011629116 0)
(0.0007 0.0011629116 0)
(0.00075 0.0011629116 0)
(0.0008 0.0011629116 0)
(0.00085 0.0011629116 0)
(0.0009 0.0011629116 0)
(0.00095 0.0011629116 0)
(0.001 0.0011629116 0)
(0.00105 0.0011629116 0)
(0.0011 0.0011629116 0)
(0.00115 0.0011629116 0)
(0.0012 0.0011629116 0)
(0.00125 0.0011629116 0)
(0.0013 0.0011629116 0)
(0.00135 0.0011629116 0)
(0.0014 0.0011629116 0)
(0.00145 0.0011629116 0)
(0.0015 0.0011629116 0)
(0.00155 0.0011629116 0)
(0.0016 0.0011629116 0)
(0.00165 0.0011629116 0)
(0.0017 0.0011629116 0)
(0.00175 0.0011629116 0)
(0.0018 0.0011629116 0)
(0.00185 0.0011629116 0)
(0.0019 0.0011629116 0)
(0.00195 0.0011629116 0)
(0.002 0.0011629116 0)
(0.00205 0.0011629116 0)
(0.0021 0.0011629116 0)
(0.00215 0.0011629116 0)
(0.0022 0.0011629116 0)
(0.00225 0.0011629116 0)
(0.0023 0.0011629116 0)
(0.00235 0.0011629116 0)
(0.0024 0.0011629116 0)
(0.00245 0.0011629116 0)
(0.0025 0.0011629116 0)
(0.00255 0.0011629116 0)
(0.0026 0.0011629116 0)
(0.00265 0.0011629116 0)
(0.0027 0.0011629116 0)
(0.00275 0.0011629116 0)
(0.0028 0.0011629116 0)
(0.00285 0.0011629116 0)
(0.0029 0.0011629116 0)
(0.00295 0.0011629116 0)
(0.003 0.0011629116 0)
(0.00305 0.0011629116 0)
(0.0031 0.0011629116 0)
(0.00315 0.0011629116 0)
(0.0032 0.0011629116 0)
(0.00325 0.0011629116 0)
(0.0033 0.0011629116 0)
(0.00335 0.0011629116 0)
(0.0034 0.0011629116 0)
(0.00345 0.0011629116 0)
(0.0035 0.0011629116 0)
(0.00355 0.0011629116 0)
(0.0036 0.0011629116 0)
(0.00365 0.0011629116 0)
(0.0037 0.0011629116 0)
(0.00375 0.0011629116 0)
(0.0038 0.0011629116 0)
(0.00385 0.0011629116 0)
(0.0039 0.0011629116 0)
(0.00395 0.0011629116 0)
(0.004 0.0011629116 0)
(0.00405 0.0011629116 0)
(0.0041 0.0011629116 0)
(0.00415 0.0011629116 0)
(0.0042 0.0011629116 0)
(0.00425 0.0011629116 0)
(0.0043 0.0011629116 0)
(0.00435 0.0011629116 0)
(0.0044 0.0011629116 0)
(0.00445 0.0011629116 0)
(0.0045 0.0011629116 0)
(0.00455 0.0011629116 0)
(0.0046 0.0011629116 0)
(0.00465 0.0011629116 0)
(0.0047 0.0011629116 0)
(0.00475 0.0011629116 0)
(0.0048 0.0011629116 0)
(0.00485 0.0011629116 0)
(0.0049 0.0011629116 0)
(0.00495 0.0011629116 0)
(0.005 0.0011629116 0)
(0.00505 0.0011629116 0)
(0.0051 0.0011629116 0)
(0.00515 0.0011629116 0)
(0.0052 0.0011629116 0)
(0.00525 0.0011629116 0)
(0.0053 0.0011629116 0)
(0.00535 0.0011629116 0)
(0.0054 0.0011629116 0)
(0.00545 0.0011629116 0)
(0.0055 0.0011629116 0)
(0.00555 0.0011629116 0)
(0.0056 0.0011629116 0)
(0.00565 0.0011629116 0)
(0.0057 0.0011629116 0)
(0.00575 0.0011629116 0)
(0.0058 0.0011629116 0)
(0.00585 0.0011629116 0)
(0.0059 0.0011629116 0)
(0.00595 0.0011629116 0)
(0.006 0.0011629116 0)
(0.00605 0.0011629116 0)
(0.0061 0.0011629116 0)
(0.00615 0.0011629116 0)
(0.0062 0.0011629116 0)
(0.00625 0.0011629116 0)
(0.0063 0.0011629116 0)
(0.00635 0.0011629116 0)
(0.0064 0.0011629116 0)
(0.00645 0.0011629116 0)
(0.0065 0.0011629116 0)
(0.00655 0.0011629116 0)
(0.0066 0.0011629116 0)
(0.00665 0.0011629116 0)
(0.0067 0.0011629116 0)
(0.00675 0.0011629116 0)
(0.0068 0.0011629116 0)
(0.00685 0.0011629116 0)
(0.0069 0.0011629116 0)
(0.00695 0.0011629116 0)
(0.007 0.0011629116 0)
(0.00705 0.0011629116 0)
(0.0071 0.0011629116 0)
(0.00715 0.0011629116 0)
(0.0072 0.0011629116 0)
(0.00725 0.0011629116 0)
(0.0073 0.0011629116 0)
(0.00735 0.0011629116 0)
(0.0074 0.0011629116 0)
(0.00745 0.0011629116 0)
(0.0075 0.0011629116 0)
(0.00755 0.0011629116 0)
(0.0076 0.0011629116 0)
(0.00765 0.0011629116 0)
(0.0077 0.0011629116 0)
(0.00775 0.0011629116 0)
(0.0078 0.0011629116 0)
(0.00785 0.0011629116 0)
(0.0079 0.0011629116 0)
(0.00795 0.0011629116 0)
(0.008 0.0011629116 0)
(0.00805 0.0011629116 0)
(0.0081 0.0011629116 0)
(0.00815 0.0011629116 0)
(0.0082 0.0011629116 0)
(0.00825 0.0011629116 0)
(0.0083 0.0011629116 0)
(0.00835 0.0011629116 0)
(0.0084 0.0011629116 0)
(0.00845 0.0011629116 0)
(0.0085 0.0011629116 0)
(0.00855 0.0011629116 0)
(0.0086 0.0011629116 0)
(0.00865 0.0011629116 0)
(0.0087 0.0011629116 0)
(0.00875 0.0011629116 0)
(0.0088 0.0011629116 0)
(0.00885 0.0011629116 0)
(0.0089 0.0011629116 0)
(0.00895 0.0011629116 0)
(0.009 0.0011629116 0)
(0.00905 0.0011629116 0)
(0.0091 0.0011629116 0)
(0.00915 0.0011629116 0)
(0.0092 0.0011629116 0)
(0.00925 0.0011629116 0)
(0.0093 0.0011629116 0)
(0.00935 0.0011629116 0)
(0.0094 0.0011629116 0)
(0.00945 0.0011629116 0)
(0.0095 0.0011629116 0)
(0.00955 0.0011629116 0)
(0.0096 0.0011629116 0)
(0.00965 0.0011629116 0)
(0.0097 0.0011629116 0)
(0.00975 0.0011629116 0)
(0.0098 0.0011629116 0)
(0.00985 0.0011629116 0)
(0.0099 0.0011629116 0)
(0.00995 0.0011629116 0)
(0.01 0.0011629116 0)
(0 0.0012059824 0)
(5e-05 0.0012059824 0)
(0.0001 0.0012059824 0)
(0.00015 0.0012059824 0)
(0.0002 0.0012059824 0)
(0.00025 0.0012059824 0)
(0.0003 0.0012059824 0)
(0.00035 0.0012059824 0)
(0.0004 0.0012059824 0)
(0.00045 0.0012059824 0)
(0.0005 0.0012059824 0)
(0.00055 0.0012059824 0)
(0.0006 0.0012059824 0)
(0.00065 0.0012059824 0)
(0.0007 0.0012059824 0)
(0.00075 0.0012059824 0)
(0.0008 0.0012059824 0)
(0.00085 0.0012059824 0)
(0.0009 0.0012059824 0)
(0.00095 0.0012059824 0)
(0.001 0.0012059824 0)
(0.00105 0.0012059824 0)
(0.0011 0.0012059824 0)
(0.00115 0.0012059824 0)
(0.0012 0.0012059824 0)
(0.00125 0.0012059824 0)
(0.0013 0.0012059824 0)
(0.00135 0.0012059824 0)
(0.0014 0.0012059824 0)
(0.00145 0.0012059824 0)
(0.0015 0.0012059824 0)
(0.00155 0.0012059824 0)
(0.0016 0.0012059824 0)
(0.00165 0.0012059824 0)
(0.0017 0.0012059824 0)
(0.00175 0.0012059824 0)
(0.0018 0.0012059824 0)
(0.00185 0.0012059824 0)
(0.0019 0.0012059824 0)
(0.00195 0.0012059824 0)
(0.002 0.0012059824 0)
(0.00205 0.0012059824 0)
(0.0021 0.0012059824 0)
(0.00215 0.0012059824 0)
(0.0022 0.0012059824 0)
(0.00225 0.0012059824 0)
(0.0023 0.0012059824 0)
(0.00235 0.0012059824 0)
(0.0024 0.0012059824 0)
(0.00245 0.0012059824 0)
(0.0025 0.0012059824 0)
(0.00255 0.0012059824 0)
(0.0026 0.0012059824 0)
(0.00265 0.0012059824 0)
(0.0027 0.0012059824 0)
(0.00275 0.0012059824 0)
(0.0028 0.0012059824 0)
(0.00285 0.0012059824 0)
(0.0029 0.0012059824 0)
(0.00295 0.0012059824 0)
(0.003 0.0012059824 0)
(0.00305 0.0012059824 0)
(0.0031 0.0012059824 0)
(0.00315 0.0012059824 0)
(0.0032 0.0012059824 0)
(0.00325 0.0012059824 0)
(0.0033 0.0012059824 0)
(0.00335 0.0012059824 0)
(0.0034 0.0012059824 0)
(0.00345 0.0012059824 0)
(0.0035 0.0012059824 0)
(0.00355 0.0012059824 0)
(0.0036 0.0012059824 0)
(0.00365 0.0012059824 0)
(0.0037 0.0012059824 0)
(0.00375 0.0012059824 0)
(0.0038 0.0012059824 0)
(0.00385 0.0012059824 0)
(0.0039 0.0012059824 0)
(0.00395 0.0012059824 0)
(0.004 0.0012059824 0)
(0.00405 0.0012059824 0)
(0.0041 0.0012059824 0)
(0.00415 0.0012059824 0)
(0.0042 0.0012059824 0)
(0.00425 0.0012059824 0)
(0.0043 0.0012059824 0)
(0.00435 0.0012059824 0)
(0.0044 0.0012059824 0)
(0.00445 0.0012059824 0)
(0.0045 0.0012059824 0)
(0.00455 0.0012059824 0)
(0.0046 0.0012059824 0)
(0.00465 0.0012059824 0)
(0.0047 0.0012059824 0)
(0.00475 0.0012059824 0)
(0.0048 0.0012059824 0)
(0.00485 0.0012059824 0)
(0.0049 0.0012059824 0)
(0.00495 0.0012059824 0)
(0.005 0.0012059824 0)
(0.00505 0.0012059824 0)
(0.0051 0.0012059824 0)
(0.00515 0.0012059824 0)
(0.0052 0.0012059824 0)
(0.00525 0.0012059824 0)
(0.0053 0.0012059824 0)
(0.00535 0.0012059824 0)
(0.0054 0.0012059824 0)
(0.00545 0.0012059824 0)
(0.0055 0.0012059824 0)
(0.00555 0.0012059824 0)
(0.0056 0.0012059824 0)
(0.00565 0.0012059824 0)
(0.0057 0.0012059824 0)
(0.00575 0.0012059824 0)
(0.0058 0.0012059824 0)
(0.00585 0.0012059824 0)
(0.0059 0.0012059824 0)
(0.00595 0.0012059824 0)
(0.006 0.0012059824 0)
(0.00605 0.0012059824 0)
(0.0061 0.0012059824 0)
(0.00615 0.0012059824 0)
(0.0062 0.0012059824 0)
(0.00625 0.0012059824 0)
(0.0063 0.0012059824 0)
(0.00635 0.0012059824 0)
(0.0064 0.0012059824 0)
(0.00645 0.0012059824 0)
(0.0065 0.0012059824 0)
(0.00655 0.0012059824 0)
(0.0066 0.0012059824 0)
(0.00665 0.0012059824 0)
(0.0067 0.0012059824 0)
(0.00675 0.0012059824 0)
(0.0068 0.0012059824 0)
(0.00685 0.0012059824 0)
(0.0069 0.0012059824 0)
(0.00695 0.0012059824 0)
(0.007 0.0012059824 0)
(0.00705 0.0012059824 0)
(0.0071 0.0012059824 0)
(0.00715 0.0012059824 0)
(0.0072 0.0012059824 0)
(0.00725 0.0012059824 0)
(0.0073 0.0012059824 0)
(0.00735 0.0012059824 0)
(0.0074 0.0012059824 0)
(0.00745 0.0012059824 0)
(0.0075 0.0012059824 0)
(0.00755 0.0012059824 0)
(0.0076 0.0012059824 0)
(0.00765 0.0012059824 0)
(0.0077 0.0012059824 0)
(0.00775 0.0012059824 0)
(0.0078 0.0012059824 0)
(0.00785 0.0012059824 0)
(0.0079 0.0012059824 0)
(0.00795 0.0012059824 0)
(0.008 0.0012059824 0)
(0.00805 0.0012059824 0)
(0.0081 0.0012059824 0)
(0.00815 0.0012059824 0)
(0.0082 0.0012059824 0)
(0.00825 0.0012059824 0)
(0.0083 0.0012059824 0)
(0.00835 0.0012059824 0)
(0.0084 0.0012059824 0)
(0.00845 0.0012059824 0)
(0.0085 0.0012059824 0)
(0.00855 0.0012059824 0)
(0.0086 0.0012059824 0)
(0.00865 0.0012059824 0)
(0.0087 0.0012059824 0)
(0.00875 0.0012059824 0)
(0.0088 0.0012059824 0)
(0.00885 0.0012059824 0)
(0.0089 0.0012059824 0)
(0.00895 0.0012059824 0)
(0.009 0.0012059824 0)
(0.00905 0.0012059824 0)
(0.0091 0.0012059824 0)
(0.00915 0.0012059824 0)
(0.0092 0.0012059824 0)
(0.00925 0.0012059824 0)
(0.0093 0.0012059824 0)
(0.00935 0.0012059824 0)
(0.0094 0.0012059824 0)
(0.00945 0.0012059824 0)
(0.0095 0.0012059824 0)
(0.00955 0.0012059824 0)
(0.0096 0.0012059824 0)
(0.00965 0.0012059824 0)
(0.0097 0.0012059824 0)
(0.00975 0.0012059824 0)
(0.0098 0.0012059824 0)
(0.00985 0.0012059824 0)
(0.0099 0.0012059824 0)
(0.00995 0.0012059824 0)
(0.01 0.0012059824 0)
(0 0.0012490532 0)
(5e-05 0.0012490532 0)
(0.0001 0.0012490532 0)
(0.00015 0.0012490532 0)
(0.0002 0.0012490532 0)
(0.00025 0.0012490532 0)
(0.0003 0.0012490532 0)
(0.00035 0.0012490532 0)
(0.0004 0.0012490532 0)
(0.00045 0.0012490532 0)
(0.0005 0.0012490532 0)
(0.00055 0.0012490532 0)
(0.0006 0.0012490532 0)
(0.00065 0.0012490532 0)
(0.0007 0.0012490532 0)
(0.00075 0.0012490532 0)
(0.0008 0.0012490532 0)
(0.00085 0.0012490532 0)
(0.0009 0.0012490532 0)
(0.00095 0.0012490532 0)
(0.001 0.0012490532 0)
(0.00105 0.0012490532 0)
(0.0011 0.0012490532 0)
(0.00115 0.0012490532 0)
(0.0012 0.0012490532 0)
(0.00125 0.0012490532 0)
(0.0013 0.0012490532 0)
(0.00135 0.0012490532 0)
(0.0014 0.0012490532 0)
(0.00145 0.0012490532 0)
(0.0015 0.0012490532 0)
(0.00155 0.0012490532 0)
(0.0016 0.0012490532 0)
(0.00165 0.0012490532 0)
(0.0017 0.0012490532 0)
(0.00175 0.0012490532 0)
(0.0018 0.0012490532 0)
(0.00185 0.0012490532 0)
(0.0019 0.0012490532 0)
(0.00195 0.0012490532 0)
(0.002 0.0012490532 0)
(0.00205 0.0012490532 0)
(0.0021 0.0012490532 0)
(0.00215 0.0012490532 0)
(0.0022 0.0012490532 0)
(0.00225 0.0012490532 0)
(0.0023 0.0012490532 0)
(0.00235 0.0012490532 0)
(0.0024 0.0012490532 0)
(0.00245 0.0012490532 0)
(0.0025 0.0012490532 0)
(0.00255 0.0012490532 0)
(0.0026 0.0012490532 0)
(0.00265 0.0012490532 0)
(0.0027 0.0012490532 0)
(0.00275 0.0012490532 0)
(0.0028 0.0012490532 0)
(0.00285 0.0012490532 0)
(0.0029 0.0012490532 0)
(0.00295 0.0012490532 0)
(0.003 0.0012490532 0)
(0.00305 0.0012490532 0)
(0.0031 0.0012490532 0)
(0.00315 0.0012490532 0)
(0.0032 0.0012490532 0)
(0.00325 0.0012490532 0)
(0.0033 0.0012490532 0)
(0.00335 0.0012490532 0)
(0.0034 0.0012490532 0)
(0.00345 0.0012490532 0)
(0.0035 0.0012490532 0)
(0.00355 0.0012490532 0)
(0.0036 0.0012490532 0)
(0.00365 0.0012490532 0)
(0.0037 0.0012490532 0)
(0.00375 0.0012490532 0)
(0.0038 0.0012490532 0)
(0.00385 0.0012490532 0)
(0.0039 0.0012490532 0)
(0.00395 0.0012490532 0)
(0.004 0.0012490532 0)
(0.00405 0.0012490532 0)
(0.0041 0.0012490532 0)
(0.00415 0.0012490532 0)
(0.0042 0.0012490532 0)
(0.00425 0.0012490532 0)
(0.0043 0.0012490532 0)
(0.00435 0.0012490532 0)
(0.0044 0.0012490532 0)
(0.00445 0.0012490532 0)
(0.0045 0.0012490532 0)
(0.00455 0.0012490532 0)
(0.0046 0.0012490532 0)
(0.00465 0.0012490532 0)
(0.0047 0.0012490532 0)
(0.00475 0.0012490532 0)
(0.0048 0.0012490532 0)
(0.00485 0.0012490532 0)
(0.0049 0.0012490532 0)
(0.00495 0.0012490532 0)
(0.005 0.0012490532 0)
(0.00505 0.0012490532 0)
(0.0051 0.0012490532 0)
(0.00515 0.0012490532 0)
(0.0052 0.0012490532 0)
(0.00525 0.0012490532 0)
(0.0053 0.0012490532 0)
(0.00535 0.0012490532 0)
(0.0054 0.0012490532 0)
(0.00545 0.0012490532 0)
(0.0055 0.0012490532 0)
(0.00555 0.0012490532 0)
(0.0056 0.0012490532 0)
(0.00565 0.0012490532 0)
(0.0057 0.0012490532 0)
(0.00575 0.0012490532 0)
(0.0058 0.0012490532 0)
(0.00585 0.0012490532 0)
(0.0059 0.0012490532 0)
(0.00595 0.0012490532 0)
(0.006 0.0012490532 0)
(0.00605 0.0012490532 0)
(0.0061 0.0012490532 0)
(0.00615 0.0012490532 0)
(0.0062 0.0012490532 0)
(0.00625 0.0012490532 0)
(0.0063 0.0012490532 0)
(0.00635 0.0012490532 0)
(0.0064 0.0012490532 0)
(0.00645 0.0012490532 0)
(0.0065 0.0012490532 0)
(0.00655 0.0012490532 0)
(0.0066 0.0012490532 0)
(0.00665 0.0012490532 0)
(0.0067 0.0012490532 0)
(0.00675 0.0012490532 0)
(0.0068 0.0012490532 0)
(0.00685 0.0012490532 0)
(0.0069 0.0012490532 0)
(0.00695 0.0012490532 0)
(0.007 0.0012490532 0)
(0.00705 0.0012490532 0)
(0.0071 0.0012490532 0)
(0.00715 0.0012490532 0)
(0.0072 0.0012490532 0)
(0.00725 0.0012490532 0)
(0.0073 0.0012490532 0)
(0.00735 0.0012490532 0)
(0.0074 0.0012490532 0)
(0.00745 0.0012490532 0)
(0.0075 0.0012490532 0)
(0.00755 0.0012490532 0)
(0.0076 0.0012490532 0)
(0.00765 0.0012490532 0)
(0.0077 0.0012490532 0)
(0.00775 0.0012490532 0)
(0.0078 0.0012490532 0)
(0.00785 0.0012490532 0)
(0.0079 0.0012490532 0)
(0.00795 0.0012490532 0)
(0.008 0.0012490532 0)
(0.00805 0.0012490532 0)
(0.0081 0.0012490532 0)
(0.00815 0.0012490532 0)
(0.0082 0.0012490532 0)
(0.00825 0.0012490532 0)
(0.0083 0.0012490532 0)
(0.00835 0.0012490532 0)
(0.0084 0.0012490532 0)
(0.00845 0.0012490532 0)
(0.0085 0.0012490532 0)
(0.00855 0.0012490532 0)
(0.0086 0.0012490532 0)
(0.00865 0.0012490532 0)
(0.0087 0.0012490532 0)
(0.00875 0.0012490532 0)
(0.0088 0.0012490532 0)
(0.00885 0.0012490532 0)
(0.0089 0.0012490532 0)
(0.00895 0.0012490532 0)
(0.009 0.0012490532 0)
(0.00905 0.0012490532 0)
(0.0091 0.0012490532 0)
(0.00915 0.0012490532 0)
(0.0092 0.0012490532 0)
(0.00925 0.0012490532 0)
(0.0093 0.0012490532 0)
(0.00935 0.0012490532 0)
(0.0094 0.0012490532 0)
(0.00945 0.0012490532 0)
(0.0095 0.0012490532 0)
(0.00955 0.0012490532 0)
(0.0096 0.0012490532 0)
(0.00965 0.0012490532 0)
(0.0097 0.0012490532 0)
(0.00975 0.0012490532 0)
(0.0098 0.0012490532 0)
(0.00985 0.0012490532 0)
(0.0099 0.0012490532 0)
(0.00995 0.0012490532 0)
(0.01 0.0012490532 0)
(0 0.001292124 0)
(5e-05 0.001292124 0)
(0.0001 0.001292124 0)
(0.00015 0.001292124 0)
(0.0002 0.001292124 0)
(0.00025 0.001292124 0)
(0.0003 0.001292124 0)
(0.00035 0.001292124 0)
(0.0004 0.001292124 0)
(0.00045 0.001292124 0)
(0.0005 0.001292124 0)
(0.00055 0.001292124 0)
(0.0006 0.001292124 0)
(0.00065 0.001292124 0)
(0.0007 0.001292124 0)
(0.00075 0.001292124 0)
(0.0008 0.001292124 0)
(0.00085 0.001292124 0)
(0.0009 0.001292124 0)
(0.00095 0.001292124 0)
(0.001 0.001292124 0)
(0.00105 0.001292124 0)
(0.0011 0.001292124 0)
(0.00115 0.001292124 0)
(0.0012 0.001292124 0)
(0.00125 0.001292124 0)
(0.0013 0.001292124 0)
(0.00135 0.001292124 0)
(0.0014 0.001292124 0)
(0.00145 0.001292124 0)
(0.0015 0.001292124 0)
(0.00155 0.001292124 0)
(0.0016 0.001292124 0)
(0.00165 0.001292124 0)
(0.0017 0.001292124 0)
(0.00175 0.001292124 0)
(0.0018 0.001292124 0)
(0.00185 0.001292124 0)
(0.0019 0.001292124 0)
(0.00195 0.001292124 0)
(0.002 0.001292124 0)
(0.00205 0.001292124 0)
(0.0021 0.001292124 0)
(0.00215 0.001292124 0)
(0.0022 0.001292124 0)
(0.00225 0.001292124 0)
(0.0023 0.001292124 0)
(0.00235 0.001292124 0)
(0.0024 0.001292124 0)
(0.00245 0.001292124 0)
(0.0025 0.001292124 0)
(0.00255 0.001292124 0)
(0.0026 0.001292124 0)
(0.00265 0.001292124 0)
(0.0027 0.001292124 0)
(0.00275 0.001292124 0)
(0.0028 0.001292124 0)
(0.00285 0.001292124 0)
(0.0029 0.001292124 0)
(0.00295 0.001292124 0)
(0.003 0.001292124 0)
(0.00305 0.001292124 0)
(0.0031 0.001292124 0)
(0.00315 0.001292124 0)
(0.0032 0.001292124 0)
(0.00325 0.001292124 0)
(0.0033 0.001292124 0)
(0.00335 0.001292124 0)
(0.0034 0.001292124 0)
(0.00345 0.001292124 0)
(0.0035 0.001292124 0)
(0.00355 0.001292124 0)
(0.0036 0.001292124 0)
(0.00365 0.001292124 0)
(0.0037 0.001292124 0)
(0.00375 0.001292124 0)
(0.0038 0.001292124 0)
(0.00385 0.001292124 0)
(0.0039 0.001292124 0)
(0.00395 0.001292124 0)
(0.004 0.001292124 0)
(0.00405 0.001292124 0)
(0.0041 0.001292124 0)
(0.00415 0.001292124 0)
(0.0042 0.001292124 0)
(0.00425 0.001292124 0)
(0.0043 0.001292124 0)
(0.00435 0.001292124 0)
(0.0044 0.001292124 0)
(0.00445 0.001292124 0)
(0.0045 0.001292124 0)
(0.00455 0.001292124 0)
(0.0046 0.001292124 0)
(0.00465 0.001292124 0)
(0.0047 0.001292124 0)
(0.00475 0.001292124 0)
(0.0048 0.001292124 0)
(0.00485 0.001292124 0)
(0.0049 0.001292124 0)
(0.00495 0.001292124 0)
(0.005 0.001292124 0)
(0.00505 0.001292124 0)
(0.0051 0.001292124 0)
(0.00515 0.001292124 0)
(0.0052 0.001292124 0)
(0.00525 0.001292124 0)
(0.0053 0.001292124 0)
(0.00535 0.001292124 0)
(0.0054 0.001292124 0)
(0.00545 0.001292124 0)
(0.0055 0.001292124 0)
(0.00555 0.001292124 0)
(0.0056 0.001292124 0)
(0.00565 0.001292124 0)
(0.0057 0.001292124 0)
(0.00575 0.001292124 0)
(0.0058 0.001292124 0)
(0.00585 0.001292124 0)
(0.0059 0.001292124 0)
(0.00595 0.001292124 0)
(0.006 0.001292124 0)
(0.00605 0.001292124 0)
(0.0061 0.001292124 0)
(0.00615 0.001292124 0)
(0.0062 0.001292124 0)
(0.00625 0.001292124 0)
(0.0063 0.001292124 0)
(0.00635 0.001292124 0)
(0.0064 0.001292124 0)
(0.00645 0.001292124 0)
(0.0065 0.001292124 0)
(0.00655 0.001292124 0)
(0.0066 0.001292124 0)
(0.00665 0.001292124 0)
(0.0067 0.001292124 0)
(0.00675 0.001292124 0)
(0.0068 0.001292124 0)
(0.00685 0.001292124 0)
(0.0069 0.001292124 0)
(0.00695 0.001292124 0)
(0.007 0.001292124 0)
(0.00705 0.001292124 0)
(0.0071 0.001292124 0)
(0.00715 0.001292124 0)
(0.0072 0.001292124 0)
(0.00725 0.001292124 0)
(0.0073 0.001292124 0)
(0.00735 0.001292124 0)
(0.0074 0.001292124 0)
(0.00745 0.001292124 0)
(0.0075 0.001292124 0)
(0.00755 0.001292124 0)
(0.0076 0.001292124 0)
(0.00765 0.001292124 0)
(0.0077 0.001292124 0)
(0.00775 0.001292124 0)
(0.0078 0.001292124 0)
(0.00785 0.001292124 0)
(0.0079 0.001292124 0)
(0.00795 0.001292124 0)
(0.008 0.001292124 0)
(0.00805 0.001292124 0)
(0.0081 0.001292124 0)
(0.00815 0.001292124 0)
(0.0082 0.001292124 0)
(0.00825 0.001292124 0)
(0.0083 0.001292124 0)
(0.00835 0.001292124 0)
(0.0084 0.001292124 0)
(0.00845 0.001292124 0)
(0.0085 0.001292124 0)
(0.00855 0.001292124 0)
(0.0086 0.001292124 0)
(0.00865 0.001292124 0)
(0.0087 0.001292124 0)
(0.00875 0.001292124 0)
(0.0088 0.001292124 0)
(0.00885 0.001292124 0)
(0.0089 0.001292124 0)
(0.00895 0.001292124 0)
(0.009 0.001292124 0)
(0.00905 0.001292124 0)
(0.0091 0.001292124 0)
(0.00915 0.001292124 0)
(0.0092 0.001292124 0)
(0.00925 0.001292124 0)
(0.0093 0.001292124 0)
(0.00935 0.001292124 0)
(0.0094 0.001292124 0)
(0.00945 0.001292124 0)
(0.0095 0.001292124 0)
(0.00955 0.001292124 0)
(0.0096 0.001292124 0)
(0.00965 0.001292124 0)
(0.0097 0.001292124 0)
(0.00975 0.001292124 0)
(0.0098 0.001292124 0)
(0.00985 0.001292124 0)
(0.0099 0.001292124 0)
(0.00995 0.001292124 0)
(0.01 0.001292124 0)
(0 0.0011198408 0.0002)
(5e-05 0.0011198408 0.0002)
(0.0001 0.0011198408 0.0002)
(0.00015 0.0011198408 0.0002)
(0.0002 0.0011198408 0.0002)
(0.00025 0.0011198408 0.0002)
(0.0003 0.0011198408 0.0002)
(0.00035 0.0011198408 0.0002)
(0.0004 0.0011198408 0.0002)
(0.00045 0.0011198408 0.0002)
(0.0005 0.0011198408 0.0002)
(0.00055 0.0011198408 0.0002)
(0.0006 0.0011198408 0.0002)
(0.00065 0.0011198408 0.0002)
(0.0007 0.0011198408 0.0002)
(0.00075 0.0011198408 0.0002)
(0.0008 0.0011198408 0.0002)
(0.00085 0.0011198408 0.0002)
(0.0009 0.0011198408 0.0002)
(0.00095 0.0011198408 0.0002)
(0.001 0.0011198408 0.0002)
(0.00105 0.0011198408 0.0002)
(0.0011 0.0011198408 0.0002)
(0.00115 0.0011198408 0.0002)
(0.0012 0.0011198408 0.0002)
(0.00125 0.0011198408 0.0002)
(0.0013 0.0011198408 0.0002)
(0.00135 0.0011198408 0.0002)
(0.0014 0.0011198408 0.0002)
(0.00145 0.0011198408 0.0002)
(0.0015 0.0011198408 0.0002)
(0.00155 0.0011198408 0.0002)
(0.0016 0.0011198408 0.0002)
(0.00165 0.0011198408 0.0002)
(0.0017 0.0011198408 0.0002)
(0.00175 0.0011198408 0.0002)
(0.0018 0.0011198408 0.0002)
(0.00185 0.0011198408 0.0002)
(0.0019 0.0011198408 0.0002)
(0.00195 0.0011198408 0.0002)
(0.002 0.0011198408 0.0002)
(0.00205 0.0011198408 0.0002)
(0.0021 0.0011198408 0.0002)
(0.00215 0.0011198408 0.0002)
(0.0022 0.0011198408 0.0002)
(0.00225 0.0011198408 0.0002)
(0.0023 0.0011198408 0.0002)
(0.00235 0.0011198408 0.0002)
(0.0024 0.0011198408 0.0002)
(0.00245 0.0011198408 0.0002)
(0.0025 0.0011198408 0.0002)
(0.00255 0.0011198408 0.0002)
(0.0026 0.0011198408 0.0002)
(0.00265 0.0011198408 0.0002)
(0.0027 0.0011198408 0.0002)
(0.00275 0.0011198408 0.0002)
(0.0028 0.0011198408 0.0002)
(0.00285 0.0011198408 0.0002)
(0.0029 0.0011198408 0.0002)
(0.00295 0.0011198408 0.0002)
(0.003 0.0011198408 0.0002)
(0.00305 0.0011198408 0.0002)
(0.0031 0.0011198408 0.0002)
(0.00315 0.0011198408 0.0002)
(0.0032 0.0011198408 0.0002)
(0.00325 0.0011198408 0.0002)
(0.0033 0.0011198408 0.0002)
(0.00335 0.0011198408 0.0002)
(0.0034 0.0011198408 0.0002)
(0.00345 0.0011198408 0.0002)
(0.0035 0.0011198408 0.0002)
(0.00355 0.0011198408 0.0002)
(0.0036 0.0011198408 0.0002)
(0.00365 0.0011198408 0.0002)
(0.0037 0.0011198408 0.0002)
(0.00375 0.0011198408 0.0002)
(0.0038 0.0011198408 0.0002)
(0.00385 0.0011198408 0.0002)
(0.0039 0.0011198408 0.0002)
(0.00395 0.0011198408 0.0002)
(0.004 0.0011198408 0.0002)
(0.00405 0.0011198408 0.0002)
(0.0041 0.0011198408 0.0002)
(0.00415 0.0011198408 0.0002)
(0.0042 0.0011198408 0.0002)
(0.00425 0.0011198408 0.0002)
(0.0043 0.0011198408 0.0002)
(0.00435 0.0011198408 0.0002)
(0.0044 0.0011198408 0.0002)
(0.00445 0.0011198408 0.0002)
(0.0045 0.0011198408 0.0002)
(0.00455 0.0011198408 0.0002)
(0.0046 0.0011198408 0.0002)
(0.00465 0.0011198408 0.0002)
(0.0047 0.0011198408 0.0002)
(0.00475 0.0011198408 0.0002)
(0.0048 0.0011198408 0.0002)
(0.00485 0.0011198408 0.0002)
(0.0049 0.0011198408 0.0002)
(0.00495 0.0011198408 0.0002)
(0.005 0.0011198408 0.0002)
(0.00505 0.0011198408 0.0002)
(0.0051 0.0011198408 0.0002)
(0.00515 0.0011198408 0.0002)
(0.0052 0.0011198408 0.0002)
(0.00525 0.0011198408 0.0002)
(0.0053 0.0011198408 0.0002)
(0.00535 0.0011198408 0.0002)
(0.0054 0.0011198408 0.0002)
(0.00545 0.0011198408 0.0002)
(0.0055 0.0011198408 0.0002)
(0.00555 0.0011198408 0.0002)
(0.0056 0.0011198408 0.0002)
(0.00565 0.0011198408 0.0002)
(0.0057 0.0011198408 0.0002)
(0.00575 0.0011198408 0.0002)
(0.0058 0.0011198408 0.0002)
(0.00585 0.0011198408 0.0002)
(0.0059 0.0011198408 0.0002)
(0.00595 0.0011198408 0.0002)
(0.006 0.0011198408 0.0002)
(0.00605 0.0011198408 0.0002)
(0.0061 0.0011198408 0.0002)
(0.00615 0.0011198408 0.0002)
(0.0062 0.0011198408 0.0002)
(0.00625 0.0011198408 0.0002)
(0.0063 0.0011198408 0.0002)
(0.00635 0.0011198408 0.0002)
(0.0064 0.0011198408 0.0002)
(0.00645 0.0011198408 0.0002)
(0.0065 0.0011198408 0.0002)
(0.00655 0.0011198408 0.0002)
(0.0066 0.0011198408 0.0002)
(0.00665 0.0011198408 0.0002)
(0.0067 0.0011198408 0.0002)
(0.00675 0.0011198408 0.0002)
(0.0068 0.0011198408 0.0002)
(0.00685 0.0011198408 0.0002)
(0.0069 0.0011198408 0.0002)
(0.00695 0.0011198408 0.0002)
(0.007 0.0011198408 0.0002)
(0.00705 0.0011198408 0.0002)
(0.0071 0.0011198408 0.0002)
(0.00715 0.0011198408 0.0002)
(0.0072 0.0011198408 0.0002)
(0.00725 0.0011198408 0.0002)
(0.0073 0.0011198408 0.0002)
(0.00735 0.0011198408 0.0002)
(0.0074 0.0011198408 0.0002)
(0.00745 0.0011198408 0.0002)
(0.0075 0.0011198408 0.0002)
(0.00755 0.0011198408 0.0002)
(0.0076 0.0011198408 0.0002)
(0.00765 0.0011198408 0.0002)
(0.0077 0.0011198408 0.0002)
(0.00775 0.0011198408 0.0002)
(0.0078 0.0011198408 0.0002)
(0.00785 0.0011198408 0.0002)
(0.0079 0.0011198408 0.0002)
(0.00795 0.0011198408 0.0002)
(0.008 0.0011198408 0.0002)
(0.00805 0.0011198408 0.0002)
(0.0081 0.0011198408 0.0002)
(0.00815 0.0011198408 0.0002)
(0.0082 0.0011198408 0.0002)
(0.00825 0.0011198408 0.0002)
(0.0083 0.0011198408 0.0002)
(0.00835 0.0011198408 0.0002)
(0.0084 0.0011198408 0.0002)
(0.00845 0.0011198408 0.0002)
(0.0085 0.0011198408 0.0002)
(0.00855 0.0011198408 0.0002)
(0.0086 0.0011198408 0.0002)
(0.00865 0.0011198408 0.0002)
(0.0087 0.0011198408 0.0002)
(0.00875 0.0011198408 0.0002)
(0.0088 0.0011198408 0.0002)
(0.00885 0.0011198408 0.0002)
(0.0089 0.0011198408 0.0002)
(0.00895 0.0011198408 0.0002)
(0.009 0.0011198408 0.0002)
(0.00905 0.0011198408 0.0002)
(0.0091 0.0011198408 0.0002)
(0.00915 0.0011198408 0.0002)
(0.0092 0.0011198408 0.0002)
(0.00925 0.0011198408 0.0002)
(0.0093 0.0011198408 0.0002)
(0.00935 0.0011198408 0.0002)
(0.0094 0.0011198408 0.0002)
(0.00945 0.0011198408 0.0002)
(0.0095 0.0011198408 0.0002)
(0.00955 0.0011198408 0.0002)
(0.0096 0.0011198408 0.0002)
(0.00965 0.0011198408 0.0002)
(0.0097 0.0011198408 0.0002)
(0.00975 0.0011198408 0.0002)
(0.0098 0.0011198408 0.0002)
(0.00985 0.0011198408 0.0002)
(0.0099 0.0011198408 0.0002)
(0.00995 0.0011198408 0.0002)
(0.01 0.0011198408 0.0002)
(0 0.0011629116 0.0002)
(5e-05 0.0011629116 0.0002)
(0.0001 0.0011629116 0.0002)
(0.00015 0.0011629116 0.0002)
(0.0002 0.0011629116 0.0002)
(0.00025 0.0011629116 0.0002)
(0.0003 0.0011629116 0.0002)
(0.00035 0.0011629116 0.0002)
(0.0004 0.0011629116 0.0002)
(0.00045 0.0011629116 0.0002)
(0.0005 0.0011629116 0.0002)
(0.00055 0.0011629116 0.0002)
(0.0006 0.0011629116 0.0002)
(0.00065 0.0011629116 0.0002)
(0.0007 0.0011629116 0.0002)
(0.00075 0.0011629116 0.0002)
(0.0008 0.0011629116 0.0002)
(0.00085 0.0011629116 0.0002)
(0.0009 0.0011629116 0.0002)
(0.00095 0.0011629116 0.0002)
(0.001 0.0011629116 0.0002)
(0.00105 0.0011629116 0.0002)
(0.0011 0.0011629116 0.0002)
(0.00115 0.0011629116 0.0002)
(0.0012 0.0011629116 0.0002)
(0.00125 0.0011629116 0.0002)
(0.0013 0.0011629116 0.0002)
(0.00135 0.0011629116 0.0002)
(0.0014 0.0011629116 0.0002)
(0.00145 0.0011629116 0.0002)
(0.0015 0.0011629116 0.0002)
(0.00155 0.0011629116 0.0002)
(0.0016 0.0011629116 0.0002)
(0.00165 0.0011629116 0.0002)
(0.0017 0.0011629116 0.0002)
(0.00175 0.0011629116 0.0002)
(0.0018 0.0011629116 0.0002)
(0.00185 0.0011629116 0.0002)
(0.0019 0.0011629116 0.0002)
(0.00195 0.0011629116 0.0002)
(0.002 0.0011629116 0.0002)
(0.00205 0.0011629116 0.0002)
(0.0021 0.0011629116 0.0002)
(0.00215 0.0011629116 0.0002)
(0.0022 0.0011629116 0.0002)
(0.00225 0.0011629116 0.0002)
(0.0023 0.0011629116 0.0002)
(0.00235 0.0011629116 0.0002)
(0.0024 0.0011629116 0.0002)
(0.00245 0.0011629116 0.0002)
(0.0025 0.0011629116 0.0002)
(0.00255 0.0011629116 0.0002)
(0.0026 0.0011629116 0.0002)
(0.00265 0.0011629116 0.0002)
(0.0027 0.0011629116 0.0002)
(0.00275 0.0011629116 0.0002)
(0.0028 0.0011629116 0.0002)
(0.00285 0.0011629116 0.0002)
(0.0029 0.0011629116 0.0002)
(0.00295 0.0011629116 0.0002)
(0.003 0.0011629116 0.0002)
(0.00305 0.0011629116 0.0002)
(0.0031 0.0011629116 0.0002)
(0.00315 0.0011629116 0.0002)
(0.0032 0.0011629116 0.0002)
(0.00325 0.0011629116 0.0002)
(0.0033 0.0011629116 0.0002)
(0.00335 0.0011629116 0.0002)
(0.0034 0.0011629116 0.0002)
(0.00345 0.0011629116 0.0002)
(0.0035 0.0011629116 0.0002)
(0.00355 0.0011629116 0.0002)
(0.0036 0.0011629116 0.0002)
(0.00365 0.0011629116 0.0002)
(0.0037 0.0011629116 0.0002)
(0.00375 0.0011629116 0.0002)
(0.0038 0.0011629116 0.0002)
(0.00385 0.0011629116 0.0002)
(0.0039 0.0011629116 0.0002)
(0.00395 0.0011629116 0.0002)
(0.004 0.0011629116 0.0002)
(0.00405 0.0011629116 0.0002)
(0.0041 0.0011629116 0.0002)
(0.00415 0.0011629116 0.0002)
(0.0042 0.0011629116 0.0002)
(0.00425 0.0011629116 0.0002)
(0.0043 0.0011629116 0.0002)
(0.00435 0.0011629116 0.0002)
(0.0044 0.0011629116 0.0002)
(0.00445 0.0011629116 0.0002)
(0.0045 0.0011629116 0.0002)
(0.00455 0.0011629116 0.0002)
(0.0046 0.0011629116 0.0002)
(0.00465 0.0011629116 0.0002)
(0.0047 0.0011629116 0.0002)
(0.00475 0.0011629116 0.0002)
(0.0048 0.0011629116 0.0002)
(0.00485 0.0011629116 0.0002)
(0.0049 0.0011629116 0.0002)
(0.00495 0.0011629116 0.0002)
(0.005 0.0011629116 0.0002)
(0.00505 0.0011629116 0.0002)
(0.0051 0.0011629116 0.0002)
(0.00515 0.0011629116 0.0002)
(0.0052 0.0011629116 0.0002)
(0.00525 0.0011629116 0.0002)
(0.0053 0.0011629116 0.0002)
(0.00535 0.0011629116 0.0002)
(0.0054 0.0011629116 0.0002)
(0.00545 0.0011629116 0.0002)
(0.0055 0.0011629116 0.0002)
(0.00555 0.0011629116 0.0002)
(0.0056 0.0011629116 0.0002)
(0.00565 0.0011629116 0.0002)
(0.0057 0.0011629116 0.0002)
(0.00575 0.0011629116 0.0002)
(0.0058 0.0011629116 0.0002)
(0.00585 0.0011629116 0.0002)
(0.0059 0.0011629116 0.0002)
(0.00595 0.0011629116 0.0002)
(0.006 0.0011629116 0.0002)
(0.00605 0.0011629116 0.0002)
(0.0061 0.0011629116 0.0002)
(0.00615 0.0011629116 0.0002)
(0.0062 0.0011629116 0.0002)
(0.00625 0.0011629116 0.0002)
(0.0063 0.0011629116 0.0002)
(0.00635 0.0011629116 0.0002)
(0.0064 0.0011629116 0.0002)
(0.00645 0.0011629116 0.0002)
(0.0065 0.0011629116 0.0002)
(0.00655 0.0011629116 0.0002)
(0.0066 0.0011629116 0.0002)
(0.00665 0.0011629116 0.0002)
(0.0067 0.0011629116 0.0002)
(0.00675 0.0011629116 0.0002)
(0.0068 0.0011629116 0.0002)
(0.00685 0.0011629116 0.0002)
(0.0069 0.0011629116 0.0002)
(0.00695 0.0011629116 0.0002)
(0.007 0.0011629116 0.0002)
(0.00705 0.0011629116 0.0002)
(0.0071 0.0011629116 0.0002)
(0.00715 0.0011629116 0.0002)
(0.0072 0.0011629116 0.0002)
(0.00725 0.0011629116 0.0002)
(0.0073 0.0011629116 0.0002)
(0.00735 0.0011629116 0.0002)
(0.0074 0.0011629116 0.0002)
(0.00745 0.0011629116 0.0002)
(0.0075 0.0011629116 0.0002)
(0.00755 0.0011629116 0.0002)
(0.0076 0.0011629116 0.0002)
(0.00765 0.0011629116 0.0002)
(0.0077 0.0011629116 0.0002)
(0.00775 0.0011629116 0.0002)
(0.0078 0.0011629116 0.0002)
(0.00785 0.0011629116 0.0002)
(0.0079 0.0011629116 0.0002)
(0.00795 0.0011629116 0.0002)
(0.008 0.0011629116 0.0002)
(0.00805 0.0011629116 0.0002)
(0.0081 0.0011629116 0.0002)
(0.00815 0.0011629116 0.0002)
(0.0082 0.0011629116 0.0002)
(0.00825 0.0011629116 0.0002)
(0.0083 0.0011629116 0.0002)
(0.00835 0.0011629116 0.0002)
(0.0084 0.0011629116 0.0002)
(0.00845 0.0011629116 0.0002)
(0.0085 0.0011629116 0.0002)
(0.00855 0.0011629116 0.0002)
(0.0086 0.0011629116 0.0002)
(0.00865 0.0011629116 0.0002)
(0.0087 0.0011629116 0.0002)
(0.00875 0.0011629116 0.0002)
(0.0088 0.0011629116 0.0002)
(0.00885 0.0011629116 0.0002)
(0.0089 0.0011629116 0.0002)
(0.00895 0.0011629116 0.0002)
(0.009 0.0011629116 0.0002)
(0.00905 0.0011629116 0.0002)
(0.0091 0.0011629116 0.0002)
(0.00915 0.0011629116 0.0002)
(0.0092 0.0011629116 0.0002)
(0.00925 0.0011629116 0.0002)
(0.0093 0.0011629116 0.0002)
(0.00935 0.0011629116 0.0002)
(0.0094 0.0011629116 0.0002)
(0.00945 0.0011629116 0.0002)
(0.0095 0.0011629116 0.0002)
(0.00955 0.0011629116 0.0002)
(0.0096 0.0011629116 0.0002)
(0.00965 0.0011629116 0.0002)
(0.0097 0.0011629116 0.0002)
(0.00975 0.0011629116 0.0002)
(0.0098 0.0011629116 0.0002)
(0.00985 0.0011629116 0.0002)
(0.0099 0.0011629116 0.0002)
(0.00995 0.0011629116 0.0002)
(0.01 0.0011629116 0.0002)
(0 0.0012059824 0.0002)
(5e-05 0.0012059824 0.0002)
(0.0001 0.0012059824 0.0002)
(0.00015 0.0012059824 0.0002)
(0.0002 0.0012059824 0.0002)
(0.00025 0.0012059824 0.0002)
(0.0003 0.0012059824 0.0002)
(0.00035 0.0012059824 0.0002)
(0.0004 0.0012059824 0.0002)
(0.00045 0.0012059824 0.0002)
(0.0005 0.0012059824 0.0002)
(0.00055 0.0012059824 0.0002)
(0.0006 0.0012059824 0.0002)
(0.00065 0.0012059824 0.0002)
(0.0007 0.0012059824 0.0002)
(0.00075 0.0012059824 0.0002)
(0.0008 0.0012059824 0.0002)
(0.00085 0.0012059824 0.0002)
(0.0009 0.0012059824 0.0002)
(0.00095 0.0012059824 0.0002)
(0.001 0.0012059824 0.0002)
(0.00105 0.0012059824 0.0002)
(0.0011 0.0012059824 0.0002)
(0.00115 0.0012059824 0.0002)
(0.0012 0.0012059824 0.0002)
(0.00125 0.0012059824 0.0002)
(0.0013 0.0012059824 0.0002)
(0.00135 0.0012059824 0.0002)
(0.0014 0.0012059824 0.0002)
(0.00145 0.0012059824 0.0002)
(0.0015 0.0012059824 0.0002)
(0.00155 0.0012059824 0.0002)
(0.0016 0.0012059824 0.0002)
(0.00165 0.0012059824 0.0002)
(0.0017 0.0012059824 0.0002)
(0.00175 0.0012059824 0.0002)
(0.0018 0.0012059824 0.0002)
(0.00185 0.0012059824 0.0002)
(0.0019 0.0012059824 0.0002)
(0.00195 0.0012059824 0.0002)
(0.002 0.0012059824 0.0002)
(0.00205 0.0012059824 0.0002)
(0.0021 0.0012059824 0.0002)
(0.00215 0.0012059824 0.0002)
(0.0022 0.0012059824 0.0002)
(0.00225 0.0012059824 0.0002)
(0.0023 0.0012059824 0.0002)
(0.00235 0.0012059824 0.0002)
(0.0024 0.0012059824 0.0002)
(0.00245 0.0012059824 0.0002)
(0.0025 0.0012059824 0.0002)
(0.00255 0.0012059824 0.0002)
(0.0026 0.0012059824 0.0002)
(0.00265 0.0012059824 0.0002)
(0.0027 0.0012059824 0.0002)
(0.00275 0.0012059824 0.0002)
(0.0028 0.0012059824 0.0002)
(0.00285 0.0012059824 0.0002)
(0.0029 0.0012059824 0.0002)
(0.00295 0.0012059824 0.0002)
(0.003 0.0012059824 0.0002)
(0.00305 0.0012059824 0.0002)
(0.0031 0.0012059824 0.0002)
(0.00315 0.0012059824 0.0002)
(0.0032 0.0012059824 0.0002)
(0.00325 0.0012059824 0.0002)
(0.0033 0.0012059824 0.0002)
(0.00335 0.0012059824 0.0002)
(0.0034 0.0012059824 0.0002)
(0.00345 0.0012059824 0.0002)
(0.0035 0.0012059824 0.0002)
(0.00355 0.0012059824 0.0002)
(0.0036 0.0012059824 0.0002)
(0.00365 0.0012059824 0.0002)
(0.0037 0.0012059824 0.0002)
(0.00375 0.0012059824 0.0002)
(0.0038 0.0012059824 0.0002)
(0.00385 0.0012059824 0.0002)
(0.0039 0.0012059824 0.0002)
(0.00395 0.0012059824 0.0002)
(0.004 0.0012059824 0.0002)
(0.00405 0.0012059824 0.0002)
(0.0041 0.0012059824 0.0002)
(0.00415 0.0012059824 0.0002)
(0.0042 0.0012059824 0.0002)
(0.00425 0.0012059824 0.0002)
(0.0043 0.0012059824 0.0002)
(0.00435 0.0012059824 0.0002)
(0.0044 0.0012059824 0.0002)
(0.00445 0.0012059824 0.0002)
(0.0045 0.0012059824 0.0002)
(0.00455 0.0012059824 0.0002)
(0.0046 0.0012059824 0.0002)
(0.00465 0.0012059824 0.0002)
(0.0047 0.0012059824 0.0002)
(0.00475 0.0012059824 0.0002)
(0.0048 0.0012059824 0.0002)
(0.00485 0.0012059824 0.0002)
(0.0049 0.0012059824 0.0002)
(0.00495 0.0012059824 0.0002)
(0.005 0.0012059824 0.0002)
(0.00505 0.0012059824 0.0002)
(0.0051 0.0012059824 0.0002)
(0.00515 0.0012059824 0.0002)
(0.0052 0.0012059824 0.0002)
(0.00525 0.0012059824 0.0002)
(0.0053 0.0012059824 0.0002)
(0.00535 0.0012059824 0.0002)
(0.0054 0.0012059824 0.0002)
(0.00545 0.0012059824 0.0002)
(0.0055 0.0012059824 0.0002)
(0.00555 0.0012059824 0.0002)
(0.0056 0.0012059824 0.0002)
(0.00565 0.0012059824 0.0002)
(0.0057 0.0012059824 0.0002)
(0.00575 0.0012059824 0.0002)
(0.0058 0.0012059824 0.0002)
(0.00585 0.0012059824 0.0002)
(0.0059 0.0012059824 0.0002)
(0.00595 0.0012059824 0.0002)
(0.006 0.0012059824 0.0002)
(0.00605 0.0012059824 0.0002)
(0.0061 0.0012059824 0.0002)
(0.00615 0.0012059824 0.0002)
(0.0062 0.0012059824 0.0002)
(0.00625 0.0012059824 0.0002)
(0.0063 0.0012059824 0.0002)
(0.00635 0.0012059824 0.0002)
(0.0064 0.0012059824 0.0002)
(0.00645 0.0012059824 0.0002)
(0.0065 0.0012059824 0.0002)
(0.00655 0.0012059824 0.0002)
(0.0066 0.0012059824 0.0002)
(0.00665 0.0012059824 0.0002)
(0.0067 0.0012059824 0.0002)
(0.00675 0.0012059824 0.0002)
(0.0068 0.0012059824 0.0002)
(0.00685 0.0012059824 0.0002)
(0.0069 0.0012059824 0.0002)
(0.00695 0.0012059824 0.0002)
(0.007 0.0012059824 0.0002)
(0.00705 0.0012059824 0.0002)
(0.0071 0.0012059824 0.0002)
(0.00715 0.0012059824 0.0002)
(0.0072 0.0012059824 0.0002)
(0.00725 0.0012059824 0.0002)
(0.0073 0.0012059824 0.0002)
(0.00735 0.0012059824 0.0002)
(0.0074 0.0012059824 0.0002)
(0.00745 0.0012059824 0.0002)
(0.0075 0.0012059824 0.0002)
(0.00755 0.0012059824 0.0002)
(0.0076 0.0012059824 0.0002)
(0.00765 0.0012059824 0.0002)
(0.0077 0.0012059824 0.0002)
(0.00775 0.0012059824 0.0002)
(0.0078 0.0012059824 0.0002)
(0.00785 0.0012059824 0.0002)
(0.0079 0.0012059824 0.0002)
(0.00795 0.0012059824 0.0002)
(0.008 0.0012059824 0.0002)
(0.00805 0.0012059824 0.0002)
(0.0081 0.0012059824 0.0002)
(0.00815 0.0012059824 0.0002)
(0.0082 0.0012059824 0.0002)
(0.00825 0.0012059824 0.0002)
(0.0083 0.0012059824 0.0002)
(0.00835 0.0012059824 0.0002)
(0.0084 0.0012059824 0.0002)
(0.00845 0.0012059824 0.0002)
(0.0085 0.0012059824 0.0002)
(0.00855 0.0012059824 0.0002)
(0.0086 0.0012059824 0.0002)
(0.00865 0.0012059824 0.0002)
(0.0087 0.0012059824 0.0002)
(0.00875 0.0012059824 0.0002)
(0.0088 0.0012059824 0.0002)
(0.00885 0.0012059824 0.0002)
(0.0089 0.0012059824 0.0002)
(0.00895 0.0012059824 0.0002)
(0.009 0.0012059824 0.0002)
(0.00905 0.0012059824 0.0002)
(0.0091 0.0012059824 0.0002)
(0.00915 0.0012059824 0.0002)
(0.0092 0.0012059824 0.0002)
(0.00925 0.0012059824 0.0002)
(0.0093 0.0012059824 0.0002)
(0.00935 0.0012059824 0.0002)
(0.0094 0.0012059824 0.0002)
(0.00945 0.0012059824 0.0002)
(0.0095 0.0012059824 0.0002)
(0.00955 0.0012059824 0.0002)
(0.0096 0.0012059824 0.0002)
(0.00965 0.0012059824 0.0002)
(0.0097 0.0012059824 0.0002)
(0.00975 0.0012059824 0.0002)
(0.0098 0.0012059824 0.0002)
(0.00985 0.0012059824 0.0002)
(0.0099 0.0012059824 0.0002)
(0.00995 0.0012059824 0.0002)
(0.01 0.0012059824 0.0002)
(0 0.0012490532 0.0002)
(5e-05 0.0012490532 0.0002)
(0.0001 0.0012490532 0.0002)
(0.00015 0.0012490532 0.0002)
(0.0002 0.0012490532 0.0002)
(0.00025 0.0012490532 0.0002)
(0.0003 0.0012490532 0.0002)
(0.00035 0.0012490532 0.0002)
(0.0004 0.0012490532 0.0002)
(0.00045 0.0012490532 0.0002)
(0.0005 0.0012490532 0.0002)
(0.00055 0.0012490532 0.0002)
(0.0006 0.0012490532 0.0002)
(0.00065 0.0012490532 0.0002)
(0.0007 0.0012490532 0.0002)
(0.00075 0.0012490532 0.0002)
(0.0008 0.0012490532 0.0002)
(0.00085 0.0012490532 0.0002)
(0.0009 0.0012490532 0.0002)
(0.00095 0.0012490532 0.0002)
(0.001 0.0012490532 0.0002)
(0.00105 0.0012490532 0.0002)
(0.0011 0.0012490532 0.0002)
(0.00115 0.0012490532 0.0002)
(0.0012 0.0012490532 0.0002)
(0.00125 0.0012490532 0.0002)
(0.0013 0.0012490532 0.0002)
(0.00135 0.0012490532 0.0002)
(0.0014 0.0012490532 0.0002)
(0.00145 0.0012490532 0.0002)
(0.0015 0.0012490532 0.0002)
(0.00155 0.0012490532 0.0002)
(0.0016 0.0012490532 0.0002)
(0.00165 0.0012490532 0.0002)
(0.0017 0.0012490532 0.0002)
(0.00175 0.0012490532 0.0002)
(0.0018 0.0012490532 0.0002)
(0.00185 0.0012490532 0.0002)
(0.0019 0.0012490532 0.0002)
(0.00195 0.0012490532 0.0002)
(0.002 0.0012490532 0.0002)
(0.00205 0.0012490532 0.0002)
(0.0021 0.0012490532 0.0002)
(0.00215 0.0012490532 0.0002)
(0.0022 0.0012490532 0.0002)
(0.00225 0.0012490532 0.0002)
(0.0023 0.0012490532 0.0002)
(0.00235 0.0012490532 0.0002)
(0.0024 0.0012490532 0.0002)
(0.00245 0.0012490532 0.0002)
(0.0025 0.0012490532 0.0002)
(0.00255 0.0012490532 0.0002)
(0.0026 0.0012490532 0.0002)
(0.00265 0.0012490532 0.0002)
(0.0027 0.0012490532 0.0002)
(0.00275 0.0012490532 0.0002)
(0.0028 0.0012490532 0.0002)
(0.00285 0.0012490532 0.0002)
(0.0029 0.0012490532 0.0002)
(0.00295 0.0012490532 0.0002)
(0.003 0.0012490532 0.0002)
(0.00305 0.0012490532 0.0002)
(0.0031 0.0012490532 0.0002)
(0.00315 0.0012490532 0.0002)
(0.0032 0.0012490532 0.0002)
(0.00325 0.0012490532 0.0002)
(0.0033 0.0012490532 0.0002)
(0.00335 0.0012490532 0.0002)
(0.0034 0.0012490532 0.0002)
(0.00345 0.0012490532 0.0002)
(0.0035 0.0012490532 0.0002)
(0.00355 0.0012490532 0.0002)
(0.0036 0.0012490532 0.0002)
(0.00365 0.0012490532 0.0002)
(0.0037 0.0012490532 0.0002)
(0.00375 0.0012490532 0.0002)
(0.0038 0.0012490532 0.0002)
(0.00385 0.0012490532 0.0002)
(0.0039 0.0012490532 0.0002)
(0.00395 0.0012490532 0.0002)
(0.004 0.0012490532 0.0002)
(0.00405 0.0012490532 0.0002)
(0.0041 0.0012490532 0.0002)
(0.00415 0.0012490532 0.0002)
(0.0042 0.0012490532 0.0002)
(0.00425 0.0012490532 0.0002)
(0.0043 0.0012490532 0.0002)
(0.00435 0.0012490532 0.0002)
(0.0044 0.0012490532 0.0002)
(0.00445 0.0012490532 0.0002)
(0.0045 0.0012490532 0.0002)
(0.00455 0.0012490532 0.0002)
(0.0046 0.0012490532 0.0002)
(0.00465 0.0012490532 0.0002)
(0.0047 0.0012490532 0.0002)
(0.00475 0.0012490532 0.0002)
(0.0048 0.0012490532 0.0002)
(0.00485 0.0012490532 0.0002)
(0.0049 0.0012490532 0.0002)
(0.00495 0.0012490532 0.0002)
(0.005 0.0012490532 0.0002)
(0.00505 0.0012490532 0.0002)
(0.0051 0.0012490532 0.0002)
(0.00515 0.0012490532 0.0002)
(0.0052 0.0012490532 0.0002)
(0.00525 0.0012490532 0.0002)
(0.0053 0.0012490532 0.0002)
(0.00535 0.0012490532 0.0002)
(0.0054 0.0012490532 0.0002)
(0.00545 0.0012490532 0.0002)
(0.0055 0.0012490532 0.0002)
(0.00555 0.0012490532 0.0002)
(0.0056 0.0012490532 0.0002)
(0.00565 0.0012490532 0.0002)
(0.0057 0.0012490532 0.0002)
(0.00575 0.0012490532 0.0002)
(0.0058 0.0012490532 0.0002)
(0.00585 0.0012490532 0.0002)
(0.0059 0.0012490532 0.0002)
(0.00595 0.0012490532 0.0002)
(0.006 0.0012490532 0.0002)
(0.00605 0.0012490532 0.0002)
(0.0061 0.0012490532 0.0002)
(0.00615 0.0012490532 0.0002)
(0.0062 0.0012490532 0.0002)
(0.00625 0.0012490532 0.0002)
(0.0063 0.0012490532 0.0002)
(0.00635 0.0012490532 0.0002)
(0.0064 0.0012490532 0.0002)
(0.00645 0.0012490532 0.0002)
(0.0065 0.0012490532 0.0002)
(0.00655 0.0012490532 0.0002)
(0.0066 0.0012490532 0.0002)
(0.00665 0.0012490532 0.0002)
(0.0067 0.0012490532 0.0002)
(0.00675 0.0012490532 0.0002)
(0.0068 0.0012490532 0.0002)
(0.00685 0.0012490532 0.0002)
(0.0069 0.0012490532 0.0002)
(0.00695 0.0012490532 0.0002)
(0.007 0.0012490532 0.0002)
(0.00705 0.0012490532 0.0002)
(0.0071 0.0012490532 0.0002)
(0.00715 0.0012490532 0.0002)
(0.0072 0.0012490532 0.0002)
(0.00725 0.0012490532 0.0002)
(0.0073 0.0012490532 0.0002)
(0.00735 0.0012490532 0.0002)
(0.0074 0.0012490532 0.0002)
(0.00745 0.0012490532 0.0002)
(0.0075 0.0012490532 0.0002)
(0.00755 0.0012490532 0.0002)
(0.0076 0.0012490532 0.0002)
(0.00765 0.0012490532 0.0002)
(0.0077 0.0012490532 0.0002)
(0.00775 0.0012490532 0.0002)
(0.0078 0.0012490532 0.0002)
(0.00785 0.0012490532 0.0002)
(0.0079 0.0012490532 0.0002)
(0.00795 0.0012490532 0.0002)
(0.008 0.0012490532 0.0002)
(0.00805 0.0012490532 0.0002)
(0.0081 0.0012490532 0.0002)
(0.00815 0.0012490532 0.0002)
(0.0082 0.0012490532 0.0002)
(0.00825 0.0012490532 0.0002)
(0.0083 0.0012490532 0.0002)
(0.00835 0.0012490532 0.0002)
(0.0084 0.0012490532 0.0002)
(0.00845 0.0012490532 0.0002)
(0.0085 0.0012490532 0.0002)
(0.00855 0.0012490532 0.0002)
(0.0086 0.0012490532 0.0002)
(0.00865 0.0012490532 0.0002)
(0.0087 0.0012490532 0.0002)
(0.00875 0.0012490532 0.0002)
(0.0088 0.0012490532 0.0002)
(0.00885 0.0012490532 0.0002)
(0.0089 0.0012490532 0.0002)
(0.00895 0.0012490532 0.0002)
(0.009 0.0012490532 0.0002)
(0.00905 0.0012490532 0.0002)
(0.0091 0.0012490532 0.0002)
(0.00915 0.0012490532 0.0002)
(0.0092 0.0012490532 0.0002)
(0.00925 0.0012490532 0.0002)
(0.0093 0.0012490532 0.0002)
(0.00935 0.0012490532 0.0002)
(0.0094 0.0012490532 0.0002)
(0.00945 0.0012490532 0.0002)
(0.0095 0.0012490532 0.0002)
(0.00955 0.0012490532 0.0002)
(0.0096 0.0012490532 0.0002)
(0.00965 0.0012490532 0.0002)
(0.0097 0.0012490532 0.0002)
(0.00975 0.0012490532 0.0002)
(0.0098 0.0012490532 0.0002)
(0.00985 0.0012490532 0.0002)
(0.0099 0.0012490532 0.0002)
(0.00995 0.0012490532 0.0002)
(0.01 0.0012490532 0.0002)
(0 0.001292124 0.0002)
(5e-05 0.001292124 0.0002)
(0.0001 0.001292124 0.0002)
(0.00015 0.001292124 0.0002)
(0.0002 0.001292124 0.0002)
(0.00025 0.001292124 0.0002)
(0.0003 0.001292124 0.0002)
(0.00035 0.001292124 0.0002)
(0.0004 0.001292124 0.0002)
(0.00045 0.001292124 0.0002)
(0.0005 0.001292124 0.0002)
(0.00055 0.001292124 0.0002)
(0.0006 0.001292124 0.0002)
(0.00065 0.001292124 0.0002)
(0.0007 0.001292124 0.0002)
(0.00075 0.001292124 0.0002)
(0.0008 0.001292124 0.0002)
(0.00085 0.001292124 0.0002)
(0.0009 0.001292124 0.0002)
(0.00095 0.001292124 0.0002)
(0.001 0.001292124 0.0002)
(0.00105 0.001292124 0.0002)
(0.0011 0.001292124 0.0002)
(0.00115 0.001292124 0.0002)
(0.0012 0.001292124 0.0002)
(0.00125 0.001292124 0.0002)
(0.0013 0.001292124 0.0002)
(0.00135 0.001292124 0.0002)
(0.0014 0.001292124 0.0002)
(0.00145 0.001292124 0.0002)
(0.0015 0.001292124 0.0002)
(0.00155 0.001292124 0.0002)
(0.0016 0.001292124 0.0002)
(0.00165 0.001292124 0.0002)
(0.0017 0.001292124 0.0002)
(0.00175 0.001292124 0.0002)
(0.0018 0.001292124 0.0002)
(0.00185 0.001292124 0.0002)
(0.0019 0.001292124 0.0002)
(0.00195 0.001292124 0.0002)
(0.002 0.001292124 0.0002)
(0.00205 0.001292124 0.0002)
(0.0021 0.001292124 0.0002)
(0.00215 0.001292124 0.0002)
(0.0022 0.001292124 0.0002)
(0.00225 0.001292124 0.0002)
(0.0023 0.001292124 0.0002)
(0.00235 0.001292124 0.0002)
(0.0024 0.001292124 0.0002)
(0.00245 0.001292124 0.0002)
(0.0025 0.001292124 0.0002)
(0.00255 0.001292124 0.0002)
(0.0026 0.001292124 0.0002)
(0.00265 0.001292124 0.0002)
(0.0027 0.001292124 0.0002)
(0.00275 0.001292124 0.0002)
(0.0028 0.001292124 0.0002)
(0.00285 0.001292124 0.0002)
(0.0029 0.001292124 0.0002)
(0.00295 0.001292124 0.0002)
(0.003 0.001292124 0.0002)
(0.00305 0.001292124 0.0002)
(0.0031 0.001292124 0.0002)
(0.00315 0.001292124 0.0002)
(0.0032 0.001292124 0.0002)
(0.00325 0.001292124 0.0002)
(0.0033 0.001292124 0.0002)
(0.00335 0.001292124 0.0002)
(0.0034 0.001292124 0.0002)
(0.00345 0.001292124 0.0002)
(0.0035 0.001292124 0.0002)
(0.00355 0.001292124 0.0002)
(0.0036 0.001292124 0.0002)
(0.00365 0.001292124 0.0002)
(0.0037 0.001292124 0.0002)
(0.00375 0.001292124 0.0002)
(0.0038 0.001292124 0.0002)
(0.00385 0.001292124 0.0002)
(0.0039 0.001292124 0.0002)
(0.00395 0.001292124 0.0002)
(0.004 0.001292124 0.0002)
(0.00405 0.001292124 0.0002)
(0.0041 0.001292124 0.0002)
(0.00415 0.001292124 0.0002)
(0.0042 0.001292124 0.0002)
(0.00425 0.001292124 0.0002)
(0.0043 0.001292124 0.0002)
(0.00435 0.001292124 0.0002)
(0.0044 0.001292124 0.0002)
(0.00445 0.001292124 0.0002)
(0.0045 0.001292124 0.0002)
(0.00455 0.001292124 0.0002)
(0.0046 0.001292124 0.0002)
(0.00465 0.001292124 0.0002)
(0.0047 0.001292124 0.0002)
(0.00475 0.001292124 0.0002)
(0.0048 0.001292124 0.0002)
(0.00485 0.001292124 0.0002)
(0.0049 0.001292124 0.0002)
(0.00495 0.001292124 0.0002)
(0.005 0.001292124 0.0002)
(0.00505 0.001292124 0.0002)
(0.0051 0.001292124 0.0002)
(0.00515 0.001292124 0.0002)
(0.0052 0.001292124 0.0002)
(0.00525 0.001292124 0.0002)
(0.0053 0.001292124 0.0002)
(0.00535 0.001292124 0.0002)
(0.0054 0.001292124 0.0002)
(0.00545 0.001292124 0.0002)
(0.0055 0.001292124 0.0002)
(0.00555 0.001292124 0.0002)
(0.0056 0.001292124 0.0002)
(0.00565 0.001292124 0.0002)
(0.0057 0.001292124 0.0002)
(0.00575 0.001292124 0.0002)
(0.0058 0.001292124 0.0002)
(0.00585 0.001292124 0.0002)
(0.0059 0.001292124 0.0002)
(0.00595 0.001292124 0.0002)
(0.006 0.001292124 0.0002)
(0.00605 0.001292124 0.0002)
(0.0061 0.001292124 0.0002)
(0.00615 0.001292124 0.0002)
(0.0062 0.001292124 0.0002)
(0.00625 0.001292124 0.0002)
(0.0063 0.001292124 0.0002)
(0.00635 0.001292124 0.0002)
(0.0064 0.001292124 0.0002)
(0.00645 0.001292124 0.0002)
(0.0065 0.001292124 0.0002)
(0.00655 0.001292124 0.0002)
(0.0066 0.001292124 0.0002)
(0.00665 0.001292124 0.0002)
(0.0067 0.001292124 0.0002)
(0.00675 0.001292124 0.0002)
(0.0068 0.001292124 0.0002)
(0.00685 0.001292124 0.0002)
(0.0069 0.001292124 0.0002)
(0.00695 0.001292124 0.0002)
(0.007 0.001292124 0.0002)
(0.00705 0.001292124 0.0002)
(0.0071 0.001292124 0.0002)
(0.00715 0.001292124 0.0002)
(0.0072 0.001292124 0.0002)
(0.00725 0.001292124 0.0002)
(0.0073 0.001292124 0.0002)
(0.00735 0.001292124 0.0002)
(0.0074 0.001292124 0.0002)
(0.00745 0.001292124 0.0002)
(0.0075 0.001292124 0.0002)
(0.00755 0.001292124 0.0002)
(0.0076 0.001292124 0.0002)
(0.00765 0.001292124 0.0002)
(0.0077 0.001292124 0.0002)
(0.00775 0.001292124 0.0002)
(0.0078 0.001292124 0.0002)
(0.00785 0.001292124 0.0002)
(0.0079 0.001292124 0.0002)
(0.00795 0.001292124 0.0002)
(0.008 0.001292124 0.0002)
(0.00805 0.001292124 0.0002)
(0.0081 0.001292124 0.0002)
(0.00815 0.001292124 0.0002)
(0.0082 0.001292124 0.0002)
(0.00825 0.001292124 0.0002)
(0.0083 0.001292124 0.0002)
(0.00835 0.001292124 0.0002)
(0.0084 0.001292124 0.0002)
(0.00845 0.001292124 0.0002)
(0.0085 0.001292124 0.0002)
(0.00855 0.001292124 0.0002)
(0.0086 0.001292124 0.0002)
(0.00865 0.001292124 0.0002)
(0.0087 0.001292124 0.0002)
(0.00875 0.001292124 0.0002)
(0.0088 0.001292124 0.0002)
(0.00885 0.001292124 0.0002)
(0.0089 0.001292124 0.0002)
(0.00895 0.001292124 0.0002)
(0.009 0.001292124 0.0002)
(0.00905 0.001292124 0.0002)
(0.0091 0.001292124 0.0002)
(0.00915 0.001292124 0.0002)
(0.0092 0.001292124 0.0002)
(0.00925 0.001292124 0.0002)
(0.0093 0.001292124 0.0002)
(0.00935 0.001292124 0.0002)
(0.0094 0.001292124 0.0002)
(0.00945 0.001292124 0.0002)
(0.0095 0.001292124 0.0002)
(0.00955 0.001292124 0.0002)
(0.0096 0.001292124 0.0002)
(0.00965 0.001292124 0.0002)
(0.0097 0.001292124 0.0002)
(0.00975 0.001292124 0.0002)
(0.0098 0.001292124 0.0002)
(0.00985 0.001292124 0.0002)
(0.0099 0.001292124 0.0002)
(0.00995 0.001292124 0.0002)
(0.01 0.001292124 0.0002)
(0 0.0013351948 0)
(5e-05 0.0013351948 0)
(0.0001 0.0013351948 0)
(0.00015 0.0013351948 0)
(0.0002 0.0013351948 0)
(0.00025 0.0013351948 0)
(0.0003 0.0013351948 0)
(0.00035 0.0013351948 0)
(0.0004 0.0013351948 0)
(0.00045 0.0013351948 0)
(0.0005 0.0013351948 0)
(0.00055 0.0013351948 0)
(0.0006 0.0013351948 0)
(0.00065 0.0013351948 0)
(0.0007 0.0013351948 0)
(0.00075 0.0013351948 0)
(0.0008 0.0013351948 0)
(0.00085 0.0013351948 0)
(0.0009 0.0013351948 0)
(0.00095 0.0013351948 0)
(0.001 0.0013351948 0)
(0.00105 0.0013351948 0)
(0.0011 0.0013351948 0)
(0.00115 0.0013351948 0)
(0.0012 0.0013351948 0)
(0.00125 0.0013351948 0)
(0.0013 0.0013351948 0)
(0.00135 0.0013351948 0)
(0.0014 0.0013351948 0)
(0.00145 0.0013351948 0)
(0.0015 0.0013351948 0)
(0.00155 0.0013351948 0)
(0.0016 0.0013351948 0)
(0.00165 0.0013351948 0)
(0.0017 0.0013351948 0)
(0.00175 0.0013351948 0)
(0.0018 0.0013351948 0)
(0.00185 0.0013351948 0)
(0.0019 0.0013351948 0)
(0.00195 0.0013351948 0)
(0.002 0.0013351948 0)
(0.00205 0.0013351948 0)
(0.0021 0.0013351948 0)
(0.00215 0.0013351948 0)
(0.0022 0.0013351948 0)
(0.00225 0.0013351948 0)
(0.0023 0.0013351948 0)
(0.00235 0.0013351948 0)
(0.0024 0.0013351948 0)
(0.00245 0.0013351948 0)
(0.0025 0.0013351948 0)
(0.00255 0.0013351948 0)
(0.0026 0.0013351948 0)
(0.00265 0.0013351948 0)
(0.0027 0.0013351948 0)
(0.00275 0.0013351948 0)
(0.0028 0.0013351948 0)
(0.00285 0.0013351948 0)
(0.0029 0.0013351948 0)
(0.00295 0.0013351948 0)
(0.003 0.0013351948 0)
(0.00305 0.0013351948 0)
(0.0031 0.0013351948 0)
(0.00315 0.0013351948 0)
(0.0032 0.0013351948 0)
(0.00325 0.0013351948 0)
(0.0033 0.0013351948 0)
(0.00335 0.0013351948 0)
(0.0034 0.0013351948 0)
(0.00345 0.0013351948 0)
(0.0035 0.0013351948 0)
(0.00355 0.0013351948 0)
(0.0036 0.0013351948 0)
(0.00365 0.0013351948 0)
(0.0037 0.0013351948 0)
(0.00375 0.0013351948 0)
(0.0038 0.0013351948 0)
(0.00385 0.0013351948 0)
(0.0039 0.0013351948 0)
(0.00395 0.0013351948 0)
(0.004 0.0013351948 0)
(0.00405 0.0013351948 0)
(0.0041 0.0013351948 0)
(0.00415 0.0013351948 0)
(0.0042 0.0013351948 0)
(0.00425 0.0013351948 0)
(0.0043 0.0013351948 0)
(0.00435 0.0013351948 0)
(0.0044 0.0013351948 0)
(0.00445 0.0013351948 0)
(0.0045 0.0013351948 0)
(0.00455 0.0013351948 0)
(0.0046 0.0013351948 0)
(0.00465 0.0013351948 0)
(0.0047 0.0013351948 0)
(0.00475 0.0013351948 0)
(0.0048 0.0013351948 0)
(0.00485 0.0013351948 0)
(0.0049 0.0013351948 0)
(0.00495 0.0013351948 0)
(0.005 0.0013351948 0)
(0.00505 0.0013351948 0)
(0.0051 0.0013351948 0)
(0.00515 0.0013351948 0)
(0.0052 0.0013351948 0)
(0.00525 0.0013351948 0)
(0.0053 0.0013351948 0)
(0.00535 0.0013351948 0)
(0.0054 0.0013351948 0)
(0.00545 0.0013351948 0)
(0.0055 0.0013351948 0)
(0.00555 0.0013351948 0)
(0.0056 0.0013351948 0)
(0.00565 0.0013351948 0)
(0.0057 0.0013351948 0)
(0.00575 0.0013351948 0)
(0.0058 0.0013351948 0)
(0.00585 0.0013351948 0)
(0.0059 0.0013351948 0)
(0.00595 0.0013351948 0)
(0.006 0.0013351948 0)
(0.00605 0.0013351948 0)
(0.0061 0.0013351948 0)
(0.00615 0.0013351948 0)
(0.0062 0.0013351948 0)
(0.00625 0.0013351948 0)
(0.0063 0.0013351948 0)
(0.00635 0.0013351948 0)
(0.0064 0.0013351948 0)
(0.00645 0.0013351948 0)
(0.0065 0.0013351948 0)
(0.00655 0.0013351948 0)
(0.0066 0.0013351948 0)
(0.00665 0.0013351948 0)
(0.0067 0.0013351948 0)
(0.00675 0.0013351948 0)
(0.0068 0.0013351948 0)
(0.00685 0.0013351948 0)
(0.0069 0.0013351948 0)
(0.00695 0.0013351948 0)
(0.007 0.0013351948 0)
(0.00705 0.0013351948 0)
(0.0071 0.0013351948 0)
(0.00715 0.0013351948 0)
(0.0072 0.0013351948 0)
(0.00725 0.0013351948 0)
(0.0073 0.0013351948 0)
(0.00735 0.0013351948 0)
(0.0074 0.0013351948 0)
(0.00745 0.0013351948 0)
(0.0075 0.0013351948 0)
(0.00755 0.0013351948 0)
(0.0076 0.0013351948 0)
(0.00765 0.0013351948 0)
(0.0077 0.0013351948 0)
(0.00775 0.0013351948 0)
(0.0078 0.0013351948 0)
(0.00785 0.0013351948 0)
(0.0079 0.0013351948 0)
(0.00795 0.0013351948 0)
(0.008 0.0013351948 0)
(0.00805 0.0013351948 0)
(0.0081 0.0013351948 0)
(0.00815 0.0013351948 0)
(0.0082 0.0013351948 0)
(0.00825 0.0013351948 0)
(0.0083 0.0013351948 0)
(0.00835 0.0013351948 0)
(0.0084 0.0013351948 0)
(0.00845 0.0013351948 0)
(0.0085 0.0013351948 0)
(0.00855 0.0013351948 0)
(0.0086 0.0013351948 0)
(0.00865 0.0013351948 0)
(0.0087 0.0013351948 0)
(0.00875 0.0013351948 0)
(0.0088 0.0013351948 0)
(0.00885 0.0013351948 0)
(0.0089 0.0013351948 0)
(0.00895 0.0013351948 0)
(0.009 0.0013351948 0)
(0.00905 0.0013351948 0)
(0.0091 0.0013351948 0)
(0.00915 0.0013351948 0)
(0.0092 0.0013351948 0)
(0.00925 0.0013351948 0)
(0.0093 0.0013351948 0)
(0.00935 0.0013351948 0)
(0.0094 0.0013351948 0)
(0.00945 0.0013351948 0)
(0.0095 0.0013351948 0)
(0.00955 0.0013351948 0)
(0.0096 0.0013351948 0)
(0.00965 0.0013351948 0)
(0.0097 0.0013351948 0)
(0.00975 0.0013351948 0)
(0.0098 0.0013351948 0)
(0.00985 0.0013351948 0)
(0.0099 0.0013351948 0)
(0.00995 0.0013351948 0)
(0.01 0.0013351948 0)
(0 0.0013782656 0)
(5e-05 0.0013782656 0)
(0.0001 0.0013782656 0)
(0.00015 0.0013782656 0)
(0.0002 0.0013782656 0)
(0.00025 0.0013782656 0)
(0.0003 0.0013782656 0)
(0.00035 0.0013782656 0)
(0.0004 0.0013782656 0)
(0.00045 0.0013782656 0)
(0.0005 0.0013782656 0)
(0.00055 0.0013782656 0)
(0.0006 0.0013782656 0)
(0.00065 0.0013782656 0)
(0.0007 0.0013782656 0)
(0.00075 0.0013782656 0)
(0.0008 0.0013782656 0)
(0.00085 0.0013782656 0)
(0.0009 0.0013782656 0)
(0.00095 0.0013782656 0)
(0.001 0.0013782656 0)
(0.00105 0.0013782656 0)
(0.0011 0.0013782656 0)
(0.00115 0.0013782656 0)
(0.0012 0.0013782656 0)
(0.00125 0.0013782656 0)
(0.0013 0.0013782656 0)
(0.00135 0.0013782656 0)
(0.0014 0.0013782656 0)
(0.00145 0.0013782656 0)
(0.0015 0.0013782656 0)
(0.00155 0.0013782656 0)
(0.0016 0.0013782656 0)
(0.00165 0.0013782656 0)
(0.0017 0.0013782656 0)
(0.00175 0.0013782656 0)
(0.0018 0.0013782656 0)
(0.00185 0.0013782656 0)
(0.0019 0.0013782656 0)
(0.00195 0.0013782656 0)
(0.002 0.0013782656 0)
(0.00205 0.0013782656 0)
(0.0021 0.0013782656 0)
(0.00215 0.0013782656 0)
(0.0022 0.0013782656 0)
(0.00225 0.0013782656 0)
(0.0023 0.0013782656 0)
(0.00235 0.0013782656 0)
(0.0024 0.0013782656 0)
(0.00245 0.0013782656 0)
(0.0025 0.0013782656 0)
(0.00255 0.0013782656 0)
(0.0026 0.0013782656 0)
(0.00265 0.0013782656 0)
(0.0027 0.0013782656 0)
(0.00275 0.0013782656 0)
(0.0028 0.0013782656 0)
(0.00285 0.0013782656 0)
(0.0029 0.0013782656 0)
(0.00295 0.0013782656 0)
(0.003 0.0013782656 0)
(0.00305 0.0013782656 0)
(0.0031 0.0013782656 0)
(0.00315 0.0013782656 0)
(0.0032 0.0013782656 0)
(0.00325 0.0013782656 0)
(0.0033 0.0013782656 0)
(0.00335 0.0013782656 0)
(0.0034 0.0013782656 0)
(0.00345 0.0013782656 0)
(0.0035 0.0013782656 0)
(0.00355 0.0013782656 0)
(0.0036 0.0013782656 0)
(0.00365 0.0013782656 0)
(0.0037 0.0013782656 0)
(0.00375 0.0013782656 0)
(0.0038 0.0013782656 0)
(0.00385 0.0013782656 0)
(0.0039 0.0013782656 0)
(0.00395 0.0013782656 0)
(0.004 0.0013782656 0)
(0.00405 0.0013782656 0)
(0.0041 0.0013782656 0)
(0.00415 0.0013782656 0)
(0.0042 0.0013782656 0)
(0.00425 0.0013782656 0)
(0.0043 0.0013782656 0)
(0.00435 0.0013782656 0)
(0.0044 0.0013782656 0)
(0.00445 0.0013782656 0)
(0.0045 0.0013782656 0)
(0.00455 0.0013782656 0)
(0.0046 0.0013782656 0)
(0.00465 0.0013782656 0)
(0.0047 0.0013782656 0)
(0.00475 0.0013782656 0)
(0.0048 0.0013782656 0)
(0.00485 0.0013782656 0)
(0.0049 0.0013782656 0)
(0.00495 0.0013782656 0)
(0.005 0.0013782656 0)
(0.00505 0.0013782656 0)
(0.0051 0.0013782656 0)
(0.00515 0.0013782656 0)
(0.0052 0.0013782656 0)
(0.00525 0.0013782656 0)
(0.0053 0.0013782656 0)
(0.00535 0.0013782656 0)
(0.0054 0.0013782656 0)
(0.00545 0.0013782656 0)
(0.0055 0.0013782656 0)
(0.00555 0.0013782656 0)
(0.0056 0.0013782656 0)
(0.00565 0.0013782656 0)
(0.0057 0.0013782656 0)
(0.00575 0.0013782656 0)
(0.0058 0.0013782656 0)
(0.00585 0.0013782656 0)
(0.0059 0.0013782656 0)
(0.00595 0.0013782656 0)
(0.006 0.0013782656 0)
(0.00605 0.0013782656 0)
(0.0061 0.0013782656 0)
(0.00615 0.0013782656 0)
(0.0062 0.0013782656 0)
(0.00625 0.0013782656 0)
(0.0063 0.0013782656 0)
(0.00635 0.0013782656 0)
(0.0064 0.0013782656 0)
(0.00645 0.0013782656 0)
(0.0065 0.0013782656 0)
(0.00655 0.0013782656 0)
(0.0066 0.0013782656 0)
(0.00665 0.0013782656 0)
(0.0067 0.0013782656 0)
(0.00675 0.0013782656 0)
(0.0068 0.0013782656 0)
(0.00685 0.0013782656 0)
(0.0069 0.0013782656 0)
(0.00695 0.0013782656 0)
(0.007 0.0013782656 0)
(0.00705 0.0013782656 0)
(0.0071 0.0013782656 0)
(0.00715 0.0013782656 0)
(0.0072 0.0013782656 0)
(0.00725 0.0013782656 0)
(0.0073 0.0013782656 0)
(0.00735 0.0013782656 0)
(0.0074 0.0013782656 0)
(0.00745 0.0013782656 0)
(0.0075 0.0013782656 0)
(0.00755 0.0013782656 0)
(0.0076 0.0013782656 0)
(0.00765 0.0013782656 0)
(0.0077 0.0013782656 0)
(0.00775 0.0013782656 0)
(0.0078 0.0013782656 0)
(0.00785 0.0013782656 0)
(0.0079 0.0013782656 0)
(0.00795 0.0013782656 0)
(0.008 0.0013782656 0)
(0.00805 0.0013782656 0)
(0.0081 0.0013782656 0)
(0.00815 0.0013782656 0)
(0.0082 0.0013782656 0)
(0.00825 0.0013782656 0)
(0.0083 0.0013782656 0)
(0.00835 0.0013782656 0)
(0.0084 0.0013782656 0)
(0.00845 0.0013782656 0)
(0.0085 0.0013782656 0)
(0.00855 0.0013782656 0)
(0.0086 0.0013782656 0)
(0.00865 0.0013782656 0)
(0.0087 0.0013782656 0)
(0.00875 0.0013782656 0)
(0.0088 0.0013782656 0)
(0.00885 0.0013782656 0)
(0.0089 0.0013782656 0)
(0.00895 0.0013782656 0)
(0.009 0.0013782656 0)
(0.00905 0.0013782656 0)
(0.0091 0.0013782656 0)
(0.00915 0.0013782656 0)
(0.0092 0.0013782656 0)
(0.00925 0.0013782656 0)
(0.0093 0.0013782656 0)
(0.00935 0.0013782656 0)
(0.0094 0.0013782656 0)
(0.00945 0.0013782656 0)
(0.0095 0.0013782656 0)
(0.00955 0.0013782656 0)
(0.0096 0.0013782656 0)
(0.00965 0.0013782656 0)
(0.0097 0.0013782656 0)
(0.00975 0.0013782656 0)
(0.0098 0.0013782656 0)
(0.00985 0.0013782656 0)
(0.0099 0.0013782656 0)
(0.00995 0.0013782656 0)
(0.01 0.0013782656 0)
(0 0.0014213364 0)
(5e-05 0.0014213364 0)
(0.0001 0.0014213364 0)
(0.00015 0.0014213364 0)
(0.0002 0.0014213364 0)
(0.00025 0.0014213364 0)
(0.0003 0.0014213364 0)
(0.00035 0.0014213364 0)
(0.0004 0.0014213364 0)
(0.00045 0.0014213364 0)
(0.0005 0.0014213364 0)
(0.00055 0.0014213364 0)
(0.0006 0.0014213364 0)
(0.00065 0.0014213364 0)
(0.0007 0.0014213364 0)
(0.00075 0.0014213364 0)
(0.0008 0.0014213364 0)
(0.00085 0.0014213364 0)
(0.0009 0.0014213364 0)
(0.00095 0.0014213364 0)
(0.001 0.0014213364 0)
(0.00105 0.0014213364 0)
(0.0011 0.0014213364 0)
(0.00115 0.0014213364 0)
(0.0012 0.0014213364 0)
(0.00125 0.0014213364 0)
(0.0013 0.0014213364 0)
(0.00135 0.0014213364 0)
(0.0014 0.0014213364 0)
(0.00145 0.0014213364 0)
(0.0015 0.0014213364 0)
(0.00155 0.0014213364 0)
(0.0016 0.0014213364 0)
(0.00165 0.0014213364 0)
(0.0017 0.0014213364 0)
(0.00175 0.0014213364 0)
(0.0018 0.0014213364 0)
(0.00185 0.0014213364 0)
(0.0019 0.0014213364 0)
(0.00195 0.0014213364 0)
(0.002 0.0014213364 0)
(0.00205 0.0014213364 0)
(0.0021 0.0014213364 0)
(0.00215 0.0014213364 0)
(0.0022 0.0014213364 0)
(0.00225 0.0014213364 0)
(0.0023 0.0014213364 0)
(0.00235 0.0014213364 0)
(0.0024 0.0014213364 0)
(0.00245 0.0014213364 0)
(0.0025 0.0014213364 0)
(0.00255 0.0014213364 0)
(0.0026 0.0014213364 0)
(0.00265 0.0014213364 0)
(0.0027 0.0014213364 0)
(0.00275 0.0014213364 0)
(0.0028 0.0014213364 0)
(0.00285 0.0014213364 0)
(0.0029 0.0014213364 0)
(0.00295 0.0014213364 0)
(0.003 0.0014213364 0)
(0.00305 0.0014213364 0)
(0.0031 0.0014213364 0)
(0.00315 0.0014213364 0)
(0.0032 0.0014213364 0)
(0.00325 0.0014213364 0)
(0.0033 0.0014213364 0)
(0.00335 0.0014213364 0)
(0.0034 0.0014213364 0)
(0.00345 0.0014213364 0)
(0.0035 0.0014213364 0)
(0.00355 0.0014213364 0)
(0.0036 0.0014213364 0)
(0.00365 0.0014213364 0)
(0.0037 0.0014213364 0)
(0.00375 0.0014213364 0)
(0.0038 0.0014213364 0)
(0.00385 0.0014213364 0)
(0.0039 0.0014213364 0)
(0.00395 0.0014213364 0)
(0.004 0.0014213364 0)
(0.00405 0.0014213364 0)
(0.0041 0.0014213364 0)
(0.00415 0.0014213364 0)
(0.0042 0.0014213364 0)
(0.00425 0.0014213364 0)
(0.0043 0.0014213364 0)
(0.00435 0.0014213364 0)
(0.0044 0.0014213364 0)
(0.00445 0.0014213364 0)
(0.0045 0.0014213364 0)
(0.00455 0.0014213364 0)
(0.0046 0.0014213364 0)
(0.00465 0.0014213364 0)
(0.0047 0.0014213364 0)
(0.00475 0.0014213364 0)
(0.0048 0.0014213364 0)
(0.00485 0.0014213364 0)
(0.0049 0.0014213364 0)
(0.00495 0.0014213364 0)
(0.005 0.0014213364 0)
(0.00505 0.0014213364 0)
(0.0051 0.0014213364 0)
(0.00515 0.0014213364 0)
(0.0052 0.0014213364 0)
(0.00525 0.0014213364 0)
(0.0053 0.0014213364 0)
(0.00535 0.0014213364 0)
(0.0054 0.0014213364 0)
(0.00545 0.0014213364 0)
(0.0055 0.0014213364 0)
(0.00555 0.0014213364 0)
(0.0056 0.0014213364 0)
(0.00565 0.0014213364 0)
(0.0057 0.0014213364 0)
(0.00575 0.0014213364 0)
(0.0058 0.0014213364 0)
(0.00585 0.0014213364 0)
(0.0059 0.0014213364 0)
(0.00595 0.0014213364 0)
(0.006 0.0014213364 0)
(0.00605 0.0014213364 0)
(0.0061 0.0014213364 0)
(0.00615 0.0014213364 0)
(0.0062 0.0014213364 0)
(0.00625 0.0014213364 0)
(0.0063 0.0014213364 0)
(0.00635 0.0014213364 0)
(0.0064 0.0014213364 0)
(0.00645 0.0014213364 0)
(0.0065 0.0014213364 0)
(0.00655 0.0014213364 0)
(0.0066 0.0014213364 0)
(0.00665 0.0014213364 0)
(0.0067 0.0014213364 0)
(0.00675 0.0014213364 0)
(0.0068 0.0014213364 0)
(0.00685 0.0014213364 0)
(0.0069 0.0014213364 0)
(0.00695 0.0014213364 0)
(0.007 0.0014213364 0)
(0.00705 0.0014213364 0)
(0.0071 0.0014213364 0)
(0.00715 0.0014213364 0)
(0.0072 0.0014213364 0)
(0.00725 0.0014213364 0)
(0.0073 0.0014213364 0)
(0.00735 0.0014213364 0)
(0.0074 0.0014213364 0)
(0.00745 0.0014213364 0)
(0.0075 0.0014213364 0)
(0.00755 0.0014213364 0)
(0.0076 0.0014213364 0)
(0.00765 0.0014213364 0)
(0.0077 0.0014213364 0)
(0.00775 0.0014213364 0)
(0.0078 0.0014213364 0)
(0.00785 0.0014213364 0)
(0.0079 0.0014213364 0)
(0.00795 0.0014213364 0)
(0.008 0.0014213364 0)
(0.00805 0.0014213364 0)
(0.0081 0.0014213364 0)
(0.00815 0.0014213364 0)
(0.0082 0.0014213364 0)
(0.00825 0.0014213364 0)
(0.0083 0.0014213364 0)
(0.00835 0.0014213364 0)
(0.0084 0.0014213364 0)
(0.00845 0.0014213364 0)
(0.0085 0.0014213364 0)
(0.00855 0.0014213364 0)
(0.0086 0.0014213364 0)
(0.00865 0.0014213364 0)
(0.0087 0.0014213364 0)
(0.00875 0.0014213364 0)
(0.0088 0.0014213364 0)
(0.00885 0.0014213364 0)
(0.0089 0.0014213364 0)
(0.00895 0.0014213364 0)
(0.009 0.0014213364 0)
(0.00905 0.0014213364 0)
(0.0091 0.0014213364 0)
(0.00915 0.0014213364 0)
(0.0092 0.0014213364 0)
(0.00925 0.0014213364 0)
(0.0093 0.0014213364 0)
(0.00935 0.0014213364 0)
(0.0094 0.0014213364 0)
(0.00945 0.0014213364 0)
(0.0095 0.0014213364 0)
(0.00955 0.0014213364 0)
(0.0096 0.0014213364 0)
(0.00965 0.0014213364 0)
(0.0097 0.0014213364 0)
(0.00975 0.0014213364 0)
(0.0098 0.0014213364 0)
(0.00985 0.0014213364 0)
(0.0099 0.0014213364 0)
(0.00995 0.0014213364 0)
(0.01 0.0014213364 0)
(0 0.0014644072 0)
(5e-05 0.0014644072 0)
(0.0001 0.0014644072 0)
(0.00015 0.0014644072 0)
(0.0002 0.0014644072 0)
(0.00025 0.0014644072 0)
(0.0003 0.0014644072 0)
(0.00035 0.0014644072 0)
(0.0004 0.0014644072 0)
(0.00045 0.0014644072 0)
(0.0005 0.0014644072 0)
(0.00055 0.0014644072 0)
(0.0006 0.0014644072 0)
(0.00065 0.0014644072 0)
(0.0007 0.0014644072 0)
(0.00075 0.0014644072 0)
(0.0008 0.0014644072 0)
(0.00085 0.0014644072 0)
(0.0009 0.0014644072 0)
(0.00095 0.0014644072 0)
(0.001 0.0014644072 0)
(0.00105 0.0014644072 0)
(0.0011 0.0014644072 0)
(0.00115 0.0014644072 0)
(0.0012 0.0014644072 0)
(0.00125 0.0014644072 0)
(0.0013 0.0014644072 0)
(0.00135 0.0014644072 0)
(0.0014 0.0014644072 0)
(0.00145 0.0014644072 0)
(0.0015 0.0014644072 0)
(0.00155 0.0014644072 0)
(0.0016 0.0014644072 0)
(0.00165 0.0014644072 0)
(0.0017 0.0014644072 0)
(0.00175 0.0014644072 0)
(0.0018 0.0014644072 0)
(0.00185 0.0014644072 0)
(0.0019 0.0014644072 0)
(0.00195 0.0014644072 0)
(0.002 0.0014644072 0)
(0.00205 0.0014644072 0)
(0.0021 0.0014644072 0)
(0.00215 0.0014644072 0)
(0.0022 0.0014644072 0)
(0.00225 0.0014644072 0)
(0.0023 0.0014644072 0)
(0.00235 0.0014644072 0)
(0.0024 0.0014644072 0)
(0.00245 0.0014644072 0)
(0.0025 0.0014644072 0)
(0.00255 0.0014644072 0)
(0.0026 0.0014644072 0)
(0.00265 0.0014644072 0)
(0.0027 0.0014644072 0)
(0.00275 0.0014644072 0)
(0.0028 0.0014644072 0)
(0.00285 0.0014644072 0)
(0.0029 0.0014644072 0)
(0.00295 0.0014644072 0)
(0.003 0.0014644072 0)
(0.00305 0.0014644072 0)
(0.0031 0.0014644072 0)
(0.00315 0.0014644072 0)
(0.0032 0.0014644072 0)
(0.00325 0.0014644072 0)
(0.0033 0.0014644072 0)
(0.00335 0.0014644072 0)
(0.0034 0.0014644072 0)
(0.00345 0.0014644072 0)
(0.0035 0.0014644072 0)
(0.00355 0.0014644072 0)
(0.0036 0.0014644072 0)
(0.00365 0.0014644072 0)
(0.0037 0.0014644072 0)
(0.00375 0.0014644072 0)
(0.0038 0.0014644072 0)
(0.00385 0.0014644072 0)
(0.0039 0.0014644072 0)
(0.00395 0.0014644072 0)
(0.004 0.0014644072 0)
(0.00405 0.0014644072 0)
(0.0041 0.0014644072 0)
(0.00415 0.0014644072 0)
(0.0042 0.0014644072 0)
(0.00425 0.0014644072 0)
(0.0043 0.0014644072 0)
(0.00435 0.0014644072 0)
(0.0044 0.0014644072 0)
(0.00445 0.0014644072 0)
(0.0045 0.0014644072 0)
(0.00455 0.0014644072 0)
(0.0046 0.0014644072 0)
(0.00465 0.0014644072 0)
(0.0047 0.0014644072 0)
(0.00475 0.0014644072 0)
(0.0048 0.0014644072 0)
(0.00485 0.0014644072 0)
(0.0049 0.0014644072 0)
(0.00495 0.0014644072 0)
(0.005 0.0014644072 0)
(0.00505 0.0014644072 0)
(0.0051 0.0014644072 0)
(0.00515 0.0014644072 0)
(0.0052 0.0014644072 0)
(0.00525 0.0014644072 0)
(0.0053 0.0014644072 0)
(0.00535 0.0014644072 0)
(0.0054 0.0014644072 0)
(0.00545 0.0014644072 0)
(0.0055 0.0014644072 0)
(0.00555 0.0014644072 0)
(0.0056 0.0014644072 0)
(0.00565 0.0014644072 0)
(0.0057 0.0014644072 0)
(0.00575 0.0014644072 0)
(0.0058 0.0014644072 0)
(0.00585 0.0014644072 0)
(0.0059 0.0014644072 0)
(0.00595 0.0014644072 0)
(0.006 0.0014644072 0)
(0.00605 0.0014644072 0)
(0.0061 0.0014644072 0)
(0.00615 0.0014644072 0)
(0.0062 0.0014644072 0)
(0.00625 0.0014644072 0)
(0.0063 0.0014644072 0)
(0.00635 0.0014644072 0)
(0.0064 0.0014644072 0)
(0.00645 0.0014644072 0)
(0.0065 0.0014644072 0)
(0.00655 0.0014644072 0)
(0.0066 0.0014644072 0)
(0.00665 0.0014644072 0)
(0.0067 0.0014644072 0)
(0.00675 0.0014644072 0)
(0.0068 0.0014644072 0)
(0.00685 0.0014644072 0)
(0.0069 0.0014644072 0)
(0.00695 0.0014644072 0)
(0.007 0.0014644072 0)
(0.00705 0.0014644072 0)
(0.0071 0.0014644072 0)
(0.00715 0.0014644072 0)
(0.0072 0.0014644072 0)
(0.00725 0.0014644072 0)
(0.0073 0.0014644072 0)
(0.00735 0.0014644072 0)
(0.0074 0.0014644072 0)
(0.00745 0.0014644072 0)
(0.0075 0.0014644072 0)
(0.00755 0.0014644072 0)
(0.0076 0.0014644072 0)
(0.00765 0.0014644072 0)
(0.0077 0.0014644072 0)
(0.00775 0.0014644072 0)
(0.0078 0.0014644072 0)
(0.00785 0.0014644072 0)
(0.0079 0.0014644072 0)
(0.00795 0.0014644072 0)
(0.008 0.0014644072 0)
(0.00805 0.0014644072 0)
(0.0081 0.0014644072 0)
(0.00815 0.0014644072 0)
(0.0082 0.0014644072 0)
(0.00825 0.0014644072 0)
(0.0083 0.0014644072 0)
(0.00835 0.0014644072 0)
(0.0084 0.0014644072 0)
(0.00845 0.0014644072 0)
(0.0085 0.0014644072 0)
(0.00855 0.0014644072 0)
(0.0086 0.0014644072 0)
(0.00865 0.0014644072 0)
(0.0087 0.0014644072 0)
(0.00875 0.0014644072 0)
(0.0088 0.0014644072 0)
(0.00885 0.0014644072 0)
(0.0089 0.0014644072 0)
(0.00895 0.0014644072 0)
(0.009 0.0014644072 0)
(0.00905 0.0014644072 0)
(0.0091 0.0014644072 0)
(0.00915 0.0014644072 0)
(0.0092 0.0014644072 0)
(0.00925 0.0014644072 0)
(0.0093 0.0014644072 0)
(0.00935 0.0014644072 0)
(0.0094 0.0014644072 0)
(0.00945 0.0014644072 0)
(0.0095 0.0014644072 0)
(0.00955 0.0014644072 0)
(0.0096 0.0014644072 0)
(0.00965 0.0014644072 0)
(0.0097 0.0014644072 0)
(0.00975 0.0014644072 0)
(0.0098 0.0014644072 0)
(0.00985 0.0014644072 0)
(0.0099 0.0014644072 0)
(0.00995 0.0014644072 0)
(0.01 0.0014644072 0)
(0 0.001507478 0)
(5e-05 0.001507478 0)
(0.0001 0.001507478 0)
(0.00015 0.001507478 0)
(0.0002 0.001507478 0)
(0.00025 0.001507478 0)
(0.0003 0.001507478 0)
(0.00035 0.001507478 0)
(0.0004 0.001507478 0)
(0.00045 0.001507478 0)
(0.0005 0.001507478 0)
(0.00055 0.001507478 0)
(0.0006 0.001507478 0)
(0.00065 0.001507478 0)
(0.0007 0.001507478 0)
(0.00075 0.001507478 0)
(0.0008 0.001507478 0)
(0.00085 0.001507478 0)
(0.0009 0.001507478 0)
(0.00095 0.001507478 0)
(0.001 0.001507478 0)
(0.00105 0.001507478 0)
(0.0011 0.001507478 0)
(0.00115 0.001507478 0)
(0.0012 0.001507478 0)
(0.00125 0.001507478 0)
(0.0013 0.001507478 0)
(0.00135 0.001507478 0)
(0.0014 0.001507478 0)
(0.00145 0.001507478 0)
(0.0015 0.001507478 0)
(0.00155 0.001507478 0)
(0.0016 0.001507478 0)
(0.00165 0.001507478 0)
(0.0017 0.001507478 0)
(0.00175 0.001507478 0)
(0.0018 0.001507478 0)
(0.00185 0.001507478 0)
(0.0019 0.001507478 0)
(0.00195 0.001507478 0)
(0.002 0.001507478 0)
(0.00205 0.001507478 0)
(0.0021 0.001507478 0)
(0.00215 0.001507478 0)
(0.0022 0.001507478 0)
(0.00225 0.001507478 0)
(0.0023 0.001507478 0)
(0.00235 0.001507478 0)
(0.0024 0.001507478 0)
(0.00245 0.001507478 0)
(0.0025 0.001507478 0)
(0.00255 0.001507478 0)
(0.0026 0.001507478 0)
(0.00265 0.001507478 0)
(0.0027 0.001507478 0)
(0.00275 0.001507478 0)
(0.0028 0.001507478 0)
(0.00285 0.001507478 0)
(0.0029 0.001507478 0)
(0.00295 0.001507478 0)
(0.003 0.001507478 0)
(0.00305 0.001507478 0)
(0.0031 0.001507478 0)
(0.00315 0.001507478 0)
(0.0032 0.001507478 0)
(0.00325 0.001507478 0)
(0.0033 0.001507478 0)
(0.00335 0.001507478 0)
(0.0034 0.001507478 0)
(0.00345 0.001507478 0)
(0.0035 0.001507478 0)
(0.00355 0.001507478 0)
(0.0036 0.001507478 0)
(0.00365 0.001507478 0)
(0.0037 0.001507478 0)
(0.00375 0.001507478 0)
(0.0038 0.001507478 0)
(0.00385 0.001507478 0)
(0.0039 0.001507478 0)
(0.00395 0.001507478 0)
(0.004 0.001507478 0)
(0.00405 0.001507478 0)
(0.0041 0.001507478 0)
(0.00415 0.001507478 0)
(0.0042 0.001507478 0)
(0.00425 0.001507478 0)
(0.0043 0.001507478 0)
(0.00435 0.001507478 0)
(0.0044 0.001507478 0)
(0.00445 0.001507478 0)
(0.0045 0.001507478 0)
(0.00455 0.001507478 0)
(0.0046 0.001507478 0)
(0.00465 0.001507478 0)
(0.0047 0.001507478 0)
(0.00475 0.001507478 0)
(0.0048 0.001507478 0)
(0.00485 0.001507478 0)
(0.0049 0.001507478 0)
(0.00495 0.001507478 0)
(0.005 0.001507478 0)
(0.00505 0.001507478 0)
(0.0051 0.001507478 0)
(0.00515 0.001507478 0)
(0.0052 0.001507478 0)
(0.00525 0.001507478 0)
(0.0053 0.001507478 0)
(0.00535 0.001507478 0)
(0.0054 0.001507478 0)
(0.00545 0.001507478 0)
(0.0055 0.001507478 0)
(0.00555 0.001507478 0)
(0.0056 0.001507478 0)
(0.00565 0.001507478 0)
(0.0057 0.001507478 0)
(0.00575 0.001507478 0)
(0.0058 0.001507478 0)
(0.00585 0.001507478 0)
(0.0059 0.001507478 0)
(0.00595 0.001507478 0)
(0.006 0.001507478 0)
(0.00605 0.001507478 0)
(0.0061 0.001507478 0)
(0.00615 0.001507478 0)
(0.0062 0.001507478 0)
(0.00625 0.001507478 0)
(0.0063 0.001507478 0)
(0.00635 0.001507478 0)
(0.0064 0.001507478 0)
(0.00645 0.001507478 0)
(0.0065 0.001507478 0)
(0.00655 0.001507478 0)
(0.0066 0.001507478 0)
(0.00665 0.001507478 0)
(0.0067 0.001507478 0)
(0.00675 0.001507478 0)
(0.0068 0.001507478 0)
(0.00685 0.001507478 0)
(0.0069 0.001507478 0)
(0.00695 0.001507478 0)
(0.007 0.001507478 0)
(0.00705 0.001507478 0)
(0.0071 0.001507478 0)
(0.00715 0.001507478 0)
(0.0072 0.001507478 0)
(0.00725 0.001507478 0)
(0.0073 0.001507478 0)
(0.00735 0.001507478 0)
(0.0074 0.001507478 0)
(0.00745 0.001507478 0)
(0.0075 0.001507478 0)
(0.00755 0.001507478 0)
(0.0076 0.001507478 0)
(0.00765 0.001507478 0)
(0.0077 0.001507478 0)
(0.00775 0.001507478 0)
(0.0078 0.001507478 0)
(0.00785 0.001507478 0)
(0.0079 0.001507478 0)
(0.00795 0.001507478 0)
(0.008 0.001507478 0)
(0.00805 0.001507478 0)
(0.0081 0.001507478 0)
(0.00815 0.001507478 0)
(0.0082 0.001507478 0)
(0.00825 0.001507478 0)
(0.0083 0.001507478 0)
(0.00835 0.001507478 0)
(0.0084 0.001507478 0)
(0.00845 0.001507478 0)
(0.0085 0.001507478 0)
(0.00855 0.001507478 0)
(0.0086 0.001507478 0)
(0.00865 0.001507478 0)
(0.0087 0.001507478 0)
(0.00875 0.001507478 0)
(0.0088 0.001507478 0)
(0.00885 0.001507478 0)
(0.0089 0.001507478 0)
(0.00895 0.001507478 0)
(0.009 0.001507478 0)
(0.00905 0.001507478 0)
(0.0091 0.001507478 0)
(0.00915 0.001507478 0)
(0.0092 0.001507478 0)
(0.00925 0.001507478 0)
(0.0093 0.001507478 0)
(0.00935 0.001507478 0)
(0.0094 0.001507478 0)
(0.00945 0.001507478 0)
(0.0095 0.001507478 0)
(0.00955 0.001507478 0)
(0.0096 0.001507478 0)
(0.00965 0.001507478 0)
(0.0097 0.001507478 0)
(0.00975 0.001507478 0)
(0.0098 0.001507478 0)
(0.00985 0.001507478 0)
(0.0099 0.001507478 0)
(0.00995 0.001507478 0)
(0.01 0.001507478 0)
(0 0.0013351948 0.0002)
(5e-05 0.0013351948 0.0002)
(0.0001 0.0013351948 0.0002)
(0.00015 0.0013351948 0.0002)
(0.0002 0.0013351948 0.0002)
(0.00025 0.0013351948 0.0002)
(0.0003 0.0013351948 0.0002)
(0.00035 0.0013351948 0.0002)
(0.0004 0.0013351948 0.0002)
(0.00045 0.0013351948 0.0002)
(0.0005 0.0013351948 0.0002)
(0.00055 0.0013351948 0.0002)
(0.0006 0.0013351948 0.0002)
(0.00065 0.0013351948 0.0002)
(0.0007 0.0013351948 0.0002)
(0.00075 0.0013351948 0.0002)
(0.0008 0.0013351948 0.0002)
(0.00085 0.0013351948 0.0002)
(0.0009 0.0013351948 0.0002)
(0.00095 0.0013351948 0.0002)
(0.001 0.0013351948 0.0002)
(0.00105 0.0013351948 0.0002)
(0.0011 0.0013351948 0.0002)
(0.00115 0.0013351948 0.0002)
(0.0012 0.0013351948 0.0002)
(0.00125 0.0013351948 0.0002)
(0.0013 0.0013351948 0.0002)
(0.00135 0.0013351948 0.0002)
(0.0014 0.0013351948 0.0002)
(0.00145 0.0013351948 0.0002)
(0.0015 0.0013351948 0.0002)
(0.00155 0.0013351948 0.0002)
(0.0016 0.0013351948 0.0002)
(0.00165 0.0013351948 0.0002)
(0.0017 0.0013351948 0.0002)
(0.00175 0.0013351948 0.0002)
(0.0018 0.0013351948 0.0002)
(0.00185 0.0013351948 0.0002)
(0.0019 0.0013351948 0.0002)
(0.00195 0.0013351948 0.0002)
(0.002 0.0013351948 0.0002)
(0.00205 0.0013351948 0.0002)
(0.0021 0.0013351948 0.0002)
(0.00215 0.0013351948 0.0002)
(0.0022 0.0013351948 0.0002)
(0.00225 0.0013351948 0.0002)
(0.0023 0.0013351948 0.0002)
(0.00235 0.0013351948 0.0002)
(0.0024 0.0013351948 0.0002)
(0.00245 0.0013351948 0.0002)
(0.0025 0.0013351948 0.0002)
(0.00255 0.0013351948 0.0002)
(0.0026 0.0013351948 0.0002)
(0.00265 0.0013351948 0.0002)
(0.0027 0.0013351948 0.0002)
(0.00275 0.0013351948 0.0002)
(0.0028 0.0013351948 0.0002)
(0.00285 0.0013351948 0.0002)
(0.0029 0.0013351948 0.0002)
(0.00295 0.0013351948 0.0002)
(0.003 0.0013351948 0.0002)
(0.00305 0.0013351948 0.0002)
(0.0031 0.0013351948 0.0002)
(0.00315 0.0013351948 0.0002)
(0.0032 0.0013351948 0.0002)
(0.00325 0.0013351948 0.0002)
(0.0033 0.0013351948 0.0002)
(0.00335 0.0013351948 0.0002)
(0.0034 0.0013351948 0.0002)
(0.00345 0.0013351948 0.0002)
(0.0035 0.0013351948 0.0002)
(0.00355 0.0013351948 0.0002)
(0.0036 0.0013351948 0.0002)
(0.00365 0.0013351948 0.0002)
(0.0037 0.0013351948 0.0002)
(0.00375 0.0013351948 0.0002)
(0.0038 0.0013351948 0.0002)
(0.00385 0.0013351948 0.0002)
(0.0039 0.0013351948 0.0002)
(0.00395 0.0013351948 0.0002)
(0.004 0.0013351948 0.0002)
(0.00405 0.0013351948 0.0002)
(0.0041 0.0013351948 0.0002)
(0.00415 0.0013351948 0.0002)
(0.0042 0.0013351948 0.0002)
(0.00425 0.0013351948 0.0002)
(0.0043 0.0013351948 0.0002)
(0.00435 0.0013351948 0.0002)
(0.0044 0.0013351948 0.0002)
(0.00445 0.0013351948 0.0002)
(0.0045 0.0013351948 0.0002)
(0.00455 0.0013351948 0.0002)
(0.0046 0.0013351948 0.0002)
(0.00465 0.0013351948 0.0002)
(0.0047 0.0013351948 0.0002)
(0.00475 0.0013351948 0.0002)
(0.0048 0.0013351948 0.0002)
(0.00485 0.0013351948 0.0002)
(0.0049 0.0013351948 0.0002)
(0.00495 0.0013351948 0.0002)
(0.005 0.0013351948 0.0002)
(0.00505 0.0013351948 0.0002)
(0.0051 0.0013351948 0.0002)
(0.00515 0.0013351948 0.0002)
(0.0052 0.0013351948 0.0002)
(0.00525 0.0013351948 0.0002)
(0.0053 0.0013351948 0.0002)
(0.00535 0.0013351948 0.0002)
(0.0054 0.0013351948 0.0002)
(0.00545 0.0013351948 0.0002)
(0.0055 0.0013351948 0.0002)
(0.00555 0.0013351948 0.0002)
(0.0056 0.0013351948 0.0002)
(0.00565 0.0013351948 0.0002)
(0.0057 0.0013351948 0.0002)
(0.00575 0.0013351948 0.0002)
(0.0058 0.0013351948 0.0002)
(0.00585 0.0013351948 0.0002)
(0.0059 0.0013351948 0.0002)
(0.00595 0.0013351948 0.0002)
(0.006 0.0013351948 0.0002)
(0.00605 0.0013351948 0.0002)
(0.0061 0.0013351948 0.0002)
(0.00615 0.0013351948 0.0002)
(0.0062 0.0013351948 0.0002)
(0.00625 0.0013351948 0.0002)
(0.0063 0.0013351948 0.0002)
(0.00635 0.0013351948 0.0002)
(0.0064 0.0013351948 0.0002)
(0.00645 0.0013351948 0.0002)
(0.0065 0.0013351948 0.0002)
(0.00655 0.0013351948 0.0002)
(0.0066 0.0013351948 0.0002)
(0.00665 0.0013351948 0.0002)
(0.0067 0.0013351948 0.0002)
(0.00675 0.0013351948 0.0002)
(0.0068 0.0013351948 0.0002)
(0.00685 0.0013351948 0.0002)
(0.0069 0.0013351948 0.0002)
(0.00695 0.0013351948 0.0002)
(0.007 0.0013351948 0.0002)
(0.00705 0.0013351948 0.0002)
(0.0071 0.0013351948 0.0002)
(0.00715 0.0013351948 0.0002)
(0.0072 0.0013351948 0.0002)
(0.00725 0.0013351948 0.0002)
(0.0073 0.0013351948 0.0002)
(0.00735 0.0013351948 0.0002)
(0.0074 0.0013351948 0.0002)
(0.00745 0.0013351948 0.0002)
(0.0075 0.0013351948 0.0002)
(0.00755 0.0013351948 0.0002)
(0.0076 0.0013351948 0.0002)
(0.00765 0.0013351948 0.0002)
(0.0077 0.0013351948 0.0002)
(0.00775 0.0013351948 0.0002)
(0.0078 0.0013351948 0.0002)
(0.00785 0.0013351948 0.0002)
(0.0079 0.0013351948 0.0002)
(0.00795 0.0013351948 0.0002)
(0.008 0.0013351948 0.0002)
(0.00805 0.0013351948 0.0002)
(0.0081 0.0013351948 0.0002)
(0.00815 0.0013351948 0.0002)
(0.0082 0.0013351948 0.0002)
(0.00825 0.0013351948 0.0002)
(0.0083 0.0013351948 0.0002)
(0.00835 0.0013351948 0.0002)
(0.0084 0.0013351948 0.0002)
(0.00845 0.0013351948 0.0002)
(0.0085 0.0013351948 0.0002)
(0.00855 0.0013351948 0.0002)
(0.0086 0.0013351948 0.0002)
(0.00865 0.0013351948 0.0002)
(0.0087 0.0013351948 0.0002)
(0.00875 0.0013351948 0.0002)
(0.0088 0.0013351948 0.0002)
(0.00885 0.0013351948 0.0002)
(0.0089 0.0013351948 0.0002)
(0.00895 0.0013351948 0.0002)
(0.009 0.0013351948 0.0002)
(0.00905 0.0013351948 0.0002)
(0.0091 0.0013351948 0.0002)
(0.00915 0.0013351948 0.0002)
(0.0092 0.0013351948 0.0002)
(0.00925 0.0013351948 0.0002)
(0.0093 0.0013351948 0.0002)
(0.00935 0.0013351948 0.0002)
(0.0094 0.0013351948 0.0002)
(0.00945 0.0013351948 0.0002)
(0.0095 0.0013351948 0.0002)
(0.00955 0.0013351948 0.0002)
(0.0096 0.0013351948 0.0002)
(0.00965 0.0013351948 0.0002)
(0.0097 0.0013351948 0.0002)
(0.00975 0.0013351948 0.0002)
(0.0098 0.0013351948 0.0002)
(0.00985 0.0013351948 0.0002)
(0.0099 0.0013351948 0.0002)
(0.00995 0.0013351948 0.0002)
(0.01 0.0013351948 0.0002)
(0 0.0013782656 0.0002)
(5e-05 0.0013782656 0.0002)
(0.0001 0.0013782656 0.0002)
(0.00015 0.0013782656 0.0002)
(0.0002 0.0013782656 0.0002)
(0.00025 0.0013782656 0.0002)
(0.0003 0.0013782656 0.0002)
(0.00035 0.0013782656 0.0002)
(0.0004 0.0013782656 0.0002)
(0.00045 0.0013782656 0.0002)
(0.0005 0.0013782656 0.0002)
(0.00055 0.0013782656 0.0002)
(0.0006 0.0013782656 0.0002)
(0.00065 0.0013782656 0.0002)
(0.0007 0.0013782656 0.0002)
(0.00075 0.0013782656 0.0002)
(0.0008 0.0013782656 0.0002)
(0.00085 0.0013782656 0.0002)
(0.0009 0.0013782656 0.0002)
(0.00095 0.0013782656 0.0002)
(0.001 0.0013782656 0.0002)
(0.00105 0.0013782656 0.0002)
(0.0011 0.0013782656 0.0002)
(0.00115 0.0013782656 0.0002)
(0.0012 0.0013782656 0.0002)
(0.00125 0.0013782656 0.0002)
(0.0013 0.0013782656 0.0002)
(0.00135 0.0013782656 0.0002)
(0.0014 0.0013782656 0.0002)
(0.00145 0.0013782656 0.0002)
(0.0015 0.0013782656 0.0002)
(0.00155 0.0013782656 0.0002)
(0.0016 0.0013782656 0.0002)
(0.00165 0.0013782656 0.0002)
(0.0017 0.0013782656 0.0002)
(0.00175 0.0013782656 0.0002)
(0.0018 0.0013782656 0.0002)
(0.00185 0.0013782656 0.0002)
(0.0019 0.0013782656 0.0002)
(0.00195 0.0013782656 0.0002)
(0.002 0.0013782656 0.0002)
(0.00205 0.0013782656 0.0002)
(0.0021 0.0013782656 0.0002)
(0.00215 0.0013782656 0.0002)
(0.0022 0.0013782656 0.0002)
(0.00225 0.0013782656 0.0002)
(0.0023 0.0013782656 0.0002)
(0.00235 0.0013782656 0.0002)
(0.0024 0.0013782656 0.0002)
(0.00245 0.0013782656 0.0002)
(0.0025 0.0013782656 0.0002)
(0.00255 0.0013782656 0.0002)
(0.0026 0.0013782656 0.0002)
(0.00265 0.0013782656 0.0002)
(0.0027 0.0013782656 0.0002)
(0.00275 0.0013782656 0.0002)
(0.0028 0.0013782656 0.0002)
(0.00285 0.0013782656 0.0002)
(0.0029 0.0013782656 0.0002)
(0.00295 0.0013782656 0.0002)
(0.003 0.0013782656 0.0002)
(0.00305 0.0013782656 0.0002)
(0.0031 0.0013782656 0.0002)
(0.00315 0.0013782656 0.0002)
(0.0032 0.0013782656 0.0002)
(0.00325 0.0013782656 0.0002)
(0.0033 0.0013782656 0.0002)
(0.00335 0.0013782656 0.0002)
(0.0034 0.0013782656 0.0002)
(0.00345 0.0013782656 0.0002)
(0.0035 0.0013782656 0.0002)
(0.00355 0.0013782656 0.0002)
(0.0036 0.0013782656 0.0002)
(0.00365 0.0013782656 0.0002)
(0.0037 0.0013782656 0.0002)
(0.00375 0.0013782656 0.0002)
(0.0038 0.0013782656 0.0002)
(0.00385 0.0013782656 0.0002)
(0.0039 0.0013782656 0.0002)
(0.00395 0.0013782656 0.0002)
(0.004 0.0013782656 0.0002)
(0.00405 0.0013782656 0.0002)
(0.0041 0.0013782656 0.0002)
(0.00415 0.0013782656 0.0002)
(0.0042 0.0013782656 0.0002)
(0.00425 0.0013782656 0.0002)
(0.0043 0.0013782656 0.0002)
(0.00435 0.0013782656 0.0002)
(0.0044 0.0013782656 0.0002)
(0.00445 0.0013782656 0.0002)
(0.0045 0.0013782656 0.0002)
(0.00455 0.0013782656 0.0002)
(0.0046 0.0013782656 0.0002)
(0.00465 0.0013782656 0.0002)
(0.0047 0.0013782656 0.0002)
(0.00475 0.0013782656 0.0002)
(0.0048 0.0013782656 0.0002)
(0.00485 0.0013782656 0.0002)
(0.0049 0.0013782656 0.0002)
(0.00495 0.0013782656 0.0002)
(0.005 0.0013782656 0.0002)
(0.00505 0.0013782656 0.0002)
(0.0051 0.0013782656 0.0002)
(0.00515 0.0013782656 0.0002)
(0.0052 0.0013782656 0.0002)
(0.00525 0.0013782656 0.0002)
(0.0053 0.0013782656 0.0002)
(0.00535 0.0013782656 0.0002)
(0.0054 0.0013782656 0.0002)
(0.00545 0.0013782656 0.0002)
(0.0055 0.0013782656 0.0002)
(0.00555 0.0013782656 0.0002)
(0.0056 0.0013782656 0.0002)
(0.00565 0.0013782656 0.0002)
(0.0057 0.0013782656 0.0002)
(0.00575 0.0013782656 0.0002)
(0.0058 0.0013782656 0.0002)
(0.00585 0.0013782656 0.0002)
(0.0059 0.0013782656 0.0002)
(0.00595 0.0013782656 0.0002)
(0.006 0.0013782656 0.0002)
(0.00605 0.0013782656 0.0002)
(0.0061 0.0013782656 0.0002)
(0.00615 0.0013782656 0.0002)
(0.0062 0.0013782656 0.0002)
(0.00625 0.0013782656 0.0002)
(0.0063 0.0013782656 0.0002)
(0.00635 0.0013782656 0.0002)
(0.0064 0.0013782656 0.0002)
(0.00645 0.0013782656 0.0002)
(0.0065 0.0013782656 0.0002)
(0.00655 0.0013782656 0.0002)
(0.0066 0.0013782656 0.0002)
(0.00665 0.0013782656 0.0002)
(0.0067 0.0013782656 0.0002)
(0.00675 0.0013782656 0.0002)
(0.0068 0.0013782656 0.0002)
(0.00685 0.0013782656 0.0002)
(0.0069 0.0013782656 0.0002)
(0.00695 0.0013782656 0.0002)
(0.007 0.0013782656 0.0002)
(0.00705 0.0013782656 0.0002)
(0.0071 0.0013782656 0.0002)
(0.00715 0.0013782656 0.0002)
(0.0072 0.0013782656 0.0002)
(0.00725 0.0013782656 0.0002)
(0.0073 0.0013782656 0.0002)
(0.00735 0.0013782656 0.0002)
(0.0074 0.0013782656 0.0002)
(0.00745 0.0013782656 0.0002)
(0.0075 0.0013782656 0.0002)
(0.00755 0.0013782656 0.0002)
(0.0076 0.0013782656 0.0002)
(0.00765 0.0013782656 0.0002)
(0.0077 0.0013782656 0.0002)
(0.00775 0.0013782656 0.0002)
(0.0078 0.0013782656 0.0002)
(0.00785 0.0013782656 0.0002)
(0.0079 0.0013782656 0.0002)
(0.00795 0.0013782656 0.0002)
(0.008 0.0013782656 0.0002)
(0.00805 0.0013782656 0.0002)
(0.0081 0.0013782656 0.0002)
(0.00815 0.0013782656 0.0002)
(0.0082 0.0013782656 0.0002)
(0.00825 0.0013782656 0.0002)
(0.0083 0.0013782656 0.0002)
(0.00835 0.0013782656 0.0002)
(0.0084 0.0013782656 0.0002)
(0.00845 0.0013782656 0.0002)
(0.0085 0.0013782656 0.0002)
(0.00855 0.0013782656 0.0002)
(0.0086 0.0013782656 0.0002)
(0.00865 0.0013782656 0.0002)
(0.0087 0.0013782656 0.0002)
(0.00875 0.0013782656 0.0002)
(0.0088 0.0013782656 0.0002)
(0.00885 0.0013782656 0.0002)
(0.0089 0.0013782656 0.0002)
(0.00895 0.0013782656 0.0002)
(0.009 0.0013782656 0.0002)
(0.00905 0.0013782656 0.0002)
(0.0091 0.0013782656 0.0002)
(0.00915 0.0013782656 0.0002)
(0.0092 0.0013782656 0.0002)
(0.00925 0.0013782656 0.0002)
(0.0093 0.0013782656 0.0002)
(0.00935 0.0013782656 0.0002)
(0.0094 0.0013782656 0.0002)
(0.00945 0.0013782656 0.0002)
(0.0095 0.0013782656 0.0002)
(0.00955 0.0013782656 0.0002)
(0.0096 0.0013782656 0.0002)
(0.00965 0.0013782656 0.0002)
(0.0097 0.0013782656 0.0002)
(0.00975 0.0013782656 0.0002)
(0.0098 0.0013782656 0.0002)
(0.00985 0.0013782656 0.0002)
(0.0099 0.0013782656 0.0002)
(0.00995 0.0013782656 0.0002)
(0.01 0.0013782656 0.0002)
(0 0.0014213364 0.0002)
(5e-05 0.0014213364 0.0002)
(0.0001 0.0014213364 0.0002)
(0.00015 0.0014213364 0.0002)
(0.0002 0.0014213364 0.0002)
(0.00025 0.0014213364 0.0002)
(0.0003 0.0014213364 0.0002)
(0.00035 0.0014213364 0.0002)
(0.0004 0.0014213364 0.0002)
(0.00045 0.0014213364 0.0002)
(0.0005 0.0014213364 0.0002)
(0.00055 0.0014213364 0.0002)
(0.0006 0.0014213364 0.0002)
(0.00065 0.0014213364 0.0002)
(0.0007 0.0014213364 0.0002)
(0.00075 0.0014213364 0.0002)
(0.0008 0.0014213364 0.0002)
(0.00085 0.0014213364 0.0002)
(0.0009 0.0014213364 0.0002)
(0.00095 0.0014213364 0.0002)
(0.001 0.0014213364 0.0002)
(0.00105 0.0014213364 0.0002)
(0.0011 0.0014213364 0.0002)
(0.00115 0.0014213364 0.0002)
(0.0012 0.0014213364 0.0002)
(0.00125 0.0014213364 0.0002)
(0.0013 0.0014213364 0.0002)
(0.00135 0.0014213364 0.0002)
(0.0014 0.0014213364 0.0002)
(0.00145 0.0014213364 0.0002)
(0.0015 0.0014213364 0.0002)
(0.00155 0.0014213364 0.0002)
(0.0016 0.0014213364 0.0002)
(0.00165 0.0014213364 0.0002)
(0.0017 0.0014213364 0.0002)
(0.00175 0.0014213364 0.0002)
(0.0018 0.0014213364 0.0002)
(0.00185 0.0014213364 0.0002)
(0.0019 0.0014213364 0.0002)
(0.00195 0.0014213364 0.0002)
(0.002 0.0014213364 0.0002)
(0.00205 0.0014213364 0.0002)
(0.0021 0.0014213364 0.0002)
(0.00215 0.0014213364 0.0002)
(0.0022 0.0014213364 0.0002)
(0.00225 0.0014213364 0.0002)
(0.0023 0.0014213364 0.0002)
(0.00235 0.0014213364 0.0002)
(0.0024 0.0014213364 0.0002)
(0.00245 0.0014213364 0.0002)
(0.0025 0.0014213364 0.0002)
(0.00255 0.0014213364 0.0002)
(0.0026 0.0014213364 0.0002)
(0.00265 0.0014213364 0.0002)
(0.0027 0.0014213364 0.0002)
(0.00275 0.0014213364 0.0002)
(0.0028 0.0014213364 0.0002)
(0.00285 0.0014213364 0.0002)
(0.0029 0.0014213364 0.0002)
(0.00295 0.0014213364 0.0002)
(0.003 0.0014213364 0.0002)
(0.00305 0.0014213364 0.0002)
(0.0031 0.0014213364 0.0002)
(0.00315 0.0014213364 0.0002)
(0.0032 0.0014213364 0.0002)
(0.00325 0.0014213364 0.0002)
(0.0033 0.0014213364 0.0002)
(0.00335 0.0014213364 0.0002)
(0.0034 0.0014213364 0.0002)
(0.00345 0.0014213364 0.0002)
(0.0035 0.0014213364 0.0002)
(0.00355 0.0014213364 0.0002)
(0.0036 0.0014213364 0.0002)
(0.00365 0.0014213364 0.0002)
(0.0037 0.0014213364 0.0002)
(0.00375 0.0014213364 0.0002)
(0.0038 0.0014213364 0.0002)
(0.00385 0.0014213364 0.0002)
(0.0039 0.0014213364 0.0002)
(0.00395 0.0014213364 0.0002)
(0.004 0.0014213364 0.0002)
(0.00405 0.0014213364 0.0002)
(0.0041 0.0014213364 0.0002)
(0.00415 0.0014213364 0.0002)
(0.0042 0.0014213364 0.0002)
(0.00425 0.0014213364 0.0002)
(0.0043 0.0014213364 0.0002)
(0.00435 0.0014213364 0.0002)
(0.0044 0.0014213364 0.0002)
(0.00445 0.0014213364 0.0002)
(0.0045 0.0014213364 0.0002)
(0.00455 0.0014213364 0.0002)
(0.0046 0.0014213364 0.0002)
(0.00465 0.0014213364 0.0002)
(0.0047 0.0014213364 0.0002)
(0.00475 0.0014213364 0.0002)
(0.0048 0.0014213364 0.0002)
(0.00485 0.0014213364 0.0002)
(0.0049 0.0014213364 0.0002)
(0.00495 0.0014213364 0.0002)
(0.005 0.0014213364 0.0002)
(0.00505 0.0014213364 0.0002)
(0.0051 0.0014213364 0.0002)
(0.00515 0.0014213364 0.0002)
(0.0052 0.0014213364 0.0002)
(0.00525 0.0014213364 0.0002)
(0.0053 0.0014213364 0.0002)
(0.00535 0.0014213364 0.0002)
(0.0054 0.0014213364 0.0002)
(0.00545 0.0014213364 0.0002)
(0.0055 0.0014213364 0.0002)
(0.00555 0.0014213364 0.0002)
(0.0056 0.0014213364 0.0002)
(0.00565 0.0014213364 0.0002)
(0.0057 0.0014213364 0.0002)
(0.00575 0.0014213364 0.0002)
(0.0058 0.0014213364 0.0002)
(0.00585 0.0014213364 0.0002)
(0.0059 0.0014213364 0.0002)
(0.00595 0.0014213364 0.0002)
(0.006 0.0014213364 0.0002)
(0.00605 0.0014213364 0.0002)
(0.0061 0.0014213364 0.0002)
(0.00615 0.0014213364 0.0002)
(0.0062 0.0014213364 0.0002)
(0.00625 0.0014213364 0.0002)
(0.0063 0.0014213364 0.0002)
(0.00635 0.0014213364 0.0002)
(0.0064 0.0014213364 0.0002)
(0.00645 0.0014213364 0.0002)
(0.0065 0.0014213364 0.0002)
(0.00655 0.0014213364 0.0002)
(0.0066 0.0014213364 0.0002)
(0.00665 0.0014213364 0.0002)
(0.0067 0.0014213364 0.0002)
(0.00675 0.0014213364 0.0002)
(0.0068 0.0014213364 0.0002)
(0.00685 0.0014213364 0.0002)
(0.0069 0.0014213364 0.0002)
(0.00695 0.0014213364 0.0002)
(0.007 0.0014213364 0.0002)
(0.00705 0.0014213364 0.0002)
(0.0071 0.0014213364 0.0002)
(0.00715 0.0014213364 0.0002)
(0.0072 0.0014213364 0.0002)
(0.00725 0.0014213364 0.0002)
(0.0073 0.0014213364 0.0002)
(0.00735 0.0014213364 0.0002)
(0.0074 0.0014213364 0.0002)
(0.00745 0.0014213364 0.0002)
(0.0075 0.0014213364 0.0002)
(0.00755 0.0014213364 0.0002)
(0.0076 0.0014213364 0.0002)
(0.00765 0.0014213364 0.0002)
(0.0077 0.0014213364 0.0002)
(0.00775 0.0014213364 0.0002)
(0.0078 0.0014213364 0.0002)
(0.00785 0.0014213364 0.0002)
(0.0079 0.0014213364 0.0002)
(0.00795 0.0014213364 0.0002)
(0.008 0.0014213364 0.0002)
(0.00805 0.0014213364 0.0002)
(0.0081 0.0014213364 0.0002)
(0.00815 0.0014213364 0.0002)
(0.0082 0.0014213364 0.0002)
(0.00825 0.0014213364 0.0002)
(0.0083 0.0014213364 0.0002)
(0.00835 0.0014213364 0.0002)
(0.0084 0.0014213364 0.0002)
(0.00845 0.0014213364 0.0002)
(0.0085 0.0014213364 0.0002)
(0.00855 0.0014213364 0.0002)
(0.0086 0.0014213364 0.0002)
(0.00865 0.0014213364 0.0002)
(0.0087 0.0014213364 0.0002)
(0.00875 0.0014213364 0.0002)
(0.0088 0.0014213364 0.0002)
(0.00885 0.0014213364 0.0002)
(0.0089 0.0014213364 0.0002)
(0.00895 0.0014213364 0.0002)
(0.009 0.0014213364 0.0002)
(0.00905 0.0014213364 0.0002)
(0.0091 0.0014213364 0.0002)
(0.00915 0.0014213364 0.0002)
(0.0092 0.0014213364 0.0002)
(0.00925 0.0014213364 0.0002)
(0.0093 0.0014213364 0.0002)
(0.00935 0.0014213364 0.0002)
(0.0094 0.0014213364 0.0002)
(0.00945 0.0014213364 0.0002)
(0.0095 0.0014213364 0.0002)
(0.00955 0.0014213364 0.0002)
(0.0096 0.0014213364 0.0002)
(0.00965 0.0014213364 0.0002)
(0.0097 0.0014213364 0.0002)
(0.00975 0.0014213364 0.0002)
(0.0098 0.0014213364 0.0002)
(0.00985 0.0014213364 0.0002)
(0.0099 0.0014213364 0.0002)
(0.00995 0.0014213364 0.0002)
(0.01 0.0014213364 0.0002)
(0 0.0014644072 0.0002)
(5e-05 0.0014644072 0.0002)
(0.0001 0.0014644072 0.0002)
(0.00015 0.0014644072 0.0002)
(0.0002 0.0014644072 0.0002)
(0.00025 0.0014644072 0.0002)
(0.0003 0.0014644072 0.0002)
(0.00035 0.0014644072 0.0002)
(0.0004 0.0014644072 0.0002)
(0.00045 0.0014644072 0.0002)
(0.0005 0.0014644072 0.0002)
(0.00055 0.0014644072 0.0002)
(0.0006 0.0014644072 0.0002)
(0.00065 0.0014644072 0.0002)
(0.0007 0.0014644072 0.0002)
(0.00075 0.0014644072 0.0002)
(0.0008 0.0014644072 0.0002)
(0.00085 0.0014644072 0.0002)
(0.0009 0.0014644072 0.0002)
(0.00095 0.0014644072 0.0002)
(0.001 0.0014644072 0.0002)
(0.00105 0.0014644072 0.0002)
(0.0011 0.0014644072 0.0002)
(0.00115 0.0014644072 0.0002)
(0.0012 0.0014644072 0.0002)
(0.00125 0.0014644072 0.0002)
(0.0013 0.0014644072 0.0002)
(0.00135 0.0014644072 0.0002)
(0.0014 0.0014644072 0.0002)
(0.00145 0.0014644072 0.0002)
(0.0015 0.0014644072 0.0002)
(0.00155 0.0014644072 0.0002)
(0.0016 0.0014644072 0.0002)
(0.00165 0.0014644072 0.0002)
(0.0017 0.0014644072 0.0002)
(0.00175 0.0014644072 0.0002)
(0.0018 0.0014644072 0.0002)
(0.00185 0.0014644072 0.0002)
(0.0019 0.0014644072 0.0002)
(0.00195 0.0014644072 0.0002)
(0.002 0.0014644072 0.0002)
(0.00205 0.0014644072 0.0002)
(0.0021 0.0014644072 0.0002)
(0.00215 0.0014644072 0.0002)
(0.0022 0.0014644072 0.0002)
(0.00225 0.0014644072 0.0002)
(0.0023 0.0014644072 0.0002)
(0.00235 0.0014644072 0.0002)
(0.0024 0.0014644072 0.0002)
(0.00245 0.0014644072 0.0002)
(0.0025 0.0014644072 0.0002)
(0.00255 0.0014644072 0.0002)
(0.0026 0.0014644072 0.0002)
(0.00265 0.0014644072 0.0002)
(0.0027 0.0014644072 0.0002)
(0.00275 0.0014644072 0.0002)
(0.0028 0.0014644072 0.0002)
(0.00285 0.0014644072 0.0002)
(0.0029 0.0014644072 0.0002)
(0.00295 0.0014644072 0.0002)
(0.003 0.0014644072 0.0002)
(0.00305 0.0014644072 0.0002)
(0.0031 0.0014644072 0.0002)
(0.00315 0.0014644072 0.0002)
(0.0032 0.0014644072 0.0002)
(0.00325 0.0014644072 0.0002)
(0.0033 0.0014644072 0.0002)
(0.00335 0.0014644072 0.0002)
(0.0034 0.0014644072 0.0002)
(0.00345 0.0014644072 0.0002)
(0.0035 0.0014644072 0.0002)
(0.00355 0.0014644072 0.0002)
(0.0036 0.0014644072 0.0002)
(0.00365 0.0014644072 0.0002)
(0.0037 0.0014644072 0.0002)
(0.00375 0.0014644072 0.0002)
(0.0038 0.0014644072 0.0002)
(0.00385 0.0014644072 0.0002)
(0.0039 0.0014644072 0.0002)
(0.00395 0.0014644072 0.0002)
(0.004 0.0014644072 0.0002)
(0.00405 0.0014644072 0.0002)
(0.0041 0.0014644072 0.0002)
(0.00415 0.0014644072 0.0002)
(0.0042 0.0014644072 0.0002)
(0.00425 0.0014644072 0.0002)
(0.0043 0.0014644072 0.0002)
(0.00435 0.0014644072 0.0002)
(0.0044 0.0014644072 0.0002)
(0.00445 0.0014644072 0.0002)
(0.0045 0.0014644072 0.0002)
(0.00455 0.0014644072 0.0002)
(0.0046 0.0014644072 0.0002)
(0.00465 0.0014644072 0.0002)
(0.0047 0.0014644072 0.0002)
(0.00475 0.0014644072 0.0002)
(0.0048 0.0014644072 0.0002)
(0.00485 0.0014644072 0.0002)
(0.0049 0.0014644072 0.0002)
(0.00495 0.0014644072 0.0002)
(0.005 0.0014644072 0.0002)
(0.00505 0.0014644072 0.0002)
(0.0051 0.0014644072 0.0002)
(0.00515 0.0014644072 0.0002)
(0.0052 0.0014644072 0.0002)
(0.00525 0.0014644072 0.0002)
(0.0053 0.0014644072 0.0002)
(0.00535 0.0014644072 0.0002)
(0.0054 0.0014644072 0.0002)
(0.00545 0.0014644072 0.0002)
(0.0055 0.0014644072 0.0002)
(0.00555 0.0014644072 0.0002)
(0.0056 0.0014644072 0.0002)
(0.00565 0.0014644072 0.0002)
(0.0057 0.0014644072 0.0002)
(0.00575 0.0014644072 0.0002)
(0.0058 0.0014644072 0.0002)
(0.00585 0.0014644072 0.0002)
(0.0059 0.0014644072 0.0002)
(0.00595 0.0014644072 0.0002)
(0.006 0.0014644072 0.0002)
(0.00605 0.0014644072 0.0002)
(0.0061 0.0014644072 0.0002)
(0.00615 0.0014644072 0.0002)
(0.0062 0.0014644072 0.0002)
(0.00625 0.0014644072 0.0002)
(0.0063 0.0014644072 0.0002)
(0.00635 0.0014644072 0.0002)
(0.0064 0.0014644072 0.0002)
(0.00645 0.0014644072 0.0002)
(0.0065 0.0014644072 0.0002)
(0.00655 0.0014644072 0.0002)
(0.0066 0.0014644072 0.0002)
(0.00665 0.0014644072 0.0002)
(0.0067 0.0014644072 0.0002)
(0.00675 0.0014644072 0.0002)
(0.0068 0.0014644072 0.0002)
(0.00685 0.0014644072 0.0002)
(0.0069 0.0014644072 0.0002)
(0.00695 0.0014644072 0.0002)
(0.007 0.0014644072 0.0002)
(0.00705 0.0014644072 0.0002)
(0.0071 0.0014644072 0.0002)
(0.00715 0.0014644072 0.0002)
(0.0072 0.0014644072 0.0002)
(0.00725 0.0014644072 0.0002)
(0.0073 0.0014644072 0.0002)
(0.00735 0.0014644072 0.0002)
(0.0074 0.0014644072 0.0002)
(0.00745 0.0014644072 0.0002)
(0.0075 0.0014644072 0.0002)
(0.00755 0.0014644072 0.0002)
(0.0076 0.0014644072 0.0002)
(0.00765 0.0014644072 0.0002)
(0.0077 0.0014644072 0.0002)
(0.00775 0.0014644072 0.0002)
(0.0078 0.0014644072 0.0002)
(0.00785 0.0014644072 0.0002)
(0.0079 0.0014644072 0.0002)
(0.00795 0.0014644072 0.0002)
(0.008 0.0014644072 0.0002)
(0.00805 0.0014644072 0.0002)
(0.0081 0.0014644072 0.0002)
(0.00815 0.0014644072 0.0002)
(0.0082 0.0014644072 0.0002)
(0.00825 0.0014644072 0.0002)
(0.0083 0.0014644072 0.0002)
(0.00835 0.0014644072 0.0002)
(0.0084 0.0014644072 0.0002)
(0.00845 0.0014644072 0.0002)
(0.0085 0.0014644072 0.0002)
(0.00855 0.0014644072 0.0002)
(0.0086 0.0014644072 0.0002)
(0.00865 0.0014644072 0.0002)
(0.0087 0.0014644072 0.0002)
(0.00875 0.0014644072 0.0002)
(0.0088 0.0014644072 0.0002)
(0.00885 0.0014644072 0.0002)
(0.0089 0.0014644072 0.0002)
(0.00895 0.0014644072 0.0002)
(0.009 0.0014644072 0.0002)
(0.00905 0.0014644072 0.0002)
(0.0091 0.0014644072 0.0002)
(0.00915 0.0014644072 0.0002)
(0.0092 0.0014644072 0.0002)
(0.00925 0.0014644072 0.0002)
(0.0093 0.0014644072 0.0002)
(0.00935 0.0014644072 0.0002)
(0.0094 0.0014644072 0.0002)
(0.00945 0.0014644072 0.0002)
(0.0095 0.0014644072 0.0002)
(0.00955 0.0014644072 0.0002)
(0.0096 0.0014644072 0.0002)
(0.00965 0.0014644072 0.0002)
(0.0097 0.0014644072 0.0002)
(0.00975 0.0014644072 0.0002)
(0.0098 0.0014644072 0.0002)
(0.00985 0.0014644072 0.0002)
(0.0099 0.0014644072 0.0002)
(0.00995 0.0014644072 0.0002)
(0.01 0.0014644072 0.0002)
(0 0.001507478 0.0002)
(5e-05 0.001507478 0.0002)
(0.0001 0.001507478 0.0002)
(0.00015 0.001507478 0.0002)
(0.0002 0.001507478 0.0002)
(0.00025 0.001507478 0.0002)
(0.0003 0.001507478 0.0002)
(0.00035 0.001507478 0.0002)
(0.0004 0.001507478 0.0002)
(0.00045 0.001507478 0.0002)
(0.0005 0.001507478 0.0002)
(0.00055 0.001507478 0.0002)
(0.0006 0.001507478 0.0002)
(0.00065 0.001507478 0.0002)
(0.0007 0.001507478 0.0002)
(0.00075 0.001507478 0.0002)
(0.0008 0.001507478 0.0002)
(0.00085 0.001507478 0.0002)
(0.0009 0.001507478 0.0002)
(0.00095 0.001507478 0.0002)
(0.001 0.001507478 0.0002)
(0.00105 0.001507478 0.0002)
(0.0011 0.001507478 0.0002)
(0.00115 0.001507478 0.0002)
(0.0012 0.001507478 0.0002)
(0.00125 0.001507478 0.0002)
(0.0013 0.001507478 0.0002)
(0.00135 0.001507478 0.0002)
(0.0014 0.001507478 0.0002)
(0.00145 0.001507478 0.0002)
(0.0015 0.001507478 0.0002)
(0.00155 0.001507478 0.0002)
(0.0016 0.001507478 0.0002)
(0.00165 0.001507478 0.0002)
(0.0017 0.001507478 0.0002)
(0.00175 0.001507478 0.0002)
(0.0018 0.001507478 0.0002)
(0.00185 0.001507478 0.0002)
(0.0019 0.001507478 0.0002)
(0.00195 0.001507478 0.0002)
(0.002 0.001507478 0.0002)
(0.00205 0.001507478 0.0002)
(0.0021 0.001507478 0.0002)
(0.00215 0.001507478 0.0002)
(0.0022 0.001507478 0.0002)
(0.00225 0.001507478 0.0002)
(0.0023 0.001507478 0.0002)
(0.00235 0.001507478 0.0002)
(0.0024 0.001507478 0.0002)
(0.00245 0.001507478 0.0002)
(0.0025 0.001507478 0.0002)
(0.00255 0.001507478 0.0002)
(0.0026 0.001507478 0.0002)
(0.00265 0.001507478 0.0002)
(0.0027 0.001507478 0.0002)
(0.00275 0.001507478 0.0002)
(0.0028 0.001507478 0.0002)
(0.00285 0.001507478 0.0002)
(0.0029 0.001507478 0.0002)
(0.00295 0.001507478 0.0002)
(0.003 0.001507478 0.0002)
(0.00305 0.001507478 0.0002)
(0.0031 0.001507478 0.0002)
(0.00315 0.001507478 0.0002)
(0.0032 0.001507478 0.0002)
(0.00325 0.001507478 0.0002)
(0.0033 0.001507478 0.0002)
(0.00335 0.001507478 0.0002)
(0.0034 0.001507478 0.0002)
(0.00345 0.001507478 0.0002)
(0.0035 0.001507478 0.0002)
(0.00355 0.001507478 0.0002)
(0.0036 0.001507478 0.0002)
(0.00365 0.001507478 0.0002)
(0.0037 0.001507478 0.0002)
(0.00375 0.001507478 0.0002)
(0.0038 0.001507478 0.0002)
(0.00385 0.001507478 0.0002)
(0.0039 0.001507478 0.0002)
(0.00395 0.001507478 0.0002)
(0.004 0.001507478 0.0002)
(0.00405 0.001507478 0.0002)
(0.0041 0.001507478 0.0002)
(0.00415 0.001507478 0.0002)
(0.0042 0.001507478 0.0002)
(0.00425 0.001507478 0.0002)
(0.0043 0.001507478 0.0002)
(0.00435 0.001507478 0.0002)
(0.0044 0.001507478 0.0002)
(0.00445 0.001507478 0.0002)
(0.0045 0.001507478 0.0002)
(0.00455 0.001507478 0.0002)
(0.0046 0.001507478 0.0002)
(0.00465 0.001507478 0.0002)
(0.0047 0.001507478 0.0002)
(0.00475 0.001507478 0.0002)
(0.0048 0.001507478 0.0002)
(0.00485 0.001507478 0.0002)
(0.0049 0.001507478 0.0002)
(0.00495 0.001507478 0.0002)
(0.005 0.001507478 0.0002)
(0.00505 0.001507478 0.0002)
(0.0051 0.001507478 0.0002)
(0.00515 0.001507478 0.0002)
(0.0052 0.001507478 0.0002)
(0.00525 0.001507478 0.0002)
(0.0053 0.001507478 0.0002)
(0.00535 0.001507478 0.0002)
(0.0054 0.001507478 0.0002)
(0.00545 0.001507478 0.0002)
(0.0055 0.001507478 0.0002)
(0.00555 0.001507478 0.0002)
(0.0056 0.001507478 0.0002)
(0.00565 0.001507478 0.0002)
(0.0057 0.001507478 0.0002)
(0.00575 0.001507478 0.0002)
(0.0058 0.001507478 0.0002)
(0.00585 0.001507478 0.0002)
(0.0059 0.001507478 0.0002)
(0.00595 0.001507478 0.0002)
(0.006 0.001507478 0.0002)
(0.00605 0.001507478 0.0002)
(0.0061 0.001507478 0.0002)
(0.00615 0.001507478 0.0002)
(0.0062 0.001507478 0.0002)
(0.00625 0.001507478 0.0002)
(0.0063 0.001507478 0.0002)
(0.00635 0.001507478 0.0002)
(0.0064 0.001507478 0.0002)
(0.00645 0.001507478 0.0002)
(0.0065 0.001507478 0.0002)
(0.00655 0.001507478 0.0002)
(0.0066 0.001507478 0.0002)
(0.00665 0.001507478 0.0002)
(0.0067 0.001507478 0.0002)
(0.00675 0.001507478 0.0002)
(0.0068 0.001507478 0.0002)
(0.00685 0.001507478 0.0002)
(0.0069 0.001507478 0.0002)
(0.00695 0.001507478 0.0002)
(0.007 0.001507478 0.0002)
(0.00705 0.001507478 0.0002)
(0.0071 0.001507478 0.0002)
(0.00715 0.001507478 0.0002)
(0.0072 0.001507478 0.0002)
(0.00725 0.001507478 0.0002)
(0.0073 0.001507478 0.0002)
(0.00735 0.001507478 0.0002)
(0.0074 0.001507478 0.0002)
(0.00745 0.001507478 0.0002)
(0.0075 0.001507478 0.0002)
(0.00755 0.001507478 0.0002)
(0.0076 0.001507478 0.0002)
(0.00765 0.001507478 0.0002)
(0.0077 0.001507478 0.0002)
(0.00775 0.001507478 0.0002)
(0.0078 0.001507478 0.0002)
(0.00785 0.001507478 0.0002)
(0.0079 0.001507478 0.0002)
(0.00795 0.001507478 0.0002)
(0.008 0.001507478 0.0002)
(0.00805 0.001507478 0.0002)
(0.0081 0.001507478 0.0002)
(0.00815 0.001507478 0.0002)
(0.0082 0.001507478 0.0002)
(0.00825 0.001507478 0.0002)
(0.0083 0.001507478 0.0002)
(0.00835 0.001507478 0.0002)
(0.0084 0.001507478 0.0002)
(0.00845 0.001507478 0.0002)
(0.0085 0.001507478 0.0002)
(0.00855 0.001507478 0.0002)
(0.0086 0.001507478 0.0002)
(0.00865 0.001507478 0.0002)
(0.0087 0.001507478 0.0002)
(0.00875 0.001507478 0.0002)
(0.0088 0.001507478 0.0002)
(0.00885 0.001507478 0.0002)
(0.0089 0.001507478 0.0002)
(0.00895 0.001507478 0.0002)
(0.009 0.001507478 0.0002)
(0.00905 0.001507478 0.0002)
(0.0091 0.001507478 0.0002)
(0.00915 0.001507478 0.0002)
(0.0092 0.001507478 0.0002)
(0.00925 0.001507478 0.0002)
(0.0093 0.001507478 0.0002)
(0.00935 0.001507478 0.0002)
(0.0094 0.001507478 0.0002)
(0.00945 0.001507478 0.0002)
(0.0095 0.001507478 0.0002)
(0.00955 0.001507478 0.0002)
(0.0096 0.001507478 0.0002)
(0.00965 0.001507478 0.0002)
(0.0097 0.001507478 0.0002)
(0.00975 0.001507478 0.0002)
(0.0098 0.001507478 0.0002)
(0.00985 0.001507478 0.0002)
(0.0099 0.001507478 0.0002)
(0.00995 0.001507478 0.0002)
(0.01 0.001507478 0.0002)
(0 0.0015505488 0)
(5e-05 0.0015505488 0)
(0.0001 0.0015505488 0)
(0.00015 0.0015505488 0)
(0.0002 0.0015505488 0)
(0.00025 0.0015505488 0)
(0.0003 0.0015505488 0)
(0.00035 0.0015505488 0)
(0.0004 0.0015505488 0)
(0.00045 0.0015505488 0)
(0.0005 0.0015505488 0)
(0.00055 0.0015505488 0)
(0.0006 0.0015505488 0)
(0.00065 0.0015505488 0)
(0.0007 0.0015505488 0)
(0.00075 0.0015505488 0)
(0.0008 0.0015505488 0)
(0.00085 0.0015505488 0)
(0.0009 0.0015505488 0)
(0.00095 0.0015505488 0)
(0.001 0.0015505488 0)
(0.00105 0.0015505488 0)
(0.0011 0.0015505488 0)
(0.00115 0.0015505488 0)
(0.0012 0.0015505488 0)
(0.00125 0.0015505488 0)
(0.0013 0.0015505488 0)
(0.00135 0.0015505488 0)
(0.0014 0.0015505488 0)
(0.00145 0.0015505488 0)
(0.0015 0.0015505488 0)
(0.00155 0.0015505488 0)
(0.0016 0.0015505488 0)
(0.00165 0.0015505488 0)
(0.0017 0.0015505488 0)
(0.00175 0.0015505488 0)
(0.0018 0.0015505488 0)
(0.00185 0.0015505488 0)
(0.0019 0.0015505488 0)
(0.00195 0.0015505488 0)
(0.002 0.0015505488 0)
(0.00205 0.0015505488 0)
(0.0021 0.0015505488 0)
(0.00215 0.0015505488 0)
(0.0022 0.0015505488 0)
(0.00225 0.0015505488 0)
(0.0023 0.0015505488 0)
(0.00235 0.0015505488 0)
(0.0024 0.0015505488 0)
(0.00245 0.0015505488 0)
(0.0025 0.0015505488 0)
(0.00255 0.0015505488 0)
(0.0026 0.0015505488 0)
(0.00265 0.0015505488 0)
(0.0027 0.0015505488 0)
(0.00275 0.0015505488 0)
(0.0028 0.0015505488 0)
(0.00285 0.0015505488 0)
(0.0029 0.0015505488 0)
(0.00295 0.0015505488 0)
(0.003 0.0015505488 0)
(0.00305 0.0015505488 0)
(0.0031 0.0015505488 0)
(0.00315 0.0015505488 0)
(0.0032 0.0015505488 0)
(0.00325 0.0015505488 0)
(0.0033 0.0015505488 0)
(0.00335 0.0015505488 0)
(0.0034 0.0015505488 0)
(0.00345 0.0015505488 0)
(0.0035 0.0015505488 0)
(0.00355 0.0015505488 0)
(0.0036 0.0015505488 0)
(0.00365 0.0015505488 0)
(0.0037 0.0015505488 0)
(0.00375 0.0015505488 0)
(0.0038 0.0015505488 0)
(0.00385 0.0015505488 0)
(0.0039 0.0015505488 0)
(0.00395 0.0015505488 0)
(0.004 0.0015505488 0)
(0.00405 0.0015505488 0)
(0.0041 0.0015505488 0)
(0.00415 0.0015505488 0)
(0.0042 0.0015505488 0)
(0.00425 0.0015505488 0)
(0.0043 0.0015505488 0)
(0.00435 0.0015505488 0)
(0.0044 0.0015505488 0)
(0.00445 0.0015505488 0)
(0.0045 0.0015505488 0)
(0.00455 0.0015505488 0)
(0.0046 0.0015505488 0)
(0.00465 0.0015505488 0)
(0.0047 0.0015505488 0)
(0.00475 0.0015505488 0)
(0.0048 0.0015505488 0)
(0.00485 0.0015505488 0)
(0.0049 0.0015505488 0)
(0.00495 0.0015505488 0)
(0.005 0.0015505488 0)
(0.00505 0.0015505488 0)
(0.0051 0.0015505488 0)
(0.00515 0.0015505488 0)
(0.0052 0.0015505488 0)
(0.00525 0.0015505488 0)
(0.0053 0.0015505488 0)
(0.00535 0.0015505488 0)
(0.0054 0.0015505488 0)
(0.00545 0.0015505488 0)
(0.0055 0.0015505488 0)
(0.00555 0.0015505488 0)
(0.0056 0.0015505488 0)
(0.00565 0.0015505488 0)
(0.0057 0.0015505488 0)
(0.00575 0.0015505488 0)
(0.0058 0.0015505488 0)
(0.00585 0.0015505488 0)
(0.0059 0.0015505488 0)
(0.00595 0.0015505488 0)
(0.006 0.0015505488 0)
(0.00605 0.0015505488 0)
(0.0061 0.0015505488 0)
(0.00615 0.0015505488 0)
(0.0062 0.0015505488 0)
(0.00625 0.0015505488 0)
(0.0063 0.0015505488 0)
(0.00635 0.0015505488 0)
(0.0064 0.0015505488 0)
(0.00645 0.0015505488 0)
(0.0065 0.0015505488 0)
(0.00655 0.0015505488 0)
(0.0066 0.0015505488 0)
(0.00665 0.0015505488 0)
(0.0067 0.0015505488 0)
(0.00675 0.0015505488 0)
(0.0068 0.0015505488 0)
(0.00685 0.0015505488 0)
(0.0069 0.0015505488 0)
(0.00695 0.0015505488 0)
(0.007 0.0015505488 0)
(0.00705 0.0015505488 0)
(0.0071 0.0015505488 0)
(0.00715 0.0015505488 0)
(0.0072 0.0015505488 0)
(0.00725 0.0015505488 0)
(0.0073 0.0015505488 0)
(0.00735 0.0015505488 0)
(0.0074 0.0015505488 0)
(0.00745 0.0015505488 0)
(0.0075 0.0015505488 0)
(0.00755 0.0015505488 0)
(0.0076 0.0015505488 0)
(0.00765 0.0015505488 0)
(0.0077 0.0015505488 0)
(0.00775 0.0015505488 0)
(0.0078 0.0015505488 0)
(0.00785 0.0015505488 0)
(0.0079 0.0015505488 0)
(0.00795 0.0015505488 0)
(0.008 0.0015505488 0)
(0.00805 0.0015505488 0)
(0.0081 0.0015505488 0)
(0.00815 0.0015505488 0)
(0.0082 0.0015505488 0)
(0.00825 0.0015505488 0)
(0.0083 0.0015505488 0)
(0.00835 0.0015505488 0)
(0.0084 0.0015505488 0)
(0.00845 0.0015505488 0)
(0.0085 0.0015505488 0)
(0.00855 0.0015505488 0)
(0.0086 0.0015505488 0)
(0.00865 0.0015505488 0)
(0.0087 0.0015505488 0)
(0.00875 0.0015505488 0)
(0.0088 0.0015505488 0)
(0.00885 0.0015505488 0)
(0.0089 0.0015505488 0)
(0.00895 0.0015505488 0)
(0.009 0.0015505488 0)
(0.00905 0.0015505488 0)
(0.0091 0.0015505488 0)
(0.00915 0.0015505488 0)
(0.0092 0.0015505488 0)
(0.00925 0.0015505488 0)
(0.0093 0.0015505488 0)
(0.00935 0.0015505488 0)
(0.0094 0.0015505488 0)
(0.00945 0.0015505488 0)
(0.0095 0.0015505488 0)
(0.00955 0.0015505488 0)
(0.0096 0.0015505488 0)
(0.00965 0.0015505488 0)
(0.0097 0.0015505488 0)
(0.00975 0.0015505488 0)
(0.0098 0.0015505488 0)
(0.00985 0.0015505488 0)
(0.0099 0.0015505488 0)
(0.00995 0.0015505488 0)
(0.01 0.0015505488 0)
(0 0.0015936196 0)
(5e-05 0.0015936196 0)
(0.0001 0.0015936196 0)
(0.00015 0.0015936196 0)
(0.0002 0.0015936196 0)
(0.00025 0.0015936196 0)
(0.0003 0.0015936196 0)
(0.00035 0.0015936196 0)
(0.0004 0.0015936196 0)
(0.00045 0.0015936196 0)
(0.0005 0.0015936196 0)
(0.00055 0.0015936196 0)
(0.0006 0.0015936196 0)
(0.00065 0.0015936196 0)
(0.0007 0.0015936196 0)
(0.00075 0.0015936196 0)
(0.0008 0.0015936196 0)
(0.00085 0.0015936196 0)
(0.0009 0.0015936196 0)
(0.00095 0.0015936196 0)
(0.001 0.0015936196 0)
(0.00105 0.0015936196 0)
(0.0011 0.0015936196 0)
(0.00115 0.0015936196 0)
(0.0012 0.0015936196 0)
(0.00125 0.0015936196 0)
(0.0013 0.0015936196 0)
(0.00135 0.0015936196 0)
(0.0014 0.0015936196 0)
(0.00145 0.0015936196 0)
(0.0015 0.0015936196 0)
(0.00155 0.0015936196 0)
(0.0016 0.0015936196 0)
(0.00165 0.0015936196 0)
(0.0017 0.0015936196 0)
(0.00175 0.0015936196 0)
(0.0018 0.0015936196 0)
(0.00185 0.0015936196 0)
(0.0019 0.0015936196 0)
(0.00195 0.0015936196 0)
(0.002 0.0015936196 0)
(0.00205 0.0015936196 0)
(0.0021 0.0015936196 0)
(0.00215 0.0015936196 0)
(0.0022 0.0015936196 0)
(0.00225 0.0015936196 0)
(0.0023 0.0015936196 0)
(0.00235 0.0015936196 0)
(0.0024 0.0015936196 0)
(0.00245 0.0015936196 0)
(0.0025 0.0015936196 0)
(0.00255 0.0015936196 0)
(0.0026 0.0015936196 0)
(0.00265 0.0015936196 0)
(0.0027 0.0015936196 0)
(0.00275 0.0015936196 0)
(0.0028 0.0015936196 0)
(0.00285 0.0015936196 0)
(0.0029 0.0015936196 0)
(0.00295 0.0015936196 0)
(0.003 0.0015936196 0)
(0.00305 0.0015936196 0)
(0.0031 0.0015936196 0)
(0.00315 0.0015936196 0)
(0.0032 0.0015936196 0)
(0.00325 0.0015936196 0)
(0.0033 0.0015936196 0)
(0.00335 0.0015936196 0)
(0.0034 0.0015936196 0)
(0.00345 0.0015936196 0)
(0.0035 0.0015936196 0)
(0.00355 0.0015936196 0)
(0.0036 0.0015936196 0)
(0.00365 0.0015936196 0)
(0.0037 0.0015936196 0)
(0.00375 0.0015936196 0)
(0.0038 0.0015936196 0)
(0.00385 0.0015936196 0)
(0.0039 0.0015936196 0)
(0.00395 0.0015936196 0)
(0.004 0.0015936196 0)
(0.00405 0.0015936196 0)
(0.0041 0.0015936196 0)
(0.00415 0.0015936196 0)
(0.0042 0.0015936196 0)
(0.00425 0.0015936196 0)
(0.0043 0.0015936196 0)
(0.00435 0.0015936196 0)
(0.0044 0.0015936196 0)
(0.00445 0.0015936196 0)
(0.0045 0.0015936196 0)
(0.00455 0.0015936196 0)
(0.0046 0.0015936196 0)
(0.00465 0.0015936196 0)
(0.0047 0.0015936196 0)
(0.00475 0.0015936196 0)
(0.0048 0.0015936196 0)
(0.00485 0.0015936196 0)
(0.0049 0.0015936196 0)
(0.00495 0.0015936196 0)
(0.005 0.0015936196 0)
(0.00505 0.0015936196 0)
(0.0051 0.0015936196 0)
(0.00515 0.0015936196 0)
(0.0052 0.0015936196 0)
(0.00525 0.0015936196 0)
(0.0053 0.0015936196 0)
(0.00535 0.0015936196 0)
(0.0054 0.0015936196 0)
(0.00545 0.0015936196 0)
(0.0055 0.0015936196 0)
(0.00555 0.0015936196 0)
(0.0056 0.0015936196 0)
(0.00565 0.0015936196 0)
(0.0057 0.0015936196 0)
(0.00575 0.0015936196 0)
(0.0058 0.0015936196 0)
(0.00585 0.0015936196 0)
(0.0059 0.0015936196 0)
(0.00595 0.0015936196 0)
(0.006 0.0015936196 0)
(0.00605 0.0015936196 0)
(0.0061 0.0015936196 0)
(0.00615 0.0015936196 0)
(0.0062 0.0015936196 0)
(0.00625 0.0015936196 0)
(0.0063 0.0015936196 0)
(0.00635 0.0015936196 0)
(0.0064 0.0015936196 0)
(0.00645 0.0015936196 0)
(0.0065 0.0015936196 0)
(0.00655 0.0015936196 0)
(0.0066 0.0015936196 0)
(0.00665 0.0015936196 0)
(0.0067 0.0015936196 0)
(0.00675 0.0015936196 0)
(0.0068 0.0015936196 0)
(0.00685 0.0015936196 0)
(0.0069 0.0015936196 0)
(0.00695 0.0015936196 0)
(0.007 0.0015936196 0)
(0.00705 0.0015936196 0)
(0.0071 0.0015936196 0)
(0.00715 0.0015936196 0)
(0.0072 0.0015936196 0)
(0.00725 0.0015936196 0)
(0.0073 0.0015936196 0)
(0.00735 0.0015936196 0)
(0.0074 0.0015936196 0)
(0.00745 0.0015936196 0)
(0.0075 0.0015936196 0)
(0.00755 0.0015936196 0)
(0.0076 0.0015936196 0)
(0.00765 0.0015936196 0)
(0.0077 0.0015936196 0)
(0.00775 0.0015936196 0)
(0.0078 0.0015936196 0)
(0.00785 0.0015936196 0)
(0.0079 0.0015936196 0)
(0.00795 0.0015936196 0)
(0.008 0.0015936196 0)
(0.00805 0.0015936196 0)
(0.0081 0.0015936196 0)
(0.00815 0.0015936196 0)
(0.0082 0.0015936196 0)
(0.00825 0.0015936196 0)
(0.0083 0.0015936196 0)
(0.00835 0.0015936196 0)
(0.0084 0.0015936196 0)
(0.00845 0.0015936196 0)
(0.0085 0.0015936196 0)
(0.00855 0.0015936196 0)
(0.0086 0.0015936196 0)
(0.00865 0.0015936196 0)
(0.0087 0.0015936196 0)
(0.00875 0.0015936196 0)
(0.0088 0.0015936196 0)
(0.00885 0.0015936196 0)
(0.0089 0.0015936196 0)
(0.00895 0.0015936196 0)
(0.009 0.0015936196 0)
(0.00905 0.0015936196 0)
(0.0091 0.0015936196 0)
(0.00915 0.0015936196 0)
(0.0092 0.0015936196 0)
(0.00925 0.0015936196 0)
(0.0093 0.0015936196 0)
(0.00935 0.0015936196 0)
(0.0094 0.0015936196 0)
(0.00945 0.0015936196 0)
(0.0095 0.0015936196 0)
(0.00955 0.0015936196 0)
(0.0096 0.0015936196 0)
(0.00965 0.0015936196 0)
(0.0097 0.0015936196 0)
(0.00975 0.0015936196 0)
(0.0098 0.0015936196 0)
(0.00985 0.0015936196 0)
(0.0099 0.0015936196 0)
(0.00995 0.0015936196 0)
(0.01 0.0015936196 0)
(0 0.0016366904 0)
(5e-05 0.0016366904 0)
(0.0001 0.0016366904 0)
(0.00015 0.0016366904 0)
(0.0002 0.0016366904 0)
(0.00025 0.0016366904 0)
(0.0003 0.0016366904 0)
(0.00035 0.0016366904 0)
(0.0004 0.0016366904 0)
(0.00045 0.0016366904 0)
(0.0005 0.0016366904 0)
(0.00055 0.0016366904 0)
(0.0006 0.0016366904 0)
(0.00065 0.0016366904 0)
(0.0007 0.0016366904 0)
(0.00075 0.0016366904 0)
(0.0008 0.0016366904 0)
(0.00085 0.0016366904 0)
(0.0009 0.0016366904 0)
(0.00095 0.0016366904 0)
(0.001 0.0016366904 0)
(0.00105 0.0016366904 0)
(0.0011 0.0016366904 0)
(0.00115 0.0016366904 0)
(0.0012 0.0016366904 0)
(0.00125 0.0016366904 0)
(0.0013 0.0016366904 0)
(0.00135 0.0016366904 0)
(0.0014 0.0016366904 0)
(0.00145 0.0016366904 0)
(0.0015 0.0016366904 0)
(0.00155 0.0016366904 0)
(0.0016 0.0016366904 0)
(0.00165 0.0016366904 0)
(0.0017 0.0016366904 0)
(0.00175 0.0016366904 0)
(0.0018 0.0016366904 0)
(0.00185 0.0016366904 0)
(0.0019 0.0016366904 0)
(0.00195 0.0016366904 0)
(0.002 0.0016366904 0)
(0.00205 0.0016366904 0)
(0.0021 0.0016366904 0)
(0.00215 0.0016366904 0)
(0.0022 0.0016366904 0)
(0.00225 0.0016366904 0)
(0.0023 0.0016366904 0)
(0.00235 0.0016366904 0)
(0.0024 0.0016366904 0)
(0.00245 0.0016366904 0)
(0.0025 0.0016366904 0)
(0.00255 0.0016366904 0)
(0.0026 0.0016366904 0)
(0.00265 0.0016366904 0)
(0.0027 0.0016366904 0)
(0.00275 0.0016366904 0)
(0.0028 0.0016366904 0)
(0.00285 0.0016366904 0)
(0.0029 0.0016366904 0)
(0.00295 0.0016366904 0)
(0.003 0.0016366904 0)
(0.00305 0.0016366904 0)
(0.0031 0.0016366904 0)
(0.00315 0.0016366904 0)
(0.0032 0.0016366904 0)
(0.00325 0.0016366904 0)
(0.0033 0.0016366904 0)
(0.00335 0.0016366904 0)
(0.0034 0.0016366904 0)
(0.00345 0.0016366904 0)
(0.0035 0.0016366904 0)
(0.00355 0.0016366904 0)
(0.0036 0.0016366904 0)
(0.00365 0.0016366904 0)
(0.0037 0.0016366904 0)
(0.00375 0.0016366904 0)
(0.0038 0.0016366904 0)
(0.00385 0.0016366904 0)
(0.0039 0.0016366904 0)
(0.00395 0.0016366904 0)
(0.004 0.0016366904 0)
(0.00405 0.0016366904 0)
(0.0041 0.0016366904 0)
(0.00415 0.0016366904 0)
(0.0042 0.0016366904 0)
(0.00425 0.0016366904 0)
(0.0043 0.0016366904 0)
(0.00435 0.0016366904 0)
(0.0044 0.0016366904 0)
(0.00445 0.0016366904 0)
(0.0045 0.0016366904 0)
(0.00455 0.0016366904 0)
(0.0046 0.0016366904 0)
(0.00465 0.0016366904 0)
(0.0047 0.0016366904 0)
(0.00475 0.0016366904 0)
(0.0048 0.0016366904 0)
(0.00485 0.0016366904 0)
(0.0049 0.0016366904 0)
(0.00495 0.0016366904 0)
(0.005 0.0016366904 0)
(0.00505 0.0016366904 0)
(0.0051 0.0016366904 0)
(0.00515 0.0016366904 0)
(0.0052 0.0016366904 0)
(0.00525 0.0016366904 0)
(0.0053 0.0016366904 0)
(0.00535 0.0016366904 0)
(0.0054 0.0016366904 0)
(0.00545 0.0016366904 0)
(0.0055 0.0016366904 0)
(0.00555 0.0016366904 0)
(0.0056 0.0016366904 0)
(0.00565 0.0016366904 0)
(0.0057 0.0016366904 0)
(0.00575 0.0016366904 0)
(0.0058 0.0016366904 0)
(0.00585 0.0016366904 0)
(0.0059 0.0016366904 0)
(0.00595 0.0016366904 0)
(0.006 0.0016366904 0)
(0.00605 0.0016366904 0)
(0.0061 0.0016366904 0)
(0.00615 0.0016366904 0)
(0.0062 0.0016366904 0)
(0.00625 0.0016366904 0)
(0.0063 0.0016366904 0)
(0.00635 0.0016366904 0)
(0.0064 0.0016366904 0)
(0.00645 0.0016366904 0)
(0.0065 0.0016366904 0)
(0.00655 0.0016366904 0)
(0.0066 0.0016366904 0)
(0.00665 0.0016366904 0)
(0.0067 0.0016366904 0)
(0.00675 0.0016366904 0)
(0.0068 0.0016366904 0)
(0.00685 0.0016366904 0)
(0.0069 0.0016366904 0)
(0.00695 0.0016366904 0)
(0.007 0.0016366904 0)
(0.00705 0.0016366904 0)
(0.0071 0.0016366904 0)
(0.00715 0.0016366904 0)
(0.0072 0.0016366904 0)
(0.00725 0.0016366904 0)
(0.0073 0.0016366904 0)
(0.00735 0.0016366904 0)
(0.0074 0.0016366904 0)
(0.00745 0.0016366904 0)
(0.0075 0.0016366904 0)
(0.00755 0.0016366904 0)
(0.0076 0.0016366904 0)
(0.00765 0.0016366904 0)
(0.0077 0.0016366904 0)
(0.00775 0.0016366904 0)
(0.0078 0.0016366904 0)
(0.00785 0.0016366904 0)
(0.0079 0.0016366904 0)
(0.00795 0.0016366904 0)
(0.008 0.0016366904 0)
(0.00805 0.0016366904 0)
(0.0081 0.0016366904 0)
(0.00815 0.0016366904 0)
(0.0082 0.0016366904 0)
(0.00825 0.0016366904 0)
(0.0083 0.0016366904 0)
(0.00835 0.0016366904 0)
(0.0084 0.0016366904 0)
(0.00845 0.0016366904 0)
(0.0085 0.0016366904 0)
(0.00855 0.0016366904 0)
(0.0086 0.0016366904 0)
(0.00865 0.0016366904 0)
(0.0087 0.0016366904 0)
(0.00875 0.0016366904 0)
(0.0088 0.0016366904 0)
(0.00885 0.0016366904 0)
(0.0089 0.0016366904 0)
(0.00895 0.0016366904 0)
(0.009 0.0016366904 0)
(0.00905 0.0016366904 0)
(0.0091 0.0016366904 0)
(0.00915 0.0016366904 0)
(0.0092 0.0016366904 0)
(0.00925 0.0016366904 0)
(0.0093 0.0016366904 0)
(0.00935 0.0016366904 0)
(0.0094 0.0016366904 0)
(0.00945 0.0016366904 0)
(0.0095 0.0016366904 0)
(0.00955 0.0016366904 0)
(0.0096 0.0016366904 0)
(0.00965 0.0016366904 0)
(0.0097 0.0016366904 0)
(0.00975 0.0016366904 0)
(0.0098 0.0016366904 0)
(0.00985 0.0016366904 0)
(0.0099 0.0016366904 0)
(0.00995 0.0016366904 0)
(0.01 0.0016366904 0)
(0 0.0016797612 0)
(5e-05 0.0016797612 0)
(0.0001 0.0016797612 0)
(0.00015 0.0016797612 0)
(0.0002 0.0016797612 0)
(0.00025 0.0016797612 0)
(0.0003 0.0016797612 0)
(0.00035 0.0016797612 0)
(0.0004 0.0016797612 0)
(0.00045 0.0016797612 0)
(0.0005 0.0016797612 0)
(0.00055 0.0016797612 0)
(0.0006 0.0016797612 0)
(0.00065 0.0016797612 0)
(0.0007 0.0016797612 0)
(0.00075 0.0016797612 0)
(0.0008 0.0016797612 0)
(0.00085 0.0016797612 0)
(0.0009 0.0016797612 0)
(0.00095 0.0016797612 0)
(0.001 0.0016797612 0)
(0.00105 0.0016797612 0)
(0.0011 0.0016797612 0)
(0.00115 0.0016797612 0)
(0.0012 0.0016797612 0)
(0.00125 0.0016797612 0)
(0.0013 0.0016797612 0)
(0.00135 0.0016797612 0)
(0.0014 0.0016797612 0)
(0.00145 0.0016797612 0)
(0.0015 0.0016797612 0)
(0.00155 0.0016797612 0)
(0.0016 0.0016797612 0)
(0.00165 0.0016797612 0)
(0.0017 0.0016797612 0)
(0.00175 0.0016797612 0)
(0.0018 0.0016797612 0)
(0.00185 0.0016797612 0)
(0.0019 0.0016797612 0)
(0.00195 0.0016797612 0)
(0.002 0.0016797612 0)
(0.00205 0.0016797612 0)
(0.0021 0.0016797612 0)
(0.00215 0.0016797612 0)
(0.0022 0.0016797612 0)
(0.00225 0.0016797612 0)
(0.0023 0.0016797612 0)
(0.00235 0.0016797612 0)
(0.0024 0.0016797612 0)
(0.00245 0.0016797612 0)
(0.0025 0.0016797612 0)
(0.00255 0.0016797612 0)
(0.0026 0.0016797612 0)
(0.00265 0.0016797612 0)
(0.0027 0.0016797612 0)
(0.00275 0.0016797612 0)
(0.0028 0.0016797612 0)
(0.00285 0.0016797612 0)
(0.0029 0.0016797612 0)
(0.00295 0.0016797612 0)
(0.003 0.0016797612 0)
(0.00305 0.0016797612 0)
(0.0031 0.0016797612 0)
(0.00315 0.0016797612 0)
(0.0032 0.0016797612 0)
(0.00325 0.0016797612 0)
(0.0033 0.0016797612 0)
(0.00335 0.0016797612 0)
(0.0034 0.0016797612 0)
(0.00345 0.0016797612 0)
(0.0035 0.0016797612 0)
(0.00355 0.0016797612 0)
(0.0036 0.0016797612 0)
(0.00365 0.0016797612 0)
(0.0037 0.0016797612 0)
(0.00375 0.0016797612 0)
(0.0038 0.0016797612 0)
(0.00385 0.0016797612 0)
(0.0039 0.0016797612 0)
(0.00395 0.0016797612 0)
(0.004 0.0016797612 0)
(0.00405 0.0016797612 0)
(0.0041 0.0016797612 0)
(0.00415 0.0016797612 0)
(0.0042 0.0016797612 0)
(0.00425 0.0016797612 0)
(0.0043 0.0016797612 0)
(0.00435 0.0016797612 0)
(0.0044 0.0016797612 0)
(0.00445 0.0016797612 0)
(0.0045 0.0016797612 0)
(0.00455 0.0016797612 0)
(0.0046 0.0016797612 0)
(0.00465 0.0016797612 0)
(0.0047 0.0016797612 0)
(0.00475 0.0016797612 0)
(0.0048 0.0016797612 0)
(0.00485 0.0016797612 0)
(0.0049 0.0016797612 0)
(0.00495 0.0016797612 0)
(0.005 0.0016797612 0)
(0.00505 0.0016797612 0)
(0.0051 0.0016797612 0)
(0.00515 0.0016797612 0)
(0.0052 0.0016797612 0)
(0.00525 0.0016797612 0)
(0.0053 0.0016797612 0)
(0.00535 0.0016797612 0)
(0.0054 0.0016797612 0)
(0.00545 0.0016797612 0)
(0.0055 0.0016797612 0)
(0.00555 0.0016797612 0)
(0.0056 0.0016797612 0)
(0.00565 0.0016797612 0)
(0.0057 0.0016797612 0)
(0.00575 0.0016797612 0)
(0.0058 0.0016797612 0)
(0.00585 0.0016797612 0)
(0.0059 0.0016797612 0)
(0.00595 0.0016797612 0)
(0.006 0.0016797612 0)
(0.00605 0.0016797612 0)
(0.0061 0.0016797612 0)
(0.00615 0.0016797612 0)
(0.0062 0.0016797612 0)
(0.00625 0.0016797612 0)
(0.0063 0.0016797612 0)
(0.00635 0.0016797612 0)
(0.0064 0.0016797612 0)
(0.00645 0.0016797612 0)
(0.0065 0.0016797612 0)
(0.00655 0.0016797612 0)
(0.0066 0.0016797612 0)
(0.00665 0.0016797612 0)
(0.0067 0.0016797612 0)
(0.00675 0.0016797612 0)
(0.0068 0.0016797612 0)
(0.00685 0.0016797612 0)
(0.0069 0.0016797612 0)
(0.00695 0.0016797612 0)
(0.007 0.0016797612 0)
(0.00705 0.0016797612 0)
(0.0071 0.0016797612 0)
(0.00715 0.0016797612 0)
(0.0072 0.0016797612 0)
(0.00725 0.0016797612 0)
(0.0073 0.0016797612 0)
(0.00735 0.0016797612 0)
(0.0074 0.0016797612 0)
(0.00745 0.0016797612 0)
(0.0075 0.0016797612 0)
(0.00755 0.0016797612 0)
(0.0076 0.0016797612 0)
(0.00765 0.0016797612 0)
(0.0077 0.0016797612 0)
(0.00775 0.0016797612 0)
(0.0078 0.0016797612 0)
(0.00785 0.0016797612 0)
(0.0079 0.0016797612 0)
(0.00795 0.0016797612 0)
(0.008 0.0016797612 0)
(0.00805 0.0016797612 0)
(0.0081 0.0016797612 0)
(0.00815 0.0016797612 0)
(0.0082 0.0016797612 0)
(0.00825 0.0016797612 0)
(0.0083 0.0016797612 0)
(0.00835 0.0016797612 0)
(0.0084 0.0016797612 0)
(0.00845 0.0016797612 0)
(0.0085 0.0016797612 0)
(0.00855 0.0016797612 0)
(0.0086 0.0016797612 0)
(0.00865 0.0016797612 0)
(0.0087 0.0016797612 0)
(0.00875 0.0016797612 0)
(0.0088 0.0016797612 0)
(0.00885 0.0016797612 0)
(0.0089 0.0016797612 0)
(0.00895 0.0016797612 0)
(0.009 0.0016797612 0)
(0.00905 0.0016797612 0)
(0.0091 0.0016797612 0)
(0.00915 0.0016797612 0)
(0.0092 0.0016797612 0)
(0.00925 0.0016797612 0)
(0.0093 0.0016797612 0)
(0.00935 0.0016797612 0)
(0.0094 0.0016797612 0)
(0.00945 0.0016797612 0)
(0.0095 0.0016797612 0)
(0.00955 0.0016797612 0)
(0.0096 0.0016797612 0)
(0.00965 0.0016797612 0)
(0.0097 0.0016797612 0)
(0.00975 0.0016797612 0)
(0.0098 0.0016797612 0)
(0.00985 0.0016797612 0)
(0.0099 0.0016797612 0)
(0.00995 0.0016797612 0)
(0.01 0.0016797612 0)
(0 0.001722832 0)
(5e-05 0.001722832 0)
(0.0001 0.001722832 0)
(0.00015 0.001722832 0)
(0.0002 0.001722832 0)
(0.00025 0.001722832 0)
(0.0003 0.001722832 0)
(0.00035 0.001722832 0)
(0.0004 0.001722832 0)
(0.00045 0.001722832 0)
(0.0005 0.001722832 0)
(0.00055 0.001722832 0)
(0.0006 0.001722832 0)
(0.00065 0.001722832 0)
(0.0007 0.001722832 0)
(0.00075 0.001722832 0)
(0.0008 0.001722832 0)
(0.00085 0.001722832 0)
(0.0009 0.001722832 0)
(0.00095 0.001722832 0)
(0.001 0.001722832 0)
(0.00105 0.001722832 0)
(0.0011 0.001722832 0)
(0.00115 0.001722832 0)
(0.0012 0.001722832 0)
(0.00125 0.001722832 0)
(0.0013 0.001722832 0)
(0.00135 0.001722832 0)
(0.0014 0.001722832 0)
(0.00145 0.001722832 0)
(0.0015 0.001722832 0)
(0.00155 0.001722832 0)
(0.0016 0.001722832 0)
(0.00165 0.001722832 0)
(0.0017 0.001722832 0)
(0.00175 0.001722832 0)
(0.0018 0.001722832 0)
(0.00185 0.001722832 0)
(0.0019 0.001722832 0)
(0.00195 0.001722832 0)
(0.002 0.001722832 0)
(0.00205 0.001722832 0)
(0.0021 0.001722832 0)
(0.00215 0.001722832 0)
(0.0022 0.001722832 0)
(0.00225 0.001722832 0)
(0.0023 0.001722832 0)
(0.00235 0.001722832 0)
(0.0024 0.001722832 0)
(0.00245 0.001722832 0)
(0.0025 0.001722832 0)
(0.00255 0.001722832 0)
(0.0026 0.001722832 0)
(0.00265 0.001722832 0)
(0.0027 0.001722832 0)
(0.00275 0.001722832 0)
(0.0028 0.001722832 0)
(0.00285 0.001722832 0)
(0.0029 0.001722832 0)
(0.00295 0.001722832 0)
(0.003 0.001722832 0)
(0.00305 0.001722832 0)
(0.0031 0.001722832 0)
(0.00315 0.001722832 0)
(0.0032 0.001722832 0)
(0.00325 0.001722832 0)
(0.0033 0.001722832 0)
(0.00335 0.001722832 0)
(0.0034 0.001722832 0)
(0.00345 0.001722832 0)
(0.0035 0.001722832 0)
(0.00355 0.001722832 0)
(0.0036 0.001722832 0)
(0.00365 0.001722832 0)
(0.0037 0.001722832 0)
(0.00375 0.001722832 0)
(0.0038 0.001722832 0)
(0.00385 0.001722832 0)
(0.0039 0.001722832 0)
(0.00395 0.001722832 0)
(0.004 0.001722832 0)
(0.00405 0.001722832 0)
(0.0041 0.001722832 0)
(0.00415 0.001722832 0)
(0.0042 0.001722832 0)
(0.00425 0.001722832 0)
(0.0043 0.001722832 0)
(0.00435 0.001722832 0)
(0.0044 0.001722832 0)
(0.00445 0.001722832 0)
(0.0045 0.001722832 0)
(0.00455 0.001722832 0)
(0.0046 0.001722832 0)
(0.00465 0.001722832 0)
(0.0047 0.001722832 0)
(0.00475 0.001722832 0)
(0.0048 0.001722832 0)
(0.00485 0.001722832 0)
(0.0049 0.001722832 0)
(0.00495 0.001722832 0)
(0.005 0.001722832 0)
(0.00505 0.001722832 0)
(0.0051 0.001722832 0)
(0.00515 0.001722832 0)
(0.0052 0.001722832 0)
(0.00525 0.001722832 0)
(0.0053 0.001722832 0)
(0.00535 0.001722832 0)
(0.0054 0.001722832 0)
(0.00545 0.001722832 0)
(0.0055 0.001722832 0)
(0.00555 0.001722832 0)
(0.0056 0.001722832 0)
(0.00565 0.001722832 0)
(0.0057 0.001722832 0)
(0.00575 0.001722832 0)
(0.0058 0.001722832 0)
(0.00585 0.001722832 0)
(0.0059 0.001722832 0)
(0.00595 0.001722832 0)
(0.006 0.001722832 0)
(0.00605 0.001722832 0)
(0.0061 0.001722832 0)
(0.00615 0.001722832 0)
(0.0062 0.001722832 0)
(0.00625 0.001722832 0)
(0.0063 0.001722832 0)
(0.00635 0.001722832 0)
(0.0064 0.001722832 0)
(0.00645 0.001722832 0)
(0.0065 0.001722832 0)
(0.00655 0.001722832 0)
(0.0066 0.001722832 0)
(0.00665 0.001722832 0)
(0.0067 0.001722832 0)
(0.00675 0.001722832 0)
(0.0068 0.001722832 0)
(0.00685 0.001722832 0)
(0.0069 0.001722832 0)
(0.00695 0.001722832 0)
(0.007 0.001722832 0)
(0.00705 0.001722832 0)
(0.0071 0.001722832 0)
(0.00715 0.001722832 0)
(0.0072 0.001722832 0)
(0.00725 0.001722832 0)
(0.0073 0.001722832 0)
(0.00735 0.001722832 0)
(0.0074 0.001722832 0)
(0.00745 0.001722832 0)
(0.0075 0.001722832 0)
(0.00755 0.001722832 0)
(0.0076 0.001722832 0)
(0.00765 0.001722832 0)
(0.0077 0.001722832 0)
(0.00775 0.001722832 0)
(0.0078 0.001722832 0)
(0.00785 0.001722832 0)
(0.0079 0.001722832 0)
(0.00795 0.001722832 0)
(0.008 0.001722832 0)
(0.00805 0.001722832 0)
(0.0081 0.001722832 0)
(0.00815 0.001722832 0)
(0.0082 0.001722832 0)
(0.00825 0.001722832 0)
(0.0083 0.001722832 0)
(0.00835 0.001722832 0)
(0.0084 0.001722832 0)
(0.00845 0.001722832 0)
(0.0085 0.001722832 0)
(0.00855 0.001722832 0)
(0.0086 0.001722832 0)
(0.00865 0.001722832 0)
(0.0087 0.001722832 0)
(0.00875 0.001722832 0)
(0.0088 0.001722832 0)
(0.00885 0.001722832 0)
(0.0089 0.001722832 0)
(0.00895 0.001722832 0)
(0.009 0.001722832 0)
(0.00905 0.001722832 0)
(0.0091 0.001722832 0)
(0.00915 0.001722832 0)
(0.0092 0.001722832 0)
(0.00925 0.001722832 0)
(0.0093 0.001722832 0)
(0.00935 0.001722832 0)
(0.0094 0.001722832 0)
(0.00945 0.001722832 0)
(0.0095 0.001722832 0)
(0.00955 0.001722832 0)
(0.0096 0.001722832 0)
(0.00965 0.001722832 0)
(0.0097 0.001722832 0)
(0.00975 0.001722832 0)
(0.0098 0.001722832 0)
(0.00985 0.001722832 0)
(0.0099 0.001722832 0)
(0.00995 0.001722832 0)
(0.01 0.001722832 0)
(0 0.0015505488 0.0002)
(5e-05 0.0015505488 0.0002)
(0.0001 0.0015505488 0.0002)
(0.00015 0.0015505488 0.0002)
(0.0002 0.0015505488 0.0002)
(0.00025 0.0015505488 0.0002)
(0.0003 0.0015505488 0.0002)
(0.00035 0.0015505488 0.0002)
(0.0004 0.0015505488 0.0002)
(0.00045 0.0015505488 0.0002)
(0.0005 0.0015505488 0.0002)
(0.00055 0.0015505488 0.0002)
(0.0006 0.0015505488 0.0002)
(0.00065 0.0015505488 0.0002)
(0.0007 0.0015505488 0.0002)
(0.00075 0.0015505488 0.0002)
(0.0008 0.0015505488 0.0002)
(0.00085 0.0015505488 0.0002)
(0.0009 0.0015505488 0.0002)
(0.00095 0.0015505488 0.0002)
(0.001 0.0015505488 0.0002)
(0.00105 0.0015505488 0.0002)
(0.0011 0.0015505488 0.0002)
(0.00115 0.0015505488 0.0002)
(0.0012 0.0015505488 0.0002)
(0.00125 0.0015505488 0.0002)
(0.0013 0.0015505488 0.0002)
(0.00135 0.0015505488 0.0002)
(0.0014 0.0015505488 0.0002)
(0.00145 0.0015505488 0.0002)
(0.0015 0.0015505488 0.0002)
(0.00155 0.0015505488 0.0002)
(0.0016 0.0015505488 0.0002)
(0.00165 0.0015505488 0.0002)
(0.0017 0.0015505488 0.0002)
(0.00175 0.0015505488 0.0002)
(0.0018 0.0015505488 0.0002)
(0.00185 0.0015505488 0.0002)
(0.0019 0.0015505488 0.0002)
(0.00195 0.0015505488 0.0002)
(0.002 0.0015505488 0.0002)
(0.00205 0.0015505488 0.0002)
(0.0021 0.0015505488 0.0002)
(0.00215 0.0015505488 0.0002)
(0.0022 0.0015505488 0.0002)
(0.00225 0.0015505488 0.0002)
(0.0023 0.0015505488 0.0002)
(0.00235 0.0015505488 0.0002)
(0.0024 0.0015505488 0.0002)
(0.00245 0.0015505488 0.0002)
(0.0025 0.0015505488 0.0002)
(0.00255 0.0015505488 0.0002)
(0.0026 0.0015505488 0.0002)
(0.00265 0.0015505488 0.0002)
(0.0027 0.0015505488 0.0002)
(0.00275 0.0015505488 0.0002)
(0.0028 0.0015505488 0.0002)
(0.00285 0.0015505488 0.0002)
(0.0029 0.0015505488 0.0002)
(0.00295 0.0015505488 0.0002)
(0.003 0.0015505488 0.0002)
(0.00305 0.0015505488 0.0002)
(0.0031 0.0015505488 0.0002)
(0.00315 0.0015505488 0.0002)
(0.0032 0.0015505488 0.0002)
(0.00325 0.0015505488 0.0002)
(0.0033 0.0015505488 0.0002)
(0.00335 0.0015505488 0.0002)
(0.0034 0.0015505488 0.0002)
(0.00345 0.0015505488 0.0002)
(0.0035 0.0015505488 0.0002)
(0.00355 0.0015505488 0.0002)
(0.0036 0.0015505488 0.0002)
(0.00365 0.0015505488 0.0002)
(0.0037 0.0015505488 0.0002)
(0.00375 0.0015505488 0.0002)
(0.0038 0.0015505488 0.0002)
(0.00385 0.0015505488 0.0002)
(0.0039 0.0015505488 0.0002)
(0.00395 0.0015505488 0.0002)
(0.004 0.0015505488 0.0002)
(0.00405 0.0015505488 0.0002)
(0.0041 0.0015505488 0.0002)
(0.00415 0.0015505488 0.0002)
(0.0042 0.0015505488 0.0002)
(0.00425 0.0015505488 0.0002)
(0.0043 0.0015505488 0.0002)
(0.00435 0.0015505488 0.0002)
(0.0044 0.0015505488 0.0002)
(0.00445 0.0015505488 0.0002)
(0.0045 0.0015505488 0.0002)
(0.00455 0.0015505488 0.0002)
(0.0046 0.0015505488 0.0002)
(0.00465 0.0015505488 0.0002)
(0.0047 0.0015505488 0.0002)
(0.00475 0.0015505488 0.0002)
(0.0048 0.0015505488 0.0002)
(0.00485 0.0015505488 0.0002)
(0.0049 0.0015505488 0.0002)
(0.00495 0.0015505488 0.0002)
(0.005 0.0015505488 0.0002)
(0.00505 0.0015505488 0.0002)
(0.0051 0.0015505488 0.0002)
(0.00515 0.0015505488 0.0002)
(0.0052 0.0015505488 0.0002)
(0.00525 0.0015505488 0.0002)
(0.0053 0.0015505488 0.0002)
(0.00535 0.0015505488 0.0002)
(0.0054 0.0015505488 0.0002)
(0.00545 0.0015505488 0.0002)
(0.0055 0.0015505488 0.0002)
(0.00555 0.0015505488 0.0002)
(0.0056 0.0015505488 0.0002)
(0.00565 0.0015505488 0.0002)
(0.0057 0.0015505488 0.0002)
(0.00575 0.0015505488 0.0002)
(0.0058 0.0015505488 0.0002)
(0.00585 0.0015505488 0.0002)
(0.0059 0.0015505488 0.0002)
(0.00595 0.0015505488 0.0002)
(0.006 0.0015505488 0.0002)
(0.00605 0.0015505488 0.0002)
(0.0061 0.0015505488 0.0002)
(0.00615 0.0015505488 0.0002)
(0.0062 0.0015505488 0.0002)
(0.00625 0.0015505488 0.0002)
(0.0063 0.0015505488 0.0002)
(0.00635 0.0015505488 0.0002)
(0.0064 0.0015505488 0.0002)
(0.00645 0.0015505488 0.0002)
(0.0065 0.0015505488 0.0002)
(0.00655 0.0015505488 0.0002)
(0.0066 0.0015505488 0.0002)
(0.00665 0.0015505488 0.0002)
(0.0067 0.0015505488 0.0002)
(0.00675 0.0015505488 0.0002)
(0.0068 0.0015505488 0.0002)
(0.00685 0.0015505488 0.0002)
(0.0069 0.0015505488 0.0002)
(0.00695 0.0015505488 0.0002)
(0.007 0.0015505488 0.0002)
(0.00705 0.0015505488 0.0002)
(0.0071 0.0015505488 0.0002)
(0.00715 0.0015505488 0.0002)
(0.0072 0.0015505488 0.0002)
(0.00725 0.0015505488 0.0002)
(0.0073 0.0015505488 0.0002)
(0.00735 0.0015505488 0.0002)
(0.0074 0.0015505488 0.0002)
(0.00745 0.0015505488 0.0002)
(0.0075 0.0015505488 0.0002)
(0.00755 0.0015505488 0.0002)
(0.0076 0.0015505488 0.0002)
(0.00765 0.0015505488 0.0002)
(0.0077 0.0015505488 0.0002)
(0.00775 0.0015505488 0.0002)
(0.0078 0.0015505488 0.0002)
(0.00785 0.0015505488 0.0002)
(0.0079 0.0015505488 0.0002)
(0.00795 0.0015505488 0.0002)
(0.008 0.0015505488 0.0002)
(0.00805 0.0015505488 0.0002)
(0.0081 0.0015505488 0.0002)
(0.00815 0.0015505488 0.0002)
(0.0082 0.0015505488 0.0002)
(0.00825 0.0015505488 0.0002)
(0.0083 0.0015505488 0.0002)
(0.00835 0.0015505488 0.0002)
(0.0084 0.0015505488 0.0002)
(0.00845 0.0015505488 0.0002)
(0.0085 0.0015505488 0.0002)
(0.00855 0.0015505488 0.0002)
(0.0086 0.0015505488 0.0002)
(0.00865 0.0015505488 0.0002)
(0.0087 0.0015505488 0.0002)
(0.00875 0.0015505488 0.0002)
(0.0088 0.0015505488 0.0002)
(0.00885 0.0015505488 0.0002)
(0.0089 0.0015505488 0.0002)
(0.00895 0.0015505488 0.0002)
(0.009 0.0015505488 0.0002)
(0.00905 0.0015505488 0.0002)
(0.0091 0.0015505488 0.0002)
(0.00915 0.0015505488 0.0002)
(0.0092 0.0015505488 0.0002)
(0.00925 0.0015505488 0.0002)
(0.0093 0.0015505488 0.0002)
(0.00935 0.0015505488 0.0002)
(0.0094 0.0015505488 0.0002)
(0.00945 0.0015505488 0.0002)
(0.0095 0.0015505488 0.0002)
(0.00955 0.0015505488 0.0002)
(0.0096 0.0015505488 0.0002)
(0.00965 0.0015505488 0.0002)
(0.0097 0.0015505488 0.0002)
(0.00975 0.0015505488 0.0002)
(0.0098 0.0015505488 0.0002)
(0.00985 0.0015505488 0.0002)
(0.0099 0.0015505488 0.0002)
(0.00995 0.0015505488 0.0002)
(0.01 0.0015505488 0.0002)
(0 0.0015936196 0.0002)
(5e-05 0.0015936196 0.0002)
(0.0001 0.0015936196 0.0002)
(0.00015 0.0015936196 0.0002)
(0.0002 0.0015936196 0.0002)
(0.00025 0.0015936196 0.0002)
(0.0003 0.0015936196 0.0002)
(0.00035 0.0015936196 0.0002)
(0.0004 0.0015936196 0.0002)
(0.00045 0.0015936196 0.0002)
(0.0005 0.0015936196 0.0002)
(0.00055 0.0015936196 0.0002)
(0.0006 0.0015936196 0.0002)
(0.00065 0.0015936196 0.0002)
(0.0007 0.0015936196 0.0002)
(0.00075 0.0015936196 0.0002)
(0.0008 0.0015936196 0.0002)
(0.00085 0.0015936196 0.0002)
(0.0009 0.0015936196 0.0002)
(0.00095 0.0015936196 0.0002)
(0.001 0.0015936196 0.0002)
(0.00105 0.0015936196 0.0002)
(0.0011 0.0015936196 0.0002)
(0.00115 0.0015936196 0.0002)
(0.0012 0.0015936196 0.0002)
(0.00125 0.0015936196 0.0002)
(0.0013 0.0015936196 0.0002)
(0.00135 0.0015936196 0.0002)
(0.0014 0.0015936196 0.0002)
(0.00145 0.0015936196 0.0002)
(0.0015 0.0015936196 0.0002)
(0.00155 0.0015936196 0.0002)
(0.0016 0.0015936196 0.0002)
(0.00165 0.0015936196 0.0002)
(0.0017 0.0015936196 0.0002)
(0.00175 0.0015936196 0.0002)
(0.0018 0.0015936196 0.0002)
(0.00185 0.0015936196 0.0002)
(0.0019 0.0015936196 0.0002)
(0.00195 0.0015936196 0.0002)
(0.002 0.0015936196 0.0002)
(0.00205 0.0015936196 0.0002)
(0.0021 0.0015936196 0.0002)
(0.00215 0.0015936196 0.0002)
(0.0022 0.0015936196 0.0002)
(0.00225 0.0015936196 0.0002)
(0.0023 0.0015936196 0.0002)
(0.00235 0.0015936196 0.0002)
(0.0024 0.0015936196 0.0002)
(0.00245 0.0015936196 0.0002)
(0.0025 0.0015936196 0.0002)
(0.00255 0.0015936196 0.0002)
(0.0026 0.0015936196 0.0002)
(0.00265 0.0015936196 0.0002)
(0.0027 0.0015936196 0.0002)
(0.00275 0.0015936196 0.0002)
(0.0028 0.0015936196 0.0002)
(0.00285 0.0015936196 0.0002)
(0.0029 0.0015936196 0.0002)
(0.00295 0.0015936196 0.0002)
(0.003 0.0015936196 0.0002)
(0.00305 0.0015936196 0.0002)
(0.0031 0.0015936196 0.0002)
(0.00315 0.0015936196 0.0002)
(0.0032 0.0015936196 0.0002)
(0.00325 0.0015936196 0.0002)
(0.0033 0.0015936196 0.0002)
(0.00335 0.0015936196 0.0002)
(0.0034 0.0015936196 0.0002)
(0.00345 0.0015936196 0.0002)
(0.0035 0.0015936196 0.0002)
(0.00355 0.0015936196 0.0002)
(0.0036 0.0015936196 0.0002)
(0.00365 0.0015936196 0.0002)
(0.0037 0.0015936196 0.0002)
(0.00375 0.0015936196 0.0002)
(0.0038 0.0015936196 0.0002)
(0.00385 0.0015936196 0.0002)
(0.0039 0.0015936196 0.0002)
(0.00395 0.0015936196 0.0002)
(0.004 0.0015936196 0.0002)
(0.00405 0.0015936196 0.0002)
(0.0041 0.0015936196 0.0002)
(0.00415 0.0015936196 0.0002)
(0.0042 0.0015936196 0.0002)
(0.00425 0.0015936196 0.0002)
(0.0043 0.0015936196 0.0002)
(0.00435 0.0015936196 0.0002)
(0.0044 0.0015936196 0.0002)
(0.00445 0.0015936196 0.0002)
(0.0045 0.0015936196 0.0002)
(0.00455 0.0015936196 0.0002)
(0.0046 0.0015936196 0.0002)
(0.00465 0.0015936196 0.0002)
(0.0047 0.0015936196 0.0002)
(0.00475 0.0015936196 0.0002)
(0.0048 0.0015936196 0.0002)
(0.00485 0.0015936196 0.0002)
(0.0049 0.0015936196 0.0002)
(0.00495 0.0015936196 0.0002)
(0.005 0.0015936196 0.0002)
(0.00505 0.0015936196 0.0002)
(0.0051 0.0015936196 0.0002)
(0.00515 0.0015936196 0.0002)
(0.0052 0.0015936196 0.0002)
(0.00525 0.0015936196 0.0002)
(0.0053 0.0015936196 0.0002)
(0.00535 0.0015936196 0.0002)
(0.0054 0.0015936196 0.0002)
(0.00545 0.0015936196 0.0002)
(0.0055 0.0015936196 0.0002)
(0.00555 0.0015936196 0.0002)
(0.0056 0.0015936196 0.0002)
(0.00565 0.0015936196 0.0002)
(0.0057 0.0015936196 0.0002)
(0.00575 0.0015936196 0.0002)
(0.0058 0.0015936196 0.0002)
(0.00585 0.0015936196 0.0002)
(0.0059 0.0015936196 0.0002)
(0.00595 0.0015936196 0.0002)
(0.006 0.0015936196 0.0002)
(0.00605 0.0015936196 0.0002)
(0.0061 0.0015936196 0.0002)
(0.00615 0.0015936196 0.0002)
(0.0062 0.0015936196 0.0002)
(0.00625 0.0015936196 0.0002)
(0.0063 0.0015936196 0.0002)
(0.00635 0.0015936196 0.0002)
(0.0064 0.0015936196 0.0002)
(0.00645 0.0015936196 0.0002)
(0.0065 0.0015936196 0.0002)
(0.00655 0.0015936196 0.0002)
(0.0066 0.0015936196 0.0002)
(0.00665 0.0015936196 0.0002)
(0.0067 0.0015936196 0.0002)
(0.00675 0.0015936196 0.0002)
(0.0068 0.0015936196 0.0002)
(0.00685 0.0015936196 0.0002)
(0.0069 0.0015936196 0.0002)
(0.00695 0.0015936196 0.0002)
(0.007 0.0015936196 0.0002)
(0.00705 0.0015936196 0.0002)
(0.0071 0.0015936196 0.0002)
(0.00715 0.0015936196 0.0002)
(0.0072 0.0015936196 0.0002)
(0.00725 0.0015936196 0.0002)
(0.0073 0.0015936196 0.0002)
(0.00735 0.0015936196 0.0002)
(0.0074 0.0015936196 0.0002)
(0.00745 0.0015936196 0.0002)
(0.0075 0.0015936196 0.0002)
(0.00755 0.0015936196 0.0002)
(0.0076 0.0015936196 0.0002)
(0.00765 0.0015936196 0.0002)
(0.0077 0.0015936196 0.0002)
(0.00775 0.0015936196 0.0002)
(0.0078 0.0015936196 0.0002)
(0.00785 0.0015936196 0.0002)
(0.0079 0.0015936196 0.0002)
(0.00795 0.0015936196 0.0002)
(0.008 0.0015936196 0.0002)
(0.00805 0.0015936196 0.0002)
(0.0081 0.0015936196 0.0002)
(0.00815 0.0015936196 0.0002)
(0.0082 0.0015936196 0.0002)
(0.00825 0.0015936196 0.0002)
(0.0083 0.0015936196 0.0002)
(0.00835 0.0015936196 0.0002)
(0.0084 0.0015936196 0.0002)
(0.00845 0.0015936196 0.0002)
(0.0085 0.0015936196 0.0002)
(0.00855 0.0015936196 0.0002)
(0.0086 0.0015936196 0.0002)
(0.00865 0.0015936196 0.0002)
(0.0087 0.0015936196 0.0002)
(0.00875 0.0015936196 0.0002)
(0.0088 0.0015936196 0.0002)
(0.00885 0.0015936196 0.0002)
(0.0089 0.0015936196 0.0002)
(0.00895 0.0015936196 0.0002)
(0.009 0.0015936196 0.0002)
(0.00905 0.0015936196 0.0002)
(0.0091 0.0015936196 0.0002)
(0.00915 0.0015936196 0.0002)
(0.0092 0.0015936196 0.0002)
(0.00925 0.0015936196 0.0002)
(0.0093 0.0015936196 0.0002)
(0.00935 0.0015936196 0.0002)
(0.0094 0.0015936196 0.0002)
(0.00945 0.0015936196 0.0002)
(0.0095 0.0015936196 0.0002)
(0.00955 0.0015936196 0.0002)
(0.0096 0.0015936196 0.0002)
(0.00965 0.0015936196 0.0002)
(0.0097 0.0015936196 0.0002)
(0.00975 0.0015936196 0.0002)
(0.0098 0.0015936196 0.0002)
(0.00985 0.0015936196 0.0002)
(0.0099 0.0015936196 0.0002)
(0.00995 0.0015936196 0.0002)
(0.01 0.0015936196 0.0002)
(0 0.0016366904 0.0002)
(5e-05 0.0016366904 0.0002)
(0.0001 0.0016366904 0.0002)
(0.00015 0.0016366904 0.0002)
(0.0002 0.0016366904 0.0002)
(0.00025 0.0016366904 0.0002)
(0.0003 0.0016366904 0.0002)
(0.00035 0.0016366904 0.0002)
(0.0004 0.0016366904 0.0002)
(0.00045 0.0016366904 0.0002)
(0.0005 0.0016366904 0.0002)
(0.00055 0.0016366904 0.0002)
(0.0006 0.0016366904 0.0002)
(0.00065 0.0016366904 0.0002)
(0.0007 0.0016366904 0.0002)
(0.00075 0.0016366904 0.0002)
(0.0008 0.0016366904 0.0002)
(0.00085 0.0016366904 0.0002)
(0.0009 0.0016366904 0.0002)
(0.00095 0.0016366904 0.0002)
(0.001 0.0016366904 0.0002)
(0.00105 0.0016366904 0.0002)
(0.0011 0.0016366904 0.0002)
(0.00115 0.0016366904 0.0002)
(0.0012 0.0016366904 0.0002)
(0.00125 0.0016366904 0.0002)
(0.0013 0.0016366904 0.0002)
(0.00135 0.0016366904 0.0002)
(0.0014 0.0016366904 0.0002)
(0.00145 0.0016366904 0.0002)
(0.0015 0.0016366904 0.0002)
(0.00155 0.0016366904 0.0002)
(0.0016 0.0016366904 0.0002)
(0.00165 0.0016366904 0.0002)
(0.0017 0.0016366904 0.0002)
(0.00175 0.0016366904 0.0002)
(0.0018 0.0016366904 0.0002)
(0.00185 0.0016366904 0.0002)
(0.0019 0.0016366904 0.0002)
(0.00195 0.0016366904 0.0002)
(0.002 0.0016366904 0.0002)
(0.00205 0.0016366904 0.0002)
(0.0021 0.0016366904 0.0002)
(0.00215 0.0016366904 0.0002)
(0.0022 0.0016366904 0.0002)
(0.00225 0.0016366904 0.0002)
(0.0023 0.0016366904 0.0002)
(0.00235 0.0016366904 0.0002)
(0.0024 0.0016366904 0.0002)
(0.00245 0.0016366904 0.0002)
(0.0025 0.0016366904 0.0002)
(0.00255 0.0016366904 0.0002)
(0.0026 0.0016366904 0.0002)
(0.00265 0.0016366904 0.0002)
(0.0027 0.0016366904 0.0002)
(0.00275 0.0016366904 0.0002)
(0.0028 0.0016366904 0.0002)
(0.00285 0.0016366904 0.0002)
(0.0029 0.0016366904 0.0002)
(0.00295 0.0016366904 0.0002)
(0.003 0.0016366904 0.0002)
(0.00305 0.0016366904 0.0002)
(0.0031 0.0016366904 0.0002)
(0.00315 0.0016366904 0.0002)
(0.0032 0.0016366904 0.0002)
(0.00325 0.0016366904 0.0002)
(0.0033 0.0016366904 0.0002)
(0.00335 0.0016366904 0.0002)
(0.0034 0.0016366904 0.0002)
(0.00345 0.0016366904 0.0002)
(0.0035 0.0016366904 0.0002)
(0.00355 0.0016366904 0.0002)
(0.0036 0.0016366904 0.0002)
(0.00365 0.0016366904 0.0002)
(0.0037 0.0016366904 0.0002)
(0.00375 0.0016366904 0.0002)
(0.0038 0.0016366904 0.0002)
(0.00385 0.0016366904 0.0002)
(0.0039 0.0016366904 0.0002)
(0.00395 0.0016366904 0.0002)
(0.004 0.0016366904 0.0002)
(0.00405 0.0016366904 0.0002)
(0.0041 0.0016366904 0.0002)
(0.00415 0.0016366904 0.0002)
(0.0042 0.0016366904 0.0002)
(0.00425 0.0016366904 0.0002)
(0.0043 0.0016366904 0.0002)
(0.00435 0.0016366904 0.0002)
(0.0044 0.0016366904 0.0002)
(0.00445 0.0016366904 0.0002)
(0.0045 0.0016366904 0.0002)
(0.00455 0.0016366904 0.0002)
(0.0046 0.0016366904 0.0002)
(0.00465 0.0016366904 0.0002)
(0.0047 0.0016366904 0.0002)
(0.00475 0.0016366904 0.0002)
(0.0048 0.0016366904 0.0002)
(0.00485 0.0016366904 0.0002)
(0.0049 0.0016366904 0.0002)
(0.00495 0.0016366904 0.0002)
(0.005 0.0016366904 0.0002)
(0.00505 0.0016366904 0.0002)
(0.0051 0.0016366904 0.0002)
(0.00515 0.0016366904 0.0002)
(0.0052 0.0016366904 0.0002)
(0.00525 0.0016366904 0.0002)
(0.0053 0.0016366904 0.0002)
(0.00535 0.0016366904 0.0002)
(0.0054 0.0016366904 0.0002)
(0.00545 0.0016366904 0.0002)
(0.0055 0.0016366904 0.0002)
(0.00555 0.0016366904 0.0002)
(0.0056 0.0016366904 0.0002)
(0.00565 0.0016366904 0.0002)
(0.0057 0.0016366904 0.0002)
(0.00575 0.0016366904 0.0002)
(0.0058 0.0016366904 0.0002)
(0.00585 0.0016366904 0.0002)
(0.0059 0.0016366904 0.0002)
(0.00595 0.0016366904 0.0002)
(0.006 0.0016366904 0.0002)
(0.00605 0.0016366904 0.0002)
(0.0061 0.0016366904 0.0002)
(0.00615 0.0016366904 0.0002)
(0.0062 0.0016366904 0.0002)
(0.00625 0.0016366904 0.0002)
(0.0063 0.0016366904 0.0002)
(0.00635 0.0016366904 0.0002)
(0.0064 0.0016366904 0.0002)
(0.00645 0.0016366904 0.0002)
(0.0065 0.0016366904 0.0002)
(0.00655 0.0016366904 0.0002)
(0.0066 0.0016366904 0.0002)
(0.00665 0.0016366904 0.0002)
(0.0067 0.0016366904 0.0002)
(0.00675 0.0016366904 0.0002)
(0.0068 0.0016366904 0.0002)
(0.00685 0.0016366904 0.0002)
(0.0069 0.0016366904 0.0002)
(0.00695 0.0016366904 0.0002)
(0.007 0.0016366904 0.0002)
(0.00705 0.0016366904 0.0002)
(0.0071 0.0016366904 0.0002)
(0.00715 0.0016366904 0.0002)
(0.0072 0.0016366904 0.0002)
(0.00725 0.0016366904 0.0002)
(0.0073 0.0016366904 0.0002)
(0.00735 0.0016366904 0.0002)
(0.0074 0.0016366904 0.0002)
(0.00745 0.0016366904 0.0002)
(0.0075 0.0016366904 0.0002)
(0.00755 0.0016366904 0.0002)
(0.0076 0.0016366904 0.0002)
(0.00765 0.0016366904 0.0002)
(0.0077 0.0016366904 0.0002)
(0.00775 0.0016366904 0.0002)
(0.0078 0.0016366904 0.0002)
(0.00785 0.0016366904 0.0002)
(0.0079 0.0016366904 0.0002)
(0.00795 0.0016366904 0.0002)
(0.008 0.0016366904 0.0002)
(0.00805 0.0016366904 0.0002)
(0.0081 0.0016366904 0.0002)
(0.00815 0.0016366904 0.0002)
(0.0082 0.0016366904 0.0002)
(0.00825 0.0016366904 0.0002)
(0.0083 0.0016366904 0.0002)
(0.00835 0.0016366904 0.0002)
(0.0084 0.0016366904 0.0002)
(0.00845 0.0016366904 0.0002)
(0.0085 0.0016366904 0.0002)
(0.00855 0.0016366904 0.0002)
(0.0086 0.0016366904 0.0002)
(0.00865 0.0016366904 0.0002)
(0.0087 0.0016366904 0.0002)
(0.00875 0.0016366904 0.0002)
(0.0088 0.0016366904 0.0002)
(0.00885 0.0016366904 0.0002)
(0.0089 0.0016366904 0.0002)
(0.00895 0.0016366904 0.0002)
(0.009 0.0016366904 0.0002)
(0.00905 0.0016366904 0.0002)
(0.0091 0.0016366904 0.0002)
(0.00915 0.0016366904 0.0002)
(0.0092 0.0016366904 0.0002)
(0.00925 0.0016366904 0.0002)
(0.0093 0.0016366904 0.0002)
(0.00935 0.0016366904 0.0002)
(0.0094 0.0016366904 0.0002)
(0.00945 0.0016366904 0.0002)
(0.0095 0.0016366904 0.0002)
(0.00955 0.0016366904 0.0002)
(0.0096 0.0016366904 0.0002)
(0.00965 0.0016366904 0.0002)
(0.0097 0.0016366904 0.0002)
(0.00975 0.0016366904 0.0002)
(0.0098 0.0016366904 0.0002)
(0.00985 0.0016366904 0.0002)
(0.0099 0.0016366904 0.0002)
(0.00995 0.0016366904 0.0002)
(0.01 0.0016366904 0.0002)
(0 0.0016797612 0.0002)
(5e-05 0.0016797612 0.0002)
(0.0001 0.0016797612 0.0002)
(0.00015 0.0016797612 0.0002)
(0.0002 0.0016797612 0.0002)
(0.00025 0.0016797612 0.0002)
(0.0003 0.0016797612 0.0002)
(0.00035 0.0016797612 0.0002)
(0.0004 0.0016797612 0.0002)
(0.00045 0.0016797612 0.0002)
(0.0005 0.0016797612 0.0002)
(0.00055 0.0016797612 0.0002)
(0.0006 0.0016797612 0.0002)
(0.00065 0.0016797612 0.0002)
(0.0007 0.0016797612 0.0002)
(0.00075 0.0016797612 0.0002)
(0.0008 0.0016797612 0.0002)
(0.00085 0.0016797612 0.0002)
(0.0009 0.0016797612 0.0002)
(0.00095 0.0016797612 0.0002)
(0.001 0.0016797612 0.0002)
(0.00105 0.0016797612 0.0002)
(0.0011 0.0016797612 0.0002)
(0.00115 0.0016797612 0.0002)
(0.0012 0.0016797612 0.0002)
(0.00125 0.0016797612 0.0002)
(0.0013 0.0016797612 0.0002)
(0.00135 0.0016797612 0.0002)
(0.0014 0.0016797612 0.0002)
(0.00145 0.0016797612 0.0002)
(0.0015 0.0016797612 0.0002)
(0.00155 0.0016797612 0.0002)
(0.0016 0.0016797612 0.0002)
(0.00165 0.0016797612 0.0002)
(0.0017 0.0016797612 0.0002)
(0.00175 0.0016797612 0.0002)
(0.0018 0.0016797612 0.0002)
(0.00185 0.0016797612 0.0002)
(0.0019 0.0016797612 0.0002)
(0.00195 0.0016797612 0.0002)
(0.002 0.0016797612 0.0002)
(0.00205 0.0016797612 0.0002)
(0.0021 0.0016797612 0.0002)
(0.00215 0.0016797612 0.0002)
(0.0022 0.0016797612 0.0002)
(0.00225 0.0016797612 0.0002)
(0.0023 0.0016797612 0.0002)
(0.00235 0.0016797612 0.0002)
(0.0024 0.0016797612 0.0002)
(0.00245 0.0016797612 0.0002)
(0.0025 0.0016797612 0.0002)
(0.00255 0.0016797612 0.0002)
(0.0026 0.0016797612 0.0002)
(0.00265 0.0016797612 0.0002)
(0.0027 0.0016797612 0.0002)
(0.00275 0.0016797612 0.0002)
(0.0028 0.0016797612 0.0002)
(0.00285 0.0016797612 0.0002)
(0.0029 0.0016797612 0.0002)
(0.00295 0.0016797612 0.0002)
(0.003 0.0016797612 0.0002)
(0.00305 0.0016797612 0.0002)
(0.0031 0.0016797612 0.0002)
(0.00315 0.0016797612 0.0002)
(0.0032 0.0016797612 0.0002)
(0.00325 0.0016797612 0.0002)
(0.0033 0.0016797612 0.0002)
(0.00335 0.0016797612 0.0002)
(0.0034 0.0016797612 0.0002)
(0.00345 0.0016797612 0.0002)
(0.0035 0.0016797612 0.0002)
(0.00355 0.0016797612 0.0002)
(0.0036 0.0016797612 0.0002)
(0.00365 0.0016797612 0.0002)
(0.0037 0.0016797612 0.0002)
(0.00375 0.0016797612 0.0002)
(0.0038 0.0016797612 0.0002)
(0.00385 0.0016797612 0.0002)
(0.0039 0.0016797612 0.0002)
(0.00395 0.0016797612 0.0002)
(0.004 0.0016797612 0.0002)
(0.00405 0.0016797612 0.0002)
(0.0041 0.0016797612 0.0002)
(0.00415 0.0016797612 0.0002)
(0.0042 0.0016797612 0.0002)
(0.00425 0.0016797612 0.0002)
(0.0043 0.0016797612 0.0002)
(0.00435 0.0016797612 0.0002)
(0.0044 0.0016797612 0.0002)
(0.00445 0.0016797612 0.0002)
(0.0045 0.0016797612 0.0002)
(0.00455 0.0016797612 0.0002)
(0.0046 0.0016797612 0.0002)
(0.00465 0.0016797612 0.0002)
(0.0047 0.0016797612 0.0002)
(0.00475 0.0016797612 0.0002)
(0.0048 0.0016797612 0.0002)
(0.00485 0.0016797612 0.0002)
(0.0049 0.0016797612 0.0002)
(0.00495 0.0016797612 0.0002)
(0.005 0.0016797612 0.0002)
(0.00505 0.0016797612 0.0002)
(0.0051 0.0016797612 0.0002)
(0.00515 0.0016797612 0.0002)
(0.0052 0.0016797612 0.0002)
(0.00525 0.0016797612 0.0002)
(0.0053 0.0016797612 0.0002)
(0.00535 0.0016797612 0.0002)
(0.0054 0.0016797612 0.0002)
(0.00545 0.0016797612 0.0002)
(0.0055 0.0016797612 0.0002)
(0.00555 0.0016797612 0.0002)
(0.0056 0.0016797612 0.0002)
(0.00565 0.0016797612 0.0002)
(0.0057 0.0016797612 0.0002)
(0.00575 0.0016797612 0.0002)
(0.0058 0.0016797612 0.0002)
(0.00585 0.0016797612 0.0002)
(0.0059 0.0016797612 0.0002)
(0.00595 0.0016797612 0.0002)
(0.006 0.0016797612 0.0002)
(0.00605 0.0016797612 0.0002)
(0.0061 0.0016797612 0.0002)
(0.00615 0.0016797612 0.0002)
(0.0062 0.0016797612 0.0002)
(0.00625 0.0016797612 0.0002)
(0.0063 0.0016797612 0.0002)
(0.00635 0.0016797612 0.0002)
(0.0064 0.0016797612 0.0002)
(0.00645 0.0016797612 0.0002)
(0.0065 0.0016797612 0.0002)
(0.00655 0.0016797612 0.0002)
(0.0066 0.0016797612 0.0002)
(0.00665 0.0016797612 0.0002)
(0.0067 0.0016797612 0.0002)
(0.00675 0.0016797612 0.0002)
(0.0068 0.0016797612 0.0002)
(0.00685 0.0016797612 0.0002)
(0.0069 0.0016797612 0.0002)
(0.00695 0.0016797612 0.0002)
(0.007 0.0016797612 0.0002)
(0.00705 0.0016797612 0.0002)
(0.0071 0.0016797612 0.0002)
(0.00715 0.0016797612 0.0002)
(0.0072 0.0016797612 0.0002)
(0.00725 0.0016797612 0.0002)
(0.0073 0.0016797612 0.0002)
(0.00735 0.0016797612 0.0002)
(0.0074 0.0016797612 0.0002)
(0.00745 0.0016797612 0.0002)
(0.0075 0.0016797612 0.0002)
(0.00755 0.0016797612 0.0002)
(0.0076 0.0016797612 0.0002)
(0.00765 0.0016797612 0.0002)
(0.0077 0.0016797612 0.0002)
(0.00775 0.0016797612 0.0002)
(0.0078 0.0016797612 0.0002)
(0.00785 0.0016797612 0.0002)
(0.0079 0.0016797612 0.0002)
(0.00795 0.0016797612 0.0002)
(0.008 0.0016797612 0.0002)
(0.00805 0.0016797612 0.0002)
(0.0081 0.0016797612 0.0002)
(0.00815 0.0016797612 0.0002)
(0.0082 0.0016797612 0.0002)
(0.00825 0.0016797612 0.0002)
(0.0083 0.0016797612 0.0002)
(0.00835 0.0016797612 0.0002)
(0.0084 0.0016797612 0.0002)
(0.00845 0.0016797612 0.0002)
(0.0085 0.0016797612 0.0002)
(0.00855 0.0016797612 0.0002)
(0.0086 0.0016797612 0.0002)
(0.00865 0.0016797612 0.0002)
(0.0087 0.0016797612 0.0002)
(0.00875 0.0016797612 0.0002)
(0.0088 0.0016797612 0.0002)
(0.00885 0.0016797612 0.0002)
(0.0089 0.0016797612 0.0002)
(0.00895 0.0016797612 0.0002)
(0.009 0.0016797612 0.0002)
(0.00905 0.0016797612 0.0002)
(0.0091 0.0016797612 0.0002)
(0.00915 0.0016797612 0.0002)
(0.0092 0.0016797612 0.0002)
(0.00925 0.0016797612 0.0002)
(0.0093 0.0016797612 0.0002)
(0.00935 0.0016797612 0.0002)
(0.0094 0.0016797612 0.0002)
(0.00945 0.0016797612 0.0002)
(0.0095 0.0016797612 0.0002)
(0.00955 0.0016797612 0.0002)
(0.0096 0.0016797612 0.0002)
(0.00965 0.0016797612 0.0002)
(0.0097 0.0016797612 0.0002)
(0.00975 0.0016797612 0.0002)
(0.0098 0.0016797612 0.0002)
(0.00985 0.0016797612 0.0002)
(0.0099 0.0016797612 0.0002)
(0.00995 0.0016797612 0.0002)
(0.01 0.0016797612 0.0002)
(0 0.001722832 0.0002)
(5e-05 0.001722832 0.0002)
(0.0001 0.001722832 0.0002)
(0.00015 0.001722832 0.0002)
(0.0002 0.001722832 0.0002)
(0.00025 0.001722832 0.0002)
(0.0003 0.001722832 0.0002)
(0.00035 0.001722832 0.0002)
(0.0004 0.001722832 0.0002)
(0.00045 0.001722832 0.0002)
(0.0005 0.001722832 0.0002)
(0.00055 0.001722832 0.0002)
(0.0006 0.001722832 0.0002)
(0.00065 0.001722832 0.0002)
(0.0007 0.001722832 0.0002)
(0.00075 0.001722832 0.0002)
(0.0008 0.001722832 0.0002)
(0.00085 0.001722832 0.0002)
(0.0009 0.001722832 0.0002)
(0.00095 0.001722832 0.0002)
(0.001 0.001722832 0.0002)
(0.00105 0.001722832 0.0002)
(0.0011 0.001722832 0.0002)
(0.00115 0.001722832 0.0002)
(0.0012 0.001722832 0.0002)
(0.00125 0.001722832 0.0002)
(0.0013 0.001722832 0.0002)
(0.00135 0.001722832 0.0002)
(0.0014 0.001722832 0.0002)
(0.00145 0.001722832 0.0002)
(0.0015 0.001722832 0.0002)
(0.00155 0.001722832 0.0002)
(0.0016 0.001722832 0.0002)
(0.00165 0.001722832 0.0002)
(0.0017 0.001722832 0.0002)
(0.00175 0.001722832 0.0002)
(0.0018 0.001722832 0.0002)
(0.00185 0.001722832 0.0002)
(0.0019 0.001722832 0.0002)
(0.00195 0.001722832 0.0002)
(0.002 0.001722832 0.0002)
(0.00205 0.001722832 0.0002)
(0.0021 0.001722832 0.0002)
(0.00215 0.001722832 0.0002)
(0.0022 0.001722832 0.0002)
(0.00225 0.001722832 0.0002)
(0.0023 0.001722832 0.0002)
(0.00235 0.001722832 0.0002)
(0.0024 0.001722832 0.0002)
(0.00245 0.001722832 0.0002)
(0.0025 0.001722832 0.0002)
(0.00255 0.001722832 0.0002)
(0.0026 0.001722832 0.0002)
(0.00265 0.001722832 0.0002)
(0.0027 0.001722832 0.0002)
(0.00275 0.001722832 0.0002)
(0.0028 0.001722832 0.0002)
(0.00285 0.001722832 0.0002)
(0.0029 0.001722832 0.0002)
(0.00295 0.001722832 0.0002)
(0.003 0.001722832 0.0002)
(0.00305 0.001722832 0.0002)
(0.0031 0.001722832 0.0002)
(0.00315 0.001722832 0.0002)
(0.0032 0.001722832 0.0002)
(0.00325 0.001722832 0.0002)
(0.0033 0.001722832 0.0002)
(0.00335 0.001722832 0.0002)
(0.0034 0.001722832 0.0002)
(0.00345 0.001722832 0.0002)
(0.0035 0.001722832 0.0002)
(0.00355 0.001722832 0.0002)
(0.0036 0.001722832 0.0002)
(0.00365 0.001722832 0.0002)
(0.0037 0.001722832 0.0002)
(0.00375 0.001722832 0.0002)
(0.0038 0.001722832 0.0002)
(0.00385 0.001722832 0.0002)
(0.0039 0.001722832 0.0002)
(0.00395 0.001722832 0.0002)
(0.004 0.001722832 0.0002)
(0.00405 0.001722832 0.0002)
(0.0041 0.001722832 0.0002)
(0.00415 0.001722832 0.0002)
(0.0042 0.001722832 0.0002)
(0.00425 0.001722832 0.0002)
(0.0043 0.001722832 0.0002)
(0.00435 0.001722832 0.0002)
(0.0044 0.001722832 0.0002)
(0.00445 0.001722832 0.0002)
(0.0045 0.001722832 0.0002)
(0.00455 0.001722832 0.0002)
(0.0046 0.001722832 0.0002)
(0.00465 0.001722832 0.0002)
(0.0047 0.001722832 0.0002)
(0.00475 0.001722832 0.0002)
(0.0048 0.001722832 0.0002)
(0.00485 0.001722832 0.0002)
(0.0049 0.001722832 0.0002)
(0.00495 0.001722832 0.0002)
(0.005 0.001722832 0.0002)
(0.00505 0.001722832 0.0002)
(0.0051 0.001722832 0.0002)
(0.00515 0.001722832 0.0002)
(0.0052 0.001722832 0.0002)
(0.00525 0.001722832 0.0002)
(0.0053 0.001722832 0.0002)
(0.00535 0.001722832 0.0002)
(0.0054 0.001722832 0.0002)
(0.00545 0.001722832 0.0002)
(0.0055 0.001722832 0.0002)
(0.00555 0.001722832 0.0002)
(0.0056 0.001722832 0.0002)
(0.00565 0.001722832 0.0002)
(0.0057 0.001722832 0.0002)
(0.00575 0.001722832 0.0002)
(0.0058 0.001722832 0.0002)
(0.00585 0.001722832 0.0002)
(0.0059 0.001722832 0.0002)
(0.00595 0.001722832 0.0002)
(0.006 0.001722832 0.0002)
(0.00605 0.001722832 0.0002)
(0.0061 0.001722832 0.0002)
(0.00615 0.001722832 0.0002)
(0.0062 0.001722832 0.0002)
(0.00625 0.001722832 0.0002)
(0.0063 0.001722832 0.0002)
(0.00635 0.001722832 0.0002)
(0.0064 0.001722832 0.0002)
(0.00645 0.001722832 0.0002)
(0.0065 0.001722832 0.0002)
(0.00655 0.001722832 0.0002)
(0.0066 0.001722832 0.0002)
(0.00665 0.001722832 0.0002)
(0.0067 0.001722832 0.0002)
(0.00675 0.001722832 0.0002)
(0.0068 0.001722832 0.0002)
(0.00685 0.001722832 0.0002)
(0.0069 0.001722832 0.0002)
(0.00695 0.001722832 0.0002)
(0.007 0.001722832 0.0002)
(0.00705 0.001722832 0.0002)
(0.0071 0.001722832 0.0002)
(0.00715 0.001722832 0.0002)
(0.0072 0.001722832 0.0002)
(0.00725 0.001722832 0.0002)
(0.0073 0.001722832 0.0002)
(0.00735 0.001722832 0.0002)
(0.0074 0.001722832 0.0002)
(0.00745 0.001722832 0.0002)
(0.0075 0.001722832 0.0002)
(0.00755 0.001722832 0.0002)
(0.0076 0.001722832 0.0002)
(0.00765 0.001722832 0.0002)
(0.0077 0.001722832 0.0002)
(0.00775 0.001722832 0.0002)
(0.0078 0.001722832 0.0002)
(0.00785 0.001722832 0.0002)
(0.0079 0.001722832 0.0002)
(0.00795 0.001722832 0.0002)
(0.008 0.001722832 0.0002)
(0.00805 0.001722832 0.0002)
(0.0081 0.001722832 0.0002)
(0.00815 0.001722832 0.0002)
(0.0082 0.001722832 0.0002)
(0.00825 0.001722832 0.0002)
(0.0083 0.001722832 0.0002)
(0.00835 0.001722832 0.0002)
(0.0084 0.001722832 0.0002)
(0.00845 0.001722832 0.0002)
(0.0085 0.001722832 0.0002)
(0.00855 0.001722832 0.0002)
(0.0086 0.001722832 0.0002)
(0.00865 0.001722832 0.0002)
(0.0087 0.001722832 0.0002)
(0.00875 0.001722832 0.0002)
(0.0088 0.001722832 0.0002)
(0.00885 0.001722832 0.0002)
(0.0089 0.001722832 0.0002)
(0.00895 0.001722832 0.0002)
(0.009 0.001722832 0.0002)
(0.00905 0.001722832 0.0002)
(0.0091 0.001722832 0.0002)
(0.00915 0.001722832 0.0002)
(0.0092 0.001722832 0.0002)
(0.00925 0.001722832 0.0002)
(0.0093 0.001722832 0.0002)
(0.00935 0.001722832 0.0002)
(0.0094 0.001722832 0.0002)
(0.00945 0.001722832 0.0002)
(0.0095 0.001722832 0.0002)
(0.00955 0.001722832 0.0002)
(0.0096 0.001722832 0.0002)
(0.00965 0.001722832 0.0002)
(0.0097 0.001722832 0.0002)
(0.00975 0.001722832 0.0002)
(0.0098 0.001722832 0.0002)
(0.00985 0.001722832 0.0002)
(0.0099 0.001722832 0.0002)
(0.00995 0.001722832 0.0002)
(0.01 0.001722832 0.0002)
)


// ************************************************************************* //
