/*--------------------------------*- C++ -*----------------------------------*\
| =========                 |                                                 |
| \\      /  F ield         | OpenFOAM: The Open Source CFD Toolbox           |
|  \\    /   O peration     | Version:  2406                                  |
|   \\  /    A nd           | Website:  www.openfoam.com                      |
|    \\/     M anipulation  |                                                 |
\*---------------------------------------------------------------------------*/
FoamFile
{
    version     2.0;
    format      ascii;
    arch        "LSB;label=32;scalar=64";
    class       surfaceScalarField;
    location    "1434";
    object      phi;
}
// * * * * * * * * * * * * * * * * * * * * * * * * * * * * * * * * * * * * * //

dimensions      [0 3 -1 0 0 0 0];

oriented        oriented;

internalField   nonuniform List<scalar> 
31720
(
2.2497769e-12
1.0271159e-12
1.4903868e-12
7.593901e-13
1.0505823e-12
4.398045e-13
7.849787e-13
2.6560362e-13
6.1818865e-13
1.6679005e-13
5.0838383e-13
1.0980483e-13
4.3212442e-13
7.6259401e-14
3.765262e-13
5.5598227e-14
3.343417e-13
4.2184495e-14
3.0131122e-13
3.3030487e-14
2.7480865e-13
2.6502571e-14
2.5313699e-13
2.1671651e-14
2.3515084e-13
1.7986158e-14
2.2004689e-13
1.5103942e-14
2.0724314e-13
1.2803753e-14
1.9630606e-13
1.0937079e-14
1.8690513e-13
9.4009366e-15
1.7878325e-13
8.1218783e-15
1.7173701e-13
7.0462398e-15
1.6560303e-13
6.1339812e-15
1.6024835e-13
5.3546743e-15
1.5556354e-13
4.6848161e-15
1.5145755e-13
4.1059868e-15
1.4785399e-13
3.6035587e-15
1.4468821e-13
3.1657756e-15
1.4190513e-13
2.783085e-15
1.3945748e-13
2.447646e-15
1.3730452e-13
2.1529628e-15
1.3541091e-13
1.8936078e-15
1.337459e-13
1.6650097e-15
1.3228261e-13
1.4632909e-15
1.3099747e-13
1.2851397e-15
1.2986976e-13
1.1277113e-15
1.2888121e-13
9.8854794e-16
1.280157e-13
8.6551586e-16
1.2725894e-13
7.5675432e-16
1.2659831e-13
6.6063418e-16
1.2602258e-13
5.7572408e-16
1.2552182e-13
5.0076248e-16
1.2508719e-13
4.346346e-16
1.2471083e-13
3.7635306e-16
1.2438579e-13
3.2504163e-16
1.2410587e-13
2.7992144e-16
1.2386557e-13
2.402993e-16
1.2366001e-13
2.055576e-16
1.2348487e-13
1.7514569e-16
1.233363e-13
1.4857233e-16
1.232109e-13
1.2539915e-16
1.2310566e-13
1.0523492e-16
1.2301793e-13
8.7730504e-17
1.2294536e-13
7.2574393e-17
1.2288587e-13
5.9488784e-17
1.2283764e-13
4.8226035e-17
1.2279908e-13
3.8565566e-17
1.2276877e-13
3.0311033e-17
1.2274548e-13
2.3287848e-17
1.2272814e-13
1.7340901e-17
1.227158e-13
1.2332574e-17
1.2270766e-13
8.140888e-18
1.2270301e-13
4.6579015e-18
1.2270122e-13
1.7882078e-18
1.2270177e-13
-5.523658e-19
1.2270421e-13
-2.4379773e-18
1.2270814e-13
-3.9338244e-18
1.2271324e-13
-5.097136e-18
1.2271922e-13
-5.9780251e-18
1.2272584e-13
-6.6202935e-18
1.227329e-13
-7.0621205e-18
1.2274024e-13
-7.3367147e-18
1.2274771e-13
-7.4728674e-18
1.227552e-13
-7.4954793e-18
1.2276263e-13
-7.4260032e-18
1.2276991e-13
-7.282868e-18
1.22777e-13
-7.0818308e-18
1.2278383e-13
-6.8363172e-18
1.2279039e-13
-6.5576989e-18
1.2279665e-13
-6.2555664e-18
1.2280258e-13
-5.9379456e-18
1.2280819e-13
-5.6115155e-18
1.2281348e-13
-5.2817761e-18
1.2281843e-13
-4.953221e-18
1.2282306e-13
-4.6294655e-18
1.2282737e-13
-4.3133849e-18
1.2283138e-13
-4.0072087e-18
1.2283509e-13
-3.712632e-18
1.2283852e-13
-3.4308834e-18
1.2284169e-13
-3.1628144e-18
1.228446e-13
-2.9089461e-18
1.2284726e-13
-2.6695426e-18
1.2284971e-13
-2.4446394e-18
1.2285194e-13
-2.2341049e-18
1.2285398e-13
-2.0376551e-18
1.2285584e-13
-1.8549053e-18
1.2285752e-13
-1.6853736e-18
1.2285905e-13
-1.5285263e-18
1.2286043e-13
-1.3837717e-18
1.2286168e-13
-1.2505015e-18
1.2286281e-13
-1.1280767e-18
1.2286383e-13
-1.0158661e-18
1.2286474e-13
-9.1322621e-19
1.2286556e-13
-8.1953782e-19
1.2286629e-13
-7.3418142e-19
1.2286695e-13
-6.5657208e-19
1.2286754e-13
-5.8613168e-19
1.2286806e-13
-5.2232285e-19
1.2286852e-13
-4.646186e-19
1.2286894e-13
-4.1253576e-19
1.228693e-13
-3.6560272e-19
1.2286963e-13
-3.2339254e-19
1.2286991e-13
-2.854895e-19
1.2287016e-13
-2.515218e-19
1.2287038e-13
-2.2112758e-19
1.2287058e-13
-1.9398714e-19
1.2287075e-13
-1.6978895e-19
1.228709e-13
-1.4826114e-19
1.2287103e-13
-1.2913811e-19
1.2287114e-13
-1.1219097e-19
1.2287123e-13
-9.7195216e-20
1.2287132e-13
-8.3959968e-20
1.2287139e-13
-7.2296941e-20
1.2287145e-13
-6.2048316e-20
1.2287151e-13
-5.3057343e-20
1.2287155e-13
-4.5194606e-20
1.2287159e-13
-3.8330489e-20
1.2287162e-13
-3.2359692e-20
1.2287165e-13
-2.7175719e-20
1.2287167e-13
-2.2693528e-20
1.2287169e-13
-1.8826137e-20
1.2287171e-13
-1.5505345e-20
1.2287172e-13
-1.2660503e-20
1.2287173e-13
-1.0237277e-20
1.2287174e-13
-8.1785659e-21
1.2287174e-13
-6.4413387e-21
1.2287175e-13
-4.9796415e-21
1.2287175e-13
-3.7595672e-21
1.2287176e-13
-2.744248e-21
1.2287176e-13
-1.907066e-21
1.2287176e-13
-1.218486e-21
1.2287176e-13
-6.5765358e-22
1.2287176e-13
-2.0088113e-22
1.2287176e-13
1.681712e-22
1.2287176e-13
4.6859919e-22
1.2287176e-13
7.1323939e-22
1.2287176e-13
9.1764811e-22
1.2287176e-13
1.0919622e-21
1.2287176e-13
1.2490769e-21
1.2287175e-13
1.3970562e-21
1.2287175e-13
1.5468721e-21
1.2287175e-13
1.7049818e-21
1.2287175e-13
1.8810512e-21
1.2287175e-13
2.0802665e-21
1.2287174e-13
2.3115006e-21
1.2287174e-13
2.5788975e-21
1.2287174e-13
2.8909609e-21
1.2287174e-13
3.2509223e-21
1.2287173e-13
3.6672658e-21
1.2287173e-13
4.1423645e-21
1.2287172e-13
4.684957e-21
1.2287172e-13
5.2965482e-21
1.2287171e-13
5.9863273e-21
1.228717e-13
6.7548763e-21
1.228717e-13
7.6119561e-21
1.2287169e-13
8.5571379e-21
1.2287168e-13
9.6007919e-21
1.2287167e-13
1.0741379e-20
1.2287166e-13
1.1989837e-20
1.2287164e-13
1.3343416e-20
1.2287163e-13
1.4813516e-20
1.2287161e-13
1.6396081e-20
1.2287159e-13
1.8102811e-20
1.2287157e-13
1.9928268e-20
1.2287155e-13
2.188426e-20
1.2287153e-13
2.3963913e-20
1.228715e-13
2.6178929e-20
1.2287147e-13
2.8520985e-20
1.2287144e-13
3.1001484e-20
1.2287141e-13
3.3610717e-20
1.2287137e-13
3.6359643e-20
1.2287133e-13
3.9237382e-20
1.2287129e-13
4.2254484e-20
1.2287124e-13
4.5399405e-20
1.228712e-13
4.8682695e-20
1.2287114e-13
5.2093235e-20
1.2287109e-13
5.5642804e-20
1.2287103e-13
5.9323026e-20
1.2287097e-13
6.3149976e-20
1.228709e-13
6.7123157e-20
1.2287083e-13
7.1270493e-20
1.2287075e-13
7.561158e-20
1.2287067e-13
8.0205632e-20
1.2287059e-13
8.5124283e-20
1.228705e-13
9.0512818e-20
1.228704e-13
9.6590859e-20
1.228703e-13
1.0376157e-19
1.2287018e-13
1.1272405e-19
1.2287006e-13
1.2481247e-19
1.2286992e-13
1.4236981e-19
1.2286975e-13
1.6910336e-19
1.2286953e-13
2.1411106e-19
3.2082684e-19
3.2444949e-12
1.0595137e-12
2.7848929e-12
1.2189921e-12
2.2963529e-12
9.2834449e-13
1.8999285e-12
6.6202808e-13
1.5972294e-12
4.6948915e-13
1.3682759e-12
3.3875829e-13
1.1933953e-12
2.5114003e-13
1.057478e-12
1.9151554e-13
9.498256e-13
1.4983685e-13
8.6303131e-13
1.1982477e-13
7.9195039e-13
9.7583494e-14
7.3295655e-13
8.0665487e-14
6.834433e-13
6.7499416e-14
6.4149735e-13
5.7049886e-14
6.0568516e-13
4.8615945e-14
5.7491172e-13
4.1710524e-14
5.4832577e-13
3.5986878e-14
5.2525499e-13
3.1192665e-14
5.0516066e-13
2.714057e-14
4.876056e-13
2.3689041e-14
4.722309e-13
2.0729376e-14
4.5873884e-13
1.817687e-14
4.4688019e-13
1.5964639e-14
4.3644453e-13
1.403922e-14
4.272529e-13
1.2357399e-14
4.191521e-13
1.0883884e-14
4.1201018e-13
9.5895743e-15
4.0571287e-13
8.4502648e-15
4.0016083e-13
7.4456542e-15
3.9526725e-13
6.558588e-15
3.9095607e-13
5.7744692e-15
3.8716041e-13
5.0807978e-15
3.8382132e-13
4.4668068e-15
3.8088669e-13
3.9231724e-15
3.7831043e-13
3.441782e-15
3.7605163e-13
3.0155465e-15
3.7407402e-13
2.6382469e-15
3.7234534e-13
2.3044092e-15
3.708369e-13
2.0092007e-15
3.6952319e-13
1.7483435e-15
3.683815e-13
1.518043e-15
3.6739161e-13
1.3149263e-15
3.6653554e-13
1.1359911e-15
3.6579728e-13
9.785614e-16
3.6516259e-13
8.4024962e-16
3.6461881e-13
7.1892412e-16
3.641547e-13
6.1268066e-16
3.6376029e-13
5.1981762e-16
3.6342671e-13
4.3881432e-16
3.6314612e-13
3.6831185e-16
3.629116e-13
3.0709615e-16
3.6271701e-13
2.5408296e-16
3.6255693e-13
2.0830446e-16
3.624266e-13
1.6889732e-16
3.6232182e-13
1.3509203e-16
3.622389e-13
1.0620325e-16
3.6217462e-13
8.1621295e-17
3.6212615e-13
6.0804286e-17
3.6209102e-13
4.3271247e-17
3.6206708e-13
2.859578e-17
3.6205247e-13
1.6400416e-17
3.6204557e-13
6.3514851e-18
3.6204497e-13
-1.8454821e-18
3.6204949e-13
-8.4499261e-18
3.6205808e-13
-1.3690001e-17
3.6206987e-13
-1.7765965e-17
3.6208411e-13
-2.0853221e-17
3.6210015e-13
-2.3105064e-17
3.6211747e-13
-2.4655146e-17
3.6213561e-13
-2.5619699e-17
3.6215422e-13
-2.609952e-17
3.6217297e-13
-2.6181765e-17
3.6219163e-13
-2.5941546e-17
3.6220999e-13
-2.5443367e-17
3.622279e-13
-2.4742399e-17
3.6224523e-13
-2.3885633e-17
3.6226189e-13
-2.291289e-17
3.6227781e-13
-2.1857732e-17
3.6229294e-13
-2.0748268e-17
3.6230727e-13
-1.9607869e-17
3.6232077e-13
-1.8455799e-17
3.6233345e-13
-1.730778e-17
3.6234531e-13
-1.6176479e-17
3.6235638e-13
-1.507195e-17
3.6236667e-13
-1.4002011e-17
3.6237621e-13
-1.2972585e-17
3.6238503e-13
-1.1987987e-17
3.6239318e-13
-1.1051185e-17
3.6240067e-13
-1.016402e-17
3.6240755e-13
-9.3274022e-18
3.6241386e-13
-8.5414734e-18
3.6241963e-13
-7.8057596e-18
3.6242489e-13
-7.1192845e-18
3.6242969e-13
-6.4806871e-18
3.6243405e-13
-5.8883003e-18
3.62438e-13
-5.34024e-18
3.6244159e-13
-4.8344567e-18
3.6244483e-13
-4.3688035e-18
3.6244775e-13
-3.9410669e-18
3.6245039e-13
-3.5490185e-18
3.6245276e-13
-3.1904306e-18
3.6245489e-13
-2.8631156e-18
3.624568e-13
-2.5649304e-18
3.624585e-13
-2.2938068e-18
3.6246003e-13
-2.0477473e-18
3.6246139e-13
-1.8248492e-18
3.624626e-13
-1.6232946e-18
3.6246368e-13
-1.4413698e-18
3.6246463e-13
-1.2774512e-18
3.6246548e-13
-1.1300212e-18
3.6246622e-13
-9.9765208e-19
3.6246688e-13
-8.7901903e-19
3.6246746e-13
-7.7288247e-19
3.6246797e-13
-6.7810009e-19
3.6246841e-13
-5.936079e-19
3.624688e-13
-5.1843134e-19
3.6246914e-13
-4.5166629e-19
3.6246944e-13
-3.9248929e-19
3.6246969e-13
-3.4013897e-19
3.6246991e-13
-2.9392566e-19
3.624701e-13
-2.5321351e-19
3.6247027e-13
-2.1742955e-19
3.6247041e-13
-1.8604684e-19
3.6247053e-13
-1.5859297e-19
3.6247063e-13
-1.3463437e-19
3.6247072e-13
-1.1378429e-19
3.6247079e-13
-9.5688393e-20
3.6247085e-13
-8.0032146e-20
3.624709e-13
-6.6527756e-20
3.6247095e-13
-5.4921013e-20
3.6247098e-13
-4.4979499e-20
3.6247101e-13
-3.6498887e-20
3.6247103e-13
-2.9292419e-20
3.6247105e-13
-2.3196641e-20
3.6247107e-13
-1.8062097e-20
3.6247108e-13
-1.3758509e-20
3.6247109e-13
-1.016659e-20
3.6247109e-13
-7.1827192e-21
3.624711e-13
-4.7117639e-21
3.624711e-13
-2.6712988e-21
3.624711e-13
-9.8530632e-22
3.624711e-13
4.1198523e-22
3.624711e-13
1.5816635e-21
3.624711e-13
2.5765784e-21
3.6247109e-13
3.4463331e-21
3.6247109e-13
4.2338861e-21
3.6247109e-13
4.9801747e-21
3.6247108e-13
5.7207023e-21
3.6247108e-13
6.49e-21
3.6247107e-13
7.318043e-21
3.6247107e-13
8.2347532e-21
3.6247106e-13
9.26606e-21
3.6247105e-13
1.043868e-20
3.6247104e-13
1.17756e-20
3.6247103e-13
1.3301386e-20
3.6247102e-13
1.5036867e-20
3.6247101e-13
1.7005221e-20
3.6247099e-13
1.9225629e-20
3.6247098e-13
2.1720372e-20
3.6247096e-13
2.4507258e-20
3.6247094e-13
2.7607937e-20
3.6247092e-13
3.1038914e-20
3.6247089e-13
3.482126e-20
3.6247086e-13
3.8970077e-20
3.6247083e-13
4.3505714e-20
3.6247079e-13
4.8441621e-20
3.6247075e-13
5.3797116e-20
3.624707e-13
5.9583627e-20
3.6247065e-13
6.5818991e-20
3.624706e-13
7.2512143e-20
3.6247054e-13
7.9678898e-20
3.6247047e-13
8.7325189e-20
3.624704e-13
9.5464211e-20
3.6247033e-13
1.0409841e-19
3.6247024e-13
1.1323781e-19
3.6247015e-13
1.2288104e-19
3.6247005e-13
1.3303465e-19
3.6246994e-13
1.436934e-19
3.6246983e-13
1.5486056e-19
3.624697e-13
1.6652779e-19
3.6246957e-13
1.7869625e-19
3.6246943e-13
1.9135671e-19
3.6246927e-13
2.0451148e-19
3.6246911e-13
2.1815555e-19
3.6246894e-13
2.3229989e-19
3.6246875e-13
2.4695518e-19
3.6246856e-13
2.6215798e-19
3.6246835e-13
2.7796034e-19
3.6246813e-13
2.9446354e-19
3.624679e-13
3.1182143e-19
3.6246766e-13
3.3029459e-19
3.624674e-13
3.5028982e-19
3.6246712e-13
3.7247318e-19
3.6246683e-13
3.9791074e-19
3.6246651e-13
4.2835587e-19
3.6246617e-13
4.6670605e-19
3.624658e-13
5.174401e-19
3.6246538e-13
5.867906e-19
3.6246491e-13
6.8584251e-19
8.4615461e-19
3.4127086e-12
9.2369793e-13
3.2791512e-12
1.3525495e-12
2.9693738e-12
1.2381219e-12
2.6280145e-12
1.0033874e-12
2.3157602e-12
7.8174344e-13
2.0494449e-12
6.0507362e-13
1.8284267e-12
4.7215818e-13
1.6463467e-12
3.7359552e-13
1.4960221e-12
3.0016143e-13
1.3711268e-12
2.447201e-13
1.2665471e-12
2.0216316e-13
1.178283e-12
1.6892964e-13
1.1032356e-12
1.4254683e-13
1.0390008e-12
1.2128465e-13
9.8370029e-13
1.0391647e-13
9.3585199e-13
8.9558818e-14
8.9427404e-13
7.7564826e-14
8.5801358e-13
6.7453131e-14
8.2629423e-13
5.8859921e-14
7.9847708e-13
5.1506189e-14
7.7403142e-13
4.5175035e-14
7.5251261e-13
3.9695683e-14
7.3354516e-13
3.4932083e-14
7.1680973e-13
3.0774649e-14
7.0203293e-13
2.7134207e-14
6.8897931e-13
2.3937497e-14
6.7744509e-13
2.1123795e-14
6.67253e-13
1.8642352e-14
6.5824823e-13
1.6450426e-14
6.5029506e-13
1.451176e-14
6.4327413e-13
1.2795398e-14
6.3708018e-13
1.1274749e-14
6.3162015e-13
9.9268386e-15
6.268116e-13
8.7317243e-15
6.2258137e-13
7.6720103e-15
6.1886445e-13
6.7324617e-15
6.1560301e-13
5.8996866e-15
6.1274555e-13
5.1618746e-15
6.1024617e-13
4.5085801e-15
6.0806397e-13
3.9305423e-15
6.0616248e-13
3.4195323e-15
6.0450918e-13
2.9682261e-15
6.0307508e-13
2.5700943e-15
6.0183433e-13
2.2193099e-15
6.0076391e-13
1.910667e-15
5.9984332e-13
1.6395119e-15
5.9905432e-13
1.4016823e-15
5.9838069e-13
1.1934545e-15
5.97808e-13
1.0114967e-15
5.9732349e-13
8.528282e-16
5.969158e-13
7.1478309e-16
5.9657491e-13
5.9497771e-16
5.9629193e-13
4.9128201e-16
5.9605903e-13
4.0179378e-16
5.9586931e-13
3.2481552e-16
5.9571668e-13
2.588338e-16
5.955958e-13
2.0250054e-16
5.9550199e-13
1.5461626e-16
5.9543114e-13
1.1411495e-16
5.9537969e-13
8.0050404e-17
5.9534451e-13
5.15839e-17
5.9532288e-13
2.7973064e-17
5.9531248e-13
8.5618217e-18
5.9531126e-13
-7.2286754e-18
5.9531747e-13
-1.9908248e-17
5.9532963e-13
-2.9925074e-17
5.9534645e-13
-3.7672368e-17
5.9536684e-13
-4.3494377e-17
5.9538988e-13
-4.7691806e-17
5.9541479e-13
-5.0526676e-17
5.9544091e-13
-5.2226712e-17
5.9546772e-13
-5.2989264e-17
5.9549476e-13
-5.2984846e-17
5.9552168e-13
-5.2360281e-17
5.9554818e-13
-5.1241542e-17
5.9557403e-13
-4.9736266e-17
5.9559905e-13
-4.7936019e-17
5.9562311e-13
-4.59183e-17
5.9564611e-13
-4.3748329e-17
5.9566799e-13
-4.1480633e-17
5.9568869e-13
-3.9160462e-17
5.9570821e-13
-3.6825025e-17
5.9572654e-13
-3.45046e-17
5.9574369e-13
-3.2223502e-17
5.9575969e-13
-3.000094e-17
5.9577457e-13
-2.7851766e-17
5.9578837e-13
-2.5787139e-17
5.9580113e-13
-2.3815093e-17
5.9581291e-13
-2.1941046e-17
5.9582375e-13
-2.0168232e-17
5.958337e-13
-1.8498084e-17
5.9584283e-13
-1.6930558e-17
5.9585117e-13
-1.5464417e-17
5.9585879e-13
-1.4097473e-17
5.9586573e-13
-1.2826795e-17
5.9587204e-13
-1.1648882e-17
5.9587776e-13
-1.0559818e-17
5.9588295e-13
-9.5553895e-18
5.9588764e-13
-8.6312013e-18
5.9589187e-13
-7.7827524e-18
5.9589569e-13
-7.0055181e-18
5.9589912e-13
-6.2949989e-18
5.959022e-13
-5.646777e-18
5.9590496e-13
-5.0565438e-18
5.9590744e-13
-4.5201379e-18
5.9590965e-13
-4.0335575e-18
5.9591162e-13
-3.5929855e-18
5.9591337e-13
-3.1947897e-18
5.9591493e-13
-2.8355397e-18
5.9591631e-13
-2.5119989e-18
5.9591753e-13
-2.2211351e-18
5.9591861e-13
-1.9601076e-18
5.9591957e-13
-1.7262731e-18
5.9592041e-13
-1.5171702e-18
5.9592114e-13
-1.330522e-18
5.9592179e-13
-1.1642194e-18
5.9592235e-13
-1.0163218e-18
5.9592285e-13
-8.8503967e-19
5.9592327e-13
-7.687347e-19
5.9592365e-13
-6.6590209e-19
5.9592397e-13
-5.7517059e-19
5.9592425e-13
-4.9528521e-19
5.9592449e-13
-4.251073e-19
5.9592469e-13
-3.6359817e-19
5.9592487e-13
-3.0981931e-19
5.9592501e-13
-2.6291709e-19
5.9592514e-13
-2.2212327e-19
5.9592525e-13
-1.8674094e-19
5.9592534e-13
-1.5614526e-19
5.9592541e-13
-1.2977067e-19
5.9592547e-13
-1.0711191e-19
5.9592553e-13
-8.7712506e-20
5.9592557e-13
-7.1166003e-20
5.959256e-13
-5.7105616e-20
5.9592563e-13
-4.5205756e-20
5.9592565e-13
-3.5172719e-20
5.9592567e-13
-2.6746434e-20
5.9592568e-13
-1.9692145e-20
5.9592569e-13
-1.3802329e-20
5.959257e-13
-8.8892727e-21
5.959257e-13
-4.787138e-21
5.959257e-13
-1.3453019e-21
5.959257e-13
1.5694097e-21
5.959257e-13
4.0787539e-21
5.959257e-13
6.2906574e-21
5.9592569e-13
8.3047455e-21
5.9592569e-13
1.0209734e-20
5.9592568e-13
1.208857e-20
5.9592567e-13
1.4015587e-20
5.9592566e-13
1.6061413e-20
5.9592565e-13
1.8289801e-20
5.9592564e-13
2.0762465e-20
5.9592563e-13
2.3535508e-20
5.9592562e-13
2.6664318e-20
5.959256e-13
3.0199515e-20
5.9592558e-13
3.419205e-20
5.9592556e-13
3.8688574e-20
5.9592553e-13
4.3736881e-20
5.9592551e-13
4.9380598e-20
5.9592547e-13
5.5665101e-20
5.9592544e-13
6.2631446e-20
5.959254e-13
7.0322867e-20
5.9592536e-13
7.8777863e-20
5.9592531e-13
8.8037372e-20
5.9592525e-13
9.8136979e-20
5.9592519e-13
1.091148e-19
5.9592512e-13
1.2100283e-19
5.9592505e-13
1.3383552e-19
5.9592497e-13
1.4764029e-19
5.9592488e-13
1.6244689e-19
5.9592478e-13
1.7827704e-19
5.9592467e-13
1.9515451e-19
5.9592455e-13
2.1309411e-19
5.9592442e-13
2.3211246e-19
5.9592429e-13
2.5221637e-19
5.9592413e-13
2.7341431e-19
5.9592397e-13
2.9570446e-19
5.959238e-13
3.1908688e-19
5.9592361e-13
3.4355147e-19
5.959234e-13
3.6909103e-19
5.9592319e-13
3.9568965e-19
5.9592296e-13
4.2333687e-19
5.9592271e-13
4.5201744e-19
5.9592244e-13
4.8172742e-19
5.9592216e-13
5.1246684e-19
5.9592187e-13
5.4425979e-19
5.9592155e-13
5.7715335e-19
5.9592122e-13
6.112463e-19
5.9592087e-13
6.4670183e-19
5.959205e-13
6.8379592e-19
5.959201e-13
7.2296109e-19
5.9591969e-13
7.6488085e-19
5.9591925e-13
8.1060298e-19
5.9591879e-13
8.6173007e-19
5.9591829e-13
9.2067443e-19
5.9591777e-13
9.9100303e-19
5.9591721e-13
1.0774222e-18
5.9591661e-13
1.1848748e-18
5.9591598e-13
1.3185621e-18
1.490378e-18
3.4296986e-12
7.7089216e-13
3.4501223e-12
1.3321258e-12
3.3020546e-12
1.3861895e-12
3.0664503e-12
1.2389917e-12
2.806749e-12
1.0414448e-12
2.5570212e-12
8.5480136e-13
2.3316107e-12
6.9756874e-13
2.134237e-12
5.7096918e-13
1.9637624e-12
4.7063607e-13
1.817239e-12
3.912435e-13
1.6913343e-12
3.2806786e-13
1.5829216e-12
2.7734231e-13
1.4892773e-12
2.3619118e-13
1.4081065e-12
2.0245539e-13
1.3375039e-12
1.7451909e-13
1.2758945e-12
1.5116823e-13
1.2219757e-12
1.3148357e-13
1.1746666e-12
1.1476233e-13
1.133065e-12
1.004615e-13
1.0964141e-12
8.8157039e-14
1.064075e-12
7.751419e-14
1.0355047e-12
6.8265983e-14
1.0102394e-12
6.0197356e-14
9.8788062e-13
5.3133419e-14
9.6808416e-13
4.6930663e-14
9.5055134e-13
4.1470318e-14
9.3502184e-13
3.6653297e-14
9.2126788e-13
3.2396307e-14
9.0908948e-13
2.8628832e-14
8.9831046e-13
2.529078e-14
8.8877523e-13
2.2330624e-14
8.8034605e-13
1.9703934e-14
8.7290069e-13
1.7372195e-14
8.6633055e-13
1.5301865e-14
8.6053895e-13
1.3463603e-14
8.5543977e-13
1.1831646e-14
8.5095616e-13
1.0383292e-14
8.4701956e-13
9.0984768e-15
8.4356873e-13
7.9594168e-15
8.4054895e-13
6.9503163e-15
8.3791137e-13
6.0571156e-15
8.3561231e-13
5.2672791e-15
8.3361279e-13
4.5696149e-15
8.3187798e-13
3.9541198e-15
8.3037681e-13
3.4118448e-15
8.2908154e-13
2.9347793e-15
8.2796747e-13
2.5157497e-15
8.270126e-13
2.1483302e-15
8.2619733e-13
1.826765e-15
8.2550426e-13
1.5458985e-15
8.2491793e-13
1.3011145e-15
8.2442462e-13
1.0882811e-15
8.240122e-13
9.0370177e-16
8.2366993e-13
7.4407204e-16
8.233883e-13
6.0643981e-16
8.2315897e-13
4.8817021e-16
8.2297455e-13
3.8691374e-16
8.2282859e-13
3.0057759e-16
8.2271541e-13
2.2729977e-16
8.2263003e-13
1.6542565e-16
8.2256813e-13
1.1348688e-16
8.2252592e-13
7.0182226e-17
8.2250012e-13
3.4360332e-17
8.2248789e-13
5.0040604e-18
8.2248676e-13
-1.8783602e-17
8.2249463e-13
-3.7792308e-17
8.2250967e-13
-5.2715853e-17
8.2253034e-13
-6.4162572e-17
8.2255532e-13
-7.2664694e-17
8.2258348e-13
-7.8686783e-17
8.2261388e-13
-8.2633323e-17
8.2264575e-13
-8.4855541e-17
8.2267842e-13
-8.5657535e-17
8.2271136e-13
-8.5301765e-17
8.2274414e-13
-8.4013975e-17
8.2277639e-13
-8.1987599e-17
8.2280784e-13
-7.9387685e-17
8.2283828e-13
-7.6354415e-17
8.2286753e-13
-7.3006219e-17
8.228955e-13
-6.9442562e-17
8.2292208e-13
-6.5746407e-17
8.2294724e-13
-6.1986404e-17
8.2297096e-13
-5.8218826e-17
8.2299322e-13
-5.4489278e-17
8.2301406e-13
-5.08342e-17
8.2303349e-13
-4.7282199e-17
8.2305155e-13
-4.3855206e-17
8.2306831e-13
-4.0569499e-17
8.230838e-13
-3.7436591e-17
8.230981e-13
-3.4464004e-17
8.2311126e-13
-3.1655949e-17
8.2312334e-13
-2.9013902e-17
8.2313441e-13
-2.6537113e-17
8.2314454e-13
-2.4223042e-17
8.2315378e-13
-2.2067723e-17
8.231622e-13
-2.0066091e-17
8.2316985e-13
-1.8212246e-17
8.2317679e-13
-1.6499684e-17
8.2318308e-13
-1.4921485e-17
8.2318877e-13
-1.3470478e-17
8.2319391e-13
-1.213937e-17
8.2319853e-13
-1.0920855e-17
8.2320269e-13
-9.807701e-18
8.2320643e-13
-8.7928255e-18
8.2320978e-13
-7.8693427e-18
8.2321277e-13
-7.0306132e-18
8.2321545e-13
-6.2702692e-18
8.2321784e-13
-5.5822429e-18
8.2321996e-13
-4.9607749e-18
8.2322185e-13
-4.4004278e-18
8.2322353e-13
-3.896084e-18
8.2322501e-13
-3.4429491e-18
8.2322632e-13
-3.0365418e-18
8.2322748e-13
-2.6726916e-18
8.2322849e-13
-2.3475233e-18
8.2322939e-13
-2.0574511e-18
8.2323017e-13
-1.7991605e-18
8.2323085e-13
-1.5696001e-18
8.2323145e-13
-1.3659624e-18
8.2323197e-13
-1.1856747e-18
8.2323242e-13
-1.0263799e-18
8.2323281e-13
-8.8592717e-19
8.2323315e-13
-7.6235355e-19
8.2323344e-13
-6.5387486e-19
8.2323369e-13
-5.588685e-19
8.232339e-13
-4.7586512e-19
8.2323408e-13
-4.0353274e-19
8.2323424e-13
-3.4066933e-19
8.2323437e-13
-2.8618846e-19
8.2323448e-13
-2.3911277e-19
8.2323457e-13
-1.9856125e-19
8.2323465e-13
-1.6374355e-19
8.2323471e-13
-1.3394882e-19
8.2323476e-13
-1.0854091e-19
8.232348e-13
-8.694859e-20
8.2323483e-13
-6.8661603e-20
8.2323486e-13
-5.3222191e-20
8.2323488e-13
-4.0221865e-20
8.232349e-13
-2.9294123e-20
8.2323491e-13
-2.011188e-20
8.2323492e-13
-1.2381219e-20
8.2323492e-13
-5.8394148e-21
8.2323492e-13
-2.4959374e-22
8.2323492e-13
4.6007247e-21
8.2323492e-13
8.9041971e-21
8.2323492e-13
1.2834624e-20
8.2323491e-13
1.655091e-20
8.232349e-13
2.0197544e-20
8.2323489e-13
2.3908091e-20
8.2323488e-13
2.7805203e-20
8.2323487e-13
3.2003763e-20
8.2323485e-13
3.6610425e-20
8.2323483e-13
4.1726534e-20
8.2323481e-13
4.7447169e-20
8.2323479e-13
5.3863982e-20
8.2323476e-13
6.1063683e-20
8.2323473e-13
6.9130932e-20
8.2323469e-13
7.8146233e-20
8.2323466e-13
8.8188964e-20
8.2323461e-13
9.9334646e-20
8.2323456e-13
1.1165822e-19
8.2323451e-13
1.2523064e-19
8.2323445e-13
1.4012248e-19
8.2323438e-13
1.5639983e-19
8.232343e-13
1.7412828e-19
8.2323422e-13
1.9336815e-19
8.2323412e-13
2.1417883e-19
8.2323402e-13
2.3661339e-19
8.2323391e-13
2.6072338e-19
8.2323378e-13
2.8655275e-19
8.2323365e-13
3.1414314e-19
8.232335e-13
3.4352728e-19
8.2323334e-13
3.7473473e-19
8.2323316e-13
4.0778488e-19
8.2323297e-13
4.4269314e-19
8.2323277e-13
4.7946381e-19
8.2323254e-13
5.1809683e-19
8.232323e-13
5.5858071e-19
8.2323205e-13
6.0090006e-19
8.2323177e-13
6.4502908e-19
8.2323147e-13
6.9094036e-19
8.2323116e-13
7.3859968e-19
8.2323082e-13
7.8797684e-19
8.2323047e-13
8.3904347e-19
8.2323009e-13
8.9178769e-19
8.2322968e-13
9.4621768e-19
8.2322926e-13
1.0023842e-18
8.2322881e-13
1.0603955e-18
8.2322834e-13
1.1204557e-18
8.2322784e-13
1.1829025e-18
8.2322731e-13
1.2482758e-18
8.2322676e-13
1.3173974e-18
8.2322618e-13
1.3914896e-18
8.2322557e-13
1.4723039e-18
8.2322493e-13
1.5622582e-18
8.2322425e-13
1.6644799e-18
8.2322355e-13
1.7822765e-18
8.2322282e-13
1.9173274e-18
8.2322207e-13
2.0675223e-18
2.2349897e-18
3.407967e-12
6.3981791e-13
3.4913516e-12
1.2487413e-12
3.4509359e-12
1.4266052e-12
3.3141226e-12
1.375805e-12
3.1252587e-12
1.2303087e-12
2.9186353e-12
1.0614247e-12
2.7150202e-12
9.0118392e-13
2.524967e-12
7.610223e-13
2.3527362e-12
6.4286687e-13
2.1991486e-12
5.4483114e-13
2.0633358e-12
4.638807e-13
1.9437177e-12
3.9696037e-13
1.8385114e-12
3.4139748e-13
1.7459761e-12
2.9499073e-13
1.6645181e-12
2.55977e-13
1.5927254e-12
2.2296097e-13
1.5293669e-12
1.9484212e-13
1.4733782e-12
1.7075099e-13
1.4238421e-12
1.4999761e-13
1.3799681e-12
1.3203103e-13
1.3410741e-12
1.1640821e-13
1.3065699e-12
1.0277018e-13
1.2759434e-12
9.0823863e-14
1.2487487e-12
8.0328118e-14
1.2245963e-12
7.1083051e-14
1.2031449e-12
6.292175e-14
1.1840943e-12
5.5703857e-14
1.1671801e-12
4.9310561e-14
1.1521682e-12
4.3640644e-14
1.1388517e-12
3.8607366e-14
1.1270463e-12
3.4135978e-14
1.1165885e-12
3.0161728e-14
1.1073324e-12
2.6628258e-14
1.099148e-12
2.3486302e-14
1.091919e-12
2.069262e-14
1.0855415e-12
1.8209125e-14
1.0799226e-12
1.6002163e-14
1.0749792e-12
1.4041913e-14
1.0706367e-12
1.2301883e-14
1.0668286e-12
1.0758488e-14
1.063495e-12
9.3906939e-15
1.0605826e-12
8.1797135e-15
1.0580434e-12
7.1087426e-15
1.0558348e-12
6.1627377e-15
1.0539184e-12
5.3282206e-15
1.0522601e-12
4.593109e-15
1.0508293e-12
3.9465679e-15
1.0495987e-12
3.3788798e-15
1.0485442e-12
2.8813292e-15
1.047644e-12
2.4461004e-15
1.0468789e-12
2.066187e-15
1.0462319e-12
1.7353109e-15
1.0456877e-12
1.4478495e-15
1.045233e-12
1.1987706e-15
1.0448559e-12
9.8357419e-16
1.0445458e-12
7.9823954e-16
1.0442936e-12
6.3917754e-16
1.0440909e-12
5.0318785e-16
1.0439308e-12
3.8742005e-16
1.0438069e-12
2.8933847e-16
1.0437137e-12
2.0669042e-16
1.0436464e-12
1.3747739e-16
1.0436008e-12
7.9929006e-17
1.0435734e-12
3.2479466e-17
1.0435608e-12
-6.2538065e-18
1.0435605e-12
-3.7489443e-17
1.0435701e-12
-6.2299563e-17
1.0435876e-12
-8.1625511e-17
1.0436112e-12
-9.6292071e-17
1.0436395e-12
-1.0702027e-16
1.0436714e-12
-1.1443891e-16
1.0437056e-12
-1.1909498e-16
1.0437414e-12
-1.2146292e-16
1.043778e-12
-1.2195307e-16
1.043815e-12
-1.2091915e-16
1.0438516e-12
-1.1866496e-16
1.0438877e-12
-1.1545046e-16
1.0439228e-12
-1.1149706e-16
1.0439568e-12
-1.0699246e-16
1.0439895e-12
-1.0209491e-16
1.0440207e-12
-9.6936974e-17
1.0440503e-12
-9.1628929e-17
1.0440783e-12
-8.6261708e-17
1.0441048e-12
-8.0909552e-17
1.0441296e-12
-7.5632333e-17
1.0441528e-12
-7.0477599e-17
1.0441744e-12
-6.5482376e-17
1.0441945e-12
-6.0674744e-17
1.0442131e-12
-5.607522e-17
1.0442304e-12
-5.169796e-17
1.0442463e-12
-4.7551814e-17
1.0442609e-12
-4.3641229e-17
1.0442743e-12
-3.9967045e-17
1.0442866e-12
-3.6527169e-17
1.0442979e-12
-3.3317164e-17
1.0443081e-12
-3.0330743e-17
1.0443175e-12
-2.7560202e-17
1.044326e-12
-2.4996775e-17
1.0443337e-12
-2.2630944e-17
1.0443407e-12
-2.0452692e-17
1.044347e-12
-1.8451716e-17
1.0443527e-12
-1.6617601e-17
1.0443578e-12
-1.4939966e-17
1.0443624e-12
-1.3408577e-17
1.0443666e-12
-1.201344e-17
1.0443703e-12
-1.074487e-17
1.0443736e-12
-9.5935517e-18
1.0443766e-12
-8.5505698e-18
1.0443792e-12
-7.6074439e-18
1.0443816e-12
-6.7561412e-18
1.0443837e-12
-5.9890875e-18
1.0443855e-12
-5.2991664e-18
1.0443872e-12
-4.6797178e-18
1.0443886e-12
-4.1245262e-18
1.0443899e-12
-3.6278115e-18
1.044391e-12
-3.184211e-18
1.044392e-12
-2.788765e-18
1.0443929e-12
-2.436896e-18
1.0443937e-12
-2.1243908e-18
1.0443943e-12
-1.8473789e-18
1.0443949e-12
-1.602314e-18
1.0443954e-12
-1.3859516e-18
1.0443958e-12
-1.1953313e-18
1.0443962e-12
-1.0277547e-18
1.0443965e-12
-8.8076927e-19
1.0443968e-12
-7.5214738e-19
1.044397e-12
-6.3987119e-19
1.0443972e-12
-5.4211415e-19
1.0443974e-12
-4.5722686e-19
1.0443975e-12
-3.8372069e-19
1.0443977e-12
-3.2025526e-19
1.0443978e-12
-2.6562396e-19
1.0443979e-12
-2.1874305e-19
1.0443979e-12
-1.7863898e-19
1.044398e-12
-1.444391e-19
1.044398e-12
-1.1536063e-19
1.0443981e-12
-9.0702822e-20
1.0443981e-12
-6.9837491e-20
1.0443981e-12
-5.2202442e-20
1.0443981e-12
-3.7293457e-20
1.0443982e-12
-2.4658825e-20
1.0443982e-12
-1.389258e-20
1.0443982e-12
-4.6300615e-21
1.0443982e-12
3.4577803e-21
1.0443982e-12
1.0667913e-20
1.0443982e-12
1.7269999e-20
1.0443982e-12
2.3509132e-20
1.0443981e-12
2.9609821e-20
1.0443981e-12
3.5778015e-20
1.0443981e-12
4.2204446e-20
1.0443981e-12
4.9066002e-20
1.0443981e-12
5.6528552e-20
1.0443981e-12
6.4747712e-20
1.044398e-12
7.3871261e-20
1.044398e-12
8.4039354e-20
1.044398e-12
9.5386612e-20
1.0443979e-12
1.0804181e-19
1.0443979e-12
1.2212974e-19
1.0443978e-12
1.3777037e-19
1.0443978e-12
1.5508057e-19
1.0443977e-12
1.7417275e-19
1.0443976e-12
1.951565e-19
1.0443976e-12
2.1813678e-19
1.0443975e-12
2.4321546e-19
1.0443974e-12
2.7048908e-19
1.0443973e-12
3.0005037e-19
1.0443972e-12
3.3198561e-19
1.044397e-12
3.6637618e-19
1.0443969e-12
4.0329547e-19
1.0443967e-12
4.428106e-19
1.0443966e-12
4.8497901e-19
1.0443964e-12
5.2985021e-19
1.0443962e-12
5.7746227e-19
1.0443959e-12
6.2784373e-19
1.0443957e-12
6.8101001e-19
1.0443955e-12
7.3696577e-19
1.0443952e-12
7.9570139e-19
1.0443949e-12
8.57196e-19
1.0443946e-12
9.2141455e-19
1.0443942e-12
9.8831186e-19
1.0443938e-12
1.057831e-18
1.0443935e-12
1.1299093e-18
1.044393e-12
1.2044791e-18
1.0443926e-12
1.2814772e-18
1.0443921e-12
1.3608504e-18
1.0443916e-12
1.4425712e-18
1.0443911e-12
1.526652e-18
1.0443906e-12
1.6131722e-18
1.04439e-12
1.7023076e-18
1.0443894e-12
1.7943759e-18
1.0443887e-12
1.8898894e-18
1.044388e-12
1.9896235e-18
1.0443873e-12
2.0946822e-18
1.0443866e-12
2.2065436e-18
1.0443858e-12
2.3270279e-18
1.0443851e-12
2.4580642e-18
1.0443842e-12
2.6007633e-18
1.0443834e-12
2.7531563e-18
1.0443826e-12
2.9082326e-18
3.0637011e-18
3.3798313e-12
5.3687946e-13
3.4827572e-12
1.1458153e-12
3.5057244e-12
1.4036381e-12
3.4444542e-12
1.4370752e-12
3.3226618e-12
1.3521012e-12
3.1669945e-12
1.217092e-12
2.9980659e-12
1.0701126e-12
2.8292835e-12
9.2980464e-13
2.6683406e-12
8.0380984e-13
2.5190708e-12
6.9410085e-13
2.382936e-12
6.0001555e-13
2.2600426e-12
5.1985372e-13
2.1497821e-12
4.5165801e-13
2.0512106e-12
3.9356221e-13
1.9632651e-12
3.4392247e-13
1.88488e-12
3.0134613e-13
1.8150456e-12
2.6467652e-13
1.7528346e-12
2.32962e-13
1.6974099e-12
2.0542226e-13
1.6480236e-12
1.814173e-13
1.6040111e-12
1.6042079e-13
1.5647831e-12
1.4199815e-13
1.5298182e-12
1.2578876e-13
1.4986545e-12
1.1149179e-13
1.4708828e-12
9.8854796e-14
1.4461398e-12
8.7664752e-14
1.4241028e-12
7.7740839e-14
1.4044846e-12
6.8928717e-14
1.3870294e-12
6.1095932e-14
1.3715085e-12
5.4128223e-14
1.3577179e-12
4.7926541e-14
1.345475e-12
4.2404628e-14
1.3346162e-12
3.7487047e-14
1.324995e-12
3.3107566e-14
1.3164798e-12
2.9207828e-14
1.3089527e-12
2.5736248e-14
1.3023077e-12
2.2647096e-14
1.2964499e-12
1.989973e-14
1.2912938e-12
1.745795e-14
1.2867629e-12
1.5289447e-14
1.2827882e-12
1.3365343e-14
1.2793082e-12
1.1659789e-14
1.2762673e-12
1.014962e-14
1.2736159e-12
8.8140621e-15
1.2713097e-12
7.6344713e-15
1.2693087e-12
6.5941083e-15
1.2675773e-12
5.6779403e-15
1.2660837e-12
4.8724657e-15
1.2647995e-12
4.1655594e-15
1.2636993e-12
3.5463346e-15
1.2627604e-12
3.0050201e-15
1.2619629e-12
2.5328498e-15
1.2612888e-12
2.1219646e-15
1.2607222e-12
1.7653227e-15
1.2602492e-12
1.4566202e-15
1.2598572e-12
1.1902189e-15
1.2595353e-12
9.6108026e-16
1.2592738e-12
7.6470719e-16
1.2590641e-12
5.9708995e-16
1.2588988e-12
4.546579e-16
1.2587713e-12
3.3423553e-16
1.2586757e-12
2.3300264e-16
1.2586072e-12
1.4845826e-16
1.2585613e-12
7.8387922e-17
1.2585342e-12
2.0834062e-17
1.2585226e-12
-2.5930796e-17
1.2585238e-12
-6.3428308e-17
1.2585351e-12
-9.2996237e-17
1.2585547e-12
-1.1580827e-16
1.2585805e-12
-1.328919e-16
1.2586112e-12
-1.4514454e-16
1.2586455e-12
-1.5334805e-16
1.2586822e-12
-1.5818182e-16
1.2587205e-12
-1.6023448e-16
1.2587596e-12
-1.6001443e-16
1.2587989e-12
-1.5795933e-16
1.2588379e-12
-1.544445e-16
1.2588762e-12
-1.4979052e-16
1.2589134e-12
-1.4426993e-16
1.2589495e-12
-1.3811328e-16
1.258984e-12
-1.3151444e-16
1.2590171e-12
-1.2463539e-16
1.2590484e-12
-1.176104e-16
1.259078e-12
-1.1054977e-16
1.259106e-12
-1.0354312e-16
1.2591321e-12
-9.6662329e-17
1.2591566e-12
-8.9964022e-17
1.2591794e-12
-8.3491883e-17
1.2592006e-12
-7.727859e-17
1.2592203e-12
-7.1347541e-17
1.2592384e-12
-6.5714353e-17
1.2592552e-12
-6.0388171e-17
1.2592706e-12
-5.5372788e-17
1.2592847e-12
-5.0667632e-17
1.2592977e-12
-4.6268602e-17
1.2593095e-12
-4.2168791e-17
1.2593203e-12
-3.8359102e-17
1.2593302e-12
-3.4828775e-17
1.2593391e-12
-3.1565829e-17
1.2593472e-12
-2.8557434e-17
1.2593545e-12
-2.5790228e-17
1.2593612e-12
-2.3250571e-17
1.2593672e-12
-2.0924758e-17
1.2593725e-12
-1.8799197e-17
1.2593774e-12
-1.686054e-17
1.2593817e-12
-1.5095798e-17
1.2593856e-12
-1.3492423e-17
1.2593891e-12
-1.203837e-17
1.2593922e-12
-1.0722143e-17
1.259395e-12
-9.5328285e-18
1.2593975e-12
-8.4601055e-18
1.2593997e-12
-7.494259e-18
1.2594016e-12
-6.626176e-18
1.2594034e-12
-5.8473383e-18
1.2594049e-12
-5.149808e-18
1.2594062e-12
-4.5262109e-18
1.2594074e-12
-3.969714e-18
1.2594084e-12
-3.4740037e-18
1.2594094e-12
-3.0332593e-18
1.2594101e-12
-2.6421282e-18
1.2594108e-12
-2.2956977e-18
1.2594114e-12
-1.98947e-18
1.259412e-12
-1.719334e-18
1.2594124e-12
-1.4815404e-18
1.2594128e-12
-1.2726754e-18
1.2594132e-12
-1.089637e-18
1.2594134e-12
-9.2961045e-19
1.2594137e-12
-7.9004659e-19
1.2594139e-12
-6.6863967e-19
1.2594141e-12
-5.6330784e-19
1.2594142e-12
-4.7217331e-19
1.2594144e-12
-3.9354516e-19
1.2594145e-12
-3.2590187e-19
1.2594146e-12
-2.6787635e-19
1.2594146e-12
-2.1824077e-19
1.2594147e-12
-1.7589372e-19
1.2594147e-12
-1.3984706e-19
1.2594148e-12
-1.0921513e-19
1.2594148e-12
-8.3203478e-20
1.2594148e-12
-6.1099785e-20
1.2594149e-12
-4.22644e-20
1.2594149e-12
-2.6122751e-20
1.2594149e-12
-1.2157439e-20
1.2594149e-12
9.7986007e-23
1.2594149e-12
1.1065595e-20
1.2594149e-12
2.1128106e-20
1.2594149e-12
3.0634303e-20
1.2594149e-12
3.9902996e-20
1.2594148e-12
4.9227459e-20
1.2594148e-12
5.8878464e-20
1.2594148e-12
6.9107874e-20
1.2594148e-12
8.0150869e-20
1.2594148e-12
9.2228817e-20
1.2594147e-12
1.0555077e-19
1.2594147e-12
1.2031574e-19
1.2594146e-12
1.3671356e-19
1.2594146e-12
1.5492664e-19
1.2594145e-12
1.751302e-19
1.2594145e-12
1.9749367e-19
1.2594144e-12
2.2218035e-19
1.2594143e-12
2.4934845e-19
1.2594143e-12
2.7915023e-19
1.2594142e-12
3.1173281e-19
1.2594141e-12
3.4723678e-19
1.2594139e-12
3.8579679e-19
1.2594138e-12
4.275398e-19
1.2594137e-12
4.7258537e-19
1.2594135e-12
5.210436e-19
1.2594133e-12
5.7301534e-19
1.2594132e-12
6.285897e-19
1.259413e-12
6.8784431e-19
1.2594127e-12
7.508426e-19
1.2594125e-12
8.1763403e-19
1.2594122e-12
8.8825134e-19
1.259412e-12
9.62711e-19
1.2594117e-12
1.0410106e-18
1.2594113e-12
1.1231296e-18
1.259411e-12
1.2090274e-18
1.2594106e-12
1.2986449e-18
1.2594102e-12
1.3919034e-18
1.2594098e-12
1.4887079e-18
1.2594093e-12
1.5889483e-18
1.2594088e-12
1.6925047e-18
1.2594083e-12
1.7992525e-18
1.2594077e-12
1.9090729e-18
1.2594072e-12
2.0218633e-18
1.2594066e-12
2.1375561e-18
1.2594059e-12
2.2561381e-18
1.2594052e-12
2.3776804e-18
1.2594045e-12
2.5023695e-18
1.2594038e-12
2.6305448e-18
1.259403e-12
2.7627293e-18
1.2594022e-12
2.8996391e-18
1.2594014e-12
3.0421307e-18
1.2594005e-12
3.1910201e-18
1.2593996e-12
3.3466547e-18
1.2593987e-12
3.5078535e-18
1.2593978e-12
3.6697908e-18
1.2593969e-12
3.8222819e-18
3.9620187e-18
3.3559643e-12
4.5780798e-13
3.4586552e-12
1.0431244e-12
3.5151169e-12
1.3471765e-12
3.5059162e-12
1.4462758e-12
3.4390943e-12
1.4189231e-12
3.3319343e-12
1.324252e-12
3.2014196e-12
1.2006273e-12
3.0607862e-12
1.070438e-12
2.9191252e-12
9.4547087e-13
2.7821155e-12
8.3111048e-13
2.652973e-12
7.2915813e-13
2.5332681e-12
6.3955863e-13
2.4235338e-12
5.6139228e-13
2.3236818e-12
4.9341417e-13
2.2332741e-12
4.3433017e-13
2.1516937e-12
3.8292653e-13
2.0782489e-12
3.3812136e-13
2.0122346e-12
2.9897634e-13
1.952967e-12
2.6468983e-13
1.899802e-12
2.3458225e-13
1.8521435e-12
2.0807933e-13
1.8094456e-12
1.8469605e-13
1.7712122e-12
1.6402212e-13
1.7369945e-12
1.4570954e-13
1.7063871e-12
1.2946215e-13
1.679025e-12
1.1502686e-13
1.6545794e-12
1.0218648e-13
1.6327542e-12
9.0753857e-14
1.6132832e-12
8.056697e-14
1.5959264e-12
7.148499e-14
1.580468e-12
6.3385e-14
1.5667133e-12
5.6159299e-14
1.5544872e-12
4.9713177e-14
1.5436317e-12
4.3963068e-14
1.5340045e-12
3.8835013e-14
1.5254774e-12
3.4263368e-14
1.5179347e-12
3.0189729e-14
1.5112725e-12
2.6562016e-14
1.5053967e-12
2.3333699e-14
1.500223e-12
2.0463138e-14
1.4956753e-12
1.7913017e-14
1.4916853e-12
1.5649859e-14
1.4881913e-12
1.36436e-14
1.4851381e-12
1.1867223e-14
1.4824762e-12
1.0296439e-14
1.4801609e-12
8.9094042e-15
1.4781523e-12
7.6864687e-15
1.4764148e-12
6.6099593e-15
1.4749164e-12
5.6639821e-15
1.4736285e-12
4.8342475e-15
1.4725256e-12
4.1079139e-15
1.471585e-12
3.4734474e-15
1.4707865e-12
2.9204946e-15
1.470112e-12
2.4397692e-15
1.4695457e-12
2.0229489e-15
1.4690733e-12
1.6625816e-15
1.4686824e-12
1.3520019e-15
1.4683619e-12
1.0852537e-15
1.4681019e-12
8.5702141e-16
1.467894e-12
6.625665e-16
1.4677306e-12
4.9767058e-16
1.467605e-12
3.5858337e-16
1.4675115e-12
2.4197561e-16
1.467445e-12
1.448963e-16
1.4674011e-12
6.4733951e-17
1.467376e-12
-8.1856528e-19
1.4673664e-12
-5.3795845e-17
1.4673693e-12
-9.5988756e-17
1.4673825e-12
-1.2897048e-16
1.4674037e-12
-1.5412007e-16
1.4674312e-12
-1.7264365e-16
1.4674635e-12
-1.855936e-16
1.4674992e-12
-1.9388579e-16
1.4675373e-12
-1.9831506e-16
1.4675768e-12
-1.9956922e-16
1.4676171e-12
-1.9824147e-16
1.4676575e-12
-1.9484165e-16
1.4676975e-12
-1.8980626e-16
1.4677368e-12
-1.8350739e-16
1.4677749e-12
-1.7626069e-16
1.4678117e-12
-1.6833253e-16
1.467847e-12
-1.5994631e-16
1.4678807e-12
-1.5128802e-16
1.4679127e-12
-1.425113e-16
1.4679429e-12
-1.3374176e-16
1.4679713e-12
-1.2508092e-16
1.4679979e-12
-1.1660961e-16
1.4680228e-12
-1.0839099e-16
1.468046e-12
-1.0047317e-16
1.4680676e-12
-9.2891549e-17
1.4680875e-12
-8.56708e-17
1.468106e-12
-7.8826664e-17
1.468123e-12
-7.236745e-17
1.4681386e-12
-6.6295366e-17
1.4681529e-12
-6.0607657e-17
1.4681661e-12
-5.5297586e-17
1.4681781e-12
-5.0355274e-17
1.468189e-12
-4.5768415e-17
1.4681989e-12
-4.1522884e-17
1.468208e-12
-3.760325e-17
1.4682162e-12
-3.3993207e-17
1.4682236e-12
-3.0675932e-17
1.4682303e-12
-2.763438e-17
1.4682364e-12
-2.4851529e-17
1.4682418e-12
-2.2310571e-17
1.4682467e-12
-1.9995071e-17
1.4682511e-12
-1.7889091e-17
1.4682551e-12
-1.5977276e-17
1.4682586e-12
-1.4244928e-17
1.4682617e-12
-1.2678051e-17
1.4682645e-12
-1.1263382e-17
1.468267e-12
-9.9884052e-18
1.4682693e-12
-8.8413581e-18
1.4682712e-12
-7.8112244e-18
1.468273e-12
-6.8877215e-18
1.4682745e-12
-6.0612804e-18
1.4682758e-12
-5.3230222e-18
1.468277e-12
-4.66473e-18
1.4682781e-12
-4.0788192e-18
1.468279e-12
-3.5583048e-18
1.4682798e-12
-3.0967696e-18
1.4682805e-12
-2.6883298e-18
1.4682811e-12
-2.3276023e-18
1.4682816e-12
-2.0096718e-18
1.4682821e-12
-1.7300583e-18
1.4682825e-12
-1.484686e-18
1.4682828e-12
-1.2698535e-18
1.4682831e-12
-1.0822044e-18
1.4682834e-12
-9.1870062e-19
1.4682836e-12
-7.7659533e-19
1.4682838e-12
-6.5340927e-19
1.4682839e-12
-5.4690706e-19
1.468284e-12
-4.5507581e-19
1.4682842e-12
-3.7610462e-19
1.4682842e-12
-3.0836594e-19
1.4682843e-12
-2.5039783e-19
1.4682844e-12
-2.0088794e-19
1.4682844e-12
-1.5865831e-19
1.4682845e-12
-1.2265181e-19
1.4682845e-12
-9.1919185e-20
1.4682845e-12
-6.5607695e-20
1.4682845e-12
-4.2950241e-20
1.4682845e-12
-2.3255887e-20
1.4682846e-12
-5.9008497e-21
1.4682846e-12
9.6792936e-21
1.4682846e-12
2.3997026e-20
1.4682845e-12
3.751921e-20
1.4682845e-12
5.06731e-20
1.4682845e-12
6.3851376e-20
1.4682845e-12
7.7416968e-20
1.4682845e-12
9.1706944e-20
1.4682845e-12
1.0703632e-19
1.4682844e-12
1.2370093e-19
1.4682844e-12
1.4198038e-19
1.4682843e-12
1.6214005e-19
1.4682843e-12
1.8443322e-19
1.4682842e-12
2.0910237e-19
1.4682842e-12
2.3638063e-19
1.4682841e-12
2.6649237e-19
1.468284e-12
2.9965406e-19
1.4682839e-12
3.3607427e-19
1.4682838e-12
3.7595404e-19
1.4682837e-12
4.1948626e-19
1.4682836e-12
4.6685567e-19
1.4682835e-12
5.182377e-19
1.4682833e-12
5.7379808e-19
1.4682832e-12
6.3369128e-19
1.468283e-12
6.9805979e-19
1.4682828e-12
7.6703218e-19
1.4682826e-12
8.4072214e-19
1.4682824e-12
9.1922628e-19
1.4682821e-12
1.0026231e-18
1.4682818e-12
1.0909704e-18
1.4682815e-12
1.1843046e-18
1.4682812e-12
1.2826381e-18
1.4682809e-12
1.3859585e-18
1.4682805e-12
1.4942266e-18
1.4682801e-12
1.6073763e-18
1.4682797e-12
1.7253132e-18
1.4682792e-12
1.8479154e-18
1.4682787e-12
1.975034e-18
1.4682782e-12
2.1064958e-18
1.4682777e-12
2.2421061e-18
1.4682771e-12
2.3816549e-18
1.4682765e-12
2.5249235e-18
1.4682758e-12
2.6716959e-18
1.4682751e-12
2.8217709e-18
1.4682744e-12
2.9749791e-18
1.4682737e-12
3.1312001e-18
1.4682729e-12
3.2903807e-18
1.4682721e-12
3.452545e-18
1.4682712e-12
3.6177882e-18
1.4682703e-12
3.786226e-18
1.4682694e-12
3.9578623e-18
1.4682685e-12
4.1323141e-18
1.4682675e-12
4.3083032e-18
1.4682665e-12
4.4826339e-18
1.4682655e-12
4.6483595e-18
1.4682646e-12
4.793985e-18
4.9160041e-18
3.33796e-12
3.9674078e-13
3.4325982e-12
9.4848616e-13
3.50434e-12
1.2754347e-12
3.5285682e-12
1.4220475e-12
3.5033149e-12
1.4441764e-12
3.4376824e-12
1.3898845e-12
3.3439082e-12
1.2944015e-12
3.233322e-12
1.1810242e-12
3.1148696e-12
1.0639234e-12
2.9949615e-12
9.5101855e-13
2.8778607e-12
8.4625889e-13
2.7661995e-12
7.5121986e-13
2.6614517e-12
6.6614009e-13
2.5643065e-12
5.9055936e-13
2.4749422e-12
5.2369444e-13
2.3932178e-12
4.6465097e-13
2.3188024e-12
4.1253674e-13
2.2512613e-12
3.6651743e-13
2.1901111e-12
3.2584001e-13
2.1348548e-12
2.8983855e-13
2.0850031e-12
2.5793103e-13
2.0400871e-12
2.2961209e-13
1.9996649e-12
2.0444427e-13
1.9633252e-12
1.8204923e-13
1.9306879e-12
1.6209947e-13
1.9014037e-12
1.4431107e-13
1.8751529e-12
1.2843728e-13
1.8516437e-12
1.1426306e-13
1.8306103e-12
1.0160041e-13
1.8118108e-12
9.0284498e-14
1.7950254e-12
8.0170316e-14
1.7800548e-12
7.1129926e-14
1.7667179e-12
6.3050119e-14
1.7548505e-12
5.5830443e-14
1.744304e-12
4.9381544e-14
1.7349436e-12
4.3623757e-14
1.7266474e-12
3.8485909e-14
1.7193051e-12
3.3904297e-14
1.712817e-12
2.9821817e-14
1.7070929e-12
2.6187209e-14
1.7020515e-12
2.2954408e-14
1.6976194e-12
2.0081981e-14
1.6937304e-12
1.7532634e-14
1.6903248e-12
1.5272782e-14
1.6873491e-12
1.3272169e-14
1.684755e-12
1.1503537e-14
1.6824991e-12
9.9423248e-15
1.6805427e-12
8.5664056e-15
1.6788508e-12
7.3558513e-15
1.6773923e-12
6.2927207e-15
1.6761394e-12
5.3608695e-15
1.675067e-12
4.5457788e-15
1.6741531e-12
3.8344007e-15
1.6733779e-12
3.2150184e-15
1.6727237e-12
2.6771199e-15
1.672175e-12
2.2112824e-15
1.6717179e-12
1.8090688e-15
1.6713403e-12
1.4629322e-15
1.6710311e-12
1.1661306e-15
1.6707811e-12
9.1264758e-16
1.6705816e-12
6.97122e-16
1.6704254e-12
5.1478278e-16
1.670306e-12
3.6139015e-16
1.6702177e-12
2.3318223e-16
1.6701556e-12
1.2682645e-16
1.6701154e-12
3.9375507e-17
1.6700934e-12
-3.1772621e-17
1.6700863e-12
-8.891084e-17
1.6700914e-12
-1.3405573e-16
1.6701063e-12
-1.689772e-16
1.6701289e-12
-1.9522524e-16
1.6701574e-12
-2.1415408e-16
1.6701905e-12
-2.26944e-16
1.6702268e-12
-2.3462095e-16
1.6702653e-12
-2.3807411e-16
1.6703051e-12
-2.3807182e-16
1.6703455e-12
-2.352757e-16
1.670386e-12
-2.302534e-16
1.670426e-12
-2.2348998e-16
1.6704651e-12
-2.1539803e-16
1.6705031e-12
-2.0632675e-16
1.6705397e-12
-1.9656998e-16
1.6705748e-12
-1.8637338e-16
1.6706082e-12
-1.7594075e-16
1.6706399e-12
-1.6543968e-16
1.6706699e-12
-1.550065e-16
1.670698e-12
-1.4475068e-16
1.6707244e-12
-1.3475868e-16
1.670749e-12
-1.250973e-16
1.6707719e-12
-1.1581673e-16
1.6707932e-12
-1.0695308e-16
1.6708129e-12
-9.8530656e-17
1.6708311e-12
-9.0563957e-17
1.6708479e-12
-8.3059357e-17
1.6708633e-12
-7.6016593e-17
1.6708774e-12
-6.9430031e-17
1.6708904e-12
-6.3289762e-17
1.6709022e-12
-5.7582532e-17
1.6709129e-12
-5.2292538e-17
1.6709227e-12
-4.7402103e-17
1.6709316e-12
-4.2892234e-17
1.6709397e-12
-3.8743105e-17
1.670947e-12
-3.493444e-17
1.6709536e-12
-3.1445844e-17
1.6709595e-12
-2.8257062e-17
1.6709649e-12
-2.5348189e-17
1.6709697e-12
-2.2699838e-17
1.670974e-12
-2.0293268e-17
1.6709779e-12
-1.8110483e-17
1.6709813e-12
-1.6134297e-17
1.6709844e-12
-1.4348385e-17
1.6709872e-12
-1.2737306e-17
1.6709896e-12
-1.128652e-17
1.6709918e-12
-9.9823828e-18
1.6709937e-12
-8.8121379e-18
1.6709954e-12
-7.7638949e-18
1.6709969e-12
-6.8266038e-18
1.6709982e-12
-5.9900248e-18
1.6709994e-12
-5.2446927e-18
1.6710004e-12
-4.5818804e-18
1.6710013e-12
-3.9935596e-18
1.6710021e-12
-3.4723615e-18
1.6710028e-12
-3.0115364e-18
1.6710034e-12
-2.6049147e-18
1.6710039e-12
-2.246867e-18
1.6710044e-12
-1.9322669e-18
1.6710047e-12
-1.6564539e-18
1.6710051e-12
-1.415198e-18
1.6710054e-12
-1.2046661e-18
1.6710056e-12
-1.0213899e-18
1.6710058e-12
-8.6223542e-19
1.671006e-12
-7.243746e-19
1.6710062e-12
-6.0525817e-19
1.6710063e-12
-5.0259074e-19
1.6710064e-12
-4.1430718e-19
1.6710065e-12
-3.3855092e-19
1.6710065e-12
-2.7365362e-19
1.6710066e-12
-2.1811659e-19
1.6710067e-12
-1.7059341e-19
1.6710067e-12
-1.2987421e-19
1.6710067e-12
-9.4870929e-20
1.6710067e-12
-6.4604189e-20
1.6710068e-12
-3.8190961e-20
1.6710068e-12
-1.4833634e-20
1.6710068e-12
6.1901369e-21
1.6710068e-12
2.5536414e-20
1.6710068e-12
4.3803271e-20
1.6710067e-12
6.1538033e-20
1.6710067e-12
7.9243959e-20
1.6710067e-12
9.7385975e-20
1.6710067e-12
1.1639595e-19
1.6710067e-12
1.3667712e-19
1.6710066e-12
1.5860812e-19
1.6710066e-12
1.8254629e-19
1.6710065e-12
2.0883063e-19
1.6710065e-12
2.3778409e-19
1.6710064e-12
2.6971563e-19
1.6710064e-12
3.0492156e-19
1.6710063e-12
3.4368683e-19
1.6710062e-12
3.8628557e-19
1.6710061e-12
4.3298165e-19
1.671006e-12
4.8402851e-19
1.6710059e-12
5.396691e-19
1.6710057e-12
6.0013506e-19
1.6710056e-12
6.6564608e-19
1.6710054e-12
7.3640856e-19
1.6710052e-12
8.1261444e-19
1.671005e-12
8.9443941e-19
1.6710048e-12
9.8204133e-19
1.6710046e-12
1.075558e-18
1.6710043e-12
1.1751054e-18
1.6710041e-12
1.2807749e-18
1.6710038e-12
1.3926319e-18
1.6710034e-12
1.5107122e-18
1.6710031e-12
1.6350211e-18
1.6710027e-12
1.7655301e-18
1.6710023e-12
1.9021757e-18
1.6710019e-12
2.0448571e-18
1.6710014e-12
2.1934353e-18
1.6710009e-12
2.3477323e-18
1.6710004e-12
2.5075309e-18
1.6709998e-12
2.6725761e-18
1.6709992e-12
2.8425769e-18
1.6709986e-12
3.0172095e-18
1.6709979e-12
3.1961232e-18
1.6709972e-12
3.3789458e-18
1.6709964e-12
3.5652921e-18
1.6709957e-12
3.754771e-18
1.6709948e-12
3.9469917e-18
1.670994e-12
4.1415627e-18
1.6709931e-12
4.3380772e-18
1.6709922e-12
4.5360693e-18
1.6709912e-12
4.7349185e-18
1.6709903e-12
4.9336666e-18
1.6709893e-12
5.1306971e-18
1.6709882e-12
5.3232294e-18
1.6709872e-12
5.5064563e-18
1.6709862e-12
5.6721744e-18
1.6709852e-12
5.8082976e-18
5.9115826e-18
3.3248282e-12
3.4880539e-13
3.4092205e-12
8.6409383e-13
3.4859287e-12
1.1987265e-12
3.5303122e-12
1.377664e-12
3.5348687e-12
1.43962e-12
3.5026051e-12
1.422148e-12
3.4412418e-12
1.3557648e-12
3.3595103e-12
1.2627557e-12
3.2652721e-12
1.1581616e-12
3.1648211e-12
1.0514695e-12
3.0628227e-12
9.4825737e-13
2.96253e-12
8.5151255e-13
2.8660817e-12
7.6258834e-13
2.7747862e-12
6.8185493e-13
2.6893577e-12
6.091229e-13
2.6100999e-12
5.4390876e-13
2.5370408e-12
4.8559588e-13
2.4700296e-12
4.3352863e-13
2.4088049e-12
3.870647e-13
2.3530414e-12
3.4560202e-13
2.3023817e-12
3.0859076e-13
2.2564572e-12
2.7553662e-13
2.214902e-12
2.4599945e-13
2.1773617e-12
2.1958953e-13
2.1434984e-12
1.9596276e-13
2.1129938e-12
1.7481569e-13
2.0855504e-12
1.5588069e-13
2.0608919e-12
1.3892149e-13
2.0387631e-12
1.2372923e-13
2.0189287e-12
1.1011891e-13
2.0011726e-12
9.7926367e-14
1.985297e-12
8.7005602e-14
1.9711206e-12
7.7226525e-14
1.958478e-12
6.8472978e-14
1.9472185e-12
6.0641053e-14
1.9372046e-12
5.3637638e-14
1.9283114e-12
4.7379171e-14
1.9204251e-12
4.1790552e-14
1.9134427e-12
3.6804207e-14
1.9072707e-12
3.2359279e-14
1.9018242e-12
2.8400908e-14
1.8970265e-12
2.4879615e-14
1.8928084e-12
2.1750751e-14
1.8891072e-12
1.8974014e-14
1.8858663e-12
1.6513021e-14
1.8830349e-12
1.4334928e-14
1.8805672e-12
1.2410088e-14
1.8784218e-12
1.0711748e-14
1.8765619e-12
9.2157767e-15
1.8749542e-12
7.9004148e-15
1.873569e-12
6.7460569e-15
1.8723797e-12
5.7350486e-15
1.8713626e-12
4.8515042e-15
1.8704965e-12
4.0811425e-15
1.8697625e-12
3.4111357e-15
1.8691438e-12
2.8299731e-15
1.8686255e-12
2.327337e-15
1.8681945e-12
1.8939893e-15
1.867839e-12
1.521668e-15
1.8675486e-12
1.202994e-15
1.8673143e-12
9.313846e-16
1.8671282e-12
7.0097629e-16
1.866983e-12
5.0655326e-16
1.8668727e-12
3.4348303e-16
1.8667919e-12
2.0765767e-16
1.8667358e-12
9.5440435e-17
1.8667004e-12
3.6172685e-18
1.8666821e-12
-7.0647117e-17
1.8666779e-12
-1.2984911e-16
1.8666851e-12
-1.7618225e-16
1.8667015e-12
-2.1156986e-16
1.866725e-12
-2.3769454e-16
1.8667541e-12
-2.5602471e-16
1.8667873e-12
-2.6783856e-16
1.8668235e-12
-2.7424569e-16
1.8668616e-12
-2.762064e-16
1.8669009e-12
-2.7454914e-16
1.8669406e-12
-2.6998608e-16
1.8669803e-12
-2.6312707e-16
1.8670194e-12
-2.544921e-16
1.8670576e-12
-2.4452245e-16
1.8670946e-12
-2.3359056e-16
1.8671302e-12
-2.220089e-16
1.8671643e-12
-2.1003775e-16
1.8671968e-12
-1.9789216e-16
1.8672275e-12
-1.8574809e-16
1.8672565e-12
-1.7374782e-16
1.8672837e-12
-1.6200472e-16
1.8673093e-12
-1.5060747e-16
1.8673331e-12
-1.3962374e-16
1.8673552e-12
-1.291034e-16
1.8673758e-12
-1.1908134e-16
1.8673948e-12
-1.0957994e-16
1.8674123e-12
-1.0061119e-16
1.8674285e-12
-9.2178542e-17
1.8674433e-12
-8.4278484e-17
1.867457e-12
-7.6901933e-17
1.8674694e-12
-7.0035392e-17
1.8674808e-12
-6.3661959e-17
1.8674911e-12
-5.7762174e-17
1.8675006e-12
-5.2314732e-17
1.8675091e-12
-4.7297093e-17
1.8675169e-12
-4.2685977e-17
1.8675239e-12
-3.8457778e-17
1.8675302e-12
-3.4588907e-17
1.8675359e-12
-3.1056065e-17
1.8675411e-12
-2.7836458e-17
1.8675457e-12
-2.4907972e-17
1.8675498e-12
-2.2249299e-17
1.8675535e-12
-1.9840037e-17
1.8675568e-12
-1.7660755e-17
1.8675598e-12
-1.5693034e-17
1.8675624e-12
-1.3919493e-17
1.8675648e-12
-1.2323793e-17
1.8675668e-12
-1.0890629e-17
1.8675687e-12
-9.6057151e-18
1.8675703e-12
-8.4557543e-18
1.8675717e-12
-7.4284072e-18
1.867573e-12
-6.5122535e-18
1.8675741e-12
-5.6967498e-18
1.8675751e-12
-4.9721859e-18
1.867576e-12
-4.3296386e-18
1.8675767e-12
-3.7609262e-18
1.8675774e-12
-3.2585615e-18
1.8675779e-12
-2.8157065e-18
1.8675784e-12
-2.4261277e-18
1.8675789e-12
-2.0841526e-18
1.8675792e-12
-1.7846278e-18
1.8675795e-12
-1.522879e-18
1.8675798e-12
-1.294673e-18
1.8675801e-12
-1.0961809e-18
1.8675803e-12
-9.2394445e-19
1.8675804e-12
-7.7484363e-19
1.8675806e-12
-6.4606642e-19
1.8675807e-12
-5.3508072e-19
1.8675808e-12
-4.3960803e-19
1.8675809e-12
-3.5759912e-19
1.8675809e-12
-2.8721143e-19
1.867581e-12
-2.2678825e-19
1.867581e-12
-1.7483951e-19
1.8675811e-12
-1.3002419e-19
1.8675811e-12
-9.1134131e-20
1.8675811e-12
-5.7079326e-20
1.8675811e-12
-2.6874435e-20
1.8675811e-12
3.7335118e-22
1.8675811e-12
2.5475427e-20
1.8675811e-12
4.917167e-20
1.8675811e-12
7.2139455e-20
1.8675811e-12
9.5001594e-20
1.8675811e-12
1.1833353e-19
1.8675811e-12
1.4266958e-19
1.867581e-12
1.685085e-19
1.867581e-12
1.9631826e-19
1.8675809e-12
2.2654023e-19
1.8675809e-12
2.5959265e-19
1.8675808e-12
2.9587355e-19
1.8675808e-12
3.3576313e-19
1.8675807e-12
3.796256e-19
1.8675806e-12
4.2781047e-19
1.8675805e-12
4.8065356e-19
1.8675804e-12
5.3847728e-19
1.8675803e-12
6.0159086e-19
1.8675802e-12
6.7028978e-19
1.86758e-12
7.4485523e-19
1.8675799e-12
8.2555289e-19
1.8675797e-12
9.1263166e-19
1.8675795e-12
1.0063218e-18
1.8675793e-12
1.1068332e-18
1.867579e-12
1.2143528e-18
1.8675788e-12
1.3290423e-18
1.8675785e-12
1.4510356e-18
1.8675782e-12
1.5804358e-18
1.8675779e-12
1.7173123e-18
1.8675775e-12
1.861698e-18
1.8675772e-12
2.0135857e-18
1.8675768e-12
2.1729258e-18
1.8675763e-12
2.339623e-18
1.8675758e-12
2.5135338e-18
1.8675753e-12
2.6944642e-18
1.8675748e-12
2.8821675e-18
1.8675742e-12
3.0763435e-18
1.8675736e-12
3.2766371e-18
1.867573e-12
3.4826389e-18
1.8675723e-12
3.6938855e-18
1.8675716e-12
3.9098611e-18
1.8675709e-12
4.1299988e-18
1.8675701e-12
4.3536813e-18
1.8675692e-12
4.5802396e-18
1.8675684e-12
4.8089448e-18
1.8675675e-12
5.0389904e-18
1.8675666e-12
5.2694542e-18
1.8675656e-12
5.4992267e-18
1.8675646e-12
5.7268863e-18
1.8675636e-12
5.9504913e-18
1.8675625e-12
6.1672632e-18
1.8675615e-12
6.3731408e-18
1.8675604e-12
6.5621171e-18
1.8675594e-12
6.7252121e-18
1.8675583e-12
6.8504448e-18
6.9344634e-18
3.3152924e-12
3.1040575e-13
3.3896361e-12
7.8975019e-13
3.4658317e-12
1.1225309e-12
3.5214863e-12
1.3220094e-12
3.5465691e-12
1.4145372e-12
3.540009e-12
1.4287082e-12
3.5058153e-12
1.3899585e-12
3.4500931e-12
1.3184779e-12
3.3791869e-12
1.2290678e-12
3.2987326e-12
1.1319237e-12
3.2133026e-12
1.0336874e-12
3.1263793e-12
9.3843581e-13
3.0404833e-12
8.484843e-13
2.9573516e-12
7.6498667e-13
2.8781148e-12
6.8835967e-13
2.8034517e-12
6.1857192e-13
2.7337131e-12
5.5533449e-13
2.6690185e-12
4.9822322e-13
2.6093281e-12
4.4675508e-13
2.5544959e-12
4.0043425e-13
2.5043078e-12
3.5877883e-13
2.4585093e-12
3.2133507e-13
2.4168246e-12
2.876842e-13
2.3789696e-12
2.5744447e-13
2.3446617e-12
2.302707e-13
2.3136251e-12
2.0585226e-13
2.2855954e-12
1.8391046e-13
2.2603212e-12
1.6419559e-13
2.2375665e-12
1.4648402e-13
2.2171099e-12
1.3057544e-13
2.198746e-12
1.162903e-13
2.1822841e-12
1.0346752e-13
2.1675481e-12
9.1962446e-14
2.1543761e-12
8.1644994e-14
2.1426191e-12
7.2398088e-14
2.1321405e-12
6.4116227e-14
2.1228154e-12
5.6704253e-14
2.1145297e-12
5.0076261e-14
2.1071793e-12
4.4154643e-14
2.1006693e-12
3.8869247e-14
2.0949136e-12
3.4156627e-14
2.0898338e-12
2.9959387e-14
2.085359e-12
2.6225592e-14
2.0814247e-12
2.290825e-14
2.0779729e-12
1.996484e-14
2.074951e-12
1.7356897e-14
2.0723114e-12
1.5049634e-14
2.0700116e-12
1.3011604e-14
2.0680129e-12
1.1214396e-14
2.066281e-12
9.6323529e-15
2.0647847e-12
8.2423225e-15
2.0634963e-12
7.0234297e-15
2.062391e-12
5.9568672e-15
2.0614464e-12
5.0257063e-15
2.0606428e-12
4.2147241e-15
2.0599626e-12
3.5102458e-15
2.0593899e-12
2.9000006e-15
2.0589109e-12
2.3729904e-15
2.0585132e-12
1.9193698e-15
2.0581859e-12
1.530336e-15
2.0579192e-12
1.1980294e-15
2.0577047e-12
9.1544189e-16
2.057535e-12
6.7633381e-16
2.0574033e-12
4.7515787e-16
2.057304e-12
3.0699015e-16
2.0572319e-12
1.6746726e-16
2.0571828e-12
5.2729061e-17
2.0571528e-12
-4.063315e-17
2.0571386e-12
-1.1562382e-16
2.0571373e-12
-1.7488584e-16
2.0571465e-12
-2.2073913e-16
2.057164e-12
-2.552157e-16
2.057188e-12
-2.8009112e-16
2.0572171e-12
-2.9691306e-16
2.0572499e-12
-3.0702689e-16
2.0572853e-12
-3.1159879e-16
2.0573224e-12
-3.1163647e-16
2.0573604e-12
-3.0800775e-16
2.0573987e-12
-3.0145722e-16
2.0574369e-12
-2.9262115e-16
2.0574744e-12
-2.820408e-16
2.057511e-12
-2.7017425e-16
2.0575464e-12
-2.5740699e-16
2.0575804e-12
-2.4406131e-16
2.0576129e-12
-2.304046e-16
2.0576438e-12
-2.1665674e-16
2.057673e-12
-2.0299661e-16
2.0577006e-12
-1.8956784e-16
2.0577265e-12
-1.7648386e-16
2.0577507e-12
-1.6383239e-16
2.0577733e-12
-1.5167926e-16
2.0577943e-12
-1.4007188e-16
2.0578137e-12
-1.2904219e-16
2.0578317e-12
-1.1860923e-16
2.0578483e-12
-1.087814e-16
2.0578636e-12
-9.9558392e-17
2.0578776e-12
-9.0932853e-17
2.0578905e-12
-8.2891818e-17
2.0579023e-12
-7.5417938e-17
2.057913e-12
-6.8490521e-17
2.0579227e-12
-6.2086412e-17
2.0579316e-12
-5.6180736e-17
2.0579397e-12
-5.074752e-17
2.057947e-12
-4.5760206e-17
2.0579536e-12
-4.1192075e-17
2.0579596e-12
-3.701659e-17
2.0579649e-12
-3.3207678e-17
2.0579698e-12
-2.9739942e-17
2.0579741e-12
-2.6588832e-17
2.057978e-12
-2.3730773e-17
2.0579815e-12
-2.1143253e-17
2.0579846e-12
-1.8804888e-17
2.0579874e-12
-1.6695454e-17
2.0579898e-12
-1.4795904e-17
2.057992e-12
-1.3088369e-17
2.057994e-12
-1.1556139e-17
2.0579957e-12
-1.0183642e-17
2.0579972e-12
-8.9564047e-18
2.0579986e-12
-7.8610156e-18
2.0579998e-12
-6.8850779e-18
2.0580008e-12
-6.017161e-18
2.0580017e-12
-5.2467493e-18
2.0580025e-12
-4.5641904e-18
2.0580032e-12
-3.9606425e-18
2.0580039e-12
-3.4280223e-18
2.0580044e-12
-2.9589539e-18
2.0580049e-12
-2.5467191e-18
2.0580053e-12
-2.1852085e-18
2.0580056e-12
-1.8688761e-18
2.0580059e-12
-1.5926943e-18
2.0580062e-12
-1.3521119e-18
2.0580064e-12
-1.1430148e-18
2.0580066e-12
-9.616876e-19
2.0580067e-12
-8.0477926e-19
2.0580069e-12
-6.6926942e-19
2.058007e-12
-5.5243803e-19
2.0580071e-12
-4.518366e-19
2.0580071e-12
-3.6526178e-19
2.0580072e-12
-2.9073078e-19
2.0580073e-12
-2.2645884e-19
2.0580073e-12
-1.7083844e-19
2.0580073e-12
-1.2242027e-19
2.0580073e-12
-7.9895792e-20
2.0580074e-12
-4.2081397e-20
2.0580074e-12
-7.9039578e-21
2.0580074e-12
2.3612216e-20
2.0580074e-12
5.3357213e-20
2.0580074e-12
8.2146084e-20
2.0580073e-12
1.1072837e-19
2.0580073e-12
1.3979654e-19
2.0580073e-12
1.6999344e-19
2.0580073e-12
2.0191893e-19
2.0580072e-12
2.3613551e-19
2.0580072e-12
2.7317331e-19
2.0580071e-12
3.1353421e-19
2.0580071e-12
3.5769534e-19
2.058007e-12
4.0611188e-19
2.0580069e-12
4.5921922e-19
2.0580068e-12
5.1743459e-19
2.0580067e-12
5.8115812e-19
2.0580066e-12
6.5077332e-19
2.0580065e-12
7.2664713e-19
2.0580063e-12
8.0912954e-19
2.0580062e-12
8.9855259e-19
2.058006e-12
9.9522918e-19
2.0580058e-12
1.0994513e-18
2.0580056e-12
1.211488e-18
2.0580054e-12
1.3315831e-18
2.0580052e-12
1.4599521e-18
2.0580049e-12
1.5967796e-18
2.0580046e-12
1.7422158e-18
2.0580043e-12
1.8963731e-18
2.0580039e-12
2.0593223e-18
2.0580036e-12
2.2310889e-18
2.0580032e-12
2.4116494e-18
2.0580027e-12
2.6009269e-18
2.0580023e-12
2.7987875e-18
2.0580018e-12
3.0050368e-18
2.0580013e-12
3.2194157e-18
2.0580007e-12
3.4415972e-18
2.0580001e-12
3.6711836e-18
2.0579995e-12
3.907703e-18
2.0579988e-12
4.1506074e-18
2.0579981e-12
4.3992694e-18
2.0579974e-12
4.6529796e-18
2.0579966e-12
4.9109422e-18
2.0579958e-12
5.1722686e-18
2.0579949e-12
5.4359657e-18
2.057994e-12
5.7009164e-18
2.0579931e-12
5.965846e-18
2.0579921e-12
6.2292666e-18
2.0579911e-12
6.4893877e-18
2.0579901e-12
6.7439771e-18
2.0579891e-12
6.9901551e-18
2.057988e-12
7.2241057e-18
2.057987e-12
7.4407149e-18
2.0579859e-12
7.6331028e-18
2.0579848e-12
7.7919642e-18
2.0579838e-12
7.9055618e-18
7.9700586e-18
3.3083091e-12
2.7898941e-13
3.3736763e-12
7.2438307e-13
3.4466762e-12
1.0495309e-12
3.5078984e-12
1.2607872e-12
3.5466024e-12
1.3758332e-12
3.5592405e-12
1.41607e-12
3.5470446e-12
1.4021544e-12
3.513808e-12
1.3517146e-12
3.4642729e-12
1.2786028e-12
3.4031405e-12
1.1930562e-12
3.3345617e-12
1.1022663e-12
3.2619446e-12
1.0110529e-12
3.1879437e-12
9.2248519e-13
3.1145376e-12
8.3839275e-13
3.0431407e-12
7.5975661e-13
2.9747172e-12
6.8699539e-13
2.9098844e-12
6.2016731e-13
2.8489985e-12
5.5910916e-13
2.7922238e-12
5.0352972e-13
2.739587e-12
4.5307109e-13
2.6910177e-12
4.0734814e-13
2.6463797e-12
3.6597306e-13
2.6054938e-12
3.2857006e-13
2.5681547e-12
2.9478357e-13
2.534143e-12
2.642824e-13
2.5032341e-12
2.367612e-13
2.4752042e-12
2.1194034e-13
2.4498349e-12
1.8956495e-13
2.4269155e-12
1.6940336e-13
2.4062456e-12
1.5124534e-13
2.3876355e-12
1.3490038e-13
2.3709072e-12
1.2019582e-13
2.3558944e-12
1.0697528e-13
2.3424424e-12
9.509703e-14
2.3304078e-12
8.4432647e-14
2.3196584e-12
7.4865687e-14
2.3100721e-12
6.6290549e-14
2.3015369e-12
5.8611435e-14
2.2939501e-12
5.174142e-14
2.2872177e-12
4.5601617e-14
2.2812539e-12
4.0120426e-14
2.2759805e-12
3.5232867e-14
2.2713261e-12
3.0879973e-14
2.2672261e-12
2.7008243e-14
2.2636218e-12
2.3569154e-14
2.26046e-12
2.0518712e-14
2.2576925e-12
1.7817052e-14
2.2552761e-12
1.5428067e-14
2.2531714e-12
1.3319081e-14
2.2513432e-12
1.1460536e-14
2.2497598e-12
9.8257254e-15
2.2483927e-12
8.3905313e-15
2.2472164e-12
7.1331982e-15
2.246208e-12
6.0341196e-15
2.245347e-12
5.0756439e-15
2.2446154e-12
4.241897e-15
2.2439968e-12
3.5186192e-15
2.2434767e-12
2.8930169e-15
2.2430425e-12
2.3536256e-15
2.2426826e-12
1.8901852e-15
2.2423871e-12
1.493526e-15
2.2421471e-12
1.1554641e-15
2.2419548e-12
8.6870592e-16
2.2418031e-12
6.267614e-16
2.2416863e-12
4.2386428e-16
2.2415988e-12
2.5489985e-16
2.2415362e-12
1.1533904e-16
2.2414944e-12
1.1784238e-18
2.2414699e-12
-9.1114131e-17
2.2414597e-12
-1.6464893e-16
2.2414611e-12
-2.2215917e-16
2.2414719e-12
-2.6604149e-16
2.2414902e-12
-2.9839261e-16
2.2415144e-12
-3.2104235e-16
2.2415429e-12
-3.355835e-16
2.2415747e-12
-3.4339864e-16
2.2416088e-12
-3.4568429e-16
2.2416442e-12
-3.4347258e-16
2.2416804e-12
-3.3765068e-16
2.2417168e-12
-3.2897819e-16
2.2417528e-12
-3.181027e-16
2.2417882e-12
-3.0557364e-16
2.2418227e-12
-2.9185468e-16
2.241856e-12
-2.7733468e-16
2.2418879e-12
-2.6233748e-16
2.2419184e-12
-2.4713056e-16
2.2419473e-12
-2.3193267e-16
2.2419746e-12
-2.1692059e-16
2.2420004e-12
-2.0223511e-16
2.2420246e-12
-1.8798625e-16
2.2420471e-12
-1.7425785e-16
2.2420682e-12
-1.6111163e-16
2.2420877e-12
-1.4859064e-16
2.2421058e-12
-1.3672237e-16
2.2421226e-12
-1.2552139e-16
2.242138e-12
-1.1499163e-16
2.2421522e-12
-1.0512841e-16
2.2421652e-12
-9.5920096e-17
2.2421772e-12
-8.7349594e-17
2.2421881e-12
-7.9395586e-17
2.242198e-12
-7.2033587e-17
2.2422071e-12
-6.5236838e-17
2.2422153e-12
-5.8977055e-17
2.2422228e-12
-5.3225052e-17
2.2422295e-12
-4.7951259e-17
2.2422356e-12
-4.3126139e-17
2.2422411e-12
-3.872053e-17
2.2422461e-12
-3.4705918e-17
2.2422506e-12
-3.1054645e-17
2.2422546e-12
-2.7740071e-17
2.2422582e-12
-2.4736696e-17
2.2422614e-12
-2.2020236e-17
2.2422643e-12
-1.9567682e-17
2.2422668e-12
-1.7357322e-17
2.2422691e-12
-1.536875e-17
2.2422711e-12
-1.3582856e-17
2.2422729e-12
-1.1981805e-17
2.2422745e-12
-1.0548996e-17
2.2422759e-12
-9.2690303e-18
2.2422772e-12
-8.127653e-18
2.2422783e-12
-7.1117073e-18
2.2422792e-12
-6.2090761e-18
2.2422801e-12
-5.4086255e-18
2.2422808e-12
-4.7001461e-18
2.2422815e-12
-4.0742957e-18
2.242282e-12
-3.5225414e-18
2.2422825e-12
-3.037104e-18
2.2422829e-12
-2.6109033e-18
2.2422833e-12
-2.237506e-18
2.2422836e-12
-1.9110751e-18
2.2422839e-12
-1.6263228e-18
2.2422841e-12
-1.3784643e-18
2.2422843e-12
-1.1631755e-18
2.2422845e-12
-9.7655283e-19
2.2422847e-12
-8.1507509e-19
2.2422848e-12
-6.7556861e-19
2.2422849e-12
-5.5517429e-19
2.242285e-12
-4.5131717e-19
2.242285e-12
-3.6167827e-19
2.2422851e-12
-2.841686e-19
2.2422851e-12
-2.1690524e-19
2.2422852e-12
-1.5818933e-19
2.2422852e-12
-1.0648604e-19
2.2422852e-12
-6.04062e-20
2.2422852e-12
-1.8689638e-20
2.2422852e-12
1.980996e-20
2.2422852e-12
5.6138682e-20
2.2422852e-12
9.12547e-20
2.2422852e-12
1.2603925e-19
2.2422852e-12
1.6130644e-19
2.2422852e-12
1.9781195e-19
2.2422851e-12
2.3626061e-19
2.2422851e-12
2.7731307e-19
2.242285e-12
3.2159149e-19
2.242285e-12
3.6968439e-19
2.2422849e-12
4.2215071e-19
2.2422848e-12
4.7952301e-19
2.2422848e-12
5.4231006e-19
2.2422847e-12
6.1099867e-19
2.2422846e-12
6.8605494e-19
2.2422845e-12
7.6792479e-19
2.2422843e-12
8.5703408e-19
2.2422842e-12
9.5378798e-19
2.242284e-12
1.05857e-18
2.2422838e-12
1.1717405e-18
2.2422836e-12
1.2936345e-18
2.2422834e-12
1.4245594e-18
2.2422832e-12
1.564792e-18
2.2422829e-12
1.7145756e-18
2.2422827e-12
1.8741157e-18
2.2422824e-12
2.043577e-18
2.242282e-12
2.2230784e-18
2.2422817e-12
2.412689e-18
2.2422813e-12
2.6124233e-18
2.2422809e-12
2.8222364e-18
2.2422805e-12
3.0420188e-18
2.24228e-12
3.2715917e-18
2.2422795e-12
3.5107018e-18
2.2422789e-12
3.7590159e-18
2.2422784e-12
4.0161161e-18
2.2422777e-12
4.2814944e-18
2.2422771e-12
4.5545477e-18
2.2422764e-12
4.8345715e-18
2.2422757e-12
5.1207544e-18
2.2422749e-12
5.4121699e-18
2.2422741e-12
5.7077666e-18
2.2422733e-12
6.0063544e-18
2.2422724e-12
6.3065843e-18
2.2422715e-12
6.6069184e-18
2.2422706e-12
6.9055848e-18
2.2422696e-12
7.2005103e-18
2.2422686e-12
7.4892226e-18
2.2422676e-12
7.7687113e-18
2.2422665e-12
8.0352374e-18
2.2422655e-12
8.2840918e-18
2.2422644e-12
8.5093226e-18
2.2422634e-12
8.7034526e-18
2.2422623e-12
8.8570389e-18
2.2422612e-12
8.9586831e-18
9.0037252e-18
3.3031175e-12
2.5276468e-13
3.3607876e-12
6.6671297e-13
3.4294626e-12
9.8085601e-13
3.4927144e-12
1.1975353e-12
3.5400941e-12
1.3284536e-12
3.566722e-12
1.3894421e-12
3.5718954e-12
1.396981e-12
3.557539e-12
1.3660709e-12
3.5269115e-12
1.3092303e-12
3.4836941e-12
1.2362735e-12
3.4314346e-12
1.1545258e-12
3.3732589e-12
1.0692286e-12
3.3117613e-12
9.8398275e-13
3.2489998e-12
9.0115428e-13
3.1865453e-12
8.2221111e-13
3.1255538e-12
7.4798684e-13
3.0668423e-12
6.7887887e-13
3.0109585e-12
6.1499293e-13
2.9582423e-12
5.5624594e-13
2.9088754e-12
5.0243792e-13
2.8629224e-12
4.533012e-13
2.8203619e-12
4.0853357e-13
2.7811118e-12
3.6782014e-13
2.745048e-12
3.3084735e-13
2.7120187e-12
2.9731167e-13
2.6818553e-12
2.6692464e-13
2.6543801e-12
2.3941556e-13
2.6294124e-12
2.145326e-13
2.6067729e-12
1.9204289e-13
2.5862862e-12
1.71732e-13
2.5677835e-12
1.534031e-13
2.5511035e-12
1.3687585e-13
2.5360935e-12
1.2198531e-13
2.5226098e-12
1.0858073e-13
2.5105179e-12
9.6524477e-14
2.4996927e-12
8.569092e-14
2.4900178e-12
7.5965453e-14
2.4813857e-12
6.7243559e-14
2.4736971e-12
5.9429949e-14
2.466861e-12
5.243778e-14
2.4607935e-12
4.6187931e-14
2.455418e-12
4.0608349e-14
2.4506645e-12
3.5633446e-14
2.4464692e-12
3.1203546e-14
2.442774e-12
2.7264388e-14
2.439526e-12
2.3766661e-14
2.4366775e-12
2.0665588e-14
2.434185e-12
1.7920533e-14
2.4320094e-12
1.5494656e-14
2.4301154e-12
1.3354579e-14
2.428471e-12
1.1470094e-14
2.4270477e-12
9.8138853e-15
2.4258196e-12
8.3612787e-15
2.4247637e-12
7.0900094e-15
2.4238593e-12
5.980009e-15
2.423088e-12
5.0132094e-15
2.4224333e-12
4.1733629e-15
2.4218804e-12
3.4458768e-15
2.4214164e-12
2.8176618e-15
2.4210296e-12
2.276992e-15
2.4207097e-12
1.8133781e-15
2.4204477e-12
1.4174494e-15
2.4202356e-12
1.0808474e-15
2.4200662e-12
7.9612738e-16
2.4199334e-12
5.566689e-16
2.4198317e-12
3.565943e-16
2.4197564e-12
1.9069403e-16
2.4197032e-12
5.4358917e-17
2.4196686e-12
-5.6481584e-17
2.4196493e-12
-1.4541539e-16
2.4196428e-12
-2.1559866e-16
2.4196465e-12
-2.6980182e-16
2.4196586e-12
-3.1045127e-16
2.4196772e-12
-3.3966708e-16
2.4197009e-12
-3.5929692e-16
2.4197285e-12
-3.7094676e-16
2.4197588e-12
-3.7600838e-16
2.419791e-12
-3.7568419e-16
2.4198244e-12
-3.7100942e-16
2.4198583e-12
-3.6287207e-16
2.4198922e-12
-3.5203071e-16
2.4199258e-12
-3.3913036e-16
2.4199586e-12
-3.2471673e-16
2.4199905e-12
-3.0924882e-16
2.4200213e-12
-2.9311012e-16
2.4200508e-12
-2.7661862e-16
2.4200789e-12
-2.6003559e-16
2.4201056e-12
-2.4357338e-16
2.4201307e-12
-2.2740228e-16
2.4201544e-12
-2.1165659e-16
2.4201766e-12
-1.9643991e-16
2.4201973e-12
-1.8182983e-16
2.4202166e-12
-1.6788196e-16
2.4202345e-12
-1.5463348e-16
2.4202511e-12
-1.4210628e-16
2.4202664e-12
-1.3030955e-16
2.4202805e-12
-1.1924217e-16
2.4202935e-12
-1.0889466e-16
2.4203054e-12
-9.9250886e-17
2.4203163e-12
-9.0289534e-17
2.4203262e-12
-8.198535e-17
2.4203353e-12
-7.4310183e-17
2.4203436e-12
-6.7233875e-17
2.4203511e-12
-6.0724997e-17
2.4203579e-12
-5.4751459e-17
2.420364e-12
-4.9281017e-17
2.4203696e-12
-4.4281679e-17
2.4203746e-12
-3.9722034e-17
2.4203791e-12
-3.5571509e-17
2.4203832e-12
-3.1800569e-17
2.4203868e-12
-2.8380866e-17
2.4203901e-12
-2.5285345e-17
2.420393e-12
-2.2488313e-17
2.4203956e-12
-1.9965484e-17
2.4203979e-12
-1.7693994e-17
2.4204e-12
-1.5652396e-17
2.4204018e-12
-1.3820644e-17
2.4204035e-12
-1.2180058e-17
2.4204049e-12
-1.0713284e-17
2.4204062e-12
-9.4042426e-18
2.4204073e-12
-8.2380741e-18
2.4204083e-12
-7.2010792e-18
2.4204092e-12
-6.2806571e-18
2.4204099e-12
-5.4652424e-18
2.4204106e-12
-4.7442417e-18
2.4204112e-12
-4.1079708e-18
2.4204117e-12
-3.5475931e-18
2.4204122e-12
-3.0550589e-18
2.4204125e-12
-2.6230479e-18
2.4204129e-12
-2.2449129e-18
2.4204132e-12
-1.9146268e-18
2.4204134e-12
-1.6267318e-18
2.4204136e-12
-1.3762916e-18
2.4204138e-12
-1.1588462e-18
2.420414e-12
-9.7036956e-19
2.4204141e-12
-8.072301e-19
2.4204142e-12
-6.6615362e-19
2.4204143e-12
-5.4418911e-19
2.4204144e-12
-4.3867695e-19
2.4204144e-12
-3.4721952e-19
2.4204145e-12
-2.6765417e-19
2.4204145e-12
-1.9802839e-19
2.4204146e-12
-1.3657704e-19
2.4204146e-12
-8.1701559e-20
2.4204146e-12
-3.1951085e-20
2.4204146e-12
1.3994728e-20
2.4204146e-12
5.7341227e-20
2.4204146e-12
9.9192697e-20
2.4204146e-12
1.405649e-19
2.4204146e-12
1.8239618e-19
2.4204145e-12
2.2555741e-19
2.4204145e-12
2.7086059e-19
2.4204145e-12
3.1906646e-19
2.4204144e-12
3.7089098e-19
2.4204143e-12
4.2701088e-19
2.4204143e-12
4.880682e-19
2.4204142e-12
5.5467407e-19
2.4204141e-12
6.2741154e-19
2.420414e-12
7.0683777e-19
2.4204139e-12
7.9348531e-19
2.4204138e-12
8.8786286e-19
2.4204137e-12
9.9045522e-19
2.4204135e-12
1.1017227e-18
2.4204134e-12
1.2221e-18
2.4204132e-12
1.3519942e-18
2.420413e-12
1.4917825e-18
2.4204128e-12
1.6418096e-18
2.4204125e-12
1.8023843e-18
2.4204123e-12
1.9737753e-18
2.420412e-12
2.1562076e-18
2.4204117e-12
2.3498575e-18
2.4204113e-12
2.5548481e-18
2.420411e-12
2.7712433e-18
2.4204106e-12
2.9990428e-18
2.4204102e-12
3.2381759e-18
2.4204097e-12
3.4884958e-18
2.4204093e-12
3.7497728e-18
2.4204087e-12
4.0216879e-18
2.4204082e-12
4.3038262e-18
2.4204076e-12
4.5956698e-18
2.420407e-12
4.8965903e-18
2.4204063e-12
5.2058409e-18
2.4204057e-12
5.5225476e-18
2.4204049e-12
5.8456993e-18
2.4204042e-12
6.1741354e-18
2.4204034e-12
6.5065303e-18
2.4204025e-12
6.8413735e-18
2.4204017e-12
7.1769418e-18
2.4204008e-12
7.5112618e-18
2.4203998e-12
7.8420565e-18
2.4203989e-12
8.1666735e-18
2.4203979e-12
8.4819857e-18
2.4203969e-12
8.7842612e-18
2.4203958e-12
9.0690004e-18
2.4203948e-12
9.3307447e-18
2.4203937e-12
9.5628857e-18
2.4203927e-12
9.7575186e-18
2.4203916e-12
9.9052247e-18
2.4203906e-12
9.9949728e-18
1.0020699e-17
3.2991882e-12
2.3046932e-13
3.3503769e-12
6.1552423e-13
3.4144277e-12
9.1680519e-13
3.4775902e-12
1.1343728e-12
3.5301961e-12
1.2758477e-12
3.5667936e-12
1.3528446e-12
3.5854222e-12
1.3783525e-12
3.5865867e-12
1.3649064e-12
3.5722769e-12
1.3235401e-12
3.5451925e-12
1.263358e-12
3.5082071e-12
1.1915112e-12
3.4640421e-12
1.1133936e-12
3.4150952e-12
1.0329297e-12
3.3633753e-12
9.5287421e-13
3.3105003e-12
8.7508612e-13
3.2577297e-12
8.0075742e-13
3.2060124e-12
7.3059615e-13
3.1560382e-12
6.6496716e-13
3.1082866e-12
6.039975e-13
3.0630708e-12
5.4765378e-13
3.020574e-12
4.9579795e-13
2.9808807e-12
4.4822686e-13
2.9440009e-12
4.0469994e-13
2.90989e-12
3.6495831e-13
2.878464e-12
3.2873762e-13
2.8496121e-12
2.9577653e-13
2.8232054e-12
2.6582222e-13
2.7991045e-12
2.386336e-13
2.7771642e-12
2.1398319e-13
2.7572382e-12
1.9165797e-13
2.7391818e-12
1.7145953e-13
2.7228538e-12
1.5320385e-13
2.7081183e-12
1.3672077e-13
2.6948457e-12
1.2185335e-13
2.6829131e-12
1.0845708e-13
2.6722049e-12
9.6399125e-14
2.6626128e-12
8.5557519e-14
2.654036e-12
7.5820393e-14
2.6463807e-12
6.7085242e-14
2.6395602e-12
5.9258223e-14
2.6334947e-12
5.225349e-14
2.6281105e-12
4.5992581e-14
2.6233401e-12
4.0403838e-14
2.6191217e-12
3.5421872e-14
2.6153991e-12
3.0987065e-14
2.6121206e-12
2.704511e-14
2.6092396e-12
2.3546579e-14
2.6067136e-12
2.044653e-14
2.6045041e-12
1.7704137e-14
2.6025764e-12
1.5282353e-14
2.6008989e-12
1.3147593e-14
2.5994433e-12
1.1269446e-14
2.5981842e-12
9.6204004e-15
2.5970986e-12
8.1756031e-15
2.596166e-12
6.9126238e-15
2.5953679e-12
5.8112453e-15
2.594688e-12
4.8532677e-15
2.5941116e-12
4.0223281e-15
2.5936255e-12
3.3037345e-15
2.5932182e-12
2.6843131e-15
2.5928793e-12
2.1522678e-15
2.5925997e-12
1.6970514e-15
2.5923713e-12
1.3092471e-15
2.592187e-12
9.8046035e-16
2.5920404e-12
7.0321947e-16
2.5919261e-12
4.7088511e-16
2.5918393e-12
2.7756741e-16
2.5917756e-12
1.1805057e-16
2.5917314e-12
-1.227588e-17
2.5917034e-12
-1.1747962e-16
2.591689e-12
-2.0114227e-16
2.5916856e-12
-2.6641089e-16
2.5916912e-12
-3.1604466e-16
2.591704e-12
-3.5245699e-16
2.5917224e-12
-3.7775368e-16
2.5917452e-12
-3.937673e-16
2.5917713e-12
-4.0208809e-16
2.5917997e-12
-4.0409186e-16
2.5918297e-12
-4.0096493e-16
2.5918605e-12
-3.9372661e-16
2.5918918e-12
-3.8324922e-16
2.5919229e-12
-3.7027604e-16
2.5919536e-12
-3.5543734e-16
2.5919836e-12
-3.392646e-16
2.5920127e-12
-3.2220322e-16
2.5920407e-12
-3.0462379e-16
2.5920675e-12
-2.8683202e-16
2.592093e-12
-2.6907764e-16
2.5921172e-12
-2.5156213e-16
2.59214e-12
-2.3444561e-16
2.5921614e-12
-2.178529e-16
2.5921814e-12
-2.0187875e-16
2.5922002e-12
-1.8659255e-16
2.5922176e-12
-1.7204231e-16
2.5922337e-12
-1.5825821e-16
2.5922487e-12
-1.4525568e-16
2.5922625e-12
-1.3303797e-16
2.5922752e-12
-1.2159854e-16
2.5922868e-12
-1.109229e-16
2.5922975e-12
-1.009904e-16
2.5923073e-12
-9.1775577e-17
2.5923163e-12
-8.3249409e-17
2.5923244e-12
-7.5380331e-17
2.5923318e-12
-6.8135092e-17
2.5923385e-12
-6.1479463e-17
2.5923446e-12
-5.5378831e-17
2.5923502e-12
-4.979868e-17
2.5923551e-12
-4.4704972e-17
2.5923596e-12
-4.0064464e-17
2.5923637e-12
-3.5844941e-17
2.5923673e-12
-3.2015399e-17
2.5923706e-12
-2.8546181e-17
2.5923735e-12
-2.5409066e-17
2.5923761e-12
-2.2577325e-17
2.5923784e-12
-2.0025753e-17
2.5923805e-12
-1.7730671e-17
2.5923824e-12
-1.5669913e-17
2.592384e-12
-1.38228e-17
2.5923855e-12
-1.2170093e-17
2.5923868e-12
-1.0693949e-17
2.5923879e-12
-9.3778565e-18
2.5923889e-12
-8.2065812e-18
2.5923898e-12
-7.1660949e-18
2.5923906e-12
-6.2435099e-18
2.5923913e-12
-5.4270112e-18
2.5923919e-12
-4.7057881e-18
2.5923924e-12
-4.0699675e-18
2.5923928e-12
-3.5105484e-18
2.5923932e-12
-3.0193383e-18
2.5923936e-12
-2.5888922e-18
2.5923939e-12
-2.2124544e-18
2.5923941e-12
-1.8839025e-18
2.5923943e-12
-1.5976947e-18
2.5923945e-12
-1.3488204e-18
2.5923947e-12
-1.1327529e-18
2.5923948e-12
-9.4540607e-19
2.592395e-12
-7.8309317e-19
2.5923951e-12
-6.4248895e-19
2.5923951e-12
-5.2059439e-19
2.5923952e-12
-4.1470399e-19
2.5923953e-12
-3.2237582e-19
2.5923953e-12
-2.4140373e-19
2.5923953e-12
-1.6979215e-19
2.5923954e-12
-1.057328e-19
2.5923954e-12
-4.7583685e-20
2.5923954e-12
6.1501401e-21
2.5923954e-12
5.6833829e-20
2.5923954e-12
1.0571839e-19
2.5923954e-12
1.5395466e-19
2.5923953e-12
2.0260578e-19
2.5923953e-12
2.5265825e-19
2.5923953e-12
3.0503168e-19
2.5923952e-12
3.6058717e-19
2.5923952e-12
4.201347e-19
2.5923951e-12
4.8443927e-19
2.5923951e-12
5.5422604e-19
2.592395e-12
6.301845e-19
2.5923949e-12
7.1297176e-19
2.5923948e-12
8.0321481e-19
2.5923947e-12
9.0151215e-19
2.5923946e-12
1.0084345e-18
2.5923944e-12
1.1245248e-18
2.5923943e-12
1.2502974e-18
2.5923941e-12
1.3862369e-18
2.592394e-12
1.5327959e-18
2.5923938e-12
1.6903924e-18
2.5923935e-12
1.8594065e-18
2.5923933e-12
2.0401769e-18
2.592393e-12
2.232996e-18
2.5923928e-12
2.4381057e-18
2.5923924e-12
2.6556917e-18
2.5923921e-12
2.8858779e-18
2.5923918e-12
3.1287202e-18
2.5923914e-12
3.3842e-18
2.592391e-12
3.6522172e-18
2.5923905e-12
3.9325828e-18
2.59239e-12
4.2250116e-18
2.5923895e-12
4.5291136e-18
2.592389e-12
4.8443862e-18
2.5923884e-12
5.1702044e-18
2.5923878e-12
5.5058118e-18
2.5923872e-12
5.8503098e-18
2.5923865e-12
6.2026455e-18
2.5923858e-12
6.5615982e-18
2.592385e-12
6.9257631e-18
2.5923842e-12
7.2935307e-18
2.5923834e-12
7.6630619e-18
2.5923826e-12
8.0322544e-18
2.5923817e-12
8.3987e-18
2.5923807e-12
8.7596279e-18
2.5923798e-12
9.1118312e-18
2.5923788e-12
9.4515737e-18
2.5923778e-12
9.7744748e-18
2.5923768e-12
1.0075376e-17
2.5923758e-12
1.03482e-17
2.5923748e-12
1.0585823e-17
2.5923738e-12
1.0780066e-17
2.5923728e-12
1.092159e-17
2.5923718e-12
1.0999547e-17
1.1006459e-17
3.2961588e-12
2.112033e-13
3.3419261e-12
5.6975691e-13
3.4014744e-12
8.5725692e-13
3.4633351e-12
1.0725121e-12
3.5188104e-12
1.2203724e-12
3.5623502e-12
1.3093047e-12
3.5912413e-12
1.3494614e-12
3.6049639e-12
1.3511838e-12
3.6044818e-12
1.3240222e-12
3.5916183e-12
1.2762215e-12
3.5685787e-12
1.2145508e-12
3.5376237e-12
1.1443486e-12
3.5008702e-12
1.0696832e-12
3.4601854e-12
9.9355898e-13
3.4171469e-12
9.181246e-13
3.3730417e-12
8.4486266e-13
3.3288879e-12
7.747499e-13
3.2854678e-12
7.0838725e-13
3.2433633e-12
6.4610205e-13
3.2029907e-12
5.8802637e-13
3.1646327e-12
5.3415597e-13
3.1284656e-12
4.8439398e-13
3.0945826e-12
4.385829e-13
3.0630133e-12
3.9652761e-13
3.033739e-12
3.5801188e-13
3.0067057e-12
3.2280992e-13
2.9818335e-12
2.9069437e-13
2.9590253e-12
2.6144177e-13
2.9381725e-12
2.3483604e-13
2.9191596e-12
2.1067081e-13
2.9018685e-12
1.8875068e-13
2.8861805e-12
1.6889182e-13
2.871979e-12
1.5092228e-13
2.8591506e-12
1.3468175e-13
2.8475864e-12
1.2002133e-13
2.8371824e-12
1.0680306e-13
2.8278406e-12
9.4899379e-14
2.8194684e-12
8.4192592e-14
2.8119793e-12
7.4574257e-14
2.8052929e-12
6.5944621e-14
2.7993344e-12
5.821204e-14
2.7940346e-12
5.1292429e-14
2.7893297e-12
4.5108731e-14
2.7851611e-12
3.9590412e-14
2.7814752e-12
3.4672983e-14
2.7782228e-12
3.0297549e-14
2.775359e-12
2.6410385e-14
2.772843e-12
2.2962537e-14
2.7706376e-12
1.9909454e-14
2.7687094e-12
1.7210631e-14
2.7670277e-12
1.4829294e-14
2.765565e-12
1.273209e-14
2.7642966e-12
1.0888809e-14
2.7632001e-12
9.2721189e-15
2.7622554e-12
7.8573264e-15
2.7614445e-12
6.6221474e-15
2.7607513e-12
5.5464994e-15
2.7601613e-12
4.6123087e-15
2.7596617e-12
3.8033308e-15
2.759241e-12
3.1049862e-15
2.7588891e-12
2.5042079e-15
2.7585968e-12
1.9893019e-15
2.7583562e-12
1.5498183e-15
2.7581603e-12
1.1764336e-15
2.7580026e-12
8.6084222e-16
2.7578779e-12
5.9565731e-16
2.7577811e-12
3.7432042e-16
2.7577082e-12
1.9101861e-16
2.7576553e-12
4.0609061e-17
2.7576192e-12
-8.1449638e-17
2.7575973e-12
-1.7915992e-16
2.7575869e-12
-2.5604194e-16
2.757586e-12
-3.15185e-16
2.7575929e-12
-3.592941e-16
2.7576058e-12
-3.90732e-16
2.7576236e-12
-4.1155722e-16
2.7576451e-12
-4.235583e-16
2.7576693e-12
-4.282846e-16
2.7576954e-12
-4.27074e-16
2.7577228e-12
-4.2107777e-16
2.7577508e-12
-4.1128285e-16
2.757779e-12
-3.9853175e-16
2.7578071e-12
-3.8354033e-16
2.7578348e-12
-3.6691371e-16
2.7578618e-12
-3.4916034e-16
2.7578878e-12
-3.3070458e-16
2.7579129e-12
-3.1189777e-16
2.7579368e-12
-2.9302818e-16
2.7579596e-12
-2.7432959e-16
2.7579812e-12
-2.5598907e-16
2.7580015e-12
-2.3815367e-16
2.7580205e-12
-2.2093636e-16
2.7580383e-12
-2.0442124e-16
2.758055e-12
-1.8866808e-16
2.7580704e-12
-1.7371623e-16
2.7580848e-12
-1.5958813e-16
2.758098e-12
-1.4629221e-16
2.7581102e-12
-1.3382552e-16
2.7581215e-12
-1.2217595e-16
2.7581318e-12
-1.1132406e-16
2.7581413e-12
-1.0124478e-16
2.75815e-12
-9.1908732e-17
2.7581579e-12
-8.3283438e-17
2.7581651e-12
-7.5334262e-17
2.7581716e-12
-6.8025247e-17
2.7581775e-12
-6.1319785e-17
2.7581829e-12
-5.5181174e-17
2.7581878e-12
-4.9573066e-17
2.7581922e-12
-4.4459827e-17
2.7581962e-12
-3.9806821e-17
2.7581997e-12
-3.5580624e-17
2.7582029e-12
-3.1749186e-17
2.7582058e-12
-2.8281949e-17
2.7582084e-12
-2.5149913e-17
2.7582107e-12
-2.2325688e-17
2.7582127e-12
-1.9783502e-17
2.7582146e-12
-1.7499196e-17
2.7582162e-12
-1.54502e-17
2.7582176e-12
-1.3615493e-17
2.7582189e-12
-1.1975556e-17
2.75822e-12
-1.0512308e-17
2.758221e-12
-9.2090477e-18
2.7582219e-12
-8.0503833e-18
2.7582227e-12
-7.0221604e-18
2.7582234e-12
-6.1113913e-18
2.758224e-12
-5.3061822e-18
2.7582245e-12
-4.5956616e-18
2.758225e-12
-3.9699105e-18
2.7582254e-12
-3.4198936e-18
2.7582257e-12
-2.9373939e-18
2.758226e-12
-2.5149492e-18
2.7582263e-12
-2.145792e-18
2.7582265e-12
-1.8237921e-18
2.7582267e-12
-1.5434026e-18
2.7582269e-12
-1.299609e-18
2.758227e-12
-1.0878814e-18
2.7582271e-12
-9.0412987e-19
2.7582272e-12
-7.4466298e-19
2.7582273e-12
-6.0614915e-19
2.7582274e-12
-4.8558094e-19
2.7582275e-12
-3.8024209e-19
2.7582275e-12
-2.8767721e-19
2.7582275e-12
-2.0566389e-19
2.7582276e-12
-1.3218735e-19
2.7582276e-12
-6.541715e-20
2.7582276e-12
-3.6861693e-21
2.7582276e-12
5.4528501e-20
2.7582276e-12
1.1062272e-19
2.7582276e-12
1.6588072e-19
2.7582276e-12
2.214889e-19
2.7582275e-12
2.7854795e-19
2.7582275e-12
3.3808364e-19
2.7582275e-12
4.0105614e-19
2.7582274e-12
4.6836805e-19
2.7582274e-12
5.408713e-19
2.7582273e-12
6.1937275e-19
2.7582272e-12
7.0463884e-19
2.7582271e-12
7.9739917e-19
2.758227e-12
8.9834907e-19
2.7582269e-12
1.0081513e-18
2.7582268e-12
1.1274369e-18
2.7582267e-12
1.2568051e-18
2.7582265e-12
1.3968225e-18
2.7582264e-12
1.5480216e-18
2.7582262e-12
1.7108985e-18
2.758226e-12
1.8859095e-18
2.7582258e-12
2.0734684e-18
2.7582255e-12
2.273941e-18
2.7582253e-12
2.4876413e-18
2.758225e-12
2.7148253e-18
2.7582247e-12
2.9556855e-18
2.7582244e-12
3.210344e-18
2.758224e-12
3.4788458e-18
2.7582237e-12
3.7611507e-18
2.7582233e-12
4.057126e-18
2.7582228e-12
4.3665374e-18
2.7582224e-12
4.6890403e-18
2.7582219e-12
5.0241702e-18
2.7582213e-12
5.3713323e-18
2.7582208e-12
5.7297905e-18
2.7582202e-12
6.0986559e-18
2.7582196e-12
6.4768733e-18
2.7582189e-12
6.8632064e-18
2.7582182e-12
7.2562212e-18
2.7582175e-12
7.6542653e-18
2.7582167e-12
8.0554445e-18
2.7582159e-12
8.4575928e-18
2.7582151e-12
8.8582359e-18
2.7582142e-12
9.2545453e-18
2.7582134e-12
9.6432812e-18
2.7582124e-12
1.0020722e-17
2.7582115e-12
1.038258e-17
2.7582106e-12
1.0723904e-17
2.7582096e-12
1.1038977e-17
2.7582086e-12
1.1321217e-17
2.7582077e-12
1.1563108e-17
2.7582067e-12
1.1756259e-17
2.7582057e-12
1.1891425e-17
2.7582047e-12
1.1958058e-17
1.1946615e-17
3.2937818e-12
1.9431427e-13
3.3350169e-12
5.285218e-13
3.3903791e-12
8.0189473e-13
3.4502933e-12
1.012598e-12
3.5070572e-12
1.1636085e-12
3.5552997e-12
1.2610622e-12
3.5919117e-12
1.3128494e-12
3.6156705e-12
1.327425e-12
3.6267463e-12
1.3129464e-12
3.6262197e-12
1.2767481e-12
3.6156787e-12
1.2250918e-12
3.5969164e-12
1.1631108e-12
3.5717258e-12
1.0948739e-12
3.541773e-12
1.0235118e-12
3.5085309e-12
9.5136673e-13
3.4732526e-12
8.8014093e-13
3.4369719e-12
8.1103061e-13
3.400518e-12
7.4484116e-13
3.3645384e-12
6.8208166e-13
3.3295242e-12
6.2304051e-13
3.2958356e-12
5.6784463e-13
3.2637245e-12
5.1650503e-13
3.2333561e-12
4.6895136e-13
3.2048258e-12
4.2505785e-13
3.1781751e-12
3.8466256e-13
3.1534035e-12
3.4758153e-13
3.1304789e-12
3.1361897e-13
3.109346e-12
2.8257472e-13
3.0899327e-12
2.5424935e-13
3.0721556e-12
2.2844783e-13
3.0559244e-12
2.0498192e-13
3.0411445e-12
1.8367173e-13
3.0277201e-12
1.6434667e-13
3.0155559e-12
1.4684595e-13
3.0045585e-12
1.3101869e-13
2.9946376e-12
1.1672395e-13
2.9857066e-12
1.038304e-13
2.9776831e-12
9.2216106e-14
2.9704893e-12
8.1768062e-14
2.9640521e-12
7.2381786e-14
2.9583033e-12
6.3960859e-14
2.9531793e-12
5.6416453e-14
2.9486211e-12
4.9666874e-14
2.9445744e-12
4.36371e-14
2.9409891e-12
3.8258338e-14
2.937819e-12
3.3467597e-14
2.9350222e-12
2.9207279e-14
2.9325599e-12
2.5424789e-14
2.9303972e-12
2.2072164e-14
2.9285021e-12
1.9105721e-14
2.9268457e-12
1.6485735e-14
2.9254016e-12
1.4176119e-14
2.9241463e-12
1.2144143e-14
2.9230583e-12
1.0360155e-14
2.9221183e-12
8.7973324e-15
2.921309e-12
7.4314417e-15
2.9206148e-12
6.24062e-15
2.920022e-12
5.2051709e-15
2.9195179e-12
4.3073741e-15
2.9190916e-12
3.5313101e-15
2.9187331e-12
2.8626985e-15
2.9184337e-12
2.2887478e-15
2.9181855e-12
1.7980176e-15
2.9179816e-12
1.380292e-15
2.917816e-12
1.0264627e-15
2.9176832e-12
7.284226e-16
2.9175786e-12
4.7896755e-16
2.9174979e-12
2.7170707e-16
2.9174375e-12
1.0098261e-16
2.9173943e-12
-3.8206924e-17
2.9173654e-12
-1.5027293e-16
2.9173485e-12
-2.3909877e-16
2.9173414e-12
-3.0809564e-16
2.9173423e-12
-3.6025332e-16
2.9173498e-12
-3.9818595e-16
2.9173624e-12
-4.2417353e-16
2.917379e-12
-4.4019926e-16
2.9173987e-12
-4.4798323e-16
2.9174207e-12
-4.4901271e-16
2.9174442e-12
-4.4456933e-16
2.9174686e-12
-4.3575346e-16
2.9174936e-12
-4.2350607e-16
2.9175187e-12
-4.0862822e-16
2.9175436e-12
-3.9179844e-16
2.917568e-12
-3.7358827e-16
2.9175918e-12
-3.5447607e-16
2.9176147e-12
-3.3485917e-16
2.9176368e-12
-3.1506479e-16
2.9176578e-12
-2.9535961e-16
2.9176778e-12
-2.7595821e-16
2.9176967e-12
-2.5703053e-16
2.9177144e-12
-2.3870843e-16
2.9177311e-12
-2.2109141e-16
2.9177467e-12
-2.0425165e-16
2.9177612e-12
-1.8823837e-16
2.9177747e-12
-1.7308168e-16
2.9177872e-12
-1.5879583e-16
2.9177988e-12
-1.4538213e-16
2.9178094e-12
-1.3283138e-16
2.9178192e-12
-1.2112597e-16
2.9178282e-12
-1.1024175e-16
2.9178364e-12
-1.0014952e-16
2.917844e-12
-9.0816349e-17
2.9178509e-12
-8.2206681e-17
2.9178571e-12
-7.4283256e-17
2.9178628e-12
-6.7007866e-17
2.917868e-12
-6.0341994e-17
2.9178726e-12
-5.424732e-17
2.9178769e-12
-4.8686137e-17
2.9178807e-12
-4.3621678e-17
2.9178841e-12
-3.9018366e-17
2.9178872e-12
-3.4842007e-17
2.91789e-12
-3.1059926e-17
2.9178925e-12
-2.7641063e-17
2.9178947e-12
-2.4556027e-17
2.9178967e-12
-2.1777126e-17
2.9178985e-12
-1.9278362e-17
2.9179001e-12
-1.7035416e-17
2.9179015e-12
-1.5025613e-17
2.9179027e-12
-1.3227872e-17
2.9179038e-12
-1.1622647e-17
2.9179048e-12
-1.0191864e-17
2.9179057e-12
-8.9188504e-18
2.9179065e-12
-7.7882619e-18
2.9179071e-12
-6.7860052e-18
2.9179077e-12
-5.8991641e-18
2.9179082e-12
-5.1159228e-18
2.9179087e-12
-4.4254924e-18
2.9179091e-12
-3.8180379e-18
2.9179094e-12
-3.2846081e-18
2.9179097e-12
-2.8170682e-18
2.91791e-12
-2.4080355e-18
2.9179102e-12
-2.0508178e-18
2.9179104e-12
-1.7393554e-18
2.9179106e-12
-1.4681664e-18
2.9179107e-12
-1.2322954e-18
2.9179109e-12
-1.0272654e-18
2.917911e-12
-8.490326e-19
2.9179111e-12
-6.9394539e-19
2.9179111e-12
-5.587052e-19
2.9179112e-12
-4.4033107e-19
2.9179112e-12
-3.3612672e-19
2.9179113e-12
-2.4365048e-19
2.9179113e-12
-1.6068758e-19
2.9179113e-12
-8.5225054e-20
2.9179113e-12
-1.5428829e-20
2.9179113e-12
5.0377014e-20
2.9179113e-12
1.1372892e-19
2.9179113e-12
1.7604063e-19
2.9179113e-12
2.3861815e-19
2.9179113e-12
3.0267303e-19
2.9179113e-12
3.6933406e-19
2.9179112e-12
4.3965743e-19
2.9179112e-12
5.1463553e-19
2.9179111e-12
5.9520435e-19
2.9179111e-12
6.8224975e-19
2.917911e-12
7.7661239e-19
2.9179109e-12
8.7909171e-19
2.9179108e-12
9.9044867e-19
2.9179107e-12
1.1114077e-18
2.9179106e-12
1.2426573e-18
2.9179105e-12
1.3848505e-18
2.9179103e-12
1.5386033e-18
2.9179102e-12
1.7044935e-18
2.91791e-12
1.8830577e-18
2.9179098e-12
2.0747884e-18
2.9179096e-12
2.2801295e-18
2.9179094e-12
2.4994721e-18
2.9179091e-12
2.7331484e-18
2.9179089e-12
2.9814264e-18
2.9179086e-12
3.2445024e-18
2.9179083e-12
3.5224943e-18
2.9179079e-12
3.8154334e-18
2.9179076e-12
4.1232558e-18
2.9179072e-12
4.4457936e-18
2.9179068e-12
4.7827649e-18
2.9179063e-12
5.1337636e-18
2.9179058e-12
5.4982484e-18
2.9179053e-12
5.8755304e-18
2.9179048e-12
6.2647609e-18
2.9179042e-12
6.6649174e-18
2.9179036e-12
7.0747873e-18
2.917903e-12
7.4929514e-18
2.9179023e-12
7.9177639e-18
2.9179016e-12
8.3473289e-18
2.9179009e-12
8.7794742e-18
2.9179002e-12
9.2117181e-18
2.9178994e-12
9.6412315e-18
2.9178986e-12
1.0064791e-17
2.9178977e-12
1.0478724e-17
2.9178969e-12
1.0878843e-17
2.917896e-12
1.1260373e-17
2.9178951e-12
1.1617873e-17
2.9178942e-12
1.194516e-17
2.9178933e-12
1.2235244e-17
2.9178924e-12
1.2480302e-17
2.9178915e-12
1.2671815e-17
2.9178905e-12
1.2800665e-17
2.9178896e-12
1.2856266e-17
1.2827357e-17
3.2918864e-12
1.7932072e-13
3.3293225e-12
4.9108566e-13
3.3808889e-12
7.5032835e-13
3.4385605e-12
9.5492639e-13
3.4955741e-12
1.1065948e-12
3.5468843e-12
1.2097521e-12
3.589228e-12
1.2705057e-12
3.620928e-12
1.295725e-12
3.6415634e-12
1.2923109e-12
3.6516102e-12
1.2667013e-12
3.6521138e-12
1.2245883e-12
3.6444237e-12
1.1708009e-12
3.6299976e-12
1.1093e-12
3.6102678e-12
1.0432415e-12
3.5865595e-12
9.7507511e-13
3.5600462e-12
9.0665417e-13
3.5317335e-12
8.3934332e-13
3.5024585e-12
7.7411611e-13
3.4729011e-12
7.116391e-13
3.4435996e-12
6.5234204e-13
3.4149693e-12
5.9647491e-13
3.3873211e-12
5.4415327e-13
3.3608784e-12
4.9539397e-13
3.3357935e-12
4.5014277e-13
3.3121606e-12
4.0829548e-13
3.2900281e-12
3.6971408e-13
3.2694082e-12
3.3423879e-13
3.2502858e-12
3.0169716e-13
3.2326245e-12
2.7191066e-13
3.2163728e-12
2.4469957e-13
3.2014682e-12
2.1988648e-13
3.1878412e-12
1.9729876e-13
3.1754177e-12
1.7677018e-13
3.1641215e-12
1.5814207e-13
3.1538762e-12
1.41264e-13
3.1446061e-12
1.2599405e-13
3.1362375e-12
1.1219903e-13
3.1286993e-12
9.9754325e-14
3.1219236e-12
8.8543789e-14
3.1158459e-12
7.8459446e-14
3.1104056e-12
6.9401179e-14
3.1055457e-12
6.1276367e-14
3.101213e-12
5.3999502e-14
3.0973583e-12
4.74918e-14
3.0939359e-12
4.1680798e-14
3.0909035e-12
3.6499966e-14
3.0882225e-12
3.1888318e-14
3.0858572e-12
2.7790043e-14
3.0837752e-12
2.415414e-14
3.0819469e-12
2.093408e-14
3.0803451e-12
1.8087468e-14
3.0789455e-12
1.5575742e-14
3.0777258e-12
1.336387e-14
3.0766659e-12
1.1420075e-14
3.0757476e-12
9.7155751e-15
3.0749547e-12
8.2243386e-15
3.0742725e-12
6.9228534e-15
3.0736878e-12
5.7899153e-15
3.0731887e-12
4.8064294e-15
3.0727648e-12
3.955225e-15
3.0724066e-12
3.2208854e-15
3.0721058e-12
2.5895894e-15
3.0718548e-12
2.0489654e-15
3.0716471e-12
1.5879565e-15
3.0714769e-12
1.1966971e-15
3.0713389e-12
8.6639845e-16
3.0712287e-12
5.8924481e-16
3.0711421e-12
3.5829752e-16
3.0710756e-12
1.6740772e-16
3.0710263e-12
1.1136552e-17
3.0709913e-12
-1.1531755e-16
3.0709684e-12
-2.16185e-16
3.0709555e-12
-2.9518514e-16
3.0709508e-12
-3.5558077e-16
3.0709529e-12
-4.0022753e-16
3.0709603e-12
-4.316185e-16
3.0709721e-12
-4.5192458e-16
3.0709871e-12
-4.6303077e-16
3.0710047e-12
-4.6656888e-16
3.071024e-12
-4.6394699e-16
3.0710447e-12
-4.5637574e-16
3.071066e-12
-4.4489202e-16
3.0710878e-12
-4.3038008e-16
3.0711096e-12
-4.135904e-16
3.0711312e-12
-3.951565e-16
3.0711523e-12
-3.7560991e-16
3.0711728e-12
-3.5539347e-16
3.0711926e-12
-3.3487312e-16
3.0712116e-12
-3.143483e-16
3.0712297e-12
-2.9406119e-16
3.0712469e-12
-2.7420483e-16
3.0712631e-12
-2.5493025e-16
3.0712784e-12
-2.3635272e-16
3.0712927e-12
-2.1855726e-16
3.0713061e-12
-2.0160345e-16
3.0713185e-12
-1.8552953e-16
3.0713301e-12
-1.7035612e-16
3.0713408e-12
-1.5608927e-16
3.0713507e-12
-1.4272323e-16
3.0713598e-12
-1.3024275e-16
3.0713682e-12
-1.1862509e-16
3.0713759e-12
-1.078417e-16
3.0713829e-12
-9.7859689e-17
3.0713893e-12
-8.864303e-17
3.0713952e-12
-8.0153583e-17
3.0714006e-12
-7.2351952e-17
3.0714054e-12
-6.5198189e-17
3.0714098e-12
-5.8652364e-17
3.0714138e-12
-5.2675038e-17
3.0714174e-12
-4.7227627e-17
3.0714207e-12
-4.2272698e-17
3.0714236e-12
-3.7774184e-17
3.0714262e-12
-3.3697553e-17
3.0714286e-12
-3.0009914e-17
3.0714307e-12
-2.6680094e-17
3.0714326e-12
-2.3678677e-17
3.0714343e-12
-2.0978008e-17
3.0714358e-12
-1.8552189e-17
3.0714372e-12
-1.6377039e-17
3.0714384e-12
-1.4430055e-17
3.0714395e-12
-1.2690352e-17
3.0714404e-12
-1.1138599e-17
3.0714412e-12
-9.7569465e-18
3.071442e-12
-8.5289525e-18
3.0714426e-12
-7.439504e-18
3.0714432e-12
-6.4747385e-18
3.0714437e-12
-5.6219652e-18
3.0714442e-12
-4.8695869e-18
3.0714446e-12
-4.2070243e-18
3.0714449e-12
-3.6246419e-18
3.0714452e-12
-3.1136771e-18
3.0714455e-12
-2.6661716e-18
3.0714457e-12
-2.2749066e-18
3.0714459e-12
-1.9333413e-18
3.071446e-12
-1.6355548e-18
3.0714462e-12
-1.3761912e-18
3.0714463e-12
-1.1504085e-18
3.0714464e-12
-9.5383086e-19
3.0714465e-12
-7.825039e-19
3.0714466e-12
-6.3285376e-19
3.0714466e-12
-5.0164869e-19
3.0714467e-12
-3.8596404e-19
3.0714467e-12
-2.8314989e-19
3.0714468e-12
-1.908015e-19
3.0714468e-12
-1.067323e-19
3.0714468e-12
-2.8949297e-20
3.0714468e-12
4.4369151e-20
3.0714468e-12
1.1489342e-19
3.0714468e-12
1.8416068e-19
3.0714468e-12
2.5359094e-19
3.0714467e-12
3.245014e-19
3.0714467e-12
3.9811896e-19
3.0714467e-12
4.7559125e-19
3.0714466e-12
5.57996e-19
3.0714466e-12
6.4634916e-19
3.0714465e-12
7.4161147e-19
3.0714465e-12
8.4469393e-19
3.0714464e-12
9.5646198e-19
3.0714463e-12
1.0777385e-18
3.0714462e-12
1.2093058e-18
3.0714461e-12
1.3519066e-18
3.071446e-12
1.5062438e-18
3.0714458e-12
1.6729795e-18
3.0714457e-12
1.8527335e-18
3.0714455e-12
2.0460796e-18
3.0714453e-12
2.253543e-18
3.0714451e-12
2.4755951e-18
3.0714449e-12
2.7126487e-18
3.0714447e-12
2.9650519e-18
3.0714445e-12
3.2330814e-18
3.0714442e-12
3.5169353e-18
3.0714439e-12
3.8167248e-18
3.0714436e-12
4.1324654e-18
3.0714432e-12
4.4640678e-18
3.0714429e-12
4.8113274e-18
3.0714425e-12
5.1739136e-18
3.0714421e-12
5.551358e-18
3.0714416e-12
5.9430421e-18
3.0714411e-12
6.3481838e-18
3.0714406e-12
6.7658229e-18
3.0714401e-12
7.1948048e-18
3.0714395e-12
7.6337636e-18
3.071439e-12
8.0811019e-18
3.0714383e-12
8.5349694e-18
3.0714377e-12
8.993237e-18
3.071437e-12
9.4534681e-18
3.0714363e-12
9.9128849e-18
3.0714356e-12
1.0368329e-17
3.0714348e-12
1.0816216e-17
3.0714341e-12
1.1252483e-17
3.0714333e-12
1.1672534e-17
3.0714325e-12
1.2071173e-17
3.0714316e-12
1.2442546e-17
3.0714308e-12
1.2780089e-17
3.07143e-12
1.3076494e-17
3.0714291e-12
1.3323708e-17
3.0714283e-12
1.3513101e-17
3.0714274e-12
1.3635618e-17
3.0714266e-12
1.3680905e-17
1.3635285e-17
3.2903529e-12
1.6586063e-13
3.3245909e-12
4.5684769e-13
3.3727629e-12
7.0215629e-13
3.4281061e-12
8.9958317e-13
3.4847037e-12
1.0499972e-12
3.5379015e-12
1.1565543e-12
3.5844392e-12
1.223968e-12
3.622369e-12
1.2577952e-12
3.6508467e-12
1.2638333e-12
3.6698716e-12
1.2476763e-12
3.6800294e-12
1.2144305e-12
3.6822681e-12
1.1685622e-12
3.6777204e-12
1.1138478e-12
3.6675728e-12
1.053389e-12
3.6529777e-12
9.8967028e-13
3.6349976e-12
9.2463422e-13
3.6145765e-12
8.5976443e-13
3.5925277e-12
7.9616494e-13
3.5695343e-12
7.3463246e-13
3.5461571e-12
6.7571928e-13
3.5228458e-12
6.1978621e-13
3.4999527e-12
5.6704631e-13
3.4777465e-12
5.1760019e-13
3.456425e-12
4.7146426e-13
3.4361275e-12
4.2859302e-13
3.4169451e-12
3.8889647e-13
3.3989303e-12
3.5225357e-13
3.3821048e-12
3.1852266e-13
3.3664662e-12
2.8754928e-13
3.3519935e-12
2.5917223e-13
3.338652e-12
2.3322796e-13
3.3263969e-12
2.0955391e-13
3.3151762e-12
1.8799088e-13
3.3049335e-12
1.6838477e-13
3.2956098e-12
1.505877e-13
3.287145e-12
1.3445884e-13
3.2794792e-12
1.1986481e-13
3.2725536e-12
1.0667996e-13
3.266311e-12
9.4786374e-14
3.2606966e-12
8.4073839e-14
3.2556581e-12
7.4439647e-14
3.2511461e-12
6.5788364e-14
3.2471141e-12
5.8031542e-14
3.2435185e-12
5.1087403e-14
3.2403188e-12
4.4880496e-14
3.2374774e-12
3.9341354e-14
3.2349596e-12
3.4406143e-14
3.2327333e-12
3.0016306e-14
3.2307692e-12
2.6118228e-14
3.2290404e-12
2.2662898e-14
3.2275223e-12
1.9605589e-14
3.2261925e-12
1.6905547e-14
3.2250307e-12
1.4525701e-14
3.2240184e-12
1.2432377e-14
3.2231389e-12
1.0595037e-14
3.2223772e-12
8.9860269e-15
3.2217197e-12
7.5803458e-15
3.2211542e-12
6.3554215e-15
3.2206697e-12
5.2909077e-15
3.2202565e-12
4.3684921e-15
3.2199056e-12
3.571718e-15
3.2196094e-12
2.8858192e-15
3.2193608e-12
2.2975676e-15
3.2191536e-12
1.7951314e-15
3.2189824e-12
1.3679448e-15
3.2188422e-12
1.0065885e-15
3.2187288e-12
7.0267941e-16
3.2186383e-12
4.4876933e-16
3.2185674e-12
2.3825292e-16
3.2185133e-12
6.5282944e-17
3.2184733e-12
-7.5306757e-17
3.2184452e-12
-1.8807151e-16
3.218427e-12
-2.7701965e-16
3.2184171e-12
-3.4567055e-16
3.218414e-12
-3.9710715e-16
3.2184164e-12
-4.3402354e-16
3.2184232e-12
-4.5876794e-16
3.2184336e-12
-4.733815e-16
3.2184466e-12
-4.7963322e-16
3.2184617e-12
-4.7905137e-16
3.2184783e-12
-4.7295171e-16
3.2184959e-12
-4.6246277e-16
3.2185141e-12
-4.485485e-16
3.2185325e-12
-4.3202843e-16
3.2185509e-12
-4.1359582e-16
3.2185692e-12
-3.9383361e-16
3.218587e-12
-3.7322874e-16
3.2186043e-12
-3.5218486e-16
3.218621e-12
-3.3103347e-16
3.218637e-12
-3.1004388e-16
3.2186522e-12
-2.8943194e-16
3.2186666e-12
-2.6936775e-16
3.2186803e-12
-2.499824e-16
3.2186931e-12
-2.3137393e-16
3.2187051e-12
-2.1361246e-16
3.2187163e-12
-1.9674474e-16
3.2187268e-12
-1.8079805e-16
3.2187364e-12
-1.6578364e-16
3.2187454e-12
-1.5169961e-16
3.2187537e-12
-1.385335e-16
3.2187614e-12
-1.2626444e-16
3.2187684e-12
-1.14865e-16
3.2187748e-12
-1.0430274e-16
3.2187807e-12
-9.4541611e-17
3.2187861e-12
-8.5543024e-17
3.218791e-12
-7.7266801e-17
3.2187955e-12
-6.9671954e-17
3.2187996e-12
-6.2717319e-17
3.2188032e-12
-5.636208e-17
3.2188066e-12
-5.0566174e-17
3.2188096e-12
-4.5290626e-17
3.2188123e-12
-4.0497794e-17
3.2188148e-12
-3.6151563e-17
3.218817e-12
-3.2217471e-17
3.218819e-12
-2.8662802e-17
3.2188208e-12
-2.5456637e-17
3.2188223e-12
-2.2569872e-17
3.2188238e-12
-1.9975214e-17
3.218825e-12
-1.7647153e-17
3.2188262e-12
-1.5561923e-17
3.2188272e-12
-1.3697446e-17
3.2188281e-12
-1.2033264e-17
3.2188289e-12
-1.0550475e-17
3.2188296e-12
-9.2316498e-18
3.2188302e-12
-8.060755e-18
3.2188307e-12
-7.0230734e-18
3.2188312e-12
-6.1051211e-18
3.2188316e-12
-5.2945676e-18
3.218832e-12
-4.5801565e-18
3.2188323e-12
-3.9516285e-18
3.2188326e-12
-3.3996474e-18
3.2188329e-12
-2.9157286e-18
3.2188331e-12
-2.4921706e-18
3.2188333e-12
-2.121991e-18
3.2188334e-12
-1.7988652e-18
3.2188336e-12
-1.5170682e-18
3.2188337e-12
-1.2714217e-18
3.2188338e-12
-1.0572426e-18
3.2188339e-12
-8.702969e-19
3.218834e-12
-7.0675547e-19
3.218834e-12
-5.6315398e-19
3.2188341e-12
-4.3635563e-19
3.2188341e-12
-3.235169e-19
3.2188342e-12
-2.2205618e-19
3.2188342e-12
-1.2962516e-19
3.2188342e-12
-4.4082666e-20
3.2188342e-12
3.6528898e-20
3.2188342e-12
1.1400496e-19
3.2188342e-12
1.899979e-19
3.2188342e-12
2.6603424e-19
3.2188342e-12
3.4352977e-19
3.2188341e-12
4.23803e-19
3.2188341e-12
5.0808682e-19
3.2188341e-12
5.9753853e-19
3.218834e-12
6.9324845e-19
3.218834e-12
7.9624696e-19
3.2188339e-12
9.0751029e-19
3.2188338e-12
1.027965e-18
3.2188338e-12
1.1584911e-18
3.2188337e-12
1.2999244e-18
3.2188336e-12
1.4530571e-18
3.2188335e-12
1.6186378e-18
3.2188333e-12
1.7973708e-18
3.2188332e-12
1.9899134e-18
3.218833e-12
2.1968732e-18
3.2188329e-12
2.4188043e-18
3.2188327e-12
2.656202e-18
3.2188325e-12
2.9094978e-18
3.2188323e-12
3.1790526e-18
3.218832e-12
3.4651495e-18
3.2188318e-12
3.7679856e-18
3.2188315e-12
4.0876636e-18
3.2188312e-12
4.424182e-18
3.2188309e-12
4.7774246e-18
3.2188306e-12
5.1471498e-18
3.2188302e-12
5.5329783e-18
3.2188298e-12
5.9343805e-18
3.2188294e-12
6.3506624e-18
3.218829e-12
6.7809513e-18
3.2188285e-12
7.2241791e-18
3.2188281e-12
7.6790652e-18
3.2188275e-12
8.144097e-18
3.218827e-12
8.6175087e-18
3.2188264e-12
9.0972575e-18
3.2188259e-12
9.580997e-18
3.2188252e-12
1.0066047e-17
3.2188246e-12
1.0549358e-17
3.218824e-12
1.1027475e-17
3.2188233e-12
1.1496493e-17
3.2188226e-12
1.195201e-17
3.2188219e-12
1.2389076e-17
3.2188211e-12
1.2802143e-17
3.2188204e-12
1.3185022e-17
3.2188196e-12
1.3530846e-17
3.2188189e-12
1.3832057e-17
3.2188181e-12
1.4080423e-17
3.2188174e-12
1.4267262e-17
3.2188166e-12
1.4383642e-17
3.2188159e-12
1.4418999e-17
1.4357909e-17
3.2890965e-12
1.5365696e-13
3.3206284e-12
4.253158e-13
3.3657884e-12
6.5699627e-13
3.4188402e-12
8.4653136e-13
3.4746106e-12
9.9422681e-13
3.5288535e-12
1.1023115e-12
3.5784076e-12
1.1744139e-12
3.6211866e-12
1.2150161e-12
3.6560556e-12
1.2289642e-12
3.6826493e-12
1.2210827e-12
3.7011751e-12
1.1959046e-12
3.7122301e-12
1.1575073e-12
3.7166453e-12
1.1094325e-12
3.7153651e-12
1.0546693e-12
3.7093578e-12
9.9567757e-13
3.6995558e-12
9.3443621e-13
3.6868179e-12
8.7250237e-13
3.6719088e-12
8.1107398e-13
3.6554916e-12
7.5104967e-13
3.6381276e-12
6.9308329e-13
3.6202821e-12
6.376317e-13
3.602333e-12
5.8499546e-13
3.5845804e-12
5.3535277e-13
3.5672573e-12
4.8878738e-13
3.5505391e-12
4.4531118e-13
3.5345532e-12
4.0488234e-13
3.5193871e-12
3.674197e-13
3.5050956e-12
3.3281413e-13
3.4917075e-12
3.0093741e-13
3.4792306e-12
2.7164912e-13
3.4676566e-12
2.4480196e-13
3.4569648e-12
2.2024578e-13
3.447125e-12
1.9783064e-13
3.4381007e-12
1.7740907e-13
3.4298506e-12
1.5883776e-13
3.4223307e-12
1.4197873e-13
3.4154955e-12
1.2670009e-13
3.4092988e-12
1.1287663e-13
3.4036951e-12
1.0039005e-13
3.3986399e-12
8.9129104e-14
3.3940899e-12
7.8989611e-14
3.3900039e-12
6.9874311e-14
3.3863428e-12
6.1692706e-14
3.3830694e-12
5.4360821e-14
3.3801489e-12
4.7800931e-14
3.377549e-12
4.1941274e-14
3.3752394e-12
3.6715731e-14
3.3731922e-12
3.2063516e-14
3.3713816e-12
2.7928851e-14
3.3697838e-12
2.4260653e-14
3.3683772e-12
2.1012224e-14
3.3671418e-12
1.8140946e-14
3.3660595e-12
1.5607994e-14
3.3651138e-12
1.3378056e-14
3.3642898e-12
1.1419066e-14
3.3635739e-12
9.7019576e-15
3.3629538e-12
8.2004184e-15
3.3624185e-12
6.8906718e-15
3.3619582e-12
5.7512644e-15
3.3615638e-12
4.7628695e-15
3.3612274e-12
3.9081042e-15
3.3609419e-12
3.1713582e-15
3.3607008e-12
2.5386356e-15
3.3604985e-12
1.9974084e-15
3.36033e-12
1.5364806e-15
3.3601907e-12
1.1458633e-15
3.3600767e-12
8.1666001e-16
3.3599846e-12
5.4096069e-16
3.3599111e-12
3.117451e-16
3.3598536e-12
1.2279415e-16
3.3598096e-12
-3.1391006e-17
3.3597772e-12
-1.5566276e-16
3.3597545e-12
-2.5429423e-16
3.3597399e-12
-3.310403e-16
3.359732e-12
-3.8919301e-16
3.3597296e-12
-4.3163171e-16
3.3597317e-12
-4.6086845e-16
3.3597374e-12
-4.7908892e-16
3.3597459e-12
-4.8818939e-16
3.3597567e-12
-4.8980993e-16
3.3597691e-12
-4.8536428e-16
3.3597827e-12
-4.7606661e-16
3.3597971e-12
-4.6295554e-16
3.359812e-12
-4.4691556e-16
3.3598271e-12
-4.286962e-16
3.3598422e-12
-4.0892904e-16
3.3598571e-12
-3.8814292e-16
3.3598717e-12
-3.667774e-16
3.3598859e-12
-3.4519468e-16
3.3598995e-12
-3.2369017e-16
3.3599126e-12
-3.0250182e-16
3.359925e-12
-2.818183e-16
3.3599368e-12
-2.6178621e-16
3.359948e-12
-2.4251645e-16
3.3599585e-12
-2.2408972e-16
3.3599683e-12
-2.0656136e-16
3.3599774e-12
-1.8996554e-16
3.359986e-12
-1.7431894e-16
3.3599939e-12
-1.5962386e-16
3.3600012e-12
-1.4587098e-16
3.360008e-12
-1.3304168e-16
3.3600143e-12
-1.2111001e-16
3.36002e-12
-1.1004446e-16
3.3600253e-12
-9.980934e-17
3.3600301e-12
-9.0366015e-17
3.3600345e-12
-8.1673932e-17
3.3600385e-12
-7.3691459e-17
3.3600422e-12
-6.6376577e-17
3.3600455e-12
-5.9687455e-17
3.3600485e-12
-5.35829e-17
3.3600513e-12
-4.8022726e-17
3.3600537e-12
-4.2968031e-17
3.360056e-12
-3.8381408e-17
3.360058e-12
-3.4227102e-17
3.3600598e-12
-3.0471113e-17
3.3600614e-12
-2.7081262e-17
3.3600629e-12
-2.4027216e-17
3.3600642e-12
-2.1280497e-17
3.3600653e-12
-1.8814459e-17
3.3600664e-12
-1.6604248e-17
3.3600673e-12
-1.4626756e-17
3.3600681e-12
-1.2860551e-17
3.3600689e-12
-1.1285811e-17
3.3600695e-12
-9.8842455e-18
3.3600701e-12
-8.6390173e-18
3.3600706e-12
-7.5346573e-18
3.3600711e-12
-6.5569832e-18
3.3600715e-12
-5.6930168e-18
3.3600718e-12
-4.9309025e-18
3.3600721e-12
-4.2598277e-18
3.3600724e-12
-3.6699463e-18
3.3600726e-12
-3.1523043e-18
3.3600728e-12
-2.6987699e-18
3.360073e-12
-2.3019653e-18
3.3600732e-12
-1.9552039e-18
3.3600733e-12
-1.6524298e-18
3.3600734e-12
-1.3881617e-18
3.3600735e-12
-1.1574403e-18
3.3600736e-12
-9.557786e-19
3.3600737e-12
-7.7911707e-19
3.3600737e-12
-6.2378079e-19
3.3600738e-12
-4.8644066e-19
3.3600738e-12
-3.6407742e-19
3.3600739e-12
-2.5394879e-19
3.3600739e-12
-1.5355928e-19
3.3600739e-12
-6.0632854e-20
3.3600739e-12
2.6911996e-20
3.3600739e-12
1.1098466e-19
3.3600739e-12
1.9334261e-19
3.3600739e-12
2.7560945e-19
3.3600739e-12
3.5929093e-19
3.3600739e-12
4.4578902e-19
3.3600738e-12
5.3641427e-19
3.3600738e-12
6.3239639e-19
3.3600738e-12
7.3489327e-19
3.3600737e-12
8.4499848e-19
3.3600736e-12
9.6374734e-19
3.3600736e-12
1.0921216e-18
3.3600735e-12
1.2310528e-18
3.3600734e-12
1.3814246e-18
3.3600733e-12
1.5440737e-18
3.3600732e-12
1.7197895e-18
3.3600731e-12
1.9093133e-18
3.360073e-12
2.1133357e-18
3.3600729e-12
2.3324937e-18
3.3600727e-12
2.5673662e-18
3.3600726e-12
2.818469e-18
3.3600724e-12
3.0862487e-18
3.3600722e-12
3.371076e-18
3.360072e-12
3.6732377e-18
3.3600718e-12
3.9929282e-18
3.3600715e-12
4.33024e-18
3.3600712e-12
4.6851535e-18
3.360071e-12
5.0575255e-18
3.3600707e-12
5.447078e-18
3.3600703e-12
5.8533844e-18
3.36007e-12
6.2758561e-18
3.3600696e-12
6.7137276e-18
3.3600693e-12
7.1660401e-18
3.3600688e-12
7.6316247e-18
3.3600684e-12
8.1090828e-18
3.360068e-12
8.5967661e-18
3.3600675e-12
9.0927538e-18
3.360067e-12
9.5948274e-18
3.3600665e-12
1.0100444e-17
3.3600659e-12
1.0606703e-17
3.3600654e-12
1.1110318e-17
3.3600648e-12
1.1607573e-17
3.3600642e-12
1.2094287e-17
3.3600636e-12
1.256577e-17
3.360063e-12
1.301678e-17
3.3600623e-12
1.3441486e-17
3.3600617e-12
1.3833429e-17
3.360061e-12
1.4185511e-17
3.3600604e-12
1.4489997e-17
3.3600597e-12
1.4738535e-17
3.360059e-12
1.4922387e-17
3.3600584e-12
1.5032647e-17
3.3600578e-12
1.5058962e-17
1.4983427e-17
3.2880556e-12
1.424942e-13
3.3172857e-12
3.9608563e-13
3.3597836e-12
6.1449836e-13
3.4106496e-12
7.9566536e-13
3.4653542e-12
9.3952223e-13
3.5200479e-12
1.0476178e-12
3.5717234e-12
1.1227383e-12
3.6182478e-12
1.1684917e-12
3.6582975e-12
1.1889146e-12
3.691236e-12
1.1881442e-12
3.7169675e-12
1.1701731e-12
3.7357902e-12
1.1386846e-12
3.748265e-12
1.0969578e-12
3.7551066e-12
1.0478277e-12
3.7570995e-12
9.9368466e-13
3.7550362e-12
9.3649951e-13
3.7496753e-12
8.7786325e-13
3.7417154e-12
8.1903386e-13
3.7317808e-12
7.609843e-13
3.7204156e-12
7.0444845e-13
3.7080844e-12
6.4996291e-13
3.695176e-12
5.9790392e-13
3.6820097e-12
5.4851908e-13
3.6688429e-12
5.0195414e-13
3.6558788e-12
4.5827526e-13
3.6432739e-12
4.1748726e-13
3.631145e-12
3.7954856e-13
3.619576e-12
3.4438312e-13
3.6086234e-12
3.1189003e-13
3.5983214e-12
2.8195113e-13
3.5886864e-12
2.5443701e-13
3.5797204e-12
2.292117e-13
3.5714148e-12
2.061363e-13
3.5637521e-12
1.8507177e-13
3.5567088e-12
1.6588101e-13
3.550257e-12
1.484305e-13
3.5443658e-12
1.3259136e-13
3.5390022e-12
1.1824019e-13
3.5341327e-12
1.0525959e-13
3.5297233e-12
9.3538467e-14
3.5257407e-12
8.2972231e-14
3.5221522e-12
7.3462779e-14
3.5189265e-12
6.491845e-14
3.5160334e-12
5.7253878e-14
3.5134446e-12
5.0389795e-14
3.511133e-12
4.4252796e-14
3.5090737e-12
3.8775079e-14
3.507243e-12
3.3894158e-14
3.5056193e-12
2.9552579e-14
3.5041823e-12
2.569762e-14
3.5029136e-12
2.2281e-14
3.5017959e-12
1.9258588e-14
3.5008138e-12
1.6590122e-14
3.4999529e-12
1.4238933e-14
3.4992003e-12
1.2171682e-14
3.4985442e-12
1.0358112e-14
3.4979738e-12
8.7708074e-15
3.4974795e-12
7.3849657e-15
3.4970525e-12
6.1781888e-15
3.4966851e-12
5.1302806e-15
3.4963702e-12
4.2230604e-15
3.4961014e-12
3.4401883e-15
3.495873e-12
2.7670031e-15
3.49568e-12
2.1903706e-15
3.495518e-12
1.698545e-15
3.4953828e-12
1.2810392e-15
3.4952709e-12
9.2850598e-16
3.4951793e-12
6.3262901e-16
3.495105e-12
3.8602213e-16
3.4950456e-12
1.8213744e-16
3.4949991e-12
1.5181237e-17
3.4949634e-12
-1.199628e-16
3.4949369e-12
-2.2780356e-16
3.4949182e-12
-3.1230616e-16
3.4949059e-12
-3.7694971e-16
3.4948991e-12
-4.2477971e-16
3.4948966e-12
-4.5845548e-16
3.4948978e-12
-4.8029296e-16
3.494902e-12
-4.9230342e-16
3.4949084e-12
-4.962282e-16
3.4949166e-12
-4.9357001e-16
3.4949261e-12
-4.8562105e-16
3.4949367e-12
-4.7348818e-16
3.4949479e-12
-4.581154e-16
3.4949595e-12
-4.4030399e-16
3.4949713e-12
-4.2073043e-16
3.4949831e-12
-3.9996238e-16
3.4949948e-12
-3.7847283e-16
3.4950063e-12
-3.5665267e-16
3.4950174e-12
-3.3482186e-16
3.4950281e-12
-3.132392e-16
3.4950384e-12
-2.9211105e-16
3.4950482e-12
-2.7159889e-16
3.4950575e-12
-2.5182605e-16
3.4950663e-12
-2.3288358e-16
3.4950746e-12
-2.1483529e-16
3.4950824e-12
-1.9772228e-16
3.4950896e-12
-1.8156678e-16
3.4950964e-12
-1.663755e-16
3.4951026e-12
-1.5214252e-16
3.4951084e-12
-1.3885175e-16
3.4951138e-12
-1.2647914e-16
3.4951188e-12
-1.1499439e-16
3.4951233e-12
-1.0436259e-16
3.4951275e-12
-9.4545437e-17
3.4951313e-12
-8.5502402e-17
3.4951348e-12
-7.7191585e-17
3.495138e-12
-6.9570491e-17
3.4951409e-12
-6.259664e-17
3.4951436e-12
-5.6228066e-17
3.495146e-12
-5.042371e-17
3.4951481e-12
-4.5143731e-17
3.4951501e-12
-4.0349744e-17
3.4951519e-12
-3.6004989e-17
3.4951535e-12
-3.2074455e-17
3.4951549e-12
-2.8524957e-17
3.4951562e-12
-2.5325177e-17
3.4951574e-12
-2.2445674e-17
3.4951584e-12
-1.9858872e-17
3.4951594e-12
-1.7539022e-17
3.4951602e-12
-1.5462163e-17
3.495161e-12
-1.3606052e-17
3.4951616e-12
-1.1950099e-17
3.4951622e-12
-1.0475291e-17
3.4951627e-12
-9.1641096e-18
3.4951632e-12
-8.0004513e-18
3.4951636e-12
-6.9695408e-18
3.495164e-12
-6.0578481e-18
3.4951643e-12
-5.2530054e-18
3.4951646e-12
-4.543726e-18
3.4951648e-12
-3.9197255e-18
3.4951651e-12
-3.371646e-18
3.4951653e-12
-2.8909834e-18
3.4951654e-12
-2.470018e-18
3.4951656e-12
-2.1017491e-18
3.4951657e-12
-1.7798329e-18
3.4951658e-12
-1.4985241e-18
3.4951659e-12
-1.2526218e-18
3.495166e-12
-1.0374183e-18
3.4951661e-12
-8.4865157e-19
3.4951661e-12
-6.8246195e-19
3.4951662e-12
-5.3535115e-19
3.4951662e-12
-4.0414512e-19
3.4951662e-12
-2.8595977e-19
3.4951663e-12
-1.7816969e-19
3.4951663e-12
-7.8379521e-20
3.4951663e-12
1.5601842e-20
3.4951663e-12
1.0578473e-19
3.4951663e-12
1.9401971e-19
3.4951663e-12
2.8201642e-19
3.4951663e-12
3.7136024e-19
3.4951663e-12
4.6352709e-19
3.4951662e-12
5.5989619e-19
3.4951662e-12
6.6176125e-19
3.4951662e-12
7.703398e-19
3.4951661e-12
8.8678103e-19
3.4951661e-12
1.0121722e-18
3.495166e-12
1.1475434e-18
3.495166e-12
1.2938712e-18
3.4951659e-12
1.4520811e-18
3.4951658e-12
1.6230479e-18
3.4951657e-12
1.8075966e-18
3.4951656e-12
2.0065e-18
3.4951655e-12
2.2204772e-18
3.4951654e-12
2.4501896e-18
3.4951653e-12
2.6962367e-18
3.4951651e-12
2.9591508e-18
3.495165e-12
3.2393904e-18
3.4951648e-12
3.5373329e-18
3.4951646e-12
3.8532665e-18
3.4951644e-12
4.1873808e-18
3.4951642e-12
4.5397573e-18
3.495164e-12
4.9103578e-18
3.4951638e-12
5.299013e-18
3.4951635e-12
5.7054097e-18
3.4951632e-12
6.1290768e-18
3.4951629e-12
6.5693708e-18
3.4951626e-12
7.0254598e-18
3.4951623e-12
7.4963065e-18
3.4951619e-12
7.9806496e-18
3.4951616e-12
8.4769843e-18
3.4951612e-12
8.9835402e-18
3.4951608e-12
9.4982584e-18
3.4951604e-12
1.0018765e-17
3.4951599e-12
1.0542346e-17
3.4951595e-12
1.1065912e-17
3.495159e-12
1.1585969e-17
3.4951585e-12
1.2098586e-17
3.495158e-12
1.2599352e-17
3.4951575e-12
1.3083343e-17
3.4951569e-12
1.3545087e-17
3.4951564e-12
1.3978531e-17
3.4951559e-12
1.4377019e-17
3.4951553e-12
1.473329e-17
3.4951548e-12
1.5039482e-17
3.4951542e-12
1.5287159e-17
3.4951537e-12
1.5467584e-17
3.4951531e-12
1.5571978e-17
3.4951526e-12
1.5589682e-17
1.5501249e-17
3.2871849e-12
1.3220209e-13
3.3144472e-12
3.6882333e-13
3.3545966e-12
5.7434902e-13
3.4034177e-12
7.4684423e-13
3.4569334e-12
8.8600651e-13
3.511665e-12
9.9288627e-13
3.5647865e-12
1.0696168e-12
3.6141798e-12
1.1190984e-12
3.6584091e-12
1.1446852e-12
3.6966429e-12
1.1499104e-12
3.7285474e-12
1.1382686e-12
3.7541721e-12
1.1130599e-12
3.7738415e-12
1.0772883e-12
3.7880603e-12
1.0336088e-12
3.797436e-12
9.8430893e-13
3.8026194e-12
9.3131615e-13
3.8042609e-12
8.7622174e-13
3.8029811e-12
8.2031365e-13
3.7993519e-12
7.6461346e-13
3.7938865e-12
7.0991393e-13
3.7870347e-12
6.5681467e-13
3.7791839e-12
6.0575473e-13
3.7706614e-12
5.5704161e-13
3.7617392e-12
5.1087625e-13
3.75264e-12
4.6737447e-13
3.7435424e-12
4.2658493e-13
3.7345869e-12
3.8850404e-13
3.7258817e-12
3.5308827e-13
3.7175076e-12
3.2026417e-13
3.7095222e-12
2.8993648e-13
3.7019646e-12
2.6199469e-13
3.6948581e-12
2.363182e-13
3.6882139e-12
2.1278047e-13
3.6820334e-12
1.9125226e-13
3.6763103e-12
1.7160412e-13
3.6710325e-12
1.5370833e-13
3.6661835e-12
1.3744031e-13
3.661744e-12
1.2267976e-13
3.6576922e-12
1.0931133e-13
3.6540055e-12
9.7225215e-14
3.6506603e-12
8.6317411e-14
3.6476331e-12
7.6489924e-14
3.6449008e-12
6.76508e-14
3.6424406e-12
5.9714078e-14
3.6402307e-12
5.2599675e-14
3.6382503e-12
4.6233213e-14
3.6364796e-12
4.0545806e-14
3.6348999e-12
3.5473825e-14
3.6334939e-12
3.0958635e-14
3.6322451e-12
2.694633e-14
3.6311387e-12
2.3387457e-14
3.6301605e-12
2.0236743e-14
3.6292978e-12
1.7452821e-14
3.6285388e-12
1.499797e-14
3.6278726e-12
1.2837848e-14
3.6272895e-12
1.0941255e-14
3.6267804e-12
9.2798884e-15
3.6263373e-12
7.8281206e-15
3.6259527e-12
6.5627849e-15
3.62562e-12
5.4629746e-15
3.6253332e-12
4.5098535e-15
3.6250869e-12
3.6864791e-15
3.6248762e-12
2.9776377e-15
3.6246969e-12
2.3696907e-15
3.624545e-12
1.8504317e-15
3.6244171e-12
1.4089553e-15
3.6243101e-12
1.0355348e-15
3.6242212e-12
7.2151004e-16
3.624148e-12
4.5918448e-16
3.6240885e-12
2.4173047e-16
3.6240405e-12
6.310263e-17
3.6240026e-12
-8.2041304e-17
3.6239732e-12
-1.9841265e-16
3.6239511e-12
-2.9015754e-16
3.623935e-12
-3.6091663e-16
3.6239241e-12
-4.1387932e-16
3.6239175e-12
-4.5183285e-16
3.6239144e-12
-4.7720664e-16
3.6239142e-12
-4.9211244e-16
3.6239164e-12
-4.9838035e-16
3.6239204e-12
-4.9759136e-16
3.6239259e-12
-4.9110653e-16
3.6239325e-12
-4.800931e-16
3.6239399e-12
-4.6554799e-16
3.623948e-12
-4.4831866e-16
3.6239563e-12
-4.2912182e-16
3.6239649e-12
-4.0856006e-16
3.6239736e-12
-3.8713661e-16
3.6239822e-12
-3.6526847e-16
3.6239907e-12
-3.43298e-16
3.623999e-12
-3.2150325e-16
3.624007e-12
-3.0010692e-16
3.6240146e-12
-2.7928441e-16
3.624022e-12
-2.5917079e-16
3.624029e-12
-2.3986693e-16
3.6240356e-12
-2.2144484e-16
3.6240418e-12
-2.039524e-16
3.6240477e-12
-1.8741737e-16
3.6240531e-12
-1.7185094e-16
3.6240582e-12
-1.5725074e-16
3.624063e-12
-1.436035e-16
3.6240674e-12
-1.3088727e-16
3.6240715e-12
-1.1907334e-16
3.6240752e-12
-1.0812788e-16
3.6240787e-12
-9.801331e-17
3.6240819e-12
-8.868946e-17
3.6240848e-12
-8.0114547e-17
3.6240875e-12
-7.2245969e-17
3.6240899e-12
-6.5040964e-17
3.6240922e-12
-5.8457142e-17
3.6240942e-12
-5.2452919e-17
3.624096e-12
-4.6987845e-17
3.6240977e-12
-4.2022871e-17
3.6240992e-12
-3.7520532e-17
3.6241006e-12
-3.3445092e-17
3.6241018e-12
-2.976263e-17
3.624103e-12
-2.644109e-17
3.624104e-12
-2.3450307e-17
3.6241049e-12
-2.0761991e-17
3.6241057e-12
-1.8349707e-17
3.6241064e-12
-1.6188827e-17
3.6241071e-12
-1.4256472e-17
3.6241076e-12
-1.2531448e-17
3.6241082e-12
-1.0994164e-17
3.6241086e-12
-9.6265619e-18
3.624109e-12
-8.4120265e-18
3.6241094e-12
-7.3353042e-18
3.6241097e-12
-6.3824179e-18
3.62411e-12
-5.540583e-18
3.6241103e-12
-4.7981255e-18
3.6241105e-12
-4.1444017e-18
3.6241107e-12
-3.5697211e-18
3.6241109e-12
-3.0652724e-18
3.624111e-12
-2.6230526e-18
3.6241111e-12
-2.2358002e-18
3.6241113e-12
-1.8969313e-18
3.6241114e-12
-1.6004803e-18
3.6241115e-12
-1.3410439e-18
3.6241115e-12
-1.1137286e-18
3.6241116e-12
-9.1410249e-19
3.6241117e-12
-7.3814971e-19
3.6241117e-12
-5.8222898e-19
3.6241117e-12
-4.4303509e-19
3.6241118e-12
-3.1756364e-19
3.6241118e-12
-2.0307873e-19
3.6241118e-12
-9.7083505e-20
3.6241118e-12
2.7065693e-21
3.6241118e-12
9.8387878e-20
3.6241118e-12
1.9189041e-19
3.6241118e-12
2.8499719e-19
3.6241118e-12
3.7936158e-19
3.6241118e-12
4.7652249e-19
3.6241118e-12
5.7791769e-19
3.6241118e-12
6.8489527e-19
3.6241117e-12
7.987234e-19
3.6241117e-12
9.2059841e-19
3.6241117e-12
1.0516514e-18
3.6241116e-12
1.1929532e-18
3.6241116e-12
1.3455181e-18
3.6241115e-12
1.5103064e-18
3.6241114e-12
1.688225e-18
3.6241114e-12
1.8801275e-18
3.6241113e-12
2.086813e-18
3.6241112e-12
2.3090233e-18
3.6241111e-12
2.5474395e-18
3.624111e-12
2.8026772e-18
3.6241109e-12
3.075281e-18
3.6241108e-12
3.3657177e-18
3.6241106e-12
3.6743686e-18
3.6241105e-12
4.001521e-18
3.6241103e-12
4.3473586e-18
3.6241101e-12
4.7119507e-18
3.62411e-12
5.0952414e-18
3.6241098e-12
5.4970361e-18
3.6241095e-12
5.9169894e-18
3.6241093e-12
6.3545894e-18
3.6241091e-12
6.8091431e-18
3.6241088e-12
7.2797595e-18
3.6241086e-12
7.7653314e-18
3.6241083e-12
8.2645169e-18
3.624108e-12
8.7757183e-18
3.6241077e-12
9.2970601e-18
3.6241073e-12
9.8263651e-18
3.624107e-12
1.0361129e-17
3.6241066e-12
1.0898491e-17
3.6241063e-12
1.1435208e-17
3.6241059e-12
1.1967619e-17
3.6241055e-12
1.2491617e-17
3.6241051e-12
1.3002613e-17
3.6241047e-12
1.3495505e-17
3.6241043e-12
1.3964648e-17
3.6241038e-12
1.4403832e-17
3.6241034e-12
1.4806269e-17
3.624103e-12
1.5164591e-17
3.6241025e-12
1.5470871e-17
3.6241021e-12
1.5716651e-17
3.6241017e-12
1.5893184e-17
3.6241013e-12
1.5991707e-17
3.6241009e-12
1.6001803e-17
1.5901725e-17
3.2864428e-12
1.2264432e-13
3.3120145e-12
3.4325158e-13
3.3500929e-12
5.3627059e-13
3.3970251e-12
6.9991203e-13
3.4493057e-12
8.3372589e-13
3.503794e-12
9.3839802e-13
3.557855e-12
1.0155557e-12
3.6094251e-12
1.0675284e-12
3.6570121e-12
1.0970982e-12
3.6996494e-12
1.1072731e-12
3.7368206e-12
1.1010975e-12
3.7683724e-12
1.0815081e-12
3.7944269e-12
1.0512339e-12
3.8153007e-12
1.012735e-12
3.8314364e-12
9.6817319e-13
3.8433467e-12
9.1940591e-13
3.8515713e-12
8.6799717e-13
3.856646e-12
8.1523892e-13
3.8590813e-12
7.6217819e-13
3.8593484e-12
7.0964676e-13
3.8578723e-12
6.5829078e-13
3.8550281e-12
6.0859898e-13
3.8511412e-12
5.6092843e-13
3.84649e-12
5.1552754e-13
3.8413083e-12
4.7255613e-13
3.8357905e-12
4.3210273e-13
3.8300954e-12
3.9419917e-13
3.8243507e-12
3.5883293e-13
3.8186576e-12
3.2595728e-13
3.8130943e-12
2.9549981e-13
3.8077198e-12
2.673692e-13
3.802577e-12
2.4146092e-13
3.7976959e-12
2.1766166e-13
3.7930951e-12
1.9585299e-13
3.7887851e-12
1.7591416e-13
3.784769e-12
1.5772439e-13
3.7810448e-12
1.4116455e-13
3.7776061e-12
1.2611847e-13
3.7744435e-12
1.1247396e-13
3.7715452e-12
1.0012346e-13
3.7688981e-12
8.8964542e-14
3.7664878e-12
7.8900205e-14
3.7642996e-12
6.9839034e-14
3.7623184e-12
6.1695249e-14
3.7605294e-12
5.4388668e-14
3.758918e-12
4.7844599e-14
3.7574701e-12
4.1993682e-14
3.7561723e-12
3.6771697e-14
3.7550116e-12
3.211934e-14
3.7539759e-12
2.7981984e-14
3.7530539e-12
2.4309427e-14
3.752235e-12
2.1055639e-14
3.7515094e-12
1.81785e-14
3.7508678e-12
1.5639549e-14
3.7503019e-12
1.3403731e-14
3.749804e-12
1.1439161e-14
3.749367e-12
9.7168836e-15
3.7489845e-12
8.2106571e-15
3.7486505e-12
6.8967365e-15
3.7483598e-12
5.7536748e-15
3.7481075e-12
4.7621335e-15
3.7478893e-12
3.9047052e-15
3.7477012e-12
3.1657466e-15
3.7475397e-12
2.5312241e-15
3.7474015e-12
1.9885697e-15
3.7472839e-12
1.5265466e-15
3.7471843e-12
1.1351263e-15
3.7471005e-12
8.0537427e-16
3.7470303e-12
5.2934478e-16
3.7469721e-12
2.9998466e-16
3.7469241e-12
1.1104482e-16
3.7468851e-12
-4.3000637e-17
3.7468537e-12
-1.6702822e-16
3.7468289e-12
-2.6533235e-16
3.7468096e-12
-3.4168656e-16
3.7467952e-12
-3.9939906e-16
3.7467847e-12
-4.4136313e-16
3.7467776e-12
-4.7010264e-16
3.7467733e-12
-4.8781327e-16
3.7467713e-12
-4.9639962e-16
3.7467712e-12
-4.9750861e-16
3.7467727e-12
-4.9255955e-16
3.7467754e-12
-4.8277104e-16
3.746779e-12
-4.6918516e-16
3.7467834e-12
-4.5268902e-16
3.7467883e-12
-4.3403403e-16
3.7467936e-12
-4.1385307e-16
3.7467991e-12
-3.9267576e-16
3.7468048e-12
-3.7094201e-16
3.7468105e-12
-3.4901403e-16
3.7468162e-12
-3.2718696e-16
3.7468218e-12
-3.0569822e-16
3.7468272e-12
-2.8473582e-16
3.7468325e-12
-2.6444554e-16
3.7468376e-12
-2.4493738e-16
3.7468424e-12
-2.2629105e-16
3.746847e-12
-2.0856087e-16
3.7468514e-12
-1.9177998e-16
3.7468555e-12
-1.7596398e-16
3.7468594e-12
-1.6111417e-16
3.746863e-12
-1.4722018e-16
3.7468664e-12
-1.3426242e-16
3.7468695e-12
-1.2221401e-16
3.7468724e-12
-1.1104249e-16
3.7468751e-12
-1.0071134e-16
3.7468776e-12
-9.1181084e-17
3.7468799e-12
-8.2410416e-17
3.746882e-12
-7.4356977e-17
3.7468839e-12
-6.6978078e-17
3.7468857e-12
-6.023126e-17
3.7468873e-12
-5.4074752e-17
3.7468888e-12
-4.846783e-17
3.7468902e-12
-4.3371099e-17
3.7468914e-12
-3.8746698e-17
3.7468925e-12
-3.4558454e-17
3.7468935e-12
-3.0771986e-17
3.7468944e-12
-2.7354763e-17
3.7468953e-12
-2.4276136e-17
3.746896e-12
-2.1507335e-17
3.7468967e-12
-1.9021449e-17
3.7468973e-12
-1.6793383e-17
3.7468978e-12
-1.4799806e-17
3.7468983e-12
-1.3019089e-17
3.7468987e-12
-1.1431224e-17
3.7468991e-12
-1.0017756e-17
3.7468995e-12
-8.7616907e-18
3.7468998e-12
-7.6474196e-18
3.7469001e-12
-6.66063e-18
3.7469003e-12
-5.7882228e-18
3.7469005e-12
-5.0182297e-18
3.7469007e-12
-4.3397329e-18
3.7469009e-12
-3.7427864e-18
3.7469011e-12
-3.2183419e-18
3.7469012e-12
-2.7581769e-18
3.7469013e-12
-2.3548265e-18
3.7469014e-12
-2.0015192e-18
3.7469015e-12
-1.6921164e-18
3.7469016e-12
-1.4210551e-18
3.7469017e-12
-1.1832952e-18
3.7469017e-12
-9.7426932e-19
3.7469018e-12
-7.8983751e-19
3.7469018e-12
-6.2624417e-19
3.7469019e-12
-4.8007903e-19
3.7469019e-12
-3.4824106e-19
3.7469019e-12
-2.2790542e-19
3.7469019e-12
-1.1649341e-19
3.7469019e-12
-1.1645055e-20
3.746902e-12
8.8805619e-20
3.746902e-12
1.8685284e-19
3.746902e-12
2.8433904e-19
3.746902e-12
3.8297254e-19
3.746902e-12
4.8434319e-19
3.7469019e-12
5.8993601e-19
3.7469019e-12
7.0114294e-19
3.7469019e-12
8.1927281e-19
3.7469019e-12
9.4555973e-19
3.7469018e-12
1.0811697e-18
3.7469018e-12
1.2272061e-18
3.7469018e-12
1.3847129e-18
3.7469017e-12
1.5546776e-18
3.7469017e-12
1.738032e-18
3.7469016e-12
1.9356522e-18
3.7469016e-12
2.1483569e-18
3.7469015e-12
2.3769051e-18
3.7469014e-12
2.6219921e-18
3.7469013e-12
2.8842451e-18
3.7469012e-12
3.1642167e-18
3.7469012e-12
3.4623787e-18
3.746901e-12
3.7791134e-18
3.7469009e-12
4.1147052e-18
3.7469008e-12
4.4693307e-18
3.7469007e-12
4.8430472e-18
3.7469005e-12
5.2357814e-18
3.7469004e-12
5.6473162e-18
3.7469002e-12
6.077277e-18
3.7469001e-12
6.5251164e-18
3.7468999e-12
6.9900986e-18
3.7468997e-12
7.4712817e-18
3.7468995e-12
7.9675e-18
3.7468993e-12
8.4773436e-18
3.746899e-12
8.9991382e-18
3.7468988e-12
9.5309219e-18
3.7468986e-12
1.0070422e-17
3.7468983e-12
1.0615028e-17
3.7468981e-12
1.1161767e-17
3.7468978e-12
1.1707274e-17
3.7468975e-12
1.2247763e-17
3.7468972e-12
1.2778994e-17
3.7468969e-12
1.3296252e-17
3.7468966e-12
1.3794309e-17
3.7468963e-12
1.4267411e-17
3.746896e-12
1.470925e-17
3.7468957e-12
1.5112964e-17
3.7468954e-12
1.5471143e-17
3.7468951e-12
1.5775844e-17
3.7468948e-12
1.601861e-17
3.7468945e-12
1.6190753e-17
3.7468942e-12
1.6283665e-17
3.7468939e-12
1.6286608e-17
1.6176678e-17
3.285819e-12
1.1371029e-13
3.3099322e-12
3.1913838e-13
3.3461844e-12
5.0001845e-13
3.3913869e-12
6.5470948e-13
3.4424367e-12
7.8267606e-13
3.4964965e-12
8.8433829e-13
3.5511205e-12
9.6093167e-13
3.6043236e-12
1.0143253e-12
3.6545972e-12
1.0468246e-12
3.7008857e-12
1.0609845e-12
3.7425362e-12
1.059447e-12
3.7792327e-12
1.0448116e-12
3.8109267e-12
1.0195398e-12
3.8377702e-12
9.8589155e-13
3.8600553e-12
9.4588811e-13
3.8781638e-12
9.0129733e-13
3.8925267e-12
8.5363431e-13
3.9035923e-12
8.0417332e-13
3.911804e-12
7.5396654e-13
3.917584e-12
7.0386668e-13
3.9213239e-12
6.5455088e-13
3.9233784e-12
6.0654456e-13
3.9240629e-12
5.6024386e-13
3.9236541e-12
5.1593633e-13
3.9223908e-12
4.7381946e-13
3.9204767e-12
4.3401687e-13
3.9180834e-12
3.9659247e-13
3.9153539e-12
3.615624e-13
3.9124059e-12
3.2890529e-13
3.909335e-12
2.9857075e-13
3.9062177e-12
2.704865e-13
3.9031144e-12
2.4456418e-13
3.9000719e-12
2.2070417e-13
3.8971254e-12
1.9879948e-13
3.8943007e-12
1.7873887e-13
3.8916158e-12
1.6040932e-13
3.8890823e-12
1.4369805e-13
3.8867067e-12
1.2849401e-13
3.8844916e-12
1.1468903e-13
3.8824364e-12
1.0217872e-13
3.8805378e-12
9.0863092e-14
3.8787911e-12
8.0646964e-14
3.8771899e-12
7.1440249e-14
3.875727e-12
6.3158089e-14
3.8743948e-12
5.5720895e-14
3.8731851e-12
4.9054304e-14
3.8720897e-12
4.3089082e-14
3.8711004e-12
3.7760973e-14
3.8702092e-12
3.301051e-14
3.8694084e-12
2.8782817e-14
3.8686905e-12
2.5027371e-14
3.8680483e-12
2.1697777e-14
3.8674753e-12
1.875152e-14
3.8669651e-12
1.6149729e-14
3.8665119e-12
1.3856931e-14
3.8661103e-12
1.1840825e-14
3.8657551e-12
1.0072051e-14
3.8654418e-12
8.523971e-15
3.8651661e-12
7.1724618e-15
3.864924e-12
5.9957168e-15
3.8647121e-12
4.9740577e-15
3.864527e-12
4.0897574e-15
3.8643659e-12
3.3268743e-15
3.864226e-12
2.6710974e-15
3.864105e-12
2.1096014e-15
3.8640006e-12
1.6309124e-15
3.863911e-12
1.2247839e-15
3.8638343e-12
8.8208103e-16
3.8637689e-12
5.9467538e-16
3.8637136e-12
3.5534698e-16
3.8636669e-12
1.576951e-16
3.8636279e-12
-3.9437562e-18
3.8635954e-12
-1.3457068e-16
3.8635687e-12
-2.3859262e-16
3.8635469e-12
-3.1988454e-16
3.8635293e-12
-3.8184591e-16
3.8635154e-12
-4.274519e-16
3.8635046e-12
-4.592998e-16
3.8634964e-12
-4.7965093e-16
3.8634905e-12
-4.9046847e-16
3.8634865e-12
-4.9345152e-16
3.863484e-12
-4.9006577e-16
3.8634828e-12
-4.81571e-16
3.8634826e-12
-4.6904573e-16
3.8634833e-12
-4.5340927e-16
3.8634848e-12
-4.3544143e-16
3.8634867e-12
-4.1580008e-16
3.8634891e-12
-3.9503675e-16
3.8634917e-12
-3.7361057e-16
3.8634946e-12
-3.519005e-16
3.8634976e-12
-3.302163e-16
3.8635008e-12
-3.0880808e-16
3.8635039e-12
-2.8787483e-16
3.863507e-12
-2.6757185e-16
3.8635101e-12
-2.4801726e-16
3.8635131e-12
-2.2929778e-16
3.863516e-12
-2.1147369e-16
3.8635188e-12
-1.9458319e-16
3.8635215e-12
-1.7864618e-16
3.8635241e-12
-1.6366753e-16
3.8635265e-12
-1.4963989e-16
3.8635288e-12
-1.3654612e-16
3.8635309e-12
-1.2436138e-16
3.8635329e-12
-1.1305487e-16
3.8635348e-12
-1.0259136e-16
3.8635366e-12
-9.293243e-17
3.8635382e-12
-8.4037551e-17
3.8635397e-12
-7.5864953e-17
3.8635411e-12
-6.8372364e-17
3.8635424e-12
-6.1517596e-17
3.8635436e-12
-5.5259031e-17
3.8635446e-12
-4.9556001e-17
3.8635456e-12
-4.4369083e-17
3.8635466e-12
-3.9660327e-17
3.8635474e-12
-3.539342e-17
3.8635482e-12
-3.15338e-17
3.8635488e-12
-2.8048726e-17
3.8635495e-12
-2.4907317e-17
3.86355e-12
-2.2080556e-17
3.8635506e-12
-1.9541277e-17
3.863551e-12
-1.7264123e-17
3.8635515e-12
-1.5225506e-17
3.8635518e-12
-1.3403534e-17
3.8635522e-12
-1.1777949e-17
3.8635525e-12
-1.0330049e-17
3.8635528e-12
-9.0426022e-18
3.863553e-12
-7.8997722e-18
3.8635533e-12
-6.8870285e-18
3.8635535e-12
-5.9910654e-18
3.8635537e-12
-5.1997189e-18
3.8635538e-12
-4.5018864e-18
3.863554e-12
-3.8874488e-18
3.8635541e-12
-3.3471953e-18
3.8635542e-12
-2.8727513e-18
3.8635543e-12
-2.4565104e-18
3.8635544e-12
-2.0915692e-18
3.8635545e-12
-1.7716665e-18
3.8635545e-12
-1.4911258e-18
3.8635546e-12
-1.2448016e-18
3.8635547e-12
-1.0280292e-18
3.8635547e-12
-8.3657837e-19
3.8635547e-12
-6.6661034e-19
3.8635548e-12
-5.1463789e-19
3.8635548e-12
-3.7748895e-19
3.8635548e-12
-2.522731e-19
3.8635549e-12
-1.3635106e-19
3.8635549e-12
-2.7306894e-20
3.8635549e-12
7.7077051e-20
3.8635549e-12
1.7884281e-19
3.8635549e-12
2.79877e-19
3.8635549e-12
3.8192884e-19
3.8635549e-12
4.8662601e-19
3.8635549e-12
5.9548855e-19
3.8635549e-12
7.0994076e-19
3.8635549e-12
8.3132147e-19
3.8635549e-12
9.6089238e-19
3.8635548e-12
1.099845e-18
3.8635548e-12
1.2493059e-18
3.8635548e-12
1.4103405e-18
3.8635548e-12
1.5839556e-18
3.8635547e-12
1.7711004e-18
3.8635547e-12
1.9726661e-18
3.8635546e-12
2.1894848e-18
3.8635546e-12
2.4223265e-18
3.8635545e-12
2.6718955e-18
3.8635545e-12
2.9388254e-18
3.8635544e-12
3.2236731e-18
3.8635544e-12
3.5269114e-18
3.8635543e-12
3.8489214e-18
3.8635542e-12
4.1899828e-18
3.8635541e-12
4.5502639e-18
3.8635541e-12
4.9298106e-18
3.863554e-12
5.3285339e-18
3.8635539e-12
5.7461967e-18
3.8635538e-12
6.1823997e-18
3.8635536e-12
6.636566e-18
3.8635535e-12
7.1079247e-18
3.8635534e-12
7.5954934e-18
3.8635533e-12
8.0980595e-18
3.8635531e-12
8.6141605e-18
3.863553e-12
9.1420627e-18
3.8635528e-12
9.6797389e-18
3.8635527e-12
1.0224845e-17
3.8635525e-12
1.0774693e-17
3.8635524e-12
1.132623e-17
3.8635522e-12
1.1876005e-17
3.863552e-12
1.2420147e-17
3.8635519e-12
1.2954334e-17
3.8635517e-12
1.3473771e-17
3.8635515e-12
1.3973161e-17
3.8635513e-12
1.4446695e-17
3.8635511e-12
1.4888028e-17
3.863551e-12
1.5290284e-17
3.8635508e-12
1.5646064e-17
3.8635506e-12
1.5947464e-17
3.8635504e-12
1.6186091e-17
3.8635503e-12
1.6353318e-17
3.8635501e-12
1.6440567e-17
3.86355e-12
1.6437427e-17
1.6319076e-17
3.285286e-12
1.053093e-13
3.3081359e-12
2.9628845e-13
3.3427766e-12
4.6537776e-13
3.3864049e-12
6.1108114e-13
3.4362605e-12
7.328205e-13
3.4897754e-12
8.3082335e-13
3.5446852e-12
9.0602189e-13
3.5990959e-12
9.5991462e-13
3.65151e-12
9.9441056e-13
3.7008185e-12
1.011676e-12
3.7462687e-12
1.0139968e-12
3.7874164e-12
1.0036639e-12
3.8240718e-12
9.8288448e-13
3.8562444e-12
9.5371891e-13
3.8840921e-12
9.1804043e-13
3.9078757e-12
8.7751373e-13
3.9279215e-12
8.3358848e-13
3.9445912e-12
7.8750364e-13
3.9582584e-12
7.4029931e-13
3.9692921e-12
6.9283302e-13
3.9780443e-12
6.4579864e-13
3.984843e-12
5.9974585e-13
3.9899873e-12
5.5509953e-13
3.9937458e-12
5.1217791e-13
3.9963559e-12
4.7120934e-13
3.9980254e-12
4.3234732e-13
3.9989341e-12
3.9568379e-13
3.9992358e-12
3.6126072e-13
3.999061e-12
3.2908004e-13
3.9985197e-12
2.9911211e-13
3.9977033e-12
2.7130291e-13
3.9966875e-12
2.4557998e-13
3.9955342e-12
2.2185744e-13
3.9942936e-12
2.0004003e-13
3.993006e-12
1.8002647e-13
3.9917032e-12
1.6171217e-13
3.9904099e-12
1.4499137e-13
3.989145e-12
1.2975886e-13
3.9879227e-12
1.1591131e-13
3.9867532e-12
1.0334828e-13
3.9856433e-12
9.1972982e-14
3.9845974e-12
8.1692818e-14
3.9836179e-12
7.2419757e-14
3.9827055e-12
6.4070557e-14
3.9818595e-12
5.656688e-14
3.9810785e-12
4.9835319e-14
3.9803602e-12
4.3807343e-14
3.979702e-12
3.84192e-14
3.9791007e-12
3.361177e-14
3.9785531e-12
2.9330388e-14
3.9780559e-12
2.5524644e-14
3.9776055e-12
2.2148172e-14
3.9771986e-12
1.9158427e-14
3.9768318e-12
1.6516456e-14
3.9765021e-12
1.4186676e-14
3.9762063e-12
1.2136645e-14
3.9759415e-12
1.0336847e-14
3.975705e-12
8.7604785e-15
3.9754942e-12
7.3832455e-15
3.9753067e-12
6.1831685e-15
3.9751404e-12
5.1403977e-15
3.9749931e-12
4.2370393e-15
3.974863e-12
3.4569903e-15
3.9747483e-12
2.7857852e-15
3.9746475e-12
2.2104522e-15
3.974559e-12
1.719379e-15
3.9744816e-12
1.3021893e-15
3.974414e-12
9.4962719e-16
3.9743553e-12
6.5345154e-16
3.9743043e-12
4.0633816e-16
3.9742602e-12
2.0179009e-16
3.9742222e-12
3.4055373e-17
3.9741896e-12
-1.0194822e-16
3.9741617e-12
-2.1070181e-16
3.9741379e-12
-2.9614806e-16
3.9741178e-12
-3.6174799e-16
3.9741009e-12
-4.105327e-16
3.9740868e-12
-4.4515012e-16
3.974075e-12
-4.6790736e-16
3.9740654e-12
-4.8080888e-16
3.9740575e-12
-4.8559102e-16
3.9740512e-12
-4.8375287e-16
3.9740462e-12
-4.765842e-16
3.9740423e-12
-4.6519038e-16
3.9740395e-12
-4.5051472e-16
3.9740374e-12
-4.3335842e-16
3.974036e-12
-4.1439839e-16
3.9740351e-12
-3.9420312e-16
3.9740348e-12
-3.7324674e-16
3.9740348e-12
-3.519215e-16
3.9740351e-12
-3.3054891e-16
3.9740357e-12
-3.0938944e-16
3.9740365e-12
-2.8865117e-16
3.9740374e-12
-2.6849738e-16
3.9740384e-12
-2.4905321e-16
3.9740396e-12
-2.3041148e-16
3.9740407e-12
-2.1263779e-16
3.9740419e-12
-1.9577497e-16
3.9740431e-12
-1.7984693e-16
3.9740443e-12
-1.6486198e-16
3.9740455e-12
-1.5081576e-16
3.9740466e-12
-1.3769366e-16
3.9740477e-12
-1.2547304e-16
3.9740488e-12
-1.1412493e-16
3.9740498e-12
-1.0361566e-16
3.9740508e-12
-9.3908127e-17
3.9740517e-12
-8.4962897e-17
3.9740526e-12
-7.6739104e-17
3.9740534e-12
-6.9195217e-17
3.9740542e-12
-6.2289651e-17
3.9740549e-12
-5.5981271e-17
3.9740556e-12
-5.0229784e-17
3.9740562e-12
-4.4996061e-17
3.9740568e-12
-4.0242366e-17
3.9740573e-12
-3.5932539e-17
3.9740578e-12
-3.2032121e-17
3.9740583e-12
-2.8508427e-17
3.9740587e-12
-2.5330597e-17
3.9740591e-12
-2.2469608e-17
3.9740595e-12
-1.9898259e-17
3.9740598e-12
-1.7591147e-17
3.9740601e-12
-1.5524614e-17
3.9740604e-12
-1.3676696e-17
3.9740606e-12
-1.2027049e-17
3.9740609e-12
-1.055688e-17
3.9740611e-12
-9.2488664e-18
3.9740612e-12
-8.0870745e-18
3.9740614e-12
-7.0568787e-18
3.9740616e-12
-6.1448784e-18
3.9740617e-12
-5.3388164e-18
3.9740618e-12
-4.6274993e-18
3.9740619e-12
-4.00072e-18
3.974062e-12
-3.4491832e-18
3.9740621e-12
-2.9644334e-18
3.9740622e-12
-2.5387869e-18
3.9740623e-12
-2.1652672e-18
3.9740624e-12
-1.8375439e-18
3.9740624e-12
-1.5498751e-18
3.9740625e-12
-1.2970539e-18
3.9740625e-12
-1.0743579e-18
3.9740626e-12
-8.7750305e-19
3.9740626e-12
-7.0260003e-19
3.9740626e-12
-5.461146e-19
3.9740627e-12
-4.0483082e-19
3.9740627e-12
-2.7581747e-19
3.9740627e-12
-1.5639734e-19
3.9740627e-12
-4.4119299e-20
3.9740627e-12
6.3266994e-20
3.9740627e-12
1.6783381e-19
3.9740628e-12
2.7149578e-19
3.9740628e-12
3.76028e-19
3.9740628e-12
4.8308205e-19
3.9740628e-12
5.9419994e-19
3.9740628e-12
7.1082624e-19
3.9740628e-12
8.3431827e-19
3.9740628e-12
9.6595466e-19
3.9740627e-12
1.1069423e-18
3.9740627e-12
1.2584215e-18
3.9740627e-12
1.4214702e-18
3.9740627e-12
1.597106e-18
3.9740627e-12
1.7862875e-18
3.9740627e-12
1.9899139e-18
3.9740627e-12
2.2088239e-18
3.9740626e-12
2.4437923e-18
3.9740626e-12
2.6955269e-18
3.9740626e-12
2.9646627e-18
3.9740626e-12
3.2517566e-18
3.9740625e-12
3.5572794e-18
3.9740625e-12
3.8816081e-18
3.9740625e-12
4.2250163e-18
3.9740624e-12
4.5876639e-18
3.9740624e-12
4.9695857e-18
3.9740623e-12
5.3706791e-18
3.9740623e-12
5.7906905e-18
3.9740622e-12
6.2292011e-18
3.9740622e-12
6.6856113e-18
3.9740621e-12
7.1591239e-18
3.9740621e-12
7.648727e-18
3.974062e-12
8.1531749e-18
3.974062e-12
8.6709681e-18
3.9740619e-12
9.2003329e-18
3.9740619e-12
9.7391989e-18
3.9740618e-12
1.0285176e-17
3.9740617e-12
1.083553e-17
3.9740617e-12
1.1387158e-17
3.9740616e-12
1.1936563e-17
3.9740616e-12
1.2479832e-17
3.9740615e-12
1.3012604e-17
3.9740614e-12
1.3530054e-17
3.9740614e-12
1.4026874e-17
3.9740613e-12
1.449725e-17
3.9740613e-12
1.4934861e-17
3.9740613e-12
1.5332873e-17
3.9740612e-12
1.5683954e-17
3.9740612e-12
1.5980286e-17
3.9740612e-12
1.6213571e-17
3.9740611e-12
1.6375309e-17
3.9740611e-12
1.6457139e-17
3.9740611e-12
1.6448374e-17
1.6323564e-17
3.2848281e-12
9.736617e-14
3.3065804e-12
2.7453621e-13
3.3397984e-12
4.3215975e-13
3.3820004e-12
5.6887906e-13
3.4307184e-12
6.8410258e-13
3.483622e-12
7.7791971e-13
3.5386159e-12
8.5102796e-13
3.593903e-12
9.046276e-13
3.648015e-12
9.4029851e-13
3.6998159e-12
9.5987509e-13
3.7484825e-12
9.6533022e-13
3.7934712e-12
9.5867519e-13
3.8344766e-12
9.4187908e-13
3.8713871e-12
9.1680837e-13
3.9042421e-12
8.8518542e-13
3.9331925e-12
8.4856333e-13
3.9584667e-12
8.0831428e-13
3.9803423e-12
7.6562809e-13
3.9991232e-12
7.2151836e-13
4.0151227e-12
6.7683359e-13
4.0286499e-12
6.3227143e-13
4.0400013e-12
5.8839445e-13
4.0494545e-12
5.4564629e-13
4.057265e-12
5.0436749e-13
4.0636639e-12
4.6481037e-13
4.0688585e-12
4.2715274e-13
4.0730321e-12
3.9151024e-13
4.0763455e-12
3.579473e-13
4.0789389e-12
3.2648666e-13
4.0809333e-12
2.9711771e-13
4.0824326e-12
2.6980352e-13
4.0835258e-12
2.4448684e-13
4.084288e-12
2.2109521e-13
4.084783e-12
1.9954508e-13
4.085064e-12
1.7974537e-13
4.085176e-12
1.6160026e-13
4.0851558e-12
1.4501152e-13
4.0850343e-12
1.2988037e-13
4.0848367e-12
1.1610893e-13
4.0845836e-12
1.0360139e-13
4.0842917e-12
9.2264835e-14
4.0839746e-12
8.2009933e-14
4.083643e-12
7.2751371e-14
4.0833054e-12
6.4408166e-14
4.0829684e-12
5.6903854e-14
4.0826372e-12
5.0166567e-14
4.0823155e-12
4.4129038e-14
4.0820061e-12
3.8728547e-14
4.0817111e-12
3.3906808e-14
4.0814316e-12
2.9609827e-14
4.0811686e-12
2.5787731e-14
4.0809221e-12
2.2394577e-14
4.0806924e-12
1.938815e-14
4.0804791e-12
1.6729752e-14
4.0802818e-12
1.4383992e-14
4.0800999e-12
1.2318568e-14
4.0799327e-12
1.0504066e-14
4.0797794e-12
8.9137465e-15
4.0796393e-12
7.5233568e-15
4.0795115e-12
6.3109358e-15
4.0793953e-12
5.2566365e-15
4.0792898e-12
4.3425544e-15
4.0791942e-12
3.5525667e-15
4.0791078e-12
2.8721811e-15
4.0790299e-12
2.2883932e-15
4.0789597e-12
1.7895554e-15
4.0788966e-12
1.3652533e-15
4.0788401e-12
1.0061921e-15
4.0787894e-12
7.0409136e-16
4.0787442e-12
4.5158804e-16
4.0787038e-12
2.4214704e-16
4.0786679e-12
6.9979473e-17
4.078636e-12
-7.0032321e-17
4.0786077e-12
-1.824033e-16
4.0785826e-12
-2.7110814e-16
4.0785605e-12
-3.3963812e-16
4.078541e-12
-3.9105266e-16
4.0785239e-12
-4.280262e-16
4.0785089e-12
-4.5289052e-16
4.0784958e-12
-4.67673e-16
4.0784843e-12
-4.7413114e-16
4.0784743e-12
-4.7378359e-16
4.0784657e-12
-4.6793812e-16
4.0784582e-12
-4.5771659e-16
4.0784518e-12
-4.4407743e-16
4.0784463e-12
-4.2783568e-16
4.0784415e-12
-4.0968085e-16
4.0784375e-12
-3.901929e-16
4.0784341e-12
-3.6985636e-16
4.0784313e-12
-3.4907298e-16
4.0784289e-12
-3.2817278e-16
4.0784269e-12
-3.0742398e-16
4.0784253e-12
-2.8704164e-16
4.078424e-12
-2.671953e-16
4.078423e-12
-2.4801576e-16
4.0784222e-12
-2.2960089e-16
4.0784216e-12
-2.1202085e-16
4.0784211e-12
-1.9532251e-16
4.0784208e-12
-1.795334e-16
4.0784206e-12
-1.6466508e-16
4.0784205e-12
-1.5071604e-16
4.0784205e-12
-1.3767424e-16
4.0784205e-12
-1.2551928e-16
4.0784206e-12
-1.1422421e-16
4.0784208e-12
-1.0375713e-16
4.0784209e-12
-9.4082484e-17
4.0784211e-12
-8.5162202e-17
4.0784214e-12
-7.6956625e-17
4.0784216e-12
-6.9425271e-17
4.0784218e-12
-6.2527473e-17
4.0784221e-12
-5.6222893e-17
4.0784223e-12
-5.0471932e-17
4.0784226e-12
-4.523606e-17
4.0784228e-12
-4.0478059e-17
4.078423e-12
-3.6162215e-17
4.0784232e-12
-3.2254445e-17
4.0784235e-12
-2.8722393e-17
4.0784237e-12
-2.5535471e-17
4.0784239e-12
-2.2664887e-17
4.078424e-12
-2.0083637e-17
4.0784242e-12
-1.7766476e-17
4.0784244e-12
-1.5689882e-17
4.0784245e-12
-1.3831996e-17
4.0784247e-12
-1.2172564e-17
4.0784248e-12
-1.0692861e-17
4.0784249e-12
-9.3756176e-18
4.0784251e-12
-8.204941e-18
4.0784252e-12
-7.1662346e-18
4.0784253e-12
-6.2461178e-18
4.0784254e-12
-5.4323451e-18
4.0784255e-12
-4.7137288e-18
4.0784255e-12
-4.080062e-18
4.0784256e-12
-3.5220448e-18
4.0784257e-12
-3.0312143e-18
4.0784257e-12
-2.5998764e-18
4.0784258e-12
-2.2210421e-18
4.0784258e-12
-1.8883669e-18
4.0784259e-12
-1.5960938e-18
4.0784259e-12
-1.3390001e-18
4.078426e-12
-1.1123472e-18
4.078426e-12
-9.1183478e-19
4.078426e-12
-7.3355727e-19
4.0784261e-12
-5.7396455e-19
4.0784261e-12
-4.2982525e-19
4.0784261e-12
-2.9819327e-19
4.0784261e-12
-1.7637717e-19
4.0784261e-12
-6.1912318e-20
4.0784262e-12
4.7464308e-20
4.0784262e-12
1.5383688e-19
4.0784262e-12
2.5913104e-19
4.0784262e-12
3.6513205e-19
4.0784262e-12
4.7350074e-19
4.0784262e-12
5.8578752e-19
4.0784262e-12
7.0344443e-19
4.0784262e-12
8.278354e-19
4.0784262e-12
9.6024478e-19
4.0784262e-12
1.1018843e-18
4.0784262e-12
1.2538982e-18
4.0784263e-12
1.4173675e-18
4.0784263e-12
1.593312e-18
4.0784263e-12
1.7826916e-18
4.0784263e-12
1.9864061e-18
4.0784263e-12
2.2052935e-18
4.0784263e-12
2.4401274e-18
4.0784263e-12
2.6916132e-18
4.0784263e-12
2.9603827e-18
4.0784263e-12
3.2469885e-18
4.0784263e-12
3.5518962e-18
4.0784263e-12
3.8754764e-18
4.0784263e-12
4.2179952e-18
4.0784263e-12
4.5796039e-18
4.0784263e-12
4.9603275e-18
4.0784263e-12
5.3600522e-18
4.0784263e-12
5.778512e-18
4.0784264e-12
6.2152742e-18
4.0784264e-12
6.6697241e-18
4.0784264e-12
7.1410481e-18
4.0784264e-12
7.6282165e-18
4.0784264e-12
8.1299646e-18
4.0784265e-12
8.6447736e-18
4.0784265e-12
9.1708495e-18
4.0784265e-12
9.7061017e-18
4.0784266e-12
1.0248121e-17
4.0784266e-12
1.0794156e-17
4.0784266e-12
1.1341091e-17
4.0784267e-12
1.188542e-17
4.0784268e-12
1.2423226e-17
4.0784268e-12
1.2950159e-17
4.0784269e-12
1.3461414e-17
4.078427e-12
1.3951716e-17
4.078427e-12
1.441531e-17
4.0784271e-12
1.4845948e-17
4.0784272e-12
1.5236894e-17
4.0784273e-12
1.5580935e-17
4.0784274e-12
1.5870394e-17
4.0784276e-12
1.6097134e-17
4.0784277e-12
1.6252795e-17
4.0784278e-12
1.63291e-17
4.0784279e-12
1.6315806e-17
1.6186086e-17
3.2844332e-12
8.9817933e-14
3.3052291e-12
2.5374031e-13
3.3371905e-12
4.0019832e-13
3.3781051e-12
5.2796451e-13
3.4257539e-12
6.3645383e-13
3.4780154e-12
7.2565814e-13
3.5329497e-12
7.9609367e-13
3.5888566e-12
8.4872069e-13
3.644309e-12
8.8484609e-13
3.6981626e-12
9.060215e-13
3.7495469e-12
9.1394598e-13
3.7978426e-12
9.1037951e-13
3.8426508e-12
8.970708e-13
3.8837583e-12
8.7570095e-13
3.9211011e-12
8.4784254e-13
3.9547319e-12
8.1493257e-13
3.9847888e-12
7.7825741e-13
4.0114697e-12
7.3894715e-13
4.0350108e-12
6.9797723e-13
4.0556691e-12
6.5617532e-13
4.073709e-12
6.1423158e-13
4.0893924e-12
5.7271101e-13
4.1029719e-12
5.3206676e-13
4.1146858e-12
4.9265364e-13
4.124755e-12
4.5474112e-13
4.1333821e-12
4.1852566e-13
4.1407503e-12
3.8414202e-13
4.1470241e-12
3.5167345e-13
4.1523501e-12
3.2116074e-13
4.1568576e-12
2.9261015e-13
4.1606608e-12
2.6600036e-13
4.1638593e-12
2.4128834e-13
4.1665401e-12
2.184144e-13
4.1687787e-12
1.9730646e-13
4.1706406e-12
1.7788354e-13
4.1721821e-12
1.6005877e-13
4.1734518e-12
1.4374176e-13
4.1744916e-12
1.2884059e-13
4.1753372e-12
1.1526331e-13
4.1760193e-12
1.0291928e-13
4.1765641e-12
9.1720057e-14
4.1769939e-12
8.158015e-14
4.1773277e-12
7.2417564e-14
4.1775817e-12
6.4154166e-14
4.1777696e-12
5.6715936e-14
4.1779031e-12
5.00331e-14
4.1779919e-12
4.4040184e-14
4.1780445e-12
3.8676001e-14
4.1780677e-12
3.3883571e-14
4.1780675e-12
2.9610018e-14
4.1780488e-12
2.5806418e-14
4.1780158e-12
2.242764e-14
4.1779718e-12
1.9432156e-14
4.1779197e-12
1.6781853e-14
4.1778618e-12
1.4441836e-14
4.1778002e-12
1.2380224e-14
4.1777363e-12
1.0567958e-14
4.1776714e-12
8.9785987e-15
4.1776066e-12
7.5881465e-15
4.1775427e-12
6.3748528e-15
4.1774803e-12
5.319049e-15
4.1774199e-12
4.4029795e-15
4.1773618e-12
3.6106457e-15
4.1773063e-12
2.9276577e-15
4.1772536e-12
2.3410961e-15
4.1772038e-12
1.8393826e-15
4.1771569e-12
1.4121593e-15
4.1771129e-12
1.0501768e-15
4.1770718e-12
7.4519092e-16
4.1770335e-12
4.8986699e-16
4.176998e-12
2.7769178e-16
4.1769651e-12
1.0289279e-16
4.1769347e-12
-3.9635795e-17
4.1769067e-12
-1.5440088e-16
4.1768809e-12
-2.4537219e-16
4.1768573e-12
-3.1603857e-16
4.1768357e-12
-3.6945911e-16
4.176816e-12
-4.0830953e-16
4.1767981e-12
-4.349242e-16
4.1767817e-12
-4.5133414e-16
4.1767669e-12
-4.593012e-16
4.1767535e-12
-4.60349e-16
4.1767413e-12
-4.5579063e-16
4.1767303e-12
-4.4675356e-16
4.1767205e-12
-4.3420194e-16
4.1767116e-12
-4.1895657e-16
4.1767036e-12
-4.017127e-16
4.1766965e-12
-3.8305593e-16
4.1766901e-12
-3.6347628e-16
4.1766844e-12
-3.433808e-16
4.1766793e-12
-3.2310462e-16
4.1766748e-12
-3.0292083e-16
4.1766709e-12
-2.8304911e-16
4.1766673e-12
-2.636634e-16
4.1766642e-12
-2.4489861e-16
4.1766615e-12
-2.2685651e-16
4.176659e-12
-2.0961085e-16
4.1766569e-12
-1.9321191e-16
4.1766551e-12
-1.7769036e-16
4.1766535e-12
-1.6306067e-16
4.1766521e-12
-1.4932403e-16
4.1766509e-12
-1.364709e-16
4.1766499e-12
-1.2448317e-16
4.176649e-12
-1.1333599e-16
4.1766482e-12
-1.0299939e-16
4.1766476e-12
-9.343959e-17
4.176647e-12
-8.4620133e-17
4.1766466e-12
-7.6502826e-17
4.1766462e-12
-6.9048529e-17
4.1766459e-12
-6.2217786e-17
4.1766456e-12
-5.5971362e-17
4.1766454e-12
-5.0270655e-17
4.1766453e-12
-4.5078031e-17
4.1766452e-12
-4.0357085e-17
4.1766451e-12
-3.6072831e-17
4.176645e-12
-3.2191843e-17
4.176645e-12
-2.8682351e-17
4.1766449e-12
-2.5514293e-17
4.1766449e-12
-2.2659346e-17
4.1766449e-12
-2.0090925e-17
4.176645e-12
-1.7784159e-17
4.176645e-12
-1.5715855e-17
4.176645e-12
-1.3864448e-17
4.1766451e-12
-1.2209944e-17
4.1766451e-12
-1.0733846e-17
4.1766451e-12
-9.4190863e-18
4.1766452e-12
-8.2499505e-18
4.1766452e-12
-7.2119971e-18
4.1766453e-12
-6.2919811e-18
4.1766453e-12
-5.477776e-18
4.1766454e-12
-4.7582971e-18
4.1766454e-12
-4.1234273e-18
4.1766455e-12
-3.5639444e-18
4.1766455e-12
-3.0714523e-18
4.1766455e-12
-2.6383147e-18
4.1766456e-12
-2.2575923e-18
4.1766456e-12
-1.9229829e-18
4.1766456e-12
-1.628766e-18
4.1766457e-12
-1.3697495e-18
4.1766457e-12
-1.1412214e-18
4.1766457e-12
-9.3890367e-19
4.1766458e-12
-7.589098e-19
4.1766458e-12
-5.9770588e-19
4.1766458e-12
-4.5207435e-19
4.1766458e-12
-3.1908095e-19
4.1766458e-12
-1.9604448e-19
4.1766459e-12
-8.0509258e-20
4.1766459e-12
2.9779867e-20
4.1766459e-12
1.3689995e-19
4.1766459e-12
2.4277012e-19
4.1766459e-12
3.4916955e-19
4.1766459e-12
4.5775324e-19
4.176646e-12
5.7006593e-19
4.176646e-12
6.8755399e-19
4.176646e-12
8.1157567e-19
4.176646e-12
9.4340951e-19
4.176646e-12
1.0842612e-18
4.176646e-12
1.2352689e-18
4.1766461e-12
1.3975071e-18
4.1766461e-12
1.571989e-18
4.1766461e-12
1.7596674e-18
4.1766461e-12
1.961435e-18
4.1766462e-12
2.1781223e-18
4.1766462e-12
2.4104952e-18
4.1766462e-12
2.659251e-18
4.1766463e-12
2.9250136e-18
4.1766463e-12
3.2083272e-18
4.1766463e-12
3.509649e-18
4.1766464e-12
3.8293411e-18
4.1766464e-12
4.1676611e-18
4.1766465e-12
4.5247518e-18
4.1766465e-12
4.9006297e-18
4.1766466e-12
5.2951728e-18
4.1766467e-12
5.7081071e-18
4.1766468e-12
6.1389926e-18
4.1766468e-12
6.5872072e-18
4.1766469e-12
7.0519313e-18
4.176647e-12
7.53213e-18
4.1766471e-12
8.0265348e-18
4.1766472e-12
8.5336249e-18
4.1766474e-12
9.0516068e-18
4.1766475e-12
9.5783939e-18
4.1766476e-12
1.0111585e-17
4.1766478e-12
1.0648442e-17
4.1766479e-12
1.1185869e-17
4.1766481e-12
1.1720389e-17
4.1766483e-12
1.2248126e-17
4.1766484e-12
1.2764781e-17
4.1766486e-12
1.3265619e-17
4.1766488e-12
1.3745451e-17
4.1766491e-12
1.4198628e-17
4.1766493e-12
1.4619031e-17
4.1766495e-12
1.5000074e-17
4.1766498e-12
1.533472e-17
4.17665e-12
1.5615479e-17
4.1766503e-12
1.5834403e-17
4.1766506e-12
1.5983354e-17
4.1766508e-12
1.6054346e-17
4.1766511e-12
1.6036971e-17
1.5904386e-17
3.2840915e-12
8.2611388e-14
3.3040526e-12
2.3377921e-13
3.3349041e-12
3.6934684e-13
3.37466e-12
4.8820858e-13
3.4213145e-12
5.8979938e-13
3.4729287e-12
6.7404393e-13
3.5277036e-12
7.4131881e-13
3.5840331e-12
7.9239114e-13
3.6405378e-12
8.2834142e-13
3.6960786e-12
8.5048069e-13
3.7497553e-12
8.6026928e-13
3.8008923e-12
8.592425e-13
3.8490163e-12
8.4894685e-13
3.8938288e-12
8.308884e-13
3.9351777e-12
8.0649364e-13
3.9730282e-12
7.7708205e-13
4.0074367e-12
7.438489e-13
4.0385271e-12
7.0785677e-13
4.0664706e-12
6.7003375e-13
4.0914691e-12
6.3117684e-13
4.1137417e-12
5.9195893e-13
4.1335145e-12
5.5293823e-13
4.1510124e-12
5.1456891e-13
4.1664536e-12
4.7721245e-13
4.1800458e-12
4.4114891e-13
4.1919836e-12
4.0658783e-13
4.2024472e-12
3.7367845e-13
4.2116016e-12
3.4251903e-13
4.219597e-12
3.1316538e-13
4.2265688e-12
2.8563834e-13
4.2326387e-12
2.5993041e-13
4.2379156e-12
2.360115e-13
4.2424961e-12
2.1383384e-13
4.2464663e-12
1.9333626e-13
4.2499022e-12
1.7444767e-13
4.2528708e-12
1.5709011e-13
4.2554314e-12
1.4118115e-13
4.2576361e-12
1.2663598e-13
4.2595304e-12
1.1336897e-13
4.2611546e-12
1.0129507e-13
4.2625439e-12
9.0330783e-14
4.263729e-12
8.0394981e-14
4.2647371e-12
7.1409506e-14
4.2655917e-12
6.3299606e-14
4.2663134e-12
5.5994228e-14
4.2669203e-12
4.9426205e-14
4.2674281e-12
4.3532351e-14
4.2678506e-12
3.8253484e-14
4.2681998e-12
3.3534385e-14
4.2684861e-12
2.932372e-14
4.2687186e-12
2.5573917e-14
4.2689052e-12
2.2241029e-14
4.2690528e-12
1.9284566e-14
4.2691673e-12
1.6667324e-14
4.269254e-12
1.4355202e-14
4.2693172e-12
1.2317018e-14
4.2693608e-12
1.0524318e-14
4.2693882e-12
8.9511988e-15
4.2694022e-12
7.5741242e-15
4.2694053e-12
6.3717521e-15
4.2693996e-12
5.324768e-15
4.2693869e-12
4.4157251e-15
4.2693686e-12
3.6288934e-15
4.2693462e-12
2.9501166e-15
4.2693206e-12
2.3666779e-15
4.2692928e-12
1.8671746e-15
4.2692635e-12
1.4414007e-15
4.2692335e-12
1.0802378e-15
4.2692031e-12
7.7555454e-16
4.2691729e-12
5.2011308e-16
4.2691431e-12
3.0748313e-16
4.269114e-12
1.3196292e-16
4.2690859e-12
-1.149326e-17
4.2690588e-12
-1.2734144e-16
4.269033e-12
-2.195085e-16
4.2690084e-12
-2.9144743e-16
4.2689851e-12
-3.4618748e-16
4.2689632e-12
-3.8637976e-16
4.2689426e-12
-4.1433851e-16
4.2689233e-12
-4.3207844e-16
4.2689054e-12
-4.4134845e-16
4.2688887e-12
-4.43662e-16
4.2688732e-12
-4.4032438e-16
4.2688589e-12
-4.3245733e-16
4.2688457e-12
-4.2102093e-16
4.2688336e-12
-4.0683335e-16
4.2688225e-12
-3.9058838e-16
4.2688123e-12
-3.7287112e-16
4.268803e-12
-3.5417191e-16
4.2687945e-12
-3.3489872e-16
4.2687868e-12
-3.1538813e-16
4.2687798e-12
-2.9591503e-16
4.2687734e-12
-2.7670124e-16
4.2687677e-12
-2.5792303e-16
4.2687625e-12
-2.3971778e-16
4.2687579e-12
-2.2218981e-16
4.2687537e-12
-2.0541551e-16
4.2687499e-12
-1.8944775e-16
4.2687465e-12
-1.7431977e-16
4.2687435e-12
-1.6004859e-16
4.2687408e-12
-1.4663786e-16
4.2687384e-12
-1.3408041e-16
4.2687363e-12
-1.2236039e-16
4.2687344e-12
-1.1145513e-16
4.2687328e-12
-1.0133671e-16
4.2687313e-12
-9.1973308e-17
4.26873e-12
-8.3330283e-17
4.2687289e-12
-7.5371162e-17
4.2687279e-12
-6.8058405e-17
4.268727e-12
-6.1354053e-17
4.2687263e-12
-5.5220255e-17
4.2687256e-12
-4.9619693e-17
4.2687251e-12
-4.4515922e-17
4.2687246e-12
-3.9873629e-17
4.2687242e-12
-3.5658834e-17
4.2687238e-12
-3.1839034e-17
4.2687235e-12
-2.8383303e-17
4.2687233e-12
-2.5262351e-17
4.2687231e-12
-2.244856e-17
4.2687229e-12
-1.9915983e-17
4.2687227e-12
-1.7640331e-17
4.2687226e-12
-1.5598937e-17
4.2687225e-12
-1.3770715e-17
4.2687225e-12
-1.21361e-17
4.2687224e-12
-1.0676983e-17
4.2687224e-12
-9.3766472e-18
4.2687223e-12
-8.2196908e-18
4.2687223e-12
-7.1919543e-18
4.2687223e-12
-6.2804451e-18
4.2687223e-12
-5.4732624e-18
4.2687223e-12
-4.7595227e-18
4.2687223e-12
-4.1292886e-18
4.2687223e-12
-3.5734977e-18
4.2687223e-12
-3.0838965e-18
4.2687223e-12
-2.6529748e-18
4.2687223e-12
-2.2739056e-18
4.2687224e-12
-1.9404862e-18
4.2687224e-12
-1.6470842e-18
4.2687224e-12
-1.3885862e-18
4.2687224e-12
-1.1603493e-18
4.2687224e-12
-9.5815725e-19
4.2687225e-12
-7.7817828e-19
4.2687225e-12
-6.1692727e-19
4.2687225e-12
-4.7123024e-19
4.2687225e-12
-3.38192e-19
4.2687225e-12
-2.1516646e-19
4.2687226e-12
-9.97297e-20
4.2687226e-12
1.0344533e-20
4.2687226e-12
1.1710685e-19
4.2687226e-12
2.2245201e-19
4.2687226e-12
3.2813651e-19
4.2687227e-12
4.3579417e-19
4.2687227e-12
5.469497e-19
4.2687227e-12
6.6303047e-19
4.2687227e-12
7.8537652e-19
4.2687228e-12
9.1524886e-19
4.2687228e-12
1.0538362e-18
4.2687228e-12
1.2022603e-18
4.2687229e-12
1.3615796e-18
4.2687229e-12
1.5327914e-18
4.2687229e-12
1.7168336e-18
4.268723e-12
1.9145837e-18
4.268723e-12
2.1268577e-18
4.2687231e-12
2.3544075e-18
4.2687232e-12
2.5979171e-18
4.2687232e-12
2.8579972e-18
4.2687233e-12
3.1351798e-18
4.2687234e-12
3.4299109e-18
4.2687235e-12
3.7425419e-18
4.2687236e-12
4.0733212e-18
4.2687237e-12
4.4223833e-18
4.2687238e-12
4.7897381e-18
4.2687239e-12
5.1752586e-18
4.268724e-12
5.5786678e-18
4.2687242e-12
5.9995243e-18
4.2687243e-12
6.4372081e-18
4.2687245e-12
6.8909036e-18
4.2687246e-12
7.3595838e-18
4.2687248e-12
7.8419919e-18
4.268725e-12
8.3366232e-18
4.2687252e-12
8.8417057e-18
4.2687255e-12
9.3551805e-18
4.2687257e-12
9.8746814e-18
4.2687259e-12
1.0397514e-17
4.2687262e-12
1.0920637e-17
4.2687265e-12
1.144064e-17
4.2687268e-12
1.1953726e-17
4.2687271e-12
1.2455693e-17
4.2687274e-12
1.2941919e-17
4.2687278e-12
1.3407352e-17
4.2687281e-12
1.3846498e-17
4.2687285e-12
1.4253418e-17
4.2687288e-12
1.4621731e-17
4.2687292e-12
1.494462e-17
4.2687296e-12
1.5214839e-17
4.26873e-12
1.5424702e-17
4.2687305e-12
1.5566308e-17
4.2687309e-12
1.5631838e-17
4.2687313e-12
1.5611459e-17
1.547761e-17
3.2837952e-12
7.5701164e-14
3.3030268e-12
2.1454766e-13
3.3328982e-12
3.3947543e-13
3.3716147e-12
4.4949208e-13
3.4173524e-12
5.4406161e-13
3.468332e-12
6.2306431e-13
3.5228812e-12
6.8676965e-13
3.5794831e-12
7.3578926e-13
3.6368087e-12
7.7101586e-13
3.6937334e-12
7.935559e-13
3.7493408e-12
8.0466191e-13
3.8029142e-12
8.0566911e-13
3.8539215e-12
7.9793954e-13
3.9019944e-12
7.8281548e-13
3.9469052e-12
7.6158287e-13
3.9885428e-12
7.354444e-13
4.0268903e-12
7.0550142e-13
4.0620035e-12
6.7274355e-13
4.0939929e-12
6.3804442e-13
4.1230073e-12
6.0216237e-13
4.1492215e-12
5.6574478e-13
4.1728248e-12
5.2933491e-13
4.1940134e-12
4.9338032e-13
4.2129836e-12
4.582422e-13
4.2299275e-12
4.24205e-13
4.2450294e-12
3.9148594e-13
4.2584637e-12
3.6024414e-13
4.2703937e-12
3.3058907e-13
4.2809706e-12
3.0258844e-13
4.2903339e-12
2.7627513e-13
4.2986107e-12
2.5165355e-13
4.3059171e-12
2.2870507e-13
4.3123582e-12
2.073928e-13
4.3180287e-12
1.8766576e-13
4.323014e-12
1.6946232e-13
4.3273909e-12
1.527132e-13
4.3312282e-12
1.3734394e-13
4.3345872e-12
1.2327695e-13
4.337523e-12
1.1043318e-13
4.3400846e-12
9.8733482e-14
4.3423157e-12
8.8099698e-14
4.3442551e-12
7.8455489e-14
4.3459377e-12
6.9726993e-14
4.347394e-12
6.1843305e-14
4.3486514e-12
5.4736812e-14
4.3497342e-12
4.8343424e-14
4.3506638e-12
4.2602701e-14
4.3514594e-12
3.745791e-14
4.3521378e-12
3.2856019e-14
4.3527138e-12
2.8747639e-14
4.3532008e-12
2.5086934e-14
4.3536103e-12
2.1831501e-14
4.3539527e-12
1.8942226e-14
4.3542369e-12
1.6383126e-14
4.3544709e-12
1.4121189e-14
4.3546617e-12
1.2126195e-14
4.3548155e-12
1.037055e-14
4.3549376e-12
8.8291112e-15
4.3550327e-12
7.4790154e-15
4.3551049e-12
6.2995182e-15
4.3551578e-12
5.2718332e-15
4.3551946e-12
4.3789808e-15
4.3552178e-12
3.6056431e-15
4.3552299e-12
2.9380275e-15
4.3552329e-12
2.3637373e-15
4.3552284e-12
1.8716514e-15
4.355218e-12
1.4518109e-15
4.3552029e-12
1.0953142e-15
4.3551842e-12
7.9421958e-16
4.3551629e-12
5.414546e-16
4.3551397e-12
3.3073325e-16
4.3551151e-12
1.564792e-16
4.3550899e-12
1.3755447e-17
4.3550643e-12
-1.0179997e-16
4.3550389e-12
-1.9403286e-16
4.3550138e-12
-2.6632652e-16
4.3549892e-12
-3.2165052e-16
4.3549654e-12
-3.626051e-16
4.3549426e-12
-3.9146128e-16
4.3549207e-12
-4.1019728e-16
4.3548999e-12
-4.2053136e-16
4.3548802e-12
-4.2395139e-16
4.3548616e-12
-4.2174151e-16
4.3548441e-12
-4.150061e-16
4.3548278e-12
-4.0469116e-16
4.3548126e-12
-3.9160359e-16
4.3547984e-12
-3.7642833e-16
4.3547853e-12
-3.5974367e-16
4.3547731e-12
-3.4203489e-16
4.3547619e-12
-3.2370633e-16
4.3547516e-12
-3.0509221e-16
4.3547422e-12
-2.8646606e-16
4.3547335e-12
-2.6804917e-16
4.3547256e-12
-2.5001798e-16
4.3547184e-12
-2.3251059e-16
4.3547119e-12
-2.1563249e-16
4.3547059e-12
-1.9946156e-16
4.3547005e-12
-1.8405243e-16
4.3546956e-12
-1.6944031e-16
4.3546912e-12
-1.5564427e-16
4.3546873e-12
-1.4267014e-16
4.3546837e-12
-1.3051294e-16
4.3546805e-12
-1.1915904e-16
4.3546776e-12
-1.0858795e-16
4.3546751e-12
-9.8773911e-17
4.3546728e-12
-8.9687164e-17
4.3546708e-12
-8.12951e-17
4.3546689e-12
-7.3563178e-17
4.3546673e-12
-6.6455699e-17
4.3546659e-12
-5.9936456e-17
4.3546647e-12
-5.3969252e-17
4.3546636e-12
-4.8518327e-17
4.3546626e-12
-4.3548694e-17
4.3546618e-12
-3.9026407e-17
4.354661e-12
-3.4918756e-17
4.3546604e-12
-3.1194419e-17
4.3546598e-12
-2.7823562e-17
4.3546593e-12
-2.4777908e-17
4.3546589e-12
-2.2030768e-17
4.3546586e-12
-1.9557052e-17
4.3546582e-12
-1.7333255e-17
4.354658e-12
-1.5337432e-17
4.3546578e-12
-1.3549151e-17
4.3546576e-12
-1.1949446e-17
4.3546574e-12
-1.0520754e-17
4.3546573e-12
-9.2468535e-18
4.3546572e-12
-8.1127908e-18
4.3546571e-12
-7.1048131e-18
4.354657e-12
-6.2102952e-18
4.354657e-12
-5.4176677e-18
4.3546569e-12
-4.7163461e-18
4.3546569e-12
-4.0966618e-18
4.3546569e-12
-3.5497944e-18
4.3546569e-12
-3.0677072e-18
4.3546568e-12
-2.6430851e-18
4.3546568e-12
-2.2692756e-18
4.3546568e-12
-1.9402325e-18
4.3546568e-12
-1.6504639e-18
4.3546569e-12
-1.3949815e-18
4.3546569e-12
-1.1692555e-18
4.3546569e-12
-9.6917014e-19
4.3546569e-12
-7.9098456e-19
4.3546569e-12
-6.3129506e-19
4.3546569e-12
-4.8700112e-19
4.3546569e-12
-3.5527388e-19
4.354657e-12
-2.3352741e-19
4.354657e-12
-1.1939249e-19
4.354657e-12
-1.0692874e-20
4.354657e-12
9.4576147e-20
4.354657e-12
1.9826697e-19
4.3546571e-12
3.020968e-19
4.3546571e-12
4.0766277e-19
4.3546571e-12
5.1645519e-19
4.3546572e-12
6.2986898e-19
4.3546572e-12
7.4921343e-19
4.3546572e-12
8.7572027e-19
4.3546573e-12
1.0105503e-18
4.3546573e-12
1.1547984e-18
4.3546574e-12
1.3094973e-18
4.3546574e-12
1.47562e-18
4.3546575e-12
1.6540804e-18
4.3546576e-12
1.8457336e-18
4.3546576e-12
2.0513742e-18
4.3546577e-12
2.2717339e-18
4.3546578e-12
2.5074774e-18
4.3546579e-12
2.7591981e-18
4.354658e-12
3.027412e-18
4.3546581e-12
3.3125506e-18
4.3546583e-12
3.6149533e-18
4.3546584e-12
3.9348583e-18
4.3546586e-12
4.2723927e-18
4.3546587e-12
4.6275615e-18
4.3546589e-12
5.0002363e-18
4.3546591e-12
5.3901418e-18
4.3546593e-12
5.7968427e-18
4.3546595e-12
6.2197292e-18
4.3546597e-12
6.658001e-18
4.35466e-12
7.1106521e-18
4.3546602e-12
7.5764527e-18
4.3546605e-12
8.0539325e-18
4.3546608e-12
8.541362e-18
4.3546611e-12
9.0367336e-18
4.3546615e-12
9.5377432e-18
4.3546618e-12
1.004177e-17
4.3546622e-12
1.054586e-17
4.3546626e-12
1.1046705e-17
4.354663e-12
1.1540626e-17
4.3546635e-12
1.202356e-17
4.3546639e-12
1.2491045e-17
4.3546644e-12
1.2938209e-17
4.3546649e-12
1.3359763e-17
4.3546654e-12
1.3749997e-17
4.3546659e-12
1.4102782e-17
4.3546664e-12
1.4411577e-17
4.354667e-12
1.4669428e-17
4.3546675e-12
1.4868941e-17
4.3546681e-12
1.5002534e-17
4.3546686e-12
1.5062775e-17
4.3546692e-12
1.5039817e-17
1.4906743e-17
3.2835379e-12
6.9048233e-14
3.3021317e-12
1.9595388e-13
3.3311386e-12
3.1046851e-13
3.3689256e-12
4.1170506e-13
3.4138247e-12
4.9916249e-13
3.4641952e-12
5.7269384e-13
3.518478e-12
6.3248691e-13
3.575239e-12
6.7902822e-13
3.6332003e-12
7.130546e-13
3.6912578e-12
7.354984e-13
3.7484883e-12
7.4743141e-13
3.8041464e-12
7.5001099e-13
3.8576543e-12
7.4443159e-13
3.9085866e-12
7.318832e-13
3.9566517e-12
7.1351778e-13
4.0016725e-12
6.9042361e-13
4.0435668e-12
6.6360711e-13
4.082329e-12
6.3398138e-13
4.1180131e-12
6.023603e-13
4.1507183e-12
5.6945717e-13
4.1805761e-12
5.3588697e-13
4.20774e-12
5.0217099e-13
4.2323769e-12
4.6874342e-13
4.2546603e-12
4.3595884e-13
4.2747649e-12
4.0410034e-13
4.2928631e-12
3.7338772e-13
4.3091218e-12
3.4398552e-13
4.3237001e-12
3.160107e-13
4.3367489e-12
2.8953968e-13
4.3484091e-12
2.6461487e-13
4.3588122e-12
2.4125048e-13
4.3680795e-12
2.1943778e-13
4.3763228e-12
1.9914954e-13
4.3836444e-12
1.8034412e-13
4.390138e-12
1.6296876e-13
4.3958886e-12
1.4696255e-13
4.4009737e-12
1.3225883e-13
4.4054634e-12
1.1878725e-13
4.4094211e-12
1.0647547e-13
4.4129041e-12
9.5250471e-14
4.4159641e-12
8.5039732e-14
4.4186475e-12
7.5772057e-14
4.4209962e-12
6.7378269e-14
4.4230478e-12
5.9791719e-14
4.424836e-12
5.2948658e-14
4.4263909e-12
4.6788494e-14
4.4277397e-12
4.1253954e-14
4.4289064e-12
3.6291167e-14
4.4299127e-12
3.184968e-14
4.4307779e-12
2.7882433e-14
4.4315192e-12
2.4345689e-14
4.4321518e-12
2.119893e-14
4.4326893e-12
1.8404737e-14
4.4331437e-12
1.5928654e-14
4.4335259e-12
1.3739033e-14
4.4338452e-12
1.1806882e-14
4.43411e-12
1.0105704e-14
4.4343278e-12
8.611337e-15
4.434505e-12
7.3017969e-15
4.4346474e-12
6.157122e-15
4.43476e-12
5.1592246e-15
4.4348473e-12
4.2917469e-15
4.434913e-12
3.5399245e-15
4.4349606e-12
2.8904559e-15
4.4349929e-12
2.3313805e-15
4.4350126e-12
1.851963e-15
4.4350218e-12
1.4425859e-15
4.4350225e-12
1.0946489e-15
4.4350162e-12
8.0047576e-16
4.4350045e-12
5.5322775e-16
4.4349884e-12
3.4682391e-16
4.434969e-12
1.7586757e-16
4.4349472e-12
3.557884e-17
4.4349236e-12
-7.8267248e-17
4.434899e-12
-1.6939731e-16
4.4348738e-12
-2.4109121e-16
4.4348483e-12
-2.9622907e-16
4.4348231e-12
-3.3733395e-16
4.4347982e-12
-3.6661061e-16
4.434774e-12
-3.8598049e-16
4.4347506e-12
-3.9711347e-16
4.4347281e-12
-4.0145639e-16
4.4347066e-12
-4.0025875e-16
4.4346862e-12
-3.9459586e-16
4.4346669e-12
-3.8538955e-16
4.4346487e-12
-3.7342671e-16
4.4346317e-12
-3.5937595e-16
4.4346157e-12
-3.4380234e-16
4.4346009e-12
-3.271806e-16
4.4345871e-12
-3.0990686e-16
4.4345743e-12
-2.9230905e-16
4.4345625e-12
-2.7465608e-16
4.4345516e-12
-2.5716599e-16
4.4345416e-12
-2.4001316e-16
4.4345324e-12
-2.2333458e-16
4.434524e-12
-2.0723543e-16
4.4345164e-12
-1.9179391e-16
4.4345094e-12
-1.7706552e-16
4.434503e-12
-1.6308671e-16
4.4344972e-12
-1.4987815e-16
4.434492e-12
-1.3744747e-16
4.4344873e-12
-1.257917e-16
4.434483e-12
-1.1489929e-16
4.4344792e-12
-1.0475194e-16
4.4344758e-12
-9.5326072e-17
4.4344727e-12
-8.6594145e-17
4.4344699e-12
-7.8525717e-17
4.4344674e-12
-7.1088372e-17
4.4344652e-12
-6.4248476e-17
4.4344632e-12
-5.7971806e-17
4.4344615e-12
-5.222407e-17
4.43446e-12
-4.6971318e-17
4.4344586e-12
-4.2180284e-17
4.4344574e-12
-3.7818639e-17
4.4344563e-12
-3.3855199e-17
4.4344554e-12
-3.0260069e-17
4.4344546e-12
-2.7004747e-17
4.4344538e-12
-2.4062195e-17
4.4344532e-12
-2.1406875e-17
4.4344527e-12
-1.9014761e-17
4.4344522e-12
-1.6863333e-17
4.4344518e-12
-1.4931548e-17
4.4344515e-12
-1.3199808e-17
4.4344512e-12
-1.1649908e-17
4.4344509e-12
-1.0264985e-17
4.4344507e-12
-9.0294508e-18
4.4344505e-12
-7.928935e-18
4.4344503e-12
-6.9502126e-18
4.4344502e-12
-6.0811385e-18
4.4344501e-12
-5.3105785e-18
4.43445e-12
-4.6283426e-18
4.43445e-12
-4.0251187e-18
4.4344499e-12
-3.4924087e-18
4.4344498e-12
-3.0224667e-18
4.4344498e-12
-2.6082398e-18
4.4344498e-12
-2.2433116e-18
4.4344498e-12
-1.9218487e-18
4.4344498e-12
-1.6385505e-18
4.4344498e-12
-1.3886014e-18
4.4344498e-12
-1.1676265e-18
4.4344498e-12
-9.7165004e-19
4.4344498e-12
-7.9705719e-19
4.4344498e-12
-6.4055818e-19
4.4344498e-12
-4.9915552e-19
4.4344498e-12
-3.7011378e-19
4.4344498e-12
-2.5093199e-19
4.4344498e-12
-1.3931845e-19
4.4344499e-12
-3.3167844e-20
4.4344499e-12
6.9459305e-20
4.4344499e-12
1.7035518e-19
4.4344499e-12
2.7118115e-19
4.43445e-12
3.734823e-19
4.43445e-12
4.7870027e-19
4.4344501e-12
5.8818418e-19
4.4344501e-12
7.0320011e-19
4.4344501e-12
8.2493888e-19
4.4344502e-12
9.5452243e-19
4.4344503e-12
1.0930087e-18
4.4344503e-12
1.2413953e-18
4.4344504e-12
1.4006216e-18
4.4344505e-12
1.5715699e-18
4.4344506e-12
1.7550653e-18
4.4344507e-12
1.951874e-18
4.4344508e-12
2.1627013e-18
4.4344509e-12
2.3881877e-18
4.434451e-12
2.6289044e-18
4.4344512e-12
2.8853478e-18
4.4344513e-12
3.1579326e-18
4.4344515e-12
3.4469842e-18
4.4344517e-12
3.7527303e-18
4.4344519e-12
4.0752911e-18
4.4344521e-12
4.4146693e-18
4.4344523e-12
4.7707381e-18
4.4344526e-12
5.1432296e-18
4.4344528e-12
5.5317213e-18
4.4344531e-12
5.9356224e-18
4.4344534e-12
6.354159e-18
4.4344537e-12
6.7863589e-18
4.4344541e-12
7.231035e-18
4.4344545e-12
7.6867693e-18
4.4344549e-12
8.1518951e-18
4.4344553e-12
8.6244798e-18
4.4344557e-12
9.1023071e-18
4.4344562e-12
9.5828594e-18
4.4344566e-12
1.0063301e-17
4.4344571e-12
1.054046e-17
4.4344577e-12
1.1010816e-17
4.4344582e-12
1.1470483e-17
4.4344588e-12
1.1915199e-17
4.4344594e-12
1.2340318e-17
4.43446e-12
1.2740803e-17
4.4344607e-12
1.3111219e-17
4.4344613e-12
1.3445738e-17
4.434462e-12
1.3738141e-17
4.4344627e-12
1.3981817e-17
4.4344634e-12
1.4169739e-17
4.4344641e-12
1.4294669e-17
4.4344648e-12
1.4349442e-17
4.4344655e-12
1.4324924e-17
1.4194204e-17
3.2833145e-12
6.2618728e-14
3.3013511e-12
1.7791723e-13
3.3295969e-12
2.822227e-13
3.3665559e-12
3.747461e-13
3.4106933e-12
4.5502505e-13
3.4604889e-12
5.2289828e-13
3.5144839e-12
5.7849191e-13
3.5713203e-12
6.2219183e-13
3.6297697e-12
6.5460521e-13
3.688752e-12
6.7651612e-13
3.7473444e-12
6.8883902e-13
3.804782e-12
6.9257331e-13
3.8604522e-12
6.8876145e-13
3.913883e-12
6.7845243e-13
3.9647294e-12
6.6267133e-13
4.0127576e-12
6.4239545e-13
4.057828e-12
6.1853664e-13
4.09988e-12
5.9192943e-13
4.1389162e-12
5.6332414e-13
4.1749893e-12
5.3338406e-13
4.2081902e-12
5.0268606e-13
4.2386376e-12
4.7172357e-13
4.2664696e-12
4.4091147e-13
4.2918364e-12
4.1059206e-13
4.3148949e-12
3.8104183e-13
4.3358042e-12
3.5247841e-13
4.3547221e-12
3.2506761e-13
4.3718026e-12
2.9893019e-13
4.3871941e-12
2.7414823e-13
4.4010379e-12
2.5077106e-13
4.4134677e-12
2.2882067e-13
4.424609e-12
2.0829649e-13
4.4345788e-12
1.8917971e-13
4.4434859e-12
1.7143704e-13
4.4514307e-12
1.5502391e-13
4.4585059e-12
1.3988733e-13
4.4647966e-12
1.2596819e-13
4.4703805e-12
1.1320332e-13
4.4753289e-12
1.0152707e-13
4.4797066e-12
9.0872746e-14
4.4835727e-12
8.1173667e-14
4.4869807e-12
7.2364062e-14
4.4899792e-12
6.4379763e-14
4.4926122e-12
5.7158731e-14
4.4949194e-12
5.0641451e-14
4.4969367e-12
4.4771211e-14
4.4986964e-12
3.9494283e-14
4.5002275e-12
3.4760032e-14
4.5015562e-12
3.0520955e-14
4.502706e-12
2.6732674e-14
4.5036978e-12
2.3353886e-14
4.5045504e-12
2.0346283e-14
4.5052807e-12
1.7674446e-14
4.5059036e-12
1.5305728e-14
4.5064326e-12
1.3210115e-14
4.5068793e-12
1.136009e-14
4.5072546e-12
9.7304832e-15
4.5075676e-12
8.2983273e-15
4.5078267e-12
7.0427112e-15
4.5080391e-12
5.9446365e-15
4.5082115e-12
4.9868785e-15
4.5083494e-12
4.1538513e-15
4.5084578e-12
3.4314805e-15
4.5085412e-12
2.80708e-15
4.5086034e-12
2.2692374e-15
4.5086476e-12
1.8077052e-15
4.5086769e-12
1.413299e-15
4.5086937e-12
1.0778023e-15
4.5087003e-12
7.938786e-16
4.5086986e-12
5.5498941e-16
4.5086901e-12
3.5531839e-16
4.5086763e-12
1.8970177e-16
4.5086583e-12
5.356416e-17
4.5086371e-12
-5.7140187e-17
4.5086137e-12
-1.4598123e-16
4.5085887e-12
-2.1610222e-16
4.5085628e-12
-2.7026448e-16
4.5085363e-12
-3.10888e-16
4.5085098e-12
-3.4008845e-16
4.5084835e-12
-3.5971052e-16
4.5084578e-12
-3.7135816e-16
4.5084327e-12
-3.7642182e-16
4.5084086e-12
-3.7610302e-16
4.5083854e-12
-3.7143642e-16
4.5083633e-12
-3.6330957e-16
4.5083424e-12
-3.5248073e-16
4.5083226e-12
-3.3959464e-16
4.508304e-12
-3.2519676e-16
4.5082866e-12
-3.0974582e-16
4.5082703e-12
-2.9362508e-16
4.5082551e-12
-2.7715224e-16
4.5082411e-12
-2.6058829e-16
4.5082281e-12
-2.441453e-16
4.508216e-12
-2.2799329e-16
4.508205e-12
-2.1226628e-16
4.5081948e-12
-1.9706763e-16
4.5081855e-12
-1.8247468e-16
4.508177e-12
-1.6854281e-16
4.5081692e-12
-1.5530903e-16
4.5081621e-12
-1.4279504e-16
4.5081557e-12
-1.3100991e-16
4.5081498e-12
-1.199524e-16
4.5081445e-12
-1.0961293e-16
4.5081398e-12
-9.9975326e-17
4.5081354e-12
-9.101824e-17
4.5081316e-12
-8.2716409e-17
4.5081281e-12
-7.5041696e-17
4.508125e-12
-6.796398e-17
4.5081222e-12
-6.1451883e-17
4.5081197e-12
-5.5473384e-17
4.5081174e-12
-4.9996323e-17
4.5081155e-12
-4.4988798e-17
4.5081137e-12
-4.04195e-17
4.5081121e-12
-3.6257964e-17
4.5081108e-12
-3.2474765e-17
4.5081095e-12
-2.9041669e-17
4.5081085e-12
-2.5931733e-17
4.5081075e-12
-2.3119378e-17
4.5081067e-12
-2.0580423e-17
4.508106e-12
-1.8292109e-17
4.5081053e-12
-1.6233085e-17
4.5081048e-12
-1.4383393e-17
4.5081043e-12
-1.2724434e-17
4.5081039e-12
-1.1238924e-17
4.5081036e-12
-9.9108423e-18
4.5081032e-12
-8.7253775e-18
4.508103e-12
-7.6688655e-18
4.5081028e-12
-6.7287281e-18
4.5081026e-12
-5.8934089e-18
4.5081024e-12
-5.1523099e-18
4.5081023e-12
-4.495728e-18
4.5081022e-12
-3.9147928e-18
4.5081021e-12
-3.4014065e-18
4.508102e-12
-2.9481857e-18
4.508102e-12
-2.5484051e-18
4.5081019e-12
-2.1959444e-18
4.5081019e-12
-1.8852379e-18
4.5081018e-12
-1.6112262e-18
4.5081018e-12
-1.3693117e-18
4.5081018e-12
-1.1553164e-18
4.5081018e-12
-9.6544237e-19
4.5081018e-12
-7.962356e-19
4.5081018e-12
-6.4455186e-19
4.5081018e-12
-5.0752568e-19
4.5081018e-12
-3.8254158e-19
4.5081018e-12
-2.6720787e-19
4.5081019e-12
-1.5933265e-19
4.5081019e-12
-5.6902121e-20
4.5081019e-12
4.1939041e-20
4.5081019e-12
1.3890531e-19
4.508102e-12
2.3558598e-19
4.508102e-12
3.3345909e-19
4.5081021e-12
4.3390353e-19
4.5081021e-12
5.3820961e-19
4.5081022e-12
6.47588e-19
4.5081022e-12
7.6317722e-19
4.5081023e-12
8.8604971e-19
4.5081024e-12
1.0172165e-18
4.5081025e-12
1.1576308e-18
4.5081026e-12
1.3081898e-18
4.5081027e-12
1.4697362e-18
4.5081028e-12
1.6430577e-18
4.5081029e-12
1.8288857e-18
4.508103e-12
2.0278932e-18
4.5081032e-12
2.2406913e-18
4.5081033e-12
2.4678249e-18
4.5081035e-12
2.7097671e-18
4.5081037e-12
2.9669132e-18
4.5081039e-12
3.2395735e-18
4.5081041e-12
3.5279646e-18
4.5081044e-12
3.832201e-18
4.5081046e-12
4.1522847e-18
4.5081049e-12
4.4880948e-18
4.5081052e-12
4.8393756e-18
4.5081055e-12
5.2057244e-18
4.5081059e-12
5.5865784e-18
4.5081063e-12
5.9812005e-18
4.5081067e-12
6.3886653e-18
4.5081071e-12
6.8078436e-18
4.5081075e-12
7.2373868e-18
4.508108e-12
7.6757113e-18
4.5081085e-12
8.1209816e-18
4.5081091e-12
8.5710946e-18
4.5081096e-12
9.0236634e-18
4.5081102e-12
9.4760011e-18
4.5081108e-12
9.9251068e-18
4.5081115e-12
1.0367651e-17
4.5081121e-12
1.0799964e-17
4.5081128e-12
1.1218026e-17
4.5081135e-12
1.1617457e-17
4.5081143e-12
1.1993513e-17
4.5081151e-12
1.2341081e-17
4.5081159e-12
1.2654679e-17
4.5081167e-12
1.2928461e-17
4.5081175e-12
1.3156205e-17
4.5081183e-12
1.3331282e-17
4.5081192e-12
1.344688e-17
4.50812e-12
1.349632e-17
4.5081209e-12
1.3470633e-17
1.3344209e-17
3.2831207e-12
5.6383009e-14
3.3006716e-12
1.6036633e-13
3.3282493e-12
2.5464505e-13
3.3644739e-12
3.3852148e-13
3.4079247e-12
4.1157422e-13
3.4571856e-12
4.7363741e-13
3.5108863e-12
5.2479122e-13
3.5677375e-12
5.6534059e-13
3.626558e-12
5.9578471e-13
3.6862931e-12
6.1678102e-13
3.7460253e-12
6.2910681e-13
3.8049776e-12
6.3362103e-13
3.8625106e-12
6.3122844e-13
3.9181153e-12
6.2284773e-13
3.9714023e-12
6.0938433e-13
4.0220892e-12
5.9170861e-13
4.0699866e-12
5.7063917e-13
4.114985e-12
5.4693109e-13
4.1570406e-12
5.212685e-13
4.1961638e-12
4.9426089e-13
4.2324074e-12
4.6644243e-13
4.2658572e-12
4.3827371e-13
4.2966235e-12
4.1014519e-13
4.3248337e-12
3.8238193e-13
4.3506264e-12
3.5524905e-13
4.3741471e-12
3.2895772e-13
4.3955437e-12
3.0367107e-13
4.4149636e-12
2.7951026e-13
4.4325518e-12
2.5656004e-13
4.4484486e-12
2.348742e-13
4.462789e-12
2.1448035e-13
4.475701e-12
1.9538447e-13
4.4873059e-12
1.775748e-13
4.4977176e-12
1.6102537e-13
4.5070424e-12
1.4569907e-13
4.5153795e-12
1.3155028e-13
4.5228205e-12
1.1852713e-13
4.5294504e-12
1.0657343e-13
4.5353473e-12
9.5630229e-14
4.5405828e-12
8.5637193e-14
4.5452228e-12
7.6533645e-14
4.5493274e-12
6.8259458e-14
4.5529515e-12
6.0755736e-14
4.5561448e-12
5.3965351e-14
4.5589529e-12
4.7833346e-14
4.5614169e-12
4.2307221e-14
4.5635741e-12
3.7337138e-14
4.5654581e-12
3.2876036e-14
4.5670993e-12
2.8879697e-14
4.5685253e-12
2.530675e-14
4.5697605e-12
2.211864e-14
4.5708272e-12
1.9279567e-14
4.5717453e-12
1.6756398e-14
4.5725324e-12
1.4518563e-14
4.5732046e-12
1.2537932e-14
4.573776e-12
1.0788697e-14
4.5742593e-12
9.2472348e-15
4.5746656e-12
7.8919733e-15
4.5750051e-12
6.7032614e-15
4.5752865e-12
5.6632347e-15
4.5755177e-12
4.7556882e-15
4.5757056e-12
3.9659517e-15
4.5758563e-12
3.2807713e-15
4.5759752e-12
2.6881954e-15
4.5760669e-12
2.1774679e-15
4.5761357e-12
1.7389266e-15
4.5761851e-12
1.3639083e-15
4.5762182e-12
1.0446602e-15
4.5762379e-12
7.7425705e-16
4.5762463e-12
5.4652468e-16
4.5762457e-12
3.5596901e-16
4.5762377e-12
1.9771059e-16
4.5762238e-12
6.7424474e-17
4.5762054e-12
-3.8715011e-17
4.5761835e-12
-1.2408483e-16
4.576159e-12
-1.9165943e-16
4.5761328e-12
-2.4405277e-16
4.5761055e-12
-2.8355666e-16
4.5760776e-12
-3.1217547e-16
4.5760495e-12
-3.3165763e-16
4.5760217e-12
-3.4352405e-16
4.5759944e-12
-3.4909388e-16
4.5759678e-12
-3.4950758e-16
4.5759421e-12
-3.4574779e-16
4.5759174e-12
-3.3865797e-16
4.5758939e-12
-3.2895917e-16
4.5758716e-12
-3.1726499e-16
4.5758505e-12
-3.0409495e-16
4.5758306e-12
-2.898864e-16
4.575812e-12
-2.7500514e-16
4.5757946e-12
-2.5975478e-16
4.5757784e-12
-2.4438512e-16
4.5757634e-12
-2.2909952e-16
4.5757494e-12
-2.1406138e-16
4.5757366e-12
-1.9939989e-16
4.5757247e-12
-1.8521506e-16
4.5757138e-12
-1.7158214e-16
4.5757038e-12
-1.5855546e-16
4.5756947e-12
-1.4617181e-16
4.5756863e-12
-1.3445337e-16
4.5756787e-12
-1.2341024e-16
4.5756718e-12
-1.1304266e-16
4.5756656e-12
-1.0334284e-16
4.5756599e-12
-9.4296655e-17
4.5756547e-12
-8.5884984e-17
4.5756501e-12
-7.8084907e-17
4.5756459e-12
-7.08707e-17
4.5756422e-12
-6.4214676e-17
4.5756388e-12
-5.8087889e-17
4.5756358e-12
-5.2460713e-17
4.5756331e-12
-4.7303324e-17
4.5756307e-12
-4.2586089e-17
4.5756286e-12
-3.8279877e-17
4.5756267e-12
-3.4356307e-17
4.575625e-12
-3.0787941e-17
4.5756235e-12
-2.754842e-17
4.5756222e-12
-2.4612573e-17
4.575621e-12
-2.1956484e-17
4.57562e-12
-1.9557531e-17
4.5756191e-12
-1.7394405e-17
4.5756183e-12
-1.5447106e-17
4.5756176e-12
-1.369693e-17
4.575617e-12
-1.2126436e-17
4.5756165e-12
-1.071941e-17
4.5756161e-12
-9.4608156e-18
4.5756157e-12
-8.336746e-18
4.5756153e-12
-7.3343666e-18
4.5756151e-12
-6.4418579e-18
4.5756148e-12
-5.6483568e-18
4.5756146e-12
-4.9438975e-18
4.5756144e-12
-4.3193525e-18
4.5756143e-12
-3.7663747e-18
4.5756141e-12
-3.2773416e-18
4.575614e-12
-2.8453009e-18
4.575614e-12
-2.4639179e-18
4.5756139e-12
-2.1274261e-18
4.5756138e-12
-1.8305797e-18
4.5756138e-12
-1.5686092e-18
4.5756138e-12
-1.3371788e-18
4.5756137e-12
-1.1323474e-18
4.5756137e-12
-9.5053165e-19
4.5756137e-12
-7.8847168e-19
4.5756137e-12
-6.4319947e-19
4.5756137e-12
-5.1200953e-19
4.5756137e-12
-3.9243197e-19
4.5756137e-12
-2.8220787e-19
4.5756138e-12
-1.7926672e-19
4.5756138e-12
-8.1706108e-20
4.5756138e-12
1.2226834e-20
4.5756139e-12
1.0415192e-19
4.5756139e-12
1.9557071e-19
4.5756139e-12
2.8787958e-19
4.575614e-12
3.8238119e-19
4.5756141e-12
4.8029437e-19
4.5756141e-12
5.8276262e-19
4.5756142e-12
6.9086115e-19
4.5756143e-12
8.056026e-19
4.5756144e-12
9.2794155e-19
4.5756145e-12
1.0587778e-18
4.5756146e-12
1.1989582e-18
4.5756147e-12
1.3492782e-18
4.5756148e-12
1.5104809e-18
4.575615e-12
1.6832568e-18
4.5756151e-12
1.868241e-18
4.5756153e-12
2.0660102e-18
4.5756155e-12
2.2770788e-18
4.5756157e-12
2.5018936e-18
4.5756159e-12
2.7408284e-18
4.5756162e-12
2.9941765e-18
4.5756164e-12
3.2621436e-18
4.5756167e-12
3.5448391e-18
4.575617e-12
3.8422671e-18
4.5756174e-12
4.1543157e-18
4.5756177e-12
4.4807468e-18
4.5756181e-12
4.8211842e-18
4.5756185e-12
5.1751015e-18
4.575619e-12
5.541809e-18
4.5756194e-12
5.9204405e-18
4.5756199e-12
6.3099389e-18
4.5756205e-12
6.7090422e-18
4.575621e-12
7.1162685e-18
4.5756216e-12
7.5299012e-18
4.5756222e-12
7.9479742e-18
4.5756229e-12
8.3682571e-18
4.5756236e-12
8.7882416e-18
4.5756243e-12
9.2051275e-18
4.575625e-12
9.6158108e-18
4.5756258e-12
1.0016873e-17
4.5756266e-12
1.0404573e-17
4.5756275e-12
1.0774836e-17
4.5756284e-12
1.1123254e-17
4.5756292e-12
1.1445077e-17
4.5756302e-12
1.1735212e-17
4.5756311e-12
1.1988228e-17
4.5756321e-12
1.2198344e-17
4.575633e-12
1.2359399e-17
4.575634e-12
1.2465034e-17
4.575635e-12
1.2508948e-17
4.575636e-12
1.2483016e-17
1.2362372e-17
3.2829609e-12
5.0314887e-14
3.3000898e-12
1.4323744e-13
3.3270835e-12
2.2765133e-13
3.3626607e-12
3.0294433e-13
3.4054977e-12
3.6873719e-13
3.4542682e-12
4.2486691e-13
3.5076794e-12
4.7138004e-13
3.5645035e-12
5.0851647e-13
3.623603e-12
5.3668517e-13
3.683949e-12
5.5643509e-13
3.7446322e-12
5.6842357e-13
3.8048688e-12
5.7338443e-13
3.8639997e-12
5.7209751e-13
3.9214863e-12
5.6536111e-13
3.9769025e-12
5.5396811e-13
4.0299249e-12
5.3868628e-13
4.0803211e-12
5.2024293e-13
4.1279386e-12
4.9931361e-13
4.1726925e-12
4.7651464e-13
4.2145545e-12
4.5239884e-13
4.2535429e-12
4.2745407e-13
4.2897127e-12
4.0210393e-13
4.3231477e-12
3.7671012e-13
4.3539535e-12
3.5157611e-13
4.3822511e-12
3.2695151e-13
4.4081718e-12
3.0303703e-13
4.4318532e-12
2.7998962e-13
4.4534359e-12
2.5792759e-13
4.4730603e-12
2.3693563e-13
4.490865e-12
2.1706953e-13
4.5069847e-12
1.9836058e-13
4.5215496e-12
1.8081959e-13
4.5346839e-12
1.6444052e-13
4.5465056e-12
1.492037e-13
4.557126e-12
1.3507866e-13
4.5666497e-12
1.220266e-13
4.5751743e-12
1.1000249e-13
4.5827908e-12
9.8956884e-14
4.5895836e-12
8.8837448e-14
4.5956306e-12
7.9590207e-14
4.6010037e-12
7.116059e-14
4.6057689e-12
6.3494272e-14
4.6099867e-12
5.6537846e-14
4.6137127e-12
5.0239344e-14
4.6169975e-12
4.4548642e-14
4.6198869e-12
3.9417747e-14
4.6224231e-12
3.4801011e-14
4.6246438e-12
3.0655256e-14
4.6265837e-12
2.6939846e-14
4.6282737e-12
2.3616715e-14
4.629742e-12
2.0650344e-14
4.6310139e-12
1.8007717e-14
4.632112e-12
1.5658248e-14
4.6330569e-12
1.3573689e-14
4.6338668e-12
1.1728033e-14
4.6345581e-12
1.0097396e-14
4.6351454e-12
8.6599046e-15
4.6356418e-12
7.3955732e-15
4.6360589e-12
6.286184e-15
4.636407e-12
5.3151679e-15
4.6366952e-12
4.4674874e-15
4.6369316e-12
3.7295232e-15
4.6371234e-12
3.0889654e-15
4.6372769e-12
2.5347096e-15
4.6373976e-12
2.0567579e-15
4.6374904e-12
1.6461262e-15
4.6375595e-12
1.2947564e-15
4.6376088e-12
9.9543464e-16
4.6376413e-12
7.4171522e-16
4.63766e-12
5.2784942e-16
4.6376672e-12
3.4872018e-16
4.6376652e-12
1.9978145e-16
4.6376556e-12
7.7002494e-17
4.6376401e-12
-2.3183239e-17
4.6376199e-12
-1.0392502e-16
4.6375962e-12
-1.6799765e-16
4.63757e-12
-2.1784048e-16
4.6375421e-12
-2.5559299e-16
4.637513e-12
-2.8312701e-16
4.6374834e-12
-3.0207597e-16
4.6374538e-12
-3.1386138e-16
4.6374244e-12
-3.1971663e-16
4.6373956e-12
-3.2070862e-16
4.6373676e-12
-3.1775702e-16
4.6373406e-12
-3.116517e-16
4.6373147e-12
-3.030683e-16
4.63729e-12
-2.9258216e-16
4.6372666e-12
-2.8068079e-16
4.6372445e-12
-2.6777494e-16
4.6372237e-12
-2.5420849e-16
4.6372042e-12
-2.4026719e-16
4.637186e-12
-2.2618648e-16
4.6371691e-12
-2.1215833e-16
4.6371533e-12
-1.983373e-16
4.6371388e-12
-1.8484592e-16
4.6371254e-12
-1.7177937e-16
4.637113e-12
-1.5920958e-16
4.6371016e-12
-1.4718887e-16
4.6370912e-12
-1.3575308e-16
4.6370817e-12
-1.249243e-16
4.637073e-12
-1.1471324e-16
4.6370651e-12
-1.051213e-16
4.6370579e-12
-9.6142341e-17
4.6370513e-12
-8.7764169e-17
4.6370454e-12
-7.9969874e-17
4.6370401e-12
-7.2738917e-17
4.6370352e-12
-6.604807e-17
4.6370309e-12
-5.9872204e-17
4.637027e-12
-5.4184954e-17
4.6370235e-12
-4.895926e-17
4.6370204e-12
-4.4167824e-17
4.6370175e-12
-3.9783474e-17
4.637015e-12
-3.5779464e-17
4.6370128e-12
-3.2129703e-17
4.6370108e-12
-2.8808939e-17
4.6370091e-12
-2.5792895e-17
4.6370075e-12
-2.3058368e-17
4.6370062e-12
-2.0583295e-17
4.637005e-12
-1.8346797e-17
4.6370039e-12
-1.632919e-17
4.637003e-12
-1.4511996e-17
4.6370021e-12
-1.2877919e-17
4.6370014e-12
-1.1410829e-17
4.6370008e-12
-1.0095721e-17
4.6370002e-12
-8.9186739e-18
4.6369998e-12
-7.8668094e-18
4.6369994e-12
-6.9282362e-18
4.636999e-12
-6.0919999e-18
4.6369987e-12
-5.3480291e-18
4.6369985e-12
-4.6870808e-18
4.6369982e-12
-4.1006868e-18
4.6369981e-12
-3.5811009e-18
4.6369979e-12
-3.1212466e-18
4.6369978e-12
-2.7146676e-18
4.6369977e-12
-2.3554797e-18
4.6369976e-12
-2.0383248e-18
4.6369975e-12
-1.7583271e-18
4.6369974e-12
-1.5110523e-18
4.6369974e-12
-1.2924684e-18
4.6369974e-12
-1.0989093e-18
4.6369973e-12
-9.2704098e-19
4.6369973e-12
-7.7382973e-19
4.6369973e-12
-6.3651281e-19
4.6369973e-12
-5.1257133e-19
4.6369973e-12
-3.9970541e-19
4.6369973e-12
-2.9581127e-19
4.6369974e-12
-1.9896042e-19
4.6369974e-12
-1.0738071e-19
4.6369974e-12
-1.9439247e-20
4.6369975e-12
6.6372988e-20
4.6369975e-12
1.5145485e-19
4.6369976e-12
2.371072e-19
4.6369976e-12
3.2454351e-19
4.6369977e-12
4.1489913e-19
4.6369978e-12
5.0923913e-19
4.6369978e-12
6.0856493e-19
4.6369979e-12
7.1381963e-19
4.636998e-12
8.2589218e-19
4.6369981e-12
9.4562049e-19
4.6369983e-12
1.0737933e-18
4.6369984e-12
1.2111513e-18
4.6369986e-12
1.3583869e-18
4.6369987e-12
1.5161432e-18
4.6369989e-12
1.6850122e-18
4.6369991e-12
1.8655317e-18
4.6369993e-12
2.0581818e-18
4.6369996e-12
2.2633801e-18
4.6369998e-12
2.4814764e-18
4.6370001e-12
2.7127462e-18
4.6370004e-12
2.957384e-18
4.6370007e-12
3.2154952e-18
4.6370011e-12
3.4870879e-18
4.6370015e-12
3.772063e-18
4.6370019e-12
4.0702049e-18
4.6370023e-12
4.3811705e-18
4.6370028e-12
4.7044779e-18
4.6370033e-12
5.0394946e-18
4.6370038e-12
5.3854253e-18
4.6370044e-12
5.7412991e-18
4.637005e-12
6.105956e-18
4.6370056e-12
6.478034e-18
4.6370063e-12
6.8559553e-18
4.637007e-12
7.2379131e-18
4.6370078e-12
7.6218587e-18
4.6370086e-12
8.0054882e-18
4.6370094e-12
8.3862317e-18
4.6370102e-12
8.7612415e-18
4.6370111e-12
9.1273835e-18
4.637012e-12
9.4812283e-18
4.637013e-12
9.8190457e-18
4.637014e-12
1.0136798e-17
4.637015e-12
1.0430139e-17
4.637016e-12
1.0694407e-17
4.6370171e-12
1.092463e-17
4.6370182e-12
1.1115509e-17
4.6370193e-12
1.1261385e-17
4.6370204e-12
1.1356426e-17
4.6370215e-12
1.1394914e-17
4.6370226e-12
1.1369084e-17
1.1255978e-17
3.2828166e-12
4.4391053e-14
3.2995807e-12
1.2647335e-13
3.3260671e-12
2.0116499e-13
3.3610774e-12
2.6793401e-13
3.4033706e-12
3.2644395e-13
3.4516974e-12
3.7654016e-13
3.5048321e-12
4.1824536e-13
3.5616014e-12
4.5174715e-13
3.6209077e-12
4.7737883e-13
3.6817468e-12
4.9559598e-13
3.7432198e-12
5.0695059e-13
3.8045397e-12
5.1206456e-13
3.8650331e-12
5.1160412e-13
3.924138e-12
5.0625623e-13
3.9813982e-12
4.9670784e-13
4.036456e-12
4.8362855e-13
4.0890422e-12
4.6765667e-13
4.1389671e-12
4.4938877e-13
4.1861093e-12
4.2937241e-13
4.2304064e-12
4.0810172e-13
4.2718451e-12
3.8601537e-13
4.3104524e-12
3.634966e-13
4.3462878e-12
3.4087473e-13
4.3794361e-12
3.1842787e-13
4.4100011e-12
2.9638645e-13
4.4381009e-12
2.7493728e-13
4.4638626e-12
2.5422787e-13
4.4874194e-12
2.3437081e-13
4.5089069e-12
2.1544809e-13
4.5284612e-12
1.9751532e-13
4.5462162e-12
1.806055e-13
4.5623031e-12
1.6473274e-13
4.5768482e-12
1.4989539e-13
4.5899729e-12
1.3607905e-13
4.6017924e-12
1.2325908e-13
4.6124161e-12
1.114029e-13
4.6219467e-12
1.004719e-13
4.6304805e-12
9.0423138e-14
4.6381072e-12
8.1210725e-14
4.6449104e-12
7.2787024e-14
4.6509674e-12
6.5103613e-14
4.6563495e-12
5.8112086e-14
4.6611227e-12
5.1764689e-14
4.6653472e-12
4.6014823e-14
4.6690784e-12
4.0817429e-14
4.6723669e-12
3.6129276e-14
4.6752587e-12
3.1909169e-14
4.6777959e-12
2.811808e-14
4.6800165e-12
2.471923e-14
4.6819551e-12
2.1678121e-14
4.6836429e-12
1.8962529e-14
4.6851082e-12
1.6542471e-14
4.6863763e-12
1.4390146e-14
4.6874701e-12
1.247986e-14
4.6884102e-12
1.0787937e-14
4.689215e-12
9.2926225e-15
4.6899009e-12
7.9739792e-15
4.6904827e-12
6.8137814e-15
4.6909735e-12
5.795407e-15
4.6913849e-12
4.9037313e-15
4.6917274e-12
4.1250214e-15
4.6920101e-12
3.4468346e-15
4.6922411e-12
2.8579202e-15
4.6924277e-12
2.3481256e-15
4.6925762e-12
1.9083067e-15
4.692692e-12
1.5302438e-15
4.6927802e-12
1.2065624e-15
4.692845e-12
9.3065821e-16
4.6928901e-12
6.9662867e-16
4.6929187e-12
4.9920791e-16
4.6929338e-12
3.3370725e-16
4.6929376e-12
1.9596009e-16
4.6929323e-12
8.227105e-17
4.6929198e-12
-1.0630623e-17
4.6929015e-12
-8.5633849e-17
4.6928788e-12
-1.4528479e-16
4.6928527e-12
-1.9182249e-16
4.6928244e-12
-2.2721137e-16
4.6927944e-12
-2.5317065e-16
4.6927635e-12
-2.7120114e-16
4.6927323e-12
-2.8260937e-16
4.6927011e-12
-2.8852945e-16
4.6926703e-12
-2.8994279e-16
4.6926403e-12
-2.8769576e-16
4.6926111e-12
-2.8251563e-16
4.6925831e-12
-2.7502483e-16
4.6925562e-12
-2.6575373e-16
4.6925307e-12
-2.5515201e-16
4.6925065e-12
-2.4359886e-16
4.6924837e-12
-2.31412e-16
4.6924623e-12
-2.1885573e-16
4.6924423e-12
-2.0614807e-16
4.6924236e-12
-1.9346706e-16
4.6924062e-12
-1.8095629e-16
4.6923901e-12
-1.6872985e-16
4.6923752e-12
-1.5687665e-16
4.6923615e-12
-1.4546414e-16
4.6923488e-12
-1.345417e-16
4.6923372e-12
-1.2414346e-16
4.6923266e-12
-1.1429087e-16
4.6923168e-12
-1.0499483e-16
4.692308e-12
-9.6257628e-17
4.6922999e-12
-8.8074539e-17
4.6922926e-12
-8.0435226e-17
4.6922859e-12
-7.3324944e-17
4.6922799e-12
-6.6725553e-17
4.6922745e-12
-6.0616387e-17
4.6922696e-12
-5.4974977e-17
4.6922652e-12
-4.9777668e-17
4.6922612e-12
-4.5000116e-17
4.6922577e-12
-4.0617717e-17
4.6922545e-12
-3.6605937e-17
4.6922517e-12
-3.2940596e-17
4.6922491e-12
-2.9598079e-17
4.6922469e-12
-2.655551e-17
4.6922449e-12
-2.3790875e-17
4.6922431e-12
-2.128312e-17
4.6922415e-12
-1.9012213e-17
4.6922401e-12
-1.6959182e-17
4.6922389e-12
-1.5106135e-17
4.6922378e-12
-1.3436266e-17
4.6922369e-12
-1.1933838e-17
4.6922361e-12
-1.0584166e-17
4.6922354e-12
-9.3735849e-18
4.6922347e-12
-8.289414e-18
4.6922342e-12
-7.3199146e-18
4.6922337e-12
-6.4542456e-18
4.6922333e-12
-5.6824165e-18
4.6922329e-12
-4.9952385e-18
4.6922326e-12
-4.3842765e-18
4.6922324e-12
-3.8417998e-18
4.6922322e-12
-3.3607344e-18
4.692232e-12
-2.9346162e-18
4.6922318e-12
-2.5575459e-18
4.6922317e-12
-2.2241453e-18
4.6922316e-12
-1.9295155e-18
4.6922315e-12
-1.6691976e-18
4.6922314e-12
-1.4391354e-18
4.6922314e-12
-1.2356395e-18
4.6922313e-12
-1.0553547e-18
4.6922313e-12
-8.9522898e-19
4.6922313e-12
-7.5248445e-19
4.6922313e-12
-6.2459097e-19
4.6922312e-12
-5.0924131e-19
4.6922313e-12
-4.0432846e-19
4.6922313e-12
-3.0792483e-19
4.6922313e-12
-2.1826322e-19
4.6922313e-12
-1.3371958e-19
4.6922313e-12
-5.2797354e-20
4.6922314e-12
2.5886503e-20
4.6922314e-12
1.0361411e-19
4.6922315e-12
1.8157773e-19
4.6922316e-12
2.6088956e-19
4.6922316e-12
3.4259014e-19
4.6922317e-12
4.2765562e-19
4.6922318e-12
5.1700378e-19
4.6922319e-12
6.1149897e-19
4.692232e-12
7.1195601e-19
4.6922321e-12
8.1914298e-19
4.6922323e-12
9.3378308e-19
4.6922324e-12
1.0565556e-18
4.6922326e-12
1.1880957e-18
4.6922328e-12
1.328994e-18
4.692233e-12
1.4797943e-18
4.6922332e-12
1.6409912e-18
4.6922335e-12
1.8130271e-18
4.6922337e-12
1.9962873e-18
4.692234e-12
2.1910958e-18
4.6922343e-12
2.3977094e-18
4.6922347e-12
2.6163111e-18
4.692235e-12
2.8470035e-18
4.6922354e-12
3.0898007e-18
4.6922359e-12
3.3446198e-18
4.6922363e-12
3.6112724e-18
4.6922368e-12
3.8894543e-18
4.6922373e-12
4.1787361e-18
4.6922379e-12
4.4785518e-18
4.6922385e-12
4.7881879e-18
4.6922391e-12
5.1067723e-18
4.6922398e-12
5.4332619e-18
4.6922405e-12
5.7664312e-18
4.6922413e-12
6.1048598e-18
4.6922421e-12
6.4469209e-18
4.6922429e-12
6.7907697e-18
4.6922438e-12
7.134332e-18
4.6922447e-12
7.475294e-18
4.6922456e-12
7.811093e-18
4.6922466e-12
8.138909e-18
4.6922476e-12
8.4556574e-18
4.6922487e-12
8.7579834e-18
4.6922498e-12
9.0422572e-18
4.6922509e-12
9.30457e-18
4.6922521e-12
9.5407306e-18
4.6922533e-12
9.7462633e-18
4.6922545e-12
9.9163983e-18
4.6922557e-12
1.0046039e-17
4.6922569e-12
1.0129912e-17
4.6922581e-12
1.0162788e-17
4.6922594e-12
1.0137851e-17
1.0033608e-17
3.2826933e-12
3.8590529e-14
3.2991446e-12
1.1002208e-13
3.3251939e-12
1.7511567e-13
3.3597128e-12
2.3341513e-13
3.4015299e-12
2.8462687e-13
3.4494612e-12
3.2860885e-13
3.5023389e-12
3.6536759e-13
3.5590374e-12
3.9504864e-13
3.6184948e-12
4.1792153e-13
3.6797298e-12
4.3436093e-13
3.7418546e-12
4.4482575e-13
3.8040819e-12
4.4983731e-13
3.865728e-12
4.4995802e-13
3.9262127e-12
4.4577155e-13
3.9850554e-12
4.378651e-13
4.0418697e-12
4.2681428e-13
4.0963555e-12
4.1317087e-13
4.1482909e-12
3.9745336e-13
4.1975232e-12
3.8014016e-13
4.2439596e-12
3.6166526e-13
4.287559e-12
3.4241599e-13
4.3283231e-12
3.2273249e-13
4.3662892e-12
3.0290865e-13
4.401523e-12
2.8319407e-13
4.4341126e-12
2.6379685e-13
4.464163e-12
2.4488685e-13
4.4917916e-12
2.2659926e-13
4.5171241e-12
2.0903835e-13
4.5402911e-12
1.922811e-13
4.5614256e-12
1.7638084e-13
4.5806605e-12
1.6137058e-13
4.5981271e-12
1.4726617e-13
4.6139533e-12
1.3406916e-13
4.628263e-12
1.217694e-13
4.6411747e-12
1.1034732e-13
4.6528017e-12
9.9775954e-14
4.6632509e-12
9.0022694e-14
4.6726232e-12
8.1050795e-14
4.6810133e-12
7.2820659e-14
4.6885094e-12
6.5290911e-14
4.6951937e-12
5.841929e-14
4.7011424e-12
5.2163385e-14
4.7064259e-12
4.6481224e-14
4.711109e-12
4.1331739e-14
4.7152513e-12
3.6675136e-14
4.7189074e-12
3.2473158e-14
4.7221273e-12
2.8689293e-14
4.7249564e-12
2.5288899e-14
4.7274364e-12
2.2239289e-14
4.7296047e-12
1.950977e-14
4.7314956e-12
1.7071642e-14
4.7331399e-12
1.489818e-14
4.7345655e-12
1.2964582e-14
4.7357974e-12
1.1247911e-14
4.7368583e-12
9.7270172e-15
4.7377685e-12
8.3824557e-15
4.7385461e-12
7.1963967e-15
4.7392073e-12
6.1525326e-15
4.7397668e-12
5.2359845e-15
4.7402373e-12
4.4332077e-15
4.7406304e-12
3.7318993e-15
4.7409563e-12
3.1209083e-15
4.7412241e-12
2.5901483e-15
4.7414417e-12
2.1305146e-15
4.7416162e-12
1.7338043e-15
4.7417538e-12
1.3926416e-15
4.74186e-12
1.1004073e-15
4.7419395e-12
8.511721e-16
4.7419965e-12
6.3963491e-16
4.7420346e-12
4.610655e-16
4.7420571e-12
3.1125102e-16
4.7420666e-12
1.8644672e-16
4.7420655e-12
8.3330552e-17
4.7420559e-12
-1.0385786e-18
4.7420395e-12
-6.9259071e-17
4.7420179e-12
-1.2362164e-16
4.7419922e-12
-1.6614126e-16
4.7419636e-12
-1.9858623e-16
4.7419329e-12
-2.2250461e-16
4.741901e-12
-2.3924819e-16
4.7418683e-12
-2.4999418e-16
4.7418356e-12
-2.5576477e-16
4.7418031e-12
-2.5744484e-16
4.7417712e-12
-2.5579786e-16
4.7417401e-12
-2.5148011e-16
4.7417102e-12
-2.4505358e-16
4.7416814e-12
-2.3699736e-16
4.741654e-12
-2.2771792e-16
4.7416279e-12
-2.1755824e-16
4.7416033e-12
-2.0680592e-16
4.7415802e-12
-1.9570046e-16
4.7415585e-12
-1.8443959e-16
4.7415382e-12
-1.7318502e-16
4.7415193e-12
-1.6206736e-16
4.7415018e-12
-1.5119063e-16
4.7414855e-12
-1.4063606e-16
4.7414705e-12
-1.3046555e-16
4.7414567e-12
-1.2072461e-16
4.741444e-12
-1.1144499e-16
4.7414324e-12
-1.0264693e-16
4.7414217e-12
-9.4341147e-17
4.741412e-12
-8.6530503e-17
4.7414031e-12
-7.9211504e-17
4.7413951e-12
-7.2375547e-17
4.7413877e-12
-6.6010004e-17
4.7413811e-12
-6.0099141e-17
4.7413751e-12
-5.4624901e-17
4.7413697e-12
-4.9567561e-17
4.7413648e-12
-4.4906282e-17
4.7413605e-12
-4.0619573e-17
4.7413565e-12
-3.6685663e-17
4.741353e-12
-3.3082817e-17
4.7413499e-12
-2.9789583e-17
4.741347e-12
-2.6784989e-17
4.7413445e-12
-2.4048699e-17
4.7413423e-12
-2.1561131e-17
4.7413403e-12
-1.9303542e-17
4.7413386e-12
-1.7258087e-17
4.741337e-12
-1.5407858e-17
4.7413357e-12
-1.37369e-17
4.7413344e-12
-1.223022e-17
4.7413334e-12
-1.0873771e-17
4.7413325e-12
-9.6544404e-18
4.7413316e-12
-8.5600229e-18
4.7413309e-12
-7.5791866e-18
4.7413303e-12
-6.701438e-18
4.7413298e-12
-5.9170829e-18
4.7413293e-12
-5.2171846e-18
4.7413289e-12
-4.5935211e-18
4.7413286e-12
-4.0385421e-18
4.7413283e-12
-3.5453259e-18
4.741328e-12
-3.1075369e-18
4.7413278e-12
-2.7193839e-18
4.7413276e-12
-2.3755801e-18
4.7413275e-12
-2.0713046e-18
4.7413273e-12
-1.8021648e-18
4.7413272e-12
-1.5641616e-18
4.7413272e-12
-1.3536558e-18
4.7413271e-12
-1.1673367e-18
4.741327e-12
-1.002193e-18
4.741327e-12
-8.5548447e-19
4.741327e-12
-7.2471672e-19
4.7413269e-12
-6.0761734e-19
4.7413269e-12
-5.0211373e-19
4.7413269e-12
-4.0631289e-19
4.741327e-12
-3.1848277e-19
4.741327e-12
-2.370353e-19
4.741327e-12
-1.6051089e-19
4.741327e-12
-8.7564508e-20
4.7413271e-12
-1.6953042e-20
4.7413271e-12
5.2475909e-20
4.7413272e-12
1.2179402e-19
4.7413273e-12
1.9200098e-19
4.7413273e-12
2.6403213e-19
4.7413274e-12
3.3876496e-19
4.7413275e-12
4.1702455e-19
4.7413276e-12
4.9958808e-19
4.7413278e-12
5.8718832e-19
4.7413279e-12
6.8051622e-19
4.741328e-12
7.8022265e-19
4.7413282e-12
8.8691926e-19
4.7413284e-12
1.0011785e-18
4.7413286e-12
1.1235331e-18
4.7413288e-12
1.2544742e-18
4.7413291e-12
1.3944494e-18
4.7413294e-12
1.5438599e-18
4.7413296e-12
1.7030565e-18
4.74133e-12
1.8723357e-18
4.7413303e-12
2.0519343e-18
4.7413307e-12
2.2420241e-18
4.7413311e-12
2.4427056e-18
4.7413315e-12
2.6540008e-18
4.741332e-12
2.8758465e-18
4.7413325e-12
3.1080854e-18
4.741333e-12
3.3504584e-18
4.7413336e-12
3.602595e-18
4.7413342e-12
3.8640044e-18
4.7413349e-12
4.1340651e-18
4.7413356e-12
4.4120154e-18
4.7413363e-12
4.6969426e-18
4.7413371e-12
4.9877725e-18
4.7413379e-12
5.2832593e-18
4.7413388e-12
5.5819748e-18
4.7413397e-12
5.8822986e-18
4.7413406e-12
6.1824082e-18
4.7413416e-12
6.4802702e-18
4.7413427e-12
6.7736323e-18
4.7413437e-12
7.0600156e-18
4.7413449e-12
7.3367088e-18
4.741346e-12
7.600763e-18
4.7413472e-12
7.8489871e-18
4.7413484e-12
8.0779434e-18
4.7413497e-12
8.2839446e-18
4.741351e-12
8.4630523e-18
4.7413523e-12
8.6110609e-18
4.7413536e-12
8.7234658e-18
4.7413549e-12
8.7956151e-18
4.7413563e-12
8.8229469e-18
4.7413576e-12
8.7992022e-18
8.7053135e-18
3.2825891e-12
3.2894257e-14
3.2987751e-12
9.3836079e-14
3.3244524e-12
1.4943835e-13
3.3585507e-12
1.9931685e-13
3.3999568e-12
2.4322077e-13
3.4475418e-12
2.8102383e-13
3.5001871e-12
3.1272231e-13
3.5568078e-12
3.3842793e-13
3.6163733e-12
3.58356e-13
3.6779237e-12
3.7281058e-13
3.7405818e-12
3.8216767e-13
3.8035616e-12
3.868575e-13
3.8661724e-12
3.8734715e-13
3.92782e-12
3.8412399e-13
3.9880042e-12
3.7768094e-13
4.0463149e-12
3.6850356e-13
4.1024262e-12
3.5705953e-13
4.1560892e-12
3.4379037e-13
4.2071241e-12
3.291053e-13
4.2554121e-12
3.1337725e-13
4.3008876e-12
2.969405e-13
4.3435301e-12
2.8008996e-13
4.3833571e-12
2.6308162e-13
4.4204173e-12
2.4613391e-13
4.4547842e-12
2.2942992e-13
4.4865511e-12
2.1311993e-13
4.515826e-12
1.9732435e-13
4.5427276e-12
1.8213681e-13
4.5673814e-12
1.6762723e-13
4.5899175e-12
1.5384481e-13
4.6104671e-12
1.4082096e-13
4.6291613e-12
1.2857194e-13
4.6461291e-12
1.1710135e-13
4.6614961e-12
1.0640237e-13
4.6753837e-12
9.6459751e-14
4.6879081e-12
8.7251581e-14
4.6991799e-12
7.8750824e-14
4.7093041e-12
7.0926651e-14
4.7183792e-12
6.3745566e-14
4.7264977e-12
5.7172367e-14
4.7337461e-12
5.1170938e-14
4.7402046e-12
4.5704909e-14
4.7459476e-12
4.0738182e-14
4.751044e-12
3.6235356e-14
4.7555571e-12
3.2162057e-14
4.759545e-12
2.8485188e-14
4.7630612e-12
2.5173111e-14
4.7661543e-12
2.2195771e-14
4.7688688e-12
1.9524781e-14
4.7712452e-12
1.7133455e-14
4.77332e-12
1.4996822e-14
4.7751266e-12
1.3091608e-14
4.7766949e-12
1.1396202e-14
4.7780522e-12
9.8906023e-15
4.7792229e-12
8.5563576e-15
4.7802289e-12
7.3764941e-15
4.7810898e-12
6.3354409e-15
4.7818234e-12
5.4189503e-15
4.7824454e-12
4.6140175e-15
4.7829698e-12
3.9087996e-15
4.7834091e-12
3.292536e-15
4.7837746e-12
2.7554703e-15
4.784076e-12
2.288775e-15
4.784322e-12
1.8844794e-15
4.7845204e-12
1.5354005e-15
4.784678e-12
1.235078e-15
4.7848007e-12
9.7771254e-16
4.7848937e-12
7.5810827e-16
4.7849617e-12
5.7161874e-16
4.7850087e-12
4.1409687e-16
4.7850381e-12
2.8184834e-16
4.785053e-12
1.7158863e-16
4.7850559e-12
8.0403303e-17
4.7850491e-12
5.7115825e-18
4.7850346e-12
-5.4767131e-17
4.7850141e-12
-1.0304385e-16
4.7849888e-12
-1.4088791e-16
4.7849601e-12
-1.6985246e-16
4.7849289e-12
-1.9129754e-16
4.784896e-12
-2.0641109e-16
4.7848623e-12
-2.1622791e-16
4.7848282e-12
-2.2164683e-16
4.7847942e-12
-2.2344619e-16
4.7847607e-12
-2.2229778e-16
4.784728e-12
-2.187793e-16
4.7846963e-12
-2.1338567e-16
4.7846658e-12
-2.0653899e-16
4.7846367e-12
-1.9859759e-16
4.784609e-12
-1.8986401e-16
4.7845828e-12
-1.8059213e-16
4.7845581e-12
-1.7099351e-16
4.7845349e-12
-1.6124303e-16
4.7845132e-12
-1.5148384e-16
4.784493e-12
-1.4183176e-16
4.7844741e-12
-1.3237918e-16
4.7844567e-12
-1.2319841e-16
4.7844406e-12
-1.1434475e-16
4.7844257e-12
-1.0585904e-16
4.784412e-12
-9.7769982e-17
4.7843995e-12
-9.0096115e-17
4.784388e-12
-8.2847555e-17
4.7843775e-12
-7.6027484e-17
4.7843679e-12
-6.9633445e-17
4.7843592e-12
-6.3658452e-17
4.7843513e-12
-5.8091941e-17
4.7843441e-12
-5.2920576e-17
4.7843376e-12
-4.8128946e-17
4.7843317e-12
-4.3700138e-17
4.7843265e-12
-3.9616225e-17
4.7843217e-12
-3.5858676e-17
4.7843174e-12
-3.2408684e-17
4.7843136e-12
-2.9247446e-17
4.7843101e-12
-2.635638e-17
4.7843071e-12
-2.3717304e-17
4.7843043e-12
-2.1312571e-17
4.7843019e-12
-1.9125175e-17
4.7842997e-12
-1.7138829e-17
4.7842978e-12
-1.5338017e-17
4.7842961e-12
-1.370803e-17
4.7842946e-12
-1.223498e-17
4.7842933e-12
-1.090581e-17
4.7842921e-12
-9.708286e-18
4.7842911e-12
-8.630979e-18
4.7842902e-12
-7.6632476e-18
4.7842894e-12
-6.795209e-18
4.7842887e-12
-6.0177082e-18
4.7842881e-12
-5.3222848e-18
4.7842876e-12
-4.7011365e-18
4.7842872e-12
-4.1470832e-18
4.7842868e-12
-3.6535289e-18
4.7842865e-12
-3.214425e-18
4.7842862e-12
-2.8242335e-18
4.7842859e-12
-2.4778907e-18
4.7842857e-12
-2.1707725e-18
4.7842856e-12
-1.8986611e-18
4.7842854e-12
-1.6577123e-18
4.7842853e-12
-1.4444255e-18
4.7842852e-12
-1.255614e-18
4.7842851e-12
-1.0883784e-18
4.7842851e-12
-9.4008046e-19
4.784285e-12
-8.0831908e-19
4.784285e-12
-6.9090815e-19
4.784285e-12
-5.8585562e-19
4.784285e-12
-4.9134436e-19
4.784285e-12
-4.0571442e-19
4.784285e-12
-3.2744681e-19
4.784285e-12
-2.5514865e-19
4.784285e-12
-1.8753968e-19
4.784285e-12
-1.2344001e-19
4.7842851e-12
-6.1759149e-20
4.7842851e-12
-1.4861079e-21
4.7842852e-12
5.8319304e-20
4.7842853e-12
1.1853419e-19
4.7842854e-12
1.7997926e-19
4.7842855e-12
2.4342455e-19
4.7842856e-12
3.0959429e-19
4.7842857e-12
3.7917082e-19
4.7842858e-12
4.5279776e-19
4.784286e-12
5.3108234e-19
4.7842861e-12
6.1459697e-19
4.7842863e-12
7.0388009e-19
4.7842865e-12
7.9943625e-19
4.7842867e-12
9.0173565e-19
4.784287e-12
1.0112128e-18
4.7842873e-12
1.1282649e-18
4.7842875e-12
1.2532488e-18
4.7842879e-12
1.3864787e-18
4.7842882e-12
1.5282218e-18
4.7842886e-12
1.6786944e-18
4.784289e-12
1.8380568e-18
4.7842894e-12
2.0064083e-18
4.7842899e-12
2.1837809e-18
4.7842904e-12
2.3701333e-18
4.7842909e-12
2.5653438e-18
4.7842915e-12
2.7692029e-18
4.7842921e-12
2.9814059e-18
4.7842928e-12
3.2015443e-18
4.7842935e-12
3.4290979e-18
4.7842943e-12
3.6634258e-18
4.784295e-12
3.9037574e-18
4.7842959e-12
4.1491837e-18
4.7842968e-12
4.3986481e-18
4.7842977e-12
4.6509379e-18
4.7842987e-12
4.904675e-18
4.7842997e-12
5.1583085e-18
4.7843008e-12
5.4101067e-18
4.7843019e-12
5.6581498e-18
4.784303e-12
5.9003245e-18
4.7843042e-12
6.134318e-18
4.7843055e-12
6.3576138e-18
4.7843068e-12
6.5674872e-18
4.7843081e-12
6.7610016e-18
4.7843094e-12
6.9350049e-18
4.7843108e-12
7.0861252e-18
4.7843122e-12
7.210761e-18
4.7843136e-12
7.3050515e-18
4.7843151e-12
7.3649952e-18
4.7843165e-12
7.3866215e-18
4.7843179e-12
7.3646995e-18
7.282269e-18
3.2825023e-12
2.7284744e-14
3.298467e-12
7.7871383e-14
3.323833e-12
1.2407237e-13
3.3575776e-12
1.6557224e-13
3.3986357e-12
2.0216268e-13
3.445924e-12
2.3373551e-13
3.4983649e-12
2.6028147e-13
3.5549079e-12
2.8188487e-13
3.6145494e-12
2.9871451e-13
3.6763479e-12
3.1101211e-13
3.7394365e-12
3.1907908e-13
3.8030315e-12
3.232625e-13
3.8664375e-12
3.2394113e-13
3.9290494e-12
3.215121e-13
3.9903516e-12
3.1637876e-13
4.049915e-12
3.0894014e-13
4.1073924e-12
2.9958213e-13
4.1625123e-12
2.8867041e-13
4.2150724e-12
2.7654525e-13
4.2649318e-12
2.6351788e-13
4.3120039e-12
2.4986834e-13
4.3562493e-12
2.358446e-13
4.3976682e-12
2.2166275e-13
4.4362942e-12
2.0750791e-13
4.4721882e-12
1.9353589e-13
4.5054329e-12
1.7987521e-13
4.5361279e-12
1.6662939e-13
4.5643852e-12
1.5387945e-13
4.590326e-12
1.4168643e-13
4.614077e-12
1.3009384e-13
4.6357679e-12
1.1913005e-13
4.6555293e-12
1.0881054e-13
4.6734907e-12
9.9139933e-14
4.6897792e-12
9.0113918e-14
4.7045181e-12
8.172089e-14
4.7178262e-12
7.3943472e-14
4.7298172e-12
6.6759807e-14
4.7405991e-12
6.0144696e-14
4.7502741e-12
5.4070564e-14
4.7589382e-12
4.8508281e-14
4.7666813e-12
4.3427844e-14
4.7735873e-12
3.8798945e-14
4.779734e-12
3.459143e-14
4.7851937e-12
3.0775666e-14
4.7900329e-12
2.732283e-14
4.794313e-12
2.4205131e-14
4.7980901e-12
2.1395967e-14
4.8014159e-12
1.8870043e-14
4.8043372e-12
1.6603441e-14
4.806897e-12
1.457366e-14
4.8091342e-12
1.2759629e-14
4.8110841e-12
1.1141695e-14
4.8127787e-12
9.7015997e-15
4.8142469e-12
8.4224341e-15
4.8155146e-12
7.2885928e-15
4.8166054e-12
6.2857138e-15
4.8175403e-12
5.4006166e-15
4.818338e-12
4.6212368e-15
4.8190154e-12
3.9365583e-15
4.8195877e-12
3.3365463e-15
4.8200681e-12
2.8120801e-15
4.8204687e-12
2.3548883e-15
4.8208e-12
1.9574849e-15
4.8210714e-12
1.6131089e-15
4.8212911e-12
1.3156662e-15
4.8214665e-12
1.0596745e-15
4.821604e-12
8.4021151e-16
4.8217093e-12
6.5286609e-16
4.8217872e-12
4.936929e-16
4.8218421e-12
3.5916988e-16
4.8218778e-12
2.4615893e-16
4.8218975e-12
1.5186951e-16
4.8219041e-12
7.3825031e-17
4.8219e-12
9.8320267e-18
4.8218873e-12
-4.2048228e-17
4.8218677e-12
-8.3525617e-17
4.821843e-12
-1.1610487e-16
4.8218142e-12
-1.411071e-16
4.8217826e-12
-1.5968948e-16
4.8217491e-12
-1.7286294e-16
4.8217143e-12
-1.8150835e-16
4.8216791e-12
-1.8639103e-16
4.8216438e-12
-1.8817391e-16
4.8216089e-12
-1.8742934e-16
4.8215748e-12
-1.846497e-16
4.8215417e-12
-1.8025696e-16
4.8215098e-12
-1.7461117e-16
4.8214792e-12
-1.6801815e-16
4.82145e-12
-1.6073623e-16
4.8214224e-12
-1.5298234e-16
4.8213964e-12
-1.4493738e-16
4.8213719e-12
-1.3675102e-16
4.821349e-12
-1.2854591e-16
4.8213275e-12
-1.2042143e-16
4.8213076e-12
-1.1245695e-16
4.8212891e-12
-1.0471477e-16
4.821272e-12
-9.7242641e-17
4.8212563e-12
-9.0075993e-17
4.8212417e-12
-8.3239886e-17
4.8212284e-12
-7.6750699e-17
4.8212161e-12
-7.0617604e-17
4.821205e-12
-6.484384e-17
4.8211948e-12
-5.9427812e-17
4.8211855e-12
-5.4364037e-17
4.821177e-12
-4.9643956e-17
4.8211693e-12
-4.5256624e-17
4.8211624e-12
-4.1189294e-17
4.8211561e-12
-3.7427919e-17
4.8211505e-12
-3.395756e-17
4.8211454e-12
-3.0762737e-17
4.8211408e-12
-2.7827716e-17
4.8211367e-12
-2.5136739e-17
4.821133e-12
-2.267422e-17
4.8211297e-12
-2.0424888e-17
4.8211268e-12
-1.8373915e-17
4.8211242e-12
-1.6506996e-17
4.8211218e-12
-1.4810426e-17
4.8211198e-12
-1.3271138e-17
4.8211179e-12
-1.1876739e-17
4.8211163e-12
-1.0615526e-17
4.8211149e-12
-9.4764858e-18
4.8211136e-12
-8.4492968e-18
4.8211125e-12
-7.5243143e-18
4.8211115e-12
-6.6925533e-18
4.8211107e-12
-5.9456666e-18
4.82111e-12
-5.2759191e-18
4.8211093e-12
-4.6761596e-18
4.8211087e-12
-4.1397916e-18
4.8211083e-12
-3.6607419e-18
4.8211078e-12
-3.23343e-18
4.8211075e-12
-2.8527366e-18
4.8211072e-12
-2.5139731e-18
4.8211069e-12
-2.2128509e-18
4.8211067e-12
-1.9454529e-18
4.8211065e-12
-1.7082045e-18
4.8211063e-12
-1.4978472e-18
4.8211062e-12
-1.3114125e-18
4.8211061e-12
-1.1461977e-18
4.821106e-12
-9.9974283e-19
4.8211059e-12
-8.6980886e-19
4.8211059e-12
-7.5435771e-19
4.8211058e-12
-6.5153328e-19
4.8211058e-12
-5.5964389e-19
4.8211058e-12
-4.7714616e-19
4.8211058e-12
-4.0262997e-19
4.8211058e-12
-3.3480481e-19
4.8211058e-12
-2.7248717e-19
4.8211058e-12
-2.1458916e-19
4.8211059e-12
-1.6010812e-19
4.8211059e-12
-1.0811728e-19
4.821106e-12
-5.7757398e-20
4.8211061e-12
-8.2293447e-21
4.8211061e-12
4.1212477e-20
4.8211062e-12
9.1265848e-20
4.8211063e-12
1.4258564e-19
4.8211064e-12
1.9578798e-19
4.8211066e-12
2.5145367e-19
4.8211067e-12
3.1013093e-19
4.8211069e-12
3.7233743e-19
4.821107e-12
4.3856174e-19
4.8211072e-12
5.0926414e-19
4.8211074e-12
5.8487677e-19
4.8211077e-12
6.6580332e-19
4.8211079e-12
7.5241807e-19
4.8211082e-12
8.4506441e-19
4.8211085e-12
9.4405288e-19
4.8211089e-12
1.0496586e-18
4.8211092e-12
1.1621183e-18
4.8211096e-12
1.2816269e-18
4.8211101e-12
1.4083334e-18
4.8211105e-12
1.5423364e-18
4.821111e-12
1.6836795e-18
4.8211116e-12
1.8323459e-18
4.8211121e-12
1.9882526e-18
4.8211128e-12
2.1512445e-18
4.8211134e-12
2.3210877e-18
4.8211141e-12
2.4974631e-18
4.8211149e-12
2.6799593e-18
4.8211157e-12
2.8680653e-18
4.8211165e-12
3.0611632e-18
4.8211174e-12
3.2585206e-18
4.8211183e-12
3.4592833e-18
4.8211193e-12
3.6624682e-18
4.8211204e-12
3.8669556e-18
4.8211215e-12
4.0714831e-18
4.8211226e-12
4.2746385e-18
4.8211238e-12
4.4748548e-18
4.821125e-12
4.6704045e-18
4.8211263e-12
4.8593953e-18
4.8211276e-12
5.0397661e-18
4.821129e-12
5.2092832e-18
4.8211303e-12
5.3655361e-18
4.8211318e-12
5.5059346e-18
4.8211332e-12
5.6277059e-18
4.8211347e-12
5.7278802e-18
4.8211362e-12
5.8032651e-18
4.8211377e-12
5.8505574e-18
4.8211393e-12
5.8665205e-18
4.8211408e-12
5.8466625e-18
5.7768484e-18
3.2824318e-12
2.174576e-14
3.2982162e-12
6.2086971e-14
3.3233279e-12
9.8960683e-14
3.3567825e-12
1.3211758e-13
3.3975537e-12
1.6139153e-13
3.444595e-12
1.866942e-13
3.4968621e-12
2.0801432e-13
3.5533332e-12
2.2541382e-13
3.6130267e-12
2.3902102e-13
3.6750169e-12
2.4902186e-13
3.7384461e-12
2.5564986e-13
3.8025333e-12
2.5917531e-13
3.86658e-12
2.5989445e-13
3.929973e-12
2.5811908e-13
3.9921847e-12
2.5416705e-13
4.052771e-12
2.4835386e-13
4.1113676e-12
2.4098559e-13
4.1676847e-12
2.3235326e-13
4.2215015e-12
2.2272848e-13
4.2726589e-12
2.1236043e-13
4.3210532e-12
2.0147404e-13
4.3666288e-12
1.9026905e-13
4.4093715e-12
1.7892006e-13
4.4493022e-12
1.6757717e-13
4.486471e-12
1.563671e-13
4.5209514e-12
1.4539478e-13
4.5528357e-12
1.3474511e-13
4.5822303e-12
1.2448486e-13
4.6092521e-12
1.1466469e-13
4.6340249e-12
1.0532103e-13
4.6566768e-12
9.6478067e-14
4.6773379e-12
8.814944e-14
4.6961379e-12
8.0339945e-14
4.7132048e-12
7.3047034e-14
4.7286635e-12
6.626217e-14
4.742635e-12
5.9972043e-14
4.7552351e-12
5.4159626e-14
4.7665747e-12
4.8805095e-14
4.7767587e-12
4.3886625e-14
4.7858859e-12
3.9381057e-14
4.7940493e-12
3.5264459e-14
4.8013356e-12
3.1512594e-14
4.8078258e-12
2.8101298e-14
4.8135947e-12
2.5006784e-14
4.8187116e-12
2.2205881e-14
4.8232405e-12
1.9676223e-14
4.8272401e-12
1.7396375e-14
4.8307642e-12
1.5345941e-14
4.833862e-12
1.3505616e-14
4.8365785e-12
1.1857229e-14
4.8389543e-12
1.0383752e-14
4.8410267e-12
9.0692938e-15
4.8428293e-12
7.8990843e-15
4.8443923e-12
6.8594396e-15
4.8457431e-12
5.9377245e-15
4.8469065e-12
5.1223068e-15
4.8479046e-12
4.4025077e-15
4.8487573e-12
3.7685496e-15
4.8494824e-12
3.2115022e-15
4.8500957e-12
2.7232284e-15
4.8506114e-12
2.2963309e-15
4.8510422e-12
1.9240993e-15
4.8513993e-12
1.6004595e-15
4.8516924e-12
1.3199244e-15
4.8519306e-12
1.0775472e-15
4.8521214e-12
8.6887696e-16
4.8522717e-12
6.8991672e-16
4.8523874e-12
5.3708401e-16
4.852474e-12
4.0717411e-16
4.8525358e-12
2.9732566e-16
4.852577e-12
2.0498885e-16
4.8526009e-12
1.2789588e-16
4.8526107e-12
6.4033821e-17
4.852609e-12
1.1619519e-17
4.8525978e-12
-3.0923321e-17
4.8525793e-12
-6.4985179e-17
4.852555e-12
-9.178992e-17
4.8525263e-12
-1.1241228e-16
4.8524944e-12
-1.2779379e-16
4.8524603e-12
-1.3875719e-16
4.8524248e-12
-1.4601951e-16
4.8523886e-12
-1.5020391e-16
4.8523523e-12
-1.5185029e-16
4.8523163e-12
-1.5142493e-16
4.8522809e-12
-1.493291e-16
4.8522466e-12
-1.459068e-16
4.8522134e-12
-1.4145169e-16
4.8521816e-12
-1.3621329e-16
4.8521513e-12
-1.304025e-16
4.8521225e-12
-1.2419654e-16
4.8520953e-12
-1.1774329e-16
4.8520697e-12
-1.111652e-16
4.8520458e-12
-1.0456275e-16
4.8520233e-12
-9.8017416e-17
4.8520025e-12
-9.1594412e-17
4.8519831e-12
-8.5345017e-17
4.8519652e-12
-7.9308651e-17
4.8519486e-12
-7.3514683e-17
4.8519334e-12
-6.7984018e-17
4.8519193e-12
-6.2730468e-17
4.8519065e-12
-5.7761955e-17
4.8518947e-12
-5.3081546e-17
4.851884e-12
-4.8688351e-17
4.8518742e-12
-4.4578289e-17
4.8518653e-12
-4.0744752e-17
4.8518572e-12
-3.7179163e-17
4.8518499e-12
-3.3871463e-17
4.8518433e-12
-3.0810505e-17
4.8518373e-12
-2.7984399e-17
4.8518319e-12
-2.5380797e-17
4.8518271e-12
-2.2987119e-17
4.8518227e-12
-2.0790753e-17
4.8518189e-12
-1.8779205e-17
4.8518154e-12
-1.6940226e-17
4.8518123e-12
-1.5261906e-17
4.8518095e-12
-1.3732752e-17
4.851807e-12
-1.2341743e-17
4.8518048e-12
-1.1078366e-17
4.8518029e-12
-9.9326443e-18
4.8518012e-12
-8.8951494e-18
4.8517996e-12
-7.9570083e-18
4.8517983e-12
-7.109899e-18
4.8517971e-12
-6.3460424e-18
4.8517961e-12
-5.6581886e-18
4.8517952e-12
-5.0395994e-18
4.8517944e-12
-4.4840282e-18
4.8517937e-12
-3.9856977e-18
4.8517931e-12
-3.5392766e-18
4.8517926e-12
-3.1398546e-18
4.8517921e-12
-2.7829182e-18
4.8517917e-12
-2.464325e-18
4.8517914e-12
-2.1802797e-18
4.8517911e-12
-1.9273098e-18
4.8517909e-12
-1.7022421e-18
4.8517907e-12
-1.5021798e-18
4.8517905e-12
-1.3244813e-18
4.8517903e-12
-1.1667395e-18
4.8517902e-12
-1.0267617e-18
4.8517901e-12
-9.025517e-19
4.8517901e-12
-7.9229195e-19
4.85179e-12
-6.9432758e-19
4.85179e-12
-6.0715108e-19
4.8517899e-12
-5.2938818e-19
4.8517899e-12
-4.5978482e-19
4.8517899e-12
-3.9719503e-19
4.8517899e-12
-3.4056989e-19
4.8517899e-12
-2.8894738e-19
4.8517899e-12
-2.4144308e-19
4.85179e-12
-1.9724184e-19
4.85179e-12
-1.5559012e-19
4.8517901e-12
-1.1578923e-19
4.8517902e-12
-7.7189282e-20
4.8517902e-12
-3.9183767e-20
4.8517903e-12
-1.2049192e-21
4.8517904e-12
3.7280369e-20
4.8517906e-12
7.6773976e-20
4.8517907e-12
1.1774942e-19
4.8517908e-12
1.6065417e-19
4.851791e-12
2.0591139e-19
4.8517912e-12
2.5392122e-19
4.8517914e-12
3.0506155e-19
4.8517916e-12
3.5968825e-19
4.8517919e-12
4.1813508e-19
4.8517921e-12
4.8071295e-19
4.8517924e-12
5.4770898e-19
4.8517928e-12
6.1938492e-19
4.8517931e-12
6.959753e-19
4.8517935e-12
7.7768515e-19
4.8517939e-12
8.6468726e-19
4.8517944e-12
9.5711917e-19
4.8517949e-12
1.0550797e-18
4.8517954e-12
1.1586252e-18
4.8517959e-12
1.2677653e-18
4.8517965e-12
1.3824586e-18
4.8517972e-12
1.5026079e-18
4.8517979e-12
1.6280551e-18
4.8517986e-12
1.7585758e-18
4.8517994e-12
1.8938739e-18
4.8518002e-12
2.033576e-18
4.8518011e-12
2.1772253e-18
4.8518021e-12
2.3242761e-18
4.8518031e-12
2.4740875e-18
4.8518041e-12
2.6259179e-18
4.8518052e-12
2.7789191e-18
4.8518063e-12
2.9321312e-18
4.8518075e-12
3.0844773e-18
4.8518087e-12
3.2347591e-18
4.85181e-12
3.3816525e-18
4.8518114e-12
3.5237038e-18
4.8518128e-12
3.6593266e-18
4.8518142e-12
3.7867984e-18
4.8518156e-12
3.9042569e-18
4.8518171e-12
4.0096968e-18
4.8518187e-12
4.100966e-18
4.8518202e-12
4.1757564e-18
4.8518218e-12
4.2315823e-18
4.8518234e-12
4.2658635e-18
4.851825e-12
4.2760432e-18
4.8518265e-12
4.2586958e-18
4.2023297e-18
3.2823765e-12
1.6262074e-14
3.2980193e-12
4.6444142e-14
3.3229309e-12
7.4049134e-14
3.3561566e-12
9.8891829e-14
3.3967002e-12
1.2084794e-13
3.4435442e-12
1.3985024e-13
3.4956703e-12
1.5588813e-13
3.5520792e-12
1.6900493e-13
3.6118072e-12
1.7929304e-13
3.6739414e-12
1.8688771e-13
3.7376315e-12
1.9195969e-13
3.8020994e-12
1.9470748e-13
3.8666445e-12
1.9534934e-13
3.9306479e-12
1.9411569e-13
3.9935728e-12
1.9124209e-13
4.0549637e-12
1.8696297e-13
4.114443e-12
1.8150633e-13
4.1717067e-12
1.750895e-13
4.2265194e-12
1.6791577e-13
4.2787077e-12
1.6017214e-13
4.328154e-12
1.5202774e-13
4.3747899e-12
1.4363315e-13
4.4185897e-12
1.3512033e-13
4.4595639e-12
1.2660295e-13
4.4977537e-12
1.1817728e-13
4.5332252e-12
1.0992322e-13
4.5660647e-12
1.0190566e-13
4.5963737e-12
9.417582e-14
4.6242657e-12
8.6772743e-14
4.649862e-12
7.9724739e-14
4.6732893e-12
7.3050787e-14
4.6946768e-12
6.6761877e-14
4.7141545e-12
6.0862247e-14
4.731851e-12
5.5350523e-14
4.7478925e-12
5.0220747e-14
4.7624012e-12
4.5463287e-14
4.7754952e-12
4.1065649e-14
4.7872871e-12
3.7013168e-14
4.7978841e-12
3.3289619e-14
4.8073875e-12
2.9877721e-14
4.8158923e-12
2.6759572e-14
4.8234879e-12
2.3917005e-14
4.8302574e-12
2.1331875e-14
4.8362778e-12
1.8986298e-14
4.8416209e-12
1.6862835e-14
4.8463525e-12
1.4944632e-14
4.8505333e-12
1.3215528e-14
4.8542191e-12
1.1660132e-14
4.8574609e-12
1.0263869e-14
4.8603051e-12
9.0130111e-15
4.8627942e-12
7.8946875e-15
4.8649666e-12
6.8968835e-15
4.8668572e-12
6.0084256e-15
4.8684977e-12
5.2189596e-15
4.8699165e-12
4.5189214e-15
4.8711393e-12
3.8995039e-15
4.8721892e-12
3.3526198e-15
4.8730869e-12
2.8708623e-15
4.8738509e-12
2.4474652e-15
4.8744979e-12
2.076262e-15
4.8750426e-12
1.7516458e-15
4.8754982e-12
1.4685295e-15
4.8758763e-12
1.2223075e-15
4.8761874e-12
1.0088189e-15
4.8764406e-12
8.243118e-16
4.8766441e-12
6.6540993e-16
4.8768049e-12
5.2908098e-16
4.8769294e-12
4.1260677e-16
4.877023e-12
3.1355541e-16
4.8770906e-12
2.2975528e-16
4.8771363e-12
1.5927097e-16
4.8771638e-12
1.003809e-16
4.8771763e-12
5.1556772e-17
4.8771765e-12
1.1444559e-17
4.8771667e-12
-2.1152861e-17
4.877149e-12
-4.7291652e-17
4.8771251e-12
-6.7901564e-17
4.8770965e-12
-8.3799203e-17
4.8770644e-12
-9.5700082e-17
4.8770299e-12
-1.0422957e-16
4.8769938e-12
-1.0993282e-16
4.8769569e-12
-1.1328368e-16
4.8769197e-12
-1.1469285e-16
4.8768828e-12
-1.145151e-16
4.8768466e-12
-1.1305584e-16
4.8768112e-12
-1.1057701e-16
4.8767771e-12
-1.0730228e-16
4.8767443e-12
-1.0342183e-16
4.876713e-12
-9.9096472e-17
4.8766833e-12
-9.4461424e-17
4.8766551e-12
-8.9629624e-17
4.8766287e-12
-8.4694671e-17
4.8766038e-12
-7.9733438e-17
4.8765806e-12
-7.4808375e-17
4.876559e-12
-6.9969542e-17
4.8765389e-12
-6.5256398e-17
4.8765203e-12
-6.0699372e-17
4.8765031e-12
-5.6321237e-17
4.8764873e-12
-5.2138313e-17
4.8764727e-12
-4.8161511e-17
4.8764593e-12
-4.4397246e-17
4.8764471e-12
-4.0848225e-17
4.8764359e-12
-3.7514125e-17
4.8764257e-12
-3.4392179e-17
4.8764165e-12
-3.1477679e-17
4.8764081e-12
-2.8764406e-17
4.8764004e-12
-2.6244989e-17
4.8763935e-12
-2.3911217e-17
4.8763873e-12
-2.1754295e-17
4.8763817e-12
-1.9765062e-17
4.8763766e-12
-1.7934166e-17
4.8763721e-12
-1.6252212e-17
4.876368e-12
-1.4709883e-17
4.8763644e-12
-1.329803e-17
4.8763611e-12
-1.2007754e-17
4.8763582e-12
-1.0830453e-17
4.8763556e-12
-9.7578766e-18
4.8763533e-12
-8.7821463e-18
4.8763513e-12
-7.8957812e-18
4.8763495e-12
-7.0917081e-18
4.8763479e-12
-6.3632652e-18
4.8763465e-12
-5.7042014e-18
4.8763453e-12
-5.1086702e-18
4.8763442e-12
-4.5712197e-18
4.8763432e-12
-4.08678e-18
4.8763424e-12
-3.6506489e-18
4.8763417e-12
-3.2584751e-18
4.876341e-12
-2.9062408e-18
4.8763405e-12
-2.5902439e-18
4.87634e-12
-2.3070793e-18
4.8763396e-12
-2.0536207e-18
4.8763392e-12
-1.8270018e-18
4.8763389e-12
-1.6245988e-18
4.8763387e-12
-1.4440128e-18
4.8763385e-12
-1.2830528e-18
4.8763383e-12
-1.1397198e-18
4.8763381e-12
-1.0121912e-18
4.876338e-12
-8.9880601e-19
4.8763379e-12
-7.9805144e-19
4.8763378e-12
-7.0854951e-19
4.8763377e-12
-6.2904505e-19
4.8763377e-12
-5.5839425e-19
4.8763377e-12
-4.9555409e-19
4.8763376e-12
-4.3957252e-19
4.8763376e-12
-3.8957937e-19
4.8763376e-12
-3.4477804e-19
4.8763377e-12
-3.0443779e-19
4.8763377e-12
-2.678868e-19
4.8763377e-12
-2.3450575e-19
4.8763378e-12
-2.0372211e-19
4.8763378e-12
-1.7500492e-19
4.8763379e-12
-1.4786016e-19
4.876338e-12
-1.2182664e-19
4.8763381e-12
-9.6472371e-20
4.8763382e-12
-7.1391392e-20
4.8763383e-12
-4.6201087e-20
4.8763384e-12
-2.053991e-20
4.8763386e-12
5.9344923e-21
4.8763388e-12
3.3546728e-20
4.876339e-12
6.2604761e-20
4.8763392e-12
9.3400626e-20
4.8763394e-12
1.262108e-19
4.8763397e-12
1.6129621e-19
4.8763399e-12
1.9890196e-19
4.8763403e-12
2.3925664e-19
4.8763406e-12
2.8257145e-19
4.876341e-12
3.2903888e-19
4.8763414e-12
3.788312e-19
4.8763418e-12
4.3209859e-19
4.8763423e-12
4.8896702e-19
4.8763428e-12
5.4953584e-19
4.8763433e-12
6.1387511e-19
4.8763439e-12
6.8202263e-19
4.8763445e-12
7.5398083e-19
4.8763452e-12
8.2971327e-19
4.8763459e-12
9.0914106e-19
4.8763467e-12
9.9213904e-19
4.8763475e-12
1.0785317e-18
4.8763484e-12
1.1680892e-18
4.8763493e-12
1.2605229e-18
4.8763502e-12
1.3554813e-18
4.8763513e-12
1.4525455e-18
4.8763523e-12
1.551225e-18
4.8763535e-12
1.6509536e-18
4.8763547e-12
1.7510853e-18
4.8763559e-12
1.8508906e-18
4.8763572e-12
1.9495527e-18
4.8763585e-12
2.0461648e-18
4.8763599e-12
2.1397266e-18
4.8763613e-12
2.2291418e-18
4.8763628e-12
2.3132154e-18
4.8763643e-12
2.3906502e-18
4.8763659e-12
2.4600444e-18
4.8763674e-12
2.5198884e-18
4.876369e-12
2.5685551e-18
4.8763707e-12
2.6042835e-18
4.8763723e-12
2.6252469e-18
4.876374e-12
2.6296639e-18
4.8763756e-12
2.6150062e-18
2.5728594e-18
3.2823357e-12
1.0819219e-14
3.2978738e-12
3.0905989e-14
3.3226372e-12
4.9285789e-14
3.355693e-12
6.583597e-14
3.3960671e-12
8.0473838e-14
3.4427632e-12
9.3154125e-14
3.4947826e-12
1.0386877e-13
3.5511423e-12
1.1264519e-13
3.6108922e-12
1.1954321e-13
3.6731289e-12
1.2465102e-13
3.7370082e-12
1.280804e-13
3.801754e-12
1.2996167e-13
3.8666648e-12
1.3043851e-13
3.9311176e-12
1.2966289e-13
3.9945692e-12
1.2779051e-13
4.0565556e-12
1.2497658e-13
4.1166895e-12
1.2137238e-13
4.1746567e-12
1.171223e-13
4.2302108e-12
1.1236169e-13
4.2831677e-12
1.0721522e-13
4.3333996e-12
1.0179585e-13
4.3808284e-12
9.6204329e-14
4.4254197e-12
9.0529075e-14
4.4671762e-12
8.4846409e-14
4.5061324e-12
7.9221068e-14
4.5423488e-12
7.3706908e-14
4.5759067e-12
6.8347746e-14
4.6069042e-12
6.3178278e-14
4.6354519e-12
5.8225039e-14
4.6616693e-12
5.3507362e-14
4.6856818e-12
4.9038312e-14
4.7076181e-12
4.4825575e-14
4.727608e-12
4.0872285e-14
4.7457808e-12
3.7177787e-14
4.7622632e-12
3.3738321e-14
4.7771788e-12
3.054764e-14
4.7906469e-12
2.7597545e-14
4.8027818e-12
2.4878362e-14
4.813692e-12
2.2379343e-14
4.8234807e-12
2.0089014e-14
4.8322448e-12
1.7995465e-14
4.8400753e-12
1.6086589e-14
4.8470569e-12
1.4350284e-14
4.8532685e-12
1.2774607e-14
4.8587835e-12
1.1347904e-14
4.8636692e-12
1.0058903e-14
4.8679879e-12
8.8967928e-15
4.8717968e-12
7.8512669e-15
4.8751481e-12
6.9125641e-15
4.8780896e-12
6.0714862e-15
4.8806649e-12
5.3194069e-15
4.8829135e-12
4.6482704e-15
4.8848714e-12
4.0505833e-15
4.8865709e-12
3.5194e-15
4.8880415e-12
3.0483036e-15
4.8893097e-12
2.6313836e-15
4.8903991e-12
2.2632118e-15
4.8913311e-12
1.938816e-15
4.8921249e-12
1.6536532e-15
4.8927976e-12
1.4035828e-15
4.8933644e-12
1.184839e-15
4.8938389e-12
9.940051e-16
4.8942333e-12
8.2798736e-16
4.8945581e-12
6.8399032e-16
4.8948229e-12
5.5949317e-16
4.8950361e-12
4.5222723e-16
4.895205e-12
3.6015475e-16
4.8953362e-12
2.8144888e-16
4.8954353e-12
2.1447502e-16
4.8955072e-12
1.5777338e-16
4.8955565e-12
1.1004281e-16
4.8955867e-12
7.0125807e-17
4.8956013e-12
3.6994666e-17
4.895603e-12
9.7387892e-18
4.8955943e-12
-1.2447022e-17
4.8955773e-12
-3.0273254e-17
4.8955537e-12
-4.4365458e-17
4.8955252e-12
-5.5273154e-17
4.895493e-12
-6.3477932e-17
4.8954582e-12
-6.9400802e-17
4.8954216e-12
-7.340885e-17
4.8953842e-12
-7.5821264e-17
4.8953464e-12
-7.6914758e-17
4.8953088e-12
-7.6928464e-17
4.8952718e-12
-7.6068329e-17
4.8952358e-12
-7.4511062e-17
4.8952009e-12
-7.240766e-17
4.8951673e-12
-6.988657e-17
4.8951353e-12
-6.7056506e-17
4.8951048e-12
-6.400896e-17
4.895076e-12
-6.0820429e-17
4.8950489e-12
-5.7554397e-17
4.8950234e-12
-5.4263087e-17
4.8949996e-12
-5.0989009e-17
4.8949774e-12
-4.7766328e-17
4.8949568e-12
-4.4622062e-17
4.8949376e-12
-4.1577142e-17
4.89492e-12
-3.864733e-17
4.8949037e-12
-3.5844033e-17
4.8948887e-12
-3.3175003e-17
4.8948749e-12
-3.0644947e-17
4.8948623e-12
-2.8256062e-17
4.8948508e-12
-2.6008487e-17
4.8948403e-12
-2.39007e-17
4.8948308e-12
-2.1929854e-17
4.8948221e-12
-2.0092067e-17
4.8948142e-12
-1.8382667e-17
4.8948071e-12
-1.6796395e-17
4.8948007e-12
-1.5327586e-17
4.8947949e-12
-1.3970309e-17
4.8947897e-12
-1.2718489e-17
4.894785e-12
-1.1566009e-17
4.8947808e-12
-1.0506784e-17
4.894777e-12
-9.5348324e-18
4.8947737e-12
-8.6443233e-18
4.8947707e-12
-7.8296157e-18
4.894768e-12
-7.0852887e-18
4.8947656e-12
-6.4061624e-18
4.8947635e-12
-5.787312e-18
4.8947617e-12
-5.2240765e-18
4.89476e-12
-4.7120617e-18
4.8947585e-12
-4.2471404e-18
4.8947573e-12
-3.825449e-18
4.8947561e-12
-3.4433813e-18
4.8947551e-12
-3.0975808e-18
4.8947543e-12
-2.7849317e-18
4.8947535e-12
-2.5025477e-18
4.8947529e-12
-2.2477617e-18
4.8947523e-12
-2.0181136e-18
4.8947518e-12
-1.8113387e-18
4.8947514e-12
-1.6253556e-18
4.894751e-12
-1.4582543e-18
4.8947507e-12
-1.3082848e-18
4.8947504e-12
-1.1738454e-18
4.8947502e-12
-1.053472e-18
4.89475e-12
-9.4582745e-19
4.8947498e-12
-8.4969158e-19
4.8947497e-12
-7.6395152e-19
4.8947496e-12
-6.8759274e-19
4.8947495e-12
-6.1969051e-19
4.8947494e-12
-5.5940189e-19
4.8947494e-12
-5.0595829e-19
4.8947493e-12
-4.5865843e-19
4.8947493e-12
-4.1686195e-19
4.8947493e-12
-3.7998333e-19
4.8947493e-12
-3.474864e-19
4.8947493e-12
-3.1887923e-19
4.8947493e-12
-2.9370945e-19
4.8947494e-12
-2.7155998e-19
4.8947494e-12
-2.5204518e-19
4.8947495e-12
-2.3480727e-19
4.8947496e-12
-2.195132e-19
4.8947496e-12
-2.058518e-19
4.8947497e-12
-1.9353125e-19
4.8947499e-12
-1.8227683e-19
4.89475e-12
-1.7182904e-19
4.8947501e-12
-1.6194185e-19
4.8947503e-12
-1.5238137e-19
4.8947505e-12
-1.4292465e-19
4.8947507e-12
-1.3335877e-19
4.8947509e-12
-1.2348018e-19
4.8947511e-12
-1.1309425e-19
4.8947514e-12
-1.0201504e-19
4.8947517e-12
-9.0065244e-20
4.894752e-12
-7.7076446e-20
4.8947523e-12
-6.2889474e-20
4.8947527e-12
-4.7355004e-20
4.8947531e-12
-3.0334357e-20
4.8947536e-12
-1.1700478e-20
4.894754e-12
8.6608926e-21
4.8947546e-12
3.0849866e-20
4.8947551e-12
5.4950872e-20
4.8947557e-12
8.1030951e-20
4.8947564e-12
1.0913788e-19
4.894757e-12
1.3929814e-19
4.8947578e-12
1.7151472e-19
4.8947586e-12
2.057648e-19
4.8947594e-12
2.4199727e-19
4.8947603e-12
2.8013021e-19
4.8947612e-12
3.2004821e-19
4.8947622e-12
3.6159966e-19
4.8947633e-12
4.0459402e-19
4.8947644e-12
4.4879902e-19
4.8947655e-12
4.93938e-19
4.8947667e-12
5.3968724e-19
4.894768e-12
5.8567345e-19
4.8947693e-12
6.3147132e-19
4.8947707e-12
6.7660128e-19
4.8947721e-12
7.2052728e-19
4.8947736e-12
7.6265468e-19
4.8947751e-12
8.0232798e-19
4.8947766e-12
8.3882827e-19
4.8947782e-12
8.7137079e-19
4.8947799e-12
8.9910218e-19
4.8947815e-12
9.2109444e-19
4.8947832e-12
9.3633307e-19
4.8947849e-12
9.4376416e-19
4.8947865e-12
9.4235142e-19
4.8947882e-12
9.3062979e-19
9.0322294e-19
3.2823087e-12
5.4032833e-15
3.2977778e-12
1.5436911e-14
3.3224433e-12
2.4620352e-14
3.3553867e-12
3.2892532e-14
3.3956484e-12
4.0212154e-14
3.442246e-12
4.6556452e-14
3.4941937e-12
5.1921099e-14
3.5505195e-12
5.6319378e-14
3.6102821e-12
5.9780672e-14
3.6725846e-12
6.234848e-14
3.7365869e-12
6.4078087e-14
3.8015145e-12
6.5034055e-14
3.8666654e-12
6.5287663e-14
3.9314138e-12
6.4914418e-14
3.9952126e-12
6.3991752e-14
4.0575922e-12
6.2596961e-14
4.1181592e-12
6.0805443e-14
4.1765922e-12
5.8689258e-14
4.2326379e-12
5.6316009e-14
4.2861051e-12
5.3748033e-14
4.336859e-12
5.1041872e-14
4.3848154e-12
4.8248e-14
4.4299337e-12
4.541076e-14
4.4722116e-12
4.2568467e-14
4.511679e-12
3.9753658e-14
4.5483925e-12
3.6993433e-14
4.5824304e-12
3.430987e-14
4.6138882e-12
3.172048e-14
4.6428745e-12
2.9238682e-14
4.6695076e-12
2.687428e-14
4.693912e-12
2.4633931e-14
4.716216e-12
2.2521587e-14
4.7365494e-12
2.0538909e-14
4.7550415e-12
1.8685647e-14
4.7718198e-12
1.6959987e-14
4.7870086e-12
1.5358859e-14
4.800728e-12
1.3878204e-14
4.8130931e-12
1.2513217e-14
4.8242139e-12
1.1258547e-14
4.8341945e-12
1.0108472e-14
4.8431329e-12
9.0570456e-15
4.8511212e-12
8.0982186e-15
4.8582456e-12
7.2259385e-15
4.864586e-12
6.4342303e-15
4.8702166e-12
5.7172598e-15
4.8752061e-12
5.0693831e-15
4.8796177e-12
4.4851831e-15
4.8835095e-12
3.9594961e-15
4.8869346e-12
3.4874294e-15
4.8899418e-12
3.0643717e-15
4.8925752e-12
2.6859976e-15
4.8948752e-12
2.3482672e-15
4.8968783e-12
2.0474221e-15
4.8986178e-12
1.7799779e-15
4.9001233e-12
1.5427156e-15
4.9014221e-12
1.3326696e-15
4.9025382e-12
1.1471162e-15
4.9034934e-12
9.8356023e-16
4.9043073e-12
8.3972188e-16
4.9049974e-12
7.1352295e-16
4.9055792e-12
6.0307348e-16
4.9060665e-12
5.0665845e-16
4.9064718e-12
4.2272491e-16
4.9068059e-12
3.4986959e-16
4.9070786e-12
2.8682698e-16
4.9072983e-12
2.3245812e-16
4.9074727e-12
1.8573987e-16
4.9076084e-12
1.4575495e-16
4.9077112e-12
1.1168253e-16
4.9077862e-12
8.2789505e-17
4.9078378e-12
5.8422353e-17
4.90787e-12
3.7999634e-17
4.907886e-12
2.1005039e-17
4.9078887e-12
6.981009e-18
4.9078807e-12
-4.4771327e-18
4.9078642e-12
-1.3726547e-17
4.9078409e-12
-2.1081782e-17
4.9078125e-12
-2.6819243e-17
4.9077802e-12
-3.1181257e-17
4.9077451e-12
-3.437976e-17
4.9077083e-12
-3.6599636e-17
4.9076705e-12
-3.800174e-17
4.9076323e-12
-3.8725617e-17
4.9075943e-12
-3.889196e-17
4.9075568e-12
-3.8604809e-17
4.9075203e-12
-3.7953531e-17
4.9074849e-12
-3.7014592e-17
4.9074508e-12
-3.5853137e-17
4.9074183e-12
-3.4524404e-17
4.9073874e-12
-3.3074982e-17
4.9073581e-12
-3.1543925e-17
4.9073305e-12
-2.996375e-17
4.9073046e-12
-2.8361306e-17
4.9072804e-12
-2.6758559e-17
4.9072578e-12
-2.5173268e-17
4.9072368e-12
-2.3619593e-17
4.9072173e-12
-2.2108618e-17
4.9071993e-12
-2.0648817e-17
4.9071827e-12
-1.9246458e-17
4.9071674e-12
-1.7905955e-17
4.9071534e-12
-1.6630172e-17
4.9071406e-12
-1.5420691e-17
4.9071289e-12
-1.4278043e-17
4.9071182e-12
-1.3201898e-17
4.9071084e-12
-1.2191244e-17
4.9070996e-12
-1.1244525e-17
4.9070916e-12
-1.0359764e-17
4.9070843e-12
-9.5346711e-18
4.9070777e-12
-8.7667298e-18
4.9070718e-12
-8.0532686e-18
4.9070665e-12
-7.3915234e-18
4.9070617e-12
-6.7786879e-18
4.9070574e-12
-6.2119541e-18
4.9070536e-12
-5.6885454e-18
4.9070501e-12
-5.2057432e-18
4.907047e-12
-4.7609069e-18
4.9070443e-12
-4.3514898e-18
4.9070419e-12
-3.9750503e-18
4.9070397e-12
-3.6292601e-18
4.9070378e-12
-3.3119089e-18
4.9070361e-12
-3.0209072e-18
4.9070346e-12
-2.7542872e-18
4.9070333e-12
-2.5102018e-18
4.9070322e-12
-2.2869224e-18
4.9070311e-12
-2.0828358e-18
4.9070303e-12
-1.8964404e-18
4.9070295e-12
-1.7263418e-18
4.9070288e-12
-1.5712477e-18
4.9070282e-12
-1.4299629e-18
4.9070277e-12
-1.3013843e-18
4.9070273e-12
-1.1844951e-18
4.9070269e-12
-1.0783596e-18
4.9070266e-12
-9.8211827e-19
4.9070263e-12
-8.9498216e-19
4.907026e-12
-8.1622814e-19
4.9070258e-12
-7.4519402e-19
4.9070257e-12
-6.8127397e-19
4.9070255e-12
-6.2391409e-19
4.9070254e-12
-5.7260826e-19
4.9070253e-12
-5.2689414e-19
4.9070253e-12
-4.8634948e-19
4.9070252e-12
-4.5058858e-19
4.9070252e-12
-4.1925902e-19
4.9070251e-12
-3.9203858e-19
4.9070251e-12
-3.6863236e-19
4.9070251e-12
-3.487701e-19
4.9070251e-12
-3.322037e-19
4.9070252e-12
-3.1870489e-19
4.9070252e-12
-3.0806315e-19
4.9070252e-12
-3.0008365e-19
4.9070253e-12
-2.945855e-19
4.9070254e-12
-2.9140003e-19
4.9070255e-12
-2.9036927e-19
4.9070256e-12
-2.9134454e-19
4.9070257e-12
-2.9418515e-19
4.9070258e-12
-2.9875727e-19
4.9070259e-12
-3.0493285e-19
4.9070261e-12
-3.1258868e-19
4.9070263e-12
-3.216056e-19
4.9070265e-12
-3.3186769e-19
4.9070267e-12
-3.4326172e-19
4.9070269e-12
-3.5567657e-19
4.9070272e-12
-3.6900277e-19
4.9070275e-12
-3.8313222e-19
4.9070278e-12
-3.9795787e-19
4.9070282e-12
-4.1337358e-19
4.9070286e-12
-4.2927407e-19
4.907029e-12
-4.4555488e-19
4.9070294e-12
-4.6211254e-19
4.9070299e-12
-4.7884469e-19
4.9070304e-12
-4.9565044e-19
4.907031e-12
-5.1243067e-19
4.9070316e-12
-5.2908853e-19
4.9070323e-12
-5.4552998e-19
4.907033e-12
-5.6166441e-19
4.9070337e-12
-5.7740541e-19
4.9070345e-12
-5.9267149e-19
4.9070354e-12
-6.0738706e-19
4.9070363e-12
-6.2148336e-19
4.9070372e-12
-6.3489949e-19
4.9070382e-12
-6.4758354e-19
4.9070393e-12
-6.5949376e-19
4.9070404e-12
-6.7059975e-19
4.9070416e-12
-6.8088374e-19
4.9070428e-12
-6.9034188e-19
4.9070441e-12
-6.9898547e-19
4.9070454e-12
-7.0684234e-19
4.9070468e-12
-7.1395814e-19
4.9070483e-12
-7.2039778e-19
4.9070498e-12
-7.2624686e-19
4.9070513e-12
-7.3161344e-19
4.9070529e-12
-7.3662992e-19
4.9070545e-12
-7.4145495e-19
4.9070561e-12
-7.4627499e-19
4.9070578e-12
-7.5130963e-19
4.9070595e-12
-7.5681602e-19
4.9070612e-12
-7.6306531e-19
4.9070629e-12
-7.7030468e-19
4.9070646e-12
-7.7897819e-19
-7.9129642e-19
3.2822954e-12
7.1717327e-19
3.2977301e-12
2.1545087e-18
3.3223469e-12
3.5972618e-18
3.3552344e-12
5.0458102e-18
3.39544e-12
6.4990734e-18
3.4419885e-12
7.9550733e-18
3.4939002e-12
9.4110434e-18
3.5502087e-12
1.0863548e-17
3.6099771e-12
1.2308607e-17
3.6723118e-12
1.3741813e-17
3.7363747e-12
1.5158439e-17
3.8013923e-12
1.6553536e-17
3.866662e-12
1.7922026e-17
3.9315572e-12
1.9258779e-17
3.9955283e-12
2.055869e-17
4.0581035e-12
2.1816744e-17
4.1188859e-12
2.3028069e-17
4.177551e-12
2.4187996e-17
4.2338417e-12
2.5292093e-17
4.2875634e-12
2.6336211e-17
4.3385779e-12
2.7316514e-17
4.3867977e-12
2.8229504e-17
4.4321794e-12
2.9072046e-17
4.474718e-12
2.9841385e-17
4.5144411e-12
3.0535161e-17
4.5514034e-12
3.1151416e-17
4.5856816e-12
3.1688603e-17
4.6173699e-12
3.2145589e-17
4.6465761e-12
3.2521648e-17
4.6734176e-12
3.2816469e-17
4.6980185e-12
3.3030137e-17
4.7205069e-12
3.3163133e-17
4.7410126e-12
3.3216319e-17
4.759665e-12
3.3190924e-17
4.7765919e-12
3.3088528e-17
4.7919179e-12
3.2911046e-17
4.8057634e-12
3.2660704e-17
4.8182443e-12
3.2340023e-17
4.8294709e-12
3.1951793e-17
4.8395479e-12
3.149905e-17
4.8485739e-12
3.0985052e-17
4.8566417e-12
3.0413254e-17
4.8638379e-12
2.9787281e-17
4.870243e-12
2.9110902e-17
4.8759319e-12
2.8388006e-17
4.8809736e-12
2.7622573e-17
4.885432e-12
2.681865e-17
4.8893655e-12
2.5980325e-17
4.8928278e-12
2.5111703e-17
4.895868e-12
2.4216883e-17
4.8985307e-12
2.3299934e-17
4.9008566e-12
2.2364872e-17
4.9028826e-12
2.1415642e-17
4.9046421e-12
2.0456099e-17
4.9061654e-12
1.9489988e-17
4.9074795e-12
1.8520929e-17
4.9086091e-12
1.7552403e-17
4.909576e-12
1.6587737e-17
4.9104001e-12
1.5630094e-17
4.911099e-12
1.4682463e-17
4.9116883e-12
1.3747649e-17
4.9121821e-12
1.282827e-17
4.9125929e-12
1.1926746e-17
4.9129317e-12
1.1045301e-17
4.9132084e-12
1.0185958e-17
4.9134315e-12
9.3505382e-18
4.9136087e-12
8.5406623e-18
4.9137467e-12
7.7577522e-18
4.9138514e-12
7.0030336e-18
4.9139279e-12
6.2775404e-18
4.9139807e-12
5.5821197e-18
4.9140138e-12
4.9174379e-18
4.9140305e-12
4.2839871e-18
4.9140338e-12
3.6820929e-18
4.9140262e-12
3.1119227e-18
4.9140099e-12
2.5734937e-18
4.9139868e-12
2.0666824e-18
4.9139584e-12
1.5912337e-18
4.9139261e-12
1.146771e-18
4.9138909e-12
7.328051e-19
4.913854e-12
3.4874474e-19
4.913816e-12
-6.0939306e-21
4.9137776e-12
-3.3247755e-19
4.9137393e-12
-6.3124596e-19
4.9137016e-12
-9.0330276e-19
4.9136648e-12
-1.1496062e-18
4.9136292e-12
-1.3711604e-18
4.9135949e-12
-1.5690068e-18
4.9135621e-12
-1.7442159e-18
4.913531e-12
-1.8978796e-18
4.9135014e-12
-2.0311044e-18
4.9134736e-12
-2.1450037e-18
4.9134475e-12
-2.2406922e-18
4.9134231e-12
-2.3192796e-18
4.9134003e-12
-2.3818653e-18
4.9133791e-12
-2.4295337e-18
4.9133594e-12
-2.4633493e-18
4.9133413e-12
-2.4843532e-18
4.9133245e-12
-2.4935594e-18
4.9133091e-12
-2.4919518e-18
4.913295e-12
-2.4804815e-18
4.913282e-12
-2.4600646e-18
4.9132701e-12
-2.4315808e-18
4.9132593e-12
-2.3958714e-18
4.9132495e-12
-2.3537385e-18
4.9132406e-12
-2.3059445e-18
4.9132325e-12
-2.2532113e-18
4.9132251e-12
-2.1962204e-18
4.9132185e-12
-2.1356132e-18
4.9132125e-12
-2.0719909e-18
4.9132071e-12
-2.0059156e-18
4.9132023e-12
-1.9379107e-18
4.9131979e-12
-1.8684621e-18
4.913194e-12
-1.7980194e-18
4.9131906e-12
-1.7269966e-18
4.9131875e-12
-1.655774e-18
4.9131847e-12
-1.5846997e-18
4.9131822e-12
-1.5140903e-18
4.91318e-12
-1.4442335e-18
4.9131781e-12
-1.3753889e-18
4.9131764e-12
-1.3077899e-18
4.9131749e-12
-1.2416455e-18
4.9131736e-12
-1.1771416e-18
4.9131724e-12
-1.1144429e-18
4.9131714e-12
-1.0536942e-18
4.9131705e-12
-9.9502237e-19
4.9131697e-12
-9.3853739e-19
4.913169e-12
-8.8433418e-19
4.9131684e-12
-8.3249386e-19
4.9131679e-12
-7.8308515e-19
4.9131674e-12
-7.361657e-19
4.913167e-12
-6.9178327e-19
4.9131667e-12
-6.4997693e-19
4.9131664e-12
-6.1077817e-19
4.9131662e-12
-5.7421186e-19
4.913166e-12
-5.4029728e-19
4.9131658e-12
-5.0904891e-19
4.9131656e-12
-4.8047728e-19
4.9131655e-12
-4.5458966e-19
4.9131654e-12
-4.3139073e-19
4.9131654e-12
-4.1088309e-19
4.9131653e-12
-3.9306785e-19
4.9131653e-12
-3.7794496e-19
4.9131652e-12
-3.6551359e-19
4.9131652e-12
-3.5577245e-19
4.9131652e-12
-3.4871993e-19
4.9131652e-12
-3.4435428e-19
4.9131653e-12
-3.426737e-19
4.9131653e-12
-3.4367632e-19
4.9131653e-12
-3.4736019e-19
4.9131654e-12
-3.5372311e-19
4.9131655e-12
-3.6276253e-19
4.9131656e-12
-3.744753e-19
4.9131657e-12
-3.8885737e-19
4.9131658e-12
-4.059035e-19
4.9131659e-12
-4.2560684e-19
4.913166e-12
-4.4795856e-19
4.9131662e-12
-4.7294733e-19
4.9131664e-12
-5.0055883e-19
4.9131666e-12
-5.3077521e-19
4.9131668e-12
-5.6357449e-19
4.913167e-12
-5.9892996e-19
4.9131673e-12
-6.368095e-19
4.9131676e-12
-6.7717492e-19
4.9131679e-12
-7.1998127e-19
4.9131683e-12
-7.6517607e-19
4.9131687e-12
-8.1269861e-19
4.9131691e-12
-8.6247914e-19
4.9131695e-12
-9.1443812e-19
4.91317e-12
-9.684854e-19
4.9131705e-12
-1.0245194e-18
4.9131711e-12
-1.0824265e-18
4.9131717e-12
-1.1420799e-18
4.9131724e-12
-1.2033391e-18
4.9131731e-12
-1.266049e-18
4.9131738e-12
-1.3300393e-18
4.9131746e-12
-1.3951236e-18
4.9131755e-12
-1.4610987e-18
4.9131764e-12
-1.5277442e-18
4.9131774e-12
-1.5948217e-18
4.9131784e-12
-1.6620743e-18
4.9131794e-12
-1.7292264e-18
4.9131806e-12
-1.7959831e-18
4.9131817e-12
-1.8620303e-18
4.913183e-12
-1.9270343e-18
4.9131843e-12
-1.990642e-18
4.9131856e-12
-2.052481e-18
4.913187e-12
-2.1121604e-18
4.9131885e-12
-2.1692707e-18
4.91319e-12
-2.2233854e-18
4.9131915e-12
-2.2740614e-18
4.9131931e-12
-2.320841e-18
4.9131947e-12
-2.3632523e-18
4.9131964e-12
-2.4008112e-18
4.9131981e-12
-2.4330231e-18
4.9131998e-12
-2.4593833e-18
4.9132015e-12
-2.4793682e-18
4.9132032e-12
-2.4924409e-18
4.9132049e-12
-2.498029e-18
-2.4950734e-18
3.2822954e-12
-5.4018523e-15
3.2977301e-12
-1.5432611e-14
3.3223469e-12
-2.4613173e-14
3.3552344e-12
-3.2882461e-14
3.3954401e-12
-4.0199181e-14
3.4419886e-12
-4.6540572e-14
3.4939003e-12
-5.1902312e-14
3.5502089e-12
-5.629769e-14
3.6099773e-12
-5.9756099e-14
3.6723121e-12
-6.2321044e-14
3.7363751e-12
-6.4047821e-14
3.8013926e-12
-6.5001004e-14
3.8666624e-12
-6.5251878e-14
3.9315576e-12
-6.4875963e-14
3.9955289e-12
-6.39507e-14
4.0581041e-12
-6.2553396e-14
4.1188866e-12
-6.0759459e-14
4.1775518e-12
-5.8640957e-14
4.2338425e-12
-5.6265503e-14
4.2875643e-12
-5.3695441e-14
4.338579e-12
-5.0987322e-14
4.3867988e-12
-4.8191627e-14
4.4321806e-12
-4.5352703e-14
4.4747193e-12
-4.2508874e-14
4.5144425e-12
-3.9692679e-14
4.5514049e-12
-3.6931223e-14
4.5856832e-12
-3.4246587e-14
4.6173716e-12
-3.1656284e-14
4.6465779e-12
-2.9173735e-14
4.6734194e-12
-2.6808744e-14
4.6980204e-12
-2.4567968e-14
4.7205089e-12
-2.2455358e-14
4.7410147e-12
-2.0472574e-14
4.7596673e-12
-1.8619362e-14
4.7765943e-12
-1.6893907e-14
4.7919203e-12
-1.5293133e-14
4.805766e-12
-1.3812978e-14
4.8182469e-12
-1.2448632e-14
4.8294736e-12
-1.1194737e-14
4.8395507e-12
-1.0045567e-14
4.8485768e-12
-8.9951668e-15
4.8566447e-12
-8.0374817e-15
4.863841e-12
-7.1664518e-15
4.8702462e-12
-6.3760945e-15
4.8759351e-12
-5.6605678e-15
4.880977e-12
-5.0142199e-15
4.8854354e-12
-4.4316255e-15
4.889369e-12
-3.9076128e-15
4.8928314e-12
-3.4372809e-15
4.8958716e-12
-3.0160104e-15
4.8985344e-12
-2.6394677e-15
4.9008604e-12
-2.3036048e-15
4.9028864e-12
-2.0046555e-15
4.904646e-12
-1.7391277e-15
4.9061693e-12
-1.5037949e-15
4.9074835e-12
-1.2956843e-15
4.9086131e-12
-1.1120652e-15
4.9095802e-12
-9.5043591e-16
4.9104043e-12
-8.0851014e-16
4.9111032e-12
-6.842038e-16
4.9116926e-12
-5.756213e-16
4.9121864e-12
-4.8104242e-16
4.9125973e-12
-3.9890936e-16
4.9129361e-12
-3.278144e-16
4.9132128e-12
-2.6648802e-16
4.9134359e-12
-2.1378759e-16
4.9136132e-12
-1.6868675e-16
4.9137512e-12
-1.3026539e-16
4.9138559e-12
-9.770021e-17
4.9139324e-12
-7.0256052e-17
4.9139853e-12
-4.7277703e-17
4.9140184e-12
-2.8182391e-17
4.9140351e-12
-1.2452825e-17
4.9140384e-12
3.6920528e-19
4.9140309e-12
1.0688709e-17
4.9140146e-12
1.8862882e-17
4.9139914e-12
2.5206025e-17
4.913963e-12
2.9994033e-17
4.9139307e-12
3.3468481e-17
4.9138956e-12
3.5840327e-17
4.9138586e-12
3.7293275e-17
4.9138207e-12
3.7986812e-17
4.9137823e-12
3.8058954e-17
4.913744e-12
3.7628714e-17
4.9137063e-12
3.6798327e-17
4.9136695e-12
3.5655247e-17
4.9136339e-12
3.4273934e-17
4.9135996e-12
3.2717453e-17
4.9135668e-12
3.1038903e-17
4.9135356e-12
2.9282692e-17
4.9135061e-12
2.7485666e-17
4.9134783e-12
2.5678114e-17
4.9134521e-12
2.3884663e-17
4.9134277e-12
2.212506e-17
4.9134049e-12
2.0414869e-17
4.9133837e-12
1.8766083e-17
4.9133641e-12
1.7187661e-17
4.9133459e-12
1.5685997e-17
4.9133291e-12
1.4265335e-17
4.9133137e-12
1.2928122e-17
4.9132995e-12
1.1675324e-17
4.9132866e-12
1.0506693e-17
4.9132747e-12
9.4210017e-18
4.9132639e-12
8.4162427e-18
4.9132541e-12
7.4897996e-18
4.9132451e-12
6.6385939e-18
4.913237e-12
5.8592082e-18
4.9132297e-12
5.1479913e-18
4.913223e-12
4.5011452e-18
4.913217e-12
3.9147977e-18
4.9132117e-12
3.3850627e-18
4.9132068e-12
2.9080883e-18
4.9132025e-12
2.480096e-18
4.9131986e-12
2.097412e-18
4.9131951e-12
1.7564904e-18
4.913192e-12
1.4539311e-18
4.9131892e-12
1.1864928e-18
4.9131867e-12
9.511013e-19
4.9131845e-12
7.44854e-19
4.9131826e-12
5.6502217e-19
4.9131809e-12
4.0905023e-19
4.9131794e-12
2.7455321e-19
4.913178e-12
1.5931265e-19
4.9131769e-12
6.1271247e-20
4.9131758e-12
-2.1473446e-20
4.9131749e-12
-9.0676024e-20
4.9131741e-12
-1.4795072e-19
4.9131734e-12
-1.9477918e-19
4.9131728e-12
-2.3251846e-19
4.9131723e-12
-2.6240899e-19
4.9131719e-12
-2.8558256e-19
4.9131715e-12
-3.0307006e-19
4.9131711e-12
-3.1580913e-19
4.9131709e-12
-3.2465147e-19
4.9131706e-12
-3.3036986e-19
4.9131704e-12
-3.3366487e-19
4.9131702e-12
-3.3517122e-19
4.9131701e-12
-3.3546378e-19
4.91317e-12
-3.3506315e-19
4.9131699e-12
-3.3444094e-19
4.9131698e-12
-3.3402461e-19
4.9131697e-12
-3.3420198e-19
4.9131697e-12
-3.3532536e-19
4.9131697e-12
-3.3771529e-19
4.9131697e-12
-3.4166405e-19
4.9131697e-12
-3.4743867e-19
4.9131697e-12
-3.5528375e-19
4.9131697e-12
-3.6542393e-19
4.9131697e-12
-3.7806601e-19
4.9131698e-12
-3.9340088e-19
4.9131698e-12
-4.1160507e-19
4.9131699e-12
-4.3284217e-19
4.91317e-12
-4.5726382e-19
4.9131701e-12
-4.8501066e-19
4.9131702e-12
-5.1621289e-19
4.9131703e-12
-5.5099073e-19
4.9131705e-12
-5.8945458e-19
4.9131706e-12
-6.3170505e-19
4.9131708e-12
-6.7783275e-19
4.913171e-12
-7.2791797e-19
4.9131712e-12
-7.8203009e-19
4.9131714e-12
-8.4022693e-19
4.9131717e-12
-9.0255385e-19
4.913172e-12
-9.6904276e-19
4.9131723e-12
-1.039711e-18
4.9131727e-12
-1.1145599e-18
4.9131731e-12
-1.1935736e-18
4.9131735e-12
-1.2767174e-18
4.9131739e-12
-1.3639359e-18
4.9131744e-12
-1.4551516e-18
4.9131749e-12
-1.5502626e-18
4.9131755e-12
-1.649141e-18
4.9131761e-12
-1.7516307e-18
4.9131768e-12
-1.8575453e-18
4.9131775e-12
-1.9666657e-18
4.9131782e-12
-2.0787383e-18
4.913179e-12
-2.1934723e-18
4.9131799e-12
-2.3105377e-18
4.9131808e-12
-2.4295631e-18
4.9131817e-12
-2.5501334e-18
4.9131827e-12
-2.6717876e-18
4.9131838e-12
-2.794017e-18
4.9131849e-12
-2.9162631e-18
4.9131861e-12
-3.0379161e-18
4.9131873e-12
-3.1583136e-18
4.9131886e-12
-3.2767388e-18
4.9131899e-12
-3.3924203e-18
4.9131913e-12
-3.5045311e-18
4.9131928e-12
-3.6121885e-18
4.9131943e-12
-3.7144546e-18
4.9131958e-12
-3.8103362e-18
4.9131974e-12
-3.8987859e-18
4.913199e-12
-3.9787027e-18
4.9132006e-12
-4.0489326e-18
4.9132023e-12
-4.1082677e-18
4.913204e-12
-4.1554391e-18
4.9132057e-12
-4.1891391e-18
4.9132074e-12
-4.2080574e-18
4.9132092e-12
-4.2105185e-18
-4.1923799e-18
3.2823087e-12
-1.0817798e-14
3.2977779e-12
-3.0901718e-14
3.3224433e-12
-4.9278654e-14
3.3553868e-12
-6.5825959e-14
3.3956486e-12
-8.0460942e-14
3.4422464e-12
-9.3138336e-14
3.4941941e-12
-1.0385008e-13
3.5505201e-12
-1.1262362e-13
3.6102827e-12
-1.1951877e-13
3.6725854e-12
-1.2462372e-13
3.7365879e-12
-1.2805029e-13
3.8015157e-12
-1.2992879e-13
3.8666667e-12
-1.304029e-13
3.9314153e-12
-1.2962462e-13
3.9952143e-12
-1.2774965e-13
4.0575941e-12
-1.2493323e-13
4.1181613e-12
-1.2132661e-13
4.1765945e-12
-1.1707423e-13
4.2326405e-12
-1.1231142e-13
4.2861079e-12
-1.0716287e-13
4.3368621e-12
-1.0174155e-13
4.3848187e-12
-9.6148211e-14
4.4299373e-12
-9.0471281e-14
4.4722155e-12
-8.4787084e-14
4.5116832e-12
-7.9160362e-14
4.5483969e-12
-7.3644975e-14
4.5824351e-12
-6.8284744e-14
4.6138932e-12
-6.3114367e-14
4.6428798e-12
-5.8160379e-14
4.6695132e-12
-5.3442115e-14
4.6939178e-12
-4.897264e-14
4.7162221e-12
-4.4759638e-14
4.7365558e-12
-4.0806242e-14
4.7550482e-12
-3.7111794e-14
4.7718268e-12
-3.3672532e-14
4.7870159e-12
-3.0482204e-14
4.8007355e-12
-2.7532607e-14
4.813101e-12
-2.4814061e-14
4.824222e-12
-2.2315814e-14
4.8342029e-12
-2.0026386e-14
4.8431416e-12
-1.7933859e-14
4.8511302e-12
-1.6026121e-14
4.8582548e-12
-1.429106e-14
4.8645954e-12
-1.2716729e-14
4.8702263e-12
-1.1291463e-14
4.8752161e-12
-1.0003985e-14
4.879628e-12
-8.8434738e-15
4.88352e-12
-7.7996153e-15
4.8869453e-12
-6.8626401e-15
4.8899526e-12
-6.023342e-15
4.8925863e-12
-5.2730863e-15
4.8948865e-12
-4.6038096e-15
4.8968898e-12
-4.0080104e-15
4.8986294e-12
-3.4787355e-15
4.9001352e-12
-3.0095605e-15
4.9014341e-12
-2.5945677e-15
4.9025503e-12
-2.2283221e-15
4.9035057e-12
-1.9058448e-15
4.9043198e-12
-1.6225866e-15
4.90501e-12
-1.3744007e-15
4.9055919e-12
-1.1575159e-15
4.9060794e-12
-9.6851034e-16
4.9064848e-12
-8.0428538e-16
4.906819e-12
-6.6204116e-16
4.9070917e-12
-5.3925285e-16
4.9073116e-12
-4.3364815e-16
4.9074861e-12
-3.4318608e-16
4.9076219e-12
-2.6603696e-16
4.9077247e-12
-2.0056377e-16
4.9077998e-12
-1.4530466e-16
4.9078515e-12
-9.8956796e-17
4.9078837e-12
-6.0361337e-17
4.9078997e-12
-2.8489615e-17
4.9079025e-12
-2.4303826e-18
4.9078946e-12
1.8621889e-17
4.907878e-12
3.537772e-17
4.9078548e-12
4.8462415e-17
4.9078264e-12
5.8424985e-17
4.9077941e-12
6.5746267e-17
4.9077591e-12
7.0846298e-17
4.9077223e-12
7.4090987e-17
4.9076845e-12
7.5798161e-17
4.9076463e-12
7.6243005e-17
4.9076082e-12
7.5662983e-17
4.9075708e-12
7.4262242e-17
4.9075342e-12
7.2215582e-17
4.9074988e-12
6.9672005e-17
4.9074648e-12
6.6757884e-17
4.9074322e-12
6.3579804e-17
4.9074013e-12
6.0227083e-17
4.907372e-12
5.6774017e-17
4.9073444e-12
5.3281875e-17
4.9073185e-12
4.9800663e-17
4.9072942e-12
4.6370682e-17
4.9072716e-12
4.3023911e-17
4.9072506e-12
3.9785211e-17
4.9072311e-12
3.6673394e-17
4.9072131e-12
3.3702154e-17
4.9071965e-12
3.0880879e-17
4.9071812e-12
2.8215363e-17
4.9071672e-12
2.5708424e-17
4.9071543e-12
2.3360436e-17
4.9071426e-12
2.1169787e-17
4.9071319e-12
1.9133284e-17
4.9071221e-12
1.7246484e-17
4.9071132e-12
1.5503989e-17
4.9071052e-12
1.389969e-17
4.9070979e-12
1.2426976e-17
4.9070913e-12
1.1078904e-17
4.9070854e-12
9.8483486e-18
4.9070801e-12
8.7281177e-18
4.9070753e-12
7.711052e-18
4.9070709e-12
6.7901026e-18
4.9070671e-12
5.9583936e-18
4.9070636e-12
5.2092703e-18
4.9070605e-12
4.5363361e-18
4.9070578e-12
3.9334788e-18
4.9070554e-12
3.3948886e-18
4.9070532e-12
2.9150695e-18
4.9070513e-12
2.4888443e-18
4.9070496e-12
2.111355e-18
4.9070481e-12
1.7780595e-18
4.9070467e-12
1.4847247e-18
4.9070456e-12
1.2274172e-18
4.9070445e-12
1.0024931e-18
4.9070436e-12
8.0658449e-19
4.9070429e-12
6.3658694e-19
4.9070422e-12
4.8964485e-19
4.9070416e-12
3.6313719e-19
4.9070411e-12
2.5466288e-19
4.9070406e-12
1.6202621e-19
4.9070402e-12
8.3222574e-20
4.9070399e-12
1.6424452e-20
4.9070396e-12
-4.0032087e-20
4.9070394e-12
-8.7660388e-20
4.9070392e-12
-1.2783563e-19
4.907039e-12
-1.6180662e-19
4.9070388e-12
-1.9070691e-19
4.9070387e-12
-2.155653e-19
4.9070386e-12
-2.3731562e-19
4.9070386e-12
-2.5680585e-19
4.9070385e-12
-2.7480661e-19
4.9070385e-12
-2.9201894e-19
4.9070384e-12
-3.0908146e-19
4.9070384e-12
-3.2657699e-19
4.9070384e-12
-3.4503843e-19
4.9070384e-12
-3.6495416e-19
4.9070384e-12
-3.8677292e-19
4.9070385e-12
-4.1090801e-19
4.9070385e-12
-4.3774118e-19
4.9070386e-12
-4.6762585e-19
4.9070386e-12
-5.0088998e-19
4.9070387e-12
-5.3783851e-19
4.9070388e-12
-5.7875525e-19
4.9070389e-12
-6.2390453e-19
4.907039e-12
-6.7353235e-19
4.9070392e-12
-7.2786722e-19
4.9070393e-12
-7.8712063e-19
4.9070395e-12
-8.5148717e-19
4.9070397e-12
-9.2114441e-19
4.9070399e-12
-9.9625234e-19
4.9070402e-12
-1.0769526e-18
4.9070404e-12
-1.1633676e-18
4.9070407e-12
-1.2555988e-18
4.907041e-12
-1.3537254e-18
4.9070414e-12
-1.4578027e-18
4.9070417e-12
-1.5678593e-18
4.9070421e-12
-1.6838957e-18
4.9070426e-12
-1.805881e-18
4.9070431e-12
-1.9337506e-18
4.9070436e-12
-2.067403e-18
4.9070441e-12
-2.2066969e-18
4.9070447e-12
-2.3514477e-18
4.9070454e-12
-2.5014242e-18
4.9070461e-12
-2.6563449e-18
4.9070468e-12
-2.8158746e-18
4.9070476e-12
-2.97962e-18
4.9070484e-12
-3.1471265e-18
4.9070493e-12
-3.3178742e-18
4.9070503e-12
-3.4912738e-18
4.9070512e-12
-3.6666634e-18
4.9070523e-12
-3.8433042e-18
4.9070534e-12
-4.0203778e-18
4.9070546e-12
-4.1969825e-18
4.9070558e-12
-4.372131e-18
4.907057e-12
-4.5447472e-18
4.9070584e-12
-4.7136648e-18
4.9070597e-12
-4.8776256e-18
4.9070612e-12
-5.0352786e-18
4.9070626e-12
-5.1851791e-18
4.9070641e-12
-5.3257894e-18
4.9070657e-12
-5.455478e-18
4.9070673e-12
-5.5725203e-18
4.9070689e-12
-5.675098e-18
4.9070706e-12
-5.7612974e-18
4.9070722e-12
-5.8290987e-18
4.9070739e-12
-5.8764056e-18
4.9070756e-12
-5.9011145e-18
4.9070773e-12
-5.9006218e-18
-5.8674595e-18
3.2823357e-12
-1.6260669e-14
3.2978739e-12
-4.6439916e-14
3.3226373e-12
-7.4042074e-14
3.3556933e-12
-9.888192e-14
3.3960675e-12
-1.2083517e-13
3.4427638e-12
-1.3983461e-13
3.4947833e-12
-1.5586963e-13
3.5511432e-12
-1.6898355e-13
3.6108933e-12
-1.7926881e-13
3.6731302e-12
-1.8686065e-13
3.7370098e-12
-1.9192984e-13
3.8017558e-12
-1.9467487e-13
3.866667e-12
-1.9531402e-13
3.9311201e-12
-1.9407774e-13
3.994572e-12
-1.9120157e-13
4.0565587e-12
-1.8691995e-13
4.116693e-12
-1.8146092e-13
4.1746606e-12
-1.7504179e-13
4.2302151e-12
-1.6786589e-13
4.2831724e-12
-1.6012019e-13
4.3334047e-12
-1.5197385e-13
4.3808339e-12
-1.4357746e-13
4.4254256e-12
-1.3506297e-13
4.4671826e-12
-1.2654407e-13
4.5061393e-12
-1.1811702e-13
4.5423561e-12
-1.0986175e-13
4.5759144e-12
-1.0184313e-13
4.6069124e-12
-9.4112382e-14
4.6354606e-12
-8.6708561e-14
4.6616785e-12
-7.9659973e-14
4.6856914e-12
-7.2985599e-14
4.7076282e-12
-6.6696425e-14
4.7276187e-12
-6.079669e-14
4.7457919e-12
-5.5285015e-14
4.7622748e-12
-5.0155441e-14
4.7771909e-12
-4.5398332e-14
4.7906595e-12
-4.1001187e-14
4.8027948e-12
-3.694934e-14
4.8137055e-12
-3.3226557e-14
4.8234947e-12
-2.9815553e-14
4.8322593e-12
-2.669842e-14
4.8400901e-12
-2.3856982e-14
4.8470722e-12
-2.1273088e-14
4.8532843e-12
-1.8928848e-14
4.8587996e-12
-1.6806812e-14
4.8636858e-12
-1.4890121e-14
4.8680049e-12
-1.3162605e-14
4.8718141e-12
-1.1608865e-14
4.8751658e-12
-1.0214318e-14
4.8781077e-12
-8.9652271e-15
4.8806833e-12
-7.8487146e-15
4.8829323e-12
-6.8527574e-15
4.8848904e-12
-5.9661742e-15
4.8865903e-12
-5.1786032e-15
4.8880612e-12
-4.480473e-15
4.8893296e-12
-3.8629693e-15
4.8904193e-12
-3.3179978e-15
4.8913516e-12
-2.8381453e-15
4.8921457e-12
-2.4166393e-15
4.8928186e-12
-2.0473073e-15
4.8933856e-12
-1.7245369e-15
4.8938603e-12
-1.4432359e-15
4.8942548e-12
-1.198794e-15
4.8945798e-12
-9.8704568e-16
4.8948448e-12
-8.0423514e-16
4.8950581e-12
-6.4698255e-16
4.8952272e-12
-5.1225239e-16
4.8953585e-12
-3.9732366e-16
4.8954577e-12
-2.9976205e-16
4.8955298e-12
-2.1739392e-16
4.8955791e-12
-1.4828217e-16
4.8956094e-12
-9.0703925e-17
4.8956241e-12
-4.3129902e-17
4.8956259e-12
-4.2054427e-18
4.8956172e-12
2.7266903e-17
4.8956003e-12
5.2343328e-17
4.8955768e-12
7.1953339e-17
4.8955483e-12
8.691303e-17
4.8955161e-12
9.7937169e-17
4.8954813e-12
1.0565016e-16
4.8954448e-12
1.1059597e-16
4.8954073e-12
1.1324711e-16
4.8953696e-12
1.1401275e-16
4.895332e-12
1.1324601e-16
4.895295e-12
1.1125051e-16
4.8952589e-12
1.0828628e-16
4.895224e-12
1.0457503e-16
4.8951905e-12
1.0030486e-16
4.8951584e-12
9.5634466e-17
4.8951279e-12
9.0696918e-17
4.8950991e-12
8.5602962e-17
4.8950719e-12
8.0443997e-17
4.8950465e-12
7.5294694e-17
4.8950226e-12
7.0215307e-17
4.8950004e-12
6.5253727e-17
4.8949797e-12
6.0447269e-17
4.8949606e-12
5.5824258e-17
4.8949429e-12
5.1405412e-17
4.8949265e-12
4.7205046e-17
4.8949115e-12
4.3232128e-17
4.8948977e-12
3.9491197e-17
4.8948851e-12
3.5983147e-17
4.8948736e-12
3.2705919e-17
4.8948631e-12
2.9655085e-17
4.8948535e-12
2.6824355e-17
4.8948448e-12
2.4206001e-17
4.8948369e-12
2.179123e-17
4.8948297e-12
1.9570484e-17
4.8948233e-12
1.7533703e-17
4.8948175e-12
1.5670539e-17
4.8948122e-12
1.3970529e-17
4.8948075e-12
1.2423248e-17
4.8948033e-12
1.1018418e-17
4.8947995e-12
9.7460056e-18
4.8947961e-12
8.5962915e-18
4.8947931e-12
7.5599271e-18
4.8947904e-12
6.627973e-18
4.894788e-12
5.7919275e-18
4.8947859e-12
5.0437428e-18
4.894784e-12
4.3758335e-18
4.8947823e-12
3.7810779e-18
4.8947808e-12
3.2528134e-18
4.8947795e-12
2.784827e-18
4.8947784e-12
2.3713425e-18
4.8947774e-12
2.0070051e-18
4.8947765e-12
1.686863e-18
4.8947757e-12
1.4063484e-18
4.8947751e-12
1.1612571e-18
4.8947745e-12
9.4772739e-19
4.894774e-12
7.622194e-19
4.8947735e-12
6.0149357e-19
4.8947732e-12
4.6259012e-19
4.8947728e-12
3.4280873e-19
4.8947725e-12
2.3968896e-19
4.8947723e-12
1.5099131e-19
4.8947721e-12
7.4679253e-20
4.8947719e-12
8.9020464e-21
4.8947718e-12
-4.8021461e-20
4.8947717e-12
-9.7618074e-20
4.8947716e-12
-1.4127454e-19
4.8947715e-12
-1.8025084e-19
4.8947714e-12
-2.156926e-19
4.8947714e-12
-2.4864243e-19
4.8947714e-12
-2.8005053e-19
4.8947714e-12
-3.1078423e-19
4.8947714e-12
-3.4163679e-19
4.8947714e-12
-3.7333534e-19
4.8947714e-12
-4.0654803e-19
4.8947714e-12
-4.4189038e-19
4.8947715e-12
-4.7993101e-19
4.8947715e-12
-5.2119656e-19
4.8947716e-12
-5.6617602e-19
4.8947717e-12
-6.1532438e-19
4.8947717e-12
-6.6906576e-19
4.8947718e-12
-7.2779588e-19
4.894772e-12
-7.9188402e-19
4.8947721e-12
-8.6167446e-19
4.8947722e-12
-9.3748742e-19
4.8947724e-12
-1.0196195e-18
4.8947726e-12
-1.1083438e-18
4.8947728e-12
-1.2039092e-18
4.894773e-12
-1.30654e-18
4.8947733e-12
-1.4164339e-18
4.8947736e-12
-1.5337614e-18
4.8947739e-12
-1.6586626e-18
4.8947742e-12
-1.7912458e-18
4.8947746e-12
-1.9315842e-18
4.894775e-12
-2.079713e-18
4.8947754e-12
-2.2356262e-18
4.8947759e-12
-2.3992725e-18
4.8947764e-12
-2.5705515e-18
4.8947769e-12
-2.7493097e-18
4.8947775e-12
-2.9353356e-18
4.8947781e-12
-3.1283551e-18
4.8947788e-12
-3.3280266e-18
4.8947795e-12
-3.5339358e-18
4.8947803e-12
-3.7455903e-18
4.8947811e-12
-3.9624146e-18
4.894782e-12
-4.1837442e-18
4.8947829e-12
-4.4088207e-18
4.8947838e-12
-4.6367859e-18
4.8947849e-12
-4.866677e-18
4.8947859e-12
-5.0974215e-18
4.8947871e-12
-5.3278327e-18
4.8947883e-12
-5.5566052e-18
4.8947895e-12
-5.7823111e-18
4.8947908e-12
-6.0033975e-18
4.8947921e-12
-6.218183e-18
4.8947935e-12
-6.4248569e-18
4.894795e-12
-6.6214774e-18
4.8947964e-12
-6.8059712e-18
4.894798e-12
-6.9761332e-18
4.8947995e-12
-7.1296255e-18
4.8948011e-12
-7.2639783e-18
4.8948027e-12
-7.3765833e-18
4.8948043e-12
-7.4646755e-18
4.894806e-12
-7.5254014e-18
4.8948077e-12
-7.5559283e-18
4.8948093e-12
-7.5525132e-18
-7.5048541e-18
3.2823765e-12
-2.1744378e-14
3.2980194e-12
-6.208281e-14
3.3229311e-12
-9.8953727e-14
3.356157e-12
-1.3210782e-13
3.3967007e-12
-1.6137894e-13
3.4435449e-12
-1.8667877e-13
3.4956713e-12
-2.0799605e-13
3.5520805e-12
-2.2539272e-13
3.6118088e-12
-2.3899709e-13
3.6739432e-12
-2.4899513e-13
3.7376338e-12
-2.5562036e-13
3.802102e-12
-2.5914308e-13
3.8666475e-12
-2.5985954e-13
3.9306513e-12
-2.5808156e-13
3.9935767e-12
-2.5412698e-13
4.0549681e-12
-2.4831132e-13
4.1144478e-12
-2.4094068e-13
4.1717121e-12
-2.3230608e-13
4.2265254e-12
-2.2267913e-13
4.2787142e-12
-2.1230904e-13
4.3281611e-12
-2.0142072e-13
4.3747976e-12
-1.9021394e-13
4.4185979e-12
-1.7886331e-13
4.4595727e-12
-1.675189e-13
4.4977632e-12
-1.5630748e-13
4.5332354e-12
-1.4533395e-13
4.5660755e-12
-1.3468323e-13
4.5963852e-12
-1.2442208e-13
4.6242778e-12
-1.1460117e-13
4.6498748e-12
-1.0525694e-13
4.6733027e-12
-9.6413553e-14
4.694691e-12
-8.8084663e-14
4.7141693e-12
-8.0275063e-14
4.7318665e-12
-7.2982201e-14
4.7479086e-12
-6.6197537e-14
4.762418e-12
-5.9907757e-14
4.7755127e-12
-5.4095828e-14
4.7873053e-12
-4.8741924e-14
4.7979029e-12
-4.3824213e-14
4.8074069e-12
-3.9319531e-14
4.8159124e-12
-3.5203938e-14
4.8235086e-12
-3.1453192e-14
4.8302787e-12
-2.804312e-14
4.8362997e-12
-2.4949928e-14
4.8416434e-12
-2.215044e-14
4.8463755e-12
-1.9622279e-14
4.8505569e-12
-1.7344004e-14
4.8542433e-12
-1.5295209e-14
4.8574855e-12
-1.3456583e-14
4.8603302e-12
-1.1809946e-14
4.8628198e-12
-1.0338262e-14
4.8649927e-12
-9.0256333e-15
4.8668838e-12
-7.8572803e-15
4.8685247e-12
-6.8195121e-15
4.8699439e-12
-5.8996862e-15
4.8711671e-12
-5.0861634e-15
4.8722174e-12
-4.3682582e-15
4.8731154e-12
-3.7361863e-15
4.8738798e-12
-3.1810112e-15
4.874527e-12
-2.6945901e-15
4.875072e-12
-2.26952e-15
4.8755279e-12
-1.8990857e-15
4.8759063e-12
-1.5772081e-15
4.8762176e-12
-1.2983958e-15
4.8764711e-12
-1.0576981e-15
4.8766748e-12
-8.5066053e-16
4.8768358e-12
-6.7328288e-16
4.8769605e-12
-5.2197995e-16
4.8770543e-12
-3.9354461e-16
4.877122e-12
-2.851135e-16
4.8771678e-12
-1.9413514e-16
4.8771955e-12
-1.1834045e-16
4.8772081e-12
-5.5715534e-17
4.8772083e-12
-4.4766112e-18
4.8771986e-12
3.6952935e-17
4.877181e-12
6.9963612e-17
4.8771572e-12
9.5779036e-17
4.8771286e-12
1.1547344e-16
4.8770966e-12
1.2998761e-16
4.8770621e-12
1.4014332e-16
4.877026e-12
1.4665646e-16
4.8769891e-12
1.5014881e-16
4.876952e-12
1.5115879e-16
4.8769151e-12
1.5015103e-16
4.8768788e-12
1.4752502e-16
4.8768435e-12
1.4362289e-16
4.8768093e-12
1.3873632e-16
4.8767765e-12
1.331128e-16
4.8767452e-12
1.2696113e-16
4.8767154e-12
1.2045638e-16
4.8766873e-12
1.1374428e-16
4.8766608e-12
1.069451e-16
4.8766359e-12
1.0015712e-16
4.8766127e-12
9.3459655e-17
4.876591e-12
8.6915765e-17
4.8765709e-12
8.0574608e-17
4.8765522e-12
7.4473519e-17
4.876535e-12
6.8639832e-17
4.8765191e-12
6.3092466e-17
4.8765045e-12
5.7843309e-17
4.8764911e-12
5.2898423e-17
4.8764788e-12
4.8259084e-17
4.8764676e-12
4.392268e-17
4.8764574e-12
3.9883488e-17
4.876448e-12
3.6133328e-17
4.8764396e-12
3.2662137e-17
4.8764319e-12
2.9458442e-17
4.876425e-12
2.6509766e-17
4.8764187e-12
2.3802966e-17
4.8764131e-12
2.1324518e-17
4.876408e-12
1.9060746e-17
4.8764034e-12
1.6998015e-17
4.8763993e-12
1.5122883e-17
4.8763956e-12
1.3422222e-17
4.8763923e-12
1.1883315e-17
4.8763894e-12
1.0493928e-17
4.8763868e-12
9.2423597e-18
4.8763845e-12
8.1174797e-18
4.8763824e-12
7.1087505e-18
4.8763806e-12
6.2062384e-18
4.8763789e-12
5.4006151e-18
4.8763775e-12
4.6831519e-18
4.8763762e-12
4.0457078e-18
4.8763751e-12
3.4807125e-18
4.8763742e-12
2.9811461e-18
4.8763733e-12
2.5405157e-18
4.8763726e-12
2.1528305e-18
4.8763719e-12
1.8125749e-18
4.8763713e-12
1.5146815e-18
4.8763709e-12
1.2545037e-18
4.8763704e-12
1.0277878e-18
4.8763701e-12
8.3064644e-19
4.8763697e-12
6.5953171e-19
4.8763695e-12
5.1120995e-19
4.8763692e-12
3.8273696e-19
4.876369e-12
2.7143444e-19
4.8763689e-12
1.7486771e-19
4.8763687e-12
9.0824498e-20
4.8763686e-12
1.7295079e-20
4.8763685e-12
-4.7546405e-20
4.8763685e-12
-1.0535932e-19
4.8763684e-12
-1.5765272e-19
4.8763684e-12
-2.0580024e-19
4.8763683e-12
-2.510539e-19
4.8763683e-12
-2.9455668e-19
4.8763683e-12
-3.3735404e-19
4.8763683e-12
-3.8040432e-19
4.8763683e-12
-4.2458819e-19
4.8763684e-12
-4.7071701e-19
4.8763684e-12
-5.1954038e-19
4.8763685e-12
-5.717527e-19
4.8763685e-12
-6.2799891e-19
4.8763686e-12
-6.8887942e-19
4.8763687e-12
-7.5495427e-19
4.8763688e-12
-8.2674652e-19
4.8763689e-12
-9.0474497e-19
4.876369e-12
-9.894062e-19
4.8763692e-12
-1.081156e-18
4.8763693e-12
-1.1803899e-18
4.8763695e-12
-1.2874738e-18
4.8763697e-12
-1.4027433e-18
4.8763699e-12
-1.5265027e-18
4.8763702e-12
-1.6590237e-18
4.8763704e-12
-1.8005434e-18
4.8763707e-12
-1.9512622e-18
4.876371e-12
-2.1113401e-18
4.8763714e-12
-2.2808941e-18
4.8763718e-12
-2.4599941e-18
4.8763722e-12
-2.6486588e-18
4.8763726e-12
-2.8468508e-18
4.8763731e-12
-3.0544719e-18
4.8763736e-12
-3.2713578e-18
4.8763742e-12
-3.497272e-18
4.8763748e-12
-3.7319001e-18
4.8763754e-12
-3.9748435e-18
4.8763761e-12
-4.2256128e-18
4.8763769e-12
-4.4836208e-18
4.8763777e-12
-4.7481762e-18
4.8763785e-12
-5.0184759e-18
4.8763794e-12
-5.2935985e-18
4.8763803e-12
-5.5724972e-18
4.8763813e-12
-5.8539931e-18
4.8763823e-12
-6.1367683e-18
4.8763834e-12
-6.4193604e-18
4.8763846e-12
-6.700156e-18
4.8763858e-12
-6.9773865e-18
4.876387e-12
-7.2491233e-18
4.8763883e-12
-7.5132742e-18
4.8763897e-12
-7.7675812e-18
4.876391e-12
-8.0096184e-18
4.8763925e-12
-8.2367912e-18
4.8763939e-12
-8.4463349e-18
4.8763954e-12
-8.6353146e-18
4.876397e-12
-8.8006232e-18
4.8763985e-12
-8.9389779e-18
4.8764001e-12
-9.0468988e-18
4.8764017e-12
-9.1207787e-18
4.8764033e-12
-9.1570111e-18
4.8764049e-12
-9.1510506e-18
-9.0893922e-18
3.2824318e-12
-2.728339e-14
3.2982163e-12
-7.7867305e-14
3.3233281e-12
-1.2406554e-13
3.356783e-12
-1.6556265e-13
3.3975543e-12
-2.0215031e-13
3.4445959e-12
-2.3372034e-13
3.4968634e-12
-2.6026351e-13
3.5533347e-12
-2.8186411e-13
3.6130286e-12
-2.9869096e-13
3.6750193e-12
-3.109858e-13
3.738449e-12
-3.1905003e-13
3.8025366e-12
-3.2323075e-13
3.8665838e-12
-3.2390674e-13
3.9299774e-12
-3.2147512e-13
3.9921897e-12
-3.1633927e-13
4.0527766e-12
-3.0889822e-13
4.1113738e-12
-2.9953786e-13
4.1676916e-12
-2.8862389e-13
4.221509e-12
-2.7649659e-13
4.2726672e-12
-2.634672e-13
4.3210622e-12
-2.4981575e-13
4.3666385e-12
-2.3579025e-13
4.409382e-12
-2.2160676e-13
4.4493135e-12
-2.0745043e-13
4.4864831e-12
-1.9347708e-13
4.5209644e-12
-1.798152e-13
4.5528495e-12
-1.6656834e-13
4.5822449e-12
-1.5381751e-13
4.6092675e-12
-1.4162376e-13
4.6340412e-12
-1.300306e-13
4.656694e-12
-1.1906639e-13
4.677356e-12
-1.0874662e-13
4.6961568e-12
-9.9075914e-14
4.7132246e-12
-9.0049946e-14
4.7286841e-12
-8.1657115e-14
4.7426564e-12
-7.3880038e-14
4.7552574e-12
-6.6696856e-14
4.7665979e-12
-6.0082364e-14
4.7767826e-12
-5.4008982e-14
4.7859107e-12
-4.8447573e-14
4.7940749e-12
-4.3368129e-14
4.801362e-12
-3.8740334e-14
4.8078529e-12
-3.4534028e-14
4.8136226e-12
-3.071957e-14
4.8187403e-12
-2.7268131e-14
4.8232699e-12
-2.415191e-14
4.8272702e-12
-2.1344299e-14
4.830795e-12
-1.8819994e-14
4.8338935e-12
-1.655507e-14
4.8366105e-12
-1.4527017e-14
4.838987e-12
-1.2714757e-14
4.84106e-12
-1.1098629e-14
4.8428631e-12
-9.6603662e-15
4.8444267e-12
-8.3830535e-15
4.845778e-12
-7.2510775e-15
4.8469419e-12
-6.2500694e-15
4.8479405e-12
-5.3668421e-15
4.8487937e-12
-4.5893244e-15
4.8495192e-12
-3.9064943e-15
4.8501329e-12
-3.3083113e-15
4.850649e-12
-2.7856491e-15
4.8510802e-12
-2.3302314e-15
4.8514375e-12
-1.9345675e-15
4.851731e-12
-1.5918921e-15
4.8519694e-12
-1.2961071e-15
4.8521605e-12
-1.0417268e-15
4.852311e-12
-8.2382575e-16
4.852427e-12
-6.3799006e-16
4.8525138e-12
-4.8027204e-16
4.8525758e-12
-3.4714764e-16
4.8526171e-12
-2.3547715e-16
4.8526413e-12
-1.4246873e-16
4.8526512e-12
-6.5644857e-17
4.8526495e-12
-2.811445e-18
4.8526385e-12
4.7970544e-17
4.8526201e-12
8.8411017e-17
4.8525958e-12
1.2001445e-16
4.8525672e-12
1.4410148e-16
4.8525354e-12
1.618285e-16
4.8525013e-12
1.7420552e-16
4.8524658e-12
1.8211224e-16
4.8524297e-12
1.8631267e-16
4.8523934e-12
1.8746823e-16
4.8523574e-12
1.8614965e-16
4.852322e-12
1.8284757e-16
4.8522877e-12
1.7798207e-16
4.8522545e-12
1.7191129e-16
4.8522227e-12
1.6493901e-16
4.8521923e-12
1.5732149e-16
4.8521635e-12
1.4927354e-16
4.8521363e-12
1.4097394e-16
4.8521107e-12
1.3257019e-16
4.8520866e-12
1.2418279e-16
4.8520642e-12
1.1590896e-16
4.8520433e-12
1.0782596e-16
4.8520239e-12
9.9993989e-17
4.8520059e-12
9.2458736e-17
4.8519893e-12
8.5253623e-17
4.8519739e-12
7.8401749e-17
4.8519599e-12
7.1917593e-17
4.851947e-12
6.5808491e-17
4.8519351e-12
6.0075911e-17
4.8519243e-12
5.4716561e-17
4.8519145e-12
4.9723334e-17
4.8519056e-12
4.5086124e-17
4.8518974e-12
4.0792513e-17
4.8518901e-12
3.6828363e-17
4.8518834e-12
3.3178312e-17
4.8518774e-12
2.9826185e-17
4.8518719e-12
2.6755343e-17
4.851867e-12
2.3948968e-17
4.8518627e-12
2.1390296e-17
4.8518587e-12
1.9062802e-17
4.8518552e-12
1.6950352e-17
4.851852e-12
1.5037319e-17
4.8518492e-12
1.3308669e-17
4.8518467e-12
1.1750025e-17
4.8518445e-12
1.0347714e-17
4.8518425e-12
9.0887882e-18
4.8518407e-12
7.9610459e-18
4.8518392e-12
6.9530271e-18
4.8518378e-12
6.0540091e-18
4.8518366e-12
5.2539906e-18
4.8518355e-12
4.5436713e-18
4.8518346e-12
3.9144267e-18
4.8518338e-12
3.3582796e-18
4.8518331e-12
2.8678687e-18
4.8518325e-12
2.4364163e-18
4.8518319e-12
2.0576951e-18
4.8518314e-12
1.7259939e-18
4.851831e-12
1.4360842e-18
4.8518307e-12
1.1831869e-18
4.8518304e-12
9.6294012e-19
4.8518301e-12
7.7136747e-19
4.8518299e-12
6.048481e-19
4.8518297e-12
4.6008779e-19
4.8518295e-12
3.3409155e-19
4.8518294e-12
2.2413765e-19
4.8518293e-12
1.2775324e-19
4.8518292e-12
4.2691495e-20
4.8518291e-12
-3.3089735e-20
4.8518291e-12
-1.0144774e-19
4.851829e-12
-1.6407327e-19
4.851829e-12
-2.2250744e-19
4.851829e-12
-2.7815719e-19
4.851829e-12
-3.3230944e-19
4.851829e-12
-3.8614389e-19
4.851829e-12
-4.4074462e-19
4.851829e-12
-4.9711047e-19
4.8518291e-12
-5.5616427e-19
4.8518291e-12
-6.1876102e-19
4.8518292e-12
-6.8569495e-19
4.8518293e-12
-7.5770573e-19
4.8518293e-12
-8.3548357e-19
4.8518294e-12
-9.1967357e-19
4.8518295e-12
-1.0108791e-18
4.8518297e-12
-1.1096644e-18
4.8518298e-12
-1.2165566e-18
4.8518299e-12
-1.3320463e-18
4.8518301e-12
-1.4565886e-18
4.8518303e-12
-1.5906024e-18
4.8518305e-12
-1.7344692e-18
4.8518307e-12
-1.8885321e-18
4.851831e-12
-2.0530928e-18
4.8518313e-12
-2.2284097e-18
4.8518316e-12
-2.4146934e-18
4.8518319e-12
-2.6121037e-18
4.8518323e-12
-2.8207447e-18
4.8518327e-12
-3.0406597e-18
4.8518331e-12
-3.271826e-18
4.8518335e-12
-3.5141485e-18
4.851834e-12
-3.7674539e-18
4.8518346e-12
-4.0314833e-18
4.8518351e-12
-4.3058851e-18
4.8518358e-12
-4.5902077e-18
4.8518364e-12
-4.8838913e-18
4.8518371e-12
-5.1862596e-18
4.8518379e-12
-5.4965119e-18
4.8518387e-12
-5.813714e-18
4.8518395e-12
-6.13679e-18
4.8518404e-12
-6.4645138e-18
4.8518413e-12
-6.7955004e-18
4.8518423e-12
-7.1281982e-18
4.8518434e-12
-7.4608807e-18
4.8518445e-12
-7.7916403e-18
4.8518456e-12
-8.1183812e-18
4.8518468e-12
-8.4388138e-18
4.851848e-12
-8.750451e-18
4.8518493e-12
-9.0506037e-18
4.8518506e-12
-9.3363793e-18
4.851852e-12
-9.6046794e-18
4.8518534e-12
-9.8521991e-18
4.8518549e-12
-1.0075426e-17
4.8518563e-12
-1.0270639e-17
4.8518578e-12
-1.0433903e-17
4.8518593e-12
-1.0561035e-17
4.8518609e-12
-1.0647725e-17
4.8518624e-12
-1.0689707e-17
4.8518639e-12
-1.0681307e-17
-1.0606589e-17
3.2825023e-12
-3.2892938e-14
3.2984671e-12
-9.3832099e-14
3.3238333e-12
-1.4943168e-13
3.3575781e-12
-1.9930748e-13
3.3986365e-12
-2.4320867e-13
3.4459251e-12
-2.8100898e-13
3.4983663e-12
-3.1270472e-13
3.5549098e-12
-3.3840759e-13
3.6145518e-12
-3.5833292e-13
3.6763507e-12
-3.7278478e-13
3.7394399e-12
-3.8213917e-13
3.8030355e-12
-3.8682635e-13
3.8664421e-12
-3.8731338e-13
3.9290547e-12
-3.8408768e-13
3.9903576e-12
-3.7764215e-13
4.0499217e-12
-3.6846236e-13
4.1073999e-12
-3.5701603e-13
4.1625206e-12
-3.4374465e-13
4.2150815e-12
-3.2905747e-13
4.2649417e-12
-3.1332743e-13
4.3120148e-12
-2.9688881e-13
4.3562611e-12
-2.8003653e-13
4.3976809e-12
-2.6302657e-13
4.4363078e-12
-2.460774e-13
4.4722028e-12
-2.2937208e-13
4.5054485e-12
-2.130609e-13
4.5361445e-12
-1.972643e-13
4.5644029e-12
-1.8207589e-13
4.5903447e-12
-1.6756559e-13
4.6140967e-12
-1.5378261e-13
4.6357887e-12
-1.4075835e-13
4.6555511e-12
-1.2850907e-13
4.6735136e-12
-1.1703838e-13
4.6898031e-12
-1.0633944e-13
4.704543e-12
-9.6397015e-14
4.7178521e-12
-8.718918e-14
4.7298441e-12
-7.8688899e-14
4.7406271e-12
-7.0865334e-14
4.7503031e-12
-6.3684987e-14
4.7589682e-12
-5.7112649e-14
4.7667123e-12
-5.1112197e-14
4.7736192e-12
-4.5647256e-14
4.7797669e-12
-4.0681719e-14
4.7852275e-12
-3.6180179e-14
4.7900676e-12
-3.2108255e-14
4.7943485e-12
-2.8432842e-14
4.7981265e-12
-2.5122294e-14
4.8014531e-12
-2.2146549e-14
4.8043752e-12
-1.947721e-14
4.8069358e-12
-1.7087586e-14
4.8091737e-12
-1.4952696e-14
4.8111244e-12
-1.304926e-14
4.8128197e-12
-1.1355659e-14
4.8142885e-12
-9.8518833e-15
4.8155569e-12
-8.519475e-15
4.8166483e-12
-7.3414534e-15
4.8175837e-12
-6.3022407e-15
4.8183819e-12
-5.3875832e-15
4.8190599e-12
-4.5844699e-15
4.8196327e-12
-3.8810523e-15
4.8201136e-12
-3.2665644e-15
4.8205146e-12
-2.7312448e-15
4.8208463e-12
-2.2662614e-15
4.821118e-12
-1.8636394e-15
4.8213381e-12
-1.5161918e-15
4.8215138e-12
-1.217455e-15
4.8216516e-12
-9.6162644e-16
4.8217572e-12
-7.4350764e-16
4.8218353e-12
-5.5844981e-16
4.8218905e-12
-4.0230392e-16
4.8219264e-12
-2.7137405e-16
4.8219463e-12
-1.6237442e-16
4.821953e-12
-7.238968e-17
4.8219491e-12
1.1615562e-18
4.8219365e-12
6.0560191e-17
4.8219171e-12
1.0781725e-16
4.8218924e-12
1.4470184e-16
4.8218637e-12
1.7276659e-16
4.8218322e-12
1.9337083e-16
4.8217987e-12
2.0770153e-16
4.821764e-12
2.1679237e-16
4.8217288e-12
2.2154087e-16
4.8216935e-12
2.227239e-16
4.8216587e-12
2.2101163e-16
4.8216245e-12
2.1698005e-16
4.8215914e-12
2.1112222e-16
4.8215594e-12
2.0385835e-16
4.8215288e-12
1.9554476e-16
4.8214997e-12
1.8648196e-16
4.821472e-12
1.7692174e-16
4.8214459e-12
1.6707355e-16
4.8214214e-12
1.5711015e-16
4.8213984e-12
1.4717257e-16
4.8213769e-12
1.373745e-16
4.8213569e-12
1.2780624e-16
4.8213384e-12
1.1853804e-16
4.8213212e-12
1.0962318e-16
4.8213054e-12
1.0110051e-16
4.8212908e-12
9.2996794e-17
4.8212774e-12
8.5328714e-17
4.8212651e-12
7.8104572e-17
4.8212538e-12
7.132581e-17
4.8212436e-12
6.4988297e-17
4.8212342e-12
5.908345e-17
4.8212257e-12
5.359918e-17
4.821218e-12
4.8520705e-17
4.821211e-12
4.3831243e-17
4.8212046e-12
3.9512586e-17
4.8211989e-12
3.5545594e-17
4.8211937e-12
3.1910593e-17
4.8211891e-12
2.8587712e-17
4.8211849e-12
2.5557156e-17
4.8211812e-12
2.2799423e-17
4.8211779e-12
2.029548e-17
4.8211749e-12
1.8026896e-17
4.8211722e-12
1.5975946e-17
4.8211698e-12
1.4125686e-17
4.8211677e-12
1.2460001e-17
4.8211658e-12
1.0963639e-17
4.8211642e-12
9.6222236e-18
4.8211627e-12
8.4222574e-18
4.8211614e-12
7.3511118e-18
4.8211603e-12
6.3970094e-18
4.8211593e-12
5.5489991e-18
4.8211584e-12
4.7969262e-18
4.8211576e-12
4.1313984e-18
4.8211569e-12
3.5437493e-18
4.8211563e-12
3.0259996e-18
4.8211558e-12
2.5708181e-18
4.8211554e-12
2.1714812e-18
4.821155e-12
1.8218337e-18
4.8211547e-12
1.5162494e-18
4.8211544e-12
1.249593e-18
4.8211541e-12
1.0171831e-18
4.8211539e-12
8.147569e-19
4.8211537e-12
6.3843579e-19
4.8211536e-12
4.8469353e-19
4.8211535e-12
3.5032552e-19
4.8211534e-12
2.3242014e-19
4.8211533e-12
1.2833185e-19
4.8211532e-12
3.5656085e-20
4.8211532e-12
-4.7794054e-20
4.8211531e-12
-1.2400936e-19
4.8211531e-12
-1.9480441e-19
4.8211531e-12
-2.6183577e-19
4.8211531e-12
-3.2661866e-19
4.8211531e-12
-3.9054203e-19
4.8211531e-12
-4.5488224e-19
4.8211531e-12
-5.2081532e-19
4.8211531e-12
-5.8942783e-19
4.8211532e-12
-6.6172655e-19
4.8211532e-12
-7.3864691e-19
4.8211533e-12
-8.2106021e-19
4.8211534e-12
-9.0977982e-19
4.8211535e-12
-1.0055663e-18
4.8211536e-12
-1.1091316e-18
4.8211537e-12
-1.2211419e-18
4.8211538e-12
-1.3422202e-18
4.8211539e-12
-1.4729478e-18
4.8211541e-12
-1.6138642e-18
4.8211543e-12
-1.7654676e-18
4.8211545e-12
-1.9282134e-18
4.8211547e-12
-2.1025124e-18
4.8211549e-12
-2.2887285e-18
4.8211552e-12
-2.4871755e-18
4.8211555e-12
-2.6981131e-18
4.8211558e-12
-2.9217425e-18
4.8211561e-12
-3.1582011e-18
4.8211565e-12
-3.407557e-18
4.8211569e-12
-3.6698025e-18
4.8211573e-12
-3.9448471e-18
4.8211578e-12
-4.2325106e-18
4.8211583e-12
-4.5325143e-18
4.8211588e-12
-4.8444735e-18
4.8211594e-12
-5.1678882e-18
4.82116e-12
-5.5021338e-18
4.8211607e-12
-5.8464519e-18
4.8211614e-12
-6.1999399e-18
4.8211621e-12
-6.5615418e-18
4.8211629e-12
-6.9300373e-18
4.8211637e-12
-7.304032e-18
4.8211646e-12
-7.6819478e-18
4.8211656e-12
-8.0620125e-18
4.8211665e-12
-8.4422511e-18
4.8211676e-12
-8.8204771e-18
4.8211686e-12
-9.1942848e-18
4.8211698e-12
-9.561042e-18
4.8211709e-12
-9.9178853e-18
4.8211722e-12
-1.0261715e-17
4.8211734e-12
-1.0589192e-17
4.8211747e-12
-1.0896738e-17
4.821176e-12
-1.1180528e-17
4.8211774e-12
-1.1436499e-17
4.8211788e-12
-1.166034e-17
4.8211802e-12
-1.1847492e-17
4.8211816e-12
-1.1993118e-17
4.8211831e-12
-1.2092212e-17
4.8211845e-12
-1.2139784e-17
4.821186e-12
-1.2129511e-17
-1.2042548e-17
3.2825891e-12
-3.858925e-14
3.2987752e-12
-1.1001822e-13
3.3244527e-12
-1.7510919e-13
3.3585513e-12
-2.3340601e-13
3.3999577e-12
-2.8461508e-13
3.4475431e-12
-3.2859438e-13
3.5001888e-12
-3.6535043e-13
3.55681e-12
-3.9502879e-13
3.6163761e-12
-4.1789898e-13
3.677927e-12
-4.3433572e-13
3.7405857e-12
-4.4479789e-13
3.8035662e-12
-4.4980684e-13
3.8661778e-12
-4.4992498e-13
3.9278261e-12
-4.4573601e-13
3.9880111e-12
-4.3782712e-13
4.0463227e-12
-4.2677394e-13
4.1024349e-12
-4.1312826e-13
4.1560989e-12
-3.9740857e-13
4.2071347e-12
-3.800933e-13
4.2554237e-12
-3.6161644e-13
4.3009002e-12
-3.4236533e-13
4.3435438e-12
-3.2268011e-13
4.3833719e-12
-3.0285469e-13
4.4204332e-12
-2.8313867e-13
4.4548013e-12
-2.6374015e-13
4.4865693e-12
-2.4482898e-13
4.5158454e-12
-2.2654039e-13
4.5427482e-12
-2.0897861e-13
4.5674032e-12
-1.9222066e-13
4.5899405e-12
-1.7631984e-13
4.6104913e-12
-1.6130918e-13
4.6291867e-12
-1.4720451e-13
4.6461558e-12
-1.340074e-13
4.661524e-12
-1.2170769e-13
4.6754128e-12
-1.102858e-13
4.6879384e-12
-9.971476e-14
4.6992114e-12
-8.9961966e-14
4.7093368e-12
-8.0990664e-14
4.718413e-12
-7.2761252e-14
4.7265327e-12
-6.5232349e-14
4.7337822e-12
-5.8361688e-14
4.7402418e-12
-5.2106851e-14
4.7459859e-12
-4.6425858e-14
4.7510834e-12
-4.1277636e-14
4.7555975e-12
-3.6622382e-14
4.7595865e-12
-3.2421834e-14
4.7631037e-12
-2.863947e-14
4.7661978e-12
-2.5240641e-14
4.7689132e-12
-2.2192653e-14
4.7712905e-12
-1.9464804e-14
4.7733661e-12
-1.7028388e-14
4.7751736e-12
-1.4856671e-14
4.7767427e-12
-1.2924845e-14
4.7781008e-12
-1.1209964e-14
4.7792722e-12
-9.6908731e-15
4.7802789e-12
-8.3481195e-15
4.7811405e-12
-7.1638669e-15
4.7818747e-12
-6.1218019e-15
4.7824973e-12
-5.2070395e-15
4.7830223e-12
-4.4060294e-15
4.7834622e-12
-3.7064635e-15
4.7838281e-12
-3.0971858e-15
4.78413e-12
-2.5681056e-15
4.7843764e-12
-2.1101139e-15
4.7845753e-12
-1.7150041e-15
4.7847332e-12
-1.3753971e-15
4.7848562e-12
-1.0846704e-15
4.7849496e-12
-8.368923e-16
4.7850179e-12
-6.2675938e-16
4.7850652e-12
-4.4953949e-16
4.7850948e-12
-3.010182e-16
4.7851099e-12
-1.7744955e-16
4.785113e-12
-7.5510585e-17
4.7851064e-12
7.7403772e-18
4.7850921e-12
7.4902031e-17
4.7850716e-12
1.2826511e-16
4.7850465e-12
1.6984432e-16
4.7850179e-12
2.0140749e-16
4.7849867e-12
2.2450195e-16
4.7849539e-12
2.4047856e-16
4.7849202e-12
2.505134e-16
4.7848861e-12
2.5562738e-16
4.7848522e-12
2.5670393e-16
4.7848187e-12
2.5450492e-16
4.784786e-12
2.4968496e-16
4.7847543e-12
2.4280421e-16
4.7847238e-12
2.3433989e-16
4.7846946e-12
2.2469651e-16
4.7846669e-12
2.1421503e-16
4.7846407e-12
2.0318102e-16
4.7846159e-12
1.918319e-16
4.7845926e-12
1.8036331e-16
4.7845709e-12
1.6893486e-16
4.7845506e-12
1.5767511e-16
4.7845317e-12
1.46686e-16
4.7845142e-12
1.3604674e-16
4.784498e-12
1.2581724e-16
4.7844831e-12
1.1604107e-16
4.7844693e-12
1.0674808e-16
4.7844567e-12
9.795667e-17
4.7844451e-12
8.9675779e-17
4.7844345e-12
8.1906567e-17
4.7844249e-12
7.4643895e-17
4.7844161e-12
6.7877593e-17
4.7844081e-12
6.1593536e-17
4.7844008e-12
5.5774572e-17
4.7843943e-12
5.0401298e-17
4.7843883e-12
4.5452723e-17
4.784383e-12
4.0906815e-17
4.7843781e-12
3.6740964e-17
4.7843738e-12
3.2932356e-17
4.7843699e-12
2.9458282e-17
4.7843664e-12
2.6296389e-17
4.7843633e-12
2.3424871e-17
4.7843605e-12
2.0822623e-17
4.784358e-12
1.8469361e-17
4.7843557e-12
1.6345695e-17
4.7843538e-12
1.4433196e-17
4.784352e-12
1.2714424e-17
4.7843505e-12
1.1172946e-17
4.7843491e-12
9.7933353e-18
4.7843479e-12
8.5611628e-18
4.7843468e-12
7.4629738e-18
4.7843459e-12
6.4862599e-18
4.7843451e-12
5.6194237e-18
4.7843443e-12
4.8517401e-18
4.7843437e-12
4.1733142e-18
4.7843432e-12
3.5750363e-18
4.7843427e-12
3.0485376e-18
4.7843423e-12
2.5861434e-18
4.7843419e-12
2.1808283e-18
4.7843416e-12
1.8261713e-18
4.7843413e-12
1.5163119e-18
4.7843411e-12
1.2459078e-18
4.7843409e-12
1.0100948e-18
4.7843407e-12
8.0444717e-19
4.7843406e-12
6.2494156e-19
4.7843405e-12
4.6792169e-19
4.7843404e-12
3.3006574e-19
4.7843403e-12
2.0835557e-19
4.7843402e-12
1.0004813e-19
4.7843402e-12
2.6487646e-21
4.7843402e-12
-8.6113336e-20
4.7843401e-12
-1.6830787e-19
4.7843401e-12
-2.4582423e-19
4.7843401e-12
-3.2039048e-19
4.7843401e-12
-3.9359066e-19
4.7843401e-12
-4.6688032e-19
4.7843401e-12
-5.4160062e-19
4.7843402e-12
-6.1899074e-19
4.7843402e-12
-7.0019893e-19
4.7843403e-12
-7.862922e-19
4.7843403e-12
-8.7826464e-19
4.7843404e-12
-9.7704453e-19
4.7843405e-12
-1.0835002e-18
4.7843406e-12
-1.1984449e-18
4.7843407e-12
-1.3226402e-18
4.7843408e-12
-1.4567992e-18
4.7843409e-12
-1.6015874e-18
4.784341e-12
-1.7576241e-18
4.7843412e-12
-1.9254818e-18
4.7843414e-12
-2.1056853e-18
4.7843416e-12
-2.2987096e-18
4.7843418e-12
-2.5049774e-18
4.784342e-12
-2.7248552e-18
4.7843423e-12
-2.9586495e-18
4.7843426e-12
-3.2066013e-18
4.7843429e-12
-3.4688805e-18
4.7843432e-12
-3.7455797e-18
4.7843436e-12
-4.0367068e-18
4.784344e-12
-4.3421775e-18
4.7843444e-12
-4.6618065e-18
4.7843449e-12
-4.9952992e-18
4.7843454e-12
-5.3422418e-18
4.7843459e-12
-5.7020912e-18
4.7843465e-12
-6.0741648e-18
4.7843471e-12
-6.4576295e-18
4.7843477e-12
-6.8514906e-18
4.7843484e-12
-7.25458e-18
4.7843492e-12
-7.6655451e-18
4.7843499e-12
-8.0828367e-18
4.7843508e-12
-8.5046977e-18
4.7843516e-12
-8.9291517e-18
4.7843526e-12
-9.3539924e-18
4.7843535e-12
-9.7767734e-18
4.7843545e-12
-1.0194799e-17
4.7843556e-12
-1.0605116e-17
4.7843566e-12
-1.1004507e-17
4.7843578e-12
-1.1389485e-17
4.7843589e-12
-1.175629e-17
4.7843601e-12
-1.2100887e-17
4.7843614e-12
-1.2418964e-17
4.7843626e-12
-1.2705929e-17
4.7843639e-12
-1.2956918e-17
4.7843653e-12
-1.3166776e-17
4.7843666e-12
-1.3330033e-17
4.7843679e-12
-1.3441053e-17
4.7843693e-12
-1.3494278e-17
4.7843707e-12
-1.3482313e-17
-1.3384415e-17
3.2826934e-12
-4.438982e-14
3.2991448e-12
-1.2646962e-13
3.3251943e-12
-2.0115872e-13
3.3597135e-12
-2.6792518e-13
3.4015309e-12
-3.2643251e-13
3.4494626e-12
-3.7652611e-13
3.5023409e-12
-4.1822869e-13
3.5590399e-12
-4.5172784e-13
3.6184978e-12
-4.773569e-13
3.6797336e-12
-4.9557143e-13
3.7418591e-12
-5.0692345e-13
3.8040872e-12
-5.1203487e-13
3.8657341e-12
-5.1157192e-13
3.9262196e-12
-5.0622157e-13
3.9850633e-12
-4.9667079e-13
4.0418786e-12
-4.8358919e-13
4.0963654e-12
-4.6761509e-13
4.1483019e-12
-4.4934505e-13
4.1975352e-12
-4.2932666e-13
4.2439728e-12
-4.0805404e-13
4.2875734e-12
-3.8596589e-13
4.3283387e-12
-3.6344544e-13
4.366306e-12
-3.4082201e-13
4.4015411e-12
-3.1837373e-13
4.434132e-12
-2.9633103e-13
4.4641837e-12
-2.7488073e-13
4.4918137e-12
-2.5417033e-13
4.5171475e-12
-2.3431242e-13
4.5403159e-12
-2.1538902e-13
4.5614517e-12
-1.9745569e-13
4.580688e-12
-1.8054548e-13
4.598156e-12
-1.6467247e-13
4.6139836e-12
-1.4983502e-13
4.6282946e-12
-1.3601872e-13
4.6412078e-12
-1.2319894e-13
4.6528361e-12
-1.1134308e-13
4.6632867e-12
-1.0041254e-13
4.6726604e-12
-9.0364358e-14
4.6810518e-12
-8.1152654e-14
4.6885492e-12
-7.2729779e-14
4.6952348e-12
-6.5047307e-14
4.7011848e-12
-5.8056825e-14
4.7064695e-12
-5.1710572e-14
4.7111538e-12
-4.5961942e-14
4.7152973e-12
-4.0765869e-14
4.7189546e-12
-3.6079115e-14
4.7221756e-12
-3.1860477e-14
4.7250059e-12
-2.807092e-14
4.7274869e-12
-2.4673657e-14
4.7296562e-12
-2.1634183e-14
4.7315481e-12
-1.8920267e-14
4.7331934e-12
-1.6501917e-14
4.7346198e-12
-1.4351325e-14
4.7358527e-12
-1.2442792e-14
4.7369144e-12
-1.0752633e-14
4.7378254e-12
-9.2590873e-15
4.7386037e-12
-7.9422117e-15
4.7392657e-12
-6.7837742e-15
4.7398258e-12
-5.7671469e-15
4.740297e-12
-4.8771996e-15
4.7406907e-12
-4.1001944e-15
4.7410172e-12
-3.4236837e-15
4.7412855e-12
-2.8364125e-15
4.7415036e-12
-2.3282239e-15
4.7416786e-12
-1.8899704e-15
4.7418166e-12
-1.5134289e-15
4.7419232e-12
-1.1912218e-15
4.742003e-12
-9.1674243e-16
4.7420604e-12
-6.8408593e-16
4.7420988e-12
-4.8798454e-16
4.7421215e-12
-3.2374809e-16
4.7421313e-12
-1.8720877e-16
4.7421305e-12
-7.4670319e-17
4.7421211e-12
1.7138583e-17
4.7421049e-12
9.1107139e-17
4.7420833e-12
1.4978152e-16
4.7420578e-12
1.9540052e-16
4.7420293e-12
2.2992807e-16
4.7419987e-12
2.5508268e-16
4.7419668e-12
2.7236423e-16
4.7419342e-12
2.8307817e-16
4.7419015e-12
2.8835734e-16
4.741869e-12
2.8918171e-16
4.7418371e-12
2.863961e-16
4.7418061e-12
2.8072612e-16
4.7417761e-12
2.7279244e-16
4.7417473e-12
2.6312356e-16
4.7417198e-12
2.5216725e-16
4.7416938e-12
2.4030072e-16
4.7416691e-12
2.278397e-16
4.7416459e-12
2.1504646e-16
4.7416241e-12
2.0213696e-16
4.7416038e-12
1.8928719e-16
4.7415848e-12
1.7663873e-16
4.7415672e-12
1.6430364e-16
4.7415509e-12
1.5236884e-16
4.7415358e-12
1.4089984e-16
4.7415219e-12
1.299441e-16
4.7415091e-12
1.1953391e-16
4.7414974e-12
1.0968892e-16
4.7414866e-12
1.0041829e-16
4.7414768e-12
9.1722628e-17
4.7414678e-12
8.3595612e-17
4.7414597e-12
7.6025368e-17
4.7414523e-12
6.8995687e-17
4.7414456e-12
6.2487041e-17
4.7414395e-12
5.6477449e-17
4.741434e-12
5.0943202e-17
4.7414291e-12
4.5859477e-17
4.7414246e-12
4.1200838e-17
4.7414206e-12
3.6941659e-17
4.741417e-12
3.3056458e-17
4.7414138e-12
2.9520172e-17
4.7414109e-12
2.6308371e-17
4.7414083e-12
2.339743e-17
4.741406e-12
2.0764647e-17
4.741404e-12
1.8388339e-17
4.7414022e-12
1.6247902e-17
4.7414005e-12
1.4323845e-17
4.7413991e-12
1.2597811e-17
4.7413979e-12
1.1052571e-17
4.7413968e-12
9.6720153e-18
4.7413958e-12
8.4411248e-18
4.7413949e-12
7.3459404e-18
4.7413942e-12
6.3735228e-18
4.7413935e-12
5.5119079e-18
4.7413929e-12
4.7500593e-18
4.7413924e-12
4.0778189e-18
4.741392e-12
3.4858554e-18
4.7413916e-12
2.9656131e-18
4.7413913e-12
2.509261e-18
4.741391e-12
2.1096428e-18
4.7413908e-12
1.7602274e-18
4.7413905e-12
1.4550623e-18
4.7413904e-12
1.1887277e-18
4.7413902e-12
9.5629346e-19
4.7413901e-12
7.5327775e-19
4.74139e-12
5.7560816e-19
4.7413899e-12
4.1958512e-19
4.7413898e-12
2.8184761e-19
4.7413898e-12
1.5934124e-19
4.7413897e-12
4.928845e-20
4.7413897e-12
-5.0838857e-20
4.7413896e-12
-1.4334469e-19
4.7413896e-12
-2.3033215e-19
4.7413896e-12
-3.1372467e-19
4.7413896e-12
-3.9528522e-19
4.7413896e-12
-4.7663377e-19
4.7413897e-12
-5.5926291e-19
4.7413897e-12
-6.4455177e-19
4.7413897e-12
-7.3377839e-19
4.7413898e-12
-8.2813052e-19
4.7413898e-12
-9.2871494e-19
4.7413899e-12
-1.0365654e-18
4.7413899e-12
-1.1526494e-18
4.74139e-12
-1.2778732e-18
4.7413901e-12
-1.4130864e-18
4.7413902e-12
-1.5590848e-18
4.7413903e-12
-1.7166121e-18
4.7413904e-12
-1.886361e-18
4.7413906e-12
-2.0689732e-18
4.7413908e-12
-2.2650378e-18
4.7413909e-12
-2.4750896e-18
4.7413911e-12
-2.6996062e-18
4.7413913e-12
-2.9390039e-18
4.7413916e-12
-3.193633e-18
4.7413918e-12
-3.4637727e-18
4.7413921e-12
-3.7496243e-18
4.7413924e-12
-4.0513046e-18
4.7413927e-12
-4.3688376e-18
4.7413931e-12
-4.7021464e-18
4.7413935e-12
-5.0510438e-18
4.7413939e-12
-5.4152222e-18
4.7413944e-12
-5.7942437e-18
4.7413949e-12
-6.1875283e-18
4.7413954e-12
-6.5943426e-18
4.7413959e-12
-7.0137877e-18
4.7413965e-12
-7.4447867e-18
4.7413972e-12
-7.8860716e-18
4.7413978e-12
-8.3361706e-18
4.7413985e-12
-8.7933946e-18
4.7413993e-12
-9.2558243e-18
4.7414001e-12
-9.7212973e-18
4.7414009e-12
-1.0187396e-17
4.7414018e-12
-1.0651435e-17
4.7414027e-12
-1.1110453e-17
4.7414037e-12
-1.1561198e-17
4.7414047e-12
-1.2000126e-17
4.7414057e-12
-1.2423389e-17
4.7414068e-12
-1.2826836e-17
4.7414079e-12
-1.3206004e-17
4.741409e-12
-1.3556121e-17
4.7414102e-12
-1.3872106e-17
4.7414114e-12
-1.4148566e-17
4.7414126e-12
-1.4379797e-17
4.7414138e-12
-1.4559748e-17
4.741415e-12
-1.4682174e-17
4.7414163e-12
-1.474086e-17
4.7414175e-12
-1.4727939e-17
-1.4620199e-17
3.2828167e-12
-5.0313704e-14
3.2995809e-12
-1.4323385e-13
3.3260675e-12
-2.276453e-13
3.3610781e-12
-3.0293581e-13
3.4033718e-12
-3.6872616e-13
3.451699e-12
-4.2485333e-13
3.5048342e-12
-4.7136391e-13
3.5616042e-12
-5.0849778e-13
3.6209112e-12
-5.3666391e-13
3.681751e-12
-5.5641128e-13
3.7432248e-12
-5.6839724e-13
3.8045455e-12
-5.733556e-13
3.8650399e-12
-5.7206623e-13
3.9241457e-12
-5.6532744e-13
3.981407e-12
-5.539321e-13
4.0364658e-12
-5.3864801e-13
4.0890532e-12
-5.2020248e-13
4.1389793e-12
-4.9927107e-13
4.1861227e-12
-4.7647011e-13
4.2304211e-12
-4.5235243e-13
4.2718611e-12
-4.274059e-13
4.3104698e-12
-4.0205411e-13
4.3463066e-12
-3.7665879e-13
4.3794562e-12
-3.5152339e-13
4.4100227e-12
-3.2689753e-13
4.4381239e-12
-3.0298194e-13
4.4638872e-12
-2.7993357e-13
4.4874455e-12
-2.5787071e-13
4.5089345e-12
-2.3687808e-13
4.5284903e-12
-2.1701144e-13
4.5462469e-12
-1.983021e-13
4.5623353e-12
-1.8076086e-13
4.5768819e-12
-1.6438169e-13
4.5900081e-12
-1.4914492e-13
4.6018293e-12
-1.3502006e-13
4.6124545e-12
-1.2196831e-13
4.6219866e-12
-1.0994464e-13
4.6305219e-12
-9.889961e-14
4.6381501e-12
-8.8780865e-14
4.6449547e-12
-7.9534431e-14
4.6510131e-12
-7.110573e-14
4.6563967e-12
-6.3440432e-14
4.6611713e-12
-5.6485121e-14
4.6653972e-12
-5.0187826e-14
4.6691297e-12
-4.4498413e-14
4.6724195e-12
-3.9368883e-14
4.6753126e-12
-3.4753581e-14
4.677851e-12
-3.060932e-14
4.6800728e-12
-2.689546e-14
4.6820125e-12
-2.3573924e-14
4.6837015e-12
-2.0609188e-14
4.6851678e-12
-1.7968228e-14
4.6864369e-12
-1.5620449e-14
4.6875317e-12
-1.35376e-14
4.6884727e-12
-1.1693665e-14
4.6892784e-12
-1.0064753e-14
4.6899652e-12
-8.6289865e-15
4.6905478e-12
-7.366372e-15
4.6910393e-12
-6.2586869e-15
4.6914515e-12
-5.2893565e-15
4.6917946e-12
-4.4433384e-15
4.6920779e-12
-3.7070087e-15
4.6923096e-12
-3.0680531e-15
4.6924967e-12
-2.5153632e-15
4.6926457e-12
-2.0389377e-15
4.692762e-12
-1.6297891e-15
4.6928507e-12
-1.2798565e-15
4.6929159e-12
-9.819235e-16
4.6929613e-12
-7.2954224e-16
4.6929903e-12
-5.169622e-16
4.6930056e-12
-3.3906482e-16
4.6930097e-12
-1.9130289e-16
4.6930047e-12
-6.9644835e-17
4.6929923e-12
2.9476457e-17
4.6929742e-12
1.0921052e-16
4.6929517e-12
1.7233216e-16
4.6929258e-12
2.2128049e-16
4.6928975e-12
2.5819448e-16
4.6928677e-12
2.8494528e-16
4.6928369e-12
3.0316542e-16
4.6928057e-12
3.1427532e-16
4.6927745e-12
3.1950714e-16
4.6927438e-12
3.1992636e-16
4.6927137e-12
3.1645116e-16
4.6926846e-12
3.0986975e-16
4.6926565e-12
3.0085606e-16
4.6926297e-12
2.8998362e-16
4.6926041e-12
2.7773805e-16
4.6925799e-12
2.6452819e-16
4.692557e-12
2.5069594e-16
4.6925355e-12
2.3652509e-16
4.6925154e-12
2.2224906e-16
4.6924967e-12
2.0805783e-16
4.6924792e-12
1.9410397e-16
4.692463e-12
1.8050805e-16
4.692448e-12
1.673633e-16
4.6924341e-12
1.5473976e-16
4.6924214e-12
1.4268788e-16
4.6924097e-12
1.3124169e-16
4.692399e-12
1.2042153e-16
4.6923891e-12
1.1023641e-16
4.6923802e-12
1.0068611e-16
4.692372e-12
9.1762898e-17
4.6923646e-12
8.3453106e-17
4.6923578e-12
7.5738391e-17
4.6923517e-12
6.859686e-17
4.6923462e-12
6.2004002e-17
4.6923412e-12
5.593348e-17
4.6923367e-12
5.0357792e-17
4.6923327e-12
4.5248812e-17
4.692329e-12
4.0578248e-17
4.6923258e-12
3.6318004e-17
4.6923229e-12
3.2440473e-17
4.6923202e-12
2.8918772e-17
4.6923179e-12
2.5726919e-17
4.6923158e-12
2.2839969e-17
4.692314e-12
2.0234106e-17
4.6923124e-12
1.7886711e-17
4.6923109e-12
1.57764e-17
4.6923096e-12
1.3883036e-17
4.6923085e-12
1.2187732e-17
4.6923075e-12
1.0672831e-17
4.6923066e-12
9.3218756e-18
4.6923058e-12
8.1195766e-18
4.6923051e-12
7.051764e-18
4.6923046e-12
6.1053396e-18
4.692304e-12
5.2682235e-18
4.6923036e-12
4.5292993e-18
4.6923032e-12
3.8783576e-18
4.6923029e-12
3.3060395e-18
4.6923026e-12
2.8037803e-18
4.6923023e-12
2.3637543e-18
4.6923021e-12
1.9788211e-18
4.6923019e-12
1.6424737e-18
4.6923017e-12
1.3487882e-18
4.6923016e-12
1.0923769e-18
4.6923015e-12
8.6834266e-19
4.6923014e-12
6.7223622e-19
4.6923013e-12
5.0001633e-19
4.6923012e-12
3.4801203e-19
4.6923012e-12
2.1288765e-19
4.6923011e-12
9.1610289e-20
4.6923011e-12
-1.8580289e-20
4.6923011e-12
-1.2019933e-19
4.6923011e-12
-2.1554255e-19
4.6923011e-12
-3.0670931e-19
4.6923011e-12
-3.9562374e-19
4.6923011e-12
-4.8405379e-19
4.6923011e-12
-5.7362833e-19
4.6923011e-12
-6.658525e-19
4.6923011e-12
-7.6212115e-19
4.6923012e-12
-8.6373076e-19
4.6923012e-12
-9.7188962e-19
4.6923013e-12
-1.0877266e-18
4.6923013e-12
-1.2122986e-18
4.6923014e-12
-1.3465961e-18
4.6923015e-12
-1.491548e-18
4.6923016e-12
-1.6480253e-18
4.6923017e-12
-1.8168425e-18
4.6923018e-12
-1.9987592e-18
4.6923019e-12
-2.19448e-18
4.692302e-12
-2.4046531e-18
4.6923022e-12
-2.629868e-18
4.6923024e-12
-2.8706529e-18
4.6923026e-12
-3.1274702e-18
4.6923028e-12
-3.4007115e-18
4.692303e-12
-3.6906916e-18
4.6923032e-12
-3.9976422e-18
4.6923035e-12
-4.3217034e-18
4.6923038e-12
-4.6629162e-18
4.6923041e-12
-5.0212125e-18
4.6923045e-12
-5.3964058e-18
4.6923048e-12
-5.7881796e-18
4.6923052e-12
-6.1960768e-18
4.6923057e-12
-6.6194871e-18
4.6923061e-12
-7.0576344e-18
4.6923066e-12
-7.5095636e-18
4.6923072e-12
-7.9741269e-18
4.6923077e-12
-8.4499693e-18
4.6923083e-12
-8.9355145e-18
4.692309e-12
-9.4289501e-18
4.6923096e-12
-9.9282133e-18
4.6923103e-12
-1.0430976e-17
4.6923111e-12
-1.0934631e-17
4.6923119e-12
-1.1436279e-17
4.6923127e-12
-1.1932716e-17
4.6923136e-12
-1.2420423e-17
4.6923145e-12
-1.2895555e-17
4.6923154e-12
-1.3353936e-17
4.6923163e-12
-1.3791051e-17
4.6923173e-12
-1.4202046e-17
4.6923184e-12
-1.4581723e-17
4.6923194e-12
-1.4924545e-17
4.6923205e-12
-1.5224637e-17
4.6923216e-12
-1.5475775e-17
4.6923227e-12
-1.5671359e-17
4.6923238e-12
-1.5804608e-17
4.692325e-12
-1.5868844e-17
4.6923261e-12
-1.5855219e-17
-1.5739261e-17
3.282961e-12
-5.6381881e-14
3.30009e-12
-1.6036289e-13
3.327084e-12
-2.5463926e-13
3.3626615e-12
-3.3851331e-13
3.4054989e-12
-4.1156361e-13
3.4542699e-12
-4.7362434e-13
3.5076817e-12
-5.2477568e-13
3.5645065e-12
-5.6532256e-13
3.6236068e-12
-5.9576419e-13
3.6839535e-12
-6.1675802e-13
3.7446376e-12
-6.2908135e-13
3.8048752e-12
-6.3359314e-13
3.8640071e-12
-6.3119817e-13
3.9214948e-12
-6.2281512e-13
3.9769121e-12
-6.0934945e-13
4.0299357e-12
-5.9167152e-13
4.0803331e-12
-5.7059996e-13
4.1279519e-12
-5.4688985e-13
4.1727071e-12
-5.2122532e-13
4.2145706e-12
-4.9421588e-13
4.2535604e-12
-4.663957e-13
4.2897316e-12
-4.3822538e-13
4.3231682e-12
-4.1009537e-13
4.3539756e-12
-3.8233076e-13
4.3822747e-12
-3.5519666e-13
4.408197e-12
-3.2890424e-13
4.4318801e-12
-3.0361665e-13
4.4534644e-12
-2.7945503e-13
4.4730905e-12
-2.5650416e-13
4.4908969e-12
-2.3481779e-13
4.5070183e-12
-2.1442356e-13
4.5215849e-12
-1.9532745e-13
4.5347209e-12
-1.7751767e-13
4.5465443e-12
-1.6096828e-13
4.5571663e-12
-1.4564216e-13
4.5666917e-12
-1.3149367e-13
4.575218e-12
-1.1847096e-13
4.5828362e-12
-1.0651781e-13
4.5896306e-12
-9.5575281e-14
4.5956792e-12
-8.5583029e-14
4.6010539e-12
-7.6480372e-14
4.6058206e-12
-6.8207176e-14
4.61004e-12
-6.070454e-14
4.6137675e-12
-5.3915329e-14
4.6170537e-12
-4.7784578e-14
4.6199446e-12
-4.2259781e-14
4.6224821e-12
-3.7291092e-14
4.6247042e-12
-3.2831445e-14
4.6266454e-12
-2.8836613e-14
4.6283367e-12
-2.5265217e-14
4.6298062e-12
-2.2078696e-14
4.6310792e-12
-1.9241245e-14
4.6321785e-12
-1.6719721e-14
4.6331244e-12
-1.4483548e-14
4.6339354e-12
-1.2504591e-14
4.6346276e-12
-1.0757034e-14
4.6352159e-12
-9.217248e-15
4.6357132e-12
-7.8636559e-15
4.6361311e-12
-6.6766006e-15
4.6364799e-12
-5.6382126e-15
4.6367689e-12
-4.7322821e-15
4.637006e-12
-3.9441343e-15
4.6371985e-12
-3.2605111e-15
4.6373526e-12
-2.6694571e-15
4.6374738e-12
-2.1602126e-15
4.6375672e-12
-1.7231124e-15
4.6376368e-12
-1.3494905e-15
4.6376865e-12
-1.0315915e-15
4.6377194e-12
-7.624882e-16
4.6377385e-12
-5.3600466e-16
4.637746e-12
-3.4664532e-16
4.6377443e-12
-1.8952962e-16
4.637735e-12
-6.0331812e-17
4.6377197e-12
4.4774328e-17
4.6376997e-12
1.2916602e-16
4.6376762e-12
1.9581769e-16
4.6376502e-12
2.4734306e-16
4.6376223e-12
2.8603347e-16
4.6375934e-12
3.1389259e-16
4.6375639e-12
3.3266797e-16
4.6375343e-12
3.4387947e-16
4.6375049e-12
3.4884501e-16
4.6374761e-12
3.4870371e-16
4.6374482e-12
3.444367e-16
4.6374211e-12
3.3688586e-16
4.6373952e-12
3.2677056e-16
4.6373705e-12
3.1470263e-16
4.637347e-12
3.0119976e-16
4.6373249e-12
2.8669743e-16
4.637304e-12
2.715595e-16
4.6372845e-12
2.5608768e-16
4.6372662e-12
2.4052982e-16
4.6372491e-12
2.2508732e-16
4.6372333e-12
2.0992164e-16
4.6372187e-12
1.9516008e-16
4.6372051e-12
1.8090074e-16
4.6371927e-12
1.6721702e-16
4.6371812e-12
1.5416145e-16
4.6371707e-12
1.4176905e-16
4.637161e-12
1.300603e-16
4.6371522e-12
1.1904366e-16
4.6371442e-12
1.0871776e-16
4.6371369e-12
9.9073298e-17
4.6371302e-12
9.0094694e-17
4.6371242e-12
8.1761439e-17
4.6371187e-12
7.4049298e-17
4.6371138e-12
6.6931301e-17
4.6371094e-12
6.0378587e-17
4.6371054e-12
5.4361105e-17
4.6371018e-12
4.8848194e-17
4.6370985e-12
4.3809066e-17
4.6370956e-12
3.9213188e-17
4.6370931e-12
3.5030598e-17
4.6370907e-12
3.1232144e-17
4.6370887e-12
2.7789679e-17
4.6370868e-12
2.4676197e-17
4.6370852e-12
2.1865933e-17
4.6370838e-12
1.9334432e-17
4.6370825e-12
1.7058584e-17
4.6370814e-12
1.5016639e-17
4.6370803e-12
1.3188205e-17
4.6370795e-12
1.1554223e-17
4.6370787e-12
1.0096941e-17
4.637078e-12
8.799868e-18
4.6370774e-12
7.6477267e-18
4.6370769e-12
6.6263991e-18
4.6370764e-12
5.7228686e-18
4.637076e-12
4.9251598e-18
4.6370757e-12
4.2222771e-18
4.6370754e-12
3.6041432e-18
4.6370751e-12
3.061538e-18
4.6370749e-12
2.586039e-18
4.6370747e-12
2.1699625e-18
4.6370746e-12
1.8063078e-18
4.6370744e-12
1.4887032e-18
4.6370743e-12
1.2113543e-18
4.6370742e-12
9.6899549e-19
4.6370741e-12
7.5684363e-19
4.6370741e-12
5.7055485e-19
4.637074e-12
4.06184e-19
4.6370739e-12
2.6014683e-19
4.6370739e-12
1.2918494e-19
4.6370739e-12
1.0333315e-20
4.6370739e-12
-9.9109548e-20
4.6370738e-12
-2.0160904e-19
4.6370738e-12
-2.9941945e-19
4.6370738e-12
-3.9460674e-19
4.6370738e-12
-4.8906903e-19
4.6370739e-12
-5.8455514e-19
4.6370739e-12
-6.8268098e-19
4.6370739e-12
-7.8494422e-19
4.6370739e-12
-8.9273701e-19
4.637074e-12
-1.0073571e-18
4.637074e-12
-1.1300172e-18
4.6370741e-12
-1.261853e-18
4.6370741e-12
-1.4039294e-18
4.6370742e-12
-1.5572458e-18
4.6370742e-12
-1.7227396e-18
4.6370743e-12
-1.9012883e-18
4.6370744e-12
-2.0937114e-18
4.6370745e-12
-2.3007694e-18
4.6370747e-12
-2.5231636e-18
4.6370748e-12
-2.7615331e-18
4.6370749e-12
-3.0164519e-18
4.6370751e-12
-3.2884244e-18
4.6370753e-12
-3.5778801e-18
4.6370755e-12
-3.8851674e-18
4.6370757e-12
-4.2105462e-18
4.6370759e-12
-4.55418e-18
4.6370762e-12
-4.9161268e-18
4.6370764e-12
-5.2963291e-18
4.6370767e-12
-5.6946035e-18
4.6370771e-12
-6.110629e-18
4.6370774e-12
-6.5439346e-18
4.6370778e-12
-6.9938867e-18
4.6370782e-12
-7.4596752e-18
4.6370786e-12
-7.940299e-18
4.6370791e-12
-8.4345515e-18
4.6370796e-12
-8.9410049e-18
4.6370801e-12
-9.4579944e-18
4.6370806e-12
-9.9836024e-18
4.6370812e-12
-1.0515643e-17
4.6370818e-12
-1.1051643e-17
4.6370825e-12
-1.1588833e-17
4.6370832e-12
-1.2124123e-17
4.6370839e-12
-1.2654097e-17
4.6370847e-12
-1.3174997e-17
4.6370855e-12
-1.3682711e-17
4.6370863e-12
-1.4172765e-17
4.6370871e-12
-1.464032e-17
4.637088e-12
-1.5080163e-17
4.6370889e-12
-1.5486712e-17
4.6370898e-12
-1.585401e-17
4.6370908e-12
-1.6175735e-17
4.6370918e-12
-1.6445197e-17
4.6370927e-12
-1.6655311e-17
4.6370937e-12
-1.6798779e-17
4.6370947e-12
-1.6868356e-17
4.6370957e-12
-1.6854907e-17
-1.6732055e-17
3.2831286e-12
-6.2617674e-14
3.3006797e-12
-1.7791401e-13
3.3282577e-12
-2.8221726e-13
3.3644828e-12
-3.7473838e-13
3.4079342e-12
-4.5501501e-13
3.4571957e-12
-5.2288589e-13
3.5108972e-12
-5.7847714e-13
3.5677493e-12
-6.2217465e-13
3.6265707e-12
-6.5458563e-13
3.6863068e-12
-6.7649414e-13
3.7460401e-12
-6.8881466e-13
3.8049936e-12
-6.9254658e-13
3.8625278e-12
-6.887324e-13
3.9181338e-12
-6.7842111e-13
3.9714221e-12
-6.6263779e-13
4.0221104e-12
-6.4235977e-13
4.0700093e-12
-6.1849888e-13
4.1150091e-12
-5.918897e-13
4.1570663e-12
-5.6328251e-13
4.1961911e-12
-5.3334065e-13
4.2324364e-12
-5.0264096e-13
4.2658879e-12
-4.7167691e-13
4.2966559e-12
-4.4086336e-13
4.3248678e-12
-4.1054263e-13
4.3506623e-12
-3.8099121e-13
4.3741848e-12
-3.5242673e-13
4.3955831e-12
-3.2501501e-13
4.4150049e-12
-2.988768e-13
4.432595e-12
-2.7409419e-13
4.4484937e-12
-2.5071652e-13
4.4628359e-12
-2.2876575e-13
4.4757497e-12
-2.0824133e-13
4.4873565e-12
-1.8912446e-13
4.4977701e-12
-1.7138182e-13
4.5070968e-12
-1.5496885e-13
4.5154357e-12
-1.3983256e-13
4.5228785e-12
-1.2591384e-13
4.5295102e-12
-1.131495e-13
4.5354089e-12
-1.0147391e-13
4.5406462e-12
-9.0820341e-14
4.5452879e-12
-8.1122124e-14
4.5493942e-12
-7.231348e-14
4.5530199e-12
-6.4330232e-14
4.5562149e-12
-5.7110337e-14
4.5590246e-12
-5.0594272e-14
4.5614902e-12
-4.4725318e-14
4.5636488e-12
-3.9449742e-14
4.5655343e-12
-3.4716901e-14
4.5671769e-12
-3.0479284e-14
4.5686042e-12
-2.6692507e-14
4.5698408e-12
-2.331526e-14
4.5709088e-12
-2.0309227e-14
4.571828e-12
-1.7638984e-14
4.5726164e-12
-1.5271877e-14
4.5732897e-12
-1.3177886e-14
4.5738621e-12
-1.1329487e-14
4.5743464e-12
-9.7015049e-15
4.5747537e-12
-8.2709664e-15
4.575094e-12
-7.0169554e-15
4.5753763e-12
-5.9204684e-15
4.5756083e-12
-4.9642758e-15
4.5757969e-12
-4.1327876e-15
4.5759484e-12
-3.4119251e-15
4.5760679e-12
-2.7889985e-15
4.5761603e-12
-2.2525922e-15
4.5762296e-12
-1.7924555e-15
4.5762795e-12
-1.3994012e-15
4.5763131e-12
-1.0652107e-15
4.5763332e-12
-7.8254538e-16
4.5763421e-12
-5.4486496e-16
4.5763418e-12
-3.4635176e-16
4.5763341e-12
-1.8184092e-16
4.5763205e-12
-4.6756294e-17
4.5763023e-12
6.2948403e-17
4.5762807e-12
1.5084336e-16
4.5762564e-12
2.2007182e-16
4.5762304e-12
2.7339484e-16
4.5762032e-12
3.1323198e-16
4.5761753e-12
3.416982e-16
4.5761474e-12
3.6063733e-16
4.5761196e-12
3.7165231e-16
4.5760923e-12
3.7613239e-16
4.5760657e-12
3.7527777e-16
4.5760401e-12
3.7012166e-16
4.5760154e-12
3.6155007e-16
4.5759918e-12
3.5031961e-16
4.5759695e-12
3.3707331e-16
4.5759483e-12
3.2235485e-16
4.5759284e-12
3.0662114e-16
4.5759097e-12
2.9025357e-16
4.5758922e-12
2.7356797e-16
4.5758759e-12
2.5682345e-16
4.5758608e-12
2.4023019e-16
4.5758468e-12
2.2395631e-16
4.5758338e-12
2.08134e-16
4.5758218e-12
1.9286478e-16
4.5758108e-12
1.7822417e-16
4.5758007e-12
1.6426582e-16
4.5757914e-12
1.5102503e-16
4.575783e-12
1.3852183e-16
4.5757753e-12
1.2676371e-16
4.5757682e-12
1.1574787e-16
4.5757618e-12
1.0546328e-16
4.575756e-12
9.589234e-17
4.5757508e-12
8.7012359e-17
4.575746e-12
7.8796799e-17
4.5757418e-12
7.1216322e-17
4.5757379e-12
6.4239664e-17
4.5757344e-12
5.7834382e-17
4.5757313e-12
5.1967453e-17
4.5757285e-12
4.6605782e-17
4.575726e-12
4.1716599e-17
4.5757238e-12
3.7267788e-17
4.5757218e-12
3.3228141e-17
4.57572e-12
2.956755e-17
4.5757184e-12
2.6257151e-17
4.575717e-12
2.326943e-17
4.5757158e-12
2.0578286e-17
4.5757147e-12
1.815907e-17
4.5757137e-12
1.5988595e-17
4.5757128e-12
1.4045132e-17
4.5757121e-12
1.2308383e-17
4.5757114e-12
1.0759447e-17
4.5757108e-12
9.3807759e-18
4.5757103e-12
8.1561156e-18
4.5757099e-12
7.0704523e-18
4.5757095e-12
6.1099475e-18
4.5757092e-12
5.2618732e-18
4.5757089e-12
4.5145464e-18
4.5757086e-12
3.8572627e-18
4.5757084e-12
3.2802307e-18
4.5757082e-12
2.7745083e-18
4.5757081e-12
2.3319397e-18
4.5757079e-12
1.9450961e-18
4.5757078e-12
1.6072173e-18
4.5757077e-12
1.3121573e-18
4.5757076e-12
1.0543319e-18
4.5757075e-12
8.2866985e-19
4.5757075e-12
6.3056651e-19
4.5757074e-12
4.558407e-19
4.5757074e-12
3.0069449e-19
4.5757074e-12
1.6167583e-19
4.5757073e-12
3.564407e-20
4.5757073e-12
-8.0261893e-20
4.5757073e-12
-1.8865271e-19
4.5757073e-12
-2.9191521e-19
4.5757073e-12
-3.9223658e-19
4.5757073e-12
-4.9162621e-19
4.5757073e-12
-5.9193534e-19
4.5757073e-12
-6.9487458e-19
4.5757073e-12
-8.0202942e-19
4.5757073e-12
-9.1487383e-19
4.5757074e-12
-1.0347821e-18
4.5757074e-12
-1.1630387e-18
4.5757074e-12
-1.3008471e-18
4.5757075e-12
-1.4493362e-18
4.5757075e-12
-1.6095658e-18
4.5757076e-12
-1.7825309e-18
4.5757077e-12
-1.9691638e-18
4.5757078e-12
-2.1703355e-18
4.5757078e-12
-2.386856e-18
4.5757079e-12
-2.6194729e-18
4.575708e-12
-2.8688689e-18
4.5757082e-12
-3.1356589e-18
4.5757083e-12
-3.4203849e-18
4.5757084e-12
-3.7235109e-18
4.5757086e-12
-4.0454158e-18
4.5757088e-12
-4.3863865e-18
4.575709e-12
-4.7466086e-18
4.5757092e-12
-5.1261577e-18
4.5757094e-12
-5.5249882e-18
4.5757097e-12
-5.9429229e-18
4.5757099e-12
-6.37964e-18
4.5757102e-12
-6.8346607e-18
4.5757105e-12
-7.3073355e-18
4.5757109e-12
-7.7968289e-18
4.5757112e-12
-8.3021051e-18
4.5757116e-12
-8.8219114e-18
4.575712e-12
-9.354762e-18
4.5757125e-12
-9.8989208e-18
4.5757129e-12
-1.0452385e-17
4.5757134e-12
-1.1012865e-17
4.575714e-12
-1.157777e-17
4.5757145e-12
-1.214419e-17
4.5757151e-12
-1.2708878e-17
4.5757157e-12
-1.3268234e-17
4.5757164e-12
-1.3818293e-17
4.575717e-12
-1.4354711e-17
4.5757177e-12
-1.4872755e-17
4.5757185e-12
-1.5367297e-17
4.5757192e-12
-1.5832807e-17
4.57572e-12
-1.6263354e-17
4.5757208e-12
-1.6652609e-17
4.5757216e-12
-1.699385e-17
4.5757224e-12
-1.7279959e-17
4.5757233e-12
-1.7503396e-17
4.5757241e-12
-1.7656432e-17
4.575725e-12
-1.7731468e-17
4.5757259e-12
-1.7718517e-17
-1.7590635e-17
3.2833224e-12
-6.9047257e-14
3.3013593e-12
-1.9595089e-13
3.3296054e-12
-3.1046342e-13
3.3665649e-12
-4.1169783e-13
3.4107029e-12
-4.9915305e-13
3.4604992e-12
-5.7268215e-13
3.514495e-12
-6.3247294e-13
3.5713323e-12
-6.7901195e-13
3.6297827e-12
-7.13036e-13
3.688766e-12
-7.3547749e-13
3.7473595e-12
-7.4740819e-13
3.8047984e-12
-7.4998549e-13
3.8604699e-12
-7.4440383e-13
3.913902e-12
-7.3185323e-13
3.9647499e-12
-7.1348566e-13
4.0127795e-12
-6.903894e-13
4.0578515e-12
-6.6357089e-13
4.0999051e-12
-6.3394324e-13
4.1389429e-12
-6.0232031e-13
4.1750177e-12
-5.6941545e-13
4.2082203e-12
-5.358436e-13
4.2386695e-12
-5.0212611e-13
4.2665033e-12
-4.6869713e-13
4.2918719e-12
-4.3591127e-13
4.3149323e-12
-4.040516e-13
4.3358435e-12
-3.7333795e-13
4.3547633e-12
-3.4393485e-13
4.3718458e-12
-3.1595927e-13
4.3872392e-12
-2.8948761e-13
4.401085e-12
-2.645623e-13
4.4135168e-12
-2.4119755e-13
4.4246601e-12
-2.1938461e-13
4.4346319e-12
-1.9909628e-13
4.443541e-12
-1.8029088e-13
4.4514878e-12
-1.6291568e-13
4.458565e-12
-1.4690975e-13
4.4648576e-12
-1.3220643e-13
4.4704434e-12
-1.1873537e-13
4.4753937e-12
-1.0642421e-13
4.4797734e-12
-9.5199944e-14
4.4836413e-12
-8.4990038e-14
4.4870511e-12
-7.572329e-14
4.4900514e-12
-6.7330518e-14
4.4926861e-12
-5.9745065e-14
4.494995e-12
-5.2903178e-14
4.4970139e-12
-4.6744257e-14
4.4987752e-12
-4.1211023e-14
4.5003079e-12
-3.6249596e-14
4.5016381e-12
-3.1809519e-14
4.5027894e-12
-2.7843726e-14
4.5037826e-12
-2.430847e-14
4.5046366e-12
-2.1163228e-14
4.5053682e-12
-1.8370575e-14
4.5059923e-12
-1.5896048e-14
4.5065224e-12
-1.3707993e-14
4.5069704e-12
-1.1777412e-14
4.5073467e-12
-1.0077803e-14
4.5076607e-12
-8.5849985e-15
4.5079208e-12
-7.2770082e-15
4.5081342e-12
-6.1338662e-15
4.5083074e-12
-5.1374801e-15
4.5084461e-12
-4.2714881e-15
4.5085553e-12
-3.5211215e-15
4.5086393e-12
-2.8730756e-15
4.5087021e-12
-2.3153862e-15
4.508747e-12
-1.8373153e-15
4.5087768e-12
-1.4292427e-15
4.5087942e-12
-1.0825658e-15
4.5088012e-12
-7.8960651e-16
4.5087999e-12
-5.4352435e-16
4.5087918e-12
-3.3823707e-16
4.5087783e-12
-1.6834695e-16
4.5087606e-12
-2.9073362e-17
4.5087397e-12
8.3809154e-17
4.5087166e-12
1.7402744e-16
4.5086918e-12
2.4486133e-16
4.508666e-12
2.9919072e-16
4.5086397e-12
3.3953819e-16
4.5086133e-12
3.6810784e-16
4.5085871e-12
3.868203e-16
4.5085614e-12
3.9734442e-16
4.5085364e-12
4.0112588e-16
4.5085123e-12
3.9941292e-16
4.5084891e-12
3.9327943e-16
4.508467e-12
3.8364574e-16
4.508446e-12
3.7129717e-16
4.5084262e-12
3.5690064e-16
4.5084075e-12
3.4101949e-16
4.50839e-12
3.2412671e-16
4.5083737e-12
3.0661661e-16
4.5083584e-12
2.8881531e-16
4.5083443e-12
2.7098987e-16
4.5083311e-12
2.5335654e-16
4.508319e-12
2.3608785e-16
4.5083078e-12
2.19319e-16
4.5082975e-12
2.0315341e-16
4.5082881e-12
1.8766753e-16
4.5082794e-12
1.7291517e-16
4.5082715e-12
1.5893113e-16
4.5082643e-12
1.4573449e-16
4.5082577e-12
1.3333131e-16
4.5082518e-12
1.2171715e-16
4.5082464e-12
1.1087903e-16
4.5082415e-12
1.0079729e-16
4.508237e-12
9.1447069e-17
4.508233e-12
8.2799574e-17
4.5082294e-12
7.4823209e-17
4.5082262e-12
6.7484459e-17
4.5082233e-12
6.0748659e-17
4.5082206e-12
5.4580622e-17
4.5082183e-12
4.8945153e-17
4.5082162e-12
4.3807467e-17
4.5082143e-12
3.9133519e-17
4.5082127e-12
3.4890267e-17
4.5082112e-12
3.1045865e-17
4.5082099e-12
2.7569815e-17
4.5082087e-12
2.4433064e-17
4.5082077e-12
2.1608074e-17
4.5082068e-12
1.9068854e-17
4.508206e-12
1.6790971e-17
4.5082053e-12
1.4751537e-17
4.5082047e-12
1.2929185e-17
4.5082041e-12
1.1304028e-17
4.5082036e-12
9.8576073e-18
4.5082032e-12
8.5728353e-18
4.5082029e-12
7.4339328e-18
4.5082025e-12
6.4263608e-18
4.5082023e-12
5.5367523e-18
4.508202e-12
4.7528411e-18
4.5082018e-12
4.0633922e-18
4.5082016e-12
3.458132e-18
4.5082015e-12
2.9276804e-18
4.5082014e-12
2.4634848e-18
4.5082012e-12
2.0577569e-18
4.5082011e-12
1.7034113e-18
4.5082011e-12
1.3940079e-18
4.508201e-12
1.1236968e-18
4.5082009e-12
8.8716684e-19
4.5082009e-12
6.7959644e-19
4.5082008e-12
4.9660863e-19
4.5082008e-12
3.3422844e-19
4.5082008e-12
1.8884367e-19
4.5082008e-12
5.7168596e-20
4.5082007e-12
-6.3789476e-20
4.5082007e-12
-1.7676084e-19
4.5082007e-12
-2.8424136e-19
4.5082007e-12
-3.8851789e-19
4.5082007e-12
-4.9169122e-19
4.5082007e-12
-5.956967e-19
4.5082007e-12
-7.0232269e-19
4.5082007e-12
-8.1322684e-19
4.5082008e-12
-9.299504e-19
4.5082008e-12
-1.0539306e-18
4.5082008e-12
-1.1865113e-18
4.5082008e-12
-1.3289517e-18
4.5082009e-12
-1.4824337e-18
4.5082009e-12
-1.6480677e-18
4.508201e-12
-1.8268964e-18
4.508201e-12
-2.0198979e-18
4.5082011e-12
-2.2279869e-18
4.5082011e-12
-2.4520151e-18
4.5082012e-12
-2.6927695e-18
4.5082013e-12
-2.9509704e-18
4.5082014e-12
-3.2272681e-18
4.5082015e-12
-3.5222375e-18
4.5082016e-12
-3.8363732e-18
4.5082017e-12
-4.1700818e-18
4.5082018e-12
-4.5236749e-18
4.508202e-12
-4.8973596e-18
4.5082022e-12
-5.2912289e-18
4.5082023e-12
-5.7052509e-18
4.5082025e-12
-6.139257e-18
4.5082028e-12
-6.5929292e-18
4.508203e-12
-7.0657866e-18
4.5082032e-12
-7.5571709e-18
4.5082035e-12
-8.0662311e-18
4.5082038e-12
-8.5919078e-18
4.5082041e-12
-9.1329156e-18
4.5082044e-12
-9.6877263e-18
4.5082048e-12
-1.0254551e-17
4.5082052e-12
-1.083132e-17
4.5082056e-12
-1.1415666e-17
4.508206e-12
-1.2004905e-17
4.5082065e-12
-1.2596014e-17
4.5082069e-12
-1.3185617e-17
4.5082074e-12
-1.3769967e-17
4.508208e-12
-1.4344925e-17
4.5082085e-12
-1.4905954e-17
4.5082091e-12
-1.5448099e-17
4.5082097e-12
-1.5965983e-17
4.5082103e-12
-1.6453804e-17
4.5082109e-12
-1.6905326e-17
4.5082116e-12
-1.731389e-17
4.5082123e-12
-1.7672417e-17
4.508213e-12
-1.7973415e-17
4.5082137e-12
-1.8208961e-17
4.5082144e-12
-1.8370914e-17
4.5082151e-12
-1.8451208e-17
4.5082158e-12
-1.8439744e-17
-1.8308325e-17
3.2835458e-12
-7.5700272e-14
3.3021398e-12
-2.145449e-13
3.3311471e-12
-3.3947072e-13
3.3689347e-12
-4.4948535e-13
3.4138344e-12
-5.440528e-13
3.4642056e-12
-6.2305336e-13
3.5184892e-12
-6.8675652e-13
3.5752512e-12
-7.3577392e-13
3.6332135e-12
-7.7099829e-13
3.6912721e-12
-7.935361e-13
3.7485038e-12
-8.0463989e-13
3.8041632e-12
-8.0564488e-13
3.8576724e-12
-7.9791312e-13
3.9086061e-12
-7.8278692e-13
3.9566727e-12
-7.6155223e-13
4.001695e-12
-7.3541173e-13
4.0435909e-12
-7.0546681e-13
4.0823548e-12
-6.7270706e-13
4.1180406e-12
-6.3800614e-13
4.1507476e-12
-6.021224e-13
4.1806072e-12
-5.6570323e-13
4.207773e-12
-5.2929188e-13
4.2324118e-12
-4.9333593e-13
4.254697e-12
-4.5819656e-13
4.2748037e-12
-4.2415823e-13
4.2929039e-12
-3.9143818e-13
4.3091645e-12
-3.601955e-13
4.323745e-12
-3.3053969e-13
4.3367958e-12
-3.0253844e-13
4.3484582e-12
-2.7622465e-13
4.3588633e-12
-2.5160272e-13
4.3681327e-12
-2.28654e-13
4.3763781e-12
-2.0734164e-13
4.3837018e-12
-1.8761462e-13
4.3901975e-12
-1.6941133e-13
4.3959502e-12
-1.5266247e-13
4.4010373e-12
-1.372936e-13
4.4055291e-12
-1.232271e-13
4.4094888e-12
-1.1038393e-13
4.4129738e-12
-9.8684944e-14
4.4160357e-12
-8.8051961e-14
4.4187211e-12
-7.8408643e-14
4.4210717e-12
-6.9681125e-14
4.4231251e-12
-6.1798494e-14
4.4249151e-12
-5.4693131e-14
4.4264717e-12
-4.8300939e-14
4.4278222e-12
-4.2561473e-14
4.4289906e-12
-3.7417993e-14
4.4299985e-12
-3.2817459e-14
4.4308653e-12
-2.8710477e-14
4.431608e-12
-2.5051206e-14
4.432242e-12
-2.1797234e-14
4.4327809e-12
-1.890944e-14
4.4332367e-12
-1.6351838e-14
4.4336201e-12
-1.4091408e-14
4.4339406e-12
-1.2097926e-14
4.4342066e-12
-1.0343791e-14
4.4344255e-12
-8.8038545e-15
4.4346037e-12
-7.4552499e-15
4.4347471e-12
-6.2772274e-15
4.4348606e-12
-5.2509963e-15
4.4349487e-12
-4.3595728e-15
4.4350152e-12
-3.5876354e-15
4.4350635e-12
-2.9213878e-15
4.4350965e-12
-2.3484305e-15
4.4351169e-12
-1.8576393e-15
4.4351267e-12
-1.4390528e-15
4.4351279e-12
-1.0837674e-15
4.4351221e-12
-7.8383933e-16
4.4351108e-12
-5.3219467e-16
4.4350951e-12
-3.2254611e-16
4.435076e-12
-1.4931632e-16
4.4350545e-12
-7.5675871e-18
4.4350313e-12
1.0706251e-16
4.4350069e-12
1.9841999e-16
4.4349819e-12
2.6988812e-16
4.4349566e-12
3.2443623e-16
4.4349315e-12
3.646641e-16
4.4349068e-12
3.9284211e-16
4.4348826e-12
4.1094769e-16
4.4348593e-12
4.2069808e-16
4.4348368e-12
4.2358007e-16
4.4348154e-12
4.2087656e-16
4.434795e-12
4.1369053e-16
4.4347756e-12
4.0296656e-16
4.4347574e-12
3.8951002e-16
4.4347403e-12
3.7400422e-16
4.4347243e-12
3.5702581e-16
4.4347094e-12
3.3905834e-16
4.4346955e-12
3.2050444e-16
4.4346826e-12
3.0169655e-16
4.4346707e-12
2.8290646e-16
4.4346597e-12
2.6435369e-16
4.4346496e-12
2.4621292e-16
4.4346403e-12
2.2862053e-16
4.4346317e-12
2.116803e-16
4.4346239e-12
1.9546843e-16
4.4346168e-12
1.8003791e-16
4.4346103e-12
1.6542237e-16
4.4346044e-12
1.5163935e-16
4.4345991e-12
1.3869317e-16
4.4345942e-12
1.2657743e-16
4.4345898e-12
1.1527714e-16
4.4345858e-12
1.0477048e-16
4.4345822e-12
9.5030456e-17
4.434579e-12
8.6026123e-17
4.4345761e-12
7.7723753e-17
4.4345735e-12
7.0087749e-17
4.4345712e-12
6.3081423e-17
4.4345691e-12
5.6667639e-17
4.4345672e-12
5.0809335e-17
4.4345656e-12
4.5469948e-17
4.4345641e-12
4.0613745e-17
4.4345628e-12
3.6206093e-17
4.4345616e-12
3.2213649e-17
4.4345606e-12
2.8604512e-17
4.4345597e-12
2.5348321e-17
4.4345588e-12
2.2416319e-17
4.4345581e-12
1.9781383e-17
4.4345575e-12
1.7418033e-17
4.434557e-12
1.5302415e-17
4.4345565e-12
1.3412272e-17
4.4345561e-12
1.1726896e-17
4.4345557e-12
1.0227079e-17
4.4345554e-12
8.8950465e-18
4.4345551e-12
7.7143907e-18
4.4345548e-12
6.6700006e-18
4.4345546e-12
5.7479879e-18
4.4345544e-12
4.9356128e-18
4.4345543e-12
4.2212104e-18
4.4345541e-12
3.5941176e-18
4.434554e-12
3.0446018e-18
4.4345539e-12
2.5637918e-18
4.4345538e-12
2.1436114e-18
4.4345538e-12
1.7767156e-18
4.4345537e-12
1.4564303e-18
4.4345537e-12
1.1766948e-18
4.4345536e-12
9.3200765e-19
4.4345536e-12
7.1737637e-19
4.4345535e-12
5.282697e-19
4.4345535e-12
3.6057364e-19
4.4345535e-12
2.1055053e-19
4.4345535e-12
7.4801266e-20
4.4345535e-12
-4.9769497e-20
4.4345535e-12
-1.6598518e-19
4.4345534e-12
-2.7642637e-19
4.4345534e-12
-3.8345728e-19
4.4345534e-12
-4.8924954e-19
4.4345534e-12
-5.9580372e-19
4.4345534e-12
-7.0496843e-19
4.4345534e-12
-8.1845726e-19
4.4345535e-12
-9.378637e-19
4.4345535e-12
-1.064674e-18
4.4345535e-12
-1.2002781e-18
4.4345535e-12
-1.345979e-18
4.4345535e-12
-1.5030004e-18
4.4345535e-12
-1.6724922e-18
4.4345536e-12
-1.8555353e-18
4.4345536e-12
-2.0531442e-18
4.4345536e-12
-2.266269e-18
4.4345537e-12
-2.4957947e-18
4.4345537e-12
-2.742541e-18
4.4345538e-12
-3.0072593e-18
4.4345539e-12
-3.2906293e-18
4.4345539e-12
-3.593254e-18
4.434554e-12
-3.9156544e-18
4.4345541e-12
-4.2582617e-18
4.4345542e-12
-4.6214099e-18
4.4345543e-12
-5.0053264e-18
4.4345544e-12
-5.4101219e-18
4.4345545e-12
-5.8357791e-18
4.4345547e-12
-6.2821409e-18
4.4345548e-12
-6.7488972e-18
4.434555e-12
-7.2355707e-18
4.4345552e-12
-7.7415022e-18
4.4345554e-12
-8.2658346e-18
4.4345556e-12
-8.8074961e-18
4.4345558e-12
-9.3651829e-18
4.4345561e-12
-9.9373405e-18
4.4345564e-12
-1.0522145e-17
4.4345566e-12
-1.1117483e-17
4.434557e-12
-1.1720931e-17
4.4345573e-12
-1.2329738e-17
4.4345576e-12
-1.2940801e-17
4.434558e-12
-1.3550646e-17
4.4345584e-12
-1.415541e-17
4.4345588e-12
-1.4750822e-17
4.4345592e-12
-1.5332189e-17
4.4345597e-12
-1.5894376e-17
4.4345601e-12
-1.6431805e-17
4.4345606e-12
-1.693844e-17
4.4345611e-12
-1.7407789e-17
4.4345616e-12
-1.7832911e-17
4.4345622e-12
-1.820642e-17
4.4345627e-12
-1.8520495e-17
4.4345633e-12
-1.8766861e-17
4.4345638e-12
-1.893705e-17
4.4345644e-12
-1.9022753e-17
4.434565e-12
-1.9013161e-17
-1.8880228e-17
3.2838031e-12
-8.2610582e-14
3.3030349e-12
-2.337767e-13
3.3329067e-12
-3.6934253e-13
3.3716237e-12
-4.8820238e-13
3.4173622e-12
-5.8979122e-13
3.4683425e-12
-6.7403375e-13
3.5228926e-12
-7.4130656e-13
3.5794954e-12
-7.9237677e-13
3.6368221e-12
-8.2832491e-13
3.693748e-12
-8.5046204e-13
3.7493566e-12
-8.6024848e-13
3.8029313e-12
-8.5921957e-13
3.85394e-12
-8.4892181e-13
3.9020143e-12
-8.308613e-13
3.9469266e-12
-8.0646452e-13
3.9885659e-12
-7.7705097e-13
4.026915e-12
-7.4381594e-13
4.0620299e-12
-7.07822e-13
4.094021e-12
-6.6999725e-13
4.1230373e-12
-6.311387e-13
4.1492534e-12
-5.9191927e-13
4.1728586e-12
-5.5289713e-13
4.1940492e-12
-5.1452649e-13
4.2130215e-12
-4.7716882e-13
4.2299674e-12
-4.411042e-13
4.2450714e-12
-4.0654216e-13
4.2585078e-12
-3.7363193e-13
4.2704399e-12
-3.4247179e-13
4.281019e-12
-3.1311755e-13
4.2903844e-12
-2.8559004e-13
4.2986635e-12
-2.5988177e-13
4.3059721e-12
-2.3596263e-13
4.3124153e-12
-2.1378487e-13
4.318088e-12
-1.9328731e-13
4.3230756e-12
-1.7439887e-13
4.3274547e-12
-1.5704156e-13
4.331294e-12
-1.4113298e-13
4.3346552e-12
-1.2658827e-13
4.3375931e-12
-1.1332184e-13
4.3401568e-12
-1.0124862e-13
4.3423899e-12
-9.0285099e-14
4.3443314e-12
-8.0350152e-14
4.3460159e-12
-7.1365616e-14
4.3474742e-12
-6.325673e-14
4.3487335e-12
-5.5952435e-14
4.3498181e-12
-4.938556e-14
4.3507495e-12
-4.3492912e-14
4.3515468e-12
-3.8215302e-14
4.3522269e-12
-3.3497506e-14
4.3528046e-12
-2.9288182e-14
4.3532931e-12
-2.5539754e-14
4.3537042e-12
-2.2208266e-14
4.354048e-12
-1.9253224e-14
4.3543335e-12
-1.6637419e-14
4.3545689e-12
-1.4326743e-14
4.354761e-12
-1.2290007e-14
4.3549159e-12
-1.0498755e-14
4.3550391e-12
-8.9270766e-15
4.3551353e-12
-7.5514314e-15
4.3552086e-12
-6.3504728e-15
4.3552625e-12
-5.304882e-15
4.3553001e-12
-4.3972085e-15
4.3553242e-12
-3.6117185e-15
4.355337e-12
-2.9342524e-15
4.3553407e-12
-2.3520905e-15
4.3553369e-12
-1.8538273e-15
4.3553271e-12
-1.4292543e-15
4.3553126e-12
-1.0692513e-15
4.3552944e-12
-7.6568491e-16
4.3552735e-12
-5.1131588e-16
4.3552507e-12
-2.9971269e-16
4.3552266e-12
-1.2517262e-16
4.3552017e-12
1.7350723e-17
4.3551764e-12
1.3231378e-16
4.3551512e-12
2.2364365e-16
4.3551263e-12
2.9479327e-16
4.3551019e-12
3.4879165e-16
4.3550783e-12
3.8828946e-16
4.3550555e-12
4.1560031e-16
4.3550337e-12
4.3273814e-16
4.355013e-12
4.4145089e-16
4.3549933e-12
4.4325094e-16
4.3549748e-12
4.394424e-16
4.3549573e-12
4.3114567e-16
4.3549409e-12
4.1931946e-16
4.3549257e-12
4.0478044e-16
4.3549115e-12
3.8822087e-16
4.3548983e-12
3.7022424e-16
4.354886e-12
3.5127925e-16
4.3548747e-12
3.317922e-16
4.3548643e-12
3.1209799e-16
4.3548548e-12
2.9246981e-16
4.354846e-12
2.7312779e-16
4.354838e-12
2.5424651e-16
4.3548306e-12
2.3596169e-16
4.3548239e-12
2.1837602e-16
4.3548178e-12
2.0156427e-16
4.3548123e-12
1.8557774e-16
4.3548073e-12
1.7044817e-16
4.3548027e-12
1.5619107e-16
4.3547986e-12
1.4280868e-16
4.3547949e-12
1.3029245e-16
4.3547915e-12
1.1862522e-16
4.3547885e-12
1.0778307e-16
4.3547858e-12
9.7736888e-17
4.3547834e-12
8.8453696e-17
4.3547812e-12
7.9897799e-17
4.3547793e-12
7.2031711e-17
4.3547775e-12
6.4816943e-17
4.354776e-12
5.8214647e-17
4.3547746e-12
5.2186145e-17
4.3547734e-12
4.6693352e-17
4.3547723e-12
4.1699107e-17
4.3547714e-12
3.7167443e-17
4.3547705e-12
3.3063775e-17
4.3547698e-12
2.9355047e-17
4.3547691e-12
2.6009828e-17
4.3547685e-12
2.2998372e-17
4.354768e-12
2.0292648e-17
4.3547675e-12
1.7866335e-17
4.3547672e-12
1.5694812e-17
4.3547668e-12
1.3755117e-17
4.3547665e-12
1.20259e-17
4.3547663e-12
1.0487367e-17
4.354766e-12
9.121207e-18
4.3547658e-12
7.9105289e-18
4.3547657e-12
6.8397805e-18
4.3547655e-12
5.8946747e-18
4.3547654e-12
5.0621111e-18
4.3547653e-12
4.3300988e-18
4.3547652e-12
3.687681e-18
4.3547651e-12
3.1248603e-18
4.354765e-12
2.6325275e-18
4.354765e-12
2.2023922e-18
4.3547649e-12
1.8269174e-18
4.3547649e-12
1.4992565e-18
4.3547649e-12
1.213194e-18
4.3547648e-12
9.6308987e-19
4.3547648e-12
7.4382716e-19
4.3547648e-12
5.5076305e-19
4.3547648e-12
3.7968341e-19
4.3547647e-12
2.2676058e-19
4.3547647e-12
8.8514437e-20
4.3547647e-12
-3.822339e-20
4.3547647e-12
-1.5634239e-19
4.3547647e-12
-2.6848309e-19
4.3547647e-12
-3.7706426e-19
4.3547647e-12
-4.8430747e-19
4.3547647e-12
-5.9225915e-19
4.3547647e-12
-7.0281033e-19
4.3547647e-12
-8.1771404e-19
4.3547647e-12
-9.3860063e-19
4.3547647e-12
-1.066991e-18
4.3547647e-12
-1.2043081e-18
4.3547647e-12
-1.3518863e-18
4.3547647e-12
-1.5109789e-18
4.3547647e-12
-1.6827651e-18
4.3547647e-12
-1.8683535e-18
4.3547647e-12
-2.0687858e-18
4.3547648e-12
-2.2850382e-18
4.3547648e-12
-2.5180216e-18
4.3547648e-12
-2.7685805e-18
4.3547648e-12
-3.0374907e-18
4.3547649e-12
-3.3254554e-18
4.3547649e-12
-3.6331007e-18
4.354765e-12
-3.9609693e-18
4.354765e-12
-4.3095139e-18
4.3547651e-12
-4.6790883e-18
4.3547651e-12
-5.0699388e-18
4.3547652e-12
-5.4821935e-18
4.3547653e-12
-5.915851e-18
4.3547654e-12
-6.3707683e-18
4.3547655e-12
-6.8466469e-18
4.3547656e-12
-7.3430191e-18
4.3547657e-12
-7.8592322e-18
4.3547658e-12
-8.3944325e-18
4.354766e-12
-8.9475477e-18
4.3547661e-12
-9.5172691e-18
4.3547663e-12
-1.0102033e-17
4.3547664e-12
-1.0699998e-17
4.3547666e-12
-1.130903e-17
4.3547668e-12
-1.1926676e-17
4.3547671e-12
-1.2550142e-17
4.3547673e-12
-1.3176275e-17
4.3547676e-12
-1.3801539e-17
4.3547678e-12
-1.4421993e-17
4.3547681e-12
-1.5033271e-17
4.3547684e-12
-1.5630564e-17
4.3547687e-12
-1.6208606e-17
4.354769e-12
-1.6761658e-17
4.3547694e-12
-1.7283503e-17
4.3547697e-12
-1.776744e-17
4.3547701e-12
-1.8206292e-17
4.3547705e-12
-1.8592416e-17
4.3547709e-12
-1.8917715e-17
4.3547713e-12
-1.9173634e-17
4.3547717e-12
-1.93514e-17
4.3547721e-12
-1.9442335e-17
4.3547726e-12
-1.943568e-17
-1.9302831e-17
3.2840994e-12
-8.9817218e-14
3.3040608e-12
-2.5373805e-13
3.3349127e-12
-4.0019442e-13
3.3746692e-12
-5.2795886e-13
3.4213243e-12
-6.3644635e-13
3.4729393e-12
-7.2564875e-13
3.527715e-12
-7.9608231e-13
3.5840456e-12
-8.4870732e-13
3.6405514e-12
-8.8483068e-13
3.6960934e-12
-9.0600402e-13
3.7497713e-12
-9.1392644e-13
3.8009097e-12
-9.1035791e-13
3.849035e-12
-8.9704718e-13
3.8938491e-12
-8.7567534e-13
3.9351995e-12
-8.4781498e-13
3.9730517e-12
-8.1490312e-13
4.0074619e-12
-7.7822614e-13
4.038554e-12
-7.3891413e-13
4.0664993e-12
-6.9794255e-13
4.0914997e-12
-6.5613907e-13
4.1137743e-12
-6.1419385e-13
4.133549e-12
-5.726719e-13
4.1510489e-12
-5.3202639e-13
4.1664922e-12
-4.926121e-13
4.1800865e-12
-4.5469853e-13
4.1920265e-12
-4.1848214e-13
4.2024923e-12
-3.840977e-13
4.2116489e-12
-3.5162844e-13
4.2196465e-12
-3.2111515e-13
4.2266206e-12
-2.9256411e-13
4.2326928e-12
-2.6595399e-13
4.2379719e-12
-2.4124176e-13
4.2425548e-12
-2.1836772e-13
4.2465273e-12
-1.972598e-13
4.2499654e-12
-1.7783701e-13
4.2529363e-12
-1.6001249e-13
4.2554992e-12
-1.4369583e-13
4.257706e-12
-1.2879511e-13
4.2596026e-12
-1.1521839e-13
4.261229e-12
-1.02875e-13
4.2626204e-12
-9.1676511e-14
4.2638076e-12
-8.1537422e-14
4.2648178e-12
-7.2375732e-14
4.2656743e-12
-6.4113304e-14
4.266398e-12
-5.667611e-14
4.2670068e-12
-4.9994371e-14
4.2675165e-12
-4.4002608e-14
4.2679408e-12
-3.8639627e-14
4.2682918e-12
-3.3848442e-14
4.2685798e-12
-2.957617e-14
4.2688139e-12
-2.5773884e-14
4.2690021e-12
-2.2396444e-14
4.2691512e-12
-1.9402318e-14
4.2692671e-12
-1.6753388e-14
4.2693551e-12
-1.4414751e-14
4.2694197e-12
-1.2354524e-14
4.2694645e-12
-1.054364e-14
4.2694931e-12
-8.9556567e-15
4.2695083e-12
-7.5665693e-15
4.2695124e-12
-6.3546253e-15
4.2695077e-12
-5.3001516e-15
4.2694959e-12
-4.3853892e-15
4.2694785e-12
-3.5943359e-15
4.2694568e-12
-2.9125987e-15
4.269432e-12
-2.3272553e-15
4.2694049e-12
-1.8267249e-15
4.2693763e-12
-1.4006471e-15
4.2693468e-12
-1.0397708e-15
4.269317e-12
-7.3584994e-16
4.2692872e-12
-4.8154846e-16
4.2692578e-12
-2.7035198e-16
4.2692292e-12
-9.6487104e-17
4.2692014e-12
4.5152632e-17
4.2691746e-12
1.5907452e-16
4.269149e-12
2.4924848e-16
4.2691246e-12
3.1916329e-16
4.2691015e-12
3.7187781e-16
4.2690798e-12
4.1006733e-16
4.2690593e-12
4.3606563e-16
4.2690401e-12
4.5190294e-16
4.2690222e-12
4.5934023e-16
4.2690056e-12
4.5990006e-16
4.2689901e-12
4.5489438e-16
4.2689758e-12
4.4544939e-16
4.2689626e-12
4.325279e-16
4.2689505e-12
4.169493e-16
4.2689393e-12
3.9940735e-16
4.268929e-12
3.804861e-16
4.2689196e-12
3.6067403e-16
4.268911e-12
3.4037656e-16
4.2689032e-12
3.1992723e-16
4.2688961e-12
2.9959749e-16
4.2688896e-12
2.7960541e-16
4.2688837e-12
2.6012331e-16
4.2688784e-12
2.4128452e-16
4.2688736e-12
2.2318923e-16
4.2688692e-12
2.0590966e-16
4.2688653e-12
1.8949459e-16
4.2688618e-12
1.7397322e-16
4.2688586e-12
1.5935862e-16
4.2688558e-12
1.4565063e-16
4.2688532e-12
1.3283837e-16
4.268851e-12
1.209025e-16
4.2688489e-12
1.0981695e-16
4.2688471e-12
9.9550628e-17
4.2688455e-12
9.0068662e-17
4.2688441e-12
8.1333573e-17
4.2688428e-12
7.3306209e-17
4.2688417e-12
6.5946521e-17
4.2688407e-12
5.9214212e-17
4.2688398e-12
5.3069254e-17
4.268839e-12
4.7472314e-17
4.2688383e-12
4.2385081e-17
4.2688377e-12
3.7770524e-17
4.2688372e-12
3.3593081e-17
4.2688367e-12
2.9818802e-17
4.2688363e-12
2.6415436e-17
4.268836e-12
2.3352489e-17
4.2688356e-12
2.0601245e-17
4.2688354e-12
1.8134764e-17
4.2688351e-12
1.5927861e-17
4.2688349e-12
1.3957063e-17
4.2688348e-12
1.2200557e-17
4.2688346e-12
1.063813e-17
4.2688345e-12
9.2510949e-18
4.2688344e-12
8.022221e-18
4.2688343e-12
6.9356511e-18
4.2688342e-12
5.9768241e-18
4.2688341e-12
5.132394e-18
4.2688341e-12
4.3901504e-18
4.268834e-12
3.7389401e-18
4.268834e-12
3.1685904e-18
4.2688339e-12
2.669836e-18
4.2688339e-12
2.2342474e-18
4.2688339e-12
1.8541639e-18
4.2688339e-12
1.5226287e-18
4.2688338e-12
1.2333287e-18
4.2688338e-12
9.8053714e-19
4.2688338e-12
7.5906001e-19
4.2688338e-12
5.6418602e-19
4.2688338e-12
3.9164016e-19
4.2688338e-12
2.3754061e-19
4.2688338e-12
9.8358937e-20
4.2688337e-12
-2.9116458e-20
4.2688337e-12
-1.4781383e-19
4.2688337e-12
-2.6040864e-19
4.2688337e-12
-3.6935128e-19
4.2688337e-12
-4.7689217e-19
4.2688337e-12
-5.8510417e-19
4.2688337e-12
-6.9590275e-19
4.2688337e-12
-8.1106372e-19
4.2688337e-12
-9.3223886e-19
4.2688337e-12
-1.0609694e-18
4.2688337e-12
-1.1986977e-18
4.2688337e-12
-1.3467768e-18
4.2688337e-12
-1.5064786e-18
4.2688337e-12
-1.6789997e-18
4.2688337e-12
-1.8654667e-18
4.2688337e-12
-2.0669386e-18
4.2688337e-12
-2.2844092e-18
4.2688337e-12
-2.5188065e-18
4.2688337e-12
-2.7709926e-18
4.2688337e-12
-3.0417606e-18
4.2688337e-12
-3.3318312e-18
4.2688337e-12
-3.641848e-18
4.2688337e-12
-3.9723712e-18
4.2688337e-12
-4.3238709e-18
4.2688337e-12
-4.6967184e-18
4.2688337e-12
-5.0911772e-18
4.2688338e-12
-5.5073924e-18
4.2688338e-12
-5.9453794e-18
4.2688338e-12
-6.4050113e-18
4.2688339e-12
-6.8860054e-18
4.2688339e-12
-7.3879089e-18
4.268834e-12
-7.9100829e-18
4.268834e-12
-8.4516865e-18
4.2688341e-12
-9.0116584e-18
4.2688342e-12
-9.5886992e-18
4.2688342e-12
-1.0181251e-17
4.2688343e-12
-1.0787478e-17
4.2688344e-12
-1.1405243e-17
4.2688345e-12
-1.2032087e-17
4.2688346e-12
-1.2665208e-17
4.2688348e-12
-1.330143e-17
4.2688349e-12
-1.3937191e-17
4.268835e-12
-1.4568507e-17
4.2688352e-12
-1.5190961e-17
4.2688354e-12
-1.5799674e-17
4.2688356e-12
-1.6389289e-17
4.2688357e-12
-1.695396e-17
4.2688359e-12
-1.7487334e-17
4.2688362e-12
-1.7982554e-17
4.2688364e-12
-1.8432259e-17
4.2688366e-12
-1.8828602e-17
4.2688369e-12
-1.9163256e-17
4.2688371e-12
-1.9427417e-17
4.2688374e-12
-1.961209e-17
4.2688377e-12
-1.9708445e-17
4.2688379e-12
-1.9705167e-17
-1.9574491e-17
3.2844411e-12
-9.7365549e-14
3.3052373e-12
-2.7453422e-13
3.3371992e-12
-4.3215627e-13
3.3781143e-12
-5.6887398e-13
3.4257637e-12
-6.8409579e-13
3.4780261e-12
-7.7791113e-13
3.5329613e-12
-8.5101752e-13
3.5888692e-12
-9.0461524e-13
3.6443227e-12
-9.402842e-13
3.6981775e-12
-9.5985881e-13
3.749563e-12
-9.6531196e-13
3.7978601e-12
-9.5865495e-13
3.8426698e-12
-9.4185689e-13
3.8837787e-12
-9.1678426e-13
3.9211232e-12
-8.8515943e-13
3.9547556e-12
-8.4853553e-13
3.9848142e-12
-8.0828473e-13
4.0114969e-12
-7.6559686e-13
4.0350399e-12
-7.2148553e-13
4.0557001e-12
-6.7679925e-13
4.0737419e-12
-6.3223567e-13
4.0894274e-12
-5.8835737e-13
4.103009e-12
-5.4560799e-13
4.114725e-12
-5.0432808e-13
4.1247964e-12
-4.6476996e-13
4.1334257e-12
-4.2711144e-13
4.1407962e-12
-3.9146817e-13
4.1470723e-12
-3.5790456e-13
4.1524005e-12
-3.2644338e-13
4.1569104e-12
-2.97074e-13
4.1607159e-12
-2.6975949e-13
4.1639168e-12
-2.4444261e-13
4.1665999e-12
-2.2105089e-13
4.1688409e-12
-1.9950078e-13
4.1707051e-12
-1.797012e-13
4.172249e-12
-1.6155632e-13
4.173521e-12
-1.4496791e-13
4.1745631e-12
-1.2983719e-13
4.175411e-12
-1.1606628e-13
4.1760954e-12
-1.0355935e-13
4.1766424e-12
-9.22235e-14
4.1770743e-12
-8.1969377e-14
4.1774102e-12
-7.2711669e-14
4.1776663e-12
-6.4369388e-14
4.1778563e-12
-5.6866063e-14
4.1779917e-12
-5.012982e-14
4.1780825e-12
-4.4093389e-14
4.1781369e-12
-3.8694043e-14
4.178162e-12
-3.3873489e-14
4.1781635e-12
-2.9577728e-14
4.1781465e-12
-2.5756882e-14
4.1781151e-12
-2.2365001e-14
4.1780726e-12
-1.9359867e-14
4.178022e-12
-1.6702775e-14
4.1779656e-12
-1.4358328e-14
4.1779053e-12
-1.2294221e-14
4.1778427e-12
-1.0481034e-14
4.1777791e-12
-8.8920233e-15
4.1777154e-12
-7.5029315e-15
4.1776526e-12
-6.2917937e-15
4.1775912e-12
-5.2387589e-15
4.1775317e-12
-4.3259193e-15
4.1774745e-12
-3.5371488e-15
4.1774199e-12
-2.8579518e-15
4.177368e-12
-2.2753214e-15
4.1773188e-12
-1.7776075e-15
4.1772726e-12
-1.3543935e-15
4.1772292e-12
-9.9638283e-16
4.1771886e-12
-6.9529339e-16
4.1771509e-12
-4.4376074e-16
4.1771158e-12
-2.3524871e-16
4.1770832e-12
-6.3967589e-17
4.1770532e-12
7.5200897e-17
4.1770255e-12
1.8677207e-16
4.177e-12
2.7472079e-16
4.1769766e-12
3.4253824e-16
4.1769552e-12
3.9328364e-16
4.1769357e-12
4.29631e-16
4.1769178e-12
4.5391151e-16
4.1769016e-12
4.6815183e-16
4.1768868e-12
4.7410857e-16
4.1768734e-12
4.7329941e-16
4.1768613e-12
4.6703098e-16
4.1768503e-12
4.5642396e-16
4.1768404e-12
4.4243549e-16
4.1768315e-12
4.2587924e-16
4.1768234e-12
4.0744332e-16
4.1768162e-12
3.8770621e-16
4.1768097e-12
3.6715096e-16
4.1768039e-12
3.4617778e-16
4.1767987e-12
3.2511515e-16
4.1767941e-12
3.0422974e-16
4.17679e-12
2.8373506e-16
4.1767863e-12
2.6379913e-16
4.176783e-12
2.4455122e-16
4.1767801e-12
2.2608772e-16
4.1767776e-12
2.084773e-16
4.1767753e-12
1.9176544e-16
4.1767733e-12
1.7597825e-16
4.1767715e-12
1.6112595e-16
4.17677e-12
1.4720575e-16
4.1767686e-12
1.3420436e-16
4.1767674e-12
1.2210018e-16
4.1767664e-12
1.1086512e-16
4.1767654e-12
1.0046618e-16
4.1767646e-12
9.0866808e-17
4.1767639e-12
8.2027945e-17
4.1767633e-12
7.3909019e-17
4.1767628e-12
6.646869e-17
4.1767624e-12
5.9665489e-17
4.176762e-12
5.3458329e-17
4.1767616e-12
4.7806918e-17
4.1767614e-12
4.267208e-17
4.1767611e-12
3.8016007e-17
4.1767609e-12
3.3802439e-17
4.1767607e-12
2.9996798e-17
4.1767606e-12
2.6566272e-17
4.1767604e-12
2.3479864e-17
4.1767603e-12
2.0708411e-17
4.1767603e-12
1.8224574e-17
4.1767602e-12
1.6002813e-17
4.1767601e-12
1.4019339e-17
4.1767601e-12
1.2252062e-17
4.17676e-12
1.0680521e-17
4.17676e-12
9.2858136e-18
4.17676e-12
8.0505153e-18
4.1767599e-12
6.9586015e-18
4.1767599e-12
5.9953635e-18
4.1767599e-12
5.1473264e-18
4.1767599e-12
4.4021671e-18
4.1767599e-12
3.7486341e-18
4.1767599e-12
3.1764697e-18
4.1767599e-12
2.6763347e-18
4.1767599e-12
2.2397357e-18
4.1767599e-12
1.8589569e-18
4.1767599e-12
1.5269943e-18
4.1767598e-12
1.237494e-18
4.1767598e-12
9.8469458e-19
4.1767598e-12
7.6337213e-19
4.1767598e-12
5.6879002e-19
4.1767598e-12
3.9665163e-19
4.1767598e-12
2.4305667e-19
4.1767598e-12
1.0446094e-19
4.1767598e-12
-2.2360623e-20
4.1767598e-12
-1.4034789e-19
4.1767598e-12
-2.5218638e-19
4.1767598e-12
-3.6033532e-19
4.1767598e-12
-4.6705296e-19
4.1767598e-12
-5.744193e-19
4.1767598e-12
-6.8435638e-19
4.1767597e-12
-7.9864625e-19
4.1767597e-12
-9.1894671e-19
4.1767597e-12
-1.046805e-18
4.1767597e-12
-1.1836696e-18
4.1767597e-12
-1.3308998e-18
4.1767597e-12
-1.4897739e-18
4.1767596e-12
-1.6614956e-18
4.1767596e-12
-1.8471988e-18
4.1767596e-12
-2.0479503e-18
4.1767596e-12
-2.2647524e-18
4.1767596e-12
-2.4985422e-18
4.1767595e-12
-2.7501914e-18
4.1767595e-12
-3.0205036e-18
4.1767595e-12
-3.3102107e-18
4.1767595e-12
-3.6199682e-18
4.1767595e-12
-3.9503492e-18
4.1767594e-12
-4.3018374e-18
4.1767594e-12
-4.6748186e-18
4.1767594e-12
-5.0695717e-18
4.1767594e-12
-5.4862582e-18
4.1767594e-12
-5.9249107e-18
4.1767593e-12
-6.3854206e-18
4.1767593e-12
-6.8675244e-18
4.1767593e-12
-7.3707892e-18
4.1767593e-12
-7.8945974e-18
4.1767593e-12
-8.4381293e-18
4.1767593e-12
-9.0003463e-18
4.1767592e-12
-9.5799715e-18
4.1767592e-12
-1.017547e-17
4.1767592e-12
-1.0785028e-17
4.1767592e-12
-1.1406529e-17
4.1767592e-12
-1.2037536e-17
4.1767593e-12
-1.2675261e-17
4.1767593e-12
-1.3316543e-17
4.1767593e-12
-1.3957823e-17
4.1767593e-12
-1.4595121e-17
4.1767594e-12
-1.5224004e-17
4.1767594e-12
-1.5839571e-17
4.1767594e-12
-1.6436424e-17
4.1767595e-12
-1.7008658e-17
4.1767596e-12
-1.7549838e-17
4.1767596e-12
-1.8053003e-17
4.1767597e-12
-1.8510661e-17
4.1767598e-12
-1.8914808e-17
4.1767599e-12
-1.9256944e-17
4.17676e-12
-1.9528086e-17
4.1767601e-12
-1.9719034e-17
4.1767602e-12
-1.9820676e-17
4.1767603e-12
-1.9821876e-17
-1.9695004e-17
3.284836e-12
-1.0530878e-13
3.3065885e-12
-2.9628673e-13
3.339807e-12
-4.6537471e-13
3.3820096e-12
-6.1107663e-13
3.4307283e-12
-7.3281441e-13
3.4836327e-12
-8.308156e-13
3.5386276e-12
-9.0601238e-13
3.5939156e-12
-9.5990329e-13
3.6480288e-12
-9.9439736e-13
3.6998309e-12
-1.0116609e-12
3.7484988e-12
-1.0139798e-12
3.7934888e-12
-1.003645e-12
3.8344957e-12
-9.8286372e-13
3.8714077e-12
-9.5369632e-13
3.9042643e-12
-9.1801604e-13
3.9332164e-12
-8.7748759e-13
3.9584923e-12
-8.3356066e-13
3.9803697e-12
-7.8747422e-13
3.9991525e-12
-7.4026835e-13
4.0151539e-12
-6.9280062e-13
4.0286831e-12
-6.4576488e-13
4.0400365e-12
-5.9971084e-13
4.0494919e-12
-5.5506336e-13
4.0573045e-12
-5.1214068e-13
4.0637057e-12
-4.7117116e-13
4.0689025e-12
-4.3230829e-13
4.0730784e-12
-3.9564402e-13
4.0763941e-12
-3.6122032e-13
4.0789899e-12
-3.2903912e-13
4.0809867e-12
-2.9907078e-13
4.0824885e-12
-2.7126128e-13
4.083584e-12
-2.4553816e-13
4.0843486e-12
-2.2181553e-13
4.084846e-12
-1.9999814e-13
4.0851295e-12
-1.7998471e-13
4.0852438e-12
-1.6167063e-13
4.0852261e-12
-1.4495015e-13
4.0851069e-12
-1.2971805e-13
4.0849116e-12
-1.15871e-13
4.0846608e-12
-1.0330855e-13
4.0843712e-12
-9.1933917e-14
4.0840564e-12
-8.1654493e-14
4.0837269e-12
-7.2382242e-14
4.0833915e-12
-6.4033918e-14
4.0830566e-12
-5.6531179e-14
4.0827274e-12
-4.9800608e-14
4.0824077e-12
-4.3773673e-14
4.0821002e-12
-3.8386615e-14
4.081807e-12
-3.3580309e-14
4.0815294e-12
-2.9300084e-14
4.081268e-12
-2.5495525e-14
4.0810233e-12
-2.2120261e-14
4.0807952e-12
-1.913174e-14
4.0805834e-12
-1.6491006e-14
4.0803876e-12
-1.4162471e-14
4.080207e-12
-1.2113687e-14
4.0800411e-12
-1.0315134e-14
4.0798891e-12
-8.7400049e-15
4.0797502e-12
-7.3640009e-15
4.0796235e-12
-6.1651387e-15
4.0795083e-12
-5.123565e-15
4.0794038e-12
-4.2213824e-15
4.0793091e-12
-3.4424851e-15
4.0792236e-12
-2.7724047e-15
4.0791464e-12
-2.1981666e-15
4.079077e-12
-1.7081565e-15
4.0790146e-12
-1.2919958e-15
4.0789586e-12
-9.4042689e-16
4.0789085e-12
-6.4520719e-16
4.0788638e-12
-3.9901118e-16
4.0788239e-12
-1.953409e-16
4.0787883e-12
-2.8443583e-17
4.0787568e-12
1.0676354e-16
4.0787288e-12
2.1476195e-16
4.078704e-12
2.9949443e-16
4.0786821e-12
3.6442197e-16
4.0786628e-12
4.1257542e-16
4.0786459e-12
4.4660229e-16
4.078631e-12
4.6880915e-16
4.0786179e-12
4.8119976e-16
4.0786065e-12
4.855096e-16
4.0785966e-12
4.8323683e-16
4.078588e-12
4.7567016e-16
4.0785805e-12
4.639138e-16
4.078574e-12
4.4890985e-16
4.0785684e-12
4.314582e-16
4.0785636e-12
4.1223444e-16
4.0785595e-12
3.9180565e-16
4.078556e-12
3.7064452e-16
4.0785531e-12
3.4914187e-16
4.0785506e-12
3.2761774e-16
4.0785485e-12
3.0633112e-16
4.0785467e-12
2.8548864e-16
4.0785452e-12
2.6525211e-16
4.0785441e-12
2.4574523e-16
4.0785431e-12
2.2705942e-16
4.0785423e-12
2.0925887e-16
4.0785417e-12
1.9238507e-16
4.0785412e-12
1.7646061e-16
4.0785408e-12
1.6149252e-16
4.0785406e-12
1.4747522e-16
4.0785404e-12
1.3439293e-16
4.0785403e-12
1.2222185e-16
4.0785402e-12
1.1093195e-16
4.0785402e-12
1.0048854e-16
4.0785402e-12
9.0853539e-17
4.0785402e-12
8.1986589e-17
4.0785403e-12
7.3845963e-17
4.0785404e-12
6.6389319e-17
4.0785405e-12
5.9574313e-17
4.0785406e-12
5.3359104e-17
4.0785407e-12
4.7702743e-17
4.0785408e-12
4.2565494e-17
4.0785409e-12
3.7909063e-17
4.078541e-12
3.3696778e-17
4.0785411e-12
2.9893708e-17
4.0785412e-12
2.6466744e-17
4.0785413e-12
2.3384639e-17
4.0785414e-12
2.061802e-17
4.0785414e-12
1.8139374e-17
4.0785415e-12
1.5923019e-17
4.0785416e-12
1.3945048e-17
4.0785417e-12
1.2183279e-17
4.0785417e-12
1.0617175e-17
4.0785418e-12
9.2277782e-18
4.0785418e-12
7.9976202e-18
4.0785419e-12
6.9106452e-18
4.0785419e-12
5.9521235e-18
4.078542e-12
5.1085671e-18
4.078542e-12
4.367647e-18
4.078542e-12
3.7181118e-18
4.0785421e-12
3.1497078e-18
4.0785421e-12
2.6531037e-18
4.0785421e-12
2.2198172e-18
4.0785421e-12
1.8421454e-18
4.0785421e-12
1.5130989e-18
4.0785422e-12
1.2263398e-18
4.0785422e-12
9.7612294e-19
4.0785422e-12
7.5724164e-19
4.0785422e-12
5.649763e-19
4.0785422e-12
3.9504729e-19
4.0785422e-12
2.4357104e-19
4.0785422e-12
1.0701969e-19
4.0785422e-12
-1.7816127e-20
4.0785422e-12
-1.3386116e-19
4.0785422e-12
-2.4378657e-19
4.0785421e-12
-3.5003803e-19
4.0785421e-12
-4.5486103e-19
4.0785421e-12
-5.6032374e-19
4.0785421e-12
-6.6833725e-19
4.0785421e-12
-7.806736e-19
4.0785421e-12
-8.9898154e-19
4.078542e-12
-1.0248003e-18
4.078542e-12
-1.1595711e-18
4.078542e-12
-1.3046474e-18
4.078542e-12
-1.4613025e-18
4.0785419e-12
-1.6307362e-18
4.0785419e-12
-1.8140794e-18
4.0785419e-12
-2.0123975e-18
4.0785418e-12
-2.2266921e-18
4.0785418e-12
-2.4579013e-18
4.0785417e-12
-2.7068988e-18
4.0785417e-12
-2.9744915e-18
4.0785416e-12
-3.2614163e-18
4.0785416e-12
-3.568335e-18
4.0785415e-12
-3.8958287e-18
4.0785415e-12
-4.2443906e-18
4.0785414e-12
-4.6144181e-18
4.0785414e-12
-5.0062035e-18
4.0785413e-12
-5.4199236e-18
4.0785412e-12
-5.8556285e-18
4.0785411e-12
-6.3132295e-18
4.0785411e-12
-6.7924854e-18
4.078541e-12
-7.2929881e-18
4.0785409e-12
-7.8141474e-18
4.0785408e-12
-8.3551738e-18
4.0785407e-12
-8.9150617e-18
4.0785407e-12
-9.4925699e-18
4.0785406e-12
-1.0086202e-17
4.0785405e-12
-1.0694184e-17
4.0785404e-12
-1.1314445e-17
4.0785403e-12
-1.194459e-17
4.0785402e-12
-1.2581876e-17
4.0785401e-12
-1.3223188e-17
4.07854e-12
-1.3865009e-17
4.0785399e-12
-1.4503395e-17
4.0785398e-12
-1.5133948e-17
4.0785397e-12
-1.5751788e-17
4.0785397e-12
-1.6351527e-17
4.0785396e-12
-1.6927251e-17
4.0785395e-12
-1.7472502e-17
4.0785394e-12
-1.7980265e-17
4.0785394e-12
-1.8442974e-17
4.0785393e-12
-1.8852524e-17
4.0785392e-12
-1.9200288e-17
4.0785392e-12
-1.9477134e-17
4.0785391e-12
-1.9673728e-17
4.0785391e-12
-1.9780881e-17
4.0785391e-12
-1.9787045e-17
-1.9666043e-17
3.2852939e-12
-1.1370987e-13
3.3081441e-12
-3.1913695e-13
3.3427852e-12
-5.0001585e-13
3.3864142e-12
-6.5470556e-13
3.4362705e-12
-7.826707e-13
3.4897862e-12
-8.8433136e-13
3.5446969e-12
-9.6092309e-13
3.5991086e-12
-1.014315e-12
3.6515238e-12
-1.0468126e-12
3.7008336e-12
-1.0609706e-12
3.746285e-12
-1.0594313e-12
3.787434e-12
-1.0447941e-12
3.8240908e-12
-1.0195205e-12
3.856265e-12
-9.8587046e-13
3.8841142e-12
-9.4586529e-13
3.9078995e-12
-9.0127284e-13
3.927947e-12
-8.5360822e-13
3.9446185e-12
-8.041457e-13
3.9582876e-12
-7.5393746e-13
3.9693232e-12
-7.0383623e-13
3.9780775e-12
-6.5451915e-13
3.9848783e-12
-6.0651163e-13
3.9900248e-12
-5.6020982e-13
3.9937854e-12
-5.159013e-13
3.9963977e-12
-4.7378352e-13
3.9980696e-12
-4.3398014e-13
3.9989806e-12
-3.9655503e-13
3.9992847e-12
-3.6152437e-13
3.9991123e-12
-3.2886677e-13
3.9985734e-12
-2.9853185e-13
3.9977594e-12
-2.7044731e-13
3.9967461e-12
-2.4452481e-13
3.9955952e-12
-2.2066473e-13
3.9943572e-12
-1.9876006e-13
3.993072e-12
-1.7869956e-13
3.9917716e-12
-1.6037023e-13
3.9904807e-12
-1.4365926e-13
3.9892183e-12
-1.2845561e-13
3.9879984e-12
-1.146511e-13
3.9868312e-12
-1.0214134e-13
3.9857236e-12
-9.0826344e-14
3.98468e-12
-8.0610916e-14
3.9837028e-12
-7.1404968e-14
3.9827925e-12
-6.3123636e-14
3.9819486e-12
-5.5687326e-14
3.9811697e-12
-4.9021672e-14
3.9804534e-12
-4.3057433e-14
3.9797972e-12
-3.7730348e-14
3.9791978e-12
-3.2980946e-14
3.9786521e-12
-2.8754345e-14
3.9781566e-12
-2.5000017e-14
3.9777079e-12
-2.1671562e-14
3.9773026e-12
-1.8726461e-14
3.9769374e-12
-1.6125836e-14
3.9766092e-12
-1.3834212e-14
3.9763148e-12
-1.1819283e-14
3.9760513e-12
-1.0051683e-14
3.9758161e-12
-8.5047705e-15
3.9756065e-12
-7.1544196e-15
3.9754202e-12
-5.9788194e-15
3.9752549e-12
-4.9582881e-15
3.9751086e-12
-4.0750955e-15
3.9749794e-12
-3.3132972e-15
3.9748656e-12
-2.6585794e-15
3.9747655e-12
-2.0981143e-15
3.9746778e-12
-1.620426e-15
3.9746011e-12
-1.215266e-15
3.9745342e-12
-8.7349775e-16
3.9744759e-12
-5.8699144e-16
3.9744255e-12
-3.4852593e-16
3.9743818e-12
-1.5169949e-16
3.9743442e-12
9.1520799e-18
3.974312e-12
1.390304e-16
3.9742844e-12
2.4234273e-16
3.9742609e-12
3.2296416e-16
3.974241e-12
3.8429408e-16
3.9742243e-12
4.2930745e-16
3.9742103e-12
4.6060117e-16
3.9741987e-12
4.8043601e-16
3.9741891e-12
4.9077446e-16
3.9741813e-12
4.9331486e-16
3.974175e-12
4.8952197e-16
3.97417e-12
4.8065458e-16
3.9741661e-12
4.6779012e-16
3.9741632e-12
4.5184673e-16
3.9741611e-12
4.3360299e-16
3.9741596e-12
4.137155e-16
3.9741587e-12
3.9273447e-16
3.9741582e-12
3.7111768e-16
3.9741581e-12
3.4924272e-16
3.9741583e-12
3.2741795e-16
3.9741587e-12
3.0589212e-16
3.9741593e-12
2.8486281e-16
3.9741601e-12
2.6448394e-16
3.974161e-12
2.4487228e-16
3.9741619e-12
2.2611322e-16
3.9741629e-12
2.0826572e-16
3.9741639e-12
1.9136669e-16
3.974165e-12
1.7543482e-16
3.974166e-12
1.6047374e-16
3.974167e-12
1.4647497e-16
3.974168e-12
1.3342025e-16
3.9741689e-12
1.2128368e-16
3.9741698e-12
1.1003343e-16
3.9741707e-12
9.9633309e-17
3.9741715e-12
9.0043988e-17
3.9741722e-12
8.1224068e-17
3.9741729e-12
7.3130968e-17
3.9741736e-12
6.5721651e-17
3.9741742e-12
5.8953218e-17
3.9741748e-12
5.2783386e-17
3.9741753e-12
4.7170871e-17
3.9741758e-12
4.207568e-17
3.9741763e-12
3.745934e-17
3.9741767e-12
3.3285055e-17
3.9741771e-12
2.9517825e-17
3.9741774e-12
2.6124508e-17
3.9741777e-12
2.3073863e-17
3.974178e-12
2.0336545e-17
3.9741783e-12
1.7885095e-17
3.9741785e-12
1.5693898e-17
3.9741787e-12
1.3739131e-17
3.9741789e-12
1.1998702e-17
3.974179e-12
1.0452172e-17
3.9741792e-12
9.0806836e-18
3.9741793e-12
7.866874e-18
3.9741794e-12
6.7947913e-18
3.9741795e-12
5.8498095e-18
3.9741796e-12
5.0185425e-18
3.9741797e-12
4.2887607e-18
3.9741798e-12
3.6493085e-18
3.9741798e-12
3.0900248e-18
3.9741799e-12
2.6016664e-18
3.9741799e-12
2.1758352e-18
3.97418e-12
1.8049079e-18
3.97418e-12
1.4819705e-18
3.97418e-12
1.200756e-18
3.97418e-12
9.5558603e-19
3.9741801e-12
7.4131634e-19
3.9741801e-12
5.5328585e-19
3.9741801e-12
3.8726952e-19
3.9741801e-12
2.3943472e-19
3.9741801e-12
1.06301e-19
3.9741801e-12
-1.5296883e-20
3.9741801e-12
-1.2824272e-19
3.9741801e-12
-2.3516963e-19
3.9741801e-12
-3.3848801e-19
3.97418e-12
-4.4041073e-19
3.97418e-12
-5.429757e-19
3.97418e-12
-6.4806612e-19
3.97418e-12
-7.574283e-19
3.97418e-12
-8.7268735e-19
3.9741799e-12
-9.9536076e-19
3.9741799e-12
-1.12687e-18
3.9741799e-12
-1.2685505e-18
3.9741798e-12
-1.4216594e-18
3.9741798e-12
-1.587382e-18
3.9741797e-12
-1.7668366e-18
3.9741797e-12
-1.9610775e-18
3.9741796e-12
-2.1710972e-18
3.9741796e-12
-2.3978264e-18
3.9741795e-12
-2.6421333e-18
3.9741794e-12
-2.9048213e-18
3.9741793e-12
-3.1866259e-18
3.9741793e-12
-3.4882095e-18
3.9741792e-12
-3.8101564e-18
3.9741791e-12
-4.1529652e-18
3.974179e-12
-4.5170416e-18
3.9741789e-12
-4.9026888e-18
3.9741788e-12
-5.3100978e-18
3.9741787e-12
-5.7393363e-18
3.9741785e-12
-6.1903364e-18
3.9741784e-12
-6.6628819e-18
3.9741783e-12
-7.1565936e-18
3.9741781e-12
-7.6709146e-18
3.974178e-12
-8.2050937e-18
3.9741778e-12
-8.7581679e-18
3.9741777e-12
-9.3289442e-18
3.9741775e-12
-9.9159792e-18
3.9741773e-12
-1.0517558e-17
3.9741771e-12
-1.1131673e-17
3.9741769e-12
-1.1755997e-17
3.9741767e-12
-1.2387861e-17
3.9741765e-12
-1.3024224e-17
3.9741763e-12
-1.3661649e-17
3.9741761e-12
-1.429627e-17
3.9741759e-12
-1.4923763e-17
3.9741757e-12
-1.5539319e-17
3.9741755e-12
-1.613761e-17
3.9741753e-12
-1.6712772e-17
3.9741751e-12
-1.7258372e-17
3.9741749e-12
-1.7767406e-17
3.9741746e-12
-1.8232285e-17
3.9741744e-12
-1.8644856e-17
3.9741742e-12
-1.8996421e-17
3.974174e-12
-1.9277763e-17
3.9741738e-12
-1.9479426e-17
3.9741737e-12
-1.9592016e-17
3.9741735e-12
-1.960424e-17
-1.9490701e-17
3.2858269e-12
-1.22644e-13
3.3099404e-12
-3.4325044e-13
3.346193e-12
-5.3626845e-13
3.3913962e-12
-6.9990871e-13
3.4424467e-12
-8.3372125e-13
3.4965073e-12
-9.3839192e-13
3.5511323e-12
-1.0155481e-12
3.6043364e-12
-1.0675191e-12
3.654611e-12
-1.0970872e-12
3.7009008e-12
-1.1072604e-12
3.7425525e-12
-1.101083e-12
3.7792503e-12
-1.0814919e-12
3.8109457e-12
-1.0512159e-12
3.8377906e-12
-1.0127154e-12
3.8600773e-12
-9.6815193e-13
3.8781875e-12
-9.1938306e-13
3.8925521e-12
-8.679728e-13
3.9036195e-12
-8.152131e-13
3.911833e-12
-7.6215099e-13
3.917615e-12
-7.0961825e-13
3.9213569e-12
-6.5826106e-13
3.9234134e-12
-6.0856813e-13
3.9241002e-12
-5.6089655e-13
3.9236936e-12
-5.1549471e-13
3.9224325e-12
-4.7252246e-13
3.9205207e-12
-4.3206831e-13
3.9181297e-12
-3.941641e-13
3.9154027e-12
-3.5879729e-13
3.9124571e-12
-3.2592119e-13
3.9093886e-12
-2.9546336e-13
3.9062738e-12
-2.6733249e-13
3.903173e-12
-2.4142404e-13
3.900133e-12
-2.1762471e-13
3.897189e-12
-1.9581606e-13
3.8943668e-12
-1.7587735e-13
3.8916843e-12
-1.5768778e-13
3.8891533e-12
-1.4112822e-13
3.8867802e-12
-1.2608251e-13
3.8845675e-12
-1.1243845e-13
3.8825147e-12
-1.0008847e-13
3.8806185e-12
-8.8930146e-14
3.878874e-12
-7.8866468e-14
3.8772751e-12
-6.9806018e-14
3.8758144e-12
-6.1663013e-14
3.8744844e-12
-5.4357264e-14
3.8732768e-12
-4.7814075e-14
3.8721834e-12
-4.1964082e-14
3.8711961e-12
-3.674306e-14
3.8703069e-12
-3.20917e-14
3.8695079e-12
-2.795537e-14
3.8687918e-12
-2.4283864e-14
3.8681514e-12
-2.1031145e-14
3.86758e-12
-1.8155091e-14
3.8670714e-12
-1.5617235e-14
3.8666197e-12
-1.3382519e-14
3.8662195e-12
-1.1419052e-14
3.8658657e-12
-9.6978762e-15
3.8655536e-12
-8.1927454e-15
3.8652791e-12
-6.879911e-15
3.8650382e-12
-5.7379227e-15
3.8648274e-12
-4.7474389e-15
3.8646433e-12
-3.8910489e-15
3.8644831e-12
-3.1531069e-15
3.8643441e-12
-2.5195768e-15
3.8642239e-12
-1.9778881e-15
3.8641203e-12
-1.5168023e-15
3.8640313e-12
-1.126289e-15
3.8639552e-12
-7.9741194e-16
3.8638905e-12
-5.2222426e-16
3.8638356e-12
-2.9367162e-16
3.8637894e-12
-1.0550404e-16
3.8637508e-12
4.7805039e-17
3.8637186e-12
1.7113262e-16
3.8636922e-12
2.687734e-16
3.8636707e-12
3.4450103e-16
3.8636534e-12
4.0162364e-16
3.8636396e-12
4.4303428e-16
3.863629e-12
4.7125645e-16
3.8636209e-12
4.8848531e-16
3.8636151e-12
4.9662483e-16
3.8636111e-12
4.9732117e-16
3.8636086e-12
4.9199277e-16
3.8636074e-12
4.8185729e-16
3.8636072e-12
4.6795579e-16
3.8636079e-12
4.5117426e-16
3.8636092e-12
4.3226298e-16
3.8636111e-12
4.1185361e-16
3.8636134e-12
3.9047452e-16
3.8636159e-12
3.6856436e-16
3.8636187e-12
3.4648405e-16
3.8636216e-12
3.2452741e-16
3.8636245e-12
3.0293057e-16
3.8636275e-12
2.8188022e-16
3.8636305e-12
2.6152086e-16
3.8636334e-12
2.419612e-16
3.8636362e-12
2.2327969e-16
3.8636389e-12
2.0552944e-16
3.8636416e-12
1.8874236e-16
3.8636441e-12
1.7293291e-16
3.8636464e-12
1.5810125e-16
3.8636487e-12
1.4423594e-16
3.8636508e-12
1.3131633e-16
3.8636528e-12
1.1931453e-16
3.8636546e-12
1.0819716e-16
3.8636563e-12
9.7926755e-17
3.8636579e-12
8.846302e-17
3.8636593e-12
7.9763818e-17
3.8636607e-12
7.1786033e-17
3.8636619e-12
6.4486261e-17
3.8636631e-12
5.7821378e-17
3.8636641e-12
5.1748992e-17
3.863665e-12
4.6227803e-17
3.8636659e-12
4.1217884e-17
3.8636667e-12
3.6680884e-17
3.8636674e-12
3.2580182e-17
3.863668e-12
2.8880986e-17
3.8636686e-12
2.5550395e-17
3.8636691e-12
2.255742e-17
3.8636696e-12
1.987299e-17
3.86367e-12
1.746992e-17
3.8636704e-12
1.5322874e-17
3.8636707e-12
1.3408308e-17
3.863671e-12
1.1704401e-17
3.8636712e-12
1.0190983e-17
3.8636715e-12
8.8494538e-18
3.8636717e-12
7.6626977e-18
3.8636719e-12
6.6150007e-18
3.863672e-12
5.6919623e-18
3.8636721e-12
4.8804104e-18
3.8636723e-12
4.168317e-18
3.8636724e-12
3.5447161e-18
3.8636725e-12
2.9996243e-18
3.8636725e-12
2.5239648e-18
3.8636726e-12
2.1094941e-18
3.8636727e-12
1.7487333e-18
3.8636727e-12
1.4349023e-18
3.8636728e-12
1.1618582e-18
3.8636728e-12
9.2403759e-19
3.8636728e-12
7.1640244e-19
3.8636728e-12
5.3438995e-19
3.8636728e-12
3.7386577e-19
3.8636728e-12
2.3108098e-19
3.8636729e-12
1.0263233e-19
3.8636729e-12
-1.4574164e-20
3.8636728e-12
-1.2335659e-19
3.8636728e-12
-2.2628742e-19
3.8636728e-12
-3.257211e-19
3.8636728e-12
-4.2381879e-19
3.8636728e-12
-5.225707e-19
3.8636728e-12
-6.2381593e-19
3.8636727e-12
-7.2926007e-19
3.8636727e-12
-8.4049061e-19
3.8636727e-12
-9.5899033e-19
3.8636726e-12
-1.0861488e-18
3.8636726e-12
-1.2232718e-18
3.8636725e-12
-1.3715898e-18
3.8636725e-12
-1.5322633e-18
3.8636724e-12
-1.7063885e-18
3.8636723e-12
-1.8949998e-18
3.8636723e-12
-2.099072e-18
3.8636722e-12
-2.3195204e-18
3.8636721e-12
-2.5572006e-18
3.863672e-12
-2.8129055e-18
3.8636719e-12
-3.0873629e-18
3.8636718e-12
-3.3812304e-18
3.8636717e-12
-3.6950902e-18
3.8636716e-12
-4.0294425e-18
3.8636714e-12
-4.3846975e-18
3.8636713e-12
-4.7611671e-18
3.8636712e-12
-5.1590549e-18
3.863671e-12
-5.5784454e-18
3.8636708e-12
-6.0192926e-18
3.8636706e-12
-6.4814071e-18
3.8636704e-12
-6.9644422e-18
3.8636702e-12
-7.4678796e-18
3.86367e-12
-7.9910129e-18
3.8636698e-12
-8.5329312e-18
3.8636696e-12
-9.0925007e-18
3.8636693e-12
-9.668345e-18
3.8636691e-12
-1.0258824e-17
3.8636688e-12
-1.0862014e-17
3.8636685e-12
-1.1475678e-17
3.8636682e-12
-1.2097247e-17
3.8636679e-12
-1.2723787e-17
3.8636676e-12
-1.3351973e-17
3.8636673e-12
-1.3978056e-17
3.863667e-12
-1.4597833e-17
3.8636666e-12
-1.5206611e-17
3.8636663e-12
-1.5799177e-17
3.863666e-12
-1.6369768e-17
3.8636656e-12
-1.6912042e-17
3.8636653e-12
-1.7419056e-17
3.8636649e-12
-1.7883264e-17
3.8636646e-12
-1.8296522e-17
3.8636642e-12
-1.8650106e-17
3.8636639e-12
-1.8934741e-17
3.8636635e-12
-1.9140914e-17
3.8636632e-12
-1.9259195e-17
3.8636629e-12
-1.9277997e-17
-1.9173872e-17
3.2864507e-12
-1.3220188e-13
3.3120227e-12
-3.6882249e-13
3.3501016e-12
-5.7434734e-13
3.3970344e-12
-7.4684151e-13
3.4493158e-12
-8.8600258e-13
3.5038048e-12
-9.92881e-13
3.5578668e-12
-1.06961e-12
3.6094378e-12
-1.1190901e-12
3.6570259e-12
-1.1446753e-12
3.6996643e-12
-1.1498988e-12
3.7368367e-12
-1.1382554e-12
3.7683898e-12
-1.113045e-12
3.7944456e-12
-1.0772718e-12
3.8153209e-12
-1.0335907e-12
3.8314582e-12
-9.8428919e-13
3.84337e-12
-9.312949e-13
3.8515963e-12
-8.7619905e-13
3.8566728e-12
-8.2028959e-13
3.8591099e-12
-7.6458811e-13
3.859379e-12
-7.0988736e-13
3.8579049e-12
-6.5678695e-13
3.8550627e-12
-6.0572596e-13
3.851178e-12
-5.5701187e-13
3.8465289e-12
-5.1084563e-13
3.8413496e-12
-4.6734306e-13
3.8358341e-12
-4.2655282e-13
3.8301413e-12
-3.8847133e-13
3.824399e-12
-3.5305504e-13
3.8187084e-12
-3.2023052e-13
3.8131475e-12
-2.899025e-13
3.8077755e-12
-2.6196047e-13
3.8026353e-12
-2.3628382e-13
3.7977566e-12
-2.1274603e-13
3.7931584e-12
-1.9121785e-13
3.7888508e-12
-1.7156982e-13
3.7848373e-12
-1.5367422e-13
3.7811155e-12
-1.3740647e-13
3.7776793e-12
-1.2264627e-13
3.7745191e-12
-1.0927826e-13
3.7716233e-12
-9.7192635e-14
3.7689785e-12
-8.6285387e-14
3.7665706e-12
-7.6458519e-14
3.7643846e-12
-6.7620071e-14
3.7624057e-12
-5.9684078e-14
3.7606189e-12
-5.2570454e-14
3.7590096e-12
-4.6204816e-14
3.7575638e-12
-4.0518274e-14
3.7562679e-12
-3.5447194e-14
3.7551092e-12
-3.0932935e-14
3.7540754e-12
-2.6921589e-14
3.7531552e-12
-2.3363697e-14
3.7523381e-12
-2.0213983e-14
3.751614e-12
-1.7431075e-14
3.7509741e-12
-1.4977246e-14
3.7504097e-12
-1.2818152e-14
3.7499132e-12
-1.092259e-14
3.7494776e-12
-9.2622509e-15
3.7490964e-12
-7.8115054e-15
3.7487636e-12
-6.5471831e-15
3.7484741e-12
-5.448374e-15
3.7482229e-12
-4.4962389e-15
3.7480057e-12
-3.6738326e-15
3.7478185e-12
-2.9659389e-15
3.7476578e-12
-2.3589166e-15
3.7475205e-12
-1.8405576e-15
3.7474037e-12
-1.3999543e-15
3.7473048e-12
-1.0273785e-15
3.7472215e-12
-7.1416847e-16
3.7471519e-12
-4.5262657e-16
3.7470942e-12
-2.3592407e-16
3.7470467e-12
-5.8014772e-17
3.747008e-12
8.6444201e-17
3.746977e-12
2.0216461e-16
3.7469525e-12
2.9329284e-16
3.7469335e-12
3.6346964e-16
3.7469193e-12
4.1588433e-16
3.746909e-12
4.5332392e-16
3.746902e-12
4.782175e-16
3.7468978e-12
4.9267629e-16
3.7468959e-12
4.9852982e-16
3.7468959e-12
4.9735834e-16
3.7468973e-12
4.9052211e-16
3.7469e-12
4.7918749e-16
3.7469036e-12
4.643504e-16
3.7469079e-12
4.468573e-16
3.7469128e-12
4.274238e-16
3.746918e-12
4.0665136e-16
3.7469234e-12
3.8504205e-16
3.746929e-12
3.6301166e-16
3.7469345e-12
3.4090137e-16
3.7469401e-12
3.1898797e-16
3.7469455e-12
2.9749297e-16
3.7469508e-12
2.7659053e-16
3.7469559e-12
2.5641452e-16
3.7469608e-12
2.370646e-16
3.7469655e-12
2.1861162e-16
3.7469699e-12
2.011023e-16
3.7469741e-12
1.8456329e-16
3.746978e-12
1.6900468e-16
3.7469817e-12
1.5442306e-16
3.7469851e-12
1.4080413e-16
3.7469883e-12
1.2812498e-16
3.7469913e-12
1.1635596e-16
3.746994e-12
1.0546235e-16
3.7469965e-12
9.5405734e-17
3.7469989e-12
8.6145143e-17
3.747001e-12
7.7638038e-17
3.7470029e-12
6.9841107e-17
3.7470047e-12
6.2710923e-17
3.7470063e-12
5.6204479e-17
3.7470078e-12
5.0279612e-17
3.7470091e-12
4.4895337e-17
3.7470103e-12
4.0012111e-17
3.7470114e-12
3.5592016e-17
3.7470124e-12
3.1598898e-17
3.7470133e-12
2.7998456e-17
3.7470141e-12
2.4758291e-17
3.7470148e-12
2.1847923e-17
3.7470154e-12
1.9238784e-17
3.747016e-12
1.6904188e-17
3.7470165e-12
1.4819282e-17
3.7470169e-12
1.296099e-17
3.7470173e-12
1.1307943e-17
3.7470177e-12
9.8404009e-18
3.747018e-12
8.5401726e-18
3.7470183e-12
7.390531e-18
3.7470185e-12
6.376127e-18
3.7470187e-12
5.4829035e-18
3.7470189e-12
4.6980097e-18
3.747019e-12
4.0097176e-18
3.7470192e-12
3.4073407e-18
3.7470193e-12
2.8811551e-18
3.7470194e-12
2.4223246e-18
3.7470195e-12
2.0228283e-18
3.7470196e-12
1.6753929e-18
3.7470196e-12
1.3734277e-18
3.7470197e-12
1.1109647e-18
3.7470197e-12
8.8260114e-19
3.7470197e-12
6.8344677e-19
3.7470198e-12
5.0907461e-19
3.7470198e-12
3.5547511e-19
3.7470198e-12
2.1901396e-19
3.7470198e-12
9.639323e-20
3.7470198e-12
-1.5384307e-20
3.7470198e-12
-1.1904773e-19
3.7470198e-12
-2.1708763e-19
3.7470198e-12
-3.1178303e-19
3.7470198e-12
-4.0522557e-19
3.7470197e-12
-4.9934129e-19
3.7470197e-12
-5.9591001e-19
3.7470197e-12
-6.9658252e-19
3.7470196e-12
-8.0289558e-19
3.7470196e-12
-9.1628504e-19
3.7470196e-12
-1.038097e-18
3.7470195e-12
-1.1695972e-18
3.7470194e-12
-1.3119787e-18
3.7470194e-12
-1.4663682e-18
3.7470193e-12
-1.6338303e-18
3.7470192e-12
-1.8153712e-18
3.7470191e-12
-2.0119398e-18
3.747019e-12
-2.2244288e-18
3.7470189e-12
-2.4536736e-18
3.7470188e-12
-2.7004502e-18
3.7470187e-12
-2.9654727e-18
3.7470186e-12
-3.2493883e-18
3.7470184e-12
-3.5527723e-18
3.7470183e-12
-3.876122e-18
3.7470181e-12
-4.2198488e-18
3.7470179e-12
-4.5842704e-18
3.7470177e-12
-4.969601e-18
3.7470175e-12
-5.3759413e-18
3.7470173e-12
-5.8032672e-18
3.7470171e-12
-6.2514176e-18
3.7470168e-12
-6.7200811e-18
3.7470166e-12
-7.208782e-18
3.7470163e-12
-7.716865e-18
3.747016e-12
-8.243479e-18
3.7470157e-12
-8.7875594e-18
3.7470154e-12
-9.347809e-18
3.7470151e-12
-9.9226784e-18
3.7470147e-12
-1.0510343e-17
3.7470143e-12
-1.1108682e-17
3.747014e-12
-1.1715248e-17
3.7470136e-12
-1.2327243e-17
3.7470132e-12
-1.2941489e-17
3.7470127e-12
-1.3554392e-17
3.7470123e-12
-1.416191e-17
3.7470118e-12
-1.4759519e-17
3.7470114e-12
-1.5342171e-17
3.7470109e-12
-1.5904263e-17
3.7470105e-12
-1.6439598e-17
3.74701e-12
-1.6941365e-17
3.7470095e-12
-1.7402116e-17
3.747009e-12
-1.7813771e-17
3.7470085e-12
-1.8167637e-17
3.7470081e-12
-1.8454444e-17
3.7470076e-12
-1.8664621e-17
3.7470071e-12
-1.878858e-17
3.7470066e-12
-1.8815013e-17
-1.8721788e-17
3.2871772e-12
-1.4249405e-13
3.3144396e-12
-3.9608497e-13
3.3545893e-12
-6.1449696e-13
3.4034107e-12
-7.9566301e-13
3.4569269e-12
-9.3951877e-13
3.511659e-12
-1.0476131e-12
3.5647812e-12
-1.1227322e-12
3.6141752e-12
-1.1684842e-12
3.6584054e-12
-1.1889055e-12
3.6966401e-12
-1.1881335e-12
3.7285455e-12
-1.1701608e-12
3.7541713e-12
-1.1386708e-12
3.773842e-12
-1.0969424e-12
3.7880621e-12
-1.0478108e-12
3.7974393e-12
-9.9366635e-13
3.8026242e-12
-9.3647981e-13
3.8042673e-12
-8.7784221e-13
3.8029893e-12
-8.1901154e-13
3.799362e-12
-7.6096079e-13
3.7938984e-12
-7.0442381e-13
3.7870487e-12
-6.4993721e-13
3.7792e-12
-5.9787725e-13
3.7706796e-12
-5.4849152e-13
3.7617598e-12
-5.0192577e-13
3.7526628e-12
-4.5824615e-13
3.7435675e-12
-4.1745751e-13
3.7346145e-12
-3.7951826e-13
3.7259118e-12
-3.4435234e-13
3.7175401e-12
-3.1185886e-13
3.7095573e-12
-2.8191966e-13
3.7020021e-12
-2.5440532e-13
3.6948982e-12
-2.2917987e-13
3.6882566e-12
-2.0610442e-13
3.6820786e-12
-1.8503991e-13
3.6763581e-12
-1.6584926e-13
3.6710828e-12
-1.4839893e-13
3.6662363e-12
-1.3256004e-13
3.6617993e-12
-1.182092e-13
3.65775e-12
-1.0522898e-13
3.6540657e-12
-9.3508321e-14
3.6507229e-12
-8.2942604e-14
3.6476981e-12
-7.3433728e-14
3.6449681e-12
-6.4890028e-14
3.6425101e-12
-5.7226135e-14
3.6403024e-12
-5.0362776e-14
3.6383242e-12
-4.4226544e-14
3.6365555e-12
-3.874963e-14
3.6349779e-12
-3.3869546e-14
3.6335738e-12
-2.9528832e-14
3.6323269e-12
-2.5674763e-14
3.6312223e-12
-2.2259054e-14
3.6302459e-12
-1.923757e-14
3.6293849e-12
-1.6570045e-14
3.6286274e-12
-1.4219805e-14
3.6279628e-12
-1.2153508e-14
3.6273811e-12
-1.0340894e-14
3.6268734e-12
-8.7545427e-15
3.6264315e-12
-7.3696492e-15
3.6260481e-12
-6.163812e-15
3.6257166e-12
-5.1168319e-15
3.6254309e-12
-4.2105257e-15
3.6251856e-12
-3.4285508e-15
3.6249759e-12
-2.7562436e-15
3.6247975e-12
-2.1804679e-15
3.6246464e-12
-1.6894758e-15
3.6245192e-12
-1.2727784e-15
3.6244128e-12
-9.2102718e-16
3.6243246e-12
-6.2590435e-16
3.624252e-12
-3.800226e-16
3.6241929e-12
-1.7683313e-16
3.6241454e-12
-1.0541478e-17
3.6241079e-12
1.2396926e-16
3.6240788e-12
2.3120836e-16
3.624057e-12
3.1514116e-16
3.6240412e-12
3.7924686e-16
3.6240305e-12
4.2657087e-16
3.6240241e-12
4.597723e-16
3.6240211e-12
4.8116675e-16
3.6240211e-12
4.9276501e-16
3.6240233e-12
4.9630786e-16
3.6240273e-12
4.9329734e-16
3.6240328e-12
4.8502491e-16
3.6240394e-12
4.7259656e-16
3.6240468e-12
4.569554e-16
3.6240548e-12
4.3890175e-16
3.6240631e-12
4.1911107e-16
3.6240716e-12
3.9814996e-16
3.6240801e-12
3.7649033e-16
3.6240886e-12
3.5452197e-16
3.624097e-12
3.3256369e-16
3.6241051e-12
3.1087317e-16
3.6241129e-12
2.8965562e-16
3.6241204e-12
2.6907139e-16
3.6241276e-12
2.4924269e-16
3.6241344e-12
2.3025943e-16
3.6241408e-12
2.1218436e-16
3.6241469e-12
1.9505751e-16
3.6241525e-12
1.7890005e-16
3.6241578e-12
1.6371769e-16
3.6241628e-12
1.4950352e-16
3.6241673e-12
1.3624054e-16
3.6241715e-12
1.2390377e-16
3.6241754e-12
1.1246205e-16
3.624179e-12
1.0187965e-16
3.6241823e-12
9.21175e-17
3.6241853e-12
8.3134308e-17
3.6241881e-12
7.4887485e-17
3.6241906e-12
6.7333881e-17
3.6241929e-12
6.0430402e-17
3.6241949e-12
5.4134507e-17
3.6241968e-12
4.8404605e-17
3.6241985e-12
4.3200361e-17
3.6242e-12
3.8482932e-17
3.6242014e-12
3.4215141e-17
3.6242026e-12
3.0361593e-17
3.6242037e-12
2.6888753e-17
3.6242047e-12
2.3764985e-17
3.6242056e-12
2.0960561e-17
3.6242064e-12
1.8447646e-17
3.6242071e-12
1.6200264e-17
3.6242077e-12
1.4194246e-17
3.6242083e-12
1.2407168e-17
3.6242088e-12
1.0818283e-17
3.6242092e-12
9.4084382e-18
3.6242096e-12
8.1599971e-18
3.6242099e-12
7.0567532e-18
3.6242102e-12
6.0838449e-18
3.6242105e-12
5.2276699e-18
3.6242107e-12
4.4758011e-18
3.6242109e-12
3.8169036e-18
3.6242111e-12
3.240655e-18
3.6242112e-12
2.7376681e-18
3.6242113e-12
2.2994173e-18
3.6242114e-12
1.9181678e-18
3.6242115e-12
1.5869095e-18
3.6242116e-12
1.2992934e-18
3.6242117e-12
1.0495734e-18
3.6242117e-12
8.3255013e-19
3.6242118e-12
6.4351984e-19
3.6242118e-12
4.7822631e-19
3.6242118e-12
3.3281641e-19
3.6242118e-12
2.0379914e-19
3.6242118e-12
8.8007864e-20
3.6242118e-12
-1.7434223e-20
3.6242118e-12
-1.1514572e-19
3.6242118e-12
-2.0751573e-19
3.6242118e-12
-2.967299e-19
3.6242118e-12
-3.8479391e-19
3.6242118e-12
-4.7355448e-19
3.6242117e-12
-5.6471818e-19
3.6242117e-12
-6.5986799e-19
3.6242116e-12
-7.6047788e-19
3.6242116e-12
-8.6792547e-19
3.6242115e-12
-9.8350279e-19
3.6242115e-12
-1.1084254e-18
3.6242114e-12
-1.2438401e-18
3.6242113e-12
-1.3908302e-18
3.6242113e-12
-1.5504208e-18
3.6242112e-12
-1.7235815e-18
3.6242111e-12
-1.9112281e-18
3.624211e-12
-2.1142231e-18
3.6242108e-12
-2.3333752e-18
3.6242107e-12
-2.5694374e-18
3.6242106e-12
-2.8231039e-18
3.6242104e-12
-3.0950063e-18
3.6242102e-12
-3.3857081e-18
3.6242101e-12
-3.6956995e-18
3.6242099e-12
-4.0253895e-18
3.6242097e-12
-4.3750985e-18
3.6242094e-12
-4.7450492e-18
3.6242092e-12
-5.1353572e-18
3.6242089e-12
-5.5460199e-18
3.6242087e-12
-5.9769052e-18
3.6242084e-12
-6.427739e-18
3.6242081e-12
-6.8980916e-18
3.6242077e-12
-7.3873635e-18
3.6242074e-12
-7.8947699e-18
3.624207e-12
-8.4193238e-18
3.6242066e-12
-8.9598183e-18
3.6242062e-12
-9.5148069e-18
3.6242058e-12
-1.0082583e-17
3.6242053e-12
-1.0661156e-17
3.6242049e-12
-1.1248226e-17
3.6242044e-12
-1.184116e-17
3.6242039e-12
-1.2436954e-17
3.6242034e-12
-1.3032209e-17
3.6242028e-12
-1.3623085e-17
3.6242023e-12
-1.4205273e-17
3.6242017e-12
-1.4773943e-17
3.6242011e-12
-1.5323709e-17
3.6242005e-12
-1.5848586e-17
3.6241999e-12
-1.6341952e-17
3.6241993e-12
-1.6796524e-17
3.6241987e-12
-1.7204351e-17
3.6241981e-12
-1.755682e-17
3.6241975e-12
-1.7844689e-17
3.6241969e-12
-1.8058389e-17
3.6241963e-12
-1.8188296e-17
3.6241957e-12
-1.8222894e-17
-1.8142326e-17
3.2880478e-12
-1.5365687e-13
3.3172781e-12
-4.2531529e-13
3.3597763e-12
-6.5699512e-13
3.4106426e-12
-8.4652936e-13
3.4653477e-12
-9.9422378e-13
3.5200418e-12
-1.1023073e-12
3.571718e-12
-1.1744084e-12
3.6182431e-12
-1.2150092e-12
3.6582936e-12
-1.2289559e-12
3.691233e-12
-1.2210729e-12
3.7169655e-12
-1.1958934e-12
3.7357893e-12
-1.1574946e-12
3.7482653e-12
-1.1094184e-12
3.7551082e-12
-1.0546538e-12
3.7571026e-12
-9.9566071e-13
3.7550408e-12
-9.3441806e-13
3.7496816e-12
-8.7248299e-13
3.7417235e-12
-8.1105343e-13
3.7317907e-12
-7.5102801e-13
3.7204275e-12
-6.9306059e-13
3.7080983e-12
-6.3760804e-13
3.695192e-12
-5.8497091e-13
3.6820278e-12
-5.353274e-13
3.6688633e-12
-4.8876126e-13
3.6559016e-12
-4.452844e-13
3.643299e-12
-4.0485496e-13
3.6311726e-12
-3.6739181e-13
3.619606e-12
-3.327858e-13
3.6086559e-12
-3.0090872e-13
3.5983564e-12
-2.7162016e-13
3.5887239e-12
-2.4477281e-13
3.5797605e-12
-2.202165e-13
3.5714574e-12
-1.9780131e-13
3.5637973e-12
-1.7737977e-13
3.5567566e-12
-1.5880856e-13
3.5503073e-12
-1.4194969e-13
3.5444186e-12
-1.2667129e-13
3.5390575e-12
-1.1284813e-13
3.5341905e-12
-1.0036191e-13
3.5297835e-12
-8.9101394e-14
3.5258033e-12
-7.896238e-14
3.5222172e-12
-6.9847613e-14
3.5189938e-12
-6.166659e-14
3.516103e-12
-5.4335331e-14
3.5135163e-12
-4.7776111e-14
3.5112069e-12
-4.1917161e-14
3.5091496e-12
-3.669236e-14
3.507321e-12
-3.2040917e-14
3.5056992e-12
-2.7907051e-14
3.5042641e-12
-2.4239676e-14
3.5029972e-12
-2.0992087e-14
3.5018813e-12
-1.8121665e-14
3.5009008e-12
-1.558958e-14
3.5000415e-12
-1.3360517e-14
3.4992904e-12
-1.1402408e-14
3.4986357e-12
-9.6861797e-15
3.4980667e-12
-8.1855194e-15
3.4975737e-12
-6.8766466e-15
3.497148e-12
-5.7381048e-15
3.4967817e-12
-4.750565e-15
3.4964678e-12
-3.8966414e-15
3.4962e-12
-3.1607215e-15
3.4959726e-12
-2.5288074e-15
3.4957805e-12
-1.9883687e-15
3.4956192e-12
-1.5282079e-15
3.4954847e-12
-1.1383345e-15
3.4953736e-12
-8.0985047e-16
3.4952825e-12
-5.3484465e-16
3.4952088e-12
-3.0629573e-16
3.4951499e-12
-1.1798377e-16
3.4951038e-12
3.5590761e-17
3.4950685e-12
1.5928078e-16
3.4950423e-12
2.5735975e-16
3.4950239e-12
3.3358277e-16
3.4950119e-12
3.9124192e-16
3.4950053e-12
4.3321649e-16
3.495003e-12
4.6201831e-16
3.4950043e-12
4.7983275e-16
3.4950086e-12
4.8855565e-16
3.495015e-12
4.8982653e-16
3.4950233e-12
4.8505851e-16
3.4950328e-12
4.7546506e-16
3.4950433e-12
4.6208401e-16
3.4950545e-12
4.4579903e-16
3.495066e-12
4.2735873e-16
3.4950778e-12
4.0739377e-16
3.4950895e-12
3.8643199e-16
3.4951011e-12
3.6491196e-16
3.4951124e-12
3.4319485e-16
3.4951234e-12
3.2157502e-16
3.495134e-12
3.0028936e-16
3.4951441e-12
2.7952549e-16
3.4951537e-12
2.5942898e-16
3.4951629e-12
2.4010966e-16
3.4951715e-12
2.2164722e-16
3.4951796e-12
2.0409599e-16
3.4951871e-12
1.8748915e-16
3.4951942e-12
1.7184242e-16
3.4952007e-12
1.5715717e-16
3.4952068e-12
1.4342318e-16
3.4952124e-12
1.3062094e-16
3.4952176e-12
1.1872371e-16
3.4952224e-12
1.0769915e-16
3.4952268e-12
9.7510823e-17
3.4952308e-12
8.8119377e-17
3.4952344e-12
7.9483577e-17
3.4952377e-12
7.1561147e-17
3.4952408e-12
6.4309466e-17
3.4952435e-12
5.7686138e-17
3.495246e-12
5.1649445e-17
3.4952482e-12
4.615871e-17
3.4952503e-12
4.1174577e-17
3.4952521e-12
3.6659222e-17
3.4952537e-12
3.2576507e-17
3.4952552e-12
2.8892079e-17
3.4952565e-12
2.5573438e-17
3.4952577e-12
2.2589962e-17
3.4952587e-12
1.9912911e-17
3.4952597e-12
1.7515403e-17
3.4952605e-12
1.5372376e-17
3.4952612e-12
1.3460532e-17
3.4952619e-12
1.1758276e-17
3.4952624e-12
1.0245643e-17
3.495263e-12
8.9042165e-18
3.4952634e-12
7.717051e-18
3.4952638e-12
6.6685856e-18
3.4952641e-12
5.7445604e-18
3.4952644e-12
4.9319327e-18
3.4952647e-12
4.2187939e-18
3.4952649e-12
3.5942887e-18
3.4952651e-12
3.0485379e-18
3.4952653e-12
2.5725621e-18
3.4952654e-12
2.158211e-18
3.4952655e-12
1.7980947e-18
3.4952656e-12
1.485519e-18
3.4952657e-12
1.2144248e-18
3.4952658e-12
9.7933101e-19
3.4952658e-12
7.752808e-19
3.4952659e-12
5.9779213e-19
3.4952659e-12
4.4281143e-19
3.4952659e-12
3.0667079e-19
3.495266e-12
1.8604854e-19
3.495266e-12
7.7932954e-20
3.495266e-12
-2.0411008e-20
3.495266e-12
-1.1147201e-19
3.495266e-12
-1.9751996e-19
3.4952659e-12
-2.8063097e-19
3.4952659e-12
-3.6270989e-19
3.4952659e-12
-4.4551049e-19
3.4952659e-12
-5.3065346e-19
3.4952658e-12
-6.1964229e-19
3.4952658e-12
-7.1387726e-19
3.4952657e-12
-8.1466753e-19
3.4952657e-12
-9.2324153e-19
3.4952656e-12
-1.0407557e-18
3.4952655e-12
-1.1683015e-18
3.4952654e-12
-1.3069114e-18
3.4952653e-12
-1.457563e-18
3.4952652e-12
-1.6211819e-18
3.4952651e-12
-1.7986438e-18
3.495265e-12
-1.9907745e-18
3.4952649e-12
-2.1983498e-18
3.4952647e-12
-2.4220934e-18
3.4952646e-12
-2.6626745e-18
3.4952644e-12
-2.9207035e-18
3.4952642e-12
-3.1967279e-18
3.495264e-12
-3.4912261e-18
3.4952638e-12
-3.8046011e-18
3.4952635e-12
-4.1371729e-18
3.4952633e-12
-4.4891706e-18
3.495263e-12
-4.8607225e-18
3.4952627e-12
-5.2518468e-18
3.4952624e-12
-5.6624405e-18
3.495262e-12
-6.0922676e-18
3.4952617e-12
-6.5409469e-18
3.4952613e-12
-7.0079381e-18
3.4952609e-12
-7.4925277e-18
3.4952605e-12
-7.9938134e-18
3.49526e-12
-8.5106867e-18
3.4952596e-12
-9.0418157e-18
3.4952591e-12
-9.5856241e-18
3.4952585e-12
-1.014027e-17
3.495258e-12
-1.0703622e-17
3.4952574e-12
-1.1273231e-17
3.4952568e-12
-1.1846303e-17
3.4952562e-12
-1.241966e-17
3.4952556e-12
-1.2989711e-17
3.4952549e-12
-1.3552401e-17
3.4952543e-12
-1.4103173e-17
3.4952536e-12
-1.4636918e-17
3.4952529e-12
-1.5147921e-17
3.4952522e-12
-1.5629821e-17
3.4952515e-12
-1.6075567e-17
3.4952507e-12
-1.6477396e-17
3.49525e-12
-1.6826836e-17
3.4952493e-12
-1.7114734e-17
3.4952485e-12
-1.7331516e-17
3.4952478e-12
-1.7467418e-17
3.4952471e-12
-1.7511145e-17
-1.7444551e-17
3.2890887e-12
-1.6586059e-13
3.3206207e-12
-4.5684734e-13
3.365781e-12
-7.0215538e-13
3.4188331e-12
-8.9958149e-13
3.474604e-12
-1.0499946e-12
3.5288473e-12
-1.1565506e-12
3.578402e-12
-1.223963e-12
3.6211817e-12
-1.257789e-12
3.6560515e-12
-1.2638257e-12
3.682646e-12
-1.2476674e-12
3.7011729e-12
-1.2144202e-12
3.7122289e-12
-1.1685506e-12
3.7166454e-12
-1.1138348e-12
3.7153665e-12
-1.0533749e-12
3.7093606e-12
-9.8965486e-13
3.6995602e-12
-9.2461762e-13
3.6868239e-12
-8.5974671e-13
3.6719167e-12
-7.9614615e-13
3.6555013e-12
-7.3461266e-13
3.6381393e-12
-6.7569853e-13
3.6202958e-12
-6.1976459e-13
3.6023488e-12
-5.6702387e-13
3.5845984e-12
-5.17577e-13
3.5672775e-12
-4.7144039e-13
3.5505617e-12
-4.2856855e-13
3.5345781e-12
-3.8887146e-13
3.5194144e-12
-3.522281e-13
3.5051254e-12
-3.1849679e-13
3.4917398e-12
-2.8752309e-13
3.4792654e-12
-2.5914578e-13
3.4676939e-12
-2.3320133e-13
3.4570046e-12
-2.0952717e-13
3.4471674e-12
-1.879641e-13
3.4381456e-12
-1.6835801e-13
3.4298981e-12
-1.5056104e-13
3.4223807e-12
-1.3443233e-13
3.415548e-12
-1.1983852e-13
3.4093538e-12
-1.0665395e-13
3.4037526e-12
-9.4760695e-14
3.3986997e-12
-8.404855e-14
3.3941521e-12
-7.4414798e-14
3.3900685e-12
-6.5764004e-14
3.3864097e-12
-5.8007716e-14
3.3831385e-12
-5.1064151e-14
3.3802202e-12
-4.4857858e-14
3.3776224e-12
-3.9319366e-14
3.3753149e-12
-3.4384834e-14
3.3732697e-12
-2.9995705e-14
3.371461e-12
-2.6098359e-14
3.3698651e-12
-2.2643782e-14
3.3684603e-12
-1.9587243e-14
3.3672266e-12
-1.6887986e-14
3.3661459e-12
-1.4508934e-14
3.3652018e-12
-1.2416412e-14
3.3643793e-12
-1.0579877e-14
3.3636648e-12
-8.9716735e-15
3.3630461e-12
-7.5667967e-15
3.3625121e-12
-6.3426719e-15
3.3620529e-12
-5.2789503e-15
3.3616597e-12
-4.3573168e-15
3.3613244e-12
-3.5613125e-15
3.3610398e-12
-2.8761691e-15
3.3607997e-12
-2.2886565e-15
3.3605982e-12
-1.786941e-15
3.3604305e-12
-1.3604553e-15
3.3602919e-12
-9.9977866e-16
3.3601786e-12
-6.965265e-16
3.360087e-12
-4.4324968e-16
3.3600141e-12
-2.3334186e-16
3.359957e-12
-6.0955043e-17
3.3599135e-12
7.9077558e-17
3.3598815e-12
1.9131173e-16
3.3598591e-12
2.7975613e-16
3.3598448e-12
3.4793031e-16
3.3598371e-12
3.9891724e-16
3.3598349e-12
4.3541095e-16
3.3598372e-12
4.5975944e-16
3.359843e-12
4.7400357e-16
3.3598516e-12
4.7991193e-16
3.3598624e-12
4.790123e-16
3.3598749e-12
4.7261985e-16
3.3598885e-12
4.6186245e-16
3.3599029e-12
4.4770334e-16
3.3599177e-12
4.3096128e-16
3.3599327e-12
4.1232868e-16
3.3599477e-12
3.9238763e-16
3.3599625e-12
3.7162417e-16
3.359977e-12
3.5044102e-16
3.359991e-12
3.2916873e-16
3.3600045e-12
3.0807564e-16
3.3600175e-12
2.8737666e-16
3.3600297e-12
2.6724089e-16
3.3600414e-12
2.4779849e-16
3.3600523e-12
2.2914652e-16
3.3600626e-12
2.1135415e-16
3.3600723e-12
1.9446723e-16
3.3600812e-12
1.7851212e-16
3.3600896e-12
1.6349919e-16
3.3600973e-12
1.4942569e-16
3.3601045e-12
1.3627834e-16
3.360111e-12
1.2403546e-16
3.3601171e-12
1.1266887e-16
3.3601226e-12
1.021454e-16
3.3601277e-12
9.2428306e-17
3.3601324e-12
8.3478343e-17
3.3601366e-12
7.525471e-17
3.3601404e-12
6.7715832e-17
3.3601439e-12
6.0819997e-17
3.3601471e-12
5.4525871e-17
3.3601499e-12
4.8792912e-17
3.3601525e-12
4.3581699e-17
3.3601548e-12
3.8854177e-17
3.3601569e-12
3.457385e-17
3.3601588e-12
3.0705906e-17
3.3601605e-12
2.7217311e-17
3.360162e-12
2.4076855e-17
3.3601633e-12
2.1255169e-17
3.3601645e-12
1.8724723e-17
3.3601656e-12
1.6459795e-17
3.3601665e-12
1.4436428e-17
3.3601673e-12
1.2632375e-17
3.360168e-12
1.1027032e-17
3.3601687e-12
9.6013649e-18
3.3601693e-12
8.3378324e-18
3.3601698e-12
7.2203051e-18
3.3601702e-12
6.2339832e-18
3.3601706e-12
5.3653138e-18
3.3601709e-12
4.6019092e-18
3.3601712e-12
3.9324661e-18
3.3601714e-12
3.3466883e-18
3.3601716e-12
2.8352106e-18
3.3601718e-12
2.3895267e-18
3.360172e-12
2.00192e-18
3.3601721e-12
1.6653982e-18
3.3601722e-12
1.3736309e-18
3.3601723e-12
1.1208917e-18
3.3601724e-12
9.0200335e-19
3.3601725e-12
7.1228646e-19
3.3601725e-12
5.4751216e-19
3.3601726e-12
4.0385784e-19
3.3601726e-12
2.7786638e-19
3.3601726e-12
1.6640847e-19
3.3601726e-12
6.6648121e-20
3.3601726e-12
-2.3989064e-20
3.3601726e-12
-1.0784472e-19
3.3601726e-12
-1.8705396e-19
3.3601726e-12
-2.6356918e-19
3.3601726e-12
-3.3918139e-19
3.3601725e-12
-4.1553942e-19
3.3601725e-12
-4.9416701e-19
3.3601725e-12
-5.7647791e-19
3.3601724e-12
-6.6378913e-19
3.3601723e-12
-7.5733242e-19
3.3601723e-12
-8.5826413e-19
3.3601722e-12
-9.6767348e-19
3.3601721e-12
-1.0865894e-18
3.360172e-12
-1.2159859e-18
3.3601719e-12
-1.3567861e-18
3.3601718e-12
-1.5098655e-18
3.3601717e-12
-1.676053e-18
3.3601716e-12
-1.8561318e-18
3.3601714e-12
-2.050839e-18
3.3601713e-12
-2.2608637e-18
3.3601711e-12
-2.4868445e-18
3.3601709e-12
-2.7293663e-18
3.3601707e-12
-2.9889554e-18
3.3601705e-12
-3.2660749e-18
3.3601702e-12
-3.5611179e-18
3.3601699e-12
-3.8744009e-18
3.3601697e-12
-4.2061562e-18
3.3601694e-12
-4.5565232e-18
3.360169e-12
-4.9255392e-18
3.3601687e-12
-5.3131295e-18
3.3601683e-12
-5.7190967e-18
3.3601679e-12
-6.1431087e-18
3.3601675e-12
-6.584687e-18
3.360167e-12
-7.0431928e-18
3.3601666e-12
-7.5178131e-18
3.3601661e-12
-8.0075449e-18
3.3601655e-12
-8.5111787e-18
3.360165e-12
-9.0272803e-18
3.3601644e-12
-9.5541697e-18
3.3601638e-12
-1.0089899e-17
3.3601631e-12
-1.0632228e-17
3.3601625e-12
-1.1178591e-17
3.3601618e-12
-1.1726068e-17
3.3601611e-12
-1.2271348e-17
3.3601603e-12
-1.2810677e-17
3.3601595e-12
-1.333982e-17
3.3601588e-12
-1.3854e-17
3.360158e-12
-1.434784e-17
3.3601572e-12
-1.4815305e-17
3.3601563e-12
-1.5249648e-17
3.3601555e-12
-1.564337e-17
3.3601547e-12
-1.5988196e-17
3.3601538e-12
-1.6275097e-17
3.360153e-12
-1.6494537e-17
3.3601521e-12
-1.6636691e-17
3.3601513e-12
-1.6690079e-17
-1.6638949e-17
3.2903451e-12
-1.7932073e-13
3.3245832e-12
-4.9108544e-13
3.3727555e-12
-7.5032766e-13
3.428099e-12
-9.5492501e-13
3.484697e-12
-1.1065926e-12
3.5378952e-12
-1.2097488e-12
3.5844334e-12
-1.2705013e-12
3.6223639e-12
-1.2957194e-12
3.6508423e-12
-1.2923041e-12
3.6698681e-12
-1.2666932e-12
3.6800269e-12
-1.224579e-12
3.6822667e-12
-1.1707904e-12
3.6777201e-12
-1.1092883e-12
3.6675739e-12
-1.0432286e-12
3.6529802e-12
-9.7506113e-13
3.6350017e-12
-9.0663912e-13
3.6145822e-12
-8.3932726e-13
3.5925352e-12
-7.7409908e-13
3.5695437e-12
-7.1162116e-13
3.5461684e-12
-6.5232325e-13
3.5228591e-12
-5.9645531e-13
3.4999682e-12
-5.4413293e-13
3.4777641e-12
-4.9537297e-13
3.4564449e-12
-4.5012115e-13
3.4361497e-12
-4.0827331e-13
3.4169696e-12
-3.6969141e-13
3.3989572e-12
-3.3421571e-13
3.3821342e-12
-3.0167372e-13
3.366498e-12
-2.7188692e-13
3.3520278e-12
-2.4467561e-13
3.3386888e-12
-2.1986236e-13
3.3264362e-12
-1.9727453e-13
3.315218e-12
-1.7674592e-13
3.3049779e-12
-1.5811784e-13
3.2956567e-12
-1.4123985e-13
3.2871944e-12
-1.2597005e-13
3.2795311e-12
-1.1217522e-13
3.2726079e-12
-9.9730768e-14
3.2663677e-12
-8.8520537e-14
3.2607557e-12
-7.8436548e-14
3.2557196e-12
-6.9378682e-14
3.2512099e-12
-6.1254314e-14
3.2471801e-12
-5.3977936e-14
3.2435868e-12
-4.7470758e-14
3.2403892e-12
-4.1660314e-14
3.2375499e-12
-3.6480072e-14
3.2350341e-12
-3.1869043e-14
3.2328098e-12
-2.7771411e-14
3.2308476e-12
-2.4136175e-14
3.2291207e-12
-2.0916799e-14
3.2276043e-12
-1.8070888e-14
3.2262762e-12
-1.5559874e-14
3.225116e-12
-1.3348723e-14
3.2241052e-12
-1.1405657e-14
3.2232272e-12
-9.701889e-15
3.222467e-12
-8.2113849e-15
3.2218108e-12
-6.9106303e-15
3.2212465e-12
-5.7784182e-15
3.2207632e-12
-4.7956514e-15
3.2203511e-12
-3.9451569e-15
3.2200013e-12
-3.211516e-15
3.219706e-12
-2.5809054e-15
3.2194583e-12
-2.0409517e-15
3.219252e-12
-1.5805966e-15
3.2190815e-12
-1.1899726e-15
3.218942e-12
-8.6029001e-16
3.2188292e-12
-5.8373176e-16
3.2187393e-12
-3.5335821e-16
3.218669e-12
-1.6301967e-16
3.2186153e-12
-7.2765499e-18
3.2185757e-12
1.1867325e-16
3.218548e-12
2.1906057e-16
3.2185301e-12
2.9760502e-16
3.2185205e-12
3.5756957e-16
3.2185176e-12
4.0180987e-16
3.2185202e-12
4.3281896e-16
3.2185272e-12
4.527675e-16
3.2185376e-12
4.6354024e-16
3.2185508e-12
4.667686e-16
3.2185659e-12
4.638602e-16
3.2185825e-12
4.5602516e-16
3.2186001e-12
4.4429976e-16
3.2186182e-12
4.2956758e-16
3.2186366e-12
4.125784e-16
3.218655e-12
3.9396498e-16
3.2186731e-12
3.7425805e-16
3.2186908e-12
3.5389963e-16
3.218708e-12
3.3325482e-16
3.2187246e-12
3.1262218e-16
3.2187404e-12
2.9224304e-16
3.2187555e-12
2.7230953e-16
3.2187697e-12
2.529718e-16
3.2187832e-12
2.3434426e-16
3.2187958e-12
2.1651104e-16
3.2188076e-12
1.9953087e-16
3.2188187e-12
1.8344115e-16
3.2188289e-12
1.6826167e-16
3.2188384e-12
1.5399768e-16
3.2188472e-12
1.4064266e-16
3.2188553e-12
1.2818061e-16
3.2188627e-12
1.1658806e-16
3.2188696e-12
1.0583578e-16
3.2188758e-12
9.5890201e-17
3.2188815e-12
8.6714678e-17
3.2188867e-12
7.8270473e-17
3.2188915e-12
7.0517626e-17
3.2188958e-12
6.3415657e-17
3.2188997e-12
5.6924138e-17
3.2189032e-12
5.1003163e-17
3.2189064e-12
4.5613714e-17
3.2189092e-12
4.0717954e-17
3.2189118e-12
3.6279444e-17
3.2189141e-12
3.2263306e-17
3.2189162e-12
2.8636335e-17
3.2189181e-12
2.5367071e-17
3.2189197e-12
2.2425834e-17
3.2189212e-12
1.9784734e-17
3.2189225e-12
1.7417658e-17
3.2189236e-12
1.5300233e-17
3.2189247e-12
1.3409787e-17
3.2189256e-12
1.1725284e-17
3.2189264e-12
1.0227259e-17
3.2189271e-12
8.8977475e-18
3.2189277e-12
7.7202077e-18
3.2189282e-12
6.6794405e-18
3.2189287e-12
5.7615108e-18
3.2189291e-12
4.9536665e-18
3.2189295e-12
4.2442606e-18
3.2189298e-12
3.622673e-18
3.2189301e-12
3.0792361e-18
3.2189303e-12
2.6051626e-18
3.2189305e-12
2.1924761e-18
3.2189307e-12
1.8339453e-18
3.2189308e-12
1.5230219e-18
3.2189309e-12
1.253781e-18
3.218931e-12
1.0208665e-18
3.2189311e-12
8.1943849e-19
3.2189312e-12
6.4512539e-19
3.2189312e-12
4.9397861e-19
3.2189313e-12
3.6243093e-19
3.2189313e-12
2.4725795e-19
3.2189313e-12
1.455425e-19
3.2189313e-12
5.4642092e-20
3.2189313e-12
-2.7840938e-20
3.2189313e-12
-1.0408664e-19
3.2189313e-12
-1.7608214e-19
3.2189313e-12
-2.4564403e-19
3.2189313e-12
-3.1443848e-19
3.2189312e-12
-3.8399925e-19
3.2189312e-12
-4.5574379e-19
3.2189312e-12
-5.3098738e-19
3.2189311e-12
-6.1095564e-19
3.218931e-12
-6.967953e-19
3.218931e-12
-7.8958342e-19
3.2189309e-12
-8.9033523e-19
3.2189308e-12
-1.0000105e-18
3.2189307e-12
-1.1195186e-18
3.2189306e-12
-1.2497225e-18
3.2189305e-12
-1.3914412e-18
3.2189304e-12
-1.5454518e-18
3.2189302e-12
-1.7124894e-18
3.2189301e-12
-1.8932471e-18
3.2189299e-12
-2.0883745e-18
3.2189297e-12
-2.2984752e-18
3.2189295e-12
-2.5241037e-18
3.2189293e-12
-2.7657613e-18
3.218929e-12
-3.0238914e-18
3.2189288e-12
-3.2988737e-18
3.2189285e-12
-3.5910178e-18
3.2189282e-12
-3.9005565e-18
3.2189278e-12
-4.2276375e-18
3.2189275e-12
-4.5723156e-18
3.2189271e-12
-4.9345428e-18
3.2189267e-12
-5.3141593e-18
3.2189263e-12
-5.7108825e-18
3.2189258e-12
-6.1242961e-18
3.2189253e-12
-6.5538379e-18
3.2189248e-12
-6.998787e-18
3.2189243e-12
-7.4582502e-18
3.2189237e-12
-7.9311465e-18
3.2189231e-12
-8.4161908e-18
3.2189224e-12
-8.9118756e-18
3.2189217e-12
-9.4164499e-18
3.218921e-12
-9.9278958e-18
3.2189203e-12
-1.0443901e-17
3.2189195e-12
-1.0961828e-17
3.2189188e-12
-1.1478674e-17
3.2189179e-12
-1.1991029e-17
3.2189171e-12
-1.2495024e-17
3.2189162e-12
-1.2986271e-17
3.2189153e-12
-1.3459793e-17
3.2189144e-12
-1.3909956e-17
3.2189135e-12
-1.4330393e-17
3.2189126e-12
-1.4713941e-17
3.2189116e-12
-1.5052596e-17
3.2189107e-12
-1.5337512e-17
3.2189098e-12
-1.5559199e-17
3.2189088e-12
-1.5707679e-17
3.2189079e-12
-1.5771563e-17
-1.5736994e-17
3.2918786e-12
-1.9431433e-13
3.3293148e-12
-5.285217e-13
3.3808814e-12
-8.0189423e-13
3.4385533e-12
-1.0125969e-12
3.4955673e-12
-1.1636066e-12
3.5468778e-12
-1.2610594e-12
3.589222e-12
-1.3128455e-12
3.6209226e-12
-1.32742e-12
3.6415588e-12
-1.3129403e-12
3.6516064e-12
-1.2767409e-12
3.652111e-12
-1.2250835e-12
3.644422e-12
-1.1631014e-12
3.629997e-12
-1.0948634e-12
3.6102686e-12
-1.0235002e-12
3.5865617e-12
-9.5135419e-13
3.56005e-12
-8.8012743e-13
3.5317389e-12
-8.1101619e-13
3.5024657e-12
-7.4482587e-13
3.4729101e-12
-6.8206555e-13
3.4436105e-12
-6.2302364e-13
3.4149822e-12
-5.6782705e-13
3.3873361e-12
-5.1648679e-13
3.3608956e-12
-4.689325e-13
3.3358129e-12
-4.2503844e-13
3.3121822e-12
-3.8464266e-13
3.290052e-12
-3.4756119e-13
3.2694346e-12
-3.1359825e-13
3.2503145e-12
-2.8255368e-13
3.2326556e-12
-2.5422805e-13
3.2164064e-12
-2.2842632e-13
3.2015043e-12
-2.0496026e-13
3.1878797e-12
-1.8364998e-13
3.1754587e-12
-1.6432489e-13
3.164165e-12
-1.4682419e-13
3.1539222e-12
-1.3099701e-13
3.1446546e-12
-1.1670239e-13
3.1362884e-12
-1.0380903e-13
3.1287526e-12
-9.219496e-14
3.1219792e-12
-8.1747191e-14
3.1159039e-12
-7.2361236e-14
3.1104659e-12
-6.394067e-14
3.1056082e-12
-5.6396666e-14
3.1012778e-12
-4.9647525e-14
3.0974253e-12
-4.3618223e-14
3.0940049e-12
-3.8239964e-14
3.0909746e-12
-3.3449756e-14
3.0882956e-12
-2.9189996e-14
3.0859323e-12
-2.5408087e-14
3.0838521e-12
-2.2056061e-14
3.0820256e-12
-1.9090236e-14
3.0804256e-12
-1.647088e-14
3.0790276e-12
-1.4161907e-14
3.0778095e-12
-1.2130581e-14
3.0767511e-12
-1.0347249e-14
3.0758342e-12
-8.7850858e-15
3.0750427e-12
-7.4198547e-15
3.0743618e-12
-6.2296908e-15
3.0737783e-12
-5.1948953e-15
3.0732804e-12
-4.2977456e-15
3.0728575e-12
-3.5223206e-15
3.0725003e-12
-2.8543376e-15
3.0722004e-12
-2.2810034e-15
3.0719504e-12
-1.790876e-15
3.0717435e-12
-1.3737381e-15
3.071574e-12
-1.0204801e-15
3.0714367e-12
-7.2299367e-16
3.0713271e-12
-4.7407356e-16
3.071241e-12
-2.6732842e-16
3.0711751e-12
-9.7098943e-17
3.0711262e-12
4.1616575e-17
3.0710917e-12
1.5323004e-16
3.0710691e-12
2.4162517e-16
3.0710565e-12
3.1021342e-16
3.0710521e-12
3.6198468e-16
3.0710543e-12
3.9955314e-16
3.0710619e-12
4.251987e-16
3.0710738e-12
4.4090439e-16
3.071089e-12
4.4839004e-16
3.0711066e-12
4.4914257e-16
3.071126e-12
4.4444318e-16
3.0711466e-12
4.3539177e-16
3.071168e-12
4.2292876e-16
3.0711897e-12
4.0785458e-16
3.0712114e-12
3.9084714e-16
3.0712329e-12
3.724773e-16
3.071254e-12
3.5322267e-16
3.0712744e-12
3.3347986e-16
3.0712941e-12
3.1357531e-16
3.0713129e-12
2.9377492e-16
3.0713309e-12
2.7429247e-16
3.0713479e-12
2.5529711e-16
3.0713639e-12
2.3691989e-16
3.071379e-12
2.1925953e-16
3.0713931e-12
2.0238742e-16
3.0714063e-12
1.86352e-16
3.0714186e-12
1.7118261e-16
3.0714299e-12
1.5689278e-16
3.0714405e-12
1.4348308e-16
3.0714502e-12
1.3094362e-16
3.0714591e-12
1.1925611e-16
3.0714673e-12
1.0839575e-16
3.0714748e-12
9.8332712e-17
3.0714816e-12
8.9033477e-17
3.0714879e-12
8.0461922e-17
3.0714936e-12
7.2580248e-17
3.0714987e-12
6.5349742e-17
3.0715034e-12
5.8731408e-17
3.0715077e-12
5.268648e-17
3.0715115e-12
4.7176832e-17
3.0715149e-12
4.2165307e-17
3.071518e-12
3.7615966e-17
3.0715208e-12
3.349428e-17
3.0715233e-12
2.9767268e-17
3.0715256e-12
2.6403587e-17
3.0715276e-12
2.337359e-17
3.0715293e-12
2.0649348e-17
3.0715309e-12
1.8204655e-17
3.0715323e-12
1.6014999e-17
3.0715336e-12
1.4057537e-17
3.0715347e-12
1.2311034e-17
3.0715356e-12
1.0755811e-17
3.0715365e-12
9.3736785e-18
3.0715372e-12
8.1478599e-18
3.0715379e-12
7.0629225e-18
3.0715385e-12
6.104698e-18
3.071539e-12
5.2602062e-18
3.0715394e-12
4.5175786e-18
3.0715398e-12
3.8659826e-18
3.0715401e-12
3.2955481e-18
3.0715404e-12
2.7972967e-18
3.0715406e-12
2.3630729e-18
3.0715408e-12
1.985479e-18
3.071541e-12
1.657813e-18
3.0715412e-12
1.3740093e-18
3.0715413e-12
1.1285841e-18
3.0715414e-12
9.1658267e-19
3.0715415e-12
7.3353087e-19
3.0715415e-12
5.7538989e-19
3.0715416e-12
4.3851401e-19
3.0715416e-12
3.1961151e-19
3.0715417e-12
2.1570873e-19
3.0715417e-12
1.2411681e-19
3.0715417e-12
4.2401295e-20
3.0715417e-12
-3.1645694e-20
3.0715417e-12
-1.0003081e-19
3.0715417e-12
-1.6458254e-19
3.0715417e-12
-2.2697194e-19
3.0715417e-12
-2.8873147e-19
3.0715416e-12
-3.5127165e-19
3.0715416e-12
-4.1589611e-19
3.0715415e-12
-4.8381467e-19
3.0715415e-12
-5.5615502e-19
3.0715414e-12
-6.3397265e-19
3.0715413e-12
-7.1825954e-19
3.0715413e-12
-8.0995131e-19
3.0715412e-12
-9.0993324e-19
3.0715411e-12
-1.0190449e-18
3.071541e-12
-1.1380841e-18
3.0715408e-12
-1.2678087e-18
3.0715407e-12
-1.408939e-18
3.0715405e-12
-1.5621576e-18
3.0715404e-12
-1.7281092e-18
3.0715402e-12
-1.9073995e-18
3.07154e-12
-2.1005929e-18
3.0715398e-12
-2.3082094e-18
3.0715396e-12
-2.5307214e-18
3.0715393e-12
-2.7685489e-18
3.071539e-12
-3.0220545e-18
3.0715387e-12
-3.2915379e-18
3.0715384e-12
-3.5772291e-18
3.071538e-12
-3.8792816e-18
3.0715377e-12
-4.1977646e-18
3.0715373e-12
-4.5326553e-18
3.0715368e-12
-4.8838296e-18
3.0715364e-12
-5.2510532e-18
3.0715359e-12
-5.6339712e-18
3.0715354e-12
-6.0320982e-18
3.0715348e-12
-6.4448064e-18
3.0715342e-12
-6.8713138e-18
3.0715336e-12
-7.3106708e-18
3.071533e-12
-7.761746e-18
3.0715323e-12
-8.2232103e-18
3.0715315e-12
-8.6935179e-18
3.0715308e-12
-9.170886e-18
3.07153e-12
-9.6532695e-18
3.0715292e-12
-1.0138332e-17
3.0715283e-12
-1.0623408e-17
3.0715274e-12
-1.1105462e-17
3.0715265e-12
-1.1581035e-17
3.0715256e-12
-1.2046179e-17
3.0715246e-12
-1.2496381e-17
3.0715236e-12
-1.292648e-17
3.0715226e-12
-1.3330568e-17
3.0715216e-12
-1.3701907e-17
3.0715206e-12
-1.4032839e-17
3.0715196e-12
-1.4314757e-17
3.0715186e-12
-1.4538264e-17
3.0715175e-12
-1.4693261e-17
3.0715165e-12
-1.476814e-17
-1.4751297e-17
3.293774e-12
-2.1120339e-13
3.3350092e-12
-5.697569e-13
3.3903716e-12
-8.5725657e-13
3.4502859e-12
-1.0725112e-12
3.5070502e-12
-1.2203708e-12
3.555293e-12
-1.3093023e-12
3.5919055e-12
-1.349458e-12
3.6156649e-12
-1.3511794e-12
3.6267414e-12
-1.3240168e-12
3.6262157e-12
-1.2762151e-12
3.6156756e-12
-1.2145434e-12
3.5969144e-12
-1.1443402e-12
3.5717249e-12
-1.0696739e-12
3.5417735e-12
-9.9354874e-13
3.5085327e-12
-9.1811347e-13
3.473256e-12
-8.4485069e-13
3.4369769e-12
-7.7473711e-13
3.4005247e-12
-7.0837369e-13
3.3645469e-12
-6.4608776e-13
3.3295347e-12
-5.880114e-13
3.295848e-12
-5.3414036e-13
3.263739e-12
-4.8437779e-13
3.2333727e-12
-4.3856616e-13
3.2048446e-12
-3.9651037e-13
3.1781961e-12
-3.579942e-13
3.1534268e-12
-3.2279185e-13
3.1305045e-12
-2.9067597e-13
3.1093739e-12
-2.6142307e-13
3.089963e-12
-2.3481711e-13
3.0721883e-12
-2.106517e-13
3.0559595e-12
-1.8873143e-13
3.041182e-12
-1.688725e-13
3.02776e-12
-1.5090292e-13
3.0155983e-12
-1.3466241e-13
3.0046033e-12
-1.2000206e-13
2.9946848e-12
-1.067839e-13
2.9857562e-12
-9.4880382e-14
2.977735e-12
-8.4173799e-14
2.9705435e-12
-7.455571e-14
2.9641086e-12
-6.5926359e-14
2.9583621e-12
-5.8194101e-14
2.9532403e-12
-5.1274848e-14
2.9486843e-12
-4.5091541e-14
2.9446397e-12
-3.9573644e-14
2.9410564e-12
-3.4656664e-14
2.9378883e-12
-3.0281706e-14
2.9350934e-12
-2.639504e-14
2.932633e-12
-2.2947711e-14
2.9304721e-12
-1.9895163e-14
2.9285788e-12
-1.7196891e-14
2.926924e-12
-1.4816117e-14
2.9254816e-12
-1.2719486e-14
2.9242278e-12
-1.0876785e-14
2.9231412e-12
-9.2606807e-15
2.9222026e-12
-7.8464762e-15
2.9213946e-12
-6.6118854e-15
2.9207018e-12
-5.536824e-15
2.9201101e-12
-4.603216e-15
2.9196072e-12
-3.7948151e-15
2.9191819e-12
-3.0970398e-15
2.9188244e-12
-2.4968216e-15
2.9185258e-12
-1.9824648e-15
2.9182785e-12
-1.5435182e-15
2.9180754e-12
-1.1706569e-15
2.9179105e-12
-8.55574e-16
2.9177784e-12
-5.908818e-16
2.9176743e-12
-3.7002087e-16
2.9175942e-12
-1.8717746e-16
2.9175343e-12
-3.7208067e-17
2.9174915e-12
8.4429261e-17
2.917463e-12
1.8173739e-16
2.9174463e-12
2.5823681e-16
2.9174395e-12
3.1701702e-16
2.9174407e-12
3.6078315e-16
2.9174484e-12
3.9189795e-16
2.9174612e-12
4.1241988e-16
2.9174779e-12
4.2413731e-16
2.9174977e-12
4.2859935e-16
2.9175197e-12
4.2714357e-16
2.9175433e-12
4.2092087e-16
2.9175677e-12
4.1091773e-16
2.9175927e-12
3.9797617e-16
2.9176177e-12
3.8281153e-16
2.9176425e-12
3.6602831e-16
2.9176669e-12
3.4813437e-16
2.9176906e-12
3.295534e-16
2.9177134e-12
3.1063609e-16
2.9177353e-12
2.9167001e-16
2.9177562e-12
2.7288824e-16
2.917776e-12
2.5447713e-16
2.9177947e-12
2.3658303e-16
2.9178123e-12
2.1931818e-16
2.9178288e-12
2.0276599e-16
2.9178442e-12
1.8698549e-16
2.9178586e-12
1.7201538e-16
2.9178719e-12
1.5787738e-16
2.9178842e-12
1.4457928e-16
2.9178955e-12
1.3211749e-16
2.917906e-12
1.2047924e-16
2.9179156e-12
1.0964453e-16
2.9179244e-12
9.9587679e-17
2.9179325e-12
9.0278773e-17
2.9179398e-12
8.168479e-17
2.9179465e-12
7.3770595e-17
2.9179526e-12
6.6499753e-17
2.9179581e-12
5.9835205e-17
2.9179631e-12
5.3739823e-17
2.9179676e-12
4.8176862e-17
2.9179717e-12
4.3110317e-17
2.9179753e-12
3.8505203e-17
2.9179786e-12
3.4327778e-17
2.9179816e-12
3.0545694e-17
2.9179842e-12
2.7128119e-17
2.9179866e-12
2.4045807e-17
2.9179887e-12
2.1271137e-17
2.9179905e-12
1.8778131e-17
2.9179922e-12
1.6542444e-17
2.9179937e-12
1.4541337e-17
2.917995e-12
1.2753641e-17
2.9179961e-12
1.1159701e-17
2.9179972e-12
9.7413209e-18
2.917998e-12
8.4816958e-18
2.9179988e-12
7.3653441e-18
2.9179995e-12
6.3780346e-18
2.9180001e-12
5.5067142e-18
2.9180006e-12
4.7394338e-18
2.9180011e-12
4.0652764e-18
2.9180015e-12
3.4742857e-18
2.9180018e-12
2.9573967e-18
2.9180021e-12
2.5063694e-18
2.9180024e-12
2.1137246e-18
2.9180026e-12
1.7726828e-18
2.9180027e-12
1.4771061e-18
2.9180029e-12
1.2214438e-18
2.918003e-12
1.0006805e-18
2.9180031e-12
8.1028813e-19
2.9180032e-12
6.461803e-19
2.9180033e-12
5.0467074e-19
2.9180034e-12
3.8243401e-19
2.9180034e-12
2.7646955e-19
2.9180034e-12
1.8406823e-19
2.9180034e-12
1.0278188e-19
2.9180035e-12
3.0395083e-20
2.9180035e-12
-3.5100361e-20
2.9180035e-12
-9.5528885e-20
2.9180034e-12
-1.5255226e-19
2.9180034e-12
-2.0768885e-19
2.9180034e-12
-2.6233071e-19
2.9180034e-12
-3.1775913e-19
2.9180033e-12
-3.7515826e-19
2.9180033e-12
-4.3562729e-19
2.9180032e-12
-5.0019102e-19
2.9180032e-12
-5.6980915e-19
2.9180031e-12
-6.4538409e-19
2.918003e-12
-7.2776766e-19
2.9180029e-12
-8.1776649e-19
2.9180028e-12
-9.161465e-19
2.9180027e-12
-1.0236361e-18
2.9180026e-12
-1.1409285e-18
2.9180024e-12
-1.2686834e-18
2.9180023e-12
-1.4075269e-18
2.9180021e-12
-1.558052e-18
2.9180019e-12
-1.7208165e-18
2.9180017e-12
-1.896342e-18
2.9180015e-12
-2.0851107e-18
2.9180012e-12
-2.2875624e-18
2.918001e-12
-2.5040903e-18
2.9180007e-12
-2.7350369e-18
2.9180004e-12
-2.9806882e-18
2.918e-12
-3.2412684e-18
2.9179997e-12
-3.5169336e-18
2.9179993e-12
-3.8077651e-18
2.9179989e-12
-4.1137621e-18
2.9179984e-12
-4.4348339e-18
2.9179979e-12
-4.7707919e-18
2.9179974e-12
-5.121341e-18
2.9179969e-12
-5.4860706e-18
2.9179963e-12
-5.8644446e-18
2.9179957e-12
-6.2557916e-18
2.917995e-12
-6.6592932e-18
2.9179943e-12
-7.0739728e-18
2.9179936e-12
-7.4986811e-18
2.9179929e-12
-7.9320815e-18
2.9179921e-12
-8.372632e-18
2.9179912e-12
-8.8185635e-18
2.9179904e-12
-9.2678537e-18
2.9179895e-12
-9.7181944e-18
2.9179885e-12
-1.016695e-17
2.9179875e-12
-1.0611105e-17
2.9179865e-12
-1.1047199e-17
2.9179855e-12
-1.1471243e-17
2.9179845e-12
-1.1878619e-17
2.9179834e-12
-1.2263967e-17
2.9179823e-12
-1.2621063e-17
2.9179812e-12
-1.2942692e-17
2.9179801e-12
-1.3220571e-17
2.9179791e-12
-1.3445418e-17
2.917978e-12
-1.360697e-17
2.9179769e-12
-1.3693495e-17
-1.3695218e-17
3.296151e-12
-2.3046942e-13
3.3419184e-12
-6.1552428e-13
3.4014668e-12
-9.1680495e-13
3.4633277e-12
-1.1343721e-12
3.5188032e-12
-1.2758463e-12
3.5623434e-12
-1.3528425e-12
3.5912349e-12
-1.3783495e-12
3.6049581e-12
-1.3649026e-12
3.6044767e-12
-1.3235354e-12
3.591614e-12
-1.2633524e-12
3.5685753e-12
-1.1915047e-12
3.5376214e-12
-1.1133863e-12
3.500869e-12
-1.0329215e-12
3.4601855e-12
-9.5286526e-13
3.4171484e-12
-8.750764e-13
3.3730447e-12
-8.0074694e-13
3.3288926e-12
-7.3058496e-13
3.2854742e-12
-6.6495529e-13
3.2433714e-12
-6.0398499e-13
3.2030006e-12
-5.4764067e-13
3.1646446e-12
-4.9578428e-13
3.1284794e-12
-4.4821266e-13
3.0945985e-12
-4.0468526e-13
3.0630314e-12
-3.649432e-13
3.0337593e-12
-3.2872211e-13
3.0067281e-12
-2.9576067e-13
2.9818582e-12
-2.6580606e-13
2.9590523e-12
-2.3861718e-13
2.9382018e-12
-2.1396656e-13
2.9191912e-12
-1.9164118e-13
2.9019024e-12
-1.7144262e-13
2.8862168e-12
-1.5318686e-13
2.8720176e-12
-1.3670376e-13
2.8591916e-12
-1.2183635e-13
2.8476297e-12
-1.0844014e-13
2.8372281e-12
-9.638229e-14
2.8278885e-12
-8.5540824e-14
2.8195186e-12
-7.5803878e-14
2.8120318e-12
-6.7068943e-14
2.8053476e-12
-5.9242176e-14
2.7993913e-12
-5.2237728e-14
2.7940935e-12
-4.5977135e-14
2.7893907e-12
-4.0388737e-14
2.7852242e-12
-3.5407143e-14
2.7815403e-12
-3.0972734e-14
2.7782898e-12
-2.7031198e-14
2.7754279e-12
-2.3533107e-14
2.7729137e-12
-2.0433515e-14
2.7707101e-12
-1.7691595e-14
2.7687835e-12
-1.5270297e-14
2.7671034e-12
-1.3136035e-14
2.7656423e-12
-1.1258393e-14
2.7643754e-12
-9.6098595e-15
2.7632803e-12
-8.1655787e-15
2.762337e-12
-6.9031181e-15
2.7615273e-12
-5.8022585e-15
2.7608353e-12
-4.8447982e-15
2.7602465e-12
-4.0143724e-15
2.7597479e-12
-3.2962875e-15
2.7593283e-12
-2.677368e-15
2.7589772e-12
-2.1458163e-15
2.7586859e-12
-1.6910838e-15
2.7584461e-12
-1.3037525e-15
2.7582509e-12
-9.7542671e-16
2.7580939e-12
-6.9863362e-16
2.7579698e-12
-4.6673297e-16
2.7578736e-12
-2.7383411e-16
2.7578011e-12
-1.1472054e-16
2.7577487e-12
1.5218814e-17
2.7577131e-12
1.200521e-16
2.7576915e-12
2.0336132e-16
2.7576814e-12
2.6829383e-16
2.7576808e-12
3.1760896e-16
2.7576879e-12
3.5372023e-16
2.757701e-12
3.7873345e-16
2.757719e-12
3.9448111e-16
2.7577406e-12
4.025533e-16
2.7577648e-12
4.043256e-16
2.757791e-12
4.0098406e-16
2.7578184e-12
3.9354764e-16
2.7578464e-12
3.8288826e-16
2.7578746e-12
3.6974878e-16
2.7579027e-12
3.5475896e-16
2.7579303e-12
3.3844977e-16
2.7579571e-12
3.2126606e-16
2.7579831e-12
3.0357784e-16
2.7580081e-12
2.8569024e-16
2.7580319e-12
2.6785235e-16
2.7580545e-12
2.5026505e-16
2.7580759e-12
2.3308783e-16
2.758096e-12
2.1644485e-16
2.7581149e-12
2.0043026e-16
2.7581326e-12
1.8511279e-16
2.758149e-12
1.7053983e-16
2.7581643e-12
1.5674097e-16
2.7581784e-12
1.4373101e-16
2.7581915e-12
1.3151265e-16
2.7582035e-12
1.2007873e-16
2.7582146e-12
1.0941426e-16
2.7582247e-12
9.9498013e-17
2.758234e-12
9.0304035e-17
2.7582425e-12
8.1802813e-17
2.7582502e-12
7.3962314e-17
2.7582572e-12
6.6748839e-17
2.7582636e-12
6.0127742e-17
2.7582694e-12
5.406401e-17
2.7582746e-12
4.8522754e-17
2.7582793e-12
4.3469587e-17
2.7582836e-12
3.8870938e-17
2.7582874e-12
3.4694287e-17
2.7582908e-12
3.0908352e-17
2.7582938e-12
2.7483212e-17
2.7582966e-12
2.4390409e-17
2.758299e-12
2.1602995e-17
2.7583012e-12
1.9095565e-17
2.7583031e-12
1.684426e-17
2.7583049e-12
1.4826752e-17
2.7583064e-12
1.3022214e-17
2.7583077e-12
1.1411278e-17
2.7583089e-12
9.9759824e-18
2.7583099e-12
8.6997175e-18
2.7583109e-12
7.567158e-18
2.7583117e-12
6.5641985e-18
2.7583124e-12
5.6778854e-18
2.758313e-12
4.8963475e-18
2.7583135e-12
4.2087269e-18
2.758314e-12
3.6051117e-18
2.7583144e-12
3.0764696e-18
2.7583147e-12
2.6145831e-18
2.758315e-12
2.2119886e-18
2.7583152e-12
1.8619163e-18
2.7583155e-12
1.5582346e-18
2.7583156e-12
1.2953961e-18
2.7583158e-12
1.0683878e-18
2.7583159e-12
8.7268341e-19
2.758316e-12
7.0419913e-19
2.7583161e-12
5.5925233e-19
2.7583162e-12
4.3452312e-19
2.7583162e-12
3.2701861e-19
2.7583163e-12
2.3404009e-19
2.7583163e-12
1.5315248e-19
2.7583163e-12
8.2156619e-20
2.7583163e-12
1.9063502e-20
2.7583163e-12
-3.7928854e-20
2.7583163e-12
-9.0456844e-20
2.7583163e-12
-1.4001035e-19
2.7583163e-12
-1.8795031e-19
2.7583163e-12
-2.3552418e-19
2.7583163e-12
-2.8388009e-19
2.7583162e-12
-3.3407912e-19
2.7583162e-12
-3.8710648e-19
2.7583161e-12
-4.4388093e-19
2.758316e-12
-5.0526332e-19
2.758316e-12
-5.7206356e-19
2.7583159e-12
-6.4504683e-19
2.7583158e-12
-7.2493834e-19
2.7583157e-12
-8.1242747e-19
2.7583156e-12
-9.0817063e-19
2.7583154e-12
-1.0127935e-18
2.7583153e-12
-1.1268922e-18
2.7583151e-12
-1.251034e-18
2.758315e-12
-1.3857566e-18
2.7583148e-12
-1.5315676e-18
2.7583146e-12
-1.6889427e-18
2.7583144e-12
-1.8583233e-18
2.7583141e-12
-2.0401135e-18
2.7583138e-12
-2.2346768e-18
2.7583135e-12
-2.4423322e-18
2.7583132e-12
-2.6633491e-18
2.7583129e-12
-2.8979428e-18
2.7583125e-12
-3.1462689e-18
2.7583121e-12
-3.4084173e-18
2.7583117e-12
-3.684406e-18
2.7583112e-12
-3.9741745e-18
2.7583107e-12
-4.2775767e-18
2.7583102e-12
-4.5943738e-18
2.7583096e-12
-4.9242267e-18
2.758309e-12
-5.2666877e-18
2.7583084e-12
-5.6211926e-18
2.7583077e-12
-5.9870513e-18
2.758307e-12
-6.3634385e-18
2.7583063e-12
-6.749383e-18
2.7583055e-12
-7.1437556e-18
2.7583047e-12
-7.5452549e-18
2.7583038e-12
-7.9523898e-18
2.7583029e-12
-8.3634578e-18
2.7583019e-12
-8.7765169e-18
2.758301e-12
-9.1893483e-18
2.7583e-12
-9.5994072e-18
2.7582989e-12
-1.0003757e-17
2.7582978e-12
-1.0398984e-17
2.7582967e-12
-1.0781087e-17
2.7582956e-12
-1.114534e-17
2.7582945e-12
-1.1486136e-17
2.7582933e-12
-1.1796812e-17
2.7582922e-12
-1.2069503e-17
2.758291e-12
-1.2295124e-17
2.7582899e-12
-1.2463251e-17
2.7582888e-12
-1.2561836e-17
-1.2582925e-17
3.2991803e-12
-2.5276478e-13
3.3503691e-12
-6.6671305e-13
3.41442e-12
-9.8085584e-13
3.4775826e-12
-1.1975348e-12
3.5301887e-12
-1.3284524e-12
3.5667866e-12
-1.3894403e-12
3.5854156e-12
-1.3969785e-12
3.5865806e-12
-1.3660677e-12
3.5722715e-12
-1.3092263e-12
3.5451879e-12
-1.2362687e-12
3.5082035e-12
-1.1545203e-12
3.4640395e-12
-1.0692223e-12
3.4150938e-12
-9.8397578e-13
3.3633751e-12
-9.011466e-13
3.3105015e-12
-8.2220276e-13
3.2577324e-12
-7.4797784e-13
3.2060166e-12
-6.7886925e-13
3.1560441e-12
-6.1498271e-13
3.1082942e-12
-5.5623516e-13
3.0630802e-12
-5.0242662e-13
3.0205853e-12
-4.532894e-13
2.980894e-12
-4.0852131e-13
2.9440161e-12
-3.6780745e-13
2.9099072e-12
-3.3083428e-13
2.8784834e-12
-2.9729825e-13
2.8496336e-12
-2.6691091e-13
2.8232291e-12
-2.3940157e-13
2.7991303e-12
-2.1451838e-13
2.7771922e-12
-1.9202849e-13
2.7572685e-12
-1.7171745e-13
2.7392143e-12
-1.5338844e-13
2.7228886e-12
-1.3686113e-13
2.7081554e-12
-1.2197056e-13
2.694885e-12
-1.0856599e-13
2.6829547e-12
-9.6509788e-14
2.6722487e-12
-8.5676317e-14
2.6626589e-12
-7.5950972e-14
2.6540842e-12
-6.7229233e-14
2.6464311e-12
-5.941581e-14
2.6396128e-12
-5.2423859e-14
2.6335493e-12
-4.6174258e-14
2.6281671e-12
-4.0594952e-14
2.6233987e-12
-3.5620349e-14
2.6191824e-12
-3.1190774e-14
2.6154616e-12
-2.7251961e-14
2.612185e-12
-2.37546e-14
2.6093058e-12
-2.065391e-14
2.6067815e-12
-1.7909254e-14
2.6045737e-12
-1.5483789e-14
2.6026476e-12
-1.3344136e-14
2.6009716e-12
-1.1460084e-14
2.5995175e-12
-9.8043159e-15
2.5982598e-12
-8.3521555e-15
2.5971756e-12
-7.0813362e-15
2.5962443e-12
-5.9717877e-15
2.5954474e-12
-5.0054401e-15
2.5947687e-12
-4.1660441e-15
2.5941933e-12
-3.4390054e-15
2.5937083e-12
-2.8112332e-15
2.5933019e-12
-2.2710003e-15
2.5929639e-12
-1.8078159e-15
2.5926851e-12
-1.4123083e-15
2.5924575e-12
-1.0761178e-15
2.5922739e-12
-7.9179858e-16
2.5921279e-12
-5.527294e-16
2.5920142e-12
-3.5303178e-16
2.5919279e-12
-1.8749546e-16
2.5918647e-12
-5.1510645e-17
2.5918209e-12
5.8993707e-17
2.5917934e-12
1.4760594e-16
2.5917792e-12
2.1748251e-16
2.5917761e-12
2.7139412e-16
2.591782e-12
3.117673e-16
2.591795e-12
3.407222e-16
2.5918136e-12
3.601065e-16
2.5918366e-12
3.7152607e-16
2.5918628e-12
3.7637259e-16
2.5918912e-12
3.7584824e-16
2.5919212e-12
3.7098802e-16
2.5919521e-12
3.6267963e-16
2.5919833e-12
3.5168126e-16
2.5920144e-12
3.3863757e-16
2.5920451e-12
3.2409383e-16
2.592075e-12
3.0850857e-16
2.592104e-12
2.9226482e-16
2.5921319e-12
2.7568006e-16
2.5921586e-12
2.5901503e-16
2.592184e-12
2.4248154e-16
2.592208e-12
2.2624933e-16
2.5922306e-12
2.1045216e-16
2.5922519e-12
1.9519308e-16
2.5922717e-12
1.8054909e-16
2.5922903e-12
1.6657528e-16
2.5923075e-12
1.5330829e-16
2.5923235e-12
1.4076944e-16
2.5923382e-12
1.2896743e-16
2.5923519e-12
1.1790061e-16
2.5923644e-12
1.07559e-16
2.5923759e-12
9.7925991e-17
2.5923864e-12
8.8979802e-17
2.592396e-12
8.0694733e-17
2.5924048e-12
7.3042207e-17
2.5924127e-12
6.5991657e-17
2.59242e-12
5.9511268e-17
2.5924265e-12
5.3568584e-17
2.5924325e-12
4.8131016e-17
2.5924378e-12
4.3166248e-17
2.5924426e-12
3.8642562e-17
2.592447e-12
3.4529105e-17
2.5924509e-12
3.0796076e-17
2.5924544e-12
2.7414884e-17
2.5924575e-12
2.4358247e-17
2.5924603e-12
2.1600268e-17
2.5924628e-12
1.9116471e-17
2.592465e-12
1.6883818e-17
2.592467e-12
1.4880709e-17
2.5924687e-12
1.3086957e-17
2.5924702e-12
1.1483755e-17
2.5924716e-12
1.0053638e-17
2.5924728e-12
8.780426e-18
2.5924738e-12
7.6491735e-18
2.5924748e-12
6.6461044e-18
2.5924756e-12
5.7585526e-18
2.5924763e-12
4.9748961e-18
2.5924769e-12
4.2844944e-18
2.5924774e-12
3.6776235e-18
2.5924779e-12
3.1454143e-18
2.5924783e-12
2.6797912e-18
2.5924786e-12
2.2734135e-18
2.5924789e-12
1.9196186e-18
2.5924791e-12
1.6123688e-18
2.5924794e-12
1.3461989e-18
2.5924795e-12
1.1161692e-18
2.5924797e-12
9.1781835e-19
2.5924798e-12
7.4712168e-19
2.5924799e-12
6.0045032e-19
2.59248e-12
4.745347e-19
2.5924801e-12
3.6642894e-19
2.5924801e-12
2.7347974e-19
2.5924802e-12
1.9329567e-19
2.5924802e-12
1.2372096e-19
2.5924802e-12
6.2809316e-20
2.5924802e-12
8.8021057e-21
2.5924802e-12
-3.9893689e-20
2.5924802e-12
-8.4723406e-20
2.5924802e-12
-1.2700304e-19
2.5924802e-12
-1.6793373e-19
2.5924802e-12
-2.0861683e-19
2.5924801e-12
-2.5006531e-19
2.5924801e-12
-2.93216e-19
2.59248e-12
-3.389383e-19
2.59248e-12
-3.8804387e-19
2.5924799e-12
-4.4129299e-19
2.5924798e-12
-4.9940204e-19
2.5924798e-12
-5.6304778e-19
2.5924797e-12
-6.3287287e-19
2.5924796e-12
-7.0948833e-19
2.5924795e-12
-7.9347728e-19
2.5924793e-12
-8.8539583e-19
2.5924792e-12
-9.8577523e-19
2.592479e-12
-1.0951213e-18
2.5924789e-12
-1.2139154e-18
2.5924787e-12
-1.3426121e-18
2.5924785e-12
-1.4816394e-18
2.5924782e-12
-1.6313952e-18
2.592478e-12
-1.7922457e-18
2.5924777e-12
-1.9645221e-18
2.5924774e-12
-2.148517e-18
2.5924771e-12
-2.3444804e-18
2.5924768e-12
-2.5526158e-18
2.5924764e-12
-2.7730746e-18
2.592476e-12
-3.0059523e-18
2.5924755e-12
-3.2512819e-18
2.5924751e-12
-3.5090291e-18
2.5924746e-12
-3.7790862e-18
2.5924741e-12
-4.0612663e-18
2.5924735e-12
-4.3552966e-18
2.5924729e-12
-4.660813e-18
2.5924722e-12
-4.9773525e-18
2.5924715e-12
-5.3043473e-18
2.5924708e-12
-5.6411171e-18
2.5924701e-12
-5.986862e-18
2.5924693e-12
-6.3406532e-18
2.5924684e-12
-6.7014237e-18
2.5924675e-12
-7.0679545e-18
2.5924666e-12
-7.4388596e-18
2.5924656e-12
-7.8125628e-18
2.5924646e-12
-8.1872675e-18
2.5924636e-12
-8.5609126e-18
2.5924625e-12
-8.9311125e-18
2.5924614e-12
-9.2950704e-18
2.5924603e-12
-9.6494634e-18
2.5924591e-12
-9.9902874e-18
2.592458e-12
-1.0312665e-17
2.5924568e-12
-1.0610613e-17
2.5924556e-12
-1.0876816e-17
2.5924544e-12
-1.1102472e-17
2.5924532e-12
-1.127703e-17
2.592452e-12
-1.1388065e-17
-1.1429072e-17
3.3031097e-12
-2.789895e-13
3.3607798e-12
-7.2438314e-13
3.4294547e-12
-1.0495308e-12
3.4927066e-12
-1.2607867e-12
3.5400865e-12
-1.3758323e-12
3.5667147e-12
-1.4160685e-12
3.5718885e-12
-1.4021523e-12
3.5575327e-12
-1.3517119e-12
3.5269059e-12
-1.2785995e-12
3.4836894e-12
-1.1930522e-12
3.4314308e-12
-1.1022617e-12
3.3732561e-12
-1.0110477e-12
3.3117597e-12
-9.2247936e-13
3.2489994e-12
-8.3838632e-13
3.1865462e-12
-7.597496e-13
3.1255562e-12
-6.8698782e-13
3.0668461e-12
-6.201592e-13
3.010964e-12
-5.5910054e-13
2.9582494e-12
-5.0352061e-13
2.9088843e-12
-4.5306152e-13
2.8629331e-12
-4.0733814e-13
2.8203744e-12
-3.6596266e-13
2.7811262e-12
-3.2855928e-13
2.7450644e-12
-2.9477246e-13
2.7120372e-12
-2.6427098e-13
2.6818758e-12
-2.3674951e-13
2.6544026e-12
-2.1192842e-13
2.6294371e-12
-1.8955283e-13
2.6067996e-12
-1.6939107e-13
2.5863151e-12
-1.5123293e-13
2.5678145e-12
-1.3488787e-13
2.5511367e-12
-1.2018325e-13
2.5361288e-12
-1.0696268e-13
2.5226472e-12
-9.5084441e-14
2.5105575e-12
-8.4420099e-14
2.4997344e-12
-7.485321e-14
2.4900616e-12
-6.6278175e-14
2.4814316e-12
-5.8599193e-14
2.4737451e-12
-5.1729338e-14
2.466911e-12
-4.5589721e-14
2.4608455e-12
-4.0108742e-14
2.4554719e-12
-3.5221419e-14
2.4507204e-12
-3.0868782e-14
2.4465269e-12
-2.6997331e-14
2.4428335e-12
-2.3558538e-14
2.4395873e-12
-2.050841e-14
2.4367405e-12
-1.7807079e-14
2.4342497e-12
-1.5418437e-14
2.4320757e-12
-1.3309804e-14
2.4301832e-12
-1.1451624e-14
2.4285403e-12
-9.8171846e-15
2.4271183e-12
-8.3823688e-15
2.4258916e-12
-7.1254189e-15
2.424837e-12
-6.0267266e-15
2.4239338e-12
-5.0686387e-15
2.4231637e-12
-4.2352797e-15
2.42251e-12
-3.5123886e-15
2.4219582e-12
-2.8871702e-15
2.4214951e-12
-2.3481588e-15
2.4211092e-12
-1.8850931e-15
2.4207902e-12
-1.4888023e-15
2.420529e-12
-1.1511014e-15
2.4203176e-12
-8.6469593e-16
2.4201489e-12
-6.2309491e-16
2.4200167e-12
-4.2053134e-16
2.4199155e-12
-2.518898e-16
2.4198407e-12
-1.1264061e-16
2.4197879e-12
1.2201514e-18
2.4197537e-12
9.3225067e-17
2.4197348e-12
1.6648479e-16
2.4197286e-12
2.237328e-16
2.4197326e-12
2.6736593e-16
2.4197449e-12
2.9948103e-16
2.4197637e-12
3.2190798e-16
2.4197876e-12
3.3623956e-16
2.4198152e-12
3.4385829e-16
2.4198456e-12
3.4596057e-16
2.4198779e-12
3.4357834e-16
2.4199113e-12
3.3759857e-16
2.4199452e-12
3.2878058e-16
2.4199791e-12
3.1777166e-16
2.4200126e-12
3.051209e-16
2.4200454e-12
2.912916e-16
2.4200773e-12
2.7667222e-16
2.4201079e-12
2.6158619e-16
2.4201373e-12
2.4630054e-16
2.4201653e-12
2.3103356e-16
2.4201918e-12
2.1596158e-16
2.4202169e-12
2.0122492e-16
2.4202404e-12
1.8693311e-16
2.4202624e-12
1.7316953e-16
2.4202829e-12
1.599954e-16
2.4203021e-12
1.474533e-16
2.4203198e-12
1.3557025e-16
2.4203362e-12
1.2436036e-16
2.4203514e-12
1.1382712e-16
2.4203653e-12
1.0396538e-16
2.4203781e-12
9.4763107e-17
2.4203898e-12
8.6202777e-17
2.4204005e-12
7.8262677e-17
2.4204103e-12
7.0917937e-17
2.4204192e-12
6.4141431e-17
2.4204273e-12
5.7904528e-17
2.4204346e-12
5.217771e-17
2.4204413e-12
4.6931092e-17
2.4204473e-12
4.2134841e-17
2.4204527e-12
3.7759519e-17
2.4204575e-12
3.3776349e-17
2.4204619e-12
3.0157432e-17
2.4204658e-12
2.6875904e-17
2.4204693e-12
2.3906054e-17
2.4204725e-12
2.1223408e-17
2.4204753e-12
1.880478e-17
2.4204778e-12
1.6628297e-17
2.42048e-12
1.4673407e-17
2.4204819e-12
1.2920868e-17
2.4204837e-12
1.1352725e-17
2.4204852e-12
9.9522715e-18
2.4204865e-12
8.7040121e-18
2.4204877e-12
7.5936098e-18
2.4204888e-12
6.6078338e-18
2.4204897e-12
5.7345032e-18
2.4204905e-12
4.9624289e-18
2.4204912e-12
4.2813548e-18
2.4204918e-12
3.681899e-18
2.4204923e-12
3.1554961e-18
2.4204927e-12
2.69434e-18
2.4204931e-12
2.2913296e-18
2.4204935e-12
1.9400151e-18
2.4204937e-12
1.6345477e-18
2.420494e-12
1.369631e-18
2.4204942e-12
1.1404753e-18
2.4204944e-12
9.4275412e-19
2.4204945e-12
7.7256383e-19
2.4204946e-12
6.2638511e-19
2.4204947e-12
5.0104759e-19
2.4204948e-12
3.9369659e-19
2.4204949e-12
3.0176246e-19
2.4204949e-12
2.2293201e-19
2.420495e-12
1.5512236e-19
2.420495e-12
9.6456718e-20
2.420495e-12
4.5242277e-20
2.420495e-12
-5.0065917e-23
2.420495e-12
-4.0804152e-20
2.420495e-12
-7.8275364e-20
2.420495e-12
-1.1360579e-19
2.420495e-12
-1.4783797e-19
2.420495e-12
-1.8192717e-19
2.4204949e-12
-2.1675238e-19
2.4204949e-12
-2.5312612e-19
2.4204948e-12
-2.9180304e-19
2.4204948e-12
-3.334875e-19
2.4204947e-12
-3.7884006e-19
2.4204947e-12
-4.2848315e-19
2.4204946e-12
-4.8300576e-19
2.4204945e-12
-5.4296731e-19
2.4204944e-12
-6.0890079e-19
2.4204943e-12
-6.8131511e-19
2.4204941e-12
-7.6069678e-19
2.420494e-12
-8.4751096e-19
2.4204939e-12
-9.4220182e-19
2.4204937e-12
-1.0451924e-18
2.4204935e-12
-1.156884e-18
2.4204933e-12
-1.2776546e-18
2.4204931e-12
-1.4078577e-18
2.4204928e-12
-1.5478193e-18
2.4204926e-12
-1.6978364e-18
2.4204923e-12
-1.8581728e-18
2.420492e-12
-2.0290568e-18
2.4204916e-12
-2.2106767e-18
2.4204912e-12
-2.4031772e-18
2.4204908e-12
-2.6066552e-18
2.4204904e-12
-2.8211551e-18
2.4204899e-12
-3.0466645e-18
2.4204895e-12
-3.2831091e-18
2.4204889e-12
-3.5303482e-18
2.4204884e-12
-3.7881698e-18
2.4204877e-12
-4.0562856e-18
2.4204871e-12
-4.3343267e-18
2.4204864e-12
-4.6218384e-18
2.4204857e-12
-4.918276e-18
2.4204849e-12
-5.2229995e-18
2.4204841e-12
-5.535269e-18
2.4204833e-12
-5.8542386e-18
2.4204824e-12
-6.1789487e-18
2.4204815e-12
-6.5083162e-18
2.4204805e-12
-6.8411193e-18
2.4204795e-12
-7.1759755e-18
2.4204784e-12
-7.5113067e-18
2.4204773e-12
-7.845287e-18
2.4204762e-12
-8.175764e-18
2.4204751e-12
-8.5001426e-18
2.4204739e-12
-8.815221e-18
2.4204727e-12
-9.1169658e-18
2.4204715e-12
-9.4002216e-18
2.4204703e-12
-9.6583905e-18
2.4204691e-12
-9.8831057e-18
2.4204678e-12
-1.0063735e-17
2.4204666e-12
-1.018744e-17
-1.0248775e-17
3.3083013e-12
-3.104058e-13
3.3736683e-12
-7.8975018e-13
3.4466682e-12
-1.1225307e-12
3.5078905e-12
-1.3220089e-12
3.5465947e-12
-1.4145364e-12
3.5592331e-12
-1.428707e-12
3.5470377e-12
-1.3899568e-12
3.5138016e-12
-1.3184758e-12
3.4642673e-12
-1.2290652e-12
3.4031357e-12
-1.1319206e-12
3.3345577e-12
-1.0336838e-12
3.2619417e-12
-9.3843164e-13
3.187942e-12
-8.4847961e-13
3.1145371e-12
-7.6498147e-13
3.0431415e-12
-6.8835397e-13
2.9747194e-12
-6.1856573e-13
2.909888e-12
-5.5532784e-13
2.8490036e-12
-4.9821612e-13
2.7922305e-12
-4.4674756e-13
2.7395954e-12
-4.0042633e-13
2.6910278e-12
-3.5877053e-13
2.6463915e-12
-3.2132643e-13
2.6055075e-12
-2.8767523e-13
2.5681702e-12
-2.5743521e-13
2.5341604e-12
-2.3026117e-13
2.5032534e-12
-2.058425e-13
2.4752255e-12
-1.839005e-13
2.4498581e-12
-1.6418545e-13
2.4269408e-12
-1.4647374e-13
2.4062729e-12
-1.3056504e-13
2.3876649e-12
-1.1627982e-13
2.3709386e-12
-1.0345699e-13
2.3559278e-12
-9.1951883e-14
2.3424778e-12
-8.1634434e-14
2.3304452e-12
-7.2387559e-14
2.3196978e-12
-6.4105757e-14
2.3101135e-12
-5.6693867e-14
2.3015803e-12
-5.0065984e-14
2.2939954e-12
-4.41445e-14
2.287265e-12
-3.885926e-14
2.2813031e-12
-3.4146818e-14
2.2760314e-12
-2.9949775e-14
2.2713788e-12
-2.6216198e-14
2.2672806e-12
-2.289909e-14
2.263678e-12
-1.995593e-14
2.2605178e-12
-1.7348251e-14
2.257752e-12
-1.5041265e-14
2.2553371e-12
-1.3003525e-14
2.2532339e-12
-1.1206615e-14
2.2514072e-12
-9.6248786e-15
2.2498251e-12
-8.235162e-15
2.2484594e-12
-7.0165884e-15
2.2472843e-12
-5.9503491e-15
2.2462771e-12
-5.0195141e-15
2.2454173e-12
-4.2088591e-15
2.2446867e-12
-3.5047081e-15
2.2440691e-12
-2.894789e-15
2.2435501e-12
-2.3681026e-15
2.2431167e-12
-1.9148022e-15
2.2427577e-12
-1.5260843e-15
2.242463e-12
-1.1940882e-15
2.2422237e-12
-9.1180495e-16
2.242032e-12
-6.72994e-16
2.241881e-12
-4.7210737e-16
2.2417647e-12
-3.0422052e-16
2.2416778e-12
-1.6496942e-16
2.2416156e-12
-5.049347e-17
2.2415742e-12
4.261649e-17
2.2415501e-12
1.1736527e-16
2.2415402e-12
1.7639604e-16
2.2415419e-12
2.2202898e-16
2.2415529e-12
2.5629624e-16
2.2415714e-12
2.8097351e-16
2.2415957e-12
2.9760849e-16
2.2416244e-12
3.0754656e-16
2.2416563e-12
3.1195384e-16
2.2416905e-12
3.1183791e-16
2.241726e-12
3.0806645e-16
2.2417622e-12
3.0138387e-16
2.2417985e-12
2.9242621e-16
2.2418346e-12
2.8173445e-16
2.2418699e-12
2.6976639e-16
2.2419043e-12
2.5690722e-16
2.2419375e-12
2.4347886e-16
2.2419693e-12
2.2974837e-16
2.2419997e-12
2.1593523e-16
2.2420285e-12
2.0221796e-16
2.2420558e-12
1.8873978e-16
2.2420814e-12
1.7561373e-16
2.2421054e-12
1.6292711e-16
2.2421278e-12
1.5074535e-16
2.2421487e-12
1.3911546e-16
2.2421681e-12
1.2806897e-16
2.242186e-12
1.1762452e-16
2.2422026e-12
1.0779012e-16
2.2422178e-12
9.856509e-17
2.2422319e-12
8.9941689e-17
2.2422447e-12
8.1906595e-17
2.2422565e-12
7.444211e-17
2.2422672e-12
6.7527205e-17
2.242277e-12
6.1138399e-17
2.2422859e-12
5.5250511e-17
2.2422939e-12
4.983727e-17
2.2423013e-12
4.4871841e-17
2.2423079e-12
4.0327238e-17
2.2423138e-12
3.6176678e-17
2.2423192e-12
3.2393852e-17
2.242324e-12
2.8953145e-17
2.2423283e-12
2.5829803e-17
2.2423322e-12
2.3000062e-17
2.2423357e-12
2.0441236e-17
2.2423388e-12
1.8131778e-17
2.2423415e-12
1.6051318e-17
2.242344e-12
1.4180675e-17
2.2423461e-12
1.2501856e-17
2.2423481e-12
1.0998042e-17
2.2423498e-12
9.6535602e-18
2.2423513e-12
8.4538503e-18
2.2423526e-12
7.3854208e-18
2.2423537e-12
6.4358063e-18
2.2423547e-12
5.5935147e-18
2.2423556e-12
4.8479784e-18
2.2423564e-12
4.1894991e-18
2.2423571e-12
3.6091974e-18
2.2423577e-12
3.0989569e-18
2.2423582e-12
2.6513761e-18
2.2423586e-12
2.2597145e-18
2.242359e-12
1.9178468e-18
2.2423593e-12
1.6202134e-18
2.2423596e-12
1.3617781e-18
2.2423598e-12
1.1379831e-18
2.24236e-12
9.4471149e-19
2.2423602e-12
7.7824606e-19
2.2423603e-12
6.3523718e-19
2.2423604e-12
5.1266598e-19
2.2423605e-12
4.0781671e-19
2.2423606e-12
3.1824442e-19
2.2423606e-12
2.4175162e-19
2.2423607e-12
1.763601e-19
2.2423607e-12
1.2029161e-19
2.2423607e-12
7.1943365e-20
2.2423608e-12
2.9872407e-20
2.2423608e-12
-7.2255023e-21
2.2423608e-12
-4.0528296e-20
2.2423608e-12
-7.1105682e-20
2.2423607e-12
-9.992871e-20
2.2423607e-12
-1.2788518e-19
2.2423607e-12
-1.557867e-19
2.2423607e-12
-1.8438172e-19
2.2423606e-12
-2.1436041e-19
2.2423606e-12
-2.4636569e-19
2.2423605e-12
-2.8099613e-19
2.2423605e-12
-3.1881516e-19
2.2423604e-12
-3.6035234e-19
2.2423603e-12
-4.0611101e-19
2.2423602e-12
-4.5656802e-19
2.2423601e-12
-5.1218001e-19
2.24236e-12
-5.733819e-19
2.2423599e-12
-6.4059186e-19
2.2423598e-12
-7.142087e-19
2.2423596e-12
-7.9461573e-19
2.2423595e-12
-8.8217713e-19
2.2423593e-12
-9.7724084e-19
2.2423591e-12
-1.0801341e-18
2.2423589e-12
-1.1911652e-18
2.2423586e-12
-1.3106188e-18
2.2423584e-12
-1.4387564e-18
2.2423581e-12
-1.5758108e-18
2.2423578e-12
-1.7219869e-18
2.2423575e-12
-1.8774548e-18
2.2423571e-12
-2.04235e-18
2.2423567e-12
-2.2167668e-18
2.2423563e-12
-2.4007576e-18
2.2423558e-12
-2.5943263e-18
2.2423553e-12
-2.7974275e-18
2.2423548e-12
-3.0099598e-18
2.2423543e-12
-3.2317653e-18
2.2423537e-12
-3.4626228e-18
2.242353e-12
-3.7022484e-18
2.2423524e-12
-3.950289e-18
2.2423517e-12
-4.2063231e-18
2.2423509e-12
-4.4698557e-18
2.2423501e-12
-4.7403196e-18
2.2423493e-12
-5.0170705e-18
2.2423484e-12
-5.2993876e-18
2.2423475e-12
-5.5864675e-18
2.2423465e-12
-5.8774202e-18
2.2423455e-12
-6.1712535e-18
2.2423445e-12
-6.4668542e-18
2.2423434e-12
-6.762945e-18
2.2423423e-12
-7.0580229e-18
2.2423411e-12
-7.3502492e-18
2.2423399e-12
-7.6372889e-18
2.2423387e-12
-7.9160632e-18
2.2423375e-12
-8.1824091e-18
2.2423363e-12
-8.4306468e-18
2.2423351e-12
-8.6530592e-18
2.2423338e-12
-8.839128e-18
2.2423326e-12
-8.9754597e-18
-9.0573638e-18
3.3152925e-12
-3.4880546e-13
3.3896362e-12
-8.6409389e-13
3.4658319e-12
-1.1987265e-12
3.5214867e-12
-1.3776637e-12
3.5465697e-12
-1.4396194e-12
3.5400099e-12
-1.4221471e-12
3.5058166e-12
-1.3557635e-12
3.4500949e-12
-1.2627541e-12
3.3791892e-12
-1.1581595e-12
3.2987356e-12
-1.051467e-12
3.2133062e-12
-9.4825443e-13
3.1263838e-12
-8.5150918e-13
3.0404887e-12
-7.6258453e-13
2.9573579e-12
-6.8185069e-13
2.8781222e-12
-6.0911825e-13
2.8034602e-12
-5.439037e-13
2.7337228e-12
-4.8559043e-13
2.6690295e-12
-4.3352282e-13
2.6093404e-12
-3.8705853e-13
2.5545096e-12
-3.4559552e-13
2.504323e-12
-3.0858395e-13
2.4585261e-12
-2.7552951e-13
2.416843e-12
-2.4599208e-13
2.3789897e-12
-2.1958191e-13
2.3446834e-12
-1.9595492e-13
2.3136486e-12
-1.7480765e-13
2.2856205e-12
-1.5587248e-13
2.2603482e-12
-1.3891314e-13
2.2375952e-12
-1.2372076e-13
2.2171406e-12
-1.1011035e-13
2.1987785e-12
-9.7917732e-14
2.1823184e-12
-8.6996922e-14
2.1675843e-12
-7.7217824e-14
2.1544142e-12
-6.8464279e-14
2.142659e-12
-6.063238e-14
2.1321823e-12
-5.3629014e-14
2.122859e-12
-4.7370617e-14
2.1145751e-12
-4.1782088e-14
2.1072265e-12
-3.6795854e-14
2.1007183e-12
-3.2351056e-14
2.0949643e-12
-2.8392832e-14
2.0898862e-12
-2.4871704e-14
2.085413e-12
-2.1743019e-14
2.0814804e-12
-1.8966476e-14
2.0780302e-12
-1.650569e-14
2.0750097e-12
-1.4327816e-14
2.0723717e-12
-1.2403206e-14
2.0700733e-12
-1.0705106e-14
2.068076e-12
-9.209381e-15
2.0663454e-12
-7.8942733e-15
2.0648504e-12
-6.7401752e-15
2.0635633e-12
-5.729431e-15
2.0624591e-12
-4.8461542e-15
2.0615156e-12
-4.0760621e-15
2.0607131e-12
-3.4063259e-15
2.0600338e-12
-2.825434e-15
2.0594621e-12
-2.3230675e-15
2.058984e-12
-1.8899873e-15
2.0585871e-12
-1.5179308e-15
2.0582606e-12
-1.1995177e-15
2.0579946e-12
-9.2816477e-16
2.0577808e-12
-6.9800765e-16
2.0576117e-12
-5.0382989e-16
2.0574806e-12
-3.4099842e-16
2.0573817e-12
-2.0540475e-16
2.0573102e-12
-9.3411662e-17
2.0572615e-12
-1.8046865e-18
2.0572319e-12
7.2251822e-17
2.057218e-12
1.3125455e-16
2.057217e-12
1.7739728e-16
2.0572264e-12
2.1260354e-16
2.0572441e-12
2.3855602e-16
2.0572684e-12
2.5672325e-16
2.0572976e-12
2.6838347e-16
2.0573305e-12
2.7464623e-16
2.057366e-12
2.7647181e-16
2.0574031e-12
2.7468855e-16
2.0574412e-12
2.700085e-16
2.0574795e-12
2.6304134e-16
2.0575177e-12
2.5430687e-16
2.0575552e-12
2.4424615e-16
2.0575917e-12
2.3323139e-16
2.057627e-12
2.2157477e-16
2.057661e-12
2.095363e-16
2.0576934e-12
1.9733074e-16
2.0577242e-12
1.8513372e-16
2.0577533e-12
1.730872e-16
2.0577807e-12
1.6130424e-16
2.0578065e-12
1.4987318e-16
2.0578306e-12
1.3886133e-16
2.057853e-12
1.2831824e-16
2.0578738e-12
1.1827847e-16
2.0578931e-12
1.0876405e-16
2.057911e-12
9.9786648e-17
2.0579274e-12
9.1349385e-17
2.0579425e-12
8.3448437e-17
2.0579564e-12
7.6074409e-17
2.0579691e-12
6.9213505e-17
2.0579807e-12
6.2848534e-17
2.0579912e-12
5.6959753e-17
2.0580009e-12
5.1525596e-17
2.0580096e-12
4.6523261e-17
2.0580175e-12
4.1929228e-17
2.0580246e-12
3.7719658e-17
2.0580311e-12
3.3870747e-17
2.0580369e-12
3.0358987e-17
2.0580421e-12
2.7161395e-17
2.0580468e-12
2.4255672e-17
2.0580511e-12
2.1620348e-17
2.0580548e-12
1.9234861e-17
2.0580582e-12
1.707964e-17
2.0580612e-12
1.513613e-17
2.0580638e-12
1.3386833e-17
2.0580662e-12
1.1815296e-17
2.0580683e-12
1.0406119e-17
2.0580702e-12
9.1449192e-18
2.0580718e-12
8.0183249e-18
2.0580732e-12
7.0139197e-18
2.0580745e-12
6.1202233e-18
2.0580756e-12
5.3266322e-18
2.0580766e-12
4.6233908e-18
2.0580774e-12
4.0015297e-18
2.0580782e-12
3.4528345e-18
2.0580788e-12
2.9697836e-18
2.0580794e-12
2.5455171e-18
2.0580798e-12
2.1737769e-18
2.0580802e-12
1.8488773e-18
2.0580806e-12
1.5656485e-18
2.0580809e-12
1.3194099e-18
2.0580811e-12
1.105918e-18
2.0580814e-12
9.2134296e-19
2.0580815e-12
7.6222149e-19
2.0580817e-12
6.2543609e-19
2.0580818e-12
5.0817332e-19
2.0580819e-12
4.0790617e-19
2.058082e-12
3.2235707e-19
2.0580821e-12
2.4948336e-19
2.0580821e-12
1.8744482e-19
2.0580822e-12
1.3459191e-19
2.0580822e-12
8.9437474e-20
2.0580822e-12
5.0647572e-20
2.0580822e-12
1.7016929e-20
2.0580823e-12
-1.2537996e-20
2.0580823e-12
-3.9000156e-20
2.0580822e-12
-6.3256825e-20
2.0580822e-12
-8.6117823e-20
2.0580822e-12
-1.083186e-19
2.0580822e-12
-1.3053594e-19
2.0580822e-12
-1.5338936e-19
2.0580821e-12
-1.774547e-19
2.0580821e-12
-2.0326399e-19
2.058082e-12
-2.3131731e-19
2.058082e-12
-2.6208111e-19
2.0580819e-12
-2.959988e-19
2.0580818e-12
-3.3348749e-19
2.0580817e-12
-3.7494767e-19
2.0580817e-12
-4.2075837e-19
2.0580816e-12
-4.712863e-19
2.0580814e-12
-5.2687927e-19
2.0580813e-12
-5.8787515e-19
2.0580812e-12
-6.5459357e-19
2.058081e-12
-7.273449e-19
2.0580808e-12
-8.0642018e-19
2.0580807e-12
-8.9210038e-19
2.0580805e-12
-9.8464448e-19
2.0580802e-12
-1.0842994e-18
2.05808e-12
-1.191286e-18
2.0580797e-12
-1.3058098e-18
2.0580794e-12
-1.4280455e-18
2.0580791e-12
-1.5581481e-18
2.0580788e-12
-1.6962358e-18
2.0580784e-12
-1.8424026e-18
2.058078e-12
-1.9966993e-18
2.0580775e-12
-2.1591471e-18
2.0580771e-12
-2.3297178e-18
2.0580766e-12
-2.5083488e-18
2.058076e-12
-2.6949219e-18
2.0580755e-12
-2.8892807e-18
2.0580748e-12
-3.0912083e-18
2.0580742e-12
-3.3004472e-18
2.0580735e-12
-3.5166774e-18
2.0580728e-12
-3.7395378e-18
2.058072e-12
-3.9686065e-18
2.0580712e-12
-4.2034234e-18
2.0580703e-12
-4.4434719e-18
2.0580694e-12
-4.6882034e-18
2.0580685e-12
-4.9370169e-18
2.0580675e-12
-5.1892798e-18
2.0580665e-12
-5.4442978e-18
2.0580654e-12
-5.7013147e-18
2.0580643e-12
-5.9594459e-18
2.0580632e-12
-6.2176138e-18
2.058062e-12
-6.4743794e-18
2.0580608e-12
-6.7277161e-18
2.0580596e-12
-6.9746119e-18
2.0580584e-12
-7.2105648e-18
2.0580572e-12
-7.4287989e-18
2.058056e-12
-7.6191196e-18
2.0580548e-12
-7.7678399e-18
-7.8702875e-18
3.3248282e-12
-3.9674085e-13
3.4092206e-12
-9.4848626e-13
3.4859288e-12
-1.2754347e-12
3.5303125e-12
-1.4220474e-12
3.5348691e-12
-1.444176e-12
3.5026059e-12
-1.3898839e-12
3.4412429e-12
-1.2944006e-12
3.3595117e-12
-1.1810229e-12
3.265274e-12
-1.0639218e-12
3.1648236e-12
-9.5101661e-13
3.0628258e-12
-8.4625659e-13
2.9625338e-12
-7.5121721e-13
2.8660864e-12
-6.6613708e-13
2.7747917e-12
-5.90556e-13
2.6893642e-12
-5.2369074e-13
2.6101074e-12
-4.6464695e-13
2.5370494e-12
-4.125324e-13
2.4700394e-12
-3.6651279e-13
2.4088159e-12
-3.2583508e-13
2.3530537e-12
-2.8983335e-13
2.3023954e-12
-2.5792557e-13
2.2564722e-12
-2.296064e-13
2.2149185e-12
-2.0443836e-13
2.1773797e-12
-1.8204312e-13
2.143518e-12
-1.6209318e-13
2.113015e-12
-1.4430462e-13
2.0855732e-12
-1.284307e-13
2.0609164e-12
-1.1425636e-13
2.0387892e-12
-1.0159361e-13
2.0189565e-12
-9.0277621e-14
2.0012022e-12
-8.0163382e-14
1.9853282e-12
-7.1122956e-14
1.9711535e-12
-6.3043132e-14
1.9585127e-12
-5.5823458e-14
1.9472549e-12
-4.937458e-14
1.9372427e-12
-4.3616832e-14
1.9283511e-12
-3.847904e-14
1.9204665e-12
-3.3897502e-14
1.9134858e-12
-2.9815112e-14
1.9073154e-12
-2.6180608e-14
1.9018704e-12
-2.2947927e-14
1.8970744e-12
-2.0075633e-14
1.8928578e-12
-1.7526431e-14
1.889158e-12
-1.5266735e-14
1.8859186e-12
-1.326629e-14
1.8830887e-12
-1.1497835e-14
1.8806223e-12
-9.9368082e-15
1.8784782e-12
-8.561082e-15
1.8766196e-12
-7.3507274e-15
1.8750131e-12
-6.287802e-15
1.8736291e-12
-5.3561604e-15
1.872441e-12
-4.5412829e-15
1.8714249e-12
-3.8301206e-15
1.8705598e-12
-3.2109558e-15
1.8698268e-12
-2.6732755e-15
1.869209e-12
-2.2076563e-15
1.8686916e-12
-1.80566e-15
1.8682613e-12
-1.4597391e-15
1.8679066e-12
-1.1631507e-15
1.8676169e-12
-9.0987788e-16
1.8673833e-12
-6.9455881e-16
1.8671977e-12
-5.1242178e-16
1.8670531e-12
-3.5922654e-16
1.8669433e-12
-2.3121069e-16
1.866863e-12
-1.2504124e-16
1.8668073e-12
-3.7770489e-17
1.8667723e-12
3.3203899e-17
1.8667544e-12
9.0175127e-17
1.8667505e-12
1.3516001e-16
1.866758e-12
1.6992866e-16
1.8667745e-12
1.9603118e-16
1.8667983e-12
2.1482195e-16
1.8668275e-12
2.2748129e-16
1.8668609e-12
2.3503517e-16
1.8668971e-12
2.3837277e-16
1.8669353e-12
2.3826237e-16
1.8669747e-12
2.3536552e-16
1.8670144e-12
2.3024977e-16
1.8670541e-12
2.2340003e-16
1.8670931e-12
2.1522875e-16
1.8671313e-12
2.0608494e-16
1.8671683e-12
1.9626224e-16
1.8672038e-12
1.8600608e-16
1.8672379e-12
1.7552006e-16
1.8672702e-12
1.649715e-16
1.8673009e-12
1.544965e-16
1.8673297e-12
1.4420424e-16
1.8673569e-12
1.3418093e-16
1.8673822e-12
1.244931e-16
1.8674059e-12
1.1519066e-16
1.8674279e-12
1.0630944e-16
1.8674483e-12
9.787349e-17
1.8674672e-12
8.9897022e-17
1.8674846e-12
8.2386153e-17
1.8675006e-12
7.5340349e-17
1.8675153e-12
6.8753726e-17
1.8675288e-12
6.2616119e-17
1.8675411e-12
5.6914038e-17
1.8675523e-12
5.163144e-17
1.8675625e-12
4.6750429e-17
1.8675718e-12
4.2251789e-17
1.8675802e-12
3.8115496e-17
1.8675878e-12
3.432107e-17
1.8675946e-12
3.0847939e-17
1.8676008e-12
2.7675663e-17
1.8676064e-12
2.478418e-17
1.8676114e-12
2.2153942e-17
1.8676159e-12
1.976607e-17
1.8676199e-12
1.7602425e-17
1.8676235e-12
1.5645707e-17
1.8676267e-12
1.3879464e-17
1.8676296e-12
1.2288161e-17
1.8676321e-12
1.0857152e-17
1.8676343e-12
9.5727128e-18
1.8676363e-12
8.4219991e-18
1.8676381e-12
7.3930571e-18
1.8676396e-12
6.4747641e-18
1.867641e-12
5.6568313e-18
1.8676422e-12
4.9297345e-18
1.8676432e-12
4.2847104e-18
1.8676441e-12
3.713684e-18
1.8676449e-12
3.2092609e-18
1.8676456e-12
2.7646555e-18
1.8676462e-12
2.3736815e-18
1.8676467e-12
2.0306827e-18
1.8676471e-12
1.7305235e-18
1.8676475e-12
1.468524e-18
1.8676479e-12
1.2404509e-18
1.8676481e-12
1.0424578e-18
1.8676484e-12
8.710776e-19
1.8676486e-12
7.231678e-19
1.8676487e-12
5.9590483e-19
1.8676489e-12
4.8673446e-19
1.867649e-12
3.9336801e-19
1.8676491e-12
3.1373797e-19
1.8676492e-12
2.4599569e-19
1.8676492e-12
1.884722e-19
1.8676493e-12
1.396772e-19
1.8676493e-12
9.8264595e-20
1.8676493e-12
6.3032772e-20
1.8676493e-12
3.2894385e-20
1.8676494e-12
6.8777281e-21
1.8676494e-12
-1.5899635e-20
1.8676494e-12
-3.6228513e-20
1.8676493e-12
-5.4831111e-20
1.8676493e-12
-7.2357726e-20
1.8676493e-12
-8.9406978e-20
1.8676493e-12
-1.0652149e-19
1.8676493e-12
-1.2420589e-19
1.8676492e-12
-1.4292136e-19
1.8676492e-12
-1.6310197e-19
1.8676491e-12
-1.8514797e-19
1.8676491e-12
-2.0944101e-19
1.867649e-12
-2.3633584e-19
1.867649e-12
-2.6617514e-19
1.8676489e-12
-2.9927933e-19
1.8676488e-12
-3.3596147e-19
1.8676487e-12
-3.7651491e-19
1.8676486e-12
-4.2122893e-19
1.8676485e-12
-4.7037374e-19
1.8676483e-12
-5.2421743e-19
1.8676482e-12
-5.8300807e-19
1.867648e-12
-6.469924e-19
1.8676479e-12
-7.1639474e-19
1.8676477e-12
-7.9143782e-19
1.8676475e-12
-8.7231831e-19
1.8676472e-12
-9.5923016e-19
1.867647e-12
-1.0523366e-18
1.8676467e-12
-1.1517963e-18
1.8676464e-12
-1.2577317e-18
1.8676461e-12
-1.370258e-18
1.8676457e-12
-1.4894488e-18
1.8676453e-12
-1.6153672e-18
1.8676449e-12
-1.7480287e-18
1.8676445e-12
-1.8874359e-18
1.867644e-12
-2.0335382e-18
1.8676435e-12
-2.1862695e-18
1.867643e-12
-2.3455069e-18
1.8676424e-12
-2.5111108e-18
1.8676418e-12
-2.682883e-18
1.8676411e-12
-2.8606109e-18
1.8676404e-12
-3.0440249e-18
1.8676397e-12
-3.2328472e-18
1.8676389e-12
-3.4267512e-18
1.8676381e-12
-3.6254138e-18
1.8676372e-12
-3.8284785e-18
1.8676363e-12
-4.03561e-18
1.8676354e-12
-4.2464596e-18
1.8676344e-12
-4.4607155e-18
1.8676334e-12
-4.6780585e-18
1.8676323e-12
-4.8981857e-18
1.8676312e-12
-5.1207158e-18
1.8676301e-12
-5.345116e-18
1.8676289e-12
-5.570443e-18
1.8676277e-12
-5.795002e-18
1.8676266e-12
-6.0157065e-18
1.8676254e-12
-6.2271389e-18
1.8676242e-12
-6.4199326e-18
1.867623e-12
-6.5801291e-18
-6.7029723e-18
3.33796e-12
-4.5780806e-13
3.4325982e-12
-1.0431245e-12
3.50434e-12
-1.3471765e-12
3.5285684e-12
-1.4462757e-12
3.5033152e-12
-1.4189229e-12
3.437683e-12
-1.3242516e-12
3.343909e-12
-1.2006266e-12
3.2333232e-12
-1.0704371e-12
3.1148711e-12
-9.4546969e-13
2.9949635e-12
-8.3110903e-13
2.8778633e-12
-7.2915639e-13
2.7662027e-12
-6.395566e-13
2.6614556e-12
-5.6138998e-13
2.5643112e-12
-4.9341159e-13
2.4749478e-12
-4.3432732e-13
2.3932243e-12
-3.8292343e-13
2.3188099e-12
-3.38118e-13
2.2512699e-12
-2.9897275e-13
2.1901208e-12
-2.6468601e-13
2.1348657e-12
-2.3457821e-13
2.0850152e-12
-2.080751e-13
2.0401004e-12
-1.8469163e-13
1.9996796e-12
-1.6401753e-13
1.9633413e-12
-1.457048e-13
1.9307054e-12
-1.2945727e-13
1.9014226e-12
-1.1502185e-13
1.8751732e-12
-1.0218136e-13
1.8516655e-12
-9.0748647e-14
1.8306336e-12
-8.0561683e-14
1.8118356e-12
-7.1479643e-14
1.7950519e-12
-6.3379608e-14
1.7800828e-12
-5.6153878e-14
1.7667474e-12
-4.9707743e-14
1.7548816e-12
-4.3957636e-14
1.7443366e-12
-3.8829597e-14
1.7349777e-12
-3.4257983e-14
1.7266831e-12
-3.0184388e-14
1.7193423e-12
-2.6556733e-14
1.7128557e-12
-2.3328486e-14
1.7071331e-12
-2.0458007e-14
1.7020931e-12
-1.790798e-14
1.6976624e-12
-1.5644926e-14
1.6937748e-12
-1.363878e-14
1.6903706e-12
-1.1862526e-14
1.6873962e-12
-1.0291874e-14
1.6848033e-12
-8.9049769e-15
1.6825487e-12
-7.6821866e-15
1.6805934e-12
-6.6058283e-15
1.6789027e-12
-5.6600072e-15
1.6774453e-12
-4.830433e-15
1.6761934e-12
-4.1042634e-15
1.6751221e-12
-3.4699635e-15
1.6742092e-12
-2.9171793e-15
1.6734348e-12
-2.4366239e-15
1.6727815e-12
-2.019974e-15
1.6722337e-12
-1.6597772e-15
1.6717774e-12
-1.3493671e-15
1.6714004e-12
-1.0827872e-15
1.671092e-12
-8.5472132e-16
1.6708425e-12
-6.6043038e-16
1.6706437e-12
-4.9569549e-16
1.670488e-12
-3.5676592e-16
1.6703691e-12
-2.4031199e-16
1.6702813e-12
-1.4338231e-16
1.6702196e-12
-6.3365082e-17
1.6701798e-12
2.0471436e-18
1.6701581e-12
5.4889212e-17
1.6701513e-12
9.6952218e-17
1.6701567e-12
1.2980953e-16
1.6701718e-12
1.5484033e-16
1.6701945e-12
1.7325087e-16
1.6702233e-12
1.8609361e-16
1.6702565e-12
1.9428446e-16
1.6702929e-12
1.9861829e-16
1.6703315e-12
1.9978287e-16
1.6703714e-12
1.9837139e-16
1.6704118e-12
1.9489362e-16
1.6704523e-12
1.8978596e-16
1.6704923e-12
1.834204e-16
1.6705314e-12
1.7611247e-16
1.6705694e-12
1.681284e-16
1.6706059e-12
1.5969141e-16
1.6706409e-12
1.5098734e-16
1.6706743e-12
1.4216963e-16
1.6707059e-12
1.3336371e-16
1.6707357e-12
1.2467091e-16
1.6707638e-12
1.1617184e-16
1.67079e-12
1.0792944e-16
1.6708145e-12
9.9991622e-17
1.6708373e-12
9.2393563e-17
1.6708585e-12
8.5159724e-17
1.670878e-12
7.8305633e-17
1.6708961e-12
7.183938e-17
1.6709127e-12
6.5762971e-17
1.670928e-12
6.0073438e-17
1.670942e-12
5.4763849e-17
1.6709548e-12
4.9824123e-17
1.6709664e-12
4.5241771e-17
1.6709771e-12
4.1002478e-17
1.6709867e-12
3.7090646e-17
1.6709955e-12
3.3489792e-17
1.6710034e-12
3.0182939e-17
1.6710106e-12
2.7152883e-17
1.671017e-12
2.4382463e-17
1.6710229e-12
2.1854727e-17
1.6710281e-12
1.9553123e-17
1.6710328e-12
1.7461578e-17
1.671037e-12
1.5564639e-17
1.6710407e-12
1.3847491e-17
1.6710441e-12
1.2296053e-17
1.6710471e-12
1.0896962e-17
1.6710497e-12
9.6376307e-18
1.6710521e-12
8.5062115e-18
1.6710542e-12
7.4916307e-18
1.671056e-12
6.5835338e-18
1.6710576e-12
5.7723068e-18
1.671059e-12
5.0490111e-18
1.6710603e-12
4.405396e-18
1.6710614e-12
3.833828e-18
1.6710624e-12
3.3272982e-18
1.6710632e-12
2.8793501e-18
1.6710639e-12
2.484084e-18
1.6710645e-12
2.1360864e-18
1.6710651e-12
1.8304328e-18
1.6710656e-12
1.5626196e-18
1.671066e-12
1.3285679e-18
1.6710663e-12
1.1245586e-18
1.6710666e-12
9.4723632e-19
1.6710668e-12
7.9355022e-19
1.671067e-12
6.6075784e-19
1.6710672e-12
5.4637117e-19
1.6710674e-12
4.4816129e-19
1.6710675e-12
3.6410958e-19
1.6710676e-12
2.9241306e-19
1.6710677e-12
2.3144062e-19
1.6710677e-12
1.7973893e-19
1.6710678e-12
1.3599354e-19
1.6710678e-12
9.9035278e-20
1.6710679e-12
6.7805762e-20
1.6710679e-12
4.1364191e-20
1.6710679e-12
1.8856978e-20
1.6710679e-12
-4.7519443e-22
1.6710679e-12
-1.7324096e-20
1.6710679e-12
-3.2306599e-20
1.6710679e-12
-4.5988251e-20
1.6710679e-12
-5.887559e-20
1.6710679e-12
-7.1437106e-20
1.6710678e-12
-8.4095056e-20
1.6710678e-12
-9.7244383e-20
1.6710678e-12
-1.1124384e-19
1.6710678e-12
-1.2643347e-19
1.6710677e-12
-1.4312472e-19
1.6710677e-12
-1.616171e-19
1.6710676e-12
-1.8218697e-19
1.6710675e-12
-2.05104e-19
1.6710675e-12
-2.3061823e-19
1.6710674e-12
-2.5897693e-19
1.6710673e-12
-2.9040952e-19
1.6710672e-12
-3.2514556e-19
1.6710671e-12
-3.6339692e-19
1.671067e-12
-4.0537754e-19
1.6710669e-12
-4.512825e-19
1.6710667e-12
-5.0131007e-19
1.6710666e-12
-5.5563726e-19
1.6710664e-12
-6.1444464e-19
1.6710662e-12
-6.7788811e-19
1.671066e-12
-7.4612684e-19
1.6710657e-12
-8.1929116e-19
1.6710655e-12
-8.9751373e-19
1.6710652e-12
-9.8089363e-19
1.6710649e-12
-1.069531e-18
1.6710646e-12
-1.1634872e-18
1.6710642e-12
-1.2628233e-18
1.6710638e-12
-1.3675566e-18
1.6710634e-12
-1.4777026e-18
1.671063e-12
-1.5932287e-18
1.6710625e-12
-1.7140998e-18
1.671062e-12
-1.8402299e-18
1.6710615e-12
-1.9715309e-18
1.6710609e-12
-2.107864e-18
1.6710603e-12
-2.2490917e-18
1.6710596e-12
-2.3950301e-18
1.671059e-12
-2.5455052e-18
1.6710582e-12
-2.7003083e-18
1.6710575e-12
-2.8592576e-18
1.6710567e-12
-3.0221587e-18
1.6710558e-12
-3.1888726e-18
1.6710549e-12
-3.3592834e-18
1.671054e-12
-3.5333699e-18
1.671053e-12
-3.7111753e-18
1.671052e-12
-3.892868e-18
1.671051e-12
-4.0786811e-18
1.6710499e-12
-4.2689007e-18
1.6710488e-12
-4.4636581e-18
1.6710477e-12
-4.6626461e-18
1.6710465e-12
-4.8644734e-18
1.6710454e-12
-5.0655254e-18
1.6710442e-12
-5.2578279e-18
1.671043e-12
-5.4280744e-18
-5.5706788e-18
3.3559643e-12
-5.3687954e-13
3.4586552e-12
-1.1458154e-12
3.5151169e-12
-1.4036382e-12
3.5059163e-12
-1.4370752e-12
3.4390945e-12
-1.3521011e-12
3.3319346e-12
-1.2170917e-12
3.2014202e-12
-1.0701121e-12
3.0607871e-12
-9.2980402e-13
2.9191264e-12
-8.0380901e-13
2.7821172e-12
-6.9409981e-13
2.6529751e-12
-6.0001429e-13
2.5332707e-12
-5.1985225e-13
2.4235371e-12
-4.5165632e-13
2.3236858e-12
-3.9356032e-13
2.2332788e-12
-3.4392037e-13
2.1516992e-12
-3.0134384e-13
2.0782553e-12
-2.6467403e-13
2.0122419e-12
-2.3295933e-13
1.9529753e-12
-2.0541943e-13
1.8998114e-12
-1.8141431e-13
1.8521539e-12
-1.6041764e-13
1.8094571e-12
-1.4199486e-13
1.771225e-12
-1.2578535e-13
1.7370084e-12
-1.1148825e-13
1.7064023e-12
-9.8851157e-14
1.6790415e-12
-8.7661019e-14
1.6545971e-12
-7.7737024e-14
1.6327733e-12
-6.8924832e-14
1.6133036e-12
-6.1091989e-14
1.5959482e-12
-5.4124235e-14
1.5804911e-12
-4.7922519e-14
1.5667378e-12
-4.2400585e-14
1.5545131e-12
-3.7482994e-14
1.543659e-12
-3.3103514e-14
1.5340332e-12
-2.9203789e-14
1.5255074e-12
-2.5732232e-14
1.5179661e-12
-2.2643113e-14
1.5113052e-12
-1.9895791e-14
1.5054308e-12
-1.7454063e-14
1.5002584e-12
-1.5285622e-14
1.495712e-12
-1.3361589e-14
1.4917232e-12
-1.1656112e-14
1.4882304e-12
-1.0146029e-14
1.4851785e-12
-8.8105633e-15
1.4825177e-12
-7.6310709e-15
1.4802035e-12
-6.5908119e-15
1.4781961e-12
-5.6747528e-15
1.4764596e-12
-4.8693916e-15
1.4749622e-12
-4.1626024e-15
1.4736753e-12
-3.543498e-15
1.4725733e-12
-3.0023064e-15
1.4716336e-12
-2.5302611e-15
1.4708359e-12
-2.1195023e-15
1.4701623e-12
-1.7629877e-15
1.4695967e-12
-1.454413e-15
1.4691251e-12
-1.1881393e-15
1.4687349e-12
-9.5912771e-16
1.468415e-12
-7.6288066e-16
1.4681556e-12
-5.9538795e-16
1.4679483e-12
-4.5307859e-16
1.4677854e-12
-3.3277665e-16
1.4676603e-12
-2.3166165e-16
1.4675672e-12
-1.4723224e-16
1.4675011e-12
-7.7273724e-17
1.4674575e-12
-1.9828251e-17
1.4674327e-12
2.6831849e-17
1.4674234e-12
6.4228452e-17
1.4674267e-12
9.3699458e-17
1.46744e-12
1.1641872e-16
1.4674615e-12
1.334138e-16
1.4674891e-12
1.4558224e-16
1.4675215e-12
1.5370592e-16
1.4675574e-12
1.5846429e-16
1.4675955e-12
1.6044596e-16
1.4676351e-12
1.6015935e-16
1.4676755e-12
1.5804206e-16
1.4677159e-12
1.5446939e-16
1.4677559e-12
1.4976183e-16
1.4677952e-12
1.4419185e-16
1.4678333e-12
1.3798989e-16
1.4678701e-12
1.3134973e-16
1.4679053e-12
1.2443321e-16
1.4679389e-12
1.1737449e-16
1.4679708e-12
1.1028371e-16
1.4680009e-12
1.0325038e-16
1.4680292e-12
9.6346175e-17
1.4680558e-12
8.9627611e-17
1.4680806e-12
8.313818e-17
1.4681037e-12
7.6910426e-17
1.4681251e-12
7.0967559e-17
1.4681449e-12
6.5325062e-17
1.4681632e-12
5.9991887e-17
1.4681801e-12
5.4971699e-17
1.4681956e-12
5.0263737e-17
1.4682098e-12
4.5863776e-17
1.4682228e-12
4.1764726e-17
1.4682347e-12
3.7957377e-17
1.4682455e-12
3.4430792e-17
1.4682553e-12
3.1172889e-17
1.4682642e-12
2.8170669e-17
1.4682723e-12
2.5410681e-17
1.4682796e-12
2.2879126e-17
1.4682862e-12
2.0562226e-17
1.4682922e-12
1.8446238e-17
1.4682975e-12
1.6517755e-17
1.4683023e-12
1.4763649e-17
1.4683066e-12
1.3171325e-17
1.4683104e-12
1.1728612e-17
1.4683138e-12
1.0423979e-17
1.4683169e-12
9.2463972e-18
1.4683196e-12
8.1855226e-18
1.468322e-12
7.2315367e-18
1.4683241e-12
6.3753138e-18
1.468326e-12
5.6082428e-18
1.4683277e-12
4.9223826e-18
1.4683291e-12
4.3102763e-18
1.4683304e-12
3.765096e-18
1.4683315e-12
3.2804548e-18
1.4683325e-12
2.8505439e-18
1.4683334e-12
2.4699461e-18
1.4683341e-12
2.1337663e-18
1.4683348e-12
1.8374502e-18
1.4683353e-12
1.5769082e-18
1.4683358e-12
1.3483421e-18
1.4683362e-12
1.1483628e-18
1.4683366e-12
9.7382556e-19
1.4683369e-12
8.219424e-19
1.4683371e-12
6.9012729e-19
1.4683374e-12
5.7610232e-19
1.4683375e-12
4.7775368e-19
1.4683377e-12
3.9323173e-19
1.4683378e-12
3.2081783e-19
1.4683379e-12
2.5901823e-19
1.468338e-12
2.064417e-19
1.4683381e-12
1.6188725e-19
1.4683381e-12
1.2423223e-19
1.4683382e-12
9.251407e-20
1.4683382e-12
6.582819e-20
1.4683382e-12
4.3404125e-20
1.4683383e-12
2.4512449e-20
1.4683383e-12
8.5357635e-21
1.4683383e-12
-5.1163079e-21
1.4683383e-12
-1.6940636e-20
1.4683383e-12
-2.741866e-20
1.4683383e-12
-3.6953507e-20
1.4683382e-12
-4.5942509e-20
1.4683382e-12
-5.4716852e-20
1.4683382e-12
-6.3610016e-20
1.4683382e-12
-7.2898641e-20
1.4683382e-12
-8.2868623e-20
1.4683381e-12
-9.3755679e-20
1.4683381e-12
-1.0581098e-19
1.468338e-12
-1.1923962e-19
1.468338e-12
-1.3426791e-19
1.4683379e-12
-1.5107781e-19
1.4683379e-12
-1.69878e-19
1.4683378e-12
-1.9083233e-19
1.4683377e-12
-2.1413683e-19
1.4683377e-12
-2.3994013e-19
1.4683376e-12
-2.6842854e-19
1.4683375e-12
-2.997365e-19
1.4683373e-12
-3.340417e-19
1.4683372e-12
-3.7146392e-19
1.4683371e-12
-4.121717e-19
1.4683369e-12
-4.5626827e-19
1.4683367e-12
-5.0391103e-19
1.4683365e-12
-5.5518374e-19
1.4683363e-12
-6.1022943e-19
1.4683361e-12
-6.6910856e-19
1.4683359e-12
-7.3194561e-19
1.4683356e-12
-7.9877332e-19
1.4683353e-12
-8.6969283e-19
1.468335e-12
-9.4470465e-19
1.4683346e-12
-1.0238816e-18
1.4683343e-12
-1.107188e-18
1.4683339e-12
-1.1946641e-18
1.4683334e-12
-1.2862351e-18
1.468333e-12
-1.3819068e-18
1.4683325e-12
-1.4815656e-18
1.468332e-12
-1.585184e-18
1.4683314e-12
-1.6926161e-18
1.4683308e-12
-1.8038099e-18
1.4683302e-12
-1.9186027e-18
1.4683295e-12
-2.0369402e-18
1.4683288e-12
-2.1586762e-18
1.4683281e-12
-2.2837984e-18
1.4683273e-12
-2.4122382e-18
1.4683265e-12
-2.5441051e-18
1.4683256e-12
-2.679512e-18
1.4683247e-12
-2.8188169e-18
1.4683238e-12
-2.9624623e-18
1.4683228e-12
-3.111207e-18
1.4683218e-12
-3.2659388e-18
1.4683208e-12
-3.4278003e-18
1.4683197e-12
-3.5977791e-18
1.4683187e-12
-3.7763784e-18
1.4683176e-12
-3.9622244e-18
1.4683164e-12
-4.149777e-18
1.4683153e-12
-4.3270516e-18
-4.4884662e-18
3.3798312e-12
-6.3981798e-13
3.4827572e-12
-1.2487414e-12
3.5057243e-12
-1.4266054e-12
3.4444543e-12
-1.3758051e-12
3.3226619e-12
-1.2303087e-12
3.1669947e-12
-1.0614246e-12
2.9980662e-12
-9.0118366e-13
2.8292841e-12
-7.610219e-13
2.6683414e-12
-6.4286632e-13
2.5190721e-12
-5.4483044e-13
2.3829376e-12
-4.6387984e-13
2.2600447e-12
-3.9695935e-13
2.1497847e-12
-3.4139631e-13
2.0512138e-12
-2.9498942e-13
1.963269e-12
-2.5597553e-13
1.8848845e-12
-2.2295937e-13
1.8150508e-12
-1.9484038e-13
1.7528406e-12
-1.7074912e-13
1.6974168e-12
-1.4999562e-13
1.6480314e-12
-1.3202892e-13
1.6040198e-12
-1.1640599e-13
1.5647928e-12
-1.0276787e-13
1.5298289e-12
-9.082146e-14
1.4986663e-12
-8.0325631e-14
1.4708956e-12
-7.1080489e-14
1.4461537e-12
-6.2919121e-14
1.4241179e-12
-5.570117e-14
1.4045009e-12
-4.9307824e-14
1.3870467e-12
-4.3637867e-14
1.3715271e-12
-3.8604557e-14
1.3577377e-12
-3.4133144e-14
1.345496e-12
-3.0158879e-14
1.3346384e-12
-2.6625402e-14
1.3250183e-12
-2.3483447e-14
1.3165043e-12
-2.0689774e-14
1.3089784e-12
-1.8206295e-14
1.3023346e-12
-1.5999357e-14
1.296478e-12
-1.4039138e-14
1.291323e-12
-1.2299145e-14
1.2867932e-12
-1.0755794e-14
1.2828197e-12
-9.38805e-15
1.2793407e-12
-8.1771251e-15
1.2763009e-12
-7.1062149e-15
1.2736506e-12
-6.1602755e-15
1.2713453e-12
-5.3258282e-15
1.2693453e-12
-4.5907903e-15
1.2676149e-12
-3.9443266e-15
1.2661222e-12
-3.3767189e-15
1.2648389e-12
-2.8792513e-15
1.2637395e-12
-2.4441078e-15
1.2628015e-12
-2.0642816e-15
1.2620047e-12
-1.733494e-15
1.2613313e-12
-1.4461221e-15
1.2607655e-12
-1.1971334e-15
1.2602931e-12
-9.8202746e-16
1.2599017e-12
-7.9678313e-16
1.2595804e-12
-6.3781103e-16
1.2593194e-12
-5.0191047e-16
1.2591103e-12
-3.8623075e-16
1.2589454e-12
-2.8823589e-16
1.2588183e-12
-2.0567296e-16
1.2587232e-12
-1.365432e-16
1.2586551e-12
-7.9076028e-17
1.2586095e-12
-3.1705424e-17
1.2585827e-12
6.9513518e-18
1.2585714e-12
3.8113099e-17
1.2585728e-12
6.2852057e-17
1.2585844e-12
8.2109702e-17
1.2586041e-12
9.6710899e-17
1.2586301e-12
1.0737676e-16
1.258661e-12
1.1473614e-16
1.2586953e-12
1.1933606e-16
1.2587322e-12
1.2165099e-16
1.2587705e-12
1.2209129e-16
1.2588097e-12
1.2101064e-16
1.258849e-12
1.1871285e-16
1.258888e-12
1.154578e-16
1.2589263e-12
1.1146689e-16
1.2589636e-12
1.0692774e-16
1.2589996e-12
1.0199854e-16
1.2590341e-12
9.6811775e-17
1.2590671e-12
9.1477633e-17
1.2590983e-12
8.6086946e-17
1.2591279e-12
8.0713868e-17
1.2591557e-12
7.5418155e-17
1.2591818e-12
7.024726e-17
1.2592062e-12
6.5238085e-17
1.2592289e-12
6.0418608e-17
1.25925e-12
5.5809219e-17
1.2592696e-12
5.1423971e-17
1.2592876e-12
4.7271585e-17
1.2593043e-12
4.3356407e-17
1.2593196e-12
3.967915e-17
1.2593336e-12
3.6237622e-17
1.2593464e-12
3.3027262e-17
1.2593582e-12
3.004169e-17
1.2593688e-12
2.7273084e-17
1.2593786e-12
2.4712591e-17
1.2593874e-12
2.2350582e-17
1.2593954e-12
2.0176962e-17
1.2594026e-12
1.8181321e-17
1.2594091e-12
1.6353177e-17
1.259415e-12
1.468205e-17
1.2594203e-12
1.3157648e-17
1.259425e-12
1.1769887e-17
1.2594293e-12
1.0509034e-17
1.2594331e-12
9.3656889e-18
1.2594365e-12
8.3308978e-18
1.2594395e-12
7.3961076e-18
1.2594422e-12
6.5532522e-18
1.2594446e-12
5.7946937e-18
1.2594467e-12
5.1132905e-18
1.2594486e-12
4.5023263e-18
1.2594503e-12
3.9555678e-18
1.2594517e-12
3.4671861e-18
1.259453e-12
3.0318069e-18
1.2594541e-12
2.6444285e-18
1.2594551e-12
2.3004674e-18
1.259456e-12
1.9956744e-18
1.2594567e-12
1.7261782e-18
1.2594573e-12
1.4884016e-18
1.2594579e-12
1.2791034e-18
1.2594584e-12
1.095297e-18
1.2594588e-12
9.3429058e-19
1.2594592e-12
7.9360966e-19
1.2594595e-12
6.7103558e-19
1.2594597e-12
5.6453221e-19
1.2594599e-12
4.722837e-19
1.2594601e-12
3.9262533e-19
1.2594603e-12
3.2408043e-19
1.2594604e-12
2.6529573e-19
1.2594605e-12
2.150773e-19
1.2594606e-12
1.723304e-19
1.2594607e-12
1.3609451e-19
1.2594607e-12
1.0548742e-19
1.2594608e-12
7.9739334e-20
1.2594608e-12
5.8140994e-20
1.2594608e-12
4.0076868e-20
1.2594608e-12
2.4976991e-20
1.2594608e-12
1.2349246e-20
1.2594609e-12
1.734568e-21
1.2594609e-12
-7.2615627e-21
1.2594609e-12
-1.5011004e-20
1.2594609e-12
-2.1832077e-20
1.2594608e-12
-2.8028994e-20
1.2594608e-12
-3.3861383e-20
1.2594608e-12
-3.9581826e-20
1.2594608e-12
-4.5405407e-20
1.2594608e-12
-5.1545941e-20
1.2594608e-12
-5.8185188e-20
1.2594607e-12
-6.5508411e-20
1.2594607e-12
-7.3672753e-20
1.2594607e-12
-8.2842803e-20
1.2594606e-12
-9.3157598e-20
1.2594606e-12
-1.0476693e-19
1.2594605e-12
-1.1779638e-19
1.2594605e-12
-1.3238506e-19
1.2594604e-12
-1.4864809e-19
1.2594603e-12
-1.667165e-19
1.2594602e-12
-1.8669654e-19
1.2594601e-12
-2.0871238e-19
1.25946e-12
-2.3286175e-19
1.2594599e-12
-2.5926202e-19
1.2594598e-12
-2.880017e-19
1.2594597e-12
-3.191903e-19
1.2594595e-12
-3.5290548e-19
1.2594594e-12
-3.8924701e-19
1.2594592e-12
-4.2827935e-19
1.259459e-12
-4.7008984e-19
1.2594588e-12
-5.1472683e-19
1.2594585e-12
-5.6226211e-19
1.2594583e-12
-6.1272475e-19
1.259458e-12
-6.6616768e-19
1.2594577e-12
-7.2259759e-19
1.2594574e-12
-7.8204563e-19
1.259457e-12
-8.4449386e-19
1.2594566e-12
-9.0994975e-19
1.2594562e-12
-9.7837027e-19
1.2594558e-12
-1.0497399e-18
1.2594553e-12
-1.1239935e-18
1.2594548e-12
-1.201098e-18
1.2594543e-12
-1.280976e-18
1.2594538e-12
-1.3635912e-18
1.2594532e-12
-1.4488758e-18
1.2594526e-12
-1.5368214e-18
1.2594519e-12
-1.6274142e-18
1.2594512e-12
-1.7207352e-18
1.2594505e-12
-1.8169088e-18
1.2594497e-12
-1.9162192e-18
1.2594489e-12
-2.0190817e-18
1.2594481e-12
-2.1261819e-18
1.2594472e-12
-2.2384741e-18
1.2594463e-12
-2.3573331e-18
1.2594454e-12
-2.4845256e-18
1.2594444e-12
-2.6222353e-18
1.2594434e-12
-2.7727098e-18
1.2594424e-12
-2.9372349e-18
1.2594413e-12
-3.1134796e-18
1.2594403e-12
-3.2930978e-18
-3.4711328e-18
3.407967e-12
-7.7089221e-13
3.4913516e-12
-1.3321259e-12
3.4509358e-12
-1.3861896e-12
3.3141225e-12
-1.2389918e-12
3.1252587e-12
-1.0414448e-12
2.9186354e-12
-8.548013e-13
2.7150204e-12
-6.975686e-13
2.5249674e-12
-5.7096895e-13
2.3527368e-12
-4.7063573e-13
2.1991494e-12
-3.9124306e-13
2.0633369e-12
-3.2806732e-13
1.9437192e-12
-2.7734167e-13
1.8385134e-12
-2.3619044e-13
1.7459785e-12
-2.0245455e-13
1.6645211e-12
-1.7451815e-13
1.5927289e-12
-1.511672e-13
1.529371e-12
-1.3148245e-13
1.473383e-12
-1.1476112e-13
1.4238476e-12
-1.0046022e-13
1.3799744e-12
-8.8155677e-14
1.3410811e-12
-7.7512758e-14
1.3065778e-12
-6.8264485e-14
1.2759521e-12
-6.0195798e-14
1.2487583e-12
-5.3131807e-14
1.2246068e-12
-4.6929001e-14
1.2031563e-12
-4.1468612e-14
1.1841067e-12
-3.6651554e-14
1.1671934e-12
-3.2394531e-14
1.1521825e-12
-2.8627029e-14
1.1388669e-12
-2.5288956e-14
1.1270626e-12
-2.2328785e-14
1.1166058e-12
-1.9702084e-14
1.1073507e-12
-1.7370341e-14
1.0991673e-12
-1.5300011e-14
1.0919393e-12
-1.3461756e-14
1.0855628e-12
-1.1829809e-14
1.0799449e-12
-1.0381471e-14
1.0750024e-12
-9.0966757e-15
1.0706609e-12
-7.9576403e-15
1.0668537e-12
-6.9485686e-15
1.063521e-12
-6.0554005e-15
1.0606095e-12
-5.2656003e-15
1.0580713e-12
-4.5679759e-15
1.0558635e-12
-3.9525235e-15
1.053948e-12
-3.4102942e-15
1.0522905e-12
-2.933277e-15
1.0508604e-12
-2.5142979e-15
1.0496307e-12
-2.146931e-15
1.0485768e-12
-1.8254201e-15
1.0476773e-12
-1.5446093e-15
1.0469129e-12
-1.2998822e-15
1.0462665e-12
-1.0871066e-15
1.045723e-12
-9.0258572e-16
1.0452689e-12
-7.4301482e-16
1.0448923e-12
-6.054416e-16
1.0445828e-12
-4.872309e-16
1.044331e-12
-3.8603305e-16
1.0441288e-12
-2.99755e-16
1.0439691e-12
-2.2653457e-16
1.0438456e-12
-1.6471693e-16
1.0437528e-12
-1.1283359e-16
1.0436858e-12
-6.9583137e-17
1.0436405e-12
-3.381409e-17
1.0436133e-12
-4.5091528e-18
1.0436011e-12
1.9228768e-17
1.043601e-12
3.818946e-17
1.0436108e-12
5.3066774e-17
1.0436284e-12
6.4469151e-17
1.0436522e-12
7.292885e-17
1.0436807e-12
7.8910513e-17
1.0437126e-12
8.281863e-17
1.0437469e-12
8.5004483e-17
1.0437828e-12
8.5772154e-17
1.0438195e-12
8.5384133e-17
1.0438564e-12
8.4066131e-17
1.0438931e-12
8.201159e-17
1.0439292e-12
7.9385508e-17
1.0439644e-12
7.6328061e-17
1.0439983e-12
7.2957611e-17
1.044031e-12
6.9373604e-17
1.0440621e-12
6.5658923e-17
1.0440917e-12
6.188219e-17
1.0441197e-12
5.8099585e-17
1.044146e-12
5.4356678e-17
1.0441708e-12
5.0689811e-17
1.0441939e-12
4.7127549e-17
1.0442154e-12
4.3691719e-17
1.0442355e-12
4.0398558e-17
1.044254e-12
3.7259466e-17
1.0442712e-12
3.4281929e-17
1.044287e-12
3.1470041e-17
1.0443015e-12
2.8825243e-17
1.0443148e-12
2.6346672e-17
1.044327e-12
2.4031752e-17
1.0443382e-12
2.1876406e-17
1.0443483e-12
1.9875542e-17
1.0443576e-12
1.8023146e-17
1.044366e-12
1.6312694e-17
1.0443736e-12
1.4737156e-17
1.0443805e-12
1.328935e-17
1.0443867e-12
1.1961871e-17
1.0443923e-12
1.0747413e-17
1.0443974e-12
9.638637e-18
1.0444019e-12
8.6284643e-18
1.0444059e-12
7.7099078e-18
1.0444096e-12
6.8763397e-18
1.0444128e-12
6.1212953e-18
1.0444157e-12
5.438725e-18
1.0444183e-12
4.8227769e-18
1.0444206e-12
4.2680384e-18
1.0444226e-12
3.7693045e-18
1.0444244e-12
3.3218105e-18
1.044426e-12
2.9209933e-18
1.0444274e-12
2.5627161e-18
1.0444286e-12
2.2430275e-18
1.0444297e-12
1.9583788e-18
1.0444306e-12
1.7053846e-18
1.0444314e-12
1.4810329e-18
1.0444321e-12
1.2824511e-18
1.0444328e-12
1.1071072e-18
1.0444333e-12
9.5258434e-19
1.0444338e-12
8.16773e-19
1.0444342e-12
6.9765567e-19
1.0444345e-12
5.9348937e-19
1.0444348e-12
5.02602e-19
1.044435e-12
4.2356456e-19
1.0444352e-12
3.5500042e-19
1.0444354e-12
2.9574645e-19
1.0444356e-12
2.446761e-19
1.0444357e-12
2.008491e-19
1.0444358e-12
1.6334848e-19
1.0444359e-12
1.314188e-19
1.0444359e-12
1.0431712e-19
1.044436e-12
8.1439769e-20
1.044436e-12
6.2186878e-20
1.0444361e-12
4.6078192e-20
1.0444361e-12
3.2630321e-20
1.0444361e-12
2.1462282e-20
1.0444361e-12
1.2184539e-20
1.0444361e-12
4.4951129e-21
1.0444361e-12
-1.9208091e-21
1.0444361e-12
-7.3030252e-21
1.0444361e-12
-1.1907675e-20
1.0444361e-12
-1.5926171e-20
1.0444361e-12
-1.9569312e-20
1.0444361e-12
-2.2991269e-20
1.0444361e-12
-2.6368531e-20
1.0444361e-12
-2.9826865e-20
1.0444361e-12
-3.3517465e-20
1.044436e-12
-3.7544509e-20
1.044436e-12
-4.204122e-20
1.044436e-12
-4.7095292e-20
1.044436e-12
-5.2827794e-20
1.0444359e-12
-5.9313549e-20
1.0444359e-12
-6.6666015e-20
1.0444359e-12
-7.4949502e-20
1.0444358e-12
-8.4273237e-20
1.0444358e-12
-9.469233e-20
1.0444357e-12
-1.0631411e-19
1.0444356e-12
-1.1918493e-19
1.0444355e-12
-1.3341158e-19
1.0444355e-12
-1.490314e-19
1.0444354e-12
-1.6615109e-19
1.0444353e-12
-1.8479817e-19
1.0444352e-12
-2.0507887e-19
1.044435e-12
-2.2700961e-19
1.0444349e-12
-2.5069507e-19
1.0444347e-12
-2.7613897e-19
1.0444346e-12
-3.0344266e-19
1.0444344e-12
-3.3259542e-19
1.0444342e-12
-3.6369309e-19
1.044434e-12
-3.9670867e-19
1.0444337e-12
-4.3173014e-19
1.0444335e-12
-4.6871267e-19
1.0444332e-12
-5.0773413e-19
1.0444329e-12
-5.4873111e-19
1.0444326e-12
-5.9176985e-19
1.0444323e-12
-6.3676909e-19
1.0444319e-12
-6.8378371e-19
1.0444315e-12
-7.3271817e-19
1.0444311e-12
-7.8361987e-19
1.0444306e-12
-8.3638788e-19
1.0444302e-12
-8.9107301e-19
1.0444297e-12
-9.4758802e-19
1.0444291e-12
-1.0060119e-18
1.0444286e-12
-1.0663096e-18
1.044428e-12
-1.1286404e-18
1.0444274e-12
-1.193097e-18
1.0444267e-12
-1.2600245e-18
1.044426e-12
-1.3297929e-18
1.0444253e-12
-1.403142e-18
1.0444245e-12
-1.4810105e-18
1.0444237e-12
-1.564928e-18
1.0444229e-12
-1.6569107e-18
1.044422e-12
-1.7598592e-18
1.0444212e-12
-1.877341e-18
1.0444202e-12
-2.0132052e-18
1.0444193e-12
-2.1692984e-18
1.0444183e-12
-2.3427722e-18
-2.5334235e-18
3.4296986e-12
-9.2369796e-13
3.4501222e-12
-1.3525496e-12
3.3020546e-12
-1.238122e-12
3.0664503e-12
-1.0033875e-12
2.8067489e-12
-7.8174347e-13
2.5570212e-12
-6.0507361e-13
2.3316107e-12
-4.7215812e-13
2.1342372e-12
-3.735954e-13
1.9637627e-12
-3.0016125e-13
1.8172395e-12
-2.4471986e-13
1.6913351e-12
-2.0216286e-13
1.5829227e-12
-1.6892928e-13
1.4892786e-12
-1.4254642e-13
1.4081083e-12
-1.2128418e-13
1.3375061e-12
-1.0391594e-13
1.2758971e-12
-8.9558234e-14
1.2219788e-12
-7.7564192e-14
1.1746702e-12
-6.7452447e-14
1.1330691e-12
-5.885919e-14
1.0964189e-12
-5.1505415e-14
1.0640803e-12
-4.517422e-14
1.0355107e-12
-3.969483e-14
1.0102461e-12
-3.4931195e-14
9.8788801e-13
-3.077373e-14
9.6809227e-13
-2.7133259e-14
9.5056018e-13
-2.3936524e-14
9.3503143e-13
-2.1122801e-14
9.2127823e-13
-1.8641339e-14
9.091006e-13
-1.6449397e-14
8.9832236e-13
-1.4510719e-14
8.8878793e-13
-1.2794349e-14
8.8035954e-13
-1.1273693e-14
8.7291498e-13
-9.9257806e-15
8.6634563e-13
-8.7306668e-15
8.6055483e-13
-7.6709562e-15
8.5545644e-13
-6.7314139e-15
8.5097361e-13
-5.8986478e-15
8.4703778e-13
-5.1608474e-15
8.4358771e-13
-4.5075671e-15
8.4056869e-13
-3.9295458e-15
8.3793184e-13
-3.4185547e-15
8.3563351e-13
-2.9672693e-15
8.336347e-13
-2.5691604e-15
8.3190057e-13
-2.2184007e-15
8.3040006e-13
-1.909784e-15
8.2910544e-13
-1.6386567e-15
8.27992e-13
-1.4008561e-15
8.2703773e-13
-1.1926585e-15
8.2622304e-13
-1.0107318e-15
8.2553053e-13
-8.520954e-16
8.2494473e-13
-7.1408294e-16
8.2445193e-13
-5.9431075e-16
8.2403999e-13
-4.9064857e-16
8.2369817e-13
-4.0119411e-16
8.2341698e-13
-3.2424967e-16
8.2318805e-13
-2.5830174e-16
8.2300402e-13
-2.0200205e-16
8.2285842e-13
-1.5415107e-16
8.2274557e-13
-1.1368261e-16
8.226605e-13
-7.9650421e-17
8.2259888e-13
-5.1215623e-17
8.2255693e-13
-2.763581e-17
8.2253138e-13
-8.2547692e-18
8.2251936e-13
7.5063667e-18
8.2251843e-13
2.0157536e-17
8.2252647e-13
3.0146925e-17
8.2254167e-13
3.7867845e-17
8.2256248e-13
4.3664541e-17
8.2258757e-13
4.7837794e-17
8.2261583e-13
5.0649611e-17
8.2264632e-13
5.2327778e-17
8.2267826e-13
5.3069619e-17
8.2271098e-13
5.3045693e-17
8.2274396e-13
5.2402786e-17
8.2277676e-13
5.1266903e-17
8.2280903e-13
4.9745634e-17
8.2284048e-13
4.793057e-17
8.2287091e-13
4.5899148e-17
8.2290015e-13
4.3716606e-17
8.2292809e-13
4.1437405e-17
8.2295464e-13
3.9106801e-17
8.2297976e-13
3.6761932e-17
8.2300343e-13
3.443308e-17
8.2302564e-13
3.214448e-17
8.2304642e-13
2.9915344e-17
8.2306578e-13
2.7760439e-17
8.2308378e-13
2.5690926e-17
8.2310047e-13
2.3714749e-17
8.2311589e-13
2.1837333e-17
8.2313011e-13
2.0061815e-17
8.2314319e-13
1.8389638e-17
8.2315519e-13
1.6820659e-17
8.2316619e-13
1.5353657e-17
8.2317623e-13
1.398634e-17
8.2318539e-13
1.2715798e-17
8.2319373e-13
1.1538426e-17
8.232013e-13
1.0450334e-17
8.2320817e-13
9.4472056e-18
8.2321438e-13
8.5246753e-18
8.2321999e-13
7.6781386e-18
8.2322505e-13
6.9031081e-18
8.232296e-13
6.1949804e-18
8.2323369e-13
5.549381e-18
8.2323736e-13
4.9618984e-18
8.2324064e-13
4.4284199e-18
8.2324357e-13
3.9448425e-18
8.2324619e-13
3.5074024e-18
8.2324851e-13
3.1123684e-18
8.2325058e-13
2.7563675e-18
8.2325241e-13
2.4360671e-18
8.2325403e-13
2.1484953e-18
8.2325546e-13
1.8907185e-18
8.2325672e-13
1.6601564e-18
8.2325783e-13
1.4542582e-18
8.232588e-13
1.2708114e-18
8.2325965e-13
1.1076216e-18
8.232604e-13
9.6281314e-19
8.2326104e-13
8.3451573e-19
8.232616e-13
7.2115535e-19
8.2326209e-13
6.2115142e-19
8.2326251e-13
5.3319569e-19
8.2326287e-13
4.5596235e-19
8.2326318e-13
3.8837385e-19
8.2326344e-13
3.2932574e-19
8.2326367e-13
2.7793811e-19
8.2326386e-13
2.3329662e-19
8.2326402e-13
1.9468874e-19
8.2326415e-13
1.6136177e-19
8.2326427e-13
1.3274331e-19
8.2326436e-13
1.0821684e-19
8.2326444e-13
8.7326048e-20
8.232645e-13
6.9568078e-20
8.2326455e-13
5.4581827e-20
8.2326459e-13
4.1958428e-20
8.2326462e-13
3.1414051e-20
8.2326464e-13
2.2616844e-20
8.2326466e-13
1.5345034e-20
8.2326467e-13
9.3292263e-21
8.2326468e-13
4.3969766e-21
8.2326468e-13
3.2894862e-22
8.2326468e-13
-3.0084988e-21
8.2326468e-13
-5.795134e-21
8.2326468e-13
-8.1343663e-21
8.2326467e-13
-1.0175244e-20
8.2326467e-13
-1.1997782e-20
8.2326466e-13
-1.3727737e-20
8.2326465e-13
-1.542708e-20
8.2326463e-13
-1.7204511e-20
8.2326462e-13
-1.9107968e-20
8.232646e-13
-2.1234304e-20
8.2326458e-13
-2.362031e-20
8.2326456e-13
-2.6355329e-20
8.2326454e-13
-2.9466924e-20
8.2326451e-13
-3.304048e-20
8.2326448e-13
-3.7095443e-20
8.2326445e-13
-4.1716103e-20
8.2326441e-13
-4.6914249e-20
8.2326437e-13
-5.277528e-20
8.2326432e-13
-5.9303285e-20
8.2326427e-13
-6.6586315e-20
8.2326421e-13
-7.4620364e-20
8.2326415e-13
-8.3497051e-20
8.2326407e-13
-9.3203626e-20
8.2326399e-13
-1.0383556e-19
8.232639e-13
-1.1537055e-19
8.232638e-13
-1.2790763e-19
8.2326369e-13
-1.4141405e-19
8.2326357e-13
-1.5599159e-19
8.2326344e-13
-1.7159612e-19
8.232633e-13
-1.8833092e-19
8.2326314e-13
-2.0613964e-19
8.2326297e-13
-2.2512549e-19
8.2326278e-13
-2.4521926e-19
8.2326258e-13
-2.6652239e-19
8.2326236e-13
-2.8895258e-19
8.2326212e-13
-3.1260803e-19
8.2326187e-13
-3.3739393e-19
8.232616e-13
-3.6340435e-19
8.232613e-13
-3.9053406e-19
8.2326099e-13
-4.1887365e-19
8.2326065e-13
-4.4831219e-19
8.232603e-13
-4.7894072e-19
8.2325992e-13
-5.1065231e-19
8.2325951e-13
-5.4354916e-19
8.2325908e-13
-5.7754778e-19
8.2325863e-13
-6.1278635e-19
8.2325815e-13
-6.4924394e-19
8.2325764e-13
-6.871489e-19
8.2325711e-13
-7.2662392e-19
8.2325655e-13
-7.6810526e-19
8.2325596e-13
-8.1203516e-19
8.2325534e-13
-8.5932128e-19
8.2325468e-13
-9.1112404e-19
8.23254e-13
-9.6941344e-19
8.2325327e-13
-1.0369231e-18
8.2325251e-13
-1.1178554e-18
8.2325172e-13
-1.2175966e-18
8.2325089e-13
-1.3418013e-18
8.2325005e-13
-1.4959472e-18
-1.6908467e-18
3.4127086e-12
-1.0595138e-12
3.2791512e-12
-1.2189922e-12
2.9693738e-12
-9.2834453e-13
2.6280144e-12
-6.6202812e-13
2.3157601e-12
-4.6948917e-13
2.0494448e-12
-3.3875829e-13
1.8284267e-12
-2.5114002e-13
1.6463468e-12
-1.915155e-13
1.4960223e-12
-1.4983678e-13
1.3711271e-12
-1.1982467e-13
1.2665476e-12
-9.7583365e-14
1.1782836e-12
-8.066533e-14
1.1032364e-12
-6.7499233e-14
1.0390019e-12
-5.7049675e-14
9.8370171e-13
-4.8615709e-14
9.3585374e-13
-4.1710264e-14
8.9427614e-13
-3.5986594e-14
8.5801605e-13
-3.1192358e-14
8.262971e-13
-2.7140242e-14
7.9848038e-13
-2.3688693e-14
7.7403517e-13
-2.0729009e-14
7.5251683e-13
-1.8176487e-14
7.3354987e-13
-1.596424e-14
7.1681495e-13
-1.4038806e-14
7.0203866e-13
-1.2356972e-14
6.8898558e-13
-1.0883445e-14
6.7745191e-13
-9.5891259e-15
6.6726037e-13
-8.4498078e-15
6.5825617e-13
-7.4451903e-15
6.5030357e-13
-6.5581185e-15
6.4328321e-13
-5.7739958e-15
6.3708984e-13
-5.0803218e-15
6.3163039e-13
-4.4663296e-15
6.2682242e-13
-3.9226954e-15
6.2259277e-13
-3.4413066e-15
6.1887643e-13
-3.015074e-15
6.1561556e-13
-2.6377785e-15
6.1275866e-13
-2.3039461e-15
6.1025984e-13
-2.008744e-15
6.0807818e-13
-1.7478945e-15
6.0617723e-13
-1.5176025e-15
6.0452446e-13
-1.3144954e-15
6.0309087e-13
-1.1355706e-15
6.0185062e-13
-9.7815203e-16
6.0078069e-13
-8.3985221e-16
5.9986057e-13
-7.1853932e-16
5.9907202e-13
-6.1230907e-16
5.9839883e-13
-5.1945975e-16
5.9782656e-13
-4.3847062e-16
5.9734245e-13
-3.6798269e-16
5.9693515e-13
-3.0678183e-16
5.9659462e-13
-2.5378369e-16
5.96312e-13
-2.0802042e-16
5.9607943e-13
-1.6862859e-16
5.9589002e-13
-1.3483864e-16
5.9573768e-13
-1.0596518e-16
5.9561708e-13
-8.1398451e-17
5.9552353e-13
-6.0596517e-17
5.9545292e-13
-4.3078369e-17
5.9540169e-13
-2.841754e-17
5.9536671e-13
-1.6236537e-17
5.9534528e-13
-6.2016285e-18
5.9533504e-13
1.9816708e-18
5.9533397e-13
8.5728551e-18
5.9534033e-13
1.3800088e-17
5.9535261e-13
1.7863674e-17
5.9536954e-13
2.0939018e-17
5.9539003e-13
2.3179454e-17
5.9541315e-13
2.4718629e-17
5.9543812e-13
2.5672806e-17
5.9546431e-13
2.6142774e-17
5.9549116e-13
2.6215711e-17
5.9551824e-13
2.5966715e-17
5.9554518e-13
2.5460306e-17
5.955717e-13
2.4751638e-17
5.9559756e-13
2.3887712e-17
5.9562258e-13
2.2908326e-17
5.9564663e-13
2.1847049e-17
5.9566962e-13
2.0731962e-17
5.9569147e-13
1.9586441e-17
5.9571214e-13
1.8429719e-17
5.9573163e-13
1.7277518e-17
5.9574992e-13
1.6142472e-17
5.9576703e-13
1.5034636e-17
5.9578298e-13
1.3961791e-17
5.9579781e-13
1.2929859e-17
5.9581156e-13
1.1943117e-17
5.9582427e-13
1.1004533e-17
5.9583599e-13
1.0115906e-17
5.9584678e-13
9.2781499e-18
5.9585667e-13
8.4913633e-18
5.9586574e-13
7.7550747e-18
5.9587403e-13
7.0682656e-18
5.9588158e-13
6.429579e-18
5.9588846e-13
5.837305e-18
5.9589471e-13
5.2895658e-18
5.9590038e-13
4.7842688e-18
5.959055e-13
4.3192759e-18
5.9591014e-13
3.8923304e-18
5.9591431e-13
3.5012155e-18
5.9591807e-13
3.1436603e-18
5.9592145e-13
2.8174914e-18
5.9592448e-13
2.5205231e-18
5.9592719e-13
2.2507037e-18
5.9592961e-13
2.0059939e-18
5.9593177e-13
1.7845098e-18
5.9593369e-13
1.5843926e-18
5.959354e-13
1.4039492e-18
5.9593692e-13
1.2415165e-18
5.9593826e-13
1.0955992e-18
5.9593944e-13
9.6473118e-19
5.9594049e-13
8.4761117e-19
5.959414e-13
7.4296314e-19
5.9594221e-13
6.4966887e-19
5.9594291e-13
5.6662977e-19
5.9594353e-13
4.928958e-19
5.9594406e-13
4.2753017e-19
5.9594453e-13
3.6973401e-19
5.9594493e-13
3.1871532e-19
5.9594528e-13
2.7380872e-19
5.9594557e-13
2.3434981e-19
5.9594583e-13
1.9978936e-19
5.9594605e-13
1.6957399e-19
5.9594624e-13
1.432542e-19
5.9594639e-13
1.2037206e-19
5.9594653e-13
1.0056273e-19
5.9594664e-13
8.344954e-20
5.9594673e-13
6.8738702e-20
5.9594681e-13
5.6122036e-20
5.9594687e-13
4.536481e-20
5.9594692e-13
3.621606e-20
5.9594696e-13
2.8489602e-20
5.95947e-13
2.1981863e-20
5.9594702e-13
1.6546173e-20
5.9594704e-13
1.2017832e-20
5.9594705e-13
8.2820228e-21
5.9594706e-13
5.2056131e-21
5.9594707e-13
2.6991961e-21
5.9594708e-13
6.5500143e-22
5.9594708e-13
-9.9632594e-22
5.9594708e-13
-2.3424526e-21
5.9594707e-13
-3.4370485e-21
5.9594707e-13
-4.3521093e-21
5.9594707e-13
-5.1291525e-21
5.9594706e-13
-5.8282118e-21
5.9594705e-13
-6.4814285e-21
5.9594704e-13
-7.139986e-21
5.9594703e-13
-7.8287891e-21
5.9594702e-13
-8.5927593e-21
5.9594701e-13
-9.4511232e-21
5.95947e-13
-1.0444704e-20
5.9594698e-13
-1.1588147e-20
5.9594697e-13
-1.2919942e-20
5.9594695e-13
-1.4450845e-20
5.9594693e-13
-1.6218449e-20
5.959469e-13
-1.8229986e-20
5.9594688e-13
-2.052327e-20
5.9594685e-13
-2.3102136e-20
5.9594681e-13
-2.6005435e-20
5.9594678e-13
-2.9233538e-20
5.9594674e-13
-3.2826849e-20
5.9594669e-13
-3.6782085e-20
5.9594664e-13
-4.1141442e-20
5.9594658e-13
-4.5897696e-20
5.9594651e-13
-5.1094784e-20
5.9594644e-13
-5.6721206e-20
5.9594636e-13
-6.2822347e-20
5.9594628e-13
-6.9382049e-20
5.9594618e-13
-7.6446631e-20
5.9594608e-13
-8.3994897e-20
5.9594596e-13
-9.2073426e-20
5.9594584e-13
-1.0065565e-19
5.959457e-13
-1.0978766e-19
5.9594556e-13
-1.194373e-19
5.959454e-13
-1.2964942e-19
5.9594522e-13
-1.4038641e-19
5.9594504e-13
-1.5169132e-19
5.9594484e-13
-1.6352174e-19
5.9594462e-13
-1.7591889e-19
5.9594439e-13
-1.8883716e-19
5.9594415e-13
-2.0231705e-19
5.9594388e-13
-2.1631318e-19
5.959436e-13
-2.3086892e-19
5.9594331e-13
-2.4594606e-19
5.9594299e-13
-2.6159965e-19
5.9594266e-13
-2.7781314e-19
5.959423e-13
-2.9467323e-19
5.9594193e-13
-3.1221564e-19
5.9594153e-13
-3.30604e-19
5.9594111e-13
-3.4999573e-19
5.9594067e-13
-3.7073921e-19
5.9594021e-13
-3.9328686e-19
5.9593971e-13
-4.1845676e-19
5.9593919e-13
-4.4746837e-19
5.9593864e-13
-4.8239315e-19
5.9593805e-13
-5.2656047e-19
5.9593741e-13
-5.8518138e-19
5.9593674e-13
-6.653846e-19
5.9593602e-13
-7.7963982e-19
-9.6108004e-19
3.2444949e-12
-1.0271159e-12
2.7848929e-12
-7.5939011e-13
2.2963529e-12
-4.3980452e-13
1.8999284e-12
-2.6560363e-13
1.5972293e-12
-1.6679006e-13
1.3682758e-12
-1.0980483e-13
1.1933952e-12
-7.62594e-14
1.0574779e-12
-5.5598218e-14
9.498256e-13
-4.2184479e-14
8.6303139e-13
-3.3030463e-14
7.9195057e-13
-2.650254e-14
7.3295685e-13
-2.1671612e-14
6.8344373e-13
-1.7986113e-14
6.4149795e-13
-1.510389e-14
6.0568593e-13
-1.2803694e-14
5.7491268e-13
-1.0937013e-14
5.4832695e-13
-9.4008649e-15
5.2525639e-13
-8.1218007e-15
5.0516231e-13
-7.0461568e-15
4.8760751e-13
-6.133893e-15
4.7223308e-13
-5.3545813e-15
4.5874131e-13
-4.6847187e-15
4.4688296e-13
-4.1058853e-15
4.364476e-13
-3.6034535e-15
4.272563e-13
-3.1656671e-15
4.1915583e-13
-2.7829734e-15
4.1201423e-13
-2.4475319e-15
4.0571727e-13
-2.1528465e-15
4.0016557e-13
-1.8934897e-15
3.9527234e-13
-1.6648902e-15
3.9096152e-13
-1.4631703e-15
3.8716621e-13
-1.2850185e-15
3.8382747e-13
-1.1275898e-15
3.808932e-13
-9.8842653e-16
3.7831729e-13
-8.6539485e-16
3.7605885e-13
-7.5663406e-16
3.7408159e-13
-6.6051499e-16
3.7235325e-13
-5.7560626e-16
3.7084515e-13
-5.0064633e-16
3.6953178e-13
-4.345204e-16
3.6839041e-13
-3.7624108e-16
3.6740085e-13
-3.249321e-16
3.6654509e-13
-2.7981459e-16
3.6580714e-13
-2.4019533e-16
3.6517274e-13
-2.0545671e-16
3.6462925e-13
-1.7504805e-16
3.6416542e-13
-1.4847809e-16
3.6377127e-13
-1.2530844e-16
3.6343795e-13
-1.0514785e-16
3.6315761e-13
-8.7647162e-17
3.6292332e-13
-7.2494862e-17
3.6272895e-13
-5.9413118e-17
3.6256909e-13
-4.8154276e-17
3.6243896e-13
-3.8497734e-17
3.6233436e-13
-3.0247137e-17
3.6225163e-13
-2.3227875e-17
3.6218751e-13
-1.728483e-17
3.621392e-13
-1.2280363e-17
3.6210421e-13
-8.0924884e-18
3.6208041e-13
-4.6132467e-18
3.6206592e-13
-1.747225e-18
3.6205913e-13
5.8976465e-19
3.6205864e-13
2.4718852e-18
3.6206325e-13
3.964347e-18
3.6207192e-13
5.1243826e-18
3.6208378e-13
6.0021152e-18
3.6209808e-13
6.641349e-18
3.6211418e-13
7.080271e-18
3.6213155e-13
7.3520908e-18
3.6214973e-13
7.4856054e-18
3.6216837e-13
7.5057152e-18
3.6218715e-13
7.4338766e-18
3.6220583e-13
7.288517e-18
3.6222421e-13
7.0853955e-18
3.6224212e-13
6.8379349e-18
3.6225945e-13
6.5575076e-18
3.6227611e-13
6.2537e-18
3.6229202e-13
5.9345378e-18
3.6230714e-13
5.6066949e-18
3.6232145e-13
5.27567e-18
3.6233494e-13
4.9459509e-18
3.6234759e-13
4.6211511e-18
3.6235943e-13
4.3041391e-18
3.6237047e-13
3.9971423e-18
3.6238073e-13
3.7018485e-18
3.6239024e-13
3.419484e-18
3.6239903e-13
3.1508925e-18
3.6240714e-13
2.896593e-18
3.624146e-13
2.656841e-18
3.6242145e-13
2.4316705e-18
3.6242772e-13
2.2209408e-18
3.6243345e-13
2.024367e-18
3.6243867e-13
1.8415548e-18
3.6244343e-13
1.6720222e-18
3.6244775e-13
1.5152255e-18
3.6245167e-13
1.3705737e-18
3.6245522e-13
1.2374482e-18
3.6245842e-13
1.1152116e-18
3.6246131e-13
1.0032223e-18
3.6246391e-13
9.0083901e-19
3.6246625e-13
8.0743229e-19
3.6246834e-13
7.2238541e-19
3.6247022e-13
6.4510336e-19
3.6247189e-13
5.7501147e-19
3.6247339e-13
5.1156242e-19
3.6247472e-13
4.5423334e-19
3.624759e-13
4.0253125e-19
3.6247695e-13
3.5598924e-19
3.6247788e-13
3.1417081e-19
3.6247869e-13
2.766654e-19
3.6247942e-13
2.4309197e-19
3.6248005e-13
2.1309418e-19
3.6248061e-13
1.8634348e-19
3.6248109e-13
1.6253406e-19
3.6248152e-13
1.4138571e-19
3.6248189e-13
1.2263857e-19
3.6248221e-13
1.0605599e-19
3.6248249e-13
9.1419195e-20
3.6248273e-13
7.8530067e-20
3.6248294e-13
6.7205956e-20
3.6248311e-13
5.7282399e-20
3.6248327e-13
4.8608062e-20
3.6248339e-13
4.1047512e-20
3.624835e-13
3.4476248e-20
3.6248359e-13
2.8783588e-20
3.6248367e-13
2.3867788e-20
3.6248373e-13
1.9639055e-20
3.6248379e-13
1.6014749e-20
3.6248383e-13
1.2922536e-20
3.6248387e-13
1.0295654e-20
3.6248389e-13
8.0762344e-21
3.6248392e-13
6.2106019e-21
3.6248393e-13
4.6527421e-21
3.6248395e-13
3.359661e-21
3.6248396e-13
2.2949866e-21
3.6248396e-13
1.4243434e-21
3.6248397e-13
7.1912766e-22
3.6248397e-13
1.5185667e-22
3.6248397e-13
-2.9989864e-22
3.6248397e-13
-6.5816662e-22
3.6248397e-13
-9.405138e-22
3.6248397e-13
-1.1647249e-21
3.6248397e-13
-1.3445849e-21
3.6248396e-13
-1.4946172e-21
3.6248396e-13
-1.6257123e-21
3.6248395e-13
-1.7499281e-21
3.6248395e-13
-1.8759891e-21
3.6248394e-13
-2.0141298e-21
3.6248394e-13
-2.1714661e-21
3.6248393e-13
-2.3569258e-21
3.6248392e-13
-2.5764641e-21
3.6248391e-13
-2.8380872e-21
3.624839e-13
-3.146935e-21
3.6248389e-13
-3.5103824e-21
3.6248388e-13
-3.9330035e-21
3.6248386e-13
-4.4217549e-21
3.6248385e-13
-4.9808175e-21
3.6248383e-13
-5.6168558e-21
3.6248381e-13
-6.3337752e-21
3.6248379e-13
-7.1380248e-21
3.6248376e-13
-8.0332784e-21
3.6248374e-13
-9.0257815e-21
3.6248371e-13
-1.0118995e-20
3.6248367e-13
-1.1318919e-20
3.6248363e-13
-1.2628762e-20
3.6248359e-13
-1.4054217e-20
3.6248354e-13
-1.5598152e-20
3.6248349e-13
-1.7265844e-20
3.6248343e-13
-1.9059727e-20
3.6248337e-13
-2.0984516e-20
3.624833e-13
-2.3042082e-20
3.6248322e-13
-2.5236459e-20
3.6248314e-13
-2.7568819e-20
3.6248305e-13
-3.0042373e-20
3.6248296e-13
-3.2657503e-20
3.6248285e-13
-3.541653e-20
3.6248274e-13
-3.8319036e-20
3.6248262e-13
-4.1366479e-20
3.6248248e-13
-4.4557781e-20
3.6248234e-13
-4.7893829e-20
3.6248219e-13
-5.1373361e-20
3.6248203e-13
-5.499745e-20
3.6248186e-13
-5.8765862e-20
3.6248167e-13
-6.2681666e-20
3.6248148e-13
-6.6748386e-20
3.6248127e-13
-7.0975181e-20
3.6248105e-13
-7.5375336e-20
3.6248082e-13
-7.9973194e-20
3.6248058e-13
-8.4805754e-20
3.6248032e-13
-8.9934499e-20
3.6248004e-13
-9.5456044e-20
3.6247975e-13
-1.0153165e-19
3.6247944e-13
-1.0843136e-19
3.6247911e-13
-1.1661754e-19
3.6247875e-13
-1.2689874e-19
3.6247837e-13
-1.4082257e-19
3.6247794e-13
-1.6116281e-19
3.6247747e-13
-1.921465e-19
3.6247694e-13
-2.440849e-19
-3.6487902e-19
2.2497769e-12
1.4903868e-12
1.0505823e-12
7.8497865e-13
6.181886e-13
5.0838376e-13
4.3212437e-13
3.7652615e-13
3.3434167e-13
3.0131121e-13
2.7480867e-13
2.5313705e-13
2.3515094e-13
2.2004705e-13
2.0724336e-13
1.9630634e-13
1.8690548e-13
1.7878368e-13
1.7173752e-13
1.6560363e-13
1.6024905e-13
1.5556433e-13
1.5145844e-13
1.4785499e-13
1.4468932e-13
1.4190635e-13
1.3945882e-13
1.3730597e-13
1.3541248e-13
1.3374759e-13
1.3228442e-13
1.309994e-13
1.2987181e-13
1.2888338e-13
1.2801799e-13
1.2726136e-13
1.2660084e-13
1.2602523e-13
1.2552459e-13
1.2509007e-13
1.2471383e-13
1.2438889e-13
1.2410908e-13
1.2386888e-13
1.2366343e-13
1.2348838e-13
1.233399e-13
1.2321459e-13
1.2310944e-13
1.230218e-13
1.229493e-13
1.2288989e-13
1.2284174e-13
1.2280324e-13
1.2277299e-13
1.2274976e-13
1.2273248e-13
1.227202e-13
1.2271211e-13
1.2270749e-13
1.2270574e-13
1.2270633e-13
1.2270881e-13
1.2271277e-13
1.227179e-13
1.227239e-13
1.2273054e-13
1.2273762e-13
1.2274497e-13
1.2275246e-13
1.2275996e-13
1.227674e-13
1.2277468e-13
1.2278177e-13
1.2278861e-13
1.2279517e-13
1.2280142e-13
1.2280735e-13
1.2281296e-13
1.2281824e-13
1.2282318e-13
1.228278e-13
1.2283211e-13
1.228361e-13
1.2283981e-13
1.2284323e-13
1.2284638e-13
1.2284927e-13
1.2285193e-13
1.2285436e-13
1.2285658e-13
1.2285861e-13
1.2286045e-13
1.2286212e-13
1.2286364e-13
1.2286501e-13
1.2286624e-13
1.2286736e-13
1.2286836e-13
1.2286926e-13
1.2287007e-13
1.2287079e-13
1.2287144e-13
1.2287201e-13
1.2287252e-13
1.2287298e-13
1.2287338e-13
1.2287374e-13
1.2287405e-13
1.2287433e-13
1.2287457e-13
1.2287478e-13
1.2287497e-13
1.2287513e-13
1.2287527e-13
1.228754e-13
1.228755e-13
1.2287559e-13
1.2287567e-13
1.2287574e-13
1.228758e-13
1.2287585e-13
1.2287589e-13
1.2287592e-13
1.2287595e-13
1.2287597e-13
1.2287599e-13
1.2287601e-13
1.2287602e-13
1.2287603e-13
1.2287604e-13
1.2287605e-13
1.2287605e-13
1.2287606e-13
1.2287606e-13
1.2287606e-13
1.2287606e-13
1.2287606e-13
1.2287606e-13
1.2287606e-13
1.2287606e-13
1.2287606e-13
1.2287606e-13
1.2287605e-13
1.2287605e-13
1.2287605e-13
1.2287605e-13
1.2287605e-13
1.2287605e-13
1.2287604e-13
1.2287604e-13
1.2287604e-13
1.2287603e-13
1.2287603e-13
1.2287603e-13
1.2287602e-13
1.2287602e-13
1.2287601e-13
1.2287601e-13
1.22876e-13
1.2287599e-13
1.2287598e-13
1.2287597e-13
1.2287596e-13
1.2287595e-13
1.2287593e-13
1.2287592e-13
1.228759e-13
1.2287588e-13
1.2287586e-13
1.2287584e-13
1.2287581e-13
1.2287578e-13
1.2287575e-13
1.2287572e-13
1.2287569e-13
1.2287565e-13
1.2287561e-13
1.2287556e-13
1.2287551e-13
1.2287546e-13
1.2287541e-13
1.2287535e-13
1.2287529e-13
1.2287522e-13
1.2287515e-13
1.2287507e-13
1.2287499e-13
1.2287491e-13
1.2287482e-13
1.2287472e-13
1.2287462e-13
1.2287451e-13
1.228744e-13
1.2287427e-13
1.2287413e-13
1.2287397e-13
1.2287378e-13
1.2287353e-13
)
;

boundaryField
{
    inlet_0
    {
        type            calculated;
        value           uniform -3.2768928e-12;
    }
    inlet_1
    {
        type            calculated;
        value           uniform -3.2768928e-12;
    }
    inlet_2
    {
        type            calculated;
        value           uniform -3.276885e-12;
    }
    inlet_3
    {
        type            calculated;
        value           uniform -3.2768928e-12;
    }
    inlet_4
    {
        type            calculated;
        value           uniform -3.2768928e-12;
    }
    inlet_5
    {
        type            calculated;
        value           uniform -3.2768928e-12;
    }
    inlet_6
    {
        type            calculated;
        value           uniform -3.276885e-12;
    }
    inlet_7
    {
        type            calculated;
        value           uniform -3.2768928e-12;
    }
    outlet
    {
        type            calculated;
        value           nonuniform List<scalar> 
80
(
1.2286921e-13
3.6246438e-13
5.9591534e-13
8.2322133e-13
1.0443817e-12
1.259396e-12
1.4682636e-12
1.6709842e-12
1.8675573e-12
2.0579827e-12
2.2422602e-12
2.4203896e-12
2.5923708e-12
2.7582038e-12
2.9178888e-12
3.0714258e-12
3.2188152e-12
3.3600571e-12
3.4951521e-12
3.6241005e-12
3.7468936e-12
3.8635498e-12
3.9740611e-12
4.0784281e-12
4.1766514e-12
4.2687317e-12
4.3546698e-12
4.4344662e-12
4.5081217e-12
4.575637e-12
4.6370237e-12
4.6922606e-12
4.7413589e-12
4.7843194e-12
4.8211423e-12
4.8518281e-12
4.8763772e-12
4.8947899e-12
4.9070663e-12
4.9132066e-12
4.9132108e-12
4.907079e-12
4.8948109e-12
4.8764065e-12
4.8518654e-12
4.8211874e-12
4.784372e-12
4.7414188e-12
4.6923272e-12
4.6370967e-12
4.5757267e-12
4.5082166e-12
4.4345655e-12
4.354773e-12
4.2688382e-12
4.1767604e-12
4.078539e-12
3.9741733e-12
3.8636626e-12
3.7470062e-12
3.6241951e-12
3.4952464e-12
3.3601505e-12
3.218907e-12
3.0715156e-12
2.9179758e-12
2.7582877e-12
2.5924509e-12
2.4204655e-12
2.2423314e-12
2.0580536e-12
1.8676218e-12
1.6710419e-12
1.4683143e-12
1.2594393e-12
1.0444174e-12
8.232492e-13
5.9593529e-13
3.6247634e-13
1.2287317e-13
)
;
    }
    walls
    {
        type            calculated;
        value           nonuniform List<scalar> 0();
    }
    floor
    {
        type            calculated;
        value           uniform 0;
    }
    frontAndBack
    {
        type            empty;
    }
}


// ************************************************************************* //
