/*--------------------------------*- C++ -*----------------------------------*\
| =========                 |                                                 |
| \\      /  F ield         | OpenFOAM: The Open Source CFD Toolbox           |
|  \\    /   O peration     | Version:  2406                                  |
|   \\  /    A nd           | Website:  www.openfoam.com                      |
|    \\/     M anipulation  |                                                 |
\*---------------------------------------------------------------------------*/
FoamFile
{
    version     2.0;
    format      ascii;
    arch        "LSB;label=32;scalar=64";
    class       volScalarField;
    location    "1910";
    object      T;
}
// * * * * * * * * * * * * * * * * * * * * * * * * * * * * * * * * * * * * * //

dimensions      [0 0 0 0 0 0 0];

internalField   nonuniform List<scalar> 
20800
(
2.1803572e-39
2.1976611e-38
1.7306611e-37
1.135685e-36
6.4013383e-36
3.1455662e-35
1.3671017e-34
5.3377792e-34
1.8991178e-33
6.2310388e-33
1.9038945e-32
5.4612308e-32
1.4804434e-31
3.8138598e-31
9.3811962e-31
2.2122168e-30
5.0187095e-30
1.0986944e-29
2.3272769e-29
4.7812074e-29
9.5469535e-29
1.856321e-28
3.5208173e-28
6.5238818e-28
1.182631e-27
2.1000402e-27
3.6571975e-27
6.2528398e-27
1.0506135e-26
1.7363657e-26
2.8251302e-26
4.5287132e-26
7.1575869e-26
1.1161146e-25
1.7182121e-25
2.6129334e-25
3.9273998e-25
5.8375946e-25
8.584759e-25
1.2496502e-24
1.8013756e-24
2.5724932e-24
3.6408865e-24
5.1088443e-24
7.109711e-24
9.8160818e-24
1.344984e-23
1.829438e-23
2.47094e-23
3.3148736e-23
4.4181713e-23
5.8518631e-23
7.7041e-23
1.008373e-22
1.3124506e-22
1.6990016e-22
2.1879449e-22
2.8034293e-22
3.5746108e-22
4.536551e-22
5.7312506e-22
7.208838e-22
9.028928e-22
1.1262175e-21
1.3992037e-21
1.7316786e-21
2.1351776e-21
2.6232008e-21
3.2115025e-21
3.9184162e-21
4.7652193e-21
5.7765416e-21
6.9808213e-21
8.4108139e-21
1.0104158e-20
1.2104004e-20
1.4459712e-20
1.7227622e-20
2.0471906e-20
2.426551e-20
2.8691188e-20
3.3842641e-20
3.9825766e-20
4.6760028e-20
5.4779957e-20
6.4036792e-20
7.4700268e-20
8.6960569e-20
1.0103045e-19
1.1714761e-19
1.3557864e-19
1.5662135e-19
1.8060693e-19
2.0790377e-19
2.3892103e-19
2.7411258e-19
3.1398123e-19
3.590833e-19
4.1003354e-19
4.6751044e-19
5.3226192e-19
6.0511148e-19
6.8696481e-19
7.7881678e-19
8.817591e-19
9.9698835e-19
1.1258147e-18
1.2696712e-18
1.4301235e-18
1.6088807e-18
1.8078063e-18
2.0289304e-18
2.2744624e-18
2.5468046e-18
2.8485664e-18
3.1825799e-18
3.5519161e-18
3.9599018e-18
4.4101385e-18
4.906521e-18
5.4532583e-18
6.0548954e-18
6.7163355e-18
7.4428649e-18
8.2401781e-18
9.1144046e-18
1.0072138e-17
1.1120464e-17
1.2266995e-17
1.3519899e-17
1.4887941e-17
1.638051e-17
1.8007668e-17
1.9780182e-17
2.1709572e-17
2.3808153e-17
2.6089082e-17
2.8566406e-17
3.1255116e-17
3.41712e-17
3.7331696e-17
4.0754755e-17
4.4459701e-17
4.8467095e-17
5.2798803e-17
5.7478064e-17
6.2529566e-17
6.7979524e-17
7.3855754e-17
8.0187762e-17
8.7006828e-17
9.4346097e-17
1.0224067e-16
1.1072772e-16
1.1984655e-16
1.2963877e-16
1.4014832e-16
1.5142167e-16
1.6350788e-16
1.7645874e-16
1.9032893e-16
2.051761e-16
2.2106105e-16
2.3804785e-16
2.5620402e-16
2.7560064e-16
2.9631254e-16
3.1841849e-16
3.420013e-16
3.6714807e-16
3.9395035e-16
4.2250432e-16
4.52911e-16
4.8527645e-16
5.1971199e-16
5.5633441e-16
5.952662e-16
6.3663577e-16
6.8057773e-16
7.272331e-16
7.7674959e-16
8.2928186e-16
8.8499177e-16
9.4404872e-16
1.0066299e-15
1.0729208e-15
1.1431149e-15
1.2174149e-15
1.2960322e-15
1.3791877e-15
1.4671122e-15
1.5600465e-15
1.6582419e-15
1.7619605e-15
1.8714759e-15
1.9870731e-15
2.1090492e-15
2.2377108e-15
2.3732646e-15
2.5119429e-15
1.4944397e-36
9.0003447e-36
4.4348541e-35
1.9713594e-34
8.0524595e-34
3.0322346e-33
1.0552712e-32
3.4103645e-32
1.0295495e-31
2.9210609e-31
7.8336108e-31
1.9959653e-30
4.85402e-30
1.1312493e-29
2.5354961e-29
5.4824199e-29
1.1467953e-28
2.3263149e-28
4.5863693e-28
8.8051518e-28
1.6490554e-27
3.0175388e-27
5.4027308e-27
9.4772741e-27
1.6307226e-26
2.7553458e-26
4.5762049e-26
7.4776911e-26
1.2031805e-25
1.907815e-25
2.9833222e-25
4.6037996e-25
7.0155033e-25
1.0562897e-24
1.5722732e-24
2.3148226e-24
3.3725801e-24
4.8647348e-24
6.9501518e-24
9.8388156e-24
1.3806071e-23
1.9210219e-23
2.651412e-23
3.6311542e-23
4.935911e-23
6.6614818e-23
8.9284212e-23
1.1887547e-22
1.5726476e-22
2.0677346e-22
2.7025899e-22
3.5122106e-22
4.5392566e-22
5.8354903e-22
7.4634421e-22
9.4983312e-22
1.2030272e-21
1.5166799e-21
1.9035756e-21
2.3788572e-21
2.9603991e-21
3.6692284e-21
4.5300008e-21
5.5715361e-21
6.8274193e-21
8.3366739e-21
1.0144516e-20
1.2303191e-20
1.4872912e-20
1.7922894e-20
2.1532505e-20
2.5792536e-20
3.080661e-20
3.6692728e-20
4.3584968e-20
5.1635365e-20
6.1015955e-20
7.1921027e-20
8.4569578e-20
9.9207995e-20
1.1611298e-19
1.3559473e-19
1.580004e-19
1.8371785e-19
2.1317976e-19
2.4686799e-19
2.8531835e-19
3.2912584e-19
3.789501e-19
4.3552151e-19
4.9964736e-19
5.72249e-19
6.5433854e-19
7.4702018e-19
8.5151067e-19
9.6914917e-19
1.1014077e-18
1.2499023e-18
1.4164053e-18
1.6028578e-18
1.8113836e-18
2.0443037e-18
2.3041521e-18
2.5936918e-18
2.9159331e-18
3.2741517e-18
3.6719091e-18
4.1130732e-18
4.6018412e-18
5.1427627e-18
5.7407652e-18
6.4011806e-18
7.1297728e-18
7.9327682e-18
8.8168861e-18
9.7893723e-18
1.0858034e-17
1.2031275e-17
1.3318137e-17
1.4728339e-17
1.6272319e-17
1.796128e-17
1.9807238e-17
2.1823071e-17
2.402257e-17
2.6420495e-17
2.9032634e-17
3.1875859e-17
3.4968193e-17
3.8328873e-17
4.197842e-17
4.5938713e-17
5.0233062e-17
5.4886287e-17
5.9924803e-17
6.5376702e-17
7.1271848e-17
7.7641966e-17
8.4520742e-17
9.1943924e-17
9.9949429e-17
1.0857745e-16
1.1787059e-16
1.2787394e-16
1.3863525e-16
1.5020503e-16
1.6263669e-16
1.7598671e-16
1.9031471e-16
2.056837e-16
2.2216016e-16
2.3981423e-16
2.5871988e-16
2.789551e-16
3.0060205e-16
3.2374726e-16
3.4848185e-16
3.7490169e-16
4.0310763e-16
4.3320574e-16
4.6530748e-16
4.9952999e-16
5.3599628e-16
5.7483552e-16
6.1618326e-16
6.6018171e-16
7.0698003e-16
7.5673458e-16
8.0960923e-16
8.6577568e-16
9.2541371e-16
9.8871157e-16
1.0558663e-15
1.1270839e-15
1.2025801e-15
1.2825802e-15
1.3673199e-15
1.4570453e-15
1.5520135e-15
1.652493e-15
1.7587643e-15
1.8711198e-15
1.9898648e-15
2.1153177e-15
2.2478106e-15
2.38769e-15
2.5353165e-15
2.6910661e-15
2.8553301e-15
3.0285163e-15
3.2110489e-15
3.4033695e-15
3.6059377e-15
3.8192315e-15
4.0437479e-15
4.2800036e-15
4.5285359e-15
4.7899025e-15
5.0646502e-15
5.3502842e-15
1.3743458e-33
6.5362889e-33
2.4171826e-32
8.1520642e-32
2.5908641e-31
7.8057311e-31
2.2309186e-30
6.05505e-30
1.5639732e-29
3.8550801e-29
9.0964956e-29
2.0611298e-28
4.4980434e-28
9.4806139e-28
1.9348675e-27
3.832441e-27
7.3828214e-27
1.3858572e-26
2.5392902e-26
4.5486491e-26
7.9770999e-26
1.37139e-25
2.3138857e-25
3.8357971e-25
6.253613e-25
1.0036033e-24
1.5867618e-24
2.4735183e-24
3.8043655e-24
5.7769767e-24
8.6663746e-24
1.2851138e-23
1.8847126e-23
2.7350491e-23
3.9292057e-23
5.5905513e-23
7.8812269e-23
1.1012624e-22
1.5258238e-22
2.0969317e-22
2.8593814e-22
3.8699166e-22
5.1999556e-22
6.9388312e-22
9.1976249e-22
1.2113679e-21
1.5855881e-21
2.0630826e-21
2.6689968e-21
3.4337886e-21
4.3941807e-21
5.5942513e-21
7.0866824e-21
8.9341792e-21
1.1211083e-20
1.4005193e-20
1.7419826e-20
2.1576125e-20
2.6615655e-20
3.2703302e-20
4.0030511e-20
4.8818879e-20
5.9324158e-20
7.1840676e-20
8.6706229e-20
1.0430748e-19
1.2508588e-19
1.495442e-19
1.782537e-19
2.1186189e-19
2.5110116e-19
2.9679805e-19
3.4988339e-19
4.1140338e-19
4.8253156e-19
5.6458177e-19
6.5902224e-19
7.6749076e-19
8.9181111e-19
1.0340107e-18
1.1963398e-18
1.3812916e-18
1.5916247e-18
1.8303865e-18
2.1009384e-18
2.406983e-18
2.7525933e-18
3.1422433e-18
3.5808411e-18
4.0737644e-18
4.626898e-18
5.2466913e-18
5.9410102e-18
6.717765e-18
7.5855882e-18
8.5538895e-18
9.6329137e-18
1.0833802e-17
1.2168657e-17
1.3650612e-17
1.5293902e-17
1.7113942e-17
1.9127405e-17
2.1352313e-17
2.3808117e-17
2.6515802e-17
2.9497977e-17
3.2778987e-17
3.6385016e-17
4.0344206e-17
4.4686777e-17
4.9445154e-17
5.4654098e-17
6.0350844e-17
6.6575252e-17
7.3369954e-17
8.0780515e-17
8.8855598e-17
9.7647143e-17
1.0721054e-16
1.1760483e-16
1.2889288e-16
1.4114163e-16
1.5442227e-16
1.6881047e-16
1.8438663e-16
2.0123611e-16
2.194495e-16
2.3912283e-16
2.6035792e-16
2.8326261e-16
3.0795106e-16
3.3454409e-16
3.6316944e-16
3.9396217e-16
4.2706493e-16
4.6262836e-16
5.0081146e-16
5.4178193e-16
5.8571662e-16
6.3280188e-16
6.8323403e-16
7.3721976e-16
7.9497661e-16
8.5673341e-16
9.227308e-16
9.9322168e-16
1.0684718e-15
1.1487601e-15
1.2343796e-15
1.3256377e-15
1.4228567e-15
1.5263747e-15
1.636546e-15
1.7537417e-15
1.8783506e-15
2.0107797e-15
2.1514548e-15
2.3008215e-15
2.4593458e-15
2.6275147e-15
2.8058373e-15
2.9948454e-15
3.1950944e-15
3.4071639e-15
3.6316592e-15
3.8692114e-15
4.1204791e-15
4.3861488e-15
4.6669358e-15
4.963586e-15
5.2768759e-15
5.6076143e-15
5.9566432e-15
6.3248389e-15
6.7131133e-15
7.1224145e-15
7.5537289e-15
8.0080817e-15
8.4865381e-15
8.9902054e-15
9.5202333e-15
1.0077816e-14
1.0664193e-14
1.1280654e-14
1.1928536e-14
1.2609226e-14
1.3324162e-14
1.4074833e-14
1.4862785e-14
1.5689619e-14
1.6556994e-14
1.746663e-14
1.8420305e-14
1.9419865e-14
2.0467216e-14
2.1564334e-14
2.2713261e-14
2.3916061e-14
2.5166709e-14
1.2810992e-30
5.4604045e-30
1.6819228e-29
4.6302289e-29
1.2029027e-28
2.9947019e-28
7.1745228e-28
1.6563898e-27
3.6891741e-27
7.9372372e-27
1.6522706e-26
3.3337708e-26
6.531739e-26
1.2449329e-25
2.3122824e-25
4.1920291e-25
7.4294857e-25
1.2890144e-24
2.1922353e-24
3.6590452e-24
6.0003763e-24
9.6774233e-24
1.5364441e-23
2.4033823e-23
3.7069975e-23
5.6419992e-23
8.4790895e-23
1.2590515e-22
1.8482845e-22
2.6838643e-22
3.8568952e-22
5.4878871e-22
7.7348819e-22
1.0803448e-21
1.4958878e-21
2.0540985e-21
2.7981911e-21
3.7827447e-21
5.0762385e-21
6.76405e-21
8.951981e-21
1.1770382e-20
1.5378954e-20
1.9972307e-20
2.5786373e-20
3.3105763e-20
4.2272182e-20
5.3694003e-20
6.7857128e-20
8.5337266e-20
1.0681374e-19
1.3308502e-19
1.6508602e-19
2.0390752e-19
2.5081762e-19
3.072856e-19
3.7500834e-19
4.5593938e-19
5.5232099e-19
6.6671928e-19
8.0206273e-19
9.6168431e-19
1.1493674e-18
1.3693956e-18
1.6266074e-18
1.9264548e-18
2.2750672e-18
2.6793203e-18
3.1469108e-18
3.6864359e-18
4.3074806e-18
5.0207095e-18
5.8379666e-18
6.7723821e-18
7.8384863e-18
9.0523313e-18
1.0431622e-17
1.1995852e-17
1.3766458e-17
1.5766968e-17
1.8023177e-17
2.0563319e-17
2.3418257e-17
2.6621683e-17
3.0210331e-17
3.4224195e-17
3.8706772e-17
4.3705305e-17
4.9271052e-17
5.5459561e-17
6.2330961e-17
6.9950278e-17
7.8394526e-17
8.7752608e-17
9.8110535e-17
1.0956109e-16
1.2220427e-16
1.3614768e-16
1.5150706e-16
1.6840672e-16
1.8698008e-16
2.0737017e-16
2.2973021e-16
2.5422416e-16
2.8102734e-16
3.1032705e-16
3.4232324e-16
3.7722913e-16
4.1527201e-16
4.5669388e-16
5.0175228e-16
5.5072108e-16
6.0389125e-16
6.6157181e-16
7.2409064e-16
7.9179542e-16
8.6505464e-16
9.4425854e-16
1.0298201e-15
1.1221763e-15
1.221789e-15
1.3291461e-15
1.444763e-15
1.5691833e-15
1.7029807e-15
1.8467599e-15
2.0011578e-15
2.1668456e-15
2.3445293e-15
2.5349519e-15
2.7388948e-15
2.957179e-15
3.1906672e-15
3.4402652e-15
3.7069238e-15
3.9916404e-15
4.295461e-15
4.6194819e-15
4.9648519e-15
5.3327742e-15
5.7245083e-15
6.1413722e-15
6.5847447e-15
7.0560675e-15
7.5568476e-15
8.0886593e-15
8.6531473e-15
9.2520284e-15
9.8870947e-15
1.0560216e-14
1.1273341e-14
1.2028504e-14
1.2827824e-14
1.3673507e-14
1.4567853e-14
1.5513255e-14
1.6512206e-14
1.7567298e-14
1.8681227e-14
1.9856798e-14
2.1096926e-14
2.240464e-14
2.3783088e-14
2.5235537e-14
2.6765383e-14
2.8376148e-14
3.0071488e-14
3.1855195e-14
3.3731202e-14
3.5703587e-14
3.7776579e-14
3.9954556e-14
4.2242058e-14
4.4643784e-14
4.7164601e-14
4.9809548e-14
5.2583838e-14
5.5492867e-14
5.8542216e-14
6.1737654e-14
6.5085151e-14
6.8590873e-14
7.2261194e-14
7.6102702e-14
8.0122215e-14
8.4326804e-14
8.8723729e-14
9.3320487e-14
9.8124814e-14
1.0314469e-13
1.0838836e-13
1.1386432e-13
1.1958132e-13
1.2554839e-13
1.3177486e-13
1.3827031e-13
1.4504464e-13
1.5210803e-13
1.594708e-13
1.671076e-13
1.1558759e-27
4.6759981e-27
1.2758912e-26
3.0167144e-26
6.6601572e-26
1.4096305e-25
2.8884606e-25
5.7524983e-25
1.1154756e-24
2.1085642e-24
3.8894957e-24
7.0088523e-24
1.2351885e-23
2.131308e-23
3.6047568e-23
5.9827273e-23
9.7537704e-23
1.5636105e-22
2.4670287e-22
3.8343348e-22
5.8753113e-22
8.8823293e-22
1.3258205e-21
1.9551916e-21
2.8503959e-21
4.1103435e-21
5.8659266e-21
8.2888319e-21
1.160236e-20
1.6094606e-20
2.213441e-20
3.019051e-20
4.085441e-20
5.4867494e-20
7.315299e-20
9.6853429e-20
1.2737429e-19
1.6643461e-19
2.1612534e-19
2.7897627e-19
3.5803258e-19
4.5694175e-19
5.80052e-19
7.3252335e-19
9.2045218e-19
1.1510107e-18
1.4326023e-18
1.7750344e-18
2.1897092e-18
2.6898347e-18
3.2906571e-18
4.0097147e-18
4.867117e-18
5.885848e-18
7.0920975e-18
8.5156196e-18
1.0190122e-17
1.2153687e-17
1.4449224e-17
1.7124959e-17
2.0234957e-17
2.3839688e-17
2.8006627e-17
3.2810901e-17
3.8335973e-17
4.4674376e-17
5.1928493e-17
6.0211388e-17
6.964768e-17
8.0374479e-17
9.2542373e-17
1.0631647e-16
1.218775e-16
1.3942298e-16
1.5916845e-16
1.8134873e-16
2.0621932e-16
2.3405782e-16
2.6516539e-16
2.9986838e-16
3.3851995e-16
3.8150178e-16
4.2922594e-16
4.8213671e-16
5.4071261e-16
6.0546843e-16
6.7695741e-16
7.557735e-16
8.4255365e-16
9.3798032e-16
1.042784e-15
1.1577457e-15
1.2836956e-15
1.4218708e-15
1.5733545e-15
1.7392355e-15
1.9206738e-15
2.1189042e-15
2.3352401e-15
2.5710771e-15
2.8278969e-15
3.107271e-15
3.4108653e-15
3.7404438e-15
4.0978736e-15
4.4851286e-15
4.9042952e-15
5.3575762e-15
5.8472965e-15
6.3759075e-15
6.9459933e-15
7.5602754e-15
8.2216187e-15
8.933037e-15
9.6976996e-15
1.0518937e-14
1.1400246e-14
1.23453e-14
1.335795e-14
1.4442238e-14
1.5602397e-14
1.6842865e-14
1.8168288e-14
1.9583529e-14
2.1093675e-14
2.2704049e-14
2.4420211e-14
2.6247973e-14
2.8193405e-14
3.0262843e-14
3.24629e-14
3.4800474e-14
3.7282759e-14
3.9917251e-14
4.2711764e-14
4.5674435e-14
4.8813735e-14
5.2138482e-14
5.5657851e-14
5.9381384e-14
6.3319002e-14
6.7481016e-14
7.1878141e-14
7.6521504e-14
8.142266e-14
8.6593602e-14
9.2046775e-14
9.7795091e-14
1.0385194e-13
1.1023119e-13
1.1694724e-13
1.2401498e-13
1.3144986e-13
1.3926786e-13
1.4748552e-13
1.5611998e-13
1.6518894e-13
1.7471073e-13
1.847043e-13
1.9518924e-13
2.061858e-13
2.1771489e-13
2.2979812e-13
2.424578e-13
2.5571696e-13
2.6959939e-13
2.8412962e-13
2.9933297e-13
3.1523553e-13
3.3186424e-13
3.4924684e-13
3.6741194e-13
3.8638902e-13
4.0620845e-13
4.2690149e-13
4.4850036e-13
4.7103822e-13
4.9454919e-13
5.1906839e-13
5.4463197e-13
5.7127708e-13
5.9904197e-13
6.2796594e-13
6.5808939e-13
6.8945398e-13
7.2210297e-13
7.5608029e-13
7.9143106e-13
8.2820162e-13
8.6643957e-13
9.0619378e-13
9.4751441e-13
9.9045296e-13
1.0350623e-12
1.0813966e-12
1.1295114e-12
1.179464e-12
1.2313127e-12
1.2851167e-12
1.3407315e-12
1.0017164e-24
3.9346587e-24
9.8457017e-24
2.0678048e-23
3.9930642e-23
7.3536882e-23
1.3121595e-22
2.2849692e-22
3.8966455e-22
6.5195692e-22
1.0714412e-21
1.7311076e-21
2.7518576e-21
4.3072212e-21
6.6428244e-21
1.0101841e-20
1.5157904e-20
2.2457242e-20
3.287208e-20
4.7567745e-20
6.8086218e-20
9.644935e-20
1.3528536e-19
1.8798267e-19
2.5887577e-19
3.5346801e-19
4.7869718e-19
6.4324977e-19
8.5793089e-19
1.1360967e-18
1.4941576e-18
1.9521598e-18
2.5344545e-18
3.270464e-18
4.1955531e-18
5.352018e-18
6.7902002e-18
8.5697387e-18
1.0760969e-17
1.344648e-17
1.6722845e-17
2.0702526e-17
2.5515975e-17
3.1313942e-17
3.8269984e-17
4.6583214e-17
5.6481274e-17
6.822356e-17
8.2104701e-17
9.8458308e-17
1.1766099e-16
1.4013666e-16
1.6636117e-16
1.9686715e-16
2.3224931e-16
2.7316992e-16
3.2036471e-16
3.7464911e-16
4.3692475e-16
5.0818642e-16
5.8952934e-16
6.8215681e-16
7.8738825e-16
9.0666759e-16
1.0415721e-15
1.1938217e-15
1.3652884e-15
1.5580064e-15
1.7741828e-15
2.0162082e-15
2.2866682e-15
2.5883551e-15
2.9242804e-15
3.2976872e-15
3.7120639e-15
4.1711571e-15
4.6789867e-15
5.2398598e-15
5.8583864e-15
6.5394949e-15
7.2884485e-15
8.1108616e-15
9.0127174e-15
1.0000386e-14
1.1080642e-14
1.2260684e-14
1.3548155e-14
1.4951161e-14
1.6478293e-14
1.8138646e-14
1.9941845e-14
2.1898063e-14
2.4018056e-14
2.6315594e-14
2.8810288e-14
3.1515989e-14
3.4447277e-14
3.7619491e-14
4.1048753e-14
4.4751993e-14
4.8746978e-14
5.3052342e-14
5.7687611e-14
6.2673237e-14
6.8030624e-14
7.3782165e-14
7.9951269e-14
8.6562396e-14
9.3641096e-14
1.0121403e-13
1.0930903e-13
1.1795511e-13
1.2718251e-13
1.3702275e-13
1.4750865e-13
1.5867438e-13
1.7055551e-13
1.8318902e-13
1.9661337e-13
2.1086856e-13
2.2599611e-13
2.4203919e-13
2.5904258e-13
2.7705281e-13
2.961181e-13
3.1628852e-13
3.3761596e-13
3.601542e-13
3.8395897e-13
4.0908802e-13
4.3560114e-13
4.6356021e-13
4.9302928e-13
5.2407463e-13
5.567648e-13
5.9117065e-13
6.2736543e-13
6.6542484e-13
7.0542708e-13
7.4745292e-13
7.9158573e-13
8.3791159e-13
8.8651931e-13
9.3750052e-13
9.9094973e-13
1.0469644e-12
1.1056449e-12
1.1670948e-12
1.2314207e-12
1.2987324e-12
1.3691432e-12
1.4427694e-12
1.5197309e-12
1.6001511e-12
1.6841568e-12
1.7718786e-12
1.8634507e-12
1.9590109e-12
2.0587012e-12
2.1626672e-12
2.2710587e-12
2.3840294e-12
2.5017372e-12
2.6243442e-12
2.7520168e-12
2.8849257e-12
3.0232463e-12
3.1671581e-12
3.3168455e-12
3.4724976e-12
3.634308e-12
3.8024754e-12
3.9772032e-12
4.1587001e-12
4.3471795e-12
4.5428603e-12
4.7459664e-12
4.9567272e-12
5.1753774e-12
5.4021574e-12
5.6373128e-12
5.8810953e-12
6.1337622e-12
6.3955766e-12
6.6668079e-12
6.9477391e-12
7.2386522e-12
7.5398352e-12
7.8515826e-12
8.1741953e-12
8.5079808e-12
8.8532532e-12
9.2103332e-12
9.5795486e-12
9.961234e-12
1.0355731e-11
1.0763388e-11
1.1184562e-11
1.161961e-11
1.206754e-11
8.3673314e-22
3.198e-21
7.4602341e-21
1.4203473e-20
2.4471109e-20
3.9906574e-20
6.2924022e-20
9.6954302e-20
1.4677902e-19
2.1896635e-19
3.2242707e-19
4.6911417e-19
6.7489406e-19
9.6062218e-19
1.3534605e-18
1.8884795e-18
2.610593e-18
3.5768794e-18
4.85935e-18
6.5482291e-18
8.7558204e-18
1.1621037e-17
1.5314678e-17
2.0045552e-17
2.6067528e-17
3.3687634e-17
4.3275297e-17
5.5272837e-17
7.020734e-17
8.8704007e-17
1.1150111e-16
1.3946668e-16
1.7361702e-16
2.1513714e-16
2.6540334e-16
3.2600787e-16
3.9878592e-16
4.858449e-16
5.8959631e-16
7.1278996e-16
8.5855093e-16
1.0304192e-15
1.2323917e-15
1.4689678e-15
1.7451966e-15
2.0667282e-15
2.4398664e-15
2.8716259e-15
3.3697907e-15
3.9429765e-15
4.6006956e-15
5.3534239e-15
6.2126721e-15
7.191058e-15
8.3023828e-15
9.5617096e-15
1.0985444e-14
1.259142e-14
1.4398982e-14
1.6429079e-14
1.8704352e-14
2.1249229e-14
2.4090023e-14
2.7255029e-14
3.0774626e-14
3.4681381e-14
3.9010155e-14
4.3798209e-14
4.9085321e-14
5.4913891e-14
6.1329065e-14
6.8378846e-14
7.611422e-14
8.4589275e-14
9.3861326e-14
1.0399105e-13
1.150426e-13
1.2708376e-13
1.4018606e-13
1.5442492e-13
1.6987979e-13
1.8663431e-13
2.0477642e-13
2.2439853e-13
2.4559766e-13
2.6847562e-13
2.9313911e-13
3.1969994e-13
3.4827514e-13
3.7898715e-13
4.1196398e-13
4.4733937e-13
4.8525297e-13
5.2584861e-13
5.6944356e-13
6.1627354e-13
6.6652262e-13
7.2038192e-13
7.7804981e-13
8.3973201e-13
9.0564174e-13
9.7599989e-13
1.0510352e-12
1.1309843e-12
1.2160923e-12
1.3066122e-12
1.4028061e-12
1.5049445e-12
1.6133069e-12
1.7281821e-12
1.8498683e-12
1.9786731e-12
2.1149143e-12
2.2589193e-12
2.4110263e-12
2.5715838e-12
2.7409509e-12
2.9194982e-12
3.1076072e-12
3.3056711e-12
3.5140949e-12
3.7332956e-12
3.9637025e-12
4.2057576e-12
4.4599156e-12
4.7266443e-12
5.006425e-12
5.2997526e-12
5.6071358e-12
5.9290978e-12
6.2661758e-12
6.6189222e-12
6.9879041e-12
7.373704e-12
7.77692e-12
8.198166e-12
8.638072e-12
9.0972846e-12
9.5764668e-12
1.0076299e-11
1.0597478e-11
1.1140719e-11
1.1706755e-11
1.2296336e-11
1.2910233e-11
1.3549231e-11
1.421414e-11
1.4905783e-11
1.5625008e-11
1.6372679e-11
1.7149681e-11
1.7956921e-11
1.8795325e-11
1.966584e-11
2.0569435e-11
2.1507099e-11
2.2479845e-11
2.3488707e-11
2.4534739e-11
2.5619022e-11
2.6742656e-11
2.7906767e-11
2.9112502e-11
3.0361033e-11
3.1653556e-11
3.2991292e-11
3.4375483e-11
3.5807401e-11
3.7288338e-11
3.8819614e-11
4.0402576e-11
4.2038592e-11
4.3729061e-11
4.5475406e-11
4.7279076e-11
4.9141549e-11
5.1064328e-11
5.3048944e-11
5.5096957e-11
5.7209954e-11
5.9389549e-11
6.1637386e-11
6.3955138e-11
6.6344507e-11
6.8807223e-11
7.1345137e-11
7.3960052e-11
7.6653795e-11
7.9428223e-11
8.2285225e-11
8.5226721e-11
8.8254661e-11
9.137103e-11
9.4577845e-11
9.7877152e-11
1.0127104e-10
1.0476161e-10
1.0835102e-10
1.1204143e-10
1.1582525e-10
6.780432e-19
2.4924037e-18
5.4373294e-18
9.4761734e-18
1.4741611e-17
2.1543772e-17
3.0347998e-17
4.1769471e-17
5.6586181e-17
7.5764841e-17
1.0049615e-16
1.3223798e-16
1.7276626e-16
2.2423414e-16
2.8924005e-16
3.709058e-16
4.729658e-16
5.9986853e-16
7.5689163e-16
9.5027189e-16
1.1873515e-15
1.4767418e-15
1.8285069e-15
2.2543663e-15
2.767921e-15
3.3849018e-15
4.1234424e-15
5.0043784e-15
6.0515724e-15
7.2922676e-15
8.7574693e-15
1.0482356e-14
1.250672e-14
1.4875437e-14
1.7638967e-14
2.0853887e-14
2.4583443e-14
2.8898149e-14
3.3876394e-14
3.9605092e-14
4.6180347e-14
5.3708153e-14
6.2305106e-14
7.2099146e-14
8.3230316e-14
9.5851537e-14
1.1012941e-13
1.26245e-13
1.443947e-13
1.6479102e-13
1.8766344e-13
2.1325928e-13
2.4184454e-13
2.7370472e-13
3.0914575e-13
3.4849481e-13
3.921012e-13
4.403372e-13
4.9359894e-13
5.5230725e-13
6.1690854e-13
6.8787562e-13
7.6570855e-13
8.5093555e-13
9.4411374e-13
1.0458301e-12
1.1567022e-12
1.277379e-12
1.4085421e-12
1.5509057e-12
1.7052184e-12
1.8722635e-12
2.0528597e-12
2.2478624e-12
2.4581641e-12
2.6846955e-12
2.9284261e-12
3.1903652e-12
3.4715628e-12
3.7731102e-12
4.0961409e-12
4.4418315e-12
4.8114027e-12
5.2061199e-12
5.6272939e-12
6.0762823e-12
6.5544899e-12
7.0633698e-12
7.6044238e-12
8.1792042e-12
8.7893137e-12
9.4364067e-12
1.012219e-11
1.0848427e-11
1.1617899e-11
1.2436618e-11
1.3306728e-11
1.4230428e-11
1.5209967e-11
1.6247645e-11
1.7345819e-11
1.8506896e-11
1.9733339e-11
2.1027664e-11
2.2392445e-11
2.3830309e-11
2.5343945e-11
2.6936097e-11
2.8609572e-11
3.0367237e-11
3.221202e-11
3.4146917e-11
3.6174984e-11
3.8299349e-11
4.0523203e-11
4.2849811e-11
4.5282507e-11
4.7824695e-11
5.0479857e-11
5.3251546e-11
5.6143395e-11
5.9159113e-11
6.2302487e-11
6.5577387e-11
6.8987762e-11
7.2537647e-11
7.6231159e-11
8.0072501e-11
8.4065964e-11
8.8215923e-11
9.2526848e-11
9.7003294e-11
1.0164991e-10
1.0647143e-10
1.114727e-10
1.1665864e-10
1.2203427e-10
1.2760471e-10
1.3337519e-10
1.3935101e-10
1.4553759e-10
1.5194044e-10
1.5856517e-10
1.6541751e-10
1.7250327e-10
1.7982837e-10
1.8739884e-10
1.952208e-10
2.033005e-10
2.1164427e-10
2.2025856e-10
2.2914993e-10
2.3832505e-10
2.4779067e-10
2.5755369e-10
2.6762109e-10
2.7799999e-10
2.8869758e-10
2.9972119e-10
3.1107827e-10
3.2277635e-10
3.3482309e-10
3.4722628e-10
3.599938e-10
3.7313365e-10
3.8665394e-10
4.0056291e-10
4.148689e-10
4.2958038e-10
4.4470592e-10
4.602542e-10
4.7623405e-10
4.9265438e-10
5.0952424e-10
5.2685279e-10
5.4464929e-10
5.6292315e-10
5.8168388e-10
6.0094111e-10
6.2070458e-10
6.4098416e-10
6.6178984e-10
6.8313174e-10
7.0502008e-10
7.2746521e-10
7.504785e-10
7.7407081e-10
7.982529e-10
8.2303566e-10
8.484301e-10
8.7444737e-10
9.0109873e-10
9.2839558e-10
9.5634945e-10
9.8497201e-10
1.014275e-09
1.0442704e-09
1.0749702e-09
1.1063865e-09
1.1384594e-09
5.3638749e-16
1.8545973e-15
3.7556746e-15
5.9966379e-15
8.4649661e-15
1.1160533e-14
1.4144778e-14
1.7508045e-14
2.1355077e-14
2.580057e-14
3.0969254e-14
3.6997825e-14
4.4037551e-14
5.225715e-14
6.1845792e-14
7.3016241e-14
8.6008152e-14
1.0109156e-13
1.185706e-13
1.3878753e-13
1.6212698e-13
1.8902056e-13
2.1995177e-13
2.5546131e-13
2.9615257e-13
3.426977e-13
3.9584377e-13
4.5641947e-13
5.2534198e-13
6.0362427e-13
6.9238257e-13
7.928442e-13
9.0635557e-13
1.0343905e-12
1.1785583e-12
1.340613e-12
1.5224611e-12
1.7261711e-12
1.9539814e-12
2.2083099e-12
2.4917617e-12
2.8071383e-12
3.1574455e-12
3.545902e-12
3.9759468e-12
4.4512474e-12
4.9757067e-12
5.5534707e-12
6.1889345e-12
6.8867493e-12
7.6518282e-12
8.4893515e-12
9.4047727e-12
1.0403823e-11
1.1492514e-11
1.2677146e-11
1.3964309e-11
1.5360883e-11
1.6874049e-11
1.8511284e-11
2.0280368e-11
2.2189383e-11
2.4246718e-11
2.6461068e-11
2.8841439e-11
3.1397145e-11
3.413781e-11
3.7073374e-11
4.0214085e-11
4.3570509e-11
4.7153525e-11
5.0974325e-11
5.5044421e-11
5.9375639e-11
6.3980122e-11
6.8870332e-11
7.4059049e-11
7.9559374e-11
8.5384725e-11
9.1548844e-11
9.8065795e-11
1.0494996e-10
1.1221606e-10
1.1987911e-10
1.2795449e-10
1.3645789e-10
1.4540531e-10
1.5481312e-10
1.6469799e-10
1.7507693e-10
1.8596729e-10
1.9738676e-10
2.0935337e-10
2.2188546e-10
2.3500091e-10
2.4879149e-10
2.6330962e-10
2.7857556e-10
2.9460978e-10
3.1143297e-10
3.2906601e-10
3.4752997e-10
3.6684616e-10
3.8703608e-10
4.0812148e-10
4.3012431e-10
4.5306679e-10
4.769714e-10
5.0186088e-10
5.2775823e-10
5.546868e-10
5.8267019e-10
6.1173235e-10
6.4189755e-10
6.7319043e-10
7.0563596e-10
7.3925947e-10
7.740867e-10
8.1014374e-10
8.4745709e-10
8.8605367e-10
9.2596079e-10
9.6720619e-10
1.009818e-09
1.0538249e-09
1.0992558e-09
1.1461402e-09
1.1945081e-09
1.2443897e-09
1.295816e-09
1.3488181e-09
1.4034278e-09
1.4596773e-09
1.5175991e-09
1.5772265e-09
1.6385929e-09
1.7017323e-09
1.7666793e-09
1.8334687e-09
1.9021359e-09
1.9727169e-09
2.0452478e-09
2.1197655e-09
2.1963072e-09
2.2749105e-09
2.3556135e-09
2.4384548e-09
2.5234734e-09
2.6107087e-09
2.7002006e-09
2.7919895e-09
2.8861161e-09
2.9826216e-09
3.0815476e-09
3.1829361e-09
3.2868296e-09
3.3932711e-09
3.5023036e-09
3.6139711e-09
3.7283176e-09
3.8453876e-09
3.965226e-09
4.0878782e-09
4.2133898e-09
4.341807e-09
4.4731762e-09
4.6075443e-09
4.7449585e-09
4.8854665e-09
5.0291161e-09
5.1759558e-09
5.3260343e-09
5.4794005e-09
5.636104e-09
5.7961944e-09
5.9597218e-09
6.1267368e-09
6.29729e-09
6.4714326e-09
6.649216e-09
6.8306921e-09
7.015913e-09
7.2049311e-09
7.3977992e-09
7.5945706e-09
7.7953067e-09
8.0000656e-09
8.2089015e-09
8.4218694e-09
8.6390243e-09
8.8604216e-09
9.0861172e-09
9.3161673e-09
9.5506285e-09
9.7895576e-09
1.0033012e-08
1.0281049e-08
1.0533727e-08
1.0791103e-08
1.1052716e-08
4.1637161e-13
1.3106006e-12
2.422207e-12
3.5178222e-12
4.4991816e-12
5.3600409e-12
6.1313945e-12
6.8513965e-12
7.5540409e-12
8.2667345e-12
9.0110698e-12
9.8043558e-12
1.0661052e-11
1.1593896e-11
1.2614731e-11
1.3735107e-11
1.4966708e-11
1.6321678e-11
1.7812857e-11
1.9453977e-11
2.1259822e-11
2.3246367e-11
2.5430903e-11
2.7832153e-11
3.0470382e-11
3.3367505e-11
3.6547191e-11
4.0034961e-11
4.3858291e-11
4.8046704e-11
5.2631869e-11
5.7647686e-11
6.3130376e-11
6.9118562e-11
7.5653344e-11
8.2778375e-11
9.0539916e-11
9.8986907e-11
1.08171e-10
1.1814663e-10
1.2897101e-10
1.4070419e-10
1.5340904e-10
1.6715131e-10
1.8199959e-10
1.9802527e-10
2.1530262e-10
2.3390864e-10
2.5392315e-10
2.7542863e-10
2.9851026e-10
3.2325583e-10
3.4975565e-10
3.7810256e-10
4.0839177e-10
4.4072085e-10
4.7518963e-10
5.1190012e-10
5.5095641e-10
5.9246464e-10
6.3653287e-10
6.83271e-10
7.3279073e-10
7.8520544e-10
8.4063013e-10
8.9918134e-10
9.6097709e-10
1.0261368e-09
1.0947812e-09
1.1670324e-09
1.2430136e-09
1.3228492e-09
1.4066648e-09
1.4945871e-09
1.5867436e-09
1.6832631e-09
1.7842752e-09
1.8899104e-09
2.0003003e-09
2.1155772e-09
2.2358744e-09
2.361326e-09
2.4920669e-09
2.628233e-09
2.7699609e-09
2.9173881e-09
3.0706528e-09
3.2298941e-09
3.3952521e-09
3.5668675e-09
3.7448818e-09
3.9294375e-09
4.1206779e-09
4.3187471e-09
4.5237906e-09
4.7363033e-09
4.9579748e-09
5.188896e-09
5.429159e-09
5.6788566e-09
5.9380823e-09
6.2069307e-09
6.485497e-09
6.7738776e-09
7.0721698e-09
7.3804722e-09
7.6988847e-09
8.0275089e-09
8.3664478e-09
8.7158064e-09
9.0756915e-09
9.4462119e-09
9.8274788e-09
1.0219605e-08
1.0622708e-08
1.1036903e-08
1.1462314e-08
1.1899061e-08
1.2347272e-08
1.2807075e-08
1.3278601e-08
1.3761984e-08
1.4257361e-08
1.476487e-08
1.5284654e-08
1.5816856e-08
1.6361626e-08
1.6919111e-08
1.7489464e-08
1.807284e-08
1.8669397e-08
1.9279293e-08
1.9902691e-08
2.0539754e-08
2.119065e-08
2.1855547e-08
2.2534616e-08
2.3228028e-08
2.393596e-08
2.4658587e-08
2.5396088e-08
2.6148643e-08
2.6916434e-08
2.7699645e-08
2.849846e-08
2.9313067e-08
3.0143653e-08
3.0990407e-08
3.1853522e-08
3.2733188e-08
3.36296e-08
3.4542951e-08
3.5473437e-08
3.6421255e-08
3.7386602e-08
3.8369677e-08
3.937068e-08
4.038981e-08
4.1427268e-08
4.2483257e-08
4.3557979e-08
4.4651637e-08
4.5764434e-08
4.6896575e-08
4.8048264e-08
4.9219707e-08
5.0411109e-08
5.1622676e-08
5.2854614e-08
5.410713e-08
5.538043e-08
5.6674722e-08
5.7990212e-08
5.9327108e-08
6.0685617e-08
6.2065947e-08
6.3468305e-08
6.4892899e-08
6.6339936e-08
6.7809625e-08
6.9302172e-08
7.0817787e-08
7.2356676e-08
7.3919048e-08
7.5505112e-08
7.7115138e-08
7.8749389e-08
8.0408072e-08
8.2091398e-08
8.3799576e-08
8.5532816e-08
8.7291327e-08
8.9075322e-08
9.0885011e-08
9.2720605e-08
9.4582316e-08
9.6470356e-08
9.8384938e-08
1.0032627e-07
1.0229105e-07
3.1841494e-10
8.7089189e-10
1.42915e-09
1.8589636e-09
2.1369185e-09
2.2923305e-09
2.3648434e-09
2.3874557e-09
2.3833041e-09
2.3672719e-09
2.3484487e-09
2.3321794e-09
2.3214986e-09
2.3180621e-09
2.3227264e-09
2.3359025e-09
2.3577679e-09
2.3883918e-09
2.427809e-09
2.4760617e-09
2.5332232e-09
2.5994098e-09
2.6747874e-09
2.7595731e-09
2.8540358e-09
2.958495e-09
3.0733195e-09
3.1989251e-09
3.3357736e-09
3.4843701e-09
3.645262e-09
3.8190369e-09
4.006321e-09
4.2077775e-09
4.4241052e-09
4.6560367e-09
4.9043366e-09
5.1698005e-09
5.4532526e-09
5.7555442e-09
6.0775522e-09
6.4201768e-09
6.7843399e-09
7.1709829e-09
7.5810649e-09
8.0155609e-09
8.475459e-09
8.9617592e-09
9.4754709e-09
1.0017611e-08
1.0589201e-08
1.1191267e-08
1.1824837e-08
1.2490936e-08
1.3190591e-08
1.3924821e-08
1.4694642e-08
1.5501064e-08
1.6345085e-08
1.7227698e-08
1.8149881e-08
1.9112604e-08
2.0116822e-08
2.1163477e-08
2.2253498e-08
2.3387797e-08
2.4567273e-08
2.5792809e-08
2.7065272e-08
2.8385514e-08
2.9754371e-08
3.1172662e-08
3.2641192e-08
3.4160751e-08
3.5732114e-08
3.7356039e-08
3.9033272e-08
4.0764546e-08
4.2550579e-08
4.4392077e-08
4.6289734e-08
4.8244232e-08
5.0256243e-08
5.2326427e-08
5.4455436e-08
5.6643913e-08
5.889249e-08
6.1201793e-08
6.3572441e-08
6.6005045e-08
6.850021e-08
7.1058537e-08
7.3680619e-08
7.6367046e-08
7.9118402e-08
8.1934924e-08
8.4838057e-08
8.7835435e-08
9.0925859e-08
9.4108201e-08
9.7381407e-08
1.0074449e-07
1.0419652e-07
1.0773665e-07
1.1136406e-07
1.1507804e-07
1.1887789e-07
1.2276301e-07
1.2673282e-07
1.3078682e-07
1.3492456e-07
1.3914564e-07
1.4344973e-07
1.4783653e-07
1.523058e-07
1.5685736e-07
1.6149106e-07
1.662068e-07
1.7100454e-07
1.7588427e-07
1.8084602e-07
1.8588987e-07
1.9101593e-07
1.9622435e-07
2.0151532e-07
2.0688904e-07
2.1234578e-07
2.1788581e-07
2.2350944e-07
2.2921699e-07
2.3500884e-07
2.4088536e-07
2.4684696e-07
2.5289406e-07
2.5902711e-07
2.6524657e-07
2.7155291e-07
2.7794663e-07
2.8442825e-07
2.9099827e-07
2.9765723e-07
3.0440568e-07
3.1124417e-07
3.1817325e-07
3.251935e-07
3.323055e-07
3.3950983e-07
3.4680707e-07
3.5419782e-07
3.6168267e-07
3.6926223e-07
3.7693709e-07
3.8470786e-07
3.9257515e-07
4.0053955e-07
4.0860168e-07
4.1676214e-07
4.2502154e-07
4.3338049e-07
4.4183957e-07
4.5039941e-07
4.5906058e-07
4.678237e-07
4.7668935e-07
4.8565812e-07
4.947306e-07
5.0390737e-07
5.1318901e-07
5.2257609e-07
5.3206918e-07
5.4166885e-07
5.5137566e-07
5.6119016e-07
5.7111289e-07
5.8114441e-07
5.9128526e-07
6.0153596e-07
6.1189705e-07
6.2236904e-07
6.3295246e-07
6.4364782e-07
6.5445563e-07
6.653764e-07
6.7641062e-07
6.8755879e-07
6.9882181e-07
7.102007e-07
7.2169596e-07
7.3330804e-07
7.4503743e-07
7.5688459e-07
7.6884999e-07
7.809341e-07
7.9313739e-07
8.0546033e-07
8.1790338e-07
8.3046701e-07
8.4315169e-07
8.5595784e-07
8.6886503e-07
2.4062085e-07
5.328253e-07
7.4450586e-07
8.4561636e-07
8.6041459e-07
8.2365607e-07
7.6247897e-07
6.9373624e-07
6.2646558e-07
5.6484287e-07
5.1034158e-07
4.6306257e-07
4.2248172e-07
3.8784417e-07
3.5835957e-07
3.332906e-07
3.1198652e-07
2.9388992e-07
2.7853119e-07
2.6551835e-07
2.5452577e-07
2.4528348e-07
2.3756775e-07
2.3119303e-07
2.2600526e-07
2.2187634e-07
2.1869958e-07
2.1638604e-07
2.1486147e-07
2.1406386e-07
2.1394144e-07
2.1445096e-07
2.155564e-07
2.1722776e-07
2.1944017e-07
2.221731e-07
2.2540966e-07
2.2913611e-07
2.3334131e-07
2.3801638e-07
2.4315435e-07
2.4874983e-07
2.547988e-07
2.6129835e-07
2.6824651e-07
2.7564211e-07
2.8348458e-07
2.9177386e-07
3.005103e-07
3.0969452e-07
3.1932737e-07
3.2940983e-07
3.3994296e-07
3.5092785e-07
3.6236556e-07
3.7425707e-07
3.8660328e-07
3.9940498e-07
4.1266277e-07
4.2637714e-07
4.4054836e-07
4.5517654e-07
4.7026158e-07
4.8580321e-07
5.0180095e-07
5.1825413e-07
5.351619e-07
5.5252323e-07
5.7033692e-07
5.886016e-07
6.0731574e-07
6.2647771e-07
6.4608571e-07
6.6613783e-07
6.8663209e-07
7.0756636e-07
7.2893849e-07
7.5074623e-07
7.7298728e-07
7.9565932e-07
8.1875996e-07
8.4228682e-07
8.6623752e-07
8.9060964e-07
9.1540081e-07
9.4060867e-07
9.6623086e-07
9.9226509e-07
1.0187091e-06
1.0455606e-06
1.0728176e-06
1.1004778e-06
1.1285392e-06
1.1569999e-06
1.1858579e-06
1.2151115e-06
1.2448319e-06
1.2752713e-06
1.3063971e-06
1.3381788e-06
1.3705882e-06
1.4035988e-06
1.4371864e-06
1.471328e-06
1.5060025e-06
1.5411904e-06
1.5768736e-06
1.6130352e-06
1.6496597e-06
1.686733e-06
1.7242419e-06
1.7621743e-06
1.8005193e-06
1.8392668e-06
1.8784076e-06
1.9179334e-06
1.9578367e-06
1.9981108e-06
2.0387495e-06
2.0797474e-06
2.1210997e-06
2.1628021e-06
2.2048509e-06
2.2472428e-06
2.289975e-06
2.3330451e-06
2.3764511e-06
2.4201913e-06
2.4642645e-06
2.5086695e-06
2.5534057e-06
2.5984725e-06
2.6438697e-06
2.6895971e-06
2.735655e-06
2.7820435e-06
2.8287632e-06
2.8758145e-06
2.9231983e-06
2.9709152e-06
3.0189663e-06
3.0673525e-06
3.1160748e-06
3.1651344e-06
3.2145325e-06
3.2642702e-06
3.3143489e-06
3.3647697e-06
3.4155341e-06
3.4666433e-06
3.5180987e-06
3.5699016e-06
3.6220533e-06
3.6745552e-06
3.7274086e-06
3.7806148e-06
3.834175e-06
3.8880907e-06
3.942363e-06
3.9969931e-06
4.0519823e-06
4.1073318e-06
4.1630427e-06
4.219116e-06
4.275553e-06
4.3323546e-06
4.3895218e-06
4.4470556e-06
4.5049571e-06
4.5632269e-06
4.6218661e-06
4.6808755e-06
4.7402558e-06
4.8000077e-06
4.8601321e-06
4.9206295e-06
4.9815006e-06
5.042746e-06
5.1043662e-06
5.1663618e-06
5.2287333e-06
5.2914812e-06
5.3546059e-06
5.4181078e-06
5.4819873e-06
5.5462467e-06
5.6108907e-06
5.6759195e-06
5.7413333e-06
5.8071322e-06
5.8733166e-06
5.9398864e-06
6.006842e-06
6.0741836e-06
6.1419113e-06
6.2100254e-06
6.278526e-06
6.3474135e-06
6.4166878e-06
6.486246e-06
0.00018009672
0.00028527802
0.00031753385
0.00030270414
0.00026601724
0.00022375677
0.00018407035
0.0001500277
0.00012212159
9.9761222e-05
8.2026706e-05
6.8001105e-05
5.6891343e-05
4.8054066e-05
4.0983862e-05
3.5289984e-05
3.0672441e-05
2.6901295e-05
2.3800006e-05
2.1232525e-05
1.9093485e-05
1.7300808e-05
1.5790157e-05
1.4510782e-05
1.3422387e-05
1.249277e-05
1.1696037e-05
1.1011235e-05
1.0421309e-05
9.9122937e-06
9.4726925e-06
9.0929883e-06
8.7652622e-06
8.4828915e-06
8.2403112e-06
8.0328226e-06
7.8564409e-06
7.7077714e-06
7.5839097e-06
7.4823605e-06
7.4009709e-06
7.3378757e-06
7.2914528e-06
7.2602853e-06
7.2431305e-06
7.2388947e-06
7.2466106e-06
7.2654196e-06
7.2945565e-06
7.3333362e-06
7.3811431e-06
7.4374214e-06
7.5016677e-06
7.5734237e-06
7.6522706e-06
7.7378245e-06
7.8297317e-06
7.9276654e-06
8.0313225e-06
8.1404208e-06
8.254697e-06
8.3739045e-06
8.4978119e-06
8.6262011e-06
8.7588668e-06
8.8956146e-06
9.0362607e-06
9.1806306e-06
9.3285587e-06
9.4798877e-06
9.634468e-06
9.7921568e-06
9.9528187e-06
1.0116324e-05
1.028255e-05
1.0451379e-05
1.0622699e-05
1.0796404e-05
1.0972392e-05
1.1150566e-05
1.1330835e-05
1.1513112e-05
1.1697313e-05
1.1883359e-05
1.2071176e-05
1.2260693e-05
1.2451842e-05
1.264456e-05
1.2838787e-05
1.3034466e-05
1.3231543e-05
1.3429969e-05
1.3629694e-05
1.3830676e-05
1.403287e-05
1.4236239e-05
1.4440661e-05
1.4648162e-05
1.4859051e-05
1.5073013e-05
1.5289762e-05
1.5509035e-05
1.5730595e-05
1.5954225e-05
1.6179729e-05
1.6406929e-05
1.6635661e-05
1.6865781e-05
1.7097157e-05
1.732967e-05
1.7563213e-05
1.7797692e-05
1.803302e-05
1.8269122e-05
1.8505931e-05
1.8743388e-05
1.898144e-05
1.9220042e-05
1.9459154e-05
1.9698742e-05
1.9938778e-05
2.0179236e-05
2.0420095e-05
2.0661341e-05
2.0902958e-05
2.1144936e-05
2.1387269e-05
2.162995e-05
2.1872976e-05
2.2116347e-05
2.2360063e-05
2.2604127e-05
2.2848541e-05
2.309331e-05
2.3338441e-05
2.3583939e-05
2.3829812e-05
2.4076068e-05
2.4322715e-05
2.4569763e-05
2.481722e-05
2.5065097e-05
2.5313402e-05
2.5562146e-05
2.5811339e-05
2.6060991e-05
2.6311112e-05
2.6561712e-05
2.68128e-05
2.7064387e-05
2.7316481e-05
2.7569093e-05
2.7822232e-05
2.8075907e-05
2.8330126e-05
2.8584898e-05
2.8840231e-05
2.9096134e-05
2.9352613e-05
2.9609677e-05
2.9867333e-05
3.0125586e-05
3.0384445e-05
3.0643916e-05
3.0904003e-05
3.1164713e-05
3.1426052e-05
3.1688024e-05
3.1950634e-05
3.2213887e-05
3.2477787e-05
3.2742337e-05
3.3007542e-05
3.3273405e-05
3.3539928e-05
3.3807116e-05
3.407497e-05
3.4343493e-05
3.4612687e-05
3.4882554e-05
3.5153095e-05
3.5424314e-05
3.5696209e-05
3.5968784e-05
3.624204e-05
3.6515981e-05
3.6790635e-05
3.7066002e-05
3.734208e-05
3.7618871e-05
3.7896373e-05
3.8174586e-05
3.8453511e-05
3.8733146e-05
3.9013493e-05
3.929455e-05
3.9576318e-05
3.9858796e-05
4.0141985e-05
4.0425496e-05
0.13374759
0.1130543
0.088907395
0.066735824
0.04877134
0.035205846
0.025354148
0.018338372
0.013378487
0.0098701829
0.0073750406
0.0055853124
0.0042882769
0.0033376469
0.0026327077
0.0021037718
0.0017022625
0.0013940184
0.0011547827
0.00096715744
0.00081853651
0.00069969293
0.00060380549
0.00052578235
0.0004617867
0.00040890102
0.00036488739
0.00032801473
0.00029693311
0.00027058174
0.00024812082
0.00022888076
0.00021232404
0.00019801635
0.00018560458
0.00017479988
0.00016536464
0.00015710228
0.00014984932
0.00014346909
0.00013784679
0.0001328855
0.00012850303
0.00012462938
0.00012120466
0.00011817742
0.00011550328
0.0001131438
0.00011106557
0.00010923945
0.0001076399
0.0001062445
0.00010503345
0.00010398926
0.00010309641
0.00010234107
0.00010171088
0.00010119482
0.00010078294
0.00010046631
0.00010023689
0.00010008737
0.00010001114
0.0001000022
0.00010005509
0.00010016481
0.00010032681
0.00010053693
0.00010079134
0.00010108655
0.00010141933
0.00010178672
0.00010218599
0.00010261465
0.00010307037
0.00010355101
0.00010405461
0.00010457935
0.00010512354
0.00010568564
0.0001062642
0.00010685791
0.00010746553
0.00010808594
0.00010871809
0.00010936101
0.00011001381
0.00011067567
0.00011134583
0.00011202359
0.00011270831
0.00011339939
0.00011409628
0.00011479848
0.00011550554
0.00011621702
0.00011693255
0.00011765408
0.00011838853
0.00011913439
0.00011989025
0.00012065487
0.00012142711
0.00012220595
0.00012299046
0.0001237798
0.00012457322
0.00012537006
0.00012616971
0.00012697162
0.00012777533
0.00012858041
0.00012938647
0.0001301932
0.0001310003
0.00013180752
0.00013261464
0.00013342147
0.00013422786
0.00013503366
0.00013583876
0.00013664307
0.00013744652
0.00013824905
0.00013905062
0.00013985119
0.00014065074
0.00014144928
0.0001422468
0.00014304331
0.00014383882
0.00014463337
0.00014542697
0.00014621966
0.00014701147
0.00014780245
0.00014859263
0.00014938207
0.0001501708
0.00015095887
0.00015174634
0.00015253325
0.00015331964
0.00015410558
0.00015489111
0.00015567628
0.00015646113
0.00015724572
0.00015803009
0.00015881429
0.00015959836
0.00016038235
0.0001611663
0.00016195025
0.00016273425
0.00016351833
0.00016430253
0.00016508689
0.00016587144
0.00016665622
0.00016744125
0.00016822658
0.00016901222
0.00016979821
0.00017058458
0.00017137134
0.00017215853
0.00017294617
0.00017373427
0.00017452286
0.00017531196
0.00017610159
0.00017689176
0.00017768248
0.00017847378
0.00017926567
0.00018005815
0.00018085124
0.00018164495
0.00018243929
0.00018323427
0.00018402989
0.00018482617
0.00018562311
0.00018642071
0.00018721899
0.00018801805
0.00018881789
0.00018961851
0.00019041991
0.00019122209
0.00019202506
0.00019282881
0.00019363335
0.00019443867
0.00019524479
0.00019605169
0.00019685938
0.00019766787
0.00019847612
0.14232448
0.1381057
0.12815509
0.11343747
0.096495097
0.079715892
0.064594382
0.051759126
0.041267599
0.032886891
0.026279562
0.021103604
0.017056326
0.013887523
0.011398085
0.0094329645
0.0078728692
0.0066265535
0.0056243566
0.0048130547
0.0041518768
0.0036094714
0.0031616185
0.00278951
0.0024784601
0.002216936
0.0019958284
0.0018079005
0.0016473695
0.0015095885
0.0013908021
0.0012879592
0.001198567
0.0011205789
0.0010523055
0.00099234581
0.00093953236
0.00089288764
0.00085158961
0.00081494389
0.00078236147
0.00075334062
0.0007274523
0.00070432814
0.0006836507
0.00066514541
0.00064857393
0.00063372864
0.00062042809
0.00060851317
0.00059784392
0.00058829685
0.00057976267
0.00057214439
0.00056535567
0.00055931949
0.00055396693
0.00054923618
0.00054507169
0.00054142341
0.00053824614
0.00053549901
0.00053314498
0.00053115039
0.00052948468
0.00052811997
0.00052703085
0.00052619414
0.0005255886
0.00052519482
0.00052499502
0.00052497288
0.00052511343
0.00052540294
0.00052582877
0.00052637932
0.00052704393
0.00052781278
0.00052867685
0.00052962783
0.00053065809
0.00053176061
0.0005329289
0.00053415705
0.00053543956
0.00053677144
0.00053814805
0.00053956516
0.00054101888
0.00054250565
0.00054402218
0.00054556548
0.0005471328
0.00054872164
0.0005503297
0.00055195488
0.00055359527
0.00055524494
0.00055692876
0.00055864565
0.00056039127
0.00056216169
0.00056395337
0.00056576312
0.00056758805
0.00056942558
0.00057127338
0.00057312938
0.00057499171
0.00057685874
0.00057872899
0.00058060116
0.00058247411
0.00058434685
0.00058621849
0.00058808827
0.00058995554
0.00059181973
0.00059368037
0.00059553707
0.00059738949
0.00059923736
0.00060108048
0.00060291867
0.00060475183
0.00060657988
0.00060840277
0.00061022049
0.00061203306
0.00061384052
0.00061564292
0.00061744034
0.00061923288
0.00062102065
0.00062280376
0.00062458233
0.00062635651
0.00062812643
0.00062989224
0.00063165409
0.00063341213
0.0006351665
0.00063691738
0.0006386649
0.00064040922
0.00064215049
0.00064388886
0.00064562448
0.00064735749
0.00064908804
0.00065081626
0.00065254228
0.00065426624
0.00065598826
0.00065770847
0.00065942699
0.00066114393
0.00066285939
0.00066457349
0.00066628634
0.00066799801
0.00066970862
0.00067141825
0.00067312698
0.00067483489
0.00067654207
0.00067824858
0.00067995449
0.00068165987
0.00068336479
0.00068506928
0.00068677342
0.00068847726
0.00069018083
0.00069188418
0.00069358736
0.0006952904
0.00069699333
0.0006986962
0.00070039903
0.00070210184
0.00070380467
0.00070550753
0.00070721045
0.00070891346
0.00071061655
0.00071231998
0.00071402378
0.00071572795
0.0007174325
0.00071913744
0.00072084277
0.0007225485
0.00072425464
0.00072596119
0.00072766817
0.00072937557
0.00073108343
0.00073279174
0.00073449845
0.14282829
0.14219435
0.13951473
0.13354466
0.12416846
0.1122996
0.099248494
0.08619245
0.073946268
0.06295461
0.053380174
0.045206021
0.038317928
0.032560033
0.027768145
0.02378743
0.020480351
0.017729009
0.015434554
0.013515253
0.011904105
0.010546457
0.009397837
0.0084220799
0.0075897577
0.0068768856
0.0062638714
0.0057346664
0.0052760836
0.0048772513
0.0045291746
0.0042243844
0.0039566554
0.0037207798
0.0035123847
0.0033277841
0.0031638602
0.0030179655
0.0028878442
0.0027715671
0.0026674789
0.0025741541
0.0024903611
0.0024150324
0.0023472396
0.0022861728
0.0022311234
0.0021814694
0.0021366633
0.0020962219
0.0020597171
0.0020267694
0.0019970409
0.00197023
0.0019460673
0.0019243111
0.0019047443
0.0018871715
0.0018714166
0.0018573201
0.0018447378
0.0018335391
0.0018236049
0.0018148272
0.0018071076
0.0018003561
0.0017944908
0.0017894367
0.0017851251
0.0017814932
0.0017784834
0.0017760428
0.0017741229
0.0017726792
0.0017716708
0.0017710602
0.0017708128
0.0017708968
0.0017712832
0.001771945
0.0017728576
0.0017739984
0.0017753466
0.0017768829
0.0017785899
0.0017804514
0.0017824527
0.00178458
0.0017868211
0.0017891645
0.0017915997
0.0017941173
0.0017967085
0.0017993652
0.0018020803
0.0018048472
0.0018076596
0.0018105123
0.0018134093
0.001816383
0.0018194231
0.0018225205
0.0018256667
0.0018288543
0.0018320765
0.0018353273
0.0018386012
0.0018418934
0.0018451994
0.0018485154
0.001851838
0.0018551642
0.0018584913
0.0018618168
0.0018651389
0.0018684557
0.0018717657
0.0018750676
0.0018783602
0.0018816427
0.0018849142
0.0018881742
0.0018914221
0.0018946576
0.0018978804
0.0019010903
0.0019042872
0.0019074711
0.0019106421
0.0019138001
0.0019169454
0.0019200781
0.0019231984
0.0019263066
0.001929403
0.0019324878
0.0019355613
0.001938624
0.001941676
0.0019447177
0.0019477496
0.0019507718
0.0019537849
0.0019567891
0.0019597848
0.0019627723
0.001965752
0.0019687242
0.0019716892
0.0019746473
0.001977599
0.0019805444
0.0019834839
0.0019864178
0.0019893463
0.0019922697
0.0019951883
0.0019981023
0.002001012
0.0020039176
0.0020068192
0.0020097173
0.0020126118
0.0020155031
0.0020183913
0.0020212766
0.0020241592
0.0020270391
0.0020299166
0.0020327918
0.0020356648
0.0020385358
0.0020414048
0.002044272
0.0020471375
0.0020500013
0.0020528636
0.0020557244
0.0020585839
0.002061442
0.0020642988
0.0020671545
0.002070009
0.0020728624
0.0020757147
0.0020785661
0.0020814168
0.0020842671
0.0020871169
0.0020899663
0.0020928152
0.0020956637
0.0020985119
0.0021013597
0.0021042072
0.0021070544
0.0021099013
0.0021127479
0.0021155944
0.0021184374
0.14285566
0.14277281
0.14218602
0.14029875
0.13636571
0.13011981
0.12184609
0.11217735
0.10183507
0.09145026
0.081486783
0.072236419
0.06384882
0.056370916
0.049782869
0.044025986
0.039022345
0.03468757
0.030938557
0.027697726
0.024895038
0.022468639
0.020364696
0.018536828
0.016945335
0.015556387
0.014341225
0.013275435
0.012338296
0.011512219
0.010782252
0.010135671
0.0095616299
0.0090508603
0.0085954288
0.0081885269
0.0078242975
0.0074976891
0.0072043338
0.0069404448
0.0067027305
0.006488322
0.0062947123
0.0061197049
0.0059613703
0.0058180091
0.0056881208
0.0055703774
0.0054636004
0.0053667415
0.0052788663
0.0051991397
0.0051268139
0.0050612179
0.0050017482
0.004947861
0.0048990655
0.0048549177
0.0048150154
0.0047789939
0.0047465215
0.0047172963
0.0046910435
0.0046675122
0.0046464731
0.0046277168
0.0046110514
0.0045963013
0.0045833055
0.0045719163
0.004561998
0.0045534261
0.0045460863
0.0045398733
0.0045346906
0.0045304494
0.0045270678
0.0045244707
0.0045225891
0.0045213594
0.0045207231
0.0045206267
0.0045210207
0.0045218597
0.0045231023
0.0045247101
0.0045266481
0.0045288841
0.0045313887
0.0045341348
0.0045370978
0.0045402551
0.004543586
0.0045470717
0.0045506949
0.00455444
0.0045582927
0.00456224
0.0045662426
0.0045703924
0.00457467
0.0045790579
0.00458354
0.004588102
0.0045927311
0.0045974156
0.0046021451
0.0046069102
0.0046117027
0.0046165152
0.004621341
0.0046261744
0.0046310103
0.0046358441
0.0046406719
0.0046454903
0.0046502965
0.0046550877
0.004659862
0.0046646174
0.0046693526
0.0046740662
0.0046787574
0.0046834254
0.0046880696
0.0046926896
0.0046972853
0.0047018565
0.0047064033
0.0047109258
0.0047154243
0.004719899
0.0047243505
0.004728779
0.0047331851
0.0047375693
0.0047419321
0.0047462743
0.0047505963
0.0047548988
0.0047591825
0.0047634479
0.0047676957
0.0047719266
0.0047761413
0.0047803402
0.0047845242
0.0047886938
0.0047928495
0.0047969921
0.0048011221
0.00480524
0.0048093464
0.0048134418
0.0048175269
0.0048216019
0.0048256675
0.0048297241
0.0048337722
0.0048378122
0.0048418444
0.0048458693
0.0048498873
0.0048538987
0.0048579039
0.0048619031
0.0048658967
0.004869885
0.0048738683
0.0048778467
0.0048818207
0.0048857903
0.0048897558
0.0048937173
0.0048976752
0.0049016295
0.0049055805
0.0049095282
0.0049134728
0.0049174145
0.0049213533
0.0049252894
0.0049292228
0.0049331537
0.0049370822
0.0049410083
0.0049449325
0.0049488552
0.0049527764
0.0049566962
0.0049606146
0.0049645316
0.0049684474
0.0049723618
0.0049762751
0.0049801873
0.0049840983
0.0049880084
0.0049919176
0.0049958217
0.14285707
0.14284719
0.14273481
0.14222783
0.14085346
0.13815305
0.13388565
0.12810019
0.12107736
0.11321595
0.10492891
0.096576682
0.088437759
0.080705384
0.073498146
0.066875855
0.060855546
0.055425255
0.05055482
0.046203834
0.042327196
0.038878809
0.035813903
0.033090401
0.030669622
0.028516551
0.02659984
0.024891644
0.023367365
0.022005358
0.020786627
0.019694527
0.018714486
0.017833749
0.01704115
0.016326906
0.015682441
0.015100223
0.014573635
0.014096847
0.013664722
0.013272718
0.012916818
0.01259346
0.012299478
0.012032055
0.01178868
0.011567109
0.011365331
0.011181545
0.011014131
0.010861632
0.010722734
0.010596249
0.010481102
0.010376319
0.010281018
0.010194394
0.010115717
0.010044319
0.0099795925
0.0099209823
0.0098679801
0.0098201207
0.0097769779
0.009738161
0.0097033115
0.0096720999
0.009644224
0.0096194056
0.0095973891
0.0095779392
0.0095608395
0.009545891
0.0095329102
0.0095217285
0.0095121906
0.0095041534
0.0094974854
0.0094920655
0.0094877823
0.0094845335
0.0094822247
0.0094807694
0.0094800881
0.0094801078
0.0094807614
0.0094819873
0.0094837294
0.0094859358
0.0094885594
0.0094915569
0.0094948888
0.009498519
0.0095024145
0.0095065453
0.0095108841
0.0095154061
0.009520078
0.0095249082
0.0095299494
0.0095351731
0.0095405531
0.0095460663
0.0095516915
0.0095574098
0.0095632042
0.0095690595
0.0095749621
0.0095808999
0.0095868621
0.0095928393
0.009598823
0.0096048059
0.0096107815
0.0096167442
0.0096226891
0.009628612
0.0096345095
0.0096403784
0.0096462164
0.0096520213
0.0096577916
0.0096635259
0.0096692233
0.0096748832
0.009680505
0.0096860887
0.0096916342
0.0096971417
0.0097026115
0.009708044
0.00971344
0.0097187999
0.0097241245
0.0097294147
0.0097346714
0.0097398954
0.0097450877
0.0097502492
0.009755381
0.0097604841
0.0097655594
0.009770608
0.009775631
0.0097806292
0.0097856037
0.0097905556
0.0097954856
0.0098003948
0.0098052841
0.0098101544
0.0098150065
0.0098198414
0.0098246597
0.0098294624
0.0098342502
0.0098390237
0.0098437838
0.0098485311
0.0098532662
0.0098579898
0.0098627024
0.0098674047
0.0098720972
0.0098767803
0.0098814546
0.0098861205
0.0098907785
0.009895429
0.0099000723
0.0099047088
0.0099093389
0.0099139629
0.0099185811
0.0099231937
0.009927801
0.0099324033
0.0099370007
0.0099415935
0.0099461819
0.009950766
0.009955346
0.0099599221
0.0099644944
0.009969063
0.0099736284
0.0099781913
0.0099827518
0.0099873099
0.0099918657
0.0099964193
0.010000971
0.01000552
0.010010068
0.010014613
0.010019157
0.0100237
0.010028241
0.010032776
0.14285714
0.14285604
0.14283659
0.14271597
0.14229681
0.14128856
0.13940222
0.1364515
0.13240261
0.12736382
0.12153929
0.11517534
0.10851696
0.10178032
0.095139807
0.088725609
0.082627318
0.076900461
0.071573726
0.066655755
0.062140938
0.058014072
0.054253943
0.050835974
0.047734127
0.044922213
0.042374759
0.040067557
0.037977974
0.036085103
0.0343698
0.032814653
0.031403901
0.03012333
0.028960154
0.027902891
0.026941244
0.026065982
0.025268833
0.024542385
0.023879991
0.023275687
0.02272412
0.022220478
0.021760434
0.021340089
0.020955927
0.020604775
0.020283763
0.019990295
0.019722015
0.019476788
0.019252671
0.019047899
0.018860862
0.018690093
0.018534251
0.018392112
0.018262554
0.018144552
0.018037165
0.017939528
0.017850851
0.017770405
0.01769752
0.017631581
0.017572021
0.017518319
0.017469994
0.017426604
0.01738774
0.017353027
0.017322118
0.017294694
0.017270461
0.017249147
0.017230502
0.017214295
0.017200315
0.017188365
0.017178265
0.017169851
0.017162968
0.017157478
0.01715325
0.017150168
0.01714812
0.017147009
0.017146742
0.017147235
0.017148412
0.017150202
0.017152541
0.01715537
0.017158635
0.017162288
0.017166284
0.017170583
0.017175147
0.017179885
0.017184929
0.01719024
0.017195779
0.017201513
0.017207413
0.01721345
0.017219601
0.017225843
0.017232158
0.017238527
0.017244936
0.01725137
0.017257818
0.017264269
0.017270713
0.017277142
0.01728355
0.01728993
0.017296277
0.017302586
0.017308854
0.017315079
0.017321256
0.017327385
0.017333465
0.017339493
0.01734547
0.017351394
0.017357267
0.017363087
0.017368856
0.017374573
0.017380241
0.017385859
0.017391429
0.017396951
0.017402427
0.017407858
0.017413245
0.017418591
0.017423895
0.01742916
0.017434386
0.017439576
0.01744473
0.01744985
0.017454938
0.017459995
0.017465021
0.017470019
0.017474989
0.017479934
0.017484853
0.017489749
0.017494622
0.017499474
0.017504305
0.017509117
0.017513911
0.017518687
0.017523446
0.01752819
0.017532919
0.017537633
0.017542335
0.017547024
0.017551701
0.017556366
0.017561021
0.017565666
0.017570302
0.017574928
0.017579546
0.017584155
0.017588757
0.017593352
0.017597939
0.01760252
0.017607095
0.017611663
0.017616226
0.017620784
0.017625336
0.017629883
0.017634425
0.017638962
0.017643495
0.017648025
0.017652552
0.017657075
0.017661596
0.017666113
0.017670628
0.017675141
0.017679651
0.017684159
0.017688664
0.017693168
0.017697671
0.017702168
0.14285714
0.14285703
0.14285393
0.14282792
0.14271335
0.14237874
0.14164205
0.14031825
0.13827135
0.13544569
0.13186952
0.12763809
0.12288799
0.11777213
0.11244037
0.10702705
0.10164465
0.096381949
0.091305102
0.086460281
0.081876952
0.077571212
0.073548846
0.069807981
0.06634126
0.063137592
0.060183503
0.05746416
0.054964135
0.05266794
0.050560419
0.048626996
0.04685384
0.045227953
0.043737215
0.042370389
0.041117103
0.039967816
0.038913774
0.03794696
0.037060044
0.036246327
0.035499693
0.034814558
0.034185826
0.033608843
0.033079361
0.032593498
0.032147704
0.031738736
0.031363621
0.031019641
0.030704303
0.030415319
0.030150593
0.029908197
0.02968636
0.029483455
0.029297982
0.029128562
0.028973925
0.028832899
0.028704406
0.028587448
0.028481108
0.028384536
0.028296951
0.028217629
0.028145903
0.028081157
0.02802282
0.027970367
0.027923313
0.027881209
0.027843641
0.027810226
0.027780612
0.027754474
0.02773151
0.027711445
0.027694023
0.027679009
0.027666187
0.027655356
0.027646335
0.027638954
0.027633059
0.027628506
0.027625167
0.02762292
0.027621657
0.027621277
0.027621688
0.027622806
0.027624555
0.027626865
0.027629671
0.027632916
0.027636547
0.027640426
0.027644664
0.027649249
0.027654134
0.027659276
0.027664636
0.027670179
0.027675874
0.027681693
0.02768761
0.027693603
0.027699652
0.02770574
0.02771185
0.027717968
0.027724083
0.027730185
0.027736263
0.027742309
0.027748318
0.027754283
0.027760199
0.027766063
0.027771871
0.02777762
0.027783308
0.027788935
0.027794498
0.027799998
0.027805433
0.027810805
0.027816114
0.02782136
0.027826543
0.027831666
0.027836729
0.027841734
0.027846681
0.027851573
0.027856412
0.027861197
0.027865932
0.027870619
0.027875257
0.027879851
0.027884401
0.027888908
0.027893376
0.027897804
0.027902196
0.027906552
0.027910875
0.027915165
0.027919425
0.027923655
0.027927857
0.027932034
0.027936184
0.027940312
0.027944416
0.027948499
0.027952562
0.027956606
0.027960632
0.02796464
0.027968632
0.027972609
0.027976572
0.027980521
0.027984457
0.027988381
0.027992293
0.027996195
0.028000086
0.028003968
0.028007841
0.028011705
0.028015561
0.028019409
0.028023249
0.028027083
0.02803091
0.028034731
0.028038545
0.028042354
0.028046157
0.028049955
0.028053748
0.028057537
0.028061322
0.028065103
0.028068882
0.028072656
0.028076428
0.028080198
0.028083964
0.028087728
0.02809149
0.028095251
0.02809901
0.028102764
0.14285714
0.14285713
0.14285667
0.14285152
0.14282298
0.14272246
0.1424633
0.14193023
0.14100381
0.13958775
0.13762799
0.13511888
0.1320983
0.12863633
0.12482202
0.12075141
0.11651838
0.1122085
0.10789566
0.10364078
0.099491946
0.095485408
0.091647067
0.087994087
0.084536491
0.081278634
0.078220486
0.075358719
0.072687608
0.070199755
0.067886663
0.065739183
0.063747853
0.061903155
0.060195702
0.058616367
0.057156376
0.055807368
0.054561426
0.053411096
0.052349386
0.051369762
0.050466132
0.049632827
0.048864584
0.048156519
0.047504106
0.046903151
0.046349774
0.045840384
0.045371656
0.044940517
0.044544121
0.044179836
0.043845229
0.043538043
0.043256195
0.042997754
0.042760932
0.042544073
0.042345647
0.042164232
0.041998515
0.041847278
0.041709394
0.041583817
0.04146958
0.041365787
0.041271607
0.041186273
0.041109073
0.041039348
0.040976488
0.04091993
0.040869153
0.040823673
0.040783046
0.040746859
0.040714732
0.040686314
0.040661281
0.040639334
0.040620198
0.040603618
0.040589362
0.040577215
0.040566978
0.04055847
0.040551524
0.040545988
0.040541721
0.040538594
0.04053649
0.040535301
0.040534928
0.040535283
0.040536284
0.040537855
0.04053993
0.040542445
0.040545247
0.040548463
0.040552037
0.040555919
0.040560062
0.040564427
0.040568977
0.040573677
0.0405785
0.040583417
0.040588407
0.040593447
0.040598519
0.040603607
0.040608697
0.040613776
0.040618832
0.040623857
0.040628843
0.040633782
0.040638668
0.040643497
0.040648265
0.040652969
0.040657605
0.040662173
0.04066667
0.040671096
0.040675451
0.040679734
0.040683946
0.040688087
0.040692159
0.040696162
0.040700098
0.040703968
0.040707773
0.040711516
0.040715198
0.040718821
0.040722386
0.040725896
0.040729353
0.040732759
0.040736114
0.040739423
0.040742685
0.040745904
0.040749082
0.040752219
0.040755318
0.04075838
0.040761408
0.040764403
0.040767367
0.040770301
0.040773207
0.040776085
0.040778939
0.040781768
0.040784575
0.04078736
0.040790125
0.040792871
0.040795599
0.040798309
0.040801004
0.040803684
0.040806349
0.040809001
0.04081164
0.040814268
0.040816884
0.04081949
0.040822086
0.040824672
0.04082725
0.040829819
0.04083238
0.040834934
0.04083748
0.04084002
0.040842554
0.040845081
0.040847603
0.040850119
0.040852629
0.040855135
0.040857637
0.040860136
0.04086263
0.040865122
0.04086761
0.040870095
0.040872578
0.040875059
0.040877537
0.040880014
0.04088249
0.040884963
0.14285714
0.14285714
0.14285708
0.14285613
0.14284958
0.14282191
0.14273871
0.14254338
0.14216266
0.14151927
0.14054655
0.13919983
0.13746185
0.1353424
0.13287382
0.13010448
0.12709208
0.12389767
0.12058101
0.11719749
0.11379613
0.11041875
0.10709979
0.10386666
0.10074036
0.097736271
0.094864953
0.092132967
0.089543597
0.087097512
0.084793336
0.08262813
0.080597793
0.078697393
0.076921431
0.075264058
0.073719238
0.072280881
0.070942936
0.069699473
0.06854473
0.067473153
0.066479423
0.065558467
0.064705471
0.063915879
0.063185393
0.062509965
0.06188579
0.0613093
0.06077715
0.060286211
0.059833554
0.059416443
0.059032325
0.058678816
0.058353691
0.058054877
0.057780442
0.057528585
0.057297629
0.057086014
0.056892286
0.056715093
0.056553179
0.056405372
0.056270588
0.056147816
0.056036117
0.055934621
0.055842519
0.055759062
0.055683552
0.055615346
0.055553846
0.055498497
0.055448788
0.055404244
0.055364428
0.055328932
0.055297384
0.055269437
0.055244773
0.055223096
0.055204137
0.055187646
0.055173392
0.055161166
0.055150771
0.055142032
0.055134783
0.055128876
0.055124172
0.055120547
0.055117886
0.055116083
0.055115043
0.055114679
0.055114912
0.055115669
0.055116736
0.055118257
0.05512017
0.055122422
0.055124964
0.055127751
0.055130744
0.055133906
0.055137207
0.055140616
0.05514411
0.055147664
0.055151259
0.055154876
0.055158501
0.05516212
0.055165719
0.05516929
0.055172823
0.055176311
0.055179746
0.055183125
0.055186441
0.055189691
0.055192873
0.055195985
0.055199024
0.05520199
0.055204883
0.055207701
0.055210446
0.055213117
0.055215716
0.055218243
0.055220701
0.05522309
0.055225411
0.055227667
0.05522986
0.055231991
0.055234062
0.055236075
0.055238032
0.055239936
0.055241788
0.05524359
0.055245344
0.055247053
0.055248718
0.055250341
0.055251925
0.05525347
0.055254979
0.055256453
0.055257895
0.055259306
0.055260687
0.05526204
0.055263367
0.055264669
0.055265947
0.055267202
0.055268437
0.055269652
0.055270848
0.055272027
0.055273189
0.055274335
0.055275467
0.055276585
0.05527769
0.055278783
0.055279864
0.055280935
0.055281995
0.055283046
0.055284088
0.055285122
0.055286147
0.055287166
0.055288177
0.055289181
0.055290179
0.055291171
0.055292157
0.055293138
0.055294113
0.055295084
0.05529605
0.055297013
0.055297972
0.055298928
0.05529988
0.05530083
0.055301777
0.055302722
0.055303665
0.055304607
0.055305548
0.055306488
0.14285714
0.14285714
0.14285713
0.14285697
0.14285558
0.14284854
0.14282393
0.14275818
0.14261469
0.14234693
0.14190506
0.14124386
0.14032935
0.13914282
0.13768179
0.13595861
0.1339975
0.13183102
0.12949654
0.12703318
0.12447942
0.12187137
0.11924166
0.11661887
0.11402729
0.11148702
0.1090142
0.1066214
0.10431799
0.10211061
0.10000355
0.097999157
0.096098189
0.094300102
0.092603331
0.091005522
0.089503714
0.088094511
0.086774207
0.085538896
0.084384563
0.08330715
0.082302611
0.081366956
0.080496284
0.079686807
0.078934868
0.078236949
0.077589687
0.076989871
0.076434447
0.075920518
0.075445339
0.075006318
0.074601008
0.074227102
0.073882431
0.073564957
0.073272764
0.073004058
0.072757154
0.072530477
0.072322553
0.072132003
0.07195754
0.071797959
0.071652141
0.071519037
0.071397674
0.071287143
0.0711866
0.071095258
0.071012387
0.070937308
0.07086939
0.070808049
0.070752743
0.070702969
0.070658262
0.070618191
0.070582358
0.070550395
0.070521961
0.070496742
0.07047445
0.070454817
0.070437598
0.070422566
0.070409513
0.070398249
0.070388598
0.070380399
0.070373505
0.070367781
0.070363103
0.070359358
0.070356444
0.070354266
0.07035274
0.070351787
0.070351252
0.070351097
0.070351342
0.070351933
0.070352821
0.070353961
0.070355313
0.070356842
0.070358515
0.070360304
0.070362182
0.070364126
0.070366117
0.070368137
0.070370168
0.070372199
0.070374215
0.070376207
0.070378166
0.070380084
0.070381954
0.07038377
0.070385528
0.070387224
0.070388855
0.070390419
0.070391914
0.070393338
0.070394692
0.070395974
0.070397185
0.070398325
0.070399396
0.070400397
0.07040133
0.070402197
0.070402998
0.070403736
0.070404412
0.070405027
0.070405585
0.070406086
0.070406533
0.070406928
0.070407272
0.070407567
0.070407816
0.070408021
0.070408182
0.070408303
0.070408385
0.07040843
0.07040844
0.070408416
0.07040836
0.070408274
0.070408159
0.070408017
0.070407849
0.070407656
0.070407441
0.070407204
0.070406946
0.070406669
0.070406374
0.070406062
0.070405734
0.070405391
0.070405034
0.070404663
0.07040428
0.070403885
0.070403479
0.070403063
0.070402637
0.070402202
0.070401758
0.070401307
0.070400847
0.070400381
0.070399908
0.070399429
0.070398944
0.070398453
0.070397957
0.070397455
0.070396949
0.070396438
0.070395923
0.070395404
0.070394881
0.070394356
0.070393827
0.070393295
0.070392761
0.070392225
0.070391687
0.070391149
0.07039061
0.070390071
0.14285714
0.14285714
0.14285714
0.14285712
0.14285684
0.14285518
0.14284844
0.14282796
0.142778
0.14267517
0.14249008
0.14219083
0.14174734
0.14113516
0.14033816
0.1393497
0.13817246
0.13681722
0.13530118
0.13364597
0.13187581
0.13001589
0.12809107
0.12612496
0.12413921
0.12215316
0.12018366
0.11824503
0.11634917
0.11450571
0.1127222
0.11100436
0.10935629
0.10778071
0.10627916
0.10485217
0.10349949
0.10222018
0.10101278
0.099875404
0.098805855
0.097801701
0.096860343
0.09597907
0.095155115
0.094385686
0.093668002
0.092999315
0.092376934
0.091798234
0.091260674
0.090761803
0.090299262
0.089870797
0.089474251
0.08910757
0.088768805
0.088456103
0.088167715
0.087901984
0.087657349
0.087432338
0.087225565
0.087035729
0.086861609
0.086702059
0.086556004
0.08642244
0.086300428
0.086189091
0.086087608
0.085995217
0.085911206
0.085834911
0.085765716
0.085703049
0.085646376
0.085595203
0.085549073
0.08550756
0.08547027
0.085436841
0.085406936
0.085380242
0.085356474
0.085335367
0.085316676
0.085300177
0.085285663
0.085272943
0.085261843
0.085252203
0.085243875
0.085236725
0.085230629
0.085225476
0.085221161
0.085217591
0.085214681
0.085212352
0.085210533
0.085209005
0.085207857
0.085207038
0.085206503
0.08520621
0.085206121
0.085206203
0.085206425
0.08520676
0.085207185
0.085207676
0.085208216
0.085208788
0.085209375
0.085209966
0.085210547
0.085211111
0.085211647
0.085212148
0.085212608
0.085213021
0.085213383
0.085213691
0.085213941
0.08521413
0.085214258
0.085214323
0.085214324
0.08521426
0.085214133
0.085213941
0.085213686
0.085213368
0.085212989
0.085212548
0.085212049
0.085211492
0.085210878
0.08521021
0.085209488
0.085208715
0.085207893
0.085207022
0.085206106
0.085205145
0.085204141
0.085203097
0.085202014
0.085200894
0.085199738
0.085198548
0.085197325
0.085196072
0.08519479
0.08519348
0.085192144
0.085190782
0.085189397
0.08518799
0.085186562
0.085185114
0.085183647
0.085182163
0.085180662
0.085179146
0.085177615
0.08517607
0.085174512
0.085172942
0.085171361
0.085169769
0.085168167
0.085166556
0.085164936
0.085163308
0.085161672
0.085160028
0.085158379
0.085156722
0.08515506
0.085153392
0.085151718
0.08515004
0.085148357
0.085146669
0.085144978
0.085143281
0.085141581
0.085139877
0.085138169
0.085136458
0.085134745
0.085133029
0.085131311
0.085129591
0.085127869
0.085126147
0.085124425
0.085122704
0.14285742
0.14285788
0.1428584
0.14285887
0.14285916
0.14285899
0.14285733
0.14285135
0.14283507
0.14279826
0.14272616
0.14260042
0.14240089
0.14210795
0.14170474
0.14117885
0.14052327
0.13973662
0.1388228
0.13779017
0.13665057
0.13541827
0.13410894
0.13273878
0.13132387
0.12987953
0.12842003
0.12695826
0.12550568
0.12407221
0.12266628
0.12129489
0.11996373
0.11867726
0.11743886
0.11625097
0.11511517
0.11403235
0.11300276
0.11202617
0.11110192
0.11022899
0.1094061
0.10863176
0.1079043
0.10722194
0.10658281
0.105985
0.10542656
0.10490556
0.10442006
0.10396816
0.103548
0.10315777
0.10279573
0.10246017
0.10214947
0.10186207
0.10159649
0.1013513
0.10112517
0.1009168
0.100725
0.1005486
0.10038654
0.1002378
0.10010141
0.099976485
0.099862171
0.09975768
0.09966227
0.09957525
0.099495972
0.099423831
0.099358265
0.099298749
0.099244795
0.099195949
0.09915179
0.099111926
0.099075995
0.099043661
0.099014612
0.098988561
0.098965243
0.09894441
0.098925838
0.098909316
0.098894654
0.098881674
0.098870213
0.098860122
0.098851265
0.098843515
0.098836758
0.098830888
0.09882581
0.098821435
0.098817683
0.098814483
0.098811766
0.098809334
0.098807242
0.098805444
0.0988039
0.098802574
0.098801432
0.098800444
0.098799585
0.098798829
0.098798156
0.098797547
0.098796984
0.098796452
0.098795939
0.098795432
0.098794921
0.098794398
0.098793853
0.098793282
0.098792677
0.098792034
0.098791349
0.098790619
0.098789841
0.098789012
0.098788131
0.098787197
0.098786209
0.098785167
0.09878407
0.098782919
0.098781714
0.098780455
0.098779144
0.098777781
0.098776367
0.098774904
0.098773392
0.098771834
0.09877023
0.098768582
0.098766892
0.09876516
0.098763389
0.09876158
0.098759734
0.098757854
0.098755939
0.098753993
0.098752016
0.09875001
0.098747976
0.098745916
0.098743831
0.098741721
0.098739589
0.098737436
0.098735263
0.09873307
0.098730859
0.098728631
0.098726387
0.098724128
0.098721855
0.098719569
0.09871727
0.098714959
0.098712637
0.098710305
0.098707963
0.098705612
0.098703252
0.098700885
0.09869851
0.098696128
0.09869374
0.098691345
0.098688945
0.098686539
0.098684129
0.098681713
0.098679293
0.098676869
0.098674441
0.09867201
0.098669575
0.098667135
0.098664692
0.098662246
0.098659797
0.098657346
0.098654891
0.098652435
0.098649976
0.098647517
0.098645055
0.098642594
0.098640132
0.098637673
0.14305404
0.1432162
0.14332921
0.1433904
0.143406
0.14338698
0.14334512
0.14329019
0.14322817
0.14316041
0.14308346
0.14298958
0.14286777
0.14270518
0.14248867
0.14220627
0.14184835
0.14140834
0.14088308
0.14027274
0.13958055
0.13881227
0.13797563
0.13707974
0.13613449
0.13515014
0.13413686
0.13310442
0.132062
0.13101801
0.12997996
0.12895451
0.12794736
0.12696335
0.12600649
0.12507999
0.12418638
0.12332753
0.12250475
0.12171886
0.12097025
0.12025893
0.11958463
0.11894679
0.11834466
0.1177773
0.11724365
0.11674255
0.11627273
0.11583291
0.11542176
0.11503792
0.11468004
0.11434679
0.11403685
0.11374892
0.11348174
0.11323409
0.11300479
0.11279271
0.11259676
0.1124159
0.11224914
0.11209554
0.11195421
0.11182429
0.11170499
0.11159555
0.11149527
0.11140346
0.11131952
0.11124283
0.11117286
0.11110909
0.11105103
0.11099823
0.11095028
0.11090678
0.11086737
0.11083171
0.11079948
0.11077041
0.11074421
0.11072063
0.11069946
0.11068046
0.11066344
0.11064823
0.11063466
0.11062256
0.1106118
0.11060225
0.11059379
0.1105863
0.1105797
0.11057387
0.11056875
0.11056425
0.11056031
0.11055685
0.11055383
0.11055112
0.11054866
0.11054644
0.11054445
0.11054264
0.11054098
0.11053946
0.11053805
0.11053673
0.11053549
0.1105343
0.11053315
0.11053203
0.11053094
0.11052984
0.11052875
0.11052766
0.11052654
0.11052541
0.11052425
0.11052307
0.11052185
0.11052059
0.1105193
0.11051797
0.11051659
0.11051518
0.11051372
0.11051222
0.11051067
0.11050908
0.11050744
0.11050577
0.11050405
0.11050229
0.11050048
0.11049864
0.11049676
0.11049484
0.11049288
0.11049089
0.11048886
0.1104868
0.11048471
0.11048259
0.11048043
0.11047825
0.11047604
0.11047381
0.11047155
0.11046927
0.11046696
0.11046463
0.11046229
0.11045992
0.11045753
0.11045513
0.11045271
0.11045027
0.11044783
0.11044536
0.11044289
0.1104404
0.1104379
0.11043539
0.11043287
0.11043034
0.1104278
0.11042525
0.11042269
0.11042013
0.11041756
0.11041499
0.11041241
0.11040982
0.11040723
0.11040463
0.11040203
0.11039942
0.11039681
0.1103942
0.11039159
0.11038897
0.11038634
0.11038372
0.11038109
0.11037846
0.11037583
0.11037319
0.11037055
0.11036791
0.11036527
0.11036262
0.11035998
0.11035733
0.11035468
0.11035203
0.11034938
0.11034674
0.28232034
0.27335993
0.26040038
0.24523811
0.22951385
0.21448033
0.20093236
0.1892535
0.17951923
0.1716086
0.16529764
0.16032561
0.15643577
0.15339682
0.1510115
0.14911777
0.14758604
0.14631495
0.14522669
0.1442627
0.14337979
0.14254694
0.14174258
0.1409524
0.14016757
0.13938331
0.13859781
0.13781129
0.13702534
0.13624241
0.13546543
0.13469746
0.13394156
0.13320061
0.13247722
0.13177369
0.13109196
0.13043364
0.12979998
0.12919191
0.12861005
0.12805477
0.12752617
0.12702416
0.12654846
0.12609861
0.12567405
0.1252741
0.124898
0.12454491
0.12421395
0.1239042
0.12361472
0.12334457
0.12309279
0.12285844
0.12264057
0.12243829
0.12225069
0.12207692
0.12191613
0.12176753
0.12163034
0.12150382
0.12138727
0.12128001
0.12118143
0.1210909
0.12100786
0.12093178
0.12086215
0.12079849
0.12074035
0.12068732
0.120639
0.12059503
0.12055506
0.12051878
0.12048588
0.12045609
0.12042915
0.12040482
0.12038289
0.12036313
0.12034537
0.12032942
0.12031513
0.12030234
0.12029092
0.12028073
0.12027166
0.1202636
0.12025645
0.12025011
0.12024452
0.12023958
0.12023524
0.12023141
0.12022806
0.12022512
0.12022254
0.12022028
0.12021819
0.12021632
0.12021462
0.12021309
0.12021168
0.12021039
0.1202092
0.12020808
0.12020703
0.12020603
0.12020506
0.12020413
0.12020321
0.1202023
0.12020139
0.12020048
0.12019956
0.12019863
0.12019767
0.1201967
0.1201957
0.12019467
0.12019362
0.12019253
0.12019141
0.12019026
0.12018907
0.12018785
0.12018659
0.1201853
0.12018398
0.12018262
0.12018122
0.12017979
0.12017833
0.12017684
0.12017532
0.12017376
0.12017218
0.12017056
0.12016892
0.12016726
0.12016556
0.12016384
0.1201621
0.12016034
0.12015855
0.12015674
0.12015491
0.12015306
0.1201512
0.12014932
0.12014742
0.1201455
0.12014357
0.12014163
0.12013967
0.1201377
0.12013572
0.12013373
0.12013173
0.12012971
0.12012769
0.12012566
0.12012362
0.12012158
0.12011953
0.12011747
0.1201154
0.12011333
0.12011126
0.12010918
0.12010709
0.120105
0.12010291
0.12010081
0.12009871
0.1200966
0.1200945
0.12009239
0.12009028
0.12008816
0.12008604
0.12008393
0.1200818
0.12007968
0.12007756
0.12007543
0.1200733
0.12007117
0.12006904
0.12006691
0.12006477
0.12006264
0.1200605
0.12005837
0.12005623
0.1200541
0.28563824
0.28489513
0.28259312
0.27800923
0.27088691
0.26148237
0.25042204
0.23848926
0.22643652
0.21486874
0.20419915
0.19465712
0.18632343
0.17917344
0.17311702
0.16803007
0.16377683
0.16022424
0.15725004
0.15474679
0.15262287
0.1508021
0.14922223
0.14783324
0.1465955
0.14547791
0.14445644
0.14351266
0.14263259
0.14180576
0.14102441
0.1402828
0.13957679
0.13890336
0.13826034
0.13764615
0.13705962
0.13649988
0.13596621
0.13545798
0.13497464
0.13451562
0.13408036
0.13366827
0.1332787
0.13291101
0.1325645
0.13223843
0.13193205
0.1316446
0.13137528
0.1311233
0.13088785
0.13066815
0.13046341
0.13027283
0.13009568
0.12993119
0.12977864
0.12963734
0.1295066
0.12938578
0.12927426
0.12917143
0.12907672
0.1289896
0.12890954
0.12883607
0.12876872
0.12870705
0.12865065
0.12859914
0.12855215
0.12850934
0.1284704
0.12843502
0.12840293
0.12837386
0.12834757
0.12832384
0.12830245
0.12828321
0.12826594
0.12825047
0.12823664
0.1282243
0.12821333
0.1282036
0.128195
0.12818743
0.12818077
0.12817496
0.12816989
0.12816551
0.12816174
0.12815852
0.12815579
0.12815349
0.12815158
0.12815002
0.12814876
0.12814778
0.12814695
0.12814632
0.12814586
0.12814555
0.12814536
0.12814528
0.12814528
0.12814536
0.1281455
0.12814569
0.12814592
0.12814617
0.12814644
0.12814673
0.12814701
0.1281473
0.12814758
0.12814785
0.1281481
0.12814833
0.12814855
0.12814874
0.1281489
0.12814903
0.12814914
0.12814922
0.12814927
0.12814928
0.12814927
0.12814923
0.12814915
0.12814904
0.12814891
0.12814874
0.12814854
0.12814831
0.12814806
0.12814778
0.12814747
0.12814714
0.12814678
0.12814639
0.12814598
0.12814555
0.1281451
0.12814463
0.12814414
0.12814363
0.1281431
0.12814255
0.12814199
0.12814141
0.12814081
0.1281402
0.12813958
0.12813894
0.1281383
0.12813764
0.12813697
0.12813629
0.1281356
0.1281349
0.12813419
0.12813348
0.12813276
0.12813203
0.12813129
0.12813055
0.1281298
0.12812905
0.12812829
0.12812753
0.12812676
0.12812599
0.12812522
0.12812444
0.12812366
0.12812287
0.12812208
0.12812129
0.1281205
0.12811971
0.12811891
0.12811811
0.12811731
0.12811651
0.1281157
0.12811489
0.12811409
0.12811328
0.12811247
0.12811165
0.12811084
0.12811003
0.12810922
0.1281084
0.12810759
0.12810678
0.28571266
0.28566615
0.28539403
0.28453706
0.28263391
0.27927324
0.27423243
0.26753946
0.25944878
0.25036219
0.24073518
0.23099902
0.22151152
0.21253608
0.20424201
0.19671727
0.18998646
0.1840292
0.17879621
0.17422209
0.17023465
0.16676131
0.16373314
0.16108711
0.15876718
0.15672448
0.15491706
0.15330934
0.15187141
0.15057827
0.14940916
0.14834689
0.14737724
0.14648846
0.14567082
0.14491626
0.14421805
0.14357056
0.14296904
0.14240947
0.14188838
0.14140277
0.14095002
0.14052781
0.14013407
0.13976693
0.13942468
0.13910577
0.13880874
0.13853226
0.13827507
0.138036
0.13781393
0.13760782
0.13741669
0.13723959
0.13707565
0.13692402
0.13678393
0.1366546
0.13653535
0.13642549
0.1363244
0.13623148
0.13614616
0.13606791
0.13599624
0.13593067
0.13587076
0.1358161
0.13576631
0.13572101
0.13567987
0.13564258
0.13560882
0.13557833
0.13555085
0.13552614
0.13550398
0.13548415
0.13546646
0.13545074
0.13543681
0.13542453
0.13541375
0.13540434
0.13539618
0.13538915
0.13538315
0.13537809
0.13537388
0.13537043
0.13536767
0.13536554
0.13536396
0.13536289
0.13536227
0.13536205
0.13536219
0.13536264
0.13536338
0.13536436
0.1353655
0.13536687
0.13536843
0.13537015
0.13537202
0.13537401
0.13537611
0.13537829
0.13538054
0.13538284
0.13538519
0.13538757
0.13538997
0.13539238
0.1353948
0.13539722
0.13539964
0.13540204
0.13540442
0.13540679
0.13540913
0.13541144
0.13541373
0.13541598
0.1354182
0.13542039
0.13542255
0.13542467
0.13542676
0.13542881
0.13543082
0.1354328
0.13543475
0.13543666
0.13543854
0.13544039
0.1354422
0.13544398
0.13544573
0.13544745
0.13544915
0.13545081
0.13545245
0.13545406
0.13545565
0.13545721
0.13545875
0.13546026
0.13546176
0.13546323
0.13546469
0.13546613
0.13546755
0.13546895
0.13547034
0.13547171
0.13547307
0.13547441
0.13547574
0.13547706
0.13547837
0.13547966
0.13548095
0.13548222
0.13548349
0.13548475
0.135486
0.13548724
0.13548847
0.1354897
0.13549092
0.13549214
0.13549335
0.13549455
0.13549575
0.13549695
0.13549814
0.13549932
0.1355005
0.13550168
0.13550285
0.13550402
0.13550519
0.13550635
0.13550751
0.13550867
0.13550983
0.13551098
0.13551213
0.13551328
0.13551443
0.13551557
0.13551672
0.13551786
0.135519
0.13552014
0.13552128
0.13552242
0.28571425
0.28571168
0.28568518
0.28555931
0.28517264
0.2842809
0.2826049
0.27990294
0.27603466
0.2709924
0.26489543
0.2579573
0.25044188
0.24262185
0.23474731
0.22702684
0.21961978
0.21263671
0.20614492
0.20017628
0.19473561
0.18980837
0.18536722
0.18137725
0.17779985
0.17459551
0.17172573
0.16915416
0.16684732
0.16477485
0.16290962
0.16122756
0.1597075
0.15833089
0.15708156
0.15594541
0.15491018
0.15396518
0.1531011
0.15230983
0.15158425
0.15091812
0.15030596
0.14974291
0.14922467
0.14874739
0.14830766
0.1479024
0.14752884
0.14718446
0.14686701
0.1465744
0.14630474
0.14605631
0.14582752
0.1456169
0.1454231
0.14524489
0.14508111
0.1449307
0.14479266
0.14466609
0.14455014
0.14444401
0.14434698
0.14425835
0.14417751
0.14410385
0.14403684
0.14397596
0.14392075
0.14387075
0.14382557
0.14378483
0.14374816
0.14371525
0.1436858
0.14365952
0.14363614
0.14361544
0.14359719
0.14358117
0.1435672
0.14355511
0.14354472
0.14353589
0.14352848
0.14352235
0.1435174
0.14351351
0.14351058
0.14350853
0.14350725
0.14350669
0.14350676
0.14350741
0.14350856
0.14351017
0.14351219
0.14351457
0.14351727
0.14352026
0.14352349
0.14352693
0.14353063
0.14353456
0.14353867
0.14354296
0.14354738
0.14355191
0.14355654
0.14356124
0.143566
0.14357081
0.14357564
0.14358049
0.14358536
0.14359022
0.14359507
0.14359991
0.14360473
0.14360952
0.14361428
0.143619
0.14362369
0.14362834
0.14363294
0.1436375
0.14364202
0.14364648
0.14365091
0.14365528
0.14365961
0.1436639
0.14366813
0.14367232
0.14367647
0.14368057
0.14368463
0.14368865
0.14369262
0.14369656
0.14370045
0.14370431
0.14370814
0.14371192
0.14371568
0.1437194
0.14372309
0.14372675
0.14373038
0.14373399
0.14373756
0.14374111
0.14374464
0.14374815
0.14375163
0.14375509
0.14375853
0.14376195
0.14376536
0.14376875
0.14377212
0.14377547
0.14377882
0.14378214
0.14378546
0.14378876
0.14379205
0.14379533
0.1437986
0.14380186
0.1438051
0.14380834
0.14381158
0.1438148
0.14381802
0.14382122
0.14382442
0.14382762
0.14383081
0.14383399
0.14383717
0.14384034
0.1438435
0.14384666
0.14384982
0.14385297
0.14385611
0.14385926
0.1438624
0.14386553
0.14386867
0.1438718
0.14387492
0.14387805
0.14388117
0.14388429
0.14388741
0.14389053
0.28571428
0.28571415
0.28571188
0.28569609
0.28563059
0.28543681
0.28498673
0.28411524
0.28265024
0.28044914
0.2774284
0.27357782
0.26895805
0.26368588
0.25791326
0.25180618
0.24552693
0.23922165
0.23301315
0.22699816
0.2212478
0.21581004
0.21071326
0.20597002
0.20158076
0.19753706
0.19382441
0.19042436
0.18731627
0.18447857
0.1818897
0.17952868
0.17737559
0.17541174
0.17361986
0.17198408
0.17048995
0.16912433
0.16787535
0.16673232
0.16568557
0.16472643
0.16384707
0.16304046
0.16230024
0.16162071
0.16099669
0.16042351
0.15989693
0.15941312
0.15896858
0.15856014
0.15818491
0.15784025
0.15752373
0.15723314
0.15696645
0.1567218
0.15649749
0.15629192
0.15610366
0.15593136
0.15577378
0.1556298
0.15549836
0.15537848
0.15526927
0.15516989
0.15507958
0.15499762
0.15492335
0.15485617
0.15479551
0.15474084
0.15469169
0.1546476
0.15460816
0.15457299
0.15454174
0.15451407
0.15448969
0.15446831
0.15444968
0.15443356
0.15441972
0.15440797
0.15439812
0.15438999
0.15438343
0.15437829
0.15437444
0.15437175
0.15437011
0.15436942
0.15436958
0.15437051
0.15437212
0.15437434
0.1543771
0.15438035
0.15438403
0.15438809
0.15439248
0.15439714
0.15440214
0.15440745
0.15441302
0.15441882
0.1544248
0.15443094
0.15443721
0.15444358
0.15445003
0.15445654
0.1544631
0.15446968
0.15447628
0.15448287
0.15448946
0.15449603
0.15450257
0.15450908
0.15451555
0.15452197
0.15452835
0.15453467
0.15454093
0.15454714
0.15455329
0.15455937
0.1545654
0.15457136
0.15457727
0.15458311
0.15458889
0.1545946
0.15460026
0.15460586
0.15461141
0.1546169
0.15462233
0.15462771
0.15463304
0.15463831
0.15464354
0.15464873
0.15465386
0.15465896
0.15466401
0.15466902
0.154674
0.15467893
0.15468383
0.1546887
0.15469354
0.15469834
0.15470312
0.15470786
0.15471258
0.15471728
0.15472195
0.15472659
0.15473122
0.15473582
0.15474041
0.15474498
0.15474952
0.15475405
0.15475857
0.15476307
0.15476756
0.15477203
0.15477649
0.15478093
0.15478537
0.15478979
0.15479421
0.15479861
0.154803
0.15480739
0.15481177
0.15481613
0.15482049
0.15482484
0.15482919
0.15483352
0.15483785
0.15484218
0.15484649
0.15485081
0.15485511
0.15485942
0.15486372
0.15486801
0.1548723
0.15487659
0.15488087
0.15488515
0.15488943
0.1548937
0.28571429
0.28571428
0.2857141
0.28571235
0.28570267
0.28566648
0.28556373
0.28532689
0.28486273
0.28406355
0.28282466
0.28106253
0.27872841
0.27581456
0.27235283
0.2684077
0.26406616
0.25942704
0.25459151
0.24965569
0.24470564
0.23981455
0.23504178
0.23043307
0.2260217
0.22183005
0.21787138
0.21415155
0.21067063
0.20742435
0.20440525
0.20160369
0.19900863
0.19660826
0.19439042
0.19234299
0.19045412
0.18871238
0.1871069
0.18562742
0.18426431
0.18300858
0.18185191
0.18078656
0.1798054
0.17890185
0.17806983
0.17730376
0.17659851
0.17594933
0.17535189
0.17480217
0.17429649
0.17383145
0.17340393
0.17301105
0.17265016
0.17231879
0.17201469
0.17173577
0.1714801
0.1712459
0.17103151
0.17083543
0.17065622
0.1704926
0.17034334
0.17020735
0.17008357
0.16997105
0.1698689
0.1697763
0.1696925
0.16961678
0.1695485
0.16948705
0.16943187
0.16938246
0.16933832
0.16929902
0.16926415
0.16923333
0.16920622
0.16918249
0.16916185
0.16914403
0.16912876
0.16911583
0.16910501
0.16909612
0.16908896
0.16908337
0.1690792
0.16907632
0.16907458
0.16907388
0.1690741
0.16907516
0.16907695
0.1690794
0.16908243
0.16908597
0.16908997
0.16909429
0.16909904
0.16910418
0.16910965
0.16911539
0.16912137
0.16912755
0.16913389
0.16914037
0.16914695
0.16915361
0.16916032
0.16916707
0.16917385
0.16918062
0.16918739
0.16919414
0.16920086
0.16920754
0.16921417
0.16922075
0.16922727
0.16923373
0.16924012
0.16924645
0.1692527
0.16925888
0.16926499
0.16927102
0.16927697
0.16928286
0.16928867
0.1692944
0.16930007
0.16930566
0.16931119
0.16931665
0.16932204
0.16932737
0.16933263
0.16933784
0.16934298
0.16934807
0.16935311
0.16935809
0.16936302
0.16936791
0.16937275
0.16937754
0.16938229
0.169387
0.16939167
0.1693963
0.1694009
0.16940546
0.16940999
0.16941449
0.16941897
0.16942341
0.16942783
0.16943222
0.16943659
0.16944094
0.16944526
0.16944957
0.16945385
0.16945812
0.16946237
0.16946661
0.16947082
0.16947503
0.16947922
0.1694834
0.16948756
0.16949171
0.16949586
0.16949999
0.16950411
0.16950822
0.16951232
0.16951641
0.16952049
0.16952457
0.16952864
0.1695327
0.16953675
0.16954079
0.16954483
0.16954887
0.1695529
0.16955692
0.16956094
0.16956496
0.16956897
0.16957298
0.16957698
0.16958098
0.28571429
0.28571429
0.28571427
0.2857141
0.28571282
0.28570685
0.28568632
0.28563038
0.28550335
0.28525394
0.28481899
0.28413103
0.28312777
0.28176093
0.28000244
0.27784708
0.2753117
0.2724318
0.26925668
0.26584404
0.2622551
0.25855034
0.25478648
0.25101441
0.24727801
0.24361378
0.24005095
0.23661202
0.2333134
0.23016628
0.22717742
0.22434993
0.22168403
0.21917765
0.21682698
0.21462696
0.21257161
0.21065437
0.20886834
0.20720645
0.20566162
0.20422688
0.20289542
0.20166069
0.20051639
0.19945651
0.19847539
0.19756763
0.19672819
0.19595229
0.1952355
0.19457362
0.19396276
0.19339927
0.19287975
0.19240102
0.19196014
0.19155434
0.19118106
0.19083792
0.1905227
0.19023332
0.18996786
0.18972455
0.18950171
0.1892978
0.18911139
0.18894114
0.18878581
0.18864425
0.1885154
0.18839825
0.1882919
0.18819548
0.1881082
0.18802932
0.18795818
0.18789413
0.18783659
0.18778502
0.18773892
0.18769783
0.18766132
0.187629
0.18760049
0.18757547
0.18755362
0.18753466
0.18751831
0.18750435
0.18749255
0.1874827
0.18747461
0.18746811
0.18746304
0.18745926
0.18745663
0.18745503
0.18745435
0.18745449
0.18745536
0.18745686
0.18745893
0.18746139
0.18746434
0.18746771
0.18747144
0.18747549
0.18747981
0.18748435
0.18748907
0.18749394
0.18749894
0.18750402
0.18750918
0.18751438
0.1875196
0.18752484
0.18753007
0.18753528
0.18754046
0.18754561
0.1875507
0.18755574
0.18756072
0.18756564
0.18757048
0.18757526
0.18757995
0.18758457
0.18758911
0.18759358
0.18759796
0.18760227
0.18760649
0.18761064
0.18761471
0.18761871
0.18762263
0.18762648
0.18763026
0.18763397
0.18763762
0.1876412
0.18764471
0.18764817
0.18765157
0.18765491
0.1876582
0.18766144
0.18766463
0.18766777
0.18767086
0.18767391
0.18767692
0.18767989
0.18768282
0.18768572
0.18768858
0.18769141
0.18769421
0.18769698
0.18769972
0.18770244
0.18770513
0.18770779
0.18771044
0.18771306
0.18771567
0.18771825
0.18772082
0.18772337
0.1877259
0.18772842
0.18773093
0.18773342
0.1877359
0.18773836
0.18774082
0.18774326
0.1877457
0.18774812
0.18775053
0.18775294
0.18775534
0.18775773
0.18776011
0.18776248
0.18776484
0.1877672
0.18776956
0.1877719
0.18777425
0.18777658
0.18777892
0.18778125
0.18778357
0.18778589
0.18778821
0.18779053
0.28571429
0.28571429
0.28571428
0.28571427
0.28571412
0.28571323
0.28570957
0.28569787
0.28566723
0.28559892
0.28546538
0.28523119
0.28485613
0.28429965
0.28352569
0.28250693
0.28122752
0.27968425
0.27788603
0.27585229
0.27361061
0.27119406
0.26863865
0.2659811
0.26325703
0.26049965
0.25773889
0.25500091
0.25230791
0.24967823
0.24712651
0.24466406
0.24229918
0.24003758
0.23788278
0.23583642
0.23389864
0.23206835
0.23034349
0.22872127
0.22719832
0.2257709
0.22443496
0.22318631
0.22202067
0.22093375
0.21992128
0.21897908
0.21810309
0.21728935
0.21653409
0.21583365
0.21518458
0.21458356
0.21402747
0.21351331
0.2130383
0.21259977
0.21219523
0.21182233
0.21147886
0.21116274
0.21087204
0.21060493
0.21035971
0.21013478
0.20992865
0.20973992
0.2095673
0.20940957
0.2092656
0.20913434
0.20901481
0.20890609
0.20880733
0.20871774
0.20863659
0.20856321
0.20849695
0.20843723
0.2083835
0.20833527
0.20829207
0.20825347
0.20821907
0.2081885
0.20816142
0.20813752
0.20811651
0.20809813
0.20808212
0.20806827
0.20805637
0.20804623
0.20803766
0.20803052
0.20802466
0.20801994
0.20801624
0.20801344
0.20801146
0.20801018
0.20800954
0.20800945
0.20800972
0.20801041
0.20801147
0.20801284
0.20801447
0.20801633
0.20801837
0.20802057
0.20802288
0.20802529
0.20802777
0.2080303
0.20803287
0.20803544
0.20803801
0.20804057
0.20804311
0.20804561
0.20804807
0.20805047
0.20805283
0.20805512
0.20805735
0.20805951
0.20806159
0.20806361
0.20806555
0.20806742
0.20806922
0.20807094
0.20807259
0.20807416
0.20807566
0.20807709
0.20807845
0.20807974
0.20808096
0.20808212
0.20808322
0.20808426
0.20808523
0.20808615
0.20808702
0.20808783
0.20808859
0.2080893
0.20808996
0.20809059
0.20809116
0.2080917
0.2080922
0.20809266
0.20809308
0.20809347
0.20809383
0.20809416
0.20809446
0.20809473
0.20809498
0.2080952
0.2080954
0.20809558
0.20809573
0.20809587
0.20809599
0.20809609
0.20809618
0.20809625
0.2080963
0.20809635
0.20809638
0.20809639
0.2080964
0.2080964
0.20809638
0.20809636
0.20809632
0.20809628
0.20809623
0.20809617
0.20809611
0.20809603
0.20809595
0.20809587
0.20809578
0.20809568
0.20809557
0.20809547
0.20809535
0.20809523
0.20809511
0.20809499
0.20809486
0.20809473
0.2080946
0.20809447
0.28571429
0.28571429
0.28571429
0.28571428
0.28571427
0.28571415
0.28571356
0.28571137
0.28570477
0.28568812
0.28565176
0.28558123
0.28545747
0.28525786
0.28495822
0.2845352
0.28396869
0.28324368
0.28235158
0.28129062
0.28006559
0.27868709
0.27717034
0.27553394
0.27379851
0.27198559
0.27011662
0.26821214
0.26629128
0.26437132
0.26246754
0.2605931
0.25875907
0.25697455
0.25524678
0.25358134
0.25198229
0.25045244
0.24899342
0.24760595
0.24628995
0.24504466
0.24386881
0.24276071
0.24171834
0.24073942
0.23982151
0.23896204
0.23815838
0.23740784
0.23670775
0.23605547
0.23544839
0.23488397
0.23435973
0.2338733
0.23342237
0.23300474
0.23261831
0.23226107
0.23193112
0.23162663
0.23134591
0.23108732
0.23084933
0.2306305
0.23042948
0.23024499
0.23007583
0.22992088
0.22977909
0.22964946
0.22953109
0.22942311
0.22932472
0.22923517
0.22915376
0.22907985
0.22901283
0.22895215
0.22889728
0.22884773
0.22880307
0.22876288
0.22872677
0.22869439
0.22866541
0.22863952
0.22861646
0.22859595
0.22857776
0.22856168
0.22854751
0.22853505
0.22852414
0.22851462
0.22850635
0.22849921
0.22849306
0.22848781
0.22848334
0.22847958
0.22847644
0.22847385
0.22847159
0.22846971
0.22846814
0.22846684
0.22846578
0.22846492
0.22846423
0.22846366
0.22846321
0.22846285
0.22846255
0.22846229
0.22846207
0.22846186
0.22846165
0.22846144
0.22846121
0.22846095
0.22846065
0.22846032
0.22845994
0.22845951
0.22845903
0.2284585
0.2284579
0.22845725
0.22845653
0.22845575
0.22845491
0.22845401
0.22845304
0.22845201
0.22845092
0.22844978
0.22844857
0.22844731
0.22844599
0.22844461
0.22844319
0.22844171
0.22844018
0.2284386
0.22843698
0.22843531
0.2284336
0.22843185
0.22843006
0.22842824
0.22842637
0.22842447
0.22842254
0.22842058
0.22841859
0.22841657
0.22841452
0.22841245
0.22841036
0.22840824
0.2284061
0.22840394
0.22840176
0.22839957
0.22839735
0.22839512
0.22839288
0.22839062
0.22838835
0.22838607
0.22838377
0.22838146
0.22837915
0.22837682
0.22837448
0.22837214
0.22836979
0.22836743
0.22836506
0.22836269
0.22836031
0.22835792
0.22835553
0.22835314
0.22835074
0.22834833
0.22834592
0.2283435
0.22834108
0.22833866
0.22833623
0.22833379
0.22833136
0.22832892
0.22832648
0.22832404
0.2283216
0.22831916
0.28571429
0.28571429
0.28571429
0.28571429
0.28571428
0.28571427
0.28571418
0.28571381
0.28571253
0.28570889
0.28570002
0.28568105
0.28564464
0.28558092
0.28547782
0.28532191
0.28509947
0.28479772
0.28440591
0.28391621
0.28332423
0.28262919
0.28183376
0.28094373
0.2799674
0.27891501
0.27779808
0.27662878
0.27541949
0.2741823
0.27292871
0.27166939
0.270414
0.26917111
0.26794818
0.26675156
0.26558652
0.26445735
0.26336742
0.26231926
0.26131468
0.26035483
0.25944031
0.25857123
0.2577473
0.25696789
0.25623211
0.25553883
0.25488675
0.25427444
0.25370038
0.25316296
0.25266056
0.2521915
0.25175414
0.25134682
0.25096792
0.25061587
0.2502891
0.24998613
0.24970552
0.24944588
0.24920588
0.24898425
0.24877978
0.24859133
0.24841781
0.24825819
0.24811148
0.24797679
0.24785323
0.24774
0.24763633
0.24754151
0.24745487
0.24737579
0.24730367
0.24723796
0.24717817
0.24712382
0.24707445
0.24702967
0.2469891
0.24695237
0.24691916
0.24688916
0.24686211
0.24683773
0.24681578
0.24679605
0.24677833
0.24676244
0.24674819
0.24673543
0.24672402
0.24671381
0.24670469
0.24669655
0.24668928
0.24668278
0.24667698
0.24667178
0.24666713
0.24666295
0.24665908
0.24665549
0.24665215
0.24664903
0.24664609
0.24664331
0.24664065
0.24663811
0.24663565
0.24663326
0.24663092
0.24662862
0.24662635
0.2466241
0.24662184
0.24661959
0.24661732
0.24661503
0.24661272
0.24661038
0.24660801
0.2466056
0.24660315
0.24660067
0.24659813
0.24659556
0.24659293
0.24659027
0.24658755
0.24658479
0.24658198
0.24657913
0.24657623
0.24657328
0.24657029
0.24656726
0.24656419
0.24656107
0.24655792
0.24655472
0.24655149
0.24654822
0.24654492
0.24654159
0.24653822
0.24653482
0.24653139
0.24652794
0.24652445
0.24652094
0.24651741
0.24651385
0.24651028
0.24650668
0.24650306
0.24649942
0.24649576
0.24649209
0.2464884
0.24648469
0.24648097
0.24647724
0.2464735
0.24646974
0.24646597
0.24646219
0.24645841
0.24645461
0.24645081
0.24644699
0.24644317
0.24643935
0.24643551
0.24643167
0.24642783
0.24642397
0.24642012
0.24641626
0.24641239
0.24640852
0.24640465
0.24640077
0.24639689
0.24639301
0.24638912
0.24638523
0.24638134
0.24637744
0.24637354
0.24636964
0.24636573
0.24636182
0.24635792
0.24635401
0.2463501
0.24634619
0.28571429
0.28571429
0.28571429
0.28571429
0.2857143
0.2857143
0.28571429
0.28571424
0.28571402
0.2857133
0.28571136
0.28570677
0.28569716
0.28567893
0.28564719
0.28559583
0.28551783
0.28540577
0.28525234
0.28505093
0.28479615
0.28448416
0.28411292
0.28368225
0.28319371
0.28265047
0.28205701
0.28141881
0.28074212
0.28003357
0.27929999
0.27854814
0.27778452
0.27701529
0.27624611
0.2754821
0.2747278
0.27398717
0.27326359
0.27255988
0.27187833
0.27122077
0.27058855
0.26998266
0.26940373
0.26885206
0.26832771
0.26783051
0.26736009
0.26691591
0.26649733
0.26610359
0.26573383
0.26538717
0.26506266
0.26475932
0.26447617
0.2642122
0.26396644
0.26373791
0.26352565
0.26332873
0.26314624
0.2629773
0.26282107
0.26267674
0.26254354
0.26242074
0.26230762
0.26220352
0.26210781
0.2620199
0.26193922
0.26186525
0.26179748
0.26173545
0.26167873
0.2616269
0.26157958
0.26153641
0.26149706
0.26146121
0.26142859
0.26139892
0.26137195
0.26134745
0.2613252
0.26130502
0.26128671
0.2612701
0.26125505
0.2612414
0.26122902
0.26121779
0.2612076
0.26119835
0.26118994
0.26118228
0.2611753
0.26116892
0.26116307
0.2611577
0.26115275
0.26114817
0.26114384
0.26113971
0.26113575
0.26113195
0.26112827
0.2611247
0.26112123
0.26111783
0.26111449
0.2611112
0.26110795
0.26110473
0.26110153
0.26109834
0.26109516
0.26109197
0.26108878
0.26108558
0.26108236
0.26107912
0.26107587
0.26107259
0.26106928
0.26106594
0.26106258
0.26105919
0.26105576
0.26105231
0.26104883
0.26104531
0.26104176
0.26103818
0.26103457
0.26103093
0.26102727
0.26102357
0.26101984
0.26101609
0.26101231
0.2610085
0.26100467
0.26100081
0.26099693
0.26099303
0.26098911
0.26098516
0.2609812
0.26097721
0.26097321
0.26096919
0.26096516
0.26096111
0.26095704
0.26095296
0.26094887
0.26094476
0.26094064
0.26093651
0.26093237
0.26092822
0.26092406
0.26091989
0.26091572
0.26091153
0.26090734
0.26090314
0.26089894
0.26089473
0.26089051
0.26088629
0.26088206
0.26087783
0.2608736
0.26086936
0.26086511
0.26086087
0.26085662
0.26085237
0.26084811
0.26084386
0.2608396
0.26083533
0.26083107
0.2608268
0.26082254
0.26081827
0.26081399
0.26080972
0.26080544
0.26080116
0.26079688
0.2607926
0.26078831
0.26078403
0.26077975
0.26077547
0.28571458
0.28571512
0.28571584
0.28571666
0.28571751
0.28571832
0.28571902
0.28571958
0.28571996
0.2857201
0.28571985
0.28571886
0.28571649
0.28571164
0.28570265
0.28568721
0.28566242
0.28562485
0.28557076
0.28549634
0.28539798
0.28527249
0.28511738
0.28493093
0.28471232
0.28446166
0.28417988
0.2838687
0.28353049
0.28316812
0.28278482
0.28238406
0.28196943
0.28154447
0.28111265
0.28067728
0.28024142
0.27980788
0.27937918
0.27895755
0.27854491
0.27814289
0.27775286
0.27737591
0.27701288
0.27666442
0.27633095
0.27601273
0.27570986
0.27542231
0.27514993
0.27489248
0.27464963
0.27442098
0.27420611
0.27400451
0.27381567
0.27363906
0.27347412
0.2733203
0.27317703
0.27304377
0.27291997
0.27280508
0.2726986
0.2726
0.27250881
0.27242455
0.27234678
0.27227505
0.27220897
0.27214815
0.27209221
0.2720408
0.27199361
0.2719503
0.27191061
0.27187424
0.27184095
0.27181049
0.27178264
0.27175718
0.27173394
0.27171271
0.27169334
0.27167566
0.27165954
0.27164483
0.27163141
0.27161916
0.27160798
0.27159777
0.27158844
0.2715799
0.27157208
0.27156491
0.27155832
0.27155225
0.27154666
0.27154147
0.27153667
0.27153219
0.271528
0.27152408
0.27152034
0.27151673
0.27151324
0.27150984
0.27150652
0.27150327
0.27150009
0.27149695
0.27149386
0.2714908
0.27148777
0.27148476
0.27148176
0.27147877
0.27147579
0.27147281
0.27146982
0.27146683
0.27146384
0.27146083
0.27145782
0.27145479
0.27145174
0.27144868
0.27144561
0.27144252
0.27143941
0.27143628
0.27143313
0.27142997
0.27142679
0.27142359
0.27142037
0.27141714
0.27141388
0.27141061
0.27140733
0.27140403
0.27140071
0.27139738
0.27139403
0.27139067
0.2713873
0.27138391
0.27138051
0.2713771
0.27137368
0.27137024
0.2713668
0.27136335
0.27135988
0.27135641
0.27135293
0.27134944
0.27134595
0.27134245
0.27133894
0.27133542
0.2713319
0.27132838
0.27132485
0.27132131
0.27131778
0.27131423
0.27131069
0.27130714
0.27130359
0.27130003
0.27129647
0.27129291
0.27128935
0.27128579
0.27128222
0.27127866
0.27127509
0.27127152
0.27126795
0.27126438
0.27126081
0.27125724
0.27125366
0.27125009
0.27124652
0.27124294
0.27123937
0.2712358
0.27123222
0.27122865
0.27122507
0.27122149
0.27121792
0.27121434
0.27121077
0.27120719
0.27120362
0.27120005
0.28591706
0.28610508
0.28626945
0.28640413
0.28650605
0.28657495
0.28661295
0.28662382
0.28661227
0.28658334
0.28654184
0.28649203
0.2864374
0.28638052
0.28632307
0.28626583
0.28620877
0.28615116
0.28609168
0.28602862
0.28596005
0.28588394
0.28579838
0.28570167
0.28559246
0.2854698
0.28533315
0.28518245
0.28501801
0.28484055
0.2846511
0.28445092
0.2842415
0.28402441
0.2838013
0.28357385
0.28334369
0.28311238
0.2828814
0.28265209
0.28242569
0.28220327
0.28198579
0.28177406
0.28156875
0.2813704
0.28117945
0.28099622
0.28082093
0.2806537
0.28049459
0.28034358
0.28020059
0.2800655
0.27993813
0.27981829
0.27970573
0.27960021
0.27950144
0.27940916
0.27932306
0.27924285
0.27916824
0.27909893
0.27903463
0.27897505
0.27891992
0.27886898
0.27882195
0.27877859
0.27873865
0.27870192
0.27866817
0.27863719
0.27860879
0.27858278
0.27855899
0.27853724
0.27851739
0.27849929
0.27848281
0.27846781
0.27845417
0.2784418
0.27843057
0.27842039
0.27841119
0.27840286
0.27839534
0.27838855
0.27838243
0.27837692
0.27837196
0.2783675
0.27836349
0.27835988
0.27835664
0.27835374
0.27835113
0.27834878
0.27834667
0.27834477
0.27834305
0.2783415
0.2783401
0.27833878
0.27833755
0.27833639
0.2783353
0.27833426
0.27833327
0.27833233
0.27833142
0.27833053
0.27832967
0.27832883
0.278328
0.27832718
0.27832637
0.27832556
0.27832475
0.27832394
0.27832312
0.2783223
0.27832148
0.27832064
0.2783198
0.27831895
0.27831808
0.27831721
0.27831632
0.27831543
0.27831452
0.27831359
0.27831266
0.27831171
0.27831075
0.27830978
0.2783088
0.27830781
0.2783068
0.27830579
0.27830476
0.27830372
0.27830268
0.27830162
0.27830055
0.27829948
0.2782984
0.27829731
0.27829621
0.2782951
0.27829399
0.27829287
0.27829175
0.27829062
0.27828948
0.27828834
0.2782872
0.27828605
0.27828489
0.27828374
0.27828258
0.27828142
0.27828025
0.27827908
0.27827791
0.27827674
0.27827556
0.27827439
0.27827321
0.27827203
0.27827085
0.27826967
0.27826849
0.27826731
0.27826613
0.27826495
0.27826377
0.27826259
0.27826141
0.27826023
0.27825905
0.27825787
0.27825669
0.27825551
0.27825433
0.27825316
0.27825198
0.2782508
0.27824963
0.27824845
0.27824728
0.27824611
0.27824494
0.27824377
0.2782426
0.27824143
0.27824027
0.2782391
0.42717569
0.42351067
0.41783797
0.41052082
0.40198146
0.39265699
0.3829611
0.3732557
0.36383423
0.35491575
0.34664767
0.33911422
0.33234797
0.32634217
0.32106234
0.31645624
0.31246181
0.3090132
0.30604496
0.30349482
0.30130534
0.29942471
0.29780703
0.29641216
0.29520544
0.29415716
0.29324206
0.29243885
0.29172962
0.29109945
0.2905359
0.29002871
0.2895694
0.289151
0.28876779
0.28841509
0.28808907
0.2877866
0.28750509
0.28724244
0.28699689
0.286767
0.28655154
0.28634946
0.28615989
0.28598203
0.2858152
0.28565878
0.28551221
0.28537497
0.28524657
0.28512656
0.2850145
0.28490999
0.28481264
0.28472205
0.28463786
0.28455974
0.28448733
0.28442031
0.28435837
0.28430122
0.28424855
0.28420011
0.28415561
0.28411482
0.2840775
0.28404341
0.28401233
0.28398408
0.28395844
0.28393525
0.28391431
0.28389549
0.28387861
0.28386353
0.28385013
0.28383827
0.28382784
0.28381872
0.28381081
0.28380402
0.28379825
0.28379343
0.28378947
0.28378629
0.28378385
0.28378206
0.28378088
0.28378025
0.28378012
0.28378044
0.28378118
0.2837823
0.28378375
0.28378551
0.28378755
0.28378983
0.28379234
0.28379504
0.28379793
0.28380097
0.28380416
0.28380747
0.28381089
0.28381442
0.28381808
0.28382185
0.28382573
0.28382968
0.28383371
0.28383779
0.28384192
0.28384609
0.2838503
0.28385452
0.28385877
0.28386302
0.28386729
0.28387155
0.28387581
0.28388007
0.28388432
0.28388855
0.28389277
0.28389698
0.28390117
0.28390534
0.28390949
0.28391363
0.28391774
0.28392183
0.28392589
0.28392994
0.28393396
0.28393797
0.28394195
0.2839459
0.28394984
0.28395376
0.28395766
0.28396153
0.28396539
0.28396923
0.28397305
0.28397685
0.28398063
0.2839844
0.28398815
0.28399189
0.28399561
0.28399932
0.28400301
0.28400669
0.28401036
0.28401402
0.28401766
0.2840213
0.28402492
0.28402853
0.28403214
0.28403573
0.28403932
0.2840429
0.28404647
0.28405004
0.28405359
0.28405715
0.28406069
0.28406423
0.28406777
0.28407129
0.28407482
0.28407834
0.28408185
0.28408537
0.28408887
0.28409238
0.28409588
0.28409938
0.28410287
0.28410636
0.28410985
0.28411334
0.28411682
0.2841203
0.28412378
0.28412725
0.28413073
0.2841342
0.28413767
0.28414114
0.28414461
0.28414808
0.28415154
0.28415501
0.28415848
0.28416194
0.2841654
0.28416887
0.42855874
0.42843819
0.4280356
0.42713857
0.4255422
0.42308886
0.41969429
0.41535702
0.41015263
0.40421723
0.39772553
0.39086849
0.38383411
0.37679311
0.36989009
0.36323952
0.3569255
0.35100414
0.34550739
0.34044755
0.33582171
0.33161586
0.32780837
0.32437289
0.32128058
0.31850175
0.31600712
0.3137686
0.31175983
0.30995646
0.30833625
0.30687914
0.30556712
0.30438415
0.303316
0.30235008
0.30147528
0.30068181
0.29996107
0.29930549
0.29870838
0.29816389
0.29766682
0.29721259
0.29679715
0.29641691
0.29606865
0.29574954
0.295457
0.29518876
0.29494277
0.29471715
0.29451025
0.29432054
0.29414664
0.29398729
0.29384136
0.29370779
0.29358562
0.29347397
0.29337204
0.29327908
0.2931944
0.29311737
0.29304741
0.29298398
0.29292658
0.29287474
0.29282804
0.29278609
0.29274851
0.29271497
0.29268516
0.29265877
0.29263555
0.29261523
0.29259759
0.29258242
0.29256951
0.29255868
0.29254975
0.29254258
0.29253701
0.2925329
0.29253014
0.29252861
0.29252819
0.2925288
0.29253034
0.29253272
0.29253588
0.29253973
0.29254421
0.29254927
0.29255484
0.29256088
0.29256734
0.29257417
0.29258134
0.29258882
0.29259656
0.29260454
0.29261273
0.2926211
0.29262964
0.29263836
0.29264731
0.29265646
0.29266578
0.29267526
0.29268485
0.29269455
0.29270433
0.29271418
0.29272409
0.29273403
0.29274399
0.29275398
0.29276396
0.29277395
0.29278393
0.29279389
0.29280383
0.29281375
0.29282363
0.29283348
0.2928433
0.29285308
0.29286281
0.29287251
0.29288216
0.29289177
0.29290133
0.29291085
0.29292032
0.29292975
0.29293914
0.29294848
0.29295778
0.29296703
0.29297625
0.29298542
0.29299455
0.29300365
0.29301271
0.29302173
0.29303071
0.29303966
0.29304858
0.29305746
0.29306631
0.29307513
0.29308393
0.29309269
0.29310143
0.29311014
0.29311883
0.29312749
0.29313613
0.29314474
0.29315334
0.29316192
0.29317047
0.29317901
0.29318753
0.29319603
0.29320451
0.29321298
0.29322144
0.29322988
0.2932383
0.29324671
0.29325511
0.2932635
0.29327187
0.29328023
0.29328858
0.29329692
0.29330525
0.29331357
0.29332188
0.29333018
0.29333846
0.29334675
0.29335502
0.29336328
0.29337153
0.29337978
0.29338802
0.29339625
0.29340447
0.29341269
0.2934209
0.2934291
0.2934373
0.2934455
0.29345368
0.29346187
0.29347005
0.29347822
0.42857132
0.42856841
0.42854992
0.42848384
0.42831297
0.42795567
0.4273139
0.42628665
0.42478501
0.4227453
0.4201374
0.41696745
0.41327523
0.40912771
0.40461054
0.39981916
0.39485077
0.38979795
0.38474409
0.37976069
0.37490624
0.37022622
0.36575395
0.361512
0.35751371
0.3537649
0.35026539
0.34701043
0.34399192
0.34119943
0.33862101
0.3362439
0.33405495
0.3320411
0.33018954
0.32848798
0.32692477
0.3254889
0.32417013
0.32295891
0.32184645
0.32082461
0.31988593
0.31902358
0.31823127
0.31750327
0.31683433
0.31621965
0.31565485
0.3151359
0.31465914
0.31422121
0.31381901
0.31344974
0.31311081
0.31279983
0.31251463
0.3122532
0.31201369
0.31179441
0.31159379
0.31141039
0.31124288
0.31109003
0.31095071
0.31082386
0.31070853
0.31060382
0.3105089
0.31042301
0.31034544
0.31027553
0.31021268
0.31015633
0.31010596
0.31006109
0.31002127
0.3099861
0.30995519
0.30992819
0.30990478
0.30988466
0.30986755
0.30985319
0.30984135
0.30983181
0.30982436
0.30981882
0.30981502
0.3098128
0.30981201
0.30981253
0.30981423
0.30981699
0.30982071
0.30982531
0.30983068
0.30983675
0.30984344
0.3098507
0.30985845
0.30986665
0.30987523
0.30988417
0.3098934
0.3099029
0.30991273
0.30992285
0.30993322
0.3099438
0.30995456
0.30996547
0.3099765
0.30998762
0.30999882
0.31001007
0.31002137
0.31003268
0.31004401
0.31005533
0.31006665
0.31007794
0.3100892
0.31010042
0.31011161
0.31012274
0.31013383
0.31014486
0.31015584
0.31016676
0.31017761
0.31018841
0.31019914
0.31020981
0.31022042
0.31023096
0.31024145
0.31025187
0.31026223
0.31027253
0.31028277
0.31029296
0.31030309
0.31031316
0.31032319
0.31033316
0.31034308
0.31035295
0.31036277
0.31037255
0.31038229
0.31039198
0.31040163
0.31041125
0.31042082
0.31043036
0.31043986
0.31044933
0.31045877
0.31046818
0.31047755
0.3104869
0.31049622
0.31050552
0.31051479
0.31052403
0.31053325
0.31054245
0.31055163
0.31056079
0.31056993
0.31057905
0.31058815
0.31059723
0.3106063
0.31061535
0.31062438
0.3106334
0.31064241
0.3106514
0.31066037
0.31066933
0.31067828
0.31068722
0.31069615
0.31070506
0.31071396
0.31072285
0.31073173
0.3107406
0.31074945
0.3107583
0.31076714
0.31077597
0.31078479
0.3107936
0.31080241
0.31081121
0.31082
0.31082878
0.42857143
0.42857137
0.42857069
0.428567
0.42855359
0.42851638
0.42843126
0.42826311
0.42796724
0.42749323
0.42679044
0.42581397
0.42452988
0.42291877
0.42097735
0.41871796
0.41616658
0.41335981
0.41034142
0.40715892
0.40386054
0.40049282
0.39709873
0.3937166
0.3903794
0.38711459
0.38394428
0.38088554
0.37795092
0.37514902
0.3724851
0.36996156
0.36757856
0.36533441
0.36322605
0.36124932
0.35939932
0.35767064
0.35605751
0.35455401
0.35315418
0.35185209
0.35064195
0.3495181
0.34847514
0.34750785
0.3466113
0.34578078
0.34501186
0.34430035
0.34364231
0.34303405
0.34247209
0.34195319
0.34147431
0.34103261
0.34062545
0.34025035
0.33990499
0.33958724
0.33929508
0.33902666
0.33878021
0.33855414
0.33834692
0.33815716
0.33798355
0.33782487
0.33767999
0.33754787
0.33742752
0.33731804
0.33721859
0.33712838
0.33704668
0.33697283
0.3369062
0.3368462
0.3367923
0.33674399
0.33670083
0.33666238
0.33662824
0.33659805
0.33657147
0.33654819
0.33652793
0.33651041
0.33649538
0.33648263
0.33647195
0.33646314
0.33645602
0.33645044
0.33644625
0.33644331
0.33644149
0.33644068
0.33644077
0.33644168
0.3364433
0.33644556
0.3364484
0.33645173
0.33645551
0.33645962
0.33646408
0.33646886
0.33647391
0.33647919
0.33648466
0.33649029
0.33649606
0.33650194
0.33650789
0.33651392
0.33651999
0.33652609
0.33653221
0.33653833
0.33654444
0.33655053
0.3365566
0.33656264
0.33656864
0.3365746
0.3365805
0.33658636
0.33659216
0.33659791
0.33660359
0.33660922
0.33661479
0.33662029
0.33662574
0.33663112
0.33663645
0.33664171
0.33664691
0.33665206
0.33665715
0.33666218
0.33666716
0.33667209
0.33667696
0.33668179
0.33668657
0.3366913
0.33669598
0.33670063
0.33670523
0.33670979
0.33671431
0.33671879
0.33672324
0.33672766
0.33673204
0.33673639
0.33674071
0.33674501
0.33674927
0.33675351
0.33675772
0.33676192
0.33676608
0.33677023
0.33677436
0.33677846
0.33678255
0.33678662
0.33679068
0.33679472
0.33679874
0.33680275
0.33680674
0.33681072
0.33681469
0.33681865
0.33682259
0.33682652
0.33683045
0.33683436
0.33683826
0.33684216
0.33684604
0.33684991
0.33685378
0.33685764
0.33686149
0.33686533
0.33686917
0.33687299
0.33687681
0.33688062
0.33688443
0.33688823
0.33689203
0.33689582
0.33689961
0.3369034
0.42857143
0.42857143
0.42857141
0.42857124
0.4285704
0.42856737
0.42855867
0.42853772
0.42849378
0.42841144
0.42827086
0.42804889
0.42772099
0.42726344
0.42665568
0.42588215
0.42493357
0.42380753
0.42250837
0.42104644
0.41943707
0.4176993
0.41585457
0.41392548
0.41193471
0.40990421
0.4078545
0.40580426
0.40377002
0.40176612
0.39980462
0.39789547
0.39604658
0.39426405
0.39255234
0.3909145
0.38935233
0.38786659
0.38645718
0.3851233
0.38386353
0.38267603
0.38155862
0.38050882
0.37952399
0.37860136
0.37773809
0.37693131
0.37617815
0.37547577
0.3748214
0.37421232
0.37364592
0.37311965
0.37263109
0.37217789
0.37175785
0.37136882
0.37100882
0.37067591
0.3703683
0.37008427
0.36982223
0.36958064
0.36935809
0.36915322
0.36896478
0.36879159
0.36863254
0.36848659
0.36835277
0.36823018
0.36811796
0.36801533
0.36792156
0.36783595
0.36775786
0.3676867
0.36762193
0.36756301
0.36750949
0.3674609
0.36741685
0.36737696
0.36734086
0.36730824
0.3672788
0.36725224
0.36722833
0.36720682
0.36718749
0.36717015
0.36715459
0.36714067
0.36712821
0.36711708
0.36710715
0.36709828
0.36709038
0.36708334
0.36707706
0.36707147
0.36706649
0.36706204
0.36705807
0.36705445
0.36705112
0.36704805
0.3670452
0.36704254
0.36704003
0.36703767
0.36703541
0.36703325
0.36703116
0.36702913
0.36702714
0.36702518
0.36702324
0.36702131
0.36701939
0.36701745
0.3670155
0.36701353
0.36701154
0.36700952
0.36700746
0.36700537
0.36700325
0.36700108
0.36699887
0.36699662
0.36699433
0.366992
0.36698962
0.36698721
0.36698474
0.36698224
0.36697969
0.36697711
0.36697448
0.36697182
0.36696911
0.36696637
0.3669636
0.36696079
0.36695795
0.36695507
0.36695217
0.36694923
0.36694627
0.36694328
0.36694026
0.36693722
0.36693415
0.36693107
0.36692796
0.36692483
0.36692168
0.36691852
0.36691533
0.36691213
0.36690892
0.36690569
0.36690245
0.3668992
0.36689593
0.36689265
0.36688937
0.36688607
0.36688277
0.36687945
0.36687613
0.3668728
0.36686947
0.36686613
0.36686278
0.36685943
0.36685607
0.36685271
0.36684934
0.36684597
0.3668426
0.36683922
0.36683584
0.36683246
0.36682908
0.36682569
0.3668223
0.36681891
0.36681552
0.36681213
0.36680873
0.36680533
0.36680193
0.36679853
0.36679512
0.36679172
0.36678832
0.36678493
0.42857143
0.42857143
0.42857143
0.42857142
0.42857138
0.42857118
0.42857046
0.42856839
0.42856325
0.42855205
0.42853018
0.42849113
0.42842662
0.4283269
0.42818138
0.42797943
0.42771119
0.42736838
0.42694493
0.42643729
0.42584467
0.42516893
0.42441433
0.42358717
0.42269535
0.42174787
0.42075443
0.41972495
0.41866932
0.41759701
0.41651695
0.4154373
0.41436543
0.4133078
0.41227003
0.41125683
0.41027212
0.40931905
0.40840005
0.40751693
0.40667094
0.40586283
0.40509291
0.40436117
0.40366724
0.40301052
0.40239019
0.40180529
0.40125469
0.40073718
0.40025148
0.39979624
0.3993701
0.39897169
0.39859962
0.39825254
0.3979291
0.39762798
0.39734792
0.39708766
0.39684603
0.39662188
0.39641411
0.39622166
0.39604355
0.39587882
0.39572656
0.39558594
0.39545613
0.39533638
0.39522598
0.39512424
0.39503054
0.39494427
0.39486489
0.39479187
0.39472473
0.394663
0.39460627
0.39455414
0.39450624
0.39446223
0.39442178
0.39438461
0.39435043
0.394319
0.39429008
0.39426344
0.3942389
0.39421626
0.39419534
0.394176
0.39415809
0.39414147
0.39412601
0.39411161
0.39409816
0.39408557
0.39407374
0.3940626
0.39405207
0.39404209
0.3940326
0.39402354
0.39401486
0.3940065
0.3939983
0.39399026
0.39398236
0.39397458
0.3939669
0.3939593
0.39395178
0.39394432
0.39393691
0.39392954
0.39392219
0.39391487
0.39390757
0.39390028
0.39389299
0.3938857
0.3938784
0.3938711
0.39386379
0.39385646
0.39384912
0.39384176
0.39383438
0.39382698
0.39381956
0.39381212
0.39380465
0.39379717
0.39378966
0.39378212
0.39377457
0.39376699
0.39375939
0.39375177
0.39374413
0.39373647
0.39372879
0.39372109
0.39371337
0.39370563
0.39369788
0.39369011
0.39368232
0.39367452
0.39366671
0.39365888
0.39365104
0.39364318
0.39363532
0.39362744
0.39361956
0.39361166
0.39360376
0.39359585
0.39358793
0.39358
0.39357207
0.39356413
0.39355619
0.39354824
0.39354029
0.39353233
0.39352437
0.3935164
0.39350844
0.39350047
0.3934925
0.39348453
0.39347655
0.39346858
0.3934606
0.39345263
0.39344465
0.39343668
0.3934287
0.39342072
0.39341275
0.39340478
0.3933968
0.39338883
0.39338086
0.39337289
0.39336492
0.39335695
0.39334899
0.39334102
0.39333306
0.3933251
0.39331713
0.39330917
0.39330122
0.39329326
0.39328531
0.39327736
0.42857143
0.42857143
0.42857143
0.42857143
0.42857143
0.42857142
0.42857137
0.4285712
0.42857072
0.4285695
0.4285668
0.42856137
0.42855138
0.42853432
0.42850707
0.42846594
0.42840691
0.42832587
0.4282189
0.42808253
0.42791396
0.42771127
0.42747346
0.42720054
0.42689341
0.42655386
0.42618437
0.42578801
0.42536825
0.42492886
0.42447369
0.42400665
0.42353153
0.42305193
0.42257124
0.42209254
0.42161862
0.42115195
0.42069465
0.42024855
0.41981516
0.41939571
0.41899116
0.41860223
0.41822941
0.41787303
0.41753322
0.41720997
0.41690315
0.41661251
0.41633772
0.41607838
0.41583403
0.41560414
0.41538819
0.4151856
0.41499579
0.41481816
0.41465212
0.41449707
0.41435243
0.41421763
0.4140921
0.41397531
0.41386671
0.41376581
0.41367213
0.41358518
0.41350453
0.41342976
0.41336047
0.41329626
0.4132368
0.41318172
0.41313072
0.4130835
0.41303977
0.41299926
0.41296173
0.41292695
0.4128947
0.41286478
0.412837
0.41281119
0.41278717
0.41276481
0.41274395
0.41272448
0.41270627
0.4126892
0.41267318
0.41265811
0.41264391
0.41263048
0.41261776
0.41260569
0.41259419
0.41258321
0.41257269
0.41256259
0.41255287
0.41254348
0.41253438
0.41252555
0.41251695
0.41250855
0.41250024
0.41249201
0.41248384
0.41247573
0.41246766
0.41245964
0.41245165
0.41244369
0.41243576
0.41242785
0.41241995
0.41241206
0.41240419
0.41239631
0.41238845
0.41238058
0.41237271
0.41236484
0.41235697
0.41234909
0.4123412
0.41233331
0.41232541
0.4123175
0.41230958
0.41230165
0.41229371
0.41228577
0.41227781
0.41226984
0.41226187
0.41225388
0.41224589
0.41223789
0.41222987
0.41222185
0.41221382
0.41220579
0.41219774
0.41218969
0.41218163
0.41217356
0.41216548
0.4121574
0.41214932
0.41214123
0.41213313
0.41212503
0.41211692
0.41210881
0.41210069
0.41209257
0.41208445
0.41207632
0.41206819
0.41206006
0.41205193
0.41204379
0.41203566
0.41202752
0.41201937
0.41201123
0.41200309
0.41199494
0.4119868
0.41197865
0.41197051
0.41196236
0.41195421
0.41194607
0.41193792
0.41192978
0.41192163
0.41191349
0.41190534
0.4118972
0.41188906
0.41188091
0.41187277
0.41186463
0.41185649
0.41184836
0.41184022
0.41183208
0.41182395
0.41181582
0.41180769
0.41179956
0.41179143
0.4117833
0.41177517
0.41176704
0.41175891
0.4117508
0.42857143
0.42857143
0.42857143
0.42857143
0.42857143
0.42857143
0.42857143
0.42857141
0.42857138
0.42857127
0.42857101
0.42857041
0.42856918
0.42856688
0.42856287
0.42855629
0.42854613
0.42853116
0.42851009
0.42848157
0.4284443
0.4283971
0.428339
0.42826926
0.42818743
0.42809337
0.42798724
0.42786947
0.42774075
0.42760198
0.42745423
0.42729869
0.42713663
0.42696934
0.42679815
0.42662431
0.42644905
0.42627352
0.42609876
0.42592574
0.4257553
0.4255882
0.42542506
0.42526643
0.42511275
0.42496437
0.42482156
0.42468451
0.42455335
0.42442813
0.42430887
0.42419553
0.42408802
0.42398626
0.42389008
0.42379934
0.42371385
0.42363343
0.42355787
0.42348696
0.42342048
0.42335823
0.42329999
0.42324554
0.42319467
0.42314719
0.42310289
0.42306157
0.42302306
0.42298717
0.42295373
0.42292257
0.42289356
0.42286652
0.42284133
0.42281785
0.42279596
0.42277553
0.42275647
0.42273866
0.42272201
0.42270642
0.42269182
0.42267811
0.42266524
0.42265313
0.42264171
0.42263093
0.42262073
0.42261106
0.42260187
0.42259312
0.42258477
0.42257679
0.42256913
0.42256176
0.42255467
0.42254781
0.42254118
0.42253473
0.42252846
0.42252235
0.42251637
0.42251051
0.42250476
0.42249911
0.4224935
0.42248791
0.42248235
0.4224768
0.42247128
0.42246576
0.42246026
0.42245477
0.42244929
0.42244381
0.42243834
0.42243288
0.42242741
0.42242195
0.42241649
0.42241102
0.42240556
0.42240009
0.42239463
0.42238916
0.42238369
0.42237821
0.42237273
0.42236725
0.42236177
0.42235628
0.42235078
0.42234528
0.42233978
0.42233428
0.42232877
0.42232325
0.42231773
0.42231221
0.42230669
0.42230116
0.42229562
0.42229009
0.42228455
0.422279
0.42227345
0.4222679
0.42226235
0.42225679
0.42225123
0.42224567
0.42224011
0.42223454
0.42222897
0.4222234
0.42221782
0.42221225
0.42220667
0.42220109
0.42219551
0.42218992
0.42218434
0.42217875
0.42217316
0.42216757
0.42216198
0.42215639
0.42215079
0.4221452
0.4221396
0.42213401
0.42212841
0.42212281
0.42211721
0.42211161
0.42210601
0.42210041
0.42209481
0.42208921
0.4220836
0.422078
0.42207239
0.42206679
0.42206118
0.42205558
0.42204997
0.42204437
0.42203876
0.42203315
0.42202755
0.42202194
0.42201633
0.42201073
0.42200512
0.42199951
0.4219939
0.42198829
0.42198268
0.42197707
0.42857143
0.42857143
0.42857143
0.42857143
0.42857143
0.42857143
0.42857143
0.42857143
0.42857143
0.42857142
0.4285714
0.42857135
0.42857123
0.42857099
0.42857052
0.42856971
0.42856835
0.42856621
0.428563
0.42855839
0.42855204
0.42854358
0.42853266
0.42851898
0.42850224
0.42848227
0.42845891
0.42843213
0.42840193
0.42836842
0.42833178
0.42829221
0.42825001
0.42820549
0.42815898
0.42811084
0.42806144
0.42801111
0.42796023
0.4279091
0.42785804
0.42780733
0.42775723
0.42770796
0.42765972
0.42761267
0.42756697
0.42752272
0.42748002
0.42743892
0.4273995
0.42736176
0.42732572
0.42729138
0.42725873
0.42722774
0.42719838
0.4271706
0.42714436
0.42711961
0.42709628
0.42707432
0.42705366
0.42703426
0.42701604
0.42699894
0.4269829
0.42696786
0.42695377
0.42694056
0.42692818
0.42691658
0.4269057
0.42689551
0.42688594
0.42687697
0.42686854
0.42686061
0.42685316
0.42684614
0.42683952
0.42683327
0.42682736
0.42682176
0.42681646
0.42681141
0.42680661
0.42680204
0.42679766
0.42679347
0.42678945
0.42678559
0.42678186
0.42677826
0.42677477
0.42677139
0.42676811
0.4267649
0.42676177
0.42675871
0.42675571
0.42675277
0.42674987
0.42674702
0.4267442
0.42674142
0.42673865
0.42673589
0.42673313
0.42673037
0.42672763
0.42672488
0.42672213
0.42671939
0.42671665
0.42671391
0.42671117
0.42670843
0.42670569
0.42670295
0.42670021
0.42669746
0.42669472
0.42669197
0.42668923
0.42668648
0.42668373
0.42668098
0.42667822
0.42667547
0.42667271
0.42666995
0.42666719
0.42666442
0.42666166
0.42665889
0.42665612
0.42665335
0.42665057
0.4266478
0.42664502
0.42664224
0.42663945
0.42663667
0.42663388
0.4266311
0.42662831
0.42662551
0.42662272
0.42661992
0.42661713
0.42661433
0.42661153
0.42660872
0.42660592
0.42660311
0.42660031
0.4265975
0.42659469
0.42659188
0.42658906
0.42658625
0.42658343
0.42658061
0.42657779
0.42657497
0.42657215
0.42656933
0.4265665
0.42656368
0.42656085
0.42655802
0.42655519
0.42655236
0.42654953
0.4265467
0.42654386
0.42654103
0.42653819
0.42653535
0.42653252
0.42652968
0.42652683
0.42652399
0.42652115
0.4265183
0.42651546
0.42651261
0.42650977
0.42650692
0.42650407
0.42650122
0.42649836
0.42649551
0.42649266
0.4264898
0.42648695
0.42648409
0.42648123
0.42647837
0.42857143
0.42857143
0.42857143
0.42857143
0.42857143
0.42857143
0.42857143
0.42857143
0.42857143
0.42857143
0.42857143
0.42857142
0.42857142
0.4285714
0.42857136
0.42857128
0.42857114
0.42857091
0.42857054
0.42856998
0.42856917
0.42856803
0.42856649
0.42856448
0.42856192
0.42855875
0.42855491
0.42855036
0.42854507
0.42853904
0.42853226
0.42852476
0.42851658
0.42850775
0.42849835
0.42848843
0.42847806
0.42846733
0.42845631
0.42844508
0.4284337
0.42842226
0.42841082
0.42839943
0.42838817
0.42837708
0.42836619
0.42835556
0.42834521
0.42833518
0.42832547
0.42831611
0.42830711
0.42829847
0.42829021
0.42828231
0.42827478
0.42826762
0.42826081
0.42825434
0.42824822
0.42824242
0.42823693
0.42823175
0.42822685
0.42822223
0.42821786
0.42821375
0.42820986
0.4282062
0.42820275
0.42819948
0.42819641
0.4281935
0.42819075
0.42818815
0.42818569
0.42818336
0.42818115
0.42817905
0.42817705
0.42817515
0.42817334
0.4281716
0.42816994
0.42816835
0.42816682
0.42816535
0.42816393
0.42816255
0.42816123
0.42815994
0.42815868
0.42815747
0.42815628
0.42815511
0.42815398
0.42815286
0.42815177
0.42815069
0.42814962
0.42814858
0.42814754
0.42814652
0.4281455
0.42814449
0.42814349
0.42814249
0.4281415
0.4281405
0.4281395
0.4281385
0.42813751
0.42813651
0.42813551
0.42813452
0.42813352
0.42813252
0.42813153
0.42813053
0.42812953
0.42812853
0.42812754
0.42812654
0.42812554
0.42812454
0.42812354
0.42812254
0.42812154
0.42812054
0.42811954
0.42811854
0.42811754
0.42811654
0.42811553
0.42811453
0.42811353
0.42811253
0.42811152
0.42811052
0.42810951
0.42810851
0.42810751
0.4281065
0.42810549
0.42810449
0.42810348
0.42810248
0.42810147
0.42810046
0.42809946
0.42809845
0.42809744
0.42809644
0.42809543
0.42809442
0.42809341
0.42809241
0.4280914
0.42809039
0.42808938
0.42808838
0.42808737
0.42808636
0.42808535
0.42808434
0.42808334
0.42808233
0.42808132
0.42808031
0.42807931
0.4280783
0.42807729
0.42807629
0.42807528
0.42807427
0.42807326
0.42807226
0.42807125
0.42807025
0.42806924
0.42806824
0.42806723
0.42806622
0.42806522
0.42806422
0.42806321
0.42806221
0.4280612
0.4280602
0.4280592
0.4280582
0.42805719
0.42805619
0.42805519
0.42805419
0.42805319
0.42805219
0.42805119
0.42805019
0.42857143
0.42857143
0.42857143
0.42857144
0.42857144
0.42857145
0.42857146
0.42857147
0.42857149
0.42857151
0.42857153
0.42857155
0.42857157
0.4285716
0.42857162
0.42857165
0.42857167
0.42857169
0.4285717
0.42857169
0.42857165
0.42857159
0.42857148
0.42857131
0.42857108
0.42857077
0.42857038
0.42856988
0.42856928
0.42856857
0.42856774
0.4285668
0.42856574
0.42856458
0.4285633
0.42856193
0.42856047
0.42855893
0.42855733
0.42855567
0.42855397
0.42855224
0.42855049
0.42854873
0.42854698
0.42854524
0.42854352
0.42854183
0.42854018
0.42853857
0.42853701
0.42853551
0.42853406
0.42853266
0.42853133
0.42853006
0.42852886
0.42852772
0.42852664
0.42852562
0.42852466
0.42852377
0.42852293
0.42852215
0.42852142
0.42852075
0.42852013
0.42851956
0.42851903
0.42851856
0.42851812
0.42851773
0.42851737
0.42851705
0.42851677
0.42851652
0.42851631
0.42851612
0.42851597
0.42851584
0.42851574
0.42851566
0.42851561
0.42851558
0.42851557
0.42851558
0.42851561
0.42851566
0.42851573
0.42851581
0.42851591
0.42851603
0.42851616
0.42851631
0.42851647
0.42851665
0.42851683
0.42851704
0.42851725
0.42851748
0.42851771
0.42851796
0.42851822
0.4285185
0.42851878
0.42851908
0.42851938
0.4285197
0.42852002
0.42852036
0.4285207
0.42852106
0.42852143
0.42852181
0.4285222
0.4285226
0.42852301
0.42852343
0.42852386
0.4285243
0.42852475
0.42852521
0.42852568
0.42852616
0.42852665
0.42852715
0.42852766
0.42852819
0.42852872
0.42852926
0.42852981
0.42853038
0.42853095
0.42853153
0.42853213
0.42853273
0.42853335
0.42853397
0.42853461
0.42853525
0.42853591
0.42853658
0.42853726
0.42853794
0.42853864
0.42853935
0.42854008
0.42854081
0.42854155
0.42854231
0.42854307
0.42854385
0.42854463
0.42854543
0.42854624
0.42854706
0.42854789
0.42854874
0.42854959
0.42855046
0.42855133
0.42855222
0.42855312
0.42855403
0.42855496
0.42855589
0.42855684
0.4285578
0.42855876
0.42855975
0.42856074
0.42856174
0.42856276
0.42856379
0.42856483
0.42856588
0.42856694
0.42856802
0.42856911
0.42857021
0.42857132
0.42857244
0.42857358
0.42857473
0.42857589
0.42857706
0.42857824
0.42857944
0.42858065
0.42858187
0.4285831
0.42858435
0.42858561
0.42858688
0.42858816
0.42858945
0.42859076
0.42859208
0.42859342
0.42859476
0.42857173
0.42857232
0.42857319
0.42857433
0.42857573
0.42857736
0.4285792
0.42858123
0.42858343
0.42858578
0.42858826
0.42859085
0.42859353
0.42859629
0.42859913
0.42860202
0.42860496
0.42860794
0.42861097
0.42861404
0.42861714
0.42862028
0.42862346
0.42862667
0.42862992
0.42863322
0.42863656
0.42863994
0.42864338
0.42864687
0.42865041
0.42865401
0.42865767
0.42866139
0.42866519
0.42866906
0.428673
0.42867702
0.42868113
0.42868532
0.42868961
0.42869399
0.42869846
0.42870304
0.42870771
0.4287125
0.42871739
0.42872239
0.4287275
0.42873272
0.42873806
0.42874351
0.42874908
0.42875476
0.42876057
0.42876649
0.42877253
0.42877868
0.42878496
0.42879135
0.42879786
0.42880449
0.42881123
0.42881809
0.42882506
0.42883215
0.42883936
0.42884667
0.4288541
0.42886164
0.42886928
0.42887704
0.4288849
0.42889288
0.42890096
0.42890914
0.42891743
0.42892582
0.42893431
0.4289429
0.4289516
0.42896039
0.42896928
0.42897827
0.42898735
0.42899653
0.42900581
0.42901518
0.42902464
0.42903419
0.42904384
0.42905357
0.42906339
0.42907331
0.42908331
0.42909339
0.42910357
0.42911383
0.42912417
0.4291346
0.42914511
0.42915571
0.42916638
0.42917714
0.42918798
0.4291989
0.4292099
0.42922098
0.42923214
0.42924337
0.42925469
0.42926609
0.42927759
0.42928916
0.42930081
0.42931255
0.42932436
0.42933625
0.42934822
0.42936026
0.42937238
0.42938457
0.42939684
0.42940917
0.42942158
0.42943406
0.42944661
0.42945923
0.42947192
0.42948467
0.4294975
0.42951039
0.42952334
0.42953637
0.42954946
0.42956261
0.42957583
0.42958912
0.42960247
0.42961588
0.42962935
0.42964289
0.4296565
0.42967016
0.42968389
0.42969767
0.42971152
0.42972543
0.4297394
0.42975343
0.42976752
0.42978167
0.42979588
0.42981015
0.42982448
0.42983886
0.4298533
0.4298678
0.42988236
0.42989698
0.42991165
0.42992637
0.42994116
0.429956
0.42997089
0.42998584
0.43000084
0.4300159
0.43003101
0.43004618
0.4300614
0.43007667
0.430092
0.43010738
0.43012281
0.43013829
0.43015382
0.43016941
0.43018505
0.43020073
0.43021647
0.43023226
0.4302481
0.43026399
0.43027992
0.43029591
0.43031194
0.43032803
0.43034416
0.43036034
0.43037656
0.43039284
0.43040916
0.43042553
0.43044194
0.4304584
0.43047491
0.43049147
0.43050807
0.4305247
0.42877767
0.42898248
0.42918497
0.42938448
0.42958041
0.42977225
0.42995955
0.43014195
0.43031922
0.43049118
0.43065776
0.43081898
0.43097492
0.43112573
0.43127161
0.4314128
0.43154958
0.43168225
0.43181112
0.43193651
0.43205874
0.43217813
0.43229496
0.43240954
0.43252213
0.432633
0.43274238
0.43285049
0.43295753
0.43306369
0.43316914
0.43327402
0.43337846
0.43348259
0.4335865
0.4336903
0.43379404
0.43389782
0.43400167
0.43410566
0.43420981
0.43431417
0.43441876
0.4345236
0.4346287
0.43473407
0.43483973
0.43494566
0.43505188
0.43515837
0.43526512
0.43537214
0.43547941
0.43558691
0.43569463
0.43580257
0.4359107
0.436019
0.43612747
0.43623607
0.43634481
0.43645365
0.43656259
0.4366716
0.43678067
0.43688979
0.43699893
0.43710807
0.43721722
0.43732634
0.43743542
0.43754446
0.43765343
0.43776232
0.43787112
0.43797983
0.43808842
0.43819688
0.43830521
0.43841339
0.43852142
0.43862928
0.43873697
0.43884449
0.43895181
0.43905894
0.43916586
0.43927258
0.43937908
0.43948536
0.43959141
0.43969724
0.43980283
0.43990818
0.44001329
0.44011816
0.44022277
0.44032714
0.44043125
0.4405351
0.44063869
0.44074202
0.44084509
0.4409479
0.44105043
0.44115271
0.44125471
0.44135644
0.44145791
0.4415591
0.44166001
0.44176065
0.441861
0.44196107
0.44206086
0.44216038
0.44225962
0.44235858
0.44245727
0.44255569
0.44265383
0.4427517
0.4428493
0.44294663
0.44304369
0.44314048
0.44323701
0.44333326
0.44342925
0.44352498
0.44362044
0.44371564
0.44381058
0.44390525
0.44399966
0.44409381
0.44418771
0.44428134
0.44437472
0.44446784
0.4445607
0.44465332
0.4447457
0.44483783
0.44492973
0.44502137
0.44511278
0.44520394
0.44529486
0.44538554
0.44547598
0.44556617
0.44565612
0.44574583
0.4458353
0.44592453
0.44601352
0.44610227
0.44619077
0.44627904
0.44636707
0.44645486
0.44654241
0.44662972
0.44671679
0.44680363
0.44689022
0.44697658
0.44706271
0.4471486
0.44723425
0.44731967
0.44740485
0.4474898
0.44757452
0.44765901
0.44774326
0.44782728
0.44791108
0.44799464
0.44807797
0.44816107
0.44824395
0.4483266
0.44840902
0.44849122
0.44857319
0.44865494
0.44873646
0.44881776
0.44889884
0.4489797
0.44906034
0.44914076
0.44922096
0.44930094
0.44938071
0.44946026
0.44953959
0.44961867
0.57122233
0.57101752
0.57081503
0.57061552
0.57041959
0.57022775
0.57004045
0.56985804
0.56968077
0.5695088
0.5693422
0.56918097
0.56902502
0.5688742
0.5687283
0.56858709
0.56845028
0.56831758
0.56818867
0.56806324
0.56794096
0.56782153
0.56770464
0.56759
0.56747734
0.5673664
0.56725694
0.56714874
0.5670416
0.56693533
0.56682978
0.56672478
0.5666202
0.56651593
0.56641187
0.56630791
0.56620399
0.56610003
0.56599598
0.56589179
0.56578741
0.56568281
0.56557798
0.56547287
0.56536749
0.56526182
0.56515586
0.5650496
0.56494304
0.56483619
0.56472906
0.56462165
0.56451397
0.56440604
0.56429787
0.56418947
0.56408086
0.56397206
0.56386307
0.56375393
0.56364463
0.56353521
0.56342568
0.56331606
0.56320636
0.5630966
0.5629868
0.56287697
0.56276713
0.5626573
0.56254749
0.56243771
0.56232798
0.56221831
0.56210872
0.56199922
0.56188982
0.56178054
0.56167138
0.56156235
0.56145348
0.56134476
0.56123621
0.56112783
0.56101963
0.56091163
0.56080383
0.56069624
0.56058886
0.5604817
0.56037477
0.56026807
0.56016162
0.5600554
0.55994944
0.55984373
0.55973828
0.55963309
0.55952817
0.55942351
0.55931913
0.55921503
0.5591112
0.55900768
0.55890447
0.55880155
0.55869894
0.55859663
0.55849463
0.55839292
0.55829152
0.55819041
0.5580896
0.5579891
0.55788889
0.55778898
0.55768936
0.55759004
0.55749102
0.55739229
0.55729385
0.55719571
0.55709785
0.55700029
0.55690301
0.55680603
0.55670933
0.55661292
0.55651679
0.55642094
0.55632538
0.55623009
0.55613509
0.55604037
0.55594592
0.55585175
0.55575785
0.55566423
0.55557087
0.55547779
0.55538497
0.55529241
0.55520011
0.55510806
0.55501626
0.55492471
0.55483342
0.55474237
0.55465158
0.55456104
0.55447074
0.55438069
0.55429089
0.55420134
0.55411203
0.55402296
0.55393414
0.55384557
0.55375723
0.55366914
0.55358129
0.55349368
0.55340631
0.55331918
0.55323229
0.55314564
0.55305923
0.55297305
0.55288711
0.55280141
0.55271594
0.5526307
0.5525457
0.55246093
0.55237639
0.55229208
0.552208
0.55212415
0.55204053
0.55195714
0.55187397
0.55179103
0.55170831
0.55162582
0.55154355
0.5514615
0.55137968
0.55129808
0.5512167
0.55113554
0.5510546
0.55097388
0.55089337
0.55081309
0.55073302
0.55065317
0.55057353
0.55049411
0.5504149
0.55033595
0.57142827
0.57142768
0.57142681
0.57142567
0.57142427
0.57142264
0.5714208
0.57141877
0.57141657
0.57141422
0.57141174
0.57140915
0.57140647
0.57140371
0.57140087
0.57139798
0.57139504
0.57139205
0.57138903
0.57138596
0.57138286
0.57137972
0.57137654
0.57137333
0.57137007
0.57136678
0.57136344
0.57136005
0.57135661
0.57135313
0.57134958
0.57134598
0.57134232
0.57133859
0.5713348
0.57133093
0.57132698
0.57132295
0.57131885
0.57131465
0.57131036
0.57130598
0.5713015
0.57129692
0.57129224
0.57128745
0.57128256
0.57127755
0.57127244
0.57126721
0.57126187
0.57125641
0.57125083
0.57124514
0.57123933
0.5712334
0.57122735
0.57122118
0.57121489
0.57120849
0.57120197
0.57119533
0.57118857
0.5711817
0.57117471
0.57116761
0.57116039
0.57115305
0.57114561
0.57113805
0.57113039
0.57112261
0.57111472
0.57110673
0.57109863
0.57109042
0.57108211
0.57107369
0.57106517
0.57105655
0.57104783
0.57103901
0.57103008
0.57102106
0.57101195
0.57100273
0.57099342
0.57098402
0.57097452
0.57096493
0.57095525
0.57094548
0.57093562
0.57092566
0.57091562
0.57090549
0.57089528
0.57088497
0.57087458
0.57086411
0.57085355
0.57084291
0.57083219
0.57082135
0.57081042
0.57079939
0.57078827
0.57077705
0.57076575
0.57075435
0.57074288
0.57073131
0.57071967
0.57070795
0.57069615
0.57068427
0.57067232
0.5706603
0.5706482
0.57063603
0.57062379
0.57061148
0.5705991
0.57058665
0.57057413
0.57056155
0.5705489
0.57053619
0.57052341
0.57051057
0.57049767
0.5704847
0.57047167
0.57045858
0.57044542
0.57043221
0.57041893
0.57040559
0.57039219
0.57037873
0.57036521
0.57035164
0.570338
0.5703243
0.57031055
0.57029673
0.57028286
0.57026893
0.57025494
0.57024089
0.57022679
0.57021263
0.57019841
0.57018413
0.5701698
0.57015541
0.57014096
0.57012646
0.5701119
0.57009729
0.57008262
0.57006789
0.57005311
0.57003827
0.57002337
0.57000842
0.56999341
0.56997835
0.56996323
0.56994806
0.56993283
0.56991755
0.56990222
0.56988683
0.56987139
0.5698559
0.56984035
0.56982475
0.56980911
0.5697934
0.56977765
0.56976185
0.569746
0.5697301
0.56971414
0.56969814
0.56968209
0.56966599
0.56964984
0.56963364
0.5696174
0.5696011
0.56958476
0.56956837
0.56955194
0.56953546
0.56951893
0.56950236
0.56948573
0.56946908
0.57142857
0.57142857
0.57142857
0.57142856
0.57142856
0.57142855
0.57142854
0.57142853
0.57142851
0.57142849
0.57142847
0.57142845
0.57142843
0.5714284
0.57142838
0.57142835
0.57142833
0.57142831
0.5714283
0.57142831
0.57142835
0.57142841
0.57142852
0.57142869
0.57142892
0.57142923
0.57142962
0.57143012
0.57143072
0.57143143
0.57143226
0.5714332
0.57143425
0.57143542
0.5714367
0.57143807
0.57143953
0.57144106
0.57144267
0.57144432
0.57144602
0.57144776
0.5714495
0.57145126
0.57145301
0.57145475
0.57145647
0.57145816
0.57145981
0.57146141
0.57146297
0.57146447
0.57146592
0.57146731
0.57146864
0.57146991
0.57147111
0.57147225
0.57147333
0.57147434
0.5714753
0.57147619
0.57147702
0.5714778
0.57147852
0.57147919
0.57147981
0.57148038
0.5714809
0.57148137
0.5714818
0.57148219
0.57148255
0.57148286
0.57148314
0.57148338
0.57148359
0.57148377
0.57148392
0.57148404
0.57148414
0.57148421
0.57148426
0.57148429
0.57148429
0.57148427
0.57148424
0.57148418
0.57148411
0.57148402
0.57148391
0.57148379
0.57148365
0.5714835
0.57148333
0.57148315
0.57148295
0.57148275
0.57148253
0.57148229
0.57148205
0.57148179
0.57148153
0.57148125
0.57148096
0.57148066
0.57148034
0.57148002
0.57147968
0.57147934
0.57147898
0.57147861
0.57147824
0.57147785
0.57147745
0.57147704
0.57147662
0.57147619
0.57147575
0.5714753
0.57147484
0.57147438
0.5714739
0.57147341
0.57147291
0.5714724
0.57147188
0.57147135
0.57147081
0.57147026
0.5714697
0.57146913
0.57146855
0.57146796
0.57146736
0.57146675
0.57146613
0.57146549
0.57146485
0.5714642
0.57146354
0.57146287
0.57146218
0.57146149
0.57146079
0.57146007
0.57145935
0.57145861
0.57145786
0.57145711
0.57145634
0.57145556
0.57145477
0.57145397
0.57145315
0.57145233
0.5714515
0.57145065
0.5714498
0.57144893
0.57144805
0.57144716
0.57144626
0.57144534
0.57144442
0.57144348
0.57144253
0.57144157
0.5714406
0.57143962
0.57143863
0.57143762
0.5714366
0.57143557
0.57143453
0.57143347
0.57143241
0.57143133
0.57143024
0.57142914
0.57142802
0.57142689
0.57142576
0.5714246
0.57142344
0.57142227
0.57142108
0.57141988
0.57141867
0.57141744
0.5714162
0.57141495
0.57141369
0.57141242
0.57141113
0.57140983
0.57140852
0.57140719
0.57140586
0.57140451
0.57142857
0.57142857
0.57142857
0.57142857
0.57142857
0.57142857
0.57142857
0.57142857
0.57142857
0.57142857
0.57142857
0.57142858
0.57142858
0.5714286
0.57142864
0.57142872
0.57142886
0.57142909
0.57142946
0.57143002
0.57143083
0.57143197
0.57143351
0.57143552
0.57143808
0.57144125
0.57144509
0.57144964
0.57145493
0.57146096
0.57146774
0.57147523
0.57148342
0.57149224
0.57150164
0.57151156
0.57152192
0.57153265
0.57154367
0.57155491
0.57156628
0.57157772
0.57158916
0.57160053
0.57161179
0.57162288
0.57163376
0.57164439
0.57165473
0.57166476
0.57167446
0.57168381
0.57169281
0.57170143
0.57170969
0.57171758
0.5717251
0.57173225
0.57173905
0.5717455
0.57175162
0.57175741
0.57176288
0.57176805
0.57177294
0.57177755
0.5717819
0.571786
0.57178987
0.57179352
0.57179696
0.5718002
0.57180326
0.57180616
0.57180889
0.57181147
0.57181391
0.57181622
0.57181842
0.5718205
0.57182248
0.57182437
0.57182616
0.57182788
0.57182952
0.5718311
0.57183261
0.57183406
0.57183546
0.57183682
0.57183813
0.5718394
0.57184063
0.57184183
0.571843
0.57184415
0.57184527
0.57184636
0.57184744
0.5718485
0.57184955
0.57185058
0.5718516
0.57185261
0.5718536
0.5718546
0.5718556
0.57185659
0.57185759
0.57185858
0.57185957
0.57186057
0.57186156
0.57186255
0.57186354
0.57186453
0.57186553
0.57186652
0.57186751
0.57186851
0.5718695
0.57187049
0.57187149
0.57187248
0.57187348
0.57187447
0.57187547
0.57187647
0.57187746
0.57187846
0.57187946
0.57188046
0.57188146
0.57188246
0.57188346
0.57188446
0.57188546
0.57188646
0.57188746
0.57188846
0.57188947
0.57189047
0.57189147
0.57189248
0.57189348
0.57189448
0.57189549
0.57189649
0.5718975
0.57189851
0.57189951
0.57190052
0.57190152
0.57190253
0.57190354
0.57190454
0.57190555
0.57190656
0.57190757
0.57190857
0.57190958
0.57191059
0.5719116
0.5719126
0.57191361
0.57191462
0.57191562
0.57191663
0.57191764
0.57191865
0.57191965
0.57192066
0.57192167
0.57192267
0.57192368
0.57192469
0.57192569
0.5719267
0.5719277
0.57192871
0.57192972
0.57193072
0.57193173
0.57193273
0.57193374
0.57193474
0.57193575
0.57193675
0.57193775
0.57193876
0.57193976
0.57194076
0.57194177
0.57194277
0.57194377
0.57194477
0.57194577
0.57194678
0.57194778
0.57194877
0.57142857
0.57142857
0.57142857
0.57142857
0.57142857
0.57142857
0.57142857
0.57142857
0.57142857
0.57142858
0.5714286
0.57142865
0.57142877
0.57142901
0.57142948
0.57143029
0.57143165
0.57143379
0.571437
0.57144161
0.57144796
0.57145642
0.57146733
0.57148102
0.57149775
0.57151773
0.57154108
0.57156787
0.57159806
0.57163157
0.57166821
0.57170777
0.57174997
0.57179448
0.57184099
0.57188912
0.57193852
0.57198884
0.57203972
0.57209083
0.57214188
0.57219258
0.57224267
0.57229192
0.57234015
0.57238718
0.57243287
0.5724771
0.57251978
0.57256085
0.57260026
0.57263798
0.57267399
0.5727083
0.57274092
0.57277189
0.57280122
0.57282897
0.57285517
0.5728799
0.57290319
0.57292512
0.57294573
0.5729651
0.57298328
0.57300034
0.57301634
0.57303134
0.57304539
0.57305855
0.57307088
0.57308244
0.57309327
0.57310341
0.57311293
0.57312186
0.57313024
0.57313811
0.57314551
0.57315248
0.57315905
0.57316524
0.5731711
0.57317664
0.57318189
0.57318688
0.57319162
0.57319615
0.57320047
0.5732046
0.57320856
0.57321238
0.57321605
0.57321959
0.57322303
0.57322635
0.57322959
0.57323274
0.57323582
0.57323882
0.57324177
0.57324467
0.57324752
0.57325032
0.57325309
0.57325585
0.5732586
0.57326135
0.57326409
0.57326683
0.57326956
0.5732723
0.57327503
0.57327776
0.57328049
0.57328321
0.57328594
0.57328867
0.5732914
0.57329413
0.57329686
0.57329959
0.57330233
0.57330506
0.5733078
0.57331054
0.57331329
0.57331603
0.57331878
0.57332153
0.57332428
0.57332703
0.57332979
0.57333255
0.57333531
0.57333808
0.57334084
0.57334361
0.57334638
0.57334916
0.57335193
0.57335471
0.57335749
0.57336028
0.57336306
0.57336585
0.57336864
0.57337143
0.57337423
0.57337702
0.57337982
0.57338262
0.57338542
0.57338822
0.57339103
0.57339384
0.57339664
0.57339945
0.57340227
0.57340508
0.5734079
0.57341071
0.57341353
0.57341635
0.57341917
0.57342199
0.57342482
0.57342764
0.57343047
0.57343329
0.57343612
0.57343895
0.57344178
0.57344462
0.57344745
0.57345028
0.57345312
0.57345596
0.57345879
0.57346163
0.57346448
0.57346732
0.57347016
0.57347301
0.57347585
0.5734787
0.57348155
0.5734844
0.57348725
0.5734901
0.57349296
0.57349581
0.57349867
0.57350153
0.57350438
0.57350724
0.5735101
0.57351297
0.57351583
0.57351869
0.57142857
0.57142857
0.57142857
0.57142857
0.57142857
0.57142857
0.57142857
0.57142859
0.57142862
0.57142873
0.57142899
0.57142959
0.57143082
0.57143312
0.57143713
0.57144371
0.57145387
0.57146884
0.57148991
0.57151843
0.5715557
0.57160289
0.57166099
0.57173073
0.57181256
0.57190661
0.57201274
0.57213051
0.57225922
0.57239798
0.57254573
0.57270126
0.57286331
0.57303058
0.57320176
0.57337558
0.57355082
0.57372633
0.57390106
0.57407406
0.57424447
0.57441155
0.57457466
0.57473325
0.5748869
0.57503523
0.575178
0.57531501
0.57544612
0.57557129
0.5756905
0.57580379
0.57591123
0.57601294
0.57610905
0.57619972
0.57628514
0.57636549
0.57644098
0.57651181
0.5765782
0.57664037
0.57669853
0.57675289
0.57680366
0.57685105
0.57689526
0.57693647
0.57697489
0.57701067
0.57704401
0.57707505
0.57710396
0.57713088
0.57715596
0.57717932
0.5772011
0.5772214
0.57724035
0.57725803
0.57727456
0.57729002
0.5773045
0.57731808
0.57733083
0.57734281
0.5773541
0.57736476
0.57737483
0.57738438
0.57739344
0.57740206
0.57741028
0.57741814
0.57742567
0.57743291
0.57743989
0.57744662
0.57745314
0.57745946
0.57746562
0.57747162
0.57747749
0.57748323
0.57748887
0.57749447
0.57750004
0.57750558
0.5775111
0.5775166
0.57752209
0.57752756
0.57753303
0.57753848
0.57754393
0.57754937
0.57755481
0.57756024
0.57756568
0.57757111
0.57757655
0.57758198
0.57758742
0.57759287
0.57759831
0.57760376
0.57760921
0.57761467
0.57762013
0.5776256
0.57763107
0.57763655
0.57764204
0.57764752
0.57765302
0.57765852
0.57766402
0.57766953
0.57767504
0.57768056
0.57768609
0.57769161
0.57769715
0.57770269
0.57770823
0.57771377
0.57771932
0.57772488
0.57773044
0.577736
0.57774156
0.57774713
0.5777527
0.57775828
0.57776385
0.57776943
0.57777502
0.5777806
0.57778619
0.57779178
0.57779737
0.57780296
0.57780855
0.57781415
0.57781975
0.57782535
0.57783095
0.57783655
0.57784215
0.57784775
0.57785336
0.57785896
0.57786457
0.57787018
0.57787579
0.57788139
0.577887
0.57789261
0.57789822
0.57790383
0.57790944
0.57791505
0.57792067
0.57792628
0.5779319
0.57793751
0.57794313
0.57794875
0.57795437
0.57795998
0.5779656
0.57797123
0.57797685
0.57798247
0.57798809
0.57799371
0.57799934
0.57800496
0.57801058
0.5780162
0.57142857
0.57142857
0.57142857
0.57142857
0.57142857
0.57142858
0.57142863
0.5714288
0.57142928
0.5714305
0.5714332
0.57143863
0.57144862
0.57146568
0.57149293
0.57153406
0.57159309
0.57167412
0.57178109
0.57191747
0.57208603
0.57228872
0.57252652
0.57279944
0.57310655
0.5734461
0.57381557
0.57421193
0.57463167
0.57507105
0.57552619
0.57599321
0.57646831
0.57694787
0.57742854
0.5779072
0.57838107
0.57884771
0.57930496
0.57975101
0.58018434
0.58060373
0.58100822
0.58139709
0.58176983
0.58212614
0.58246587
0.58278903
0.58309576
0.58338631
0.583661
0.58392023
0.58416448
0.58439425
0.58461009
0.58481255
0.58500224
0.58517973
0.58534564
0.58550054
0.58564503
0.58577968
0.58590505
0.58602168
0.58613011
0.58623083
0.58632435
0.58641111
0.58649157
0.58656615
0.58663525
0.58669926
0.58675853
0.58681339
0.58686418
0.5869112
0.58695471
0.586995
0.58703231
0.58706687
0.58709889
0.58712859
0.58715614
0.58718173
0.58720551
0.58722764
0.58724827
0.58726751
0.58728549
0.58730232
0.58731811
0.58733295
0.58734693
0.58736012
0.58737261
0.58738446
0.58739574
0.5874065
0.5874168
0.58742669
0.5874362
0.58744538
0.58745428
0.58746291
0.58747131
0.58747961
0.58748782
0.58749595
0.58750403
0.58751205
0.58752002
0.58752795
0.58753586
0.58754373
0.58755159
0.58755943
0.58756725
0.58757507
0.58758288
0.58759069
0.5875985
0.58760631
0.58761413
0.58762195
0.58762978
0.58763762
0.58764547
0.58765333
0.5876612
0.58766908
0.58767697
0.58768487
0.58769279
0.58770072
0.58770866
0.58771661
0.58772458
0.58773256
0.58774055
0.58774855
0.58775656
0.58776458
0.58777262
0.58778066
0.58778872
0.58779678
0.58780485
0.58781293
0.58782102
0.58782912
0.58783722
0.58784533
0.58785345
0.58786157
0.5878697
0.58787783
0.58788597
0.58789411
0.58790226
0.58791041
0.58791856
0.58792672
0.58793488
0.58794304
0.5879512
0.58795937
0.58796753
0.5879757
0.58798387
0.58799204
0.58800021
0.58800838
0.58801655
0.58802472
0.58803289
0.58804106
0.58804922
0.58805739
0.58806556
0.58807373
0.58808189
0.58809005
0.58809822
0.58810638
0.58811455
0.58812271
0.58813088
0.58813904
0.5881472
0.58815537
0.58816353
0.58817169
0.58817985
0.58818801
0.58819617
0.58820432
0.58821248
0.58822063
0.58822878
0.58823693
0.57142857
0.57142857
0.57142857
0.57142858
0.57142862
0.57142882
0.57142954
0.57143161
0.57143675
0.57144795
0.57146982
0.57150887
0.57157338
0.5716731
0.57181862
0.57202057
0.57228881
0.57263161
0.57305506
0.5735627
0.57415531
0.57483104
0.57558563
0.57641277
0.57730457
0.57825203
0.57924546
0.5802749
0.58133051
0.58240278
0.58348281
0.58456241
0.58563425
0.58669182
0.58772954
0.58874268
0.58972732
0.59068033
0.59159926
0.5924823
0.59332821
0.59413623
0.59490605
0.59563769
0.59633152
0.59698813
0.59760833
0.59819311
0.59874358
0.59926095
0.59974652
0.6002016
0.60062758
0.60102583
0.60139772
0.60174463
0.60206789
0.60236881
0.60264868
0.60290873
0.60315015
0.60337408
0.60358163
0.60377384
0.60395171
0.6041162
0.6042682
0.60440857
0.60453811
0.60465759
0.60476772
0.60486917
0.60496258
0.60504855
0.60512764
0.60520035
0.60526719
0.6053286
0.60538502
0.60543683
0.60548441
0.6055281
0.60556822
0.60560506
0.60563891
0.60567001
0.6056986
0.6057249
0.60574911
0.60577142
0.605792
0.60581101
0.6058286
0.60584489
0.60586002
0.6058741
0.60588723
0.60589951
0.60591103
0.60592186
0.60593209
0.60594177
0.60595097
0.60595975
0.60596816
0.60597635
0.60598436
0.60599222
0.60599995
0.60600756
0.60601508
0.60602252
0.60602989
0.6060372
0.60604448
0.60605171
0.60605893
0.60606612
0.60607331
0.6060805
0.60608768
0.60609488
0.60610208
0.6061093
0.60611653
0.60612378
0.60613106
0.60613836
0.60614568
0.60615303
0.60616041
0.60616781
0.60617524
0.6061827
0.60619019
0.6061977
0.60620524
0.60621281
0.6062204
0.60622802
0.60623567
0.60624334
0.60625103
0.60625875
0.60626649
0.60627424
0.60628202
0.60628982
0.60629764
0.60630547
0.60631332
0.60632119
0.60632907
0.60633696
0.60634487
0.60635278
0.60636071
0.60636865
0.6063766
0.60638456
0.60639253
0.6064005
0.60640849
0.60641647
0.60642447
0.60643246
0.60644046
0.60644847
0.60645648
0.60646449
0.6064725
0.60648052
0.60648854
0.60649655
0.60650457
0.60651259
0.60652061
0.60652863
0.60653665
0.60654467
0.60655268
0.6065607
0.60656871
0.60657673
0.60658474
0.60659275
0.60660077
0.60660878
0.6066168
0.60662481
0.60663282
0.60664083
0.60664883
0.60665684
0.60666484
0.60667284
0.60668084
0.60668884
0.60669683
0.60670481
0.57142857
0.57142857
0.57142859
0.57142876
0.5714296
0.57143263
0.57144133
0.57146228
0.57150622
0.57158856
0.57172914
0.57195111
0.57227901
0.57273655
0.57334431
0.57411784
0.57506642
0.57619244
0.57749159
0.57895352
0.58056287
0.58230062
0.58414533
0.5860744
0.58806514
0.59009561
0.59214528
0.59419549
0.59622968
0.59823354
0.60019499
0.60210409
0.60395292
0.60573539
0.60744703
0.6090848
0.61064689
0.61213255
0.61354187
0.61487567
0.61613534
0.61732273
0.61844003
0.61948972
0.62047443
0.62139693
0.62226007
0.62306671
0.62381973
0.62452195
0.62517616
0.62578507
0.6263513
0.62687738
0.62736576
0.62781876
0.6282386
0.62862741
0.6289872
0.62931988
0.62962726
0.62991104
0.63017283
0.63041416
0.63063645
0.63084105
0.6310292
0.63120211
0.63136087
0.63150652
0.63164003
0.63176231
0.6318742
0.6319765
0.63206995
0.63215522
0.63223297
0.63230377
0.6323682
0.63242676
0.63247993
0.63252815
0.63257183
0.63261136
0.63264709
0.63267934
0.63270841
0.63273459
0.63275813
0.63277927
0.63279823
0.63281521
0.63283039
0.63284395
0.63285604
0.63286681
0.63287639
0.63288491
0.63289246
0.63289916
0.6329051
0.63291036
0.63291501
0.63291914
0.6329228
0.63292615
0.63292921
0.63293203
0.63293463
0.63293705
0.63293932
0.63294146
0.63294349
0.63294545
0.63294733
0.63294917
0.63295097
0.63295276
0.63295453
0.6329563
0.63295808
0.63295988
0.63296169
0.63296354
0.63296542
0.63296734
0.6329693
0.6329713
0.63297335
0.63297545
0.63297759
0.63297978
0.63298203
0.63298432
0.63298667
0.63298906
0.63299151
0.632994
0.63299654
0.63299913
0.63300176
0.63300444
0.63300716
0.63300992
0.63301272
0.63301557
0.63301845
0.63302136
0.63302431
0.6330273
0.63303031
0.63303336
0.63303643
0.63303953
0.63304266
0.63304581
0.63304898
0.63305218
0.63305539
0.63305862
0.63306188
0.63306515
0.63306843
0.63307173
0.63307504
0.63307837
0.6330817
0.63308505
0.63308841
0.63309177
0.63309515
0.63309853
0.63310192
0.63310531
0.63310871
0.63311212
0.63311553
0.63311894
0.63312236
0.63312578
0.63312921
0.63313263
0.63313606
0.63313949
0.63314293
0.63314636
0.6331498
0.63315324
0.63315669
0.63316013
0.63316358
0.63316702
0.63317047
0.63317392
0.63317737
0.63318082
0.63318426
0.63318771
0.63319116
0.6331946
0.57142857
0.57142863
0.57142931
0.571433
0.57144641
0.57148362
0.57156874
0.57173689
0.57203276
0.57250677
0.57320956
0.57418603
0.57547012
0.57708121
0.57902262
0.58128201
0.58383338
0.58664014
0.58965851
0.592841
0.59613935
0.59950705
0.60290111
0.60628321
0.60962038
0.61288515
0.61605543
0.61911413
0.62204871
0.62485055
0.62751443
0.63003792
0.63242086
0.63466495
0.63677326
0.63874992
0.64059985
0.64232846
0.64394152
0.64544493
0.64684468
0.64814668
0.64935674
0.65048048
0.65152335
0.65249053
0.65338697
0.65421737
0.65498616
0.65569754
0.65635545
0.65696357
0.65752539
0.65804414
0.65852286
0.65896439
0.65937138
0.65974631
0.66009148
0.66040904
0.660701
0.66096922
0.66121545
0.66144131
0.66164831
0.66183784
0.66201122
0.66216965
0.66231428
0.66244615
0.66256624
0.66267545
0.66277463
0.66286457
0.66294598
0.66301954
0.66308589
0.66314559
0.6631992
0.6632472
0.66329006
0.6633282
0.66336203
0.6633919
0.66341816
0.66344113
0.66346108
0.66347828
0.66349298
0.66350541
0.66351578
0.66352428
0.66353107
0.66353634
0.66354022
0.66354286
0.66354437
0.66354488
0.66354448
0.66354329
0.66354137
0.66353882
0.66353571
0.6635321
0.66352806
0.66352364
0.66351887
0.6635138
0.66350847
0.66350291
0.66349717
0.66349128
0.66348527
0.66347916
0.66347297
0.66346673
0.66346045
0.66345415
0.66344784
0.66344154
0.66343526
0.66342901
0.66342279
0.66341661
0.66341048
0.66340441
0.66339839
0.66339243
0.66338654
0.66338072
0.66337496
0.66336927
0.66336365
0.6633581
0.66335261
0.6633472
0.66334186
0.66333658
0.66333137
0.66332622
0.66332114
0.66331612
0.66331116
0.66330625
0.66330141
0.66329662
0.66329188
0.66328719
0.66328256
0.66327797
0.66327342
0.66326892
0.66326446
0.66326004
0.66325566
0.66325131
0.663247
0.66324272
0.66323848
0.66323426
0.66323007
0.66322591
0.66322177
0.66321766
0.66321357
0.6632095
0.66320545
0.66320142
0.66319741
0.66319341
0.66318944
0.66318547
0.66318152
0.66317759
0.66317367
0.66316975
0.66316586
0.66316197
0.66315809
0.66315422
0.66315036
0.66314651
0.66314267
0.66313883
0.66313501
0.66313118
0.66312737
0.66312356
0.66311976
0.66311597
0.66311218
0.6631084
0.66310462
0.66310085
0.66309708
0.66309332
0.66308956
0.66308581
0.66308206
0.66307831
0.57142868
0.57143159
0.57145008
0.57151616
0.57168703
0.57204433
0.5726861
0.57371335
0.57521498
0.57725469
0.57986259
0.58303254
0.58672475
0.59087226
0.59538942
0.60018079
0.60514916
0.61020197
0.61525581
0.62023919
0.62509362
0.62977362
0.63424586
0.63848779
0.64248606
0.64623484
0.64973432
0.65298925
0.65600773
0.6588002
0.66137858
0.66375566
0.66594457
0.66795839
0.66980991
0.67151142
0.6730746
0.67451042
0.67582915
0.67704031
0.67815273
0.67917452
0.68011314
0.68097543
0.68176768
0.68249561
0.68316448
0.68377909
0.68434382
0.68486268
0.68533936
0.68577721
0.68617932
0.68654849
0.68688733
0.6871982
0.6874833
0.68774462
0.68798401
0.68820317
0.68840367
0.68858694
0.68875432
0.68890704
0.68904622
0.68917292
0.6892881
0.68939266
0.68948742
0.68957315
0.68965056
0.6897203
0.68978298
0.68983915
0.68988934
0.68993403
0.68997367
0.69000865
0.69003937
0.69006617
0.69008939
0.69010931
0.69012622
0.69014038
0.69015202
0.69016136
0.69016861
0.69017394
0.69017754
0.69017955
0.69018013
0.69017941
0.69017751
0.69017454
0.69017062
0.69016583
0.69016026
0.69015399
0.6901471
0.69013966
0.69013171
0.69012333
0.69011456
0.69010545
0.69009606
0.6900863
0.69007621
0.69006583
0.69005521
0.69004439
0.6900334
0.69002227
0.69001103
0.68999969
0.68998829
0.68997685
0.68996537
0.68995388
0.68994238
0.6899309
0.68991944
0.68990801
0.68989662
0.68988527
0.68987397
0.68986273
0.68985154
0.68984042
0.68982936
0.68981837
0.68980745
0.6897966
0.68978582
0.6897751
0.68976446
0.68975389
0.68974338
0.68973294
0.68972257
0.68971227
0.68970203
0.68969185
0.68968173
0.68967168
0.68966168
0.68965173
0.68964184
0.68963201
0.68962222
0.68961248
0.68960279
0.68959315
0.68958355
0.68957399
0.68956447
0.68955498
0.68954554
0.68953613
0.68952675
0.68951741
0.68950809
0.68949881
0.68948955
0.68948032
0.68947111
0.68946193
0.68945277
0.68944364
0.68943452
0.68942543
0.68941635
0.68940729
0.68939825
0.68938923
0.68938022
0.68937123
0.68936225
0.68935329
0.68934434
0.6893354
0.68932648
0.68931756
0.68930866
0.68929977
0.68929089
0.68928201
0.68927315
0.68926429
0.68925545
0.68924661
0.68923778
0.68922896
0.68922014
0.68921134
0.68920254
0.68919375
0.68918497
0.6891762
0.68916743
0.68915867
0.57144126
0.57156181
0.5719644
0.57286143
0.5744578
0.57691114
0.58030571
0.58464298
0.58984736
0.59578276
0.60227445
0.60913148
0.61616586
0.62320685
0.63010986
0.63676041
0.64307442
0.64899578
0.65449252
0.65955234
0.66417817
0.66838401
0.67219149
0.67562696
0.67871926
0.68149808
0.6839927
0.6862312
0.68823996
0.69004333
0.69166352
0.69312062
0.69443262
0.69561558
0.69668371
0.69764962
0.6985244
0.69931785
0.70003857
0.70069413
0.70129121
0.70183569
0.70233273
0.70278693
0.70320234
0.70358255
0.70393078
0.70424986
0.70454236
0.70481056
0.70505652
0.70528209
0.70548895
0.70567862
0.70585247
0.70601176
0.70615765
0.70629116
0.70641328
0.70652486
0.70662673
0.70671963
0.70680424
0.7068812
0.70695109
0.70701445
0.70707178
0.70712354
0.70717016
0.70721204
0.70724953
0.70728298
0.70731271
0.70733901
0.70736214
0.70738237
0.70739991
0.70741499
0.7074278
0.70743854
0.70744736
0.70745444
0.70745991
0.70746391
0.70746657
0.707468
0.70746831
0.7074676
0.70746595
0.70746346
0.7074602
0.70745625
0.70745166
0.7074465
0.70744082
0.70743468
0.70742812
0.70742119
0.70741391
0.70740634
0.7073985
0.70739043
0.70738215
0.70737368
0.70736505
0.70735616
0.70734704
0.70733772
0.70732823
0.7073186
0.70730886
0.70729901
0.70728908
0.70727909
0.70726906
0.70725899
0.7072489
0.70723881
0.70722871
0.70721861
0.70720854
0.70719848
0.70718845
0.70717845
0.70716849
0.70715857
0.70714869
0.70713885
0.70712906
0.70711931
0.70710961
0.70709996
0.70709037
0.70708082
0.70707131
0.70706186
0.70705246
0.70704311
0.7070338
0.70702454
0.70701532
0.70700615
0.70699702
0.70698793
0.70697889
0.70696988
0.70696092
0.70695199
0.70694309
0.70693423
0.70692541
0.70691661
0.70690785
0.70689911
0.70689041
0.70688173
0.70687308
0.70686445
0.70685585
0.70684727
0.70683871
0.70683017
0.70682166
0.70681316
0.70680468
0.70679622
0.70678777
0.70677934
0.70677092
0.70676252
0.70675414
0.70674576
0.7067374
0.70672905
0.70672071
0.70671239
0.70670407
0.70669576
0.70668747
0.70667918
0.7066709
0.70666263
0.70665437
0.70664612
0.70663787
0.70662963
0.70662139
0.70661317
0.70660494
0.70659673
0.70658851
0.70658031
0.70657211
0.70656391
0.70655572
0.70654754
0.70653936
0.70653119
0.70652302
0.70651486
0.57282431
0.57648933
0.58216203
0.58947918
0.59801854
0.607343
0.6170389
0.62674429
0.63616576
0.64508423
0.65335231
0.66088576
0.66765201
0.6736578
0.67893762
0.68354372
0.68753815
0.69098676
0.693955
0.69650513
0.69869461
0.70057524
0.70219292
0.70358778
0.7047945
0.70584279
0.70675788
0.70756109
0.70827031
0.70890049
0.70946403
0.70997121
0.71043052
0.71084891
0.71123212
0.71158481
0.71191082
0.71221329
0.71249479
0.71275743
0.71300296
0.71323284
0.71344829
0.71365035
0.71383991
0.71401775
0.71418456
0.71434096
0.71448751
0.71462473
0.7147531
0.71487309
0.71498511
0.71508959
0.71518692
0.71527748
0.71536163
0.71543972
0.71551209
0.71557907
0.71564097
0.71569808
0.71575071
0.71579911
0.71584356
0.7158843
0.71592158
0.71595562
0.71598664
0.71601485
0.71604043
0.71606357
0.71608445
0.71610322
0.71612004
0.71613506
0.7161484
0.7161602
0.71617057
0.71617963
0.71618748
0.7161942
0.71619991
0.71620467
0.71620857
0.71621167
0.71621406
0.71621578
0.71621689
0.71621746
0.71621752
0.71621713
0.71621633
0.71621515
0.71621363
0.71621181
0.71620971
0.71620736
0.71620479
0.71620202
0.71619908
0.71619598
0.71619273
0.71618936
0.71618589
0.71618227
0.71617852
0.71617466
0.7161707
0.71616667
0.71616257
0.71615841
0.7161542
0.71614996
0.71614568
0.71614139
0.71613708
0.71613277
0.71612845
0.71612413
0.71611981
0.71611551
0.71611121
0.71610693
0.71610267
0.71609842
0.7160942
0.71608999
0.71608581
0.71608165
0.71607751
0.7160734
0.71606931
0.71606525
0.71606121
0.7160572
0.7160532
0.71604924
0.71604529
0.71604137
0.71603747
0.7160336
0.71602974
0.7160259
0.71602209
0.71601829
0.71601451
0.71601075
0.71600701
0.71600329
0.71599958
0.71599588
0.7159922
0.71598853
0.71598488
0.71598124
0.71597761
0.71597399
0.71597039
0.71596679
0.7159632
0.71595963
0.71595606
0.7159525
0.71594894
0.7159454
0.71594186
0.71593832
0.7159348
0.71593128
0.71592776
0.71592425
0.71592074
0.71591724
0.71591374
0.71591024
0.71590675
0.71590327
0.71589978
0.7158963
0.71589282
0.71588934
0.71588587
0.71588239
0.71587892
0.71587545
0.71587198
0.71586851
0.71586505
0.71586158
0.71585812
0.71585465
0.71585119
0.71584773
0.71584427
0.7158408
0.71583734
0.71583388
0.71583042
0.71582697
0.71408294
0.71389492
0.71373055
0.71359587
0.71349395
0.71342504
0.71338704
0.71337618
0.71338773
0.71341666
0.71345816
0.71350797
0.7135626
0.71361948
0.71367693
0.71373417
0.71379123
0.71384884
0.71390832
0.71397138
0.71403995
0.71411606
0.71420162
0.71429833
0.71440753
0.7145302
0.71466684
0.71481755
0.71498198
0.71515944
0.71534889
0.71554906
0.71575848
0.71597557
0.71619866
0.7164261
0.71665626
0.71688755
0.71711852
0.71734782
0.71757421
0.71779661
0.71801407
0.71822578
0.71843107
0.7186294
0.71882032
0.71900352
0.71917879
0.71934599
0.71950507
0.71965604
0.719799
0.71993405
0.72006138
0.72018118
0.72029369
0.72039917
0.72049789
0.72059013
0.72067617
0.72075633
0.72083089
0.72090014
0.72096439
0.7210239
0.72107897
0.72112985
0.72117682
0.72122012
0.72125998
0.72129665
0.72133033
0.72136124
0.72138957
0.7214155
0.72143922
0.72146089
0.72148066
0.72149869
0.72151509
0.72153002
0.72154357
0.72155587
0.72156702
0.72157711
0.72158624
0.72159449
0.72160193
0.72160864
0.72161467
0.72162011
0.72162499
0.72162937
0.72163331
0.72163683
0.72163999
0.72164283
0.72164536
0.72164764
0.72164968
0.72165151
0.72165315
0.72165463
0.72165599
0.72165726
0.72165844
0.72165955
0.72166059
0.72166157
0.72166251
0.72166341
0.72166428
0.72166512
0.72166594
0.72166674
0.72166753
0.72166832
0.72166909
0.72166987
0.72167065
0.72167143
0.72167221
0.72167301
0.72167381
0.72167462
0.72167544
0.72167627
0.72167712
0.72167797
0.72167884
0.72167973
0.72168063
0.72168154
0.72168246
0.7216834
0.72168435
0.72168532
0.7216863
0.72168729
0.72168829
0.72168931
0.72169034
0.72169138
0.72169243
0.72169349
0.72169456
0.72169563
0.72169672
0.72169782
0.72169893
0.72170004
0.72170116
0.72170229
0.72170342
0.72170456
0.72170571
0.72170686
0.72170801
0.72170917
0.72171034
0.72171151
0.72171268
0.72171385
0.72171503
0.72171621
0.72171739
0.72171858
0.72171976
0.72172095
0.72172214
0.72172333
0.72172452
0.72172571
0.7217269
0.72172809
0.72172928
0.72173047
0.72173166
0.72173285
0.72173405
0.72173524
0.72173642
0.72173761
0.7217388
0.72173999
0.72174118
0.72174236
0.72174355
0.72174473
0.72174592
0.7217471
0.72174828
0.72174946
0.72175064
0.72175182
0.72175299
0.72175417
0.72175534
0.72175651
0.71428542
0.71428488
0.71428416
0.71428334
0.71428249
0.71428168
0.71428098
0.71428042
0.71428004
0.7142799
0.71428015
0.71428114
0.71428351
0.71428836
0.71429735
0.71431279
0.71433758
0.71437515
0.71442924
0.71450366
0.71460202
0.71472751
0.71488262
0.71506907
0.71528768
0.71553834
0.71582012
0.71613129
0.7164695
0.71683187
0.71721516
0.71761591
0.71803054
0.71845549
0.71888729
0.71932265
0.71975849
0.72019201
0.72062069
0.72104231
0.72145492
0.72185691
0.72224691
0.72262384
0.72298683
0.72333526
0.72366869
0.72398687
0.72428969
0.7245772
0.72484953
0.72510693
0.72534973
0.72557831
0.72579313
0.72599467
0.72618344
0.72635998
0.72652485
0.7266786
0.72682179
0.72695497
0.72707869
0.7271935
0.7272999
0.7273984
0.7274895
0.72757367
0.72765135
0.72772298
0.72778896
0.72784968
0.72790552
0.72795682
0.72800391
0.7280471
0.72808669
0.72812294
0.72815612
0.72818647
0.7282142
0.72823954
0.72826267
0.72828378
0.72830303
0.72832059
0.7283366
0.72835119
0.72836449
0.72837662
0.72838768
0.72839777
0.72840699
0.72841541
0.72842311
0.72843017
0.72843664
0.7284426
0.72844809
0.72845316
0.72845786
0.72846223
0.72846631
0.72847014
0.72847381
0.72847735
0.72848079
0.72848412
0.72848738
0.72849057
0.7284937
0.72849678
0.72849982
0.72850282
0.72850581
0.72850877
0.72851173
0.72851467
0.72851761
0.72852056
0.7285235
0.72852646
0.72852942
0.72853239
0.72853538
0.72853839
0.72854141
0.72854444
0.7285475
0.72855057
0.72855367
0.72855678
0.72855991
0.72856307
0.72856624
0.72856943
0.72857264
0.72857587
0.72857912
0.72858239
0.72858568
0.72858898
0.7285923
0.72859563
0.72859899
0.72860235
0.72860574
0.72860913
0.72861254
0.72861596
0.72861939
0.72862284
0.7286263
0.72862976
0.72863324
0.72863672
0.72864022
0.72864372
0.72864723
0.72865075
0.72865427
0.7286578
0.72866134
0.72866488
0.72866842
0.72867197
0.72867553
0.72867908
0.72868265
0.72868621
0.72868978
0.72869335
0.72869692
0.7287005
0.72870407
0.72870765
0.72871123
0.72871481
0.72871839
0.72872197
0.72872555
0.72872914
0.72873272
0.7287363
0.72873989
0.72874348
0.72874706
0.72875065
0.72875424
0.72875783
0.72876142
0.72876501
0.7287686
0.72877219
0.72877578
0.72877937
0.72878296
0.72878655
0.72879013
0.72879372
0.71428571
0.71428571
0.71428571
0.71428571
0.7142857
0.7142857
0.71428571
0.71428576
0.71428598
0.7142867
0.71428864
0.71429323
0.71430284
0.71432107
0.71435281
0.71440417
0.71448217
0.71459423
0.71474766
0.71494907
0.71520386
0.71551585
0.71588708
0.71631775
0.71680629
0.71734952
0.71794299
0.71858117
0.71925786
0.7199664
0.72069997
0.72145182
0.72221542
0.72298463
0.72375379
0.72451779
0.72527206
0.72601266
0.72673622
0.7274399
0.72812141
0.72877894
0.72941111
0.73001696
0.73059585
0.73114746
0.73167176
0.7321689
0.73263927
0.73308338
0.73350189
0.73389557
0.73426524
0.73461183
0.73493626
0.73523951
0.73552258
0.73578645
0.73603211
0.73626054
0.7364727
0.73666952
0.7368519
0.73702073
0.73717684
0.73732104
0.73745412
0.7375768
0.73768979
0.73779376
0.73788933
0.7379771
0.73805764
0.73813147
0.73819909
0.73826097
0.73831754
0.73836922
0.73841639
0.73845941
0.7384986
0.73853428
0.73856675
0.73859626
0.73862307
0.73864741
0.73866949
0.73868951
0.73870766
0.7387241
0.738739
0.73875249
0.7387647
0.73877577
0.7387858
0.7387949
0.73880316
0.73881066
0.73881749
0.73882373
0.73882943
0.73883465
0.73883946
0.7388439
0.73884813
0.73885217
0.73885603
0.73885974
0.73886333
0.73886681
0.7388702
0.73887352
0.73887678
0.73887999
0.73888317
0.73888632
0.73888945
0.73889258
0.7388957
0.73889883
0.73890197
0.73890512
0.73890829
0.73891149
0.7389147
0.73891795
0.73892122
0.73892452
0.73892786
0.73893122
0.73893462
0.73893806
0.73894153
0.73894503
0.73894856
0.73895213
0.73895573
0.73895937
0.73896304
0.73896673
0.73897046
0.73897422
0.73897801
0.73898182
0.73898566
0.73898953
0.73899342
0.73899734
0.73900127
0.73900524
0.73900922
0.73901322
0.73901724
0.73902128
0.73902534
0.73902941
0.7390335
0.7390376
0.73904172
0.73904585
0.73904999
0.73905414
0.73905831
0.73906248
0.73906666
0.73907086
0.73907506
0.73907927
0.73908348
0.7390877
0.73909193
0.73909617
0.73910041
0.73910465
0.7391089
0.73911315
0.73911741
0.73912167
0.73912593
0.7391302
0.73913447
0.73913874
0.73914301
0.73914729
0.73915157
0.73915585
0.73916013
0.73916442
0.73916871
0.739173
0.7391773
0.73918159
0.73918589
0.73919019
0.73919449
0.73919879
0.73920309
0.7392074
0.7392117
0.739216
0.71428571
0.71428571
0.71428571
0.71428571
0.71428572
0.71428573
0.71428582
0.71428619
0.71428747
0.71429111
0.71429998
0.71431895
0.71435536
0.71441908
0.71452218
0.71467809
0.71490053
0.71520228
0.71559409
0.71608379
0.71667577
0.71737082
0.71816625
0.71905628
0.7200326
0.72108498
0.72220191
0.7233712
0.72458049
0.72581766
0.72707124
0.72833054
0.72958591
0.73082878
0.73205168
0.73324828
0.73441329
0.73554242
0.73663232
0.73768043
0.73868497
0.73964477
0.74055924
0.74142827
0.74225214
0.74303148
0.7437672
0.74446041
0.74511241
0.74572464
0.74629862
0.74683595
0.74733827
0.74780723
0.74824449
0.74865171
0.74903049
0.74938244
0.74970908
0.75001193
0.75029241
0.75055193
0.7507918
0.75101329
0.75121761
0.75140591
0.75157928
0.75173875
0.7518853
0.75201984
0.75214323
0.75225629
0.75235978
0.75245443
0.75254089
0.75261979
0.75269173
0.75275725
0.75281685
0.75287102
0.75292019
0.75296477
0.75300515
0.75304169
0.7530747
0.75310449
0.75313135
0.75315553
0.75317728
0.75319681
0.75321433
0.75323003
0.75324408
0.75325664
0.75326786
0.75327788
0.7532868
0.75329476
0.75330185
0.75330816
0.75331379
0.7533188
0.75332328
0.75332729
0.75333103
0.75333448
0.75333769
0.75334069
0.75334351
0.75334617
0.75334871
0.75335115
0.7533535
0.75335578
0.75335802
0.75336022
0.75336241
0.75336458
0.75336675
0.75336893
0.75337112
0.75337334
0.75337559
0.75337787
0.75338019
0.75338254
0.75338494
0.75338739
0.75338988
0.75339243
0.75339502
0.75339766
0.75340035
0.7534031
0.75340589
0.75340873
0.75341162
0.75341456
0.75341755
0.75342058
0.75342366
0.75342678
0.75342994
0.75343315
0.75343639
0.75343968
0.753443
0.75344635
0.75344974
0.75345316
0.75345661
0.7534601
0.75346361
0.75346714
0.75347071
0.75347429
0.7534779
0.75348154
0.75348519
0.75348886
0.75349255
0.75349626
0.75349998
0.75350372
0.75350747
0.75351124
0.75351502
0.75351881
0.75352261
0.75352642
0.75353024
0.75353407
0.7535379
0.75354175
0.7535456
0.75354946
0.75355332
0.75355719
0.75356107
0.75356494
0.75356883
0.75357272
0.75357661
0.7535805
0.7535844
0.75358831
0.75359221
0.75359613
0.75360004
0.75360396
0.75360788
0.7536118
0.75361573
0.75361966
0.75362359
0.75362752
0.75363145
0.75363538
0.75363932
0.75364325
0.71428571
0.71428571
0.71428571
0.71428572
0.71428573
0.71428585
0.71428644
0.71428863
0.71429523
0.71431188
0.71434825
0.71441877
0.71454253
0.71474214
0.71504179
0.7154648
0.71603132
0.71675632
0.71764842
0.71870939
0.71993442
0.72131292
0.72282967
0.72446607
0.72620149
0.72801441
0.72988337
0.73178784
0.73370869
0.73562863
0.73753239
0.73940681
0.74124081
0.74302531
0.74475305
0.74641846
0.74801747
0.74954728
0.75100626
0.75239367
0.75370963
0.75495487
0.75613065
0.75723869
0.758281
0.75925985
0.76017768
0.76103707
0.76184066
0.76259111
0.7632911
0.76394328
0.76455026
0.76511458
0.76563871
0.76612503
0.76657584
0.76699335
0.76737965
0.76773676
0.76806657
0.76837092
0.7686515
0.76890994
0.76914777
0.76936643
0.76956729
0.76975161
0.7699206
0.77007537
0.77021699
0.77034643
0.77046461
0.7705724
0.7706706
0.77075995
0.77084116
0.77091486
0.77098167
0.77104215
0.77109681
0.77114614
0.77119059
0.77123056
0.77126646
0.77129862
0.77132738
0.77135305
0.7713759
0.77139619
0.77141415
0.77143002
0.77144398
0.77145622
0.77146692
0.77147623
0.77148428
0.77149122
0.77149717
0.77150222
0.77150648
0.77151005
0.771513
0.77151548
0.77151757
0.77151929
0.7715207
0.77152184
0.77152275
0.77152346
0.77152402
0.77152444
0.77152476
0.771525
0.77152518
0.77152532
0.77152543
0.77152554
0.77152564
0.77152576
0.77152591
0.77152608
0.7715263
0.77152656
0.77152687
0.77152723
0.77152766
0.77152814
0.77152869
0.77152931
0.77152998
0.77153073
0.77153154
0.77153243
0.77153337
0.77153438
0.77153546
0.7715366
0.77153781
0.77153907
0.7715404
0.77154178
0.77154322
0.77154471
0.77154626
0.77154785
0.7715495
0.77155119
0.77155292
0.7715547
0.77155652
0.77155838
0.77156028
0.77156222
0.77156418
0.77156618
0.77156821
0.77157027
0.77157236
0.77157447
0.77157661
0.77157877
0.77158095
0.77158315
0.77158537
0.77158761
0.77158986
0.77159213
0.77159442
0.77159672
0.77159903
0.77160136
0.77160369
0.77160604
0.77160839
0.77161076
0.77161313
0.77161551
0.7716179
0.77162029
0.77162269
0.7716251
0.77162751
0.77162993
0.77163235
0.77163478
0.77163721
0.77163965
0.77164209
0.77164454
0.77164699
0.77164944
0.7716519
0.77165436
0.77165682
0.77165929
0.77166175
0.77166422
0.77166669
0.77166915
0.71428571
0.71428571
0.71428572
0.71428573
0.71428588
0.71428677
0.71429043
0.71430213
0.71433277
0.71440108
0.71453462
0.71476881
0.71514387
0.71570036
0.71647432
0.71749308
0.71877249
0.72031577
0.72211399
0.72414773
0.72638941
0.72880596
0.73136137
0.73401891
0.73674298
0.73950035
0.7422611
0.74499907
0.74769205
0.75032171
0.75287341
0.75533584
0.75770069
0.75996226
0.76211703
0.76416336
0.7661011
0.76793135
0.76965616
0.77127833
0.77280123
0.7742286
0.77556448
0.77681306
0.77797863
0.77906549
0.78007789
0.78102001
0.78189592
0.78270957
0.78346475
0.78416509
0.78481406
0.78541498
0.78597097
0.78648501
0.78695991
0.78739832
0.78780274
0.78817551
0.78851885
0.78883482
0.78912538
0.78939234
0.78963742
0.78986219
0.79006816
0.79025673
0.79042918
0.79058674
0.79073053
0.79086161
0.79098096
0.7910895
0.79118807
0.79127746
0.79135841
0.7914316
0.79149766
0.79155717
0.79161069
0.79165871
0.7917017
0.79174009
0.79177428
0.79180464
0.7918315
0.79185519
0.79187598
0.79189415
0.79190994
0.79192358
0.79193527
0.79194521
0.79195356
0.79196049
0.79196615
0.79197067
0.79197417
0.79197677
0.79197856
0.79197964
0.7919801
0.79198012
0.79197966
0.79197878
0.79197755
0.79197601
0.79197421
0.79197219
0.79196999
0.79196765
0.79196519
0.79196264
0.79196002
0.79195736
0.79195468
0.79195199
0.7919493
0.79194664
0.79194401
0.79194141
0.79193887
0.79193638
0.79193395
0.79193159
0.7919293
0.79192709
0.79192495
0.79192288
0.7919209
0.79191899
0.79191717
0.79191542
0.79191376
0.79191217
0.79191066
0.79190922
0.79190786
0.79190657
0.79190535
0.7919042
0.79190311
0.79190209
0.79190114
0.79190024
0.7918994
0.79189861
0.79189788
0.7918972
0.79189657
0.79189599
0.79189545
0.79189495
0.7918945
0.79189408
0.7918937
0.79189335
0.79189303
0.79189275
0.7918925
0.79189227
0.79189207
0.79189189
0.79189174
0.79189161
0.7918915
0.79189141
0.79189133
0.79189128
0.79189123
0.79189121
0.7918912
0.7918912
0.79189121
0.79189123
0.79189127
0.79189131
0.79189137
0.79189143
0.7918915
0.79189158
0.79189167
0.79189176
0.79189186
0.79189196
0.79189208
0.79189219
0.79189232
0.79189244
0.79189258
0.79189271
0.79189286
0.791893
0.79189315
0.7918933
0.79189346
0.79189361
0.79189377
0.79189392
0.71428571
0.71428571
0.71428573
0.7142859
0.71428718
0.71429315
0.71431368
0.71436962
0.71449665
0.71474606
0.71518101
0.71586897
0.71687223
0.71823908
0.71999757
0.72215294
0.72468832
0.72756823
0.73074336
0.73415599
0.73774494
0.7414497
0.74521355
0.74898561
0.75272201
0.75638623
0.75994904
0.76338796
0.76668656
0.76983366
0.77282251
0.77564997
0.77831584
0.7808222
0.78317283
0.78537282
0.78742813
0.78934533
0.79113133
0.79279318
0.79433796
0.79577265
0.79710405
0.79833873
0.79948298
0.80054279
0.80152385
0.80243154
0.80327092
0.80404674
0.80476345
0.80542525
0.80603603
0.80659943
0.80711886
0.80759749
0.80803827
0.80844397
0.80881714
0.80916017
0.80947528
0.80976454
0.81002987
0.81027306
0.81049577
0.81069954
0.81088582
0.81105593
0.81121111
0.81135252
0.81148122
0.81159821
0.81170441
0.81180067
0.81188778
0.81196648
0.81203746
0.81210134
0.8121587
0.81221009
0.81225601
0.81229692
0.81233325
0.81236539
0.81239371
0.81241855
0.81244021
0.81245899
0.81247514
0.81248892
0.81250053
0.8125102
0.8125181
0.81252442
0.81252931
0.81253291
0.81253536
0.81253678
0.81253728
0.81253697
0.81253594
0.81253426
0.81253203
0.81252938
0.81252626
0.81252271
0.8125188
0.81251458
0.8125101
0.8125054
0.81250053
0.8124955
0.81249037
0.81248514
0.81247986
0.81247453
0.81246919
0.81246384
0.8124585
0.81245318
0.8124479
0.81244267
0.81243749
0.81243237
0.81242731
0.81242233
0.81241742
0.8124126
0.81240785
0.81240318
0.8123986
0.8123941
0.81238969
0.81238536
0.81238111
0.81237695
0.81237287
0.81236886
0.81236494
0.81236109
0.81235731
0.81235361
0.81234998
0.81234642
0.81234292
0.81233948
0.81233611
0.81233279
0.81232953
0.81232633
0.81232317
0.81232007
0.81231701
0.812314
0.81231103
0.8123081
0.81230521
0.81230236
0.81229954
0.81229676
0.812294
0.81229128
0.81228858
0.81228591
0.81228327
0.81228064
0.81227805
0.81227547
0.81227291
0.81227037
0.81226784
0.81226534
0.81226285
0.81226037
0.81225791
0.81225545
0.81225302
0.81225059
0.81224817
0.81224577
0.81224337
0.81224098
0.8122386
0.81223623
0.81223387
0.81223151
0.81222916
0.81222681
0.81222447
0.81222214
0.81221981
0.81221749
0.81221517
0.81221286
0.81221055
0.81220824
0.81220594
0.81220364
0.81220134
0.81219905
0.71428571
0.71428572
0.7142859
0.71428765
0.71429733
0.71433352
0.71443627
0.71467311
0.71513728
0.71593646
0.71717535
0.71893749
0.72127161
0.72418547
0.7276472
0.73159233
0.73593388
0.740573
0.74540854
0.75034436
0.75529441
0.76018549
0.76495826
0.76956696
0.77397833
0.77816997
0.78212863
0.78584844
0.78932934
0.7925756
0.79559468
0.79839622
0.80099126
0.80339161
0.80560943
0.80765683
0.80954567
0.81128738
0.81289282
0.81437227
0.81573535
0.81699103
0.81814766
0.81921297
0.82019408
0.82109759
0.82192956
0.82269557
0.82340078
0.82404989
0.82464728
0.82519694
0.82570255
0.82616752
0.82659497
0.82698777
0.8273486
0.82767988
0.8279839
0.82826273
0.82851832
0.82875243
0.82896671
0.8291627
0.82934181
0.82950533
0.82965447
0.82979036
0.82991403
0.83002643
0.83012846
0.83022094
0.83030462
0.83038021
0.83044836
0.83050968
0.83056473
0.83061401
0.83065801
0.83069717
0.8307319
0.83076258
0.83078955
0.83081313
0.83083363
0.83085131
0.83086643
0.83087921
0.83088989
0.83089864
0.83090565
0.83091109
0.83091512
0.83091786
0.83091945
0.83092001
0.83091964
0.83091845
0.83091652
0.83091394
0.83091078
0.8309071
0.83090298
0.8308985
0.83089358
0.83088828
0.83088267
0.83087677
0.83087065
0.83086433
0.83085785
0.83085125
0.83084454
0.83083776
0.83083093
0.83082407
0.83081719
0.83081031
0.83080345
0.83079661
0.8307898
0.83078304
0.83077633
0.83076969
0.8307631
0.83075658
0.83075013
0.83074376
0.83073746
0.83073124
0.8307251
0.83071904
0.83071305
0.83070715
0.83070132
0.83069557
0.83068989
0.83068429
0.83067876
0.83067331
0.83066792
0.8306626
0.83065735
0.83065215
0.83064702
0.83064195
0.83063694
0.83063198
0.83062707
0.83062221
0.8306174
0.83061264
0.83060792
0.83060325
0.83059861
0.83059401
0.83058945
0.83058493
0.83058043
0.83057597
0.83057154
0.83056713
0.83056276
0.8305584
0.83055407
0.83054976
0.83054548
0.83054121
0.83053696
0.83053274
0.83052852
0.83052433
0.83052014
0.83051597
0.83051182
0.83050768
0.83050355
0.83049943
0.83049532
0.83049122
0.83048713
0.83048305
0.83047898
0.83047492
0.83047086
0.83046681
0.83046277
0.83045873
0.8304547
0.83045068
0.83044666
0.83044264
0.83043863
0.83043462
0.83043062
0.83042662
0.83042263
0.83041864
0.83041465
0.83041067
0.71428572
0.71428585
0.71428812
0.71430391
0.71436941
0.71456319
0.71501327
0.71588476
0.71734977
0.71955087
0.72257161
0.72642221
0.73104198
0.73631416
0.74208678
0.74819387
0.75447313
0.76077841
0.76698691
0.7730019
0.77875226
0.78419001
0.78928679
0.79403002
0.79841927
0.80246296
0.8061756
0.80957564
0.81268372
0.8155214
0.81811026
0.82047126
0.82262433
0.82458816
0.82638002
0.82801578
0.82950989
0.83087549
0.83212444
0.83326746
0.83431418
0.83527329
0.83615262
0.8369592
0.83769938
0.83837888
0.83900287
0.83957602
0.84010255
0.84058633
0.84103082
0.84143921
0.8418144
0.84215901
0.84247549
0.84276602
0.84303265
0.84327724
0.8435015
0.843707
0.8438952
0.84406744
0.84422494
0.84436885
0.84450022
0.84462003
0.84472916
0.84482846
0.84491869
0.84500057
0.84507475
0.84514185
0.84520242
0.845257
0.84530606
0.84535005
0.84538939
0.84542446
0.84545562
0.84548319
0.84550747
0.84552874
0.84554727
0.84556329
0.84557703
0.84558867
0.84559842
0.84560644
0.8456129
0.84561793
0.84562168
0.84562426
0.84562579
0.84562638
0.84562612
0.84562509
0.84562338
0.84562106
0.84561819
0.84561484
0.84561107
0.84560691
0.84560244
0.84559766
0.84559253
0.84558709
0.8455814
0.84557549
0.84556939
0.84556315
0.84555677
0.8455503
0.84554375
0.84553714
0.84553049
0.84552382
0.84551714
0.84551046
0.8455038
0.84549716
0.84549055
0.84548398
0.84547745
0.84547097
0.84546455
0.84545818
0.84545187
0.84544562
0.84543944
0.84543332
0.84542727
0.84542128
0.84541535
0.84540949
0.8454037
0.84539797
0.8453923
0.8453867
0.84538115
0.84537566
0.84537023
0.84536486
0.84535954
0.84535427
0.84534905
0.84534388
0.84533876
0.84533368
0.84532865
0.84532366
0.84531871
0.84531379
0.84530892
0.84530407
0.84529927
0.84529449
0.84528974
0.84528502
0.84528033
0.84527567
0.84527103
0.84526641
0.84526182
0.84525724
0.84525269
0.84524815
0.84524363
0.84523913
0.84523465
0.84523018
0.84522572
0.84522128
0.84521684
0.84521243
0.84520802
0.84520362
0.84519923
0.84519486
0.84519049
0.84518613
0.84518178
0.84517743
0.8451731
0.84516877
0.84516444
0.84516013
0.84515581
0.8451515
0.8451472
0.8451429
0.84513861
0.84513432
0.84513003
0.84512575
0.84512148
0.8451172
0.84511293
0.84510866
0.84510439
0.84510013
0.71428575
0.71428832
0.71431482
0.71444069
0.71482736
0.7157191
0.71739511
0.72009707
0.72396535
0.72900763
0.7351046
0.74204274
0.74955817
0.75737821
0.76525275
0.77297322
0.78038028
0.78736336
0.79385515
0.79982378
0.80526445
0.81019168
0.81463282
0.81862278
0.82220018
0.82540451
0.82827428
0.83084584
0.83315267
0.83522513
0.83709035
0.8387724
0.84029245
0.84166904
0.84291836
0.84405449
0.84508971
0.8460347
0.84689876
0.84769002
0.84841558
0.84908168
0.84969382
0.85025685
0.85077508
0.85125233
0.85169203
0.85209727
0.8524708
0.85281514
0.85313257
0.85342515
0.85369477
0.85394316
0.85417192
0.8543825
0.85457625
0.85475442
0.85491816
0.85506853
0.85520652
0.85533304
0.85544894
0.85555502
0.855652
0.85574057
0.85582135
0.85589495
0.8559619
0.85602272
0.85607787
0.8561278
0.85617292
0.8562136
0.85625019
0.85628303
0.85631241
0.85633863
0.85636193
0.85638255
0.85640073
0.85641668
0.85643057
0.85644259
0.8564529
0.85646165
0.85646899
0.85647503
0.85647991
0.85648372
0.85648657
0.85648855
0.85648974
0.85649023
0.85649008
0.85648936
0.85648813
0.85648645
0.85648436
0.8564819
0.85647913
0.85647608
0.85647284
0.8564693
0.85646551
0.85646149
0.85645729
0.85645292
0.85644842
0.85644381
0.8564391
0.85643432
0.85642949
0.85642462
0.85641971
0.8564148
0.85640987
0.85640495
0.85640004
0.85639515
0.85639028
0.85638545
0.85638064
0.85637588
0.85637115
0.85636647
0.85636184
0.85635725
0.8563527
0.85634821
0.85634377
0.85633937
0.85633503
0.85633073
0.85632648
0.85632228
0.85631813
0.85631402
0.85630996
0.85630594
0.85630197
0.85629804
0.85629415
0.85629029
0.85628648
0.8562827
0.85627896
0.85627525
0.85627157
0.85626792
0.85626431
0.85626072
0.85625716
0.85625363
0.85625012
0.85624663
0.85624317
0.85623973
0.85623631
0.8562329
0.85622952
0.85622615
0.8562228
0.85621947
0.85621615
0.85621284
0.85620955
0.85620627
0.856203
0.85619974
0.85619649
0.85619326
0.85619003
0.85618681
0.85618359
0.85618039
0.85617719
0.856174
0.85617082
0.85616764
0.85616447
0.85616131
0.85615815
0.85615499
0.85615184
0.85614869
0.85614555
0.85614241
0.85613927
0.85613614
0.85613301
0.85612988
0.85612676
0.85612363
0.85612052
0.8561174
0.85611428
0.85611117
0.85610806
0.85610495
0.71428734
0.71433385
0.71460597
0.71546294
0.7173661
0.72072677
0.72576758
0.73246057
0.74055125
0.74963785
0.75926487
0.76900103
0.77848854
0.78746398
0.79575805
0.80328278
0.81001359
0.81597085
0.82120384
0.82577795
0.82976539
0.83323872
0.83626689
0.83891291
0.84123284
0.84327553
0.84508294
0.84669065
0.84812858
0.84942171
0.85059081
0.85165307
0.85262271
0.85351149
0.85432911
0.85508367
0.85578187
0.85642935
0.85703085
0.85759041
0.85811149
0.85859708
0.85904981
0.859472
0.85986572
0.86023285
0.86057507
0.86089396
0.86119096
0.86146742
0.86172458
0.86196362
0.86218566
0.86239174
0.86258284
0.8627599
0.86292381
0.8630754
0.86321546
0.86334474
0.86346395
0.86357376
0.86367481
0.86376769
0.86385296
0.86393116
0.86400279
0.8640683
0.86412816
0.86418276
0.8642325
0.86427774
0.86431882
0.86435606
0.86438976
0.86442018
0.8644476
0.86447225
0.86449435
0.86451412
0.86453174
0.8645474
0.86456125
0.86457347
0.86458418
0.86459353
0.86460162
0.86460858
0.86461451
0.86461951
0.86462366
0.86462704
0.86462973
0.8646318
0.86463331
0.86463432
0.86463487
0.86463503
0.86463483
0.86463431
0.86463351
0.86463247
0.86463126
0.86462982
0.8646282
0.86462641
0.86462447
0.86462242
0.86462027
0.86461803
0.86461572
0.86461337
0.86461097
0.86460854
0.86460608
0.86460362
0.86460116
0.86459869
0.86459624
0.8645938
0.86459138
0.86458898
0.86458661
0.86458427
0.86458195
0.86457967
0.86457743
0.86457522
0.86457304
0.8645709
0.8645688
0.86456674
0.86456471
0.86456272
0.86456076
0.86455884
0.86455696
0.86455511
0.8645533
0.86455151
0.86454976
0.86454804
0.86454636
0.8645447
0.86454306
0.86454146
0.86453988
0.86453833
0.8645368
0.86453529
0.86453381
0.86453234
0.8645309
0.86452948
0.86452807
0.86452668
0.86452531
0.86452395
0.86452261
0.86452128
0.86451997
0.86451866
0.86451737
0.86451609
0.86451482
0.86451356
0.86451231
0.86451107
0.86450983
0.86450861
0.86450739
0.86450618
0.86450497
0.86450377
0.86450257
0.86450138
0.8645002
0.86449902
0.86449784
0.86449667
0.8644955
0.86449433
0.86449317
0.86449201
0.86449086
0.8644897
0.86448855
0.8644874
0.86448626
0.86448511
0.86448397
0.86448283
0.86448169
0.86448055
0.86447941
0.86447828
0.86447714
0.86447601
0.86447487
0.86447374
0.71436176
0.71510487
0.71740688
0.72199078
0.7291131
0.73851765
0.74957798
0.76151077
0.77356351
0.7851313
0.7958009
0.80534292
0.81367662
0.82082661
0.82688302
0.83196997
0.8362232
0.83977579
0.84274998
0.84525324
0.84737714
0.84919792
0.85077778
0.85216676
0.8534045
0.85452208
0.85554355
0.85648733
0.85736739
0.85819421
0.85897556
0.85971716
0.86042316
0.86109658
0.8617396
0.86235378
0.86294029
0.86350002
0.86403368
0.86454189
0.86502522
0.86548422
0.86591946
0.86633154
0.86672108
0.86708875
0.86743524
0.86776129
0.86806763
0.86835506
0.86862435
0.8688763
0.86911171
0.86933138
0.86953609
0.86972663
0.86990375
0.8700682
0.8702207
0.87036196
0.87049265
0.87061342
0.8707249
0.87082768
0.87092234
0.87100941
0.87108941
0.87116282
0.87123012
0.87129173
0.87134807
0.87139952
0.87144645
0.87148919
0.87152807
0.87156338
0.87159541
0.87162441
0.87165063
0.87167429
0.87169561
0.87171478
0.87173199
0.87174739
0.87176115
0.87177341
0.87178431
0.87179397
0.87180249
0.87181
0.87181658
0.87182233
0.87182732
0.87183163
0.87183533
0.87183849
0.87184115
0.87184338
0.87184522
0.87184672
0.87184791
0.87184883
0.8718496
0.87185017
0.87185057
0.87185083
0.87185097
0.871851
0.87185094
0.87185081
0.87185062
0.87185038
0.87185011
0.87184981
0.8718495
0.87184918
0.87184885
0.87184853
0.87184821
0.87184791
0.87184763
0.87184737
0.87184713
0.87184691
0.87184673
0.87184657
0.87184644
0.87184635
0.87184628
0.87184625
0.87184625
0.87184628
0.87184635
0.87184645
0.87184658
0.87184674
0.87184694
0.87184716
0.87184741
0.87184769
0.871848
0.87184834
0.8718487
0.87184909
0.8718495
0.87184994
0.8718504
0.87185088
0.87185138
0.8718519
0.87185244
0.871853
0.87185358
0.87185417
0.87185477
0.87185539
0.87185603
0.87185668
0.87185734
0.87185801
0.87185869
0.87185939
0.87186009
0.8718608
0.87186152
0.87186225
0.87186299
0.87186373
0.87186448
0.87186524
0.871866
0.87186676
0.87186753
0.87186831
0.87186909
0.87186987
0.87187066
0.87187145
0.87187224
0.87187304
0.87187383
0.87187463
0.87187544
0.87187624
0.87187705
0.87187786
0.87187867
0.87187948
0.8718803
0.87188111
0.87188193
0.87188275
0.87188357
0.87188439
0.87188521
0.87188603
0.87188685
0.87188767
0.87188849
0.87188931
0.71767966
0.72664007
0.73959963
0.7547619
0.77048617
0.78551969
0.79906766
0.81074652
0.82048079
0.82839142
0.83470238
0.83967441
0.84356425
0.8466032
0.84898851
0.85088224
0.85241396
0.85368505
0.85477331
0.8557373
0.85662021
0.85745305
0.85825741
0.85904759
0.85983242
0.86061667
0.86140216
0.86218868
0.86297463
0.86375754
0.86453452
0.86530248
0.86605837
0.86679931
0.86752269
0.86822621
0.86890792
0.86956623
0.87019987
0.87080793
0.87138977
0.87194503
0.87247361
0.87297559
0.87345128
0.8739011
0.87432563
0.87472555
0.87510162
0.87545468
0.8757856
0.87609532
0.87638475
0.87665486
0.8769066
0.87714091
0.87735873
0.87756097
0.87774851
0.87792224
0.87808297
0.87823152
0.87836865
0.87849512
0.87861161
0.87871879
0.87881732
0.87890778
0.87899075
0.87906676
0.87913633
0.87919992
0.87925798
0.87931094
0.87935918
0.87940307
0.87944296
0.87947917
0.87951199
0.8795417
0.87956855
0.8795928
0.87961465
0.87963432
0.879652
0.87966786
0.87968207
0.87969478
0.87970612
0.87971622
0.87972521
0.87973319
0.87974025
0.8797465
0.87975202
0.87975687
0.87976114
0.87976488
0.87976816
0.87977102
0.87977353
0.87977575
0.87977777
0.87977958
0.87978122
0.87978269
0.87978404
0.87978527
0.87978641
0.87978748
0.87978848
0.87978943
0.87979035
0.87979124
0.87979211
0.87979298
0.87979385
0.87979472
0.8797956
0.8797965
0.87979742
0.87979837
0.87979934
0.87980034
0.87980137
0.87980244
0.87980354
0.87980467
0.87980584
0.87980705
0.87980829
0.87980957
0.87981089
0.87981224
0.87981363
0.87981505
0.87981651
0.879818
0.87981952
0.87982108
0.87982266
0.87982428
0.87982592
0.8798276
0.8798293
0.87983102
0.87983277
0.87983455
0.87983634
0.87983816
0.87984
0.87984186
0.87984374
0.87984564
0.87984755
0.87984948
0.87985142
0.87985338
0.87985535
0.87985733
0.87985933
0.87986134
0.87986335
0.87986538
0.87986742
0.87986946
0.87987152
0.87987358
0.87987564
0.87987772
0.8798798
0.87988188
0.87988397
0.87988607
0.87988817
0.87989027
0.87989237
0.87989449
0.8798966
0.87989871
0.87990083
0.87990295
0.87990508
0.8799072
0.87990933
0.87991146
0.8799136
0.87991573
0.87991787
0.87992001
0.87992215
0.87992429
0.87992643
0.87992857
0.87993072
0.87993286
0.879935
0.87993715
0.87993929
0.87994143
0.85694596
0.8567838
0.85667079
0.8566096
0.856594
0.85661302
0.85665488
0.85670981
0.85677182
0.85683959
0.85691654
0.85701042
0.85713223
0.85729482
0.85751133
0.85779373
0.85815164
0.85859165
0.85911691
0.85972725
0.86041944
0.86118771
0.86202434
0.86292023
0.86386547
0.86484982
0.8658631
0.86689553
0.86793794
0.86898193
0.87001996
0.87104541
0.87205255
0.87303654
0.87399339
0.87491987
0.87581347
0.8766723
0.87749506
0.87828093
0.87902952
0.87974081
0.88041509
0.8810529
0.881655
0.88222233
0.88275595
0.88325702
0.8837268
0.88416658
0.88457769
0.88496149
0.88531932
0.88565252
0.88596242
0.8862503
0.88651743
0.88676502
0.88699426
0.88720628
0.88740217
0.88758297
0.88774966
0.88790319
0.88804445
0.8881743
0.88829352
0.88840288
0.88850309
0.88859481
0.88867868
0.88875528
0.88882517
0.88888885
0.88894683
0.88899953
0.88904739
0.8890908
0.88913012
0.88916568
0.88919781
0.88922679
0.88925289
0.88927637
0.88929745
0.88931635
0.88933327
0.88934838
0.88936186
0.88937385
0.88938451
0.88939397
0.88940233
0.88940972
0.88941623
0.88942196
0.88942699
0.8894314
0.88943525
0.88943861
0.88944155
0.88944422
0.88944661
0.88944875
0.88945068
0.88945242
0.889454
0.88945546
0.8894568
0.88945806
0.88945925
0.88946038
0.88946147
0.88946253
0.88946358
0.88946462
0.88946567
0.88946672
0.88946779
0.88946888
0.88947
0.88947116
0.88947234
0.88947357
0.88947483
0.88947614
0.88947749
0.88947888
0.88948032
0.88948181
0.88948334
0.88948492
0.88948654
0.88948821
0.88948992
0.88949168
0.88949348
0.88949532
0.8894972
0.88949912
0.88950108
0.88950308
0.88950511
0.88950718
0.88950928
0.88951141
0.88951357
0.88951577
0.88951799
0.88952024
0.88952251
0.88952481
0.88952713
0.88952947
0.88953184
0.88953422
0.88953662
0.88953904
0.88954148
0.88954393
0.8895464
0.88954888
0.88955138
0.88955388
0.8895564
0.88955893
0.88956147
0.88956402
0.88956657
0.88956914
0.88957171
0.88957429
0.88957688
0.88957947
0.88958207
0.88958467
0.88958728
0.88958989
0.8895925
0.88959513
0.88959775
0.88960038
0.88960301
0.88960564
0.88960828
0.88961092
0.88961356
0.8896162
0.88961885
0.8896215
0.88962415
0.88962681
0.88962946
0.88963212
0.88963478
0.88963744
0.8896401
0.88964276
0.88964542
0.88964807
0.85714258
0.85714212
0.8571416
0.85714113
0.85714084
0.85714101
0.85714267
0.85714865
0.85716493
0.85720174
0.85727384
0.85739958
0.85759911
0.85789205
0.85829526
0.85882114
0.85947672
0.86026337
0.86117718
0.86220981
0.8633494
0.8645817
0.86589103
0.86726118
0.86867609
0.87012042
0.87157992
0.87304167
0.87449424
0.87592771
0.87733363
0.878705
0.88003615
0.88132261
0.88256099
0.88374887
0.88488465
0.88596746
0.88699702
0.88797358
0.88889781
0.88977072
0.89059358
0.89136789
0.89209532
0.89277765
0.89341674
0.89401451
0.89457291
0.89509387
0.89557932
0.89603118
0.89645128
0.89684146
0.89720345
0.89753895
0.8978496
0.89813693
0.89840245
0.89864757
0.89887363
0.89908193
0.89927366
0.89944998
0.89961196
0.89976063
0.89989693
0.90002177
0.900136
0.9002404
0.90033572
0.90042265
0.90050183
0.90057388
0.90063934
0.90069876
0.90075261
0.90080136
0.90084541
0.90088517
0.900921
0.90095322
0.90098216
0.90100811
0.90103132
0.90105204
0.9010705
0.90108691
0.90110147
0.90111434
0.90112569
0.90113567
0.90114442
0.90115206
0.90115871
0.90116448
0.90116945
0.90117372
0.90117737
0.90118047
0.90118309
0.90118543
0.90118744
0.90118915
0.90119061
0.90119186
0.90119292
0.90119383
0.90119461
0.9011953
0.9011959
0.90119644
0.90119694
0.90119741
0.90119786
0.90119831
0.90119877
0.90119924
0.90119974
0.90120026
0.90120083
0.90120143
0.90120208
0.90120277
0.90120352
0.90120432
0.90120517
0.90120608
0.90120705
0.90120807
0.90120915
0.90121028
0.90121148
0.90121273
0.90121403
0.90121539
0.9012168
0.90121826
0.90121977
0.90122133
0.90122294
0.90122459
0.90122629
0.90122803
0.90122981
0.90123163
0.90123349
0.90123539
0.90123732
0.90123928
0.90124127
0.9012433
0.90124535
0.90124743
0.90124953
0.90125166
0.90125381
0.90125599
0.90125818
0.9012604
0.90126263
0.90126488
0.90126714
0.90126942
0.90127172
0.90127403
0.90127635
0.90127868
0.90128102
0.90128338
0.90128574
0.90128811
0.90129049
0.90129288
0.90129527
0.90129767
0.90130008
0.90130249
0.90130491
0.90130734
0.90130976
0.9013122
0.90131463
0.90131707
0.90131952
0.90132197
0.90132442
0.90132687
0.90132933
0.90133179
0.90133426
0.90133672
0.90133919
0.90134166
0.90134414
0.90134661
0.90134908
0.90135156
0.90135404
0.90135651
0.85714286
0.85714286
0.85714286
0.85714288
0.85714316
0.85714482
0.85715156
0.85717204
0.857222
0.85732483
0.85750992
0.85780916
0.85825265
0.85886483
0.85966183
0.86065028
0.86182753
0.86318276
0.86469879
0.866354
0.86812416
0.86998407
0.87190888
0.87387499
0.87586073
0.87784678
0.87981627
0.88175489
0.88365074
0.88549419
0.88727769
0.88899552
0.89064358
0.89221914
0.89372068
0.89514765
0.89650031
0.8977796
0.89898698
0.90012433
0.90119386
0.90219798
0.90313931
0.90402055
0.90484447
0.90561387
0.90633151
0.90700016
0.9076225
0.90820116
0.90873867
0.90923749
0.90969998
0.91012839
0.91052488
0.9108915
0.91123021
0.91154285
0.91183117
0.91209683
0.91234139
0.91256633
0.91277303
0.91296278
0.91313682
0.91329629
0.91344226
0.91357573
0.91369766
0.9138089
0.91391029
0.91400258
0.91408649
0.91416269
0.91423178
0.91429434
0.91435091
0.91440198
0.914448
0.9144894
0.91452658
0.9145599
0.91458969
0.91461627
0.91463992
0.91466092
0.91467949
0.91469588
0.91471027
0.91472288
0.91473386
0.91474339
0.9147516
0.91475864
0.91476463
0.91476967
0.91477387
0.91477734
0.91478014
0.91478236
0.9147841
0.91478553
0.91478658
0.91478731
0.91478775
0.91478795
0.91478795
0.91478778
0.91478748
0.91478706
0.91478656
0.91478599
0.91478538
0.91478474
0.91478409
0.91478343
0.91478279
0.91478217
0.91478158
0.91478103
0.91478052
0.91478006
0.91477966
0.91477931
0.91477902
0.9147788
0.91477864
0.91477855
0.91477853
0.91477857
0.91477868
0.91477885
0.9147791
0.9147794
0.91477977
0.91478021
0.91478071
0.91478126
0.91478188
0.91478255
0.91478327
0.91478405
0.91478488
0.91478576
0.91478669
0.91478767
0.91478868
0.91478974
0.91479084
0.91479198
0.91479316
0.91479437
0.91479561
0.91479688
0.91479819
0.91479952
0.91480088
0.91480227
0.91480367
0.91480511
0.91480656
0.91480803
0.91480952
0.91481103
0.91481256
0.9148141
0.91481565
0.91481722
0.9148188
0.9148204
0.914822
0.91482362
0.91482524
0.91482688
0.91482852
0.91483017
0.91483182
0.91483349
0.91483516
0.91483683
0.91483852
0.9148402
0.9148419
0.91484359
0.91484529
0.914847
0.91484871
0.91485042
0.91485214
0.91485386
0.91485558
0.91485731
0.91485904
0.91486077
0.9148625
0.91486424
0.91486597
0.91486771
0.91486945
0.91487118
0.85714286
0.85714286
0.85714287
0.85714303
0.85714442
0.85715146
0.85717607
0.85724182
0.85738531
0.85765307
0.85809493
0.85875613
0.85967064
0.86085716
0.86231819
0.86404137
0.86600247
0.86816895
0.87050342
0.87296677
0.87552053
0.87812858
0.88075829
0.88338107
0.88597265
0.88851291
0.89098572
0.89337852
0.89568192
0.89788929
0.89999634
0.90200072
0.90390167
0.90569975
0.9073965
0.90899429
0.91049608
0.91190527
0.91322555
0.91446084
0.91561515
0.91669253
0.91769704
0.91863267
0.91950331
0.92031275
0.92106465
0.92176253
0.92240975
0.92300953
0.9235649
0.92407879
0.92455391
0.92499288
0.92539814
0.92577199
0.9261166
0.92643401
0.92672614
0.92699478
0.92724161
0.92746822
0.92767607
0.92786654
0.92804092
0.92820042
0.92834616
0.92847917
0.92860045
0.92871089
0.92881134
0.92890259
0.92898536
0.92906034
0.92912816
0.9291894
0.9292446
0.92929427
0.92933887
0.92937883
0.92941456
0.92944641
0.92947473
0.92949984
0.92952202
0.92954154
0.92955865
0.92957357
0.92958651
0.92959766
0.9296072
0.92961528
0.92962206
0.92962768
0.92963225
0.92963588
0.92963869
0.92964076
0.92964218
0.92964303
0.92964354
0.92964359
0.92964324
0.92964255
0.92964156
0.92964033
0.92963888
0.92963726
0.9296355
0.92963363
0.92963167
0.92962964
0.92962758
0.92962548
0.92962338
0.92962129
0.92961921
0.92961715
0.92961514
0.92961317
0.92961125
0.92960938
0.92960758
0.92960584
0.92960417
0.92960258
0.92960105
0.9295996
0.92959822
0.92959691
0.92959568
0.92959453
0.92959344
0.92959243
0.92959149
0.92959062
0.92958981
0.92958907
0.9295884
0.92958778
0.92958723
0.92958674
0.9295863
0.92958592
0.92958558
0.9295853
0.92958507
0.92958488
0.92958474
0.92958464
0.92958457
0.92958455
0.92958456
0.92958461
0.92958469
0.9295848
0.92958494
0.9295851
0.9295853
0.92958552
0.92958576
0.92958602
0.9295863
0.92958661
0.92958693
0.92958726
0.92958762
0.92958799
0.92958837
0.92958876
0.92958917
0.92958959
0.92959002
0.92959046
0.92959091
0.92959137
0.92959183
0.92959231
0.92959279
0.92959327
0.92959377
0.92959427
0.92959477
0.92959528
0.9295958
0.92959632
0.92959684
0.92959737
0.9295979
0.92959843
0.92959897
0.92959951
0.92960006
0.9296006
0.92960115
0.9296017
0.92960226
0.92960281
0.92960336
0.92960392
0.85714286
0.85714286
0.85714292
0.85714387
0.85715042
0.85717809
0.85726129
0.85745662
0.85783733
0.85848073
0.85945344
0.86080016
0.86253813
0.86465757
0.86712615
0.86989549
0.87290788
0.87610229
0.87941894
0.88280246
0.88620382
0.88958119
0.89290015
0.89613328
0.89925957
0.90226366
0.90513497
0.90786695
0.91045631
0.91290239
0.91520655
0.91737175
0.91940207
0.92130246
0.92307841
0.92473577
0.92628057
0.92771891
0.92905684
0.93030028
0.931455
0.93252655
0.93352026
0.93444118
0.93529415
0.93608371
0.93681416
0.93748956
0.9381137
0.93869015
0.93922226
0.93971315
0.94016576
0.94058283
0.94096689
0.94132035
0.94164542
0.94194418
0.94221856
0.94247035
0.94270125
0.9429128
0.94310646
0.94328358
0.94344542
0.94359315
0.94372786
0.94385056
0.94396218
0.94406359
0.94415561
0.94423898
0.9443144
0.94438251
0.94444392
0.94449918
0.94454879
0.94459324
0.94463296
0.94466836
0.94469981
0.94472765
0.94475222
0.94477379
0.94479265
0.94480904
0.94482319
0.94483531
0.9448456
0.94485424
0.94486138
0.94486719
0.94487179
0.94487531
0.94487787
0.94487958
0.94488052
0.94488078
0.94488046
0.9448796
0.94487843
0.94487681
0.94487479
0.94487244
0.94486981
0.94486692
0.94486384
0.94486059
0.9448572
0.94485371
0.94485013
0.9448465
0.94484283
0.94483914
0.94483545
0.94483177
0.94482811
0.94482448
0.94482089
0.94481735
0.94481386
0.94481044
0.94480708
0.94480379
0.94480057
0.94479742
0.94479435
0.94479136
0.94478844
0.9447856
0.94478284
0.94478015
0.94477754
0.944775
0.94477254
0.94477014
0.94476782
0.94476556
0.94476337
0.94476125
0.94475918
0.94475717
0.94475523
0.94475333
0.94475149
0.94474971
0.94474797
0.94474628
0.94474463
0.94474303
0.94474146
0.94473994
0.94473845
0.944737
0.94473558
0.9447342
0.94473284
0.94473151
0.94473021
0.94472893
0.94472768
0.94472645
0.94472524
0.94472405
0.94472288
0.94472173
0.94472059
0.94471947
0.94471837
0.94471727
0.94471619
0.94471512
0.94471407
0.94471302
0.94471198
0.94471095
0.94470993
0.94470892
0.94470792
0.94470692
0.94470593
0.94470494
0.94470397
0.94470299
0.94470203
0.94470106
0.9447001
0.94469915
0.9446982
0.94469725
0.9446963
0.94469536
0.94469443
0.94469349
0.94469256
0.94469163
0.9446907
0.94468977
0.94468884
0.94468791
0.85714286
0.85714287
0.85714333
0.85714848
0.85717702
0.85727754
0.8575367
0.85806977
0.85899618
0.86041224
0.86237199
0.86488109
0.86790166
0.87136363
0.87517794
0.87924854
0.88348157
0.88779145
0.89210429
0.89635916
0.900508
0.90451453
0.90835287
0.91200585
0.91546344
0.9187213
0.92177944
0.9246412
0.92731231
0.92980016
0.93211324
0.93426071
0.93625203
0.93809672
0.93980416
0.94138348
0.94284346
0.94419245
0.94543838
0.94658869
0.94765038
0.94862999
0.9495336
0.95036688
0.9511351
0.95184313
0.95249552
0.95309645
0.95364979
0.95415915
0.95462784
0.95505895
0.95545531
0.95581955
0.95615412
0.95646126
0.95674306
0.95700146
0.95723823
0.95745504
0.95765341
0.95783477
0.95800043
0.95815161
0.95828943
0.95841495
0.95852912
0.95863285
0.95872696
0.95881223
0.95888935
0.95895901
0.95902179
0.95907828
0.95912898
0.95917438
0.95921492
0.95925103
0.95928308
0.95931141
0.95933636
0.95935822
0.95937727
0.95939377
0.95940794
0.95942
0.95943015
0.95943857
0.95944543
0.95945088
0.95945506
0.9594581
0.95946011
0.95946122
0.95946151
0.95946107
0.95945998
0.95945833
0.95945617
0.95945362
0.95945072
0.95944741
0.95944374
0.95943977
0.95943554
0.95943108
0.95942645
0.95942167
0.95941677
0.95941177
0.95940671
0.9594016
0.95939646
0.9593913
0.95938615
0.95938101
0.9593759
0.95937082
0.95936578
0.95936079
0.95935586
0.95935099
0.95934618
0.95934144
0.95933677
0.95933217
0.95932765
0.9593232
0.95931882
0.95931452
0.95931029
0.95930613
0.95930205
0.95929803
0.95929409
0.95929022
0.95928641
0.95928266
0.95927898
0.95927536
0.9592718
0.9592683
0.95926485
0.95926146
0.95925811
0.95925482
0.95925157
0.95924837
0.9592452
0.95924209
0.959239
0.95923596
0.95923295
0.95922998
0.95922704
0.95922413
0.95922124
0.95921839
0.95921556
0.95921275
0.95920997
0.95920721
0.95920446
0.95920174
0.95919904
0.95919635
0.95919368
0.95919102
0.95918838
0.95918575
0.95918313
0.95918053
0.95917793
0.95917535
0.95917278
0.95917021
0.95916765
0.9591651
0.95916256
0.95916003
0.9591575
0.95915498
0.95915246
0.95914995
0.95914744
0.95914494
0.95914245
0.95913995
0.95913746
0.95913498
0.9591325
0.95913002
0.95912754
0.95912507
0.9591226
0.95912013
0.95911766
0.95911519
0.95911273
0.95911027
0.85714286
0.85714297
0.85714607
0.85717208
0.85728665
0.85762126
0.85835795
0.85968173
0.86172863
0.86455428
0.86813044
0.87236187
0.87711197
0.88222782
0.88755958
0.89297289
0.89835529
0.903618
0.90869484
0.91353967
0.91812299
0.92242874
0.9264511
0.93019197
0.93365869
0.93686235
0.93981644
0.94253578
0.9450358
0.94733199
0.94943951
0.95137292
0.95314607
0.95477195
0.95626268
0.9576295
0.95888277
0.96003205
0.96108608
0.96205288
0.96293978
0.96375348
0.9645001
0.96518522
0.96581393
0.96639089
0.96692035
0.96740619
0.96785196
0.96826091
0.968636
0.96897995
0.96929526
0.96958421
0.96984891
0.97009127
0.97031307
0.97051594
0.97070138
0.97087076
0.97102535
0.97116634
0.97129479
0.9714117
0.971518
0.97161452
0.97170206
0.97178133
0.971853
0.9719177
0.97197598
0.97202837
0.97207537
0.97211742
0.97215493
0.97218828
0.97221783
0.97224391
0.97226681
0.97228681
0.97230417
0.97231912
0.97233188
0.97234264
0.97235159
0.97235891
0.97236474
0.97236922
0.97237249
0.97237467
0.97237587
0.97237618
0.97237571
0.97237452
0.97237271
0.97237033
0.97236746
0.97236415
0.97236046
0.97235654
0.97235222
0.97234755
0.97234259
0.97233737
0.97233194
0.97232632
0.97232055
0.97231466
0.97230868
0.97230262
0.97229651
0.97229036
0.97228419
0.97227802
0.97227185
0.9722657
0.97225957
0.97225348
0.97224743
0.97224142
0.97223546
0.97222956
0.97222372
0.97221794
0.97221223
0.97220657
0.97220099
0.97219547
0.97219001
0.97218462
0.9721793
0.97217404
0.97216885
0.97216372
0.97215865
0.97215364
0.97214869
0.9721438
0.97213896
0.97213418
0.97212945
0.97212477
0.97212013
0.97211555
0.97211101
0.97210651
0.97210206
0.97209764
0.97209326
0.97208892
0.97208462
0.97208034
0.9720761
0.97207189
0.9720677
0.97206355
0.97205941
0.97205531
0.97205122
0.97204716
0.97204311
0.97203909
0.97203509
0.9720311
0.97202712
0.97202317
0.97201923
0.9720153
0.97201138
0.97200747
0.97200358
0.9719997
0.97199583
0.97199196
0.97198811
0.97198426
0.97198042
0.97197659
0.97197277
0.97196895
0.97196514
0.97196133
0.97195753
0.97195374
0.97194995
0.97194616
0.97194238
0.9719386
0.97193482
0.97193105
0.97192728
0.97192352
0.97191976
0.971916
0.97191224
0.97190848
0.97190473
0.97190098
0.97189723
0.97189348
0.85714286
0.85714396
0.85716341
0.85728403
0.85770319
0.85871143
0.86059776
0.86354847
0.86759736
0.87263613
0.87846066
0.88482461
0.89148298
0.89821962
0.90486013
0.91127433
0.91737263
0.92309949
0.92842623
0.9333442
0.93785902
0.94198589
0.94574602
0.94916399
0.95226583
0.95507775
0.9576252
0.9599324
0.96202198
0.96391485
0.96563015
0.96718529
0.96859604
0.9698766
0.97103977
0.97209703
0.97305867
0.97393392
0.97473106
0.9754575
0.97611989
0.97672418
0.97727574
0.97777937
0.9782394
0.97865973
0.97904388
0.97939501
0.97971601
0.98000946
0.98027772
0.98052293
0.98074703
0.98095178
0.98113879
0.98130954
0.98146536
0.98160747
0.98173701
0.98185498
0.98196234
0.98205995
0.9821486
0.98222901
0.98230187
0.98236777
0.9824273
0.98248097
0.98252925
0.98257261
0.98261144
0.98264611
0.98267698
0.98270436
0.98272856
0.98274983
0.98276843
0.98278459
0.98279853
0.98281044
0.98282049
0.98282886
0.9828357
0.98284114
0.98284532
0.98284836
0.98285036
0.98285143
0.98285165
0.98285111
0.98284988
0.98284805
0.98284566
0.98284279
0.98283947
0.98283578
0.98283174
0.98282739
0.98282278
0.98281798
0.98281287
0.9828075
0.9828019
0.98279611
0.98279015
0.98278406
0.98277785
0.98277155
0.98276519
0.98275877
0.98275231
0.98274583
0.98273933
0.98273284
0.98272636
0.98271989
0.98271344
0.98270703
0.98270064
0.9826943
0.98268801
0.98268175
0.98267555
0.9826694
0.98266329
0.98265725
0.98265125
0.98264531
0.98263942
0.98263359
0.98262781
0.98262208
0.98261641
0.98261078
0.98260521
0.98259968
0.98259421
0.98258877
0.98258339
0.98257804
0.98257274
0.98256748
0.98256226
0.98255708
0.98255193
0.98254682
0.98254174
0.9825367
0.98253168
0.9825267
0.98252174
0.98251681
0.9825119
0.98250702
0.98250216
0.98249732
0.98249251
0.98248771
0.98248293
0.98247817
0.98247343
0.9824687
0.98246398
0.98245929
0.9824546
0.98244993
0.98244526
0.98244061
0.98243597
0.98243134
0.98242672
0.98242211
0.98241751
0.98241291
0.98240832
0.98240374
0.98239917
0.9823946
0.98239004
0.98238548
0.98238093
0.98237639
0.98237185
0.98236731
0.98236278
0.98235825
0.98235372
0.9823492
0.98234468
0.98234016
0.98233565
0.98233114
0.98232663
0.98232212
0.98231762
0.98231312
0.98230862
0.98230412
0.98229962
0.98229513
0.85714293
0.85715281
0.85726519
0.85777217
0.85914653
0.86184693
0.86611432
0.87189976
0.87892259
0.88678399
0.89507102
0.90342325
0.91156218
0.91929456
0.9265018
0.93312409
0.93914441
0.9445747
0.94944514
0.95379613
0.95767277
0.96112116
0.96418607
0.96690958
0.96933036
0.97148343
0.97340014
0.97510833
0.97663261
0.97799461
0.97921334
0.98030544
0.98128548
0.98216621
0.98295881
0.98367305
0.98431751
0.98489972
0.9854263
0.98590309
0.98633521
0.9867272
0.9870831
0.98740645
0.98770042
0.98796784
0.9882112
0.98843277
0.98863453
0.98881831
0.98898571
0.9891382
0.98927709
0.98940356
0.98951869
0.98962346
0.98971875
0.98980536
0.98988402
0.9899554
0.99002011
0.9900787
0.99013169
0.99017953
0.99022265
0.99026145
0.99029628
0.99032747
0.99035532
0.99038012
0.99040211
0.99042154
0.99043862
0.99045354
0.9904665
0.99047765
0.99048716
0.99049518
0.99050182
0.99050721
0.99051147
0.99051469
0.99051697
0.99051839
0.99051905
0.990519
0.99051832
0.99051706
0.99051529
0.99051306
0.9905104
0.99050738
0.99050402
0.99050036
0.99049644
0.99049228
0.99048791
0.99048336
0.99047869
0.99047381
0.99046873
0.99046346
0.99045804
0.99045248
0.99044682
0.99044106
0.99043523
0.99042933
0.99042339
0.99041742
0.99041142
0.99040541
0.9903994
0.99039338
0.99038738
0.99038139
0.99037542
0.99036947
0.99036355
0.99035765
0.9903518
0.99034597
0.99034018
0.99033443
0.99032872
0.99032304
0.99031741
0.99031181
0.99030626
0.99030074
0.99029526
0.99028982
0.99028442
0.99027906
0.99027373
0.99026844
0.99026318
0.99025795
0.99025276
0.9902476
0.99024247
0.99023737
0.9902323
0.99022725
0.99022224
0.99021724
0.99021228
0.99020733
0.99020241
0.99019751
0.99019263
0.99018776
0.99018292
0.9901781
0.99017329
0.99016849
0.99016372
0.99015895
0.9901542
0.99014947
0.99014474
0.99014003
0.99013533
0.99013064
0.99012595
0.99012128
0.99011662
0.99011196
0.99010731
0.99010267
0.99009804
0.99009341
0.99008879
0.99008418
0.99007957
0.99007497
0.99007037
0.99006577
0.99006119
0.9900566
0.99005202
0.99004744
0.99004287
0.9900383
0.99003374
0.99002917
0.99002461
0.99002005
0.9900155
0.99001094
0.99000639
0.99000184
0.98999729
0.98999275
0.9899882
0.98998366
0.98997912
0.98997458
0.98997004
0.98996551
0.85714434
0.85722719
0.85781398
0.85970123
0.86363426
0.86988014
0.87815385
0.88782258
0.89816485
0.90854966
0.91851314
0.92776351
0.93615112
0.94362903
0.95021709
0.95597398
0.96097762
0.9653124
0.96906142
0.97230226
0.97510495
0.97753135
0.97963529
0.98146316
0.98305465
0.9844436
0.98565877
0.98672456
0.98766169
0.98848777
0.98921774
0.98986431
0.99043835
0.99094912
0.99140455
0.99181145
0.99217568
0.99250228
0.99279564
0.99305952
0.99329723
0.99351164
0.99370525
0.99388025
0.99403858
0.99418194
0.99431182
0.99442956
0.99453633
0.99463318
0.99472105
0.99480078
0.99487309
0.99493868
0.99499815
0.99505203
0.99510082
0.99514496
0.99518485
0.99522086
0.99525333
0.99528254
0.99530879
0.99533231
0.99535334
0.99537208
0.99538874
0.99540348
0.99541646
0.99542784
0.99543775
0.99544631
0.99545363
0.99545983
0.995465
0.99546923
0.9954726
0.99547518
0.99547705
0.99547827
0.99547889
0.99547897
0.99547856
0.99547771
0.99547645
0.99547483
0.99547288
0.99547062
0.9954681
0.99546534
0.99546237
0.99545919
0.99545585
0.99545235
0.99544871
0.99544495
0.99544108
0.99543712
0.99543309
0.99542891
0.99542461
0.99542019
0.99541568
0.9954111
0.99540644
0.99540173
0.99539698
0.99539219
0.99538737
0.99538254
0.99537769
0.99537284
0.99536798
0.99536313
0.99535829
0.99535345
0.99534863
0.99534382
0.99533903
0.99533426
0.99532951
0.99532479
0.99532008
0.99531541
0.99531075
0.99530612
0.99530152
0.99529694
0.99529239
0.99528786
0.99528336
0.99527888
0.99527442
0.99526999
0.99526558
0.9952612
0.99525683
0.99525249
0.99524817
0.99524387
0.99523958
0.99523532
0.99523107
0.99522685
0.99522263
0.99521844
0.99521426
0.99521009
0.99520594
0.9952018
0.99519768
0.99519357
0.99518947
0.99518538
0.9951813
0.99517723
0.99517317
0.99516912
0.99516508
0.99516104
0.99515702
0.995153
0.99514899
0.99514498
0.99514098
0.99513699
0.995133
0.99512902
0.99512504
0.99512107
0.9951171
0.99511314
0.99510918
0.99510523
0.99510127
0.99509732
0.99509338
0.99508944
0.9950855
0.99508156
0.99507763
0.9950737
0.99506977
0.99506584
0.99506192
0.99505799
0.99505407
0.99505015
0.99504623
0.99504231
0.9950384
0.99503448
0.99503057
0.99502665
0.99502274
0.99501883
0.99501492
0.99501101
0.99500711
0.99500321
0.85717171
0.85780564
0.86048525
0.8664553
0.87583148
0.88770032
0.90075142
0.91380747
0.92605365
0.93704532
0.94661977
0.95479393
0.96168203
0.96743993
0.97223183
0.97621255
0.97951963
0.98227098
0.98456544
0.98648474
0.98809589
0.98945354
0.99060216
0.99157792
0.99241024
0.99312311
0.99373613
0.99426533
0.99472391
0.99512275
0.99547082
0.99577561
0.99604334
0.99627921
0.99648761
0.99667221
0.99683613
0.99698202
0.99711214
0.99722842
0.99733251
0.99742583
0.99750962
0.99758495
0.99765274
0.99771381
0.99776885
0.9978185
0.99786331
0.99790375
0.99794025
0.9979732
0.99800292
0.99802973
0.99805389
0.99807564
0.99809521
0.99811278
0.99812853
0.99814262
0.9981552
0.9981664
0.99817633
0.9981851
0.99819281
0.99819956
0.99820542
0.99821047
0.99821478
0.99821841
0.99822141
0.99822385
0.99822576
0.9982272
0.9982282
0.99822881
0.99822905
0.99822896
0.99822857
0.9982279
0.99822698
0.99822583
0.99822448
0.99822294
0.99822122
0.99821935
0.99821735
0.99821521
0.99821297
0.99821062
0.99820817
0.99820565
0.99820305
0.99820039
0.99819767
0.99819489
0.99819207
0.99818922
0.99818631
0.99818332
0.99818026
0.99817715
0.99817399
0.99817079
0.99816755
0.99816429
0.998161
0.9981577
0.99815438
0.99815105
0.99814772
0.99814438
0.99814104
0.99813771
0.99813438
0.99813105
0.99812773
0.99812442
0.99812112
0.99811783
0.99811455
0.99811128
0.99810803
0.99810479
0.99810156
0.99809835
0.99809514
0.99809196
0.99808878
0.99808562
0.99808247
0.99807934
0.99807621
0.9980731
0.99807001
0.99806692
0.99806385
0.99806078
0.99805773
0.99805469
0.99805166
0.99804864
0.99804562
0.99804262
0.99803963
0.99803664
0.99803366
0.99803069
0.99802773
0.99802477
0.99802183
0.99801888
0.99801595
0.99801302
0.99801009
0.99800717
0.99800425
0.99800134
0.99799844
0.99799553
0.99799264
0.99798974
0.99798685
0.99798396
0.99798108
0.99797819
0.99797532
0.99797244
0.99796956
0.99796669
0.99796382
0.99796095
0.99795809
0.99795522
0.99795236
0.9979495
0.99794664
0.99794378
0.99794093
0.99793807
0.99793522
0.99793236
0.99792951
0.99792666
0.99792381
0.99792096
0.99791811
0.99791526
0.99791241
0.99790956
0.99790671
0.99790386
0.99790102
0.99789817
0.99789532
0.99789248
0.99788963
0.99788678
0.99788394
0.9978811
0.85767552
0.86189428
0.87184486
0.88656246
0.90350481
0.92028402
0.93540553
0.9482408
0.95873234
0.96711306
0.9737204
0.97889637
0.98294365
0.98611246
0.9886019
0.99056703
0.99212713
0.99337344
0.99437564
0.99518694
0.99584812
0.99639053
0.99683838
0.99721049
0.99752154
0.99778306
0.99800417
0.9981921
0.99835263
0.99849041
0.9986092
0.99871204
0.99880143
0.99887942
0.99894769
0.99900765
0.99906047
0.99910711
0.99914841
0.99918505
0.99921763
0.99924666
0.99927254
0.99929567
0.99931634
0.99933485
0.99935142
0.99936626
0.99937956
0.99939148
0.99940215
0.99941169
0.99942023
0.99942784
0.99943463
0.99944067
0.99944602
0.99945075
0.99945491
0.99945856
0.99946173
0.99946448
0.99946683
0.99946883
0.99947049
0.99947185
0.99947294
0.99947378
0.99947438
0.99947477
0.99947497
0.99947499
0.99947485
0.99947456
0.99947413
0.99947358
0.99947291
0.99947214
0.99947128
0.99947032
0.99946929
0.99946819
0.99946702
0.99946579
0.9994645
0.99946317
0.99946179
0.99946037
0.99945891
0.99945742
0.99945591
0.99945436
0.99945279
0.9994512
0.99944959
0.99944796
0.99944632
0.99944467
0.99944298
0.99944125
0.9994395
0.99943772
0.99943593
0.99943411
0.99943228
0.99943044
0.99942858
0.99942672
0.99942485
0.99942298
0.99942111
0.99941923
0.99941735
0.99941547
0.9994136
0.99941172
0.99940985
0.99940799
0.99940612
0.99940426
0.99940241
0.99940055
0.99939871
0.99939687
0.99939503
0.9993932
0.99939138
0.99938956
0.99938774
0.99938593
0.99938413
0.99938233
0.99938054
0.99937875
0.99937696
0.99937519
0.99937341
0.99937164
0.99936987
0.99936811
0.99936635
0.9993646
0.99936285
0.9993611
0.99935936
0.99935762
0.99935588
0.99935415
0.99935241
0.99935068
0.99934896
0.99934723
0.99934551
0.99934379
0.99934207
0.99934035
0.99933864
0.99933692
0.99933521
0.9993335
0.99933179
0.99933008
0.99932837
0.99932666
0.99932496
0.99932325
0.99932154
0.99931984
0.99931814
0.99931643
0.99931473
0.99931303
0.99931132
0.99930962
0.99930792
0.99930622
0.99930452
0.99930281
0.99930111
0.99929941
0.99929771
0.99929601
0.9992943
0.9992926
0.9992909
0.9992892
0.99928749
0.99928579
0.99928409
0.99928238
0.99928068
0.99927897
0.99927727
0.99927556
0.99927385
0.99927215
0.99927044
0.99926873
0.99926702
0.99926532
0.86625239
0.88694565
0.91109252
0.93326409
0.95122858
0.96479409
0.9746458
0.98166159
0.98662149
0.9901298
0.99262495
0.99441468
0.99571172
0.99666235
0.99736729
0.99789623
0.99829774
0.99860598
0.99884522
0.99903284
0.99918146
0.99930031
0.99939619
0.99947422
0.99953821
0.9995911
0.99963511
0.99967199
0.99970307
0.99972942
0.99975188
0.99977112
0.99978768
0.99980198
0.9998144
0.9998252
0.99983464
0.9998429
0.99985015
0.99985653
0.99986215
0.99986711
0.9998715
0.99987537
0.99987879
0.99988182
0.9998845
0.99988685
0.99988893
0.99989076
0.99989236
0.99989375
0.99989496
0.99989601
0.9998969
0.99989766
0.99989829
0.9998988
0.99989921
0.99989953
0.99989976
0.99989991
0.99989998
0.99989999
0.99989994
0.99989983
0.99989967
0.99989946
0.9998992
0.99989891
0.99989857
0.99989821
0.99989781
0.99989738
0.99989692
0.99989644
0.99989594
0.99989541
0.99989487
0.9998943
0.99989373
0.99989313
0.99989252
0.9998919
0.99989127
0.99989063
0.99988997
0.99988931
0.99988864
0.99988796
0.99988728
0.99988658
0.99988589
0.99988518
0.99988448
0.99988377
0.99988305
0.99988233
0.99988159
0.99988084
0.99988008
0.99987932
0.99987854
0.99987776
0.99987697
0.99987618
0.99987539
0.99987459
0.99987379
0.99987298
0.99987218
0.99987137
0.99987056
0.99986976
0.99986895
0.99986814
0.99986733
0.99986652
0.99986571
0.99986491
0.9998641
0.9998633
0.99986249
0.99986169
0.99986088
0.99986008
0.99985928
0.99985848
0.99985769
0.99985689
0.99985609
0.9998553
0.9998545
0.99985371
0.99985292
0.99985213
0.99985134
0.99985055
0.99984976
0.99984897
0.99984818
0.9998474
0.99984661
0.99984582
0.99984504
0.99984425
0.99984347
0.99984268
0.9998419
0.99984112
0.99984033
0.99983955
0.99983876
0.99983798
0.9998372
0.99983641
0.99983563
0.99983485
0.99983406
0.99983328
0.99983249
0.99983171
0.99983092
0.99983014
0.99982935
0.99982856
0.99982778
0.99982699
0.9998262
0.99982541
0.99982463
0.99982384
0.99982305
0.99982226
0.99982147
0.99982067
0.99981988
0.99981909
0.9998183
0.9998175
0.99981671
0.99981591
0.99981512
0.99981432
0.99981352
0.99981272
0.99981192
0.99981112
0.99981032
0.99980952
0.99980872
0.99980792
0.99980711
0.99980631
0.9998055
0.9998047
0.99980389
0.99980308
0.99980227
0.99980146
0.9998199
0.99971472
0.99968247
0.9996973
0.99973398
0.99977624
0.99981593
0.99984997
0.99987788
0.99990024
0.99991797
0.999932
0.99994311
0.99995195
0.99995902
0.99996471
0.99996933
0.9999731
0.9999762
0.99997877
0.99998091
0.9999827
0.99998421
0.99998549
0.99998658
0.99998751
0.9999883
0.99998899
0.99998958
0.99999009
0.99999053
0.99999091
0.99999123
0.99999152
0.99999176
0.99999197
0.99999214
0.99999229
0.99999242
0.99999252
0.9999926
0.99999266
0.99999271
0.99999274
0.99999276
0.99999276
0.99999275
0.99999273
0.99999271
0.99999267
0.99999262
0.99999256
0.9999925
0.99999243
0.99999235
0.99999226
0.99999217
0.99999207
0.99999197
0.99999186
0.99999175
0.99999163
0.9999915
0.99999137
0.99999124
0.9999911
0.99999096
0.99999082
0.99999067
0.99999052
0.99999036
0.99999021
0.99999005
0.99998988
0.99998972
0.99998955
0.99998938
0.9999892
0.99998903
0.99998885
0.99998867
0.99998849
0.9999883
0.99998812
0.99998793
0.99998774
0.99998755
0.99998735
0.99998716
0.99998696
0.99998677
0.99998657
0.99998637
0.99998617
0.99998597
0.99998576
0.99998556
0.99998535
0.99998514
0.99998492
0.99998471
0.99998449
0.99998426
0.99998404
0.99998381
0.99998359
0.99998336
0.99998313
0.9999829
0.99998266
0.99998243
0.99998219
0.99998196
0.99998172
0.99998148
0.99998125
0.99998101
0.99998077
0.99998053
0.99998029
0.99998005
0.99997981
0.99997957
0.99997933
0.99997908
0.99997884
0.9999786
0.99997836
0.99997811
0.99997787
0.99997763
0.99997738
0.99997714
0.99997689
0.99997665
0.9999764
0.99997615
0.99997591
0.99997566
0.99997541
0.99997517
0.99997492
0.99997467
0.99997442
0.99997417
0.99997392
0.99997367
0.99997342
0.99997317
0.99997292
0.99997267
0.99997242
0.99997216
0.99997191
0.99997165
0.9999714
0.99997114
0.99997089
0.99997063
0.99997038
0.99997012
0.99996986
0.9999696
0.99996934
0.99996908
0.99996882
0.99996856
0.9999683
0.99996803
0.99996777
0.99996751
0.99996724
0.99996698
0.99996671
0.99996645
0.99996618
0.99996591
0.99996564
0.99996537
0.9999651
0.99996483
0.99996456
0.99996429
0.99996402
0.99996374
0.99996347
0.9999632
0.99996292
0.99996264
0.99996237
0.99996209
0.99996181
0.99996153
0.99996125
0.99996097
0.99996069
0.99996041
0.99996013
0.99995984
0.99995956
0.99999976
0.99999947
0.99999926
0.99999915
0.99999914
0.99999918
0.99999924
0.99999931
0.99999937
0.99999944
0.99999949
0.99999954
0.99999958
0.99999961
0.99999964
0.99999967
0.99999969
0.99999971
0.99999972
0.99999973
0.99999975
0.99999975
0.99999976
0.99999977
0.99999977
0.99999978
0.99999978
0.99999978
0.99999979
0.99999979
0.99999979
0.99999979
0.99999978
0.99999978
0.99999978
0.99999978
0.99999977
0.99999977
0.99999977
0.99999976
0.99999976
0.99999975
0.99999975
0.99999974
0.99999973
0.99999972
0.99999972
0.99999971
0.9999997
0.99999969
0.99999968
0.99999967
0.99999966
0.99999965
0.99999964
0.99999963
0.99999961
0.9999996
0.99999959
0.99999957
0.99999956
0.99999954
0.99999953
0.99999951
0.9999995
0.99999948
0.99999946
0.99999945
0.99999943
0.99999941
0.99999939
0.99999937
0.99999935
0.99999933
0.99999931
0.99999929
0.99999927
0.99999925
0.99999923
0.9999992
0.99999918
0.99999916
0.99999913
0.99999911
0.99999908
0.99999906
0.99999903
0.99999901
0.99999898
0.99999895
0.99999893
0.9999989
0.99999887
0.99999884
0.99999881
0.99999878
0.99999875
0.99999872
0.99999869
0.99999866
0.99999863
0.9999986
0.99999856
0.99999853
0.99999849
0.99999846
0.99999842
0.99999839
0.99999835
0.99999831
0.99999827
0.99999824
0.9999982
0.99999816
0.99999812
0.99999808
0.99999804
0.999998
0.99999796
0.99999792
0.99999788
0.99999784
0.99999779
0.99999775
0.99999771
0.99999767
0.99999762
0.99999758
0.99999753
0.99999749
0.99999744
0.9999974
0.99999735
0.99999731
0.99999726
0.99999722
0.99999717
0.99999712
0.99999707
0.99999703
0.99999698
0.99999693
0.99999688
0.99999683
0.99999678
0.99999673
0.99999668
0.99999663
0.99999658
0.99999653
0.99999648
0.99999643
0.99999638
0.99999632
0.99999627
0.99999622
0.99999616
0.99999611
0.99999606
0.999996
0.99999595
0.99999589
0.99999583
0.99999578
0.99999572
0.99999567
0.99999561
0.99999555
0.99999549
0.99999543
0.99999538
0.99999532
0.99999526
0.9999952
0.99999514
0.99999508
0.99999502
0.99999495
0.99999489
0.99999483
0.99999477
0.99999471
0.99999464
0.99999458
0.99999452
0.99999445
0.99999439
0.99999432
0.99999426
0.99999419
0.99999412
0.99999406
0.99999399
0.99999392
0.99999386
0.99999379
0.99999372
0.99999365
0.99999358
0.99999351
1
1
1
1
1
1
1
1
1
1
1
1
1
1
1
1
1
1
1
1
1
1
1
1
1
1
1
1
1
1
1
1
1
1
1
1
1
0.99999999
0.99999999
0.99999999
0.99999999
0.99999999
0.99999999
0.99999999
0.99999999
0.99999999
0.99999999
0.99999999
0.99999999
0.99999999
0.99999999
0.99999999
0.99999999
0.99999999
0.99999999
0.99999999
0.99999999
0.99999998
0.99999998
0.99999998
0.99999998
0.99999998
0.99999998
0.99999998
0.99999998
0.99999998
0.99999998
0.99999997
0.99999997
0.99999997
0.99999997
0.99999997
0.99999997
0.99999997
0.99999996
0.99999996
0.99999996
0.99999996
0.99999996
0.99999996
0.99999995
0.99999995
0.99999995
0.99999995
0.99999995
0.99999994
0.99999994
0.99999994
0.99999994
0.99999993
0.99999993
0.99999993
0.99999993
0.99999992
0.99999992
0.99999992
0.99999992
0.99999991
0.99999991
0.99999991
0.9999999
0.9999999
0.9999999
0.99999989
0.99999989
0.99999988
0.99999988
0.99999988
0.99999987
0.99999987
0.99999986
0.99999986
0.99999986
0.99999985
0.99999985
0.99999984
0.99999984
0.99999983
0.99999983
0.99999982
0.99999982
0.99999981
0.99999981
0.9999998
0.9999998
0.99999979
0.99999979
0.99999978
0.99999978
0.99999977
0.99999976
0.99999976
0.99999975
0.99999975
0.99999974
0.99999973
0.99999973
0.99999972
0.99999972
0.99999971
0.9999997
0.9999997
0.99999969
0.99999968
0.99999967
0.99999967
0.99999966
0.99999965
0.99999965
0.99999964
0.99999963
0.99999962
0.99999961
0.99999961
0.9999996
0.99999959
0.99999958
0.99999957
0.99999957
0.99999956
0.99999955
0.99999954
0.99999953
0.99999952
0.99999951
0.9999995
0.9999995
0.99999949
0.99999948
0.99999947
0.99999946
0.99999945
0.99999944
0.99999943
0.99999942
0.99999941
0.9999994
0.99999939
0.99999938
0.99999937
0.99999936
0.99999935
0.99999933
0.99999932
0.99999931
0.9999993
0.99999929
0.99999928
0.99999927
0.99999925
0.99999924
0.99999923
0.99999922
0.99999921
0.99999919
0.99999918
0.99999917
0.99999916
0.99999914
0.99999913
1
1
1
1
1
1
1
1
1
1
1
1
1
1
1
1
1
1
1
1
1
1
1
1
1
1
1
1
1
1
1
1
1
1
1
1
1
1
1
1
1
1
1
1
1
1
1
1
1
1
1
1
1
1
1
1
1
1
1
1
1
1
1
1
1
1
1
1
1
1
1
1
1
1
1
1
1
1
1
1
1
1
1
1
1
1
1
1
1
1
1
1
1
1
1
1
1
0.99999999
0.99999999
0.99999999
0.99999999
0.99999999
0.99999999
0.99999999
0.99999999
0.99999999
0.99999999
0.99999999
0.99999999
0.99999999
0.99999999
0.99999999
0.99999999
0.99999999
0.99999999
0.99999999
0.99999999
0.99999999
0.99999999
0.99999999
0.99999999
0.99999999
0.99999999
0.99999999
0.99999998
0.99999998
0.99999998
0.99999998
0.99999998
0.99999998
0.99999998
0.99999998
0.99999998
0.99999998
0.99999998
0.99999998
0.99999998
0.99999998
0.99999998
0.99999998
0.99999997
0.99999997
0.99999997
0.99999997
0.99999997
0.99999997
0.99999997
0.99999997
0.99999997
0.99999997
0.99999997
0.99999997
0.99999996
0.99999996
0.99999996
0.99999996
0.99999996
0.99999996
0.99999996
0.99999996
0.99999996
0.99999996
0.99999995
0.99999995
0.99999995
0.99999995
0.99999995
0.99999995
0.99999995
0.99999995
0.99999994
0.99999994
0.99999994
0.99999994
0.99999994
0.99999994
0.99999994
0.99999994
0.99999993
0.99999993
0.99999993
0.99999993
0.99999993
0.99999993
0.99999992
0.99999992
0.99999992
0.99999992
0.99999992
0.99999992
0.99999991
0.99999991
0.99999991
0.99999991
0.99999991
0.99999991
0.9999999
0.9999999
0.9999999
0.9999999
1
1
1
1
1
1
1
1
1
1
1
1
1
1
1
1
1
1
1
1
1
1
1
1
1
1
1
1
1
1
1
1
1
1
1
1
1
1
1
1
1
1
1
1
1
1
1
1
1
1
1
1
1
1
1
1
1
1
1
1
1
1
1
1
1
1
1
1
1
1
1
1
1
1
1
1
1
1
1
1
1
1
1
1
1
1
1
1
1
1
1
1
1
1
1
1
1
1
1
1
1
1
1
1
1
1
1
1
1
1
1
1
1
1
1
1
1
1
1
1
1
1
1
1
1
1
1
1
1
1
1
1
1
1
1
1
1
1
1
1
1
1
1
1
1
1
1
1
1
1
1
1
1
1
1
1
1
1
1
1
1
1
1
1
1
1
1
1
1
0.99999999
0.99999999
0.99999999
0.99999999
0.99999999
0.99999999
0.99999999
0.99999999
0.99999999
0.99999999
0.99999999
0.99999999
0.99999999
0.99999999
0.99999999
0.99999999
0.99999999
0.99999999
0.99999999
0.99999999
0.99999999
0.99999999
0.99999999
0.99999999
0.99999999
0.99999999
0.99999999
0.99999999
0.99999999
0.99999999
0.99999999
1
1
1
1
1
1
1
1
1
1
1
1
1
1
1
1
1
1
1
1
1
1
1
1
1
1
1
1
1
1
1
1
1
1
1
1
1
1
1
1
1
1
1
1
1
1
1
1
1
1
1
1
1
1
1
1
1
1
1
1
1
1
1
1
1
1
1
1
1
1
1
1
1
1
1
1
1
1
1
1
1
1
1
1
1
1
1
1
1
1
1
1
1
1
1
1
1
1
1
1
1
1
1
1
1
1
1
1
1
1
1
1
1
1
1
1
1
1
1
1
1
1
1
1
1
1
1
1
1
1
1
1
1
1
1
1
1
1
1
1
1
1
1
1
1
1
1
1
1
1
1
1
1
1
1
1
1
1
1
1
1
1
1
1
1
1
1
1
1
1
1
1
1
1
1
1
1
1
1
1
1
1
1
1
1
1
1
1
1
1
1
1
1
1
1
1
1
1
1
1
1
1
1
1
1
1
1
1
1
1
1
1
1
1
1
1
1
1
1
1
1
1
1
1
1
1
1
1
1
1
1
1
1
1
1
1
1
1
1
1
1
1
1
1
1
1
1
1
1
1
1
1
1
1
1
1
1
1
1
1
1
1
1
1
1
1
1
1
1
1
1
1
1
1
1
1
1
1
1
1
1
1
1
1
1
1
1
1
1
1
1
1
1
1
1
1
1
1
1
1
1
1
1
1
1
1
1
1
1
1
1
1
1
1
1
1
1
1
1
1
1
1
1
1
1
1
1
1
1
1
1
1
1
1
1
1
1
1
1
1
1
1
1
1
1
1
1
1
1
1
1
1
1
1
1
1
1
1
1
1
1
1
1
1
1
1
1
1
1
1
1
1
1
1
1
1
1
1
1
1
1
1
1
1
1
1
1
1
1
1
1
1
1
1
1
1
1
1
1
1
1
1
1
1
1
1
1
1
1
1
1
1
1
1
1
1
1
1
1
1
1
1
1
1
1
1
1
1
1
1
1
1
1
1
1
1
1
1
1
1
1
1
1
1
1
1
1
1
1
1
1
1
1
1
1
1
1
1
1
1
1
1
1
1
1
1
1
1
1
1
1
1
1
1
1
1
1
1
1
1
1
1
1
1
1
1
1
1
1
1
1
1
1
1
1
1
1
1
1
1
1
1
1
1
1
1
1
1
1
1
1
1
1
1
1
1
1
1
1
1
1
1
1
1
1
1
1
1
1
1
1
1
1
1
1
1
1
1
1
1
1
1
1
1
1
1
1
1
1
1
1
1
1
1
1
1
1
1
1
1
1
1
1
1
1
1
1
1
1
1
1
1
1
1
1
1
1
1
1
1
1
1
1
1
1
1
1
1
1
1
1
1
1
1
1
1
1
1
1
1
1
1
1
1
1
1
1
1
1
1
1
1
1
1
1
1
1
1
1
1
1
1
1
1
1
1
1
1
1
1
1
1
1
1
1
1
1
1
1
1
1
1
1
1
1
1
1
1
1
1
1
1
1
1
1
1
1
1
1
1
1
1
1
1
1
1
1
1
1
1
1
1
1
1
1
1
1
1
1
1
1
1
1
1
1
1
1
1
1
1
1
1
1
1
1
1
1
1
1
1
1
1
1
1
1
1
1
1
1
1
1
1
1
1
1
1
1
1
1
1
1
1
1
1
1
1
1
1
1
1
1
1
1
1
1
1
1
1
1
1
1
1
1
1
1
1
1
1
1
1
1
1
1
1
1
1
1
1
1
1
1
1
1
1
1
1
1
1
1
1
1
1
1
1
1
1
1
1
1
1
1
1
1
1
1
1
1
1
1
1
1
1
1
1
1
1
1
1
1
1
1
1
1
1
1
1
1
1
1
1
1
1
1
1
1
1
1
1
1
1
1
1
1
1
1
1
1
1
1
1
1
1
1
1
1
1
1
1
1
1
1
1
1
1
1
1
1
1
1
1
1
1
1
1
1
1
1
1
1
1
1
1
1
1
1
1
1
1
1
1
1
1
1
1
1
1
1
1
1
1
1
1
1
1
1
1
1
1
1
1
1
1
1
1
1
1
1
1
1
1
1
1
1
1
1
1
1
1
1
1
1
1
1
1
1
1
1
1
1
1
1
1
1
1
1
1
1
1
1
1
1
1
1
1
1
1
1
1
1
1
1
1
1
1
1
1
1
1
1
1
1
1
1
1
1
1
1
1
1
1
1
1
1
1
1
1
1
1
1
1
1
1
1
1
1
1
1
1
1
1
1
1
1
1
1
1
1
1
1
1
1
1
1
1
1
1
1
1
1
1
1
1
1
1
1
1
1
1
1
1
1
1
1
1
1
1
1
1
1
1
1
1
1
1
1
1
1
1
1
1
1
1
1
1
1
1
1
1
1
1
1
1
1
1
1
1
1
1
1
1
1
1
1
1
1
1
1
1
1
1
1
1
1
1
1
1
1
1
1
1
1
1
1
1
1
1
1
1
1
1
1
1
1
1
1
1
1
1
1
1
1
1
1
1
1
1
1
1
1
1
1
1
1
1
1
1
1
1
1
1
1
1
1
1
1
1
1
1
1
1
1
1
1
1
1
1
1
1
1
1
1
1
1
1
1
1
1
1
1
1
1
1
1
1
1
1
1
1
1
1
1
1
1
1
1
1
1
1
1
1
1
1
1
1
1
1
1
1
1
1
1
1
1
1
1
1
1
1
1
1
1
1
1
1
1
1
1
1
1
1
1
1
1
1
1
1
1
1
1
1
1
1
1
1
1
1
1
1
1
1
1
1
1
1
1
1
1
1
1
1
1
1
1
1
1
1
1
1
1
1
1
1
1
1
1
1
1
1
1
1
1
1
1
1
1
1
1
1
1
1
1
1
1
1
1
1
1
1
1
1
1
1
1
1
1
1
1
1
1
1
1
1
1
1
1
1
1
1
1
1
1
1
1
1
1
1
1
1
1
1
1
1
1
1
1
1
1
1
1
1
1
1
1
1
1
1
1
1
1
1
1
1
1
1
1
1
1
1
1
1
1
1
1
1
1
1
1
1
1
1
1
1
1
1
1
1
1
1
1
1
1
1
1
1
1
1
1
1
1
1
1
1
1
1
1
1
1
1
1
1
1
1
1
1
1
1
1
1
1
1
1
1
1
1
1
1
1
1
1
1
1
1
1
1
1
1
1
1
1
1
1
1
1
1
1
1
1
1
1
1
1
1
1
1
1
1
1
1
1
1
1
1
1
1
1
1
1
1
1
1
1
1
1
1
1
1
1
1
1
1
1
1
1
1
1
1
1
1
1
1
1
1
1
1
1
1
1
1
1
1
1
1
1
1
1
1
1
1
1
1
1
1
1
1
1
1
1
1
1
1
1
1
1
1
1
1
1
1
1
1
1
1
1
1
1
1
1
1
1
1
1
1
1
1
1
1
1
1
1
1
1
1
1
1
1
1
1
1
1
1
1
1
1
1
1
1
1
1
1
1
1
1
1
1
1
1
1
1
1
1
1
1
1
1
1
1
1
1
1
1
1
1
1
1
1
1
1
1
1
1
1
1
1
1
1
1
1
1
1
1
1
1
1
1
1
1
1
1
1
1
1
1
1
1
1
1
1
1
1
1
1
1
1
1
1
1
1
1
1
1
1
1
1
1
1
1
1
1
1
1
)
;

boundaryField
{
    inlet_0
    {
        type            fixedValue;
        value           uniform 0;
    }
    inlet_1
    {
        type            fixedValue;
        value           uniform 0.14285714;
    }
    inlet_2
    {
        type            fixedValue;
        value           uniform 0.28571429;
    }
    inlet_3
    {
        type            fixedValue;
        value           uniform 0.42857143;
    }
    inlet_4
    {
        type            fixedValue;
        value           uniform 0.57142857;
    }
    inlet_5
    {
        type            fixedValue;
        value           uniform 0.71428571;
    }
    inlet_6
    {
        type            fixedValue;
        value           uniform 0.85714286;
    }
    inlet_7
    {
        type            fixedValue;
        value           uniform 1;
    }
    outlet
    {
        type            zeroGradient;
    }
    walls
    {
        type            zeroGradient;
    }
    floor
    {
        type            zeroGradient;
    }
    frontAndBack
    {
        type            empty;
    }
}


// ************************************************************************* //
