/*--------------------------------*- C++ -*----------------------------------*\
| =========                 |                                                 |
| \\      /  F ield         | OpenFOAM: The Open Source CFD Toolbox           |
|  \\    /   O peration     | Version:  2406                                  |
|   \\  /    A nd           | Website:  www.openfoam.com                      |
|    \\/     M anipulation  |                                                 |
\*---------------------------------------------------------------------------*/
FoamFile
{
    version     2.0;
    format      ascii;
    arch        "LSB;label=32;scalar=64";
    class       volScalarField;
    location    "633";
    object      p;
}
// * * * * * * * * * * * * * * * * * * * * * * * * * * * * * * * * * * * * * //

dimensions      [0 2 -2 0 0 0 0];

internalField   nonuniform List<scalar> 
12800
(
0.00013695656
7.7635254e-05
5.5286424e-05
4.577879e-05
4.0484568e-05
3.737409e-05
3.5418919e-05
3.4085042e-05
3.3114812e-05
3.2373865e-05
3.1785944e-05
3.1304957e-05
3.0901403e-05
3.0555445e-05
3.0253191e-05
2.9984602e-05
2.9742232e-05
2.9520441e-05
2.9314884e-05
2.9122171e-05
2.8939621e-05
2.8765101e-05
2.8596896e-05
2.8433624e-05
2.8274165e-05
2.8117609e-05
2.7963217e-05
2.7810389e-05
2.7658638e-05
2.7507571e-05
2.7356874e-05
2.7206294e-05
2.7055634e-05
2.6904739e-05
2.6753493e-05
2.6601807e-05
2.644962e-05
2.6296889e-05
2.6143588e-05
2.5989707e-05
2.5835243e-05
2.5680205e-05
2.5524605e-05
2.5368464e-05
2.5211804e-05
2.505465e-05
2.4897031e-05
2.4738973e-05
2.4580505e-05
2.4421656e-05
2.4262454e-05
2.4102926e-05
2.3943098e-05
2.3782995e-05
2.3622641e-05
2.3462057e-05
2.3301266e-05
2.3140287e-05
2.2979137e-05
2.2817835e-05
2.2656394e-05
2.249483e-05
2.2333155e-05
2.2171382e-05
2.2009521e-05
2.1847582e-05
2.1685574e-05
2.1523504e-05
2.1361382e-05
2.1199211e-05
2.1037e-05
2.0874751e-05
2.0712472e-05
2.0550164e-05
2.0387833e-05
2.0225481e-05
2.0063111e-05
1.9900726e-05
1.9738327e-05
1.9575918e-05
1.9413499e-05
1.9251071e-05
1.9088637e-05
1.8926198e-05
1.8763753e-05
1.8601305e-05
1.8438854e-05
1.82764e-05
1.8113944e-05
1.7951486e-05
1.7789027e-05
1.7626567e-05
1.7464107e-05
1.7301646e-05
1.7139184e-05
1.6976723e-05
1.6814261e-05
1.66518e-05
1.6489339e-05
1.6326877e-05
1.6164416e-05
1.6001956e-05
1.5839495e-05
1.5677035e-05
1.5514575e-05
1.5352116e-05
1.5189656e-05
1.5027197e-05
1.4864739e-05
1.470228e-05
1.4539822e-05
1.4377364e-05
1.4214906e-05
1.4052448e-05
1.388999e-05
1.3727533e-05
1.3565076e-05
1.3402619e-05
1.3240162e-05
1.3077705e-05
1.2915248e-05
1.2752791e-05
1.2590335e-05
1.2427878e-05
1.2265422e-05
1.2102966e-05
1.1940509e-05
1.1778053e-05
1.1615597e-05
1.1453141e-05
1.1290684e-05
1.1128228e-05
1.0965772e-05
1.0803316e-05
1.064086e-05
1.0478404e-05
1.0315948e-05
1.0153492e-05
9.9910361e-06
9.8285802e-06
9.6661242e-06
9.5036683e-06
9.3412123e-06
9.1787564e-06
9.0163005e-06
8.8538446e-06
8.6913887e-06
8.5289328e-06
8.3664769e-06
8.204021e-06
8.0415652e-06
7.8791093e-06
7.7166534e-06
7.5541975e-06
7.3917417e-06
7.2292858e-06
7.0668299e-06
6.904374e-06
6.7419181e-06
6.5794622e-06
6.4170064e-06
6.2545504e-06
6.0920945e-06
5.9296386e-06
5.7671827e-06
5.6047267e-06
5.4422707e-06
5.2798147e-06
5.1173587e-06
4.9549027e-06
4.7924466e-06
4.6299905e-06
4.4675344e-06
4.3050783e-06
4.1426221e-06
3.9801659e-06
3.8177097e-06
3.6552534e-06
3.4927971e-06
3.3303407e-06
3.1678844e-06
3.005428e-06
2.8429715e-06
2.6805151e-06
2.5180586e-06
2.3556022e-06
2.1931457e-06
2.0306893e-06
1.8682329e-06
1.7057765e-06
1.5433202e-06
1.380864e-06
1.2184078e-06
1.0559519e-06
8.9349606e-07
7.3104046e-07
5.6858512e-07
4.0613017e-07
2.4367552e-07
8.1220868e-08
9.3191445e-05
6.8104108e-05
5.4508476e-05
4.6869478e-05
4.1943512e-05
3.8715613e-05
3.6531679e-05
3.4983402e-05
3.3838829e-05
3.2961616e-05
3.2267874e-05
3.1704127e-05
3.1235059e-05
3.0836537e-05
3.0491564e-05
3.0187846e-05
2.9916287e-05
2.9670024e-05
2.9443792e-05
2.9233496e-05
2.903591e-05
2.8848472e-05
2.8669126e-05
2.8496216e-05
2.8328397e-05
2.8164577e-05
2.8003862e-05
2.7845526e-05
2.7688974e-05
2.7533721e-05
2.7379373e-05
2.7225612e-05
2.7072181e-05
2.6918874e-05
2.6765531e-05
2.6612025e-05
2.645826e-05
2.6304164e-05
2.6149685e-05
2.5994788e-05
2.5839452e-05
2.5683665e-05
2.5527427e-05
2.5370742e-05
2.521362e-05
2.5056077e-05
2.4898129e-05
2.4739797e-05
2.4581101e-05
2.4422064e-05
2.4262708e-05
2.4103054e-05
2.3943126e-05
2.3782943e-05
2.3622527e-05
2.3461896e-05
2.330107e-05
2.3140067e-05
2.2978901e-05
2.2817589e-05
2.2656145e-05
2.2494581e-05
2.2332911e-05
2.2171144e-05
2.2009292e-05
2.1847364e-05
2.1685367e-05
2.152331e-05
2.1361199e-05
2.1199042e-05
2.1036842e-05
2.0874606e-05
2.0712338e-05
2.0550042e-05
2.0387721e-05
2.0225379e-05
2.0063018e-05
1.9900642e-05
1.9738252e-05
1.9575849e-05
1.9413437e-05
1.9251016e-05
1.9088588e-05
1.8926154e-05
1.8763714e-05
1.8601271e-05
1.8438823e-05
1.8276373e-05
1.811392e-05
1.7951465e-05
1.7789009e-05
1.7626551e-05
1.7464093e-05
1.7301634e-05
1.7139174e-05
1.6976714e-05
1.6814254e-05
1.6651793e-05
1.6489333e-05
1.6326873e-05
1.6164412e-05
1.6001952e-05
1.5839493e-05
1.5677033e-05
1.5514573e-05
1.5352114e-05
1.5189655e-05
1.5027196e-05
1.4864738e-05
1.4702279e-05
1.4539821e-05
1.4377363e-05
1.4214905e-05
1.4052448e-05
1.388999e-05
1.3727533e-05
1.3565076e-05
1.3402619e-05
1.3240162e-05
1.3077705e-05
1.2915248e-05
1.2752792e-05
1.2590335e-05
1.2427879e-05
1.2265422e-05
1.2102966e-05
1.1940509e-05
1.1778053e-05
1.1615597e-05
1.1453141e-05
1.1290685e-05
1.1128228e-05
1.0965772e-05
1.0803316e-05
1.064086e-05
1.0478404e-05
1.0315948e-05
1.0153492e-05
9.9910362e-06
9.8285802e-06
9.6661243e-06
9.5036683e-06
9.3412124e-06
9.1787564e-06
9.0163005e-06
8.8538446e-06
8.6913887e-06
8.5289328e-06
8.3664769e-06
8.204021e-06
8.0415652e-06
7.8791093e-06
7.7166534e-06
7.5541975e-06
7.3917417e-06
7.2292858e-06
7.0668299e-06
6.904374e-06
6.7419181e-06
6.5794622e-06
6.4170063e-06
6.2545504e-06
6.0920945e-06
5.9296386e-06
5.7671826e-06
5.6047267e-06
5.4422707e-06
5.2798147e-06
5.1173587e-06
4.9549027e-06
4.7924466e-06
4.6299906e-06
4.4675345e-06
4.3050783e-06
4.1426222e-06
3.980166e-06
3.8177098e-06
3.6552536e-06
3.4927973e-06
3.330341e-06
3.1678847e-06
3.0054283e-06
2.842972e-06
2.6805156e-06
2.5180592e-06
2.3556028e-06
2.1931465e-06
2.0306901e-06
1.8682338e-06
1.7057775e-06
1.5433213e-06
1.3808652e-06
1.2184092e-06
1.0559534e-06
8.9349771e-07
7.3104225e-07
5.6858705e-07
4.0613224e-07
2.4367773e-07
8.1221811e-08
7.0112674e-05
6.0456048e-05
5.2860811e-05
4.7027948e-05
4.2706994e-05
3.9608061e-05
3.7368943e-05
3.5714187e-05
3.4460463e-05
3.3486286e-05
3.2710659e-05
3.2078981e-05
3.1553759e-05
3.1108689e-05
3.0724916e-05
3.0388649e-05
3.0089607e-05
2.9819997e-05
2.9573821e-05
2.9346405e-05
2.9134061e-05
2.8933854e-05
2.8743428e-05
2.8560878e-05
2.8384656e-05
2.8213499e-05
2.8046372e-05
2.7882426e-05
2.7720964e-05
2.7561414e-05
2.7403306e-05
2.7246255e-05
2.7089948e-05
2.693413e-05
2.6778595e-05
2.662318e-05
2.6467753e-05
2.6312213e-05
2.6156482e-05
2.6000502e-05
2.5844231e-05
2.568764e-05
2.553071e-05
2.5373432e-05
2.5215806e-05
2.5057832e-05
2.4899521e-05
2.4740881e-05
2.4581928e-05
2.4422676e-05
2.4263141e-05
2.4103341e-05
2.3943292e-05
2.3783013e-05
2.3622519e-05
2.3461828e-05
2.3300955e-05
2.3139916e-05
2.2978725e-05
2.2817395e-05
2.265594e-05
2.2494371e-05
2.2332699e-05
2.2170935e-05
2.2009087e-05
2.1847165e-05
2.1685177e-05
2.1523129e-05
2.1361029e-05
2.1198881e-05
2.1036692e-05
2.0874467e-05
2.0712209e-05
2.0549923e-05
2.0387612e-05
2.0225279e-05
2.0062927e-05
1.9900559e-05
1.9738176e-05
1.9575781e-05
1.9413376e-05
1.9250961e-05
1.9088539e-05
1.892611e-05
1.8763675e-05
1.8601235e-05
1.8438792e-05
1.8276345e-05
1.8113895e-05
1.7951444e-05
1.778899e-05
1.7626535e-05
1.7464078e-05
1.7301621e-05
1.7139163e-05
1.6976704e-05
1.6814245e-05
1.6651786e-05
1.6489327e-05
1.6326867e-05
1.6164408e-05
1.6001949e-05
1.5839489e-05
1.567703e-05
1.5514571e-05
1.5352112e-05
1.5189654e-05
1.5027195e-05
1.4864737e-05
1.4702279e-05
1.4539821e-05
1.4377363e-05
1.4214905e-05
1.4052448e-05
1.388999e-05
1.3727533e-05
1.3565076e-05
1.3402619e-05
1.3240162e-05
1.3077705e-05
1.2915248e-05
1.2752792e-05
1.2590335e-05
1.2427879e-05
1.2265422e-05
1.2102966e-05
1.194051e-05
1.1778053e-05
1.1615597e-05
1.1453141e-05
1.1290685e-05
1.1128229e-05
1.0965772e-05
1.0803316e-05
1.064086e-05
1.0478404e-05
1.0315948e-05
1.0153492e-05
9.9910362e-06
9.8285803e-06
9.6661243e-06
9.5036684e-06
9.3412124e-06
9.1787565e-06
9.0163006e-06
8.8538446e-06
8.6913887e-06
8.5289328e-06
8.3664769e-06
8.2040211e-06
8.0415652e-06
7.8791093e-06
7.7166534e-06
7.5541975e-06
7.3917417e-06
7.2292858e-06
7.0668299e-06
6.904374e-06
6.7419181e-06
6.5794622e-06
6.4170063e-06
6.2545504e-06
6.0920945e-06
5.9296386e-06
5.7671826e-06
5.6047267e-06
5.4422707e-06
5.2798147e-06
5.1173587e-06
4.9549027e-06
4.7924467e-06
4.6299906e-06
4.4675345e-06
4.3050784e-06
4.1426223e-06
3.9801662e-06
3.81771e-06
3.6552538e-06
3.4927975e-06
3.3303413e-06
3.167885e-06
3.0054287e-06
2.8429724e-06
2.6805161e-06
2.5180598e-06
2.3556035e-06
2.1931472e-06
2.030691e-06
1.8682348e-06
1.7057786e-06
1.5433225e-06
1.3808665e-06
1.2184107e-06
1.0559549e-06
8.9349938e-07
7.3104404e-07
5.6858895e-07
4.0613426e-07
2.4367994e-07
8.122223e-08
5.8679937e-05
5.4449224e-05
5.0072875e-05
4.590686e-05
4.2460933e-05
3.977341e-05
3.7700333e-05
3.6094017e-05
3.4835329e-05
3.3833913e-05
3.30236e-05
3.2356561e-05
3.179817e-05
3.1323148e-05
3.0912827e-05
3.0553238e-05
3.0233788e-05
2.9946343e-05
2.9684578e-05
2.9443522e-05
2.9219229e-05
2.9008542e-05
2.8808912e-05
2.861827e-05
2.8434927e-05
2.8257501e-05
2.8084851e-05
2.791604e-05
2.7750291e-05
2.7586965e-05
2.7425532e-05
2.7265555e-05
2.7106675e-05
2.6948596e-05
2.6791078e-05
2.6633924e-05
2.6476975e-05
2.6320106e-05
2.6163215e-05
2.6006225e-05
2.5849076e-05
2.5691723e-05
2.5534135e-05
2.5376289e-05
2.5218174e-05
2.5059781e-05
2.490111e-05
2.4742165e-05
2.4582952e-05
2.4423481e-05
2.4263761e-05
2.4103807e-05
2.3943629e-05
2.3783244e-05
2.3622663e-05
2.3461901e-05
2.3300971e-05
2.3139887e-05
2.2978661e-05
2.2817305e-05
2.265583e-05
2.2494247e-05
2.2332566e-05
2.2170796e-05
2.2008947e-05
2.1847025e-05
2.1685039e-05
2.1522996e-05
2.13609e-05
2.1198758e-05
2.1036576e-05
2.0874357e-05
2.0712106e-05
2.0549827e-05
2.0387523e-05
2.0225197e-05
2.0062852e-05
1.990049e-05
1.9738113e-05
1.9575724e-05
1.9413324e-05
1.9250914e-05
1.9088496e-05
1.8926071e-05
1.876364e-05
1.8601204e-05
1.8438764e-05
1.827632e-05
1.8113874e-05
1.7951424e-05
1.7788973e-05
1.762652e-05
1.7464065e-05
1.7301609e-05
1.7139153e-05
1.6976695e-05
1.6814238e-05
1.665178e-05
1.6489321e-05
1.6326862e-05
1.6164404e-05
1.6001945e-05
1.5839486e-05
1.5677028e-05
1.5514569e-05
1.535211e-05
1.5189652e-05
1.5027194e-05
1.4864736e-05
1.4702278e-05
1.453982e-05
1.4377362e-05
1.4214905e-05
1.4052447e-05
1.388999e-05
1.3727533e-05
1.3565076e-05
1.3402619e-05
1.3240162e-05
1.3077705e-05
1.2915248e-05
1.2752792e-05
1.2590335e-05
1.2427879e-05
1.2265422e-05
1.2102966e-05
1.194051e-05
1.1778053e-05
1.1615597e-05
1.1453141e-05
1.1290685e-05
1.1128229e-05
1.0965772e-05
1.0803316e-05
1.064086e-05
1.0478404e-05
1.0315948e-05
1.0153492e-05
9.9910363e-06
9.8285803e-06
9.6661243e-06
9.5036684e-06
9.3412124e-06
9.1787565e-06
9.0163006e-06
8.8538447e-06
8.6913888e-06
8.5289329e-06
8.366477e-06
8.2040211e-06
8.0415652e-06
7.8791093e-06
7.7166534e-06
7.5541975e-06
7.3917416e-06
7.2292858e-06
7.0668299e-06
6.904374e-06
6.7419181e-06
6.5794622e-06
6.4170063e-06
6.2545504e-06
6.0920945e-06
5.9296386e-06
5.7671826e-06
5.6047267e-06
5.4422707e-06
5.2798147e-06
5.1173588e-06
4.9549027e-06
4.7924467e-06
4.6299907e-06
4.4675346e-06
4.3050785e-06
4.1426224e-06
3.9801663e-06
3.8177102e-06
3.655254e-06
3.4927978e-06
3.3303416e-06
3.1678854e-06
3.0054291e-06
2.8429729e-06
2.6805167e-06
2.5180604e-06
2.3556042e-06
2.193148e-06
2.0306918e-06
1.8682357e-06
1.7057796e-06
1.5433236e-06
1.3808677e-06
1.2184119e-06
1.0559563e-06
8.935008e-07
7.3104553e-07
5.6859049e-07
4.0613584e-07
2.4368164e-07
8.1222363e-08
5.1399433e-05
4.9658296e-05
4.7190217e-05
4.4341726e-05
4.1727496e-05
3.9517254e-05
3.7701377e-05
3.6225257e-05
3.5025611e-05
3.4044481e-05
3.3234065e-05
3.2556735e-05
3.1983445e-05
3.1491921e-05
3.1065075e-05
3.0689732e-05
3.0355664e-05
3.0054865e-05
2.9781018e-05
2.9529095e-05
2.9295067e-05
2.9075678e-05
2.8868282e-05
2.8670719e-05
2.8481214e-05
2.8298302e-05
2.8120775e-05
2.7947628e-05
2.777803e-05
2.7611287e-05
2.7446824e-05
2.7284163e-05
2.7122908e-05
2.696273e-05
2.6803359e-05
2.664457e-05
2.6486183e-05
2.6328049e-05
2.6170048e-05
2.6012086e-05
2.5854087e-05
2.5695992e-05
2.5537758e-05
2.5379351e-05
2.5220748e-05
2.5061935e-05
2.4902902e-05
2.4743645e-05
2.4584164e-05
2.4424465e-05
2.4264551e-05
2.4104432e-05
2.3944116e-05
2.3783613e-05
2.3622936e-05
2.3462093e-05
2.3301097e-05
2.3139959e-05
2.2978689e-05
2.2817298e-05
2.2655796e-05
2.2494192e-05
2.2332495e-05
2.2170714e-05
2.2008857e-05
2.1846931e-05
2.1684942e-05
2.1522898e-05
2.1360803e-05
2.1198664e-05
2.1036485e-05
2.087427e-05
2.0712023e-05
2.0549749e-05
2.0387449e-05
2.0225128e-05
2.0062788e-05
1.9900431e-05
1.9738059e-05
1.9575674e-05
1.9413278e-05
1.9250872e-05
1.9088458e-05
1.8926037e-05
1.8763609e-05
1.8601177e-05
1.8438739e-05
1.8276298e-05
1.8113853e-05
1.7951406e-05
1.7788957e-05
1.7626505e-05
1.7464052e-05
1.7301598e-05
1.7139143e-05
1.6976687e-05
1.681423e-05
1.6651773e-05
1.6489315e-05
1.6326857e-05
1.6164399e-05
1.6001941e-05
1.5839483e-05
1.5677025e-05
1.5514567e-05
1.5352108e-05
1.518965e-05
1.5027192e-05
1.4864735e-05
1.4702277e-05
1.4539819e-05
1.4377362e-05
1.4214904e-05
1.4052447e-05
1.388999e-05
1.3727532e-05
1.3565075e-05
1.3402619e-05
1.3240162e-05
1.3077705e-05
1.2915248e-05
1.2752792e-05
1.2590335e-05
1.2427879e-05
1.2265422e-05
1.2102966e-05
1.194051e-05
1.1778053e-05
1.1615597e-05
1.1453141e-05
1.1290685e-05
1.1128229e-05
1.0965773e-05
1.0803316e-05
1.064086e-05
1.0478404e-05
1.0315948e-05
1.0153492e-05
9.9910363e-06
9.8285803e-06
9.6661244e-06
9.5036684e-06
9.3412125e-06
9.1787565e-06
9.0163006e-06
8.8538447e-06
8.6913888e-06
8.5289329e-06
8.366477e-06
8.2040211e-06
8.0415652e-06
7.8791093e-06
7.7166534e-06
7.5541975e-06
7.3917416e-06
7.2292858e-06
7.0668299e-06
6.904374e-06
6.7419181e-06
6.5794622e-06
6.4170063e-06
6.2545504e-06
6.0920945e-06
5.9296386e-06
5.7671826e-06
5.6047267e-06
5.4422707e-06
5.2798148e-06
5.1173588e-06
4.9549028e-06
4.7924468e-06
4.6299908e-06
4.4675347e-06
4.3050786e-06
4.1426226e-06
3.9801665e-06
3.8177103e-06
3.6552542e-06
3.4927981e-06
3.3303419e-06
3.1678857e-06
3.0054295e-06
2.8429733e-06
2.6805172e-06
2.518061e-06
2.3556048e-06
2.1931487e-06
2.0306926e-06
1.8682365e-06
1.7057805e-06
1.5433246e-06
1.3808688e-06
1.218413e-06
1.0559575e-06
8.9350206e-07
7.3104683e-07
5.6859181e-07
4.0613716e-07
2.4368305e-07
8.1222458e-08
4.643579e-05
4.5934311e-05
4.4619489e-05
4.2722369e-05
4.0789495e-05
3.9024819e-05
3.7486175e-05
3.6176033e-05
3.5071606e-05
3.4141948e-05
3.3356529e-05
3.2688473e-05
3.2115325e-05
3.1618823e-05
3.1184299e-05
3.080003e-05
3.0456649e-05
3.0146651e-05
2.9864001e-05
2.9603818e-05
2.936214e-05
2.9135728e-05
2.8921927e-05
2.8718548e-05
2.8523781e-05
2.8336122e-05
2.8154322e-05
2.7977338e-05
2.7804297e-05
2.7634473e-05
2.7467256e-05
2.7302136e-05
2.7138689e-05
2.6976561e-05
2.6815456e-05
2.6655129e-05
2.6495379e-05
2.633604e-05
2.6176975e-05
2.6018075e-05
2.585925e-05
2.5700431e-05
2.5541561e-05
2.5382599e-05
2.5223511e-05
2.5064276e-05
2.4904876e-05
2.4745301e-05
2.4585547e-05
2.4425611e-05
2.4265494e-05
2.4105201e-05
2.3944737e-05
2.3784109e-05
2.3623325e-05
2.3462393e-05
2.3301322e-05
2.3140121e-05
2.29788e-05
2.2817367e-05
2.265583e-05
2.2494198e-05
2.233248e-05
2.2170682e-05
2.2008812e-05
2.1846876e-05
2.1684881e-05
2.1522832e-05
2.1360735e-05
2.1198595e-05
2.1036416e-05
2.0874202e-05
2.0711958e-05
2.0549686e-05
2.0387389e-05
2.0225071e-05
2.0062734e-05
1.9900381e-05
1.9738012e-05
1.9575631e-05
1.9413238e-05
1.9250836e-05
1.9088425e-05
1.8926006e-05
1.8763581e-05
1.8601151e-05
1.8438716e-05
1.8276277e-05
1.8113835e-05
1.795139e-05
1.7788942e-05
1.7626492e-05
1.7464041e-05
1.7301588e-05
1.7139134e-05
1.6976679e-05
1.6814223e-05
1.6651767e-05
1.648931e-05
1.6326853e-05
1.6164395e-05
1.6001938e-05
1.583948e-05
1.5677022e-05
1.5514564e-05
1.5352106e-05
1.5189649e-05
1.5027191e-05
1.4864733e-05
1.4702276e-05
1.4539818e-05
1.4377361e-05
1.4214903e-05
1.4052446e-05
1.3889989e-05
1.3727532e-05
1.3565075e-05
1.3402618e-05
1.3240162e-05
1.3077705e-05
1.2915248e-05
1.2752792e-05
1.2590335e-05
1.2427879e-05
1.2265422e-05
1.2102966e-05
1.194051e-05
1.1778053e-05
1.1615597e-05
1.1453141e-05
1.1290685e-05
1.1128229e-05
1.0965773e-05
1.0803316e-05
1.064086e-05
1.0478404e-05
1.0315948e-05
1.0153492e-05
9.9910364e-06
9.8285804e-06
9.6661244e-06
9.5036684e-06
9.3412125e-06
9.1787566e-06
9.0163006e-06
8.8538447e-06
8.6913888e-06
8.5289329e-06
8.366477e-06
8.2040211e-06
8.0415652e-06
7.8791093e-06
7.7166534e-06
7.5541975e-06
7.3917417e-06
7.2292858e-06
7.0668299e-06
6.904374e-06
6.7419181e-06
6.5794622e-06
6.4170063e-06
6.2545504e-06
6.0920945e-06
5.9296386e-06
5.7671827e-06
5.6047267e-06
5.4422708e-06
5.2798148e-06
5.1173588e-06
4.9549029e-06
4.7924469e-06
4.6299908e-06
4.4675348e-06
4.3050788e-06
4.1426227e-06
3.9801666e-06
3.8177105e-06
3.6552544e-06
3.4927983e-06
3.3303422e-06
3.1678861e-06
3.0054299e-06
2.8429738e-06
2.6805176e-06
2.5180615e-06
2.3556054e-06
2.1931493e-06
2.0306933e-06
1.8682373e-06
1.7057814e-06
1.5433255e-06
1.3808697e-06
1.2184141e-06
1.0559585e-06
8.9350317e-07
7.3104798e-07
5.6859295e-07
4.0613829e-07
2.4368426e-07
8.1222576e-08
4.3002563e-05
4.3074574e-05
4.2430328e-05
4.1190461e-05
3.9785213e-05
3.8404027e-05
3.7129822e-05
3.5995377e-05
3.5004119e-05
3.4145168e-05
3.3402299e-05
3.2758421e-05
3.2197625e-05
3.1705963e-05
3.1271589e-05
3.088462e-05
3.0536883e-05
3.0221643e-05
2.9933361e-05
2.9667472e-05
2.9420207e-05
2.9188449e-05
2.8969609e-05
2.8761533e-05
2.8562422e-05
2.8370772e-05
2.8185321e-05
2.8005011e-05
2.7828952e-05
2.7656395e-05
2.748671e-05
2.7319368e-05
2.7153923e-05
2.6990001e-05
2.6827291e-05
2.666553e-05
2.65045e-05
2.6344021e-05
2.6183944e-05
2.6024145e-05
2.5864524e-05
2.5705001e-05
2.5545511e-05
2.5386003e-05
2.5226436e-05
2.506678e-05
2.4907012e-05
2.4747117e-05
2.4587083e-05
2.4426904e-05
2.4266578e-05
2.4106103e-05
2.3945483e-05
2.3784721e-05
2.3623822e-05
2.3462793e-05
2.3301639e-05
2.3140369e-05
2.2978989e-05
2.2817506e-05
2.2655929e-05
2.2494264e-05
2.2332518e-05
2.2170698e-05
2.200881e-05
2.1846861e-05
2.1684855e-05
2.1522798e-05
2.1360695e-05
2.1198551e-05
2.1036369e-05
2.0874154e-05
2.071191e-05
2.0549638e-05
2.0387343e-05
2.0225026e-05
2.0062691e-05
1.9900339e-05
1.9737973e-05
1.9575594e-05
1.9413204e-05
1.9250804e-05
1.9088395e-05
1.8925979e-05
1.8763557e-05
1.8601128e-05
1.8438695e-05
1.8276258e-05
1.8113818e-05
1.7951374e-05
1.7788928e-05
1.762648e-05
1.7464029e-05
1.7301578e-05
1.7139125e-05
1.6976671e-05
1.6814216e-05
1.665176e-05
1.6489304e-05
1.6326848e-05
1.6164391e-05
1.6001934e-05
1.5839477e-05
1.5677019e-05
1.5514562e-05
1.5352104e-05
1.5189647e-05
1.5027189e-05
1.4864732e-05
1.4702274e-05
1.4539817e-05
1.437736e-05
1.4214903e-05
1.4052446e-05
1.3889989e-05
1.3727532e-05
1.3565075e-05
1.3402618e-05
1.3240161e-05
1.3077705e-05
1.2915248e-05
1.2752792e-05
1.2590335e-05
1.2427879e-05
1.2265422e-05
1.2102966e-05
1.194051e-05
1.1778053e-05
1.1615597e-05
1.1453141e-05
1.1290685e-05
1.1128229e-05
1.0965773e-05
1.0803317e-05
1.064086e-05
1.0478404e-05
1.0315948e-05
1.0153492e-05
9.9910364e-06
9.8285804e-06
9.6661244e-06
9.5036685e-06
9.3412125e-06
9.1787566e-06
9.0163006e-06
8.8538447e-06
8.6913888e-06
8.5289329e-06
8.366477e-06
8.2040211e-06
8.0415652e-06
7.8791093e-06
7.7166534e-06
7.5541975e-06
7.3917417e-06
7.2292858e-06
7.0668299e-06
6.904374e-06
6.7419181e-06
6.5794622e-06
6.4170063e-06
6.2545504e-06
6.0920945e-06
5.9296386e-06
5.7671827e-06
5.6047267e-06
5.4422708e-06
5.2798148e-06
5.1173589e-06
4.9549029e-06
4.7924469e-06
4.6299909e-06
4.4675349e-06
4.3050789e-06
4.1426228e-06
3.9801668e-06
3.8177107e-06
3.6552547e-06
3.4927986e-06
3.3303425e-06
3.1678864e-06
3.0054303e-06
2.8429742e-06
2.6805181e-06
2.518062e-06
2.355606e-06
2.1931499e-06
2.030694e-06
1.868238e-06
1.7057821e-06
1.5433263e-06
1.3808706e-06
1.218415e-06
1.0559595e-06
8.9350415e-07
7.3104897e-07
5.6859393e-07
4.0613925e-07
2.4368528e-07
8.1222738e-08
4.0546163e-05
4.086142e-05
4.0598962e-05
3.9804264e-05
3.8795469e-05
3.7729345e-05
3.6690956e-05
3.5725937e-05
3.485278e-05
3.4074163e-05
3.3384679e-05
3.2775338e-05
3.2236078e-05
3.1757081e-05
3.1329383e-05
3.0945087e-05
3.059739e-05
3.0280499e-05
2.9989514e-05
2.9720311e-05
2.9469419e-05
2.9233922e-05
2.9011364e-05
2.8799678e-05
2.859712e-05
2.840222e-05
2.8213732e-05
2.8030605e-05
2.7851947e-05
2.7677005e-05
2.750514e-05
2.7335812e-05
2.7168563e-05
2.7003009e-05
2.6838824e-05
2.6675733e-05
2.6513509e-05
2.6351958e-05
2.6190921e-05
2.6030265e-05
2.586988e-05
2.5709678e-05
2.5549584e-05
2.5389541e-05
2.5229501e-05
2.5069428e-05
2.4909293e-05
2.4749074e-05
2.4588758e-05
2.4428332e-05
2.4267789e-05
2.4107127e-05
2.3946344e-05
2.3785441e-05
2.362442e-05
2.3463286e-05
2.3302043e-05
2.3140696e-05
2.2979251e-05
2.2817713e-05
2.2656089e-05
2.2494385e-05
2.2332607e-05
2.217076e-05
2.200885e-05
2.1846882e-05
2.1684862e-05
2.1522793e-05
2.1360682e-05
2.119853e-05
2.1036344e-05
2.0874125e-05
2.0711878e-05
2.0549605e-05
2.0387308e-05
2.0224992e-05
2.0062657e-05
1.9900307e-05
1.9737942e-05
1.9575564e-05
1.9413175e-05
1.9250777e-05
1.908837e-05
1.8925956e-05
1.8763535e-05
1.8601108e-05
1.8438677e-05
1.8276241e-05
1.8113802e-05
1.795136e-05
1.7788915e-05
1.7626468e-05
1.7464019e-05
1.7301568e-05
1.7139116e-05
1.6976663e-05
1.6814209e-05
1.6651754e-05
1.6489299e-05
1.6326843e-05
1.6164387e-05
1.600193e-05
1.5839473e-05
1.5677016e-05
1.5514559e-05
1.5352102e-05
1.5189645e-05
1.5027188e-05
1.486473e-05
1.4702273e-05
1.4539816e-05
1.4377359e-05
1.4214902e-05
1.4052445e-05
1.3889988e-05
1.3727531e-05
1.3565074e-05
1.3402618e-05
1.3240161e-05
1.3077704e-05
1.2915248e-05
1.2752791e-05
1.2590335e-05
1.2427879e-05
1.2265422e-05
1.2102966e-05
1.194051e-05
1.1778053e-05
1.1615597e-05
1.1453141e-05
1.1290685e-05
1.1128229e-05
1.0965773e-05
1.0803317e-05
1.064086e-05
1.0478404e-05
1.0315948e-05
1.0153492e-05
9.9910364e-06
9.8285804e-06
9.6661244e-06
9.5036685e-06
9.3412125e-06
9.1787566e-06
9.0163006e-06
8.8538447e-06
8.6913888e-06
8.5289329e-06
8.366477e-06
8.2040211e-06
8.0415652e-06
7.8791093e-06
7.7166534e-06
7.5541975e-06
7.3917417e-06
7.2292858e-06
7.0668299e-06
6.904374e-06
6.7419181e-06
6.5794622e-06
6.4170063e-06
6.2545504e-06
6.0920945e-06
5.9296386e-06
5.7671827e-06
5.6047268e-06
5.4422708e-06
5.2798149e-06
5.1173589e-06
4.954903e-06
4.792447e-06
4.629991e-06
4.467535e-06
4.305079e-06
4.142623e-06
3.980167e-06
3.8177109e-06
3.6552549e-06
3.4927988e-06
3.3303428e-06
3.1678867e-06
3.0054307e-06
2.8429746e-06
2.6805186e-06
2.5180625e-06
2.3556065e-06
2.1931505e-06
2.0306946e-06
1.8682387e-06
1.7057828e-06
1.5433271e-06
1.3808714e-06
1.2184158e-06
1.0559603e-06
8.93505e-07
7.3104981e-07
5.6859475e-07
4.0614004e-07
2.4368612e-07
8.1222957e-08
3.8721609e-05
3.9124603e-05
3.9077408e-05
3.8581237e-05
3.7864657e-05
3.7049679e-05
3.6212828e-05
3.5402231e-05
3.464359e-05
3.3947852e-05
3.3317153e-05
3.2748718e-05
3.2237333e-05
3.1776831e-05
3.1360939e-05
3.0983722e-05
3.0639791e-05
3.0324368e-05
3.0033282e-05
2.9762926e-05
2.9510201e-05
2.9272453e-05
2.9047412e-05
2.8833141e-05
2.8627989e-05
2.8430546e-05
2.8239609e-05
2.8054153e-05
2.7873303e-05
2.7696312e-05
2.7522546e-05
2.7351462e-05
2.7182601e-05
2.7015569e-05
2.6850036e-05
2.6685721e-05
2.6522385e-05
2.635983e-05
2.6197887e-05
2.6036415e-05
2.5875299e-05
2.571444e-05
2.5553761e-05
2.5393195e-05
2.523269e-05
2.5072203e-05
2.4911702e-05
2.475116e-05
2.4590558e-05
2.4429881e-05
2.4269118e-05
2.4108262e-05
2.394731e-05
2.3786259e-05
2.3625111e-05
2.3463866e-05
2.3302526e-05
2.3141096e-05
2.297958e-05
2.2817981e-05
2.2656306e-05
2.2494557e-05
2.2332742e-05
2.2170863e-05
2.2008927e-05
2.1846938e-05
2.1684899e-05
2.1522816e-05
2.1360692e-05
2.1198532e-05
2.1036337e-05
2.0874113e-05
2.0711861e-05
2.0549585e-05
2.0387286e-05
2.0224968e-05
2.0062633e-05
1.9900282e-05
1.9737917e-05
1.957554e-05
1.9413152e-05
1.9250754e-05
1.9088348e-05
1.8925935e-05
1.8763516e-05
1.860109e-05
1.843866e-05
1.8276226e-05
1.8113788e-05
1.7951347e-05
1.7788903e-05
1.7626457e-05
1.7464009e-05
1.7301559e-05
1.7139108e-05
1.6976656e-05
1.6814202e-05
1.6651748e-05
1.6489294e-05
1.6326838e-05
1.6164383e-05
1.6001926e-05
1.583947e-05
1.5677013e-05
1.5514557e-05
1.53521e-05
1.5189643e-05
1.5027186e-05
1.4864729e-05
1.4702272e-05
1.4539815e-05
1.4377358e-05
1.4214901e-05
1.4052444e-05
1.3889987e-05
1.3727531e-05
1.3565074e-05
1.3402617e-05
1.3240161e-05
1.3077704e-05
1.2915248e-05
1.2752791e-05
1.2590335e-05
1.2427878e-05
1.2265422e-05
1.2102966e-05
1.194051e-05
1.1778053e-05
1.1615597e-05
1.1453141e-05
1.1290685e-05
1.1128229e-05
1.0965773e-05
1.0803317e-05
1.064086e-05
1.0478404e-05
1.0315948e-05
1.0153492e-05
9.9910364e-06
9.8285804e-06
9.6661244e-06
9.5036685e-06
9.3412125e-06
9.1787566e-06
9.0163007e-06
8.8538447e-06
8.6913888e-06
8.5289329e-06
8.366477e-06
8.2040211e-06
8.0415652e-06
7.8791093e-06
7.7166534e-06
7.5541975e-06
7.3917417e-06
7.2292858e-06
7.0668299e-06
6.904374e-06
6.7419181e-06
6.5794622e-06
6.4170063e-06
6.2545504e-06
6.0920945e-06
5.9296386e-06
5.7671827e-06
5.6047268e-06
5.4422709e-06
5.2798149e-06
5.117359e-06
4.954903e-06
4.7924471e-06
4.6299911e-06
4.4675351e-06
4.3050791e-06
4.1426231e-06
3.9801671e-06
3.8177111e-06
3.6552551e-06
3.4927991e-06
3.3303431e-06
3.167887e-06
3.005431e-06
2.842975e-06
2.680519e-06
2.518063e-06
2.355607e-06
2.1931511e-06
2.0306952e-06
1.8682393e-06
1.7057835e-06
1.5433278e-06
1.3808721e-06
1.2184165e-06
1.0559611e-06
8.9350572e-07
7.3105052e-07
5.6859544e-07
4.0614068e-07
2.4368679e-07
8.122324e-08
3.7322261e-05
3.7741258e-05
3.781342e-05
3.7516356e-05
3.7012762e-05
3.6394252e-05
3.5725031e-05
3.5050197e-05
3.4397607e-05
3.3782565e-05
3.321203e-05
3.2687684e-05
3.2208083e-05
3.1770097e-05
3.1369821e-05
3.1003129e-05
3.0665994e-05
3.0354657e-05
3.0065705e-05
2.9796092e-05
2.9543132e-05
2.9304476e-05
2.907808e-05
2.886217e-05
2.8655214e-05
2.8455889e-05
2.8263056e-05
2.8075732e-05
2.7893074e-05
2.7714355e-05
2.7538953e-05
2.7366334e-05
2.7196041e-05
2.7027682e-05
2.6860925e-05
2.6695485e-05
2.6531119e-05
2.6367624e-05
2.6204827e-05
2.6042581e-05
2.5880763e-05
2.5719273e-05
2.5558025e-05
2.5396949e-05
2.5235987e-05
2.5075092e-05
2.4914227e-05
2.4753361e-05
2.4592472e-05
2.443154e-05
2.4270552e-05
2.4109498e-05
2.3948372e-05
2.3787168e-05
2.3625886e-05
2.3464524e-05
2.3303083e-05
2.3141564e-05
2.2979971e-05
2.2818307e-05
2.2656574e-05
2.2494777e-05
2.233292e-05
2.2171006e-05
2.200904e-05
2.1847025e-05
2.1684965e-05
2.1522864e-05
2.1360726e-05
2.1198553e-05
2.1036349e-05
2.0874116e-05
2.0711858e-05
2.0549577e-05
2.0387275e-05
2.0224954e-05
2.0062617e-05
1.9900264e-05
1.9737899e-05
1.9575521e-05
1.9413133e-05
1.9250736e-05
1.9088331e-05
1.8925918e-05
1.8763499e-05
1.8601075e-05
1.8438646e-05
1.8276212e-05
1.8113775e-05
1.7951335e-05
1.7788892e-05
1.7626447e-05
1.7464e-05
1.7301551e-05
1.71391e-05
1.6976649e-05
1.6814196e-05
1.6651743e-05
1.6489288e-05
1.6326834e-05
1.6164378e-05
1.6001923e-05
1.5839467e-05
1.5677011e-05
1.5514554e-05
1.5352098e-05
1.5189641e-05
1.5027184e-05
1.4864727e-05
1.4702271e-05
1.4539814e-05
1.4377357e-05
1.42149e-05
1.4052443e-05
1.3889987e-05
1.372753e-05
1.3565073e-05
1.3402617e-05
1.324016e-05
1.3077704e-05
1.2915247e-05
1.2752791e-05
1.2590335e-05
1.2427878e-05
1.2265422e-05
1.2102966e-05
1.1940509e-05
1.1778053e-05
1.1615597e-05
1.1453141e-05
1.1290685e-05
1.1128229e-05
1.0965773e-05
1.0803317e-05
1.064086e-05
1.0478404e-05
1.0315948e-05
1.0153492e-05
9.9910364e-06
9.8285804e-06
9.6661244e-06
9.5036685e-06
9.3412125e-06
9.1787566e-06
9.0163007e-06
8.8538447e-06
8.6913888e-06
8.5289329e-06
8.366477e-06
8.2040211e-06
8.0415652e-06
7.8791093e-06
7.7166534e-06
7.5541975e-06
7.3917417e-06
7.2292858e-06
7.0668299e-06
6.904374e-06
6.7419181e-06
6.5794622e-06
6.4170064e-06
6.2545505e-06
6.0920946e-06
5.9296387e-06
5.7671828e-06
5.6047268e-06
5.4422709e-06
5.279815e-06
5.1173591e-06
4.9549031e-06
4.7924472e-06
4.6299912e-06
4.4675352e-06
4.3050793e-06
4.1426233e-06
3.9801673e-06
3.8177113e-06
3.6552553e-06
3.4927993e-06
3.3303433e-06
3.1678873e-06
3.0054313e-06
2.8429753e-06
2.6805194e-06
2.5180634e-06
2.3556075e-06
2.1931515e-06
2.0306957e-06
1.8682398e-06
1.7057841e-06
1.5433283e-06
1.3808727e-06
1.2184171e-06
1.0559617e-06
8.9350632e-07
7.310511e-07
5.6859598e-07
4.0614118e-07
2.4368728e-07
8.1223589e-08
3.6219483e-05
3.6623054e-05
3.6759274e-05
3.6594717e-05
3.6245536e-05
3.5779015e-05
3.5246803e-05
3.4688513e-05
3.4131173e-05
3.3591773e-05
3.3080009e-05
3.2600531e-05
3.2154666e-05
3.1741681e-05
3.1359649e-05
3.1006031e-05
3.067805e-05
3.0372914e-05
3.0087956e-05
2.98207e-05
2.9568893e-05
2.9330514e-05
2.9103768e-05
2.8887071e-05
2.8679031e-05
2.8478431e-05
2.8284211e-05
2.8095447e-05
2.7911338e-05
2.773119e-05
2.7554402e-05
2.7380455e-05
2.7208903e-05
2.7039359e-05
2.6871494e-05
2.6705023e-05
2.6539705e-05
2.6375333e-05
2.6211731e-05
2.604875e-05
2.5886262e-05
2.5724164e-05
2.5562364e-05
2.540079e-05
2.5239379e-05
2.5078081e-05
2.4916855e-05
2.4755666e-05
2.4594487e-05
2.4433298e-05
2.4272082e-05
2.4110826e-05
2.394952e-05
2.3788159e-05
2.3626737e-05
2.3465253e-05
2.3303705e-05
2.3142093e-05
2.2980419e-05
2.2818684e-05
2.265689e-05
2.249504e-05
2.2333137e-05
2.2171184e-05
2.2009184e-05
2.1847141e-05
2.1685057e-05
2.1522936e-05
2.136078e-05
2.1198593e-05
2.1036377e-05
2.0874135e-05
2.0711869e-05
2.0549581e-05
2.0387274e-05
2.0224949e-05
2.0062609e-05
1.9900254e-05
1.9737887e-05
1.9575508e-05
1.9413119e-05
1.9250722e-05
1.9088316e-05
1.8925904e-05
1.8763485e-05
1.8601061e-05
1.8438633e-05
1.82762e-05
1.8113764e-05
1.7951324e-05
1.7788882e-05
1.7626438e-05
1.7463991e-05
1.7301543e-05
1.7139093e-05
1.6976642e-05
1.681419e-05
1.6651737e-05
1.6489283e-05
1.6326829e-05
1.6164374e-05
1.6001919e-05
1.5839463e-05
1.5677008e-05
1.5514551e-05
1.5352095e-05
1.5189639e-05
1.5027182e-05
1.4864726e-05
1.4702269e-05
1.4539813e-05
1.4377356e-05
1.4214899e-05
1.4052443e-05
1.3889986e-05
1.3727529e-05
1.3565073e-05
1.3402616e-05
1.324016e-05
1.3077704e-05
1.2915247e-05
1.2752791e-05
1.2590334e-05
1.2427878e-05
1.2265422e-05
1.2102966e-05
1.1940509e-05
1.1778053e-05
1.1615597e-05
1.1453141e-05
1.1290685e-05
1.1128229e-05
1.0965773e-05
1.0803316e-05
1.064086e-05
1.0478404e-05
1.0315948e-05
1.0153492e-05
9.9910364e-06
9.8285804e-06
9.6661244e-06
9.5036685e-06
9.3412125e-06
9.1787566e-06
9.0163007e-06
8.8538447e-06
8.6913888e-06
8.5289329e-06
8.366477e-06
8.2040211e-06
8.0415652e-06
7.8791093e-06
7.7166534e-06
7.5541975e-06
7.3917417e-06
7.2292858e-06
7.0668299e-06
6.904374e-06
6.7419181e-06
6.5794623e-06
6.4170064e-06
6.2545505e-06
6.0920946e-06
5.9296387e-06
5.7671828e-06
5.6047269e-06
5.442271e-06
5.279815e-06
5.1173591e-06
4.9549032e-06
4.7924472e-06
4.6299913e-06
4.4675353e-06
4.3050794e-06
4.1426234e-06
3.9801675e-06
3.8177115e-06
3.6552555e-06
3.4927995e-06
3.3303436e-06
3.1678876e-06
3.0054316e-06
2.8429757e-06
2.6805197e-06
2.5180638e-06
2.3556079e-06
2.193152e-06
2.0306961e-06
1.8682403e-06
1.7057846e-06
1.5433288e-06
1.3808732e-06
1.2184176e-06
1.0559622e-06
8.9350681e-07
7.3105155e-07
5.6859639e-07
4.0614154e-07
2.4368761e-07
8.1224006e-08
3.5330318e-05
3.5706409e-05
3.5874911e-05
3.5798519e-05
3.5561121e-05
3.5211463e-05
3.4789992e-05
3.4330143e-05
3.3856563e-05
3.3386221e-05
3.293006e-05
3.2494522e-05
3.2082844e-05
3.1696093e-05
3.1333924e-05
3.0995136e-05
3.0678047e-05
3.038075e-05
3.0101279e-05
2.9837712e-05
2.9588228e-05
2.9351144e-05
2.9124928e-05
2.8908196e-05
2.8699713e-05
2.8498384e-05
2.8303238e-05
2.8113424e-05
2.7928193e-05
2.7746891e-05
2.7568947e-05
2.7393865e-05
2.7221212e-05
2.7050615e-05
2.6881751e-05
2.671434e-05
2.6548142e-05
2.6382952e-05
2.6218592e-05
2.6054912e-05
2.5891784e-05
2.5729099e-05
2.5566765e-05
2.5404705e-05
2.5242854e-05
2.5081158e-05
2.4919572e-05
2.475806e-05
2.4596592e-05
2.4435144e-05
2.4273697e-05
2.4112235e-05
2.3950746e-05
2.3789223e-05
2.3627658e-05
2.3466047e-05
2.3304387e-05
2.3142678e-05
2.2980918e-05
2.2819108e-05
2.2657248e-05
2.2495342e-05
2.233339e-05
2.2171394e-05
2.2009358e-05
2.1847283e-05
2.1685172e-05
2.1523028e-05
2.1360853e-05
2.119865e-05
2.103642e-05
2.0874167e-05
2.0711891e-05
2.0549596e-05
2.0387282e-05
2.0224952e-05
2.0062607e-05
1.990025e-05
1.973788e-05
1.9575499e-05
1.9413109e-05
1.9250711e-05
1.9088305e-05
1.8925892e-05
1.8763474e-05
1.860105e-05
1.8438622e-05
1.8276189e-05
1.8113753e-05
1.7951314e-05
1.7788873e-05
1.7626429e-05
1.7463983e-05
1.7301535e-05
1.7139086e-05
1.6976636e-05
1.6814184e-05
1.6651732e-05
1.6489279e-05
1.6326825e-05
1.616437e-05
1.6001915e-05
1.583946e-05
1.5677005e-05
1.5514549e-05
1.5352093e-05
1.5189637e-05
1.502718e-05
1.4864724e-05
1.4702268e-05
1.4539811e-05
1.4377355e-05
1.4214898e-05
1.4052442e-05
1.3889985e-05
1.3727529e-05
1.3565072e-05
1.3402616e-05
1.324016e-05
1.3077703e-05
1.2915247e-05
1.275279e-05
1.2590334e-05
1.2427878e-05
1.2265422e-05
1.2102965e-05
1.1940509e-05
1.1778053e-05
1.1615597e-05
1.1453141e-05
1.1290685e-05
1.1128229e-05
1.0965773e-05
1.0803316e-05
1.064086e-05
1.0478404e-05
1.0315948e-05
1.0153492e-05
9.9910364e-06
9.8285804e-06
9.6661244e-06
9.5036685e-06
9.3412125e-06
9.1787566e-06
9.0163007e-06
8.8538447e-06
8.6913888e-06
8.5289329e-06
8.366477e-06
8.2040211e-06
8.0415652e-06
7.8791093e-06
7.7166534e-06
7.5541975e-06
7.3917417e-06
7.2292858e-06
7.0668299e-06
6.904374e-06
6.7419181e-06
6.5794623e-06
6.4170064e-06
6.2545505e-06
6.0920946e-06
5.9296387e-06
5.7671828e-06
5.6047269e-06
5.442271e-06
5.2798151e-06
5.1173592e-06
4.9549032e-06
4.7924473e-06
4.6299914e-06
4.4675354e-06
4.3050795e-06
4.1426236e-06
3.9801676e-06
3.8177117e-06
3.6552557e-06
3.4927998e-06
3.3303438e-06
3.1678878e-06
3.0054319e-06
2.842976e-06
2.68052e-06
2.5180641e-06
2.3556082e-06
2.1931524e-06
2.0306965e-06
1.8682407e-06
1.705785e-06
1.5433293e-06
1.3808736e-06
1.2184181e-06
1.0559626e-06
8.9350718e-07
7.3105189e-07
5.6859668e-07
4.0614176e-07
2.4368776e-07
8.1224487e-08
3.4599801e-05
3.4945403e-05
3.5128033e-05
3.5110314e-05
3.4953919e-05
3.4693879e-05
3.436131e-05
3.3983715e-05
3.3582703e-05
3.3174235e-05
3.2769488e-05
3.2375818e-05
3.1997681e-05
3.1637422e-05
3.1295911e-05
3.0973029e-05
3.0668023e-05
3.0379766e-05
3.010693e-05
2.9848112e-05
2.960191e-05
2.9366974e-05
2.9142034e-05
2.8925917e-05
2.8717554e-05
2.8515976e-05
2.8320316e-05
2.8129801e-05
2.7943744e-05
2.7761538e-05
2.7582648e-05
2.7406606e-05
2.7233e-05
2.7061471e-05
2.6891708e-05
2.6723439e-05
2.6556429e-05
2.6390475e-05
2.6225402e-05
2.6061059e-05
2.5897317e-05
2.5734067e-05
2.5571214e-05
2.540868e-05
2.5246396e-05
2.5084308e-05
2.4922366e-05
2.4760533e-05
2.4598776e-05
2.4437067e-05
2.4275386e-05
2.4113715e-05
2.395204e-05
2.3790351e-05
2.3628639e-05
2.3466897e-05
2.3305122e-05
2.3143311e-05
2.2981461e-05
2.2819573e-05
2.2657645e-05
2.2495678e-05
2.2333674e-05
2.2171633e-05
2.2009557e-05
2.1847449e-05
2.1685309e-05
2.152314e-05
2.1360944e-05
2.1198722e-05
2.1036477e-05
2.087421e-05
2.0711924e-05
2.0549619e-05
2.0387298e-05
2.0224962e-05
2.0062613e-05
1.9900251e-05
1.9737878e-05
1.9575495e-05
1.9413103e-05
1.9250703e-05
1.9088296e-05
1.8925883e-05
1.8763464e-05
1.860104e-05
1.8438612e-05
1.827618e-05
1.8113744e-05
1.7951305e-05
1.7788864e-05
1.7626421e-05
1.7463975e-05
1.7301528e-05
1.7139079e-05
1.697663e-05
1.6814179e-05
1.6651727e-05
1.6489274e-05
1.632682e-05
1.6164366e-05
1.6001912e-05
1.5839457e-05
1.5677002e-05
1.5514546e-05
1.535209e-05
1.5189635e-05
1.5027179e-05
1.4864722e-05
1.4702266e-05
1.453981e-05
1.4377354e-05
1.4214897e-05
1.4052441e-05
1.3889984e-05
1.3727528e-05
1.3565072e-05
1.3402615e-05
1.3240159e-05
1.3077703e-05
1.2915246e-05
1.275279e-05
1.2590334e-05
1.2427878e-05
1.2265421e-05
1.2102965e-05
1.1940509e-05
1.1778053e-05
1.1615597e-05
1.1453141e-05
1.1290685e-05
1.1128229e-05
1.0965772e-05
1.0803316e-05
1.064086e-05
1.0478404e-05
1.0315948e-05
1.0153492e-05
9.9910364e-06
9.8285804e-06
9.6661244e-06
9.5036685e-06
9.3412125e-06
9.1787566e-06
9.0163007e-06
8.8538447e-06
8.6913888e-06
8.5289329e-06
8.366477e-06
8.2040211e-06
8.0415652e-06
7.8791093e-06
7.7166534e-06
7.5541975e-06
7.3917417e-06
7.2292858e-06
7.0668299e-06
6.904374e-06
6.7419182e-06
6.5794623e-06
6.4170064e-06
6.2545505e-06
6.0920946e-06
5.9296387e-06
5.7671828e-06
5.6047269e-06
5.442271e-06
5.2798151e-06
5.1173592e-06
4.9549033e-06
4.7924474e-06
4.6299915e-06
4.4675355e-06
4.3050796e-06
4.1426237e-06
3.9801678e-06
3.8177118e-06
3.6552559e-06
3.4927999e-06
3.330344e-06
3.1678881e-06
3.0054321e-06
2.8429762e-06
2.6805203e-06
2.5180644e-06
2.3556086e-06
2.1931527e-06
2.0306969e-06
1.8682411e-06
1.7057853e-06
1.5433296e-06
1.380874e-06
1.2184184e-06
1.0559629e-06
8.9350745e-07
7.3105212e-07
5.6859685e-07
4.0614185e-07
2.4368775e-07
8.1225028e-08
3.3990473e-05
3.4306568e-05
3.4493063e-05
3.451436e-05
3.4416814e-05
3.4225483e-05
3.3964023e-05
3.3654666e-05
3.3315876e-05
3.2962091e-05
3.2604088e-05
3.2249517e-05
3.1903514e-05
3.1569277e-05
3.1248564e-05
3.0942101e-05
3.06499e-05
3.0371497e-05
3.0106132e-05
2.9852874e-05
2.9610711e-05
2.9378613e-05
2.9155569e-05
2.8940616e-05
2.8732851e-05
2.8531441e-05
2.8335627e-05
2.8144719e-05
2.7958099e-05
2.7775211e-05
2.7595564e-05
2.7418721e-05
2.7244294e-05
2.7071945e-05
2.6901375e-05
2.6732324e-05
2.6564564e-05
2.6397897e-05
2.6232151e-05
2.6067178e-05
2.5902849e-05
2.5739054e-05
2.5575698e-05
2.5412701e-05
2.5249993e-05
2.5087517e-05
2.4925224e-05
2.4763071e-05
2.4601024e-05
2.4439054e-05
2.4277138e-05
2.4115256e-05
2.3953392e-05
2.3791534e-05
2.3629671e-05
2.3467796e-05
2.3305903e-05
2.3143986e-05
2.2982044e-05
2.2820073e-05
2.2658074e-05
2.2496044e-05
2.2333985e-05
2.2171896e-05
2.2009779e-05
2.1847635e-05
2.1685464e-05
2.1523268e-05
2.1361048e-05
2.1198807e-05
2.1036545e-05
2.0874264e-05
2.0711966e-05
2.0549651e-05
2.0387322e-05
2.0224979e-05
2.0062624e-05
1.9900257e-05
1.973788e-05
1.9575494e-05
1.94131e-05
1.9250698e-05
1.908829e-05
1.8925876e-05
1.8763456e-05
1.8601032e-05
1.8438603e-05
1.8276171e-05
1.8113736e-05
1.7951297e-05
1.7788856e-05
1.7626413e-05
1.7463968e-05
1.7301521e-05
1.7139073e-05
1.6976624e-05
1.6814173e-05
1.6651721e-05
1.6489269e-05
1.6326816e-05
1.6164362e-05
1.6001908e-05
1.5839454e-05
1.5676999e-05
1.5514544e-05
1.5352088e-05
1.5189632e-05
1.5027177e-05
1.4864721e-05
1.4702265e-05
1.4539809e-05
1.4377352e-05
1.4214896e-05
1.405244e-05
1.3889984e-05
1.3727527e-05
1.3565071e-05
1.3402615e-05
1.3240159e-05
1.3077702e-05
1.2915246e-05
1.275279e-05
1.2590334e-05
1.2427877e-05
1.2265421e-05
1.2102965e-05
1.1940509e-05
1.1778053e-05
1.1615597e-05
1.1453141e-05
1.1290685e-05
1.1128228e-05
1.0965772e-05
1.0803316e-05
1.064086e-05
1.0478404e-05
1.0315948e-05
1.0153492e-05
9.9910364e-06
9.8285804e-06
9.6661244e-06
9.5036685e-06
9.3412125e-06
9.1787566e-06
9.0163007e-06
8.8538447e-06
8.6913888e-06
8.5289329e-06
8.366477e-06
8.2040211e-06
8.0415652e-06
7.8791093e-06
7.7166534e-06
7.5541976e-06
7.3917417e-06
7.2292858e-06
7.0668299e-06
6.904374e-06
6.7419182e-06
6.5794623e-06
6.4170064e-06
6.2545505e-06
6.0920946e-06
5.9296388e-06
5.7671829e-06
5.604727e-06
5.4422711e-06
5.2798152e-06
5.1173593e-06
4.9549034e-06
4.7924475e-06
4.6299916e-06
4.4675356e-06
4.3050797e-06
4.1426238e-06
3.9801679e-06
3.817712e-06
3.655256e-06
3.4928001e-06
3.3303442e-06
3.1678883e-06
3.0054324e-06
2.8429765e-06
2.6805206e-06
2.5180647e-06
2.3556088e-06
2.193153e-06
2.0306972e-06
1.8682414e-06
1.7057856e-06
1.5433299e-06
1.3808742e-06
1.2184186e-06
1.0559631e-06
8.9350762e-07
7.3105224e-07
5.6859691e-07
4.0614182e-07
2.4368759e-07
8.1225623e-08
3.3476063e-05
3.3765208e-05
3.3949884e-05
3.3997043e-05
3.3942395e-05
3.3803821e-05
3.3599155e-05
3.3346161e-05
3.3060331e-05
3.2754393e-05
3.2438352e-05
3.2119739e-05
3.1803974e-05
3.1494768e-05
3.1194495e-05
3.0904515e-05
3.0625447e-05
3.0357381e-05
3.0100045e-05
2.9852928e-05
2.9615376e-05
2.9386656e-05
2.9166005e-05
2.8952665e-05
2.8745899e-05
2.8545011e-05
2.834935e-05
2.8158316e-05
2.7971362e-05
2.778799e-05
2.7607753e-05
2.7430249e-05
2.7255122e-05
2.7082052e-05
2.691076e-05
2.6740996e-05
2.6572543e-05
2.640521e-05
2.6238829e-05
2.6073256e-05
2.5908364e-05
2.5744044e-05
2.55802e-05
2.5416751e-05
2.5253628e-05
2.5090771e-05
2.4928129e-05
2.4765658e-05
2.4603323e-05
2.4441093e-05
2.4278941e-05
2.4116846e-05
2.3954792e-05
2.3792762e-05
2.3630747e-05
2.3468735e-05
2.3306721e-05
2.3144697e-05
2.2982659e-05
2.2820604e-05
2.2658531e-05
2.2496436e-05
2.233432e-05
2.2172181e-05
2.201002e-05
2.1847838e-05
2.1685634e-05
2.152341e-05
2.1361166e-05
2.1198903e-05
2.1036624e-05
2.0874327e-05
2.0712016e-05
2.054969e-05
2.0387352e-05
2.0225001e-05
2.0062639e-05
1.9900267e-05
1.9737886e-05
1.9575497e-05
1.94131e-05
1.9250696e-05
1.9088286e-05
1.892587e-05
1.876345e-05
1.8601025e-05
1.8438596e-05
1.8276164e-05
1.8113728e-05
1.795129e-05
1.7788849e-05
1.7626406e-05
1.7463961e-05
1.7301515e-05
1.7139067e-05
1.6976618e-05
1.6814168e-05
1.6651717e-05
1.6489265e-05
1.6326812e-05
1.6164359e-05
1.6001905e-05
1.583945e-05
1.5676996e-05
1.5514541e-05
1.5352086e-05
1.518963e-05
1.5027175e-05
1.4864719e-05
1.4702263e-05
1.4539807e-05
1.4377351e-05
1.4214895e-05
1.4052439e-05
1.3889983e-05
1.3727527e-05
1.356507e-05
1.3402614e-05
1.3240158e-05
1.3077702e-05
1.2915246e-05
1.2752789e-05
1.2590333e-05
1.2427877e-05
1.2265421e-05
1.2102965e-05
1.1940509e-05
1.1778053e-05
1.1615597e-05
1.145314e-05
1.1290684e-05
1.1128228e-05
1.0965772e-05
1.0803316e-05
1.064086e-05
1.0478404e-05
1.0315948e-05
1.0153492e-05
9.9910363e-06
9.8285804e-06
9.6661244e-06
9.5036685e-06
9.3412125e-06
9.1787566e-06
9.0163006e-06
8.8538447e-06
8.6913888e-06
8.5289329e-06
8.366477e-06
8.2040211e-06
8.0415652e-06
7.8791093e-06
7.7166534e-06
7.5541976e-06
7.3917417e-06
7.2292858e-06
7.0668299e-06
6.904374e-06
6.7419182e-06
6.5794623e-06
6.4170064e-06
6.2545505e-06
6.0920947e-06
5.9296388e-06
5.7671829e-06
5.604727e-06
5.4422711e-06
5.2798152e-06
5.1173593e-06
4.9549034e-06
4.7924475e-06
4.6299916e-06
4.4675357e-06
4.3050798e-06
4.1426239e-06
3.980168e-06
3.8177121e-06
3.6552562e-06
3.4928003e-06
3.3303444e-06
3.1678885e-06
3.0054326e-06
2.8429767e-06
2.6805208e-06
2.5180649e-06
2.3556091e-06
2.1931532e-06
2.0306974e-06
1.8682416e-06
1.7057859e-06
1.5433301e-06
1.3808744e-06
1.2184188e-06
1.0559632e-06
8.935077e-07
7.3105226e-07
5.6859687e-07
4.0614169e-07
2.4368727e-07
8.1226268e-08
3.303764e-05
3.3302839e-05
3.3482678e-05
3.3546858e-05
3.3523596e-05
3.3425634e-05
3.3266333e-05
3.3059776e-05
3.28188e-05
3.255442e-05
3.227569e-05
3.1989756e-05
3.1702047e-05
3.1416528e-05
3.1135968e-05
3.0862182e-05
3.0596258e-05
3.0338732e-05
3.0089743e-05
2.9849147e-05
2.9616607e-05
2.9391666e-05
2.9173793e-05
2.8962422e-05
2.875698e-05
2.8556904e-05
2.8361655e-05
2.8170722e-05
2.7983631e-05
2.7799944e-05
2.7619263e-05
2.7441225e-05
2.7265503e-05
2.7091802e-05
2.6919862e-05
2.6749449e-05
2.6580356e-05
2.64124e-05
2.6245421e-05
2.6079277e-05
2.5913845e-05
2.5749018e-05
2.5584701e-05
2.5420812e-05
2.5257283e-05
2.5094051e-05
2.4931065e-05
2.476828e-05
2.4605659e-05
2.4443168e-05
2.4280781e-05
2.4118473e-05
2.3956227e-05
2.3794026e-05
2.3631856e-05
2.3469706e-05
2.3307568e-05
2.3145435e-05
2.29833e-05
2.2821159e-05
2.265901e-05
2.2496848e-05
2.2334673e-05
2.2172483e-05
2.2010277e-05
2.1848055e-05
2.1685817e-05
2.1523563e-05
2.1361294e-05
2.1199009e-05
2.103671e-05
2.0874398e-05
2.0712073e-05
2.0549735e-05
2.0387387e-05
2.0225028e-05
2.0062659e-05
1.9900281e-05
1.9737896e-05
1.9575502e-05
1.9413102e-05
1.9250696e-05
1.9088284e-05
1.8925867e-05
1.8763445e-05
1.8601019e-05
1.843859e-05
1.8276157e-05
1.8113721e-05
1.7951283e-05
1.7788842e-05
1.76264e-05
1.7463955e-05
1.7301509e-05
1.7139061e-05
1.6976612e-05
1.6814163e-05
1.6651712e-05
1.648926e-05
1.6326808e-05
1.6164355e-05
1.6001901e-05
1.5839447e-05
1.5676993e-05
1.5514538e-05
1.5352083e-05
1.5189628e-05
1.5027173e-05
1.4864717e-05
1.4702261e-05
1.4539806e-05
1.437735e-05
1.4214894e-05
1.4052438e-05
1.3889982e-05
1.3727526e-05
1.356507e-05
1.3402614e-05
1.3240157e-05
1.3077701e-05
1.2915245e-05
1.2752789e-05
1.2590333e-05
1.2427877e-05
1.2265421e-05
1.2102965e-05
1.1940509e-05
1.1778052e-05
1.1615596e-05
1.145314e-05
1.1290684e-05
1.1128228e-05
1.0965772e-05
1.0803316e-05
1.064086e-05
1.0478404e-05
1.0315948e-05
1.0153492e-05
9.9910363e-06
9.8285803e-06
9.6661244e-06
9.5036684e-06
9.3412125e-06
9.1787566e-06
9.0163006e-06
8.8538447e-06
8.6913888e-06
8.5289329e-06
8.366477e-06
8.2040211e-06
8.0415652e-06
7.8791093e-06
7.7166534e-06
7.5541976e-06
7.3917417e-06
7.2292858e-06
7.0668299e-06
6.9043741e-06
6.7419182e-06
6.5794623e-06
6.4170064e-06
6.2545506e-06
6.0920947e-06
5.9296388e-06
5.7671829e-06
5.604727e-06
5.4422712e-06
5.2798153e-06
5.1173594e-06
4.9549035e-06
4.7924476e-06
4.6299917e-06
4.4675358e-06
4.3050799e-06
4.142624e-06
3.9801681e-06
3.8177122e-06
3.6552563e-06
3.4928004e-06
3.3303445e-06
3.1678886e-06
3.0054327e-06
2.8429768e-06
2.680521e-06
2.5180651e-06
2.3556092e-06
2.1931534e-06
2.0306976e-06
1.8682418e-06
1.705786e-06
1.5433303e-06
1.3808746e-06
1.2184189e-06
1.0559633e-06
8.935077e-07
7.3105219e-07
5.6859673e-07
4.0614144e-07
2.4368683e-07
8.122695e-08
3.266122e-05
3.290543e-05
3.307897e-05
3.3154199e-05
3.3153983e-05
3.3087385e-05
3.2964364e-05
3.2796025e-05
3.2592911e-05
3.2364429e-05
3.2118625e-05
3.1862112e-05
3.1600142e-05
3.1336747e-05
3.1074915e-05
3.081677e-05
3.0563745e-05
3.0316731e-05
3.0076204e-05
2.9842332e-05
2.9615058e-05
2.9394171e-05
2.9179352e-05
2.897022e-05
2.8766355e-05
2.8567325e-05
2.8372698e-05
2.8182053e-05
2.7994992e-05
2.7811136e-05
2.7630138e-05
2.7451674e-05
2.727545e-05
2.7101199e-05
2.6928679e-05
2.6757674e-05
2.6587988e-05
2.641945e-05
2.6251906e-05
2.6085219e-05
2.5919271e-05
2.5753955e-05
2.558918e-05
2.5424864e-05
2.5260937e-05
2.5097338e-05
2.4934014e-05
2.4770919e-05
2.4608014e-05
2.4445265e-05
2.4282643e-05
2.4120124e-05
2.3957686e-05
2.3795312e-05
2.3632987e-05
2.3470699e-05
2.3308437e-05
2.3146193e-05
2.298396e-05
2.2821732e-05
2.2659505e-05
2.2497276e-05
2.233504e-05
2.2172797e-05
2.2010545e-05
2.1848283e-05
2.168601e-05
2.1523726e-05
2.136143e-05
2.1199122e-05
2.1036804e-05
2.0874475e-05
2.0712135e-05
2.0549785e-05
2.0387426e-05
2.0225058e-05
2.0062682e-05
1.9900299e-05
1.9737908e-05
1.957551e-05
1.9413106e-05
1.9250697e-05
1.9088283e-05
1.8925864e-05
1.8763441e-05
1.8601015e-05
1.8438584e-05
1.8276151e-05
1.8113715e-05
1.7951277e-05
1.7788836e-05
1.7626393e-05
1.7463949e-05
1.7301503e-05
1.7139056e-05
1.6976607e-05
1.6814158e-05
1.6651707e-05
1.6489256e-05
1.6326804e-05
1.6164351e-05
1.6001898e-05
1.5839444e-05
1.567699e-05
1.5514536e-05
1.5352081e-05
1.5189626e-05
1.5027171e-05
1.4864715e-05
1.470226e-05
1.4539804e-05
1.4377349e-05
1.4214893e-05
1.4052437e-05
1.3889981e-05
1.3727525e-05
1.3565069e-05
1.3402613e-05
1.3240157e-05
1.3077701e-05
1.2915245e-05
1.2752789e-05
1.2590333e-05
1.2427877e-05
1.2265421e-05
1.2102964e-05
1.1940508e-05
1.1778052e-05
1.1615596e-05
1.145314e-05
1.1290684e-05
1.1128228e-05
1.0965772e-05
1.0803316e-05
1.064086e-05
1.0478404e-05
1.0315948e-05
1.0153492e-05
9.9910363e-06
9.8285803e-06
9.6661244e-06
9.5036684e-06
9.3412125e-06
9.1787565e-06
9.0163006e-06
8.8538447e-06
8.6913888e-06
8.5289329e-06
8.366477e-06
8.2040211e-06
8.0415652e-06
7.8791093e-06
7.7166534e-06
7.5541976e-06
7.3917417e-06
7.2292858e-06
7.0668299e-06
6.9043741e-06
6.7419182e-06
6.5794623e-06
6.4170064e-06
6.2545506e-06
6.0920947e-06
5.9296388e-06
5.7671829e-06
5.6047271e-06
5.4422712e-06
5.2798153e-06
5.1173594e-06
4.9549035e-06
4.7924476e-06
4.6299918e-06
4.4675359e-06
4.30508e-06
4.1426241e-06
3.9801682e-06
3.8177123e-06
3.6552564e-06
3.4928005e-06
3.3303446e-06
3.1678887e-06
3.0054329e-06
2.842977e-06
2.6805211e-06
2.5180652e-06
2.3556094e-06
2.1931536e-06
2.0306977e-06
1.8682419e-06
1.7057861e-06
1.5433304e-06
1.3808746e-06
1.2184189e-06
1.0559632e-06
8.9350762e-07
7.3105204e-07
5.6859651e-07
4.061411e-07
2.4368625e-07
8.1227665e-08
3.2336251e-05
3.2562183e-05
3.2728865e-05
3.2811096e-05
3.2827856e-05
3.2785566e-05
3.2691613e-05
3.2554722e-05
3.2383496e-05
3.2185897e-05
3.1968977e-05
3.1738752e-05
3.1500178e-05
3.1257221e-05
3.1012959e-05
3.0769707e-05
3.0529143e-05
3.0292426e-05
3.0060304e-05
2.9833207e-05
2.961132e-05
2.9394649e-05
2.9183069e-05
2.8976366e-05
2.8774265e-05
2.8576459e-05
2.8382619e-05
2.8192415e-05
2.8005519e-05
2.7821616e-05
2.7640408e-05
2.7461612e-05
2.7284969e-05
2.7110238e-05
2.6937199e-05
2.6765653e-05
2.659542e-05
2.6426338e-05
2.625826e-05
2.6091058e-05
2.5924615e-05
2.575883e-05
2.5593612e-05
2.5428881e-05
2.5264567e-05
2.510061e-05
2.4936955e-05
2.4773555e-05
2.4610372e-05
2.4447368e-05
2.4284514e-05
2.4121784e-05
2.3959156e-05
2.379661e-05
2.3634131e-05
2.3471704e-05
2.3309318e-05
2.3146963e-05
2.2984632e-05
2.2822316e-05
2.2660012e-05
2.2497713e-05
2.2335417e-05
2.2173121e-05
2.2010822e-05
2.1848519e-05
2.168621e-05
2.1523895e-05
2.1361572e-05
2.1199241e-05
2.1036902e-05
2.0874556e-05
2.0712201e-05
2.0549839e-05
2.0387469e-05
2.0225092e-05
2.0062708e-05
1.9900318e-05
1.9737922e-05
1.957552e-05
1.9413112e-05
1.92507e-05
1.9088284e-05
1.8925863e-05
1.8763439e-05
1.8601011e-05
1.843858e-05
1.8276146e-05
1.811371e-05
1.7951271e-05
1.778883e-05
1.7626388e-05
1.7463943e-05
1.7301497e-05
1.713905e-05
1.6976602e-05
1.6814153e-05
1.6651702e-05
1.6489251e-05
1.63268e-05
1.6164347e-05
1.6001894e-05
1.5839441e-05
1.5676987e-05
1.5514533e-05
1.5352078e-05
1.5189624e-05
1.5027169e-05
1.4864714e-05
1.4702258e-05
1.4539803e-05
1.4377347e-05
1.4214892e-05
1.4052436e-05
1.388998e-05
1.3727524e-05
1.3565068e-05
1.3402612e-05
1.3240156e-05
1.30777e-05
1.2915244e-05
1.2752788e-05
1.2590332e-05
1.2427876e-05
1.226542e-05
1.2102964e-05
1.1940508e-05
1.1778052e-05
1.1615596e-05
1.145314e-05
1.1290684e-05
1.1128228e-05
1.0965772e-05
1.0803316e-05
1.064086e-05
1.0478404e-05
1.0315948e-05
1.0153492e-05
9.9910362e-06
9.8285803e-06
9.6661243e-06
9.5036684e-06
9.3412125e-06
9.1787565e-06
9.0163006e-06
8.8538447e-06
8.6913888e-06
8.5289329e-06
8.366477e-06
8.2040211e-06
8.0415652e-06
7.8791093e-06
7.7166534e-06
7.5541976e-06
7.3917417e-06
7.2292858e-06
7.0668299e-06
6.9043741e-06
6.7419182e-06
6.5794623e-06
6.4170065e-06
6.2545506e-06
6.0920947e-06
5.9296388e-06
5.767183e-06
5.6047271e-06
5.4422712e-06
5.2798153e-06
5.1173595e-06
4.9549036e-06
4.7924477e-06
4.6299918e-06
4.4675359e-06
4.30508e-06
4.1426241e-06
3.9801683e-06
3.8177124e-06
3.6552565e-06
3.4928006e-06
3.3303447e-06
3.1678888e-06
3.005433e-06
2.8429771e-06
2.6805212e-06
2.5180654e-06
2.3556095e-06
2.1931537e-06
2.0306978e-06
1.868242e-06
1.7057862e-06
1.5433304e-06
1.3808746e-06
1.2184189e-06
1.0559632e-06
8.9350747e-07
7.3105183e-07
5.6859621e-07
4.0614068e-07
2.4368558e-07
8.12284e-08
3.2054612e-05
3.2264676e-05
3.2424465e-05
3.2510954e-05
3.2540245e-05
3.2516864e-05
3.2446252e-05
3.2335247e-05
3.2190842e-05
3.2019724e-05
3.1828021e-05
3.1621131e-05
3.1403654e-05
3.1179403e-05
3.0951449e-05
3.0722206e-05
3.0493513e-05
3.026673e-05
3.0042817e-05
2.982242e-05
2.9605927e-05
2.9393535e-05
2.9185291e-05
2.8981134e-05
2.8780924e-05
2.8584469e-05
2.8391541e-05
2.8201894e-05
2.8015273e-05
2.7831423e-05
2.7650094e-05
2.7471046e-05
2.7294055e-05
2.7118906e-05
2.6945403e-05
2.6773365e-05
2.6602626e-05
2.6433035e-05
2.6264455e-05
2.6096763e-05
2.5929849e-05
2.5763614e-05
2.559797e-05
2.5432838e-05
2.5268149e-05
2.5103843e-05
2.4939865e-05
2.4776169e-05
2.4612711e-05
2.4449458e-05
2.4286376e-05
2.4123439e-05
2.3960623e-05
2.3797908e-05
2.3635276e-05
2.3472711e-05
2.3310202e-05
2.3147738e-05
2.2985308e-05
2.2822905e-05
2.2660523e-05
2.2498156e-05
2.2335799e-05
2.217345e-05
2.2011104e-05
2.184876e-05
2.1686415e-05
2.1524068e-05
2.1361717e-05
2.1199363e-05
2.1037004e-05
2.087464e-05
2.071227e-05
2.0549895e-05
2.0387514e-05
2.0225128e-05
2.0062736e-05
1.9900339e-05
1.9737937e-05
1.9575531e-05
1.941312e-05
1.9250705e-05
1.9088286e-05
1.8925863e-05
1.8763437e-05
1.8601008e-05
1.8438576e-05
1.8276141e-05
1.8113705e-05
1.7951266e-05
1.7788825e-05
1.7626382e-05
1.7463938e-05
1.7301492e-05
1.7139045e-05
1.6976597e-05
1.6814148e-05
1.6651698e-05
1.6489247e-05
1.6326796e-05
1.6164344e-05
1.6001891e-05
1.5839438e-05
1.5676984e-05
1.551453e-05
1.5352076e-05
1.5189622e-05
1.5027167e-05
1.4864712e-05
1.4702257e-05
1.4539801e-05
1.4377346e-05
1.421489e-05
1.4052435e-05
1.3889979e-05
1.3727523e-05
1.3565068e-05
1.3402612e-05
1.3240156e-05
1.30777e-05
1.2915244e-05
1.2752788e-05
1.2590332e-05
1.2427876e-05
1.226542e-05
1.2102964e-05
1.1940508e-05
1.1778052e-05
1.1615596e-05
1.145314e-05
1.1290684e-05
1.1128228e-05
1.0965772e-05
1.0803316e-05
1.064086e-05
1.0478404e-05
1.0315948e-05
1.0153492e-05
9.9910362e-06
9.8285803e-06
9.6661243e-06
9.5036684e-06
9.3412124e-06
9.1787565e-06
9.0163006e-06
8.8538447e-06
8.6913888e-06
8.5289329e-06
8.366477e-06
8.2040211e-06
8.0415652e-06
7.8791093e-06
7.7166534e-06
7.5541976e-06
7.3917417e-06
7.2292858e-06
7.0668299e-06
6.9043741e-06
6.7419182e-06
6.5794623e-06
6.4170065e-06
6.2545506e-06
6.0920947e-06
5.9296389e-06
5.767183e-06
5.6047271e-06
5.4422712e-06
5.2798154e-06
5.1173595e-06
4.9549036e-06
4.7924477e-06
4.6299918e-06
4.467536e-06
4.3050801e-06
4.1426242e-06
3.9801683e-06
3.8177124e-06
3.6552566e-06
3.4928007e-06
3.3303448e-06
3.1678889e-06
3.005433e-06
2.8429772e-06
2.6805213e-06
2.5180654e-06
2.3556096e-06
2.1931537e-06
2.0306979e-06
1.868242e-06
1.7057862e-06
1.5433304e-06
1.3808746e-06
1.2184188e-06
1.055963e-06
8.9350727e-07
7.3105155e-07
5.6859585e-07
4.061402e-07
2.4368481e-07
8.1229147e-08
3.1809956e-05
3.2006264e-05
3.2159422e-05
3.2248312e-05
3.2286867e-05
3.2278244e-05
3.2226417e-05
3.2136735e-05
3.201486e-05
3.1866389e-05
3.1696608e-05
3.1510315e-05
3.1311729e-05
3.1104453e-05
3.089149e-05
3.0675281e-05
3.0457762e-05
3.0240433e-05
3.002442e-05
2.9810538e-05
2.9599349e-05
2.9391212e-05
2.9186326e-05
2.8984768e-05
2.878652e-05
2.8591498e-05
2.8399568e-05
2.8210564e-05
2.8024301e-05
2.7840581e-05
2.7659205e-05
2.7479974e-05
2.7302695e-05
2.7127184e-05
2.6953266e-05
2.678078e-05
2.6609574e-05
2.6439509e-05
2.6270457e-05
2.6102302e-05
2.593494e-05
2.5768275e-05
2.5602223e-05
2.5436706e-05
2.5271656e-05
2.5107013e-05
2.4942722e-05
2.4778736e-05
2.4615013e-05
2.4451516e-05
2.4288212e-05
2.4125073e-05
2.3962073e-05
2.3799191e-05
2.3636409e-05
2.347371e-05
2.331108e-05
2.3148507e-05
2.298598e-05
2.2823491e-05
2.2661032e-05
2.2498597e-05
2.2336181e-05
2.2173778e-05
2.2011386e-05
2.1849001e-05
2.168662e-05
2.1524242e-05
2.1361865e-05
2.1199487e-05
2.1037107e-05
2.0874725e-05
2.0712341e-05
2.0549952e-05
2.038756e-05
2.0225165e-05
2.0062765e-05
1.9900362e-05
1.9737954e-05
1.9575543e-05
1.9413128e-05
1.925071e-05
1.9088288e-05
1.8925863e-05
1.8763436e-05
1.8601005e-05
1.8438573e-05
1.8276137e-05
1.81137e-05
1.7951261e-05
1.778882e-05
1.7626377e-05
1.7463933e-05
1.7301487e-05
1.713904e-05
1.6976592e-05
1.6814144e-05
1.6651694e-05
1.6489243e-05
1.6326792e-05
1.616434e-05
1.6001888e-05
1.5839435e-05
1.5676982e-05
1.5514528e-05
1.5352074e-05
1.5189619e-05
1.5027165e-05
1.486471e-05
1.4702255e-05
1.45398e-05
1.4377345e-05
1.4214889e-05
1.4052434e-05
1.3889978e-05
1.3727523e-05
1.3565067e-05
1.3402611e-05
1.3240155e-05
1.3077699e-05
1.2915243e-05
1.2752788e-05
1.2590332e-05
1.2427876e-05
1.226542e-05
1.2102964e-05
1.1940508e-05
1.1778052e-05
1.1615596e-05
1.145314e-05
1.1290684e-05
1.1128228e-05
1.0965772e-05
1.0803316e-05
1.064086e-05
1.0478404e-05
1.0315948e-05
1.0153492e-05
9.9910362e-06
9.8285802e-06
9.6661243e-06
9.5036683e-06
9.3412124e-06
9.1787565e-06
9.0163006e-06
8.8538447e-06
8.6913888e-06
8.5289329e-06
8.366477e-06
8.2040211e-06
8.0415652e-06
7.8791093e-06
7.7166534e-06
7.5541976e-06
7.3917417e-06
7.2292858e-06
7.0668299e-06
6.9043741e-06
6.7419182e-06
6.5794623e-06
6.4170065e-06
6.2545506e-06
6.0920947e-06
5.9296389e-06
5.767183e-06
5.6047271e-06
5.4422713e-06
5.2798154e-06
5.1173595e-06
4.9549036e-06
4.7924478e-06
4.6299919e-06
4.467536e-06
4.3050801e-06
4.1426243e-06
3.9801684e-06
3.8177125e-06
3.6552566e-06
3.4928007e-06
3.3303449e-06
3.167889e-06
3.0054331e-06
2.8429772e-06
2.6805214e-06
2.5180655e-06
2.3556096e-06
2.1931538e-06
2.0306979e-06
1.868242e-06
1.7057862e-06
1.5433303e-06
1.3808745e-06
1.2184187e-06
1.0559628e-06
8.9350702e-07
7.3105122e-07
5.6859544e-07
4.0613965e-07
2.4368398e-07
8.1229894e-08
3.1597251e-05
3.1781649e-05
3.1928602e-05
3.2018644e-05
3.206405e-05
3.2066981e-05
3.2030303e-05
3.1958193e-05
3.1855227e-05
3.1726073e-05
3.1575271e-05
3.1407061e-05
3.1225277e-05
3.1033287e-05
3.0833979e-05
3.0629773e-05
3.0422654e-05
3.0214213e-05
3.0005698e-05
2.9798059e-05
2.9592e-05
2.9388019e-05
2.9186447e-05
2.8987482e-05
2.8791217e-05
2.8597667e-05
2.8406786e-05
2.8218483e-05
2.8032637e-05
2.7849108e-05
2.7667743e-05
2.7488383e-05
2.7310869e-05
2.7135044e-05
2.6960757e-05
2.6787864e-05
2.6616228e-05
2.6445722e-05
2.6276228e-05
2.6107639e-05
2.5939853e-05
2.577278e-05
2.5606338e-05
2.5440453e-05
2.5275057e-05
2.511009e-05
2.4945499e-05
2.4781235e-05
2.4617256e-05
2.4453523e-05
2.4290004e-05
2.4126668e-05
2.3963491e-05
2.3800448e-05
2.363752e-05
2.3474689e-05
2.3311941e-05
2.3149262e-05
2.2986641e-05
2.2824068e-05
2.2661534e-05
2.2499033e-05
2.2336558e-05
2.2174103e-05
2.2011665e-05
2.184924e-05
2.1686824e-05
2.1524415e-05
2.1362011e-05
2.119961e-05
2.103721e-05
2.0874811e-05
2.0712411e-05
2.055001e-05
2.0387607e-05
2.0225202e-05
2.0062795e-05
1.9900385e-05
1.9737972e-05
1.9575556e-05
1.9413137e-05
1.9250715e-05
1.9088291e-05
1.8925864e-05
1.8763435e-05
1.8601003e-05
1.843857e-05
1.8276134e-05
1.8113696e-05
1.7951256e-05
1.7788815e-05
1.7626372e-05
1.7463928e-05
1.7301482e-05
1.7139036e-05
1.6976588e-05
1.6814139e-05
1.665169e-05
1.6489239e-05
1.6326788e-05
1.6164337e-05
1.6001885e-05
1.5839432e-05
1.5676979e-05
1.5514525e-05
1.5352072e-05
1.5189617e-05
1.5027163e-05
1.4864708e-05
1.4702254e-05
1.4539799e-05
1.4377343e-05
1.4214888e-05
1.4052433e-05
1.3889977e-05
1.3727522e-05
1.3565066e-05
1.340261e-05
1.3240155e-05
1.3077699e-05
1.2915243e-05
1.2752787e-05
1.2590331e-05
1.2427875e-05
1.2265419e-05
1.2102963e-05
1.1940508e-05
1.1778052e-05
1.1615596e-05
1.145314e-05
1.1290684e-05
1.1128228e-05
1.0965772e-05
1.0803316e-05
1.064086e-05
1.0478404e-05
1.0315948e-05
1.0153492e-05
9.9910361e-06
9.8285802e-06
9.6661243e-06
9.5036683e-06
9.3412124e-06
9.1787565e-06
9.0163006e-06
8.8538447e-06
8.6913888e-06
8.5289329e-06
8.366477e-06
8.2040211e-06
8.0415652e-06
7.8791093e-06
7.7166534e-06
7.5541976e-06
7.3917417e-06
7.2292858e-06
7.0668299e-06
6.9043741e-06
6.7419182e-06
6.5794624e-06
6.4170065e-06
6.2545506e-06
6.0920948e-06
5.9296389e-06
5.767183e-06
5.6047272e-06
5.4422713e-06
5.2798154e-06
5.1173595e-06
4.9549037e-06
4.7924478e-06
4.6299919e-06
4.467536e-06
4.3050802e-06
4.1426243e-06
3.9801684e-06
3.8177125e-06
3.6552567e-06
3.4928008e-06
3.3303449e-06
3.167889e-06
3.0054332e-06
2.8429773e-06
2.6805214e-06
2.5180655e-06
2.3556096e-06
2.1931538e-06
2.0306979e-06
1.868242e-06
1.7057861e-06
1.5433303e-06
1.3808744e-06
1.2184185e-06
1.0559626e-06
8.9350673e-07
7.3105086e-07
5.68595e-07
4.0613908e-07
2.436831e-07
8.1230632e-08
3.1412467e-05
3.158657e-05
3.1727829e-05
3.1818198e-05
3.1868664e-05
3.1880663e-05
3.1856221e-05
3.1798593e-05
3.1711474e-05
3.159875e-05
3.1464311e-05
3.1311889e-05
3.114495e-05
3.0966615e-05
3.0779636e-05
3.0586375e-05
3.0388828e-05
3.0188642e-05
2.9987151e-05
2.978541e-05
2.9584239e-05
2.938425e-05
2.9185888e-05
2.8989459e-05
2.8795155e-05
2.8603079e-05
2.8413265e-05
2.8225693e-05
2.8040303e-05
2.7857007e-05
2.7675698e-05
2.7496254e-05
2.731855e-05
2.7142454e-05
2.6967838e-05
2.6794576e-05
2.6622546e-05
2.6451634e-05
2.6281729e-05
2.6112732e-05
2.5944548e-05
2.5777091e-05
2.5610282e-05
2.5444048e-05
2.5278323e-05
2.5113049e-05
2.4948171e-05
2.4783641e-05
2.4619417e-05
2.4455459e-05
2.4291733e-05
2.412821e-05
2.3964861e-05
2.3801662e-05
2.3638594e-05
2.3475637e-05
2.3312776e-05
2.3149995e-05
2.2987283e-05
2.2824628e-05
2.2662022e-05
2.2499457e-05
2.2336925e-05
2.217442e-05
2.2011938e-05
2.1849474e-05
2.1687024e-05
2.1524585e-05
2.1362155e-05
2.1199731e-05
2.1037312e-05
2.0874896e-05
2.0712481e-05
2.0550068e-05
2.0387654e-05
2.022524e-05
2.0062825e-05
1.9900408e-05
1.9737989e-05
1.9575569e-05
1.9413146e-05
1.9250722e-05
1.9088295e-05
1.8925866e-05
1.8763435e-05
1.8601002e-05
1.8438567e-05
1.827613e-05
1.8113692e-05
1.7951252e-05
1.778881e-05
1.7626367e-05
1.7463923e-05
1.7301478e-05
1.7139031e-05
1.6976584e-05
1.6814135e-05
1.6651686e-05
1.6489236e-05
1.6326785e-05
1.6164334e-05
1.6001882e-05
1.5839429e-05
1.5676976e-05
1.5514523e-05
1.5352069e-05
1.5189615e-05
1.5027161e-05
1.4864707e-05
1.4702252e-05
1.4539797e-05
1.4377342e-05
1.4214887e-05
1.4052432e-05
1.3889976e-05
1.3727521e-05
1.3565065e-05
1.340261e-05
1.3240154e-05
1.3077698e-05
1.2915243e-05
1.2752787e-05
1.2590331e-05
1.2427875e-05
1.2265419e-05
1.2102963e-05
1.1940507e-05
1.1778051e-05
1.1615595e-05
1.145314e-05
1.1290684e-05
1.1128228e-05
1.0965772e-05
1.0803316e-05
1.064086e-05
1.0478404e-05
1.0315948e-05
1.0153492e-05
9.9910361e-06
9.8285801e-06
9.6661242e-06
9.5036683e-06
9.3412124e-06
9.1787565e-06
9.0163006e-06
8.8538446e-06
8.6913887e-06
8.5289328e-06
8.366477e-06
8.2040211e-06
8.0415652e-06
7.8791093e-06
7.7166534e-06
7.5541976e-06
7.3917417e-06
7.2292858e-06
7.06683e-06
6.9043741e-06
6.7419182e-06
6.5794624e-06
6.4170065e-06
6.2545506e-06
6.0920948e-06
5.9296389e-06
5.767183e-06
5.6047272e-06
5.4422713e-06
5.2798154e-06
5.1173596e-06
4.9549037e-06
4.7924478e-06
4.6299919e-06
4.4675361e-06
4.3050802e-06
4.1426243e-06
3.9801685e-06
3.8177126e-06
3.6552567e-06
3.4928008e-06
3.3303449e-06
3.1678891e-06
3.0054332e-06
2.8429773e-06
2.6805214e-06
2.5180655e-06
2.3556096e-06
2.1931537e-06
2.0306979e-06
1.868242e-06
1.7057861e-06
1.5433301e-06
1.3808742e-06
1.2184183e-06
1.0559624e-06
8.9350642e-07
7.3105048e-07
5.6859453e-07
4.0613848e-07
2.4368221e-07
8.1231348e-08
3.1252347e-05
3.1417576e-05
3.1553688e-05
3.1643856e-05
3.1698052e-05
3.1717178e-05
3.1702626e-05
3.1656925e-05
3.1583058e-05
3.1484259e-05
3.1363859e-05
3.1225139e-05
3.107122e-05
3.0904985e-05
3.0729031e-05
3.0545649e-05
3.0356814e-05
3.0164201e-05
2.9969204e-05
2.9772958e-05
2.9576372e-05
2.9380157e-05
2.9184852e-05
2.8990857e-05
2.8798451e-05
2.8607816e-05
2.841906e-05
2.8232225e-05
2.804731e-05
2.7864275e-05
2.7683054e-05
2.7503563e-05
2.7325705e-05
2.7149377e-05
2.697447e-05
2.6800875e-05
2.6628487e-05
2.64572e-05
2.6286916e-05
2.6117542e-05
2.5948987e-05
2.5781171e-05
2.5614018e-05
2.5447456e-05
2.5281423e-05
2.5115858e-05
2.495071e-05
2.478593e-05
2.4621473e-05
2.4457302e-05
2.4293381e-05
2.4129679e-05
2.3966168e-05
2.3802822e-05
2.3639621e-05
2.3476544e-05
2.3313574e-05
2.3150696e-05
2.2987897e-05
2.2825165e-05
2.266249e-05
2.2499863e-05
2.2337277e-05
2.2174724e-05
2.20122e-05
2.1849698e-05
2.1687216e-05
2.1524748e-05
2.1362293e-05
2.1199848e-05
2.103741e-05
2.0874977e-05
2.0712549e-05
2.0550123e-05
2.03877e-05
2.0225277e-05
2.0062854e-05
1.9900431e-05
1.9738007e-05
1.9575582e-05
1.9413156e-05
1.9250728e-05
1.9088299e-05
1.8925868e-05
1.8763435e-05
1.8601001e-05
1.8438565e-05
1.8276128e-05
1.8113689e-05
1.7951248e-05
1.7788806e-05
1.7626363e-05
1.7463919e-05
1.7301474e-05
1.7139027e-05
1.697658e-05
1.6814131e-05
1.6651682e-05
1.6489232e-05
1.6326782e-05
1.6164331e-05
1.6001879e-05
1.5839427e-05
1.5676974e-05
1.5514521e-05
1.5352067e-05
1.5189614e-05
1.502716e-05
1.4864705e-05
1.4702251e-05
1.4539796e-05
1.4377341e-05
1.4214886e-05
1.4052431e-05
1.3889976e-05
1.372752e-05
1.3565065e-05
1.3402609e-05
1.3240154e-05
1.3077698e-05
1.2915242e-05
1.2752786e-05
1.2590331e-05
1.2427875e-05
1.2265419e-05
1.2102963e-05
1.1940507e-05
1.1778051e-05
1.1615595e-05
1.1453139e-05
1.1290683e-05
1.1128228e-05
1.0965772e-05
1.0803316e-05
1.064086e-05
1.0478404e-05
1.0315948e-05
1.0153492e-05
9.991036e-06
9.8285801e-06
9.6661242e-06
9.5036683e-06
9.3412124e-06
9.1787564e-06
9.0163005e-06
8.8538446e-06
8.6913887e-06
8.5289328e-06
8.3664769e-06
8.2040211e-06
8.0415652e-06
7.8791093e-06
7.7166534e-06
7.5541976e-06
7.3917417e-06
7.2292858e-06
7.06683e-06
6.9043741e-06
6.7419182e-06
6.5794624e-06
6.4170065e-06
6.2545506e-06
6.0920948e-06
5.9296389e-06
5.767183e-06
5.6047272e-06
5.4422713e-06
5.2798154e-06
5.1173596e-06
4.9549037e-06
4.7924478e-06
4.629992e-06
4.4675361e-06
4.3050802e-06
4.1426244e-06
3.9801685e-06
3.8177126e-06
3.6552567e-06
3.4928008e-06
3.330345e-06
3.1678891e-06
3.0054332e-06
2.8429773e-06
2.6805214e-06
2.5180655e-06
2.3556096e-06
2.1931537e-06
2.0306978e-06
1.8682419e-06
1.705786e-06
1.54333e-06
1.3808741e-06
1.2184181e-06
1.0559621e-06
8.935061e-07
7.3105008e-07
5.6859405e-07
4.0613788e-07
2.436813e-07
8.1232035e-08
3.1114245e-05
3.1271857e-05
3.1403384e-05
3.149303e-05
3.1549963e-05
3.1574694e-05
3.156813e-05
3.1532232e-05
3.1469409e-05
3.1382357e-05
3.1273931e-05
3.1147017e-05
3.1004424e-05
3.0848809e-05
3.0682616e-05
3.0508047e-05
3.0327045e-05
3.0141291e-05
2.9952215e-05
2.9761012e-05
2.9568663e-05
2.9375955e-05
2.9183511e-05
2.8991808e-05
2.8801202e-05
2.8611947e-05
2.8424212e-05
2.8238101e-05
2.8053662e-05
2.78709e-05
2.7689788e-05
2.7510277e-05
2.7332298e-05
2.7155771e-05
2.6980607e-05
2.6806716e-05
2.6634003e-05
2.6462377e-05
2.6291746e-05
2.6122025e-05
2.5953129e-05
2.5784982e-05
2.561751e-05
2.5450645e-05
2.5284324e-05
2.511849e-05
2.495309e-05
2.4788076e-05
2.4623403e-05
2.4459033e-05
2.4294929e-05
2.413106e-05
2.3967397e-05
2.3803913e-05
2.3640587e-05
2.3477397e-05
2.3314326e-05
2.3151357e-05
2.2988476e-05
2.2825671e-05
2.2662931e-05
2.2500247e-05
2.233761e-05
2.2175012e-05
2.2012447e-05
2.1849911e-05
2.1687398e-05
2.1524903e-05
2.1362425e-05
2.1199959e-05
2.1037503e-05
2.0875055e-05
2.0712614e-05
2.0550177e-05
2.0387743e-05
2.0225312e-05
2.0062882e-05
1.9900453e-05
1.9738024e-05
1.9575594e-05
1.9413165e-05
1.9250734e-05
1.9088302e-05
1.892587e-05
1.8763436e-05
1.8601e-05
1.8438563e-05
1.8276125e-05
1.8113686e-05
1.7951245e-05
1.7788803e-05
1.7626359e-05
1.7463915e-05
1.730147e-05
1.7139023e-05
1.6976576e-05
1.6814128e-05
1.6651679e-05
1.6489229e-05
1.6326779e-05
1.6164328e-05
1.6001876e-05
1.5839424e-05
1.5676972e-05
1.5514519e-05
1.5352065e-05
1.5189612e-05
1.5027158e-05
1.4864704e-05
1.4702249e-05
1.4539795e-05
1.437734e-05
1.4214885e-05
1.405243e-05
1.3889975e-05
1.3727519e-05
1.3565064e-05
1.3402609e-05
1.3240153e-05
1.3077697e-05
1.2915242e-05
1.2752786e-05
1.259033e-05
1.2427874e-05
1.2265419e-05
1.2102963e-05
1.1940507e-05
1.1778051e-05
1.1615595e-05
1.1453139e-05
1.1290683e-05
1.1128227e-05
1.0965772e-05
1.0803316e-05
1.064086e-05
1.0478404e-05
1.0315948e-05
1.0153492e-05
9.991036e-06
9.8285801e-06
9.6661242e-06
9.5036682e-06
9.3412123e-06
9.1787564e-06
9.0163005e-06
8.8538446e-06
8.6913887e-06
8.5289328e-06
8.3664769e-06
8.2040211e-06
8.0415652e-06
7.8791093e-06
7.7166534e-06
7.5541976e-06
7.3917417e-06
7.2292858e-06
7.06683e-06
6.9043741e-06
6.7419182e-06
6.5794624e-06
6.4170065e-06
6.2545506e-06
6.0920948e-06
5.9296389e-06
5.7671831e-06
5.6047272e-06
5.4422713e-06
5.2798155e-06
5.1173596e-06
4.9549037e-06
4.7924479e-06
4.629992e-06
4.4675361e-06
4.3050802e-06
4.1426244e-06
3.9801685e-06
3.8177126e-06
3.6552567e-06
3.4928009e-06
3.330345e-06
3.1678891e-06
3.0054332e-06
2.8429773e-06
2.6805214e-06
2.5180655e-06
2.3556096e-06
2.1931537e-06
2.0306977e-06
1.8682418e-06
1.7057858e-06
1.5433299e-06
1.3808739e-06
1.2184179e-06
1.0559618e-06
8.9350578e-07
7.3104969e-07
5.6859358e-07
4.0613729e-07
2.4368042e-07
8.1232679e-08
3.0996001e-05
3.1147123e-05
3.127462e-05
3.1363572e-05
3.1422504e-05
3.1451635e-05
3.1451507e-05
3.1423635e-05
3.1369967e-05
3.1292757e-05
3.1194463e-05
3.107763e-05
3.0944791e-05
3.0798394e-05
3.0640737e-05
3.0473932e-05
3.0299875e-05
3.0120242e-05
2.9936483e-05
2.9749834e-05
2.9561331e-05
2.9371826e-05
2.9182008e-05
2.8992422e-05
2.8803489e-05
2.8615523e-05
2.8428753e-05
2.8243332e-05
2.8059354e-05
2.7876865e-05
2.7695876e-05
2.7516365e-05
2.733829e-05
2.7161594e-05
2.6986207e-05
2.6812053e-05
2.6639051e-05
2.6467119e-05
2.6296175e-05
2.6126139e-05
2.5956934e-05
2.5788485e-05
2.5620722e-05
2.545358e-05
2.5286997e-05
2.5120916e-05
2.4955285e-05
2.4790056e-05
2.4625184e-05
2.4460631e-05
2.4296359e-05
2.4132336e-05
2.3968533e-05
2.3804922e-05
2.3641481e-05
2.3478187e-05
2.3315022e-05
2.3151969e-05
2.2989013e-05
2.2826141e-05
2.2663341e-05
2.2500603e-05
2.2337918e-05
2.2175279e-05
2.2012678e-05
2.1850109e-05
2.1687567e-05
2.1525048e-05
2.1362547e-05
2.1200062e-05
2.103759e-05
2.0875128e-05
2.0712674e-05
2.0550226e-05
2.0387784e-05
2.0225345e-05
2.0062908e-05
1.9900473e-05
1.973804e-05
1.9575607e-05
1.9413174e-05
1.925074e-05
1.9088306e-05
1.8925872e-05
1.8763436e-05
1.8600999e-05
1.8438562e-05
1.8276123e-05
1.8113683e-05
1.7951242e-05
1.7788799e-05
1.7626356e-05
1.7463912e-05
1.7301466e-05
1.713902e-05
1.6976573e-05
1.6814125e-05
1.6651676e-05
1.6489226e-05
1.6326776e-05
1.6164325e-05
1.6001874e-05
1.5839422e-05
1.567697e-05
1.5514517e-05
1.5352064e-05
1.518961e-05
1.5027156e-05
1.4864702e-05
1.4702248e-05
1.4539794e-05
1.4377339e-05
1.4214884e-05
1.4052429e-05
1.3889974e-05
1.3727519e-05
1.3565063e-05
1.3402608e-05
1.3240153e-05
1.3077697e-05
1.2915241e-05
1.2752786e-05
1.259033e-05
1.2427874e-05
1.2265418e-05
1.2102963e-05
1.1940507e-05
1.1778051e-05
1.1615595e-05
1.1453139e-05
1.1290683e-05
1.1128227e-05
1.0965771e-05
1.0803316e-05
1.064086e-05
1.0478404e-05
1.0315948e-05
1.0153492e-05
9.9910359e-06
9.82858e-06
9.6661241e-06
9.5036682e-06
9.3412123e-06
9.1787564e-06
9.0163005e-06
8.8538446e-06
8.6913887e-06
8.5289328e-06
8.3664769e-06
8.204021e-06
8.0415652e-06
7.8791093e-06
7.7166534e-06
7.5541975e-06
7.3917417e-06
7.2292858e-06
7.06683e-06
6.9043741e-06
6.7419182e-06
6.5794624e-06
6.4170065e-06
6.2545506e-06
6.0920948e-06
5.9296389e-06
5.7671831e-06
5.6047272e-06
5.4422713e-06
5.2798155e-06
5.1173596e-06
4.9549037e-06
4.7924479e-06
4.629992e-06
4.4675361e-06
4.3050803e-06
4.1426244e-06
3.9801685e-06
3.8177126e-06
3.6552567e-06
3.4928009e-06
3.330345e-06
3.1678891e-06
3.0054332e-06
2.8429773e-06
2.6805214e-06
2.5180655e-06
2.3556096e-06
2.1931536e-06
2.0306977e-06
1.8682417e-06
1.7057857e-06
1.5433297e-06
1.3808737e-06
1.2184177e-06
1.0559616e-06
8.9350546e-07
7.3104931e-07
5.6859313e-07
4.0613672e-07
2.4367958e-07
8.1233273e-08
3.0895858e-05
3.1041503e-05
3.1165518e-05
3.1253709e-05
3.1314088e-05
3.134666e-05
3.1351689e-05
3.1330341e-05
3.1284199e-05
3.1215159e-05
3.1125347e-05
3.1017019e-05
3.0892471e-05
3.0753965e-05
3.0603664e-05
3.044359e-05
3.0275591e-05
3.0101325e-05
2.9922253e-05
2.9739639e-05
2.9554562e-05
2.9367922e-05
2.9180465e-05
2.8992791e-05
2.8805376e-05
2.8618588e-05
2.8432704e-05
2.8247922e-05
2.8064377e-05
2.7882152e-05
2.7701287e-05
2.752179e-05
2.7343641e-05
2.7166803e-05
2.6991223e-05
2.681684e-05
2.6643583e-05
2.6471382e-05
2.630016e-05
2.6129845e-05
2.5960363e-05
2.5791644e-05
2.562362e-05
2.5456229e-05
2.528941e-05
2.5123107e-05
2.4957268e-05
2.4791846e-05
2.4626795e-05
2.4462077e-05
2.4297654e-05
2.4133492e-05
2.3969562e-05
2.3805837e-05
2.3642291e-05
2.3478903e-05
2.3315653e-05
2.3152524e-05
2.29895e-05
2.2826567e-05
2.2663713e-05
2.2500927e-05
2.2338199e-05
2.2175522e-05
2.2012887e-05
2.1850288e-05
2.1687721e-05
2.1525179e-05
2.1362659e-05
2.1200157e-05
2.103767e-05
2.0875194e-05
2.0712729e-05
2.0550272e-05
2.0387821e-05
2.0225375e-05
2.0062932e-05
1.9900492e-05
1.9738055e-05
1.9575618e-05
1.9413182e-05
1.9250746e-05
1.908831e-05
1.8925874e-05
1.8763437e-05
1.8600999e-05
1.843856e-05
1.8276121e-05
1.811368e-05
1.7951239e-05
1.7788796e-05
1.7626353e-05
1.7463908e-05
1.7301463e-05
1.7139017e-05
1.697657e-05
1.6814122e-05
1.6651673e-05
1.6489223e-05
1.6326773e-05
1.6164323e-05
1.6001871e-05
1.583942e-05
1.5676968e-05
1.5514515e-05
1.5352062e-05
1.5189609e-05
1.5027155e-05
1.4864701e-05
1.4702247e-05
1.4539793e-05
1.4377338e-05
1.4214883e-05
1.4052428e-05
1.3889973e-05
1.3727518e-05
1.3565063e-05
1.3402608e-05
1.3240152e-05
1.3077697e-05
1.2915241e-05
1.2752785e-05
1.259033e-05
1.2427874e-05
1.2265418e-05
1.2102962e-05
1.1940507e-05
1.1778051e-05
1.1615595e-05
1.1453139e-05
1.1290683e-05
1.1128227e-05
1.0965771e-05
1.0803315e-05
1.064086e-05
1.0478404e-05
1.0315948e-05
1.0153492e-05
9.9910359e-06
9.82858e-06
9.6661241e-06
9.5036682e-06
9.3412123e-06
9.1787564e-06
9.0163005e-06
8.8538446e-06
8.6913887e-06
8.5289328e-06
8.3664769e-06
8.204021e-06
8.0415652e-06
7.8791093e-06
7.7166534e-06
7.5541975e-06
7.3917417e-06
7.2292858e-06
7.06683e-06
6.9043741e-06
6.7419182e-06
6.5794624e-06
6.4170065e-06
6.2545507e-06
6.0920948e-06
5.9296389e-06
5.7671831e-06
5.6047272e-06
5.4422713e-06
5.2798155e-06
5.1173596e-06
4.9549037e-06
4.7924479e-06
4.629992e-06
4.4675361e-06
4.3050803e-06
4.1426244e-06
3.9801685e-06
3.8177126e-06
3.6552568e-06
3.4928009e-06
3.330345e-06
3.1678891e-06
3.0054332e-06
2.8429773e-06
2.6805214e-06
2.5180654e-06
2.3556095e-06
2.1931536e-06
2.0306976e-06
1.8682416e-06
1.7057856e-06
1.5433296e-06
1.3808736e-06
1.2184175e-06
1.0559613e-06
8.9350517e-07
7.3104895e-07
5.6859271e-07
4.061362e-07
2.436788e-07
8.1233807e-08
3.0812385e-05
3.0953482e-05
3.1074546e-05
3.1161984e-05
3.1223401e-05
3.1258642e-05
3.1267762e-05
3.1251657e-05
3.1211623e-05
3.1149267e-05
3.1066447e-05
3.0965179e-05
3.0847557e-05
3.0715683e-05
3.0571598e-05
3.0417243e-05
3.0254418e-05
3.0084758e-05
2.9909726e-05
2.9730606e-05
2.9548506e-05
2.9364368e-05
2.9178979e-05
2.8992987e-05
2.8806914e-05
2.8621171e-05
2.8436078e-05
2.8251871e-05
2.8068719e-05
2.7886738e-05
2.7705993e-05
2.7526518e-05
2.7348312e-05
2.7171357e-05
2.6995615e-05
2.6821035e-05
2.6647559e-05
2.6475124e-05
2.630366e-05
2.6133101e-05
2.5963378e-05
2.5794423e-05
2.5626172e-05
2.5458563e-05
2.5291537e-05
2.5125039e-05
2.4959018e-05
2.4793425e-05
2.4628217e-05
2.4463353e-05
2.4298797e-05
2.4134513e-05
2.3970471e-05
2.3806645e-05
2.3643007e-05
2.3479536e-05
2.3316211e-05
2.3153015e-05
2.2989931e-05
2.2826944e-05
2.2664042e-05
2.2501213e-05
2.2338448e-05
2.2175737e-05
2.2013072e-05
2.1850448e-05
2.1687857e-05
2.1525296e-05
2.1362758e-05
2.1200241e-05
2.103774e-05
2.0875254e-05
2.0712778e-05
2.0550313e-05
2.0387854e-05
2.0225402e-05
2.0062954e-05
1.990051e-05
1.9738068e-05
1.9575628e-05
1.9413189e-05
1.9250751e-05
1.9088313e-05
1.8925876e-05
1.8763437e-05
1.8600999e-05
1.8438559e-05
1.8276119e-05
1.8113678e-05
1.7951237e-05
1.7788794e-05
1.762635e-05
1.7463906e-05
1.730146e-05
1.7139014e-05
1.6976567e-05
1.6814119e-05
1.665167e-05
1.6489221e-05
1.6326771e-05
1.6164321e-05
1.600187e-05
1.5839418e-05
1.5676966e-05
1.5514513e-05
1.5352061e-05
1.5189607e-05
1.5027154e-05
1.48647e-05
1.4702246e-05
1.4539792e-05
1.4377337e-05
1.4214883e-05
1.4052428e-05
1.3889973e-05
1.3727518e-05
1.3565062e-05
1.3402607e-05
1.3240152e-05
1.3077696e-05
1.2915241e-05
1.2752785e-05
1.2590329e-05
1.2427874e-05
1.2265418e-05
1.2102962e-05
1.1940506e-05
1.1778051e-05
1.1615595e-05
1.1453139e-05
1.1290683e-05
1.1128227e-05
1.0965771e-05
1.0803315e-05
1.0640859e-05
1.0478404e-05
1.0315948e-05
1.0153492e-05
9.9910359e-06
9.82858e-06
9.6661241e-06
9.5036681e-06
9.3412122e-06
9.1787563e-06
9.0163005e-06
8.8538446e-06
8.6913887e-06
8.5289328e-06
8.3664769e-06
8.204021e-06
8.0415651e-06
7.8791093e-06
7.7166534e-06
7.5541975e-06
7.3917417e-06
7.2292858e-06
7.06683e-06
6.9043741e-06
6.7419182e-06
6.5794624e-06
6.4170065e-06
6.2545507e-06
6.0920948e-06
5.9296389e-06
5.7671831e-06
5.6047272e-06
5.4422713e-06
5.2798155e-06
5.1173596e-06
4.9549038e-06
4.7924479e-06
4.629992e-06
4.4675361e-06
4.3050803e-06
4.1426244e-06
3.9801685e-06
3.8177126e-06
3.6552568e-06
3.4928009e-06
3.330345e-06
3.1678891e-06
3.0054332e-06
2.8429773e-06
2.6805213e-06
2.5180654e-06
2.3556095e-06
2.1931535e-06
2.0306975e-06
1.8682415e-06
1.7057855e-06
1.5433295e-06
1.3808734e-06
1.2184173e-06
1.0559611e-06
8.935049e-07
7.3104863e-07
5.6859233e-07
4.0613573e-07
2.436781e-07
8.1234273e-08
3.0744433e-05
3.0881838e-05
3.1000469e-05
3.1087217e-05
3.1149367e-05
3.1186648e-05
3.1198958e-05
3.1186989e-05
3.1151812e-05
3.109481e-05
3.1017625e-05
3.092208e-05
3.0810103e-05
3.068366e-05
3.0544692e-05
3.0395066e-05
3.0236535e-05
3.0070715e-05
2.9899064e-05
2.9722878e-05
2.9543287e-05
2.9361264e-05
2.9177631e-05
2.899307e-05
2.8808143e-05
2.8623297e-05
2.8438884e-05
2.8255175e-05
2.8072367e-05
2.78906e-05
2.7709966e-05
2.7530515e-05
2.7352268e-05
2.7175218e-05
2.6999341e-05
2.6824598e-05
2.6650938e-05
2.6478306e-05
2.630664e-05
2.6135875e-05
2.5965947e-05
2.5796792e-05
2.5628347e-05
2.5460553e-05
2.5293351e-05
2.5126687e-05
2.4960511e-05
2.4794774e-05
2.4629431e-05
2.4464444e-05
2.4299773e-05
2.4135385e-05
2.3971249e-05
2.3807335e-05
2.3643619e-05
2.3480078e-05
2.3316689e-05
2.3153435e-05
2.29903e-05
2.2827267e-05
2.2664324e-05
2.2501459e-05
2.2338661e-05
2.2175921e-05
2.2013232e-05
2.1850585e-05
2.1687975e-05
2.1525396e-05
2.1362843e-05
2.1200313e-05
2.1037801e-05
2.0875304e-05
2.0712821e-05
2.0550348e-05
2.0387883e-05
2.0225425e-05
2.0062973e-05
1.9900524e-05
1.9738079e-05
1.9575637e-05
1.9413196e-05
1.9250756e-05
1.9088316e-05
1.8925877e-05
1.8763438e-05
1.8600999e-05
1.8438559e-05
1.8276118e-05
1.8113677e-05
1.7951235e-05
1.7788792e-05
1.7626348e-05
1.7463903e-05
1.7301458e-05
1.7139012e-05
1.6976565e-05
1.6814117e-05
1.6651668e-05
1.6489219e-05
1.6326769e-05
1.6164319e-05
1.6001868e-05
1.5839416e-05
1.5676964e-05
1.5514512e-05
1.5352059e-05
1.5189606e-05
1.5027153e-05
1.4864699e-05
1.4702245e-05
1.4539791e-05
1.4377336e-05
1.4214882e-05
1.4052427e-05
1.3889972e-05
1.3727517e-05
1.3565062e-05
1.3402607e-05
1.3240151e-05
1.3077696e-05
1.291524e-05
1.2752785e-05
1.2590329e-05
1.2427873e-05
1.2265418e-05
1.2102962e-05
1.1940506e-05
1.177805e-05
1.1615595e-05
1.1453139e-05
1.1290683e-05
1.1128227e-05
1.0965771e-05
1.0803315e-05
1.0640859e-05
1.0478404e-05
1.0315948e-05
1.0153492e-05
9.9910358e-06
9.8285799e-06
9.666124e-06
9.5036681e-06
9.3412122e-06
9.1787563e-06
9.0163004e-06
8.8538445e-06
8.6913887e-06
8.5289328e-06
8.3664769e-06
8.204021e-06
8.0415651e-06
7.8791093e-06
7.7166534e-06
7.5541975e-06
7.3917417e-06
7.2292858e-06
7.06683e-06
6.9043741e-06
6.7419182e-06
6.5794624e-06
6.4170065e-06
6.2545507e-06
6.0920948e-06
5.9296389e-06
5.7671831e-06
5.6047272e-06
5.4422714e-06
5.2798155e-06
5.1173596e-06
4.9549038e-06
4.7924479e-06
4.629992e-06
4.4675361e-06
4.3050803e-06
4.1426244e-06
3.9801685e-06
3.8177126e-06
3.6552568e-06
3.4928009e-06
3.330345e-06
3.1678891e-06
3.0054332e-06
2.8429772e-06
2.6805213e-06
2.5180654e-06
2.3556094e-06
2.1931535e-06
2.0306975e-06
1.8682415e-06
1.7057854e-06
1.5433294e-06
1.3808733e-06
1.2184171e-06
1.0559609e-06
8.9350467e-07
7.3104835e-07
5.68592e-07
4.0613532e-07
2.4367751e-07
8.1234665e-08
3.0691096e-05
3.0825609e-05
3.0942312e-05
3.1028469e-05
3.1091125e-05
3.1129924e-05
3.114465e-05
3.1135843e-05
3.1104405e-05
3.1051548e-05
3.0978748e-05
3.0887677e-05
3.0780133e-05
3.0657973e-05
3.0523056e-05
3.0377186e-05
3.022208e-05
3.0059331e-05
2.9890393e-05
2.9716568e-05
2.9539003e-05
2.9358691e-05
2.9176482e-05
2.8993086e-05
2.8809094e-05
2.8624981e-05
2.8441127e-05
2.8257828e-05
2.8075305e-05
2.7893719e-05
2.7713179e-05
2.7533753e-05
2.7355475e-05
2.7178351e-05
2.7002367e-05
2.6827493e-05
2.6653687e-05
2.6480896e-05
2.6309065e-05
2.6138133e-05
2.596804e-05
2.5798723e-05
2.5630121e-05
2.5462176e-05
2.5294831e-05
2.5128033e-05
2.4961729e-05
2.4795874e-05
2.4630423e-05
2.4465334e-05
2.4300571e-05
2.4136098e-05
2.3971884e-05
2.38079e-05
2.364412e-05
2.348052e-05
2.331708e-05
2.3153779e-05
2.2990602e-05
2.2827531e-05
2.2664555e-05
2.250166e-05
2.2338835e-05
2.2176072e-05
2.2013362e-05
2.1850697e-05
2.1688071e-05
2.1525478e-05
2.1362913e-05
2.1200372e-05
2.1037851e-05
2.0875346e-05
2.0712856e-05
2.0550376e-05
2.0387907e-05
2.0225444e-05
2.0062988e-05
1.9900537e-05
1.9738089e-05
1.9575644e-05
1.9413201e-05
1.925076e-05
1.9088319e-05
1.8925879e-05
1.8763439e-05
1.8600999e-05
1.8438558e-05
1.8276117e-05
1.8113676e-05
1.7951233e-05
1.778879e-05
1.7626346e-05
1.7463902e-05
1.7301456e-05
1.713901e-05
1.6976563e-05
1.6814115e-05
1.6651667e-05
1.6489217e-05
1.6326768e-05
1.6164317e-05
1.6001867e-05
1.5839415e-05
1.5676963e-05
1.5514511e-05
1.5352058e-05
1.5189605e-05
1.5027152e-05
1.4864698e-05
1.4702244e-05
1.453979e-05
1.4377336e-05
1.4214881e-05
1.4052427e-05
1.3889972e-05
1.3727517e-05
1.3565062e-05
1.3402606e-05
1.3240151e-05
1.3077696e-05
1.291524e-05
1.2752785e-05
1.2590329e-05
1.2427873e-05
1.2265418e-05
1.2102962e-05
1.1940506e-05
1.177805e-05
1.1615595e-05
1.1453139e-05
1.1290683e-05
1.1128227e-05
1.0965771e-05
1.0803315e-05
1.0640859e-05
1.0478403e-05
1.0315948e-05
1.0153492e-05
9.9910358e-06
9.8285799e-06
9.666124e-06
9.5036681e-06
9.3412122e-06
9.1787563e-06
9.0163004e-06
8.8538445e-06
8.6913886e-06
8.5289328e-06
8.3664769e-06
8.204021e-06
8.0415651e-06
7.8791093e-06
7.7166534e-06
7.5541975e-06
7.3917417e-06
7.2292858e-06
7.0668299e-06
6.9043741e-06
6.7419182e-06
6.5794624e-06
6.4170065e-06
6.2545507e-06
6.0920948e-06
5.9296389e-06
5.7671831e-06
5.6047272e-06
5.4422714e-06
5.2798155e-06
5.1173596e-06
4.9549038e-06
4.7924479e-06
4.629992e-06
4.4675362e-06
4.3050803e-06
4.1426244e-06
3.9801685e-06
3.8177126e-06
3.6552568e-06
3.4928009e-06
3.330345e-06
3.1678891e-06
3.0054331e-06
2.8429772e-06
2.6805213e-06
2.5180654e-06
2.3556094e-06
2.1931534e-06
2.0306974e-06
1.8682414e-06
1.7057854e-06
1.5433293e-06
1.3808732e-06
1.218417e-06
1.0559608e-06
8.9350448e-07
7.3104813e-07
5.6859173e-07
4.0613499e-07
2.4367702e-07
8.1234976e-08
3.0651677e-05
3.0784056e-05
3.0899323e-05
3.0985017e-05
3.1048007e-05
3.1087882e-05
3.1104344e-05
3.1097825e-05
3.1069109e-05
3.1019282e-05
3.09497e-05
3.0861925e-05
3.0757657e-05
3.0638674e-05
3.0506768e-05
3.0363701e-05
3.0211156e-05
3.0050709e-05
2.988381e-05
2.9711764e-05
2.9535727e-05
2.9356711e-05
2.9175581e-05
2.899307e-05
2.8809789e-05
2.8626236e-05
2.844281e-05
2.8259825e-05
2.8077522e-05
2.7896075e-05
2.7715609e-05
2.7536205e-05
2.7357905e-05
2.7180728e-05
2.7004664e-05
2.6829692e-05
2.6655774e-05
2.6482864e-05
2.6310909e-05
2.6139851e-05
2.5969632e-05
2.5800192e-05
2.5631471e-05
2.5463412e-05
2.5295958e-05
2.5129057e-05
2.4962658e-05
2.4796713e-05
2.4631179e-05
2.4466013e-05
2.4301179e-05
2.4136641e-05
2.3972368e-05
2.3808331e-05
2.3644502e-05
2.3480858e-05
2.3317378e-05
2.3154042e-05
2.2990832e-05
2.2827733e-05
2.2664731e-05
2.2501813e-05
2.2338969e-05
2.2176188e-05
2.2013462e-05
2.1850783e-05
2.1688145e-05
2.1525541e-05
2.1362967e-05
2.1200417e-05
2.1037889e-05
2.0875378e-05
2.0712882e-05
2.0550399e-05
2.0387925e-05
2.0225459e-05
2.0063e-05
1.9900546e-05
1.9738097e-05
1.957565e-05
1.9413205e-05
1.9250763e-05
1.9088321e-05
1.892588e-05
1.8763439e-05
1.8600999e-05
1.8438558e-05
1.8276116e-05
1.8113675e-05
1.7951232e-05
1.7788789e-05
1.7626345e-05
1.74639e-05
1.7301455e-05
1.7139008e-05
1.6976561e-05
1.6814114e-05
1.6651665e-05
1.6489216e-05
1.6326767e-05
1.6164316e-05
1.6001865e-05
1.5839414e-05
1.5676962e-05
1.551451e-05
1.5352058e-05
1.5189605e-05
1.5027151e-05
1.4864698e-05
1.4702244e-05
1.453979e-05
1.4377335e-05
1.4214881e-05
1.4052426e-05
1.3889971e-05
1.3727516e-05
1.3565061e-05
1.3402606e-05
1.3240151e-05
1.3077695e-05
1.291524e-05
1.2752784e-05
1.2590329e-05
1.2427873e-05
1.2265417e-05
1.2102962e-05
1.1940506e-05
1.177805e-05
1.1615594e-05
1.1453139e-05
1.1290683e-05
1.1128227e-05
1.0965771e-05
1.0803315e-05
1.0640859e-05
1.0478403e-05
1.0315948e-05
1.0153492e-05
9.9910357e-06
9.8285798e-06
9.666124e-06
9.5036681e-06
9.3412122e-06
9.1787563e-06
9.0163004e-06
8.8538445e-06
8.6913886e-06
8.5289327e-06
8.3664769e-06
8.204021e-06
8.0415651e-06
7.8791093e-06
7.7166534e-06
7.5541975e-06
7.3917417e-06
7.2292858e-06
7.0668299e-06
6.9043741e-06
6.7419182e-06
6.5794624e-06
6.4170065e-06
6.2545507e-06
6.0920948e-06
5.9296389e-06
5.7671831e-06
5.6047272e-06
5.4422714e-06
5.2798155e-06
5.1173596e-06
4.9549038e-06
4.7924479e-06
4.629992e-06
4.4675362e-06
4.3050803e-06
4.1426244e-06
3.9801685e-06
3.8177126e-06
3.6552568e-06
3.4928009e-06
3.330345e-06
3.1678891e-06
3.0054331e-06
2.8429772e-06
2.6805213e-06
2.5180653e-06
2.3556094e-06
2.1931534e-06
2.0306974e-06
1.8682414e-06
1.7057853e-06
1.5433292e-06
1.3808731e-06
1.2184169e-06
1.0559607e-06
8.9350434e-07
7.3104796e-07
5.6859154e-07
4.0613475e-07
2.4367666e-07
8.1235202e-08
3.062567e-05
3.0756643e-05
3.0870958e-05
3.0956335e-05
3.1019528e-05
3.106009e-05
3.1077674e-05
3.1072643e-05
3.1045702e-05
3.0997858e-05
3.0930389e-05
3.0844782e-05
3.0742676e-05
3.0625792e-05
3.0495883e-05
3.0354676e-05
3.0203834e-05
3.0044923e-05
2.9879385e-05
2.9708528e-05
2.9533515e-05
2.9355367e-05
2.9174962e-05
2.8993046e-05
2.8810245e-05
2.8627069e-05
2.8443932e-05
2.8261161e-05
2.8079006e-05
2.7897655e-05
2.7717241e-05
2.7537851e-05
2.7359539e-05
2.7182325e-05
2.7006209e-05
2.6831172e-05
2.665718e-05
2.6484189e-05
2.631215e-05
2.6141008e-05
2.5970705e-05
2.5801182e-05
2.5632381e-05
2.5464245e-05
2.5296718e-05
2.5129748e-05
2.4963284e-05
2.4797279e-05
2.4631688e-05
2.4466471e-05
2.430159e-05
2.4137008e-05
2.3972695e-05
2.3808621e-05
2.364476e-05
2.3481087e-05
2.331758e-05
2.3154219e-05
2.2990988e-05
2.282787e-05
2.266485e-05
2.2501917e-05
2.2339059e-05
2.2176266e-05
2.2013529e-05
2.1850841e-05
2.1688195e-05
2.1525584e-05
2.1363003e-05
2.1200448e-05
2.1037915e-05
2.08754e-05
2.0712901e-05
2.0550414e-05
2.0387937e-05
2.022547e-05
2.0063009e-05
1.9900553e-05
1.9738102e-05
1.9575654e-05
1.9413209e-05
1.9250765e-05
1.9088323e-05
1.8925881e-05
1.876344e-05
1.8600999e-05
1.8438558e-05
1.8276116e-05
1.8113674e-05
1.7951231e-05
1.7788788e-05
1.7626344e-05
1.7463899e-05
1.7301454e-05
1.7139008e-05
1.6976561e-05
1.6814113e-05
1.6651664e-05
1.6489215e-05
1.6326766e-05
1.6164316e-05
1.6001865e-05
1.5839413e-05
1.5676962e-05
1.551451e-05
1.5352057e-05
1.5189604e-05
1.5027151e-05
1.4864697e-05
1.4702243e-05
1.4539789e-05
1.4377335e-05
1.4214881e-05
1.4052426e-05
1.3889971e-05
1.3727516e-05
1.3565061e-05
1.3402606e-05
1.3240151e-05
1.3077695e-05
1.291524e-05
1.2752784e-05
1.2590329e-05
1.2427873e-05
1.2265417e-05
1.2102962e-05
1.1940506e-05
1.177805e-05
1.1615594e-05
1.1453138e-05
1.1290683e-05
1.1128227e-05
1.0965771e-05
1.0803315e-05
1.0640859e-05
1.0478403e-05
1.0315947e-05
1.0153492e-05
9.9910357e-06
9.8285798e-06
9.6661239e-06
9.503668e-06
9.3412121e-06
9.1787563e-06
9.0163004e-06
8.8538445e-06
8.6913886e-06
8.5289327e-06
8.3664768e-06
8.204021e-06
8.0415651e-06
7.8791092e-06
7.7166534e-06
7.5541975e-06
7.3917417e-06
7.2292858e-06
7.0668299e-06
6.9043741e-06
6.7419182e-06
6.5794624e-06
6.4170065e-06
6.2545507e-06
6.0920948e-06
5.9296389e-06
5.7671831e-06
5.6047272e-06
5.4422714e-06
5.2798155e-06
5.1173596e-06
4.9549038e-06
4.7924479e-06
4.629992e-06
4.4675362e-06
4.3050803e-06
4.1426244e-06
3.9801685e-06
3.8177126e-06
3.6552568e-06
3.4928009e-06
3.330345e-06
3.1678891e-06
3.0054331e-06
2.8429772e-06
2.6805213e-06
2.5180653e-06
2.3556094e-06
2.1931534e-06
2.0306974e-06
1.8682413e-06
1.7057853e-06
1.5433292e-06
1.380873e-06
1.2184168e-06
1.0559606e-06
8.9350426e-07
7.3104786e-07
5.6859142e-07
4.061346e-07
2.4367644e-07
8.1235338e-08
3.0612748e-05
3.0743023e-05
3.0856863e-05
3.0942079e-05
3.1005367e-05
3.1046265e-05
3.1064399e-05
3.1060101e-05
3.1034036e-05
3.0987173e-05
3.092075e-05
3.083622e-05
3.0735187e-05
3.0619349e-05
3.0490434e-05
3.0350154e-05
3.0200163e-05
3.0042019e-05
2.9877162e-05
2.97069e-05
2.9532401e-05
2.9354688e-05
2.9174647e-05
2.8993031e-05
2.881047e-05
2.8627485e-05
2.8444494e-05
2.826183e-05
2.8079751e-05
2.7898448e-05
2.771806e-05
2.7538678e-05
2.736036e-05
2.7183128e-05
2.7006986e-05
2.6831916e-05
2.6657887e-05
2.6484856e-05
2.6312775e-05
2.6141591e-05
2.5971245e-05
2.5801681e-05
2.5632839e-05
2.5464665e-05
2.5297101e-05
2.5130097e-05
2.49636e-05
2.4797564e-05
2.4631946e-05
2.4466702e-05
2.4301797e-05
2.4137194e-05
2.3972861e-05
2.3808769e-05
2.3644891e-05
2.3481202e-05
2.3317682e-05
2.3154309e-05
2.2991067e-05
2.2827939e-05
2.2664911e-05
2.250197e-05
2.2339105e-05
2.2176306e-05
2.2013564e-05
2.1850871e-05
2.168822e-05
2.1525606e-05
2.1363022e-05
2.1200464e-05
2.1037929e-05
2.0875412e-05
2.071291e-05
2.0550422e-05
2.0387944e-05
2.0225475e-05
2.0063013e-05
1.9900557e-05
1.9738105e-05
1.9575656e-05
1.941321e-05
1.9250766e-05
1.9088324e-05
1.8925882e-05
1.876344e-05
1.8600999e-05
1.8438558e-05
1.8276116e-05
1.8113674e-05
1.7951231e-05
1.7788788e-05
1.7626344e-05
1.7463899e-05
1.7301453e-05
1.7139007e-05
1.697656e-05
1.6814112e-05
1.6651664e-05
1.6489215e-05
1.6326765e-05
1.6164315e-05
1.6001864e-05
1.5839413e-05
1.5676961e-05
1.5514509e-05
1.5352057e-05
1.5189604e-05
1.502715e-05
1.4864697e-05
1.4702243e-05
1.4539789e-05
1.4377335e-05
1.421488e-05
1.4052426e-05
1.3889971e-05
1.3727516e-05
1.3565061e-05
1.3402606e-05
1.324015e-05
1.3077695e-05
1.291524e-05
1.2752784e-05
1.2590328e-05
1.2427873e-05
1.2265417e-05
1.2102962e-05
1.1940506e-05
1.177805e-05
1.1615594e-05
1.1453138e-05
1.1290683e-05
1.1128227e-05
1.0965771e-05
1.0803315e-05
1.0640859e-05
1.0478403e-05
1.0315947e-05
1.0153492e-05
9.9910357e-06
9.8285798e-06
9.6661239e-06
9.503668e-06
9.3412121e-06
9.1787562e-06
9.0163003e-06
8.8538445e-06
8.6913886e-06
8.5289327e-06
8.3664768e-06
8.204021e-06
8.0415651e-06
7.8791092e-06
7.7166534e-06
7.5541975e-06
7.3917416e-06
7.2292858e-06
7.0668299e-06
6.9043741e-06
6.7419182e-06
6.5794624e-06
6.4170065e-06
6.2545507e-06
6.0920948e-06
5.9296389e-06
5.7671831e-06
5.6047272e-06
5.4422714e-06
5.2798155e-06
5.1173596e-06
4.9549038e-06
4.7924479e-06
4.629992e-06
4.4675362e-06
4.3050803e-06
4.1426244e-06
3.9801685e-06
3.8177126e-06
3.6552568e-06
3.4928009e-06
3.330345e-06
3.1678891e-06
3.0054331e-06
2.8429772e-06
2.6805213e-06
2.5180653e-06
2.3556094e-06
2.1931534e-06
2.0306974e-06
1.8682413e-06
1.7057853e-06
1.5433292e-06
1.380873e-06
1.2184168e-06
1.0559606e-06
8.9350423e-07
7.3104782e-07
5.6859137e-07
4.0613455e-07
2.4367635e-07
8.1235383e-08
3.0612749e-05
3.0743023e-05
3.0856863e-05
3.0942079e-05
3.1005368e-05
3.1046265e-05
3.1064399e-05
3.1060101e-05
3.1034036e-05
3.0987173e-05
3.092075e-05
3.083622e-05
3.0735187e-05
3.0619349e-05
3.0490434e-05
3.0350155e-05
3.0200164e-05
3.0042019e-05
2.9877162e-05
2.9706901e-05
2.9532401e-05
2.9354689e-05
2.9174648e-05
2.8993032e-05
2.8810471e-05
2.8627485e-05
2.8444494e-05
2.8261831e-05
2.8079751e-05
2.7898449e-05
2.771806e-05
2.7538679e-05
2.736036e-05
2.7183129e-05
2.7006987e-05
2.6831917e-05
2.6657888e-05
2.6484857e-05
2.6312776e-05
2.6141592e-05
2.5971246e-05
2.5801682e-05
2.5632841e-05
2.5464666e-05
2.5297103e-05
2.5130098e-05
2.4963601e-05
2.4797566e-05
2.4631947e-05
2.4466704e-05
2.4301798e-05
2.4137195e-05
2.3972862e-05
2.380877e-05
2.3644892e-05
2.3481203e-05
2.3317683e-05
2.3154311e-05
2.2991068e-05
2.282794e-05
2.2664912e-05
2.2501971e-05
2.2339106e-05
2.2176307e-05
2.2013565e-05
2.1850872e-05
2.1688221e-05
2.1525607e-05
2.1363023e-05
2.1200465e-05
2.103793e-05
2.0875413e-05
2.0712911e-05
2.0550423e-05
2.0387945e-05
2.0225476e-05
2.0063014e-05
1.9900557e-05
1.9738105e-05
1.9575657e-05
1.9413211e-05
1.9250767e-05
1.9088324e-05
1.8925882e-05
1.8763441e-05
1.8600999e-05
1.8438558e-05
1.8276116e-05
1.8113674e-05
1.7951231e-05
1.7788788e-05
1.7626344e-05
1.7463899e-05
1.7301453e-05
1.7139007e-05
1.697656e-05
1.6814112e-05
1.6651664e-05
1.6489215e-05
1.6326765e-05
1.6164315e-05
1.6001864e-05
1.5839413e-05
1.5676961e-05
1.5514509e-05
1.5352057e-05
1.5189604e-05
1.502715e-05
1.4864697e-05
1.4702243e-05
1.4539789e-05
1.4377335e-05
1.421488e-05
1.4052426e-05
1.3889971e-05
1.3727516e-05
1.3565061e-05
1.3402606e-05
1.324015e-05
1.3077695e-05
1.2915239e-05
1.2752784e-05
1.2590328e-05
1.2427873e-05
1.2265417e-05
1.2102961e-05
1.1940506e-05
1.177805e-05
1.1615594e-05
1.1453138e-05
1.1290683e-05
1.1128227e-05
1.0965771e-05
1.0803315e-05
1.0640859e-05
1.0478403e-05
1.0315947e-05
1.0153492e-05
9.9910356e-06
9.8285797e-06
9.6661239e-06
9.503668e-06
9.3412121e-06
9.1787562e-06
9.0163003e-06
8.8538444e-06
8.6913886e-06
8.5289327e-06
8.3664768e-06
8.204021e-06
8.0415651e-06
7.8791092e-06
7.7166534e-06
7.5541975e-06
7.3917416e-06
7.2292858e-06
7.0668299e-06
6.9043741e-06
6.7419182e-06
6.5794624e-06
6.4170065e-06
6.2545507e-06
6.0920948e-06
5.9296389e-06
5.7671831e-06
5.6047272e-06
5.4422714e-06
5.2798155e-06
5.1173596e-06
4.9549038e-06
4.7924479e-06
4.629992e-06
4.4675362e-06
4.3050803e-06
4.1426244e-06
3.9801685e-06
3.8177127e-06
3.6552568e-06
3.4928009e-06
3.330345e-06
3.1678891e-06
3.0054332e-06
2.8429772e-06
2.6805213e-06
2.5180653e-06
2.3556094e-06
2.1931534e-06
2.0306974e-06
1.8682414e-06
1.7057853e-06
1.5433292e-06
1.380873e-06
1.2184168e-06
1.0559606e-06
8.9350426e-07
7.3104785e-07
5.6859141e-07
4.0613459e-07
2.4367641e-07
8.1235335e-08
3.0625671e-05
3.0756644e-05
3.0870958e-05
3.0956335e-05
3.1019528e-05
3.1060091e-05
3.1077674e-05
3.1072644e-05
3.1045703e-05
3.0997859e-05
3.0930389e-05
3.0844783e-05
3.0742677e-05
3.0625794e-05
3.0495884e-05
3.0354677e-05
3.0203836e-05
3.0044924e-05
2.9879386e-05
2.9708529e-05
2.9533517e-05
2.9355368e-05
2.9174963e-05
2.8993048e-05
2.8810246e-05
2.8627071e-05
2.8443934e-05
2.8261163e-05
2.8079008e-05
2.7897657e-05
2.7717243e-05
2.7537854e-05
2.7359541e-05
2.7182328e-05
2.7006212e-05
2.6831175e-05
2.6657182e-05
2.6484192e-05
2.6312153e-05
2.6141011e-05
2.5970708e-05
2.5801185e-05
2.5632384e-05
2.5464248e-05
2.5296722e-05
2.5129752e-05
2.4963288e-05
2.4797283e-05
2.4631692e-05
2.4466475e-05
2.4301593e-05
2.4137012e-05
2.3972699e-05
2.3808625e-05
2.3644764e-05
2.348109e-05
2.3317583e-05
2.3154223e-05
2.2990992e-05
2.2827873e-05
2.2664854e-05
2.2501921e-05
2.2339063e-05
2.217627e-05
2.2013533e-05
2.1850844e-05
2.1688198e-05
2.1525587e-05
2.1363006e-05
2.1200451e-05
2.1037918e-05
2.0875403e-05
2.0712903e-05
2.0550416e-05
2.038794e-05
2.0225472e-05
2.0063011e-05
1.9900555e-05
1.9738104e-05
1.9575656e-05
1.941321e-05
1.9250766e-05
1.9088324e-05
1.8925882e-05
1.8763441e-05
1.8601e-05
1.8438559e-05
1.8276117e-05
1.8113675e-05
1.7951232e-05
1.7788789e-05
1.7626344e-05
1.74639e-05
1.7301454e-05
1.7139008e-05
1.6976561e-05
1.6814113e-05
1.6651664e-05
1.6489215e-05
1.6326766e-05
1.6164315e-05
1.6001865e-05
1.5839413e-05
1.5676961e-05
1.5514509e-05
1.5352057e-05
1.5189604e-05
1.502715e-05
1.4864697e-05
1.4702243e-05
1.4539789e-05
1.4377335e-05
1.421488e-05
1.4052426e-05
1.3889971e-05
1.3727516e-05
1.3565061e-05
1.3402606e-05
1.324015e-05
1.3077695e-05
1.2915239e-05
1.2752784e-05
1.2590328e-05
1.2427873e-05
1.2265417e-05
1.2102961e-05
1.1940506e-05
1.177805e-05
1.1615594e-05
1.1453138e-05
1.1290682e-05
1.1128227e-05
1.0965771e-05
1.0803315e-05
1.0640859e-05
1.0478403e-05
1.0315947e-05
1.0153491e-05
9.9910356e-06
9.8285797e-06
9.6661238e-06
9.5036679e-06
9.3412121e-06
9.1787562e-06
9.0163003e-06
8.8538444e-06
8.6913885e-06
8.5289327e-06
8.3664768e-06
8.2040209e-06
8.0415651e-06
7.8791092e-06
7.7166533e-06
7.5541975e-06
7.3917416e-06
7.2292858e-06
7.0668299e-06
6.9043741e-06
6.7419182e-06
6.5794624e-06
6.4170065e-06
6.2545507e-06
6.0920948e-06
5.9296389e-06
5.7671831e-06
5.6047272e-06
5.4422714e-06
5.2798155e-06
5.1173596e-06
4.9549038e-06
4.7924479e-06
4.629992e-06
4.4675362e-06
4.3050803e-06
4.1426244e-06
3.9801685e-06
3.8177127e-06
3.6552568e-06
3.4928009e-06
3.330345e-06
3.1678891e-06
3.0054332e-06
2.8429772e-06
2.6805213e-06
2.5180654e-06
2.3556094e-06
2.1931534e-06
2.0306974e-06
1.8682414e-06
1.7057853e-06
1.5433292e-06
1.3808731e-06
1.2184169e-06
1.0559607e-06
8.9350434e-07
7.3104795e-07
5.6859153e-07
4.0613473e-07
2.436766e-07
8.1235195e-08
3.0651677e-05
3.0784056e-05
3.0899323e-05
3.0985018e-05
3.1048008e-05
3.1087883e-05
3.1104345e-05
3.1097827e-05
3.106911e-05
3.1019283e-05
3.0949702e-05
3.0861926e-05
3.0757659e-05
3.0638676e-05
3.050677e-05
3.0363703e-05
3.0211158e-05
3.0050712e-05
2.9883813e-05
2.9711766e-05
2.953573e-05
2.9356714e-05
2.9175584e-05
2.8993073e-05
2.8809792e-05
2.8626239e-05
2.8442813e-05
2.8259829e-05
2.8077525e-05
2.7896079e-05
2.7715613e-05
2.7536209e-05
2.735791e-05
2.7180732e-05
2.7004669e-05
2.6829697e-05
2.6655779e-05
2.6482869e-05
2.6310914e-05
2.6139856e-05
2.5969637e-05
2.5800197e-05
2.5631477e-05
2.5463418e-05
2.5295964e-05
2.5129063e-05
2.4962664e-05
2.4796719e-05
2.4631185e-05
2.4466019e-05
2.4301185e-05
2.4136648e-05
2.3972375e-05
2.3808337e-05
2.3644508e-05
2.3480865e-05
2.3317384e-05
2.3154048e-05
2.2990838e-05
2.2827739e-05
2.2664737e-05
2.2501819e-05
2.2338974e-05
2.2176193e-05
2.2013467e-05
2.1850788e-05
2.168815e-05
2.1525546e-05
2.1362971e-05
2.1200422e-05
2.1037893e-05
2.0875383e-05
2.0712886e-05
2.0550403e-05
2.0387929e-05
2.0225463e-05
2.0063003e-05
1.9900549e-05
1.9738099e-05
1.9575653e-05
1.9413208e-05
1.9250765e-05
1.9088323e-05
1.8925882e-05
1.8763441e-05
1.8601e-05
1.8438559e-05
1.8276118e-05
1.8113676e-05
1.7951233e-05
1.778879e-05
1.7626346e-05
1.7463901e-05
1.7301455e-05
1.7139009e-05
1.6976562e-05
1.6814114e-05
1.6651665e-05
1.6489216e-05
1.6326766e-05
1.6164316e-05
1.6001865e-05
1.5839414e-05
1.5676962e-05
1.551451e-05
1.5352057e-05
1.5189604e-05
1.5027151e-05
1.4864697e-05
1.4702243e-05
1.4539789e-05
1.4377335e-05
1.421488e-05
1.4052426e-05
1.3889971e-05
1.3727516e-05
1.3565061e-05
1.3402606e-05
1.324015e-05
1.3077695e-05
1.2915239e-05
1.2752784e-05
1.2590328e-05
1.2427873e-05
1.2265417e-05
1.2102961e-05
1.1940506e-05
1.177805e-05
1.1615594e-05
1.1453138e-05
1.1290682e-05
1.1128227e-05
1.0965771e-05
1.0803315e-05
1.0640859e-05
1.0478403e-05
1.0315947e-05
1.0153491e-05
9.9910356e-06
9.8285797e-06
9.6661238e-06
9.5036679e-06
9.341212e-06
9.1787562e-06
9.0163003e-06
8.8538444e-06
8.6913885e-06
8.5289327e-06
8.3664768e-06
8.2040209e-06
8.0415651e-06
7.8791092e-06
7.7166533e-06
7.5541975e-06
7.3917416e-06
7.2292858e-06
7.0668299e-06
6.9043741e-06
6.7419182e-06
6.5794624e-06
6.4170065e-06
6.2545506e-06
6.0920948e-06
5.9296389e-06
5.7671831e-06
5.6047272e-06
5.4422714e-06
5.2798155e-06
5.1173596e-06
4.9549038e-06
4.7924479e-06
4.629992e-06
4.4675362e-06
4.3050803e-06
4.1426244e-06
3.9801685e-06
3.8177127e-06
3.6552568e-06
3.4928009e-06
3.330345e-06
3.1678891e-06
3.0054332e-06
2.8429773e-06
2.6805213e-06
2.5180654e-06
2.3556094e-06
2.1931535e-06
2.0306975e-06
1.8682414e-06
1.7057854e-06
1.5433293e-06
1.3808732e-06
1.218417e-06
1.0559608e-06
8.9350448e-07
7.3104812e-07
5.6859172e-07
4.0613496e-07
2.4367694e-07
8.1234963e-08
3.0691097e-05
3.082561e-05
3.0942312e-05
3.102847e-05
3.1091126e-05
3.1129925e-05
3.1144651e-05
3.1135845e-05
3.1104407e-05
3.105155e-05
3.097875e-05
3.0887679e-05
3.0780135e-05
3.0657976e-05
3.0523059e-05
3.0377189e-05
3.0222083e-05
3.0059334e-05
2.9890397e-05
2.9716572e-05
2.9539007e-05
2.9358695e-05
2.9176486e-05
2.8993091e-05
2.8809098e-05
2.8624985e-05
2.8441132e-05
2.8257833e-05
2.807531e-05
2.7893724e-05
2.7713184e-05
2.7533758e-05
2.735548e-05
2.7178357e-05
2.7002374e-05
2.68275e-05
2.6653693e-05
2.6480903e-05
2.6309072e-05
2.613814e-05
2.5968047e-05
2.579873e-05
2.5630129e-05
2.5462184e-05
2.5294839e-05
2.5128041e-05
2.4961738e-05
2.4795883e-05
2.4630432e-05
2.4465343e-05
2.430058e-05
2.4136107e-05
2.3971893e-05
2.3807909e-05
2.3644129e-05
2.3480529e-05
2.3317089e-05
2.3153788e-05
2.299061e-05
2.282754e-05
2.2664563e-05
2.2501668e-05
2.2338843e-05
2.217608e-05
2.201337e-05
2.1850705e-05
2.1688078e-05
2.1525485e-05
2.136292e-05
2.1200378e-05
2.1037857e-05
2.0875352e-05
2.0712861e-05
2.0550382e-05
2.0387912e-05
2.0225449e-05
2.0062993e-05
1.9900541e-05
1.9738093e-05
1.9575648e-05
1.9413205e-05
1.9250763e-05
1.9088322e-05
1.8925881e-05
1.8763441e-05
1.8601001e-05
1.843856e-05
1.8276119e-05
1.8113677e-05
1.7951234e-05
1.7788791e-05
1.7626347e-05
1.7463902e-05
1.7301457e-05
1.713901e-05
1.6976563e-05
1.6814115e-05
1.6651667e-05
1.6489217e-05
1.6326768e-05
1.6164317e-05
1.6001866e-05
1.5839415e-05
1.5676963e-05
1.551451e-05
1.5352058e-05
1.5189605e-05
1.5027151e-05
1.4864698e-05
1.4702244e-05
1.453979e-05
1.4377335e-05
1.4214881e-05
1.4052426e-05
1.3889971e-05
1.3727516e-05
1.3565061e-05
1.3402606e-05
1.324015e-05
1.3077695e-05
1.2915239e-05
1.2752784e-05
1.2590328e-05
1.2427873e-05
1.2265417e-05
1.2102961e-05
1.1940506e-05
1.177805e-05
1.1615594e-05
1.1453138e-05
1.1290682e-05
1.1128227e-05
1.0965771e-05
1.0803315e-05
1.0640859e-05
1.0478403e-05
1.0315947e-05
1.0153491e-05
9.9910355e-06
9.8285797e-06
9.6661238e-06
9.5036679e-06
9.341212e-06
9.1787561e-06
9.0163003e-06
8.8538444e-06
8.6913885e-06
8.5289326e-06
8.3664768e-06
8.2040209e-06
8.041565e-06
7.8791092e-06
7.7166533e-06
7.5541975e-06
7.3917416e-06
7.2292858e-06
7.0668299e-06
6.9043741e-06
6.7419182e-06
6.5794623e-06
6.4170065e-06
6.2545506e-06
6.0920948e-06
5.9296389e-06
5.7671831e-06
5.6047272e-06
5.4422714e-06
5.2798155e-06
5.1173596e-06
4.9549038e-06
4.7924479e-06
4.629992e-06
4.4675362e-06
4.3050803e-06
4.1426244e-06
3.9801685e-06
3.8177127e-06
3.6552568e-06
3.4928009e-06
3.330345e-06
3.1678891e-06
3.0054332e-06
2.8429773e-06
2.6805214e-06
2.5180654e-06
2.3556095e-06
2.1931535e-06
2.0306975e-06
1.8682415e-06
1.7057855e-06
1.5433294e-06
1.3808733e-06
1.2184172e-06
1.0559609e-06
8.9350467e-07
7.3104834e-07
5.6859198e-07
4.0613528e-07
2.436774e-07
8.1234644e-08
3.0744434e-05
3.0881839e-05
3.100047e-05
3.1087218e-05
3.1149368e-05
3.118665e-05
3.119896e-05
3.1186991e-05
3.1151815e-05
3.1094813e-05
3.1017628e-05
3.0922082e-05
3.0810106e-05
3.0683663e-05
3.0544696e-05
3.039507e-05
3.0236539e-05
3.0070719e-05
2.9899069e-05
2.9722883e-05
2.9543292e-05
2.9361269e-05
2.9177636e-05
2.8993076e-05
2.8808148e-05
2.8623302e-05
2.843889e-05
2.8255181e-05
2.8072373e-05
2.7890607e-05
2.7709973e-05
2.7530522e-05
2.7352275e-05
2.7175226e-05
2.6999349e-05
2.6824606e-05
2.6650947e-05
2.6478315e-05
2.6306649e-05
2.6135884e-05
2.5965956e-05
2.5796802e-05
2.5628358e-05
2.5460563e-05
2.5293362e-05
2.5126698e-05
2.4960522e-05
2.4794785e-05
2.4629443e-05
2.4464455e-05
2.4299785e-05
2.4135397e-05
2.397126e-05
2.3807347e-05
2.3643631e-05
2.3480089e-05
2.3316701e-05
2.3153447e-05
2.2990311e-05
2.2827278e-05
2.2664335e-05
2.2501469e-05
2.2338671e-05
2.2175931e-05
2.2013241e-05
2.1850594e-05
2.1687984e-05
2.1525405e-05
2.1362852e-05
2.1200321e-05
2.1037809e-05
2.0875312e-05
2.0712828e-05
2.0550354e-05
2.0387889e-05
2.0225431e-05
2.0062978e-05
1.990053e-05
1.9738084e-05
1.9575641e-05
1.94132e-05
1.925076e-05
1.908832e-05
1.8925881e-05
1.8763441e-05
1.8601001e-05
1.8438561e-05
1.827612e-05
1.8113679e-05
1.7951236e-05
1.7788793e-05
1.7626349e-05
1.7463904e-05
1.7301459e-05
1.7139012e-05
1.6976565e-05
1.6814117e-05
1.6651668e-05
1.6489219e-05
1.6326769e-05
1.6164318e-05
1.6001867e-05
1.5839416e-05
1.5676964e-05
1.5514511e-05
1.5352059e-05
1.5189605e-05
1.5027152e-05
1.4864698e-05
1.4702244e-05
1.453979e-05
1.4377336e-05
1.4214881e-05
1.4052426e-05
1.3889971e-05
1.3727516e-05
1.3565061e-05
1.3402606e-05
1.324015e-05
1.3077695e-05
1.291524e-05
1.2752784e-05
1.2590328e-05
1.2427873e-05
1.2265417e-05
1.2102961e-05
1.1940506e-05
1.177805e-05
1.1615594e-05
1.1453138e-05
1.1290682e-05
1.1128227e-05
1.0965771e-05
1.0803315e-05
1.0640859e-05
1.0478403e-05
1.0315947e-05
1.0153491e-05
9.9910355e-06
9.8285796e-06
9.6661237e-06
9.5036679e-06
9.341212e-06
9.1787561e-06
9.0163002e-06
8.8538444e-06
8.6913885e-06
8.5289326e-06
8.3664768e-06
8.2040209e-06
8.041565e-06
7.8791092e-06
7.7166533e-06
7.5541975e-06
7.3917416e-06
7.2292857e-06
7.0668299e-06
6.904374e-06
6.7419182e-06
6.5794623e-06
6.4170065e-06
6.2545506e-06
6.0920948e-06
5.9296389e-06
5.7671831e-06
5.6047272e-06
5.4422714e-06
5.2798155e-06
5.1173596e-06
4.9549038e-06
4.7924479e-06
4.629992e-06
4.4675362e-06
4.3050803e-06
4.1426244e-06
3.9801686e-06
3.8177127e-06
3.6552568e-06
3.4928009e-06
3.330345e-06
3.1678891e-06
3.0054332e-06
2.8429773e-06
2.6805214e-06
2.5180655e-06
2.3556095e-06
2.1931536e-06
2.0306976e-06
1.8682416e-06
1.7057856e-06
1.5433295e-06
1.3808734e-06
1.2184173e-06
1.0559611e-06
8.9350491e-07
7.3104862e-07
5.6859231e-07
4.0613568e-07
2.4367798e-07
8.123424e-08
3.0812386e-05
3.0953483e-05
3.1074547e-05
3.1161985e-05
3.1223402e-05
3.1258644e-05
3.1267764e-05
3.125166e-05
3.1211626e-05
3.114927e-05
3.106645e-05
3.0965182e-05
3.0847561e-05
3.0715687e-05
3.0571603e-05
3.0417248e-05
3.0254423e-05
3.0084763e-05
2.9909732e-05
2.9730612e-05
2.9548512e-05
2.9364374e-05
2.9178986e-05
2.8992994e-05
2.880692e-05
2.8621178e-05
2.8436085e-05
2.8251878e-05
2.8068727e-05
2.7886746e-05
2.7706002e-05
2.7526526e-05
2.7348321e-05
2.7171367e-05
2.6995624e-05
2.6821045e-05
2.664757e-05
2.6475134e-05
2.6303672e-05
2.6133113e-05
2.596339e-05
2.5794435e-05
2.5626184e-05
2.5458575e-05
2.529155e-05
2.5125052e-05
2.4959031e-05
2.4793439e-05
2.4628231e-05
2.4463367e-05
2.429881e-05
2.4134527e-05
2.3970485e-05
2.3806659e-05
2.3643021e-05
2.347955e-05
2.3316225e-05
2.3153029e-05
2.2989944e-05
2.2826957e-05
2.2664055e-05
2.2501226e-05
2.233846e-05
2.2175749e-05
2.2013084e-05
2.185046e-05
2.1687869e-05
2.1525307e-05
2.1362769e-05
2.1200251e-05
2.103775e-05
2.0875263e-05
2.0712787e-05
2.0550321e-05
2.0387862e-05
2.0225409e-05
2.0062961e-05
1.9900516e-05
1.9738074e-05
1.9575634e-05
1.9413194e-05
1.9250756e-05
1.9088318e-05
1.892588e-05
1.8763441e-05
1.8601002e-05
1.8438562e-05
1.8276122e-05
1.8113681e-05
1.7951239e-05
1.7788796e-05
1.7626352e-05
1.7463907e-05
1.7301461e-05
1.7139015e-05
1.6976567e-05
1.6814119e-05
1.665167e-05
1.6489221e-05
1.6326771e-05
1.616432e-05
1.6001869e-05
1.5839417e-05
1.5676965e-05
1.5514513e-05
1.535206e-05
1.5189606e-05
1.5027153e-05
1.4864699e-05
1.4702245e-05
1.4539791e-05
1.4377336e-05
1.4214881e-05
1.4052427e-05
1.3889972e-05
1.3727517e-05
1.3565061e-05
1.3402606e-05
1.3240151e-05
1.3077695e-05
1.291524e-05
1.2752784e-05
1.2590328e-05
1.2427873e-05
1.2265417e-05
1.2102961e-05
1.1940506e-05
1.177805e-05
1.1615594e-05
1.1453138e-05
1.1290682e-05
1.1128227e-05
1.0965771e-05
1.0803315e-05
1.0640859e-05
1.0478403e-05
1.0315947e-05
1.0153491e-05
9.9910355e-06
9.8285796e-06
9.6661237e-06
9.5036678e-06
9.341212e-06
9.1787561e-06
9.0163002e-06
8.8538443e-06
8.6913885e-06
8.5289326e-06
8.3664767e-06
8.2040209e-06
8.041565e-06
7.8791092e-06
7.7166533e-06
7.5541974e-06
7.3917416e-06
7.2292857e-06
7.0668299e-06
6.904374e-06
6.7419182e-06
6.5794623e-06
6.4170065e-06
6.2545506e-06
6.0920948e-06
5.9296389e-06
5.7671831e-06
5.6047272e-06
5.4422713e-06
5.2798155e-06
5.1173596e-06
4.9549038e-06
4.7924479e-06
4.629992e-06
4.4675362e-06
4.3050803e-06
4.1426244e-06
3.9801686e-06
3.8177127e-06
3.6552568e-06
3.4928009e-06
3.330345e-06
3.1678891e-06
3.0054332e-06
2.8429773e-06
2.6805214e-06
2.5180655e-06
2.3556096e-06
2.1931536e-06
2.0306977e-06
1.8682417e-06
1.7057857e-06
1.5433297e-06
1.3808736e-06
1.2184175e-06
1.0559614e-06
8.9350519e-07
7.3104895e-07
5.6859269e-07
4.0613615e-07
2.4367867e-07
8.123376e-08
3.0895859e-05
3.1041504e-05
3.1165519e-05
3.125371e-05
3.131409e-05
3.1346663e-05
3.1351691e-05
3.1330344e-05
3.1284202e-05
3.1215162e-05
3.112535e-05
3.1017023e-05
3.0892476e-05
3.075397e-05
3.0603669e-05
3.0443595e-05
3.0275596e-05
3.0101331e-05
2.9922259e-05
2.9739646e-05
2.9554569e-05
2.936793e-05
2.9180473e-05
2.8992799e-05
2.8805384e-05
2.8618596e-05
2.8432712e-05
2.8247931e-05
2.8064386e-05
2.7882162e-05
2.7701297e-05
2.75218e-05
2.7343652e-05
2.7166814e-05
2.6991235e-05
2.6816852e-05
2.6643596e-05
2.6471394e-05
2.6300173e-05
2.6129858e-05
2.5960376e-05
2.5791658e-05
2.5623635e-05
2.5456244e-05
2.5289425e-05
2.5123123e-05
2.4957284e-05
2.4791862e-05
2.4626812e-05
2.4462093e-05
2.429767e-05
2.4133509e-05
2.3969579e-05
2.3805853e-05
2.3642307e-05
2.3478919e-05
2.3315669e-05
2.315254e-05
2.2989516e-05
2.2826583e-05
2.2663728e-05
2.2500942e-05
2.2338214e-05
2.2175536e-05
2.2012901e-05
2.1850302e-05
2.1687734e-05
2.1525192e-05
2.1362671e-05
2.1200169e-05
2.1037681e-05
2.0875205e-05
2.071274e-05
2.0550282e-05
2.038783e-05
2.0225383e-05
2.006294e-05
1.99005e-05
1.9738062e-05
1.9575624e-05
1.9413188e-05
1.9250752e-05
1.9088315e-05
1.8925878e-05
1.8763441e-05
1.8601003e-05
1.8438564e-05
1.8276124e-05
1.8113683e-05
1.7951241e-05
1.7788798e-05
1.7626355e-05
1.746391e-05
1.7301464e-05
1.7139017e-05
1.697657e-05
1.6814122e-05
1.6651673e-05
1.6489223e-05
1.6326773e-05
1.6164322e-05
1.6001871e-05
1.5839419e-05
1.5676967e-05
1.5514514e-05
1.5352061e-05
1.5189608e-05
1.5027154e-05
1.48647e-05
1.4702246e-05
1.4539791e-05
1.4377337e-05
1.4214882e-05
1.4052427e-05
1.3889972e-05
1.3727517e-05
1.3565062e-05
1.3402606e-05
1.3240151e-05
1.3077695e-05
1.291524e-05
1.2752784e-05
1.2590329e-05
1.2427873e-05
1.2265417e-05
1.2102961e-05
1.1940506e-05
1.177805e-05
1.1615594e-05
1.1453138e-05
1.1290682e-05
1.1128227e-05
1.0965771e-05
1.0803315e-05
1.0640859e-05
1.0478403e-05
1.0315947e-05
1.0153491e-05
9.9910355e-06
9.8285796e-06
9.6661237e-06
9.5036678e-06
9.3412119e-06
9.1787561e-06
9.0163002e-06
8.8538443e-06
8.6913885e-06
8.5289326e-06
8.3664767e-06
8.2040209e-06
8.041565e-06
7.8791091e-06
7.7166533e-06
7.5541974e-06
7.3917416e-06
7.2292857e-06
7.0668299e-06
6.904374e-06
6.7419182e-06
6.5794623e-06
6.4170065e-06
6.2545506e-06
6.0920948e-06
5.9296389e-06
5.767183e-06
5.6047272e-06
5.4422713e-06
5.2798155e-06
5.1173596e-06
4.9549037e-06
4.7924479e-06
4.629992e-06
4.4675362e-06
4.3050803e-06
4.1426244e-06
3.9801685e-06
3.8177127e-06
3.6552568e-06
3.4928009e-06
3.330345e-06
3.1678892e-06
3.0054333e-06
2.8429774e-06
2.6805215e-06
2.5180656e-06
2.3556096e-06
2.1931537e-06
2.0306978e-06
1.8682418e-06
1.7057858e-06
1.5433298e-06
1.3808738e-06
1.2184177e-06
1.0559616e-06
8.9350549e-07
7.3104931e-07
5.6859312e-07
4.0613668e-07
2.4367945e-07
8.1233206e-08
3.0996003e-05
3.1147124e-05
3.1274622e-05
3.1363574e-05
3.1422506e-05
3.1451637e-05
3.145151e-05
3.1423638e-05
3.136997e-05
3.1292761e-05
3.1194468e-05
3.1077634e-05
3.0944796e-05
3.0798399e-05
3.0640743e-05
3.0473938e-05
3.0299882e-05
3.0120249e-05
2.993649e-05
2.9749842e-05
2.9561339e-05
2.9371835e-05
2.9182017e-05
2.8992431e-05
2.8803498e-05
2.8615533e-05
2.8428763e-05
2.8243342e-05
2.8059365e-05
2.7876877e-05
2.7695887e-05
2.7516377e-05
2.7338303e-05
2.7161607e-05
2.698622e-05
2.6812067e-05
2.6639065e-05
2.6467134e-05
2.629619e-05
2.6126155e-05
2.595695e-05
2.5788502e-05
2.5620739e-05
2.5453597e-05
2.5287014e-05
2.5120934e-05
2.4955303e-05
2.4790074e-05
2.4625203e-05
2.446065e-05
2.4296378e-05
2.4132355e-05
2.3968552e-05
2.3804941e-05
2.36415e-05
2.3478206e-05
2.331504e-05
2.3151987e-05
2.2989031e-05
2.2826159e-05
2.2663359e-05
2.250062e-05
2.2337935e-05
2.2175295e-05
2.2012694e-05
2.1850124e-05
2.1687582e-05
2.1525062e-05
2.1362561e-05
2.1200076e-05
2.1037603e-05
2.087514e-05
2.0712686e-05
2.0550238e-05
2.0387794e-05
2.0225355e-05
2.0062917e-05
1.9900482e-05
1.9738048e-05
1.9575614e-05
1.9413181e-05
1.9250747e-05
1.9088312e-05
1.8925877e-05
1.8763441e-05
1.8601004e-05
1.8438566e-05
1.8276126e-05
1.8113686e-05
1.7951244e-05
1.7788802e-05
1.7626358e-05
1.7463913e-05
1.7301467e-05
1.7139021e-05
1.6976573e-05
1.6814125e-05
1.6651676e-05
1.6489226e-05
1.6326775e-05
1.6164324e-05
1.6001873e-05
1.5839421e-05
1.5676968e-05
1.5514516e-05
1.5352062e-05
1.5189609e-05
1.5027155e-05
1.4864701e-05
1.4702247e-05
1.4539792e-05
1.4377337e-05
1.4214883e-05
1.4052428e-05
1.3889973e-05
1.3727517e-05
1.3565062e-05
1.3402607e-05
1.3240151e-05
1.3077696e-05
1.291524e-05
1.2752784e-05
1.2590329e-05
1.2427873e-05
1.2265417e-05
1.2102961e-05
1.1940506e-05
1.177805e-05
1.1615594e-05
1.1453138e-05
1.1290682e-05
1.1128227e-05
1.0965771e-05
1.0803315e-05
1.0640859e-05
1.0478403e-05
1.0315947e-05
1.0153491e-05
9.9910354e-06
9.8285796e-06
9.6661237e-06
9.5036678e-06
9.3412119e-06
9.1787561e-06
9.0163002e-06
8.8538443e-06
8.6913884e-06
8.5289326e-06
8.3664767e-06
8.2040208e-06
8.041565e-06
7.8791091e-06
7.7166533e-06
7.5541974e-06
7.3917416e-06
7.2292857e-06
7.0668299e-06
6.904374e-06
6.7419182e-06
6.5794623e-06
6.4170065e-06
6.2545506e-06
6.0920947e-06
5.9296389e-06
5.767183e-06
5.6047272e-06
5.4422713e-06
5.2798155e-06
5.1173596e-06
4.9549037e-06
4.7924479e-06
4.629992e-06
4.4675361e-06
4.3050803e-06
4.1426244e-06
3.9801685e-06
3.8177127e-06
3.6552568e-06
3.4928009e-06
3.330345e-06
3.1678892e-06
3.0054333e-06
2.8429774e-06
2.6805215e-06
2.5180656e-06
2.3556097e-06
2.1931538e-06
2.0306978e-06
1.8682419e-06
1.7057859e-06
1.54333e-06
1.380874e-06
1.218418e-06
1.0559619e-06
8.9350582e-07
7.310497e-07
5.6859358e-07
4.0613726e-07
2.436803e-07
8.1232589e-08
3.1114246e-05
3.1271859e-05
3.1403386e-05
3.1493032e-05
3.1549966e-05
3.1574697e-05
3.1568133e-05
3.1532236e-05
3.1469413e-05
3.1382361e-05
3.1273936e-05
3.1147022e-05
3.100443e-05
3.0848815e-05
3.0682622e-05
3.0508054e-05
3.0327052e-05
3.0141299e-05
2.9952223e-05
2.9761021e-05
2.9568671e-05
2.9375964e-05
2.918352e-05
2.8991818e-05
2.8801212e-05
2.8611958e-05
2.8424224e-05
2.8238113e-05
2.8053674e-05
2.7870912e-05
2.7689802e-05
2.7510291e-05
2.7332312e-05
2.7155786e-05
2.6980623e-05
2.6806732e-05
2.663402e-05
2.6462394e-05
2.6291764e-05
2.6122043e-05
2.5953148e-05
2.5785001e-05
2.5617529e-05
2.5450664e-05
2.5284344e-05
2.5118511e-05
2.4953111e-05
2.4788097e-05
2.4623424e-05
2.4459054e-05
2.4294951e-05
2.4131082e-05
2.3967418e-05
2.3803935e-05
2.3640608e-05
2.3477418e-05
2.3314347e-05
2.3151378e-05
2.2988497e-05
2.2825692e-05
2.2662951e-05
2.2500267e-05
2.2337629e-05
2.217503e-05
2.2012466e-05
2.1849929e-05
2.1687415e-05
2.152492e-05
2.1362441e-05
2.1199974e-05
2.1037518e-05
2.0875069e-05
2.0712627e-05
2.0550189e-05
2.0387755e-05
2.0225323e-05
2.0062892e-05
1.9900462e-05
1.9738033e-05
1.9575603e-05
1.9413173e-05
1.9250741e-05
1.9088309e-05
1.8925876e-05
1.8763441e-05
1.8601005e-05
1.8438568e-05
1.8276129e-05
1.8113689e-05
1.7951248e-05
1.7788805e-05
1.7626361e-05
1.7463917e-05
1.7301471e-05
1.7139024e-05
1.6976576e-05
1.6814128e-05
1.6651679e-05
1.6489229e-05
1.6326778e-05
1.6164327e-05
1.6001875e-05
1.5839423e-05
1.567697e-05
1.5514517e-05
1.5352064e-05
1.518961e-05
1.5027156e-05
1.4864702e-05
1.4702248e-05
1.4539793e-05
1.4377338e-05
1.4214883e-05
1.4052428e-05
1.3889973e-05
1.3727518e-05
1.3565062e-05
1.3402607e-05
1.3240151e-05
1.3077696e-05
1.291524e-05
1.2752785e-05
1.2590329e-05
1.2427873e-05
1.2265417e-05
1.2102962e-05
1.1940506e-05
1.177805e-05
1.1615594e-05
1.1453138e-05
1.1290682e-05
1.1128227e-05
1.0965771e-05
1.0803315e-05
1.0640859e-05
1.0478403e-05
1.0315947e-05
1.0153491e-05
9.9910354e-06
9.8285795e-06
9.6661237e-06
9.5036678e-06
9.3412119e-06
9.178756e-06
9.0163002e-06
8.8538443e-06
8.6913884e-06
8.5289326e-06
8.3664767e-06
8.2040208e-06
8.041565e-06
7.8791091e-06
7.7166533e-06
7.5541974e-06
7.3917416e-06
7.2292857e-06
7.0668298e-06
6.904374e-06
6.7419181e-06
6.5794623e-06
6.4170064e-06
6.2545506e-06
6.0920947e-06
5.9296389e-06
5.767183e-06
5.6047272e-06
5.4422713e-06
5.2798154e-06
5.1173596e-06
4.9549037e-06
4.7924479e-06
4.629992e-06
4.4675361e-06
4.3050803e-06
4.1426244e-06
3.9801685e-06
3.8177127e-06
3.6552568e-06
3.4928009e-06
3.330345e-06
3.1678892e-06
3.0054333e-06
2.8429774e-06
2.6805215e-06
2.5180656e-06
2.3556097e-06
2.1931538e-06
2.0306979e-06
1.868242e-06
1.7057861e-06
1.5433301e-06
1.3808742e-06
1.2184182e-06
1.0559622e-06
8.9350616e-07
7.3105011e-07
5.6859407e-07
4.0613787e-07
2.436812e-07
8.1231914e-08
3.1252349e-05
3.1417578e-05
3.1553691e-05
3.1643858e-05
3.1698055e-05
3.1717181e-05
3.170263e-05
3.1656929e-05
3.1583063e-05
3.1484264e-05
3.1363865e-05
3.1225145e-05
3.1071227e-05
3.0904992e-05
3.0729039e-05
3.0545657e-05
3.0356822e-05
3.016421e-05
2.9969213e-05
2.9772967e-05
2.9576382e-05
2.9380167e-05
2.9184863e-05
2.8990868e-05
2.8798462e-05
2.8607828e-05
2.8419072e-05
2.8232239e-05
2.8047324e-05
2.7864289e-05
2.7683068e-05
2.7503578e-05
2.7325721e-05
2.7149393e-05
2.6974487e-05
2.6800893e-05
2.6628505e-05
2.6457219e-05
2.6286936e-05
2.6117561e-05
2.5949008e-05
2.5781192e-05
2.5614039e-05
2.5447478e-05
2.5281445e-05
2.5115881e-05
2.4950733e-05
2.4785953e-05
2.4621497e-05
2.4457326e-05
2.4293405e-05
2.4129703e-05
2.3966192e-05
2.3802846e-05
2.3639644e-05
2.3476567e-05
2.3313597e-05
2.3150719e-05
2.298792e-05
2.2825187e-05
2.2662512e-05
2.2499885e-05
2.2337298e-05
2.2174745e-05
2.201222e-05
2.1849718e-05
2.1687235e-05
2.1524767e-05
2.1362311e-05
2.1199865e-05
2.1037426e-05
2.0874993e-05
2.0712564e-05
2.0550137e-05
2.0387713e-05
2.0225289e-05
2.0062865e-05
1.9900441e-05
1.9738017e-05
1.9575591e-05
1.9413164e-05
1.9250736e-05
1.9088306e-05
1.8925874e-05
1.8763441e-05
1.8601006e-05
1.843857e-05
1.8276132e-05
1.8113692e-05
1.7951251e-05
1.7788809e-05
1.7626365e-05
1.7463921e-05
1.7301475e-05
1.7139028e-05
1.697658e-05
1.6814132e-05
1.6651682e-05
1.6489232e-05
1.6326781e-05
1.616433e-05
1.6001878e-05
1.5839425e-05
1.5676973e-05
1.5514519e-05
1.5352066e-05
1.5189612e-05
1.5027158e-05
1.4864703e-05
1.4702249e-05
1.4539794e-05
1.4377339e-05
1.4214884e-05
1.4052429e-05
1.3889974e-05
1.3727518e-05
1.3565063e-05
1.3402607e-05
1.3240152e-05
1.3077696e-05
1.291524e-05
1.2752785e-05
1.2590329e-05
1.2427873e-05
1.2265417e-05
1.2102962e-05
1.1940506e-05
1.177805e-05
1.1615594e-05
1.1453138e-05
1.1290682e-05
1.1128227e-05
1.0965771e-05
1.0803315e-05
1.0640859e-05
1.0478403e-05
1.0315947e-05
1.0153491e-05
9.9910354e-06
9.8285795e-06
9.6661236e-06
9.5036678e-06
9.3412119e-06
9.178756e-06
9.0163001e-06
8.8538443e-06
8.6913884e-06
8.5289325e-06
8.3664767e-06
8.2040208e-06
8.041565e-06
7.8791091e-06
7.7166532e-06
7.5541974e-06
7.3917415e-06
7.2292857e-06
7.0668298e-06
6.904374e-06
6.7419181e-06
6.5794623e-06
6.4170064e-06
6.2545506e-06
6.0920947e-06
5.9296389e-06
5.767183e-06
5.6047271e-06
5.4422713e-06
5.2798154e-06
5.1173596e-06
4.9549037e-06
4.7924478e-06
4.629992e-06
4.4675361e-06
4.3050802e-06
4.1426244e-06
3.9801685e-06
3.8177126e-06
3.6552568e-06
3.4928009e-06
3.330345e-06
3.1678891e-06
3.0054333e-06
2.8429774e-06
2.6805215e-06
2.5180656e-06
2.3556097e-06
2.1931539e-06
2.030698e-06
1.8682421e-06
1.7057862e-06
1.5433303e-06
1.3808743e-06
1.2184184e-06
1.0559625e-06
8.9350649e-07
7.3105053e-07
5.6859456e-07
4.061385e-07
2.4368213e-07
8.1231195e-08
3.141247e-05
3.1586573e-05
3.1727832e-05
3.1818201e-05
3.1868668e-05
3.1880667e-05
3.1856226e-05
3.1798598e-05
3.171148e-05
3.1598756e-05
3.1464317e-05
3.1311896e-05
3.1144957e-05
3.0966623e-05
3.0779644e-05
3.0586384e-05
3.0388838e-05
3.0188652e-05
2.9987161e-05
2.9785421e-05
2.958425e-05
2.9384261e-05
2.91859e-05
2.8989471e-05
2.8795168e-05
2.8603092e-05
2.8413279e-05
2.8225707e-05
2.8040318e-05
2.7857023e-05
2.7675714e-05
2.7496271e-05
2.7318567e-05
2.7142473e-05
2.6967857e-05
2.6794596e-05
2.6622567e-05
2.6451654e-05
2.6281751e-05
2.6112754e-05
2.5944571e-05
2.5777115e-05
2.5610306e-05
2.5444072e-05
2.5278348e-05
2.5113074e-05
2.4948196e-05
2.4783667e-05
2.4619443e-05
2.4455485e-05
2.4291759e-05
2.4128236e-05
2.3964887e-05
2.3801689e-05
2.363862e-05
2.3475663e-05
2.3312801e-05
2.315002e-05
2.2987308e-05
2.2824653e-05
2.2662046e-05
2.249948e-05
2.2336948e-05
2.2174443e-05
2.201196e-05
2.1849495e-05
2.1687044e-05
2.1524605e-05
2.1362174e-05
2.1199749e-05
2.1037329e-05
2.0874912e-05
2.0712497e-05
2.0550083e-05
2.0387668e-05
2.0225253e-05
2.0062837e-05
1.990042e-05
1.9738e-05
1.9575579e-05
1.9413156e-05
1.925073e-05
1.9088303e-05
1.8925873e-05
1.8763441e-05
1.8601008e-05
1.8438572e-05
1.8276135e-05
1.8113696e-05
1.7951255e-05
1.7788813e-05
1.762637e-05
1.7463925e-05
1.7301479e-05
1.7139032e-05
1.6976584e-05
1.6814135e-05
1.6651686e-05
1.6489235e-05
1.6326784e-05
1.6164333e-05
1.600188e-05
1.5839428e-05
1.5676975e-05
1.5514521e-05
1.5352068e-05
1.5189614e-05
1.5027159e-05
1.4864705e-05
1.470225e-05
1.4539795e-05
1.437734e-05
1.4214885e-05
1.405243e-05
1.3889974e-05
1.3727519e-05
1.3565063e-05
1.3402608e-05
1.3240152e-05
1.3077696e-05
1.2915241e-05
1.2752785e-05
1.2590329e-05
1.2427873e-05
1.2265418e-05
1.2102962e-05
1.1940506e-05
1.177805e-05
1.1615594e-05
1.1453138e-05
1.1290682e-05
1.1128227e-05
1.0965771e-05
1.0803315e-05
1.0640859e-05
1.0478403e-05
1.0315947e-05
1.0153491e-05
9.9910354e-06
9.8285795e-06
9.6661236e-06
9.5036677e-06
9.3412119e-06
9.178756e-06
9.0163001e-06
8.8538443e-06
8.6913884e-06
8.5289325e-06
8.3664767e-06
8.2040208e-06
8.0415649e-06
7.8791091e-06
7.7166532e-06
7.5541974e-06
7.3917415e-06
7.2292857e-06
7.0668298e-06
6.904374e-06
6.7419181e-06
6.5794623e-06
6.4170064e-06
6.2545506e-06
6.0920947e-06
5.9296388e-06
5.767183e-06
5.6047271e-06
5.4422713e-06
5.2798154e-06
5.1173595e-06
4.9549037e-06
4.7924478e-06
4.6299919e-06
4.4675361e-06
4.3050802e-06
4.1426243e-06
3.9801685e-06
3.8177126e-06
3.6552567e-06
3.4928008e-06
3.330345e-06
3.1678891e-06
3.0054332e-06
2.8429774e-06
2.6805215e-06
2.5180656e-06
2.3556098e-06
2.1931539e-06
2.030698e-06
1.8682421e-06
1.7057863e-06
1.5433304e-06
1.3808745e-06
1.2184186e-06
1.0559627e-06
8.9350682e-07
7.3105093e-07
5.6859506e-07
4.0613912e-07
2.4368307e-07
8.1230437e-08
3.1597254e-05
3.1781653e-05
3.1928606e-05
3.2018648e-05
3.2064054e-05
3.2066985e-05
3.2030308e-05
3.1958198e-05
3.1855233e-05
3.172608e-05
3.1575278e-05
3.1407069e-05
3.1225285e-05
3.1033296e-05
3.0833988e-05
3.0629783e-05
3.0422664e-05
3.0214224e-05
3.0005709e-05
2.9798071e-05
2.9592012e-05
2.9388032e-05
2.918646e-05
2.8987495e-05
2.8791231e-05
2.8597682e-05
2.8406801e-05
2.8218499e-05
2.8032654e-05
2.7849125e-05
2.7667761e-05
2.7488401e-05
2.7310888e-05
2.7135064e-05
2.6960778e-05
2.6787885e-05
2.661625e-05
2.6445745e-05
2.6276252e-05
2.6107663e-05
2.5939877e-05
2.5772805e-05
2.5606364e-05
2.544048e-05
2.5275084e-05
2.5110118e-05
2.4945527e-05
2.4781263e-05
2.4617284e-05
2.4453552e-05
2.4290033e-05
2.4126697e-05
2.3963519e-05
2.3800476e-05
2.3637548e-05
2.3474717e-05
2.3311969e-05
2.314929e-05
2.2986668e-05
2.2824095e-05
2.2661561e-05
2.2499059e-05
2.2336583e-05
2.2174128e-05
2.2011689e-05
2.1849263e-05
2.1686847e-05
2.1524437e-05
2.1362032e-05
2.119963e-05
2.1037229e-05
2.0874829e-05
2.0712429e-05
2.0550027e-05
2.0387623e-05
2.0225217e-05
2.0062808e-05
1.9900397e-05
1.9737983e-05
1.9575567e-05
1.9413147e-05
1.9250725e-05
1.90883e-05
1.8925872e-05
1.8763442e-05
1.860101e-05
1.8438575e-05
1.8276138e-05
1.81137e-05
1.795126e-05
1.7788818e-05
1.7626374e-05
1.746393e-05
1.7301484e-05
1.7139037e-05
1.6976588e-05
1.6814139e-05
1.665169e-05
1.6489239e-05
1.6326788e-05
1.6164336e-05
1.6001883e-05
1.583943e-05
1.5676977e-05
1.5514524e-05
1.535207e-05
1.5189615e-05
1.5027161e-05
1.4864706e-05
1.4702251e-05
1.4539796e-05
1.4377341e-05
1.4214886e-05
1.4052431e-05
1.3889975e-05
1.3727519e-05
1.3565064e-05
1.3402608e-05
1.3240153e-05
1.3077697e-05
1.2915241e-05
1.2752785e-05
1.2590329e-05
1.2427874e-05
1.2265418e-05
1.2102962e-05
1.1940506e-05
1.177805e-05
1.1615594e-05
1.1453138e-05
1.1290682e-05
1.1128227e-05
1.0965771e-05
1.0803315e-05
1.0640859e-05
1.0478403e-05
1.0315947e-05
1.0153491e-05
9.9910354e-06
9.8285795e-06
9.6661236e-06
9.5036677e-06
9.3412119e-06
9.178756e-06
9.0163001e-06
8.8538442e-06
8.6913884e-06
8.5289325e-06
8.3664766e-06
8.2040208e-06
8.0415649e-06
7.8791091e-06
7.7166532e-06
7.5541974e-06
7.3917415e-06
7.2292857e-06
7.0668298e-06
6.904374e-06
6.7419181e-06
6.5794622e-06
6.4170064e-06
6.2545505e-06
6.0920947e-06
5.9296388e-06
5.767183e-06
5.6047271e-06
5.4422712e-06
5.2798154e-06
5.1173595e-06
4.9549036e-06
4.7924478e-06
4.6299919e-06
4.467536e-06
4.3050801e-06
4.1426243e-06
3.9801684e-06
3.8177125e-06
3.6552567e-06
3.4928008e-06
3.3303449e-06
3.1678891e-06
3.0054332e-06
2.8429773e-06
2.6805215e-06
2.5180656e-06
2.3556097e-06
2.1931539e-06
2.030698e-06
1.8682422e-06
1.7057863e-06
1.5433305e-06
1.3808746e-06
1.2184188e-06
1.055963e-06
8.9350713e-07
7.3105132e-07
5.6859553e-07
4.0613973e-07
2.4368398e-07
8.1229655e-08
3.180996e-05
3.2006268e-05
3.2159427e-05
3.2248317e-05
3.2286872e-05
3.2278249e-05
3.2226423e-05
3.2136741e-05
3.2014867e-05
3.1866397e-05
3.1696616e-05
3.1510324e-05
3.1311738e-05
3.1104463e-05
3.08915e-05
3.0675291e-05
3.0457773e-05
3.0240445e-05
3.0024432e-05
2.9810551e-05
2.9599362e-05
2.9391226e-05
2.918634e-05
2.8984783e-05
2.8786535e-05
2.8591514e-05
2.8399584e-05
2.8210582e-05
2.8024319e-05
2.78406e-05
2.7659225e-05
2.7479994e-05
2.7302716e-05
2.7127205e-05
2.6953289e-05
2.6780804e-05
2.6609598e-05
2.6439534e-05
2.6270483e-05
2.6102329e-05
2.5934967e-05
2.5768303e-05
2.5602251e-05
2.5436734e-05
2.5271685e-05
2.5107042e-05
2.4942752e-05
2.4778767e-05
2.4615044e-05
2.4451547e-05
2.4288243e-05
2.4125104e-05
2.3962104e-05
2.3799222e-05
2.363644e-05
2.3473741e-05
2.331111e-05
2.3148537e-05
2.2986009e-05
2.282352e-05
2.2661061e-05
2.2498625e-05
2.2336208e-05
2.2173805e-05
2.2011412e-05
2.1849026e-05
2.1686644e-05
2.1524265e-05
2.1361887e-05
2.1199508e-05
2.1037128e-05
2.0874745e-05
2.0712359e-05
2.054997e-05
2.0387577e-05
2.022518e-05
2.006278e-05
1.9900375e-05
1.9737967e-05
1.9575554e-05
1.9413139e-05
1.9250719e-05
1.9088297e-05
1.8925871e-05
1.8763443e-05
1.8601012e-05
1.8438578e-05
1.8276142e-05
1.8113704e-05
1.7951264e-05
1.7788823e-05
1.7626379e-05
1.7463935e-05
1.7301488e-05
1.7139041e-05
1.6976593e-05
1.6814144e-05
1.6651694e-05
1.6489243e-05
1.6326791e-05
1.6164339e-05
1.6001886e-05
1.5839433e-05
1.567698e-05
1.5514526e-05
1.5352072e-05
1.5189617e-05
1.5027163e-05
1.4864708e-05
1.4702253e-05
1.4539798e-05
1.4377342e-05
1.4214887e-05
1.4052431e-05
1.3889976e-05
1.372752e-05
1.3565064e-05
1.3402609e-05
1.3240153e-05
1.3077697e-05
1.2915241e-05
1.2752785e-05
1.259033e-05
1.2427874e-05
1.2265418e-05
1.2102962e-05
1.1940506e-05
1.177805e-05
1.1615594e-05
1.1453138e-05
1.1290683e-05
1.1128227e-05
1.0965771e-05
1.0803315e-05
1.0640859e-05
1.0478403e-05
1.0315947e-05
1.0153491e-05
9.9910354e-06
9.8285795e-06
9.6661236e-06
9.5036677e-06
9.3412118e-06
9.178756e-06
9.0163001e-06
8.8538442e-06
8.6913884e-06
8.5289325e-06
8.3664766e-06
8.2040208e-06
8.0415649e-06
7.8791091e-06
7.7166532e-06
7.5541973e-06
7.3917415e-06
7.2292856e-06
7.0668298e-06
6.9043739e-06
6.7419181e-06
6.5794622e-06
6.4170064e-06
6.2545505e-06
6.0920947e-06
5.9296388e-06
5.7671829e-06
5.6047271e-06
5.4422712e-06
5.2798153e-06
5.1173595e-06
4.9549036e-06
4.7924477e-06
4.6299918e-06
4.467536e-06
4.3050801e-06
4.1426242e-06
3.9801683e-06
3.8177125e-06
3.6552566e-06
3.4928007e-06
3.3303449e-06
3.167889e-06
3.0054331e-06
2.8429773e-06
2.6805214e-06
2.5180655e-06
2.3556097e-06
2.1931538e-06
2.030698e-06
1.8682422e-06
1.7057863e-06
1.5433305e-06
1.3808747e-06
1.2184189e-06
1.0559632e-06
8.935074e-07
7.3105167e-07
5.6859597e-07
4.061403e-07
2.4368487e-07
8.1228855e-08
3.2054618e-05
3.2264682e-05
3.2424471e-05
3.251096e-05
3.2540252e-05
3.2516871e-05
3.2446259e-05
3.2335255e-05
3.219085e-05
3.2019733e-05
3.1828031e-05
3.1621141e-05
3.1403664e-05
3.1179413e-05
3.095146e-05
3.0722217e-05
3.0493525e-05
3.0266742e-05
3.004283e-05
2.9822433e-05
2.9605941e-05
2.9393549e-05
2.9185306e-05
2.898115e-05
2.8780941e-05
2.8584486e-05
2.8391559e-05
2.8201913e-05
2.8015293e-05
2.7831443e-05
2.7650115e-05
2.7471068e-05
2.7294078e-05
2.711893e-05
2.6945428e-05
2.6773391e-05
2.6602652e-05
2.6433062e-05
2.6264483e-05
2.6096792e-05
2.5929878e-05
2.5763644e-05
2.5598e-05
2.5432869e-05
2.5268181e-05
2.5103875e-05
2.4939898e-05
2.4776201e-05
2.4612744e-05
2.4449491e-05
2.4286409e-05
2.4123473e-05
2.3960657e-05
2.3797941e-05
2.3635309e-05
2.3472744e-05
2.3310235e-05
2.314777e-05
2.2985339e-05
2.2822936e-05
2.2660553e-05
2.2498185e-05
2.2335828e-05
2.2173478e-05
2.2011131e-05
2.1848786e-05
2.168644e-05
2.1524092e-05
2.1361741e-05
2.1199386e-05
2.1037026e-05
2.087466e-05
2.071229e-05
2.0549913e-05
2.0387531e-05
2.0225144e-05
2.0062751e-05
1.9900353e-05
1.9737951e-05
1.9575543e-05
1.9413131e-05
1.9250715e-05
1.9088295e-05
1.8925871e-05
1.8763445e-05
1.8601015e-05
1.8438582e-05
1.8276147e-05
1.8113709e-05
1.7951269e-05
1.7788828e-05
1.7626385e-05
1.746394e-05
1.7301494e-05
1.7139046e-05
1.6976598e-05
1.6814148e-05
1.6651698e-05
1.6489247e-05
1.6326795e-05
1.6164342e-05
1.6001889e-05
1.5839436e-05
1.5676982e-05
1.5514528e-05
1.5352074e-05
1.5189619e-05
1.5027164e-05
1.4864709e-05
1.4702254e-05
1.4539799e-05
1.4377343e-05
1.4214888e-05
1.4052432e-05
1.3889977e-05
1.3727521e-05
1.3565065e-05
1.3402609e-05
1.3240153e-05
1.3077697e-05
1.2915242e-05
1.2752786e-05
1.259033e-05
1.2427874e-05
1.2265418e-05
1.2102962e-05
1.1940506e-05
1.177805e-05
1.1615594e-05
1.1453138e-05
1.1290683e-05
1.1128227e-05
1.0965771e-05
1.0803315e-05
1.0640859e-05
1.0478403e-05
1.0315947e-05
1.0153491e-05
9.9910354e-06
9.8285795e-06
9.6661236e-06
9.5036677e-06
9.3412118e-06
9.1787559e-06
9.0163001e-06
8.8538442e-06
8.6913883e-06
8.5289325e-06
8.3664766e-06
8.2040208e-06
8.0415649e-06
7.879109e-06
7.7166532e-06
7.5541973e-06
7.3917415e-06
7.2292856e-06
7.0668298e-06
6.9043739e-06
6.7419181e-06
6.5794622e-06
6.4170063e-06
6.2545505e-06
6.0920946e-06
5.9296388e-06
5.7671829e-06
5.604727e-06
5.4422712e-06
5.2798153e-06
5.1173594e-06
4.9549035e-06
4.7924477e-06
4.6299918e-06
4.4675359e-06
4.30508e-06
4.1426241e-06
3.9801683e-06
3.8177124e-06
3.6552565e-06
3.4928006e-06
3.3303448e-06
3.1678889e-06
3.005433e-06
2.8429772e-06
2.6805213e-06
2.5180655e-06
2.3556096e-06
2.1931538e-06
2.0306979e-06
1.8682421e-06
1.7057863e-06
1.5433305e-06
1.3808748e-06
1.218419e-06
1.0559633e-06
8.9350762e-07
7.3105197e-07
5.6859636e-07
4.0614083e-07
2.4368569e-07
8.1228053e-08
3.2336258e-05
3.256219e-05
3.2728872e-05
3.2811104e-05
3.2827863e-05
3.2785574e-05
3.2691621e-05
3.2554731e-05
3.2383506e-05
3.2185907e-05
3.1968988e-05
3.1738762e-05
3.1500189e-05
3.1257232e-05
3.1012971e-05
3.076972e-05
3.0529156e-05
3.0292439e-05
3.0060318e-05
2.9833222e-05
2.9611335e-05
2.9394665e-05
2.9183086e-05
2.8976383e-05
2.8774283e-05
2.8576477e-05
2.8382638e-05
2.8192435e-05
2.800554e-05
2.7821638e-05
2.7640431e-05
2.7461636e-05
2.7284994e-05
2.7110263e-05
2.6937226e-05
2.6765681e-05
2.6595449e-05
2.6426367e-05
2.625829e-05
2.6091089e-05
2.5924647e-05
2.5758862e-05
2.5593645e-05
2.5428914e-05
2.5264601e-05
2.5100644e-05
2.493699e-05
2.4773591e-05
2.4610407e-05
2.4447404e-05
2.428455e-05
2.412182e-05
2.3959192e-05
2.3796646e-05
2.3634166e-05
2.3471739e-05
2.3309353e-05
2.3146998e-05
2.2984665e-05
2.2822349e-05
2.2660044e-05
2.2497745e-05
2.2335448e-05
2.2173151e-05
2.2010851e-05
2.1848547e-05
2.1686237e-05
2.1523921e-05
2.1361597e-05
2.1199265e-05
2.1036925e-05
2.0874577e-05
2.0712222e-05
2.0549858e-05
2.0387487e-05
2.0225109e-05
2.0062724e-05
1.9900333e-05
1.9737936e-05
1.9575533e-05
1.9413124e-05
1.9250711e-05
1.9088294e-05
1.8925872e-05
1.8763447e-05
1.8601018e-05
1.8438586e-05
1.8276151e-05
1.8113714e-05
1.7951275e-05
1.7788833e-05
1.762639e-05
1.7463945e-05
1.7301499e-05
1.7139051e-05
1.6976602e-05
1.6814153e-05
1.6651702e-05
1.6489251e-05
1.6326798e-05
1.6164346e-05
1.6001893e-05
1.5839439e-05
1.5676985e-05
1.5514531e-05
1.5352076e-05
1.5189621e-05
1.5027166e-05
1.4864711e-05
1.4702256e-05
1.45398e-05
1.4377344e-05
1.4214889e-05
1.4052433e-05
1.3889977e-05
1.3727521e-05
1.3565066e-05
1.340261e-05
1.3240154e-05
1.3077698e-05
1.2915242e-05
1.2752786e-05
1.259033e-05
1.2427874e-05
1.2265418e-05
1.2102962e-05
1.1940506e-05
1.177805e-05
1.1615594e-05
1.1453139e-05
1.1290683e-05
1.1128227e-05
1.0965771e-05
1.0803315e-05
1.0640859e-05
1.0478403e-05
1.0315947e-05
1.0153491e-05
9.9910353e-06
9.8285795e-06
9.6661236e-06
9.5036677e-06
9.3412118e-06
9.1787559e-06
9.0163001e-06
8.8538442e-06
8.6913883e-06
8.5289325e-06
8.3664766e-06
8.2040207e-06
8.0415649e-06
7.879109e-06
7.7166532e-06
7.5541973e-06
7.3917415e-06
7.2292856e-06
7.0668298e-06
6.9043739e-06
6.741918e-06
6.5794622e-06
6.4170063e-06
6.2545505e-06
6.0920946e-06
5.9296387e-06
5.7671829e-06
5.604727e-06
5.4422711e-06
5.2798152e-06
5.1173594e-06
4.9549035e-06
4.7924476e-06
4.6299917e-06
4.4675358e-06
4.3050799e-06
4.1426241e-06
3.9801682e-06
3.8177123e-06
3.6552564e-06
3.4928005e-06
3.3303446e-06
3.1678888e-06
3.0054329e-06
2.842977e-06
2.6805212e-06
2.5180653e-06
2.3556095e-06
2.1931537e-06
2.0306978e-06
1.8682421e-06
1.7057863e-06
1.5433305e-06
1.3808748e-06
1.2184191e-06
1.0559634e-06
8.9350779e-07
7.3105222e-07
5.6859669e-07
4.0614128e-07
2.4368643e-07
8.1227255e-08
3.2661228e-05
3.2905439e-05
3.3078978e-05
3.3154207e-05
3.3153992e-05
3.3087395e-05
3.2964374e-05
3.2796035e-05
3.2592921e-05
3.236444e-05
3.2118636e-05
3.1862123e-05
3.1600154e-05
3.1336759e-05
3.1074927e-05
3.0816783e-05
3.0563759e-05
3.0316745e-05
3.0076219e-05
2.9842347e-05
2.9615074e-05
2.9394187e-05
2.917937e-05
2.8970238e-05
2.8766375e-05
2.8567345e-05
2.8372718e-05
2.8182075e-05
2.7995014e-05
2.781116e-05
2.7630163e-05
2.74517e-05
2.7275477e-05
2.7101227e-05
2.6928708e-05
2.6757703e-05
2.6588019e-05
2.6419482e-05
2.6251938e-05
2.6085252e-05
2.5919305e-05
2.575399e-05
2.5589215e-05
2.54249e-05
2.5260973e-05
2.5097375e-05
2.4934051e-05
2.4770957e-05
2.4608052e-05
2.4445303e-05
2.4282682e-05
2.4120162e-05
2.3957724e-05
2.379535e-05
2.3633025e-05
2.3470736e-05
2.3308474e-05
2.3146229e-05
2.2983996e-05
2.2821767e-05
2.2659539e-05
2.2497309e-05
2.2335073e-05
2.2172829e-05
2.2010576e-05
2.1848313e-05
2.1686039e-05
2.1523753e-05
2.1361456e-05
2.1199148e-05
2.1036828e-05
2.0874497e-05
2.0712157e-05
2.0549806e-05
2.0387446e-05
2.0225076e-05
2.0062699e-05
1.9900314e-05
1.9737922e-05
1.9575523e-05
1.9413119e-05
1.9250709e-05
1.9088293e-05
1.8925874e-05
1.876345e-05
1.8601022e-05
1.8438591e-05
1.8276157e-05
1.811372e-05
1.7951281e-05
1.7788839e-05
1.7626396e-05
1.7463951e-05
1.7301504e-05
1.7139056e-05
1.6976607e-05
1.6814157e-05
1.6651706e-05
1.6489255e-05
1.6326802e-05
1.6164349e-05
1.6001896e-05
1.5839442e-05
1.5676988e-05
1.5514533e-05
1.5352078e-05
1.5189623e-05
1.5027168e-05
1.4864712e-05
1.4702257e-05
1.4539801e-05
1.4377346e-05
1.421489e-05
1.4052434e-05
1.3889978e-05
1.3727522e-05
1.3565066e-05
1.340261e-05
1.3240154e-05
1.3077698e-05
1.2915242e-05
1.2752786e-05
1.259033e-05
1.2427874e-05
1.2265418e-05
1.2102962e-05
1.1940506e-05
1.177805e-05
1.1615594e-05
1.1453139e-05
1.1290683e-05
1.1128227e-05
1.0965771e-05
1.0803315e-05
1.0640859e-05
1.0478403e-05
1.0315947e-05
1.0153491e-05
9.9910353e-06
9.8285794e-06
9.6661236e-06
9.5036677e-06
9.3412118e-06
9.1787559e-06
9.0163e-06
8.8538442e-06
8.6913883e-06
8.5289324e-06
8.3664766e-06
8.2040207e-06
8.0415649e-06
7.879109e-06
7.7166532e-06
7.5541973e-06
7.3917414e-06
7.2292856e-06
7.0668297e-06
6.9043739e-06
6.741918e-06
6.5794622e-06
6.4170063e-06
6.2545504e-06
6.0920946e-06
5.9296387e-06
5.7671828e-06
5.6047269e-06
5.4422711e-06
5.2798152e-06
5.1173593e-06
4.9549034e-06
4.7924475e-06
4.6299916e-06
4.4675357e-06
4.3050798e-06
4.142624e-06
3.9801681e-06
3.8177122e-06
3.6552563e-06
3.4928004e-06
3.3303445e-06
3.1678886e-06
3.0054328e-06
2.8429769e-06
2.680521e-06
2.5180652e-06
2.3556093e-06
2.1931535e-06
2.0306977e-06
1.8682419e-06
1.7057862e-06
1.5433304e-06
1.3808747e-06
1.2184191e-06
1.0559635e-06
8.9350789e-07
7.3105239e-07
5.6859694e-07
4.0614167e-07
2.4368707e-07
8.1226476e-08
3.3037649e-05
3.3302848e-05
3.3482687e-05
3.3546868e-05
3.3523606e-05
3.3425645e-05
3.3266344e-05
3.3059787e-05
3.2818812e-05
3.2554432e-05
3.2275702e-05
3.1989768e-05
3.1702059e-05
3.1416541e-05
3.1135981e-05
3.0862196e-05
3.0596272e-05
3.0338747e-05
3.0089759e-05
2.9849163e-05
2.9616624e-05
2.9391684e-05
2.9173811e-05
2.8962441e-05
2.8757e-05
2.8556925e-05
2.8361677e-05
2.8170745e-05
2.7983655e-05
2.779997e-05
2.761929e-05
2.7441253e-05
2.7265531e-05
2.7091832e-05
2.6919893e-05
2.6749481e-05
2.6580388e-05
2.6412434e-05
2.6245455e-05
2.6079313e-05
2.5913882e-05
2.5749055e-05
2.5584738e-05
2.5420851e-05
2.5257322e-05
2.509409e-05
2.4931105e-05
2.4768321e-05
2.4605699e-05
2.4443209e-05
2.4280821e-05
2.4118514e-05
2.3956267e-05
2.3794066e-05
2.3631895e-05
2.3469745e-05
2.3307607e-05
2.3145473e-05
2.2983338e-05
2.2821196e-05
2.2659046e-05
2.2496883e-05
2.2334707e-05
2.2172516e-05
2.2010309e-05
2.1848086e-05
2.1685847e-05
2.1523592e-05
2.1361321e-05
2.1199036e-05
2.1036736e-05
2.0874422e-05
2.0712095e-05
2.0549757e-05
2.0387407e-05
2.0225047e-05
2.0062677e-05
1.9900298e-05
1.9737911e-05
1.9575516e-05
1.9413115e-05
1.9250707e-05
1.9088294e-05
1.8925876e-05
1.8763454e-05
1.8601027e-05
1.8438596e-05
1.8276163e-05
1.8113726e-05
1.7951287e-05
1.7788846e-05
1.7626402e-05
1.7463957e-05
1.730151e-05
1.7139062e-05
1.6976613e-05
1.6814162e-05
1.6651711e-05
1.6489259e-05
1.6326806e-05
1.6164353e-05
1.6001899e-05
1.5839445e-05
1.567699e-05
1.5514536e-05
1.535208e-05
1.5189625e-05
1.502717e-05
1.4864714e-05
1.4702258e-05
1.4539803e-05
1.4377347e-05
1.4214891e-05
1.4052435e-05
1.3889979e-05
1.3727523e-05
1.3565067e-05
1.3402611e-05
1.3240155e-05
1.3077699e-05
1.2915243e-05
1.2752787e-05
1.259033e-05
1.2427874e-05
1.2265418e-05
1.2102962e-05
1.1940506e-05
1.1778051e-05
1.1615595e-05
1.1453139e-05
1.1290683e-05
1.1128227e-05
1.0965771e-05
1.0803315e-05
1.0640859e-05
1.0478403e-05
1.0315947e-05
1.0153491e-05
9.9910353e-06
9.8285794e-06
9.6661235e-06
9.5036677e-06
9.3412118e-06
9.1787559e-06
9.0163e-06
8.8538442e-06
8.6913883e-06
8.5289324e-06
8.3664766e-06
8.2040207e-06
8.0415649e-06
7.879109e-06
7.7166531e-06
7.5541973e-06
7.3917414e-06
7.2292856e-06
7.0668297e-06
6.9043739e-06
6.741918e-06
6.5794621e-06
6.4170063e-06
6.2545504e-06
6.0920945e-06
5.9296387e-06
5.7671828e-06
5.6047269e-06
5.442271e-06
5.2798151e-06
5.1173592e-06
4.9549033e-06
4.7924474e-06
4.6299915e-06
4.4675356e-06
4.3050797e-06
4.1426238e-06
3.9801679e-06
3.817712e-06
3.6552561e-06
3.4928002e-06
3.3303443e-06
3.1678884e-06
3.0054326e-06
2.8429767e-06
2.6805208e-06
2.518065e-06
2.3556091e-06
2.1931533e-06
2.0306975e-06
1.8682417e-06
1.705786e-06
1.5433303e-06
1.3808746e-06
1.218419e-06
1.0559634e-06
8.9350792e-07
7.3105249e-07
5.6859711e-07
4.0614195e-07
2.4368759e-07
8.1225723e-08
3.3476073e-05
3.3765218e-05
3.3949894e-05
3.3997054e-05
3.3942406e-05
3.3803832e-05
3.3599166e-05
3.3346172e-05
3.3060342e-05
3.2754405e-05
3.2438365e-05
3.2119752e-05
3.1803988e-05
3.1494782e-05
3.1194509e-05
3.0904529e-05
3.0625462e-05
3.0357397e-05
3.0100061e-05
2.9852945e-05
2.9615394e-05
2.9386674e-05
2.9166025e-05
2.8952686e-05
2.8745921e-05
2.8545034e-05
2.8349374e-05
2.8158341e-05
2.7971388e-05
2.7788017e-05
2.7607781e-05
2.7430279e-05
2.7255152e-05
2.7082084e-05
2.6910792e-05
2.674103e-05
2.6572578e-05
2.6405246e-05
2.6238867e-05
2.6073294e-05
2.5908403e-05
2.5744083e-05
2.558024e-05
2.5416792e-05
2.525367e-05
2.5090813e-05
2.4928171e-05
2.4765701e-05
2.4603366e-05
2.4441135e-05
2.4278984e-05
2.4116889e-05
2.3954834e-05
2.3792805e-05
2.3630789e-05
2.3468777e-05
2.3306762e-05
2.3144737e-05
2.2982699e-05
2.2820643e-05
2.2658569e-05
2.2496473e-05
2.2334356e-05
2.2172216e-05
2.2010054e-05
2.184787e-05
2.1685665e-05
2.152344e-05
2.1361195e-05
2.1198931e-05
2.103665e-05
2.0874352e-05
2.071204e-05
2.0549713e-05
2.0387373e-05
2.0225021e-05
2.0062657e-05
1.9900284e-05
1.9737902e-05
1.9575511e-05
1.9413113e-05
1.9250708e-05
1.9088297e-05
1.892588e-05
1.8763459e-05
1.8601033e-05
1.8438603e-05
1.8276169e-05
1.8113733e-05
1.7951294e-05
1.7788852e-05
1.7626409e-05
1.7463963e-05
1.7301516e-05
1.7139068e-05
1.6976618e-05
1.6814167e-05
1.6651716e-05
1.6489263e-05
1.632681e-05
1.6164357e-05
1.6001902e-05
1.5839448e-05
1.5676993e-05
1.5514538e-05
1.5352083e-05
1.5189627e-05
1.5027171e-05
1.4864716e-05
1.470226e-05
1.4539804e-05
1.4377348e-05
1.4214892e-05
1.4052436e-05
1.388998e-05
1.3727523e-05
1.3565067e-05
1.3402611e-05
1.3240155e-05
1.3077699e-05
1.2915243e-05
1.2752787e-05
1.2590331e-05
1.2427875e-05
1.2265419e-05
1.2102963e-05
1.1940507e-05
1.1778051e-05
1.1615595e-05
1.1453139e-05
1.1290683e-05
1.1128227e-05
1.0965771e-05
1.0803315e-05
1.0640859e-05
1.0478403e-05
1.0315947e-05
1.0153491e-05
9.9910353e-06
9.8285794e-06
9.6661235e-06
9.5036677e-06
9.3412118e-06
9.1787559e-06
9.0163e-06
8.8538442e-06
8.6913883e-06
8.5289324e-06
8.3664766e-06
8.2040207e-06
8.0415648e-06
7.879109e-06
7.7166531e-06
7.5541973e-06
7.3917414e-06
7.2292856e-06
7.0668297e-06
6.9043738e-06
6.741918e-06
6.5794621e-06
6.4170062e-06
6.2545504e-06
6.0920945e-06
5.9296386e-06
5.7671827e-06
5.6047268e-06
5.442271e-06
5.2798151e-06
5.1173592e-06
4.9549033e-06
4.7924474e-06
4.6299914e-06
4.4675355e-06
4.3050796e-06
4.1426237e-06
3.9801678e-06
3.8177119e-06
3.655256e-06
3.4928001e-06
3.3303441e-06
3.1678882e-06
3.0054323e-06
2.8429765e-06
2.6805206e-06
2.5180647e-06
2.3556089e-06
2.193153e-06
2.0306972e-06
1.8682415e-06
1.7057857e-06
1.5433301e-06
1.3808744e-06
1.2184188e-06
1.0559633e-06
8.9350785e-07
7.3105249e-07
5.6859719e-07
4.0614214e-07
2.4368797e-07
8.1225009e-08
3.3990483e-05
3.4306578e-05
3.4493074e-05
3.4514371e-05
3.4416825e-05
3.4225495e-05
3.3964035e-05
3.3654679e-05
3.3315888e-05
3.2962104e-05
3.2604101e-05
3.224953e-05
3.1903528e-05
3.1569291e-05
3.1248579e-05
3.0942117e-05
3.0649916e-05
3.0371514e-05
3.010615e-05
2.9852892e-05
2.961073e-05
2.9378633e-05
2.915559e-05
2.8940638e-05
2.8732874e-05
2.8531466e-05
2.8335653e-05
2.8144746e-05
2.7958127e-05
2.7775241e-05
2.7595595e-05
2.7418752e-05
2.7244327e-05
2.7071979e-05
2.6901411e-05
2.6732361e-05
2.6564602e-05
2.6397936e-05
2.6232191e-05
2.6067218e-05
2.590289e-05
2.5739096e-05
2.5575741e-05
2.5412744e-05
2.5250037e-05
2.5087562e-05
2.4925269e-05
2.4763116e-05
2.4601069e-05
2.44391e-05
2.4277183e-05
2.4115301e-05
2.3953437e-05
2.3791579e-05
2.3629715e-05
2.346784e-05
2.3305946e-05
2.3144029e-05
2.2982085e-05
2.2820114e-05
2.2658114e-05
2.2496083e-05
2.2334023e-05
2.2171933e-05
2.2009814e-05
2.1847668e-05
2.1685496e-05
2.1523299e-05
2.1361078e-05
2.1198836e-05
2.1036572e-05
2.087429e-05
2.071199e-05
2.0549674e-05
2.0387343e-05
2.0224999e-05
2.0062642e-05
1.9900274e-05
1.9737896e-05
1.9575509e-05
1.9413113e-05
1.9250711e-05
1.9088301e-05
1.8925886e-05
1.8763465e-05
1.860104e-05
1.843861e-05
1.8276177e-05
1.811374e-05
1.7951301e-05
1.778886e-05
1.7626416e-05
1.746397e-05
1.7301522e-05
1.7139074e-05
1.6976624e-05
1.6814172e-05
1.665172e-05
1.6489268e-05
1.6326814e-05
1.616436e-05
1.6001906e-05
1.5839451e-05
1.5676996e-05
1.551454e-05
1.5352085e-05
1.5189629e-05
1.5027173e-05
1.4864717e-05
1.4702261e-05
1.4539805e-05
1.4377349e-05
1.4214893e-05
1.4052436e-05
1.388998e-05
1.3727524e-05
1.3565068e-05
1.3402612e-05
1.3240155e-05
1.3077699e-05
1.2915243e-05
1.2752787e-05
1.2590331e-05
1.2427875e-05
1.2265419e-05
1.2102963e-05
1.1940507e-05
1.1778051e-05
1.1615595e-05
1.1453139e-05
1.1290683e-05
1.1128227e-05
1.0965771e-05
1.0803315e-05
1.0640859e-05
1.0478403e-05
1.0315947e-05
1.0153491e-05
9.9910353e-06
9.8285794e-06
9.6661235e-06
9.5036676e-06
9.3412118e-06
9.1787559e-06
9.0163e-06
8.8538441e-06
8.6913883e-06
8.5289324e-06
8.3664765e-06
8.2040207e-06
8.0415648e-06
7.879109e-06
7.7166531e-06
7.5541973e-06
7.3917414e-06
7.2292855e-06
7.0668297e-06
6.9043738e-06
6.741918e-06
6.5794621e-06
6.4170062e-06
6.2545503e-06
6.0920945e-06
5.9296386e-06
5.7671827e-06
5.6047268e-06
5.4422709e-06
5.279815e-06
5.1173591e-06
4.9549032e-06
4.7924473e-06
4.6299913e-06
4.4675354e-06
4.3050795e-06
4.1426236e-06
3.9801676e-06
3.8177117e-06
3.6552558e-06
3.4927998e-06
3.3303439e-06
3.167888e-06
3.0054321e-06
2.8429762e-06
2.6805203e-06
2.5180644e-06
2.3556086e-06
2.1931527e-06
2.0306969e-06
1.8682412e-06
1.7057854e-06
1.5433298e-06
1.3808741e-06
1.2184186e-06
1.0559631e-06
8.9350769e-07
7.3105239e-07
5.6859715e-07
4.061422e-07
2.436882e-07
8.1224339e-08
3.4599812e-05
3.4945414e-05
3.5128044e-05
3.5110325e-05
3.4953931e-05
3.4693891e-05
3.4361322e-05
3.3983727e-05
3.3582716e-05
3.3174249e-05
3.2769502e-05
3.2375832e-05
3.1997696e-05
3.1637437e-05
3.1295927e-05
3.0973045e-05
3.066804e-05
3.0379784e-05
3.0106949e-05
2.9848132e-05
2.9601931e-05
2.9366996e-05
2.9142057e-05
2.8925941e-05
2.8717578e-05
2.8516002e-05
2.8320344e-05
2.812983e-05
2.7943774e-05
2.7761569e-05
2.7582681e-05
2.7406639e-05
2.7233035e-05
2.7061507e-05
2.6891746e-05
2.6723478e-05
2.6556469e-05
2.6390516e-05
2.6225444e-05
2.6061102e-05
2.5897361e-05
2.5734112e-05
2.557126e-05
2.5408726e-05
2.5246443e-05
2.5084355e-05
2.4922414e-05
2.4760581e-05
2.4598823e-05
2.4437115e-05
2.4275434e-05
2.4113763e-05
2.3952088e-05
2.3790398e-05
2.3628685e-05
2.3466943e-05
2.3305167e-05
2.3143355e-05
2.2981505e-05
2.2819615e-05
2.2657686e-05
2.2495718e-05
2.2333713e-05
2.2171671e-05
2.2009594e-05
2.1847484e-05
2.1685343e-05
2.1523172e-05
2.1360975e-05
2.1198751e-05
2.1036505e-05
2.0874237e-05
2.0711949e-05
2.0549643e-05
2.038732e-05
2.0224983e-05
2.0062632e-05
1.9900269e-05
1.9737894e-05
1.957551e-05
1.9413117e-05
1.9250716e-05
1.9088307e-05
1.8925893e-05
1.8763473e-05
1.8601048e-05
1.8438619e-05
1.8276185e-05
1.8113749e-05
1.7951309e-05
1.7788867e-05
1.7626423e-05
1.7463977e-05
1.7301529e-05
1.713908e-05
1.6976629e-05
1.6814178e-05
1.6651725e-05
1.6489272e-05
1.6326818e-05
1.6164364e-05
1.6001909e-05
1.5839454e-05
1.5676999e-05
1.5514543e-05
1.5352087e-05
1.5189631e-05
1.5027175e-05
1.4864719e-05
1.4702262e-05
1.4539806e-05
1.437735e-05
1.4214894e-05
1.4052437e-05
1.3889981e-05
1.3727525e-05
1.3565068e-05
1.3402612e-05
1.3240156e-05
1.30777e-05
1.2915243e-05
1.2752787e-05
1.2590331e-05
1.2427875e-05
1.2265419e-05
1.2102963e-05
1.1940507e-05
1.1778051e-05
1.1615595e-05
1.1453139e-05
1.1290683e-05
1.1128227e-05
1.0965771e-05
1.0803315e-05
1.0640859e-05
1.0478403e-05
1.0315947e-05
1.0153491e-05
9.9910353e-06
9.8285794e-06
9.6661235e-06
9.5036676e-06
9.3412117e-06
9.1787559e-06
9.0163e-06
8.8538441e-06
8.6913883e-06
8.5289324e-06
8.3664765e-06
8.2040207e-06
8.0415648e-06
7.879109e-06
7.7166531e-06
7.5541972e-06
7.3917414e-06
7.2292855e-06
7.0668297e-06
6.9043738e-06
6.7419179e-06
6.5794621e-06
6.4170062e-06
6.2545503e-06
6.0920944e-06
5.9296385e-06
5.7671826e-06
5.6047267e-06
5.4422708e-06
5.2798149e-06
5.117359e-06
4.9549031e-06
4.7924471e-06
4.6299912e-06
4.4675353e-06
4.3050793e-06
4.1426234e-06
3.9801675e-06
3.8177115e-06
3.6552556e-06
3.4927996e-06
3.3303437e-06
3.1678877e-06
3.0054318e-06
2.8429759e-06
2.68052e-06
2.5180641e-06
2.3556082e-06
2.1931524e-06
2.0306966e-06
1.8682408e-06
1.7057851e-06
1.5433294e-06
1.3808738e-06
1.2184182e-06
1.0559628e-06
8.9350743e-07
7.3105218e-07
5.68597e-07
4.0614214e-07
2.4368827e-07
8.1223725e-08
3.533033e-05
3.5706421e-05
3.5874923e-05
3.579853e-05
3.5561133e-05
3.5211475e-05
3.4790004e-05
3.4330156e-05
3.3856576e-05
3.3386235e-05
3.2930075e-05
3.2494536e-05
3.2082859e-05
3.1696108e-05
3.1333941e-05
3.0995154e-05
3.0678065e-05
3.0380769e-05
3.0101299e-05
2.9837732e-05
2.9588249e-05
2.9351167e-05
2.9124952e-05
2.8908221e-05
2.869974e-05
2.8498412e-05
2.8303268e-05
2.8113455e-05
2.7928225e-05
2.7746924e-05
2.7568982e-05
2.7393901e-05
2.722125e-05
2.7050654e-05
2.6881791e-05
2.6714381e-05
2.6548185e-05
2.6382995e-05
2.6218637e-05
2.6054958e-05
2.5891831e-05
2.5729146e-05
2.5566813e-05
2.5404754e-05
2.5242903e-05
2.5081207e-05
2.4919622e-05
2.4758111e-05
2.4596643e-05
2.4435195e-05
2.4273747e-05
2.4112285e-05
2.3950796e-05
2.3789272e-05
2.3627706e-05
2.3466095e-05
2.3304435e-05
2.3142724e-05
2.2980963e-05
2.2819152e-05
2.2657292e-05
2.2495384e-05
2.233343e-05
2.2171434e-05
2.2009396e-05
2.184732e-05
2.1685208e-05
2.1523062e-05
2.1360886e-05
2.1198681e-05
2.1036449e-05
2.0874194e-05
2.0711917e-05
2.054962e-05
2.0387305e-05
2.0224973e-05
2.0062627e-05
1.9900268e-05
1.9737896e-05
1.9575515e-05
1.9413123e-05
1.9250723e-05
1.9088316e-05
1.8925902e-05
1.8763483e-05
1.8601058e-05
1.8438628e-05
1.8276195e-05
1.8113758e-05
1.7951318e-05
1.7788876e-05
1.7626431e-05
1.7463984e-05
1.7301536e-05
1.7139086e-05
1.6976635e-05
1.6814183e-05
1.665173e-05
1.6489277e-05
1.6326822e-05
1.6164368e-05
1.6001913e-05
1.5839457e-05
1.5677001e-05
1.5514545e-05
1.5352089e-05
1.5189633e-05
1.5027177e-05
1.486472e-05
1.4702264e-05
1.4539807e-05
1.4377351e-05
1.4214894e-05
1.4052438e-05
1.3889982e-05
1.3727525e-05
1.3565069e-05
1.3402612e-05
1.3240156e-05
1.30777e-05
1.2915244e-05
1.2752787e-05
1.2590331e-05
1.2427875e-05
1.2265419e-05
1.2102963e-05
1.1940507e-05
1.1778051e-05
1.1615595e-05
1.1453139e-05
1.1290683e-05
1.1128227e-05
1.0965771e-05
1.0803315e-05
1.0640859e-05
1.0478403e-05
1.0315947e-05
1.0153491e-05
9.9910353e-06
9.8285794e-06
9.6661235e-06
9.5036676e-06
9.3412117e-06
9.1787559e-06
9.0163e-06
8.8538441e-06
8.6913883e-06
8.5289324e-06
8.3664765e-06
8.2040207e-06
8.0415648e-06
7.879109e-06
7.7166531e-06
7.5541972e-06
7.3917414e-06
7.2292855e-06
7.0668296e-06
6.9043738e-06
6.7419179e-06
6.579462e-06
6.4170062e-06
6.2545503e-06
6.0920944e-06
5.9296385e-06
5.7671826e-06
5.6047267e-06
5.4422708e-06
5.2798148e-06
5.1173589e-06
4.954903e-06
4.792447e-06
4.6299911e-06
4.4675351e-06
4.3050792e-06
4.1426232e-06
3.9801673e-06
3.8177113e-06
3.6552553e-06
3.4927994e-06
3.3303434e-06
3.1678874e-06
3.0054315e-06
2.8429755e-06
2.6805196e-06
2.5180637e-06
2.3556078e-06
2.1931519e-06
2.0306961e-06
1.8682403e-06
1.7057846e-06
1.5433289e-06
1.3808733e-06
1.2184178e-06
1.0559624e-06
8.9350706e-07
7.3105185e-07
5.6859673e-07
4.0614194e-07
2.4368817e-07
8.1223171e-08
3.6219495e-05
3.6623066e-05
3.6759286e-05
3.6594729e-05
3.6245549e-05
3.5779028e-05
3.5246816e-05
3.4688526e-05
3.4131187e-05
3.3591787e-05
3.3080024e-05
3.2600546e-05
3.2154682e-05
3.1741698e-05
3.1359666e-05
3.1006049e-05
3.0678069e-05
3.0372934e-05
3.0087977e-05
2.9820722e-05
2.9568916e-05
2.9330538e-05
2.9103794e-05
2.8887098e-05
2.8679059e-05
2.8478461e-05
2.8284242e-05
2.809548e-05
2.7911372e-05
2.7731226e-05
2.7554439e-05
2.7380494e-05
2.7208942e-05
2.70394e-05
2.6871536e-05
2.6705067e-05
2.653975e-05
2.637538e-05
2.6211779e-05
2.6048798e-05
2.5886312e-05
2.5724214e-05
2.5562415e-05
2.5400842e-05
2.5239431e-05
2.5078134e-05
2.4916907e-05
2.4755719e-05
2.459454e-05
2.4433351e-05
2.4272135e-05
2.4110878e-05
2.3949572e-05
2.378821e-05
2.3626788e-05
2.3465303e-05
2.3303755e-05
2.3142142e-05
2.2980466e-05
2.281873e-05
2.2656935e-05
2.2495084e-05
2.2333179e-05
2.2171225e-05
2.2009224e-05
2.1847179e-05
2.1685093e-05
2.1522971e-05
2.1360813e-05
2.1198625e-05
2.1036407e-05
2.0874163e-05
2.0711895e-05
2.0549606e-05
2.0387297e-05
2.0224971e-05
2.0062629e-05
1.9900272e-05
1.9737903e-05
1.9575523e-05
1.9413133e-05
1.9250734e-05
1.9088328e-05
1.8925914e-05
1.8763494e-05
1.8601069e-05
1.8438639e-05
1.8276206e-05
1.8113768e-05
1.7951328e-05
1.7788885e-05
1.7626439e-05
1.7463992e-05
1.7301543e-05
1.7139093e-05
1.6976641e-05
1.6814189e-05
1.6651735e-05
1.6489281e-05
1.6326827e-05
1.6164371e-05
1.6001916e-05
1.583946e-05
1.5677004e-05
1.5514548e-05
1.5352091e-05
1.5189635e-05
1.5027178e-05
1.4864722e-05
1.4702265e-05
1.4539808e-05
1.4377352e-05
1.4214895e-05
1.4052439e-05
1.3889982e-05
1.3727526e-05
1.3565069e-05
1.3402613e-05
1.3240156e-05
1.30777e-05
1.2915244e-05
1.2752788e-05
1.2590331e-05
1.2427875e-05
1.2265419e-05
1.2102963e-05
1.1940507e-05
1.1778051e-05
1.1615595e-05
1.1453139e-05
1.1290683e-05
1.1128227e-05
1.0965771e-05
1.0803315e-05
1.0640859e-05
1.0478403e-05
1.0315947e-05
1.0153491e-05
9.9910353e-06
9.8285794e-06
9.6661235e-06
9.5036676e-06
9.3412117e-06
9.1787559e-06
9.0163e-06
8.8538441e-06
8.6913882e-06
8.5289324e-06
8.3664765e-06
8.2040207e-06
8.0415648e-06
7.8791089e-06
7.7166531e-06
7.5541972e-06
7.3917414e-06
7.2292855e-06
7.0668296e-06
6.9043738e-06
6.7419179e-06
6.579462e-06
6.4170061e-06
6.2545502e-06
6.0920943e-06
5.9296384e-06
5.7671825e-06
5.6047266e-06
5.4422707e-06
5.2798148e-06
5.1173588e-06
4.9549029e-06
4.7924469e-06
4.629991e-06
4.467535e-06
4.305079e-06
4.142623e-06
3.9801671e-06
3.8177111e-06
3.6552551e-06
3.4927991e-06
3.3303431e-06
3.1678871e-06
3.0054311e-06
2.8429751e-06
2.6805192e-06
2.5180632e-06
2.3556073e-06
2.1931515e-06
2.0306956e-06
1.8682398e-06
1.7057841e-06
1.5433284e-06
1.3808728e-06
1.2184173e-06
1.0559619e-06
8.9350657e-07
7.310514e-07
5.6859633e-07
4.0614161e-07
2.436879e-07
8.1222684e-08
3.7322273e-05
3.7741271e-05
3.7813432e-05
3.7516369e-05
3.7012775e-05
3.6394265e-05
3.5725044e-05
3.5050211e-05
3.4397621e-05
3.378258e-05
3.3212045e-05
3.2687699e-05
3.2208099e-05
3.1770115e-05
3.1369839e-05
3.1003148e-05
3.0666014e-05
3.0354678e-05
3.0065727e-05
2.9796115e-05
2.9543157e-05
2.9304502e-05
2.9078107e-05
2.8862198e-05
2.8655244e-05
2.8455921e-05
2.8263089e-05
2.8075767e-05
2.789311e-05
2.7714392e-05
2.7538992e-05
2.7366375e-05
2.7196083e-05
2.7027726e-05
2.686097e-05
2.6695531e-05
2.6531167e-05
2.6367673e-05
2.6204877e-05
2.6042632e-05
2.5880816e-05
2.5719326e-05
2.5558079e-05
2.5397003e-05
2.5236042e-05
2.5075147e-05
2.4914283e-05
2.4753417e-05
2.4592528e-05
2.4431595e-05
2.4270607e-05
2.4109553e-05
2.3948426e-05
2.3787222e-05
2.3625939e-05
2.3464576e-05
2.3303134e-05
2.3141615e-05
2.2980021e-05
2.2818355e-05
2.2656621e-05
2.2494822e-05
2.2332964e-05
2.2171048e-05
2.200908e-05
2.1847064e-05
2.1685003e-05
2.15229e-05
2.136076e-05
2.1198585e-05
2.1036379e-05
2.0874145e-05
2.0711885e-05
2.0549602e-05
2.0387299e-05
2.0224976e-05
2.0062637e-05
1.9900283e-05
1.9737916e-05
1.9575537e-05
1.9413147e-05
1.9250749e-05
1.9088342e-05
1.8925928e-05
1.8763508e-05
1.8601082e-05
1.8438652e-05
1.8276218e-05
1.811378e-05
1.7951338e-05
1.7788895e-05
1.7626449e-05
1.7464001e-05
1.7301551e-05
1.71391e-05
1.6976648e-05
1.6814195e-05
1.6651741e-05
1.6489286e-05
1.6326831e-05
1.6164375e-05
1.6001919e-05
1.5839463e-05
1.5677007e-05
1.551455e-05
1.5352093e-05
1.5189637e-05
1.502718e-05
1.4864723e-05
1.4702266e-05
1.4539809e-05
1.4377353e-05
1.4214896e-05
1.4052439e-05
1.3889983e-05
1.3727526e-05
1.356507e-05
1.3402613e-05
1.3240157e-05
1.30777e-05
1.2915244e-05
1.2752788e-05
1.2590332e-05
1.2427875e-05
1.2265419e-05
1.2102963e-05
1.1940507e-05
1.1778051e-05
1.1615595e-05
1.1453139e-05
1.1290683e-05
1.1128227e-05
1.0965771e-05
1.0803315e-05
1.0640859e-05
1.0478403e-05
1.0315947e-05
1.0153491e-05
9.9910353e-06
9.8285794e-06
9.6661235e-06
9.5036676e-06
9.3412117e-06
9.1787558e-06
9.0163e-06
8.8538441e-06
8.6913882e-06
8.5289324e-06
8.3664765e-06
8.2040207e-06
8.0415648e-06
7.8791089e-06
7.7166531e-06
7.5541972e-06
7.3917414e-06
7.2292855e-06
7.0668296e-06
6.9043737e-06
6.7419179e-06
6.579462e-06
6.4170061e-06
6.2545502e-06
6.0920943e-06
5.9296384e-06
5.7671825e-06
5.6047266e-06
5.4422706e-06
5.2798147e-06
5.1173587e-06
4.9549028e-06
4.7924468e-06
4.6299908e-06
4.4675348e-06
4.3050789e-06
4.1426229e-06
3.9801668e-06
3.8177108e-06
3.6552548e-06
3.4927988e-06
3.3303428e-06
3.1678868e-06
3.0054307e-06
2.8429747e-06
2.6805187e-06
2.5180628e-06
2.3556068e-06
2.1931509e-06
2.030695e-06
1.8682392e-06
1.7057834e-06
1.5433278e-06
1.3808721e-06
1.2184166e-06
1.0559612e-06
8.9350595e-07
7.3105081e-07
5.6859579e-07
4.0614113e-07
2.4368744e-07
8.1222267e-08
3.8721622e-05
3.9124616e-05
3.9077421e-05
3.8581251e-05
3.786467e-05
3.7049692e-05
3.6212842e-05
3.5402245e-05
3.4643605e-05
3.3947867e-05
3.3317168e-05
3.2748734e-05
3.223735e-05
3.1776849e-05
3.1360957e-05
3.0983742e-05
3.0639812e-05
3.032439e-05
3.0033305e-05
2.9762951e-05
2.9510227e-05
2.927248e-05
2.904744e-05
2.8833171e-05
2.8628021e-05
2.843058e-05
2.8239644e-05
2.805419e-05
2.7873341e-05
2.7696353e-05
2.7522588e-05
2.7351506e-05
2.7182645e-05
2.7015616e-05
2.6850084e-05
2.668577e-05
2.6522436e-05
2.6359882e-05
2.619794e-05
2.6036469e-05
2.5875354e-05
2.5714496e-05
2.5553817e-05
2.5393252e-05
2.5232747e-05
2.5072261e-05
2.4911761e-05
2.4751219e-05
2.4590617e-05
2.4429939e-05
2.4269176e-05
2.410832e-05
2.3947367e-05
2.3786316e-05
2.3625166e-05
2.346392e-05
2.330258e-05
2.3141149e-05
2.2979631e-05
2.2818031e-05
2.2656354e-05
2.2494604e-05
2.2332787e-05
2.2170907e-05
2.2008969e-05
2.1846978e-05
2.1684938e-05
2.1522853e-05
2.1360727e-05
2.1198565e-05
2.1036369e-05
2.0874142e-05
2.0711889e-05
2.054961e-05
2.038731e-05
2.0224991e-05
2.0062653e-05
1.9900301e-05
1.9737934e-05
1.9575555e-05
1.9413166e-05
1.9250767e-05
1.908836e-05
1.8925945e-05
1.8763524e-05
1.8601098e-05
1.8438666e-05
1.8276231e-05
1.8113792e-05
1.795135e-05
1.7788905e-05
1.7626458e-05
1.746401e-05
1.7301559e-05
1.7139107e-05
1.6976654e-05
1.6814201e-05
1.6651746e-05
1.6489291e-05
1.6326835e-05
1.6164379e-05
1.6001923e-05
1.5839466e-05
1.5677009e-05
1.5514552e-05
1.5352095e-05
1.5189638e-05
1.5027181e-05
1.4864724e-05
1.4702267e-05
1.453981e-05
1.4377354e-05
1.4214897e-05
1.405244e-05
1.3889983e-05
1.3727527e-05
1.356507e-05
1.3402613e-05
1.3240157e-05
1.3077701e-05
1.2915244e-05
1.2752788e-05
1.2590332e-05
1.2427875e-05
1.2265419e-05
1.2102963e-05
1.1940507e-05
1.1778051e-05
1.1615595e-05
1.1453139e-05
1.1290683e-05
1.1128227e-05
1.0965771e-05
1.0803315e-05
1.0640859e-05
1.0478403e-05
1.0315947e-05
1.0153491e-05
9.9910352e-06
9.8285794e-06
9.6661235e-06
9.5036676e-06
9.3412117e-06
9.1787558e-06
9.0163e-06
8.8538441e-06
8.6913882e-06
8.5289324e-06
8.3664765e-06
8.2040206e-06
8.0415648e-06
7.8791089e-06
7.7166531e-06
7.5541972e-06
7.3917413e-06
7.2292855e-06
7.0668296e-06
6.9043737e-06
6.7419179e-06
6.579462e-06
6.4170061e-06
6.2545502e-06
6.0920943e-06
5.9296384e-06
5.7671824e-06
5.6047265e-06
5.4422706e-06
5.2798146e-06
5.1173586e-06
4.9549027e-06
4.7924467e-06
4.6299907e-06
4.4675347e-06
4.3050787e-06
4.1426227e-06
3.9801666e-06
3.8177106e-06
3.6552545e-06
3.4927985e-06
3.3303424e-06
3.1678864e-06
3.0054303e-06
2.8429743e-06
2.6805182e-06
2.5180622e-06
2.3556063e-06
2.1931503e-06
2.0306944e-06
1.8682385e-06
1.7057827e-06
1.543327e-06
1.3808714e-06
1.2184159e-06
1.0559605e-06
8.9350521e-07
7.3105009e-07
5.6859511e-07
4.061405e-07
2.436868e-07
8.1221923e-08
4.0546177e-05
4.0861434e-05
4.0598975e-05
3.9804278e-05
3.8795483e-05
3.7729359e-05
3.669097e-05
3.5725952e-05
3.4852795e-05
3.4074179e-05
3.3384696e-05
3.2775355e-05
3.2236096e-05
3.17571e-05
3.1329402e-05
3.0945108e-05
3.0597412e-05
3.0280522e-05
2.9989538e-05
2.9720336e-05
2.9469446e-05
2.923395e-05
2.9011394e-05
2.879971e-05
2.8597154e-05
2.8402255e-05
2.8213769e-05
2.8030644e-05
2.7851988e-05
2.7677048e-05
2.7505184e-05
2.7335858e-05
2.7168611e-05
2.7003058e-05
2.6838874e-05
2.6675785e-05
2.6513562e-05
2.6352013e-05
2.6190977e-05
2.6030322e-05
2.5869938e-05
2.5709737e-05
2.5549644e-05
2.5389601e-05
2.5229562e-05
2.5069489e-05
2.4909354e-05
2.4749136e-05
2.4588819e-05
2.4428393e-05
2.426785e-05
2.4107187e-05
2.3946404e-05
2.37855e-05
2.3624478e-05
2.3463343e-05
2.3302099e-05
2.314075e-05
2.2979304e-05
2.2817765e-05
2.2656139e-05
2.2494434e-05
2.2332654e-05
2.2170805e-05
2.2008893e-05
2.1846924e-05
2.1684901e-05
2.1522831e-05
2.1360717e-05
2.1198564e-05
2.1036376e-05
2.0874155e-05
2.0711906e-05
2.0549631e-05
2.0387333e-05
2.0225015e-05
2.0062678e-05
1.9900326e-05
1.9737959e-05
1.957558e-05
1.9413189e-05
1.9250789e-05
1.9088381e-05
1.8925965e-05
1.8763543e-05
1.8601115e-05
1.8438683e-05
1.8276246e-05
1.8113806e-05
1.7951363e-05
1.7788917e-05
1.7626469e-05
1.7464019e-05
1.7301568e-05
1.7139115e-05
1.6976661e-05
1.6814207e-05
1.6651752e-05
1.6489296e-05
1.6326839e-05
1.6164383e-05
1.6001926e-05
1.5839469e-05
1.5677012e-05
1.5514555e-05
1.5352097e-05
1.518964e-05
1.5027183e-05
1.4864726e-05
1.4702269e-05
1.4539811e-05
1.4377354e-05
1.4214897e-05
1.4052441e-05
1.3889984e-05
1.3727527e-05
1.356507e-05
1.3402614e-05
1.3240157e-05
1.3077701e-05
1.2915244e-05
1.2752788e-05
1.2590332e-05
1.2427875e-05
1.2265419e-05
1.2102963e-05
1.1940507e-05
1.1778051e-05
1.1615595e-05
1.1453139e-05
1.1290683e-05
1.1128227e-05
1.0965771e-05
1.0803315e-05
1.0640859e-05
1.0478403e-05
1.0315947e-05
1.0153491e-05
9.9910352e-06
9.8285793e-06
9.6661235e-06
9.5036676e-06
9.3412117e-06
9.1787558e-06
9.0163e-06
8.8538441e-06
8.6913882e-06
8.5289324e-06
8.3664765e-06
8.2040206e-06
8.0415648e-06
7.8791089e-06
7.7166531e-06
7.5541972e-06
7.3917413e-06
7.2292855e-06
7.0668296e-06
6.9043737e-06
6.7419178e-06
6.579462e-06
6.4170061e-06
6.2545502e-06
6.0920942e-06
5.9296383e-06
5.7671824e-06
5.6047264e-06
5.4422705e-06
5.2798145e-06
5.1173586e-06
4.9549026e-06
4.7924466e-06
4.6299906e-06
4.4675345e-06
4.3050785e-06
4.1426224e-06
3.9801664e-06
3.8177103e-06
3.6552542e-06
3.4927982e-06
3.3303421e-06
3.167886e-06
3.0054299e-06
2.8429738e-06
2.6805177e-06
2.5180617e-06
2.3556056e-06
2.1931496e-06
2.0306937e-06
1.8682378e-06
1.705782e-06
1.5433262e-06
1.3808706e-06
1.218415e-06
1.0559596e-06
8.9350433e-07
7.3104923e-07
5.6859427e-07
4.0613971e-07
2.4368598e-07
8.122165e-08
4.3002576e-05
4.3074587e-05
4.2430342e-05
4.1190474e-05
3.9785228e-05
3.8404042e-05
3.7129837e-05
3.5995392e-05
3.5004135e-05
3.4145184e-05
3.3402316e-05
3.2758439e-05
3.2197644e-05
3.1705982e-05
3.127161e-05
3.0884642e-05
3.0536906e-05
3.0221668e-05
2.9933387e-05
2.9667499e-05
2.9420236e-05
2.918848e-05
2.8969642e-05
2.8761567e-05
2.8562458e-05
2.8370809e-05
2.8185361e-05
2.8005052e-05
2.7828995e-05
2.765644e-05
2.7486757e-05
2.7319416e-05
2.7153973e-05
2.6990053e-05
2.6827345e-05
2.6665585e-05
2.6504557e-05
2.6344079e-05
2.6184003e-05
2.6024205e-05
2.5864585e-05
2.5705063e-05
2.5545574e-05
2.5386066e-05
2.52265e-05
2.5066844e-05
2.4907077e-05
2.4747181e-05
2.4587147e-05
2.4426968e-05
2.4266641e-05
2.4106166e-05
2.3945545e-05
2.3784782e-05
2.3623883e-05
2.3462852e-05
2.3301697e-05
2.3140426e-05
2.2979044e-05
2.281756e-05
2.2655981e-05
2.2494314e-05
2.2332567e-05
2.2170745e-05
2.2008855e-05
2.1846904e-05
2.1684896e-05
2.1522837e-05
2.1360732e-05
2.1198586e-05
2.1036402e-05
2.0874185e-05
2.0711938e-05
2.0549665e-05
2.0387367e-05
2.0225049e-05
2.0062712e-05
1.9900358e-05
1.973799e-05
1.957561e-05
1.9413218e-05
1.9250816e-05
1.9088406e-05
1.8925989e-05
1.8763565e-05
1.8601135e-05
1.8438701e-05
1.8276263e-05
1.8113821e-05
1.7951377e-05
1.7788929e-05
1.762648e-05
1.7464029e-05
1.7301577e-05
1.7139123e-05
1.6976669e-05
1.6814213e-05
1.6651757e-05
1.6489301e-05
1.6326844e-05
1.6164387e-05
1.6001929e-05
1.5839472e-05
1.5677014e-05
1.5514557e-05
1.5352099e-05
1.5189642e-05
1.5027184e-05
1.4864727e-05
1.470227e-05
1.4539812e-05
1.4377355e-05
1.4214898e-05
1.4052441e-05
1.3889984e-05
1.3727527e-05
1.3565071e-05
1.3402614e-05
1.3240157e-05
1.3077701e-05
1.2915244e-05
1.2752788e-05
1.2590332e-05
1.2427875e-05
1.2265419e-05
1.2102963e-05
1.1940507e-05
1.1778051e-05
1.1615595e-05
1.1453139e-05
1.1290683e-05
1.1128227e-05
1.0965771e-05
1.0803315e-05
1.0640859e-05
1.0478403e-05
1.0315947e-05
1.0153491e-05
9.9910352e-06
9.8285793e-06
9.6661234e-06
9.5036676e-06
9.3412117e-06
9.1787558e-06
9.0162999e-06
8.8538441e-06
8.6913882e-06
8.5289324e-06
8.3664765e-06
8.2040206e-06
8.0415648e-06
7.8791089e-06
7.7166531e-06
7.5541972e-06
7.3917413e-06
7.2292855e-06
7.0668296e-06
6.9043737e-06
6.7419178e-06
6.5794619e-06
6.417006e-06
6.2545501e-06
6.0920942e-06
5.9296383e-06
5.7671823e-06
5.6047264e-06
5.4422704e-06
5.2798145e-06
5.1173585e-06
4.9549025e-06
4.7924464e-06
4.6299904e-06
4.4675344e-06
4.3050783e-06
4.1426222e-06
3.9801662e-06
3.8177101e-06
3.6552539e-06
3.4927978e-06
3.3303417e-06
3.1678856e-06
3.0054294e-06
2.8429733e-06
2.6805172e-06
2.5180611e-06
2.355605e-06
2.1931489e-06
2.0306929e-06
1.868237e-06
1.7057811e-06
1.5433253e-06
1.3808696e-06
1.218414e-06
1.0559586e-06
8.9350331e-07
7.3104821e-07
5.6859328e-07
4.0613875e-07
2.4368497e-07
8.1221446e-08
4.6435804e-05
4.5934325e-05
4.4619503e-05
4.2722383e-05
4.0789509e-05
3.9024833e-05
3.748619e-05
3.6176048e-05
3.5071622e-05
3.4141964e-05
3.3356547e-05
3.2688491e-05
3.2115345e-05
3.1618844e-05
3.1184321e-05
3.0800053e-05
3.0456673e-05
3.0146677e-05
2.9864028e-05
2.9603847e-05
2.936217e-05
2.913576e-05
2.8921961e-05
2.8718584e-05
2.8523818e-05
2.8336162e-05
2.8154364e-05
2.7977381e-05
2.7804343e-05
2.763452e-05
2.7467305e-05
2.7302187e-05
2.7138742e-05
2.6976616e-05
2.6815512e-05
2.6655187e-05
2.6495439e-05
2.6336101e-05
2.6177037e-05
2.6018138e-05
2.5859315e-05
2.5700496e-05
2.5541627e-05
2.5382665e-05
2.5223578e-05
2.5064343e-05
2.4904943e-05
2.4745369e-05
2.4585614e-05
2.4425678e-05
2.426556e-05
2.4105267e-05
2.3944802e-05
2.3784173e-05
2.3623388e-05
2.3462454e-05
2.3301382e-05
2.314018e-05
2.2978857e-05
2.2817422e-05
2.2655884e-05
2.249425e-05
2.233253e-05
2.217073e-05
2.2008858e-05
2.184692e-05
2.1684923e-05
2.1522872e-05
2.1360773e-05
2.1198631e-05
2.103645e-05
2.0874234e-05
2.0711987e-05
2.0549713e-05
2.0387414e-05
2.0225094e-05
2.0062755e-05
1.99004e-05
1.9738029e-05
1.9575646e-05
1.9413252e-05
1.9250848e-05
1.9088435e-05
1.8926015e-05
1.8763589e-05
1.8601158e-05
1.8438721e-05
1.8276281e-05
1.8113838e-05
1.7951392e-05
1.7788943e-05
1.7626492e-05
1.746404e-05
1.7301586e-05
1.7139132e-05
1.6976676e-05
1.681422e-05
1.6651763e-05
1.6489306e-05
1.6326848e-05
1.6164391e-05
1.6001933e-05
1.5839475e-05
1.5677017e-05
1.5514559e-05
1.5352101e-05
1.5189643e-05
1.5027186e-05
1.4864728e-05
1.470227e-05
1.4539813e-05
1.4377356e-05
1.4214898e-05
1.4052441e-05
1.3889984e-05
1.3727528e-05
1.3565071e-05
1.3402614e-05
1.3240157e-05
1.3077701e-05
1.2915244e-05
1.2752788e-05
1.2590332e-05
1.2427875e-05
1.2265419e-05
1.2102963e-05
1.1940507e-05
1.1778051e-05
1.1615595e-05
1.1453139e-05
1.1290683e-05
1.1128227e-05
1.0965771e-05
1.0803315e-05
1.0640859e-05
1.0478403e-05
1.0315947e-05
1.0153491e-05
9.9910352e-06
9.8285793e-06
9.6661234e-06
9.5036675e-06
9.3412117e-06
9.1787558e-06
9.0162999e-06
8.8538441e-06
8.6913882e-06
8.5289324e-06
8.3664765e-06
8.2040206e-06
8.0415648e-06
7.8791089e-06
7.7166531e-06
7.5541972e-06
7.3917413e-06
7.2292855e-06
7.0668296e-06
6.9043737e-06
6.7419178e-06
6.5794619e-06
6.417006e-06
6.2545501e-06
6.0920942e-06
5.9296383e-06
5.7671823e-06
5.6047264e-06
5.4422704e-06
5.2798144e-06
5.1173584e-06
4.9549024e-06
4.7924463e-06
4.6299903e-06
4.4675342e-06
4.3050781e-06
4.142622e-06
3.9801659e-06
3.8177098e-06
3.6552536e-06
3.4927975e-06
3.3303413e-06
3.1678851e-06
3.0054289e-06
2.8429728e-06
2.6805166e-06
2.5180604e-06
2.3556043e-06
2.1931482e-06
2.0306921e-06
1.8682361e-06
1.7057802e-06
1.5433243e-06
1.3808686e-06
1.2184129e-06
1.0559574e-06
8.9350215e-07
7.3104704e-07
5.6859212e-07
4.0613762e-07
2.4368377e-07
8.1221302e-08
5.1399448e-05
4.965831e-05
4.7190231e-05
4.434174e-05
4.1727511e-05
3.9517269e-05
3.7701393e-05
3.6225273e-05
3.5025628e-05
3.4044498e-05
3.3234083e-05
3.2556754e-05
3.1983465e-05
3.1491942e-05
3.1065097e-05
3.0689756e-05
3.0355689e-05
3.0054892e-05
2.9781046e-05
2.9529125e-05
2.9295099e-05
2.9075711e-05
2.8868318e-05
2.8670757e-05
2.8481254e-05
2.8298344e-05
2.8120819e-05
2.7947674e-05
2.7778078e-05
2.7611337e-05
2.7446876e-05
2.7284217e-05
2.7122964e-05
2.6962788e-05
2.6803418e-05
2.6644631e-05
2.6486246e-05
2.6328113e-05
2.6170114e-05
2.6012153e-05
2.5854155e-05
2.5696061e-05
2.5537827e-05
2.5379421e-05
2.5220819e-05
2.5062005e-05
2.4902972e-05
2.4743715e-05
2.4584235e-05
2.4424534e-05
2.426462e-05
2.41045e-05
2.3944183e-05
2.378368e-05
2.3623001e-05
2.3462157e-05
2.330116e-05
2.314002e-05
2.2978748e-05
2.2817355e-05
2.2655851e-05
2.2494245e-05
2.2332547e-05
2.2170764e-05
2.2008904e-05
2.1846976e-05
2.1684985e-05
2.1522938e-05
2.1360842e-05
2.11987e-05
2.1036519e-05
2.0874302e-05
2.0712053e-05
2.0549776e-05
2.0387475e-05
2.0225151e-05
2.0062809e-05
1.990045e-05
1.9738076e-05
1.9575689e-05
1.9413292e-05
1.9250884e-05
1.9088469e-05
1.8926046e-05
1.8763617e-05
1.8601183e-05
1.8438744e-05
1.8276302e-05
1.8113856e-05
1.7951408e-05
1.7788957e-05
1.7626505e-05
1.7464051e-05
1.7301596e-05
1.7139141e-05
1.6976684e-05
1.6814227e-05
1.6651769e-05
1.6489311e-05
1.6326853e-05
1.6164395e-05
1.6001936e-05
1.5839478e-05
1.5677019e-05
1.5514561e-05
1.5352103e-05
1.5189645e-05
1.5027187e-05
1.4864729e-05
1.4702271e-05
1.4539814e-05
1.4377356e-05
1.4214899e-05
1.4052442e-05
1.3889985e-05
1.3727528e-05
1.3565071e-05
1.3402614e-05
1.3240157e-05
1.3077701e-05
1.2915244e-05
1.2752788e-05
1.2590332e-05
1.2427875e-05
1.2265419e-05
1.2102963e-05
1.1940507e-05
1.1778051e-05
1.1615595e-05
1.1453139e-05
1.1290683e-05
1.1128227e-05
1.0965771e-05
1.0803315e-05
1.0640859e-05
1.0478403e-05
1.0315947e-05
1.0153491e-05
9.9910352e-06
9.8285793e-06
9.6661234e-06
9.5036675e-06
9.3412117e-06
9.1787558e-06
9.0162999e-06
8.8538441e-06
8.6913882e-06
8.5289324e-06
8.3664765e-06
8.2040206e-06
8.0415648e-06
7.8791089e-06
7.7166531e-06
7.5541972e-06
7.3917413e-06
7.2292855e-06
7.0668296e-06
6.9043737e-06
6.7419178e-06
6.5794619e-06
6.417006e-06
6.2545501e-06
6.0920942e-06
5.9296382e-06
5.7671823e-06
5.6047263e-06
5.4422703e-06
5.2798143e-06
5.1173583e-06
4.9549023e-06
4.7924462e-06
4.6299902e-06
4.4675341e-06
4.305078e-06
4.1426218e-06
3.9801657e-06
3.8177095e-06
3.6552533e-06
3.4927971e-06
3.3303409e-06
3.1678847e-06
3.0054284e-06
2.8429722e-06
2.680516e-06
2.5180597e-06
2.3556035e-06
2.1931474e-06
2.0306912e-06
1.8682351e-06
1.7057791e-06
1.5433232e-06
1.3808674e-06
1.2184117e-06
1.0559562e-06
8.9350082e-07
7.3104569e-07
5.6859077e-07
4.0613628e-07
2.4368237e-07
8.1221204e-08
5.8679952e-05
5.4449238e-05
5.0072889e-05
4.5906875e-05
4.2460948e-05
3.9773425e-05
3.7700348e-05
3.6094033e-05
3.4835345e-05
3.383393e-05
3.3023619e-05
3.2356581e-05
3.179819e-05
3.132317e-05
3.091285e-05
3.0553262e-05
3.0233815e-05
2.9946371e-05
2.9684608e-05
2.9443553e-05
2.9219263e-05
2.9008577e-05
2.8808949e-05
2.8618309e-05
2.8434969e-05
2.8257545e-05
2.8084898e-05
2.7916088e-05
2.7750342e-05
2.7587018e-05
2.7425587e-05
2.7265612e-05
2.7106734e-05
2.6948657e-05
2.6791141e-05
2.6633988e-05
2.6477041e-05
2.6320173e-05
2.6163284e-05
2.6006295e-05
2.5849147e-05
2.5691795e-05
2.5534208e-05
2.5376363e-05
2.5218247e-05
2.5059855e-05
2.4901184e-05
2.4742239e-05
2.4583026e-05
2.4423554e-05
2.4263834e-05
2.4103878e-05
2.39437e-05
2.3783313e-05
2.3622731e-05
2.3461967e-05
2.3301036e-05
2.313995e-05
2.2978722e-05
2.2817364e-05
2.2655887e-05
2.2494302e-05
2.2332619e-05
2.2170847e-05
2.2008996e-05
2.1847072e-05
2.1685083e-05
2.1523037e-05
2.1360939e-05
2.1198795e-05
2.103661e-05
2.0874389e-05
2.0712136e-05
2.0549855e-05
2.0387548e-05
2.022522e-05
2.0062873e-05
1.9900509e-05
1.973813e-05
1.9575739e-05
1.9413337e-05
1.9250926e-05
1.9088506e-05
1.892608e-05
1.8763647e-05
1.860121e-05
1.8438769e-05
1.8276324e-05
1.8113876e-05
1.7951425e-05
1.7788973e-05
1.7626519e-05
1.7464063e-05
1.7301607e-05
1.713915e-05
1.6976692e-05
1.6814234e-05
1.6651775e-05
1.6489316e-05
1.6326857e-05
1.6164398e-05
1.6001939e-05
1.5839481e-05
1.5677022e-05
1.5514563e-05
1.5352105e-05
1.5189646e-05
1.5027188e-05
1.486473e-05
1.4702272e-05
1.4539814e-05
1.4377357e-05
1.4214899e-05
1.4052442e-05
1.3889985e-05
1.3727528e-05
1.3565071e-05
1.3402614e-05
1.3240157e-05
1.3077701e-05
1.2915244e-05
1.2752788e-05
1.2590332e-05
1.2427875e-05
1.2265419e-05
1.2102963e-05
1.1940507e-05
1.1778051e-05
1.1615595e-05
1.1453139e-05
1.1290683e-05
1.1128227e-05
1.0965771e-05
1.0803315e-05
1.0640859e-05
1.0478403e-05
1.0315947e-05
1.0153491e-05
9.9910351e-06
9.8285793e-06
9.6661234e-06
9.5036675e-06
9.3412116e-06
9.1787558e-06
9.0162999e-06
8.8538441e-06
8.6913882e-06
8.5289324e-06
8.3664765e-06
8.2040206e-06
8.0415648e-06
7.8791089e-06
7.7166531e-06
7.5541972e-06
7.3917413e-06
7.2292855e-06
7.0668296e-06
6.9043737e-06
6.7419178e-06
6.5794619e-06
6.417006e-06
6.2545501e-06
6.0920942e-06
5.9296382e-06
5.7671823e-06
5.6047263e-06
5.4422703e-06
5.2798143e-06
5.1173583e-06
4.9549022e-06
4.7924461e-06
4.62999e-06
4.4675339e-06
4.3050778e-06
4.1426216e-06
3.9801655e-06
3.8177093e-06
3.655253e-06
3.4927968e-06
3.3303405e-06
3.1678842e-06
3.005428e-06
2.8429717e-06
2.6805153e-06
2.5180591e-06
2.3556028e-06
2.1931465e-06
2.0306903e-06
1.8682341e-06
1.705778e-06
1.543322e-06
1.3808661e-06
1.2184104e-06
1.0559548e-06
8.9349935e-07
7.3104416e-07
5.6858922e-07
4.0613474e-07
2.4368074e-07
8.1221129e-08
7.0112689e-05
6.0456063e-05
5.2860825e-05
4.7027963e-05
4.2707009e-05
3.9608077e-05
3.7368959e-05
3.5714204e-05
3.446048e-05
3.3486304e-05
3.2710677e-05
3.2079001e-05
3.155378e-05
3.1108711e-05
3.072494e-05
3.0388674e-05
3.0089634e-05
2.9820026e-05
2.9573852e-05
2.9346438e-05
2.9134096e-05
2.8933891e-05
2.8743467e-05
2.8560919e-05
2.83847e-05
2.8213545e-05
2.804642e-05
2.7882477e-05
2.7721017e-05
2.756147e-05
2.7403364e-05
2.7246315e-05
2.709001e-05
2.6934194e-05
2.6778661e-05
2.6623247e-05
2.6467822e-05
2.6312284e-05
2.6156555e-05
2.6000576e-05
2.5844306e-05
2.5687715e-05
2.5530786e-05
2.5373509e-05
2.5215883e-05
2.505791e-05
2.4899598e-05
2.4740959e-05
2.4582005e-05
2.4422752e-05
2.4263217e-05
2.4103415e-05
2.3943366e-05
2.3783085e-05
2.362259e-05
2.3461897e-05
2.3301022e-05
2.3139981e-05
2.2978788e-05
2.2817457e-05
2.2655999e-05
2.2494428e-05
2.2332754e-05
2.2170987e-05
2.2009137e-05
2.1847213e-05
2.1685222e-05
2.1523172e-05
2.1361069e-05
2.1198919e-05
2.1036727e-05
2.0874499e-05
2.0712239e-05
2.054995e-05
2.0387637e-05
2.0225302e-05
2.0062948e-05
1.9900578e-05
1.9738193e-05
1.9575796e-05
1.9413389e-05
1.9250973e-05
1.9088548e-05
1.8926118e-05
1.8763681e-05
1.8601241e-05
1.8438796e-05
1.8276348e-05
1.8113897e-05
1.7951444e-05
1.7788989e-05
1.7626533e-05
1.7464076e-05
1.7301618e-05
1.7139159e-05
1.69767e-05
1.6814241e-05
1.6651781e-05
1.6489322e-05
1.6326862e-05
1.6164402e-05
1.6001943e-05
1.5839483e-05
1.5677024e-05
1.5514565e-05
1.5352106e-05
1.5189647e-05
1.5027189e-05
1.4864731e-05
1.4702273e-05
1.4539815e-05
1.4377357e-05
1.4214899e-05
1.4052442e-05
1.3889985e-05
1.3727528e-05
1.3565071e-05
1.3402614e-05
1.3240157e-05
1.3077701e-05
1.2915244e-05
1.2752788e-05
1.2590331e-05
1.2427875e-05
1.2265419e-05
1.2102963e-05
1.1940507e-05
1.1778051e-05
1.1615594e-05
1.1453138e-05
1.1290682e-05
1.1128226e-05
1.0965771e-05
1.0803315e-05
1.0640859e-05
1.0478403e-05
1.0315947e-05
1.0153491e-05
9.9910351e-06
9.8285792e-06
9.6661234e-06
9.5036675e-06
9.3412116e-06
9.1787558e-06
9.0162999e-06
8.8538441e-06
8.6913882e-06
8.5289324e-06
8.3664765e-06
8.2040207e-06
8.0415648e-06
7.8791089e-06
7.7166531e-06
7.5541972e-06
7.3917414e-06
7.2292855e-06
7.0668296e-06
6.9043737e-06
6.7419178e-06
6.5794619e-06
6.417006e-06
6.2545501e-06
6.0920942e-06
5.9296382e-06
5.7671822e-06
5.6047263e-06
5.4422703e-06
5.2798142e-06
5.1173582e-06
4.9549021e-06
4.792446e-06
4.6299899e-06
4.4675338e-06
4.3050776e-06
4.1426215e-06
3.9801653e-06
3.817709e-06
3.6552527e-06
3.4927965e-06
3.3303401e-06
3.1678838e-06
3.0054275e-06
2.8429711e-06
2.6805147e-06
2.5180583e-06
2.355602e-06
2.1931456e-06
2.0306893e-06
1.8682331e-06
1.7057769e-06
1.5433208e-06
1.3808648e-06
1.2184089e-06
1.0559532e-06
8.9349768e-07
7.3104241e-07
5.6858743e-07
4.061329e-07
2.4367879e-07
8.1221004e-08
9.3191459e-05
6.8104123e-05
5.450849e-05
4.6869493e-05
4.1943527e-05
3.8715628e-05
3.6531695e-05
3.4983418e-05
3.3838846e-05
3.2961634e-05
3.2267893e-05
3.1704147e-05
3.1235081e-05
3.083656e-05
3.0491589e-05
3.0187872e-05
2.9916315e-05
2.9670054e-05
2.9443824e-05
2.923353e-05
2.9035946e-05
2.8848511e-05
2.8669167e-05
2.849626e-05
2.8328443e-05
2.8164625e-05
2.8003913e-05
2.784558e-05
2.768903e-05
2.7533779e-05
2.7379434e-05
2.7225675e-05
2.7072246e-05
2.6918942e-05
2.6765601e-05
2.6612097e-05
2.6458333e-05
2.6304238e-05
2.6149761e-05
2.5994865e-05
2.583953e-05
2.5683745e-05
2.5527507e-05
2.5370822e-05
2.5213701e-05
2.5056158e-05
2.489821e-05
2.4739878e-05
2.4581182e-05
2.4422144e-05
2.4262787e-05
2.4103132e-05
2.3943202e-05
2.3783018e-05
2.36226e-05
2.3461968e-05
2.330114e-05
2.3140135e-05
2.2978967e-05
2.2817653e-05
2.2656206e-05
2.249464e-05
2.2332967e-05
2.2171198e-05
2.2009344e-05
2.1847413e-05
2.1685413e-05
2.1523354e-05
2.136124e-05
2.119908e-05
2.1036878e-05
2.0874639e-05
2.0712368e-05
2.055007e-05
2.0387747e-05
2.0225402e-05
2.0063039e-05
1.9900661e-05
1.9738268e-05
1.9575864e-05
1.941345e-05
1.9251027e-05
1.9088597e-05
1.8926162e-05
1.876372e-05
1.8601275e-05
1.8438826e-05
1.8276375e-05
1.8113921e-05
1.7951465e-05
1.7789008e-05
1.7626549e-05
1.746409e-05
1.730163e-05
1.713917e-05
1.6976709e-05
1.6814249e-05
1.6651788e-05
1.6489327e-05
1.6326867e-05
1.6164406e-05
1.6001946e-05
1.5839486e-05
1.5677026e-05
1.5514567e-05
1.5352107e-05
1.5189648e-05
1.502719e-05
1.4864731e-05
1.4702273e-05
1.4539815e-05
1.4377357e-05
1.42149e-05
1.4052442e-05
1.3889985e-05
1.3727528e-05
1.3565071e-05
1.3402614e-05
1.3240157e-05
1.3077701e-05
1.2915244e-05
1.2752788e-05
1.2590331e-05
1.2427875e-05
1.2265419e-05
1.2102963e-05
1.1940506e-05
1.177805e-05
1.1615594e-05
1.1453138e-05
1.1290682e-05
1.1128226e-05
1.096577e-05
1.0803315e-05
1.0640859e-05
1.0478403e-05
1.0315947e-05
1.0153491e-05
9.9910351e-06
9.8285792e-06
9.6661233e-06
9.5036675e-06
9.3412116e-06
9.1787558e-06
9.0162999e-06
8.8538441e-06
8.6913882e-06
8.5289324e-06
8.3664765e-06
8.2040207e-06
8.0415648e-06
7.879109e-06
7.7166531e-06
7.5541972e-06
7.3917414e-06
7.2292855e-06
7.0668296e-06
6.9043737e-06
6.7419178e-06
6.5794619e-06
6.417006e-06
6.2545501e-06
6.0920942e-06
5.9296382e-06
5.7671822e-06
5.6047262e-06
5.4422702e-06
5.2798142e-06
5.1173582e-06
4.9549021e-06
4.792446e-06
4.6299898e-06
4.4675337e-06
4.3050775e-06
4.1426213e-06
3.980165e-06
3.8177088e-06
3.6552525e-06
3.4927961e-06
3.3303397e-06
3.1678834e-06
3.0054269e-06
2.8429705e-06
2.680514e-06
2.5180576e-06
2.3556011e-06
2.1931447e-06
2.0306883e-06
1.8682319e-06
1.7057756e-06
1.5433193e-06
1.3808632e-06
1.2184072e-06
1.0559514e-06
8.9349573e-07
7.3104032e-07
5.6858521e-07
4.0613055e-07
2.4367624e-07
8.1220537e-08
0.00013695658
7.7635268e-05
5.5286438e-05
4.5778804e-05
4.0484582e-05
3.7374105e-05
3.5418934e-05
3.4085058e-05
3.3114829e-05
3.2373883e-05
3.1785963e-05
3.1304977e-05
3.0901425e-05
3.0555468e-05
3.0253216e-05
2.9984629e-05
2.9742261e-05
2.9520472e-05
2.9314917e-05
2.9122206e-05
2.8939659e-05
2.8765141e-05
2.8596939e-05
2.843367e-05
2.8274213e-05
2.811766e-05
2.796327e-05
2.7810445e-05
2.7658696e-05
2.7507632e-05
2.7356937e-05
2.720636e-05
2.7055702e-05
2.690481e-05
2.6753566e-05
2.6601882e-05
2.6449696e-05
2.6296967e-05
2.6143668e-05
2.5989788e-05
2.5835325e-05
2.5680288e-05
2.5524689e-05
2.5368548e-05
2.5211889e-05
2.5054735e-05
2.4897115e-05
2.4739057e-05
2.4580589e-05
2.4421739e-05
2.4262536e-05
2.4103007e-05
2.3943177e-05
2.3783073e-05
2.3622717e-05
2.3462132e-05
2.3301339e-05
2.3140357e-05
2.2979206e-05
2.28179e-05
2.2656457e-05
2.249489e-05
2.2333213e-05
2.2171437e-05
2.2009573e-05
2.1847632e-05
2.1685621e-05
2.1523549e-05
2.1361423e-05
2.119925e-05
2.1037036e-05
2.0874785e-05
2.0712503e-05
2.0550193e-05
2.0387859e-05
2.0225504e-05
2.0063132e-05
1.9900744e-05
1.9738344e-05
1.9575932e-05
1.9413511e-05
1.9251082e-05
1.9088646e-05
1.8926205e-05
1.8763759e-05
1.8601309e-05
1.8438856e-05
1.8276401e-05
1.8113944e-05
1.7951485e-05
1.7789025e-05
1.7626565e-05
1.7464103e-05
1.7301641e-05
1.713918e-05
1.6976718e-05
1.6814256e-05
1.6651794e-05
1.6489332e-05
1.6326871e-05
1.616441e-05
1.6001949e-05
1.5839488e-05
1.5677028e-05
1.5514568e-05
1.5352109e-05
1.5189649e-05
1.502719e-05
1.4864732e-05
1.4702273e-05
1.4539815e-05
1.4377357e-05
1.42149e-05
1.4052442e-05
1.3889985e-05
1.3727528e-05
1.3565071e-05
1.3402614e-05
1.3240157e-05
1.30777e-05
1.2915244e-05
1.2752787e-05
1.2590331e-05
1.2427875e-05
1.2265419e-05
1.2102962e-05
1.1940506e-05
1.177805e-05
1.1615594e-05
1.1453138e-05
1.1290682e-05
1.1128226e-05
1.096577e-05
1.0803314e-05
1.0640859e-05
1.0478403e-05
1.0315947e-05
1.0153491e-05
9.991035e-06
9.8285792e-06
9.6661233e-06
9.5036674e-06
9.3412116e-06
9.1787557e-06
9.0162999e-06
8.8538441e-06
8.6913882e-06
8.5289324e-06
8.3664765e-06
8.2040207e-06
8.0415648e-06
7.879109e-06
7.7166531e-06
7.5541973e-06
7.3917414e-06
7.2292855e-06
7.0668296e-06
6.9043738e-06
6.7419179e-06
6.579462e-06
6.417006e-06
6.2545501e-06
6.0920942e-06
5.9296382e-06
5.7671822e-06
5.6047262e-06
5.4422702e-06
5.2798142e-06
5.1173581e-06
4.954902e-06
4.7924459e-06
4.6299898e-06
4.4675336e-06
4.3050774e-06
4.1426211e-06
3.9801649e-06
3.8177086e-06
3.6552522e-06
3.4927958e-06
3.3303394e-06
3.1678829e-06
3.0054265e-06
2.8429699e-06
2.6805134e-06
2.5180569e-06
2.3556003e-06
2.1931438e-06
2.0306873e-06
1.8682308e-06
1.7057743e-06
1.543318e-06
1.3808617e-06
1.2184056e-06
1.0559496e-06
8.934938e-07
7.3103823e-07
5.6858296e-07
4.0612814e-07
2.4367368e-07
8.1219445e-08
)
;

boundaryField
{
    inlet_0
    {
        type            zeroGradient;
    }
    inlet_1
    {
        type            zeroGradient;
    }
    inlet_2
    {
        type            zeroGradient;
    }
    inlet_3
    {
        type            zeroGradient;
    }
    inlet_4
    {
        type            zeroGradient;
    }
    inlet_5
    {
        type            zeroGradient;
    }
    inlet_6
    {
        type            zeroGradient;
    }
    inlet_7
    {
        type            zeroGradient;
    }
    outlet
    {
        type            fixedValue;
        value           uniform 0;
    }
    walls
    {
        type            zeroGradient;
    }
    floor
    {
        type            zeroGradient;
    }
    frontAndBack
    {
        type            empty;
    }
}


// ************************************************************************* //
