/*--------------------------------*- C++ -*----------------------------------*\
| =========                 |                                                 |
| \\      /  F ield         | OpenFOAM: The Open Source CFD Toolbox           |
|  \\    /   O peration     | Version:  2406                                  |
|   \\  /    A nd           | Website:  www.openfoam.com                      |
|    \\/     M anipulation  |                                                 |
\*---------------------------------------------------------------------------*/
FoamFile
{
    version     2.0;
    format      ascii;
    arch        "LSB;label=32;scalar=64";
    class       volScalarField;
    location    "1590";
    object      T;
}
// * * * * * * * * * * * * * * * * * * * * * * * * * * * * * * * * * * * * * //

dimensions      [0 0 0 0 0 0 0];

internalField   nonuniform List<scalar> 
17600
(
7.5883469e-33
7.0075947e-32
4.9153221e-31
2.8510901e-30
1.4181181e-29
6.1585596e-29
2.3714682e-28
8.2257505e-28
2.607006e-27
7.6404231e-27
2.091054e-26
5.3872787e-26
1.3152133e-25
3.0593518e-25
6.8120212e-25
1.457622e-24
3.0075096e-24
6.0012296e-24
1.1610856e-23
2.1830695e-23
3.9969515e-23
7.1389451e-23
1.2459191e-22
2.1278215e-22
3.5608224e-22
5.8460749e-22
9.4267466e-22
1.494472e-21
2.3315914e-21
3.5829025e-21
5.4273374e-21
8.1102524e-21
1.1964141e-20
1.7434588e-20
2.5112487e-20
3.5773663e-20
5.0427219e-20
7.0374032e-20
9.7277044e-20
1.3324512e-19
1.8093244e-19
2.4365564e-19
3.2553097e-19
4.3163416e-19
5.6818573e-19
7.4276475e-19
9.6455439e-19
1.2446228e-18
1.5962427e-18
2.0352547e-18
2.5804775e-18
3.2541702e-18
4.0825515e-18
5.0963814e-18
6.3316104e-18
7.8301016e-18
9.6404335e-18
1.1818788e-17
1.4429932e-17
1.75483e-17
2.1259182e-17
2.5660028e-17
3.0861883e-17
3.699094e-17
4.419025e-17
5.2621575e-17
6.2467403e-17
7.3933134e-17
8.7249451e-17
1.0267488e-16
1.2049859e-16
1.4104445e-16
1.6467902e-16
1.9180859e-16
2.2288541e-16
2.5841194e-16
2.9894544e-16
3.4510293e-16
3.9756639e-16
4.5708842e-16
5.2449818e-16
6.007078e-16
6.8671906e-16
7.8363069e-16
8.9264588e-16
1.0150804e-15
1.1523712e-15
1.3060854e-15
1.4779298e-15
1.669761e-15
1.8835961e-15
2.1216237e-15
2.3862159e-15
2.6799407e-15
3.0055749e-15
3.3661178e-15
3.7648057e-15
4.2051268e-15
4.6908372e-15
5.2259772e-15
5.8148887e-15
6.4622334e-15
7.1730116e-15
7.952582e-15
8.8066821e-15
9.7414502e-15
1.0763447e-14
1.1879681e-14
1.3097629e-14
1.4425264e-14
1.5871085e-14
1.7444135e-14
1.9154039e-14
2.1011029e-14
2.3025974e-14
2.5210414e-14
2.7576592e-14
3.0137488e-14
3.2906856e-14
3.5899258e-14
3.9130102e-14
4.2615687e-14
4.6373234e-14
5.0420937e-14
5.4778002e-14
5.946469e-14
6.4502368e-14
6.9913554e-14
7.5721965e-14
8.1952572e-14
8.8631646e-14
9.5786818e-14
1.0344713e-13
1.116431e-13
1.2040677e-13
1.2977176e-13
1.3977337e-13
1.5044859e-13
1.6183621e-13
1.7397685e-13
1.8691305e-13
2.0068937e-13
2.153524e-13
2.3095087e-13
2.4753574e-13
2.6516027e-13
2.8388006e-13
3.0375321e-13
3.2484032e-13
3.4720467e-13
3.709122e-13
3.9603172e-13
4.226349e-13
4.5079643e-13
4.805941e-13
5.1210887e-13
5.4542503e-13
5.8063027e-13
6.1781578e-13
6.5707638e-13
6.9851062e-13
7.422209e-13
7.8831357e-13
8.3689907e-13
8.8809205e-13
9.4201146e-13
9.9878072e-13
1.0585278e-12
1.1213855e-12
1.1874913e-12
1.2569877e-12
1.3300224e-12
1.4067483e-12
1.4873238e-12
1.5719126e-12
1.6606844e-12
1.7538146e-12
1.8514847e-12
1.9538822e-12
2.061201e-12
2.1736416e-12
2.291411e-12
2.4147232e-12
2.543799e-12
2.6788664e-12
2.8201609e-12
2.9679255e-12
3.1224106e-12
3.2838749e-12
3.452585e-12
3.6288157e-12
3.8128504e-12
4.0049811e-12
4.2055088e-12
4.4147432e-12
4.6330038e-12
4.860619e-12
5.0979196e-12
5.3450089e-12
5.5943094e-12
4.4409674e-30
2.486212e-29
1.1013796e-28
4.3349912e-28
1.5580373e-27
5.1569863e-27
1.5801114e-26
4.5082955e-26
1.2054274e-25
3.0393312e-25
7.2679172e-25
1.6567329e-24
3.6161805e-24
7.5875216e-24
1.5356177e-23
3.006738e-23
5.7105268e-23
1.0544603e-22
1.8969233e-22
3.3306596e-22
5.717212e-22
9.6084519e-22
1.5831335e-21
2.5603727e-21
4.069023e-21
6.3608817e-21
9.790109e-21
1.4848126e-20
2.2208141e-20
3.2781312e-20
4.7786853e-20
6.8838662e-20
9.8051381e-20
1.381691e-19
1.9272024e-19
2.6620259e-19
3.6430259e-19
4.9415365e-19
6.6463829e-19
8.8673962e-19
1.1739478e-18
1.5427275e-18
2.0130531e-18
2.6090184e-18
3.359528e-18
4.2990783e-18
5.4686364e-18
6.9166253e-18
8.7000238e-18
1.0885592e-17
1.3551231e-17
1.6787489e-17
2.0699217e-17
2.5407405e-17
3.1051179e-17
3.7790007e-17
4.5806095e-17
5.5307007e-17
6.6528513e-17
7.9737686e-17
9.5236249e-17
1.1336421e-16
1.3450376e-16
1.5908353e-16
1.8758311e-16
2.2053794e-16
2.5854454e-16
3.0226617e-16
3.5243878e-16
4.0987748e-16
4.7548337e-16
5.502508e-16
6.3530067e-16
7.3194106e-16
8.4154274e-16
9.6561271e-16
1.1058049e-15
1.2639317e-15
1.4419757e-15
1.6421027e-15
1.8666748e-15
2.1182646e-15
2.3996701e-15
2.71393e-15
3.0643404e-15
3.4544716e-15
3.8881864e-15
4.369659e-15
4.9033943e-15
5.4942491e-15
6.1474536e-15
6.8686338e-15
7.6638353e-15
8.5395478e-15
9.5027311e-15
1.0560841e-14
1.172186e-14
1.2994321e-14
1.4387343e-14
1.591066e-14
1.7574654e-14
1.9390389e-14
2.1369645e-14
2.3524959e-14
2.5869656e-14
2.8417896e-14
3.1184706e-14
3.4186032e-14
3.7438775e-14
4.0960839e-14
4.4771179e-14
4.8889845e-14
5.3338039e-14
5.8138159e-14
6.3313857e-14
6.8890091e-14
7.4893183e-14
8.1350879e-14
8.8292406e-14
9.5748534e-14
1.0375164e-13
1.1233578e-13
1.2153674e-13
1.3139214e-13
1.4194144e-13
1.5322609e-13
1.6528957e-13
1.7817744e-13
1.9193747e-13
2.0661969e-13
2.2227649e-13
2.3896268e-13
2.5673561e-13
2.7565524e-13
2.9578424e-13
3.1718808e-13
3.3993513e-13
3.6409675e-13
3.8974743e-13
4.1696481e-13
4.4582989e-13
4.7642707e-13
5.0884426e-13
5.4317304e-13
5.7950873e-13
6.1795054e-13
6.5860167e-13
7.0156944e-13
7.4696541e-13
7.9490554e-13
8.4551026e-13
8.9890468e-13
9.5521867e-13
1.014587e-12
1.0771495e-12
1.1430512e-12
1.2124426e-12
1.2854795e-12
1.3623234e-12
1.4431418e-12
1.528108e-12
1.6174015e-12
1.7112081e-12
1.8097199e-12
1.9131357e-12
2.0216613e-12
2.1355093e-12
2.2548993e-12
2.3800586e-12
2.5112218e-12
2.6486312e-12
2.792537e-12
2.9431977e-12
3.1008799e-12
3.2658586e-12
3.4384177e-12
3.61885e-12
3.8074573e-12
4.0045507e-12
4.2104509e-12
4.4254885e-12
4.6500037e-12
4.8843472e-12
5.1288802e-12
5.3839742e-12
5.6500119e-12
5.9273871e-12
6.2165048e-12
6.5177818e-12
6.8316467e-12
7.1585401e-12
7.4989151e-12
7.8532374e-12
8.2219855e-12
8.6056512e-12
9.0047395e-12
9.4197692e-12
9.8512722e-12
1.0299732e-11
1.076031e-11
3.4467901e-27
1.5305322e-26
5.1110154e-26
1.52871e-25
4.2706465e-25
1.1276096e-24
2.8256908e-24
6.739707e-24
1.5346519e-23
3.3467196e-23
7.0124769e-23
1.4161746e-22
2.7644935e-22
5.2302347e-22
9.6134205e-22
1.7203875e-21
3.0033874e-21
5.1238062e-21
8.5556671e-21
1.4002687e-20
2.2491717e-20
3.5497116e-20
5.510392e-20
8.4219043e-20
1.2684118e-19
1.8840161e-19
2.761897e-19
3.9987852e-19
5.7216759e-19
8.095615e-19
1.1333047e-18
1.5704946e-18
2.1553954e-18
2.9309797e-18
3.9507216e-18
5.280671e-18
7.0018369e-18
9.2129103e-18
1.2033358e-17
1.5606919e-17
2.0105536e-17
2.5733762e-17
3.2733665e-17
4.1390282e-17
5.2037646e-17
6.5065429e-17
8.0926246e-17
1.0014364e-16
1.2332083e-16
1.5115018e-16
1.8442354e-16
2.2404342e-16
2.7103507e-16
3.2655948e-16
3.9192744e-16
4.6861457e-16
5.5827742e-16
6.6277078e-16
7.8416613e-16
9.2477123e-16
1.0871511e-15
1.2741505e-15
1.4889169e-15
1.7349266e-15
2.0160101e-15
2.3363813e-15
2.700666e-15
3.1139343e-15
3.5817328e-15
4.1101196e-15
4.7057006e-15
5.3756682e-15
6.1278329e-15
6.9718355e-15
7.9183251e-15
8.9778918e-15
1.0162008e-14
1.1483081e-14
1.2954513e-14
1.4590756e-14
1.6407375e-14
1.8421111e-14
2.0649948e-14
2.3113179e-14
2.5831482e-14
2.8826989e-14
3.2123364e-14
3.5745884e-14
3.972152e-14
4.4079023e-14
4.8849011e-14
5.4064061e-14
5.9758804e-14
6.5970022e-14
7.2736749e-14
8.0100376e-14
8.8104755e-14
9.6796315e-14
1.0622417e-13
1.1644025e-13
1.2749939e-13
1.3945951e-13
1.5238167e-13
1.6633029e-13
1.8137319e-13
1.9758181e-13
2.1503131e-13
2.3380072e-13
2.5397311e-13
2.7563573e-13
2.9888015e-13
3.2380246e-13
3.5050342e-13
3.7908863e-13
4.0966868e-13
4.4235938e-13
4.7728188e-13
5.1456291e-13
5.5433495e-13
5.967364e-13
6.4191182e-13
6.9001209e-13
7.4119467e-13
7.9562374e-13
8.5347049e-13
9.1491329e-13
9.8013791e-13
1.0493378e-12
1.1227142e-12
1.2004766e-12
1.2828427e-12
1.3700388e-12
1.4623003e-12
1.5598713e-12
1.6630055e-12
1.7719662e-12
1.8870266e-12
2.0084699e-12
2.1365899e-12
2.271691e-12
2.4140887e-12
2.5641096e-12
2.722092e-12
2.8883861e-12
3.0633542e-12
3.2473711e-12
3.4408244e-12
3.6441147e-12
3.8576561e-12
4.0818765e-12
4.3172178e-12
4.5641362e-12
4.8231029e-12
5.094604e-12
5.379141e-12
5.6772313e-12
5.9894082e-12
6.3162218e-12
6.6582388e-12
7.0160434e-12
7.3902379e-12
7.7814419e-12
8.1902934e-12
8.617449e-12
9.0635847e-12
9.5293957e-12
1.0015597e-11
1.0522925e-11
1.1052135e-11
1.1604006e-11
1.2179335e-11
1.2778944e-11
1.3403677e-11
1.40544e-11
1.4732001e-11
1.5437395e-11
1.6171519e-11
1.6935334e-11
1.7729828e-11
1.8556013e-11
1.9414927e-11
2.0307636e-11
2.123523e-11
2.219883e-11
2.3199582e-11
2.4238661e-11
2.5317271e-11
2.6436645e-11
2.7598046e-11
2.8802768e-11
3.0052135e-11
3.1347501e-11
3.2690254e-11
3.4081813e-11
3.552363e-11
3.701719e-11
3.8564012e-11
4.0165648e-11
4.1823604e-11
4.3527406e-11
2.6986221e-24
1.0684178e-23
2.9679889e-23
7.2405335e-23
1.6510896e-22
3.5937748e-22
7.5246021e-22
1.5209184e-21
2.9744282e-21
5.6392663e-21
1.038443e-20
1.8607577e-20
3.2503105e-20
5.5440868e-20
9.2491153e-20
1.5113986e-19
2.4224711e-19
3.8131276e-19
5.9012364e-19
8.9886921e-19
1.3488249e-18
1.995715e-18
2.9138813e-18
4.2013936e-18
5.9862548e-18
8.4338601e-18
1.1755886e-17
1.6220786e-17
2.2166093e-17
3.0012711e-17
4.0281412e-17
5.3611733e-17
7.0783482e-17
9.2741064e-17
1.2062082e-16
1.5578162e-16
1.9983881e-16
2.5470185e-16
3.2261572e-16
4.0620633e-16
5.0853006e-16
6.3312767e-16
7.8408272e-16
9.6608459e-16
1.1844964e-15
1.4454279e-15
1.7558132e-15
2.1234943e-15
2.5573094e-15
3.0671874e-15
3.6642472e-15
4.3609037e-15
5.1709793e-15
6.1098212e-15
7.1944256e-15
8.4435676e-15
9.8779378e-15
1.1520286e-14
1.3395569e-14
1.5531112e-14
1.7956766e-14
2.0705086e-14
2.3811503e-14
2.7314511e-14
3.1255863e-14
3.5680769e-14
4.0638106e-14
4.6180632e-14
5.2365213e-14
5.9253056e-14
6.6909946e-14
7.5406499e-14
8.4818414e-14
9.5226114e-14
1.0676206e-13
1.1952979e-13
1.3363737e-13
1.4920003e-13
1.6634041e-13
1.8518895e-13
2.0588413e-13
2.2857289e-13
2.534109e-13
2.8056297e-13
3.102034e-13
3.4251636e-13
3.7769627e-13
4.159482e-13
4.5748831e-13
5.0254424e-13
5.5135558e-13
6.0417428e-13
6.6126514e-13
7.2290626e-13
7.8938954e-13
8.6102117e-13
9.3812211e-13
1.0210287e-12
1.1100929e-12
1.2056834e-12
1.3081855e-12
1.4180022e-12
1.5355543e-12
1.6612815e-12
1.7956426e-12
1.9391162e-12
2.0922015e-12
2.2554185e-12
2.4293091e-12
2.6144375e-12
2.8113907e-12
3.0207797e-12
3.2432394e-12
3.4794299e-12
3.7300371e-12
3.995773e-12
4.2773768e-12
4.5756154e-12
4.8912845e-12
5.2252085e-12
5.5782424e-12
5.9512713e-12
6.3452123e-12
6.7610144e-12
7.1996597e-12
7.6621642e-12
8.1495783e-12
8.6629878e-12
9.2035149e-12
9.7723184e-12
1.0370595e-11
1.0999581e-11
1.166055e-11
1.2354818e-11
1.308374e-11
1.3848717e-11
1.4651188e-11
1.5492638e-11
1.6374597e-11
1.7298641e-11
1.826639e-11
1.9279513e-11
2.0339727e-11
2.1448799e-11
2.2608543e-11
2.3820828e-11
2.5087571e-11
2.6410745e-11
2.7792374e-11
2.9234539e-11
3.0739377e-11
3.2309078e-11
3.3945893e-11
3.565213e-11
3.7430158e-11
3.9282405e-11
4.121136e-11
4.3219578e-11
4.5309673e-11
4.7484325e-11
4.9746289e-11
5.2098378e-11
5.4543474e-11
5.7084524e-11
5.9724548e-11
6.2466636e-11
6.5313947e-11
6.8269716e-11
7.1337252e-11
7.4519936e-11
7.7821227e-11
8.1244661e-11
8.4793852e-11
8.8472494e-11
9.2284358e-11
9.62333e-11
1.0032326e-10
1.0455825e-10
1.0894238e-10
1.1347985e-10
1.1817492e-10
1.2303197e-10
1.2805545e-10
1.3324991e-10
1.3861997e-10
1.4417037e-10
1.4990593e-10
1.5583157e-10
1.619523e-10
1.6827322e-10
1.7479955e-10
1.8153659e-10
1.8848974e-10
1.9566452e-10
2.0306652e-10
2.1070148e-10
2.1857519e-10
2.2669358e-10
2.3506246e-10
2.4364396e-10
2.0443429e-21
7.5674938e-21
1.8475214e-20
3.8523725e-20
7.4388924e-20
1.3720542e-19
2.4488604e-19
4.2546904e-19
7.2179952e-19
1.1979401e-18
1.947796e-18
3.1065338e-18
4.8654793e-18
7.4912918e-18
1.1350332e-17
1.6939267e-17
2.492308e-17
3.6181789e-17
5.1867279e-17
7.3471809e-17
1.029098e-16
1.4261468e-16
1.9565249e-16
2.6585423e-16
3.5796865e-16
4.7783747e-16
6.3259476e-16
8.3089227e-16
1.0831524e-15
1.40185e-15
1.8018256e-15
2.3006291e-15
2.9188974e-15
3.6807653e-15
4.614311e-15
5.7520364e-15
7.1313828e-15
8.7952819e-15
1.0792743e-14
1.3179472e-14
1.6018534e-14
1.9381038e-14
2.3346867e-14
2.8005435e-14
3.3456482e-14
3.9810895e-14
4.7191566e-14
5.5734284e-14
6.5588646e-14
7.6919013e-14
8.9905486e-14
1.0474491e-13
1.2165193e-13
1.4086001e-13
1.6262259e-13
1.8721418e-13
2.1493147e-13
2.4609459e-13
2.8104824e-13
3.2016299e-13
3.6383649e-13
4.1249477e-13
4.6659361e-13
5.266198e-13
5.930926e-13
6.6656509e-13
7.4762563e-13
8.3689929e-13
9.3504938e-13
1.0427789e-12
1.1608323e-12
1.2899965e-12
1.4311034e-12
1.585032e-12
1.7530577e-12
1.9369026e-12
2.137719e-12
2.3567151e-12
2.5951569e-12
2.8543692e-12
3.1357369e-12
3.4407072e-12
3.7707904e-12
4.1275619e-12
4.512664e-12
4.9278079e-12
5.374775e-12
5.8554197e-12
6.3716705e-12
6.925533e-12
7.5190915e-12
8.1545115e-12
8.8340417e-12
9.5600164e-12
1.0334858e-11
1.116108e-11
1.2041287e-11
1.297818e-11
1.3974558e-11
1.503332e-11
1.6157467e-11
1.7350106e-11
1.8614451e-11
1.9953828e-11
2.1371673e-11
2.287154e-11
2.4457099e-11
2.6132143e-11
2.7900585e-11
2.9766466e-11
3.1733955e-11
3.380735e-11
3.5991083e-11
3.8289723e-11
4.0707976e-11
4.3250689e-11
4.5922854e-11
4.8729607e-11
5.1676233e-11
5.4768169e-11
5.8011005e-11
6.1410485e-11
6.4972515e-11
6.8703159e-11
7.2608647e-11
7.6695373e-11
8.09699e-11
8.5438963e-11
9.010947e-11
9.4988503e-11
1.0008332e-10
1.0540138e-10
1.1095029e-10
1.1673787e-10
1.2277212e-10
1.2906122e-10
1.3561357e-10
1.4243775e-10
1.4954252e-10
1.5693687e-10
1.6462998e-10
1.7263123e-10
1.8095021e-10
1.8959674e-10
1.9858082e-10
2.0791269e-10
2.1760279e-10
2.2766179e-10
2.3810058e-10
2.4893028e-10
2.6016222e-10
2.7180798e-10
2.8387936e-10
2.963884e-10
3.0934736e-10
3.2276875e-10
3.3666533e-10
3.510501e-10
3.6593629e-10
3.8133739e-10
3.9726717e-10
4.1373969e-10
4.3076919e-10
4.4837017e-10
4.665574e-10
4.853459e-10
5.0475097e-10
5.2478815e-10
5.4547329e-10
5.6682247e-10
5.8885206e-10
6.1157873e-10
6.3501939e-10
6.5919124e-10
6.8411179e-10
7.097988e-10
7.3627033e-10
7.6354474e-10
7.9164066e-10
8.2057703e-10
8.5037309e-10
8.8104836e-10
9.1262267e-10
9.4511614e-10
9.7854923e-10
1.0129427e-09
1.0483175e-09
1.0846951e-09
1.1220971e-09
1.1605455e-09
1.2000626e-09
1.2406711e-09
1.2823938e-09
1.3252541e-09
1.3692756e-09
1.414482e-09
1.4608978e-09
1.5085474e-09
1.5574549e-09
1.6074446e-09
1.4898629e-18
5.2212247e-18
1.1511871e-17
2.1111843e-17
3.5413334e-17
5.6534894e-17
8.7475389e-17
1.3234992e-16
1.967019e-16
2.8789456e-16
4.1559057e-16
5.9233221e-16
8.3423617e-16
1.1618192e-15
1.6009715e-15
2.1840969e-15
2.9514378e-15
3.9526056e-15
5.2483354e-15
6.9124854e-15
9.0342992e-15
1.1720949e-14
1.5100373e-14
1.9324432e-14
2.4572372e-14
3.1054637e-14
3.9017004e-14
4.874506e-14
6.0569014e-14
7.4868843e-14
9.2079758e-14
1.1269797e-13
1.3728677e-13
1.6648286e-13
2.0100294e-13
2.4165053e-13
2.8932302e-13
3.4501884e-13
4.0984485e-13
4.8502378e-13
5.7190186e-13
6.7195644e-13
7.868037e-13
9.1820644e-13
1.0680818e-12
1.2385089e-12
1.4317369e-12
1.6501923e-12
1.8964868e-12
2.1734249e-12
2.4840117e-12
2.8314597e-12
3.2191972e-12
3.650875e-12
4.1303739e-12
4.6618124e-12
5.2495533e-12
5.8982115e-12
6.6126611e-12
7.3980422e-12
8.2597685e-12
9.2035343e-12
1.0235322e-11
1.1361407e-11
1.2588371e-11
1.39231e-11
1.5372799e-11
1.6944998e-11
1.8647554e-11
2.0488666e-11
2.2476877e-11
2.4621081e-11
2.6930536e-11
2.9414863e-11
3.2083805e-11
3.4966529e-11
3.8079426e-11
4.1435099e-11
4.504652e-11
4.8927027e-11
5.3090325e-11
5.7550492e-11
6.2321983e-11
6.7419638e-11
7.2858687e-11
7.865476e-11
8.4823899e-11
9.1382563e-11
9.8347647e-11
1.0573649e-10
1.1356687e-10
1.2185706e-10
1.306258e-10
1.3989231e-10
1.4967634e-10
1.5999814e-10
1.7087849e-10
1.8233872e-10
1.944007e-10
2.0708689e-10
2.2042028e-10
2.344245e-10
2.4912374e-10
2.645428e-10
2.8070711e-10
2.9764271e-10
3.1537628e-10
3.3393514e-10
3.5334726e-10
3.7364127e-10
3.9484645e-10
4.1699278e-10
4.4011088e-10
4.6423209e-10
4.8938842e-10
5.1561259e-10
5.4293799e-10
5.7139875e-10
6.010297e-10
6.318664e-10
6.6394509e-10
6.9730279e-10
7.3197721e-10
7.680068e-10
8.0543078e-10
8.4428907e-10
8.8462235e-10
9.2647206e-10
9.6988039e-10
1.0148903e-09
1.0615454e-09
1.1098903e-09
1.1599701e-09
1.2118308e-09
1.2655193e-09
1.321083e-09
1.3785703e-09
1.4380303e-09
1.4995129e-09
1.5630688e-09
1.6287493e-09
1.6966068e-09
1.7666944e-09
1.8390658e-09
1.9137758e-09
1.9908797e-09
2.0704338e-09
2.1524952e-09
2.2371218e-09
2.3243722e-09
2.4143059e-09
2.5069833e-09
2.6024654e-09
2.7008143e-09
2.8020927e-09
2.9063642e-09
3.0136933e-09
3.1241451e-09
3.2377858e-09
3.3546822e-09
3.4749022e-09
3.5985153e-09
3.725591e-09
3.8561994e-09
3.9904116e-09
4.1282997e-09
4.2699365e-09
4.4153955e-09
4.5647513e-09
4.7180793e-09
4.8754558e-09
5.0369577e-09
5.2026631e-09
5.3726507e-09
5.5470003e-09
5.7257925e-09
5.9091085e-09
6.0970307e-09
6.2896424e-09
6.4870273e-09
6.6892706e-09
6.8964579e-09
7.1086759e-09
7.326012e-09
7.5485547e-09
7.7763933e-09
8.0096178e-09
8.2483193e-09
8.4925897e-09
8.7425218e-09
8.9982092e-09
9.2597464e-09
9.527229e-09
9.8007531e-09
1.0080416e-08
1.0366316e-08
1.0658551e-08
1.0957222e-08
1.1262426e-08
1.1573234e-08
1.0489137e-15
3.4476563e-15
6.9194698e-15
1.1320699e-14
1.6753575e-14
2.3488879e-14
3.1909543e-14
4.2491326e-14
5.5804527e-14
7.2525924e-14
9.3456018e-14
1.195397e-13
1.5188975e-13
1.9181321e-13
2.4084061e-13
3.0075837e-13
3.736445e-13
4.6190774e-13
5.683303e-13
6.9611427e-13
8.4893159e-13
1.0309778e-12
1.247029e-12
1.5025026e-12
1.8035206e-12
2.156976e-12
2.5706016e-12
3.0530408e-12
3.6139195e-12
4.2639198e-12
5.0148537e-12
5.8797366e-12
6.8728607e-12
8.0098669e-12
9.3078147e-12
1.0785251e-11
1.2462275e-11
1.4360601e-11
1.6503616e-11
1.8916438e-11
2.1625964e-11
2.4660919e-11
2.8051899e-11
3.1831409e-11
3.6033899e-11
4.0695794e-11
4.5855521e-11
5.1553532e-11
5.7832324e-11
6.4736455e-11
7.2312556e-11
8.0609347e-11
8.967764e-11
9.957035e-11
1.103425e-10
1.2205121e-10
1.3475575e-10
1.4851745e-10
1.6339982e-10
1.7946844e-10
1.9679103e-10
2.1543743e-10
2.3547962e-10
2.5699169e-10
2.8004986e-10
3.0473249e-10
3.3112008e-10
3.5929526e-10
3.8934284e-10
4.2134974e-10
4.5540508e-10
4.9160015e-10
5.3002838e-10
5.7078544e-10
6.139695e-10
6.598065e-10
7.0874835e-10
7.6090568e-10
8.1639017e-10
8.7531457e-10
9.3779259e-10
1.003939e-09
1.0738695e-09
1.1477012e-09
1.225552e-09
1.3075416e-09
1.3937909e-09
1.4844222e-09
1.5795598e-09
1.6793298e-09
1.7838599e-09
1.8932802e-09
2.007723e-09
2.1273226e-09
2.2522159e-09
2.3825422e-09
2.5184434e-09
2.6600641e-09
2.8075514e-09
2.9610555e-09
3.120729e-09
3.2867277e-09
3.4592101e-09
3.6383377e-09
3.8242748e-09
4.0171888e-09
4.2172501e-09
4.4246318e-09
4.6395101e-09
4.8620641e-09
5.092476e-09
5.3309307e-09
5.577616e-09
5.8327227e-09
6.0964443e-09
6.3689773e-09
6.6505208e-09
6.9412769e-09
7.2414502e-09
7.5512481e-09
7.8708808e-09
8.200561e-09
8.5405039e-09
8.8909276e-09
9.2520526e-09
9.6241018e-09
1.0007301e-08
1.0401877e-08
1.0808062e-08
1.1226088e-08
1.1656189e-08
1.2098604e-08
1.2553573e-08
1.3021337e-08
1.3502141e-08
1.3996232e-08
1.4503857e-08
1.502527e-08
1.5560722e-08
1.6110469e-08
1.6674769e-08
1.725388e-08
1.7848066e-08
1.8457589e-08
1.9082716e-08
1.9723715e-08
2.0380854e-08
2.1054407e-08
2.1744646e-08
2.2451849e-08
2.3176292e-08
2.3918256e-08
2.4678022e-08
2.5455874e-08
2.6252096e-08
2.7066978e-08
2.7900806e-08
2.8753874e-08
2.9626473e-08
3.0518898e-08
3.1431446e-08
3.2364422e-08
3.3318128e-08
3.4292867e-08
3.5288942e-08
3.6306657e-08
3.7346321e-08
3.8408242e-08
3.949273e-08
4.0600098e-08
4.173066e-08
4.2884733e-08
4.4062634e-08
4.5264681e-08
4.6491198e-08
4.7742506e-08
4.901893e-08
5.0320796e-08
5.1648432e-08
5.3002168e-08
5.4382335e-08
5.5789265e-08
5.7223294e-08
5.8684758e-08
6.0173993e-08
6.169134e-08
6.3237138e-08
6.4811732e-08
6.6415464e-08
6.8048681e-08
6.9711729e-08
7.1404957e-08
7.3128715e-08
7.4883356e-08
7.6669232e-08
7.8486698e-08
8.033611e-08
8.2217826e-08
8.413219e-08
8.607409e-08
7.1811812e-13
2.1563642e-12
3.9107716e-12
5.7205883e-12
7.5178529e-12
9.3313425e-12
1.1220853e-11
1.3250215e-11
1.5479789e-11
1.796625e-11
2.0764458e-11
2.3929583e-11
2.7518982e-11
3.1593769e-11
3.6220123e-11
4.1470422e-11
4.7424262e-11
5.4169394e-11
6.1802629e-11
7.0430705e-11
8.0171141e-11
9.1153078e-11
1.035181e-10
1.1742103e-10
1.3303073e-10
1.505308e-10
1.7012035e-10
1.920146e-10
2.1644549e-10
2.4366222e-10
2.7393175e-10
3.0753912e-10
3.4478779e-10
3.8599986e-10
4.3151617e-10
4.8169636e-10
5.369188e-10
5.9758046e-10
6.6409662e-10
7.3690066e-10
8.1644357e-10
9.0319354e-10
9.9763543e-10
1.1002702e-09
1.2116143e-09
1.332199e-09
1.4625697e-09
1.6032852e-09
1.7549171e-09
1.9180489e-09
2.0932757e-09
2.281203e-09
2.4824462e-09
2.6976303e-09
2.9273888e-09
3.1723634e-09
3.4332035e-09
3.7105654e-09
4.0051124e-09
4.3175136e-09
4.6484445e-09
4.9985858e-09
5.3686235e-09
5.7592488e-09
6.1711577e-09
6.6050507e-09
7.061633e-09
7.541614e-09
8.0457078e-09
8.5746325e-09
9.1291104e-09
9.7098683e-09
1.0317637e-08
1.0953152e-08
1.1617152e-08
1.2310274e-08
1.3040175e-08
1.3809374e-08
1.4618335e-08
1.546752e-08
1.6357389e-08
1.7288405e-08
1.8261029e-08
1.9275724e-08
2.0332959e-08
2.1433206e-08
2.2576945e-08
2.3764664e-08
2.4996861e-08
2.6274049e-08
2.7596749e-08
2.8965502e-08
3.038086e-08
3.1843394e-08
3.3353691e-08
3.4912356e-08
3.6520012e-08
3.8177302e-08
3.9884884e-08
4.1643436e-08
4.3453656e-08
4.5316257e-08
4.7231972e-08
4.920155e-08
5.1225756e-08
5.3305372e-08
5.5441198e-08
5.7634044e-08
5.9884739e-08
6.2194123e-08
6.456305e-08
6.6992387e-08
6.948301e-08
7.2035808e-08
7.4651682e-08
7.7331538e-08
8.0076296e-08
8.2886882e-08
8.5764228e-08
8.8709277e-08
9.1722976e-08
9.4806279e-08
9.7960147e-08
1.0118554e-07
1.0448344e-07
1.078548e-07
1.1130062e-07
1.1482186e-07
1.1841952e-07
1.2209458e-07
1.2584803e-07
1.2968086e-07
1.3359407e-07
1.3758865e-07
1.4166559e-07
1.458259e-07
1.5007058e-07
1.5440061e-07
1.5881701e-07
1.6332077e-07
1.679129e-07
1.7259439e-07
1.7736625e-07
1.8222947e-07
1.8718507e-07
1.9223404e-07
1.9737738e-07
2.0261608e-07
2.0795117e-07
2.1338362e-07
2.1891444e-07
2.2454463e-07
2.3027519e-07
2.3610712e-07
2.420414e-07
2.4807904e-07
2.5422104e-07
2.6046838e-07
2.6682206e-07
2.7328307e-07
2.798524e-07
2.8653108e-07
2.9332016e-07
3.0022061e-07
3.0723342e-07
3.1435958e-07
3.2160008e-07
3.2895589e-07
3.3642799e-07
3.4401739e-07
3.5172505e-07
3.5955196e-07
3.674991e-07
3.7556747e-07
3.8375803e-07
3.9207177e-07
4.0050968e-07
4.0907272e-07
4.177619e-07
4.2657817e-07
4.3552253e-07
4.4459594e-07
4.537994e-07
4.6313387e-07
4.7260034e-07
4.8219977e-07
4.9193315e-07
5.0180145e-07
5.1180564e-07
5.219467e-07
5.322256e-07
5.4264331e-07
5.5320081e-07
5.6389906e-07
5.7473905e-07
5.8572173e-07
5.9684809e-07
6.0811908e-07
6.1953563e-07
6.3107035e-07
4.8100728e-10
1.2629992e-09
2.0256777e-09
2.6257376e-09
3.0581297e-09
3.3660019e-09
3.5949966e-09
3.7800376e-09
3.9449421e-09
4.1052462e-09
4.2710048e-09
4.4488503e-09
4.6433551e-09
4.8578939e-09
5.0951784e-09
5.3575872e-09
5.6473688e-09
5.9667669e-09
6.3180996e-09
6.7038071e-09
7.1264836e-09
7.5888956e-09
8.0939942e-09
8.6449213e-09
9.2450131e-09
9.8977999e-09
1.0607005e-08
1.1376539e-08
1.2210499e-08
1.3113155e-08
1.4088947e-08
1.5142475e-08
1.6278484e-08
1.7501855e-08
1.8817592e-08
2.0230808e-08
2.174671e-08
2.3370581e-08
2.5107771e-08
2.6963674e-08
2.8943717e-08
3.1053344e-08
3.3297996e-08
3.5683105e-08
3.8214069e-08
4.089625e-08
4.3734953e-08
4.6735419e-08
4.9902811e-08
5.3242213e-08
5.675861e-08
6.0456892e-08
6.4341844e-08
6.8418141e-08
7.2690345e-08
7.7162907e-08
8.1840158e-08
8.6726319e-08
9.1825492e-08
9.714167e-08
1.0267873e-07
1.0844046e-07
1.1443051e-07
1.2065247e-07
1.271098e-07
1.3380589e-07
1.4074405e-07
1.479275e-07
1.5535937e-07
1.6304274e-07
1.7098064e-07
1.79176e-07
1.8763173e-07
1.9635067e-07
2.0533563e-07
2.1458944e-07
2.2415162e-07
2.3412235e-07
2.4449387e-07
2.5525894e-07
2.6641074e-07
2.7794289e-07
2.8984943e-07
3.0212481e-07
3.1476389e-07
3.2776191e-07
3.4111454e-07
3.5481785e-07
3.6886829e-07
3.8326271e-07
3.9799835e-07
4.1307283e-07
4.2848413e-07
4.442306e-07
4.6031094e-07
4.7672418e-07
4.9346967e-07
5.1054706e-07
5.2795631e-07
5.4569763e-07
5.637715e-07
5.8217864e-07
6.0092001e-07
6.1999675e-07
6.3941022e-07
6.5916194e-07
6.7925361e-07
6.9968706e-07
7.2046426e-07
7.4158731e-07
7.630584e-07
7.8487983e-07
8.0705399e-07
8.2958332e-07
8.5247035e-07
8.7571764e-07
8.9932781e-07
9.2330351e-07
9.4764742e-07
9.7236225e-07
9.9745072e-07
1.0229156e-06
1.0487595e-06
1.0749853e-06
1.1015957e-06
1.1285933e-06
1.155981e-06
1.1837614e-06
1.2119371e-06
1.2405109e-06
1.2694854e-06
1.2988632e-06
1.3286469e-06
1.358839e-06
1.3894421e-06
1.4204587e-06
1.4518913e-06
1.4837423e-06
1.5160141e-06
1.5487092e-06
1.5818298e-06
1.6153783e-06
1.649357e-06
1.6837682e-06
1.7186141e-06
1.7538969e-06
1.7896188e-06
1.825782e-06
1.8623884e-06
1.8994404e-06
1.9369398e-06
1.9748888e-06
2.0132893e-06
2.0521434e-06
2.0914529e-06
2.1312199e-06
2.1714463e-06
2.2121338e-06
2.2532845e-06
2.2949001e-06
2.3369824e-06
2.3795333e-06
2.4225551e-06
2.4660497e-06
2.5100188e-06
2.5544639e-06
2.5993867e-06
2.644789e-06
2.6906723e-06
2.7370383e-06
2.7838887e-06
2.8312249e-06
2.8790487e-06
2.9273616e-06
2.9761651e-06
3.0254609e-06
3.0752504e-06
3.1255353e-06
3.1763171e-06
3.2275972e-06
3.2793771e-06
3.3316584e-06
3.3844426e-06
3.4377311e-06
3.4915253e-06
3.5458268e-06
3.6006369e-06
3.6559571e-06
3.7117889e-06
3.7681336e-06
3.8249926e-06
3.8823674e-06
3.9402593e-06
3.9986697e-06
4.0576001e-06
4.1170517e-06
4.1770261e-06
4.2375244e-06
4.2985479e-06
4.3599641e-06
3.167479e-07
6.7825636e-07
9.2579485e-07
1.041417e-06
1.0633656e-06
1.0327577e-06
9.7817264e-07
9.1620157e-07
8.5541772e-07
7.9974741e-07
7.5063642e-07
7.0829384e-07
6.7236361e-07
6.4227165e-07
6.1739718e-07
5.9715184e-07
5.8101153e-07
5.6852505e-07
5.5931184e-07
5.5305515e-07
5.4949387e-07
5.4841442e-07
5.4964339e-07
5.5304111e-07
5.5849613e-07
5.6592057e-07
5.7524623e-07
5.8642131e-07
5.9940763e-07
6.1417838e-07
6.3071605e-07
6.4901085e-07
6.6905923e-07
6.9086266e-07
7.1442657e-07
7.3975944e-07
7.6687196e-07
7.9577642e-07
8.2648601e-07
8.5901438e-07
8.9337514e-07
9.2958151e-07
9.6764597e-07
1.00758e-06
1.0493939e-06
1.0930965e-06
1.1386952e-06
1.1861956e-06
1.2356019e-06
1.2869164e-06
1.3401396e-06
1.3952705e-06
1.4523062e-06
1.5112425e-06
1.5720735e-06
1.6347919e-06
1.699389e-06
1.7658551e-06
1.8341792e-06
1.9043493e-06
1.9763527e-06
2.0501759e-06
2.1258046e-06
2.2032243e-06
2.2824198e-06
2.3633757e-06
2.4460766e-06
2.5305067e-06
2.6166504e-06
2.7044921e-06
2.7940164e-06
2.8852081e-06
2.9780522e-06
3.0725341e-06
3.1686395e-06
3.2663546e-06
3.3656297e-06
3.4678174e-06
3.5730589e-06
3.6811637e-06
3.7919568e-06
3.9052776e-06
4.0209789e-06
4.1389263e-06
4.2589966e-06
4.3810778e-06
4.5050681e-06
4.6308751e-06
4.7584153e-06
4.8876137e-06
5.0184028e-06
5.1507225e-06
5.2845193e-06
5.4197457e-06
5.5563603e-06
5.6943265e-06
5.8336129e-06
5.9741924e-06
6.1160418e-06
6.2591416e-06
6.4034759e-06
6.5490315e-06
6.695798e-06
6.8437674e-06
6.992934e-06
7.1432938e-06
7.2948447e-06
7.447586e-06
7.6015183e-06
7.7566433e-06
7.9129637e-06
8.0704831e-06
8.2292056e-06
8.3891361e-06
8.5502798e-06
8.7126422e-06
8.8762294e-06
9.0410473e-06
9.2071023e-06
9.3744006e-06
9.5429485e-06
9.7127524e-06
9.8838184e-06
1.0056153e-05
1.0229761e-05
1.040465e-05
1.0580824e-05
1.075829e-05
1.0937052e-05
1.1117116e-05
1.1298486e-05
1.1481166e-05
1.1665162e-05
1.1850477e-05
1.2037115e-05
1.222508e-05
1.2414375e-05
1.2605003e-05
1.2796967e-05
1.299027e-05
1.3184914e-05
1.3380901e-05
1.3578234e-05
1.3776914e-05
1.3976944e-05
1.4178324e-05
1.4381055e-05
1.458514e-05
1.4790578e-05
1.4997372e-05
1.520552e-05
1.5415025e-05
1.5625886e-05
1.5838104e-05
1.6051679e-05
1.626661e-05
1.6482898e-05
1.6700543e-05
1.6919545e-05
1.7139902e-05
1.7361615e-05
1.7584683e-05
1.7809109e-05
1.8034893e-05
1.8262034e-05
1.8490531e-05
1.8720383e-05
1.8951589e-05
1.9184147e-05
1.9418058e-05
1.9653319e-05
1.988993e-05
2.0127889e-05
2.0367196e-05
2.0607849e-05
2.0849848e-05
2.1093191e-05
2.1337876e-05
2.1583904e-05
2.1831272e-05
2.207998e-05
2.2330026e-05
2.258141e-05
2.283413e-05
2.3088185e-05
2.3343574e-05
2.3600295e-05
2.3858348e-05
2.4117732e-05
2.4378445e-05
2.4640486e-05
2.4903854e-05
2.5168549e-05
2.5434568e-05
2.5701912e-05
2.5970579e-05
2.6240569e-05
2.6511879e-05
2.678451e-05
2.7057923e-05
0.00020582169
0.00031756437
0.00034582782
0.00032548549
0.00028524469
0.00024145918
0.00020141856
0.00016746241
0.00013967706
0.00011730717
9.9400421e-05
8.5064732e-05
7.3549e-05
6.4250798e-05
5.6698097e-05
5.0524874e-05
4.5448224e-05
4.1249277e-05
3.7758112e-05
3.4842149e-05
3.2397343e-05
3.0341519e-05
2.8609357e-05
2.7148589e-05
2.5917119e-05
2.4880828e-05
2.4011886e-05
2.3287456e-05
2.2688686e-05
2.2199921e-05
2.1808091e-05
2.1502215e-05
2.1273024e-05
2.1112642e-05
2.1014344e-05
2.0972353e-05
2.0981681e-05
2.1037989e-05
2.1137488e-05
2.1276845e-05
2.1453111e-05
2.1663662e-05
2.1906146e-05
2.2178447e-05
2.2478646e-05
2.2804994e-05
2.3155891e-05
2.352986e-05
2.3925538e-05
2.4341658e-05
2.4777037e-05
2.523057e-05
2.5701219e-05
2.6188009e-05
2.6690018e-05
2.720638e-05
2.7736272e-05
2.827892e-05
2.8833587e-05
2.9399578e-05
2.9976236e-05
3.0562937e-05
3.1159092e-05
3.1764146e-05
3.2377571e-05
3.2998874e-05
3.3627587e-05
3.426327e-05
3.4905512e-05
3.5553925e-05
3.6208146e-05
3.6867836e-05
3.7532679e-05
3.820238e-05
3.8876665e-05
3.9555277e-05
4.0237989e-05
4.092855e-05
4.1634696e-05
4.2354423e-05
4.3085943e-05
4.3827665e-05
4.4578172e-05
4.5336208e-05
4.6100664e-05
4.6870559e-05
4.7645031e-05
4.8423326e-05
4.9204787e-05
4.9988841e-05
5.0774998e-05
5.1562833e-05
5.2351988e-05
5.3142159e-05
5.3933095e-05
5.4724587e-05
5.5516466e-05
5.6308601e-05
5.7100889e-05
5.7893256e-05
5.868565e-05
5.9478042e-05
6.027042e-05
6.1062786e-05
6.1855158e-05
6.2647563e-05
6.3440039e-05
6.423263e-05
6.5025387e-05
6.5818368e-05
6.6611631e-05
6.7405241e-05
6.8199262e-05
6.8993762e-05
6.9788807e-05
7.0584465e-05
7.1380803e-05
7.2177886e-05
7.297578e-05
7.3774549e-05
7.4574254e-05
7.5374954e-05
7.6176709e-05
7.6979574e-05
7.7783602e-05
7.8588844e-05
7.9395349e-05
8.0203164e-05
8.1012332e-05
8.1822896e-05
8.2634894e-05
8.3448364e-05
8.4263341e-05
8.5079857e-05
8.5897944e-05
8.6717628e-05
8.7538938e-05
8.8361898e-05
8.9186531e-05
9.0012858e-05
9.0840899e-05
9.1670671e-05
9.2502191e-05
9.3335474e-05
9.4170534e-05
9.5007383e-05
9.5846033e-05
9.6686493e-05
9.7528772e-05
9.8372879e-05
9.9218821e-05
0.0001000666
0.00010091623
0.00010176771
0.00010262104
0.00010347623
0.00010433329
0.0001051922
0.00010605297
0.00010691561
0.00010778012
0.00010864648
0.00010951473
0.00011038485
0.00011125685
0.00011213073
0.00011300648
0.0001138841
0.00011476359
0.00011564494
0.00011652815
0.00011741322
0.00011830014
0.00011918892
0.00012007953
0.000120972
0.0001218663
0.00012276244
0.00012366041
0.00012456021
0.00012546184
0.00012636529
0.00012727055
0.00012817763
0.00012908652
0.00012999722
0.00013090972
0.00013182402
0.00013274012
0.00013365801
0.0001345777
0.00013549916
0.00013642242
0.00013734745
0.00013827426
0.00013920285
0.00014013321
0.00014106534
0.00014199924
0.00014293324
0.13234277
0.10971588
0.084647849
0.062668497
0.045501131
0.032872837
0.023850594
0.0174759
0.012973371
0.0097738992
0.0074781486
0.0058114142
0.0045859022
0.0036730358
0.002984245
0.0024579837
0.0020510456
0.0017327645
0.0014811286
0.0012801594
0.0011181288
0.0009863353
0.00087825557
0.00078894984
0.00071464154
0.00065241674
0.00060000725
0.00055563269
0.00051788427
0.00048563869
0.00045799365
0.00043421926
0.0004137211
0.0003960119
0.00038068974
0.00036742107
0.00035592752
0.00034597538
0.00033736745
0.00032993641
0.00032353958
0.0003180547
0.0003133765
0.00030941395
0.00030608796
0.00030332952
0.00030107821
0.00029928088
0.00029789066
0.00029686602
0.00029617008
0.00029577001
0.00029563644
0.00029574309
0.00029606637
0.00029658505
0.00029728002
0.00029813401
0.00029913143
0.00030025816
0.00030150141
0.00030284961
0.00030429224
0.00030581976
0.00030742353
0.0003090957
0.00031082914
0.00031261738
0.00031445457
0.0003163354
0.00031825504
0.00032020916
0.00032219382
0.00032420545
0.00032624086
0.00032829715
0.00033037171
0.00033245742
0.00033459627
0.00033678458
0.0003390145
0.00034127909
0.00034357219
0.0003458884
0.00034822298
0.00035057175
0.0003529311
0.00035529787
0.00035766935
0.00036004319
0.00036241742
0.00036479032
0.00036716049
0.00036952676
0.00037188815
0.00037424389
0.00037659337
0.00037893613
0.00038127183
0.00038360024
0.00038592124
0.00038823476
0.00039054083
0.00039283954
0.00039513101
0.00039741541
0.00039969296
0.00040196388
0.00040422843
0.00040648689
0.00040873953
0.00041098666
0.00041322858
0.00041546558
0.00041769796
0.00041992603
0.00042215007
0.00042437039
0.00042658725
0.00042880094
0.00043101172
0.00043321984
0.00043542556
0.00043762911
0.00043983071
0.00044203058
0.00044422893
0.00044642595
0.00044862183
0.00045081674
0.00045301085
0.00045520431
0.00045739727
0.00045958987
0.00046178223
0.00046397448
0.00046616673
0.00046835907
0.00047055162
0.00047274446
0.00047493768
0.00047713135
0.00047932554
0.00048152033
0.00048371576
0.00048591191
0.00048810881
0.00049030653
0.00049250509
0.00049470454
0.00049690492
0.00049910625
0.00050130857
0.00050351191
0.00050571627
0.0005079217
0.0005101282
0.00051233579
0.00051454448
0.00051675429
0.00051896523
0.00052117731
0.00052339054
0.00052560498
0.00052782062
0.00053003748
0.00053225553
0.0005344748
0.00053669526
0.00053891693
0.00054113979
0.00054336385
0.00054558909
0.00054781553
0.00055004315
0.00055227195
0.00055450193
0.00055673308
0.0005589654
0.00056119888
0.00056343352
0.00056566932
0.00056790627
0.00057014436
0.0005723836
0.00057462397
0.00057686547
0.0005791081
0.00058135186
0.00058359673
0.00058584273
0.00058808984
0.00059033807
0.00059258741
0.00059483786
0.00059708943
0.00059934212
0.00060159593
0.00060385086
0.0006061032
0.14215309
0.13699992
0.1256584
0.10987664
0.092603146
0.076153983
0.061748458
0.049755376
0.040065028
0.032364656
0.026294687
0.021521505
0.017763371
0.014793667
0.0124349
0.01055001
0.009033877
0.0078060398
0.006804856
0.0059829601
0.0053038028
0.0047390377
0.0042665564
0.0038690142
0.0035327202
0.0032468014
0.00300257
0.0027930416
0.0026125681
0.0024565551
0.0023212439
0.0022035423
0.0021008927
0.0020111684
0.0019325918
0.0018636696
0.0018031415
0.0017499383
0.0017031492
0.0016619947
0.0016258048
0.0015940011
0.0015660825
0.0015416131
0.001520212
0.0015015458
0.0014853212
0.0014712795
0.0014591918
0.0014488553
0.0014400893
0.0014327328
0.0014266421
0.0014216885
0.0014177563
0.0014147419
0.001412552
0.0014111025
0.0014103177
0.0014101291
0.001410475
0.0014112997
0.0014125528
0.0014141886
0.0014161661
0.0014184481
0.0014210008
0.001423794
0.0014268003
0.0014299949
0.0014333556
0.0014368623
0.001440497
0.0014442433
0.0014480869
0.0014520146
0.0014560147
0.001460077
0.001464218
0.0014684927
0.0014728791
0.001477358
0.0014819121
0.0014865265
0.001491188
0.0014958851
0.0015006077
0.0015053471
0.0015100959
0.0015148476
0.0015195968
0.0015243389
0.0015290698
0.0015337866
0.0015384864
0.0015431673
0.0015478276
0.001552466
0.0015570817
0.001561674
0.0015662426
0.0015707873
0.0015753083
0.0015798058
0.0015842802
0.0015887318
0.0015931614
0.0015975695
0.0016019568
0.0016063241
0.0016106722
0.0016150018
0.0016193138
0.001623609
0.0016278881
0.0016321521
0.0016364017
0.0016406376
0.0016448607
0.0016490716
0.0016532712
0.0016574599
0.0016616386
0.0016658079
0.0016699683
0.0016741205
0.001678265
0.0016824022
0.0016865328
0.0016906571
0.0016947756
0.0016988888
0.001702997
0.0017071005
0.0017111998
0.0017152951
0.0017193867
0.001723475
0.0017275601
0.0017316424
0.001735722
0.0017397991
0.001743874
0.0017479468
0.0017520177
0.0017560869
0.0017601544
0.0017642204
0.0017682851
0.0017723484
0.0017764106
0.0017804718
0.0017845319
0.001788591
0.0017926494
0.0017967069
0.0018007636
0.0018048197
0.001808875
0.0018129298
0.0018169839
0.0018210375
0.0018250905
0.0018291432
0.0018331954
0.0018372473
0.0018412988
0.0018453499
0.0018494006
0.001853451
0.001857501
0.0018615506
0.0018655998
0.0018696487
0.0018736972
0.0018777452
0.0018817929
0.0018858402
0.0018898871
0.0018939335
0.0018979796
0.0019020252
0.0019060704
0.0019101151
0.0019141594
0.0019182032
0.0019222466
0.0019262895
0.0019303319
0.0019343739
0.0019384153
0.0019424564
0.0019464969
0.001950537
0.0019545766
0.0019586158
0.0019626545
0.0019666929
0.0019707308
0.0019747622
0.14281372
0.14195592
0.13862355
0.13172585
0.12154422
0.1092874
0.096327645
0.083738378
0.072175548
0.061942074
0.053102413
0.045584251
0.039250044
0.033940943
0.029500877
0.025788073
0.022679305
0.020070268
0.01787409
0.016019126
0.014446615
0.013108497
0.01196549
0.010985466
0.010142102
0.0094137827
0.0087827006
0.0082341415
0.007755902
0.0073378235
0.006971417
0.006649561
0.0063662572
0.0061164337
0.0058957848
0.005700641
0.0055278628
0.005374754
0.0052389905
0.0051185615
0.0050117211
0.0049169482
0.0048329132
0.0047584501
0.0046925331
0.0046342571
0.0045828217
0.0045375167
0.0044977105
0.0044628404
0.0044324037
0.0044059507
0.004383078
0.0043634238
0.0043466624
0.0043325009
0.0043206753
0.0043109474
0.0043031022
0.0042969457
0.0042923023
0.0042890137
0.0042869366
0.0042859414
0.0042859111
0.0042867401
0.0042883329
0.0042906032
0.0042934734
0.0042968734
0.0043007401
0.0043050167
0.0043096522
0.0043146008
0.0043198215
0.0043252774
0.0043309357
0.0043367671
0.0043427001
0.0043489138
0.0043553628
0.0043620065
0.0043688092
0.0043757398
0.0043827705
0.0043898774
0.0043970395
0.0044042387
0.0044114593
0.0044186878
0.0044259129
0.0044331248
0.0044403154
0.0044474779
0.0044546069
0.0044616978
0.0044687472
0.0044757525
0.0044827116
0.0044896233
0.0044964867
0.0045033015
0.0045100678
0.0045167861
0.0045234569
0.0045300812
0.0045366602
0.004543195
0.004549687
0.0045561378
0.0045625489
0.0045689218
0.0045752582
0.0045815598
0.004587828
0.0045940646
0.0046002711
0.004606449
0.0046126
0.0046187255
0.0046248268
0.0046309055
0.0046369627
0.0046429998
0.004649018
0.0046550185
0.0046610022
0.0046669704
0.0046729239
0.0046788638
0.0046847908
0.0046907058
0.0046966097
0.0047025031
0.0047083867
0.0047142612
0.0047201271
0.0047259851
0.0047318356
0.0047376792
0.0047435162
0.0047493471
0.0047551724
0.0047609922
0.0047668071
0.0047726172
0.0047784229
0.0047842243
0.0047900219
0.0047958157
0.0048016059
0.0048073928
0.0048131765
0.0048189571
0.0048247348
0.0048305097
0.004836282
0.0048420516
0.0048478187
0.0048535833
0.0048593456
0.0048651056
0.0048708633
0.0048766189
0.0048823725
0.0048881242
0.0048938739
0.0048996216
0.0049053674
0.0049111113
0.0049168532
0.0049225931
0.0049283312
0.0049340672
0.0049398013
0.0049455335
0.0049512636
0.0049569918
0.004962718
0.0049684421
0.0049741642
0.0049798843
0.0049856023
0.0049913182
0.004997032
0.0050027437
0.0050084533
0.0050141608
0.0050198661
0.0050255694
0.0050312704
0.0050369694
0.0050426662
0.0050483609
0.0050540535
0.0050597441
0.0050654327
0.0050711193
0.0050768041
0.0050824788
0.14285462
0.14273118
0.14193896
0.13959779
0.13505798
0.12826702
0.11969642
0.1100566
0.1000447
0.09021097
0.080925143
0.072397147
0.064716829
0.057893431
0.05188735
0.046632902
0.042053374
0.03807031
0.034608807
0.031600212
0.028983213
0.026703978
0.02471577
0.022978318
0.021457087
0.020122544
0.018949468
0.01791633
0.017004741
0.01619898
0.015485585
0.014853006
0.014291313
0.013791948
0.013347517
0.012951612
0.01259867
0.012283845
0.012002903
0.011752137
0.01152829
0.011328496
0.011150224
0.010991234
0.010849538
0.010723369
0.010611153
0.010511482
0.0104231
0.010344878
0.010275804
0.010214968
0.010161551
0.010114813
0.010074089
0.010038777
0.010008334
0.0099822675
0.009960133
0.0099415283
0.0099260892
0.0099134862
0.009903421
0.0098956237
0.0098898502
0.0098858799
0.0098835132
0.0098825701
0.0098828879
0.00988432
0.0098867345
0.0098900125
0.0098940471
0.0098987424
0.0099040125
0.0099097803
0.009915977
0.0099225412
0.009929396
0.0099365701
0.0099441509
0.0099520698
0.0099602665
0.0099686875
0.0099772862
0.0099860215
0.009994858
0.010003765
0.010012714
0.010021685
0.010030656
0.010039611
0.010048536
0.01005742
0.010066253
0.010075027
0.010083736
0.010092376
0.010100942
0.010109433
0.010117846
0.010126181
0.010134439
0.010142619
0.010150723
0.010158751
0.010166706
0.01017459
0.010182404
0.010190151
0.010197834
0.010205456
0.010213017
0.010220523
0.010227974
0.010235373
0.010242724
0.010250029
0.01025729
0.010264509
0.01027169
0.010278833
0.010285942
0.010293019
0.010300064
0.010307081
0.010314072
0.010321037
0.010327978
0.010334897
0.010341796
0.010348676
0.010355537
0.010362382
0.010369211
0.010376026
0.010382827
0.010389616
0.010396392
0.010403158
0.010409913
0.010416659
0.010423396
0.010430125
0.010436846
0.010443559
0.010450266
0.010456966
0.01046366
0.010470349
0.010477032
0.01048371
0.010490383
0.010497052
0.010503716
0.010510377
0.010517033
0.010523685
0.010530334
0.010536979
0.010543621
0.01055026
0.010556895
0.010563527
0.010570156
0.010576783
0.010583406
0.010590027
0.010596645
0.01060326
0.010609873
0.010616482
0.010623089
0.010629693
0.010636294
0.010642893
0.010649488
0.010656081
0.010662671
0.010669258
0.010675841
0.010682422
0.010689
0.010695575
0.010702147
0.010708715
0.010715281
0.010721843
0.010728403
0.010734959
0.010741512
0.010748061
0.010754608
0.010761152
0.010767692
0.01077423
0.010780764
0.010787296
0.010793825
0.010800343
0.142857
0.14284087
0.14267683
0.14200378
0.1403212
0.13723338
0.13262231
0.12665309
0.1196712
0.11208183
0.1042624
0.096517768
0.089068349
0.082056915
0.075563365
0.069620862
0.064230179
0.059371146
0.055011172
0.051111271
0.047630117
0.044526656
0.04176169
0.039298747
0.037104492
0.035148831
0.033404829
0.031848528
0.030458708
0.029216623
0.028105743
0.027111504
0.026221076
0.025423152
0.024707764
0.02406611
0.023490411
0.022973784
0.022510124
0.022094011
0.021720624
0.021385667
0.021085306
0.020816112
0.020575014
0.020359258
0.02016637
0.019994123
0.019840513
0.019703729
0.01958214
0.019474269
0.019378781
0.019294468
0.019220234
0.019155087
0.019098127
0.01904854
0.019005585
0.018968591
0.018936949
0.018910107
0.018887566
0.018868872
0.018853613
0.018841419
0.018831953
0.01882491
0.018820017
0.018817025
0.01881571
0.018815872
0.018817329
0.018819919
0.018823496
0.01882793
0.018833102
0.018838909
0.018845259
0.018851963
0.018859268
0.018867075
0.018875296
0.018883854
0.018892681
0.018901719
0.018910914
0.018920222
0.018929604
0.018939026
0.018948459
0.01895788
0.018967268
0.018976604
0.018985876
0.018995072
0.019004181
0.019013198
0.019022117
0.019030934
0.019039646
0.019048252
0.019056751
0.019065145
0.019073433
0.019081619
0.019089704
0.01909769
0.019105581
0.01911338
0.01912109
0.019128715
0.019136258
0.019143723
0.019151113
0.019158433
0.019165685
0.019172874
0.019180002
0.019187073
0.019194091
0.019201058
0.019207977
0.019214852
0.019221686
0.019228479
0.019235237
0.01924196
0.019248651
0.019255312
0.019261946
0.019268553
0.019275137
0.019281698
0.019288239
0.01929476
0.019301263
0.01930775
0.019314221
0.019320678
0.019327122
0.019333554
0.019339974
0.019346384
0.019352784
0.019359174
0.019365557
0.019371932
0.019378299
0.01938466
0.019391014
0.019397363
0.019403705
0.019410043
0.019416376
0.019422704
0.019429028
0.019435348
0.019441664
0.019447976
0.019454285
0.01946059
0.019466892
0.01947319
0.019479486
0.019485779
0.019492069
0.019498356
0.019504641
0.019510923
0.019517202
0.019523478
0.019529752
0.019536023
0.019542291
0.019548556
0.019554818
0.019561078
0.019567334
0.019573588
0.019579839
0.019586086
0.019592331
0.019598572
0.01960481
0.019611045
0.019617276
0.019623504
0.019629729
0.01963595
0.019642169
0.019648383
0.019654595
0.019660803
0.019667008
0.01967321
0.019679409
0.019685606
0.0196918
0.019697983
0.14285713
0.14285518
0.14282459
0.14265375
0.14211077
0.14090021
0.13877575
0.1356253
0.13148878
0.12652346
0.12094965
0.1150017
0.10889475
0.10280744
0.09687663
0.091199454
0.085838995
0.080831102
0.076191002
0.07191903
0.068005282
0.064433219
0.061182356
0.058230204
0.055553628
0.053129767
0.050936624
0.048953427
0.047160816
0.045540925
0.044077386
0.042755276
0.041561049
0.040482434
0.039508344
0.038628766
0.037834671
0.037117911
0.036471142
0.035887734
0.035361706
0.034887654
0.034460698
0.03407642
0.033730824
0.03342029
0.033141538
0.032891591
0.032667748
0.032467556
0.032288786
0.032129412
0.031987592
0.031861649
0.03175006
0.031651436
0.031564516
0.031488152
0.031421298
0.031363005
0.03131241
0.031268727
0.031231243
0.031199311
0.031172345
0.031149811
0.031131227
0.031116157
0.031104206
0.031095018
0.03108827
0.031083672
0.031080964
0.03107991
0.0310803
0.031081944
0.031084674
0.031088339
0.031092803
0.031097757
0.031103431
0.03110976
0.031116632
0.031123948
0.031131621
0.031139577
0.031147747
0.031156076
0.031164512
0.031173012
0.03118154
0.031190064
0.031198557
0.031206997
0.031215365
0.031223646
0.031231829
0.031239902
0.03124786
0.031255696
0.031263408
0.031270992
0.031278448
0.031285777
0.031292979
0.031300056
0.03130701
0.031313846
0.031320565
0.031327173
0.031333672
0.031340068
0.031346364
0.031352565
0.031358675
0.031364699
0.031370641
0.031376505
0.031382296
0.031388018
0.031393675
0.03139927
0.031404808
0.031410291
0.031415724
0.03142111
0.031426451
0.031431752
0.031437014
0.03144224
0.031447433
0.031452595
0.031457728
0.031462835
0.031467918
0.031472978
0.031478017
0.031483037
0.031488039
0.031493024
0.031497995
0.031502951
0.031507895
0.031512827
0.031517749
0.03152266
0.031527562
0.031532456
0.031537343
0.031542222
0.031547095
0.031551962
0.031556823
0.031561679
0.031566531
0.031571378
0.031576222
0.031581061
0.031585898
0.03159073
0.03159556
0.031600387
0.031605211
0.031610033
0.031614852
0.031619669
0.031624483
0.031629296
0.031634107
0.031638915
0.031643722
0.031648526
0.031653329
0.031658129
0.031662927
0.031667723
0.031672516
0.031677308
0.031682097
0.031686883
0.031691667
0.031696449
0.031701228
0.031706004
0.031710778
0.031715548
0.031720316
0.031725081
0.031729843
0.031734603
0.031739359
0.031744112
0.031748863
0.03175361
0.031758355
0.031763098
0.031767838
0.031772576
0.031777312
0.031782042
0.14285714
0.14285692
0.14285169
0.14281251
0.14265587
0.14223486
0.14137129
0.13990982
0.13776137
0.13491846
0.13144537
0.12745494
0.12308331
0.11846925
0.11374022
0.1090049
0.10435045
0.09984289
0.095529347
0.091440945
0.087595904
0.084002407
0.080661097
0.077567157
0.074711966
0.072084402
0.069671828
0.067460832
0.065437757
0.063589087
0.061901699
0.06036304
0.058961225
0.057685097
0.056524243
0.055468992
0.054510397
0.0536402
0.052850799
0.052135206
0.051487003
0.050900307
0.050369721
0.049890305
0.049457532
0.049067257
0.048715686
0.048399347
0.048115063
0.047859926
0.047631275
0.047426679
0.047243911
0.047080937
0.046935898
0.046807095
0.046692975
0.046592122
0.046503242
0.046425157
0.046356791
0.046297165
0.046245389
0.04620065
0.046162213
0.046129407
0.046101627
0.046078321
0.046058992
0.046043189
0.046030505
0.046020572
0.046013059
0.04600767
0.046004136
0.046002216
0.046001697
0.046002385
0.04600411
0.046006716
0.046009885
0.046013817
0.046018386
0.046023479
0.046028997
0.046034853
0.04604097
0.046047282
0.046053732
0.04606027
0.046066852
0.046073443
0.046080011
0.04608653
0.046092978
0.046099339
0.046105596
0.046111739
0.046117759
0.04612365
0.046129406
0.046135025
0.046140505
0.046145847
0.046151051
0.046156118
0.046161052
0.046165855
0.046170531
0.046175085
0.04617952
0.046183841
0.046188052
0.046192159
0.046196167
0.046200079
0.046203901
0.046207639
0.046211295
0.046214875
0.046218384
0.046221825
0.046225203
0.046228522
0.046231785
0.046234997
0.04623816
0.046241279
0.046244355
0.046247393
0.046250394
0.046253362
0.046256299
0.046259208
0.046262091
0.046264949
0.046267785
0.0462706
0.046273396
0.046276176
0.046278939
0.046281688
0.046284424
0.046287148
0.046289861
0.046292564
0.046295258
0.046297944
0.046300622
0.046303294
0.046305959
0.046308619
0.046311274
0.046313925
0.046316571
0.046319214
0.046321854
0.04632449
0.046327124
0.046329755
0.046332384
0.046335011
0.046337636
0.046340259
0.046342881
0.046345501
0.04634812
0.046350738
0.046353355
0.04635597
0.046358584
0.046361197
0.046363809
0.046366419
0.046369028
0.046371636
0.046374242
0.046376847
0.046379451
0.046382052
0.046384652
0.04638725
0.046389847
0.046392441
0.046395034
0.046397624
0.046400212
0.046402798
0.046405381
0.046407963
0.046410542
0.046413119
0.046415693
0.046418266
0.046420837
0.046423406
0.046425973
0.046428539
0.046431105
0.046433667
0.14285714
0.14285712
0.14285629
0.14284806
0.142807
0.14267478
0.14235918
0.14175155
0.14075357
0.13929988
0.13736885
0.13498126
0.132191
0.12907282
0.12571068
0.12218845
0.1185837
0.11496403
0.11138562
0.10789311
0.1045204
0.10129198
0.098224288
0.095327227
0.092605445
0.090059524
0.087686966
0.085483013
0.083441309
0.081554427
0.079814281
0.078212438
0.076740358
0.07538957
0.074151797
0.073019047
0.071983669
0.071038393
0.070176351
0.069391079
0.06867652
0.068027017
0.067437296
0.066902451
0.066417929
0.065979512
0.065583292
0.065225659
0.064903277
0.064613071
0.064352205
0.064118066
0.063908253
0.063720555
0.063552943
0.063403555
0.063270681
0.063152757
0.063048348
0.062956143
0.062874942
0.062803653
0.062741275
0.062686898
0.062639693
0.062598906
0.062563852
0.062533909
0.062508514
0.062487154
0.06246937
0.062454743
0.062442897
0.062433493
0.062426228
0.062420826
0.062417043
0.062414658
0.062413477
0.062413323
0.06241377
0.062415028
0.062416965
0.062419462
0.062422418
0.062425739
0.062429348
0.062433174
0.062437157
0.062441245
0.062445393
0.062449561
0.062453718
0.062457835
0.06246189
0.062465864
0.06246974
0.062473506
0.062477154
0.062480675
0.062484064
0.062487317
0.062490434
0.062493413
0.062496255
0.062498961
0.062501533
0.062503975
0.06250629
0.062508481
0.062510554
0.062512512
0.06251436
0.062516103
0.062517746
0.062519293
0.06252075
0.06252212
0.06252341
0.062524623
0.062525763
0.062526836
0.062527845
0.062528795
0.062529688
0.06253053
0.062531323
0.062532071
0.062532777
0.062533444
0.062534075
0.062534673
0.06253524
0.062535778
0.062536291
0.062536779
0.062537245
0.062537691
0.062538119
0.06253853
0.062538925
0.062539306
0.062539675
0.062540032
0.062540379
0.062540716
0.062541045
0.062541366
0.062541681
0.062541989
0.062542292
0.06254259
0.062542884
0.062543174
0.062543461
0.062543745
0.062544026
0.062544305
0.062544582
0.062544857
0.062545131
0.062545403
0.062545675
0.062545945
0.062546215
0.062546483
0.062546751
0.062547019
0.062547286
0.062547553
0.062547819
0.062548085
0.06254835
0.062548615
0.062548879
0.062549143
0.062549406
0.062549668
0.062549929
0.062550189
0.062550448
0.062550706
0.062550963
0.062551219
0.062551473
0.062551726
0.062551977
0.062552227
0.062552475
0.062552721
0.062552966
0.06255321
0.062553451
0.062553691
0.062553931
0.062554169
0.062554406
0.062554643
0.06255488
0.062555117
0.14285714
0.14285714
0.14285702
0.14285543
0.14284554
0.1428076
0.1427026
0.14247321
0.14205303
0.14138006
0.14040873
0.13911679
0.13750642
0.13560093
0.13343916
0.13106928
0.12854328
0.12591258
0.12322508
0.12052327
0.11784341
0.1152153
0.1126626
0.11020332
0.10785055
0.10561318
0.10349655
0.10150318
0.099633272
0.097885264
0.096256229
0.094742232
0.093338621
0.09204026
0.090841717
0.08973741
0.088721723
0.08778909
0.086934065
0.086151371
0.085435928
0.084782884
0.084187621
0.083645773
0.083153217
0.082706081
0.082300736
0.081933786
0.081602066
0.081302627
0.08103273
0.080789833
0.080571582
0.0803758
0.080200476
0.080043754
0.079903926
0.07977942
0.079668791
0.079570714
0.079483972
0.079407454
0.079340141
0.079281103
0.079229492
0.079184536
0.07914553
0.079111836
0.079082872
0.079058113
0.079037081
0.079019346
0.079004517
0.078992246
0.078982214
0.078974139
0.078967766
0.078962866
0.078959236
0.078956693
0.078954871
0.078953763
0.078953318
0.078953423
0.07895398
0.078954902
0.078956111
0.078957541
0.078959133
0.078960838
0.078962611
0.078964416
0.078966219
0.078967995
0.078969721
0.078971378
0.078972951
0.078974427
0.078975796
0.078977052
0.078978189
0.078979203
0.078980091
0.078980854
0.078981491
0.078982003
0.078982392
0.078982661
0.078982812
0.078982849
0.078982776
0.078982597
0.078982316
0.078981938
0.078981466
0.078980906
0.078980261
0.078979536
0.078978736
0.078977864
0.078976926
0.078975924
0.078974863
0.078973746
0.078972578
0.078971361
0.078970099
0.078968795
0.078967453
0.078966074
0.078964661
0.078963218
0.078961746
0.078960248
0.078958726
0.078957181
0.078955617
0.078954034
0.078952434
0.078950818
0.078949189
0.078947546
0.078945893
0.078944229
0.078942556
0.078940874
0.078939185
0.078937489
0.078935788
0.078934081
0.078932369
0.078930654
0.078928935
0.078927213
0.078925488
0.078923761
0.078922033
0.078920303
0.078918571
0.078916838
0.078915105
0.078913371
0.078911636
0.078909901
0.078908166
0.07890643
0.078904695
0.078902959
0.078901224
0.078899488
0.078897753
0.078896017
0.078894282
0.078892546
0.078890811
0.078889075
0.07888734
0.078885604
0.078883867
0.078882131
0.078880393
0.078878656
0.078876917
0.078875178
0.078873438
0.078871697
0.078869955
0.078868212
0.078866468
0.078864723
0.078862976
0.078861229
0.078859481
0.078857731
0.078855982
0.078854231
0.078852481
0.07885073
0.07884898
0.078847234
0.14285752
0.14285811
0.14285872
0.14285895
0.1428571
0.14284723
0.14281515
0.1427357
0.14257369
0.14228875
0.14184227
0.14120371
0.14035491
0.13929146
0.13802186
0.13656507
0.13494746
0.13319969
0.13135402
0.12944217
0.12749382
0.12553568
0.12359092
0.12167907
0.11981609
0.11801455
0.11628403
0.11463142
0.11306133
0.11157644
0.11017783
0.10886529
0.10763757
0.10649261
0.10542774
0.10443984
0.10352548
0.102681
0.10190266
0.10118665
0.10052918
0.099926529
0.099375054
0.098871239
0.098411703
0.097993215
0.097612702
0.097267254
0.096954125
0.096670732
0.096414654
0.096183625
0.095975532
0.095788408
0.095620425
0.095469889
0.095335231
0.095215003
0.095107868
0.095012596
0.094928054
0.094853204
0.094787092
0.094728847
0.094677671
0.094632836
0.094593678
0.094559593
0.094530031
0.094504494
0.094482529
0.094463728
0.094447719
0.094434169
0.094422777
0.094413272
0.094405411
0.094398976
0.094393772
0.094389625
0.094386378
0.094383618
0.094381458
0.094379799
0.094378553
0.094377642
0.094376997
0.09437656
0.094376277
0.094376105
0.094376003
0.094375938
0.094375882
0.09437581
0.094375702
0.094375541
0.094375313
0.094375006
0.094374611
0.094374122
0.094373533
0.094372841
0.094372043
0.094371138
0.094370127
0.094369009
0.094367786
0.09436646
0.094365034
0.09436351
0.094361892
0.094360183
0.094358386
0.094356505
0.094354543
0.094352506
0.094350396
0.094348217
0.094345973
0.094343667
0.094341304
0.094338886
0.094336417
0.094333901
0.09433134
0.094328737
0.094326096
0.094323418
0.094320707
0.094317965
0.094315194
0.094312397
0.094309576
0.094306732
0.094303868
0.094300984
0.094298084
0.094295168
0.094292238
0.094289295
0.094286341
0.094283376
0.094280401
0.094277418
0.094274427
0.09427143
0.094268427
0.094265419
0.094262406
0.094259389
0.094256369
0.094253345
0.09425032
0.094247292
0.094244263
0.094241232
0.094238201
0.094235168
0.094232135
0.094229102
0.094226069
0.094223036
0.094220003
0.094216971
0.094213938
0.094210906
0.094207875
0.094204844
0.094201814
0.094198784
0.094195756
0.094192727
0.0941897
0.094186673
0.094183646
0.09418062
0.094177595
0.094174569
0.094171544
0.09416852
0.094165495
0.094162471
0.094159446
0.094156422
0.094153397
0.094150372
0.094147346
0.09414432
0.094141294
0.094138267
0.09413524
0.094132213
0.094129185
0.094126157
0.094123129
0.094120101
0.094117074
0.094114047
0.094111021
0.094108001
0.14308463
0.14326361
0.14337792
0.14342899
0.14342889
0.14339235
0.14332998
0.14324379
0.14312568
0.14295875
0.14272075
0.14238851
0.14194199
0.1413672
0.14065764
0.13981443
0.13884538
0.13776363
0.13658595
0.13533118
0.1340189
0.1326683
0.13129744
0.12992269
0.12855847
0.12721712
0.12590889
0.12464206
0.12342306
0.1222567
0.12114634
0.12009409
0.11910099
0.11816721
0.1172922
0.11647482
0.11571349
0.11500624
0.1143509
0.11374507
0.11318625
0.11267188
0.11219937
0.11176616
0.11136971
0.11100756
0.11067733
0.11037672
0.11010354
0.10985571
0.10963126
0.10942832
0.10924513
0.10908007
0.10893159
0.10879826
0.10867876
0.10857184
0.10847636
0.10839127
0.10831559
0.10824841
0.10818893
0.10813637
0.10809004
0.10804932
0.10801361
0.10798239
0.10795518
0.10793154
0.10791108
0.10789342
0.10787825
0.10786528
0.10785423
0.10784486
0.10783697
0.10783036
0.10782485
0.10782029
0.10781655
0.10781327
0.10781051
0.10780818
0.10780621
0.10780454
0.10780309
0.10780183
0.10780072
0.1077997
0.10779875
0.10779784
0.10779695
0.10779605
0.10779513
0.10779417
0.10779316
0.10779209
0.10779095
0.10778974
0.10778844
0.10778707
0.10778561
0.10778407
0.10778244
0.10778072
0.10777892
0.10777704
0.10777507
0.10777303
0.10777091
0.10776871
0.10776644
0.10776411
0.10776171
0.10775924
0.10775672
0.10775414
0.10775151
0.10774883
0.1077461
0.10774332
0.10774051
0.10773765
0.10773476
0.10773184
0.10772888
0.1077259
0.10772289
0.10771985
0.10771679
0.10771371
0.1077106
0.10770749
0.10770435
0.1077012
0.10769804
0.10769486
0.10769167
0.10768847
0.10768527
0.10768205
0.10767883
0.1076756
0.10767237
0.10766913
0.10766589
0.10766264
0.10765939
0.10765614
0.10765289
0.10764963
0.10764638
0.10764312
0.10763986
0.1076366
0.10763334
0.10763009
0.10762683
0.10762357
0.10762031
0.10761706
0.1076138
0.10761055
0.10760729
0.10760404
0.10760079
0.10759754
0.10759429
0.10759105
0.1075878
0.10758456
0.10758131
0.10757807
0.10757483
0.10757159
0.10756835
0.10756511
0.10756188
0.10755864
0.10755541
0.10755217
0.10754894
0.10754571
0.10754247
0.10753924
0.10753601
0.10753278
0.10752955
0.10752632
0.10752309
0.10751986
0.10751663
0.1075134
0.10751017
0.10750695
0.10750372
0.10750049
0.10749727
0.10749405
0.28150219
0.27071587
0.25569417
0.23885306
0.222153
0.2068834
0.19369575
0.18276095
0.17394947
0.16698016
0.16152172
0.15725226
0.15388849
0.15119602
0.14898927
0.14712634
0.14550196
0.14404038
0.14268882
0.14141189
0.14018703
0.13900093
0.13784664
0.13672152
0.13562564
0.13456065
0.13352896
0.13253323
0.13157598
0.1306594
0.12978521
0.12895464
0.12816838
0.12742666
0.12672925
0.12607554
0.12546459
0.12489519
0.12436592
0.12387516
0.1234212
0.12300223
0.1226164
0.12226183
0.12193664
0.12163899
0.12136707
0.12111911
0.12089343
0.12068839
0.12050244
0.12033412
0.12018203
0.12004485
0.11992134
0.11981037
0.11971083
0.11962174
0.11954216
0.11947121
0.11940811
0.11935211
0.11930253
0.11925874
0.11922018
0.11918631
0.11915665
0.11913077
0.11910826
0.11908876
0.11907193
0.11905747
0.11904512
0.11903463
0.11902576
0.11901833
0.11901214
0.11900705
0.1190029
0.11899956
0.11899692
0.11899471
0.11899297
0.1189916
0.11899056
0.11898978
0.11898922
0.11898882
0.11898856
0.11898838
0.11898828
0.11898822
0.11898817
0.11898813
0.11898807
0.11898799
0.11898786
0.11898769
0.11898747
0.11898718
0.11898683
0.11898641
0.11898591
0.11898535
0.11898472
0.11898401
0.11898323
0.11898238
0.11898146
0.11898048
0.11897943
0.11897831
0.11897714
0.1189759
0.11897461
0.11897327
0.11897188
0.11897043
0.11896895
0.11896742
0.11896585
0.11896424
0.11896259
0.11896091
0.11895921
0.11895747
0.1189557
0.11895391
0.1189521
0.11895026
0.11894841
0.11894653
0.11894464
0.11894273
0.11894081
0.11893888
0.11893694
0.11893498
0.11893302
0.11893104
0.11892906
0.11892707
0.11892508
0.11892308
0.11892107
0.11891907
0.11891705
0.11891504
0.11891302
0.118911
0.11890898
0.11890696
0.11890493
0.11890291
0.11890088
0.11889886
0.11889683
0.11889481
0.11889278
0.11889076
0.11888873
0.11888671
0.11888469
0.11888267
0.11888065
0.11887863
0.11887661
0.1188746
0.11887258
0.11887057
0.11886855
0.11886654
0.11886453
0.11886252
0.11886052
0.11885851
0.1188565
0.1188545
0.11885249
0.11885049
0.11884849
0.11884649
0.11884449
0.11884249
0.11884049
0.11883849
0.11883649
0.11883449
0.1188325
0.1188305
0.1188285
0.11882651
0.11882451
0.11882252
0.11882052
0.11881853
0.11881654
0.11881454
0.11881255
0.11881057
0.28559776
0.28451198
0.28131779
0.27529985
0.26646584
0.25543838
0.24314881
0.23053789
0.21836602
0.20714257
0.19713791
0.18843544
0.18099256
0.17469403
0.16939169
0.16493089
0.16116596
0.157968
0.15522769
0.15285505
0.15077773
0.1489385
0.14729275
0.14580602
0.14445192
0.14321026
0.14206568
0.14100639
0.14002329
0.13910926
0.13825864
0.13746678
0.13672978
0.13604427
0.13540725
0.13481598
0.13426791
0.13376062
0.13329179
0.13285922
0.13246075
0.1320943
0.13175788
0.13144955
0.13116745
0.13090978
0.13067485
0.13046102
0.13026673
0.13009051
0.12993098
0.12978682
0.1296568
0.12953975
0.1294346
0.12934033
0.129256
0.12918075
0.12911375
0.12905425
0.12900156
0.12895504
0.1289141
0.12887819
0.12884683
0.12881954
0.12879593
0.1287756
0.12875821
0.12874344
0.128731
0.12872064
0.12871211
0.12870521
0.12869974
0.12869552
0.1286924
0.12869024
0.12868891
0.1286883
0.1286883
0.12868882
0.12868969
0.12869097
0.12869258
0.12869448
0.1286966
0.1286989
0.12870134
0.12870388
0.1287065
0.12870917
0.12871185
0.12871455
0.12871723
0.12871988
0.1287225
0.12872507
0.12872759
0.12873004
0.12873243
0.12873475
0.128737
0.12873917
0.12874127
0.1287433
0.12874525
0.12874713
0.12874893
0.12875067
0.12875234
0.12875394
0.12875548
0.12875696
0.12875838
0.12875974
0.12876105
0.12876231
0.12876353
0.12876469
0.12876582
0.1287669
0.12876794
0.12876895
0.12876993
0.12877087
0.12877178
0.12877267
0.12877353
0.12877437
0.12877518
0.12877598
0.12877675
0.12877751
0.12877825
0.12877898
0.12877969
0.12878039
0.12878108
0.12878176
0.12878243
0.12878309
0.12878375
0.12878439
0.12878503
0.12878567
0.12878629
0.12878692
0.12878754
0.12878815
0.12878876
0.12878937
0.12878998
0.12879059
0.12879119
0.12879179
0.12879239
0.12879299
0.12879358
0.12879418
0.12879477
0.12879537
0.12879596
0.12879655
0.12879715
0.12879774
0.12879833
0.12879892
0.12879951
0.1288001
0.1288007
0.12880129
0.12880188
0.12880247
0.12880306
0.12880365
0.12880424
0.12880483
0.12880542
0.12880601
0.1288066
0.12880719
0.12880777
0.12880836
0.12880895
0.12880953
0.12881012
0.1288107
0.12881128
0.12881187
0.12881245
0.12881303
0.12881361
0.12881419
0.12881477
0.12881534
0.12881592
0.1288165
0.12881708
0.12881766
0.28571123
0.2856294
0.28518096
0.28386087
0.28112225
0.27659925
0.27023671
0.26228259
0.25318587
0.24346833
0.23361982
0.22403632
0.214998
0.20667451
0.1991446
0.19242001
0.18646797
0.18122946
0.17663281
0.172603
0.16906745
0.16595931
0.16321903
0.1607947
0.15864184
0.15672271
0.15500555
0.15346368
0.1520748
0.15082018
0.14968409
0.14865325
0.14771637
0.14686381
0.14608725
0.14537948
0.14473418
0.14414577
0.14360931
0.14312034
0.14267489
0.14226932
0.14190035
0.14156497
0.14126042
0.14098417
0.14073388
0.14050741
0.14030277
0.14011813
0.1399518
0.13980222
0.13966794
0.13954764
0.13944007
0.13934412
0.13925873
0.13918294
0.13911587
0.1390567
0.1390047
0.13895916
0.13891947
0.13888505
0.13885537
0.13882996
0.13880837
0.13879022
0.13877512
0.13876276
0.13875284
0.13874507
0.13873922
0.13873507
0.1387324
0.13873105
0.13873084
0.13873164
0.1387333
0.13873571
0.13873877
0.13874239
0.13874641
0.13875095
0.13875592
0.13876125
0.13876687
0.13877271
0.13877874
0.1387849
0.13879116
0.13879748
0.13880383
0.13881019
0.13881653
0.13882285
0.13882912
0.13883533
0.13884148
0.13884754
0.13885353
0.13885943
0.13886524
0.13887095
0.13887658
0.13888211
0.13888754
0.13889289
0.13889814
0.13890331
0.13890838
0.13891338
0.13891829
0.13892313
0.13892789
0.13893258
0.1389372
0.13894176
0.13894625
0.13895069
0.13895507
0.13895939
0.13896367
0.1389679
0.13897208
0.13897623
0.13898033
0.1389844
0.13898844
0.13899244
0.13899641
0.13900036
0.13900428
0.13900817
0.13901204
0.1390159
0.13901973
0.13902354
0.13902734
0.13903112
0.13903489
0.13903865
0.13904239
0.13904612
0.13904984
0.13905355
0.13905726
0.13906095
0.13906464
0.13906832
0.13907199
0.13907566
0.13907932
0.13908297
0.13908662
0.13909027
0.13909391
0.13909755
0.13910118
0.13910482
0.13910844
0.13911207
0.13911569
0.13911931
0.13912292
0.13912653
0.13913014
0.13913375
0.13913736
0.13914096
0.13914456
0.13914816
0.13915175
0.13915535
0.13915894
0.13916253
0.13916611
0.13916969
0.13917328
0.13917685
0.13918043
0.139184
0.13918757
0.13919114
0.1391947
0.13919826
0.13920182
0.13920538
0.13920893
0.13921248
0.13921603
0.13921957
0.13922311
0.13922665
0.13923018
0.13923371
0.13923724
0.13924077
0.1392443
0.13924782
0.28571421
0.28570879
0.28565733
0.28543147
0.2847903
0.28342136
0.28103187
0.27743918
0.2726181
0.26669541
0.25990698
0.25254174
0.2448914
0.23721531
0.22972197
0.22256386
0.21584113
0.20960985
0.20389184
0.19868413
0.19396701
0.18971052
0.18587925
0.18243576
0.17934287
0.1765651
0.17406946
0.17182585
0.16980715
0.16798914
0.16635034
0.16487173
0.16353651
0.16232989
0.16123877
0.16025159
0.15935813
0.15854927
0.15781692
0.15715387
0.15655364
0.15601043
0.15551902
0.1550747
0.1546732
0.15431067
0.15398361
0.15368883
0.15342344
0.1531848
0.1529705
0.15277834
0.15260632
0.15245258
0.15231547
0.15219344
0.1520851
0.15198915
0.15190443
0.15182986
0.15176448
0.15170737
0.15165774
0.15161483
0.15157797
0.15154653
0.15151997
0.15149776
0.15147945
0.1514646
0.15145285
0.15144384
0.15143727
0.15143284
0.1514303
0.15142944
0.15143002
0.15143188
0.15143485
0.15143877
0.15144351
0.15144896
0.15145491
0.15146154
0.15146876
0.15147645
0.15148453
0.15149292
0.15150155
0.15151036
0.15151931
0.15152834
0.15153742
0.15154652
0.1515556
0.15156464
0.15157363
0.15158255
0.15159138
0.15160011
0.15160874
0.15161726
0.15162566
0.15163394
0.1516421
0.15165014
0.15165806
0.15166585
0.15167353
0.1516811
0.15168855
0.15169589
0.15170313
0.15171027
0.1517173
0.15172425
0.1517311
0.15173787
0.15174456
0.15175117
0.1517577
0.15176417
0.15177057
0.15177691
0.15178319
0.15178942
0.15179559
0.15180172
0.1518078
0.15181384
0.15181983
0.1518258
0.15183172
0.15183762
0.15184348
0.15184932
0.15185513
0.15186091
0.15186667
0.15187242
0.15187814
0.15188384
0.15188953
0.1518952
0.15190086
0.1519065
0.15191213
0.15191775
0.15192336
0.15192895
0.15193454
0.15194012
0.15194569
0.15195125
0.1519568
0.15196235
0.15196789
0.15197343
0.15197896
0.15198448
0.15199
0.15199551
0.15200102
0.15200652
0.15201202
0.15201751
0.152023
0.15202848
0.15203396
0.15203944
0.15204491
0.15205038
0.15205584
0.1520613
0.15206676
0.15207221
0.15207766
0.1520831
0.15208854
0.15209397
0.1520994
0.15210483
0.15211025
0.15211566
0.15212108
0.15212648
0.15213189
0.15213728
0.15214267
0.15214806
0.15215345
0.15215882
0.1521642
0.15216957
0.15217493
0.15218029
0.15218565
0.152191
0.15219635
0.15220169
0.28571428
0.28571396
0.28570879
0.28567604
0.28555177
0.28521474
0.28449453
0.28320564
0.28119271
0.278367
0.27472251
0.27033062
0.2653203
0.25985284
0.254098
0.24821594
0.24234572
0.23659988
0.23106354
0.22579642
0.22083639
0.21620363
0.21190465
0.20793587
0.2042867
0.20094192
0.19788356
0.19509225
0.19254824
0.19023208
0.18812503
0.18620938
0.18446854
0.18288715
0.18145109
0.18014737
0.17896416
0.17789064
0.17691699
0.17603425
0.17523429
0.1745097
0.17385375
0.17326032
0.17272382
0.17223916
0.17180173
0.17140729
0.17105199
0.17073231
0.17044503
0.17018723
0.16995622
0.16974954
0.16956497
0.16940045
0.16925411
0.16912424
0.16900928
0.16890781
0.16881851
0.16874022
0.16867183
0.16861236
0.16856092
0.16851668
0.1684789
0.1684469
0.16842006
0.16839783
0.1683797
0.16836522
0.16835396
0.16834556
0.16833968
0.16833601
0.16833428
0.16833424
0.16833567
0.16833837
0.16834218
0.16834692
0.16835229
0.16835851
0.16836544
0.16837297
0.16838097
0.16838937
0.16839807
0.168407
0.16841611
0.16842532
0.1684346
0.16844391
0.16845322
0.16846248
0.16847168
0.1684808
0.16848982
0.16849873
0.16850752
0.16851617
0.16852469
0.16853307
0.16854131
0.16854941
0.16855736
0.16856517
0.16857284
0.16858037
0.16858777
0.16859504
0.16860218
0.16860921
0.16861611
0.16862291
0.1686296
0.16863619
0.16864268
0.16864908
0.16865539
0.16866162
0.16866777
0.16867385
0.16867986
0.16868581
0.16869169
0.16869752
0.16870329
0.16870901
0.16871469
0.16872032
0.16872591
0.16873146
0.16873698
0.16874246
0.16874792
0.16875334
0.16875874
0.16876411
0.16876946
0.16877479
0.1687801
0.1687854
0.16879067
0.16879593
0.16880118
0.16880641
0.16881163
0.16881684
0.16882203
0.16882722
0.1688324
0.16883757
0.16884273
0.16884788
0.16885303
0.16885817
0.1688633
0.16886843
0.16887355
0.16887866
0.16888377
0.16888888
0.16889398
0.16889907
0.16890416
0.16890925
0.16891433
0.16891941
0.16892448
0.16892955
0.16893462
0.16893968
0.16894473
0.16894979
0.16895483
0.16895988
0.16896492
0.16896995
0.16897498
0.16898001
0.16898503
0.16899004
0.16899505
0.16900006
0.16900506
0.16901006
0.16901505
0.16902003
0.16902501
0.16902999
0.16903496
0.16903992
0.16904488
0.16904984
0.16905479
0.16905974
0.16906468
0.16906962
0.28571429
0.28571427
0.2857138
0.28570962
0.28568879
0.285618
0.28543477
0.28504781
0.2843492
0.2832347
0.28162427
0.27947628
0.27679245
0.27361405
0.27001253
0.26607788
0.2619074
0.25759664
0.25323299
0.24889188
0.24463523
0.24051135
0.23655597
0.23279379
0.22924019
0.22590306
0.22278436
0.21988161
0.21718904
0.21469859
0.21240069
0.21028485
0.20834014
0.20655551
0.20492004
0.20342313
0.20205459
0.20080472
0.19966439
0.19862498
0.19767846
0.19681734
0.19603463
0.19532388
0.19467911
0.19409478
0.19356579
0.19308741
0.19265529
0.19226545
0.19191418
0.19159811
0.1913141
0.1910593
0.19083107
0.190627
0.19044486
0.19028264
0.19013845
0.19001061
0.18989754
0.18979782
0.18971014
0.18963332
0.18956626
0.18950798
0.18945757
0.18941421
0.18937715
0.18934573
0.18931932
0.18929736
0.18927935
0.18926484
0.18925342
0.1892447
0.18923837
0.18923411
0.18923167
0.18923079
0.18923127
0.18923291
0.18923553
0.18923886
0.18924298
0.18924773
0.18925302
0.18925874
0.18926479
0.18927111
0.18927761
0.18928425
0.18929097
0.18929773
0.18930449
0.18931122
0.18931789
0.18932448
0.18933097
0.18933735
0.18934361
0.18934973
0.18935572
0.18936156
0.18936725
0.1893728
0.18937819
0.18938344
0.18938855
0.18939352
0.18939834
0.18940303
0.1894076
0.18941203
0.18941635
0.18942055
0.18942464
0.18942862
0.18943251
0.1894363
0.18944
0.18944361
0.18944714
0.1894506
0.18945399
0.18945731
0.18946056
0.18946376
0.1894669
0.18947
0.18947304
0.18947604
0.189479
0.18948192
0.1894848
0.18948765
0.18949047
0.18949326
0.18949602
0.18949877
0.18950148
0.18950418
0.18950686
0.18950952
0.18951217
0.1895148
0.18951741
0.18952002
0.18952261
0.18952519
0.18952777
0.18953033
0.18953289
0.18953544
0.18953798
0.18954051
0.18954304
0.18954557
0.18954809
0.1895506
0.18955311
0.18955562
0.18955812
0.18956062
0.18956311
0.1895656
0.18956809
0.18957058
0.18957306
0.18957554
0.18957801
0.18958049
0.18958296
0.18958543
0.18958789
0.18959036
0.18959281
0.18959527
0.18959772
0.18960017
0.18960262
0.18960506
0.1896075
0.18960994
0.18961237
0.1896148
0.18961723
0.18961965
0.18962207
0.18962448
0.18962689
0.18962929
0.1896317
0.18963409
0.18963649
0.18963888
0.18964127
0.18964365
0.18964604
0.18964842
0.28571429
0.28571428
0.28571425
0.28571377
0.28571067
0.28569765
0.28565718
0.28555701
0.28534915
0.28497407
0.28436917
0.28347896
0.28226383
0.28070528
0.2788072
0.27659354
0.27410391
0.27138815
0.2685011
0.26549807
0.26243156
0.25934889
0.256291
0.25329196
0.25037902
0.24757311
0.24488948
0.24233852
0.23992648
0.23765625
0.23552804
0.23353997
0.23168852
0.22996905
0.22837606
0.2269035
0.22554502
0.22429407
0.22314413
0.22208872
0.22112156
0.22023653
0.2194278
0.21868979
0.21801722
0.21740509
0.2168487
0.21634365
0.2158858
0.21547131
0.21509659
0.21475831
0.21445336
0.21417887
0.2139322
0.21371088
0.21351265
0.21333541
0.21317725
0.21303639
0.21291122
0.21280023
0.21270205
0.21261545
0.21253926
0.21247245
0.21241406
0.21236322
0.21231913
0.21228108
0.2122484
0.21222052
0.21219688
0.212177
0.21216044
0.21214681
0.21213575
0.21212693
0.21212007
0.2121149
0.2121112
0.21210876
0.2121074
0.21210673
0.2121068
0.21210749
0.21210868
0.21211029
0.21211222
0.2121144
0.21211678
0.21211929
0.21212188
0.21212452
0.21212717
0.21212979
0.21213238
0.21213489
0.21213732
0.21213965
0.21214188
0.21214398
0.21214596
0.21214782
0.21214954
0.21215113
0.21215259
0.21215391
0.2121551
0.21215617
0.21215711
0.21215793
0.21215864
0.21215922
0.21215971
0.21216008
0.21216036
0.21216054
0.21216063
0.21216064
0.21216056
0.21216041
0.21216018
0.21215989
0.21215953
0.21215911
0.21215864
0.21215812
0.21215754
0.21215692
0.21215626
0.21215556
0.21215482
0.21215405
0.21215324
0.21215241
0.21215155
0.21215067
0.21214977
0.21214884
0.2121479
0.21214693
0.21214596
0.21214496
0.21214396
0.21214294
0.21214192
0.21214088
0.21213983
0.21213878
0.21213772
0.21213665
0.21213558
0.2121345
0.21213342
0.21213233
0.21213124
0.21213015
0.21212905
0.21212795
0.21212685
0.21212575
0.21212465
0.21212354
0.21212244
0.21212133
0.21212022
0.21211911
0.21211799
0.21211688
0.21211577
0.21211465
0.21211354
0.21211242
0.2121113
0.21211019
0.21210907
0.21210795
0.21210682
0.2121057
0.21210458
0.21210345
0.21210232
0.21210119
0.21210006
0.21209893
0.21209779
0.21209665
0.21209551
0.21209437
0.21209323
0.21209208
0.21209093
0.21208979
0.21208863
0.21208748
0.21208633
0.21208517
0.21208402
0.21208287
0.28571429
0.28571429
0.28571428
0.28571423
0.28571382
0.28571169
0.28570379
0.28568103
0.28562701
0.28551719
0.28532017
0.28500114
0.28452648
0.28386837
0.28300828
0.28193882
0.28066387
0.27919734
0.27756106
0.27578226
0.27389119
0.27191891
0.26989557
0.26784922
0.26580498
0.26378458
0.26180629
0.25988494
0.25803215
0.25625667
0.25456467
0.25296012
0.25144514
0.25002034
0.24868504
0.24743762
0.24627565
0.24519616
0.24419575
0.24327072
0.2424172
0.24163123
0.24090884
0.24024606
0.23963903
0.23908399
0.2385773
0.23811548
0.23769521
0.23731335
0.23696691
0.23665309
0.23636926
0.23611294
0.23588183
0.23567378
0.2354868
0.23531903
0.23516876
0.2350344
0.23491448
0.23480766
0.23471269
0.23462843
0.23455383
0.23448794
0.23442987
0.23437883
0.23433409
0.23429497
0.23426088
0.23423126
0.23420561
0.23418348
0.23416447
0.2341482
0.23413434
0.23412259
0.23411268
0.23410437
0.23409744
0.2340917
0.23408698
0.2340829
0.23407944
0.23407648
0.23407395
0.23407176
0.23406984
0.23406814
0.23406661
0.23406519
0.23406384
0.23406254
0.23406126
0.23405996
0.23405864
0.23405726
0.23405582
0.23405431
0.23405271
0.23405103
0.23404924
0.23404736
0.23404537
0.23404328
0.23404109
0.23403879
0.23403639
0.23403389
0.23403129
0.23402859
0.2340258
0.23402292
0.23401996
0.23401691
0.23401378
0.23401058
0.23400731
0.23400397
0.23400057
0.2339971
0.23399358
0.23399001
0.23398638
0.23398271
0.23397899
0.23397524
0.23397144
0.23396761
0.23396375
0.23395986
0.23395593
0.23395199
0.23394801
0.23394402
0.23394001
0.23393598
0.23393193
0.23392786
0.23392378
0.23391969
0.23391559
0.23391148
0.23390736
0.23390323
0.23389909
0.23389495
0.2338908
0.23388664
0.23388249
0.23387832
0.23387416
0.23386999
0.23386582
0.23386165
0.23385747
0.2338533
0.23384912
0.23384494
0.23384077
0.23383659
0.23383241
0.23382824
0.23382406
0.23381988
0.23381571
0.23381153
0.23380736
0.23380318
0.23379901
0.23379483
0.23379066
0.23378648
0.23378231
0.23377814
0.23377397
0.2337698
0.23376562
0.23376145
0.23375728
0.23375311
0.23374894
0.23374476
0.23374059
0.23373642
0.23373225
0.23372807
0.2337239
0.23371972
0.23371555
0.23371137
0.23370719
0.23370302
0.23369884
0.23369466
0.23369048
0.23368631
0.23368213
0.23367796
0.28571429
0.28571429
0.28571429
0.28571429
0.28571425
0.28571394
0.28571257
0.28570798
0.28569558
0.28566727
0.28561093
0.2855108
0.28534875
0.28510629
0.28476673
0.28431712
0.28374952
0.28306162
0.2822566
0.28134247
0.28033113
0.27923716
0.27807676
0.27686672
0.27562357
0.27436297
0.27309927
0.27184518
0.27061171
0.2694081
0.26824186
0.26711894
0.2660438
0.26501963
0.26404847
0.26313139
0.26226866
0.26145987
0.26070405
0.25999982
0.25934544
0.25873892
0.25817812
0.25766074
0.25718445
0.25674687
0.25634563
0.25597839
0.25564289
0.25533692
0.25505834
0.25480514
0.25457537
0.25436721
0.25417892
0.25400888
0.25385557
0.25371755
0.25359349
0.25348217
0.25338244
0.25329323
0.25321356
0.25314253
0.25307931
0.25302313
0.25297329
0.25292915
0.25289012
0.25285566
0.25282529
0.25279856
0.25277507
0.25275446
0.25273638
0.25272055
0.25270669
0.25269456
0.25268394
0.25267463
0.25266646
0.25265926
0.25265291
0.25264711
0.25264175
0.25263676
0.25263207
0.25262764
0.25262341
0.25261934
0.2526154
0.25261154
0.25260774
0.25260398
0.25260023
0.25259648
0.25259271
0.25258891
0.25258507
0.25258118
0.25257724
0.25257323
0.25256916
0.25256502
0.25256081
0.25255653
0.25255218
0.25254775
0.25254326
0.25253869
0.25253406
0.25252936
0.2525246
0.25251977
0.25251489
0.25250995
0.25250495
0.2524999
0.2524948
0.25248966
0.25248447
0.25247924
0.25247397
0.25246866
0.25246332
0.25245795
0.25245255
0.25244712
0.25244166
0.25243618
0.25243068
0.25242515
0.25241961
0.25241405
0.25240847
0.25240288
0.25239728
0.25239167
0.25238604
0.2523804
0.25237476
0.2523691
0.25236345
0.25235778
0.25235211
0.25234643
0.25234075
0.25233507
0.25232938
0.25232369
0.252318
0.25231231
0.25230661
0.25230092
0.25229522
0.25228953
0.25228383
0.25227814
0.25227244
0.25226675
0.25226106
0.25225536
0.25224967
0.25224398
0.2522383
0.25223261
0.25222692
0.25222124
0.25221556
0.25220987
0.25220419
0.25219851
0.25219284
0.25218716
0.25218149
0.25217581
0.25217014
0.25216447
0.2521588
0.25215313
0.25214746
0.2521418
0.25213613
0.25213047
0.2521248
0.25211914
0.25211348
0.25210781
0.25210215
0.25209649
0.25209083
0.25208517
0.25207951
0.25207385
0.25206819
0.25206254
0.25205688
0.25205123
0.25204558
0.25203993
0.28571468
0.28571539
0.28571632
0.28571733
0.28571832
0.28571915
0.28571966
0.28571936
0.28571717
0.28571087
0.28569666
0.28566885
0.28561996
0.28554118
0.2854232
0.2852571
0.28503536
0.28475251
0.28440564
0.2839945
0.2835214
0.28299088
0.28240927
0.28178412
0.28112377
0.28043687
0.27973198
0.27901728
0.27830034
0.27758799
0.27688622
0.27620014
0.27553401
0.27489126
0.27427457
0.27368588
0.27312656
0.27259741
0.27209875
0.27163053
0.27119237
0.2707836
0.27040335
0.2700506
0.26972418
0.26942286
0.26914534
0.2688903
0.26865638
0.26844228
0.26824667
0.26806829
0.26790592
0.26775836
0.26762449
0.26750323
0.26739358
0.26729458
0.26720533
0.26712499
0.26705277
0.26698796
0.26692986
0.26687787
0.26683138
0.26678989
0.26675289
0.26671993
0.26669061
0.26666454
0.26664138
0.26662083
0.26660258
0.26658639
0.26657202
0.26655926
0.26654791
0.2665378
0.26652878
0.26652071
0.26651345
0.2665069
0.26650096
0.26649545
0.26649024
0.26648526
0.2664805
0.2664759
0.26647143
0.26646708
0.26646281
0.26645861
0.26645445
0.26645032
0.2664462
0.26644209
0.26643798
0.26643385
0.2664297
0.26642553
0.26642132
0.26641708
0.26641281
0.26640849
0.26640414
0.26639974
0.2663953
0.26639082
0.2663863
0.26638173
0.26637713
0.26637249
0.26636781
0.2663631
0.26635835
0.26635357
0.26634875
0.26634391
0.26633904
0.26633414
0.26632922
0.26632427
0.2663193
0.26631431
0.2663093
0.26630427
0.26629923
0.26629417
0.2662891
0.26628402
0.26627892
0.26627382
0.2662687
0.26626358
0.26625845
0.26625331
0.26624817
0.26624302
0.26623787
0.26623272
0.26622756
0.2662224
0.26621724
0.26621208
0.26620692
0.26620175
0.26619659
0.26619143
0.26618627
0.26618111
0.26617595
0.2661708
0.26616564
0.26616049
0.26615534
0.2661502
0.26614505
0.26613991
0.26613478
0.26612964
0.26612451
0.26611939
0.26611426
0.26610914
0.26610403
0.26609892
0.26609381
0.2660887
0.2660836
0.26607851
0.26607341
0.26606832
0.26606324
0.26605815
0.26605308
0.266048
0.26604293
0.26603786
0.2660328
0.26602773
0.26602268
0.26601762
0.26601257
0.26600752
0.26600248
0.26599744
0.2659924
0.26598736
0.26598233
0.2659773
0.26597227
0.26596725
0.26596223
0.26595721
0.2659522
0.26594719
0.26594218
0.26593717
0.26593218
0.26592719
0.28595003
0.28616373
0.28634327
0.2864819
0.28657784
0.28663347
0.286654
0.28664608
0.28661657
0.28657156
0.2865157
0.2864518
0.28638071
0.28630148
0.28621166
0.28610781
0.28598609
0.28584276
0.28567467
0.28547959
0.28525641
0.28500517
0.28472703
0.28442413
0.28409935
0.28375616
0.28339836
0.2830299
0.28265471
0.28227657
0.281899
0.28152518
0.28115793
0.28079968
0.28045245
0.28011789
0.27979727
0.27949154
0.27920135
0.27892707
0.27866886
0.27842666
0.27820026
0.27798931
0.27779335
0.27761183
0.27744415
0.27728965
0.27714765
0.27701744
0.27689832
0.27678959
0.27669056
0.27660055
0.27651892
0.27644504
0.27637831
0.27631817
0.27626407
0.27621552
0.27617204
0.27613318
0.27609854
0.27606773
0.27604038
0.27601618
0.27599482
0.27597602
0.27595952
0.27594508
0.2759325
0.27592157
0.27591212
0.27590397
0.27589699
0.27589104
0.275886
0.27588176
0.27587822
0.27587528
0.27587288
0.27587094
0.27586939
0.27586817
0.27586717
0.27586637
0.27586575
0.27586527
0.27586492
0.27586465
0.27586447
0.27586434
0.27586425
0.2758642
0.27586416
0.27586412
0.27586409
0.27586404
0.27586399
0.27586391
0.27586381
0.27586368
0.27586353
0.27586334
0.27586313
0.27586288
0.27586259
0.27586227
0.27586192
0.27586154
0.27586113
0.27586068
0.2758602
0.2758597
0.27585916
0.2758586
0.27585801
0.2758574
0.27585677
0.27585611
0.27585544
0.27585474
0.27585403
0.27585329
0.27585255
0.27585179
0.27585101
0.27585023
0.27584943
0.27584862
0.27584781
0.27584698
0.27584615
0.27584531
0.27584447
0.27584362
0.27584277
0.27584191
0.27584105
0.27584019
0.27583932
0.27583845
0.27583759
0.27583672
0.27583585
0.27583498
0.27583412
0.27583325
0.27583238
0.27583152
0.27583066
0.2758298
0.27582894
0.27582808
0.27582723
0.27582638
0.27582553
0.27582468
0.27582384
0.275823
0.27582216
0.27582133
0.2758205
0.27581967
0.27581885
0.27581803
0.27581722
0.2758164
0.27581559
0.27581479
0.27581399
0.27581319
0.27581239
0.2758116
0.27581081
0.27581003
0.27580924
0.27580846
0.27580769
0.27580692
0.27580615
0.27580538
0.27580462
0.27580386
0.27580311
0.27580235
0.2758016
0.27580086
0.27580011
0.27579937
0.27579863
0.2757979
0.27579716
0.27579643
0.27579571
0.27579498
0.27579426
0.27579355
0.27579283
0.27579213
0.42676914
0.42209198
0.41501881
0.40615144
0.39612956
0.38555681
0.37494907
0.36470773
0.35511451
0.34634172
0.33847119
0.33151606
0.32544167
0.32018337
0.31566042
0.31178612
0.30847461
0.30564519
0.30322463
0.30114824
0.29936001
0.29781223
0.29646474
0.29528417
0.29424298
0.29331861
0.2924927
0.29175037
0.29107955
0.29047052
0.28991537
0.2894077
0.28894226
0.28851474
0.28812153
0.2877596
0.28742636
0.28711956
0.28683721
0.28657755
0.28633897
0.28612002
0.28591933
0.28573566
0.28556783
0.28541474
0.28527534
0.28514866
0.28503379
0.28492984
0.28483599
0.28475149
0.2846756
0.28460764
0.28454697
0.284493
0.28444517
0.28440296
0.28436588
0.28433349
0.28430538
0.28428114
0.28426044
0.28424293
0.28422833
0.28421633
0.2842067
0.2841992
0.28419361
0.28418973
0.28418739
0.28418642
0.28418667
0.28418801
0.28419031
0.28419347
0.28419738
0.28420195
0.2842071
0.28421275
0.28421885
0.28422532
0.28423212
0.2842392
0.28424658
0.28425429
0.28426226
0.28427046
0.28427884
0.28428735
0.28429598
0.28430469
0.28431345
0.28432225
0.28433107
0.28433988
0.28434868
0.28435746
0.28436621
0.28437491
0.28438357
0.28439217
0.28440072
0.28440921
0.28441764
0.284426
0.2844343
0.28444254
0.28445072
0.28445884
0.28446689
0.28447488
0.28448282
0.2844907
0.28449852
0.28450629
0.28451401
0.28452169
0.28452931
0.28453689
0.28454443
0.28455193
0.28455939
0.28456682
0.28457421
0.28458156
0.28458889
0.28459619
0.28460346
0.2846107
0.28461792
0.28462512
0.28463229
0.28463945
0.28464658
0.2846537
0.2846608
0.28466789
0.28467496
0.28468202
0.28468906
0.28469609
0.28470311
0.28471012
0.28471712
0.28472411
0.28473109
0.28473806
0.28474503
0.28475198
0.28475893
0.28476587
0.28477281
0.28477974
0.28478666
0.28479358
0.28480049
0.2848074
0.2848143
0.2848212
0.28482809
0.28483498
0.28484186
0.28484874
0.28485561
0.28486248
0.28486935
0.28487621
0.28488307
0.28488992
0.28489677
0.28490362
0.28491046
0.2849173
0.28492414
0.28493097
0.2849378
0.28494462
0.28495144
0.28495826
0.28496507
0.28497188
0.28497869
0.28498549
0.28499229
0.28499908
0.28500587
0.28501265
0.28501943
0.28502621
0.28503298
0.28503975
0.28504652
0.28505328
0.28506003
0.28506679
0.28507353
0.28508028
0.28508702
0.28509376
0.42855051
0.42835553
0.42772471
0.42637112
0.42406033
0.4206623
0.41616982
0.41068755
0.40440211
0.39754523
0.39035916
0.38307012
0.37587134
0.36891512
0.36231184
0.35613344
0.35041938
0.34518341
0.34042018
0.33611103
0.33222878
0.32874144
0.32561502
0.32281544
0.32030983
0.31806737
0.31605967
0.31426098
0.31264819
0.31120071
0.30990029
0.30873081
0.3076781
0.30672967
0.30587451
0.30510296
0.30440647
0.30377751
0.3032094
0.30269619
0.30223263
0.30181399
0.30143606
0.30109506
0.30078758
0.30051057
0.30026125
0.3000371
0.29983586
0.29965547
0.29949403
0.29934984
0.29922135
0.29910711
0.29900585
0.29891636
0.29883758
0.2987685
0.29870822
0.29865591
0.29861082
0.29857227
0.2985396
0.29851226
0.29848972
0.29847149
0.29845714
0.29844628
0.29843854
0.29843359
0.29843114
0.29843091
0.29843266
0.29843616
0.29844122
0.29844765
0.29845528
0.29846398
0.2984736
0.29848403
0.29849516
0.29850689
0.29851914
0.29853183
0.29854498
0.29855864
0.29857274
0.29858719
0.29860192
0.29861687
0.298632
0.29864725
0.29866259
0.29867797
0.29869338
0.29870878
0.29872415
0.29873948
0.29875475
0.29876995
0.29878507
0.2988001
0.29881503
0.29882986
0.29884459
0.29885921
0.29887372
0.29888813
0.29890243
0.29891663
0.29893072
0.29894472
0.29895861
0.29897241
0.29898611
0.29899973
0.29901326
0.2990267
0.29904007
0.29905336
0.29906658
0.29907973
0.29909281
0.29910583
0.29911878
0.29913168
0.29914453
0.29915732
0.29917007
0.29918277
0.29919542
0.29920804
0.29922061
0.29923315
0.29924565
0.29925811
0.29927055
0.29928295
0.29929533
0.29930767
0.29932
0.29933229
0.29934457
0.29935682
0.29936905
0.29938125
0.29939344
0.29940561
0.29941776
0.2994299
0.29944202
0.29945412
0.2994662
0.29947827
0.29949033
0.29950237
0.2995144
0.29952641
0.29953841
0.2995504
0.29956237
0.29957433
0.29958628
0.29959822
0.29961015
0.29962206
0.29963396
0.29964585
0.29965773
0.2996696
0.29968145
0.2996933
0.29970513
0.29971695
0.29972876
0.29974056
0.29975235
0.29976413
0.2997759
0.29978766
0.2997994
0.29981114
0.29982286
0.29983457
0.29984627
0.29985796
0.29986964
0.29988131
0.29989297
0.29990461
0.29991624
0.29992786
0.29993948
0.29995108
0.29996266
0.29997424
0.29998581
0.29999737
0.30000891
0.30002044
0.4285712
0.42856534
0.42852955
0.42840751
0.42810764
0.42751326
0.42650274
0.42497241
0.42285507
0.42012983
0.41682247
0.41299816
0.40875001
0.40418622
0.3994185
0.39455304
0.38968434
0.38489184
0.38023881
0.37577284
0.37152725
0.3675232
0.36377177
0.36027614
0.35703346
0.35403648
0.35127495
0.34873665
0.34640822
0.34427586
0.3423257
0.3405442
0.33891832
0.33743568
0.33608462
0.33485427
0.33373454
0.33271606
0.33179023
0.33094913
0.33018547
0.32949258
0.32886434
0.32829515
0.32777988
0.32731384
0.32689272
0.32651259
0.32616984
0.32586119
0.3255836
0.32533431
0.3251108
0.32491074
0.32473201
0.32457266
0.32443093
0.32430517
0.3241939
0.32409576
0.3240095
0.32393399
0.32386818
0.32381112
0.32376195
0.32371988
0.32368419
0.32365423
0.32362939
0.32360914
0.32359299
0.32358049
0.32357123
0.32356485
0.32356103
0.32355945
0.32355986
0.323562
0.32356567
0.32357066
0.3235768
0.32358393
0.32359192
0.32360063
0.32360993
0.32361986
0.3236303
0.32364117
0.32365238
0.32366387
0.32367556
0.32368741
0.32369937
0.3237114
0.32372346
0.32373552
0.32374756
0.32375955
0.32377148
0.32378333
0.32379509
0.32380675
0.3238183
0.32382975
0.32384108
0.32385229
0.32386338
0.32387435
0.3238852
0.32389593
0.32390655
0.32391706
0.32392746
0.32393774
0.32394793
0.32395802
0.32396801
0.3239779
0.32398771
0.32399744
0.32400708
0.32401665
0.32402614
0.32403557
0.32404493
0.32405423
0.32406347
0.32407265
0.32408178
0.32409087
0.3240999
0.32410889
0.32411784
0.32412675
0.32413562
0.32414446
0.32415327
0.32416204
0.32417079
0.32417951
0.3241882
0.32419687
0.32420551
0.32421414
0.32422274
0.32423132
0.32423989
0.32424843
0.32425696
0.32426548
0.32427398
0.32428246
0.32429093
0.32429939
0.32430784
0.32431627
0.32432469
0.3243331
0.3243415
0.32434989
0.32435827
0.32436664
0.32437499
0.32438334
0.32439168
0.32440001
0.32440833
0.32441664
0.32442494
0.32443323
0.32444152
0.32444979
0.32445806
0.32446631
0.32447456
0.3244828
0.32449103
0.32449925
0.32450747
0.32451567
0.32452387
0.32453206
0.32454023
0.3245484
0.32455656
0.32456471
0.32457286
0.32458099
0.32458911
0.32459723
0.32460533
0.32461343
0.32462151
0.32462959
0.32463766
0.32464572
0.32465377
0.32466182
0.32466985
0.32467788
0.42857143
0.42857128
0.42856969
0.42856152
0.42853357
0.42846073
0.42830448
0.42801513
0.42753766
0.42681946
0.42581798
0.42450638
0.42287646
0.42093846
0.4187187
0.41625572
0.41359581
0.41078885
0.40788466
0.40493034
0.40196832
0.39903538
0.39616217
0.39337329
0.39068769
0.3881192
0.38567723
0.38336744
0.38119242
0.37915226
0.37724514
0.37546772
0.37381559
0.37228357
0.37086594
0.36955671
0.3683497
0.36723875
0.36621777
0.36528079
0.36442208
0.36363611
0.36291762
0.36226162
0.3616634
0.36111852
0.36062282
0.3601724
0.35976361
0.35939306
0.3590576
0.35875429
0.35848042
0.35823345
0.35801107
0.35781112
0.35763161
0.3574707
0.35732672
0.3571981
0.35708341
0.35698136
0.35689073
0.35681042
0.35673943
0.35667683
0.35662179
0.35657353
0.35653135
0.35649462
0.35646276
0.35643524
0.35641158
0.35639135
0.35637416
0.35635966
0.35634752
0.35633746
0.35632923
0.35632257
0.3563173
0.35631323
0.35631017
0.356308
0.35630645
0.35630545
0.3563049
0.35630472
0.35630485
0.35630522
0.35630578
0.35630649
0.35630731
0.35630819
0.35630911
0.35631005
0.35631098
0.35631188
0.35631275
0.35631355
0.3563143
0.35631497
0.35631556
0.35631607
0.35631649
0.35631682
0.35631706
0.35631721
0.35631727
0.35631724
0.35631712
0.35631692
0.35631664
0.35631627
0.35631582
0.3563153
0.35631471
0.35631405
0.35631333
0.35631254
0.35631169
0.35631079
0.35630984
0.35630884
0.35630779
0.35630669
0.35630556
0.35630438
0.35630318
0.35630193
0.35630066
0.35629936
0.35629803
0.35629668
0.35629531
0.35629391
0.3562925
0.35629107
0.35628962
0.35628816
0.35628668
0.3562852
0.3562837
0.35628219
0.35628067
0.35627915
0.35627761
0.35627608
0.35627453
0.35627298
0.35627143
0.35626987
0.35626831
0.35626675
0.35626518
0.35626361
0.35626204
0.35626047
0.3562589
0.35625733
0.35625575
0.35625418
0.35625261
0.35625103
0.35624946
0.35624789
0.35624631
0.35624474
0.35624317
0.3562416
0.35624003
0.35623845
0.35623688
0.35623531
0.35623374
0.35623218
0.35623061
0.35622904
0.35622747
0.3562259
0.35622434
0.35622277
0.3562212
0.35621963
0.35621807
0.3562165
0.35621493
0.35621336
0.3562118
0.35621023
0.35620866
0.35620709
0.35620552
0.35620395
0.35620238
0.35620081
0.35619925
0.35619768
0.35619611
0.35619455
0.42857143
0.42857143
0.42857137
0.42857093
0.42856891
0.4285621
0.42854395
0.42850335
0.42842423
0.42828627
0.42806672
0.42774291
0.42729491
0.42670781
0.42597316
0.42508957
0.42406244
0.42290306
0.42162727
0.42025405
0.41880404
0.41729834
0.41575749
0.41420068
0.41264526
0.41110645
0.40959722
0.40812828
0.40670822
0.40534365
0.40403941
0.4027988
0.40162377
0.40051516
0.39947288
0.39849606
0.39758326
0.39673253
0.39594161
0.39520794
0.39452883
0.39390145
0.39332294
0.39279042
0.39230104
0.39185202
0.39144066
0.39106434
0.39072055
0.3904069
0.39012114
0.38986109
0.38962475
0.38941021
0.38921568
0.3890395
0.38888011
0.38873606
0.38860602
0.38848872
0.38838303
0.38828788
0.38820228
0.38812534
0.38805622
0.38799416
0.38793847
0.38788849
0.38784366
0.38780344
0.38776733
0.38773491
0.38770577
0.38767954
0.38765589
0.38763454
0.38761519
0.38759763
0.38758162
0.38756696
0.38755349
0.38754104
0.38752947
0.38751866
0.38750838
0.38749844
0.3874888
0.38747939
0.38747018
0.38746114
0.38745222
0.38744341
0.38743466
0.38742597
0.38741732
0.38740868
0.38740005
0.38739141
0.38738275
0.38737407
0.38736535
0.3873566
0.38734781
0.38733897
0.38733009
0.38732117
0.38731219
0.38730316
0.38729409
0.38728497
0.3872758
0.38726659
0.38725733
0.38724803
0.38723869
0.38722931
0.38721989
0.38721044
0.38720095
0.38719143
0.38718189
0.38717231
0.38716271
0.38715308
0.38714344
0.38713377
0.38712408
0.38711438
0.38710466
0.38709492
0.38708518
0.38707542
0.38706565
0.38705588
0.3870461
0.38703631
0.38702651
0.38701671
0.38700691
0.3869971
0.3869873
0.38697749
0.38696768
0.38695787
0.38694806
0.38693825
0.38692845
0.38691864
0.38690884
0.38689905
0.38688925
0.38687947
0.38686968
0.3868599
0.38685012
0.38684035
0.38683059
0.38682083
0.38681107
0.38680132
0.38679158
0.38678185
0.38677212
0.38676239
0.38675267
0.38674296
0.38673326
0.38672356
0.38671387
0.38670418
0.3866945
0.38668483
0.38667516
0.3866655
0.38665585
0.3866462
0.38663656
0.38662692
0.38661729
0.38660766
0.38659805
0.38658843
0.38657883
0.38656922
0.38655963
0.38655004
0.38654046
0.38653088
0.3865213
0.38651174
0.38650217
0.38649262
0.38648307
0.38647352
0.38646398
0.38645445
0.38644492
0.3864354
0.38642589
0.38641639
0.42857143
0.42857143
0.42857143
0.42857141
0.42857129
0.42857079
0.42856915
0.42856477
0.42855477
0.42853471
0.42849848
0.4284386
0.42834679
0.42821466
0.42803464
0.42780061
0.42750852
0.42715664
0.42674562
0.4262783
0.4257594
0.42519507
0.4245925
0.42395942
0.42330374
0.42263325
0.4219553
0.42127669
0.4206035
0.41994106
0.41929389
0.41866575
0.41805964
0.41747791
0.41692227
0.41639386
0.41589338
0.41542107
0.41497685
0.41456034
0.41417092
0.4138078
0.41347003
0.41315654
0.41286621
0.41259787
0.41235029
0.41212226
0.41191258
0.41172006
0.41154354
0.4113819
0.41123407
0.411099
0.41097573
0.41086333
0.41076091
0.41066766
0.41058281
0.41050562
0.41043544
0.41037164
0.41031363
0.41026089
0.41021291
0.41016924
0.41012946
0.41009319
0.41006007
0.41002978
0.41000202
0.40997653
0.40995307
0.4099314
0.40991133
0.40989267
0.40987526
0.40985895
0.4098436
0.4098291
0.40981533
0.4098022
0.40978962
0.40977751
0.40976575
0.40975414
0.40974267
0.40973131
0.40972005
0.40970886
0.40969774
0.40968667
0.40967563
0.40966462
0.40965363
0.40964265
0.40963167
0.4096207
0.40960972
0.40959873
0.40958774
0.40957672
0.4095657
0.40955465
0.40954359
0.40953251
0.40952141
0.40951029
0.40949915
0.409488
0.40947682
0.40946563
0.40945441
0.40944318
0.40943194
0.40942068
0.4094094
0.40939811
0.40938681
0.40937549
0.40936417
0.40935283
0.40934148
0.40933013
0.40931877
0.4093074
0.40929602
0.40928464
0.40927325
0.40926186
0.40925046
0.40923906
0.40922766
0.40921626
0.40920486
0.40919345
0.40918205
0.40917064
0.40915924
0.40914783
0.40913643
0.40912503
0.40911363
0.40910223
0.40909083
0.40907944
0.40906805
0.40905667
0.40904528
0.4090339
0.40902253
0.40901115
0.40899978
0.40898842
0.40897706
0.4089657
0.40895435
0.40894301
0.40893166
0.40892033
0.40890899
0.40889767
0.40888634
0.40887503
0.40886371
0.4088524
0.4088411
0.4088298
0.40881851
0.40880722
0.40879594
0.40878466
0.40877339
0.40876212
0.40875085
0.40873959
0.40872834
0.40871709
0.40870584
0.4086946
0.40868337
0.40867213
0.40866091
0.40864968
0.40863846
0.40862725
0.40861604
0.40860484
0.40859363
0.40858244
0.40857124
0.40856006
0.40854887
0.40853769
0.40852652
0.40851535
0.40850418
0.40849302
0.40848187
0.40847073
0.42857143
0.42857143
0.42857143
0.42857143
0.42857142
0.42857139
0.42857128
0.42857091
0.42856994
0.42856771
0.42856317
0.4285548
0.42854063
0.42851832
0.42848531
0.42843906
0.42837723
0.4282979
0.42819972
0.42808201
0.42794476
0.42778864
0.4276149
0.42742529
0.42722191
0.42700711
0.42678337
0.42655319
0.42631901
0.42608313
0.42584768
0.42561459
0.42538551
0.4251619
0.42494496
0.42473564
0.42453471
0.42434273
0.42416006
0.42398694
0.42382346
0.42366957
0.42352515
0.42339
0.42326384
0.42314636
0.42303718
0.42293592
0.42284218
0.42275554
0.42267557
0.42260187
0.42253401
0.4224716
0.42241426
0.4223616
0.42231327
0.42226893
0.42222825
0.42219094
0.42215671
0.4221253
0.42209645
0.42206993
0.42204552
0.42202304
0.4220023
0.42198312
0.42196535
0.42194885
0.42193348
0.42191914
0.4219057
0.42189307
0.42188116
0.42186989
0.42185919
0.42184898
0.4218392
0.42182981
0.42182075
0.42181198
0.42180346
0.42179515
0.42178701
0.42177892
0.42177087
0.42176287
0.42175489
0.42174693
0.421739
0.42173108
0.42172317
0.42171528
0.42170738
0.4216995
0.42169161
0.42168372
0.42167583
0.42166793
0.42166004
0.42165213
0.42164422
0.42163631
0.42162839
0.42162046
0.42161252
0.42160458
0.42159663
0.42158867
0.4215807
0.42157273
0.42156475
0.42155677
0.42154878
0.42154078
0.42153277
0.42152477
0.42151675
0.42150873
0.42150071
0.42149268
0.42148465
0.42147661
0.42146857
0.42146053
0.42145248
0.42144443
0.42143638
0.42142832
0.42142027
0.42141221
0.42140415
0.42139608
0.42138802
0.42137996
0.42137189
0.42136382
0.42135575
0.42134769
0.42133962
0.42133155
0.42132348
0.4213154
0.42130733
0.42129926
0.42129119
0.42128312
0.42127505
0.42126698
0.42125891
0.42125084
0.42124277
0.4212347
0.42122663
0.42121857
0.4212105
0.42120243
0.42119437
0.4211863
0.42117823
0.42117017
0.42116211
0.42115405
0.42114598
0.42113792
0.42112986
0.4211218
0.42111375
0.42110569
0.42109763
0.42108958
0.42108152
0.42107347
0.42106541
0.42105736
0.42104931
0.42104125
0.4210332
0.42102515
0.4210171
0.42100905
0.421001
0.42099296
0.42098491
0.42097686
0.42096881
0.42096077
0.42095272
0.42094468
0.42093663
0.42092859
0.42092055
0.42091251
0.42090446
0.42089642
0.42088838
0.42088034
0.42087231
0.42086428
0.42857143
0.42857143
0.42857143
0.42857143
0.42857143
0.42857143
0.42857142
0.4285714
0.42857133
0.42857114
0.42857072
0.42856984
0.42856822
0.42856543
0.42856097
0.42855424
0.42854463
0.42853152
0.42851436
0.4284927
0.42846623
0.42843476
0.42839831
0.42835703
0.42831121
0.42826127
0.42820772
0.42815113
0.42809212
0.4280313
0.42796929
0.4279067
0.42784406
0.42778189
0.42772063
0.42766066
0.42760232
0.42754588
0.42749155
0.42743949
0.42738983
0.42734262
0.42729792
0.42725572
0.427216
0.42717872
0.4271438
0.42711117
0.42708074
0.42705241
0.42702607
0.42700162
0.42697894
0.42695793
0.42693847
0.42692045
0.42690379
0.42688837
0.42687409
0.42686088
0.42684863
0.42683728
0.42682674
0.42681694
0.42680782
0.42679932
0.42679136
0.42678391
0.42677692
0.42677033
0.42676411
0.42675821
0.42675261
0.42674727
0.42674217
0.42673727
0.42673255
0.426728
0.42672358
0.42671929
0.42671511
0.42671102
0.42670701
0.42670307
0.42669919
0.42669533
0.42669147
0.42668761
0.42668377
0.42667992
0.42667609
0.42667225
0.42666842
0.42666458
0.42666075
0.42665692
0.42665308
0.42664925
0.42664541
0.42664157
0.42663773
0.42663389
0.42663005
0.4266262
0.42662235
0.4266185
0.42661464
0.42661078
0.42660692
0.42660306
0.4265992
0.42659533
0.42659146
0.42658758
0.42658371
0.42657983
0.42657595
0.42657207
0.42656819
0.4265643
0.42656041
0.42655652
0.42655263
0.42654874
0.42654484
0.42654095
0.42653705
0.42653315
0.42652925
0.42652535
0.42652144
0.42651754
0.42651364
0.42650973
0.42650582
0.42650191
0.42649801
0.4264941
0.42649019
0.42648627
0.42648236
0.42647845
0.42647454
0.42647062
0.42646671
0.4264628
0.42645888
0.42645497
0.42645105
0.42644713
0.42644322
0.4264393
0.42643539
0.42643147
0.42642755
0.42642364
0.42641972
0.4264158
0.42641189
0.42640797
0.42640405
0.42640014
0.42639622
0.4263923
0.42638839
0.42638447
0.42638055
0.42637664
0.42637272
0.4263688
0.42636489
0.42636097
0.42635706
0.42635315
0.42634923
0.42634532
0.4263414
0.42633749
0.42633358
0.42632966
0.42632575
0.42632184
0.42631793
0.42631401
0.4263101
0.42630619
0.42630228
0.42629837
0.42629446
0.42629055
0.42628664
0.42628274
0.42627883
0.42627492
0.42627102
0.42626711
0.4262632
0.4262593
0.4262554
0.4262515
0.42857143
0.42857143
0.42857144
0.42857144
0.42857145
0.42857146
0.42857148
0.4285715
0.42857151
0.42857153
0.42857153
0.42857149
0.42857139
0.42857118
0.42857079
0.42857015
0.42856914
0.42856766
0.42856561
0.42856287
0.42855936
0.42855499
0.42854971
0.42854351
0.42853639
0.42852838
0.42851954
0.42850995
0.4284997
0.42848889
0.42847764
0.42846606
0.42845427
0.42844237
0.42843046
0.42841864
0.42840699
0.42839558
0.42838448
0.42837372
0.42836337
0.42835343
0.42834394
0.42833491
0.42832635
0.42831826
0.42831063
0.42830346
0.42829674
0.42829044
0.42828456
0.42827907
0.42827396
0.4282692
0.42826478
0.42826067
0.42825686
0.42825332
0.42825004
0.42824699
0.42824417
0.42824155
0.42823911
0.42823685
0.42823474
0.42823278
0.42823095
0.42822924
0.42822764
0.42822615
0.42822474
0.42822342
0.42822217
0.428221
0.42821988
0.42821883
0.42821782
0.42821686
0.42821595
0.42821507
0.42821423
0.42821342
0.42821265
0.42821189
0.42821117
0.42821046
0.42820976
0.42820908
0.42820841
0.42820776
0.42820712
0.4282065
0.42820589
0.42820529
0.4282047
0.42820413
0.42820357
0.42820302
0.42820248
0.42820196
0.42820144
0.42820094
0.42820046
0.42819998
0.42819952
0.42819907
0.42819863
0.4281982
0.42819779
0.42819738
0.42819699
0.42819662
0.42819625
0.4281959
0.42819556
0.42819524
0.42819492
0.42819462
0.42819434
0.42819406
0.4281938
0.42819355
0.42819332
0.4281931
0.42819289
0.4281927
0.42819252
0.42819235
0.4281922
0.42819206
0.42819194
0.42819183
0.42819173
0.42819165
0.42819158
0.42819153
0.42819149
0.42819147
0.42819146
0.42819146
0.42819149
0.42819152
0.42819157
0.42819164
0.42819171
0.42819181
0.42819192
0.42819205
0.42819219
0.42819234
0.42819251
0.4281927
0.4281929
0.42819312
0.42819335
0.4281936
0.42819386
0.42819414
0.42819444
0.42819475
0.42819508
0.42819542
0.42819578
0.42819615
0.42819654
0.42819695
0.42819737
0.42819781
0.42819827
0.42819874
0.42819923
0.42819973
0.42820025
0.42820079
0.42820134
0.42820191
0.42820249
0.42820309
0.42820371
0.42820435
0.428205
0.42820566
0.42820635
0.42820705
0.42820777
0.4282085
0.42820925
0.42821002
0.4282108
0.4282116
0.42821242
0.42821325
0.42821411
0.42821497
0.42821586
0.42821676
0.42821768
0.42821861
0.42821957
0.42822053
0.42857184
0.42857264
0.42857382
0.42857535
0.4285772
0.42857934
0.42858172
0.42858432
0.4285871
0.42859004
0.4285931
0.42859626
0.4285995
0.42860281
0.42860618
0.42860958
0.42861301
0.42861646
0.42861991
0.42862336
0.4286268
0.42863021
0.4286336
0.42863696
0.4286403
0.42864361
0.42864691
0.42865021
0.42865352
0.42865686
0.42866024
0.42866368
0.42866719
0.4286708
0.42867452
0.42867837
0.42868236
0.42868651
0.42869082
0.42869531
0.42869999
0.42870486
0.42870992
0.42871519
0.42872067
0.42872636
0.42873225
0.42873835
0.42874466
0.42875118
0.4287579
0.42876483
0.42877195
0.42877927
0.42878679
0.4287945
0.42880239
0.42881046
0.42881872
0.42882715
0.42883576
0.42884453
0.42885347
0.42886257
0.42887184
0.42888125
0.42889082
0.42890054
0.42891041
0.42892042
0.42893058
0.42894087
0.4289513
0.42896187
0.42897257
0.4289834
0.42899435
0.42900544
0.42901665
0.42902798
0.42903944
0.42905101
0.4290627
0.42907451
0.42908644
0.42909848
0.42911064
0.42912294
0.42913537
0.42914792
0.42916059
0.42917338
0.42918628
0.42919929
0.42921242
0.42922565
0.42923898
0.42925242
0.42926596
0.4292796
0.42929334
0.42930718
0.42932111
0.42933514
0.42934926
0.42936348
0.42937778
0.42939218
0.42940667
0.42942126
0.42943593
0.42945069
0.42946553
0.42948047
0.42949549
0.4295106
0.4295258
0.42954108
0.42955645
0.4295719
0.42958744
0.42960306
0.42961877
0.42963456
0.42965043
0.42966638
0.42968241
0.42969853
0.42971472
0.429731
0.42974736
0.42976379
0.42978031
0.4297969
0.42981357
0.42983032
0.42984715
0.42986405
0.42988103
0.42989808
0.42991521
0.42993242
0.4299497
0.42996705
0.42998448
0.43000198
0.43001955
0.43003719
0.43005491
0.43007269
0.43009055
0.43010848
0.43012648
0.43014454
0.43016268
0.43018088
0.43019915
0.43021749
0.4302359
0.43025437
0.43027291
0.43029152
0.43031019
0.43032892
0.43034772
0.43036658
0.43038551
0.4304045
0.43042355
0.43044267
0.43046184
0.43048108
0.43050038
0.43051974
0.43053915
0.43055863
0.43057817
0.43059776
0.43061742
0.43063713
0.4306569
0.43067673
0.43069661
0.43071655
0.43073654
0.43075659
0.43077669
0.43079685
0.43081707
0.43083733
0.43085765
0.43087802
0.43089845
0.43091893
0.43093945
0.43096003
0.43098066
0.43100135
0.43102208
0.43104284
0.4288125
0.4290513
0.42928634
0.42951652
0.42974092
0.42995881
0.43016967
0.43037314
0.43056909
0.43075754
0.43093865
0.43111271
0.4312801
0.43144127
0.43159672
0.43174697
0.43189253
0.43203394
0.4321717
0.43230628
0.43243814
0.4325677
0.43269533
0.43282137
0.43294615
0.43306993
0.43319296
0.43331545
0.43343758
0.43355951
0.43368138
0.4338033
0.43392537
0.43404765
0.43417021
0.4342931
0.43441635
0.43453999
0.43466402
0.43478847
0.43491332
0.43503857
0.43516422
0.43529023
0.4354166
0.4355433
0.43567031
0.4357976
0.43592515
0.43605292
0.43618089
0.43630902
0.4364373
0.43656568
0.43669414
0.43682265
0.43695118
0.43707971
0.43720822
0.43733666
0.43746503
0.43759329
0.43772144
0.43784943
0.43797726
0.43810491
0.43823236
0.43835959
0.43848659
0.43861334
0.43873983
0.43886605
0.43899198
0.43911762
0.43924295
0.43936797
0.43949266
0.43961703
0.43974106
0.43986474
0.43998808
0.44011106
0.44023369
0.44035595
0.44047785
0.44059938
0.44072052
0.44084127
0.44096162
0.44108157
0.44120114
0.44132032
0.4414391
0.4415575
0.44167552
0.44179315
0.4419104
0.44202727
0.44214376
0.44225987
0.44237561
0.44249097
0.44260596
0.44272057
0.44283481
0.44294868
0.44306219
0.44317532
0.44328809
0.4434005
0.44351254
0.44362423
0.44373556
0.44384655
0.44395718
0.44406747
0.44417741
0.444287
0.44439625
0.44450515
0.4446137
0.44472191
0.44482977
0.4449373
0.44504447
0.44515131
0.4452578
0.44536396
0.44546977
0.44557525
0.44568038
0.44578518
0.44588965
0.44599377
0.44609757
0.44620103
0.44630415
0.44640695
0.44650941
0.44661154
0.44671335
0.44681483
0.44691598
0.4470168
0.44711731
0.44721748
0.44731734
0.44741688
0.44751609
0.44761499
0.44771357
0.44781183
0.44790978
0.44800741
0.44810473
0.44820174
0.44829844
0.44839483
0.44849091
0.44858669
0.44868216
0.44877732
0.44887218
0.44896674
0.449061
0.44915496
0.44924862
0.44934199
0.44943505
0.44952783
0.44962031
0.44971249
0.44980439
0.44989599
0.44998731
0.45007834
0.45016908
0.45025953
0.4503497
0.45043959
0.4505292
0.45061852
0.45070756
0.45079633
0.45088482
0.45097303
0.45106096
0.45114862
0.451236
0.45132311
0.45140996
0.45149652
0.45158282
0.45166885
0.45175462
0.45184011
0.45192534
0.45201031
0.45209501
0.45217938
0.5711875
0.5709487
0.57071367
0.57048349
0.57025908
0.57004119
0.56983033
0.56962684
0.56943088
0.56924241
0.56906126
0.56888716
0.56871972
0.56855848
0.56840296
0.56825263
0.56810697
0.56796544
0.56782756
0.56769284
0.56756082
0.56743109
0.56730327
0.56717702
0.56705202
0.56692799
0.5668047
0.56668194
0.56655951
0.56643725
0.56631504
0.56619276
0.56607032
0.56594763
0.56582464
0.56570131
0.56557759
0.56545346
0.56532891
0.56520393
0.56507853
0.5649527
0.56482646
0.56469982
0.56457282
0.56444546
0.56431777
0.56418978
0.56406152
0.56393302
0.56380431
0.56367541
0.56354636
0.56341719
0.56328793
0.56315861
0.56302926
0.5628999
0.56277056
0.56264128
0.56251207
0.56238296
0.56225397
0.56212512
0.56199645
0.56186796
0.56173967
0.56161161
0.56148379
0.56135622
0.56122893
0.56110192
0.5609752
0.5608488
0.56072272
0.56059697
0.56047156
0.5603465
0.56022179
0.56009745
0.55997348
0.55984988
0.55972667
0.55960386
0.55948147
0.5593595
0.55923796
0.55911683
0.55899612
0.55887582
0.55875594
0.55863647
0.5585174
0.55839875
0.5582805
0.55816266
0.55804522
0.55792818
0.55781154
0.5576953
0.55757945
0.557464
0.55734893
0.55723426
0.55711997
0.55700607
0.55689256
0.55677942
0.55666667
0.55655429
0.55644229
0.55633065
0.55621938
0.55610847
0.55599791
0.55588771
0.55577787
0.55566838
0.55555925
0.55545047
0.55534203
0.55523395
0.55512622
0.55501883
0.55491179
0.55480509
0.55469874
0.55459273
0.55448706
0.55438173
0.55427673
0.55417208
0.55406776
0.55396378
0.55386013
0.55375681
0.55365382
0.55355116
0.55344884
0.55334684
0.55324517
0.55314382
0.5530428
0.55294211
0.55284173
0.55274168
0.55264194
0.55254253
0.55244343
0.55234465
0.55224618
0.55214803
0.55205018
0.55195265
0.55185543
0.55175852
0.55166192
0.55156562
0.55146963
0.55137394
0.55127856
0.55118348
0.5510887
0.55099422
0.55090004
0.55080615
0.55071257
0.55061927
0.55052628
0.55043357
0.55034116
0.55024904
0.55015721
0.55006567
0.54997442
0.54988346
0.54979278
0.54970239
0.54961228
0.54952246
0.54943292
0.54934365
0.54925467
0.54916597
0.54907755
0.5489894
0.54890153
0.54881394
0.54872662
0.54863957
0.5485528
0.5484663
0.54838007
0.5482941
0.54820841
0.54812298
0.54803782
0.54795293
0.5478683
0.54778399
0.57142816
0.57142736
0.57142618
0.57142465
0.5714228
0.57142066
0.57141828
0.57141568
0.5714129
0.57140996
0.5714069
0.57140374
0.5714005
0.57139719
0.57139382
0.57139042
0.57138698
0.57138353
0.57138008
0.57137663
0.5713732
0.57136978
0.57136639
0.57136303
0.57135969
0.57135637
0.57135306
0.57134976
0.57134645
0.57134311
0.57133972
0.57133628
0.57133276
0.57132914
0.57132541
0.57132155
0.57131755
0.5713134
0.57130908
0.57130457
0.57129989
0.571295
0.57128992
0.57128464
0.57127915
0.57127344
0.57126753
0.57126141
0.57125508
0.57124854
0.5712418
0.57123485
0.5712277
0.57122036
0.57121282
0.57120508
0.57119716
0.57118906
0.57118077
0.57117231
0.57116367
0.57115486
0.57114589
0.57113675
0.57112745
0.571118
0.57110839
0.57109863
0.57108872
0.57107866
0.57106847
0.57105813
0.57104766
0.57103705
0.5710263
0.57101543
0.57100442
0.57099329
0.57098203
0.57097065
0.57095915
0.57094752
0.57093578
0.5709239
0.57091187
0.57089971
0.57088741
0.57087498
0.57086243
0.57084975
0.57083696
0.57082406
0.57081105
0.57079793
0.5707847
0.57077137
0.57075793
0.5707444
0.57073077
0.57071705
0.57070323
0.57068932
0.57067531
0.57066121
0.57064702
0.57063275
0.57061838
0.57060392
0.57058938
0.57057475
0.57056003
0.57054523
0.57053034
0.57051537
0.57050031
0.57048517
0.57046995
0.57045464
0.57043924
0.57042377
0.57040821
0.57039257
0.57037685
0.57036104
0.57034516
0.57032919
0.57031315
0.57029702
0.57028081
0.57026452
0.57024816
0.57023171
0.57021519
0.57019859
0.5701819
0.57016515
0.57014831
0.5701314
0.57011441
0.57009734
0.5700802
0.57006298
0.57004569
0.57002832
0.57001087
0.56999336
0.56997576
0.5699581
0.56994036
0.56992256
0.56990468
0.56988673
0.56986871
0.56985062
0.56983246
0.56981423
0.56979593
0.56977757
0.56975914
0.56974064
0.56972207
0.56970344
0.56968474
0.56966598
0.56964715
0.56962826
0.56960931
0.56959029
0.56957121
0.56955207
0.56953286
0.5695136
0.56949427
0.56947488
0.56945544
0.56943593
0.56941636
0.56939674
0.56937706
0.56935732
0.56933752
0.56931766
0.56929775
0.56927778
0.56925776
0.56923768
0.56921755
0.56919736
0.56917712
0.56915683
0.56913648
0.56911608
0.56909562
0.56907512
0.56905456
0.56903395
0.56901329
0.56899258
0.56897183
0.56895103
0.57142857
0.57142857
0.57142856
0.57142856
0.57142855
0.57142854
0.57142852
0.5714285
0.57142849
0.57142847
0.57142847
0.57142851
0.57142861
0.57142882
0.57142921
0.57142985
0.57143086
0.57143234
0.57143439
0.57143713
0.57144064
0.57144501
0.57145029
0.57145648
0.5714636
0.57147161
0.57148045
0.57149004
0.57150029
0.57151109
0.57152234
0.57153391
0.5715457
0.57155759
0.57156949
0.5715813
0.57159295
0.57160434
0.57161544
0.57162618
0.57163653
0.57164645
0.57165593
0.57166494
0.57167349
0.57168157
0.57168918
0.57169634
0.57170305
0.57170933
0.57171519
0.57172067
0.57172576
0.5717305
0.5717349
0.57173899
0.57174278
0.5717463
0.57174956
0.57175259
0.57175539
0.571758
0.57176041
0.57176266
0.57176474
0.57176668
0.57176849
0.57177018
0.57177176
0.57177323
0.57177462
0.57177592
0.57177715
0.57177831
0.5717794
0.57178044
0.57178143
0.57178237
0.57178326
0.57178412
0.57178495
0.57178574
0.5717865
0.57178724
0.57178795
0.57178865
0.57178934
0.57179001
0.57179066
0.57179131
0.57179193
0.57179255
0.57179315
0.57179374
0.57179432
0.57179488
0.57179544
0.57179598
0.57179651
0.57179702
0.57179753
0.57179802
0.5717985
0.57179897
0.57179942
0.57179987
0.5718003
0.57180072
0.57180113
0.57180152
0.57180191
0.57180228
0.57180264
0.57180299
0.57180332
0.57180364
0.57180395
0.57180425
0.57180453
0.5718048
0.57180506
0.5718053
0.57180553
0.57180575
0.57180595
0.57180614
0.57180632
0.57180648
0.57180663
0.57180676
0.57180689
0.57180699
0.57180709
0.57180716
0.57180723
0.57180728
0.57180731
0.57180733
0.57180734
0.57180733
0.57180731
0.57180727
0.57180722
0.57180715
0.57180707
0.57180697
0.57180685
0.57180673
0.57180658
0.57180642
0.57180625
0.57180606
0.57180585
0.57180563
0.57180539
0.57180514
0.57180487
0.57180459
0.57180429
0.57180397
0.57180364
0.57180329
0.57180293
0.57180255
0.57180215
0.57180174
0.57180131
0.57180087
0.57180041
0.57179993
0.57179944
0.57179893
0.5717984
0.57179786
0.5717973
0.57179673
0.57179614
0.57179553
0.57179491
0.57179427
0.57179361
0.57179294
0.57179225
0.57179154
0.57179082
0.57179008
0.57178932
0.57178855
0.57178776
0.57178695
0.57178613
0.57178529
0.57178443
0.57178356
0.57178267
0.57178176
0.57178083
0.57177989
0.57177894
0.57177796
0.57142857
0.57142857
0.57142857
0.57142857
0.57142857
0.57142857
0.57142858
0.5714286
0.57142867
0.57142886
0.57142928
0.57143016
0.57143178
0.57143457
0.57143903
0.57144576
0.57145537
0.57146848
0.57148563
0.57150729
0.57153377
0.57156523
0.57160167
0.57164295
0.57168876
0.57173869
0.57179223
0.57184881
0.57190782
0.57196862
0.5720306
0.57209318
0.57215579
0.57221794
0.57227918
0.57233912
0.57239743
0.57245384
0.57250814
0.57256016
0.57260978
0.57265695
0.57270161
0.57274376
0.57278343
0.57282067
0.57285554
0.57288812
0.57291849
0.57294677
0.57297305
0.57299745
0.57302007
0.57304103
0.57306043
0.57307838
0.57309499
0.57311035
0.57312456
0.57313771
0.57314989
0.57316118
0.57317166
0.57318139
0.57319045
0.5731989
0.57320679
0.57321418
0.57322111
0.57322764
0.5732338
0.57323964
0.57324518
0.57325046
0.57325551
0.57326035
0.57326502
0.57326952
0.57327388
0.57327812
0.57328226
0.5732863
0.57329026
0.57329415
0.57329802
0.57330187
0.57330572
0.57330956
0.57331339
0.57331722
0.57332105
0.57332487
0.5733287
0.57333252
0.57333634
0.57334017
0.57334399
0.57334782
0.57335165
0.57335548
0.57335931
0.57336315
0.57336698
0.57337083
0.57337467
0.57337852
0.57338237
0.57338622
0.57339008
0.57339394
0.5733978
0.57340167
0.57340553
0.57340941
0.57341328
0.57341715
0.57342103
0.57342491
0.5734288
0.57343268
0.57343657
0.57344046
0.57344435
0.57344824
0.57345214
0.57345603
0.57345993
0.57346383
0.57346773
0.57347163
0.57347554
0.57347944
0.57348335
0.57348725
0.57349116
0.57349507
0.57349898
0.57350289
0.5735068
0.57351071
0.57351462
0.57351854
0.57352245
0.57352636
0.57353028
0.57353419
0.5735381
0.57354202
0.57354593
0.57354985
0.57355376
0.57355768
0.57356159
0.57356551
0.57356943
0.57357334
0.57357726
0.57358118
0.57358509
0.57358901
0.57359293
0.57359684
0.57360076
0.57360467
0.57360859
0.57361251
0.57361642
0.57362034
0.57362425
0.57362817
0.57363208
0.573636
0.57363991
0.57364383
0.57364774
0.57365166
0.57365557
0.57365948
0.57366339
0.57366731
0.57367122
0.57367513
0.57367904
0.57368295
0.57368686
0.57369077
0.57369468
0.57369859
0.5737025
0.57370641
0.57371032
0.57371423
0.57371814
0.57372204
0.57372595
0.57372985
0.57373376
0.57373766
0.57374157
0.57374547
0.57142857
0.57142857
0.57142857
0.57142857
0.57142858
0.57142861
0.57142872
0.57142909
0.57143006
0.57143229
0.57143683
0.5714452
0.57145937
0.57148168
0.57151468
0.57156093
0.57162276
0.57170209
0.57180026
0.57191797
0.57205521
0.57221132
0.57238504
0.57257463
0.57277799
0.57299276
0.57321647
0.57344662
0.57368077
0.5739166
0.574152
0.57438505
0.57461406
0.57483761
0.57505449
0.57526373
0.57546458
0.57565648
0.57583906
0.57601208
0.57617548
0.57632926
0.57647357
0.57660861
0.57673466
0.57685203
0.57696108
0.57706222
0.57715583
0.57724234
0.57732217
0.57739574
0.57746346
0.57752572
0.57758293
0.57763544
0.57768362
0.57772782
0.57776834
0.5778055
0.57783958
0.57787085
0.57789955
0.57792592
0.57795017
0.5779725
0.5779931
0.57801213
0.57802975
0.57804611
0.57806133
0.57807554
0.57808884
0.57810133
0.5781131
0.57812424
0.57813482
0.5781449
0.57815456
0.57816383
0.57817278
0.57818144
0.57818985
0.57819806
0.57820616
0.57821421
0.57822221
0.57823018
0.57823813
0.57824605
0.57825395
0.57826184
0.57826971
0.57827759
0.57828545
0.57829332
0.57830118
0.57830905
0.57831692
0.5783248
0.57833268
0.57834057
0.57834847
0.57835637
0.57836428
0.5783722
0.57838013
0.57838807
0.57839602
0.57840397
0.57841193
0.5784199
0.57842788
0.57843587
0.57844386
0.57845186
0.57845986
0.57846788
0.5784759
0.57848392
0.57849195
0.57849998
0.57850802
0.57851606
0.57852411
0.57853216
0.57854021
0.57854827
0.57855633
0.57856439
0.57857245
0.57858052
0.57858859
0.57859666
0.57860473
0.5786128
0.57862087
0.57862895
0.57863702
0.5786451
0.57865317
0.57866125
0.57866933
0.5786774
0.57868548
0.57869356
0.57870163
0.57870971
0.57871778
0.57872586
0.57873393
0.57874201
0.57875008
0.57875815
0.57876622
0.57877429
0.57878237
0.57879044
0.57879851
0.57880658
0.57881464
0.57882271
0.57883078
0.57883885
0.57884691
0.57885498
0.57886304
0.5788711
0.57887917
0.57888723
0.57889529
0.57890335
0.57891141
0.57891946
0.57892752
0.57893558
0.57894363
0.57895169
0.57895974
0.5789678
0.57897585
0.5789839
0.57899195
0.57900001
0.57900806
0.57901611
0.57902416
0.57903221
0.57904025
0.5790483
0.57905635
0.5790644
0.57907244
0.57908049
0.57908854
0.57909658
0.57910463
0.57911267
0.57912071
0.57912875
0.57142857
0.57142857
0.57142857
0.57142859
0.57142871
0.57142921
0.57143085
0.57143523
0.57144523
0.57146529
0.57150152
0.5715614
0.57165321
0.57178533
0.57196535
0.57219938
0.57249146
0.57284332
0.57325433
0.57372163
0.57424051
0.5748048
0.57540733
0.57604037
0.57669599
0.57736643
0.57804431
0.57872285
0.57939595
0.5800583
0.58070538
0.58133341
0.5819394
0.582521
0.58307652
0.58360478
0.58410512
0.58457727
0.58502133
0.58543767
0.5858269
0.58618984
0.58652742
0.5868407
0.58713082
0.58739895
0.58764631
0.58787411
0.58808355
0.58827583
0.58845211
0.5886135
0.58876109
0.5888959
0.58901891
0.58913105
0.5892332
0.58932618
0.58941077
0.58948768
0.58955759
0.58962112
0.58967885
0.58973133
0.58977904
0.58982243
0.58986194
0.58989795
0.5899308
0.58996083
0.58998833
0.59001356
0.59003678
0.5900582
0.59007804
0.59009646
0.59011364
0.59012972
0.59014485
0.59015914
0.5901727
0.59018563
0.59019802
0.59020994
0.59022161
0.59023313
0.59024451
0.59025578
0.59026696
0.59027807
0.59028913
0.59030013
0.59031111
0.59032206
0.59033299
0.59034392
0.59035485
0.59036578
0.59037672
0.59038767
0.59039864
0.59040962
0.59042062
0.59043164
0.59044269
0.59045375
0.59046484
0.59047595
0.59048709
0.59049824
0.59050942
0.59052061
0.59053183
0.59054307
0.59055432
0.59056559
0.59057688
0.59058818
0.5905995
0.59061083
0.59062218
0.59063353
0.5906449
0.59065627
0.59066766
0.59067905
0.59069045
0.59070185
0.59071326
0.59072468
0.59073609
0.59074752
0.59075894
0.59077037
0.59078179
0.59079322
0.59080465
0.59081608
0.5908275
0.59083893
0.59085035
0.59086178
0.5908732
0.59088461
0.59089603
0.59090744
0.59091885
0.59093025
0.59094165
0.59095305
0.59096444
0.59097582
0.59098721
0.59099859
0.59100996
0.59102133
0.59103269
0.59104405
0.5910554
0.59106675
0.5910781
0.59108944
0.59110078
0.59111211
0.59112343
0.59113475
0.59114607
0.59115738
0.59116868
0.59117998
0.59119128
0.59120257
0.59121385
0.59122513
0.5912364
0.59124767
0.59125894
0.5912702
0.59128145
0.59129271
0.59130395
0.59131519
0.59132643
0.59133766
0.59134889
0.59136012
0.59137134
0.59138255
0.59139376
0.59140497
0.59141617
0.59142737
0.59143857
0.59144976
0.59146094
0.59147213
0.5914833
0.59149448
0.59150564
0.5915168
0.57142857
0.57142857
0.57142863
0.57142907
0.57143109
0.5714379
0.57145605
0.57149665
0.57157577
0.57171373
0.57193328
0.57225709
0.57270508
0.57329217
0.57402681
0.57491039
0.57593749
0.57709684
0.5783726
0.57974578
0.58119574
0.58270137
0.58424215
0.58579888
0.58735421
0.58889292
0.59040204
0.59187086
0.5932908
0.59465523
0.59595932
0.59719977
0.59837463
0.59948306
0.60052515
0.60150177
0.60241436
0.60326487
0.60405557
0.60478899
0.60546785
0.60609498
0.60667322
0.60720547
0.60769456
0.60814329
0.60855435
0.60893037
0.60927384
0.60958716
0.6098726
0.6101323
0.6103683
0.61058249
0.61077667
0.61095249
0.61111152
0.6112552
0.61138488
0.61150181
0.61160713
0.61170191
0.61178713
0.6118637
0.61193245
0.61199414
0.61204947
0.61209908
0.61214355
0.61218342
0.61221916
0.61225124
0.61228004
0.61230593
0.61232925
0.61235028
0.61236931
0.61238657
0.61240228
0.61241664
0.61242983
0.61244201
0.61245331
0.61246387
0.61247398
0.61248375
0.61249324
0.61250249
0.61251155
0.61252046
0.61252925
0.61253794
0.61254657
0.61255516
0.61256371
0.61257226
0.61258081
0.61258938
0.61259797
0.61260659
0.61261525
0.61262395
0.6126327
0.6126415
0.61265036
0.61265926
0.61266822
0.61267723
0.6126863
0.61269542
0.61270459
0.61271381
0.61272308
0.6127324
0.61274176
0.61275116
0.6127606
0.61277009
0.6127796
0.61278916
0.61279874
0.61280835
0.61281799
0.61282766
0.61283735
0.61284706
0.61285679
0.61286654
0.6128763
0.61288608
0.61289587
0.61290567
0.61291549
0.61292531
0.61293514
0.61294497
0.61295481
0.61296465
0.6129745
0.61298435
0.6129942
0.61300405
0.61301389
0.61302374
0.61303359
0.61304343
0.61305327
0.61306311
0.61307294
0.61308277
0.6130926
0.61310242
0.61311223
0.61312204
0.61313184
0.61314164
0.61315143
0.61316121
0.61317099
0.61318076
0.61319053
0.61320029
0.61321004
0.61321978
0.61322952
0.61323926
0.61324898
0.6132587
0.61326841
0.61327812
0.61328782
0.61329751
0.6133072
0.61331688
0.61332655
0.61333621
0.61334587
0.61335553
0.61336517
0.61337481
0.61338445
0.61339408
0.6134037
0.61341332
0.61342293
0.61343254
0.61344214
0.61345173
0.61346132
0.61347091
0.61348049
0.61349006
0.61349963
0.6135092
0.61351876
0.61352831
0.61353785
0.6135474
0.61355693
0.61356645
0.57142857
0.57142872
0.57143031
0.57143848
0.57146643
0.57153927
0.57169552
0.57198487
0.57246234
0.57318053
0.57418202
0.5754936
0.57712352
0.5790615
0.58128122
0.58374418
0.58640405
0.58921096
0.59211509
0.59506935
0.59803129
0.60096414
0.60383726
0.60662604
0.60931153
0.6118799
0.61432174
0.6166314
0.61880627
0.62084627
0.62275324
0.62453048
0.62618243
0.62771427
0.6291317
0.63044073
0.63164752
0.63275825
0.633779
0.63471574
0.6355742
0.63635992
0.63707814
0.63773386
0.63833179
0.63887637
0.63937177
0.63982189
0.64023036
0.64060058
0.64093571
0.64123868
0.64151221
0.64175882
0.64198085
0.64218044
0.64235958
0.64252012
0.64266374
0.64279198
0.64290629
0.64300796
0.64309822
0.64317814
0.64324875
0.64331097
0.64336564
0.64341353
0.64345533
0.64349169
0.64352319
0.64355036
0.64357366
0.64359355
0.6436104
0.64362457
0.64363638
0.64364612
0.64365405
0.6436604
0.64366538
0.64366918
0.64367196
0.64367387
0.64367517
0.64367595
0.64367628
0.64367624
0.64367591
0.64367535
0.64367461
0.64367373
0.64367276
0.64367173
0.64367067
0.6436696
0.64366856
0.64366755
0.64366659
0.6436657
0.64366488
0.64366415
0.6436635
0.64366294
0.64366248
0.64366212
0.64366185
0.64366169
0.64366162
0.64366164
0.64366177
0.64366198
0.64366228
0.64366267
0.64366314
0.64366369
0.64366432
0.64366502
0.64366578
0.64366662
0.64366751
0.64366846
0.64366947
0.64367053
0.64367164
0.64367279
0.64367399
0.64367522
0.64367649
0.64367779
0.64367913
0.64368049
0.64368188
0.64368329
0.64368473
0.64368619
0.64368766
0.64368915
0.64369066
0.64369218
0.64369371
0.64369525
0.6436968
0.64369836
0.64369993
0.64370151
0.64370309
0.64370467
0.64370626
0.64370786
0.64370945
0.64371105
0.64371265
0.64371425
0.64371585
0.64371746
0.64371906
0.64372066
0.64372227
0.64372387
0.64372547
0.64372707
0.64372867
0.64373027
0.64373187
0.64373347
0.64373506
0.64373666
0.64373825
0.64373985
0.64374144
0.64374303
0.64374462
0.64374621
0.6437478
0.64374939
0.64375097
0.64375256
0.64375415
0.64375573
0.64375732
0.6437589
0.64376049
0.64376207
0.64376366
0.64376524
0.64376683
0.64376841
0.64377
0.64377159
0.64377318
0.64377476
0.64377635
0.64377794
0.64377953
0.64378112
0.64378271
0.6437843
0.64378588
0.64378747
0.5714288
0.57143466
0.57147045
0.57159249
0.57189236
0.57248675
0.57349727
0.5750276
0.57714493
0.57987016
0.58317752
0.5870018
0.59124993
0.5958137
0.60058138
0.60544679
0.61031545
0.61510789
0.61976085
0.62422676
0.62847227
0.63247624
0.63622758
0.63972313
0.64296572
0.6459626
0.64872403
0.65126223
0.65359054
0.65572279
0.65767283
0.6594542
0.66107995
0.66256246
0.66391338
0.66514357
0.66626316
0.66728147
0.66820713
0.66904806
0.66981154
0.67050425
0.67113229
0.67170128
0.67221634
0.67268218
0.67310308
0.67348298
0.67382549
0.67413391
0.67441126
0.67466029
0.67488355
0.67508336
0.67526182
0.6754209
0.67556237
0.67568785
0.67579884
0.67589671
0.67598268
0.67605792
0.67612344
0.67618022
0.6762291
0.67627089
0.67630629
0.67633598
0.67636054
0.67638051
0.67639639
0.67640862
0.67641761
0.67642372
0.67642729
0.67642862
0.67642796
0.67642558
0.67642168
0.67641646
0.67641009
0.67640275
0.67639455
0.67638564
0.67637608
0.67636591
0.67635524
0.67634414
0.67633272
0.67632103
0.67630914
0.67629711
0.67628499
0.6762728
0.6762606
0.6762484
0.67623624
0.67622414
0.67621211
0.67620017
0.67618832
0.67617659
0.67616497
0.67615347
0.6761421
0.67613085
0.67611973
0.67610874
0.67609788
0.67608713
0.67607652
0.67606602
0.67605563
0.67604536
0.6760352
0.67602514
0.67601519
0.67600533
0.67599556
0.67598587
0.67597628
0.67596676
0.67595732
0.67594794
0.67593864
0.6759294
0.67592022
0.67591109
0.67590202
0.675893
0.67588403
0.6758751
0.67586621
0.67585736
0.67584855
0.67583977
0.67583102
0.6758223
0.67581361
0.67580495
0.67579631
0.6757877
0.67577911
0.67577053
0.67576198
0.67575344
0.67574492
0.67573642
0.67572793
0.67571946
0.675711
0.67570255
0.67569412
0.6756857
0.67567729
0.67566889
0.67566049
0.67565211
0.67564374
0.67563538
0.67562703
0.67561868
0.67561034
0.67560202
0.6755937
0.67558539
0.67557709
0.67556879
0.67556051
0.67555223
0.67554396
0.6755357
0.67552744
0.6755192
0.67551096
0.67550274
0.67549452
0.67548631
0.6754781
0.67546991
0.67546173
0.67545355
0.67544538
0.67543723
0.67542908
0.67542094
0.67541281
0.67540469
0.67539658
0.67538848
0.67538038
0.6753723
0.67536423
0.67535616
0.67534811
0.67534006
0.67533202
0.67532399
0.67531597
0.67530796
0.57144949
0.57164447
0.57227529
0.57362889
0.57593968
0.57933772
0.58383019
0.58931246
0.59559789
0.60245476
0.60964081
0.61692983
0.62412859
0.63108478
0.63768802
0.64386638
0.64958041
0.65481633
0.65957952
0.66388863
0.66777085
0.67125814
0.67438451
0.67718405
0.67968961
0.68193202
0.68393967
0.68573831
0.68735104
0.68879847
0.69009883
0.69126824
0.69232088
0.69326925
0.69412433
0.69489581
0.69559221
0.69622109
0.69678912
0.69730223
0.6977657
0.69818424
0.69856206
0.69890296
0.69921032
0.69948722
0.69973642
0.69996044
0.70016155
0.70034182
0.70050312
0.70064717
0.70077552
0.70088961
0.70099073
0.70108007
0.7011587
0.70122763
0.70128775
0.7013399
0.70138483
0.70142323
0.70145574
0.70148292
0.7015053
0.70152337
0.70153755
0.70154826
0.70155584
0.70156063
0.70156292
0.701563
0.7015611
0.70155745
0.70155224
0.70154567
0.70153789
0.70152905
0.7015193
0.70150874
0.70149748
0.70148562
0.70147325
0.70146044
0.7014471
0.70143324
0.70141897
0.70140434
0.70138945
0.70137433
0.70135906
0.70134367
0.7013282
0.70131269
0.70129717
0.70128166
0.70126619
0.70125077
0.70123541
0.70122014
0.70120495
0.70118987
0.70117488
0.70116
0.70114524
0.70113058
0.70111604
0.70110161
0.7010873
0.70107309
0.70105899
0.701045
0.70103111
0.70101732
0.70100363
0.70099003
0.70097652
0.7009631
0.70094976
0.7009365
0.70092331
0.70091019
0.70089715
0.70088417
0.70087125
0.70085839
0.70084558
0.70083283
0.70082012
0.70080746
0.70079485
0.70078228
0.70076975
0.70075726
0.7007448
0.70073237
0.70071998
0.70070761
0.70069528
0.70068297
0.70067068
0.70065842
0.70064618
0.70063397
0.70062177
0.70060959
0.70059744
0.7005853
0.70057317
0.70056107
0.70054898
0.7005369
0.70052484
0.70051279
0.70050076
0.70048874
0.70047673
0.70046473
0.70045275
0.70044078
0.70042882
0.70041687
0.70040493
0.700393
0.70038108
0.70036918
0.70035728
0.7003454
0.70033353
0.70032166
0.70030981
0.70029797
0.70028614
0.70027432
0.70026251
0.70025072
0.70023893
0.70022715
0.70021539
0.70020364
0.70019189
0.70018016
0.70016844
0.70015673
0.70014503
0.70013335
0.70012167
0.70011001
0.70009836
0.70008672
0.70007509
0.70006347
0.70005186
0.70004027
0.70002868
0.70001711
0.70000555
0.69999399
0.69998245
0.69997093
0.57323086
0.57790803
0.58498121
0.59384859
0.60387047
0.61444323
0.62505096
0.63529229
0.6448855
0.65365828
0.66152879
0.66848391
0.67455828
0.67981657
0.6843395
0.68821379
0.69152528
0.69435469
0.69677524
0.69885162
0.70063983
0.7021876
0.70353507
0.70471563
0.70575681
0.70668116
0.70750704
0.70824936
0.70892015
0.70952915
0.71008427
0.71059191
0.71105731
0.7114848
0.71187797
0.71223985
0.71257304
0.7128798
0.71316209
0.7134217
0.71366021
0.71387911
0.71407973
0.71426333
0.71443109
0.71458412
0.71472344
0.71485004
0.71496484
0.71506871
0.71516247
0.71524688
0.71532269
0.71539056
0.71545114
0.71550502
0.71555276
0.71559488
0.71563186
0.71566415
0.71569217
0.71571631
0.71573692
0.71575433
0.71576884
0.71578073
0.71579027
0.71579768
0.71580318
0.71580696
0.71580921
0.71581009
0.71580975
0.71580832
0.71580593
0.71580268
0.71579869
0.71579404
0.71578881
0.71578307
0.7157769
0.71577035
0.71576348
0.71575636
0.71574886
0.71574105
0.71573297
0.71572467
0.7157162
0.71570759
0.71569887
0.71569008
0.71568124
0.71567237
0.71566349
0.71565461
0.71564575
0.71563691
0.71562812
0.71561937
0.71561067
0.71560203
0.71559345
0.71558493
0.71557647
0.71556809
0.71555977
0.71555151
0.71554332
0.7155352
0.71552714
0.71551914
0.71551121
0.71550333
0.71549551
0.71548775
0.71548003
0.71547237
0.71546476
0.71545719
0.71544966
0.71544218
0.71543474
0.71542733
0.71541996
0.71541262
0.71540532
0.71539804
0.71539079
0.71538357
0.71537637
0.71536919
0.71536204
0.71535491
0.71534779
0.71534069
0.71533361
0.71532655
0.7153195
0.71531246
0.71530543
0.71529842
0.71529142
0.71528442
0.71527744
0.71527047
0.7152635
0.71525654
0.71524959
0.71524265
0.71523571
0.71522878
0.71522186
0.71521494
0.71520803
0.71520112
0.71519422
0.71518732
0.71518042
0.71517353
0.71516664
0.71515976
0.71515288
0.71514601
0.71513913
0.71513227
0.7151254
0.71511854
0.71511168
0.71510483
0.71509798
0.71509113
0.71508429
0.71507745
0.71507061
0.71506378
0.71505695
0.71505012
0.7150433
0.71503649
0.71502967
0.71502286
0.71501606
0.71500926
0.71500246
0.71499566
0.71498887
0.71498209
0.71497531
0.71496853
0.71496176
0.71495499
0.71494822
0.71494146
0.71493471
0.71492795
0.71492121
0.71491446
0.71490772
0.71490099
0.71404997
0.71383627
0.71365673
0.7135181
0.71342216
0.71336652
0.71334599
0.71335391
0.71338342
0.71342843
0.7134843
0.7135482
0.71361928
0.71369851
0.71378834
0.71389218
0.7140139
0.71415723
0.71432531
0.71452039
0.71474356
0.71499479
0.71527292
0.71557581
0.71590057
0.71624374
0.71660152
0.71696995
0.71734511
0.71772322
0.71810076
0.71847454
0.71884174
0.71919994
0.71954712
0.71988163
0.72020219
0.72050786
0.72079799
0.72107219
0.72133034
0.72157246
0.72179878
0.72200965
0.72220553
0.72238696
0.72255455
0.72270896
0.72285087
0.72298098
0.7231
0.72320863
0.72330756
0.72339747
0.723479
0.72355277
0.7236194
0.72367943
0.72373342
0.72378186
0.72382524
0.72386398
0.72389852
0.72392922
0.72395646
0.72398055
0.72400181
0.72402051
0.7240369
0.72405123
0.72406371
0.72407454
0.7240839
0.72409194
0.72409883
0.72410468
0.72410963
0.72411379
0.72411724
0.72412009
0.72412241
0.72412428
0.72412575
0.72412693
0.72412787
0.72412861
0.72412917
0.72412959
0.72412989
0.7241301
0.72413023
0.72413031
0.72413035
0.72413037
0.72413037
0.72413037
0.72413037
0.72413038
0.72413041
0.72413046
0.72413053
0.72413064
0.72413078
0.72413094
0.72413115
0.72413138
0.72413166
0.72413197
0.72413231
0.72413269
0.7241331
0.72413354
0.72413402
0.72413453
0.72413506
0.72413563
0.72413622
0.72413684
0.72413748
0.72413815
0.72413883
0.72413954
0.72414026
0.724141
0.72414176
0.72414253
0.72414332
0.72414411
0.72414492
0.72414574
0.72414657
0.72414741
0.72414825
0.72414911
0.72414996
0.72415082
0.72415169
0.72415256
0.72415343
0.72415431
0.72415518
0.72415606
0.72415694
0.72415781
0.72415869
0.72415957
0.72416045
0.72416132
0.7241622
0.72416307
0.72416394
0.72416481
0.72416567
0.72416653
0.72416739
0.72416825
0.7241691
0.72416995
0.7241708
0.72417165
0.72417249
0.72417332
0.72417416
0.72417499
0.72417581
0.72417664
0.72417745
0.72417827
0.72417908
0.72417989
0.72418069
0.72418149
0.72418229
0.72418308
0.72418387
0.72418466
0.72418544
0.72418622
0.724187
0.72418777
0.72418854
0.72418931
0.72419007
0.72419083
0.72419159
0.72419235
0.7241931
0.72419385
0.72419459
0.72419533
0.72419607
0.72419681
0.72419755
0.72419828
0.72419901
0.72419973
0.72420045
0.72420117
0.72420189
0.7242026
0.71428532
0.71428461
0.71428368
0.71428267
0.71428168
0.71428085
0.71428034
0.71428064
0.71428283
0.71428913
0.71430334
0.71433115
0.71438004
0.71445882
0.7145768
0.71474289
0.71496463
0.71524747
0.71559434
0.71600547
0.71647855
0.71700905
0.71759064
0.71821577
0.71887608
0.71956295
0.7202678
0.72098246
0.72169935
0.72241165
0.72311337
0.72379938
0.72446545
0.72510812
0.72572474
0.72631334
0.72687258
0.72740164
0.7279002
0.72836832
0.72880638
0.72921505
0.72959518
0.72994782
0.73027411
0.73057531
0.7308527
0.73110761
0.73134139
0.73155536
0.73175083
0.73192906
0.7320913
0.73223871
0.73237243
0.73249353
0.73260303
0.73270188
0.73279098
0.73287117
0.73294323
0.73300789
0.73306583
0.73311767
0.733164
0.73320534
0.73324219
0.73327499
0.73330417
0.73333009
0.7333531
0.73337351
0.73339161
0.73340766
0.7334219
0.73343453
0.73344575
0.73345573
0.73346463
0.73347258
0.73347972
0.73348616
0.73349199
0.73349743
0.73350257
0.73350748
0.73351218
0.73351672
0.73352113
0.73352543
0.73352964
0.7335338
0.73353791
0.733542
0.73354607
0.73355015
0.73355423
0.73355832
0.73356244
0.73356659
0.73357077
0.73357499
0.73357925
0.73358355
0.7335879
0.73359228
0.73359671
0.73360119
0.7336057
0.73361026
0.73361487
0.73361951
0.73362419
0.73362891
0.73363366
0.73363845
0.73364327
0.73364813
0.73365301
0.73365792
0.73366285
0.73366782
0.7336728
0.7336778
0.73368283
0.73368787
0.73369293
0.733698
0.73370309
0.73370819
0.7337133
0.73371842
0.73372355
0.73372869
0.73373384
0.73373899
0.73374415
0.73374931
0.73375447
0.73375964
0.73376482
0.73376999
0.73377516
0.73378034
0.73378551
0.73379069
0.73379586
0.73380104
0.73380621
0.73381138
0.73381655
0.73382171
0.73382688
0.73383204
0.73383719
0.73384235
0.7338475
0.73385265
0.73385779
0.73386293
0.73386807
0.7338732
0.73387833
0.73388346
0.73388858
0.7338937
0.73389881
0.73390393
0.73390903
0.73391414
0.73391923
0.73392433
0.73392942
0.73393451
0.73393959
0.73394467
0.73394975
0.73395482
0.73395989
0.73396496
0.73397002
0.73397508
0.73398013
0.73398519
0.73399024
0.73399528
0.73400033
0.73400537
0.73401041
0.73401544
0.73402047
0.7340255
0.73403053
0.73403555
0.73404057
0.73404559
0.7340506
0.73405561
0.73406061
0.73406561
0.71428571
0.71428571
0.71428571
0.71428571
0.71428575
0.71428606
0.71428743
0.71429202
0.71430442
0.71433273
0.71438906
0.7144892
0.71465125
0.7148937
0.71523326
0.71568286
0.71625045
0.71693834
0.71774335
0.71865745
0.71966877
0.72076272
0.72192308
0.72313308
0.72437619
0.72563673
0.72690038
0.72815441
0.72938781
0.73059135
0.73175751
0.73288035
0.73395539
0.73497947
0.73595053
0.7368675
0.73773011
0.73853879
0.73929448
0.73999858
0.74065283
0.7412592
0.74181986
0.74233709
0.74281323
0.74325065
0.74365173
0.74401879
0.74435412
0.74465992
0.74493831
0.74519133
0.74542091
0.74562888
0.74581698
0.74598683
0.74613995
0.74627777
0.74640162
0.74651274
0.74661228
0.74670129
0.74678075
0.74685158
0.7469146
0.74697059
0.74702023
0.74706417
0.74710301
0.74713728
0.74716746
0.747194
0.7472173
0.74723774
0.74725564
0.74727129
0.74728498
0.74729695
0.74730741
0.74731656
0.74732459
0.74733163
0.74733785
0.74734355
0.74734881
0.7473537
0.74735829
0.74736264
0.74736678
0.74737077
0.74737465
0.74737844
0.74738217
0.74738587
0.74738956
0.74739326
0.74739698
0.74740074
0.74740454
0.74740839
0.74741231
0.74741628
0.74742033
0.74742445
0.74742864
0.74743291
0.74743725
0.74744167
0.74744616
0.74745073
0.74745536
0.74746006
0.74746483
0.74746966
0.74747456
0.74747951
0.74748452
0.74748959
0.7474947
0.74749986
0.74750507
0.74751032
0.74751561
0.74752094
0.7475263
0.7475317
0.74753713
0.74754258
0.74754806
0.74755357
0.74755909
0.74756464
0.74757021
0.74757579
0.74758139
0.74758701
0.74759263
0.74759827
0.74760392
0.74760958
0.74761525
0.74762092
0.7476266
0.74763229
0.74763798
0.74764368
0.74764937
0.74765508
0.74766078
0.74766649
0.74767219
0.7476779
0.74768361
0.74768932
0.74769503
0.74770074
0.74770644
0.74771215
0.74771786
0.74772356
0.74772927
0.74773497
0.74774067
0.74774637
0.74775207
0.74775777
0.74776346
0.74776916
0.74777485
0.74778054
0.74778623
0.74779191
0.7477976
0.74780328
0.74780897
0.74781465
0.74782033
0.747826
0.74783168
0.74783736
0.74784303
0.74784871
0.74785438
0.74786005
0.74786572
0.74787139
0.74787706
0.74788273
0.7478884
0.74789407
0.74789974
0.74790541
0.74791108
0.74791674
0.74792241
0.74792808
0.74793374
0.7479394
0.74794506
0.74795071
0.71428571
0.71428571
0.71428572
0.71428577
0.71428618
0.71428831
0.71429621
0.71431897
0.71437299
0.71448281
0.71467983
0.71499886
0.71547351
0.71613162
0.7169917
0.71806115
0.71933608
0.72080259
0.72243885
0.72421761
0.72610864
0.72808089
0.73010418
0.73215047
0.73419466
0.73621499
0.73819321
0.74011449
0.74196719
0.74374258
0.74543449
0.74703894
0.74855381
0.7499785
0.75131368
0.75256098
0.75372282
0.75480217
0.75580244
0.75672732
0.75758069
0.7583665
0.75908873
0.75975134
0.76035819
0.76091305
0.76141956
0.76188119
0.76230126
0.76268292
0.76302915
0.76334277
0.76362639
0.7638825
0.76411339
0.76432122
0.76450797
0.76467552
0.76482556
0.76495969
0.76507938
0.76518598
0.76528072
0.76536475
0.76543912
0.76550478
0.76556262
0.76561344
0.76565796
0.76569685
0.76573073
0.76576014
0.76578557
0.76580749
0.7658263
0.76584237
0.76585604
0.7658676
0.76587732
0.76588546
0.76589221
0.76589778
0.76590234
0.76590628
0.76590962
0.76591245
0.76591486
0.76591694
0.76591874
0.76592034
0.76592178
0.76592311
0.76592437
0.76592559
0.7659268
0.76592803
0.7659293
0.76593062
0.765932
0.76593347
0.76593503
0.76593668
0.76593843
0.76594029
0.76594225
0.76594433
0.76594651
0.7659488
0.7659512
0.7659537
0.7659563
0.765959
0.7659618
0.76596469
0.76596767
0.76597073
0.76597387
0.76597709
0.76598039
0.76598375
0.76598718
0.76599067
0.76599422
0.76599783
0.76600148
0.76600519
0.76600893
0.76601272
0.76601655
0.76602041
0.76602431
0.76602824
0.76603219
0.76603617
0.76604017
0.7660442
0.76604825
0.76605231
0.76605639
0.76606048
0.76606459
0.76606871
0.76607284
0.76607698
0.76608113
0.76608528
0.76608944
0.76609361
0.76609778
0.76610196
0.76610614
0.76611032
0.76611451
0.76611869
0.76612288
0.76612707
0.76613126
0.76613545
0.76613965
0.76614384
0.76614803
0.76615222
0.76615641
0.7661606
0.76616479
0.76616898
0.76617317
0.76617736
0.76618154
0.76618573
0.76618991
0.7661941
0.76619828
0.76620246
0.76620665
0.76621083
0.76621501
0.76621919
0.76622337
0.76622755
0.76623173
0.76623591
0.76624009
0.76624427
0.76624846
0.76625264
0.76625682
0.766261
0.76626519
0.76626937
0.76627356
0.76627774
0.76628193
0.76628612
0.76629031
0.7662945
0.76629868
0.76630287
0.76630706
0.76631123
0.71428571
0.71428572
0.71428575
0.71428623
0.71428933
0.71430235
0.71434282
0.71444299
0.71465084
0.71502592
0.71563082
0.71652103
0.71773615
0.71929469
0.72119276
0.7234064
0.725896
0.72861173
0.73149875
0.73450173
0.7375682
0.74065082
0.74370865
0.74670763
0.74962051
0.75242635
0.7551099
0.75766078
0.76007274
0.76234287
0.76447098
0.76645896
0.76831029
0.77002965
0.77162252
0.77309495
0.77445331
0.77570413
0.77685393
0.77790919
0.7788762
0.77976107
0.78056964
0.78130748
0.78197988
0.78259183
0.78314804
0.7836529
0.78411055
0.78452484
0.78489936
0.78523744
0.78554218
0.78581645
0.78606291
0.78628401
0.78648202
0.78665903
0.78681697
0.7869576
0.78708254
0.78719331
0.78729125
0.78737762
0.78745358
0.78752016
0.78757832
0.78762894
0.7876728
0.78771063
0.78774309
0.78777076
0.78779418
0.78781385
0.7878302
0.78784363
0.7878545
0.78786313
0.7878698
0.78787479
0.78787831
0.78788058
0.78788178
0.78788229
0.78788207
0.78788124
0.7878799
0.78787817
0.78787611
0.78787381
0.78787132
0.78786871
0.78786602
0.78786329
0.78786056
0.78785785
0.7878552
0.78785262
0.78785013
0.78784774
0.78784547
0.78784333
0.78784131
0.78783943
0.78783768
0.78783607
0.7878346
0.78783327
0.78783207
0.787831
0.78783006
0.78782925
0.78782856
0.78782798
0.78782752
0.78782716
0.7878269
0.78782675
0.78782668
0.78782671
0.78782681
0.787827
0.78782726
0.78782758
0.78782798
0.78782843
0.78782894
0.7878295
0.78783011
0.78783077
0.78783147
0.78783221
0.78783299
0.7878338
0.78783464
0.78783551
0.7878364
0.78783732
0.78783826
0.78783922
0.7878402
0.7878412
0.78784221
0.78784323
0.78784427
0.78784531
0.78784637
0.78784743
0.78784851
0.78784958
0.78785067
0.78785176
0.78785286
0.78785396
0.78785506
0.78785617
0.78785728
0.78785839
0.7878595
0.78786062
0.78786173
0.78786285
0.78786397
0.78786509
0.78786621
0.78786733
0.78786846
0.78786958
0.7878707
0.78787183
0.78787295
0.78787408
0.7878752
0.78787633
0.78787746
0.78787858
0.78787971
0.78788084
0.78788197
0.78788311
0.78788424
0.78788538
0.78788651
0.78788765
0.78788879
0.78788994
0.78789108
0.78789223
0.78789338
0.78789453
0.78789568
0.78789684
0.787898
0.78789916
0.78790032
0.78790148
0.78790265
0.78790381
0.78790498
0.78790614
0.71428571
0.71428573
0.7142862
0.71429038
0.71431121
0.714382
0.71456522
0.71495219
0.7156508
0.71676529
0.71837572
0.7205237
0.72320751
0.7263859
0.72998739
0.73392202
0.73809247
0.74240319
0.7467668
0.75110787
0.75536448
0.75948831
0.76344362
0.76720575
0.77075928
0.77409635
0.77721498
0.78011766
0.78281015
0.78530052
0.78759834
0.78971408
0.7916587
0.79344324
0.7950786
0.79657541
0.79794384
0.79919359
0.8003338
0.80137308
0.80231947
0.80318046
0.80396303
0.80467363
0.80531825
0.80590243
0.80643127
0.80690948
0.80734143
0.8077311
0.80808219
0.80839809
0.80868191
0.80893653
0.80916457
0.80936845
0.80955039
0.80971242
0.8098564
0.80998405
0.81009692
0.81019644
0.81028391
0.81036053
0.81042739
0.81048547
0.81053568
0.81057883
0.81061569
0.81064692
0.81067313
0.8106949
0.81071272
0.81072704
0.81073829
0.81074682
0.81075298
0.81075706
0.81075934
0.81076006
0.81075942
0.81075763
0.81075501
0.81075152
0.81074725
0.81074235
0.81073692
0.81073107
0.81072488
0.81071845
0.81071183
0.81070508
0.81069826
0.81069141
0.81068456
0.81067775
0.81067101
0.81066435
0.8106578
0.81065136
0.81064506
0.81063889
0.81063287
0.810627
0.81062128
0.81061572
0.8106103
0.81060504
0.81059993
0.81059496
0.81059014
0.81058545
0.8105809
0.81057647
0.81057217
0.81056799
0.81056392
0.81055996
0.8105561
0.81055234
0.81054867
0.81054509
0.81054159
0.81053817
0.81053482
0.81053153
0.81052831
0.81052515
0.81052205
0.81051899
0.81051599
0.81051303
0.81051011
0.81050723
0.81050438
0.81050157
0.81049878
0.81049603
0.8104933
0.81049059
0.81048791
0.81048524
0.81048259
0.81047996
0.81047735
0.81047475
0.81047216
0.81046958
0.81046701
0.81046446
0.81046191
0.81045937
0.81045683
0.81045431
0.81045179
0.81044927
0.81044676
0.81044425
0.81044175
0.81043925
0.81043676
0.81043427
0.81043178
0.81042929
0.81042681
0.81042433
0.81042185
0.81041938
0.8104169
0.81041443
0.81041197
0.8104095
0.81040704
0.81040458
0.81040212
0.81039967
0.81039721
0.81039477
0.81039232
0.81038988
0.81038744
0.810385
0.81038257
0.81038014
0.81037772
0.81037529
0.81037288
0.81037046
0.81036806
0.81036565
0.81036325
0.81036085
0.81035846
0.81035607
0.81035368
0.8103513
0.81034892
0.81034655
0.81034417
0.8103418
0.71428572
0.71428604
0.71429121
0.71432396
0.71444823
0.71478526
0.71550547
0.71679435
0.71880729
0.72163298
0.72527746
0.72966934
0.73467964
0.74014709
0.7459019
0.75178393
0.75765411
0.76339992
0.76893622
0.77420331
0.7791633
0.78379601
0.78809495
0.79206368
0.79571281
0.79905754
0.80211585
0.80490711
0.80745105
0.80976715
0.81187414
0.81378973
0.8155305
0.81711181
0.8185478
0.81985143
0.82103456
0.82210799
0.82308155
0.8239642
0.82476406
0.82548854
0.82614438
0.82673771
0.8272741
0.82775863
0.82819594
0.82859026
0.82894543
0.82926498
0.82955212
0.82980978
0.83004065
0.83024718
0.83043161
0.83059598
0.83074217
0.83087189
0.83098669
0.83108801
0.83117714
0.83125528
0.83132351
0.83138282
0.8314341
0.83147818
0.83151581
0.83154765
0.83157433
0.8315964
0.83161438
0.83162871
0.83163982
0.83164807
0.83165381
0.83165734
0.83165894
0.83165884
0.83165728
0.83165445
0.83165052
0.83164566
0.83164014
0.83163378
0.83162671
0.83161905
0.83161091
0.8316024
0.83159358
0.83158454
0.83157534
0.83156603
0.83155665
0.83154726
0.83153788
0.83152855
0.83151928
0.8315101
0.83150103
0.83149207
0.83148324
0.83147454
0.83146599
0.83145758
0.83144932
0.83144121
0.83143325
0.83142543
0.83141775
0.83141022
0.83140282
0.83139555
0.83138842
0.8313814
0.83137451
0.83136773
0.83136106
0.83135449
0.83134802
0.83134165
0.83133536
0.83132916
0.83132304
0.83131699
0.83131101
0.8313051
0.83129925
0.83129345
0.83128772
0.83128203
0.83127638
0.83127079
0.83126523
0.83125971
0.83125423
0.83124877
0.83124335
0.83123796
0.83123259
0.83122725
0.83122193
0.83121662
0.83121134
0.83120608
0.83120083
0.83119559
0.83119037
0.83118516
0.83117997
0.83117478
0.83116961
0.83116444
0.83115928
0.83115413
0.83114899
0.83114385
0.83113872
0.8311336
0.83112848
0.83112337
0.83111826
0.83111316
0.83110806
0.83110296
0.83109787
0.83109278
0.8310877
0.83108262
0.83107755
0.83107248
0.83106741
0.83106235
0.83105729
0.83105224
0.83104718
0.83104214
0.8310371
0.83103206
0.83102702
0.831022
0.83101697
0.83101195
0.83100694
0.83100193
0.83099692
0.83099192
0.83098693
0.83098194
0.83097695
0.83097197
0.830967
0.83096203
0.83095707
0.83095211
0.83094716
0.83094221
0.83093726
0.83093232
0.83092739
0.83092246
0.71428579
0.71429121
0.71434267
0.71456853
0.7152097
0.71657864
0.71896812
0.72256081
0.72738188
0.73330456
0.74009298
0.7474582
0.75510853
0.7627846
0.77027791
0.777436
0.78415871
0.79038996
0.79610794
0.80131563
0.80603272
0.81028919
0.81412043
0.81756389
0.82065675
0.82343449
0.8259301
0.82817367
0.83019233
0.8320103
0.83364905
0.83512762
0.83646279
0.83766937
0.83876043
0.83974755
0.84064096
0.84144976
0.84218204
0.84284502
0.84344518
0.84398831
0.84447965
0.84492389
0.84532531
0.84568775
0.84601472
0.84630941
0.8465747
0.84681324
0.84702744
0.8472195
0.84739143
0.84754505
0.84768206
0.84780398
0.84791221
0.84800805
0.84809265
0.8481671
0.84823238
0.84828936
0.84833888
0.84838168
0.84841842
0.84844974
0.84847619
0.84849828
0.84851648
0.84853121
0.84854285
0.84855175
0.84855822
0.84856254
0.84856496
0.84856573
0.84856504
0.84856308
0.84856002
0.84855601
0.84855117
0.84854564
0.84853957
0.84853282
0.8485255
0.8485177
0.84850952
0.84850104
0.84849231
0.84848341
0.84847439
0.84846528
0.84845612
0.84844696
0.84843782
0.84842871
0.84841967
0.84841071
0.84840183
0.84839306
0.8483844
0.84837585
0.84836742
0.84835912
0.84835094
0.84834288
0.84833495
0.84832715
0.84831946
0.84831189
0.84830444
0.8482971
0.84828987
0.84828274
0.84827571
0.84826878
0.84826194
0.84825519
0.84824852
0.84824193
0.84823541
0.84822897
0.84822259
0.84821627
0.84821001
0.84820381
0.84819766
0.84819156
0.84818551
0.84817949
0.84817352
0.84816758
0.84816168
0.84815581
0.84814998
0.84814416
0.84813838
0.84813262
0.84812688
0.84812116
0.84811546
0.84810978
0.84810411
0.84809846
0.84809282
0.8480872
0.84808159
0.84807599
0.8480704
0.84806482
0.84805925
0.84805368
0.84804813
0.84804258
0.84803704
0.8480315
0.84802597
0.84802045
0.84801493
0.84800942
0.84800391
0.84799841
0.84799291
0.84798741
0.84798192
0.84797643
0.84797095
0.84796547
0.84795999
0.84795452
0.84794905
0.84794359
0.84793813
0.84793267
0.84792722
0.84792177
0.84791633
0.84791089
0.84790545
0.84790002
0.84789459
0.84788917
0.84788375
0.84787834
0.84787293
0.84786753
0.84786213
0.84785674
0.84785135
0.84784596
0.84784058
0.84783521
0.84782984
0.84782447
0.84781911
0.84781376
0.84780841
0.84780306
0.84779772
0.84779238
0.71428877
0.7143706
0.71481904
0.71613913
0.71887775
0.72340075
0.72976328
0.73771739
0.7468141
0.75653163
0.76638014
0.77596362
0.78500192
0.7933254
0.8008553
0.80757987
0.8135319
0.8187704
0.82336704
0.82739683
0.83093237
0.83404049
0.83678076
0.83920507
0.84135791
0.84327702
0.84499417
0.84653601
0.84792487
0.84917946
0.85031551
0.85134632
0.85228317
0.85313569
0.85391221
0.85461994
0.85526519
0.85585355
0.85638997
0.85687888
0.85732427
0.85772978
0.85809869
0.85843401
0.85873849
0.85901468
0.8592649
0.8594913
0.85969586
0.85988042
0.86004667
0.86019617
0.86033037
0.86045059
0.86055807
0.86065394
0.86073924
0.86081494
0.86088192
0.860941
0.86099292
0.86103836
0.86107796
0.86111229
0.86114188
0.8611672
0.8611887
0.86120677
0.86122177
0.86123404
0.86124388
0.86125156
0.86125733
0.8612614
0.86126398
0.86126526
0.86126538
0.86126451
0.86126277
0.86126029
0.86125716
0.86125348
0.86124937
0.86124474
0.86123969
0.86123429
0.86122859
0.86122268
0.86121658
0.86121036
0.86120404
0.86119767
0.86119126
0.86118485
0.86117846
0.8611721
0.86116579
0.86115955
0.86115337
0.86114727
0.86114126
0.86113534
0.86112951
0.86112377
0.86111814
0.8611126
0.86110715
0.8611018
0.86109654
0.86109137
0.86108629
0.8610813
0.86107639
0.86107156
0.8610668
0.86106212
0.86105751
0.86105297
0.86104848
0.86104406
0.8610397
0.86103539
0.86103112
0.86102691
0.86102274
0.86101861
0.86101453
0.86101048
0.86100646
0.86100248
0.86099852
0.86099459
0.86099069
0.86098682
0.86098296
0.86097913
0.86097531
0.86097151
0.86096773
0.86096397
0.86096021
0.86095647
0.86095275
0.86094903
0.86094532
0.86094163
0.86093794
0.86093425
0.86093058
0.86092691
0.86092325
0.86091959
0.86091594
0.8609123
0.86090865
0.86090502
0.86090138
0.86089775
0.86089412
0.8608905
0.86088688
0.86088326
0.86087964
0.86087603
0.86087242
0.86086881
0.8608652
0.8608616
0.860858
0.8608544
0.8608508
0.8608472
0.86084361
0.86084002
0.86083643
0.86083284
0.86082926
0.86082568
0.8608221
0.86081852
0.86081495
0.86081138
0.86080781
0.86080424
0.86080068
0.86079712
0.86079356
0.86079001
0.86078646
0.86078291
0.86077937
0.86077583
0.86077229
0.86076876
0.86076522
0.86076169
0.86075817
0.86075464
0.86075112
0.8607476
0.71440224
0.71548802
0.71868221
0.72470015
0.73353416
0.74456162
0.75685118
0.76946209
0.78163395
0.79285739
0.80286205
0.81156451
0.81900739
0.82530592
0.83060825
0.83506904
0.83883397
0.84203192
0.84477223
0.84714486
0.84922218
0.8510614
0.85270714
0.85419385
0.85554794
0.85678957
0.85793414
0.85899341
0.85997649
0.86089048
0.86174108
0.86253291
0.86326988
0.86395535
0.86459232
0.86518355
0.86573158
0.86623883
0.8667076
0.86714012
0.86753854
0.86790493
0.86824129
0.86854956
0.8688316
0.86908919
0.86932406
0.86953782
0.86973204
0.86990818
0.87006763
0.87021172
0.87034166
0.87045863
0.8705637
0.87065789
0.87074213
0.8708173
0.87088422
0.87094363
0.87099623
0.87104267
0.87108352
0.87111934
0.87115062
0.87117782
0.87120135
0.8712216
0.87123891
0.87125359
0.87126595
0.87127623
0.87128467
0.8712915
0.87129689
0.87130104
0.87130408
0.87130617
0.87130744
0.87130798
0.87130792
0.87130739
0.87130646
0.87130512
0.87130344
0.87130148
0.87129931
0.87129695
0.87129446
0.87129187
0.8712892
0.87128649
0.87128376
0.87128103
0.87127832
0.87127563
0.87127298
0.87127038
0.87126784
0.87126537
0.87126296
0.87126062
0.87125836
0.87125617
0.87125406
0.87125202
0.87125006
0.87124818
0.87124637
0.87124463
0.87124296
0.87124136
0.87123982
0.87123835
0.87123693
0.87123558
0.87123427
0.87123302
0.87123182
0.87123066
0.87122955
0.87122848
0.87122745
0.87122645
0.87122549
0.87122456
0.87122366
0.87122278
0.87122194
0.87122111
0.87122031
0.87121953
0.87121877
0.87121803
0.8712173
0.87121658
0.87121588
0.87121519
0.87121452
0.87121385
0.87121319
0.87121254
0.8712119
0.87121127
0.87121064
0.87121001
0.8712094
0.87120878
0.87120817
0.87120756
0.87120696
0.87120636
0.87120576
0.87120516
0.87120457
0.87120397
0.87120338
0.87120279
0.8712022
0.87120161
0.87120102
0.87120043
0.87119984
0.87119925
0.87119866
0.87119807
0.87119748
0.87119689
0.8711963
0.87119571
0.87119512
0.87119453
0.87119394
0.87119336
0.87119277
0.87119218
0.87119159
0.871191
0.87119041
0.87118983
0.87118924
0.87118865
0.87118807
0.87118748
0.8711869
0.87118631
0.87118573
0.87118515
0.87118457
0.87118399
0.87118341
0.87118283
0.87118225
0.87118167
0.8711811
0.87118052
0.87117995
0.87117937
0.87117879
0.87117822
0.71849781
0.72928413
0.74430583
0.76114694
0.777847
0.79311659
0.80630424
0.81723904
0.82605051
0.83301983
0.83847827
0.84274772
0.84611149
0.84880396
0.85101071
0.85287364
0.85449801
0.85595959
0.85731114
0.85858807
0.85981291
0.86099901
0.86215328
0.86327839
0.86437425
0.86543922
0.86647089
0.86746659
0.86842381
0.86934036
0.87021451
0.87104505
0.87183127
0.87257295
0.87327031
0.87392397
0.87453487
0.87510421
0.87563343
0.87612413
0.87657803
0.87699693
0.8773827
0.8777372
0.87806231
0.87835989
0.87863173
0.87887961
0.87910521
0.87931017
0.87949603
0.87966426
0.87981627
0.87995336
0.88007677
0.88018766
0.88028709
0.88037609
0.88045558
0.88052643
0.88058944
0.88064535
0.88069483
0.88073852
0.88077699
0.88081076
0.88084033
0.88086611
0.88088853
0.88090794
0.88092468
0.88093905
0.88095131
0.88096172
0.88097051
0.88097786
0.88098396
0.88098898
0.88099305
0.88099631
0.88099888
0.88100103
0.88100271
0.88100402
0.881005
0.88100572
0.88100624
0.88100658
0.8810068
0.88100693
0.88100699
0.88100702
0.88100702
0.88100703
0.88100706
0.88100711
0.88100721
0.88100736
0.88100756
0.88100783
0.88100817
0.88100857
0.88100905
0.8810096
0.88101022
0.88101092
0.8810117
0.88101254
0.88101346
0.88101444
0.8810155
0.88101661
0.88101779
0.88101903
0.88102032
0.88102167
0.88102308
0.88102453
0.88102602
0.88102756
0.88102915
0.88103077
0.88103242
0.88103411
0.88103583
0.88103759
0.88103936
0.88104117
0.881043
0.88104485
0.88104672
0.8810486
0.88105051
0.88105243
0.88105436
0.88105631
0.88105827
0.88106023
0.88106221
0.8810642
0.88106619
0.88106819
0.8810702
0.88107221
0.88107422
0.88107624
0.88107826
0.88108029
0.88108231
0.88108434
0.88108637
0.8810884
0.88109044
0.88109247
0.8810945
0.88109653
0.88109856
0.88110059
0.88110262
0.88110465
0.88110668
0.88110871
0.88111074
0.88111276
0.88111479
0.88111681
0.88111883
0.88112085
0.88112287
0.88112489
0.8811269
0.88112892
0.88113093
0.88113294
0.88113495
0.88113696
0.88113897
0.88114098
0.88114299
0.88114499
0.881147
0.881149
0.881151
0.88115301
0.88115501
0.88115701
0.88115901
0.88116101
0.88116301
0.88116501
0.88116701
0.88116901
0.88117101
0.88117301
0.881175
0.881177
0.881179
0.88118099
0.88118298
0.88118497
0.85691537
0.85673639
0.85662208
0.85657101
0.85657111
0.85660765
0.85667002
0.85675621
0.85687432
0.85704125
0.85727925
0.85761149
0.85805801
0.8586328
0.85934235
0.86018556
0.8611546
0.86223635
0.86341402
0.86466877
0.86598104
0.86733163
0.86870248
0.87007721
0.8714414
0.87278272
0.87409092
0.87535773
0.87657669
0.87774301
0.87885333
0.87990554
0.88089859
0.88183232
0.88270728
0.8835246
0.88428588
0.88499306
0.88564833
0.8862541
0.88681284
0.88732714
0.88779957
0.8882327
0.88862907
0.88899113
0.88932127
0.88962179
0.88989488
0.89014261
0.89036697
0.89056981
0.89075289
0.89091785
0.89106623
0.89119945
0.89131885
0.89142566
0.89152103
0.89160601
0.89168159
0.89174865
0.89180803
0.89186048
0.89190669
0.89194731
0.89198291
0.89201402
0.89204112
0.89206466
0.89208502
0.89210257
0.89211764
0.89213052
0.89214148
0.89215075
0.89215855
0.89216507
0.89217049
0.89217496
0.89217862
0.89218183
0.89218453
0.89218679
0.8921887
0.89219031
0.8921917
0.8921929
0.89219397
0.89219494
0.89219584
0.89219671
0.89219756
0.89219842
0.89219931
0.89220024
0.89220122
0.89220226
0.89220338
0.89220457
0.89220584
0.8922072
0.89220865
0.89221018
0.8922118
0.89221351
0.8922153
0.89221718
0.89221915
0.89222119
0.89222331
0.89222551
0.89222779
0.89223013
0.89223254
0.89223501
0.89223754
0.89224013
0.89224277
0.89224547
0.89224821
0.892251
0.89225383
0.89225669
0.8922596
0.89226254
0.89226551
0.89226851
0.89227154
0.89227459
0.89227767
0.89228077
0.89228388
0.89228702
0.89229017
0.89229334
0.89229652
0.89229971
0.89230291
0.89230612
0.89230934
0.89231257
0.8923158
0.89231904
0.89232229
0.89232554
0.89232879
0.89233205
0.89233531
0.89233857
0.89234184
0.8923451
0.89234837
0.89235163
0.8923549
0.89235817
0.89236143
0.8923647
0.89236796
0.89237123
0.89237449
0.89237775
0.89238101
0.89238427
0.89238753
0.89239079
0.89239405
0.8923973
0.89240055
0.8924038
0.89240705
0.8924103
0.89241355
0.8924168
0.89242004
0.89242328
0.89242653
0.89242977
0.89243301
0.89243625
0.89243948
0.89244272
0.89244596
0.8924492
0.89245243
0.89245567
0.8924589
0.89246214
0.89246537
0.89246861
0.89247184
0.89247507
0.89247831
0.89248154
0.89248477
0.892488
0.89249124
0.89249446
0.89249769
0.89250091
0.85714248
0.85714189
0.85714128
0.85714105
0.8571429
0.85715277
0.85718485
0.8572643
0.85742631
0.85771125
0.85815773
0.85879628
0.85964508
0.86070853
0.86197813
0.86343492
0.86505252
0.86680027
0.86864593
0.87055777
0.8725061
0.87446423
0.87640897
0.87832079
0.88018375
0.88198526
0.88371575
0.88536832
0.88693837
0.88842322
0.88982178
0.89113428
0.89236195
0.89350685
0.89457166
0.8955595
0.8964738
0.8973182
0.89809647
0.89881241
0.8994698
0.90007237
0.90062376
0.90112749
0.90158694
0.90200533
0.90238575
0.9027311
0.90304412
0.90332741
0.90358339
0.90381431
0.90402229
0.9042093
0.90437717
0.90452759
0.90466214
0.90478225
0.90488926
0.90498442
0.90506884
0.90514357
0.90520956
0.90526769
0.90531875
0.90536346
0.9054025
0.90543647
0.90546592
0.90549134
0.90551319
0.90553188
0.90554778
0.90556122
0.90557251
0.90558191
0.90558967
0.90559601
0.90560112
0.90560517
0.90560835
0.90561103
0.90561311
0.90561469
0.90561587
0.90561671
0.90561729
0.90561766
0.90561789
0.905618
0.90561805
0.90561807
0.90561808
0.90561811
0.90561818
0.9056183
0.9056185
0.90561878
0.90561915
0.90561961
0.90562018
0.90562085
0.90562164
0.90562253
0.90562353
0.90562464
0.90562586
0.90562718
0.9056286
0.90563013
0.90563175
0.90563346
0.90563527
0.90563715
0.90563913
0.90564117
0.90564329
0.90564549
0.90564774
0.90565006
0.90565244
0.90565488
0.90565736
0.9056599
0.90566248
0.9056651
0.90566776
0.90567045
0.90567318
0.90567594
0.90567873
0.90568155
0.90568439
0.90568725
0.90569013
0.90569303
0.90569595
0.90569889
0.90570183
0.90570479
0.90570776
0.90571075
0.90571374
0.90571673
0.90571974
0.90572275
0.90572577
0.90572879
0.90573181
0.90573484
0.90573787
0.90574091
0.90574395
0.90574698
0.90575002
0.90575306
0.9057561
0.90575914
0.90576218
0.90576523
0.90576827
0.90577131
0.90577435
0.90577739
0.90578043
0.90578346
0.9057865
0.90578954
0.90579257
0.90579561
0.90579864
0.90580167
0.90580471
0.90580774
0.90581077
0.9058138
0.90581683
0.90581986
0.90582289
0.90582592
0.90582895
0.90583197
0.905835
0.90583803
0.90584106
0.90584409
0.90584712
0.90585015
0.90585318
0.90585621
0.90585924
0.90586228
0.90586531
0.90586834
0.90587138
0.90587441
0.90587744
0.90588047
0.9058835
0.90588653
0.85714286
0.85714286
0.85714298
0.85714457
0.85715446
0.8571924
0.8572974
0.85752679
0.85794697
0.85861994
0.85959127
0.8608832
0.86249357
0.86439906
0.86656082
0.86893069
0.87145669
0.87408738
0.87677487
0.87947666
0.8821565
0.88478459
0.88733727
0.88979652
0.89214926
0.8943866
0.89650319
0.89849653
0.90036639
0.90211436
0.90374335
0.9052573
0.90666085
0.90795916
0.90915764
0.91026189
0.91127751
0.91221007
0.91306502
0.91384764
0.91456301
0.91521597
0.91581115
0.91635291
0.91684537
0.91729242
0.91769766
0.91806452
0.91839613
0.91869547
0.91896526
0.91920805
0.91942619
0.91962186
0.91979707
0.91995367
0.92009338
0.92021777
0.92032828
0.92042624
0.92051286
0.92058925
0.92065645
0.92071536
0.92076685
0.92081169
0.92085057
0.92088415
0.92091299
0.92093764
0.92095855
0.92097618
0.92099089
0.92100305
0.92101298
0.92102095
0.92102722
0.92103202
0.92103555
0.921038
0.92103981
0.92104083
0.92104119
0.921041
0.92104036
0.92103937
0.92103808
0.92103659
0.92103493
0.92103316
0.92103133
0.92102947
0.92102762
0.9210258
0.92102403
0.92102233
0.92102072
0.92101922
0.92101782
0.92101653
0.92101538
0.92101434
0.92101344
0.92101266
0.92101201
0.92101149
0.9210111
0.92101082
0.92101067
0.92101064
0.92101071
0.9210109
0.92101118
0.92101157
0.92101205
0.92101262
0.92101328
0.92101402
0.92101484
0.92101572
0.92101668
0.9210177
0.92101878
0.92101992
0.9210211
0.92102234
0.92102362
0.92102495
0.92102631
0.92102771
0.92102914
0.92103061
0.9210321
0.92103362
0.92103516
0.92103673
0.92103831
0.92103991
0.92104153
0.92104316
0.92104481
0.92104647
0.92104814
0.92104982
0.92105151
0.92105321
0.92105491
0.92105662
0.92105834
0.92106006
0.92106178
0.92106351
0.92106524
0.92106697
0.92106871
0.92107045
0.92107219
0.92107393
0.92107567
0.92107741
0.92107915
0.92108089
0.92108263
0.92108437
0.92108612
0.92108786
0.9210896
0.92109134
0.92109308
0.92109482
0.92109656
0.9210983
0.92110004
0.92110178
0.92110352
0.92110526
0.921107
0.92110874
0.92111049
0.92111223
0.92111397
0.92111571
0.92111745
0.9211192
0.92112094
0.92112269
0.92112443
0.92112618
0.92112793
0.92112968
0.92113143
0.92113318
0.92113494
0.92113669
0.92113844
0.9211402
0.92114196
0.92114371
0.92114547
0.92114722
0.85714286
0.85714288
0.85714371
0.85715194
0.857193
0.85732522
0.85764082
0.85824845
0.85924643
0.86070012
0.86263114
0.86501873
0.86780899
0.87092716
0.8742893
0.87781152
0.88141626
0.88503592
0.88861431
0.89210681
0.8954795
0.8987079
0.90177556
0.9046726
0.90739435
0.90994024
0.91231277
0.91451669
0.91655835
0.91844519
0.92018529
0.92178709
0.92325912
0.92460986
0.92584757
0.92698027
0.92801558
0.9289608
0.92982277
0.93060797
0.93132246
0.93197189
0.93256153
0.93309629
0.93358073
0.93401906
0.93441519
0.93477273
0.93509502
0.93538513
0.9356459
0.93587993
0.93608964
0.93627724
0.93644474
0.93659402
0.93672678
0.9368446
0.9369489
0.93704099
0.93712207
0.93719325
0.93725552
0.93730978
0.93735687
0.93739754
0.93743248
0.93746232
0.9374876
0.93750885
0.93752653
0.93754105
0.93755279
0.93756209
0.93756925
0.93757456
0.93757824
0.93758053
0.93758162
0.93758169
0.93758115
0.9375798
0.93757778
0.93757519
0.93757216
0.93756876
0.93756508
0.93756118
0.93755713
0.93755298
0.93754878
0.93754455
0.93754035
0.93753618
0.93753208
0.93752807
0.93752416
0.93752036
0.93751668
0.93751314
0.93750972
0.93750645
0.93750332
0.93750032
0.93749747
0.93749476
0.93749218
0.93748974
0.93748742
0.93748523
0.93748316
0.93748121
0.93747937
0.93747764
0.937476
0.93747447
0.93747303
0.93747167
0.9374704
0.9374692
0.93746808
0.93746703
0.93746604
0.93746511
0.93746423
0.93746341
0.93746264
0.93746192
0.93746123
0.93746059
0.93745998
0.9374594
0.93745886
0.93745834
0.93745785
0.93745738
0.93745693
0.93745651
0.9374561
0.93745571
0.93745533
0.93745497
0.93745462
0.93745428
0.93745395
0.93745363
0.93745331
0.93745301
0.93745271
0.93745241
0.93745212
0.93745184
0.93745156
0.93745128
0.937451
0.93745073
0.93745046
0.93745019
0.93744992
0.93744966
0.93744939
0.93744913
0.93744886
0.9374486
0.93744834
0.93744807
0.93744781
0.93744755
0.93744729
0.93744703
0.93744677
0.93744651
0.93744624
0.93744598
0.93744572
0.93744547
0.93744521
0.93744495
0.93744469
0.93744444
0.93744418
0.93744393
0.93744368
0.93744342
0.93744317
0.93744293
0.93744268
0.93744243
0.93744219
0.93744195
0.93744171
0.93744147
0.93744123
0.937441
0.93744076
0.93744053
0.9374403
0.93744007
0.93743984
0.93743961
0.85714286
0.85714308
0.85714831
0.85718749
0.85734413
0.85776514
0.85862871
0.86009018
0.86223863
0.86508154
0.86855463
0.87254505
0.87691668
0.88153074
0.88625976
0.89099506
0.89564951
0.90015705
0.90447058
0.90855897
0.91240399
0.91599747
0.91933876
0.92243267
0.92528784
0.92791538
0.93032792
0.93253889
0.93456193
0.93641056
0.93809791
0.93963653
0.9410383
0.94231439
0.9434752
0.9445304
0.94548894
0.94635908
0.94714843
0.94786396
0.9485121
0.94909874
0.94962926
0.9501086
0.95054131
0.95093151
0.951283
0.95159926
0.95188347
0.95213852
0.95236709
0.9525716
0.95275428
0.95291716
0.95306211
0.95319082
0.95330485
0.95340561
0.95349439
0.95357238
0.95364065
0.95370018
0.95375186
0.9537965
0.95383484
0.95386755
0.95389523
0.95391844
0.95393768
0.95395339
0.95396598
0.95397582
0.95398324
0.95398854
0.95399199
0.95399382
0.95399426
0.95399349
0.95399169
0.95398902
0.95398577
0.95398175
0.9539771
0.95397192
0.95396633
0.9539604
0.95395421
0.95394784
0.95394132
0.95393473
0.95392809
0.95392145
0.95391483
0.95390827
0.95390178
0.95389538
0.95388909
0.95388291
0.95387687
0.95387095
0.95386517
0.95385954
0.95385404
0.95384869
0.95384347
0.9538384
0.95383346
0.95382865
0.95382397
0.95381942
0.95381499
0.95381068
0.95380647
0.95380237
0.95379838
0.95379448
0.95379067
0.95378695
0.9537833
0.95377974
0.95377625
0.95377283
0.95376947
0.95376617
0.95376292
0.95375973
0.95375659
0.95375349
0.95375043
0.95374742
0.95374444
0.95374149
0.95373857
0.95373568
0.95373282
0.95372998
0.95372717
0.95372437
0.95372159
0.95371883
0.95371608
0.95371335
0.95371063
0.95370793
0.95370523
0.95370254
0.95369986
0.95369719
0.95369452
0.95369187
0.95368921
0.95368656
0.95368392
0.95368128
0.95367865
0.95367601
0.95367338
0.95367076
0.95366813
0.95366551
0.95366289
0.95366027
0.95365765
0.95365503
0.95365241
0.9536498
0.95364719
0.95364457
0.95364196
0.95363935
0.95363674
0.95363413
0.95363152
0.95362892
0.95362631
0.95362371
0.9536211
0.9536185
0.9536159
0.95361331
0.95361071
0.95360811
0.95360552
0.95360293
0.95360034
0.95359776
0.95359517
0.95359259
0.95359001
0.95358743
0.95358486
0.95358228
0.95357971
0.95357715
0.95357458
0.95357202
0.95356945
0.95356689
0.95356433
0.95356177
0.85714287
0.85714482
0.85717541
0.85734625
0.85788923
0.85909979
0.86122425
0.8643747
0.86851122
0.87347653
0.87905035
0.88499829
0.89110524
0.89719254
0.90312335
0.90880051
0.91416096
0.91916884
0.92380893
0.92808089
0.93199462
0.93556667
0.93881751
0.94176965
0.9444462
0.94687004
0.94906316
0.95104634
0.95283892
0.95445879
0.9559223
0.95724438
0.95843857
0.95951715
0.96049121
0.96137075
0.9621648
0.96288152
0.96352825
0.96411161
0.96463759
0.9651116
0.9655385
0.96592273
0.96626827
0.96657875
0.96685744
0.96710733
0.96733111
0.96753124
0.96770995
0.96786926
0.96801101
0.96813688
0.9682484
0.96834696
0.9684338
0.9685101
0.96857688
0.9686351
0.96868562
0.96872922
0.96876663
0.96879849
0.96882538
0.96884784
0.96886635
0.96888135
0.96889322
0.96890234
0.96890901
0.96891354
0.96891618
0.96891717
0.96891671
0.968915
0.9689122
0.96890848
0.96890395
0.96889898
0.96889323
0.96888682
0.96887988
0.96887249
0.96886475
0.96885674
0.9688485
0.96884012
0.96883163
0.96882308
0.9688145
0.96880593
0.9687974
0.96878892
0.96878052
0.9687722
0.96876399
0.96875589
0.96874791
0.96874005
0.96873232
0.96872472
0.96871725
0.96870991
0.9687027
0.96869561
0.96868866
0.96868182
0.9686751
0.96866849
0.968662
0.9686556
0.96864931
0.96864312
0.96863702
0.96863101
0.96862508
0.96861922
0.96861345
0.96860774
0.9686021
0.96859652
0.96859099
0.96858553
0.96858011
0.96857474
0.96856942
0.96856414
0.96855889
0.96855368
0.96854851
0.96854336
0.96853825
0.96853316
0.96852809
0.96852305
0.96851803
0.96851302
0.96850804
0.96850307
0.96849811
0.96849317
0.96848824
0.96848332
0.96847841
0.96847351
0.96846862
0.96846374
0.96845887
0.968454
0.96844914
0.96844428
0.96843943
0.96843458
0.96842974
0.9684249
0.96842006
0.96841523
0.9684104
0.96840558
0.96840075
0.96839593
0.96839111
0.9683863
0.96838148
0.96837667
0.96837186
0.96836705
0.96836224
0.96835743
0.96835263
0.96834783
0.96834303
0.96833823
0.96833344
0.96832864
0.96832385
0.96831906
0.96831428
0.96830949
0.96830471
0.96829993
0.96829516
0.96829038
0.96828561
0.96828084
0.96827608
0.96827132
0.96826656
0.9682618
0.96825705
0.9682523
0.96824755
0.96824281
0.96823806
0.96823332
0.96822859
0.96822385
0.96821912
0.96821439
0.857143
0.85715913
0.85732317
0.85799622
0.8596788
0.86276662
0.86737769
0.87334691
0.88032881
0.88791817
0.8957376
0.90348223
0.91093164
0.91794307
0.92443661
0.93037911
0.93576978
0.94062881
0.94498877
0.94888866
0.95236981
0.95547326
0.95823821
0.96070114
0.96289538
0.96485103
0.96659501
0.9681513
0.9695411
0.97078317
0.97189403
0.97288825
0.97377865
0.97457656
0.97529192
0.97593355
0.97650922
0.97702582
0.97748945
0.97790554
0.97827889
0.97861382
0.97891415
0.9791833
0.97942437
0.97964008
0.97983293
0.98000514
0.98015871
0.98029545
0.980417
0.98052482
0.98062027
0.98070453
0.98077872
0.98084382
0.98090073
0.98095027
0.98099317
0.98103012
0.98106171
0.9810885
0.98111099
0.98112963
0.98114484
0.98115698
0.9811664
0.98117339
0.98117823
0.98118118
0.98118244
0.98118223
0.98118073
0.98117809
0.98117447
0.98116999
0.98116477
0.98115892
0.98115253
0.98114576
0.9811384
0.98113053
0.98112226
0.98111365
0.98110477
0.98109568
0.98108644
0.98107709
0.98106766
0.9810582
0.98104873
0.98103927
0.98102985
0.98102049
0.98101119
0.98100197
0.98099283
0.9809838
0.98097486
0.98096603
0.9809573
0.98094868
0.98094017
0.98093177
0.98092347
0.98091528
0.98090719
0.98089921
0.98089132
0.98088352
0.98087581
0.98086819
0.98086065
0.98085319
0.98084581
0.9808385
0.98083125
0.98082408
0.98081696
0.9808099
0.98080289
0.98079594
0.98078903
0.98078217
0.98077535
0.98076857
0.98076182
0.98075511
0.98074844
0.98074179
0.98073517
0.98072857
0.980722
0.98071546
0.98070893
0.98070242
0.98069593
0.98068946
0.980683
0.98067655
0.98067012
0.9806637
0.98065729
0.98065089
0.9806445
0.98063812
0.98063175
0.98062538
0.98061902
0.98061267
0.98060633
0.98059999
0.98059365
0.98058732
0.98058099
0.98057467
0.98056835
0.98056204
0.98055573
0.98054942
0.98054312
0.98053682
0.98053052
0.98052422
0.98051793
0.98051164
0.98050535
0.98049907
0.98049278
0.98048651
0.98048023
0.98047395
0.98046768
0.98046141
0.98045515
0.98044888
0.98044262
0.98043636
0.98043011
0.98042386
0.98041761
0.98041136
0.98040512
0.98039888
0.98039264
0.98038641
0.98038018
0.98037396
0.98036773
0.98036151
0.9803553
0.98034908
0.98034287
0.98033667
0.98033047
0.98032427
0.98031807
0.98031187
0.98030568
0.9802995
0.85714538
0.85726882
0.85806105
0.86040221
0.86494202
0.87173298
0.88030359
0.8899434
0.8999553
0.90978903
0.91907486
0.92760285
0.93528316
0.94210656
0.94811263
0.95336708
0.9579466
0.96192966
0.96539115
0.96839974
0.97101674
0.97329596
0.97528416
0.97702161
0.97854283
0.97987737
0.98105043
0.98208356
0.98299514
0.98380089
0.98451428
0.98514684
0.98570852
0.98620788
0.9866523
0.98704819
0.98740111
0.98771592
0.98799685
0.9882476
0.98847143
0.9886712
0.98884946
0.98900843
0.9891501
0.98927625
0.98938844
0.98948809
0.98957645
0.98965465
0.9897237
0.98978451
0.9898379
0.98988461
0.9899253
0.98996059
0.989991
0.99001704
0.99003915
0.99005772
0.99007313
0.99008571
0.99009574
0.99010351
0.99010925
0.99011319
0.99011553
0.99011644
0.9901161
0.99011463
0.99011219
0.99010888
0.99010482
0.9901001
0.9900948
0.99008901
0.99008278
0.99007619
0.99006934
0.99006212
0.9900545
0.99004654
0.9900383
0.99002985
0.99002121
0.99001244
0.99000357
0.98999464
0.98998566
0.98997666
0.98996766
0.98995868
0.98994973
0.98994083
0.98993198
0.98992318
0.98991446
0.9899058
0.98989722
0.98988872
0.9898803
0.98987195
0.98986369
0.9898555
0.98984739
0.98983936
0.9898314
0.98982352
0.9898157
0.98980796
0.98980027
0.98979266
0.9897851
0.9897776
0.98977015
0.98976275
0.98975541
0.98974811
0.98974086
0.98973364
0.98972647
0.98971934
0.98971223
0.98970517
0.98969813
0.98969112
0.98968414
0.98967718
0.98967025
0.98966334
0.98965645
0.98964958
0.98964273
0.98963589
0.98962907
0.98962227
0.98961547
0.98960869
0.98960192
0.98959517
0.98958842
0.98958168
0.98957495
0.98956823
0.98956152
0.98955481
0.98954811
0.98954141
0.98953473
0.98952804
0.98952136
0.98951469
0.98950802
0.98950136
0.9894947
0.98948804
0.98948139
0.98947474
0.9894681
0.98946145
0.98945481
0.98944818
0.98944154
0.98943491
0.98942828
0.98942166
0.98941504
0.98940842
0.9894018
0.98939519
0.98938857
0.98938197
0.98937536
0.98936876
0.98936216
0.98935556
0.98934896
0.98934237
0.98933578
0.9893292
0.98932261
0.98931603
0.98930945
0.98930288
0.98929631
0.98928974
0.98928318
0.98927661
0.98927006
0.9892635
0.98925695
0.9892504
0.98924385
0.98923731
0.98923077
0.98922424
0.9892177
0.98921117
0.98920464
0.98919813
0.85718628
0.85804408
0.86137646
0.86827415
0.87845578
0.8907126
0.90367236
0.91626163
0.92782445
0.93805793
0.94689759
0.95441575
0.96074995
0.96605905
0.97049911
0.97421191
0.97732068
0.97992971
0.98212589
0.98398085
0.98555336
0.98689147
0.98803448
0.9890145
0.98985786
0.99058617
0.99121725
0.9917658
0.99224404
0.99266211
0.99302852
0.99335037
0.99363366
0.99388348
0.99410412
0.99429926
0.99447203
0.99462514
0.99476089
0.99488131
0.99498814
0.99508291
0.99516694
0.99524139
0.9953073
0.99536556
0.99541699
0.99546228
0.99550208
0.99553694
0.99556736
0.9955938
0.99561666
0.9956363
0.99565305
0.9956672
0.99567901
0.99568873
0.99569656
0.9957027
0.99570733
0.9957106
0.99571267
0.99571365
0.99571366
0.99571282
0.99571121
0.99570893
0.99570604
0.99570263
0.99569875
0.99569446
0.99568981
0.99568485
0.99567961
0.99567415
0.99566847
0.99566263
0.99565667
0.99565043
0.99564396
0.99563729
0.99563047
0.99562351
0.99561646
0.99560933
0.99560215
0.99559493
0.9955877
0.99558045
0.99557321
0.99556598
0.99555878
0.9955516
0.99554446
0.99553736
0.9955303
0.99552329
0.99551632
0.9955094
0.99550253
0.99549571
0.99548894
0.99548222
0.99547555
0.99546892
0.99546234
0.9954558
0.99544931
0.99544286
0.99543645
0.99543008
0.99542374
0.99541744
0.99541118
0.99540494
0.99539874
0.99539257
0.99538642
0.9953803
0.9953742
0.99536813
0.99536207
0.99535604
0.99535003
0.99534403
0.99533806
0.99533209
0.99532614
0.99532021
0.99531429
0.99530838
0.99530248
0.99529659
0.99529071
0.99528484
0.99527898
0.99527313
0.99526728
0.99526144
0.99525561
0.99524978
0.99524396
0.99523815
0.99523234
0.99522653
0.99522073
0.99521493
0.99520914
0.99520334
0.99519756
0.99519177
0.99518599
0.99518021
0.99517444
0.99516867
0.9951629
0.99515713
0.99515136
0.9951456
0.99513984
0.99513408
0.99512832
0.99512257
0.99511681
0.99511106
0.99510531
0.99509957
0.99509382
0.99508808
0.99508233
0.9950766
0.99507086
0.99506512
0.99505939
0.99505366
0.99504793
0.9950422
0.99503647
0.99503075
0.99502502
0.9950193
0.99501359
0.99500787
0.99500216
0.99499645
0.99499074
0.99498503
0.99497932
0.99497362
0.99496792
0.99496222
0.99495652
0.99495083
0.99494514
0.99493945
0.99493376
0.99492807
0.99492239
0.99491671
0.85784691
0.86300008
0.8743416
0.89012337
0.90739686
0.92384602
0.93825155
0.95024463
0.95993497
0.96763535
0.97370531
0.97847849
0.98223663
0.98520633
0.9875651
0.98944998
0.99096612
0.99219395
0.99319514
0.99401703
0.99469619
0.99526095
0.99573343
0.99613097
0.99646726
0.99675318
0.99699741
0.99720694
0.99738741
0.99754342
0.99767873
0.99779643
0.99789908
0.9979888
0.99806738
0.9981363
0.99819682
0.99825002
0.99829681
0.99833796
0.99837415
0.99840595
0.99843386
0.99845833
0.99847973
0.99849839
0.99851461
0.99852865
0.99854073
0.99855107
0.99855983
0.99856718
0.99857327
0.99857822
0.99858214
0.99858515
0.99858734
0.99858878
0.99858956
0.99858975
0.9985894
0.99858857
0.99858731
0.99858567
0.99858368
0.9985814
0.99857884
0.99857604
0.99857303
0.99856983
0.99856646
0.99856295
0.99855931
0.99855556
0.99855171
0.99854778
0.99854377
0.99853971
0.99853555
0.99853127
0.99852687
0.99852238
0.99851781
0.99851319
0.99850851
0.99850381
0.99849907
0.99849433
0.99848957
0.99848481
0.99848005
0.9984753
0.99847056
0.99846584
0.99846113
0.99845645
0.99845178
0.99844714
0.99844252
0.99843792
0.99843335
0.9984288
0.99842428
0.99841978
0.9984153
0.99841085
0.99840642
0.99840201
0.99839762
0.99839326
0.99838891
0.99838458
0.99838027
0.99837597
0.9983717
0.99836743
0.99836318
0.99835895
0.99835473
0.99835052
0.99834632
0.99834213
0.99833796
0.99833379
0.99832963
0.99832548
0.99832134
0.99831721
0.99831308
0.99830896
0.99830484
0.99830073
0.99829662
0.99829252
0.99828842
0.99828433
0.99828024
0.99827616
0.99827207
0.99826799
0.99826391
0.99825984
0.99825577
0.9982517
0.99824763
0.99824356
0.99823949
0.99823543
0.99823136
0.9982273
0.99822324
0.99821918
0.99821512
0.99821106
0.99820701
0.99820295
0.99819889
0.99819484
0.99819078
0.99818673
0.99818268
0.99817862
0.99817457
0.99817052
0.99816646
0.99816241
0.99815836
0.99815431
0.99815026
0.99814621
0.99814216
0.99813811
0.99813406
0.99813001
0.99812596
0.99812191
0.99811787
0.99811382
0.99810977
0.99810572
0.99810168
0.99809763
0.99809359
0.99808954
0.9980855
0.99808145
0.99807741
0.99807337
0.99806932
0.99806528
0.99806124
0.9980572
0.99805316
0.99804912
0.99804508
0.99804104
0.998037
0.99803296
0.99802892
0.99802489
0.86765723
0.89028412
0.91535215
0.93733151
0.95449887
0.96712717
0.97614941
0.9825241
0.98702663
0.9902261
0.99252185
0.99418859
0.9954141
0.99632696
0.99701575
0.99754202
0.99794895
0.99826723
0.99851887
0.99871984
0.99888187
0.99901366
0.99912174
0.99921105
0.99928536
0.99934758
0.99939999
0.99944436
0.99948211
0.99951436
0.999542
0.99956578
0.99958627
0.99960398
0.9996193
0.99963257
0.99964407
0.99965402
0.99966262
0.99967005
0.99967645
0.99968193
0.99968661
0.99969057
0.9996939
0.99969666
0.99969891
0.9997007
0.99970209
0.99970312
0.99970381
0.99970421
0.99970434
0.99970424
0.99970391
0.99970339
0.9997027
0.99970184
0.99970084
0.99969971
0.99969847
0.99969712
0.99969568
0.99969415
0.99969254
0.99969087
0.99968913
0.99968734
0.99968551
0.99968362
0.9996817
0.99967975
0.99967776
0.99967575
0.99967371
0.99967165
0.99966958
0.99966749
0.99966535
0.99966316
0.99966092
0.99965865
0.99965636
0.99965403
0.9996517
0.99964934
0.99964698
0.99964461
0.99964224
0.99963986
0.99963748
0.99963511
0.99963273
0.99963036
0.999628
0.99962564
0.99962329
0.99962095
0.99961861
0.99961628
0.99961396
0.99961164
0.99960933
0.99960703
0.99960474
0.99960246
0.99960018
0.99959791
0.99959564
0.99959338
0.99959113
0.99958888
0.99958664
0.9995844
0.99958217
0.99957994
0.99957772
0.9995755
0.99957328
0.99957107
0.99956886
0.99956665
0.99956445
0.99956225
0.99956004
0.99955785
0.99955565
0.99955345
0.99955126
0.99954906
0.99954687
0.99954468
0.99954248
0.99954029
0.9995381
0.99953591
0.99953372
0.99953153
0.99952933
0.99952714
0.99952495
0.99952276
0.99952056
0.99951837
0.99951617
0.99951398
0.99951178
0.99950958
0.99950739
0.99950519
0.99950299
0.99950079
0.99949858
0.99949638
0.99949418
0.99949197
0.99948976
0.99948756
0.99948535
0.99948314
0.99948093
0.99947872
0.9994765
0.99947429
0.99947207
0.99946985
0.99946764
0.99946542
0.9994632
0.99946097
0.99945875
0.99945653
0.9994543
0.99945208
0.99944985
0.99944762
0.99944539
0.99944316
0.99944092
0.99943869
0.99943646
0.99943422
0.99943198
0.99942974
0.9994275
0.99942526
0.99942302
0.99942078
0.99941854
0.99941629
0.99941404
0.9994118
0.99940955
0.9994073
0.99940505
0.9994028
0.99940054
0.99939829
0.99939603
0.99939378
0.99979418
0.99968244
0.99965417
0.99967451
0.99971476
0.99975854
0.99979858
0.99983254
0.99986032
0.99988269
0.9999006
0.99991494
0.99992645
0.99993575
0.9999433
0.99994948
0.99995455
0.99995875
0.99996224
0.99996516
0.9999676
0.99996966
0.99997139
0.99997285
0.99997408
0.99997512
0.99997599
0.99997671
0.99997731
0.9999778
0.99997819
0.9999785
0.99997873
0.99997889
0.99997899
0.99997903
0.99997902
0.99997896
0.99997886
0.99997872
0.99997855
0.99997834
0.99997809
0.99997782
0.99997752
0.99997719
0.99997684
0.99997647
0.99997607
0.99997566
0.99997522
0.99997477
0.9999743
0.99997381
0.99997331
0.99997279
0.99997226
0.99997172
0.99997116
0.9999706
0.99997002
0.99996943
0.99996884
0.99996823
0.99996762
0.999967
0.99996637
0.99996573
0.99996509
0.99996444
0.99996379
0.99996313
0.99996246
0.99996179
0.99996112
0.99996044
0.99995976
0.99995906
0.99995836
0.99995764
0.9999569
0.99995616
0.99995541
0.99995465
0.99995388
0.99995311
0.99995234
0.99995156
0.99995078
0.99994999
0.99994921
0.99994842
0.99994763
0.99994684
0.99994604
0.99994525
0.99994446
0.99994367
0.99994287
0.99994208
0.99994129
0.9999405
0.9999397
0.99993891
0.99993812
0.99993732
0.99993653
0.99993574
0.99993495
0.99993415
0.99993336
0.99993257
0.99993177
0.99993098
0.99993018
0.99992939
0.99992859
0.99992779
0.999927
0.9999262
0.9999254
0.9999246
0.99992379
0.99992299
0.99992219
0.99992138
0.99992058
0.99991977
0.99991896
0.99991815
0.99991734
0.99991652
0.99991571
0.99991489
0.99991408
0.99991326
0.99991243
0.99991161
0.99991079
0.99990996
0.99990913
0.9999083
0.99990747
0.99990664
0.9999058
0.99990497
0.99990413
0.99990329
0.99990245
0.9999016
0.99990076
0.99989991
0.99989906
0.99989821
0.99989735
0.9998965
0.99989564
0.99989478
0.99989392
0.99989306
0.99989219
0.99989133
0.99989046
0.99988959
0.99988872
0.99988784
0.99988697
0.99988609
0.99988521
0.99988433
0.99988345
0.99988256
0.99988167
0.99988078
0.99987989
0.999879
0.99987811
0.99987721
0.99987631
0.99987541
0.99987451
0.99987361
0.9998727
0.99987179
0.99987089
0.99986997
0.99986906
0.99986815
0.99986723
0.99986631
0.99986539
0.99986447
0.99986355
0.99986262
0.9998617
0.99986077
0.99985984
0.99985891
0.99985797
0.99985704
0.99999968
0.99999932
0.99999907
0.99999896
0.99999894
0.99999897
0.99999902
0.99999908
0.99999914
0.9999992
0.99999925
0.99999929
0.99999933
0.99999936
0.99999938
0.9999994
0.99999942
0.99999943
0.99999944
0.99999945
0.99999945
0.99999945
0.99999945
0.99999945
0.99999944
0.99999943
0.99999942
0.99999941
0.9999994
0.99999939
0.99999937
0.99999935
0.99999933
0.99999931
0.99999929
0.99999926
0.99999923
0.9999992
0.99999917
0.99999914
0.99999911
0.99999907
0.99999903
0.99999899
0.99999895
0.99999891
0.99999886
0.99999881
0.99999876
0.99999871
0.99999866
0.9999986
0.99999855
0.99999849
0.99999843
0.99999837
0.9999983
0.99999823
0.99999817
0.9999981
0.99999802
0.99999795
0.99999787
0.9999978
0.99999772
0.99999764
0.99999755
0.99999747
0.99999738
0.9999973
0.99999721
0.99999711
0.99999702
0.99999693
0.99999683
0.99999673
0.99999663
0.99999653
0.99999643
0.99999632
0.99999621
0.99999609
0.99999598
0.99999586
0.99999574
0.99999562
0.99999549
0.99999537
0.99999524
0.99999511
0.99999498
0.99999485
0.99999471
0.99999458
0.99999444
0.9999943
0.99999416
0.99999402
0.99999388
0.99999374
0.99999359
0.99999345
0.9999933
0.99999315
0.999993
0.99999285
0.9999927
0.99999255
0.99999239
0.99999224
0.99999208
0.99999193
0.99999177
0.99999161
0.99999145
0.99999128
0.99999112
0.99999095
0.99999079
0.99999062
0.99999045
0.99999028
0.99999011
0.99998994
0.99998977
0.99998959
0.99998941
0.99998924
0.99998906
0.99998888
0.9999887
0.99998851
0.99998833
0.99998815
0.99998796
0.99998777
0.99998758
0.99998739
0.9999872
0.99998701
0.99998681
0.99998661
0.99998642
0.99998622
0.99998602
0.99998582
0.99998561
0.99998541
0.99998521
0.999985
0.99998479
0.99998458
0.99998437
0.99998416
0.99998394
0.99998373
0.99998351
0.9999833
0.99998308
0.99998286
0.99998263
0.99998241
0.99998219
0.99998196
0.99998173
0.9999815
0.99998127
0.99998104
0.99998081
0.99998058
0.99998034
0.99998011
0.99997987
0.99997963
0.99997939
0.99997915
0.9999789
0.99997866
0.99997841
0.99997816
0.99997791
0.99997766
0.99997741
0.99997716
0.99997691
0.99997665
0.99997639
0.99997614
0.99997588
0.99997562
0.99997535
0.99997509
0.99997483
0.99997456
0.99997429
0.99997402
0.99997375
0.99997348
0.99997321
0.99997294
1
1
1
1
1
1
1
1
1
1
1
1
1
1
0.99999999
0.99999999
0.99999999
0.99999999
0.99999999
0.99999999
0.99999999
0.99999999
0.99999999
0.99999999
0.99999999
0.99999999
0.99999999
0.99999999
0.99999999
0.99999999
0.99999999
0.99999998
0.99999998
0.99999998
0.99999998
0.99999998
0.99999998
0.99999998
0.99999997
0.99999997
0.99999997
0.99999997
0.99999997
0.99999996
0.99999996
0.99999996
0.99999996
0.99999995
0.99999995
0.99999995
0.99999994
0.99999994
0.99999994
0.99999993
0.99999993
0.99999992
0.99999992
0.99999991
0.99999991
0.9999999
0.9999999
0.99999989
0.99999989
0.99999988
0.99999987
0.99999987
0.99999986
0.99999985
0.99999984
0.99999984
0.99999983
0.99999982
0.99999981
0.9999998
0.99999979
0.99999979
0.99999978
0.99999977
0.99999976
0.99999974
0.99999973
0.99999972
0.99999971
0.9999997
0.99999969
0.99999967
0.99999966
0.99999965
0.99999963
0.99999962
0.9999996
0.99999959
0.99999957
0.99999956
0.99999954
0.99999952
0.99999951
0.99999949
0.99999947
0.99999945
0.99999944
0.99999942
0.9999994
0.99999938
0.99999936
0.99999934
0.99999932
0.9999993
0.99999928
0.99999926
0.99999924
0.99999921
0.99999919
0.99999917
0.99999915
0.99999912
0.9999991
0.99999908
0.99999905
0.99999903
0.999999
0.99999898
0.99999895
0.99999892
0.9999989
0.99999887
0.99999884
0.99999882
0.99999879
0.99999876
0.99999873
0.9999987
0.99999867
0.99999864
0.99999861
0.99999858
0.99999855
0.99999852
0.99999848
0.99999845
0.99999842
0.99999838
0.99999835
0.99999832
0.99999828
0.99999825
0.99999821
0.99999817
0.99999814
0.9999981
0.99999806
0.99999802
0.99999799
0.99999795
0.99999791
0.99999787
0.99999783
0.99999779
0.99999775
0.9999977
0.99999766
0.99999762
0.99999758
0.99999753
0.99999749
0.99999744
0.9999974
0.99999735
0.99999731
0.99999726
0.99999722
0.99999717
0.99999712
0.99999707
0.99999702
0.99999697
0.99999692
0.99999687
0.99999682
0.99999677
0.99999672
0.99999667
0.99999661
0.99999656
0.99999651
0.99999645
0.9999964
0.99999634
0.99999629
0.99999623
0.99999617
0.99999612
0.99999606
0.999996
0.99999594
0.99999588
0.99999582
0.99999576
0.9999957
0.99999564
1
1
1
1
1
1
1
1
1
1
1
1
1
1
1
1
1
1
1
1
1
1
1
1
1
1
1
1
1
1
1
1
1
1
1
1
1
1
1
1
1
1
1
1
1
1
1
1
1
1
1
1
1
1
1
1
1
1
1
1
1
1
0.99999999
0.99999999
0.99999999
0.99999999
0.99999999
0.99999999
0.99999999
0.99999999
0.99999999
0.99999999
0.99999999
0.99999999
0.99999999
0.99999999
0.99999999
0.99999999
0.99999999
0.99999998
0.99999998
0.99999998
0.99999998
0.99999998
0.99999998
0.99999998
0.99999998
0.99999998
0.99999997
0.99999997
0.99999997
0.99999997
0.99999997
0.99999997
0.99999997
0.99999997
0.99999996
0.99999996
0.99999996
0.99999996
0.99999996
0.99999995
0.99999995
0.99999995
0.99999995
0.99999995
0.99999994
0.99999994
0.99999994
0.99999994
0.99999994
0.99999993
0.99999993
0.99999993
0.99999993
0.99999992
0.99999992
0.99999992
0.99999991
0.99999991
0.99999991
0.99999991
0.9999999
0.9999999
0.9999999
0.99999989
0.99999989
0.99999989
0.99999988
0.99999988
0.99999987
0.99999987
0.99999987
0.99999986
0.99999986
0.99999985
0.99999985
0.99999985
0.99999984
0.99999984
0.99999983
0.99999983
0.99999982
0.99999982
0.99999981
0.99999981
0.9999998
0.9999998
0.99999979
0.99999979
0.99999978
0.99999978
0.99999977
0.99999976
0.99999976
0.99999975
0.99999975
0.99999974
0.99999973
0.99999973
0.99999972
0.99999971
0.99999971
0.9999997
0.99999969
0.99999969
0.99999968
0.99999967
0.99999966
0.99999966
0.99999965
0.99999964
0.99999963
0.99999962
0.99999962
0.99999961
0.9999996
0.99999959
0.99999958
0.99999957
0.99999956
0.99999956
0.99999955
0.99999954
0.99999953
0.99999952
0.99999951
0.9999995
0.99999949
0.99999948
0.99999947
0.99999946
0.99999945
0.99999944
0.99999943
0.99999941
0.9999994
0.99999939
0.99999938
0.99999937
1
1
1
1
1
1
1
1
1
1
1
1
1
1
1
1
1
1
1
1
1
1
1
1
1
1
1
1
1
1
1
1
1
1
1
1
1
1
1
1
1
1
1
1
1
1
1
1
1
1
1
1
1
1
1
1
1
1
1
1
1
1
1
1
1
1
1
1
1
1
1
1
1
1
1
1
1
1
1
1
1
1
1
1
1
1
1
1
1
1
1
1
1
1
1
1
1
1
1
1
1
1
1
1
1
1
1
1
1
1
0.99999999
0.99999999
0.99999999
0.99999999
0.99999999
0.99999999
0.99999999
0.99999999
0.99999999
0.99999999
0.99999999
0.99999999
0.99999999
0.99999999
0.99999999
0.99999999
0.99999999
0.99999999
0.99999999
0.99999999
0.99999999
0.99999999
0.99999999
0.99999999
0.99999999
0.99999999
0.99999999
0.99999998
0.99999998
0.99999998
0.99999998
0.99999998
0.99999998
0.99999998
0.99999998
0.99999998
0.99999998
0.99999998
0.99999998
0.99999998
0.99999998
0.99999998
0.99999998
0.99999997
0.99999997
0.99999997
0.99999997
0.99999997
0.99999997
0.99999997
0.99999997
0.99999997
0.99999997
0.99999997
0.99999996
0.99999996
0.99999996
0.99999996
0.99999996
0.99999996
0.99999996
0.99999996
0.99999996
0.99999995
0.99999995
0.99999995
0.99999995
0.99999995
0.99999995
0.99999995
0.99999995
0.99999994
0.99999994
0.99999994
0.99999994
0.99999994
0.99999994
0.99999994
0.99999993
0.99999993
0.99999993
0.99999993
0.99999993
0.99999993
0.99999992
0.99999992
0.99999992
0.99999992
0.99999992
0.99999991
1
1
1
1
1
1
1
1
1
1
1
1
1
1
1
1
1
1
1
1
1
1
1
1
1
1
1
1
1
1
1
1
1
1
1
1
1
1
1
1
1
1
1
1
1
1
1
1
1
1
1
1
1
1
1
1
1
1
1
1
1
1
1
1
1
1
1
1
1
1
1
1
1
1
1
1
1
1
1
1
1
1
1
1
1
1
1
1
1
1
1
1
1
1
1
1
1
1
1
1
1
1
1
1
1
1
1
1
1
1
1
1
1
1
1
1
1
1
1
1
1
1
1
1
1
1
1
1
1
1
1
1
1
1
1
1
1
1
1
1
1
1
1
1
1
1
1
1
1
1
1
1
1
1
1
1
1
1
1
1
1
1
1
1
1
1
1
1
1
1
1
0.99999999
0.99999999
0.99999999
0.99999999
0.99999999
0.99999999
0.99999999
0.99999999
0.99999999
0.99999999
0.99999999
0.99999999
0.99999999
0.99999999
0.99999999
0.99999999
0.99999999
0.99999999
0.99999999
0.99999999
0.99999999
0.99999999
0.99999999
0.99999999
0.99999999
0.99999999
0.99999999
0.99999999
0.99999999
1
1
1
1
1
1
1
1
1
1
1
1
1
1
1
1
1
1
1
1
1
1
1
1
1
1
1
1
1
1
1
1
1
1
1
1
1
1
1
1
1
1
1
1
1
1
1
1
1
1
1
1
1
1
1
1
1
1
1
1
1
1
1
1
1
1
1
1
1
1
1
1
1
1
1
1
1
1
1
1
1
1
1
1
1
1
1
1
1
1
1
1
1
1
1
1
1
1
1
1
1
1
1
1
1
1
1
1
1
1
1
1
1
1
1
1
1
1
1
1
1
1
1
1
1
1
1
1
1
1
1
1
1
1
1
1
1
1
1
1
1
1
1
1
1
1
1
1
1
1
1
1
1
1
1
1
1
1
1
1
1
1
1
1
1
1
1
1
1
1
1
1
1
1
1
1
1
1
1
1
1
1
1
1
1
1
1
1
1
1
1
1
1
1
1
1
1
1
1
1
1
1
1
1
1
1
1
1
1
1
1
1
1
1
1
1
1
1
1
1
1
1
1
1
1
1
1
1
1
1
1
1
1
1
1
1
1
1
1
1
1
1
1
1
1
1
1
1
1
1
1
1
1
1
1
1
1
1
1
1
1
1
1
1
1
1
1
1
1
1
1
1
1
1
1
1
1
1
1
1
1
1
1
1
1
1
1
1
1
1
1
1
1
1
1
1
1
1
1
1
1
1
1
1
1
1
1
1
1
1
1
1
1
1
1
1
1
1
1
1
1
1
1
1
1
1
1
1
1
1
1
1
1
1
1
1
1
1
1
1
1
1
1
1
1
1
1
1
1
1
1
1
1
1
1
1
1
1
1
1
1
1
1
1
1
1
1
1
1
1
1
1
1
1
1
1
1
1
1
1
1
1
1
1
1
1
1
1
1
1
1
1
1
1
1
1
1
1
1
1
1
1
1
1
1
1
1
1
1
1
1
1
1
1
1
1
1
1
1
1
1
1
1
1
1
1
1
1
1
1
1
1
1
1
1
1
1
1
1
1
1
1
1
1
1
1
1
1
1
1
1
1
1
1
1
1
1
1
1
1
1
1
1
1
1
1
1
1
1
1
1
1
1
1
1
1
1
1
1
1
1
1
1
1
1
1
1
1
1
1
1
1
1
1
1
1
1
1
1
1
1
1
1
1
1
1
1
1
1
1
1
1
1
1
1
1
1
1
1
1
1
1
1
1
1
1
1
1
1
1
1
1
1
1
1
1
1
1
1
1
1
1
1
1
1
1
1
1
1
1
1
1
1
1
1
1
1
1
1
1
1
1
1
1
1
1
1
1
1
1
1
1
1
1
1
1
1
1
1
1
1
1
1
1
1
1
1
1
1
1
1
1
1
1
1
1
1
1
1
1
1
1
1
1
1
1
1
1
1
1
1
1
1
1
1
1
1
1
1
1
1
1
1
1
1
1
1
1
1
1
1
1
1
1
1
1
1
1
1
1
1
1
1
1
1
1
1
1
1
1
1
1
1
1
1
1
1
1
1
1
1
1
1
1
1
1
1
1
1
1
1
1
1
1
1
1
1
1
1
1
1
1
1
1
1
1
1
1
1
1
1
1
1
1
1
1
1
1
1
1
1
1
1
1
1
1
1
1
1
1
1
1
1
1
1
1
1
1
1
1
1
1
1
1
1
1
1
1
1
1
1
1
1
1
1
1
1
1
1
1
1
1
1
1
1
1
1
1
1
1
1
1
1
1
1
1
1
1
1
1
1
1
1
1
1
1
1
1
1
1
1
1
1
1
1
1
1
1
1
1
1
1
1
1
1
1
1
1
1
1
1
1
1
1
1
1
1
1
1
1
1
1
1
1
1
1
1
1
1
1
1
1
1
1
1
1
1
1
1
1
1
1
1
1
1
1
1
1
1
1
1
1
1
1
1
1
1
1
1
1
1
1
1
1
1
1
1
1
1
1
1
1
1
1
1
1
1
1
1
1
1
1
1
1
1
1
1
1
1
1
1
1
1
1
1
1
1
1
1
1
1
1
1
1
1
1
1
1
1
1
1
1
1
1
1
1
1
1
1
1
1
1
1
1
1
1
1
1
1
1
1
1
1
1
1
1
1
1
1
1
1
1
1
1
1
1
1
1
1
1
1
1
1
1
1
1
1
1
1
1
1
1
1
1
1
1
1
1
1
1
1
1
1
1
1
1
1
1
1
1
1
1
1
1
1
1
1
1
1
1
1
1
1
1
1
1
1
1
1
1
1
1
1
1
1
1
1
1
1
1
1
1
1
1
1
1
1
1
1
1
)
;

boundaryField
{
    inlet_0
    {
        type            fixedValue;
        value           uniform 0;
    }
    inlet_1
    {
        type            fixedValue;
        value           uniform 0.14285714;
    }
    inlet_2
    {
        type            fixedValue;
        value           uniform 0.28571429;
    }
    inlet_3
    {
        type            fixedValue;
        value           uniform 0.42857143;
    }
    inlet_4
    {
        type            fixedValue;
        value           uniform 0.57142857;
    }
    inlet_5
    {
        type            fixedValue;
        value           uniform 0.71428571;
    }
    inlet_6
    {
        type            fixedValue;
        value           uniform 0.85714286;
    }
    inlet_7
    {
        type            fixedValue;
        value           uniform 1;
    }
    outlet
    {
        type            zeroGradient;
    }
    walls
    {
        type            zeroGradient;
    }
    floor
    {
        type            zeroGradient;
    }
    frontAndBack
    {
        type            empty;
    }
}


// ************************************************************************* //
