/*--------------------------------*- C++ -*----------------------------------*\
| =========                 |                                                 |
| \\      /  F ield         | OpenFOAM: The Open Source CFD Toolbox           |
|  \\    /   O peration     | Version:  2406                                  |
|   \\  /    A nd           | Website:  www.openfoam.com                      |
|    \\/     M anipulation  |                                                 |
\*---------------------------------------------------------------------------*/
FoamFile
{
    version     2.0;
    format      ascii;
    arch        "LSB;label=32;scalar=64";
    class       volScalarField;
    location    "756";
    object      p;
}
// * * * * * * * * * * * * * * * * * * * * * * * * * * * * * * * * * * * * * //

dimensions      [0 2 -2 0 0 0 0];

internalField   nonuniform List<scalar> 
14400
(
7.1046937e-05
3.8641634e-05
2.6763716e-05
2.1698562e-05
1.8902525e-05
1.7267413e-05
1.623981e-05
1.5539257e-05
1.5030909e-05
1.4644296e-05
1.4339334e-05
1.4091699e-05
1.3885747e-05
1.3710913e-05
1.3559775e-05
1.3426951e-05
1.330844e-05
1.3201205e-05
1.3102904e-05
1.3011706e-05
1.2926161e-05
1.2845111e-05
1.2767627e-05
1.2692957e-05
1.2620489e-05
1.2549726e-05
1.2480262e-05
1.2411765e-05
1.2343967e-05
1.2276648e-05
1.220963e-05
1.214277e-05
1.2075955e-05
1.2009094e-05
1.1942116e-05
1.1874969e-05
1.1807611e-05
1.1740015e-05
1.167216e-05
1.1604035e-05
1.1535635e-05
1.1466957e-05
1.1398006e-05
1.1328788e-05
1.1259311e-05
1.1189587e-05
1.1119625e-05
1.104944e-05
1.0979043e-05
1.0908449e-05
1.0837669e-05
1.0766719e-05
1.0695609e-05
1.0624353e-05
1.0552961e-05
1.0481446e-05
1.0409818e-05
1.0338087e-05
1.0266262e-05
1.0194353e-05
1.0122366e-05
1.005031e-05
9.9781908e-06
9.9060159e-06
9.8337906e-06
9.7615204e-06
9.6892099e-06
9.6168637e-06
9.5444857e-06
9.4720796e-06
9.3996485e-06
9.3271955e-06
9.2547231e-06
9.1822338e-06
9.1097295e-06
9.0372123e-06
8.9646837e-06
8.8921453e-06
8.8195984e-06
8.747044e-06
8.6744834e-06
8.6019173e-06
8.5293465e-06
8.4567718e-06
8.3841937e-06
8.3116128e-06
8.2390295e-06
8.1664443e-06
8.0938574e-06
8.0212691e-06
7.9486798e-06
7.8760896e-06
7.8034987e-06
7.7309072e-06
7.6583154e-06
7.5857232e-06
7.5131308e-06
7.4405383e-06
7.3679457e-06
7.2953531e-06
7.2227605e-06
7.1501679e-06
7.0775754e-06
7.004983e-06
6.9323907e-06
6.8597985e-06
6.7872064e-06
6.7146144e-06
6.6420225e-06
6.5694308e-06
6.4968391e-06
6.4242476e-06
6.3516561e-06
6.2790648e-06
6.2064735e-06
6.1338823e-06
6.0612913e-06
5.9887002e-06
5.9161093e-06
5.8435184e-06
5.7709276e-06
5.6983368e-06
5.6257461e-06
5.5531554e-06
5.4805648e-06
5.4079741e-06
5.3353836e-06
5.262793e-06
5.1902025e-06
5.117612e-06
5.0450215e-06
4.972431e-06
4.8998406e-06
4.8272501e-06
4.7546597e-06
4.6820693e-06
4.6094788e-06
4.5368884e-06
4.464298e-06
4.3917076e-06
4.3191172e-06
4.2465269e-06
4.1739365e-06
4.1013461e-06
4.0287557e-06
3.9561653e-06
3.8835749e-06
3.8109845e-06
3.7383941e-06
3.6658037e-06
3.5932133e-06
3.520623e-06
3.4480326e-06
3.3754422e-06
3.3028518e-06
3.2302614e-06
3.1576709e-06
3.0850805e-06
3.0124901e-06
2.9398997e-06
2.8673093e-06
2.7947189e-06
2.7221284e-06
2.649538e-06
2.5769476e-06
2.5043571e-06
2.4317667e-06
2.3591762e-06
2.2865857e-06
2.2139953e-06
2.1414048e-06
2.0688143e-06
1.9962238e-06
1.9236333e-06
1.8510429e-06
1.7784524e-06
1.7058619e-06
1.6332714e-06
1.5606809e-06
1.4880904e-06
1.4154999e-06
1.3429094e-06
1.2703189e-06
1.1977284e-06
1.125138e-06
1.0525476e-06
9.7995716e-07
9.073668e-07
8.3477647e-07
7.6218619e-07
6.8959597e-07
6.1700582e-07
5.4441574e-07
4.7182576e-07
3.9923588e-07
3.2664614e-07
2.5405659e-07
1.8146732e-07
1.0887829e-07
3.62897e-08
4.7873331e-05
3.3863899e-05
2.6471856e-05
2.2332843e-05
1.9696612e-05
1.7982517e-05
1.6827601e-05
1.6011883e-05
1.5411285e-05
1.4953121e-05
1.4592812e-05
1.4301971e-05
1.4061837e-05
1.3859576e-05
1.3686137e-05
1.3534959e-05
1.3401184e-05
1.3281139e-05
1.3172002e-05
1.3071575e-05
1.2978125e-05
1.2890273e-05
1.2806911e-05
1.2727144e-05
1.2650246e-05
1.2575623e-05
1.250279e-05
1.2431349e-05
1.2360976e-05
1.2291403e-05
1.2222412e-05
1.2153826e-05
1.2085499e-05
1.2017316e-05
1.1949183e-05
1.1881027e-05
1.181279e-05
1.1744428e-05
1.1675907e-05
1.1607204e-05
1.1538302e-05
1.1469192e-05
1.1399867e-05
1.1330328e-05
1.1260576e-05
1.1190615e-05
1.1120453e-05
1.1050097e-05
1.0979556e-05
1.0908841e-05
1.083796e-05
1.0766925e-05
1.0695746e-05
1.0624432e-05
1.0552995e-05
1.0481443e-05
1.0409786e-05
1.0338032e-05
1.026619e-05
1.0194267e-05
1.0122272e-05
1.005021e-05
9.9780879e-06
9.905912e-06
9.8336875e-06
9.7614193e-06
9.6891119e-06
9.6167694e-06
9.5443958e-06
9.4719943e-06
9.3995682e-06
9.3271202e-06
9.2546529e-06
9.1821686e-06
9.1096692e-06
9.0371567e-06
8.9646327e-06
8.8920986e-06
8.8195557e-06
8.7470052e-06
8.6744481e-06
8.6018854e-06
8.5293177e-06
8.4567458e-06
8.3841704e-06
8.3115919e-06
8.2390108e-06
8.1664276e-06
8.0938425e-06
8.021256e-06
7.9486681e-06
7.8760793e-06
7.8034896e-06
7.7308992e-06
7.6583084e-06
7.5857171e-06
7.5131255e-06
7.4405336e-06
7.3679417e-06
7.2953496e-06
7.2227575e-06
7.1501653e-06
7.0775732e-06
7.0049811e-06
6.9323891e-06
6.8597971e-06
6.7872052e-06
6.7146134e-06
6.6420217e-06
6.5694301e-06
6.4968386e-06
6.4242471e-06
6.3516558e-06
6.2790645e-06
6.2064733e-06
6.1338822e-06
6.0612911e-06
5.9887002e-06
5.9161092e-06
5.8435184e-06
5.7709276e-06
5.6983368e-06
5.6257461e-06
5.5531554e-06
5.4805648e-06
5.4079742e-06
5.3353836e-06
5.262793e-06
5.1902025e-06
5.117612e-06
5.0450215e-06
4.9724311e-06
4.8998406e-06
4.8272502e-06
4.7546597e-06
4.6820693e-06
4.6094789e-06
4.5368885e-06
4.4642981e-06
4.3917077e-06
4.3191173e-06
4.2465269e-06
4.1739365e-06
4.1013461e-06
4.0287557e-06
3.9561653e-06
3.8835749e-06
3.8109845e-06
3.7383941e-06
3.6658037e-06
3.5932133e-06
3.520623e-06
3.4480326e-06
3.3754422e-06
3.3028518e-06
3.2302614e-06
3.1576709e-06
3.0850805e-06
3.0124901e-06
2.9398997e-06
2.8673093e-06
2.7947189e-06
2.7221284e-06
2.649538e-06
2.5769476e-06
2.5043571e-06
2.4317667e-06
2.3591762e-06
2.2865858e-06
2.2139953e-06
2.1414049e-06
2.0688144e-06
1.996224e-06
1.9236335e-06
1.851043e-06
1.7784525e-06
1.7058621e-06
1.6332716e-06
1.5606811e-06
1.4880906e-06
1.4155002e-06
1.3429097e-06
1.2703193e-06
1.1977289e-06
1.1251385e-06
1.0525481e-06
9.7995774e-07
9.0736742e-07
8.3477715e-07
7.6218693e-07
6.8959676e-07
6.1700667e-07
5.4441665e-07
4.7182674e-07
3.9923693e-07
3.2664728e-07
2.5405781e-07
1.8146862e-07
1.0887962e-07
3.6290291e-08
3.5436267e-05
2.9882214e-05
2.5675484e-05
2.2471757e-05
2.0132637e-05
1.8471133e-05
1.7278648e-05
1.6402461e-05
1.5742171e-05
1.5231866e-05
1.4827927e-05
1.4501082e-05
1.423128e-05
1.400447e-05
1.3810587e-05
1.3642266e-05
1.3494014e-05
1.3361664e-05
1.324201e-05
1.3132545e-05
1.3031296e-05
1.2936686e-05
1.284745e-05
1.2762563e-05
1.2681192e-05
1.2602654e-05
1.2526391e-05
1.2451941e-05
1.2378925e-05
1.2307032e-05
1.2236003e-05
1.2165626e-05
1.2095728e-05
1.2026166e-05
1.1956824e-05
1.1887609e-05
1.1818444e-05
1.1749272e-05
1.1680044e-05
1.1610725e-05
1.1541288e-05
1.1471713e-05
1.1401986e-05
1.1332098e-05
1.1262046e-05
1.1191828e-05
1.1121445e-05
1.10509e-05
1.0980199e-05
1.0909348e-05
1.0838352e-05
1.0767221e-05
1.0695961e-05
1.0624581e-05
1.0553089e-05
1.0481492e-05
1.0409799e-05
1.0338016e-05
1.0266151e-05
1.0194212e-05
1.0122203e-05
1.0050132e-05
9.9780041e-06
9.9058245e-06
9.8335982e-06
9.7613299e-06
9.6890236e-06
9.6166834e-06
9.5443127e-06
9.4719148e-06
9.3994926e-06
9.3270488e-06
9.2545858e-06
9.1821058e-06
9.1096107e-06
9.0371025e-06
8.9645826e-06
8.8920525e-06
8.8195134e-06
8.7469666e-06
8.6744129e-06
8.6018534e-06
8.5292887e-06
8.4567196e-06
8.3841467e-06
8.3115706e-06
8.2389917e-06
8.1664105e-06
8.0938273e-06
8.0212423e-06
7.948656e-06
7.8760685e-06
7.8034801e-06
7.7308908e-06
7.658301e-06
7.5857106e-06
7.5131198e-06
7.4405287e-06
7.3679373e-06
7.2953458e-06
7.2227542e-06
7.1501625e-06
7.0775708e-06
7.004979e-06
6.9323873e-06
6.8597956e-06
6.7872039e-06
6.7146123e-06
6.6420208e-06
6.5694293e-06
6.4968379e-06
6.4242466e-06
6.3516553e-06
6.2790641e-06
6.206473e-06
6.133882e-06
6.061291e-06
5.9887e-06
5.9161091e-06
5.8435183e-06
5.7709275e-06
5.6983368e-06
5.6257461e-06
5.5531554e-06
5.4805648e-06
5.4079742e-06
5.3353836e-06
5.2627931e-06
5.1902026e-06
5.117612e-06
5.0450216e-06
4.9724311e-06
4.8998406e-06
4.8272502e-06
4.7546598e-06
4.6820693e-06
4.6094789e-06
4.5368885e-06
4.4642981e-06
4.3917077e-06
4.3191173e-06
4.2465269e-06
4.1739365e-06
4.1013461e-06
4.0287557e-06
3.9561653e-06
3.8835749e-06
3.8109845e-06
3.7383941e-06
3.6658037e-06
3.5932133e-06
3.520623e-06
3.4480326e-06
3.3754422e-06
3.3028518e-06
3.2302614e-06
3.1576709e-06
3.0850805e-06
3.0124901e-06
2.9398997e-06
2.8673093e-06
2.7947189e-06
2.7221285e-06
2.649538e-06
2.5769476e-06
2.5043572e-06
2.4317667e-06
2.3591763e-06
2.2865859e-06
2.2139954e-06
2.141405e-06
2.0688145e-06
1.9962241e-06
1.9236336e-06
1.8510432e-06
1.7784527e-06
1.7058623e-06
1.6332718e-06
1.5606814e-06
1.488091e-06
1.4155005e-06
1.3429101e-06
1.2703197e-06
1.1977293e-06
1.125139e-06
1.0525486e-06
9.7995835e-07
9.0736808e-07
8.3477786e-07
7.621877e-07
6.8959759e-07
6.1700755e-07
5.444176e-07
4.7182774e-07
3.99238e-07
3.2664841e-07
2.54059e-07
1.8146987e-07
1.0888092e-07
3.6290512e-08
2.9207213e-05
2.6695884e-05
2.4237659e-05
2.1923871e-05
2.0037934e-05
1.8582619e-05
1.7469508e-05
1.6613366e-05
1.5946957e-05
1.5420129e-05
1.4996581e-05
1.4650283e-05
1.436249e-05
1.4119571e-05
1.3911484e-05
1.3730727e-05
1.3571616e-05
1.3429788e-05
1.3301852e-05
1.3185143e-05
1.3077544e-05
1.2977361e-05
1.2883225e-05
1.2794024e-05
1.2708851e-05
1.2626959e-05
1.2547734e-05
1.2470669e-05
1.2395343e-05
1.2321407e-05
1.2248575e-05
1.2176605e-05
1.2105301e-05
1.2034499e-05
1.1964064e-05
1.1893886e-05
1.1823875e-05
1.1753959e-05
1.1684079e-05
1.1614188e-05
1.1544251e-05
1.147424e-05
1.1404132e-05
1.1333915e-05
1.1263576e-05
1.1193109e-05
1.1122512e-05
1.1051783e-05
1.0980924e-05
1.0909937e-05
1.0838826e-05
1.0767597e-05
1.0696254e-05
1.0624804e-05
1.0553254e-05
1.0481609e-05
1.0409875e-05
1.033806e-05
1.0266169e-05
1.0194208e-05
1.0122183e-05
1.0050098e-05
9.9779607e-06
9.9057739e-06
9.8335427e-06
9.7612713e-06
9.6889634e-06
9.6166227e-06
9.5442525e-06
9.4718559e-06
9.3994355e-06
9.3269939e-06
9.2545335e-06
9.1820563e-06
9.1095641e-06
9.0370589e-06
8.9645419e-06
8.8920147e-06
8.8194785e-06
8.7469344e-06
8.6743834e-06
8.6018263e-06
8.529264e-06
8.4566972e-06
8.3841264e-06
8.3115522e-06
8.2389751e-06
8.1663955e-06
8.0938138e-06
8.0212303e-06
7.9486453e-06
7.8760589e-06
7.8034715e-06
7.7308833e-06
7.6582942e-06
7.5857046e-06
7.5131145e-06
7.4405241e-06
7.3679333e-06
7.2953423e-06
7.2227511e-06
7.1501598e-06
7.0775684e-06
7.004977e-06
6.9323855e-06
6.8597941e-06
6.7872026e-06
6.7146112e-06
6.6420199e-06
6.5694285e-06
6.4968372e-06
6.424246e-06
6.3516549e-06
6.2790637e-06
6.2064727e-06
6.1338817e-06
6.0612908e-06
5.9886999e-06
5.916109e-06
5.8435182e-06
5.7709274e-06
5.6983367e-06
5.625746e-06
5.5531554e-06
5.4805648e-06
5.4079742e-06
5.3353836e-06
5.2627931e-06
5.1902026e-06
5.1176121e-06
5.0450216e-06
4.9724311e-06
4.8998407e-06
4.8272502e-06
4.7546598e-06
4.6820693e-06
4.6094789e-06
4.5368885e-06
4.4642981e-06
4.3917077e-06
4.3191173e-06
4.2465269e-06
4.1739365e-06
4.1013461e-06
4.0287557e-06
3.9561653e-06
3.8835749e-06
3.8109845e-06
3.7383941e-06
3.6658037e-06
3.5932133e-06
3.520623e-06
3.4480326e-06
3.3754422e-06
3.3028518e-06
3.2302614e-06
3.1576709e-06
3.0850805e-06
3.0124901e-06
2.9398997e-06
2.8673093e-06
2.7947189e-06
2.7221285e-06
2.6495381e-06
2.5769476e-06
2.5043572e-06
2.4317668e-06
2.3591764e-06
2.2865859e-06
2.2139955e-06
2.1414051e-06
2.0688146e-06
1.9962242e-06
1.9236338e-06
1.8510433e-06
1.7784529e-06
1.7058625e-06
1.6332721e-06
1.5606817e-06
1.4880913e-06
1.4155009e-06
1.3429105e-06
1.2703201e-06
1.1977298e-06
1.1251394e-06
1.0525492e-06
9.799589e-07
9.0736868e-07
8.3477851e-07
7.6218838e-07
6.8959832e-07
6.1700833e-07
5.4441842e-07
4.7182861e-07
3.9923891e-07
3.2664936e-07
2.5405996e-07
1.8147082e-07
1.0888187e-07
3.629054e-08
2.5222674e-05
2.413354e-05
2.2722483e-05
2.1122175e-05
1.9676693e-05
1.8468828e-05
1.7486231e-05
1.6694359e-05
1.6055784e-05
1.5537326e-05
1.5112134e-05
1.4759336e-05
1.4462966e-05
1.4210858e-05
1.3993724e-05
1.3804428e-05
1.3637442e-05
1.3488451e-05
1.3354052e-05
1.3231538e-05
1.3118744e-05
1.3013917e-05
1.2915636e-05
1.2822739e-05
1.273427e-05
1.2649441e-05
1.2567599e-05
1.2488203e-05
1.2410803e-05
1.2335023e-05
1.2260549e-05
1.2187121e-05
1.2114523e-05
1.2042572e-05
1.1971119e-05
1.190004e-05
1.1829233e-05
1.1758613e-05
1.1688113e-05
1.1617676e-05
1.1547259e-05
1.1476825e-05
1.1406349e-05
1.1335808e-05
1.1265187e-05
1.1194475e-05
1.1123665e-05
1.1052751e-05
1.0981732e-05
1.0910607e-05
1.0839378e-05
1.0768047e-05
1.0696618e-05
1.0625094e-05
1.0553481e-05
1.0481784e-05
1.0410006e-05
1.0338154e-05
1.0266233e-05
1.0194247e-05
1.0122201e-05
1.0050101e-05
9.9779498e-06
9.905753e-06
9.8335141e-06
9.7612369e-06
9.6889251e-06
9.6165817e-06
9.5442101e-06
9.4718128e-06
9.3993925e-06
9.3269517e-06
9.2544924e-06
9.1820167e-06
9.1095264e-06
9.037023e-06
8.9645081e-06
8.891983e-06
8.8194489e-06
8.7469069e-06
8.6743579e-06
8.6018028e-06
8.5292424e-06
8.4566774e-06
8.3841083e-06
8.3115358e-06
8.2389602e-06
8.166382e-06
8.0938016e-06
8.0212193e-06
7.9486354e-06
7.8760501e-06
7.8034636e-06
7.7308762e-06
7.6582879e-06
7.585699e-06
7.5131096e-06
7.4405197e-06
7.3679294e-06
7.2953389e-06
7.2227481e-06
7.1501572e-06
7.0775661e-06
7.004975e-06
6.9323838e-06
6.8597926e-06
6.7872013e-06
6.7146101e-06
6.6420189e-06
6.5694277e-06
6.4968365e-06
6.4242454e-06
6.3516544e-06
6.2790633e-06
6.2064723e-06
6.1338814e-06
6.0612905e-06
5.9886997e-06
5.9161088e-06
5.8435181e-06
5.7709273e-06
5.6983367e-06
5.625746e-06
5.5531554e-06
5.4805648e-06
5.4079742e-06
5.3353836e-06
5.2627931e-06
5.1902026e-06
5.1176121e-06
5.0450216e-06
4.9724311e-06
4.8998407e-06
4.8272502e-06
4.7546598e-06
4.6820694e-06
4.6094789e-06
4.5368885e-06
4.4642981e-06
4.3917077e-06
4.3191173e-06
4.2465269e-06
4.1739365e-06
4.1013461e-06
4.0287557e-06
3.9561653e-06
3.8835749e-06
3.8109845e-06
3.7383941e-06
3.6658037e-06
3.5932134e-06
3.520623e-06
3.4480326e-06
3.3754422e-06
3.3028518e-06
3.2302614e-06
3.157671e-06
3.0850805e-06
3.0124901e-06
2.9398997e-06
2.8673093e-06
2.7947189e-06
2.7221285e-06
2.6495381e-06
2.5769477e-06
2.5043573e-06
2.4317668e-06
2.3591764e-06
2.286586e-06
2.2139956e-06
2.1414052e-06
2.0688148e-06
1.9962243e-06
1.9236339e-06
1.8510435e-06
1.7784531e-06
1.7058627e-06
1.6332723e-06
1.5606819e-06
1.4880915e-06
1.4155012e-06
1.3429108e-06
1.2703205e-06
1.1977302e-06
1.1251399e-06
1.0525496e-06
9.7995943e-07
9.0736924e-07
8.3477911e-07
7.6218902e-07
6.89599e-07
6.1700905e-07
5.4441917e-07
4.7182939e-07
3.9923972e-07
3.2665018e-07
2.5406078e-07
1.8147161e-07
1.0888264e-07
3.6290542e-08
2.2486718e-05
2.2123547e-05
2.1354121e-05
2.0275749e-05
1.9196906e-05
1.8224633e-05
1.7386223e-05
1.6679202e-05
1.6088363e-05
1.5595044e-05
1.5181518e-05
1.4832502e-05
1.4535412e-05
1.4280114e-05
1.405853e-05
1.386424e-05
1.3692139e-05
1.3538147e-05
1.3398994e-05
1.327204e-05
1.3155143e-05
1.3046558e-05
1.2944851e-05
1.2848844e-05
1.2757561e-05
1.2670191e-05
1.2586061e-05
1.2504606e-05
1.2425355e-05
1.2347915e-05
1.2271954e-05
1.2197196e-05
1.2123407e-05
1.2050395e-05
1.1977995e-05
1.1906073e-05
1.1834517e-05
1.1763231e-05
1.1692141e-05
1.1621181e-05
1.1550302e-05
1.1479461e-05
1.1408625e-05
1.1337769e-05
1.1266871e-05
1.1195916e-05
1.1124893e-05
1.1053794e-05
1.0982614e-05
1.0911349e-05
1.0839999e-05
1.0768564e-05
1.0697045e-05
1.0625444e-05
1.0553765e-05
1.0482011e-05
1.0410186e-05
1.0338293e-05
1.0266338e-05
1.0194324e-05
1.0122255e-05
1.0050135e-05
9.9779683e-06
9.9057587e-06
9.8335096e-06
9.7612245e-06
9.6889064e-06
9.6165585e-06
9.5441835e-06
9.471784e-06
9.3993624e-06
9.3269209e-06
9.2544615e-06
9.1819862e-06
9.1094966e-06
9.0369942e-06
8.9644805e-06
8.8919568e-06
8.8194241e-06
8.7468836e-06
8.6743361e-06
8.6017825e-06
8.5292236e-06
8.45666e-06
8.3840923e-06
8.3115211e-06
8.2389468e-06
8.1663698e-06
8.0937905e-06
8.0212092e-06
7.9486263e-06
7.8760418e-06
7.8034562e-06
7.7308695e-06
7.658282e-06
7.5856937e-06
7.5131049e-06
7.4405155e-06
7.3679257e-06
7.2953356e-06
7.2227452e-06
7.1501546e-06
7.0775639e-06
7.004973e-06
6.9323821e-06
6.8597911e-06
6.7872e-06
6.714609e-06
6.6420179e-06
6.5694269e-06
6.4968358e-06
6.4242448e-06
6.3516538e-06
6.2790629e-06
6.206472e-06
6.1338811e-06
6.0612902e-06
5.9886994e-06
5.9161087e-06
5.8435179e-06
5.7709272e-06
5.6983365e-06
5.6257459e-06
5.5531553e-06
5.4805647e-06
5.4079741e-06
5.3353836e-06
5.2627931e-06
5.1902026e-06
5.1176121e-06
5.0450216e-06
4.9724311e-06
4.8998407e-06
4.8272502e-06
4.7546598e-06
4.6820694e-06
4.6094789e-06
4.5368885e-06
4.4642981e-06
4.3917077e-06
4.3191173e-06
4.2465269e-06
4.1739365e-06
4.1013461e-06
4.0287557e-06
3.9561653e-06
3.8835749e-06
3.8109845e-06
3.7383941e-06
3.6658037e-06
3.5932134e-06
3.520623e-06
3.4480326e-06
3.3754422e-06
3.3028518e-06
3.2302614e-06
3.157671e-06
3.0850806e-06
3.0124902e-06
2.9398998e-06
2.8673093e-06
2.7947189e-06
2.7221285e-06
2.6495381e-06
2.5769477e-06
2.5043573e-06
2.4317669e-06
2.3591765e-06
2.2865861e-06
2.2139957e-06
2.1414053e-06
2.0688149e-06
1.9962245e-06
1.9236341e-06
1.8510437e-06
1.7784533e-06
1.7058629e-06
1.6332725e-06
1.5606822e-06
1.4880918e-06
1.4155015e-06
1.3429112e-06
1.2703209e-06
1.1977306e-06
1.1251403e-06
1.0525501e-06
9.7995993e-07
9.0736978e-07
8.3477968e-07
7.6218963e-07
6.8959963e-07
6.1700971e-07
5.4441986e-07
4.7183011e-07
3.9924045e-07
3.2665091e-07
2.5406149e-07
1.8147229e-07
1.0888331e-07
3.6290562e-08
2.0581922e-05
2.0566656e-05
2.0176905e-05
1.9463897e-05
1.8672794e-05
1.7906313e-05
1.7207747e-05
1.6592354e-05
1.6059732e-05
1.5602268e-05
1.520996e-05
1.4872726e-05
1.4581411e-05
1.4328116e-05
1.410621e-05
1.3910206e-05
1.3735598e-05
1.3578691e-05
1.3436459e-05
1.3306416e-05
1.3186515e-05
1.3075066e-05
1.2970667e-05
1.2872154e-05
1.2778554e-05
1.2689056e-05
1.2602979e-05
1.2519749e-05
1.2438885e-05
1.2359982e-05
1.2282698e-05
1.2206746e-05
1.2131881e-05
1.2057901e-05
1.1984633e-05
1.1911932e-05
1.1839678e-05
1.176777e-05
1.1696124e-05
1.162467e-05
1.1553351e-05
1.1482119e-05
1.1410938e-05
1.1339775e-05
1.1268607e-05
1.1197415e-05
1.1126183e-05
1.10549e-05
1.0983559e-05
1.0912154e-05
1.0840681e-05
1.0769139e-05
1.0697528e-05
1.0625847e-05
1.0554099e-05
1.0482286e-05
1.041041e-05
1.0338474e-05
1.0266482e-05
1.0194437e-05
1.0122341e-05
1.0050199e-05
9.9780145e-06
9.9057897e-06
9.8335282e-06
9.7612329e-06
9.6889067e-06
9.6165524e-06
9.5441724e-06
9.4717691e-06
9.3993446e-06
9.3269012e-06
9.2544406e-06
9.1819645e-06
9.1094746e-06
9.0369724e-06
8.9644591e-06
8.8919359e-06
8.8194041e-06
8.7468644e-06
8.674318e-06
8.6017654e-06
8.5292076e-06
8.4566451e-06
8.3840784e-06
8.3115082e-06
8.2389349e-06
8.1663589e-06
8.0937805e-06
8.0212001e-06
7.948618e-06
7.8760343e-06
7.8034494e-06
7.7308634e-06
7.6582765e-06
7.5856888e-06
7.5131004e-06
7.4405115e-06
7.3679221e-06
7.2953324e-06
7.2227424e-06
7.1501521e-06
7.0775617e-06
7.0049711e-06
6.9323804e-06
6.8597896e-06
6.7871987e-06
6.7146078e-06
6.6420169e-06
6.569426e-06
6.4968351e-06
6.4242442e-06
6.3516533e-06
6.2790624e-06
6.2064715e-06
6.1338807e-06
6.0612899e-06
5.9886992e-06
5.9161084e-06
5.8435177e-06
5.7709271e-06
5.6983364e-06
5.6257458e-06
5.5531552e-06
5.4805646e-06
5.4079741e-06
5.3353835e-06
5.262793e-06
5.1902025e-06
5.117612e-06
5.0450216e-06
4.9724311e-06
4.8998407e-06
4.8272502e-06
4.7546598e-06
4.6820694e-06
4.6094789e-06
4.5368885e-06
4.4642981e-06
4.3917077e-06
4.3191173e-06
4.2465269e-06
4.1739365e-06
4.1013461e-06
4.0287557e-06
3.9561653e-06
3.8835749e-06
3.8109845e-06
3.7383941e-06
3.6658038e-06
3.5932134e-06
3.520623e-06
3.4480326e-06
3.3754422e-06
3.3028518e-06
3.2302614e-06
3.157671e-06
3.0850806e-06
3.0124902e-06
2.9398998e-06
2.8673094e-06
2.794719e-06
2.7221286e-06
2.6495382e-06
2.5769478e-06
2.5043574e-06
2.431767e-06
2.3591766e-06
2.2865862e-06
2.2139958e-06
2.1414054e-06
2.068815e-06
1.9962246e-06
1.9236342e-06
1.8510439e-06
1.7784535e-06
1.7058631e-06
1.6332728e-06
1.5606824e-06
1.4880921e-06
1.4155018e-06
1.3429115e-06
1.2703212e-06
1.197731e-06
1.1251408e-06
1.0525506e-06
9.799604e-07
9.0737029e-07
8.3478021e-07
7.6219019e-07
6.8960022e-07
6.1701032e-07
5.444205e-07
4.7183075e-07
3.9924111e-07
3.2665156e-07
2.5406212e-07
1.8147287e-07
1.088839e-07
3.6290613e-08
1.9212844e-05
1.9353099e-05
1.9183469e-05
1.8721016e-05
1.8148705e-05
1.755342e-05
1.6981235e-05
1.6455515e-05
1.5984689e-05
1.5568811e-05
1.520385e-05
1.4884114e-05
1.4603571e-05
1.4356501e-05
1.4137773e-05
1.394293e-05
1.3768165e-05
1.3610264e-05
1.3466523e-05
1.3334678e-05
1.3212829e-05
1.3099387e-05
1.2993016e-05
1.2892593e-05
1.2797174e-05
1.2705961e-05
1.261828e-05
1.2533563e-05
1.2451327e-05
1.2371163e-05
1.2292725e-05
1.2215719e-05
1.2139896e-05
1.2065046e-05
1.199099e-05
1.1917578e-05
1.1844683e-05
1.1772198e-05
1.1700034e-05
1.1628116e-05
1.1556381e-05
1.1484779e-05
1.1413267e-05
1.1341811e-05
1.1270381e-05
1.1198957e-05
1.112752e-05
1.1056057e-05
1.0984557e-05
1.0913011e-05
1.0841416e-05
1.0769766e-05
1.0698061e-05
1.0626298e-05
1.0554479e-05
1.0482604e-05
1.0410675e-05
1.0338693e-05
1.0266662e-05
1.0194582e-05
1.0122458e-05
1.0050292e-05
9.9780866e-06
9.9058445e-06
9.8335684e-06
9.7612611e-06
9.688925e-06
9.6165625e-06
9.5441759e-06
9.4717673e-06
9.3993388e-06
9.3268921e-06
9.2544291e-06
9.1819513e-06
9.1094603e-06
9.0369573e-06
8.9644436e-06
8.8919204e-06
8.8193887e-06
8.7468494e-06
8.6743034e-06
8.6017515e-06
8.5291943e-06
8.4566325e-06
8.3840667e-06
8.3114972e-06
8.2389247e-06
8.1663494e-06
8.0937717e-06
8.021192e-06
7.9486106e-06
7.8760275e-06
7.8034432e-06
7.7308578e-06
7.6582714e-06
7.5856842e-06
7.5130962e-06
7.4405078e-06
7.3679188e-06
7.2953294e-06
7.2227397e-06
7.1501497e-06
7.0775596e-06
7.0049692e-06
6.9323787e-06
6.8597881e-06
6.7871974e-06
6.7146067e-06
6.6420159e-06
6.5694251e-06
6.4968343e-06
6.4242435e-06
6.3516527e-06
6.2790619e-06
6.2064711e-06
6.1338804e-06
6.0612896e-06
5.9886989e-06
5.9161082e-06
5.8435175e-06
5.7709269e-06
5.6983363e-06
5.6257457e-06
5.5531551e-06
5.4805646e-06
5.407974e-06
5.3353835e-06
5.262793e-06
5.1902025e-06
5.117612e-06
5.0450215e-06
4.9724311e-06
4.8998406e-06
4.8272502e-06
4.7546598e-06
4.6820694e-06
4.6094789e-06
4.5368885e-06
4.4642981e-06
4.3917077e-06
4.3191173e-06
4.2465269e-06
4.1739365e-06
4.1013461e-06
4.0287557e-06
3.9561653e-06
3.8835749e-06
3.8109845e-06
3.7383941e-06
3.6658038e-06
3.5932134e-06
3.520623e-06
3.4480326e-06
3.3754422e-06
3.3028518e-06
3.2302614e-06
3.157671e-06
3.0850806e-06
3.0124902e-06
2.9398998e-06
2.8673094e-06
2.794719e-06
2.7221286e-06
2.6495382e-06
2.5769478e-06
2.5043574e-06
2.431767e-06
2.3591766e-06
2.2865863e-06
2.2139959e-06
2.1414055e-06
2.0688151e-06
1.9962247e-06
1.9236344e-06
1.851044e-06
1.7784537e-06
1.7058633e-06
1.633273e-06
1.5606827e-06
1.4880924e-06
1.4155021e-06
1.3429118e-06
1.2703216e-06
1.1977313e-06
1.1251411e-06
1.052551e-06
9.7996085e-07
9.0737076e-07
8.3478071e-07
7.6219071e-07
6.8960077e-07
6.1701088e-07
5.4442107e-07
4.7183133e-07
3.9924169e-07
3.2665213e-07
2.5406266e-07
1.8147338e-07
1.0888441e-07
3.6290704e-08
1.8192262e-05
1.8394726e-05
1.8351642e-05
1.8059199e-05
1.7649916e-05
1.7192603e-05
1.672966e-05
1.6286661e-05
1.5876546e-05
1.5504205e-05
1.5169873e-05
1.4871296e-05
1.4605075e-05
1.4367445e-05
1.4154704e-05
1.3963421e-05
1.3790525e-05
1.3633325e-05
1.3489492e-05
1.3357024e-05
1.3234211e-05
1.3119596e-05
1.3011937e-05
1.2910177e-05
1.2813417e-05
1.2720891e-05
1.2631945e-05
1.2546025e-05
1.2462654e-05
1.2381429e-05
1.2302004e-05
1.2224086e-05
1.2147423e-05
1.2071802e-05
1.1997042e-05
1.1922988e-05
1.1849509e-05
1.1776494e-05
1.1703851e-05
1.16315e-05
1.1559376e-05
1.1487424e-05
1.1415598e-05
1.134386e-05
1.127218e-05
1.1200532e-05
1.1128896e-05
1.1057255e-05
1.0985598e-05
1.0913914e-05
1.0842196e-05
1.0770438e-05
1.0698638e-05
1.0626792e-05
1.05549e-05
1.0482962e-05
1.0410977e-05
1.0338947e-05
1.0266874e-05
1.0194759e-05
1.0122604e-05
1.0050411e-05
9.9781827e-06
9.9059212e-06
9.8336288e-06
9.7613077e-06
9.68896e-06
9.6165878e-06
9.5441932e-06
9.471778e-06
9.3993441e-06
9.3268932e-06
9.2544267e-06
9.1819462e-06
9.1094531e-06
9.0369486e-06
8.9644339e-06
8.89191e-06
8.8193778e-06
8.7468384e-06
8.6742924e-06
8.6017406e-06
8.5291838e-06
8.4566223e-06
8.3840569e-06
8.311488e-06
8.2389159e-06
8.1663412e-06
8.0937641e-06
8.0211849e-06
7.948604e-06
7.8760215e-06
7.8034376e-06
7.7308527e-06
7.6582667e-06
7.5856799e-06
7.5130924e-06
7.4405043e-06
7.3679156e-06
7.2953266e-06
7.2227372e-06
7.1501474e-06
7.0775575e-06
7.0049674e-06
6.9323771e-06
6.8597866e-06
6.7871961e-06
6.7146055e-06
6.6420149e-06
6.5694242e-06
6.4968335e-06
6.4242428e-06
6.3516521e-06
6.2790614e-06
6.2064707e-06
6.13388e-06
6.0612893e-06
5.9886986e-06
5.916108e-06
5.8435173e-06
5.7709267e-06
5.6983361e-06
5.6257455e-06
5.553155e-06
5.4805645e-06
5.4079739e-06
5.3353834e-06
5.2627929e-06
5.1902024e-06
5.117612e-06
5.0450215e-06
4.9724311e-06
4.8998406e-06
4.8272502e-06
4.7546598e-06
4.6820693e-06
4.6094789e-06
4.5368885e-06
4.4642981e-06
4.3917077e-06
4.3191173e-06
4.2465269e-06
4.1739365e-06
4.1013461e-06
4.0287557e-06
3.9561653e-06
3.8835749e-06
3.8109845e-06
3.7383941e-06
3.6658038e-06
3.5932134e-06
3.520623e-06
3.4480326e-06
3.3754422e-06
3.3028518e-06
3.2302614e-06
3.157671e-06
3.0850806e-06
3.0124902e-06
2.9398998e-06
2.8673094e-06
2.794719e-06
2.7221286e-06
2.6495382e-06
2.5769479e-06
2.5043575e-06
2.4317671e-06
2.3591767e-06
2.2865863e-06
2.213996e-06
2.1414056e-06
2.0688152e-06
1.9962249e-06
1.9236345e-06
1.8510442e-06
1.7784539e-06
1.7058635e-06
1.6332732e-06
1.5606829e-06
1.4880926e-06
1.4155024e-06
1.3429121e-06
1.2703219e-06
1.1977317e-06
1.1251415e-06
1.0525514e-06
9.7996127e-07
9.073712e-07
8.3478117e-07
7.6219119e-07
6.8960126e-07
6.1701139e-07
5.4442159e-07
4.7183186e-07
3.992422e-07
3.2665263e-07
2.5406314e-07
1.8147383e-07
1.0888485e-07
3.629084e-08
1.7406839e-05
1.7626893e-05
1.7655624e-05
1.7477883e-05
1.7188628e-05
1.684031e-05
1.646913e-05
1.6099605e-05
1.5746324e-05
1.541687e-05
1.5114287e-05
1.4838844e-05
1.4589227e-05
1.4363324e-05
1.4158703e-05
1.3972894e-05
1.3803544e-05
1.3648493e-05
1.3505803e-05
1.3373765e-05
1.325088e-05
1.3135845e-05
1.3027535e-05
1.2924976e-05
1.2827329e-05
1.2733873e-05
1.2643986e-05
1.2557134e-05
1.247286e-05
1.2390769e-05
1.2310523e-05
1.2231831e-05
1.2154445e-05
1.2078152e-05
1.200277e-05
1.1928142e-05
1.1854137e-05
1.178064e-05
1.1707558e-05
1.1634807e-05
1.156232e-05
1.149004e-05
1.1417917e-05
1.1345912e-05
1.1273991e-05
1.1202128e-05
1.1130298e-05
1.1058486e-05
1.0986674e-05
1.0914853e-05
1.0843014e-05
1.0771149e-05
1.0699253e-05
1.0627323e-05
1.0555357e-05
1.0483354e-05
1.0411312e-05
1.0339232e-05
1.0267116e-05
1.0194963e-05
1.0122775e-05
1.0050554e-05
9.9783008e-06
9.9060183e-06
9.8337078e-06
9.7613713e-06
9.6890105e-06
9.6166273e-06
9.5442233e-06
9.4718004e-06
9.39936e-06
9.3269036e-06
9.2544328e-06
9.1819488e-06
9.1094528e-06
9.036946e-06
8.9644295e-06
8.8919043e-06
8.8193712e-06
8.7468311e-06
8.6742847e-06
8.6017327e-06
8.5291758e-06
8.4566144e-06
8.3840491e-06
8.3114804e-06
8.2389087e-06
8.1663343e-06
8.0937575e-06
8.0211788e-06
7.9485982e-06
7.8760161e-06
7.8034327e-06
7.7308481e-06
7.6582625e-06
7.585676e-06
7.5130888e-06
7.440501e-06
7.3679127e-06
7.2953239e-06
7.2227347e-06
7.1501453e-06
7.0775555e-06
7.0049656e-06
6.9323755e-06
6.8597852e-06
6.7871949e-06
6.7146044e-06
6.6420139e-06
6.5694233e-06
6.4968327e-06
6.4242421e-06
6.3516515e-06
6.2790608e-06
6.2064702e-06
6.1338795e-06
6.0612889e-06
5.9886983e-06
5.9161077e-06
5.8435171e-06
5.7709265e-06
5.6983359e-06
5.6257454e-06
5.5531549e-06
5.4805643e-06
5.4079738e-06
5.3353833e-06
5.2627929e-06
5.1902024e-06
5.1176119e-06
5.0450215e-06
4.972431e-06
4.8998406e-06
4.8272502e-06
4.7546597e-06
4.6820693e-06
4.6094789e-06
4.5368885e-06
4.4642981e-06
4.3917077e-06
4.3191173e-06
4.2465269e-06
4.1739365e-06
4.1013461e-06
4.0287557e-06
3.9561653e-06
3.8835749e-06
3.8109845e-06
3.7383942e-06
3.6658038e-06
3.5932134e-06
3.520623e-06
3.4480326e-06
3.3754422e-06
3.3028518e-06
3.2302614e-06
3.157671e-06
3.0850806e-06
3.0124902e-06
2.9398998e-06
2.8673095e-06
2.7947191e-06
2.7221287e-06
2.6495383e-06
2.5769479e-06
2.5043575e-06
2.4317672e-06
2.3591768e-06
2.2865864e-06
2.2139961e-06
2.1414057e-06
2.0688154e-06
1.996225e-06
1.9236347e-06
1.8510443e-06
1.778454e-06
1.7058637e-06
1.6332734e-06
1.5606831e-06
1.4880929e-06
1.4155026e-06
1.3429124e-06
1.2703222e-06
1.197732e-06
1.1251419e-06
1.0525518e-06
9.7996167e-07
9.0737161e-07
8.347816e-07
7.6219163e-07
6.8960172e-07
6.1701186e-07
5.4442206e-07
4.7183232e-07
3.9924266e-07
3.2665308e-07
2.5406356e-07
1.8147421e-07
1.0888523e-07
3.6291023e-08
1.6785574e-05
1.7002634e-05
1.7071128e-05
1.69706e-05
1.6769184e-05
1.6505934e-05
1.6210413e-05
1.5904523e-05
1.5602761e-05
1.5313897e-05
1.5042653e-05
1.4791018e-05
1.4559244e-05
1.4346543e-05
1.415156e-05
1.3972676e-05
1.3808204e-05
1.3656493e-05
1.3515996e-05
1.3385298e-05
1.3263127e-05
1.3148349e-05
1.3039967e-05
1.2937102e-05
1.2838989e-05
1.2744962e-05
1.2654439e-05
1.2566917e-05
1.248196e-05
1.239919e-05
1.2318281e-05
1.2238951e-05
1.2160955e-05
1.2084086e-05
1.2008162e-05
1.1933029e-05
1.1858555e-05
1.1784624e-05
1.1711142e-05
1.1638024e-05
1.1565202e-05
1.1492615e-05
1.1420213e-05
1.1347956e-05
1.1275806e-05
1.1203736e-05
1.113172e-05
1.105974e-05
1.0987779e-05
1.0915823e-05
1.0843864e-05
1.0771892e-05
1.0699901e-05
1.0627887e-05
1.0555846e-05
1.0483776e-05
1.0411676e-05
1.0339545e-05
1.0267384e-05
1.0195191e-05
1.0122969e-05
1.0050718e-05
9.978439e-06
9.9061339e-06
9.8338039e-06
9.7614506e-06
9.6890754e-06
9.6166798e-06
9.5442654e-06
9.4718335e-06
9.3993856e-06
9.3269229e-06
9.2544468e-06
9.1819584e-06
9.1094589e-06
9.0369492e-06
8.9644303e-06
8.8919032e-06
8.8193686e-06
8.7468274e-06
8.6742801e-06
8.6017276e-06
8.5291702e-06
8.4566086e-06
8.3840432e-06
8.3114745e-06
8.2389029e-06
8.1663286e-06
8.0937521e-06
8.0211735e-06
7.9485932e-06
7.8760114e-06
7.8034283e-06
7.7308439e-06
7.6582586e-06
7.5856725e-06
7.5130855e-06
7.440498e-06
7.3679099e-06
7.2953214e-06
7.2227324e-06
7.1501432e-06
7.0775536e-06
7.0049639e-06
6.9323739e-06
6.8597838e-06
6.7871936e-06
6.7146033e-06
6.6420129e-06
6.5694224e-06
6.4968319e-06
6.4242414e-06
6.3516509e-06
6.2790603e-06
6.2064697e-06
6.1338791e-06
6.0612885e-06
5.988698e-06
5.9161074e-06
5.8435168e-06
5.7709263e-06
5.6983358e-06
5.6257452e-06
5.5531547e-06
5.4805642e-06
5.4079737e-06
5.3353833e-06
5.2627928e-06
5.1902023e-06
5.1176119e-06
5.0450214e-06
4.972431e-06
4.8998406e-06
4.8272501e-06
4.7546597e-06
4.6820693e-06
4.6094789e-06
4.5368885e-06
4.4642981e-06
4.3917077e-06
4.3191173e-06
4.2465269e-06
4.1739365e-06
4.1013461e-06
4.0287557e-06
3.9561653e-06
3.8835749e-06
3.8109845e-06
3.7383942e-06
3.6658038e-06
3.5932134e-06
3.520623e-06
3.4480326e-06
3.3754422e-06
3.3028518e-06
3.2302614e-06
3.157671e-06
3.0850806e-06
3.0124903e-06
2.9398999e-06
2.8673095e-06
2.7947191e-06
2.7221287e-06
2.6495383e-06
2.576948e-06
2.5043576e-06
2.4317672e-06
2.3591769e-06
2.2865865e-06
2.2139962e-06
2.1414058e-06
2.0688155e-06
1.9962251e-06
1.9236348e-06
1.8510445e-06
1.7784542e-06
1.7058639e-06
1.6332736e-06
1.5606834e-06
1.4880931e-06
1.4155029e-06
1.3429127e-06
1.2703225e-06
1.1977323e-06
1.1251422e-06
1.0525521e-06
9.7996203e-07
9.0737199e-07
8.3478199e-07
7.6219204e-07
6.8960213e-07
6.1701227e-07
5.4442247e-07
4.7183273e-07
3.9924306e-07
3.2665346e-07
2.5406392e-07
1.8147454e-07
1.0888555e-07
3.6291254e-08
1.6282463e-05
1.6487854e-05
1.6577385e-05
1.6528836e-05
1.6391571e-05
1.6194258e-05
1.596037e-05
1.5708656e-05
1.5452562e-05
1.5201068e-05
1.4959733e-05
1.4731632e-05
1.4518121e-05
1.4319424e-05
1.4135058e-05
1.3964133e-05
1.3805546e-05
1.3658117e-05
1.3520671e-05
1.3392082e-05
1.3271301e-05
1.3157372e-05
1.3049431e-05
1.2946706e-05
1.2848512e-05
1.2754243e-05
1.2663367e-05
1.2575417e-05
1.2489985e-05
1.2406713e-05
1.2325292e-05
1.2245451e-05
1.2166955e-05
1.2089602e-05
1.2013216e-05
1.1937644e-05
1.1862755e-05
1.1788438e-05
1.1714594e-05
1.1641142e-05
1.1568011e-05
1.149514e-05
1.1422478e-05
1.1349982e-05
1.1277615e-05
1.1205348e-05
1.1133153e-05
1.1061011e-05
1.0988904e-05
1.0916817e-05
1.084474e-05
1.0772662e-05
1.0700576e-05
1.0628478e-05
1.0556362e-05
1.0484225e-05
1.0412066e-05
1.0339883e-05
1.0267675e-05
1.0195442e-05
1.0123184e-05
1.0050902e-05
9.9785953e-06
9.9062663e-06
9.8339155e-06
9.7615441e-06
9.6891533e-06
9.6167443e-06
9.5443183e-06
9.4718765e-06
9.3994202e-06
9.3269503e-06
9.2544682e-06
9.1819747e-06
9.1094708e-06
9.0369576e-06
8.9644358e-06
8.8919063e-06
8.8193698e-06
8.746827e-06
8.6742785e-06
8.601725e-06
8.5291669e-06
8.4566048e-06
8.3840391e-06
8.3114702e-06
8.2388984e-06
8.1663241e-06
8.0937476e-06
8.0211692e-06
7.948589e-06
7.8760074e-06
7.8034244e-06
7.7308403e-06
7.6582552e-06
7.5856693e-06
7.5130826e-06
7.4404952e-06
7.3679074e-06
7.295319e-06
7.2227303e-06
7.1501412e-06
7.0775518e-06
7.0049622e-06
6.9323725e-06
6.8597825e-06
6.7871924e-06
6.7146022e-06
6.6420119e-06
6.5694216e-06
6.4968312e-06
6.4242407e-06
6.3516502e-06
6.2790597e-06
6.2064692e-06
6.1338787e-06
6.0612882e-06
5.9886976e-06
5.9161071e-06
5.8435166e-06
5.7709261e-06
5.6983356e-06
5.6257451e-06
5.5531546e-06
5.4805641e-06
5.4079736e-06
5.3353832e-06
5.2627927e-06
5.1902022e-06
5.1176118e-06
5.0450214e-06
4.9724309e-06
4.8998405e-06
4.8272501e-06
4.7546597e-06
4.6820693e-06
4.6094789e-06
4.5368885e-06
4.4642981e-06
4.3917077e-06
4.3191173e-06
4.2465269e-06
4.1739365e-06
4.1013461e-06
4.0287557e-06
3.9561653e-06
3.8835749e-06
3.8109845e-06
3.7383942e-06
3.6658038e-06
3.5932134e-06
3.520623e-06
3.4480326e-06
3.3754422e-06
3.3028518e-06
3.2302614e-06
3.157671e-06
3.0850807e-06
3.0124903e-06
2.9398999e-06
2.8673095e-06
2.7947191e-06
2.7221288e-06
2.6495384e-06
2.576948e-06
2.5043577e-06
2.4317673e-06
2.3591769e-06
2.2865866e-06
2.2139962e-06
2.1414059e-06
2.0688156e-06
1.9962253e-06
1.923635e-06
1.8510447e-06
1.7784544e-06
1.7058641e-06
1.6332738e-06
1.5606836e-06
1.4880934e-06
1.4155031e-06
1.3429129e-06
1.2703228e-06
1.1977326e-06
1.1251425e-06
1.0525524e-06
9.7996237e-07
9.0737234e-07
8.3478235e-07
7.6219241e-07
6.896025e-07
6.1701265e-07
5.4442284e-07
4.718331e-07
3.9924342e-07
3.2665379e-07
2.5406422e-07
1.8147481e-07
1.0888582e-07
3.6291533e-08
1.5866936e-05
1.6057755e-05
1.6157435e-05
1.6143908e-05
1.6053524e-05
1.5907153e-05
1.5723095e-05
1.5516966e-05
1.5300723e-05
1.5082956e-05
1.4869488e-05
1.4663993e-05
1.4468552e-05
1.4284126e-05
1.4110911e-05
1.3948609e-05
1.3796623e-05
1.3654189e-05
1.3520469e-05
1.3394612e-05
1.3275788e-05
1.3163213e-05
1.3056161e-05
1.2953968e-05
1.2856034e-05
1.2761822e-05
1.2670851e-05
1.2582695e-05
1.2496979e-05
1.241337e-05
1.2331578e-05
1.2251348e-05
1.2172455e-05
1.2094706e-05
1.2017932e-05
1.1941984e-05
1.1866735e-05
1.1792076e-05
1.1717909e-05
1.1644155e-05
1.1570741e-05
1.1497607e-05
1.1424703e-05
1.1351983e-05
1.1279412e-05
1.1206956e-05
1.113459e-05
1.1062293e-05
1.0990044e-05
1.0917829e-05
1.0845636e-05
1.0773454e-05
1.0701275e-05
1.0629092e-05
1.0556901e-05
1.0484698e-05
1.0412479e-05
1.0340242e-05
1.0267987e-05
1.0195712e-05
1.0123417e-05
1.0051102e-05
9.9787677e-06
9.9064136e-06
9.834041e-06
9.7616505e-06
9.689243e-06
9.6168196e-06
9.5443811e-06
9.4719285e-06
9.3994629e-06
9.3269851e-06
9.2544962e-06
9.1819969e-06
9.1094882e-06
9.0369709e-06
8.9644456e-06
8.8919133e-06
8.8193744e-06
8.7468297e-06
8.6742797e-06
8.6017249e-06
8.5291658e-06
8.4566029e-06
8.3840366e-06
8.3114673e-06
8.2388952e-06
8.1663208e-06
8.0937442e-06
8.0211657e-06
7.9485856e-06
7.876004e-06
7.8034211e-06
7.7308371e-06
7.6582522e-06
7.5856664e-06
7.5130799e-06
7.4404927e-06
7.367905e-06
7.2953168e-06
7.2227283e-06
7.1501393e-06
7.0775501e-06
7.0049607e-06
6.932371e-06
6.8597812e-06
6.7871912e-06
6.7146011e-06
6.642011e-06
6.5694207e-06
6.4968304e-06
6.42424e-06
6.3516496e-06
6.2790592e-06
6.2064687e-06
6.1338782e-06
6.0612878e-06
5.9886973e-06
5.9161068e-06
5.8435163e-06
5.7709258e-06
5.6983353e-06
5.6257449e-06
5.5531544e-06
5.4805639e-06
5.4079735e-06
5.335383e-06
5.2627926e-06
5.1902022e-06
5.1176117e-06
5.0450213e-06
4.9724309e-06
4.8998405e-06
4.8272501e-06
4.7546597e-06
4.6820693e-06
4.6094789e-06
4.5368885e-06
4.4642981e-06
4.3917077e-06
4.3191173e-06
4.2465269e-06
4.1739365e-06
4.1013461e-06
4.0287557e-06
3.9561653e-06
3.8835749e-06
3.8109845e-06
3.7383942e-06
3.6658038e-06
3.5932134e-06
3.520623e-06
3.4480326e-06
3.3754422e-06
3.3028518e-06
3.2302614e-06
3.1576711e-06
3.0850807e-06
3.0124903e-06
2.9398999e-06
2.8673095e-06
2.7947192e-06
2.7221288e-06
2.6495384e-06
2.5769481e-06
2.5043577e-06
2.4317674e-06
2.359177e-06
2.2865867e-06
2.2139963e-06
2.141406e-06
2.0688157e-06
1.9962254e-06
1.9236351e-06
1.8510448e-06
1.7784545e-06
1.7058643e-06
1.633274e-06
1.5606838e-06
1.4880936e-06
1.4155034e-06
1.3429132e-06
1.270323e-06
1.1977329e-06
1.1251428e-06
1.0525527e-06
9.7996268e-07
9.0737266e-07
8.3478268e-07
7.6219274e-07
6.8960284e-07
6.1701298e-07
5.4442317e-07
4.7183342e-07
3.9924372e-07
3.2665408e-07
2.5406448e-07
1.8147504e-07
1.0888602e-07
3.6291858e-08
1.5518149e-05
1.5694177e-05
1.5797716e-05
1.5807802e-05
1.5751759e-05
1.5644716e-05
1.5500775e-05
1.5332707e-05
1.5150852e-05
1.4963089e-05
1.477513e-05
1.4590895e-05
1.4412898e-05
1.4242601e-05
1.4080707e-05
1.3927387e-05
1.3782461e-05
1.3645524e-05
1.3516039e-05
1.3393404e-05
1.3276994e-05
1.3166193e-05
1.3060409e-05
1.2959086e-05
1.2861713e-05
1.276782e-05
1.2676984e-05
1.2588824e-05
1.2502998e-05
1.2419204e-05
1.2337171e-05
1.2256663e-05
1.217747e-05
1.2099408e-05
1.2022316e-05
1.1946052e-05
1.1870495e-05
1.1795536e-05
1.1721083e-05
1.1647056e-05
1.1573386e-05
1.1500011e-05
1.1426882e-05
1.1353953e-05
1.1281188e-05
1.1208555e-05
1.1136025e-05
1.1063578e-05
1.0991192e-05
1.0918853e-05
1.0846547e-05
1.0774262e-05
1.0701991e-05
1.0629725e-05
1.0557459e-05
1.0485189e-05
1.041291e-05
1.034062e-05
1.0268317e-05
1.0195999e-05
1.0123667e-05
1.0051318e-05
9.9789542e-06
9.9065741e-06
9.8341787e-06
9.7617681e-06
9.6893432e-06
9.6169045e-06
9.5444527e-06
9.4719886e-06
9.399513e-06
9.3270266e-06
9.2545302e-06
9.1820246e-06
9.1095105e-06
9.0369886e-06
8.9644595e-06
8.8919238e-06
8.8193822e-06
8.7468352e-06
8.6742833e-06
8.601727e-06
8.5291667e-06
8.4566028e-06
8.3840357e-06
8.3114657e-06
8.2388932e-06
8.1663184e-06
8.0937416e-06
8.021163e-06
7.9485828e-06
7.8760011e-06
7.8034183e-06
7.7308344e-06
7.6582495e-06
7.5856638e-06
7.5130774e-06
7.4404904e-06
7.3679028e-06
7.2953148e-06
7.2227264e-06
7.1501376e-06
7.0775485e-06
7.0049592e-06
6.9323697e-06
6.8597799e-06
6.7871901e-06
6.7146001e-06
6.64201e-06
6.5694198e-06
6.4968296e-06
6.4242393e-06
6.351649e-06
6.2790586e-06
6.2064682e-06
6.1338778e-06
6.0612874e-06
5.9886969e-06
5.9161065e-06
5.843516e-06
5.7709256e-06
5.6983351e-06
5.6257447e-06
5.5531542e-06
5.4805638e-06
5.4079734e-06
5.3353829e-06
5.2627925e-06
5.1902021e-06
5.1176117e-06
5.0450212e-06
4.9724308e-06
4.8998404e-06
4.82725e-06
4.7546596e-06
4.6820692e-06
4.6094788e-06
4.5368884e-06
4.464298e-06
4.3917076e-06
4.3191173e-06
4.2465269e-06
4.1739365e-06
4.1013461e-06
4.0287557e-06
3.9561653e-06
3.8835749e-06
3.8109845e-06
3.7383942e-06
3.6658038e-06
3.5932134e-06
3.520623e-06
3.4480326e-06
3.3754422e-06
3.3028518e-06
3.2302615e-06
3.1576711e-06
3.0850807e-06
3.0124903e-06
2.9398999e-06
2.8673096e-06
2.7947192e-06
2.7221288e-06
2.6495385e-06
2.5769481e-06
2.5043578e-06
2.4317674e-06
2.3591771e-06
2.2865868e-06
2.2139964e-06
2.1414061e-06
2.0688158e-06
1.9962255e-06
1.9236352e-06
1.8510449e-06
1.7784547e-06
1.7058644e-06
1.6332742e-06
1.560684e-06
1.4880938e-06
1.4155036e-06
1.3429134e-06
1.2703233e-06
1.1977332e-06
1.1251431e-06
1.052553e-06
9.7996296e-07
9.0737295e-07
8.3478297e-07
7.6219304e-07
6.8960313e-07
6.1701327e-07
5.4442346e-07
4.7183369e-07
3.9924398e-07
3.2665432e-07
2.540647e-07
1.8147522e-07
1.0888617e-07
3.6292226e-08
1.5221493e-05
1.5383671e-05
1.548749e-05
1.5513482e-05
1.5482681e-05
1.5406034e-05
1.5294327e-05
1.5157881e-05
1.5005469e-05
1.4844118e-05
1.4679203e-05
1.4514647e-05
1.4353177e-05
1.4196571e-05
1.4045888e-05
1.3901659e-05
1.3764037e-05
1.3632917e-05
1.3508022e-05
1.3388974e-05
1.3275335e-05
1.3166645e-05
1.3062441e-05
1.2962273e-05
1.2865716e-05
1.2772372e-05
1.2681874e-05
1.2593887e-05
1.2508109e-05
1.2424264e-05
1.234211e-05
1.2261427e-05
1.2182021e-05
1.2103722e-05
1.2026378e-05
1.1949855e-05
1.1874036e-05
1.1798819e-05
1.1724114e-05
1.1649844e-05
1.1575941e-05
1.1502346e-05
1.1429009e-05
1.1355886e-05
1.128294e-05
1.1210137e-05
1.1137452e-05
1.1064861e-05
1.0992344e-05
1.0919884e-05
1.0847467e-05
1.0775083e-05
1.0702721e-05
1.0630373e-05
1.0558032e-05
1.0485695e-05
1.0413356e-05
1.0341012e-05
1.0268661e-05
1.01963e-05
1.012393e-05
1.0051547e-05
9.9791527e-06
9.906746e-06
9.8343269e-06
9.7618957e-06
9.6894525e-06
9.6169978e-06
9.544532e-06
9.4720557e-06
9.3995695e-06
9.3270739e-06
9.2545696e-06
9.1820572e-06
9.1095372e-06
9.0370102e-06
8.9644768e-06
8.8919375e-06
8.8193929e-06
8.7468433e-06
8.6742892e-06
8.6017311e-06
8.5291693e-06
8.4566042e-06
8.3840361e-06
8.3114654e-06
8.2388923e-06
8.166317e-06
8.0937398e-06
8.021161e-06
7.9485806e-06
7.8759989e-06
7.803416e-06
7.7308321e-06
7.6582472e-06
7.5856616e-06
7.5130753e-06
7.4404883e-06
7.3679009e-06
7.2953129e-06
7.2227246e-06
7.1501359e-06
7.077547e-06
7.0049578e-06
6.9323683e-06
6.8597787e-06
6.787189e-06
6.7145991e-06
6.6420091e-06
6.569419e-06
6.4968288e-06
6.4242386e-06
6.3516483e-06
6.279058e-06
6.2064677e-06
6.1338773e-06
6.061287e-06
5.9886966e-06
5.9161061e-06
5.8435157e-06
5.7709253e-06
5.6983349e-06
5.6257445e-06
5.5531541e-06
5.4805636e-06
5.4079732e-06
5.3353828e-06
5.2627924e-06
5.190202e-06
5.1176116e-06
5.0450212e-06
4.9724308e-06
4.8998404e-06
4.82725e-06
4.7546596e-06
4.6820692e-06
4.6094788e-06
4.5368884e-06
4.464298e-06
4.3917076e-06
4.3191172e-06
4.2465269e-06
4.1739365e-06
4.1013461e-06
4.0287557e-06
3.9561653e-06
3.8835749e-06
3.8109845e-06
3.7383942e-06
3.6658038e-06
3.5932134e-06
3.520623e-06
3.4480326e-06
3.3754422e-06
3.3028518e-06
3.2302615e-06
3.1576711e-06
3.0850807e-06
3.0124903e-06
2.9399e-06
2.8673096e-06
2.7947192e-06
2.7221289e-06
2.6495385e-06
2.5769482e-06
2.5043578e-06
2.4317675e-06
2.3591772e-06
2.2865868e-06
2.2139965e-06
2.1414062e-06
2.0688159e-06
1.9962256e-06
1.9236353e-06
1.8510451e-06
1.7784548e-06
1.7058646e-06
1.6332744e-06
1.5606841e-06
1.488094e-06
1.4155038e-06
1.3429136e-06
1.2703235e-06
1.1977334e-06
1.1251433e-06
1.0525532e-06
9.7996321e-07
9.0737321e-07
8.3478324e-07
7.621933e-07
6.896034e-07
6.1701353e-07
5.4442371e-07
4.7183393e-07
3.992442e-07
3.2665452e-07
2.5406487e-07
1.8147536e-07
1.0888626e-07
3.6292636e-08
1.4966461e-05
1.5116149e-05
1.5218266e-05
1.5254936e-05
1.5242761e-05
1.5189663e-05
1.5103851e-05
1.4993604e-05
1.4866267e-05
1.4727987e-05
1.4583681e-05
1.4437122e-05
1.4291086e-05
1.4147524e-05
1.4007735e-05
1.3872507e-05
1.3742255e-05
1.3617116e-05
1.3497035e-05
1.3381827e-05
1.3271222e-05
1.3164903e-05
1.3062527e-05
1.2963747e-05
1.286822e-05
1.2775619e-05
1.2685632e-05
1.2597974e-05
1.2512379e-05
1.2428606e-05
1.2346435e-05
1.226567e-05
1.2186133e-05
1.2107666e-05
1.203013e-05
1.1953399e-05
1.1877363e-05
1.1801926e-05
1.1727002e-05
1.1652516e-05
1.1578404e-05
1.1504609e-05
1.1431081e-05
1.1357777e-05
1.128466e-05
1.1211699e-05
1.1138866e-05
1.1066137e-05
1.0993493e-05
1.0920916e-05
1.0848393e-05
1.0775911e-05
1.0703459e-05
1.063103e-05
1.0558617e-05
1.0486213e-05
1.0413814e-05
1.0341416e-05
1.0269017e-05
1.0196613e-05
1.0124203e-05
1.0051786e-05
9.9793614e-06
9.9069274e-06
9.8344841e-06
9.7620315e-06
9.6895695e-06
9.6170982e-06
9.544618e-06
9.472129e-06
9.3996317e-06
9.3271264e-06
9.2546137e-06
9.182094e-06
9.1095677e-06
9.0370354e-06
8.9644973e-06
8.8919541e-06
8.819406e-06
8.7468536e-06
8.6742971e-06
8.601737e-06
8.5291735e-06
8.4566071e-06
8.3840379e-06
8.3114662e-06
8.2388923e-06
8.1663165e-06
8.0937388e-06
8.0211596e-06
7.948579e-06
7.8759971e-06
7.8034141e-06
7.7308301e-06
7.6582452e-06
7.5856596e-06
7.5130733e-06
7.4404864e-06
7.367899e-06
7.2953112e-06
7.222723e-06
7.1501344e-06
7.0775455e-06
7.0049564e-06
6.9323671e-06
6.8597776e-06
6.7871879e-06
6.7145981e-06
6.6420082e-06
6.5694182e-06
6.4968281e-06
6.4242379e-06
6.3516477e-06
6.2790575e-06
6.2064672e-06
6.1338769e-06
6.0612865e-06
5.9886962e-06
5.9161058e-06
5.8435154e-06
5.7709251e-06
5.6983347e-06
5.6257443e-06
5.5531539e-06
5.4805635e-06
5.4079731e-06
5.3353827e-06
5.2627923e-06
5.1902019e-06
5.1176115e-06
5.0450211e-06
4.9724307e-06
4.8998403e-06
4.8272499e-06
4.7546595e-06
4.6820691e-06
4.6094788e-06
4.5368884e-06
4.464298e-06
4.3917076e-06
4.3191172e-06
4.2465268e-06
4.1739365e-06
4.1013461e-06
4.0287557e-06
3.9561653e-06
3.8835749e-06
3.8109845e-06
3.7383941e-06
3.6658038e-06
3.5932134e-06
3.520623e-06
3.4480326e-06
3.3754422e-06
3.3028519e-06
3.2302615e-06
3.1576711e-06
3.0850807e-06
3.0124904e-06
2.9399e-06
2.8673096e-06
2.7947193e-06
2.7221289e-06
2.6495386e-06
2.5769482e-06
2.5043579e-06
2.4317675e-06
2.3591772e-06
2.2865869e-06
2.2139966e-06
2.1414063e-06
2.068816e-06
1.9962257e-06
1.9236355e-06
1.8510452e-06
1.7784549e-06
1.7058647e-06
1.6332745e-06
1.5606843e-06
1.4880941e-06
1.415504e-06
1.3429138e-06
1.2703237e-06
1.1977336e-06
1.1251435e-06
1.0525535e-06
9.7996344e-07
9.0737344e-07
8.3478347e-07
7.6219353e-07
6.8960363e-07
6.1701375e-07
5.4442392e-07
4.7183413e-07
3.9924438e-07
3.2665467e-07
2.54065e-07
1.8147545e-07
1.088863e-07
3.6293082e-08
1.4745309e-05
1.4883943e-05
1.4983319e-05
1.5027102e-05
1.5028726e-05
1.499393e-05
1.4928944e-05
1.4840375e-05
1.473432e-05
1.461608e-05
1.4490067e-05
1.4359809e-05
1.4228024e-05
1.409673e-05
1.3967364e-05
1.3840898e-05
1.3717938e-05
1.3598816e-05
1.3483658e-05
1.3372445e-05
1.3265054e-05
1.3161295e-05
1.3060937e-05
1.2963728e-05
1.2869403e-05
1.2777704e-05
1.2688375e-05
1.2601178e-05
1.2515885e-05
1.2432288e-05
1.2350194e-05
1.2269428e-05
1.2189832e-05
1.211126e-05
1.2033586e-05
1.1956695e-05
1.1880483e-05
1.1804861e-05
1.1729747e-05
1.1655072e-05
1.1580773e-05
1.1506795e-05
1.1433092e-05
1.135962e-05
1.1286344e-05
1.1213233e-05
1.114026e-05
1.10674e-05
1.0994635e-05
1.0921946e-05
1.0849319e-05
1.0776741e-05
1.0704203e-05
1.0631694e-05
1.0559209e-05
1.0486739e-05
1.0414281e-05
1.0341829e-05
1.0269382e-05
1.0196934e-05
1.0124486e-05
1.0052034e-05
9.979578e-06
9.9071164e-06
9.8346486e-06
9.7621742e-06
9.689693e-06
9.6172047e-06
9.5447095e-06
9.4722074e-06
9.3996985e-06
9.3271832e-06
9.2546618e-06
9.1821344e-06
9.1096016e-06
9.0370635e-06
8.9645205e-06
8.8919731e-06
8.8194214e-06
8.7468659e-06
8.6743068e-06
8.6017445e-06
8.5291792e-06
8.4566112e-06
8.3840407e-06
8.311468e-06
8.2388933e-06
8.1663167e-06
8.0937385e-06
8.0211589e-06
7.9485779e-06
7.8759958e-06
7.8034126e-06
7.7308285e-06
7.6582436e-06
7.5856579e-06
7.5130716e-06
7.4404847e-06
7.3678974e-06
7.2953096e-06
7.2227214e-06
7.1501329e-06
7.0775442e-06
7.0049551e-06
6.9323659e-06
6.8597764e-06
6.7871869e-06
6.7145971e-06
6.6420073e-06
6.5694174e-06
6.4968273e-06
6.4242373e-06
6.3516471e-06
6.2790569e-06
6.2064667e-06
6.1338764e-06
6.0612861e-06
5.9886958e-06
5.9161055e-06
5.8435151e-06
5.7709248e-06
5.6983344e-06
5.6257441e-06
5.5531537e-06
5.4805633e-06
5.4079729e-06
5.3353825e-06
5.2627922e-06
5.1902018e-06
5.1176114e-06
5.045021e-06
4.9724306e-06
4.8998402e-06
4.8272499e-06
4.7546595e-06
4.6820691e-06
4.6094787e-06
4.5368883e-06
4.464298e-06
4.3917076e-06
4.3191172e-06
4.2465268e-06
4.1739364e-06
4.1013461e-06
4.0287557e-06
3.9561653e-06
3.8835749e-06
3.8109845e-06
3.7383941e-06
3.6658038e-06
3.5932134e-06
3.520623e-06
3.4480326e-06
3.3754422e-06
3.3028519e-06
3.2302615e-06
3.1576711e-06
3.0850808e-06
3.0124904e-06
2.9399e-06
2.8673097e-06
2.7947193e-06
2.7221289e-06
2.6495386e-06
2.5769483e-06
2.5043579e-06
2.4317676e-06
2.3591773e-06
2.286587e-06
2.2139967e-06
2.1414064e-06
2.0688161e-06
1.9962258e-06
1.9236356e-06
1.8510453e-06
1.7784551e-06
1.7058649e-06
1.6332746e-06
1.5606845e-06
1.4880943e-06
1.4155041e-06
1.342914e-06
1.2703239e-06
1.1977338e-06
1.1251437e-06
1.0525537e-06
9.7996365e-07
9.0737365e-07
8.3478368e-07
7.6219374e-07
6.8960382e-07
6.1701394e-07
5.444241e-07
4.7183429e-07
3.9924452e-07
3.2665479e-07
2.540651e-07
1.814755e-07
1.0888628e-07
3.6293561e-08
1.4552205e-05
1.4681142e-05
1.4777298e-05
1.482575e-05
1.4837637e-05
1.4817119e-05
1.4768913e-05
1.4698279e-05
1.4610247e-05
1.4509346e-05
1.4399477e-05
1.4283876e-05
1.4165131e-05
1.404525e-05
1.3925739e-05
1.3807682e-05
1.3691827e-05
1.3578653e-05
1.3468432e-05
1.3361283e-05
1.325721e-05
1.3156137e-05
1.3057932e-05
1.296243e-05
1.2869442e-05
1.2778772e-05
1.269022e-05
1.2603592e-05
1.2518702e-05
1.2435371e-05
1.2353434e-05
1.2272739e-05
1.2193146e-05
1.2114525e-05
1.2036763e-05
1.1959753e-05
1.1883402e-05
1.1807626e-05
1.1732352e-05
1.1657511e-05
1.1583045e-05
1.1508903e-05
1.1435039e-05
1.1361412e-05
1.1287988e-05
1.1214736e-05
1.114163e-05
1.1068646e-05
1.0995764e-05
1.0922967e-05
1.085024e-05
1.077757e-05
1.0704947e-05
1.063236e-05
1.0559804e-05
1.048727e-05
1.0414753e-05
1.0342248e-05
1.0269752e-05
1.0197262e-05
1.0124775e-05
1.0052288e-05
9.9798008e-06
9.9073113e-06
9.8348187e-06
9.7623223e-06
9.6898215e-06
9.6173159e-06
9.5448054e-06
9.4722899e-06
9.3997692e-06
9.3272436e-06
9.2547131e-06
9.1821779e-06
9.1096381e-06
9.0370941e-06
8.964546e-06
8.8919941e-06
8.8194387e-06
8.7468799e-06
8.6743181e-06
8.6017534e-06
8.5291861e-06
8.4566164e-06
8.3840445e-06
8.3114706e-06
8.2388949e-06
8.1663176e-06
8.0937388e-06
8.0211587e-06
7.9485773e-06
7.8759949e-06
7.8034114e-06
7.7308272e-06
7.6582421e-06
7.5856564e-06
7.5130701e-06
7.4404832e-06
7.3678959e-06
7.2953081e-06
7.22272e-06
7.1501316e-06
7.0775429e-06
7.0049539e-06
6.9323647e-06
6.8597754e-06
6.7871859e-06
6.7145962e-06
6.6420064e-06
6.5694166e-06
6.4968266e-06
6.4242366e-06
6.3516465e-06
6.2790564e-06
6.2064662e-06
6.133876e-06
6.0612857e-06
5.9886954e-06
5.9161052e-06
5.8435148e-06
5.7709245e-06
5.6983342e-06
5.6257438e-06
5.5531535e-06
5.4805631e-06
5.4079728e-06
5.3353824e-06
5.262792e-06
5.1902017e-06
5.1176113e-06
5.0450209e-06
4.9724306e-06
4.8998402e-06
4.8272498e-06
4.7546594e-06
4.6820691e-06
4.6094787e-06
4.5368883e-06
4.4642979e-06
4.3917076e-06
4.3191172e-06
4.2465268e-06
4.1739364e-06
4.101346e-06
4.0287557e-06
3.9561653e-06
3.8835749e-06
3.8109845e-06
3.7383941e-06
3.6658038e-06
3.5932134e-06
3.520623e-06
3.4480326e-06
3.3754423e-06
3.3028519e-06
3.2302615e-06
3.1576711e-06
3.0850808e-06
3.0124904e-06
2.9399e-06
2.8673097e-06
2.7947193e-06
2.722129e-06
2.6495386e-06
2.5769483e-06
2.504358e-06
2.4317677e-06
2.3591773e-06
2.286587e-06
2.2139967e-06
2.1414065e-06
2.0688162e-06
1.9962259e-06
1.9236357e-06
1.8510454e-06
1.7784552e-06
1.705865e-06
1.6332748e-06
1.5606846e-06
1.4880944e-06
1.4155043e-06
1.3429142e-06
1.270324e-06
1.197734e-06
1.1251439e-06
1.0525539e-06
9.7996383e-07
9.0737383e-07
8.3478386e-07
7.6219391e-07
6.8960399e-07
6.170141e-07
5.4442424e-07
4.7183442e-07
3.9924463e-07
3.2665488e-07
2.5406515e-07
1.8147552e-07
1.0888622e-07
3.6294068e-08
1.438267e-05
1.4503135e-05
1.4595918e-05
1.4647359e-05
1.4666903e-05
1.4657566e-05
1.4622915e-05
1.456713e-05
1.4494345e-05
1.4408403e-05
1.431272e-05
1.4210218e-05
1.4103318e-05
1.3993965e-05
1.3883676e-05
1.37736e-05
1.3664578e-05
1.3557198e-05
1.3451849e-05
1.3348762e-05
1.3248047e-05
1.3149729e-05
1.3053763e-05
1.2960062e-05
1.2868508e-05
1.2778964e-05
1.2691282e-05
1.2605312e-05
1.2520905e-05
1.2437914e-05
1.2356203e-05
1.227564e-05
1.2196104e-05
1.2117483e-05
1.2039674e-05
1.1962584e-05
1.1886128e-05
1.1810228e-05
1.1734817e-05
1.1659832e-05
1.1585219e-05
1.1510929e-05
1.1436918e-05
1.1363148e-05
1.1289587e-05
1.1216203e-05
1.1142971e-05
1.1069868e-05
1.0996875e-05
1.0923974e-05
1.0851151e-05
1.0778392e-05
1.0705686e-05
1.0633024e-05
1.0560398e-05
1.0487801e-05
1.0415226e-05
1.0342669e-05
1.0270126e-05
1.0197593e-05
1.0125067e-05
1.0052546e-05
9.9800275e-06
9.9075101e-06
9.8349927e-06
9.7624742e-06
9.6899537e-06
9.6174307e-06
9.5449047e-06
9.4723755e-06
9.3998429e-06
9.3273067e-06
9.254767e-06
9.1822237e-06
9.1096769e-06
9.0371268e-06
8.9645734e-06
8.8920169e-06
8.8194575e-06
8.7468953e-06
8.6743305e-06
8.6017634e-06
8.529194e-06
8.4566225e-06
8.3840491e-06
8.311474e-06
8.2388973e-06
8.1663191e-06
8.0937396e-06
8.0211589e-06
7.9485771e-06
7.8759943e-06
7.8034106e-06
7.7308262e-06
7.658241e-06
7.5856552e-06
7.5130688e-06
7.4404819e-06
7.3678945e-06
7.2953068e-06
7.2227187e-06
7.1501303e-06
7.0775417e-06
7.0049528e-06
6.9323636e-06
6.8597744e-06
6.7871849e-06
6.7145953e-06
6.6420056e-06
6.5694158e-06
6.4968259e-06
6.424236e-06
6.3516459e-06
6.2790558e-06
6.2064657e-06
6.1338755e-06
6.0612853e-06
5.9886951e-06
5.9161048e-06
5.8435145e-06
5.7709243e-06
5.6983339e-06
5.6257436e-06
5.5531533e-06
5.480563e-06
5.4079726e-06
5.3353823e-06
5.2627919e-06
5.1902016e-06
5.1176112e-06
5.0450208e-06
4.9724305e-06
4.8998401e-06
4.8272497e-06
4.7546594e-06
4.682069e-06
4.6094786e-06
4.5368883e-06
4.4642979e-06
4.3917075e-06
4.3191172e-06
4.2465268e-06
4.1739364e-06
4.101346e-06
4.0287557e-06
3.9561653e-06
3.8835749e-06
3.8109845e-06
3.7383941e-06
3.6658038e-06
3.5932134e-06
3.520623e-06
3.4480326e-06
3.3754423e-06
3.3028519e-06
3.2302615e-06
3.1576712e-06
3.0850808e-06
3.0124904e-06
2.9399001e-06
2.8673097e-06
2.7947194e-06
2.722129e-06
2.6495387e-06
2.5769483e-06
2.504358e-06
2.4317677e-06
2.3591774e-06
2.2865871e-06
2.2139968e-06
2.1414065e-06
2.0688163e-06
1.996226e-06
1.9236357e-06
1.8510455e-06
1.7784553e-06
1.7058651e-06
1.6332749e-06
1.5606847e-06
1.4880946e-06
1.4155044e-06
1.3429143e-06
1.2703242e-06
1.1977341e-06
1.1251441e-06
1.052554e-06
9.7996399e-07
9.0737399e-07
8.3478402e-07
7.6219406e-07
6.8960414e-07
6.1701424e-07
5.4442436e-07
4.7183452e-07
3.9924471e-07
3.2665493e-07
2.5406518e-07
1.814755e-07
1.0888612e-07
3.6294597e-08
1.4233205e-05
1.4346277e-05
1.4435723e-05
1.4488997e-05
1.4514269e-05
1.4513723e-05
1.4490051e-05
1.4446575e-05
1.4386684e-05
1.4313624e-05
1.4230362e-05
1.4139513e-05
1.4043307e-05
1.3943592e-05
1.384186e-05
1.3739284e-05
1.3636762e-05
1.353496e-05
1.3434355e-05
1.3335266e-05
1.3237896e-05
1.3142351e-05
1.3048666e-05
1.2956823e-05
1.2866768e-05
1.2778418e-05
1.2691674e-05
1.2606429e-05
1.2522569e-05
1.2439979e-05
1.2358548e-05
1.2278168e-05
1.2198736e-05
1.2120156e-05
1.2042338e-05
1.1965201e-05
1.1888668e-05
1.181267e-05
1.1737145e-05
1.1662036e-05
1.1587293e-05
1.151287e-05
1.1438726e-05
1.1364825e-05
1.1291135e-05
1.1217627e-05
1.1144277e-05
1.1071063e-05
1.0997964e-05
1.0924964e-05
1.0852047e-05
1.0779202e-05
1.0706417e-05
1.0633682e-05
1.0560988e-05
1.0488329e-05
1.0415698e-05
1.034309e-05
1.02705e-05
1.0197925e-05
1.0125361e-05
1.0052805e-05
9.9802561e-06
9.9077111e-06
9.8351689e-06
9.7626283e-06
9.6900882e-06
9.6175477e-06
9.5450063e-06
9.4724634e-06
9.3999186e-06
9.3273718e-06
9.2548227e-06
9.1822712e-06
9.1097173e-06
9.0371609e-06
8.9646021e-06
8.8920409e-06
8.8194775e-06
8.7469118e-06
8.674344e-06
8.6017743e-06
8.5292027e-06
8.4566294e-06
8.3840545e-06
8.311478e-06
8.2389002e-06
8.1663211e-06
8.0937409e-06
8.0211596e-06
7.9485773e-06
7.8759941e-06
7.8034101e-06
7.7308254e-06
7.65824e-06
7.5856541e-06
7.5130676e-06
7.4404807e-06
7.3678933e-06
7.2953056e-06
7.2227175e-06
7.1501291e-06
7.0775405e-06
7.0049517e-06
6.9323626e-06
6.8597734e-06
6.787184e-06
6.7145945e-06
6.6420048e-06
6.5694151e-06
6.4968252e-06
6.4242353e-06
6.3516453e-06
6.2790553e-06
6.2064652e-06
6.1338751e-06
6.0612849e-06
5.9886947e-06
5.9161045e-06
5.8435142e-06
5.770924e-06
5.6983337e-06
5.6257434e-06
5.5531531e-06
5.4805628e-06
5.4079725e-06
5.3353821e-06
5.2627918e-06
5.1902015e-06
5.1176111e-06
5.0450208e-06
4.9724304e-06
4.89984e-06
4.8272497e-06
4.7546593e-06
4.682069e-06
4.6094786e-06
4.5368882e-06
4.4642979e-06
4.3917075e-06
4.3191171e-06
4.2465268e-06
4.1739364e-06
4.101346e-06
4.0287556e-06
3.9561653e-06
3.8835749e-06
3.8109845e-06
3.7383941e-06
3.6658038e-06
3.5932134e-06
3.520623e-06
3.4480326e-06
3.3754423e-06
3.3028519e-06
3.2302615e-06
3.1576712e-06
3.0850808e-06
3.0124904e-06
2.9399001e-06
2.8673097e-06
2.7947194e-06
2.722129e-06
2.6495387e-06
2.5769484e-06
2.5043581e-06
2.4317678e-06
2.3591774e-06
2.2865872e-06
2.2139969e-06
2.1414066e-06
2.0688163e-06
1.9962261e-06
1.9236358e-06
1.8510456e-06
1.7784554e-06
1.7058652e-06
1.633275e-06
1.5606848e-06
1.4880947e-06
1.4155045e-06
1.3429144e-06
1.2703243e-06
1.1977342e-06
1.1251442e-06
1.0525541e-06
9.7996413e-07
9.0737413e-07
8.3478415e-07
7.6219419e-07
6.8960426e-07
6.1701434e-07
5.4442445e-07
4.7183459e-07
3.9924476e-07
3.2665496e-07
2.5406518e-07
1.8147545e-07
1.0888598e-07
3.6295143e-08
1.4101035e-05
1.4207656e-05
1.4293909e-05
1.4348218e-05
1.4377782e-05
1.4384176e-05
1.4369423e-05
1.4336165e-05
1.428718e-05
1.4225196e-05
1.4152782e-05
1.4072258e-05
1.3985657e-05
1.3894712e-05
1.3800861e-05
1.3705274e-05
1.3608877e-05
1.3512388e-05
1.3416347e-05
1.3321146e-05
1.3227059e-05
1.3134264e-05
1.3042862e-05
1.29529e-05
1.2864377e-05
1.2777263e-05
1.2691504e-05
1.2607031e-05
1.2523766e-05
1.2441623e-05
1.2360516e-05
1.2280359e-05
1.2201068e-05
1.2122564e-05
1.2044769e-05
1.1967613e-05
1.1891029e-05
1.1814956e-05
1.1739337e-05
1.1664123e-05
1.1589265e-05
1.1514723e-05
1.1440458e-05
1.1366437e-05
1.1292628e-05
1.1219005e-05
1.1145544e-05
1.1072224e-05
1.0999024e-05
1.092593e-05
1.0852925e-05
1.0779997e-05
1.0707135e-05
1.0634329e-05
1.056157e-05
1.0488851e-05
1.0416165e-05
1.0343507e-05
1.0270872e-05
1.0198255e-05
1.0125654e-05
1.0053064e-05
9.9804846e-06
9.9079124e-06
9.8353457e-06
9.7627832e-06
9.6902236e-06
9.6176658e-06
9.5451089e-06
9.4725524e-06
9.3999956e-06
9.3274381e-06
9.2548796e-06
9.1823199e-06
9.1097588e-06
9.0371961e-06
8.9646319e-06
8.8920659e-06
8.8194983e-06
8.7469291e-06
8.6743583e-06
8.6017859e-06
8.5292121e-06
8.4566369e-06
8.3840603e-06
8.3114826e-06
8.2389036e-06
8.1663236e-06
8.0937425e-06
8.0211605e-06
7.9485777e-06
7.8759941e-06
7.8034098e-06
7.7308248e-06
7.6582393e-06
7.5856532e-06
7.5130666e-06
7.4404796e-06
7.3678922e-06
7.2953045e-06
7.2227164e-06
7.150128e-06
7.0775395e-06
7.0049506e-06
6.9323616e-06
6.8597724e-06
6.7871831e-06
6.7145936e-06
6.642004e-06
6.5694144e-06
6.4968246e-06
6.4242347e-06
6.3516448e-06
6.2790548e-06
6.2064647e-06
6.1338746e-06
6.0612845e-06
5.9886944e-06
5.9161042e-06
5.843514e-06
5.7709237e-06
5.6983335e-06
5.6257432e-06
5.5531529e-06
5.4805626e-06
5.4079723e-06
5.335382e-06
5.2627917e-06
5.1902013e-06
5.117611e-06
5.0450207e-06
4.9724303e-06
4.89984e-06
4.8272496e-06
4.7546593e-06
4.6820689e-06
4.6094786e-06
4.5368882e-06
4.4642978e-06
4.3917075e-06
4.3191171e-06
4.2465267e-06
4.1739364e-06
4.101346e-06
4.0287556e-06
3.9561653e-06
3.8835749e-06
3.8109845e-06
3.7383941e-06
3.6658038e-06
3.5932134e-06
3.520623e-06
3.4480326e-06
3.3754423e-06
3.3028519e-06
3.2302615e-06
3.1576712e-06
3.0850808e-06
3.0124905e-06
2.9399001e-06
2.8673098e-06
2.7947194e-06
2.7221291e-06
2.6495387e-06
2.5769484e-06
2.5043581e-06
2.4317678e-06
2.3591775e-06
2.2865872e-06
2.2139969e-06
2.1414067e-06
2.0688164e-06
1.9962261e-06
1.9236359e-06
1.8510457e-06
1.7784555e-06
1.7058653e-06
1.6332751e-06
1.5606849e-06
1.4880948e-06
1.4155047e-06
1.3429145e-06
1.2703244e-06
1.1977344e-06
1.1251443e-06
1.0525543e-06
9.7996425e-07
9.0737425e-07
8.3478426e-07
7.621943e-07
6.8960435e-07
6.1701443e-07
5.4442452e-07
4.7183464e-07
3.9924479e-07
3.2665496e-07
2.5406515e-07
1.8147538e-07
1.088858e-07
3.62957e-08
1.3983933e-05
1.4084923e-05
1.4168183e-05
1.4222982e-05
1.4255764e-05
1.4267655e-05
1.4260169e-05
1.4235409e-05
1.4195648e-05
1.414318e-05
1.4080217e-05
1.400881e-05
1.3930797e-05
1.3847786e-05
1.3761147e-05
1.3672023e-05
1.3581349e-05
1.3489873e-05
1.3398178e-05
1.3306714e-05
1.321581e-05
1.3125704e-05
1.3036556e-05
1.2948465e-05
1.2861482e-05
1.2775623e-05
1.2690874e-05
1.2607204e-05
1.2524565e-05
1.2442901e-05
1.2362151e-05
1.2282249e-05
1.220313e-05
1.2124729e-05
1.2046983e-05
1.1969832e-05
1.1893218e-05
1.181709e-05
1.1741396e-05
1.1666092e-05
1.1591134e-05
1.1516486e-05
1.1442112e-05
1.136798e-05
1.1294062e-05
1.1220332e-05
1.1146767e-05
1.1073346e-05
1.1000052e-05
1.0926868e-05
1.0853778e-05
1.0780772e-05
1.0707836e-05
1.0634962e-05
1.056214e-05
1.0489363e-05
1.0416624e-05
1.0343917e-05
1.0271238e-05
1.0198581e-05
1.0125943e-05
1.005332e-05
9.9807111e-06
9.9081121e-06
9.8355214e-06
9.7629374e-06
9.6903586e-06
9.6177836e-06
9.5452116e-06
9.4726415e-06
9.4000728e-06
9.3275048e-06
9.254937e-06
9.1823691e-06
9.1098008e-06
9.0372319e-06
8.9646622e-06
8.8920915e-06
8.8195197e-06
8.746947e-06
8.6743731e-06
8.6017981e-06
8.529222e-06
8.4566448e-06
8.3840666e-06
8.3114874e-06
8.2389073e-06
8.1663263e-06
8.0937444e-06
8.0211618e-06
7.9485784e-06
7.8759944e-06
7.8034097e-06
7.7308245e-06
7.6582387e-06
7.5856524e-06
7.5130658e-06
7.4404787e-06
7.3678912e-06
7.2953034e-06
7.2227154e-06
7.150127e-06
7.0775385e-06
7.0049497e-06
6.9323607e-06
6.8597716e-06
6.7871823e-06
6.7145928e-06
6.6420033e-06
6.5694137e-06
6.4968239e-06
6.4242341e-06
6.3516442e-06
6.2790543e-06
6.2064643e-06
6.1338742e-06
6.0612841e-06
5.988694e-06
5.9161039e-06
5.8435137e-06
5.7709235e-06
5.6983332e-06
5.625743e-06
5.5531527e-06
5.4805624e-06
5.4079722e-06
5.3353819e-06
5.2627915e-06
5.1902012e-06
5.1176109e-06
5.0450206e-06
4.9724302e-06
4.8998399e-06
4.8272496e-06
4.7546592e-06
4.6820689e-06
4.6094785e-06
4.5368882e-06
4.4642978e-06
4.3917074e-06
4.3191171e-06
4.2465267e-06
4.1739363e-06
4.101346e-06
4.0287556e-06
3.9561652e-06
3.8835749e-06
3.8109845e-06
3.7383941e-06
3.6658038e-06
3.5932134e-06
3.520623e-06
3.4480326e-06
3.3754423e-06
3.3028519e-06
3.2302615e-06
3.1576712e-06
3.0850808e-06
3.0124905e-06
2.9399001e-06
2.8673098e-06
2.7947194e-06
2.7221291e-06
2.6495388e-06
2.5769485e-06
2.5043581e-06
2.4317678e-06
2.3591775e-06
2.2865873e-06
2.213997e-06
2.1414067e-06
2.0688165e-06
1.9962262e-06
1.923636e-06
1.8510458e-06
1.7784556e-06
1.7058654e-06
1.6332752e-06
1.560685e-06
1.4880949e-06
1.4155048e-06
1.3429146e-06
1.2703245e-06
1.1977345e-06
1.1251444e-06
1.0525544e-06
9.7996435e-07
9.0737434e-07
8.3478435e-07
7.6219438e-07
6.8960443e-07
6.1701449e-07
5.4442457e-07
4.7183467e-07
3.9924479e-07
3.2665494e-07
2.540651e-07
1.8147528e-07
1.0888559e-07
3.6296261e-08
1.3880091e-05
1.3976162e-05
1.4056659e-05
1.4111579e-05
1.4146772e-05
1.4163031e-05
1.4161482e-05
1.4143799e-05
1.4111844e-05
1.4067543e-05
1.4012799e-05
1.3949415e-05
1.3879049e-05
1.3803179e-05
1.3723098e-05
1.363991e-05
1.3554541e-05
1.3467752e-05
1.3380158e-05
1.3292246e-05
1.3204394e-05
1.3116887e-05
1.3029933e-05
1.2943679e-05
1.2858219e-05
1.2773611e-05
1.2689879e-05
1.2607024e-05
1.252503e-05
1.2443866e-05
1.2363495e-05
1.228387e-05
1.2204945e-05
1.212667e-05
1.2048993e-05
1.1971867e-05
1.1895242e-05
1.1819075e-05
1.1743322e-05
1.1667942e-05
1.1592898e-05
1.1518156e-05
1.1443683e-05
1.136945e-05
1.1295431e-05
1.1221601e-05
1.114794e-05
1.1074426e-05
1.1001042e-05
1.0927772e-05
1.0854603e-05
1.0781521e-05
1.0708515e-05
1.0635576e-05
1.0562694e-05
1.0489861e-05
1.0417071e-05
1.0344317e-05
1.0271595e-05
1.0198899e-05
1.0126226e-05
1.0053572e-05
9.9809334e-06
9.9083084e-06
9.8356944e-06
9.7630894e-06
9.6904918e-06
9.6179002e-06
9.5453132e-06
9.47273e-06
9.4001495e-06
9.3275711e-06
9.2549942e-06
9.1824183e-06
9.1098429e-06
9.0372678e-06
8.9646926e-06
8.8921172e-06
8.8195414e-06
8.7469651e-06
8.6743881e-06
8.6018105e-06
8.5292321e-06
8.456653e-06
8.3840732e-06
8.3114926e-06
8.2389113e-06
8.1663293e-06
8.0937466e-06
8.0211633e-06
7.9485793e-06
7.8759948e-06
7.8034098e-06
7.7308243e-06
7.6582383e-06
7.5856518e-06
7.513065e-06
7.4404778e-06
7.3678903e-06
7.2953025e-06
7.2227144e-06
7.1501261e-06
7.0775375e-06
7.0049488e-06
6.9323598e-06
6.8597707e-06
6.7871815e-06
6.7145921e-06
6.6420026e-06
6.569413e-06
6.4968233e-06
6.4242335e-06
6.3516437e-06
6.2790538e-06
6.2064638e-06
6.1338738e-06
6.0612838e-06
5.9886937e-06
5.9161035e-06
5.8435134e-06
5.7709232e-06
5.698333e-06
5.6257428e-06
5.5531525e-06
5.4805623e-06
5.407972e-06
5.3353817e-06
5.2627914e-06
5.1902011e-06
5.1176108e-06
5.0450205e-06
4.9724302e-06
4.8998398e-06
4.8272495e-06
4.7546592e-06
4.6820688e-06
4.6094785e-06
4.5368881e-06
4.4642978e-06
4.3917074e-06
4.3191171e-06
4.2465267e-06
4.1739363e-06
4.101346e-06
4.0287556e-06
3.9561652e-06
3.8835749e-06
3.8109845e-06
3.7383941e-06
3.6658038e-06
3.5932134e-06
3.520623e-06
3.4480326e-06
3.3754423e-06
3.3028519e-06
3.2302616e-06
3.1576712e-06
3.0850808e-06
3.0124905e-06
2.9399001e-06
2.8673098e-06
2.7947195e-06
2.7221291e-06
2.6495388e-06
2.5769485e-06
2.5043582e-06
2.4317679e-06
2.3591776e-06
2.2865873e-06
2.213997e-06
2.1414068e-06
2.0688165e-06
1.9962263e-06
1.923636e-06
1.8510458e-06
1.7784556e-06
1.7058654e-06
1.6332753e-06
1.5606851e-06
1.488095e-06
1.4155048e-06
1.3429147e-06
1.2703246e-06
1.1977346e-06
1.1251445e-06
1.0525545e-06
9.7996444e-07
9.0737442e-07
8.3478443e-07
7.6219445e-07
6.8960448e-07
6.1701453e-07
5.444246e-07
4.7183468e-07
3.9924478e-07
3.266549e-07
2.5406503e-07
1.8147516e-07
1.0888536e-07
3.629682e-08
1.3788029e-05
1.3879804e-05
1.3957777e-05
1.4012574e-05
1.4049568e-05
1.4069309e-05
1.4072622e-05
1.406084e-05
1.4035491e-05
1.3998192e-05
1.3950579e-05
1.3894236e-05
1.3830649e-05
1.3761174e-05
1.3687021e-05
1.3609248e-05
1.3528758e-05
1.3446317e-05
1.3362556e-05
1.327799e-05
1.3193032e-05
1.3108007e-05
1.3023163e-05
1.2938687e-05
1.2854714e-05
1.2771335e-05
1.2688609e-05
1.2606567e-05
1.2525222e-05
1.2444568e-05
1.2364587e-05
1.2285254e-05
1.2206539e-05
1.2128404e-05
1.2050813e-05
1.1973726e-05
1.1897107e-05
1.1820915e-05
1.1745115e-05
1.1669673e-05
1.1594554e-05
1.1519728e-05
1.1445167e-05
1.1370842e-05
1.1296731e-05
1.1222809e-05
1.1149057e-05
1.1075456e-05
1.1001988e-05
1.0928639e-05
1.0855394e-05
1.0782241e-05
1.0709169e-05
1.0636167e-05
1.0563228e-05
1.0490342e-05
1.0417503e-05
1.0344704e-05
1.0271941e-05
1.0199208e-05
1.0126501e-05
1.0053816e-05
9.9811496e-06
9.9084995e-06
9.835863e-06
9.7632377e-06
9.690622e-06
9.6180142e-06
9.5454128e-06
9.4728167e-06
9.4002248e-06
9.3276363e-06
9.2550505e-06
9.1824667e-06
9.1098845e-06
9.0373033e-06
8.9647228e-06
8.8921428e-06
8.819563e-06
8.7469831e-06
8.6744032e-06
8.6018229e-06
8.5292423e-06
8.4566613e-06
8.3840799e-06
8.3114979e-06
8.2389154e-06
8.1663324e-06
8.0937489e-06
8.0211649e-06
7.9485804e-06
7.8759954e-06
7.80341e-06
7.7308242e-06
7.658238e-06
7.5856513e-06
7.5130644e-06
7.4404771e-06
7.3678895e-06
7.2953017e-06
7.2227136e-06
7.1501252e-06
7.0775367e-06
7.0049479e-06
6.932359e-06
6.8597699e-06
6.7871807e-06
6.7145914e-06
6.6420019e-06
6.5694124e-06
6.4968227e-06
6.424233e-06
6.3516432e-06
6.2790533e-06
6.2064634e-06
6.1338734e-06
6.0612834e-06
5.9886933e-06
5.9161032e-06
5.8435131e-06
5.770923e-06
5.6983328e-06
5.6257426e-06
5.5531523e-06
5.4805621e-06
5.4079719e-06
5.3353816e-06
5.2627913e-06
5.190201e-06
5.1176107e-06
5.0450204e-06
4.9724301e-06
4.8998398e-06
4.8272494e-06
4.7546591e-06
4.6820688e-06
4.6094784e-06
4.5368881e-06
4.4642977e-06
4.3917074e-06
4.319117e-06
4.2465267e-06
4.1739363e-06
4.1013459e-06
4.0287556e-06
3.9561652e-06
3.8835749e-06
3.8109845e-06
3.7383941e-06
3.6658037e-06
3.5932134e-06
3.520623e-06
3.4480327e-06
3.3754423e-06
3.3028519e-06
3.2302616e-06
3.1576712e-06
3.0850809e-06
3.0124905e-06
2.9399002e-06
2.8673098e-06
2.7947195e-06
2.7221291e-06
2.6495388e-06
2.5769485e-06
2.5043582e-06
2.4317679e-06
2.3591776e-06
2.2865873e-06
2.2139971e-06
2.1414068e-06
2.0688166e-06
1.9962263e-06
1.9236361e-06
1.8510459e-06
1.7784557e-06
1.7058655e-06
1.6332753e-06
1.5606852e-06
1.488095e-06
1.4155049e-06
1.3429148e-06
1.2703247e-06
1.1977346e-06
1.1251446e-06
1.0525545e-06
9.7996451e-07
9.0737449e-07
8.3478449e-07
7.621945e-07
6.8960452e-07
6.1701456e-07
5.4442461e-07
4.7183467e-07
3.9924475e-07
3.2665484e-07
2.5406495e-07
1.8147503e-07
1.0888512e-07
3.629737e-08
1.3706527e-05
1.3794553e-05
1.387024e-05
1.3924757e-05
1.3963095e-05
1.3985617e-05
1.3992917e-05
1.3986061e-05
1.39663e-05
1.3934996e-05
1.3893555e-05
1.3843367e-05
1.3785765e-05
1.3721987e-05
1.3653161e-05
1.3580292e-05
1.3504258e-05
1.3425815e-05
1.3345604e-05
1.3264158e-05
1.3181917e-05
1.3099237e-05
1.3016398e-05
1.2933623e-05
1.2851078e-05
1.2768889e-05
1.2687143e-05
1.26059e-05
1.2525197e-05
1.244505e-05
1.2365464e-05
1.2286429e-05
1.2207931e-05
1.2129948e-05
1.2052454e-05
1.1975419e-05
1.1898816e-05
1.1822612e-05
1.1746777e-05
1.1671283e-05
1.1596099e-05
1.15212e-05
1.1446559e-05
1.1372152e-05
1.1297956e-05
1.122395e-05
1.1150114e-05
1.1076432e-05
1.1002886e-05
1.0929462e-05
1.0856146e-05
1.0782927e-05
1.0709792e-05
1.0636732e-05
1.0563738e-05
1.0490802e-05
1.0417916e-05
1.0345075e-05
1.0272273e-05
1.0199504e-05
1.0126765e-05
1.0054051e-05
9.9813579e-06
9.9086838e-06
9.8360256e-06
9.763381e-06
9.6907479e-06
9.6181245e-06
9.5455092e-06
9.4729007e-06
9.4002979e-06
9.3276997e-06
9.2551053e-06
9.1825139e-06
9.109925e-06
9.037338e-06
8.9647524e-06
8.8921679e-06
8.8195842e-06
8.747001e-06
8.6744181e-06
8.6018353e-06
8.5292525e-06
8.4566696e-06
8.3840866e-06
8.3115032e-06
8.2389196e-06
8.1663357e-06
8.0937513e-06
8.0211666e-06
7.9485816e-06
7.8759962e-06
7.8034104e-06
7.7308242e-06
7.6582378e-06
7.585651e-06
7.5130639e-06
7.4404765e-06
7.3678888e-06
7.2953009e-06
7.2227128e-06
7.1501244e-06
7.0775359e-06
7.0049471e-06
6.9323583e-06
6.8597692e-06
6.78718e-06
6.7145907e-06
6.6420013e-06
6.5694118e-06
6.4968222e-06
6.4242325e-06
6.3516427e-06
6.2790529e-06
6.206463e-06
6.1338731e-06
6.0612831e-06
5.988693e-06
5.916103e-06
5.8435129e-06
5.7709227e-06
5.6983326e-06
5.6257424e-06
5.5531522e-06
5.4805619e-06
5.4079717e-06
5.3353815e-06
5.2627912e-06
5.1902009e-06
5.1176106e-06
5.0450203e-06
4.97243e-06
4.8998397e-06
4.8272494e-06
4.7546591e-06
4.6820687e-06
4.6094784e-06
4.536888e-06
4.4642977e-06
4.3917074e-06
4.319117e-06
4.2465266e-06
4.1739363e-06
4.1013459e-06
4.0287556e-06
3.9561652e-06
3.8835748e-06
3.8109845e-06
3.7383941e-06
3.6658037e-06
3.5932134e-06
3.520623e-06
3.4480327e-06
3.3754423e-06
3.3028519e-06
3.2302616e-06
3.1576712e-06
3.0850809e-06
3.0124905e-06
2.9399002e-06
2.8673098e-06
2.7947195e-06
2.7221292e-06
2.6495388e-06
2.5769485e-06
2.5043582e-06
2.4317679e-06
2.3591776e-06
2.2865874e-06
2.2139971e-06
2.1414068e-06
2.0688166e-06
1.9962264e-06
1.9236361e-06
1.8510459e-06
1.7784557e-06
1.7058656e-06
1.6332754e-06
1.5606852e-06
1.4880951e-06
1.415505e-06
1.3429149e-06
1.2703248e-06
1.1977347e-06
1.1251446e-06
1.0525546e-06
9.7996456e-07
9.0737454e-07
8.3478454e-07
7.6219454e-07
6.8960455e-07
6.1701458e-07
5.4442461e-07
4.7183465e-07
3.9924471e-07
3.2665477e-07
2.5406485e-07
1.8147489e-07
1.0888486e-07
3.6297906e-08
1.3634572e-05
1.3719332e-05
1.3792967e-05
1.3847112e-05
1.3886445e-05
1.3911191e-05
1.3921766e-05
1.391902e-05
1.3903982e-05
1.38778e-05
1.3841685e-05
1.3796858e-05
1.3744513e-05
1.3685781e-05
1.3621711e-05
1.3553252e-05
1.3481253e-05
1.3406456e-05
1.3329502e-05
1.3250937e-05
1.3171219e-05
1.3090728e-05
1.3009773e-05
1.2928604e-05
1.2847415e-05
1.2766361e-05
1.2685556e-05
1.2605084e-05
1.2525005e-05
1.2445355e-05
1.2366158e-05
1.2287421e-05
1.2209144e-05
1.2131317e-05
1.2053926e-05
1.1976952e-05
1.1900373e-05
1.1824166e-05
1.1748307e-05
1.167277e-05
1.1597532e-05
1.1522568e-05
1.1447856e-05
1.1373374e-05
1.1299101e-05
1.1225018e-05
1.1151106e-05
1.1077349e-05
1.1003731e-05
1.0930238e-05
1.0856856e-05
1.0783574e-05
1.071038e-05
1.0637266e-05
1.0564221e-05
1.0491237e-05
1.0418308e-05
1.0345427e-05
1.0272588e-05
1.0199786e-05
1.0127016e-05
1.0054274e-05
9.9815563e-06
9.9088595e-06
9.8361808e-06
9.7635178e-06
9.6908681e-06
9.61823e-06
9.5456015e-06
9.4729813e-06
9.400368e-06
9.3277606e-06
9.255158e-06
9.1825594e-06
9.1099641e-06
9.0373714e-06
8.9647809e-06
8.8921922e-06
8.8196047e-06
8.7470182e-06
8.6744325e-06
8.6018473e-06
8.5292625e-06
8.4566778e-06
8.3840932e-06
8.3115085e-06
8.2389238e-06
8.1663389e-06
8.0937538e-06
8.0211684e-06
7.9485828e-06
7.8759969e-06
7.8034108e-06
7.7308243e-06
7.6582376e-06
7.5856506e-06
7.5130634e-06
7.4404759e-06
7.3678882e-06
7.2953002e-06
7.2227121e-06
7.1501237e-06
7.0775351e-06
7.0049464e-06
6.9323575e-06
6.8597685e-06
6.7871794e-06
6.7145901e-06
6.6420007e-06
6.5694112e-06
6.4968217e-06
6.424232e-06
6.3516423e-06
6.2790525e-06
6.2064626e-06
6.1338727e-06
6.0612827e-06
5.9886927e-06
5.9161027e-06
5.8435126e-06
5.7709225e-06
5.6983324e-06
5.6257422e-06
5.553152e-06
5.4805618e-06
5.4079716e-06
5.3353813e-06
5.2627911e-06
5.1902008e-06
5.1176105e-06
5.0450202e-06
4.9724299e-06
4.8998396e-06
4.8272493e-06
4.754659e-06
4.6820687e-06
4.6094783e-06
4.536888e-06
4.4642977e-06
4.3917073e-06
4.319117e-06
4.2465266e-06
4.1739363e-06
4.1013459e-06
4.0287556e-06
3.9561652e-06
3.8835748e-06
3.8109845e-06
3.7383941e-06
3.6658037e-06
3.5932134e-06
3.520623e-06
3.4480327e-06
3.3754423e-06
3.3028519e-06
3.2302616e-06
3.1576712e-06
3.0850809e-06
3.0124905e-06
2.9399002e-06
2.8673098e-06
2.7947195e-06
2.7221292e-06
2.6495389e-06
2.5769486e-06
2.5043583e-06
2.431768e-06
2.3591777e-06
2.2865874e-06
2.2139971e-06
2.1414069e-06
2.0688166e-06
1.9962264e-06
1.9236362e-06
1.851046e-06
1.7784558e-06
1.7058656e-06
1.6332754e-06
1.5606853e-06
1.4880952e-06
1.415505e-06
1.3429149e-06
1.2703248e-06
1.1977348e-06
1.1251447e-06
1.0525546e-06
9.7996461e-07
9.0737458e-07
8.3478457e-07
7.6219456e-07
6.8960457e-07
6.1701458e-07
5.444246e-07
4.7183463e-07
3.9924466e-07
3.266547e-07
2.5406475e-07
1.8147474e-07
1.088846e-07
3.6298419e-08
1.3571321e-05
1.3653245e-05
1.3725052e-05
1.3778778e-05
1.3818844e-05
1.3845371e-05
1.3858634e-05
1.3859314e-05
1.384826e-05
1.3826441e-05
1.3794902e-05
1.3754721e-05
1.3706968e-05
1.3652677e-05
1.359282e-05
1.3528296e-05
1.345992e-05
1.3388416e-05
1.3314421e-05
1.3238488e-05
1.3161087e-05
1.3082616e-05
1.3003408e-05
1.2923735e-05
1.2843817e-05
1.2763831e-05
1.2683915e-05
1.2604175e-05
1.2524691e-05
1.244552e-05
1.2366699e-05
1.2288253e-05
1.2210194e-05
1.2132525e-05
1.205524e-05
1.1978331e-05
1.1901784e-05
1.1825581e-05
1.1749703e-05
1.1674132e-05
1.1598847e-05
1.1523828e-05
1.1449053e-05
1.1374504e-05
1.1300162e-05
1.1226008e-05
1.1152027e-05
1.1078202e-05
1.1004517e-05
1.093096e-05
1.0857518e-05
1.0784178e-05
1.071093e-05
1.0637765e-05
1.0564672e-05
1.0491645e-05
1.0418676e-05
1.0345758e-05
1.0272885e-05
1.0200051e-05
1.0127252e-05
1.0054484e-05
9.981743e-06
9.9090249e-06
9.8363271e-06
9.7636468e-06
9.6909817e-06
9.6183296e-06
9.5456888e-06
9.4730575e-06
9.4004344e-06
9.3278182e-06
9.2552079e-06
9.1826025e-06
9.1100012e-06
9.0374033e-06
8.9648081e-06
8.8922153e-06
8.8196243e-06
8.7470348e-06
8.6744464e-06
8.6018589e-06
8.529272e-06
8.4566856e-06
8.3840996e-06
8.3115137e-06
8.2389279e-06
8.1663421e-06
8.0937562e-06
8.0211702e-06
7.9485841e-06
7.8759978e-06
7.8034113e-06
7.7308245e-06
7.6582376e-06
7.5856504e-06
7.513063e-06
7.4404754e-06
7.3678876e-06
7.2952996e-06
7.2227114e-06
7.150123e-06
7.0775345e-06
7.0049458e-06
6.9323569e-06
6.8597679e-06
6.7871788e-06
6.7145895e-06
6.6420002e-06
6.5694107e-06
6.4968212e-06
6.4242315e-06
6.3516418e-06
6.2790521e-06
6.2064622e-06
6.1338724e-06
6.0612824e-06
5.9886924e-06
5.9161024e-06
5.8435124e-06
5.7709223e-06
5.6983322e-06
5.625742e-06
5.5531518e-06
5.4805617e-06
5.4079714e-06
5.3353812e-06
5.262791e-06
5.1902007e-06
5.1176104e-06
5.0450202e-06
4.9724299e-06
4.8998396e-06
4.8272493e-06
4.754659e-06
4.6820686e-06
4.6094783e-06
4.536888e-06
4.4642976e-06
4.3917073e-06
4.3191169e-06
4.2465266e-06
4.1739362e-06
4.1013459e-06
4.0287555e-06
3.9561652e-06
3.8835748e-06
3.8109845e-06
3.7383941e-06
3.6658037e-06
3.5932134e-06
3.520623e-06
3.4480327e-06
3.3754423e-06
3.3028519e-06
3.2302616e-06
3.1576712e-06
3.0850809e-06
3.0124905e-06
2.9399002e-06
2.8673099e-06
2.7947195e-06
2.7221292e-06
2.6495389e-06
2.5769486e-06
2.5043583e-06
2.431768e-06
2.3591777e-06
2.2865874e-06
2.2139972e-06
2.1414069e-06
2.0688167e-06
1.9962264e-06
1.9236362e-06
1.851046e-06
1.7784558e-06
1.7058656e-06
1.6332755e-06
1.5606853e-06
1.4880952e-06
1.4155051e-06
1.342915e-06
1.2703249e-06
1.1977348e-06
1.1251447e-06
1.0525547e-06
9.7996465e-07
9.0737462e-07
8.3478459e-07
7.6219458e-07
6.8960457e-07
6.1701457e-07
5.4442458e-07
4.7183459e-07
3.992446e-07
3.2665462e-07
2.5406465e-07
1.8147459e-07
1.0888434e-07
3.6298906e-08
1.351607e-05
1.3595545e-05
1.366574e-05
1.3719033e-05
1.3759634e-05
1.3787584e-05
1.3803052e-05
1.3806581e-05
1.3798874e-05
1.3780753e-05
1.3753127e-05
1.3716947e-05
1.3673176e-05
1.362276e-05
1.3566605e-05
1.3505559e-05
1.3440402e-05
1.3371841e-05
1.3300505e-05
1.3226946e-05
1.3151647e-05
1.3075018e-05
1.2997408e-05
1.2919109e-05
1.2840363e-05
1.2761366e-05
1.2682278e-05
1.2603223e-05
1.2524298e-05
1.2445578e-05
1.2367114e-05
1.2288946e-05
1.2211097e-05
1.2133581e-05
1.2056403e-05
1.1979561e-05
1.1903048e-05
1.1826855e-05
1.1750966e-05
1.1675368e-05
1.1600044e-05
1.1524975e-05
1.1450145e-05
1.1375537e-05
1.1301133e-05
1.1226917e-05
1.1152872e-05
1.1078985e-05
1.100524e-05
1.0931625e-05
1.0858127e-05
1.0784735e-05
1.0711438e-05
1.0638226e-05
1.056509e-05
1.0492023e-05
1.0419016e-05
1.0346064e-05
1.0273159e-05
1.0200296e-05
1.0127472e-05
1.0054679e-05
9.9819164e-06
9.9091787e-06
9.8364631e-06
9.7637668e-06
9.6910874e-06
9.6184224e-06
9.5457701e-06
9.4731286e-06
9.4004963e-06
9.3278721e-06
9.2552546e-06
9.1826428e-06
9.1100359e-06
9.0374331e-06
8.9648337e-06
8.892237e-06
8.8196428e-06
8.7470503e-06
8.6744595e-06
8.6018698e-06
8.5292811e-06
8.4566931e-06
8.3841056e-06
8.3115186e-06
8.2389318e-06
8.1663451e-06
8.0937585e-06
8.021172e-06
7.9485853e-06
7.8759986e-06
7.8034117e-06
7.7308247e-06
7.6582376e-06
7.5856502e-06
7.5130627e-06
7.440475e-06
7.3678871e-06
7.2952991e-06
7.2227108e-06
7.1501224e-06
7.0775339e-06
7.0049452e-06
6.9323563e-06
6.8597673e-06
6.7871782e-06
6.714589e-06
6.6419997e-06
6.5694102e-06
6.4968207e-06
6.4242311e-06
6.3516415e-06
6.2790517e-06
6.2064619e-06
6.1338721e-06
6.0612821e-06
5.9886922e-06
5.9161022e-06
5.8435122e-06
5.7709221e-06
5.698332e-06
5.6257418e-06
5.5531517e-06
5.4805615e-06
5.4079713e-06
5.3353811e-06
5.2627909e-06
5.1902006e-06
5.1176104e-06
5.0450201e-06
4.9724298e-06
4.8998395e-06
4.8272492e-06
4.7546589e-06
4.6820686e-06
4.6094783e-06
4.5368879e-06
4.4642976e-06
4.3917073e-06
4.3191169e-06
4.2465266e-06
4.1739362e-06
4.1013459e-06
4.0287555e-06
3.9561652e-06
3.8835748e-06
3.8109845e-06
3.7383941e-06
3.6658037e-06
3.5932134e-06
3.520623e-06
3.4480327e-06
3.3754423e-06
3.3028519e-06
3.2302616e-06
3.1576712e-06
3.0850809e-06
3.0124905e-06
2.9399002e-06
2.8673099e-06
2.7947195e-06
2.7221292e-06
2.6495389e-06
2.5769486e-06
2.5043583e-06
2.431768e-06
2.3591777e-06
2.2865874e-06
2.2139972e-06
2.1414069e-06
2.0688167e-06
1.9962265e-06
1.9236363e-06
1.851046e-06
1.7784559e-06
1.7058657e-06
1.6332755e-06
1.5606854e-06
1.4880952e-06
1.4155051e-06
1.342915e-06
1.2703249e-06
1.1977348e-06
1.1251448e-06
1.0525547e-06
9.7996467e-07
9.0737464e-07
8.3478461e-07
7.6219459e-07
6.8960457e-07
6.1701456e-07
5.4442455e-07
4.7183455e-07
3.9924454e-07
3.2665454e-07
2.5406454e-07
1.8147444e-07
1.0888409e-07
3.6299358e-08
1.3468234e-05
1.354561e-05
1.3614398e-05
1.3667268e-05
1.3708255e-05
1.3737339e-05
1.3754608e-05
1.3760495e-05
1.3755584e-05
1.374058e-05
1.3716272e-05
1.3683507e-05
1.3643158e-05
1.3596093e-05
1.3543155e-05
1.3485148e-05
1.3422818e-05
1.3356854e-05
1.3287874e-05
1.321643e-05
1.3143009e-05
1.3068033e-05
1.2991863e-05
1.2914807e-05
1.2837125e-05
1.275903e-05
1.2680698e-05
1.2602271e-05
1.2523862e-05
1.2445558e-05
1.2367427e-05
1.2289519e-05
1.2211868e-05
1.2134498e-05
1.2057422e-05
1.1980646e-05
1.190417e-05
1.1827989e-05
1.1752094e-05
1.1676475e-05
1.1601117e-05
1.1526007e-05
1.1451129e-05
1.1376469e-05
1.130201e-05
1.1227738e-05
1.1153637e-05
1.1079694e-05
1.1005896e-05
1.0932229e-05
1.0858681e-05
1.0785241e-05
1.0711899e-05
1.0638645e-05
1.056547e-05
1.0492366e-05
1.0419326e-05
1.0346342e-05
1.0273409e-05
1.020052e-05
1.0127672e-05
1.0054858e-05
9.9820749e-06
9.9093193e-06
9.8365875e-06
9.7638767e-06
9.6911842e-06
9.6185075e-06
9.5458447e-06
9.4731938e-06
9.4005532e-06
9.3279215e-06
9.2552975e-06
9.1826799e-06
9.1100679e-06
9.0374606e-06
8.9648572e-06
8.8922571e-06
8.8196598e-06
8.7470647e-06
8.6744716e-06
8.6018799e-06
8.5292895e-06
8.4567e-06
8.3841113e-06
8.3115231e-06
8.2389354e-06
8.166348e-06
8.0937607e-06
8.0211736e-06
7.9485865e-06
7.8759994e-06
7.8034122e-06
7.730825e-06
7.6582376e-06
7.5856501e-06
7.5130625e-06
7.4404747e-06
7.3678867e-06
7.2952986e-06
7.2227103e-06
7.1501219e-06
7.0775333e-06
7.0049446e-06
6.9323558e-06
6.8597668e-06
6.7871777e-06
6.7145885e-06
6.6419992e-06
6.5694098e-06
6.4968203e-06
6.4242307e-06
6.3516411e-06
6.2790514e-06
6.2064616e-06
6.1338718e-06
6.0612819e-06
5.9886919e-06
5.916102e-06
5.8435119e-06
5.7709219e-06
5.6983318e-06
5.6257417e-06
5.5531516e-06
5.4805614e-06
5.4079712e-06
5.335381e-06
5.2627908e-06
5.1902005e-06
5.1176103e-06
5.04502e-06
4.9724297e-06
4.8998395e-06
4.8272492e-06
4.7546589e-06
4.6820685e-06
4.6094782e-06
4.5368879e-06
4.4642976e-06
4.3917072e-06
4.3191169e-06
4.2465266e-06
4.1739362e-06
4.1013459e-06
4.0287555e-06
3.9561652e-06
3.8835748e-06
3.8109844e-06
3.7383941e-06
3.6658037e-06
3.5932134e-06
3.520623e-06
3.4480326e-06
3.3754423e-06
3.3028519e-06
3.2302616e-06
3.1576712e-06
3.0850809e-06
3.0124905e-06
2.9399002e-06
2.8673099e-06
2.7947195e-06
2.7221292e-06
2.6495389e-06
2.5769486e-06
2.5043583e-06
2.431768e-06
2.3591777e-06
2.2865875e-06
2.2139972e-06
2.141407e-06
2.0688167e-06
1.9962265e-06
1.9236363e-06
1.8510461e-06
1.7784559e-06
1.7058657e-06
1.6332755e-06
1.5606854e-06
1.4880953e-06
1.4155051e-06
1.342915e-06
1.2703249e-06
1.1977349e-06
1.1251448e-06
1.0525547e-06
9.7996469e-07
9.0737465e-07
8.3478462e-07
7.6219459e-07
6.8960457e-07
6.1701455e-07
5.4442453e-07
4.718345e-07
3.9924448e-07
3.2665445e-07
2.5406444e-07
1.814743e-07
1.0888384e-07
3.6299772e-08
1.3427325e-05
1.3502921e-05
1.35705e-05
1.3622974e-05
1.3664236e-05
1.369422e-05
1.371295e-05
1.3720772e-05
1.3718178e-05
1.3705771e-05
1.3684248e-05
1.3654368e-05
1.3616923e-05
1.3572715e-05
1.3522536e-05
1.3467146e-05
1.3407263e-05
1.3343554e-05
1.3276629e-05
1.3207037e-05
1.3135267e-05
1.3061747e-05
1.2986851e-05
1.29109e-05
1.2834164e-05
1.2756875e-05
1.267922e-05
1.2601358e-05
1.2523413e-05
1.2445487e-05
1.2367658e-05
1.2289986e-05
1.2212517e-05
1.2135282e-05
1.2058302e-05
1.1981589e-05
1.190515e-05
1.1828983e-05
1.1753086e-05
1.167745e-05
1.1602064e-05
1.1526919e-05
1.1452e-05
1.1377295e-05
1.1302788e-05
1.1228467e-05
1.1154317e-05
1.1080326e-05
1.100648e-05
1.0932766e-05
1.0859174e-05
1.0785693e-05
1.0712311e-05
1.063902e-05
1.056581e-05
1.0492674e-05
1.0419603e-05
1.0346592e-05
1.0273633e-05
1.0200721e-05
1.0127851e-05
1.0055018e-05
9.9822171e-06
9.9094454e-06
9.8366992e-06
9.7639754e-06
9.6912711e-06
9.6185839e-06
9.5459117e-06
9.4732524e-06
9.4006044e-06
9.3279661e-06
9.2553361e-06
9.1827134e-06
9.1100967e-06
9.0374854e-06
8.9648784e-06
8.8922752e-06
8.8196752e-06
8.7470778e-06
8.6744825e-06
8.6018891e-06
8.5292971e-06
8.4567063e-06
8.3841164e-06
8.3115273e-06
8.2389388e-06
8.1663506e-06
8.0937628e-06
8.0211752e-06
7.9485876e-06
7.8760002e-06
7.8034127e-06
7.7308252e-06
7.6582377e-06
7.58565e-06
7.5130623e-06
7.4404744e-06
7.3678863e-06
7.2952982e-06
7.2227099e-06
7.1501214e-06
7.0775329e-06
7.0049441e-06
6.9323553e-06
6.8597663e-06
6.7871773e-06
6.7145881e-06
6.6419988e-06
6.5694094e-06
6.49682e-06
6.4242304e-06
6.3516408e-06
6.2790511e-06
6.2064613e-06
6.1338715e-06
6.0612816e-06
5.9886917e-06
5.9161018e-06
5.8435118e-06
5.7709217e-06
5.6983317e-06
5.6257416e-06
5.5531514e-06
5.4805613e-06
5.4079711e-06
5.3353809e-06
5.2627907e-06
5.1902005e-06
5.1176102e-06
5.04502e-06
4.9724297e-06
4.8998394e-06
4.8272491e-06
4.7546588e-06
4.6820685e-06
4.6094782e-06
4.5368879e-06
4.4642975e-06
4.3917072e-06
4.3191169e-06
4.2465265e-06
4.1739362e-06
4.1013458e-06
4.0287555e-06
3.9561651e-06
3.8835748e-06
3.8109844e-06
3.7383941e-06
3.6658037e-06
3.5932134e-06
3.520623e-06
3.4480326e-06
3.3754423e-06
3.3028519e-06
3.2302616e-06
3.1576712e-06
3.0850809e-06
3.0124906e-06
2.9399002e-06
2.8673099e-06
2.7947196e-06
2.7221292e-06
2.6495389e-06
2.5769486e-06
2.5043583e-06
2.431768e-06
2.3591778e-06
2.2865875e-06
2.2139972e-06
2.141407e-06
2.0688167e-06
1.9962265e-06
1.9236363e-06
1.8510461e-06
1.7784559e-06
1.7058657e-06
1.6332756e-06
1.5606854e-06
1.4880953e-06
1.4155052e-06
1.3429151e-06
1.270325e-06
1.1977349e-06
1.1251448e-06
1.0525548e-06
9.7996471e-07
9.0737466e-07
8.3478463e-07
7.6219459e-07
6.8960456e-07
6.1701453e-07
5.444245e-07
4.7183446e-07
3.9924442e-07
3.2665438e-07
2.5406434e-07
1.8147417e-07
1.0888362e-07
3.6300141e-08
1.3392942e-05
1.3467054e-05
1.3533611e-05
1.3585729e-05
1.3627183e-05
1.3657875e-05
1.3677776e-05
1.3687169e-05
1.3686466e-05
1.3676195e-05
1.3656974e-05
1.3629488e-05
1.3594466e-05
1.3552655e-05
1.3504797e-05
1.3451618e-05
1.339381e-05
1.3332022e-05
1.3266853e-05
1.3198848e-05
1.3128497e-05
1.3056234e-05
1.298244e-05
1.2907445e-05
1.2831534e-05
1.2754946e-05
1.2677884e-05
1.2600516e-05
1.2522979e-05
1.2445386e-05
1.2367824e-05
1.2290363e-05
1.2213056e-05
1.2135942e-05
1.2059049e-05
1.1982394e-05
1.1905989e-05
1.1829837e-05
1.1753939e-05
1.167829e-05
1.1602883e-05
1.1527708e-05
1.1452755e-05
1.1378011e-05
1.1303463e-05
1.12291e-05
1.1154908e-05
1.1080875e-05
1.1006988e-05
1.0933235e-05
1.0859604e-05
1.0786086e-05
1.071267e-05
1.0639346e-05
1.0566107e-05
1.0492942e-05
1.0419845e-05
1.034681e-05
1.0273829e-05
1.0200896e-05
1.0128008e-05
1.0055157e-05
9.9823415e-06
9.9095559e-06
9.8367971e-06
9.7640618e-06
9.6913473e-06
9.618651e-06
9.5459705e-06
9.4733039e-06
9.4006493e-06
9.3280052e-06
9.2553701e-06
9.1827428e-06
9.1101221e-06
9.0375072e-06
8.9648971e-06
8.8922912e-06
8.8196888e-06
8.7470893e-06
8.6744922e-06
8.6018972e-06
8.5293039e-06
8.4567119e-06
8.384121e-06
8.311531e-06
8.2389417e-06
8.166353e-06
8.0937646e-06
8.0211765e-06
7.9485887e-06
7.8760009e-06
7.8034132e-06
7.7308255e-06
7.6582378e-06
7.58565e-06
7.5130621e-06
7.4404741e-06
7.367886e-06
7.2952978e-06
7.2227095e-06
7.150121e-06
7.0775324e-06
7.0049437e-06
6.9323549e-06
6.8597659e-06
6.7871769e-06
6.7145877e-06
6.6419984e-06
6.5694091e-06
6.4968196e-06
6.4242301e-06
6.3516405e-06
6.2790508e-06
6.2064611e-06
6.1338713e-06
6.0612814e-06
5.9886915e-06
5.9161016e-06
5.8435116e-06
5.7709216e-06
5.6983315e-06
5.6257414e-06
5.5531513e-06
5.4805612e-06
5.407971e-06
5.3353808e-06
5.2627906e-06
5.1902004e-06
5.1176101e-06
5.0450199e-06
4.9724296e-06
4.8998394e-06
4.8272491e-06
4.7546588e-06
4.6820685e-06
4.6094782e-06
4.5368878e-06
4.4642975e-06
4.3917072e-06
4.3191169e-06
4.2465265e-06
4.1739362e-06
4.1013458e-06
4.0287555e-06
3.9561651e-06
3.8835748e-06
3.8109844e-06
3.7383941e-06
3.6658037e-06
3.5932134e-06
3.520623e-06
3.4480326e-06
3.3754423e-06
3.3028519e-06
3.2302616e-06
3.1576712e-06
3.0850809e-06
3.0124906e-06
2.9399002e-06
2.8673099e-06
2.7947196e-06
2.7221292e-06
2.6495389e-06
2.5769486e-06
2.5043583e-06
2.431768e-06
2.3591778e-06
2.2865875e-06
2.2139972e-06
2.141407e-06
2.0688168e-06
1.9962265e-06
1.9236363e-06
1.8510461e-06
1.7784559e-06
1.7058658e-06
1.6332756e-06
1.5606854e-06
1.4880953e-06
1.4155052e-06
1.3429151e-06
1.270325e-06
1.1977349e-06
1.1251448e-06
1.0525548e-06
9.7996472e-07
9.0737467e-07
8.3478463e-07
7.6219459e-07
6.8960455e-07
6.1701451e-07
5.4442447e-07
4.7183442e-07
3.9924436e-07
3.266543e-07
2.5406425e-07
1.8147405e-07
1.0888343e-07
3.6300463e-08
1.3364756e-05
1.3437659e-05
1.3503377e-05
1.3555186e-05
1.3596773e-05
1.3628011e-05
1.3648836e-05
1.3659476e-05
1.3660287e-05
1.3651733e-05
1.3634371e-05
1.3608828e-05
1.357578e-05
1.3535926e-05
1.3489973e-05
1.3438615e-05
1.338252e-05
1.3322323e-05
1.3258613e-05
1.319193e-05
1.3122764e-05
1.3051553e-05
1.2978684e-05
1.2904494e-05
1.2829277e-05
1.2753282e-05
1.2676722e-05
1.2599773e-05
1.2522584e-05
1.2445274e-05
1.2367941e-05
1.229066e-05
1.2213493e-05
1.2136484e-05
1.2059665e-05
1.1983062e-05
1.1906688e-05
1.1830551e-05
1.1754654e-05
1.1678995e-05
1.160357e-05
1.1528371e-05
1.1453389e-05
1.1378613e-05
1.1304032e-05
1.1229634e-05
1.1155407e-05
1.1081338e-05
1.1007417e-05
1.093363e-05
1.0859968e-05
1.0786419e-05
1.0712974e-05
1.0639623e-05
1.0566358e-05
1.0493169e-05
1.0420051e-05
1.0346995e-05
1.0273995e-05
1.0201045e-05
1.0128141e-05
1.0055276e-05
9.9824471e-06
9.9096497e-06
9.8368802e-06
9.7641353e-06
9.6914121e-06
9.618708e-06
9.5460206e-06
9.4733477e-06
9.4006876e-06
9.3280385e-06
9.255399e-06
9.1827678e-06
9.1101438e-06
9.0375258e-06
8.9649131e-06
8.8923049e-06
8.8197004e-06
8.7470991e-06
8.6745005e-06
8.6019042e-06
8.5293097e-06
8.4567167e-06
8.384125e-06
8.3115342e-06
8.2389443e-06
8.166355e-06
8.0937662e-06
8.0211778e-06
7.9485896e-06
7.8760015e-06
7.8034136e-06
7.7308257e-06
7.6582378e-06
7.5856499e-06
7.513062e-06
7.4404739e-06
7.3678858e-06
7.2952975e-06
7.2227092e-06
7.1501207e-06
7.0775321e-06
7.0049434e-06
6.9323546e-06
6.8597656e-06
6.7871766e-06
6.7145874e-06
6.6419981e-06
6.5694088e-06
6.4968194e-06
6.4242298e-06
6.3516403e-06
6.2790506e-06
6.2064609e-06
6.1338711e-06
6.0612813e-06
5.9886914e-06
5.9161014e-06
5.8435115e-06
5.7709214e-06
5.6983314e-06
5.6257413e-06
5.5531512e-06
5.4805611e-06
5.4079709e-06
5.3353807e-06
5.2627905e-06
5.1902003e-06
5.1176101e-06
5.0450198e-06
4.9724296e-06
4.8998393e-06
4.827249e-06
4.7546587e-06
4.6820684e-06
4.6094781e-06
4.5368878e-06
4.4642975e-06
4.3917072e-06
4.3191168e-06
4.2465265e-06
4.1739362e-06
4.1013458e-06
4.0287555e-06
3.9561651e-06
3.8835748e-06
3.8109844e-06
3.7383941e-06
3.6658037e-06
3.5932134e-06
3.520623e-06
3.4480326e-06
3.3754423e-06
3.3028519e-06
3.2302616e-06
3.1576712e-06
3.0850809e-06
3.0124906e-06
2.9399002e-06
2.8673099e-06
2.7947196e-06
2.7221293e-06
2.6495389e-06
2.5769486e-06
2.5043583e-06
2.4317681e-06
2.3591778e-06
2.2865875e-06
2.2139973e-06
2.141407e-06
2.0688168e-06
1.9962265e-06
1.9236363e-06
1.8510461e-06
1.7784559e-06
1.7058658e-06
1.6332756e-06
1.5606855e-06
1.4880953e-06
1.4155052e-06
1.3429151e-06
1.270325e-06
1.1977349e-06
1.1251448e-06
1.0525548e-06
9.7996472e-07
9.0737467e-07
8.3478463e-07
7.6219458e-07
6.8960454e-07
6.1701449e-07
5.4442444e-07
4.7183438e-07
3.9924432e-07
3.2665424e-07
2.5406417e-07
1.8147394e-07
1.0888326e-07
3.630073e-08
1.3342507e-05
1.341446e-05
1.3479513e-05
1.353107e-05
1.3572745e-05
1.3604394e-05
1.3625923e-05
1.3637523e-05
1.3639505e-05
1.3632285e-05
1.3616372e-05
1.359235e-05
1.3560851e-05
1.3522539e-05
1.347809e-05
1.3428173e-05
1.3373439e-05
1.3314508e-05
1.3251961e-05
1.3186335e-05
1.3118119e-05
1.3047752e-05
1.2975627e-05
1.2902086e-05
1.2827429e-05
1.2751914e-05
1.267576e-05
1.2599153e-05
1.2522246e-05
1.2445167e-05
1.236802e-05
1.2290887e-05
1.2213834e-05
1.2136911e-05
1.2060156e-05
1.1983595e-05
1.1907246e-05
1.1831122e-05
1.1755227e-05
1.1679562e-05
1.1604123e-05
1.1528905e-05
1.1453901e-05
1.13791e-05
1.1304492e-05
1.1230066e-05
1.115581e-05
1.1081713e-05
1.1007764e-05
1.093395e-05
1.0860262e-05
1.0786689e-05
1.071322e-05
1.0639847e-05
1.0566561e-05
1.0493353e-05
1.0420217e-05
1.0347144e-05
1.0274129e-05
1.0201166e-05
1.0128249e-05
1.0055372e-05
9.9825329e-06
9.9097259e-06
9.8369477e-06
9.764195e-06
9.6914648e-06
9.6187544e-06
9.5460613e-06
9.4733834e-06
9.4007187e-06
9.3280657e-06
9.2554226e-06
9.1827883e-06
9.1101614e-06
9.037541e-06
8.9649261e-06
8.892316e-06
8.8197099e-06
8.7471072e-06
8.6745073e-06
8.6019099e-06
8.5293144e-06
8.4567206e-06
8.3841282e-06
8.3115369e-06
8.2389464e-06
8.1663567e-06
8.0937675e-06
8.0211788e-06
7.9485903e-06
7.876002e-06
7.8034139e-06
7.7308259e-06
7.6582379e-06
7.5856499e-06
7.5130619e-06
7.4404738e-06
7.3678856e-06
7.2952973e-06
7.2227089e-06
7.1501204e-06
7.0775318e-06
7.0049431e-06
6.9323543e-06
6.8597653e-06
6.7871763e-06
6.7145871e-06
6.6419979e-06
6.5694086e-06
6.4968191e-06
6.4242296e-06
6.3516401e-06
6.2790504e-06
6.2064607e-06
6.1338709e-06
6.0612811e-06
5.9886912e-06
5.9161013e-06
5.8435113e-06
5.7709213e-06
5.6983313e-06
5.6257412e-06
5.5531511e-06
5.480561e-06
5.4079708e-06
5.3353807e-06
5.2627905e-06
5.1902003e-06
5.11761e-06
5.0450198e-06
4.9724295e-06
4.8998393e-06
4.827249e-06
4.7546587e-06
4.6820684e-06
4.6094781e-06
4.5368878e-06
4.4642975e-06
4.3917071e-06
4.3191168e-06
4.2465265e-06
4.1739361e-06
4.1013458e-06
4.0287555e-06
3.9561651e-06
3.8835748e-06
3.8109844e-06
3.7383941e-06
3.6658037e-06
3.5932133e-06
3.520623e-06
3.4480326e-06
3.3754423e-06
3.3028519e-06
3.2302616e-06
3.1576712e-06
3.0850809e-06
3.0124906e-06
2.9399002e-06
2.8673099e-06
2.7947196e-06
2.7221293e-06
2.6495389e-06
2.5769486e-06
2.5043583e-06
2.4317681e-06
2.3591778e-06
2.2865875e-06
2.2139973e-06
2.141407e-06
2.0688168e-06
1.9962266e-06
1.9236363e-06
1.8510461e-06
1.778456e-06
1.7058658e-06
1.6332756e-06
1.5606855e-06
1.4880953e-06
1.4155052e-06
1.3429151e-06
1.270325e-06
1.1977349e-06
1.1251449e-06
1.0525548e-06
9.7996473e-07
9.0737467e-07
8.3478462e-07
7.6219457e-07
6.8960453e-07
6.1701447e-07
5.4442442e-07
4.7183435e-07
3.9924427e-07
3.2665419e-07
2.5406411e-07
1.8147386e-07
1.0888312e-07
3.6300942e-08
1.3325991e-05
1.3397242e-05
1.3461801e-05
1.3513165e-05
1.3554896e-05
1.3586838e-05
1.3608877e-05
1.3621175e-05
1.3624012e-05
1.361777e-05
1.3602924e-05
1.3580022e-05
1.3549668e-05
1.3512498e-05
1.3469165e-05
1.342032e-05
1.33666e-05
1.3308615e-05
1.3246938e-05
1.3182104e-05
1.3114601e-05
1.304487e-05
1.2973304e-05
1.2900253e-05
1.2826019e-05
1.2750867e-05
1.2675021e-05
1.2598672e-05
1.252198e-05
1.2445077e-05
1.2368072e-05
1.2291051e-05
1.2214086e-05
1.2137229e-05
1.2060522e-05
1.1983993e-05
1.1907666e-05
1.1831552e-05
1.1755658e-05
1.1679988e-05
1.160454e-05
1.1529308e-05
1.1454287e-05
1.1379467e-05
1.1304839e-05
1.1230391e-05
1.1156115e-05
1.1081997e-05
1.1008026e-05
1.0934192e-05
1.0860485e-05
1.0786893e-05
1.0713406e-05
1.0640017e-05
1.0566715e-05
1.0493493e-05
1.0420343e-05
1.0347258e-05
1.0274232e-05
1.0201258e-05
1.0128331e-05
1.0055446e-05
9.9825981e-06
9.9097838e-06
9.8369991e-06
9.7642404e-06
9.6915049e-06
9.6187896e-06
9.5460922e-06
9.4734105e-06
9.4007425e-06
9.3280863e-06
9.2554406e-06
9.1828038e-06
9.1101749e-06
9.0375526e-06
8.9649361e-06
8.8923245e-06
8.8197171e-06
8.7471133e-06
8.6745125e-06
8.6019142e-06
8.5293181e-06
8.4567237e-06
8.3841307e-06
8.3115389e-06
8.2389481e-06
8.166358e-06
8.0937686e-06
8.0211795e-06
7.9485909e-06
7.8760025e-06
7.8034142e-06
7.7308261e-06
7.658238e-06
7.5856499e-06
7.5130618e-06
7.4404737e-06
7.3678854e-06
7.2952971e-06
7.2227087e-06
7.1501202e-06
7.0775316e-06
7.0049429e-06
6.9323541e-06
6.8597651e-06
6.7871761e-06
6.7145869e-06
6.6419977e-06
6.5694084e-06
6.496819e-06
6.4242295e-06
6.3516399e-06
6.2790503e-06
6.2064606e-06
6.1338708e-06
6.061281e-06
5.9886911e-06
5.9161012e-06
5.8435112e-06
5.7709212e-06
5.6983312e-06
5.6257411e-06
5.5531511e-06
5.4805609e-06
5.4079708e-06
5.3353806e-06
5.2627904e-06
5.1902002e-06
5.11761e-06
5.0450198e-06
4.9724295e-06
4.8998392e-06
4.827249e-06
4.7546587e-06
4.6820684e-06
4.6094781e-06
4.5368878e-06
4.4642975e-06
4.3917071e-06
4.3191168e-06
4.2465265e-06
4.1739361e-06
4.1013458e-06
4.0287554e-06
3.9561651e-06
3.8835747e-06
3.8109844e-06
3.738394e-06
3.6658037e-06
3.5932133e-06
3.520623e-06
3.4480326e-06
3.3754423e-06
3.3028519e-06
3.2302616e-06
3.1576712e-06
3.0850809e-06
3.0124906e-06
2.9399002e-06
2.8673099e-06
2.7947196e-06
2.7221293e-06
2.6495389e-06
2.5769486e-06
2.5043584e-06
2.4317681e-06
2.3591778e-06
2.2865875e-06
2.2139973e-06
2.141407e-06
2.0688168e-06
1.9962266e-06
1.9236363e-06
1.8510461e-06
1.778456e-06
1.7058658e-06
1.6332756e-06
1.5606855e-06
1.4880953e-06
1.4155052e-06
1.3429151e-06
1.270325e-06
1.1977349e-06
1.1251449e-06
1.0525548e-06
9.7996473e-07
9.0737467e-07
8.3478462e-07
7.6219457e-07
6.8960452e-07
6.1701446e-07
5.444244e-07
4.7183433e-07
3.9924424e-07
3.2665415e-07
2.5406406e-07
1.814738e-07
1.0888301e-07
3.6301095e-08
1.3315061e-05
1.3385849e-05
1.3450081e-05
1.3501314e-05
1.3543078e-05
1.3575208e-05
1.3597578e-05
1.3610332e-05
1.3613729e-05
1.3608128e-05
1.3593982e-05
1.3571818e-05
1.3542219e-05
1.3505803e-05
1.3463209e-05
1.3415075e-05
1.3362028e-05
1.3304671e-05
1.3243574e-05
1.3179268e-05
1.311224e-05
1.3042933e-05
1.2971742e-05
1.2899018e-05
1.2825068e-05
1.2750159e-05
1.267452e-05
1.2598344e-05
1.2521796e-05
1.2445012e-05
1.2368102e-05
1.2291158e-05
1.2214252e-05
1.213744e-05
1.2060765e-05
1.1984259e-05
1.1907945e-05
1.1831838e-05
1.1755946e-05
1.1680273e-05
1.1604818e-05
1.1529578e-05
1.1454545e-05
1.1379713e-05
1.1305071e-05
1.123061e-05
1.1156319e-05
1.1082187e-05
1.1008202e-05
1.0934355e-05
1.0860634e-05
1.078703e-05
1.0713532e-05
1.0640131e-05
1.0566819e-05
1.0493587e-05
1.0420428e-05
1.0347335e-05
1.02743e-05
1.0201319e-05
1.0128386e-05
1.0055495e-05
9.982642e-06
9.9098228e-06
9.8370337e-06
9.7642711e-06
9.6915319e-06
9.6188134e-06
9.5461132e-06
9.4734289e-06
9.4007585e-06
9.3281003e-06
9.2554528e-06
9.1828144e-06
9.110184e-06
9.0375605e-06
8.9649429e-06
8.8923303e-06
8.8197221e-06
8.7471175e-06
8.6745161e-06
8.6019172e-06
8.5293206e-06
8.4567257e-06
8.3841324e-06
8.3115403e-06
8.2389492e-06
8.1663589e-06
8.0937693e-06
8.0211801e-06
7.9485913e-06
7.8760028e-06
7.8034144e-06
7.7308262e-06
7.6582381e-06
7.5856499e-06
7.5130618e-06
7.4404736e-06
7.3678854e-06
7.295297e-06
7.2227086e-06
7.1501201e-06
7.0775315e-06
7.0049427e-06
6.9323539e-06
6.859765e-06
6.7871759e-06
6.7145868e-06
6.6419976e-06
6.5694082e-06
6.4968188e-06
6.4242294e-06
6.3516398e-06
6.2790502e-06
6.2064605e-06
6.1338707e-06
6.0612809e-06
5.988691e-06
5.9161011e-06
5.8435112e-06
5.7709212e-06
5.6983311e-06
5.6257411e-06
5.553151e-06
5.4805609e-06
5.4079707e-06
5.3353806e-06
5.2627904e-06
5.1902002e-06
5.11761e-06
5.0450197e-06
4.9724295e-06
4.8998392e-06
4.8272489e-06
4.7546587e-06
4.6820684e-06
4.6094781e-06
4.5368877e-06
4.4642974e-06
4.3917071e-06
4.3191168e-06
4.2465265e-06
4.1739361e-06
4.1013458e-06
4.0287554e-06
3.9561651e-06
3.8835747e-06
3.8109844e-06
3.738394e-06
3.6658037e-06
3.5932133e-06
3.520623e-06
3.4480326e-06
3.3754423e-06
3.3028519e-06
3.2302616e-06
3.1576712e-06
3.0850809e-06
3.0124906e-06
2.9399002e-06
2.8673099e-06
2.7947196e-06
2.7221293e-06
2.6495389e-06
2.5769486e-06
2.5043584e-06
2.4317681e-06
2.3591778e-06
2.2865875e-06
2.2139973e-06
2.141407e-06
2.0688168e-06
1.9962266e-06
1.9236364e-06
1.8510462e-06
1.778456e-06
1.7058658e-06
1.6332756e-06
1.5606855e-06
1.4880953e-06
1.4155052e-06
1.3429151e-06
1.270325e-06
1.1977349e-06
1.1251449e-06
1.0525548e-06
9.7996473e-07
9.0737467e-07
8.3478462e-07
7.6219456e-07
6.8960451e-07
6.1701445e-07
5.4442438e-07
4.7183431e-07
3.9924422e-07
3.2665412e-07
2.5406403e-07
1.8147375e-07
1.0888294e-07
3.6301187e-08
1.330962e-05
1.3380178e-05
1.3444246e-05
1.3495414e-05
1.3537194e-05
1.3569416e-05
1.3591949e-05
1.3604928e-05
1.3608601e-05
1.3603317e-05
1.3589518e-05
1.3567721e-05
1.3538497e-05
1.3502457e-05
1.346023e-05
1.341245e-05
1.3359739e-05
1.3302695e-05
1.3241888e-05
1.3177845e-05
1.3111056e-05
1.3041961e-05
1.2970957e-05
1.2898397e-05
1.282459e-05
1.2749803e-05
1.2674267e-05
1.2598178e-05
1.2521703e-05
1.2444978e-05
1.2368116e-05
1.2291211e-05
1.2214334e-05
1.2137545e-05
1.2060886e-05
1.1984392e-05
1.1908085e-05
1.1831982e-05
1.1756091e-05
1.1680417e-05
1.1604958e-05
1.1529713e-05
1.1454675e-05
1.1379836e-05
1.1305188e-05
1.123072e-05
1.1156422e-05
1.1082282e-05
1.1008291e-05
1.0934437e-05
1.086071e-05
1.0787099e-05
1.0713595e-05
1.0640189e-05
1.0566871e-05
1.0493634e-05
1.0420471e-05
1.0347373e-05
1.0274335e-05
1.020135e-05
1.0128414e-05
1.005552e-05
9.9826642e-06
9.9098426e-06
9.8370512e-06
9.7642866e-06
9.6915457e-06
9.6188256e-06
9.5461238e-06
9.4734382e-06
9.4007667e-06
9.3281075e-06
9.255459e-06
9.1828198e-06
9.1101887e-06
9.0375646e-06
8.9649464e-06
8.8923333e-06
8.8197247e-06
8.7471197e-06
8.6745179e-06
8.6019188e-06
8.5293219e-06
8.4567268e-06
8.3841333e-06
8.3115411e-06
8.2389498e-06
8.1663594e-06
8.0937697e-06
8.0211804e-06
7.9485915e-06
7.8760029e-06
7.8034145e-06
7.7308263e-06
7.6582381e-06
7.5856499e-06
7.5130618e-06
7.4404736e-06
7.3678853e-06
7.295297e-06
7.2227085e-06
7.15012e-06
7.0775314e-06
7.0049427e-06
6.9323538e-06
6.8597649e-06
6.7871759e-06
6.7145867e-06
6.6419975e-06
6.5694082e-06
6.4968188e-06
6.4242293e-06
6.3516397e-06
6.2790501e-06
6.2064604e-06
6.1338706e-06
6.0612808e-06
5.988691e-06
5.9161011e-06
5.8435111e-06
5.7709211e-06
5.6983311e-06
5.625741e-06
5.553151e-06
5.4805608e-06
5.4079707e-06
5.3353805e-06
5.2627904e-06
5.1902001e-06
5.1176099e-06
5.0450197e-06
4.9724294e-06
4.8998392e-06
4.8272489e-06
4.7546586e-06
4.6820683e-06
4.609478e-06
4.5368877e-06
4.4642974e-06
4.3917071e-06
4.3191168e-06
4.2465264e-06
4.1739361e-06
4.1013458e-06
4.0287554e-06
3.9561651e-06
3.8835747e-06
3.8109844e-06
3.738394e-06
3.6658037e-06
3.5932133e-06
3.520623e-06
3.4480326e-06
3.3754423e-06
3.3028519e-06
3.2302616e-06
3.1576712e-06
3.0850809e-06
3.0124906e-06
2.9399002e-06
2.8673099e-06
2.7947196e-06
2.7221293e-06
2.6495389e-06
2.5769486e-06
2.5043584e-06
2.4317681e-06
2.3591778e-06
2.2865875e-06
2.2139973e-06
2.141407e-06
2.0688168e-06
1.9962266e-06
1.9236364e-06
1.8510462e-06
1.778456e-06
1.7058658e-06
1.6332756e-06
1.5606855e-06
1.4880953e-06
1.4155052e-06
1.3429151e-06
1.270325e-06
1.1977349e-06
1.1251449e-06
1.0525548e-06
9.7996473e-07
9.0737467e-07
8.3478461e-07
7.6219456e-07
6.896045e-07
6.1701444e-07
5.4442438e-07
4.718343e-07
3.9924421e-07
3.2665411e-07
2.5406401e-07
1.8147374e-07
1.0888291e-07
3.6301216e-08
1.330962e-05
1.3380178e-05
1.3444246e-05
1.3495414e-05
1.3537194e-05
1.3569416e-05
1.3591949e-05
1.3604928e-05
1.3608601e-05
1.3603318e-05
1.3589519e-05
1.3567721e-05
1.3538497e-05
1.3502457e-05
1.346023e-05
1.341245e-05
1.3359739e-05
1.3302696e-05
1.3241888e-05
1.3177846e-05
1.3111056e-05
1.3041961e-05
1.2970958e-05
1.2898398e-05
1.282459e-05
1.2749803e-05
1.2674267e-05
1.2598179e-05
1.2521703e-05
1.2444978e-05
1.2368117e-05
1.2291211e-05
1.2214335e-05
1.2137545e-05
1.2060887e-05
1.1984393e-05
1.1908086e-05
1.1831983e-05
1.1756092e-05
1.1680417e-05
1.1604959e-05
1.1529714e-05
1.1454676e-05
1.1379837e-05
1.1305189e-05
1.1230721e-05
1.1156422e-05
1.1082283e-05
1.1008292e-05
1.0934437e-05
1.086071e-05
1.0787099e-05
1.0713595e-05
1.0640189e-05
1.0566872e-05
1.0493635e-05
1.0420471e-05
1.0347374e-05
1.0274336e-05
1.0201351e-05
1.0128414e-05
1.005552e-05
9.9826646e-06
9.909843e-06
9.8370516e-06
9.764287e-06
9.691546e-06
9.6188259e-06
9.5461241e-06
9.4734385e-06
9.400767e-06
9.3281078e-06
9.2554593e-06
9.1828201e-06
9.1101889e-06
9.0375648e-06
8.9649466e-06
8.8923335e-06
8.8197248e-06
8.7471199e-06
8.6745181e-06
8.6019189e-06
8.529322e-06
8.456727e-06
8.3841334e-06
8.3115412e-06
8.2389499e-06
8.1663595e-06
8.0937697e-06
8.0211805e-06
7.9485916e-06
7.876003e-06
7.8034146e-06
7.7308263e-06
7.6582381e-06
7.58565e-06
7.5130618e-06
7.4404736e-06
7.3678853e-06
7.295297e-06
7.2227085e-06
7.15012e-06
7.0775314e-06
7.0049426e-06
6.9323538e-06
6.8597649e-06
6.7871758e-06
6.7145867e-06
6.6419975e-06
6.5694081e-06
6.4968187e-06
6.4242293e-06
6.3516397e-06
6.2790501e-06
6.2064604e-06
6.1338706e-06
6.0612808e-06
5.9886909e-06
5.916101e-06
5.8435111e-06
5.7709211e-06
5.6983311e-06
5.625741e-06
5.5531509e-06
5.4805608e-06
5.4079707e-06
5.3353805e-06
5.2627903e-06
5.1902001e-06
5.1176099e-06
5.0450197e-06
4.9724294e-06
4.8998392e-06
4.8272489e-06
4.7546586e-06
4.6820683e-06
4.609478e-06
4.5368877e-06
4.4642974e-06
4.3917071e-06
4.3191168e-06
4.2465264e-06
4.1739361e-06
4.1013458e-06
4.0287554e-06
3.9561651e-06
3.8835747e-06
3.8109844e-06
3.738394e-06
3.6658037e-06
3.5932133e-06
3.520623e-06
3.4480326e-06
3.3754423e-06
3.3028519e-06
3.2302616e-06
3.1576712e-06
3.0850809e-06
3.0124906e-06
2.9399002e-06
2.8673099e-06
2.7947196e-06
2.7221293e-06
2.6495389e-06
2.5769486e-06
2.5043583e-06
2.4317681e-06
2.3591778e-06
2.2865875e-06
2.2139973e-06
2.141407e-06
2.0688168e-06
1.9962266e-06
1.9236363e-06
1.8510461e-06
1.778456e-06
1.7058658e-06
1.6332756e-06
1.5606855e-06
1.4880953e-06
1.4155052e-06
1.3429151e-06
1.270325e-06
1.1977349e-06
1.1251449e-06
1.0525548e-06
9.7996472e-07
9.0737466e-07
8.3478461e-07
7.6219456e-07
6.896045e-07
6.1701444e-07
5.4442438e-07
4.718343e-07
3.9924421e-07
3.2665411e-07
2.5406401e-07
1.8147374e-07
1.0888292e-07
3.6301182e-08
1.3315061e-05
1.3385849e-05
1.3450081e-05
1.3501314e-05
1.3543079e-05
1.3575209e-05
1.3597579e-05
1.3610333e-05
1.361373e-05
1.3608129e-05
1.3593983e-05
1.3571819e-05
1.354222e-05
1.3505804e-05
1.346321e-05
1.3415076e-05
1.3362029e-05
1.3304672e-05
1.3243575e-05
1.3179269e-05
1.3112242e-05
1.3042934e-05
1.2971744e-05
1.2899019e-05
1.282507e-05
1.2750161e-05
1.2674521e-05
1.2598346e-05
1.2521798e-05
1.2445013e-05
1.2368103e-05
1.2291159e-05
1.2214253e-05
1.2137441e-05
1.2060766e-05
1.1984261e-05
1.1907947e-05
1.183184e-05
1.1755948e-05
1.1680275e-05
1.160482e-05
1.1529579e-05
1.1454547e-05
1.1379714e-05
1.1305073e-05
1.1230612e-05
1.1156321e-05
1.1082188e-05
1.1008204e-05
1.0934357e-05
1.0860636e-05
1.0787031e-05
1.0713533e-05
1.0640132e-05
1.056682e-05
1.0493588e-05
1.0420429e-05
1.0347336e-05
1.0274302e-05
1.0201321e-05
1.0128387e-05
1.0055496e-05
9.9826431e-06
9.909824e-06
9.8370347e-06
9.7642721e-06
9.6915329e-06
9.6188144e-06
9.5461141e-06
9.4734297e-06
9.4007593e-06
9.3281011e-06
9.2554535e-06
9.1828151e-06
9.1101847e-06
9.0375611e-06
8.9649434e-06
8.8923309e-06
8.8197226e-06
8.747118e-06
8.6745165e-06
8.6019176e-06
8.5293209e-06
8.4567261e-06
8.3841327e-06
8.3115406e-06
8.2389495e-06
8.1663591e-06
8.0937694e-06
8.0211803e-06
7.9485914e-06
7.8760029e-06
7.8034145e-06
7.7308263e-06
7.6582381e-06
7.58565e-06
7.5130618e-06
7.4404736e-06
7.3678854e-06
7.295297e-06
7.2227086e-06
7.1501201e-06
7.0775314e-06
7.0049427e-06
6.9323539e-06
6.8597649e-06
6.7871759e-06
6.7145867e-06
6.6419975e-06
6.5694082e-06
6.4968188e-06
6.4242293e-06
6.3516397e-06
6.2790501e-06
6.2064604e-06
6.1338706e-06
6.0612808e-06
5.988691e-06
5.916101e-06
5.8435111e-06
5.7709211e-06
5.6983311e-06
5.625741e-06
5.5531509e-06
5.4805608e-06
5.4079707e-06
5.3353805e-06
5.2627903e-06
5.1902001e-06
5.1176099e-06
5.0450197e-06
4.9724294e-06
4.8998392e-06
4.8272489e-06
4.7546586e-06
4.6820683e-06
4.609478e-06
4.5368877e-06
4.4642974e-06
4.3917071e-06
4.3191167e-06
4.2465264e-06
4.1739361e-06
4.1013457e-06
4.0287554e-06
3.9561651e-06
3.8835747e-06
3.8109844e-06
3.738394e-06
3.6658037e-06
3.5932133e-06
3.520623e-06
3.4480326e-06
3.3754423e-06
3.3028519e-06
3.2302616e-06
3.1576712e-06
3.0850809e-06
3.0124905e-06
2.9399002e-06
2.8673099e-06
2.7947196e-06
2.7221292e-06
2.6495389e-06
2.5769486e-06
2.5043583e-06
2.4317681e-06
2.3591778e-06
2.2865875e-06
2.2139973e-06
2.141407e-06
2.0688168e-06
1.9962266e-06
1.9236363e-06
1.8510461e-06
1.778456e-06
1.7058658e-06
1.6332756e-06
1.5606855e-06
1.4880953e-06
1.4155052e-06
1.3429151e-06
1.270325e-06
1.1977349e-06
1.1251448e-06
1.0525548e-06
9.7996472e-07
9.0737466e-07
8.3478461e-07
7.6219456e-07
6.896045e-07
6.1701444e-07
5.4442438e-07
4.7183431e-07
3.9924422e-07
3.2665413e-07
2.5406404e-07
1.8147377e-07
1.0888297e-07
3.6301086e-08
1.3325991e-05
1.3397243e-05
1.3461802e-05
1.3513166e-05
1.3554897e-05
1.3586839e-05
1.3608878e-05
1.3621176e-05
1.3624013e-05
1.3617771e-05
1.3602925e-05
1.3580023e-05
1.3549669e-05
1.3512499e-05
1.3469166e-05
1.3420322e-05
1.3366602e-05
1.3308616e-05
1.324694e-05
1.3182106e-05
1.3114603e-05
1.3044872e-05
1.2973306e-05
1.2900255e-05
1.2826022e-05
1.2750869e-05
1.2675023e-05
1.2598674e-05
1.2521982e-05
1.2445079e-05
1.2368074e-05
1.2291054e-05
1.2214088e-05
1.2137232e-05
1.2060524e-05
1.1983996e-05
1.1907668e-05
1.1831554e-05
1.1755661e-05
1.1679991e-05
1.1604542e-05
1.1529311e-05
1.1454289e-05
1.1379469e-05
1.1304841e-05
1.1230394e-05
1.1156117e-05
1.1081999e-05
1.1008029e-05
1.0934195e-05
1.0860487e-05
1.0786895e-05
1.0713409e-05
1.0640019e-05
1.0566718e-05
1.0493495e-05
1.0420345e-05
1.034726e-05
1.0274234e-05
1.020126e-05
1.0128333e-05
1.0055448e-05
9.9826e-06
9.9097857e-06
9.8370008e-06
9.7642421e-06
9.6915065e-06
9.6187912e-06
9.5460937e-06
9.4734119e-06
9.4007438e-06
9.3280876e-06
9.2554418e-06
9.182805e-06
9.110176e-06
9.0375536e-06
8.9649371e-06
8.8923254e-06
8.819718e-06
8.7471141e-06
8.6745132e-06
8.6019149e-06
8.5293187e-06
8.4567242e-06
8.3841312e-06
8.3115394e-06
8.2389485e-06
8.1663584e-06
8.0937689e-06
8.0211798e-06
7.9485911e-06
7.8760027e-06
7.8034144e-06
7.7308262e-06
7.6582381e-06
7.58565e-06
7.5130619e-06
7.4404737e-06
7.3678855e-06
7.2952971e-06
7.2227087e-06
7.1501202e-06
7.0775316e-06
7.0049428e-06
6.932354e-06
6.859765e-06
6.787176e-06
6.7145868e-06
6.6419976e-06
6.5694083e-06
6.4968188e-06
6.4242293e-06
6.3516398e-06
6.2790501e-06
6.2064604e-06
6.1338707e-06
6.0612809e-06
5.988691e-06
5.9161011e-06
5.8435111e-06
5.7709211e-06
5.6983311e-06
5.625741e-06
5.5531509e-06
5.4805608e-06
5.4079707e-06
5.3353805e-06
5.2627903e-06
5.1902001e-06
5.1176099e-06
5.0450197e-06
4.9724294e-06
4.8998391e-06
4.8272489e-06
4.7546586e-06
4.6820683e-06
4.609478e-06
4.5368877e-06
4.4642974e-06
4.3917071e-06
4.3191167e-06
4.2465264e-06
4.1739361e-06
4.1013457e-06
4.0287554e-06
3.956165e-06
3.8835747e-06
3.8109844e-06
3.738394e-06
3.6658037e-06
3.5932133e-06
3.520623e-06
3.4480326e-06
3.3754423e-06
3.3028519e-06
3.2302616e-06
3.1576712e-06
3.0850809e-06
3.0124905e-06
2.9399002e-06
2.8673099e-06
2.7947196e-06
2.7221292e-06
2.6495389e-06
2.5769486e-06
2.5043583e-06
2.4317681e-06
2.3591778e-06
2.2865875e-06
2.2139973e-06
2.141407e-06
2.0688168e-06
1.9962265e-06
1.9236363e-06
1.8510461e-06
1.7784559e-06
1.7058658e-06
1.6332756e-06
1.5606855e-06
1.4880953e-06
1.4155052e-06
1.3429151e-06
1.270325e-06
1.1977349e-06
1.1251448e-06
1.0525548e-06
9.7996471e-07
9.0737466e-07
8.3478461e-07
7.6219456e-07
6.896045e-07
6.1701445e-07
5.4442439e-07
4.7183433e-07
3.9924425e-07
3.2665416e-07
2.5406407e-07
1.8147382e-07
1.0888305e-07
3.6300927e-08
1.3342507e-05
1.3414461e-05
1.3479514e-05
1.3531071e-05
1.3572746e-05
1.3604395e-05
1.3625924e-05
1.3637524e-05
1.3639506e-05
1.3632286e-05
1.3616374e-05
1.3592352e-05
1.3560853e-05
1.3522541e-05
1.3478092e-05
1.3428175e-05
1.3373441e-05
1.331451e-05
1.3251963e-05
1.3186338e-05
1.3118121e-05
1.3047755e-05
1.297563e-05
1.2902089e-05
1.2827432e-05
1.2751917e-05
1.2675763e-05
1.2599156e-05
1.2522249e-05
1.2445171e-05
1.2368023e-05
1.2290891e-05
1.2213838e-05
1.2136915e-05
1.2060159e-05
1.1983598e-05
1.190725e-05
1.1831126e-05
1.1755231e-05
1.1679565e-05
1.1604127e-05
1.1528909e-05
1.1453904e-05
1.1379103e-05
1.1304495e-05
1.1230069e-05
1.1155814e-05
1.1081717e-05
1.1007767e-05
1.0933954e-05
1.0860266e-05
1.0786692e-05
1.0713223e-05
1.063985e-05
1.0566564e-05
1.0493357e-05
1.042022e-05
1.0347148e-05
1.0274132e-05
1.0201169e-05
1.0128252e-05
1.0055375e-05
9.9825356e-06
9.9097285e-06
9.8369502e-06
9.7641974e-06
9.6914671e-06
9.6187566e-06
9.5460634e-06
9.4733854e-06
9.4007206e-06
9.3280675e-06
9.2554243e-06
9.1827899e-06
9.1101629e-06
9.0375424e-06
8.9649275e-06
8.8923172e-06
8.819711e-06
8.7471082e-06
8.6745083e-06
8.6019108e-06
8.5293152e-06
8.4567214e-06
8.3841289e-06
8.3115375e-06
8.238947e-06
8.1663572e-06
8.093768e-06
8.0211791e-06
7.9485906e-06
7.8760023e-06
7.8034142e-06
7.7308261e-06
7.6582381e-06
7.58565e-06
7.513062e-06
7.4404738e-06
7.3678856e-06
7.2952973e-06
7.2227089e-06
7.1501204e-06
7.0775317e-06
7.004943e-06
6.9323542e-06
6.8597652e-06
6.7871762e-06
6.714587e-06
6.6419977e-06
6.5694084e-06
6.496819e-06
6.4242295e-06
6.3516399e-06
6.2790502e-06
6.2064605e-06
6.1338707e-06
6.0612809e-06
5.988691e-06
5.9161011e-06
5.8435112e-06
5.7709212e-06
5.6983311e-06
5.6257411e-06
5.553151e-06
5.4805608e-06
5.4079707e-06
5.3353805e-06
5.2627903e-06
5.1902001e-06
5.1176099e-06
5.0450197e-06
4.9724294e-06
4.8998391e-06
4.8272489e-06
4.7546586e-06
4.6820683e-06
4.609478e-06
4.5368877e-06
4.4642974e-06
4.3917071e-06
4.3191167e-06
4.2465264e-06
4.1739361e-06
4.1013457e-06
4.0287554e-06
3.956165e-06
3.8835747e-06
3.8109843e-06
3.738394e-06
3.6658036e-06
3.5932133e-06
3.5206229e-06
3.4480326e-06
3.3754422e-06
3.3028519e-06
3.2302616e-06
3.1576712e-06
3.0850809e-06
3.0124905e-06
2.9399002e-06
2.8673099e-06
2.7947196e-06
2.7221292e-06
2.6495389e-06
2.5769486e-06
2.5043583e-06
2.431768e-06
2.3591778e-06
2.2865875e-06
2.2139972e-06
2.141407e-06
2.0688168e-06
1.9962265e-06
1.9236363e-06
1.8510461e-06
1.7784559e-06
1.7058658e-06
1.6332756e-06
1.5606854e-06
1.4880953e-06
1.4155052e-06
1.3429151e-06
1.270325e-06
1.1977349e-06
1.1251448e-06
1.0525548e-06
9.799647e-07
9.0737465e-07
8.347846e-07
7.6219456e-07
6.8960451e-07
6.1701446e-07
5.4442441e-07
4.7183435e-07
3.9924428e-07
3.266542e-07
2.5406413e-07
1.8147389e-07
1.0888317e-07
3.6300709e-08
1.3364757e-05
1.343766e-05
1.3503378e-05
1.3555187e-05
1.3596774e-05
1.3628012e-05
1.3648837e-05
1.3659477e-05
1.3660289e-05
1.3651735e-05
1.3634373e-05
1.360883e-05
1.3575782e-05
1.3535929e-05
1.3489976e-05
1.3438617e-05
1.3382523e-05
1.3322326e-05
1.3258616e-05
1.3191933e-05
1.3122767e-05
1.3051557e-05
1.2978687e-05
1.2904498e-05
1.282928e-05
1.2753286e-05
1.2676726e-05
1.2599777e-05
1.2522588e-05
1.2445279e-05
1.2367945e-05
1.2290665e-05
1.2213497e-05
1.2136488e-05
1.205967e-05
1.1983066e-05
1.1906692e-05
1.1830555e-05
1.1754658e-05
1.1679e-05
1.1603575e-05
1.1528376e-05
1.1453394e-05
1.1378618e-05
1.1304037e-05
1.1229639e-05
1.1155412e-05
1.1081343e-05
1.1007421e-05
1.0933635e-05
1.0859972e-05
1.0786424e-05
1.0712978e-05
1.0639627e-05
1.0566362e-05
1.0493173e-05
1.0420055e-05
1.0346999e-05
1.0273999e-05
1.0201049e-05
1.0128144e-05
1.005528e-05
9.9824506e-06
9.909653e-06
9.8368834e-06
9.7641384e-06
9.6914151e-06
9.6187108e-06
9.5460232e-06
9.4733503e-06
9.40069e-06
9.3280408e-06
9.2554012e-06
9.1827699e-06
9.1101457e-06
9.0375276e-06
8.9649148e-06
8.8923064e-06
8.8197018e-06
8.7471005e-06
8.6745018e-06
8.6019053e-06
8.5293107e-06
8.4567176e-06
8.3841258e-06
8.311535e-06
8.238945e-06
8.1663556e-06
8.0937668e-06
8.0211782e-06
7.94859e-06
7.8760019e-06
7.8034139e-06
7.730826e-06
7.658238e-06
7.5856501e-06
7.5130621e-06
7.440474e-06
7.3678858e-06
7.2952975e-06
7.2227091e-06
7.1501206e-06
7.077532e-06
7.0049433e-06
6.9323544e-06
6.8597655e-06
6.7871764e-06
6.7145872e-06
6.6419979e-06
6.5694086e-06
6.4968191e-06
6.4242296e-06
6.35164e-06
6.2790504e-06
6.2064606e-06
6.1338709e-06
6.061281e-06
5.9886911e-06
5.9161012e-06
5.8435112e-06
5.7709212e-06
5.6983312e-06
5.6257411e-06
5.553151e-06
5.4805609e-06
5.4079707e-06
5.3353805e-06
5.2627903e-06
5.1902001e-06
5.1176099e-06
5.0450197e-06
4.9724294e-06
4.8998391e-06
4.8272489e-06
4.7546586e-06
4.6820683e-06
4.609478e-06
4.5368877e-06
4.4642974e-06
4.391707e-06
4.3191167e-06
4.2465264e-06
4.1739361e-06
4.1013457e-06
4.0287554e-06
3.956165e-06
3.8835747e-06
3.8109843e-06
3.738394e-06
3.6658036e-06
3.5932133e-06
3.5206229e-06
3.4480326e-06
3.3754422e-06
3.3028519e-06
3.2302615e-06
3.1576712e-06
3.0850809e-06
3.0124905e-06
2.9399002e-06
2.8673099e-06
2.7947195e-06
2.7221292e-06
2.6495389e-06
2.5769486e-06
2.5043583e-06
2.431768e-06
2.3591778e-06
2.2865875e-06
2.2139972e-06
2.141407e-06
2.0688167e-06
1.9962265e-06
1.9236363e-06
1.8510461e-06
1.7784559e-06
1.7058657e-06
1.6332756e-06
1.5606854e-06
1.4880953e-06
1.4155052e-06
1.3429151e-06
1.270325e-06
1.1977349e-06
1.1251448e-06
1.0525547e-06
9.7996469e-07
9.0737464e-07
8.347846e-07
7.6219455e-07
6.8960451e-07
6.1701447e-07
5.4442443e-07
4.7183438e-07
3.9924432e-07
3.2665425e-07
2.5406419e-07
1.8147398e-07
1.0888333e-07
3.6300432e-08
1.3392942e-05
1.3467054e-05
1.3533612e-05
1.358573e-05
1.3627184e-05
1.3657876e-05
1.3677778e-05
1.3687171e-05
1.3686468e-05
1.3676197e-05
1.3656976e-05
1.3629491e-05
1.3594469e-05
1.3552658e-05
1.35048e-05
1.3451621e-05
1.3393814e-05
1.3332026e-05
1.3266857e-05
1.3198852e-05
1.3128501e-05
1.3056238e-05
1.2982444e-05
1.290745e-05
1.2831538e-05
1.2754951e-05
1.2677889e-05
1.2600521e-05
1.2522984e-05
1.2445391e-05
1.2367829e-05
1.2290368e-05
1.2213062e-05
1.2135947e-05
1.2059054e-05
1.19824e-05
1.1905994e-05
1.1829843e-05
1.1753945e-05
1.1678296e-05
1.1602889e-05
1.1527714e-05
1.145276e-05
1.1378016e-05
1.1303469e-05
1.1229106e-05
1.1154914e-05
1.1080881e-05
1.1006993e-05
1.093324e-05
1.085961e-05
1.0786092e-05
1.0712676e-05
1.0639352e-05
1.0566112e-05
1.0492947e-05
1.041985e-05
1.0346815e-05
1.0273834e-05
1.0200901e-05
1.0128012e-05
1.0055162e-05
9.9823457e-06
9.90956e-06
9.836801e-06
9.7640656e-06
9.6913509e-06
9.6186544e-06
9.5459738e-06
9.473307e-06
9.4006523e-06
9.328008e-06
9.2553727e-06
9.1827453e-06
9.1101245e-06
9.0375094e-06
8.9648992e-06
8.8922931e-06
8.8196905e-06
8.7470909e-06
8.6744937e-06
8.6018986e-06
8.5293051e-06
8.4567131e-06
8.3841221e-06
8.311532e-06
8.2389426e-06
8.1663537e-06
8.0937653e-06
8.0211771e-06
7.9485892e-06
7.8760013e-06
7.8034135e-06
7.7308258e-06
7.658238e-06
7.5856501e-06
7.5130622e-06
7.4404742e-06
7.3678861e-06
7.2952978e-06
7.2227094e-06
7.1501209e-06
7.0775323e-06
7.0049436e-06
6.9323547e-06
6.8597658e-06
6.7871767e-06
6.7145875e-06
6.6419982e-06
6.5694088e-06
6.4968194e-06
6.4242298e-06
6.3516402e-06
6.2790505e-06
6.2064608e-06
6.133871e-06
6.0612812e-06
5.9886912e-06
5.9161013e-06
5.8435113e-06
5.7709213e-06
5.6983312e-06
5.6257412e-06
5.553151e-06
5.4805609e-06
5.4079707e-06
5.3353806e-06
5.2627904e-06
5.1902002e-06
5.1176099e-06
5.0450197e-06
4.9724294e-06
4.8998392e-06
4.8272489e-06
4.7546586e-06
4.6820683e-06
4.609478e-06
4.5368877e-06
4.4642974e-06
4.391707e-06
4.3191167e-06
4.2465264e-06
4.173936e-06
4.1013457e-06
4.0287554e-06
3.956165e-06
3.8835747e-06
3.8109843e-06
3.738394e-06
3.6658036e-06
3.5932133e-06
3.5206229e-06
3.4480326e-06
3.3754422e-06
3.3028519e-06
3.2302615e-06
3.1576712e-06
3.0850809e-06
3.0124905e-06
2.9399002e-06
2.8673099e-06
2.7947195e-06
2.7221292e-06
2.6495389e-06
2.5769486e-06
2.5043583e-06
2.431768e-06
2.3591777e-06
2.2865875e-06
2.2139972e-06
2.141407e-06
2.0688167e-06
1.9962265e-06
1.9236363e-06
1.8510461e-06
1.7784559e-06
1.7058657e-06
1.6332755e-06
1.5606854e-06
1.4880953e-06
1.4155051e-06
1.342915e-06
1.2703249e-06
1.1977349e-06
1.1251448e-06
1.0525547e-06
9.7996467e-07
9.0737463e-07
8.3478459e-07
7.6219455e-07
6.8960452e-07
6.1701448e-07
5.4442445e-07
4.7183441e-07
3.9924436e-07
3.2665432e-07
2.5406427e-07
1.8147409e-07
1.0888351e-07
3.6300101e-08
1.3427325e-05
1.3502922e-05
1.3570501e-05
1.3622975e-05
1.3664237e-05
1.3694222e-05
1.3712952e-05
1.3720775e-05
1.3718181e-05
1.3705774e-05
1.3684251e-05
1.3654371e-05
1.3616926e-05
1.3572719e-05
1.352254e-05
1.346715e-05
1.3407267e-05
1.3343558e-05
1.3276634e-05
1.3207042e-05
1.3135272e-05
1.3061752e-05
1.2986857e-05
1.2910905e-05
1.283417e-05
1.275688e-05
1.2679226e-05
1.2601363e-05
1.2523419e-05
1.2445493e-05
1.2367664e-05
1.2289993e-05
1.2212524e-05
1.2135288e-05
1.2058308e-05
1.1981596e-05
1.1905157e-05
1.182899e-05
1.1753093e-05
1.1677456e-05
1.1602071e-05
1.1526926e-05
1.1452007e-05
1.1377301e-05
1.1302795e-05
1.1228474e-05
1.1154324e-05
1.1080333e-05
1.1006486e-05
1.0932773e-05
1.0859181e-05
1.0785699e-05
1.0712317e-05
1.0639026e-05
1.0565816e-05
1.049268e-05
1.0419609e-05
1.0346598e-05
1.0273639e-05
1.0200726e-05
1.0127856e-05
1.0055023e-05
9.982222e-06
9.9094502e-06
9.8367038e-06
9.7639798e-06
9.6912753e-06
9.618588e-06
9.5459155e-06
9.4732561e-06
9.4006079e-06
9.3279694e-06
9.2553392e-06
9.1827163e-06
9.1100995e-06
9.0374879e-06
8.9648808e-06
8.8922775e-06
8.8196773e-06
8.7470797e-06
8.6744843e-06
8.6018907e-06
8.5292986e-06
8.4567077e-06
8.3841177e-06
8.3115284e-06
8.2389398e-06
8.1663515e-06
8.0937636e-06
8.0211758e-06
7.9485882e-06
7.8760007e-06
7.8034131e-06
7.7308256e-06
7.6582379e-06
7.5856502e-06
7.5130624e-06
7.4404744e-06
7.3678864e-06
7.2952982e-06
7.2227098e-06
7.1501213e-06
7.0775327e-06
7.004944e-06
6.9323551e-06
6.8597661e-06
6.787177e-06
6.7145878e-06
6.6419985e-06
6.5694091e-06
6.4968196e-06
6.4242301e-06
6.3516405e-06
6.2790508e-06
6.206461e-06
6.1338712e-06
6.0612813e-06
5.9886914e-06
5.9161014e-06
5.8435114e-06
5.7709214e-06
5.6983313e-06
5.6257412e-06
5.5531511e-06
5.480561e-06
5.4079708e-06
5.3353806e-06
5.2627904e-06
5.1902002e-06
5.1176099e-06
5.0450197e-06
4.9724294e-06
4.8998392e-06
4.8272489e-06
4.7546586e-06
4.6820683e-06
4.609478e-06
4.5368877e-06
4.4642974e-06
4.391707e-06
4.3191167e-06
4.2465264e-06
4.173936e-06
4.1013457e-06
4.0287554e-06
3.956165e-06
3.8835747e-06
3.8109843e-06
3.738394e-06
3.6658036e-06
3.5932133e-06
3.5206229e-06
3.4480326e-06
3.3754422e-06
3.3028519e-06
3.2302615e-06
3.1576712e-06
3.0850808e-06
3.0124905e-06
2.9399002e-06
2.8673098e-06
2.7947195e-06
2.7221292e-06
2.6495389e-06
2.5769486e-06
2.5043583e-06
2.431768e-06
2.3591777e-06
2.2865874e-06
2.2139972e-06
2.1414069e-06
2.0688167e-06
1.9962265e-06
1.9236363e-06
1.851046e-06
1.7784559e-06
1.7058657e-06
1.6332755e-06
1.5606854e-06
1.4880952e-06
1.4155051e-06
1.342915e-06
1.2703249e-06
1.1977348e-06
1.1251448e-06
1.0525547e-06
9.7996465e-07
9.0737461e-07
8.3478458e-07
7.6219455e-07
6.8960452e-07
6.170145e-07
5.4442447e-07
4.7183445e-07
3.9924442e-07
3.2665438e-07
2.5406436e-07
1.8147421e-07
1.0888372e-07
3.6299718e-08
1.3468234e-05
1.354561e-05
1.3614399e-05
1.3667269e-05
1.3708257e-05
1.3737341e-05
1.375461e-05
1.3760497e-05
1.3755587e-05
1.3740583e-05
1.3716275e-05
1.3683511e-05
1.3643162e-05
1.3596097e-05
1.3543159e-05
1.3485152e-05
1.3422823e-05
1.3356859e-05
1.3287879e-05
1.3216436e-05
1.3143015e-05
1.3068038e-05
1.2991868e-05
1.2914813e-05
1.2837131e-05
1.2759036e-05
1.2680705e-05
1.2602278e-05
1.2523868e-05
1.2445565e-05
1.2367434e-05
1.2289526e-05
1.2211875e-05
1.2134505e-05
1.2057429e-05
1.1980654e-05
1.1904178e-05
1.1827997e-05
1.1752102e-05
1.1676483e-05
1.1601125e-05
1.1526015e-05
1.1451137e-05
1.1376477e-05
1.1302018e-05
1.1227746e-05
1.1153645e-05
1.1079702e-05
1.1005904e-05
1.0932236e-05
1.0858688e-05
1.0785249e-05
1.0711906e-05
1.0638652e-05
1.0565477e-05
1.0492373e-05
1.0419333e-05
1.0346349e-05
1.0273415e-05
1.0200527e-05
1.0127678e-05
1.0054864e-05
9.9820806e-06
9.9093248e-06
9.8365928e-06
9.7638818e-06
9.691189e-06
9.6185121e-06
9.5458491e-06
9.473198e-06
9.4005572e-06
9.3279253e-06
9.255301e-06
9.1826833e-06
9.110071e-06
9.0374635e-06
8.9648599e-06
8.8922597e-06
8.8196622e-06
8.7470669e-06
8.6744736e-06
8.6018818e-06
8.5292912e-06
8.4567016e-06
8.3841127e-06
8.3115244e-06
8.2389365e-06
8.166349e-06
8.0937616e-06
8.0211744e-06
7.9485872e-06
7.876e-06
7.8034127e-06
7.7308254e-06
7.6582379e-06
7.5856503e-06
7.5130626e-06
7.4404747e-06
7.3678867e-06
7.2952986e-06
7.2227102e-06
7.1501218e-06
7.0775332e-06
7.0049444e-06
6.9323555e-06
6.8597665e-06
6.7871774e-06
6.7145882e-06
6.6419989e-06
6.5694095e-06
6.49682e-06
6.4242304e-06
6.3516407e-06
6.279051e-06
6.2064612e-06
6.1338714e-06
6.0612815e-06
5.9886916e-06
5.9161016e-06
5.8435116e-06
5.7709215e-06
5.6983314e-06
5.6257413e-06
5.5531512e-06
5.480561e-06
5.4079709e-06
5.3353807e-06
5.2627904e-06
5.1902002e-06
5.11761e-06
5.0450197e-06
4.9724295e-06
4.8998392e-06
4.8272489e-06
4.7546586e-06
4.6820683e-06
4.609478e-06
4.5368877e-06
4.4642974e-06
4.391707e-06
4.3191167e-06
4.2465264e-06
4.173936e-06
4.1013457e-06
4.0287554e-06
3.956165e-06
3.8835747e-06
3.8109843e-06
3.738394e-06
3.6658036e-06
3.5932133e-06
3.5206229e-06
3.4480326e-06
3.3754422e-06
3.3028519e-06
3.2302615e-06
3.1576712e-06
3.0850808e-06
3.0124905e-06
2.9399002e-06
2.8673098e-06
2.7947195e-06
2.7221292e-06
2.6495389e-06
2.5769486e-06
2.5043583e-06
2.431768e-06
2.3591777e-06
2.2865874e-06
2.2139972e-06
2.1414069e-06
2.0688167e-06
1.9962264e-06
1.9236362e-06
1.851046e-06
1.7784558e-06
1.7058656e-06
1.6332755e-06
1.5606853e-06
1.4880952e-06
1.4155051e-06
1.342915e-06
1.2703249e-06
1.1977348e-06
1.1251447e-06
1.0525547e-06
9.7996463e-07
9.0737459e-07
8.3478456e-07
7.6219454e-07
6.8960452e-07
6.1701451e-07
5.4442449e-07
4.7183448e-07
3.9924447e-07
3.2665446e-07
2.5406446e-07
1.8147435e-07
1.0888395e-07
3.6299289e-08
1.351607e-05
1.3595546e-05
1.3665741e-05
1.3719035e-05
1.3759636e-05
1.3787586e-05
1.3803054e-05
1.3806583e-05
1.3798877e-05
1.3780757e-05
1.375313e-05
1.371695e-05
1.367318e-05
1.3622765e-05
1.356661e-05
1.3505564e-05
1.3440408e-05
1.3371847e-05
1.330051e-05
1.3226952e-05
1.3151653e-05
1.3075024e-05
1.2997414e-05
1.2919116e-05
1.284037e-05
1.2761374e-05
1.2682285e-05
1.2603231e-05
1.2524306e-05
1.2445585e-05
1.2367122e-05
1.2288954e-05
1.2211106e-05
1.213359e-05
1.2056412e-05
1.197957e-05
1.1903057e-05
1.1826864e-05
1.1750975e-05
1.1675377e-05
1.1600052e-05
1.1524984e-05
1.1450154e-05
1.1375546e-05
1.1301142e-05
1.1226926e-05
1.1152881e-05
1.1078994e-05
1.1005249e-05
1.0931634e-05
1.0858136e-05
1.0784743e-05
1.0711446e-05
1.0638234e-05
1.0565098e-05
1.0492031e-05
1.0419024e-05
1.0346071e-05
1.0273166e-05
1.0200304e-05
1.0127478e-05
1.0054686e-05
9.9819228e-06
9.9091849e-06
9.836469e-06
9.7637725e-06
9.6910928e-06
9.6184276e-06
9.5457751e-06
9.4731333e-06
9.4005008e-06
9.3278763e-06
9.2552586e-06
9.1826466e-06
9.1100395e-06
9.0374364e-06
8.9648368e-06
8.8922399e-06
8.8196454e-06
8.7470528e-06
8.6744617e-06
8.6018719e-06
8.529283e-06
8.4566948e-06
8.3841072e-06
8.31152e-06
8.238933e-06
8.1663462e-06
8.0937595e-06
8.0211728e-06
7.9485861e-06
7.8759992e-06
7.8034123e-06
7.7308252e-06
7.6582379e-06
7.5856505e-06
7.5130629e-06
7.4404751e-06
7.3678871e-06
7.295299e-06
7.2227107e-06
7.1501223e-06
7.0775337e-06
7.0049449e-06
6.932356e-06
6.859767e-06
6.7871779e-06
6.7145886e-06
6.6419993e-06
6.5694098e-06
6.4968203e-06
6.4242307e-06
6.351641e-06
6.2790513e-06
6.2064615e-06
6.1338716e-06
6.0612817e-06
5.9886917e-06
5.9161018e-06
5.8435117e-06
5.7709217e-06
5.6983316e-06
5.6257414e-06
5.5531513e-06
5.4805611e-06
5.4079709e-06
5.3353807e-06
5.2627905e-06
5.1902003e-06
5.11761e-06
5.0450198e-06
4.9724295e-06
4.8998392e-06
4.8272489e-06
4.7546586e-06
4.6820683e-06
4.609478e-06
4.5368877e-06
4.4642974e-06
4.391707e-06
4.3191167e-06
4.2465264e-06
4.173936e-06
4.1013457e-06
4.0287554e-06
3.956165e-06
3.8835747e-06
3.8109843e-06
3.738394e-06
3.6658036e-06
3.5932133e-06
3.5206229e-06
3.4480326e-06
3.3754422e-06
3.3028519e-06
3.2302615e-06
3.1576712e-06
3.0850808e-06
3.0124905e-06
2.9399001e-06
2.8673098e-06
2.7947195e-06
2.7221292e-06
2.6495388e-06
2.5769485e-06
2.5043582e-06
2.4317679e-06
2.3591777e-06
2.2865874e-06
2.2139971e-06
2.1414069e-06
2.0688166e-06
1.9962264e-06
1.9236362e-06
1.851046e-06
1.7784558e-06
1.7058656e-06
1.6332754e-06
1.5606853e-06
1.4880952e-06
1.415505e-06
1.3429149e-06
1.2703248e-06
1.1977348e-06
1.1251447e-06
1.0525546e-06
9.7996459e-07
9.0737456e-07
8.3478454e-07
7.6219452e-07
6.8960451e-07
6.1701451e-07
5.4442451e-07
4.7183452e-07
3.9924452e-07
3.2665454e-07
2.5406456e-07
1.8147449e-07
1.088842e-07
3.6298818e-08
1.3571321e-05
1.3653246e-05
1.3725053e-05
1.377878e-05
1.3818846e-05
1.3845373e-05
1.3858637e-05
1.3859317e-05
1.3848263e-05
1.3826444e-05
1.3794906e-05
1.3754725e-05
1.3706973e-05
1.3652682e-05
1.3592825e-05
1.3528302e-05
1.3459926e-05
1.3388422e-05
1.3314427e-05
1.3238494e-05
1.3161094e-05
1.3082624e-05
1.3003416e-05
1.2923742e-05
1.2843824e-05
1.2763839e-05
1.2683923e-05
1.2604184e-05
1.25247e-05
1.2445528e-05
1.2366708e-05
1.2288262e-05
1.2210203e-05
1.2132534e-05
1.205525e-05
1.1978341e-05
1.1901793e-05
1.182559e-05
1.1749713e-05
1.1674142e-05
1.1598857e-05
1.1523838e-05
1.1449063e-05
1.1374514e-05
1.1300172e-05
1.1226018e-05
1.1152037e-05
1.1078211e-05
1.1004527e-05
1.093097e-05
1.0857527e-05
1.0784187e-05
1.0710939e-05
1.0637774e-05
1.0564681e-05
1.0491654e-05
1.0418685e-05
1.0345766e-05
1.0272893e-05
1.0200059e-05
1.012726e-05
1.0054492e-05
9.9817501e-06
9.9090318e-06
9.8363337e-06
9.7636531e-06
9.6909877e-06
9.6183354e-06
9.5456943e-06
9.4730627e-06
9.4004394e-06
9.3278229e-06
9.2552123e-06
9.1826067e-06
9.1100051e-06
9.0374069e-06
8.9648116e-06
8.8922185e-06
8.8196273e-06
8.7470375e-06
8.6744489e-06
8.6018612e-06
8.5292741e-06
8.4566876e-06
8.3841013e-06
8.3115152e-06
8.2389293e-06
8.1663433e-06
8.0937573e-06
8.0211711e-06
7.9485849e-06
7.8759984e-06
7.8034118e-06
7.730825e-06
7.6582379e-06
7.5856507e-06
7.5130632e-06
7.4404755e-06
7.3678876e-06
7.2952996e-06
7.2227113e-06
7.1501229e-06
7.0775342e-06
7.0049455e-06
6.9323566e-06
6.8597676e-06
6.7871784e-06
6.7145891e-06
6.6419997e-06
6.5694103e-06
6.4968207e-06
6.4242311e-06
6.3516414e-06
6.2790516e-06
6.2064618e-06
6.1338719e-06
6.0612819e-06
5.988692e-06
5.9161019e-06
5.8435119e-06
5.7709218e-06
5.6983317e-06
5.6257416e-06
5.5531514e-06
5.4805612e-06
5.407971e-06
5.3353808e-06
5.2627906e-06
5.1902003e-06
5.1176101e-06
5.0450198e-06
4.9724295e-06
4.8998392e-06
4.8272489e-06
4.7546586e-06
4.6820683e-06
4.609478e-06
4.5368877e-06
4.4642974e-06
4.391707e-06
4.3191167e-06
4.2465264e-06
4.173936e-06
4.1013457e-06
4.0287553e-06
3.956165e-06
3.8835747e-06
3.8109843e-06
3.738394e-06
3.6658036e-06
3.5932132e-06
3.5206229e-06
3.4480325e-06
3.3754422e-06
3.3028518e-06
3.2302615e-06
3.1576711e-06
3.0850808e-06
3.0124905e-06
2.9399001e-06
2.8673098e-06
2.7947195e-06
2.7221291e-06
2.6495388e-06
2.5769485e-06
2.5043582e-06
2.4317679e-06
2.3591776e-06
2.2865874e-06
2.2139971e-06
2.1414068e-06
2.0688166e-06
1.9962264e-06
1.9236361e-06
1.8510459e-06
1.7784557e-06
1.7058656e-06
1.6332754e-06
1.5606852e-06
1.4880951e-06
1.415505e-06
1.3429149e-06
1.2703248e-06
1.1977347e-06
1.1251446e-06
1.0525546e-06
9.7996455e-07
9.0737452e-07
8.3478451e-07
7.621945e-07
6.896045e-07
6.1701451e-07
5.4442453e-07
4.7183455e-07
3.9924458e-07
3.2665461e-07
2.5406466e-07
1.8147464e-07
1.0888445e-07
3.629831e-08
1.3634573e-05
1.3719333e-05
1.3792968e-05
1.3847114e-05
1.3886447e-05
1.3911194e-05
1.3921769e-05
1.3919023e-05
1.3903986e-05
1.3877804e-05
1.3841689e-05
1.3796863e-05
1.3744518e-05
1.3685787e-05
1.3621716e-05
1.3553258e-05
1.3481259e-05
1.3406463e-05
1.3329509e-05
1.3250944e-05
1.3171227e-05
1.3090736e-05
1.3009781e-05
1.2928612e-05
1.2847424e-05
1.276637e-05
1.2685565e-05
1.2605094e-05
1.2525014e-05
1.2445365e-05
1.2366167e-05
1.2287431e-05
1.2209154e-05
1.2131328e-05
1.2053937e-05
1.1976963e-05
1.1900384e-05
1.1824177e-05
1.1748318e-05
1.1672781e-05
1.1597543e-05
1.1522579e-05
1.1447867e-05
1.1373385e-05
1.1299112e-05
1.1225029e-05
1.1151117e-05
1.107736e-05
1.1003742e-05
1.0930248e-05
1.0856866e-05
1.0783584e-05
1.071039e-05
1.0637276e-05
1.056423e-05
1.0491247e-05
1.0418318e-05
1.0345437e-05
1.0272597e-05
1.0199795e-05
1.0127025e-05
1.0054282e-05
9.9815641e-06
9.908867e-06
9.836188e-06
9.7635247e-06
9.6908748e-06
9.6182363e-06
9.5456075e-06
9.472987e-06
9.4003735e-06
9.3277657e-06
9.2551628e-06
9.1825639e-06
9.1099684e-06
9.0373754e-06
8.9647847e-06
8.8921957e-06
8.8196079e-06
8.7470212e-06
8.6744353e-06
8.6018498e-06
8.5292648e-06
8.4566799e-06
8.3840951e-06
8.3115102e-06
8.2389253e-06
8.1663402e-06
8.0937549e-06
8.0211694e-06
7.9485837e-06
7.8759977e-06
7.8034114e-06
7.7308248e-06
7.658238e-06
7.5856509e-06
7.5130636e-06
7.440476e-06
7.3678882e-06
7.2953001e-06
7.2227119e-06
7.1501235e-06
7.0775349e-06
7.0049461e-06
6.9323572e-06
6.8597681e-06
6.787179e-06
6.7145897e-06
6.6420002e-06
6.5694107e-06
6.4968212e-06
6.4242315e-06
6.3516417e-06
6.2790519e-06
6.2064621e-06
6.1338722e-06
6.0612822e-06
5.9886922e-06
5.9161021e-06
5.8435121e-06
5.770922e-06
5.6983318e-06
5.6257417e-06
5.5531515e-06
5.4805613e-06
5.4079711e-06
5.3353809e-06
5.2627906e-06
5.1902004e-06
5.1176101e-06
5.0450198e-06
4.9724296e-06
4.8998393e-06
4.827249e-06
4.7546587e-06
4.6820683e-06
4.609478e-06
4.5368877e-06
4.4642974e-06
4.391707e-06
4.3191167e-06
4.2465264e-06
4.173936e-06
4.1013457e-06
4.0287553e-06
3.956165e-06
3.8835746e-06
3.8109843e-06
3.7383939e-06
3.6658036e-06
3.5932132e-06
3.5206229e-06
3.4480325e-06
3.3754422e-06
3.3028518e-06
3.2302615e-06
3.1576711e-06
3.0850808e-06
3.0124904e-06
2.9399001e-06
2.8673098e-06
2.7947194e-06
2.7221291e-06
2.6495388e-06
2.5769485e-06
2.5043582e-06
2.4317679e-06
2.3591776e-06
2.2865873e-06
2.2139971e-06
2.1414068e-06
2.0688165e-06
1.9962263e-06
1.9236361e-06
1.8510459e-06
1.7784557e-06
1.7058655e-06
1.6332753e-06
1.5606852e-06
1.488095e-06
1.4155049e-06
1.3429148e-06
1.2703247e-06
1.1977346e-06
1.1251446e-06
1.0525545e-06
9.799645e-07
9.0737447e-07
8.3478446e-07
7.6219447e-07
6.8960448e-07
6.170145e-07
5.4442453e-07
4.7183457e-07
3.9924462e-07
3.2665468e-07
2.5406476e-07
1.8147478e-07
1.0888471e-07
3.6297771e-08
1.3706528e-05
1.3794555e-05
1.3870242e-05
1.392476e-05
1.3963098e-05
1.398562e-05
1.3992921e-05
1.3986065e-05
1.3966304e-05
1.3935001e-05
1.389356e-05
1.3843373e-05
1.378577e-05
1.3721993e-05
1.3653168e-05
1.3580299e-05
1.3504265e-05
1.3425822e-05
1.3345611e-05
1.3264166e-05
1.3181926e-05
1.3099245e-05
1.3016407e-05
1.2933632e-05
1.2851088e-05
1.2768898e-05
1.2687153e-05
1.260591e-05
1.2525207e-05
1.2445061e-05
1.2365474e-05
1.228644e-05
1.2207943e-05
1.212996e-05
1.2052465e-05
1.1975431e-05
1.1898827e-05
1.1822623e-05
1.1746789e-05
1.1671295e-05
1.1596112e-05
1.1521212e-05
1.1446571e-05
1.1372164e-05
1.1297968e-05
1.1223962e-05
1.1150126e-05
1.1076444e-05
1.1002898e-05
1.0929474e-05
1.0856158e-05
1.0782938e-05
1.0709803e-05
1.0636743e-05
1.0563748e-05
1.0490812e-05
1.0417927e-05
1.0345085e-05
1.0272283e-05
1.0199514e-05
1.0126774e-05
1.0054059e-05
9.9813664e-06
9.908692e-06
9.8360335e-06
9.7633885e-06
9.6907551e-06
9.6181313e-06
9.5455157e-06
9.472907e-06
9.4003038e-06
9.3277053e-06
9.2551106e-06
9.1825189e-06
9.1099297e-06
9.0373423e-06
8.9647564e-06
8.8921717e-06
8.8195877e-06
8.7470042e-06
8.674421e-06
8.601838e-06
8.529255e-06
8.4566719e-06
8.3840886e-06
8.3115051e-06
8.2389212e-06
8.1663371e-06
8.0937526e-06
8.0211677e-06
7.9485825e-06
7.8759969e-06
7.803411e-06
7.7308247e-06
7.6582381e-06
7.5856512e-06
7.513064e-06
7.4404765e-06
7.3678888e-06
7.2953008e-06
7.2227126e-06
7.1501242e-06
7.0775356e-06
7.0049468e-06
6.9323579e-06
6.8597688e-06
6.7871796e-06
6.7145902e-06
6.6420008e-06
6.5694113e-06
6.4968216e-06
6.4242319e-06
6.3516421e-06
6.2790523e-06
6.2064624e-06
6.1338725e-06
6.0612825e-06
5.9886924e-06
5.9161024e-06
5.8435123e-06
5.7709221e-06
5.698332e-06
5.6257418e-06
5.5531516e-06
5.4805614e-06
5.4079712e-06
5.335381e-06
5.2627907e-06
5.1902004e-06
5.1176102e-06
5.0450199e-06
4.9724296e-06
4.8998393e-06
4.827249e-06
4.7546587e-06
4.6820684e-06
4.609478e-06
4.5368877e-06
4.4642974e-06
4.3917071e-06
4.3191167e-06
4.2465264e-06
4.173936e-06
4.1013457e-06
4.0287553e-06
3.956165e-06
3.8835746e-06
3.8109843e-06
3.7383939e-06
3.6658036e-06
3.5932132e-06
3.5206229e-06
3.4480325e-06
3.3754422e-06
3.3028518e-06
3.2302615e-06
3.1576711e-06
3.0850808e-06
3.0124904e-06
2.9399001e-06
2.8673097e-06
2.7947194e-06
2.7221291e-06
2.6495388e-06
2.5769485e-06
2.5043582e-06
2.4317679e-06
2.3591776e-06
2.2865873e-06
2.213997e-06
2.1414067e-06
2.0688165e-06
1.9962263e-06
1.923636e-06
1.8510458e-06
1.7784556e-06
1.7058654e-06
1.6332753e-06
1.5606851e-06
1.488095e-06
1.4155048e-06
1.3429147e-06
1.2703246e-06
1.1977346e-06
1.1251445e-06
1.0525545e-06
9.7996443e-07
9.0737441e-07
8.3478441e-07
7.6219442e-07
6.8960444e-07
6.1701448e-07
5.4442453e-07
4.7183459e-07
3.9924466e-07
3.2665475e-07
2.5406485e-07
1.8147492e-07
1.0888497e-07
3.6297209e-08
1.3788031e-05
1.3879806e-05
1.395778e-05
1.4012577e-05
1.4049572e-05
1.4069313e-05
1.4072626e-05
1.4060845e-05
1.4035496e-05
1.3998198e-05
1.3950585e-05
1.3894242e-05
1.3830655e-05
1.3761181e-05
1.3687029e-05
1.3609255e-05
1.3528766e-05
1.3446325e-05
1.3362564e-05
1.3277999e-05
1.3193041e-05
1.3108016e-05
1.3023173e-05
1.2938697e-05
1.2854724e-05
1.2771345e-05
1.2688619e-05
1.2606578e-05
1.2525233e-05
1.2444579e-05
1.2364599e-05
1.2285266e-05
1.2206551e-05
1.2128416e-05
1.2050825e-05
1.1973739e-05
1.1897119e-05
1.1820928e-05
1.1745128e-05
1.1669686e-05
1.1594567e-05
1.1519741e-05
1.144518e-05
1.1370855e-05
1.1296744e-05
1.1222822e-05
1.114907e-05
1.1075469e-05
1.1002001e-05
1.0928652e-05
1.0855406e-05
1.0782253e-05
1.0709181e-05
1.0636179e-05
1.0563239e-05
1.0490353e-05
1.0417514e-05
1.0344715e-05
1.0271952e-05
1.0199218e-05
1.0126511e-05
1.0053825e-05
9.9811588e-06
9.9085084e-06
9.8358714e-06
9.7632459e-06
9.6906298e-06
9.6180216e-06
9.5454198e-06
9.4728234e-06
9.4002311e-06
9.3276423e-06
9.2550562e-06
9.182472e-06
9.1098895e-06
9.0373079e-06
8.9647272e-06
8.8921468e-06
8.8195667e-06
8.7469866e-06
8.6744063e-06
8.6018258e-06
8.529245e-06
8.4566637e-06
8.384082e-06
8.3114998e-06
8.2389171e-06
8.1663339e-06
8.0937502e-06
8.0211661e-06
7.9485814e-06
7.8759963e-06
7.8034107e-06
7.7308247e-06
7.6582384e-06
7.5856516e-06
7.5130645e-06
7.4404772e-06
7.3678895e-06
7.2953016e-06
7.2227134e-06
7.150125e-06
7.0775363e-06
7.0049476e-06
6.9323586e-06
6.8597695e-06
6.7871802e-06
6.7145909e-06
6.6420014e-06
6.5694118e-06
6.4968221e-06
6.4242324e-06
6.3516426e-06
6.2790527e-06
6.2064628e-06
6.1338728e-06
6.0612828e-06
5.9886927e-06
5.9161026e-06
5.8435125e-06
5.7709223e-06
5.6983322e-06
5.625742e-06
5.5531518e-06
5.4805615e-06
5.4079713e-06
5.335381e-06
5.2627908e-06
5.1902005e-06
5.1176102e-06
5.0450199e-06
4.9724296e-06
4.8998393e-06
4.827249e-06
4.7546587e-06
4.6820684e-06
4.6094781e-06
4.5368877e-06
4.4642974e-06
4.3917071e-06
4.3191167e-06
4.2465264e-06
4.173936e-06
4.1013457e-06
4.0287553e-06
3.956165e-06
3.8835746e-06
3.8109843e-06
3.7383939e-06
3.6658036e-06
3.5932132e-06
3.5206229e-06
3.4480325e-06
3.3754422e-06
3.3028518e-06
3.2302614e-06
3.1576711e-06
3.0850807e-06
3.0124904e-06
2.9399001e-06
2.8673097e-06
2.7947194e-06
2.7221291e-06
2.6495387e-06
2.5769484e-06
2.5043581e-06
2.4317678e-06
2.3591775e-06
2.2865872e-06
2.213997e-06
2.1414067e-06
2.0688164e-06
1.9962262e-06
1.923636e-06
1.8510458e-06
1.7784555e-06
1.7058654e-06
1.6332752e-06
1.560685e-06
1.4880949e-06
1.4155048e-06
1.3429146e-06
1.2703246e-06
1.1977345e-06
1.1251444e-06
1.0525544e-06
9.7996435e-07
9.0737434e-07
8.3478434e-07
7.6219436e-07
6.896044e-07
6.1701444e-07
5.4442451e-07
4.7183459e-07
3.9924468e-07
3.266548e-07
2.5406493e-07
1.8147505e-07
1.0888522e-07
3.6296627e-08
1.3880093e-05
1.3976164e-05
1.4056662e-05
1.4111583e-05
1.4146775e-05
1.4163035e-05
1.4161487e-05
1.4143804e-05
1.4111849e-05
1.4067549e-05
1.4012805e-05
1.3949422e-05
1.3879056e-05
1.3803187e-05
1.3723106e-05
1.3639918e-05
1.3554549e-05
1.3467761e-05
1.3380167e-05
1.3292256e-05
1.3204404e-05
1.3116897e-05
1.3029943e-05
1.2943689e-05
1.285823e-05
1.2773623e-05
1.2689891e-05
1.2607036e-05
1.2525042e-05
1.2443879e-05
1.2363507e-05
1.2283883e-05
1.2204958e-05
1.2126683e-05
1.2049006e-05
1.197188e-05
1.1895256e-05
1.1819089e-05
1.1743336e-05
1.1667956e-05
1.1592912e-05
1.151817e-05
1.1443697e-05
1.1369464e-05
1.1295445e-05
1.1221616e-05
1.1147954e-05
1.1074439e-05
1.1001056e-05
1.0927786e-05
1.0854616e-05
1.0781534e-05
1.0708528e-05
1.0635589e-05
1.0562706e-05
1.0489873e-05
1.0417083e-05
1.0344329e-05
1.0271606e-05
1.019891e-05
1.0126236e-05
1.0053582e-05
9.9809432e-06
9.9083178e-06
9.8357035e-06
9.7630981e-06
9.6905002e-06
9.6179081e-06
9.5453208e-06
9.4727371e-06
9.4001563e-06
9.3275775e-06
9.2550002e-06
9.182424e-06
9.1098482e-06
9.0372727e-06
8.9646972e-06
8.8921215e-06
8.8195454e-06
8.7469687e-06
8.6743915e-06
8.6018135e-06
8.5292349e-06
8.4566556e-06
8.3840755e-06
8.3114946e-06
8.2389131e-06
8.1663309e-06
8.093748e-06
8.0211645e-06
7.9485804e-06
7.8759957e-06
7.8034105e-06
7.7308248e-06
7.6582387e-06
7.5856521e-06
7.5130652e-06
7.4404779e-06
7.3678903e-06
7.2953024e-06
7.2227142e-06
7.1501258e-06
7.0775372e-06
7.0049484e-06
6.9323594e-06
6.8597702e-06
6.7871809e-06
6.7145915e-06
6.642002e-06
6.5694124e-06
6.4968227e-06
6.4242329e-06
6.351643e-06
6.2790531e-06
6.2064631e-06
6.1338731e-06
6.0612831e-06
5.988693e-06
5.9161029e-06
5.8435127e-06
5.7709225e-06
5.6983323e-06
5.6257421e-06
5.5531519e-06
5.4805617e-06
5.4079714e-06
5.3353811e-06
5.2627909e-06
5.1902006e-06
5.1176103e-06
5.04502e-06
4.9724297e-06
4.8998394e-06
4.827249e-06
4.7546587e-06
4.6820684e-06
4.6094781e-06
4.5368877e-06
4.4642974e-06
4.3917071e-06
4.3191167e-06
4.2465264e-06
4.173936e-06
4.1013457e-06
4.0287553e-06
3.956165e-06
3.8835746e-06
3.8109843e-06
3.7383939e-06
3.6658036e-06
3.5932132e-06
3.5206229e-06
3.4480325e-06
3.3754421e-06
3.3028518e-06
3.2302614e-06
3.1576711e-06
3.0850807e-06
3.0124904e-06
2.9399e-06
2.8673097e-06
2.7947194e-06
2.722129e-06
2.6495387e-06
2.5769484e-06
2.5043581e-06
2.4317678e-06
2.3591775e-06
2.2865872e-06
2.2139969e-06
2.1414066e-06
2.0688164e-06
1.9962261e-06
1.9236359e-06
1.8510457e-06
1.7784555e-06
1.7058653e-06
1.6332751e-06
1.5606849e-06
1.4880948e-06
1.4155047e-06
1.3429145e-06
1.2703245e-06
1.1977344e-06
1.1251443e-06
1.0525543e-06
9.7996425e-07
9.0737425e-07
8.3478426e-07
7.6219429e-07
6.8960433e-07
6.1701439e-07
5.4442447e-07
4.7183457e-07
3.9924469e-07
3.2665484e-07
2.54065e-07
1.8147517e-07
1.0888545e-07
3.6296034e-08
1.3983935e-05
1.4084926e-05
1.4168187e-05
1.4222986e-05
1.4255768e-05
1.4267659e-05
1.4260174e-05
1.4235414e-05
1.4195654e-05
1.4143186e-05
1.4080224e-05
1.4008817e-05
1.3930805e-05
1.3847794e-05
1.3761155e-05
1.3672032e-05
1.3581358e-05
1.3489882e-05
1.3398188e-05
1.3306724e-05
1.321582e-05
1.3125715e-05
1.3036567e-05
1.2948476e-05
1.2861494e-05
1.2775635e-05
1.2690886e-05
1.2607216e-05
1.2524578e-05
1.2442914e-05
1.2362164e-05
1.2282263e-05
1.2203144e-05
1.2124743e-05
1.2046997e-05
1.1969846e-05
1.1893233e-05
1.1817105e-05
1.1741411e-05
1.1666107e-05
1.159115e-05
1.1516501e-05
1.1442127e-05
1.1367995e-05
1.1294077e-05
1.1220347e-05
1.1146782e-05
1.1073361e-05
1.1000067e-05
1.0926882e-05
1.0853793e-05
1.0780786e-05
1.070785e-05
1.0634976e-05
1.0562153e-05
1.0489376e-05
1.0416637e-05
1.034393e-05
1.027125e-05
1.0198592e-05
1.0125954e-05
1.0053331e-05
9.9807215e-06
9.9081221e-06
9.8355311e-06
9.7629467e-06
9.6903674e-06
9.6177921e-06
9.5452196e-06
9.4726492e-06
9.40008e-06
9.3275116e-06
9.2549434e-06
9.1823752e-06
9.1098065e-06
9.0372372e-06
8.9646671e-06
8.892096e-06
8.819524e-06
8.7469508e-06
8.6743766e-06
8.6018013e-06
8.5292249e-06
8.4566475e-06
8.384069e-06
8.3114896e-06
8.2389092e-06
8.166328e-06
8.0937459e-06
8.021163e-06
7.9485795e-06
7.8759953e-06
7.8034104e-06
7.730825e-06
7.6582391e-06
7.5856527e-06
7.5130659e-06
7.4404787e-06
7.3678911e-06
7.2953033e-06
7.2227151e-06
7.1501267e-06
7.0775381e-06
7.0049492e-06
6.9323602e-06
6.859771e-06
6.7871817e-06
6.7145922e-06
6.6420026e-06
6.569413e-06
6.4968232e-06
6.4242334e-06
6.3516435e-06
6.2790535e-06
6.2064635e-06
6.1338735e-06
6.0612834e-06
5.9886933e-06
5.9161031e-06
5.8435129e-06
5.7709227e-06
5.6983325e-06
5.6257423e-06
5.553152e-06
5.4805618e-06
5.4079715e-06
5.3353812e-06
5.2627909e-06
5.1902006e-06
5.1176103e-06
5.04502e-06
4.9724297e-06
4.8998394e-06
4.8272491e-06
4.7546588e-06
4.6820684e-06
4.6094781e-06
4.5368878e-06
4.4642974e-06
4.3917071e-06
4.3191167e-06
4.2465264e-06
4.173936e-06
4.1013457e-06
4.0287553e-06
3.956165e-06
3.8835746e-06
3.8109843e-06
3.7383939e-06
3.6658036e-06
3.5932132e-06
3.5206228e-06
3.4480325e-06
3.3754421e-06
3.3028518e-06
3.2302614e-06
3.1576711e-06
3.0850807e-06
3.0124904e-06
2.9399e-06
2.8673097e-06
2.7947193e-06
2.722129e-06
2.6495387e-06
2.5769483e-06
2.504358e-06
2.4317677e-06
2.3591774e-06
2.2865871e-06
2.2139968e-06
2.1414066e-06
2.0688163e-06
1.9962261e-06
1.9236358e-06
1.8510456e-06
1.7784554e-06
1.7058652e-06
1.633275e-06
1.5606848e-06
1.4880947e-06
1.4155045e-06
1.3429144e-06
1.2703243e-06
1.1977343e-06
1.1251442e-06
1.0525542e-06
9.7996414e-07
9.0737414e-07
8.3478416e-07
7.6219419e-07
6.8960425e-07
6.1701432e-07
5.4442442e-07
4.7183454e-07
3.9924468e-07
3.2665486e-07
2.5406505e-07
1.8147527e-07
1.0888567e-07
3.6295436e-08
1.4101038e-05
1.420766e-05
1.4293913e-05
1.4348223e-05
1.4377787e-05
1.4384181e-05
1.4369429e-05
1.4336172e-05
1.4287186e-05
1.4225203e-05
1.4152789e-05
1.4072266e-05
1.3985665e-05
1.389472e-05
1.380087e-05
1.3705283e-05
1.3608887e-05
1.3512398e-05
1.3416357e-05
1.3321157e-05
1.322707e-05
1.3134275e-05
1.3042874e-05
1.2952912e-05
1.2864389e-05
1.2777276e-05
1.2691517e-05
1.2607045e-05
1.252378e-05
1.2441637e-05
1.236053e-05
1.2280374e-05
1.2201083e-05
1.2122579e-05
1.2044785e-05
1.1967629e-05
1.1891045e-05
1.1814972e-05
1.1739353e-05
1.1664139e-05
1.1589282e-05
1.1514739e-05
1.1440475e-05
1.1366453e-05
1.1292644e-05
1.1219022e-05
1.114556e-05
1.107224e-05
1.099904e-05
1.0925945e-05
1.085294e-05
1.0780012e-05
1.070715e-05
1.0634344e-05
1.0561585e-05
1.0488865e-05
1.0416179e-05
1.034352e-05
1.0270885e-05
1.0198267e-05
1.0125666e-05
1.0053076e-05
9.9804957e-06
9.9079231e-06
9.835356e-06
9.762793e-06
9.6902329e-06
9.6176747e-06
9.5451174e-06
9.4725604e-06
9.4000032e-06
9.3274453e-06
9.2548864e-06
9.1823263e-06
9.1097647e-06
9.0372017e-06
8.964637e-06
8.8920707e-06
8.8195027e-06
8.7469332e-06
8.674362e-06
8.6017893e-06
8.5292152e-06
8.4566397e-06
8.3840628e-06
8.3114848e-06
8.2389056e-06
8.1663253e-06
8.093744e-06
8.0211618e-06
7.9485788e-06
7.875995e-06
7.8034105e-06
7.7308254e-06
7.6582397e-06
7.5856534e-06
7.5130667e-06
7.4404796e-06
7.3678921e-06
7.2953043e-06
7.2227161e-06
7.1501277e-06
7.077539e-06
7.0049501e-06
6.9323611e-06
6.8597718e-06
6.7871825e-06
6.714593e-06
6.6420033e-06
6.5694136e-06
6.4968238e-06
6.4242339e-06
6.351644e-06
6.279054e-06
6.2064639e-06
6.1338739e-06
6.0612837e-06
5.9886936e-06
5.9161034e-06
5.8435132e-06
5.770923e-06
5.6983327e-06
5.6257425e-06
5.5531522e-06
5.4805619e-06
5.4079716e-06
5.3353813e-06
5.262791e-06
5.1902007e-06
5.1176104e-06
5.0450201e-06
4.9724298e-06
4.8998394e-06
4.8272491e-06
4.7546588e-06
4.6820684e-06
4.6094781e-06
4.5368878e-06
4.4642974e-06
4.3917071e-06
4.3191167e-06
4.2465264e-06
4.173936e-06
4.1013457e-06
4.0287553e-06
3.956165e-06
3.8835746e-06
3.8109843e-06
3.7383939e-06
3.6658035e-06
3.5932132e-06
3.5206228e-06
3.4480325e-06
3.3754421e-06
3.3028518e-06
3.2302614e-06
3.157671e-06
3.0850807e-06
3.0124903e-06
2.9399e-06
2.8673096e-06
2.7947193e-06
2.722129e-06
2.6495386e-06
2.5769483e-06
2.504358e-06
2.4317677e-06
2.3591774e-06
2.2865871e-06
2.2139968e-06
2.1414065e-06
2.0688162e-06
1.996226e-06
1.9236357e-06
1.8510455e-06
1.7784553e-06
1.7058651e-06
1.6332749e-06
1.5606847e-06
1.4880946e-06
1.4155044e-06
1.3429143e-06
1.2703242e-06
1.1977341e-06
1.1251441e-06
1.052554e-06
9.7996401e-07
9.0737401e-07
8.3478403e-07
7.6219408e-07
6.8960414e-07
6.1701423e-07
5.4442435e-07
4.7183449e-07
3.9924465e-07
3.2665485e-07
2.5406508e-07
1.8147535e-07
1.0888585e-07
3.629484e-08
1.4233209e-05
1.4346281e-05
1.4435728e-05
1.4489002e-05
1.4514275e-05
1.4513729e-05
1.4490057e-05
1.4446582e-05
1.4386692e-05
1.4313632e-05
1.423037e-05
1.4139522e-05
1.4043316e-05
1.3943601e-05
1.384187e-05
1.3739294e-05
1.3636772e-05
1.3534971e-05
1.3434366e-05
1.3335278e-05
1.3237908e-05
1.3142363e-05
1.3048679e-05
1.2956836e-05
1.2866781e-05
1.2778431e-05
1.2691688e-05
1.2606443e-05
1.2522583e-05
1.2439994e-05
1.2358563e-05
1.2278183e-05
1.2198752e-05
1.2120172e-05
1.2042355e-05
1.1965217e-05
1.1888684e-05
1.1812687e-05
1.1737162e-05
1.1662053e-05
1.158731e-05
1.1512887e-05
1.1438743e-05
1.1364842e-05
1.1291152e-05
1.1217644e-05
1.1144294e-05
1.1071079e-05
1.099798e-05
1.092498e-05
1.0852064e-05
1.0779218e-05
1.0706433e-05
1.0633697e-05
1.0561003e-05
1.0488344e-05
1.0415713e-05
1.0343104e-05
1.0270514e-05
1.0197938e-05
1.0125374e-05
1.0052818e-05
9.9802678e-06
9.9077224e-06
9.8351798e-06
9.7626386e-06
9.690098e-06
9.6175571e-06
9.5450152e-06
9.4724718e-06
9.3999266e-06
9.3273794e-06
9.2548298e-06
9.1822779e-06
9.1097235e-06
9.0371667e-06
8.9646075e-06
8.8920459e-06
8.8194821e-06
8.746916e-06
8.6743479e-06
8.6017779e-06
8.5292059e-06
8.4566323e-06
8.3840571e-06
8.3114803e-06
8.2389023e-06
8.1663229e-06
8.0937424e-06
8.0211609e-06
7.9485784e-06
7.875995e-06
7.8034108e-06
7.7308259e-06
7.6582404e-06
7.5856543e-06
7.5130677e-06
7.4404807e-06
7.3678932e-06
7.2953053e-06
7.2227172e-06
7.1501287e-06
7.07754e-06
7.0049511e-06
6.932362e-06
6.8597727e-06
6.7871833e-06
6.7145937e-06
6.6420041e-06
6.5694143e-06
6.4968244e-06
6.4242345e-06
6.3516445e-06
6.2790545e-06
6.2064644e-06
6.1338742e-06
6.0612841e-06
5.9886939e-06
5.9161037e-06
5.8435134e-06
5.7709232e-06
5.6983329e-06
5.6257426e-06
5.5531523e-06
5.4805621e-06
5.4079717e-06
5.3353814e-06
5.2627911e-06
5.1902008e-06
5.1176105e-06
5.0450201e-06
4.9724298e-06
4.8998395e-06
4.8272491e-06
4.7546588e-06
4.6820685e-06
4.6094781e-06
4.5368878e-06
4.4642974e-06
4.3917071e-06
4.3191167e-06
4.2465264e-06
4.173936e-06
4.1013457e-06
4.0287553e-06
3.956165e-06
3.8835746e-06
3.8109843e-06
3.7383939e-06
3.6658035e-06
3.5932132e-06
3.5206228e-06
3.4480325e-06
3.3754421e-06
3.3028517e-06
3.2302614e-06
3.157671e-06
3.0850807e-06
3.0124903e-06
2.9399e-06
2.8673096e-06
2.7947193e-06
2.7221289e-06
2.6495386e-06
2.5769482e-06
2.5043579e-06
2.4317676e-06
2.3591773e-06
2.286587e-06
2.2139967e-06
2.1414064e-06
2.0688161e-06
1.9962259e-06
1.9236356e-06
1.8510454e-06
1.7784552e-06
1.705865e-06
1.6332748e-06
1.5606846e-06
1.4880944e-06
1.4155043e-06
1.3429142e-06
1.2703241e-06
1.197734e-06
1.1251439e-06
1.0525539e-06
9.7996386e-07
9.0737386e-07
8.3478389e-07
7.6219394e-07
6.8960402e-07
6.1701412e-07
5.4442425e-07
4.7183441e-07
3.992446e-07
3.2665483e-07
2.5406508e-07
1.814754e-07
1.0888601e-07
3.6294251e-08
1.4382675e-05
1.450314e-05
1.4595923e-05
1.4647365e-05
1.466691e-05
1.4657573e-05
1.4622922e-05
1.4567138e-05
1.4494353e-05
1.4408412e-05
1.4312729e-05
1.4210228e-05
1.4103328e-05
1.3993975e-05
1.3883686e-05
1.377361e-05
1.3664589e-05
1.355721e-05
1.3451861e-05
1.3348774e-05
1.324806e-05
1.3149742e-05
1.3053776e-05
1.2960076e-05
1.2868523e-05
1.2778979e-05
1.2691297e-05
1.2605328e-05
1.252092e-05
1.243793e-05
1.2356219e-05
1.2275657e-05
1.2196121e-05
1.21175e-05
1.2039692e-05
1.1962602e-05
1.1886146e-05
1.1810246e-05
1.1734835e-05
1.165985e-05
1.1585237e-05
1.1510947e-05
1.1436936e-05
1.1363167e-05
1.1289605e-05
1.1216221e-05
1.1142989e-05
1.1069886e-05
1.0996893e-05
1.0923992e-05
1.0851168e-05
1.0778409e-05
1.0705703e-05
1.0633041e-05
1.0560414e-05
1.0487816e-05
1.0415241e-05
1.0342684e-05
1.027014e-05
1.0197607e-05
1.012508e-05
1.0052559e-05
9.9800398e-06
9.907522e-06
9.8350041e-06
9.762485e-06
9.689964e-06
9.6174405e-06
9.5449141e-06
9.4723844e-06
9.3998513e-06
9.3273146e-06
9.2547744e-06
9.1822306e-06
9.1096834e-06
9.0371328e-06
8.964579e-06
8.8920221e-06
8.8194623e-06
8.7468997e-06
8.6743346e-06
8.601767e-06
8.5291973e-06
8.4566255e-06
8.3840518e-06
8.3114764e-06
8.2388994e-06
8.1663209e-06
8.0937412e-06
8.0211602e-06
7.9485782e-06
7.8759952e-06
7.8034113e-06
7.7308267e-06
7.6582413e-06
7.5856554e-06
7.5130688e-06
7.4404818e-06
7.3678944e-06
7.2953065e-06
7.2227183e-06
7.1501299e-06
7.0775411e-06
7.0049522e-06
6.932363e-06
6.8597736e-06
6.7871842e-06
6.7145945e-06
6.6420048e-06
6.569415e-06
6.4968251e-06
6.4242351e-06
6.351645e-06
6.2790549e-06
6.2064648e-06
6.1338746e-06
6.0612844e-06
5.9886942e-06
5.916104e-06
5.8435137e-06
5.7709234e-06
5.6983331e-06
5.6257428e-06
5.5531525e-06
5.4805622e-06
5.4079719e-06
5.3353815e-06
5.2627912e-06
5.1902009e-06
5.1176105e-06
5.0450202e-06
4.9724299e-06
4.8998395e-06
4.8272492e-06
4.7546588e-06
4.6820685e-06
4.6094781e-06
4.5368878e-06
4.4642974e-06
4.3917071e-06
4.3191167e-06
4.2465264e-06
4.173936e-06
4.1013457e-06
4.0287553e-06
3.956165e-06
3.8835746e-06
3.8109843e-06
3.7383939e-06
3.6658035e-06
3.5932132e-06
3.5206228e-06
3.4480324e-06
3.3754421e-06
3.3028517e-06
3.2302614e-06
3.157671e-06
3.0850806e-06
3.0124903e-06
2.9398999e-06
2.8673096e-06
2.7947192e-06
2.7221289e-06
2.6495385e-06
2.5769482e-06
2.5043579e-06
2.4317675e-06
2.3591772e-06
2.2865869e-06
2.2139966e-06
2.1414063e-06
2.0688161e-06
1.9962258e-06
1.9236355e-06
1.8510453e-06
1.778455e-06
1.7058648e-06
1.6332746e-06
1.5606844e-06
1.4880943e-06
1.4155041e-06
1.342914e-06
1.2703239e-06
1.1977338e-06
1.1251437e-06
1.0525537e-06
9.7996368e-07
9.0737369e-07
8.3478372e-07
7.6219378e-07
6.8960386e-07
6.1701398e-07
5.4442412e-07
4.718343e-07
3.9924452e-07
3.2665477e-07
2.5406505e-07
1.8147543e-07
1.0888613e-07
3.6293677e-08
1.455221e-05
1.4681148e-05
1.4777304e-05
1.4825757e-05
1.4837644e-05
1.4817126e-05
1.4768921e-05
1.4698287e-05
1.4610256e-05
1.4509355e-05
1.4399487e-05
1.4283885e-05
1.4165141e-05
1.4045261e-05
1.392575e-05
1.3807694e-05
1.3691839e-05
1.3578665e-05
1.3468445e-05
1.3361296e-05
1.3257223e-05
1.3156151e-05
1.3057947e-05
1.2962445e-05
1.2869457e-05
1.2778787e-05
1.2690236e-05
1.2603609e-05
1.2518718e-05
1.2435388e-05
1.2353451e-05
1.2272757e-05
1.2193164e-05
1.2114544e-05
1.2036781e-05
1.1959771e-05
1.1883421e-05
1.1807646e-05
1.1732371e-05
1.165753e-05
1.1583065e-05
1.1508922e-05
1.1435058e-05
1.1361432e-05
1.1288008e-05
1.1214756e-05
1.1141649e-05
1.1068665e-05
1.0995782e-05
1.0922985e-05
1.0850258e-05
1.0777588e-05
1.0704964e-05
1.0632378e-05
1.055982e-05
1.0487286e-05
1.0414768e-05
1.0342264e-05
1.0269767e-05
1.0197276e-05
1.0124789e-05
1.0052302e-05
9.9798137e-06
9.9073237e-06
9.8348306e-06
9.7623336e-06
9.6898323e-06
9.6173262e-06
9.5448152e-06
9.4722991e-06
9.399778e-06
9.3272518e-06
9.2547208e-06
9.1821851e-06
9.1096449e-06
9.0371004e-06
8.9645518e-06
8.8919995e-06
8.8194436e-06
8.7468844e-06
8.6743222e-06
8.6017571e-06
8.5291895e-06
8.4566194e-06
8.3840472e-06
8.3114731e-06
8.2388971e-06
8.1663195e-06
8.0937404e-06
8.02116e-06
7.9485784e-06
7.8759957e-06
7.8034121e-06
7.7308277e-06
7.6582425e-06
7.5856566e-06
7.5130701e-06
7.4404831e-06
7.3678957e-06
7.2953078e-06
7.2227196e-06
7.1501311e-06
7.0775423e-06
7.0049533e-06
6.932364e-06
6.8597746e-06
6.7871851e-06
6.7145954e-06
6.6420056e-06
6.5694157e-06
6.4968257e-06
6.4242357e-06
6.3516456e-06
6.2790554e-06
6.2064652e-06
6.133875e-06
6.0612848e-06
5.9886945e-06
5.9161042e-06
5.8435139e-06
5.7709236e-06
5.6983333e-06
5.625743e-06
5.5531527e-06
5.4805623e-06
5.407972e-06
5.3353816e-06
5.2627913e-06
5.190201e-06
5.1176106e-06
5.0450203e-06
4.9724299e-06
4.8998396e-06
4.8272492e-06
4.7546589e-06
4.6820685e-06
4.6094782e-06
4.5368878e-06
4.4642975e-06
4.3917071e-06
4.3191168e-06
4.2465264e-06
4.173936e-06
4.1013457e-06
4.0287553e-06
3.956165e-06
3.8835746e-06
3.8109842e-06
3.7383939e-06
3.6658035e-06
3.5932132e-06
3.5206228e-06
3.4480324e-06
3.3754421e-06
3.3028517e-06
3.2302613e-06
3.157671e-06
3.0850806e-06
3.0124902e-06
2.9398999e-06
2.8673095e-06
2.7947192e-06
2.7221288e-06
2.6495385e-06
2.5769481e-06
2.5043578e-06
2.4317675e-06
2.3591772e-06
2.2865868e-06
2.2139965e-06
2.1414062e-06
2.068816e-06
1.9962257e-06
1.9236354e-06
1.8510452e-06
1.7784549e-06
1.7058647e-06
1.6332745e-06
1.5606843e-06
1.4880941e-06
1.415504e-06
1.3429138e-06
1.2703237e-06
1.1977336e-06
1.1251435e-06
1.0525535e-06
9.7996348e-07
9.0737349e-07
8.3478352e-07
7.6219359e-07
6.8960368e-07
6.1701381e-07
5.4442397e-07
4.7183416e-07
3.992444e-07
3.2665468e-07
2.5406499e-07
1.8147541e-07
1.088862e-07
3.6293124e-08
1.4745314e-05
1.4883948e-05
1.4983325e-05
1.5027108e-05
1.5028733e-05
1.4993938e-05
1.4928952e-05
1.4840383e-05
1.4734328e-05
1.4616089e-05
1.4490077e-05
1.4359819e-05
1.4228035e-05
1.4096741e-05
1.3967376e-05
1.384091e-05
1.371795e-05
1.3598829e-05
1.3483672e-05
1.3372459e-05
1.3265068e-05
1.3161309e-05
1.3060952e-05
1.2963743e-05
1.2869419e-05
1.277772e-05
1.2688392e-05
1.2601195e-05
1.2515903e-05
1.2432306e-05
1.2350213e-05
1.2269447e-05
1.2189851e-05
1.211128e-05
1.2033606e-05
1.1956715e-05
1.1880503e-05
1.1804881e-05
1.1729768e-05
1.1655093e-05
1.1580794e-05
1.1506816e-05
1.1433112e-05
1.1359641e-05
1.1286365e-05
1.1213254e-05
1.114028e-05
1.106742e-05
1.0994654e-05
1.0921965e-05
1.0849338e-05
1.077676e-05
1.0704221e-05
1.0631712e-05
1.0559226e-05
1.0486756e-05
1.0414297e-05
1.0341846e-05
1.0269397e-05
1.019695e-05
1.0124501e-05
1.0052048e-05
9.9795915e-06
9.9071294e-06
9.834661e-06
9.7621861e-06
9.6897042e-06
9.6172154e-06
9.5447196e-06
9.4722169e-06
9.3997076e-06
9.3271918e-06
9.2546698e-06
9.1821419e-06
9.1096085e-06
9.03707e-06
8.9645265e-06
8.8919786e-06
8.8194265e-06
8.7468706e-06
8.6743111e-06
8.6017484e-06
8.5291827e-06
8.4566143e-06
8.3840435e-06
8.3114704e-06
8.2388954e-06
8.1663186e-06
8.0937401e-06
8.0211602e-06
7.948579e-06
7.8759966e-06
7.8034133e-06
7.730829e-06
7.6582439e-06
7.585658e-06
7.5130716e-06
7.4404846e-06
7.3678971e-06
7.2953092e-06
7.222721e-06
7.1501324e-06
7.0775435e-06
7.0049544e-06
6.9323651e-06
6.8597756e-06
6.787186e-06
6.7145962e-06
6.6420064e-06
6.5694164e-06
6.4968264e-06
6.4242363e-06
6.3516461e-06
6.2790559e-06
6.2064657e-06
6.1338754e-06
6.0612851e-06
5.9886948e-06
5.9161045e-06
5.8435142e-06
5.7709239e-06
5.6983335e-06
5.6257432e-06
5.5531528e-06
5.4805625e-06
5.4079721e-06
5.3353817e-06
5.2627914e-06
5.190201e-06
5.1176107e-06
5.0450203e-06
4.97243e-06
4.8998396e-06
4.8272492e-06
4.7546589e-06
4.6820685e-06
4.6094782e-06
4.5368878e-06
4.4642975e-06
4.3917071e-06
4.3191168e-06
4.2465264e-06
4.173936e-06
4.1013457e-06
4.0287553e-06
3.956165e-06
3.8835746e-06
3.8109842e-06
3.7383939e-06
3.6658035e-06
3.5932131e-06
3.5206228e-06
3.4480324e-06
3.375442e-06
3.3028517e-06
3.2302613e-06
3.1576709e-06
3.0850806e-06
3.0124902e-06
2.9398999e-06
2.8673095e-06
2.7947191e-06
2.7221288e-06
2.6495384e-06
2.5769481e-06
2.5043577e-06
2.4317674e-06
2.3591771e-06
2.2865868e-06
2.2139964e-06
2.1414061e-06
2.0688158e-06
1.9962256e-06
1.9236353e-06
1.851045e-06
1.7784548e-06
1.7058645e-06
1.6332743e-06
1.5606841e-06
1.4880939e-06
1.4155038e-06
1.3429136e-06
1.2703235e-06
1.1977334e-06
1.1251433e-06
1.0525533e-06
9.7996326e-07
9.0737326e-07
8.347833e-07
7.6219337e-07
6.8960347e-07
6.170136e-07
5.4442378e-07
4.7183399e-07
3.9924425e-07
3.2665456e-07
2.540649e-07
1.8147536e-07
1.0888623e-07
3.6292597e-08
1.4966466e-05
1.5116155e-05
1.5218271e-05
1.5254942e-05
1.5242767e-05
1.518967e-05
1.5103859e-05
1.4993612e-05
1.4866276e-05
1.4727996e-05
1.4583691e-05
1.4437132e-05
1.4291096e-05
1.4147536e-05
1.4007746e-05
1.3872519e-05
1.3742267e-05
1.3617129e-05
1.3497049e-05
1.3381841e-05
1.3271237e-05
1.3164918e-05
1.3062543e-05
1.2963764e-05
1.2868237e-05
1.2775636e-05
1.268565e-05
1.2597993e-05
1.2512398e-05
1.2428625e-05
1.2346455e-05
1.226569e-05
1.2186153e-05
1.2107687e-05
1.2030151e-05
1.195342e-05
1.1877384e-05
1.1801947e-05
1.1727023e-05
1.1652538e-05
1.1578426e-05
1.1504631e-05
1.1431102e-05
1.1357798e-05
1.1284681e-05
1.121172e-05
1.1138887e-05
1.1066158e-05
1.0993514e-05
1.0920937e-05
1.0848413e-05
1.077593e-05
1.0703479e-05
1.0631049e-05
1.0558635e-05
1.0486231e-05
1.0413831e-05
1.0341433e-05
1.0269033e-05
1.0196629e-05
1.0124219e-05
1.0051801e-05
9.9793754e-06
9.9069408e-06
9.834497e-06
9.7620438e-06
9.6895812e-06
9.6171094e-06
9.5446285e-06
9.4721389e-06
9.399641e-06
9.3271352e-06
9.254622e-06
9.1821017e-06
9.1095749e-06
9.037042e-06
8.9645035e-06
8.8919598e-06
8.8194113e-06
8.7468584e-06
8.6743015e-06
8.6017409e-06
8.5291771e-06
8.4566102e-06
8.3840407e-06
8.3114687e-06
8.2388945e-06
8.1663183e-06
8.0937404e-06
8.0211609e-06
7.9485801e-06
7.8759979e-06
7.8034147e-06
7.7308305e-06
7.6582455e-06
7.5856597e-06
7.5130733e-06
7.4404862e-06
7.3678987e-06
7.2953108e-06
7.2227224e-06
7.1501338e-06
7.0775448e-06
7.0049556e-06
6.9323662e-06
6.8597767e-06
6.787187e-06
6.7145971e-06
6.6420072e-06
6.5694172e-06
6.4968271e-06
6.4242369e-06
6.3516467e-06
6.2790564e-06
6.2064661e-06
6.1338758e-06
6.0612855e-06
5.9886952e-06
5.9161048e-06
5.8435145e-06
5.7709241e-06
5.6983337e-06
5.6257433e-06
5.553153e-06
5.4805626e-06
5.4079722e-06
5.3353818e-06
5.2627915e-06
5.1902011e-06
5.1176107e-06
5.0450204e-06
4.97243e-06
4.8998396e-06
4.8272493e-06
4.7546589e-06
4.6820686e-06
4.6094782e-06
4.5368878e-06
4.4642975e-06
4.3917071e-06
4.3191168e-06
4.2465264e-06
4.173936e-06
4.1013457e-06
4.0287553e-06
3.956165e-06
3.8835746e-06
3.8109842e-06
3.7383939e-06
3.6658035e-06
3.5932131e-06
3.5206228e-06
3.4480324e-06
3.375442e-06
3.3028517e-06
3.2302613e-06
3.1576709e-06
3.0850805e-06
3.0124902e-06
2.9398998e-06
2.8673095e-06
2.7947191e-06
2.7221287e-06
2.6495384e-06
2.576948e-06
2.5043577e-06
2.4317673e-06
2.359177e-06
2.2865867e-06
2.2139964e-06
2.141406e-06
2.0688157e-06
1.9962254e-06
1.9236352e-06
1.8510449e-06
1.7784546e-06
1.7058644e-06
1.6332741e-06
1.5606839e-06
1.4880937e-06
1.4155036e-06
1.3429134e-06
1.2703233e-06
1.1977332e-06
1.1251431e-06
1.052553e-06
9.7996301e-07
9.0737301e-07
8.3478305e-07
7.6219312e-07
6.8960322e-07
6.1701337e-07
5.4442356e-07
4.7183379e-07
3.9924407e-07
3.266544e-07
2.5406477e-07
1.8147527e-07
1.088862e-07
3.6292102e-08
1.5221497e-05
1.5383676e-05
1.5487495e-05
1.5513487e-05
1.5482687e-05
1.5406041e-05
1.5294334e-05
1.5157889e-05
1.5005477e-05
1.4844127e-05
1.4679212e-05
1.4514658e-05
1.4353188e-05
1.4196582e-05
1.40459e-05
1.3901672e-05
1.3764051e-05
1.3632931e-05
1.3508037e-05
1.3388989e-05
1.3275351e-05
1.3166661e-05
1.3062457e-05
1.296229e-05
1.2865734e-05
1.277239e-05
1.2681893e-05
1.2593907e-05
1.2508128e-05
1.2424284e-05
1.234213e-05
1.2261448e-05
1.2182043e-05
1.2103744e-05
1.20264e-05
1.1949877e-05
1.1874058e-05
1.1798841e-05
1.1724137e-05
1.1649867e-05
1.1575964e-05
1.1502369e-05
1.1429032e-05
1.1355909e-05
1.1282962e-05
1.121016e-05
1.1137475e-05
1.1064883e-05
1.0992365e-05
1.0919905e-05
1.0847488e-05
1.0775103e-05
1.0702741e-05
1.0630392e-05
1.0558052e-05
1.0485714e-05
1.0413374e-05
1.034103e-05
1.0268678e-05
1.0196317e-05
1.0123945e-05
1.0051562e-05
9.9791673e-06
9.90676e-06
9.8343403e-06
9.7619084e-06
9.6894646e-06
9.6170093e-06
9.5445429e-06
9.472066e-06
9.3995792e-06
9.327083e-06
9.2545782e-06
9.1820651e-06
9.1095446e-06
9.0370171e-06
8.9644832e-06
8.8919434e-06
8.8193982e-06
8.7468481e-06
8.6742936e-06
8.6017351e-06
8.5291729e-06
8.4566074e-06
8.384039e-06
8.3114679e-06
8.2388944e-06
8.1663189e-06
8.0937414e-06
8.0211623e-06
7.9485816e-06
7.8759997e-06
7.8034166e-06
7.7308324e-06
7.6582474e-06
7.5856616e-06
7.5130751e-06
7.4404881e-06
7.3679005e-06
7.2953124e-06
7.222724e-06
7.1501352e-06
7.0775462e-06
7.0049569e-06
6.9323674e-06
6.8597778e-06
6.787188e-06
6.7145981e-06
6.642008e-06
6.5694179e-06
6.4968277e-06
6.4242375e-06
6.3516472e-06
6.2790569e-06
6.2064666e-06
6.1338762e-06
6.0612859e-06
5.9886955e-06
5.9161051e-06
5.8435147e-06
5.7709243e-06
5.6983339e-06
5.6257435e-06
5.5531531e-06
5.4805627e-06
5.4079723e-06
5.3353819e-06
5.2627916e-06
5.1902012e-06
5.1176108e-06
5.0450204e-06
4.97243e-06
4.8998397e-06
4.8272493e-06
4.7546589e-06
4.6820686e-06
4.6094782e-06
4.5368879e-06
4.4642975e-06
4.3917071e-06
4.3191168e-06
4.2465264e-06
4.173936e-06
4.1013457e-06
4.0287553e-06
3.956165e-06
3.8835746e-06
3.8109842e-06
3.7383939e-06
3.6658035e-06
3.5932131e-06
3.5206228e-06
3.4480324e-06
3.375442e-06
3.3028516e-06
3.2302613e-06
3.1576709e-06
3.0850805e-06
3.0124901e-06
2.9398998e-06
2.8673094e-06
2.794719e-06
2.7221287e-06
2.6495383e-06
2.576948e-06
2.5043576e-06
2.4317673e-06
2.3591769e-06
2.2865866e-06
2.2139962e-06
2.1414059e-06
2.0688156e-06
1.9962253e-06
1.923635e-06
1.8510447e-06
1.7784545e-06
1.7058642e-06
1.633274e-06
1.5606837e-06
1.4880935e-06
1.4155033e-06
1.3429132e-06
1.270323e-06
1.1977329e-06
1.1251428e-06
1.0525528e-06
9.7996273e-07
9.0737273e-07
8.3478276e-07
7.6219283e-07
6.8960294e-07
6.170131e-07
5.4442329e-07
4.7183354e-07
3.9924384e-07
3.266542e-07
2.5406459e-07
1.8147514e-07
1.0888612e-07
3.6291644e-08
1.5518153e-05
1.5694181e-05
1.5797721e-05
1.5807806e-05
1.5751765e-05
1.5644723e-05
1.5500782e-05
1.5332715e-05
1.515086e-05
1.4963098e-05
1.477514e-05
1.4590906e-05
1.4412909e-05
1.4242613e-05
1.408072e-05
1.3927401e-05
1.3782475e-05
1.3645539e-05
1.3516054e-05
1.339342e-05
1.3277011e-05
1.316621e-05
1.3060426e-05
1.2959104e-05
1.2861731e-05
1.2767839e-05
1.2677004e-05
1.2588844e-05
1.2503019e-05
1.2419225e-05
1.2337193e-05
1.2256685e-05
1.2177493e-05
1.2099431e-05
1.2022339e-05
1.1946076e-05
1.1870518e-05
1.179556e-05
1.1721107e-05
1.164708e-05
1.157341e-05
1.1500035e-05
1.1426906e-05
1.1353977e-05
1.1281212e-05
1.1208578e-05
1.1136049e-05
1.1063601e-05
1.0991215e-05
1.0918875e-05
1.0846569e-05
1.0774284e-05
1.0702012e-05
1.0629746e-05
1.0557479e-05
1.0485208e-05
1.0412928e-05
1.0340638e-05
1.0268334e-05
1.0196016e-05
1.0123683e-05
1.0051334e-05
9.9789693e-06
9.9065886e-06
9.8341925e-06
9.7617813e-06
9.6893557e-06
9.6169163e-06
9.5444639e-06
9.4719992e-06
9.3995229e-06
9.3270359e-06
9.254539e-06
9.1820328e-06
9.1095181e-06
9.0369956e-06
8.9644659e-06
8.8919298e-06
8.8193877e-06
8.7468402e-06
8.6742878e-06
8.601731e-06
8.5291703e-06
8.456606e-06
8.3840385e-06
8.3114682e-06
8.2388954e-06
8.1663202e-06
8.0937431e-06
8.0211642e-06
7.9485838e-06
7.8760019e-06
7.8034189e-06
7.7308347e-06
7.6582497e-06
7.5856638e-06
7.5130773e-06
7.4404901e-06
7.3679024e-06
7.2953142e-06
7.2227257e-06
7.1501368e-06
7.0775477e-06
7.0049583e-06
6.9323687e-06
6.8597789e-06
6.787189e-06
6.714599e-06
6.6420089e-06
6.5694187e-06
6.4968285e-06
6.4242382e-06
6.3516478e-06
6.2790574e-06
6.2064671e-06
6.1338766e-06
6.0612862e-06
5.9886958e-06
5.9161054e-06
5.8435149e-06
5.7709245e-06
5.6983341e-06
5.6257437e-06
5.5531533e-06
5.4805628e-06
5.4079724e-06
5.335382e-06
5.2627916e-06
5.1902012e-06
5.1176109e-06
5.0450205e-06
4.9724301e-06
4.8998397e-06
4.8272493e-06
4.754659e-06
4.6820686e-06
4.6094782e-06
4.5368879e-06
4.4642975e-06
4.3917071e-06
4.3191168e-06
4.2465264e-06
4.173936e-06
4.1013457e-06
4.0287553e-06
3.956165e-06
3.8835746e-06
3.8109842e-06
3.7383938e-06
3.6658035e-06
3.5932131e-06
3.5206227e-06
3.4480324e-06
3.375442e-06
3.3028516e-06
3.2302612e-06
3.1576709e-06
3.0850805e-06
3.0124901e-06
2.9398997e-06
2.8673094e-06
2.794719e-06
2.7221286e-06
2.6495383e-06
2.5769479e-06
2.5043575e-06
2.4317672e-06
2.3591768e-06
2.2865865e-06
2.2139961e-06
2.1414058e-06
2.0688155e-06
1.9962252e-06
1.9236349e-06
1.8510446e-06
1.7784543e-06
1.705864e-06
1.6332738e-06
1.5606835e-06
1.4880933e-06
1.4155031e-06
1.3429129e-06
1.2703228e-06
1.1977326e-06
1.1251425e-06
1.0525525e-06
9.7996242e-07
9.0737241e-07
8.3478244e-07
7.6219251e-07
6.8960263e-07
6.1701278e-07
5.4442299e-07
4.7183325e-07
3.9924358e-07
3.2665395e-07
2.5406438e-07
1.8147496e-07
1.0888599e-07
3.6291227e-08
1.5866939e-05
1.6057757e-05
1.6157437e-05
1.6143911e-05
1.6053529e-05
1.5907158e-05
1.5723101e-05
1.5516974e-05
1.5300732e-05
1.5082966e-05
1.4869499e-05
1.4664004e-05
1.4468564e-05
1.4284139e-05
1.4110924e-05
1.3948623e-05
1.3796637e-05
1.3654204e-05
1.3520485e-05
1.3394629e-05
1.3275805e-05
1.3163231e-05
1.3056179e-05
1.2953987e-05
1.2856054e-05
1.2761842e-05
1.2670871e-05
1.2582716e-05
1.2497001e-05
1.2413393e-05
1.2331601e-05
1.2251371e-05
1.2172479e-05
1.209473e-05
1.2017956e-05
1.1942009e-05
1.186676e-05
1.1792101e-05
1.1717935e-05
1.164418e-05
1.1570766e-05
1.1497633e-05
1.1424728e-05
1.1352008e-05
1.1279436e-05
1.1206981e-05
1.1134615e-05
1.1062317e-05
1.0990067e-05
1.0917852e-05
1.0845658e-05
1.0773476e-05
1.0701296e-05
1.0629113e-05
1.0556922e-05
1.0484718e-05
1.0412498e-05
1.0340261e-05
1.0268006e-05
1.019573e-05
1.0123434e-05
1.0051119e-05
9.9787834e-06
9.9064286e-06
9.8340553e-06
9.7616641e-06
9.689256e-06
9.6168318e-06
9.5443926e-06
9.4719394e-06
9.3994731e-06
9.3269947e-06
9.2545051e-06
9.1820053e-06
9.109496e-06
9.036978e-06
8.9644522e-06
8.8919193e-06
8.8193799e-06
8.7468347e-06
8.6742842e-06
8.601729e-06
8.5291695e-06
8.4566062e-06
8.3840395e-06
8.3114698e-06
8.2388974e-06
8.1663226e-06
8.0937457e-06
8.0211669e-06
7.9485865e-06
7.8760047e-06
7.8034216e-06
7.7308374e-06
7.6582523e-06
7.5856663e-06
7.5130796e-06
7.4404923e-06
7.3679045e-06
7.2953162e-06
7.2227275e-06
7.1501385e-06
7.0775492e-06
7.0049597e-06
6.93237e-06
6.8597801e-06
6.7871901e-06
6.7146e-06
6.6420098e-06
6.5694195e-06
6.4968292e-06
6.4242388e-06
6.3516484e-06
6.2790579e-06
6.2064675e-06
6.133877e-06
6.0612866e-06
5.9886961e-06
5.9161056e-06
5.8435152e-06
5.7709247e-06
5.6983343e-06
5.6257438e-06
5.5531534e-06
5.480563e-06
5.4079725e-06
5.3353821e-06
5.2627917e-06
5.1902013e-06
5.1176109e-06
5.0450205e-06
4.9724301e-06
4.8998397e-06
4.8272494e-06
4.754659e-06
4.6820686e-06
4.6094782e-06
4.5368879e-06
4.4642975e-06
4.3917071e-06
4.3191168e-06
4.2465264e-06
4.173936e-06
4.1013457e-06
4.0287553e-06
3.9561649e-06
3.8835746e-06
3.8109842e-06
3.7383938e-06
3.6658035e-06
3.5932131e-06
3.5206227e-06
3.4480323e-06
3.375442e-06
3.3028516e-06
3.2302612e-06
3.1576708e-06
3.0850805e-06
3.0124901e-06
2.9398997e-06
2.8673093e-06
2.7947189e-06
2.7221286e-06
2.6495382e-06
2.5769478e-06
2.5043575e-06
2.4317671e-06
2.3591767e-06
2.2865864e-06
2.213996e-06
2.1414057e-06
2.0688153e-06
1.996225e-06
1.9236347e-06
1.8510444e-06
1.7784541e-06
1.7058638e-06
1.6332735e-06
1.5606833e-06
1.4880931e-06
1.4155028e-06
1.3429126e-06
1.2703225e-06
1.1977323e-06
1.1251422e-06
1.0525521e-06
9.7996208e-07
9.0737207e-07
8.3478209e-07
7.6219216e-07
6.8960227e-07
6.1701243e-07
5.4442265e-07
4.7183292e-07
3.9924326e-07
3.2665366e-07
2.5406411e-07
1.8147474e-07
1.0888579e-07
3.6290854e-08
1.6282463e-05
1.6487854e-05
1.6577386e-05
1.6528838e-05
1.6391574e-05
1.6194263e-05
1.5960376e-05
1.5708664e-05
1.5452571e-05
1.5201078e-05
1.4959744e-05
1.4731643e-05
1.4518133e-05
1.4319437e-05
1.4135072e-05
1.3964147e-05
1.3805561e-05
1.3658134e-05
1.3520688e-05
1.3392099e-05
1.3271319e-05
1.3157391e-05
1.3049451e-05
1.2946726e-05
1.2848533e-05
1.2754264e-05
1.2663389e-05
1.257544e-05
1.2490008e-05
1.2406737e-05
1.2325316e-05
1.2245475e-05
1.216698e-05
1.2089628e-05
1.2013241e-05
1.193767e-05
1.1862781e-05
1.1788464e-05
1.1714621e-05
1.1641169e-05
1.1568037e-05
1.1495166e-05
1.1422504e-05
1.1350008e-05
1.1277641e-05
1.1205373e-05
1.1133179e-05
1.1061036e-05
1.0988929e-05
1.0916842e-05
1.0844763e-05
1.0772685e-05
1.0700599e-05
1.06285e-05
1.0556384e-05
1.0484247e-05
1.0412087e-05
1.0339903e-05
1.0267694e-05
1.019546e-05
1.0123202e-05
1.0050918e-05
9.9786115e-06
9.9062818e-06
9.8339303e-06
9.7615582e-06
9.6891666e-06
9.6167569e-06
9.5443302e-06
9.4718877e-06
9.3994306e-06
9.3269602e-06
9.2544773e-06
9.1819832e-06
9.1094787e-06
9.0369649e-06
8.9644425e-06
8.8919124e-06
8.8193754e-06
8.7468321e-06
8.6742831e-06
8.6017291e-06
8.5291706e-06
8.4566081e-06
8.3840419e-06
8.3114726e-06
8.2389005e-06
8.1663259e-06
8.0937491e-06
8.0211703e-06
7.9485899e-06
7.876008e-06
7.8034248e-06
7.7308405e-06
7.6582552e-06
7.5856691e-06
7.5130822e-06
7.4404947e-06
7.3679067e-06
7.2953183e-06
7.2227294e-06
7.1501403e-06
7.0775508e-06
7.0049612e-06
6.9323713e-06
6.8597813e-06
6.7871912e-06
6.714601e-06
6.6420107e-06
6.5694203e-06
6.4968299e-06
6.4242394e-06
6.3516489e-06
6.2790585e-06
6.2064679e-06
6.1338774e-06
6.0612869e-06
5.9886964e-06
5.9161059e-06
5.8435154e-06
5.7709249e-06
5.6983344e-06
5.625744e-06
5.5531535e-06
5.4805631e-06
5.4079726e-06
5.3353822e-06
5.2627918e-06
5.1902014e-06
5.117611e-06
5.0450206e-06
4.9724302e-06
4.8998398e-06
4.8272494e-06
4.754659e-06
4.6820686e-06
4.6094783e-06
4.5368879e-06
4.4642975e-06
4.3917071e-06
4.3191168e-06
4.2465264e-06
4.173936e-06
4.1013457e-06
4.0287553e-06
3.9561649e-06
3.8835746e-06
3.8109842e-06
3.7383938e-06
3.6658035e-06
3.5932131e-06
3.5206227e-06
3.4480323e-06
3.375442e-06
3.3028516e-06
3.2302612e-06
3.1576708e-06
3.0850804e-06
3.0124901e-06
2.9398997e-06
2.8673093e-06
2.7947189e-06
2.7221285e-06
2.6495381e-06
2.5769478e-06
2.5043574e-06
2.431767e-06
2.3591766e-06
2.2865863e-06
2.2139959e-06
2.1414056e-06
2.0688152e-06
1.9962249e-06
1.9236345e-06
1.8510442e-06
1.7784539e-06
1.7058636e-06
1.6332733e-06
1.560683e-06
1.4880928e-06
1.4155026e-06
1.3429124e-06
1.2703222e-06
1.197732e-06
1.1251419e-06
1.0525518e-06
9.7996171e-07
9.0737169e-07
8.347817e-07
7.6219176e-07
6.8960187e-07
6.1701204e-07
5.4442226e-07
4.7183254e-07
3.992429e-07
3.2665332e-07
2.540638e-07
1.8147446e-07
1.0888554e-07
3.6290529e-08
1.6785572e-05
1.7002632e-05
1.7071127e-05
1.6970601e-05
1.6769186e-05
1.6505938e-05
1.6210418e-05
1.5904531e-05
1.5602769e-05
1.5313907e-05
1.5042664e-05
1.479103e-05
1.4559257e-05
1.4346557e-05
1.4151574e-05
1.3972692e-05
1.380822e-05
1.365651e-05
1.3516014e-05
1.3385317e-05
1.3263146e-05
1.3148369e-05
1.3039987e-05
1.2937123e-05
1.2839011e-05
1.2744984e-05
1.2654462e-05
1.2566941e-05
1.2481985e-05
1.2399215e-05
1.2318307e-05
1.2238976e-05
1.2160982e-05
1.2084113e-05
1.2008189e-05
1.1933057e-05
1.1858582e-05
1.1784652e-05
1.1711169e-05
1.1638052e-05
1.1565229e-05
1.1492642e-05
1.1420241e-05
1.1347983e-05
1.1275833e-05
1.1203763e-05
1.1131747e-05
1.1059766e-05
1.0987804e-05
1.0915849e-05
1.0843888e-05
1.0771916e-05
1.0699924e-05
1.062791e-05
1.0555868e-05
1.0483798e-05
1.0411697e-05
1.0339566e-05
1.0267403e-05
1.019521e-05
1.0122987e-05
1.0050735e-05
9.9784557e-06
9.9061499e-06
9.8338191e-06
9.761465e-06
9.6890891e-06
9.6166927e-06
9.5442776e-06
9.4718449e-06
9.3993963e-06
9.326933e-06
9.2544561e-06
9.1819671e-06
9.1094669e-06
9.0369566e-06
8.9644371e-06
8.8919094e-06
8.8193743e-06
8.7468325e-06
8.6742847e-06
8.6017317e-06
8.5291738e-06
8.4566118e-06
8.384046e-06
8.3114769e-06
8.2389049e-06
8.1663303e-06
8.0937535e-06
8.0211746e-06
7.948594e-06
7.876012e-06
7.8034286e-06
7.730844e-06
7.6582585e-06
7.5856722e-06
7.5130851e-06
7.4404974e-06
7.3679092e-06
7.2953205e-06
7.2227315e-06
7.1501422e-06
7.0775526e-06
7.0049627e-06
6.9323727e-06
6.8597826e-06
6.7871923e-06
6.714602e-06
6.6420116e-06
6.5694211e-06
6.4968306e-06
6.4242401e-06
6.3516495e-06
6.2790589e-06
6.2064684e-06
6.1338778e-06
6.0612873e-06
5.9886967e-06
5.9161062e-06
5.8435156e-06
5.7709251e-06
5.6983346e-06
5.6257441e-06
5.5531536e-06
5.4805632e-06
5.4079727e-06
5.3353823e-06
5.2627918e-06
5.1902014e-06
5.117611e-06
5.0450206e-06
4.9724302e-06
4.8998398e-06
4.8272494e-06
4.754659e-06
4.6820686e-06
4.6094783e-06
4.5368879e-06
4.4642975e-06
4.3917071e-06
4.3191168e-06
4.2465264e-06
4.173936e-06
4.1013457e-06
4.0287553e-06
3.9561649e-06
3.8835746e-06
3.8109842e-06
3.7383938e-06
3.6658035e-06
3.5932131e-06
3.5206227e-06
3.4480323e-06
3.3754419e-06
3.3028516e-06
3.2302612e-06
3.1576708e-06
3.0850804e-06
3.01249e-06
2.9398996e-06
2.8673092e-06
2.7947189e-06
2.7221285e-06
2.6495381e-06
2.5769477e-06
2.5043573e-06
2.4317669e-06
2.3591765e-06
2.2865862e-06
2.2139958e-06
2.1414054e-06
2.0688151e-06
1.9962247e-06
1.9236344e-06
1.851044e-06
1.7784537e-06
1.7058634e-06
1.6332731e-06
1.5606828e-06
1.4880925e-06
1.4155023e-06
1.342912e-06
1.2703218e-06
1.1977317e-06
1.1251415e-06
1.0525514e-06
9.7996131e-07
9.0737127e-07
8.3478128e-07
7.6219133e-07
6.8960143e-07
6.1701159e-07
5.4442182e-07
4.7183211e-07
3.9924248e-07
3.2665293e-07
2.5406343e-07
1.8147413e-07
1.0888523e-07
3.6290255e-08
1.7406832e-05
1.7626887e-05
1.765562e-05
1.747788e-05
1.7188628e-05
1.6840313e-05
1.6469135e-05
1.6099613e-05
1.5746333e-05
1.541688e-05
1.5114299e-05
1.4838857e-05
1.4589241e-05
1.4363339e-05
1.4158719e-05
1.3972911e-05
1.3803561e-05
1.3648511e-05
1.3505822e-05
1.3373784e-05
1.32509e-05
1.3135866e-05
1.3027557e-05
1.2924998e-05
1.2827352e-05
1.2733896e-05
1.264401e-05
1.2557159e-05
1.2472886e-05
1.2390795e-05
1.231055e-05
1.2231858e-05
1.2154473e-05
1.207818e-05
1.2002798e-05
1.192817e-05
1.1854165e-05
1.1780669e-05
1.1707587e-05
1.1634836e-05
1.1562349e-05
1.1490069e-05
1.1417946e-05
1.1345941e-05
1.127402e-05
1.1202156e-05
1.1130326e-05
1.1058513e-05
1.0986701e-05
1.091488e-05
1.084304e-05
1.0771174e-05
1.0699278e-05
1.0627347e-05
1.0555381e-05
1.0483376e-05
1.0411334e-05
1.0339254e-05
1.0267136e-05
1.0194982e-05
1.0122794e-05
1.0050572e-05
9.978318e-06
9.9060347e-06
9.8337235e-06
9.7613861e-06
9.6890245e-06
9.6166405e-06
9.5442358e-06
9.4718121e-06
9.3993709e-06
9.3269138e-06
9.2544423e-06
9.1819576e-06
9.1094609e-06
9.0369535e-06
8.9644364e-06
8.8919106e-06
8.8193769e-06
8.7468362e-06
8.6742893e-06
8.6017368e-06
8.5291794e-06
8.4566176e-06
8.3840519e-06
8.3114828e-06
8.2389106e-06
8.1663359e-06
8.0937588e-06
8.0211797e-06
7.9485989e-06
7.8760166e-06
7.8034329e-06
7.7308481e-06
7.6582623e-06
7.5856756e-06
7.5130883e-06
7.4405003e-06
7.3679119e-06
7.295323e-06
7.2227337e-06
7.1501441e-06
7.0775543e-06
7.0049643e-06
6.9323742e-06
6.8597839e-06
6.7871935e-06
6.714603e-06
6.6420125e-06
6.5694219e-06
6.4968313e-06
6.4242407e-06
6.3516501e-06
6.2790594e-06
6.2064688e-06
6.1338782e-06
6.0612876e-06
5.988697e-06
5.9161064e-06
5.8435158e-06
5.7709253e-06
5.6983348e-06
5.6257442e-06
5.5531537e-06
5.4805633e-06
5.4079728e-06
5.3353823e-06
5.2627919e-06
5.1902015e-06
5.117611e-06
5.0450206e-06
4.9724302e-06
4.8998398e-06
4.8272494e-06
4.754659e-06
4.6820686e-06
4.6094783e-06
4.5368879e-06
4.4642975e-06
4.3917071e-06
4.3191168e-06
4.2465264e-06
4.173936e-06
4.1013457e-06
4.0287553e-06
3.9561649e-06
3.8835746e-06
3.8109842e-06
3.7383938e-06
3.6658034e-06
3.5932131e-06
3.5206227e-06
3.4480323e-06
3.3754419e-06
3.3028515e-06
3.2302612e-06
3.1576708e-06
3.0850804e-06
3.01249e-06
2.9398996e-06
2.8673092e-06
2.7947188e-06
2.7221284e-06
2.649538e-06
2.5769476e-06
2.5043572e-06
2.4317668e-06
2.3591764e-06
2.2865861e-06
2.2139957e-06
2.1414053e-06
2.0688149e-06
1.9962246e-06
1.9236342e-06
1.8510438e-06
1.7784535e-06
1.7058631e-06
1.6332728e-06
1.5606825e-06
1.4880922e-06
1.415502e-06
1.3429117e-06
1.2703215e-06
1.1977313e-06
1.1251411e-06
1.052551e-06
9.7996088e-07
9.0737082e-07
8.3478081e-07
7.6219085e-07
6.8960094e-07
6.170111e-07
5.4442133e-07
4.7183163e-07
3.9924201e-07
3.2665247e-07
2.5406301e-07
1.8147375e-07
1.0888485e-07
3.6290031e-08
1.8192251e-05
1.8394716e-05
1.8351635e-05
1.8059195e-05
1.7649915e-05
1.7192605e-05
1.6729665e-05
1.6286669e-05
1.5876555e-05
1.5504217e-05
1.5169886e-05
1.4871309e-05
1.4605089e-05
1.4367461e-05
1.4154721e-05
1.3963438e-05
1.3790543e-05
1.3633344e-05
1.3489511e-05
1.3357044e-05
1.3234232e-05
1.3119618e-05
1.301196e-05
1.2910201e-05
1.2813442e-05
1.2720916e-05
1.2631971e-05
1.2546051e-05
1.2462681e-05
1.2381456e-05
1.2302032e-05
1.2224114e-05
1.2147452e-05
1.2071832e-05
1.1997072e-05
1.1923018e-05
1.1849539e-05
1.1776524e-05
1.1703881e-05
1.163153e-05
1.1559406e-05
1.1487454e-05
1.1415628e-05
1.134389e-05
1.1272209e-05
1.1200561e-05
1.1128924e-05
1.1057284e-05
1.0985626e-05
1.0913941e-05
1.0842222e-05
1.0770464e-05
1.0698663e-05
1.0626817e-05
1.0554924e-05
1.0482985e-05
1.0411e-05
1.0338969e-05
1.0266895e-05
1.0194779e-05
1.0122623e-05
1.005043e-05
9.9782004e-06
9.9059381e-06
9.8336448e-06
9.7613228e-06
9.6889743e-06
9.6166013e-06
9.5442059e-06
9.47179e-06
9.3993553e-06
9.3269035e-06
9.2544363e-06
9.1819552e-06
9.1094613e-06
9.0369562e-06
8.9644408e-06
8.8919162e-06
8.8193835e-06
8.7468435e-06
8.674297e-06
8.6017447e-06
8.5291873e-06
8.4566254e-06
8.3840596e-06
8.3114902e-06
8.2389178e-06
8.1663427e-06
8.0937653e-06
8.0211858e-06
7.9486046e-06
7.8760218e-06
7.8034377e-06
7.7308525e-06
7.6582664e-06
7.5856794e-06
7.5130917e-06
7.4405035e-06
7.3679147e-06
7.2953255e-06
7.222736e-06
7.1501462e-06
7.0775562e-06
7.004966e-06
6.9323757e-06
6.8597852e-06
6.7871947e-06
6.7146041e-06
6.6420134e-06
6.5694227e-06
6.496832e-06
6.4242413e-06
6.3516506e-06
6.2790599e-06
6.2064692e-06
6.1338785e-06
6.0612879e-06
5.9886972e-06
5.9161066e-06
5.843516e-06
5.7709255e-06
5.6983349e-06
5.6257444e-06
5.5531538e-06
5.4805633e-06
5.4079729e-06
5.3353824e-06
5.2627919e-06
5.1902015e-06
5.1176111e-06
5.0450206e-06
4.9724302e-06
4.8998398e-06
4.8272494e-06
4.754659e-06
4.6820686e-06
4.6094783e-06
4.5368879e-06
4.4642975e-06
4.3917071e-06
4.3191168e-06
4.2465264e-06
4.173936e-06
4.1013457e-06
4.0287553e-06
3.9561649e-06
3.8835746e-06
3.8109842e-06
3.7383938e-06
3.6658034e-06
3.5932131e-06
3.5206227e-06
3.4480323e-06
3.3754419e-06
3.3028515e-06
3.2302611e-06
3.1576707e-06
3.0850804e-06
3.01249e-06
2.9398996e-06
2.8673092e-06
2.7947188e-06
2.7221284e-06
2.649538e-06
2.5769476e-06
2.5043572e-06
2.4317668e-06
2.3591764e-06
2.286586e-06
2.2139956e-06
2.1414052e-06
2.0688148e-06
1.9962244e-06
1.923634e-06
1.8510436e-06
1.7784533e-06
1.7058629e-06
1.6332726e-06
1.5606822e-06
1.4880919e-06
1.4155016e-06
1.3429114e-06
1.2703211e-06
1.1977309e-06
1.1251407e-06
1.0525505e-06
9.7996042e-07
9.0737034e-07
8.3478031e-07
7.6219033e-07
6.8960041e-07
6.1701056e-07
5.4442078e-07
4.7183108e-07
3.9924147e-07
3.2665196e-07
2.5406253e-07
1.814733e-07
1.0888441e-07
3.6289859e-08
1.9212831e-05
1.9353087e-05
1.9183461e-05
1.8721013e-05
1.8148705e-05
1.7553424e-05
1.6981242e-05
1.6455525e-05
1.59847e-05
1.5568824e-05
1.5203864e-05
1.4884129e-05
1.4603587e-05
1.4356517e-05
1.413779e-05
1.3942948e-05
1.3768185e-05
1.3610284e-05
1.3466544e-05
1.3334699e-05
1.3212852e-05
1.309941e-05
1.299304e-05
1.2892618e-05
1.2797199e-05
1.2705987e-05
1.2618307e-05
1.2533591e-05
1.2451355e-05
1.2371192e-05
1.2292754e-05
1.2215749e-05
1.2139927e-05
1.2065077e-05
1.1991021e-05
1.191761e-05
1.1844715e-05
1.177223e-05
1.1700066e-05
1.1628147e-05
1.1556413e-05
1.1484811e-05
1.1413298e-05
1.1341842e-05
1.1270412e-05
1.1198988e-05
1.112755e-05
1.1056087e-05
1.0984586e-05
1.091304e-05
1.0841444e-05
1.0769794e-05
1.0698087e-05
1.0626324e-05
1.0554504e-05
1.0482629e-05
1.0410698e-05
1.0338716e-05
1.0266683e-05
1.0194603e-05
1.0122478e-05
1.0050311e-05
9.9781048e-06
9.9058618e-06
9.8335848e-06
9.7612766e-06
9.6889396e-06
9.6165763e-06
9.5441889e-06
9.4717795e-06
9.3993501e-06
9.3269027e-06
9.2544389e-06
9.1819603e-06
9.1094686e-06
9.0369649e-06
8.9644505e-06
8.8919267e-06
8.8193944e-06
8.7468545e-06
8.674308e-06
8.6017555e-06
8.5291978e-06
8.4566355e-06
8.3840692e-06
8.3114994e-06
8.2389264e-06
8.1663508e-06
8.0937728e-06
8.0211928e-06
7.948611e-06
7.8760278e-06
7.8034432e-06
7.7308575e-06
7.6582709e-06
7.5856835e-06
7.5130955e-06
7.4405068e-06
7.3679177e-06
7.2953283e-06
7.2227385e-06
7.1501484e-06
7.0775582e-06
7.0049678e-06
6.9323772e-06
6.8597866e-06
6.7871959e-06
6.7146051e-06
6.6420143e-06
6.5694235e-06
6.4968327e-06
6.4242419e-06
6.3516511e-06
6.2790604e-06
6.2064696e-06
6.1338789e-06
6.0612882e-06
5.9886975e-06
5.9161068e-06
5.8435162e-06
5.7709256e-06
5.698335e-06
5.6257445e-06
5.5531539e-06
5.4805634e-06
5.4079729e-06
5.3353824e-06
5.262792e-06
5.1902015e-06
5.1176111e-06
5.0450206e-06
4.9724302e-06
4.8998398e-06
4.8272494e-06
4.754659e-06
4.6820686e-06
4.6094783e-06
4.5368879e-06
4.4642975e-06
4.3917071e-06
4.3191168e-06
4.2465264e-06
4.173936e-06
4.1013457e-06
4.0287553e-06
3.9561649e-06
3.8835746e-06
3.8109842e-06
3.7383938e-06
3.6658034e-06
3.5932131e-06
3.5206227e-06
3.4480323e-06
3.3754419e-06
3.3028515e-06
3.2302611e-06
3.1576707e-06
3.0850803e-06
3.0124899e-06
2.9398995e-06
2.8673091e-06
2.7947187e-06
2.7221283e-06
2.6495379e-06
2.5769475e-06
2.5043571e-06
2.4317667e-06
2.3591763e-06
2.2865858e-06
2.2139954e-06
2.141405e-06
2.0688146e-06
1.9962242e-06
1.9236338e-06
1.8510434e-06
1.778453e-06
1.7058627e-06
1.6332723e-06
1.5606819e-06
1.4880916e-06
1.4155013e-06
1.342911e-06
1.2703207e-06
1.1977305e-06
1.1251403e-06
1.0525501e-06
9.7995992e-07
9.0736982e-07
8.3477976e-07
7.6218977e-07
6.8959983e-07
6.1700996e-07
5.4442017e-07
4.7183047e-07
3.9924087e-07
3.2665137e-07
2.5406197e-07
1.8147279e-07
1.088839e-07
3.6289738e-08
2.0581904e-05
2.0566642e-05
2.0176896e-05
1.9463894e-05
1.8672796e-05
1.7906319e-05
1.7207756e-05
1.6592365e-05
1.6059744e-05
1.5602282e-05
1.5209975e-05
1.4872742e-05
1.4581428e-05
1.4328133e-05
1.4106228e-05
1.3910225e-05
1.3735618e-05
1.3578712e-05
1.3436481e-05
1.3306439e-05
1.3186538e-05
1.307509e-05
1.2970692e-05
1.287218e-05
1.2778581e-05
1.2689084e-05
1.2603007e-05
1.2519778e-05
1.2438914e-05
1.2360012e-05
1.2282729e-05
1.2206777e-05
1.2131913e-05
1.2057933e-05
1.1984665e-05
1.1911965e-05
1.1839711e-05
1.1767803e-05
1.1696157e-05
1.1624703e-05
1.1553384e-05
1.1482152e-05
1.1410971e-05
1.1339808e-05
1.126864e-05
1.1197447e-05
1.1126214e-05
1.1054931e-05
1.0983589e-05
1.0912183e-05
1.084071e-05
1.0769167e-05
1.0697555e-05
1.0625874e-05
1.0554125e-05
1.0482311e-05
1.0410434e-05
1.0338498e-05
1.0266504e-05
1.0194458e-05
1.0122362e-05
1.0050219e-05
9.9780332e-06
9.9058075e-06
9.833545e-06
9.7612488e-06
9.6889217e-06
9.6165665e-06
9.5441856e-06
9.4717814e-06
9.3993561e-06
9.3269119e-06
9.2544504e-06
9.1819736e-06
9.109483e-06
9.03698e-06
8.964466e-06
8.8919422e-06
8.8194097e-06
8.7468695e-06
8.6743224e-06
8.6017694e-06
8.529211e-06
8.456648e-06
8.3840809e-06
8.3115103e-06
8.2389366e-06
8.1663602e-06
8.0937815e-06
8.0212008e-06
7.9486183e-06
7.8760344e-06
7.8034493e-06
7.730863e-06
7.6582759e-06
7.585688e-06
7.5130995e-06
7.4405104e-06
7.367921e-06
7.2953311e-06
7.222741e-06
7.1501507e-06
7.0775602e-06
7.0049695e-06
6.9323788e-06
6.859788e-06
6.7871971e-06
6.7146062e-06
6.6420153e-06
6.5694243e-06
6.4968334e-06
6.4242425e-06
6.3516517e-06
6.2790608e-06
6.20647e-06
6.1338792e-06
6.0612884e-06
5.9886977e-06
5.916107e-06
5.8435164e-06
5.7709257e-06
5.6983351e-06
5.6257445e-06
5.553154e-06
5.4805635e-06
5.407973e-06
5.3353825e-06
5.262792e-06
5.1902015e-06
5.1176111e-06
5.0450207e-06
4.9724302e-06
4.8998398e-06
4.8272494e-06
4.754659e-06
4.6820686e-06
4.6094783e-06
4.5368879e-06
4.4642975e-06
4.3917071e-06
4.3191168e-06
4.2465264e-06
4.173936e-06
4.1013457e-06
4.0287553e-06
3.9561649e-06
3.8835746e-06
3.8109842e-06
3.7383938e-06
3.6658034e-06
3.593213e-06
3.5206227e-06
3.4480323e-06
3.3754419e-06
3.3028515e-06
3.2302611e-06
3.1576707e-06
3.0850803e-06
3.0124899e-06
2.9398995e-06
2.8673091e-06
2.7947187e-06
2.7221283e-06
2.6495378e-06
2.5769474e-06
2.504357e-06
2.4317666e-06
2.3591762e-06
2.2865857e-06
2.2139953e-06
2.1414049e-06
2.0688145e-06
1.996224e-06
1.9236336e-06
1.8510432e-06
1.7784528e-06
1.7058624e-06
1.633272e-06
1.5606817e-06
1.4880913e-06
1.4155009e-06
1.3429106e-06
1.2703203e-06
1.19773e-06
1.1251398e-06
1.0525496e-06
9.7995939e-07
9.0736926e-07
8.3477918e-07
7.6218916e-07
6.895992e-07
6.1700931e-07
5.4441951e-07
4.718298e-07
3.992402e-07
3.2665071e-07
2.5406134e-07
1.814722e-07
1.0888332e-07
3.6289665e-08
2.2486695e-05
2.2123531e-05
2.1354112e-05
2.0275748e-05
1.919691e-05
1.8224641e-05
1.7386234e-05
1.6679215e-05
1.6088377e-05
1.559506e-05
1.5181534e-05
1.4832519e-05
1.453543e-05
1.4280132e-05
1.4058549e-05
1.3864261e-05
1.369216e-05
1.3538169e-05
1.3399017e-05
1.3272063e-05
1.3155168e-05
1.3046583e-05
1.2944877e-05
1.2848871e-05
1.2757589e-05
1.267022e-05
1.258609e-05
1.2504636e-05
1.2425386e-05
1.2347946e-05
1.2271986e-05
1.2197228e-05
1.2123441e-05
1.2050428e-05
1.1978029e-05
1.1906108e-05
1.1834551e-05
1.1763266e-05
1.1692175e-05
1.1621216e-05
1.1550336e-05
1.1479495e-05
1.1408659e-05
1.1337803e-05
1.1266904e-05
1.1195949e-05
1.1124926e-05
1.1053826e-05
1.0982645e-05
1.091138e-05
1.0840029e-05
1.0768593e-05
1.0697073e-05
1.0625472e-05
1.0553792e-05
1.0482037e-05
1.0410211e-05
1.0338317e-05
1.0266361e-05
1.0194346e-05
1.0122276e-05
1.0050155e-05
9.9779875e-06
9.9057769e-06
9.8335268e-06
9.7612407e-06
9.6889217e-06
9.6165729e-06
9.5441969e-06
9.4717965e-06
9.399374e-06
9.3269317e-06
9.2544715e-06
9.1819954e-06
9.109505e-06
9.0370019e-06
8.9644874e-06
8.891963e-06
8.8194297e-06
8.7468885e-06
8.6743405e-06
8.6017863e-06
8.5292269e-06
8.4566628e-06
8.3840947e-06
8.311523e-06
8.2389483e-06
8.1663709e-06
8.0937913e-06
8.0212097e-06
7.9486264e-06
7.8760418e-06
7.8034559e-06
7.730869e-06
7.6582813e-06
7.5856928e-06
7.5131038e-06
7.4405143e-06
7.3679244e-06
7.2953342e-06
7.2227437e-06
7.1501531e-06
7.0775623e-06
7.0049714e-06
6.9323804e-06
6.8597893e-06
6.7871983e-06
6.7146072e-06
6.6420162e-06
6.5694251e-06
6.4968341e-06
6.4242431e-06
6.3516521e-06
6.2790612e-06
6.2064703e-06
6.1338795e-06
6.0612887e-06
5.9886979e-06
5.9161072e-06
5.8435165e-06
5.7709258e-06
5.6983352e-06
5.6257446e-06
5.553154e-06
5.4805635e-06
5.407973e-06
5.3353825e-06
5.262792e-06
5.1902015e-06
5.1176111e-06
5.0450207e-06
4.9724302e-06
4.8998398e-06
4.8272494e-06
4.754659e-06
4.6820686e-06
4.6094783e-06
4.5368879e-06
4.4642975e-06
4.3917071e-06
4.3191168e-06
4.2465264e-06
4.173936e-06
4.1013457e-06
4.0287553e-06
3.9561649e-06
3.8835745e-06
3.8109842e-06
3.7383938e-06
3.6658034e-06
3.593213e-06
3.5206227e-06
3.4480323e-06
3.3754419e-06
3.3028515e-06
3.2302611e-06
3.1576707e-06
3.0850803e-06
3.0124899e-06
2.9398995e-06
2.8673091e-06
2.7947186e-06
2.7221282e-06
2.6495378e-06
2.5769474e-06
2.5043569e-06
2.4317665e-06
2.3591761e-06
2.2865856e-06
2.2139952e-06
2.1414048e-06
2.0688143e-06
1.9962239e-06
1.9236334e-06
1.851043e-06
1.7784526e-06
1.7058622e-06
1.6332717e-06
1.5606813e-06
1.488091e-06
1.4155006e-06
1.3429102e-06
1.2703199e-06
1.1977296e-06
1.1251393e-06
1.052549e-06
9.7995884e-07
9.0736867e-07
8.3477856e-07
7.621885e-07
6.8959851e-07
6.170086e-07
5.4441877e-07
4.7182905e-07
3.9923944e-07
3.2664997e-07
2.5406063e-07
1.8147153e-07
1.0888266e-07
3.6289634e-08
2.5222642e-05
2.4133523e-05
2.2722476e-05
2.1122176e-05
1.9676699e-05
1.8468838e-05
1.7486244e-05
1.6694373e-05
1.6055799e-05
1.5537342e-05
1.5112151e-05
1.4759354e-05
1.4462984e-05
1.4210877e-05
1.3993744e-05
1.3804449e-05
1.3637464e-05
1.3488474e-05
1.3354075e-05
1.3231563e-05
1.3118769e-05
1.3013943e-05
1.2915664e-05
1.2822767e-05
1.2734299e-05
1.2649471e-05
1.256763e-05
1.2488235e-05
1.2410835e-05
1.2335056e-05
1.2260583e-05
1.2187156e-05
1.2114557e-05
1.2042607e-05
1.1971155e-05
1.1900076e-05
1.1829269e-05
1.1758649e-05
1.1688149e-05
1.1617712e-05
1.1547295e-05
1.1476861e-05
1.1406384e-05
1.1335843e-05
1.1265222e-05
1.119451e-05
1.1123699e-05
1.1052784e-05
1.0981764e-05
1.0910639e-05
1.0839409e-05
1.0768077e-05
1.0696647e-05
1.0625123e-05
1.0553509e-05
1.048181e-05
1.0410032e-05
1.0338179e-05
1.0266256e-05
1.0194269e-05
1.0122223e-05
1.0050121e-05
9.9779695e-06
9.9057716e-06
9.8335317e-06
9.7612535e-06
9.6889406e-06
9.6165963e-06
9.5442237e-06
9.4718255e-06
9.3994043e-06
9.3269626e-06
9.2545025e-06
9.1820259e-06
9.1095348e-06
9.0370306e-06
8.964515e-06
8.8919892e-06
8.8194544e-06
8.7469118e-06
8.6743622e-06
8.6018065e-06
8.5292456e-06
8.4566801e-06
8.3841105e-06
8.3115375e-06
8.2389615e-06
8.166383e-06
8.0938022e-06
8.0212196e-06
7.9486354e-06
7.8760498e-06
7.8034631e-06
7.7308755e-06
7.658287e-06
7.585698e-06
7.5131084e-06
7.4405183e-06
7.367928e-06
7.2953373e-06
7.2227465e-06
7.1501555e-06
7.0775644e-06
7.0049732e-06
6.932382e-06
6.8597907e-06
6.7871995e-06
6.7146083e-06
6.642017e-06
6.5694259e-06
6.4968347e-06
6.4242436e-06
6.3516526e-06
6.2790616e-06
6.2064707e-06
6.1338798e-06
6.0612889e-06
5.9886981e-06
5.9161073e-06
5.8435166e-06
5.7709259e-06
5.6983353e-06
5.6257447e-06
5.5531541e-06
5.4805635e-06
5.407973e-06
5.3353825e-06
5.262792e-06
5.1902015e-06
5.1176111e-06
5.0450206e-06
4.9724302e-06
4.8998398e-06
4.8272494e-06
4.754659e-06
4.6820686e-06
4.6094782e-06
4.5368879e-06
4.4642975e-06
4.3917071e-06
4.3191168e-06
4.2465264e-06
4.173936e-06
4.1013457e-06
4.0287553e-06
3.9561649e-06
3.8835745e-06
3.8109842e-06
3.7383938e-06
3.6658034e-06
3.593213e-06
3.5206227e-06
3.4480323e-06
3.3754419e-06
3.3028515e-06
3.2302611e-06
3.1576707e-06
3.0850803e-06
3.0124899e-06
2.9398994e-06
2.867309e-06
2.7947186e-06
2.7221282e-06
2.6495377e-06
2.5769473e-06
2.5043569e-06
2.4317664e-06
2.359176e-06
2.2865855e-06
2.2139951e-06
2.1414046e-06
2.0688142e-06
1.9962237e-06
1.9236333e-06
1.8510428e-06
1.7784524e-06
1.7058619e-06
1.6332715e-06
1.560681e-06
1.4880906e-06
1.4155002e-06
1.3429098e-06
1.2703194e-06
1.1977291e-06
1.1251388e-06
1.0525485e-06
9.7995825e-07
9.0736804e-07
8.3477789e-07
7.621878e-07
6.8959777e-07
6.1700783e-07
5.4441797e-07
4.7182822e-07
3.992386e-07
3.2664912e-07
2.5405981e-07
1.8147076e-07
1.0888191e-07
3.6289635e-08
2.9207172e-05
2.6695866e-05
2.4237655e-05
2.1923876e-05
2.0037944e-05
1.8582632e-05
1.7469522e-05
1.6613381e-05
1.5946974e-05
1.5420146e-05
1.4996599e-05
1.4650301e-05
1.4362509e-05
1.4119591e-05
1.3911505e-05
1.3730748e-05
1.3571638e-05
1.3429811e-05
1.3301876e-05
1.3185168e-05
1.3077571e-05
1.2977388e-05
1.2883253e-05
1.2794054e-05
1.2708882e-05
1.262699e-05
1.2547766e-05
1.2470702e-05
1.2395376e-05
1.2321442e-05
1.224861e-05
1.2176641e-05
1.2105337e-05
1.2034535e-05
1.1964101e-05
1.1893923e-05
1.1823912e-05
1.1753996e-05
1.1684116e-05
1.1614226e-05
1.1544289e-05
1.1474277e-05
1.1404169e-05
1.1333951e-05
1.1263612e-05
1.1193145e-05
1.1122547e-05
1.1051818e-05
1.0980957e-05
1.090997e-05
1.0838858e-05
1.0767628e-05
1.0696285e-05
1.0624834e-05
1.0553282e-05
1.0481636e-05
1.0409902e-05
1.0338085e-05
1.0266193e-05
1.0194231e-05
1.0122205e-05
1.005012e-05
9.9779808e-06
9.9057929e-06
9.8335607e-06
9.7612882e-06
9.6889793e-06
9.6166376e-06
9.5442664e-06
9.4718687e-06
9.3994474e-06
9.3270049e-06
9.2545436e-06
9.1820655e-06
9.1095725e-06
9.0370664e-06
8.9645488e-06
8.8920208e-06
8.8194839e-06
8.7469392e-06
8.6743875e-06
8.6018299e-06
8.529267e-06
8.4566997e-06
8.3841284e-06
8.3115538e-06
8.2389763e-06
8.1663963e-06
8.0938143e-06
8.0212304e-06
7.9486451e-06
7.8760585e-06
7.8034709e-06
7.7308824e-06
7.6582932e-06
7.5857034e-06
7.5131132e-06
7.4405226e-06
7.3679317e-06
7.2953406e-06
7.2227493e-06
7.150158e-06
7.0775665e-06
7.0049751e-06
6.9323836e-06
6.8597921e-06
6.7872007e-06
6.7146093e-06
6.6420179e-06
6.5694266e-06
6.4968353e-06
6.4242442e-06
6.351653e-06
6.2790619e-06
6.2064709e-06
6.13388e-06
6.0612891e-06
5.9886982e-06
5.9161074e-06
5.8435167e-06
5.770926e-06
5.6983353e-06
5.6257447e-06
5.5531541e-06
5.4805635e-06
5.407973e-06
5.3353825e-06
5.262792e-06
5.1902015e-06
5.1176111e-06
5.0450206e-06
4.9724302e-06
4.8998398e-06
4.8272494e-06
4.754659e-06
4.6820686e-06
4.6094782e-06
4.5368878e-06
4.4642975e-06
4.3917071e-06
4.3191167e-06
4.2465264e-06
4.173936e-06
4.1013456e-06
4.0287553e-06
3.9561649e-06
3.8835745e-06
3.8109842e-06
3.7383938e-06
3.6658034e-06
3.593213e-06
3.5206227e-06
3.4480323e-06
3.3754419e-06
3.3028515e-06
3.2302611e-06
3.1576707e-06
3.0850803e-06
3.0124898e-06
2.9398994e-06
2.867309e-06
2.7947186e-06
2.7221281e-06
2.6495377e-06
2.5769473e-06
2.5043568e-06
2.4317664e-06
2.3591759e-06
2.2865854e-06
2.213995e-06
2.1414045e-06
2.068814e-06
1.9962235e-06
1.9236331e-06
1.8510426e-06
1.7784521e-06
1.7058616e-06
1.6332712e-06
1.5606807e-06
1.4880903e-06
1.4154998e-06
1.3429094e-06
1.270319e-06
1.1977286e-06
1.1251382e-06
1.0525479e-06
9.7995763e-07
9.0736739e-07
8.3477719e-07
7.6218705e-07
6.8959698e-07
6.1700699e-07
5.444171e-07
4.7182732e-07
3.9923767e-07
3.2664817e-07
2.5405887e-07
1.8146986e-07
1.0888104e-07
3.6289654e-08
3.5436212e-05
2.98822e-05
2.5675486e-05
2.2471767e-05
2.0132651e-05
1.8471149e-05
1.7278664e-05
1.6402478e-05
1.5742188e-05
1.5231883e-05
1.4827945e-05
1.4501101e-05
1.4231299e-05
1.4004491e-05
1.3810608e-05
1.3642288e-05
1.3494037e-05
1.3361689e-05
1.3242035e-05
1.3132572e-05
1.3031323e-05
1.2936715e-05
1.284748e-05
1.2762594e-05
1.2681224e-05
1.2602687e-05
1.2526424e-05
1.2451975e-05
1.2378961e-05
1.2307068e-05
1.223604e-05
1.2165664e-05
1.2095766e-05
1.2026204e-05
1.1956863e-05
1.1887647e-05
1.1818484e-05
1.1749311e-05
1.1680083e-05
1.1610764e-05
1.1541327e-05
1.1471751e-05
1.1402024e-05
1.1332136e-05
1.1262084e-05
1.1191865e-05
1.1121481e-05
1.1050936e-05
1.0980234e-05
1.0909382e-05
1.0838386e-05
1.0767253e-05
1.0695993e-05
1.0624612e-05
1.0553118e-05
1.0481521e-05
1.0409826e-05
1.0338042e-05
1.0266177e-05
1.0194236e-05
1.0122226e-05
1.0050154e-05
9.9780246e-06
9.9058439e-06
9.8336165e-06
9.7613471e-06
9.6890398e-06
9.6166985e-06
9.5443267e-06
9.4719278e-06
9.3995046e-06
9.3270598e-06
9.2545959e-06
9.182115e-06
9.1096191e-06
9.03711e-06
8.9645894e-06
8.8920585e-06
8.8195187e-06
8.7469712e-06
8.6744169e-06
8.6018568e-06
8.5292915e-06
8.4567219e-06
8.3841486e-06
8.311572e-06
8.2389927e-06
8.1664111e-06
8.0938275e-06
8.0212423e-06
7.9486557e-06
7.8760679e-06
7.8034792e-06
7.7308898e-06
7.6582997e-06
7.5857091e-06
7.5131182e-06
7.440527e-06
7.3679355e-06
7.2953439e-06
7.2227523e-06
7.1501605e-06
7.0775687e-06
7.0049769e-06
6.9323852e-06
6.8597935e-06
6.7872018e-06
6.7146103e-06
6.6420187e-06
6.5694273e-06
6.4968359e-06
6.4242446e-06
6.3516534e-06
6.2790623e-06
6.2064712e-06
6.1338802e-06
6.0612892e-06
5.9886983e-06
5.9161075e-06
5.8435167e-06
5.770926e-06
5.6983353e-06
5.6257447e-06
5.5531541e-06
5.4805635e-06
5.407973e-06
5.3353824e-06
5.262792e-06
5.1902015e-06
5.117611e-06
5.0450206e-06
4.9724302e-06
4.8998398e-06
4.8272494e-06
4.754659e-06
4.6820686e-06
4.6094782e-06
4.5368878e-06
4.4642975e-06
4.3917071e-06
4.3191167e-06
4.2465264e-06
4.173936e-06
4.1013456e-06
4.0287553e-06
3.9561649e-06
3.8835745e-06
3.8109842e-06
3.7383938e-06
3.6658034e-06
3.593213e-06
3.5206227e-06
3.4480323e-06
3.3754419e-06
3.3028515e-06
3.2302611e-06
3.1576707e-06
3.0850803e-06
3.0124898e-06
2.9398994e-06
2.867309e-06
2.7947186e-06
2.7221281e-06
2.6495377e-06
2.5769472e-06
2.5043568e-06
2.4317663e-06
2.3591758e-06
2.2865853e-06
2.2139949e-06
2.1414044e-06
2.0688139e-06
1.9962234e-06
1.9236329e-06
1.8510424e-06
1.7784519e-06
1.7058614e-06
1.6332709e-06
1.5606804e-06
1.4880899e-06
1.4154994e-06
1.342909e-06
1.2703185e-06
1.1977281e-06
1.1251377e-06
1.0525473e-06
9.7995699e-07
9.0736669e-07
8.3477644e-07
7.6218625e-07
6.8959613e-07
6.1700609e-07
5.4441615e-07
4.7182631e-07
3.9923662e-07
3.2664708e-07
2.5405776e-07
1.8146876e-07
1.0887996e-07
3.628964e-08
4.7873258e-05
3.3863896e-05
2.6471867e-05
2.2332859e-05
1.9696628e-05
1.7982534e-05
1.6827618e-05
1.60119e-05
1.5411302e-05
1.4953138e-05
1.459283e-05
1.430199e-05
1.4061856e-05
1.3859597e-05
1.3686158e-05
1.3534982e-05
1.3401208e-05
1.3281164e-05
1.3172028e-05
1.3071602e-05
1.2978153e-05
1.2890303e-05
1.2806942e-05
1.2727176e-05
1.2650279e-05
1.2575657e-05
1.2502825e-05
1.2431385e-05
1.2361013e-05
1.2291441e-05
1.2222451e-05
1.2153865e-05
1.2085539e-05
1.2017356e-05
1.1949224e-05
1.1881068e-05
1.1812831e-05
1.1744469e-05
1.1675948e-05
1.1607245e-05
1.1538343e-05
1.1469232e-05
1.1399908e-05
1.1330368e-05
1.1260615e-05
1.1190654e-05
1.1120491e-05
1.1050134e-05
1.0979593e-05
1.0908876e-05
1.0837995e-05
1.0766959e-05
1.0695778e-05
1.0624464e-05
1.0553025e-05
1.0481472e-05
1.0409814e-05
1.0338059e-05
1.0266215e-05
1.0194292e-05
1.0122295e-05
1.0050232e-05
9.9781089e-06
9.9059319e-06
9.8337062e-06
9.7614368e-06
9.6891282e-06
9.6167847e-06
9.54441e-06
9.4720075e-06
9.3995803e-06
9.3271313e-06
9.2546631e-06
9.1821778e-06
9.1096775e-06
9.0371642e-06
8.9646393e-06
8.8921044e-06
8.8195608e-06
8.7470097e-06
8.6744519e-06
8.6018886e-06
8.5293203e-06
8.4567479e-06
8.384172e-06
8.3115931e-06
8.2390116e-06
8.1664279e-06
8.0938425e-06
8.0212556e-06
7.9486675e-06
7.8760784e-06
7.8034885e-06
7.7308979e-06
7.6583069e-06
7.5857154e-06
7.5131237e-06
7.4405318e-06
7.3679397e-06
7.2953475e-06
7.2227553e-06
7.1501632e-06
7.077571e-06
7.0049789e-06
6.9323868e-06
6.8597949e-06
6.787203e-06
6.7146112e-06
6.6420195e-06
6.569428e-06
6.4968365e-06
6.4242451e-06
6.3516538e-06
6.2790625e-06
6.2064714e-06
6.1338803e-06
6.0612893e-06
5.9886984e-06
5.9161076e-06
5.8435168e-06
5.770926e-06
5.6983353e-06
5.6257447e-06
5.553154e-06
5.4805635e-06
5.4079729e-06
5.3353824e-06
5.2627919e-06
5.1902014e-06
5.117611e-06
5.0450205e-06
4.9724301e-06
4.8998397e-06
4.8272493e-06
4.7546589e-06
4.6820685e-06
4.6094782e-06
4.5368878e-06
4.4642974e-06
4.3917071e-06
4.3191167e-06
4.2465264e-06
4.173936e-06
4.1013456e-06
4.0287553e-06
3.9561649e-06
3.8835745e-06
3.8109842e-06
3.7383938e-06
3.6658034e-06
3.593213e-06
3.5206227e-06
3.4480323e-06
3.3754419e-06
3.3028515e-06
3.2302611e-06
3.1576707e-06
3.0850803e-06
3.0124898e-06
2.9398994e-06
2.867309e-06
2.7947185e-06
2.7221281e-06
2.6495376e-06
2.5769472e-06
2.5043567e-06
2.4317662e-06
2.3591757e-06
2.2865853e-06
2.2139948e-06
2.1414043e-06
2.0688137e-06
1.9962232e-06
1.9236327e-06
1.8510422e-06
1.7784516e-06
1.7058611e-06
1.6332706e-06
1.5606801e-06
1.4880895e-06
1.415499e-06
1.3429085e-06
1.270318e-06
1.1977275e-06
1.1251371e-06
1.0525467e-06
9.7995628e-07
9.0736592e-07
8.3477562e-07
7.6218537e-07
6.8959518e-07
6.1700507e-07
5.4441506e-07
4.7182515e-07
3.9923538e-07
3.2664577e-07
2.5405639e-07
1.8146732e-07
1.0887848e-07
3.6289397e-08
7.1046866e-05
3.8641656e-05
2.6763739e-05
2.1698582e-05
1.8902542e-05
1.726743e-05
1.6239826e-05
1.5539272e-05
1.5030925e-05
1.4644312e-05
1.4339352e-05
1.4091717e-05
1.3885767e-05
1.3710934e-05
1.3559797e-05
1.3426974e-05
1.3308464e-05
1.3201231e-05
1.3102931e-05
1.3011734e-05
1.292619e-05
1.2845142e-05
1.2767659e-05
1.269299e-05
1.2620523e-05
1.2549761e-05
1.2480298e-05
1.2411803e-05
1.2344006e-05
1.2276687e-05
1.220967e-05
1.2142811e-05
1.2075996e-05
1.2009135e-05
1.1942158e-05
1.1875011e-05
1.1807654e-05
1.1740057e-05
1.1672203e-05
1.1604078e-05
1.1535677e-05
1.1466999e-05
1.1398048e-05
1.1328829e-05
1.1259352e-05
1.1189627e-05
1.1119664e-05
1.1049478e-05
1.0979081e-05
1.0908485e-05
1.0837705e-05
1.0766753e-05
1.0695643e-05
1.0624385e-05
1.0552993e-05
1.0481477e-05
1.0409847e-05
1.0338115e-05
1.0266289e-05
1.0194378e-05
1.012239e-05
1.0050332e-05
9.9782123e-06
9.9060361e-06
9.8338097e-06
9.7615382e-06
9.6892265e-06
9.6168792e-06
9.5445001e-06
9.4720928e-06
9.3996607e-06
9.3272066e-06
9.2547332e-06
9.1822429e-06
9.1097378e-06
9.0372197e-06
8.9646903e-06
8.892151e-06
8.8196034e-06
8.7470483e-06
8.674487e-06
8.6019203e-06
8.5293489e-06
8.4567737e-06
8.3841951e-06
8.3116137e-06
8.23903e-06
8.1664444e-06
8.0938571e-06
8.0212686e-06
7.948679e-06
7.8760885e-06
7.8034974e-06
7.7309057e-06
7.6583137e-06
7.5857214e-06
7.5131289e-06
7.4405362e-06
7.3679436e-06
7.2953509e-06
7.2227582e-06
7.1501656e-06
7.0775731e-06
7.0049807e-06
6.9323883e-06
6.8597961e-06
6.787204e-06
6.7146121e-06
6.6420202e-06
6.5694285e-06
6.4968369e-06
6.4242454e-06
6.351654e-06
6.2790627e-06
6.2064715e-06
6.1338804e-06
6.0612894e-06
5.9886985e-06
5.9161076e-06
5.8435168e-06
5.770926e-06
5.6983353e-06
5.6257446e-06
5.553154e-06
5.4805634e-06
5.4079729e-06
5.3353823e-06
5.2627919e-06
5.1902014e-06
5.1176109e-06
5.0450205e-06
4.9724301e-06
4.8998397e-06
4.8272493e-06
4.7546589e-06
4.6820685e-06
4.6094781e-06
4.5368878e-06
4.4642974e-06
4.3917071e-06
4.3191167e-06
4.2465263e-06
4.173936e-06
4.1013456e-06
4.0287553e-06
3.9561649e-06
3.8835745e-06
3.8109842e-06
3.7383938e-06
3.6658034e-06
3.593213e-06
3.5206227e-06
3.4480323e-06
3.3754419e-06
3.3028515e-06
3.2302611e-06
3.1576707e-06
3.0850803e-06
3.0124898e-06
2.9398994e-06
2.867309e-06
2.7947185e-06
2.7221281e-06
2.6495376e-06
2.5769471e-06
2.5043567e-06
2.4317662e-06
2.3591757e-06
2.2865852e-06
2.2139947e-06
2.1414041e-06
2.0688136e-06
1.9962231e-06
1.9236325e-06
1.851042e-06
1.7784514e-06
1.7058609e-06
1.6332703e-06
1.5606798e-06
1.4880892e-06
1.4154986e-06
1.3429081e-06
1.2703176e-06
1.197727e-06
1.1251365e-06
1.0525461e-06
9.799556e-07
9.0736519e-07
8.3477483e-07
7.6218452e-07
6.8959427e-07
6.1700409e-07
5.4441401e-07
4.7182402e-07
3.9923417e-07
3.2664446e-07
2.5405497e-07
1.8146582e-07
1.0887695e-07
3.6288716e-08
)
;

boundaryField
{
    inlet_0
    {
        type            zeroGradient;
    }
    inlet_1
    {
        type            zeroGradient;
    }
    inlet_2
    {
        type            zeroGradient;
    }
    inlet_3
    {
        type            zeroGradient;
    }
    inlet_4
    {
        type            zeroGradient;
    }
    inlet_5
    {
        type            zeroGradient;
    }
    inlet_6
    {
        type            zeroGradient;
    }
    inlet_7
    {
        type            zeroGradient;
    }
    outlet
    {
        type            fixedValue;
        value           uniform 0;
    }
    walls
    {
        type            zeroGradient;
    }
    floor
    {
        type            zeroGradient;
    }
    frontAndBack
    {
        type            empty;
    }
}


// ************************************************************************* //
